ISO-10303-21;
HEADER;
/* Generated by software containing ST-Developer
 * from STEP Tools, Inc. (www.steptools.com) 
 */
/* OPTION: using custom renumber hook */

FILE_DESCRIPTION(
/* description */ ('STEP AP242 Edition 2',
'CAx-IF Rec.Pracs.---Representation and Presentation of Product Manufa
cturing Information (PMI)---4.0---2014-10-13',
'CAx-IF Rec.Pracs.---3D Tessellated Geometry---0.4---2014-09-14','2;1',
'CAx-IF Rec.Pracs.---User Defined Attributes---1.5---2016-08-15'),
/* implementation_level */ '2;1');

FILE_NAME(
/* name */ 'Candy launcher - PCB',
/* time_stamp */ '2026-08-06T19:41:49Z',
/* author */ (''),
/* organization */ (''),
/* preprocessor_version */ 'ST-DEVELOPER v20',
/* originating_system */ 'ONSHAPE BY PTC INC, 1.218',
/* authorisation */ '  ');

FILE_SCHEMA (('AP242_MANAGED_MODEL_BASED_3D_ENGINEERING_MIM_LF { 1 0 10303 442 3 1 4 }'));
ENDSEC;

DATA;
#10=SHAPE_REPRESENTATION_RELATIONSHIP('','',#4656,#11);
#11=ADVANCED_BREP_SHAPE_REPRESENTATION('',(#4654),#7858);
#12=CIRCLE('',#4664,0.0166602540378442);
#13=CIRCLE('',#4665,0.0166602540378442);
#14=CIRCLE('',#4666,0.0166602540378442);
#15=CIRCLE('',#4668,0.02);
#16=CIRCLE('',#4669,0.02);
#17=CIRCLE('',#4671,0.0035);
#18=CIRCLE('',#4672,0.0035);
#19=CIRCLE('',#4677,0.0035);
#20=CIRCLE('',#4678,0.0035);
#21=CIRCLE('',#4680,0.02);
#22=CIRCLE('',#4681,0.02);
#23=CIRCLE('',#4684,0.0206602540378444);
#24=CIRCLE('',#4685,0.0206602540378444);
#25=CIRCLE('',#4687,0.0166602540378444);
#26=CIRCLE('',#4688,0.0166602540378444);
#27=CIRCLE('',#4690,0.011);
#28=CIRCLE('',#4691,0.011);
#29=CIRCLE('',#4693,0.00155);
#30=CIRCLE('',#4694,0.00155);
#31=CIRCLE('',#4696,0.00155);
#32=CIRCLE('',#4697,0.00155);
#33=CIRCLE('',#4699,0.00155);
#34=CIRCLE('',#4700,0.00155);
#35=CIRCLE('',#4702,0.00055);
#36=CIRCLE('',#4703,0.00055);
#37=CIRCLE('',#4705,0.00055);
#38=CIRCLE('',#4706,0.00055);
#39=CIRCLE('',#4708,0.00055);
#40=CIRCLE('',#4709,0.00055);
#41=CIRCLE('',#4710,0.001);
#42=CIRCLE('',#4711,0.001);
#43=CIRCLE('',#4713,0.00055);
#44=CIRCLE('',#4714,0.00055);
#45=CIRCLE('',#4715,0.001);
#46=CIRCLE('',#4716,0.001);
#47=CIRCLE('',#4718,0.00055);
#48=CIRCLE('',#4719,0.00055);
#49=CIRCLE('',#4720,0.001);
#50=CIRCLE('',#4721,0.000405000000000029);
#51=CIRCLE('',#4722,0.001);
#52=CIRCLE('',#4723,0.00100000000000003);
#53=CIRCLE('',#4724,0.00040500000000008);
#54=CIRCLE('',#4726,0.00055);
#55=CIRCLE('',#4727,0.00055);
#56=CIRCLE('',#4728,0.001);
#57=CIRCLE('',#4729,0.001);
#58=CIRCLE('',#4731,0.00055);
#59=CIRCLE('',#4732,0.00055);
#60=CIRCLE('',#4733,0.001);
#61=CIRCLE('',#4734,0.001);
#62=CIRCLE('',#4736,0.00055);
#63=CIRCLE('',#4737,0.00055);
#64=CIRCLE('',#4738,0.001);
#65=CIRCLE('',#4739,0.001);
#66=CIRCLE('',#4741,0.00055);
#67=CIRCLE('',#4742,0.00055);
#68=CIRCLE('',#4743,0.001);
#69=CIRCLE('',#4744,0.001);
#70=CIRCLE('',#4746,0.020660254037845);
#71=CIRCLE('',#4747,0.001);
#72=CIRCLE('',#4748,0.00100000000000005);
#73=CIRCLE('',#4749,0.00224999999999996);
#74=CIRCLE('',#4750,0.001);
#75=CIRCLE('',#4751,0.001);
#76=CIRCLE('',#4752,0.00225000000000002);
#77=CIRCLE('',#4753,0.001);
#78=CIRCLE('',#4754,0.00225000000000004);
#79=CIRCLE('',#4755,0.001);
#80=CIRCLE('',#4756,0.001);
#81=CIRCLE('',#4757,0.00225);
#82=CIRCLE('',#4758,0.001);
#83=CIRCLE('',#4759,0.000999999999999962);
#84=CIRCLE('',#4760,0.000999999999999043);
#85=CIRCLE('',#4761,0.00055);
#86=CIRCLE('',#4762,0.00055);
#87=CIRCLE('',#4763,0.00055);
#88=CIRCLE('',#4764,0.00055);
#89=CIRCLE('',#4765,0.00075);
#90=CIRCLE('',#4766,0.00055);
#91=CIRCLE('',#4767,0.00055);
#92=CIRCLE('',#4769,0.001);
#93=CIRCLE('',#4770,0.001);
#94=CIRCLE('',#4771,0.001);
#95=CIRCLE('',#4772,0.00055);
#96=CIRCLE('',#4773,0.00055);
#97=CIRCLE('',#4775,0.001);
#98=CIRCLE('',#4776,0.00055);
#99=CIRCLE('',#4778,0.001);
#100=CIRCLE('',#4779,0.00055);
#101=CIRCLE('',#4781,0.001);
#102=CIRCLE('',#4782,0.00055);
#103=CIRCLE('',#4784,0.001);
#104=CIRCLE('',#4785,0.00055);
#105=CIRCLE('',#4787,0.001);
#106=CIRCLE('',#4788,0.00055);
#107=CIRCLE('',#4790,0.001);
#108=CIRCLE('',#4791,0.00055);
#109=CIRCLE('',#4793,0.00055);
#110=CIRCLE('',#4794,0.00055);
#111=CIRCLE('',#4795,0.001);
#112=CIRCLE('',#4796,0.001);
#113=CIRCLE('',#4798,0.001);
#114=CIRCLE('',#4799,0.00055);
#115=CIRCLE('',#4801,0.001);
#116=CIRCLE('',#4802,0.001);
#117=CIRCLE('',#4803,0.001);
#118=CIRCLE('',#4804,0.00055);
#119=CIRCLE('',#4805,0.00055);
#120=CIRCLE('',#4806,0.00055);
#121=CIRCLE('',#4808,0.00055);
#122=CIRCLE('',#4809,0.00055);
#123=CIRCLE('',#4810,0.001);
#124=CIRCLE('',#4811,0.001);
#125=CIRCLE('',#4813,0.00055);
#126=CIRCLE('',#4814,0.00055);
#127=CIRCLE('',#4815,0.001);
#128=CIRCLE('',#4816,0.001);
#129=CIRCLE('',#4818,0.00055);
#130=CIRCLE('',#4819,0.00099999999999947);
#131=CIRCLE('',#4820,0.00055);
#132=CIRCLE('',#4821,0.00075);
#133=CIRCLE('',#4822,0.00055);
#134=CIRCLE('',#4823,0.00055);
#135=CIRCLE('',#4824,0.00055);
#136=CIRCLE('',#4825,0.00055);
#137=CIRCLE('',#4826,0.00055);
#138=CIRCLE('',#4827,0.001);
#139=CIRCLE('',#4828,0.001);
#140=CIRCLE('',#4829,0.00225);
#141=CIRCLE('',#4830,0.001);
#142=CIRCLE('',#4831,0.001);
#143=CIRCLE('',#4832,0.001);
#144=CIRCLE('',#4833,0.001);
#145=CIRCLE('',#4834,0.00225);
#146=CIRCLE('',#4835,0.00099999999999998);
#147=CIRCLE('',#4836,0.001);
#148=CIRCLE('',#4837,0.001);
#149=CIRCLE('',#4838,0.001);
#150=CIRCLE('',#4841,0.00055);
#151=CIRCLE('',#4843,0.020660254037845);
#152=CIRCLE('',#4844,0.020660254037845);
#153=CIRCLE('',#4846,0.00055);
#154=CIRCLE('',#4848,0.00055);
#155=CIRCLE('',#4850,0.00055);
#156=CIRCLE('',#4852,0.00055);
#157=CIRCLE('',#4854,0.00055);
#158=CIRCLE('',#4856,0.00055);
#159=CIRCLE('',#4858,0.00055);
#160=CIRCLE('',#4860,0.00055);
#161=CIRCLE('',#4862,0.00055);
#162=CIRCLE('',#4864,0.00055);
#163=CIRCLE('',#4866,0.00055);
#164=CIRCLE('',#4868,0.00055);
#165=CIRCLE('',#4870,0.00055);
#166=CIRCLE('',#4872,0.00055);
#167=CIRCLE('',#4874,0.00055);
#168=CIRCLE('',#4876,0.00055);
#169=CIRCLE('',#4878,0.00055);
#170=CIRCLE('',#4880,0.00055);
#171=CIRCLE('',#4882,0.00055);
#172=CIRCLE('',#4884,0.00055);
#173=CIRCLE('',#4886,0.00055);
#174=CIRCLE('',#4888,0.00075);
#175=CIRCLE('',#4890,0.00055);
#176=CIRCLE('',#4892,0.00055);
#177=CIRCLE('',#4894,0.00055);
#178=CIRCLE('',#4896,0.00055);
#179=CIRCLE('',#4898,0.00099999999999947);
#180=CIRCLE('',#4900,0.00055);
#181=CIRCLE('',#4902,0.00075);
#182=CIRCLE('',#4904,0.00055);
#183=CIRCLE('',#4906,0.00055);
#184=CIRCLE('',#4908,0.00055);
#185=CIRCLE('',#4910,0.00055);
#186=CIRCLE('',#4912,0.00055);
#187=CIRCLE('',#4914,0.00055);
#188=CIRCLE('',#4916,0.00055);
#189=CIRCLE('',#4918,0.00055);
#190=CIRCLE('',#4919,0.00055);
#191=CIRCLE('',#4921,0.00055);
#192=CIRCLE('',#4922,0.00055);
#193=CIRCLE('',#4924,0.00055);
#194=CIRCLE('',#4926,0.00055);
#195=CIRCLE('',#4928,0.00055);
#196=CIRCLE('',#4930,0.00055);
#197=CIRCLE('',#4932,0.00055);
#198=CIRCLE('',#4934,0.00055);
#199=CIRCLE('',#4936,0.00055);
#200=CIRCLE('',#4938,0.00055);
#201=CIRCLE('',#4940,0.00055);
#202=CIRCLE('',#4942,0.00055);
#203=CIRCLE('',#4944,0.00055);
#204=CIRCLE('',#4946,0.001);
#205=CIRCLE('',#4947,0.001);
#206=CIRCLE('',#4948,0.001);
#207=CIRCLE('',#4949,0.001);
#208=CIRCLE('',#4953,0.001);
#209=CIRCLE('',#4957,0.001);
#210=CIRCLE('',#4963,0.001);
#211=CIRCLE('',#4966,0.00099999999999998);
#212=CIRCLE('',#4970,0.00225);
#213=CIRCLE('',#4974,0.001);
#214=CIRCLE('',#4978,0.001);
#215=CIRCLE('',#4983,0.001);
#216=CIRCLE('',#4986,0.001);
#217=CIRCLE('',#4988,0.00225);
#218=CIRCLE('',#4992,0.001);
#219=CIRCLE('',#4999,0.001);
#220=CIRCLE('',#5002,0.001);
#221=CIRCLE('',#5006,0.00225000000000004);
#222=CIRCLE('',#5009,0.001);
#223=CIRCLE('',#5012,0.00225000000000002);
#224=CIRCLE('',#5016,0.001);
#225=CIRCLE('',#5019,0.001);
#226=CIRCLE('',#5022,0.00224999999999996);
#227=CIRCLE('',#5028,0.00100000000000005);
#228=CIRCLE('',#5031,0.001);
#229=CIRCLE('',#5035,0.000999999999999043);
#230=CIRCLE('',#5038,0.000999999999999962);
#231=CIRCLE('',#5041,0.001);
#232=CIRCLE('',#5044,0.001);
#233=CIRCLE('',#5047,0.001);
#234=CIRCLE('',#5049,0.001);
#235=CIRCLE('',#5052,0.001);
#236=CIRCLE('',#5055,0.00040500000000008);
#237=CIRCLE('',#5059,0.00100000000000003);
#238=CIRCLE('',#5062,0.001);
#239=CIRCLE('',#5066,0.000405000000000029);
#240=CIRCLE('',#5070,0.001);
#241=CIRCLE('',#5073,0.001);
#242=CIRCLE('',#5075,0.001);
#243=CIRCLE('',#5078,0.001);
#244=CIRCLE('',#5080,0.001);
#245=CIRCLE('',#5083,0.001);
#246=CIRCLE('',#5085,0.001);
#247=CIRCLE('',#5088,0.001);
#248=CIRCLE('',#5091,0.001);
#249=CIRCLE('',#5094,0.001);
#250=CIRCLE('',#5097,0.001);
#251=CIRCLE('',#5099,0.001);
#252=CIRCLE('',#5102,0.001);
#253=CIRCLE('',#5105,0.001);
#254=CIRCLE('',#5108,0.001);
#255=CIRCLE('',#5113,0.001);
#256=CIRCLE('',#5116,0.001);
#257=CIRCLE('',#5120,0.001);
#258=CIRCLE('',#5123,0.001);
#259=CIRCLE('',#5125,0.001);
#260=CIRCLE('',#5128,0.001);
#261=CIRCLE('',#5130,0.001);
#262=CIRCLE('',#5133,0.001);
#263=CIRCLE('',#5135,0.00225);
#264=CIRCLE('',#5139,0.001);
#265=CIRCLE('',#5146,0.001);
#266=CIRCLE('',#5148,0.001);
#267=CIRCLE('',#5150,0.001);
#268=CIRCLE('',#5152,0.001);
#269=CIRCLE('',#5154,0.001);
#270=CIRCLE('',#5156,0.001);
#271=CIRCLE('',#5158,0.001);
#272=CIRCLE('',#5161,0.001);
#273=CIRCLE('',#5166,0.001);
#274=CYLINDRICAL_SURFACE('',#4663,0.0166602540378442);
#275=CYLINDRICAL_SURFACE('',#4667,0.02);
#276=CYLINDRICAL_SURFACE('',#4670,0.0035);
#277=CYLINDRICAL_SURFACE('',#4676,0.0035);
#278=CYLINDRICAL_SURFACE('',#4679,0.02);
#279=CYLINDRICAL_SURFACE('',#4683,0.0206602540378444);
#280=CYLINDRICAL_SURFACE('',#4686,0.0166602540378444);
#281=CYLINDRICAL_SURFACE('',#4689,0.011);
#282=CYLINDRICAL_SURFACE('',#4692,0.00155);
#283=CYLINDRICAL_SURFACE('',#4695,0.00155);
#284=CYLINDRICAL_SURFACE('',#4698,0.00155);
#285=CYLINDRICAL_SURFACE('',#4701,0.00055);
#286=CYLINDRICAL_SURFACE('',#4704,0.00055);
#287=CYLINDRICAL_SURFACE('',#4840,0.00055);
#288=CYLINDRICAL_SURFACE('',#4842,0.020660254037845);
#289=CYLINDRICAL_SURFACE('',#4845,0.00055);
#290=CYLINDRICAL_SURFACE('',#4847,0.00055);
#291=CYLINDRICAL_SURFACE('',#4849,0.00055);
#292=CYLINDRICAL_SURFACE('',#4851,0.00055);
#293=CYLINDRICAL_SURFACE('',#4853,0.00055);
#294=CYLINDRICAL_SURFACE('',#4855,0.00055);
#295=CYLINDRICAL_SURFACE('',#4857,0.00055);
#296=CYLINDRICAL_SURFACE('',#4859,0.00055);
#297=CYLINDRICAL_SURFACE('',#4861,0.00055);
#298=CYLINDRICAL_SURFACE('',#4863,0.00055);
#299=CYLINDRICAL_SURFACE('',#4865,0.00055);
#300=CYLINDRICAL_SURFACE('',#4867,0.00055);
#301=CYLINDRICAL_SURFACE('',#4869,0.00055);
#302=CYLINDRICAL_SURFACE('',#4871,0.00055);
#303=CYLINDRICAL_SURFACE('',#4873,0.00055);
#304=CYLINDRICAL_SURFACE('',#4875,0.00055);
#305=CYLINDRICAL_SURFACE('',#4877,0.00055);
#306=CYLINDRICAL_SURFACE('',#4879,0.00055);
#307=CYLINDRICAL_SURFACE('',#4881,0.00055);
#308=CYLINDRICAL_SURFACE('',#4883,0.00055);
#309=CYLINDRICAL_SURFACE('',#4885,0.00055);
#310=CYLINDRICAL_SURFACE('',#4887,0.00075);
#311=CYLINDRICAL_SURFACE('',#4889,0.00055);
#312=CYLINDRICAL_SURFACE('',#4891,0.00055);
#313=CYLINDRICAL_SURFACE('',#4893,0.00055);
#314=CYLINDRICAL_SURFACE('',#4895,0.00055);
#315=CYLINDRICAL_SURFACE('',#4897,0.00099999999999947);
#316=CYLINDRICAL_SURFACE('',#4899,0.00055);
#317=CYLINDRICAL_SURFACE('',#4901,0.00075);
#318=CYLINDRICAL_SURFACE('',#4903,0.00055);
#319=CYLINDRICAL_SURFACE('',#4905,0.00055);
#320=CYLINDRICAL_SURFACE('',#4907,0.00055);
#321=CYLINDRICAL_SURFACE('',#4909,0.00055);
#322=CYLINDRICAL_SURFACE('',#4911,0.00055);
#323=CYLINDRICAL_SURFACE('',#4913,0.00055);
#324=CYLINDRICAL_SURFACE('',#4915,0.00055);
#325=CYLINDRICAL_SURFACE('',#4917,0.00055);
#326=CYLINDRICAL_SURFACE('',#4920,0.00055);
#327=CYLINDRICAL_SURFACE('',#4923,0.00055);
#328=CYLINDRICAL_SURFACE('',#4925,0.00055);
#329=CYLINDRICAL_SURFACE('',#4927,0.00055);
#330=CYLINDRICAL_SURFACE('',#4929,0.00055);
#331=CYLINDRICAL_SURFACE('',#4931,0.00055);
#332=CYLINDRICAL_SURFACE('',#4933,0.00055);
#333=CYLINDRICAL_SURFACE('',#4935,0.00055);
#334=CYLINDRICAL_SURFACE('',#4937,0.00055);
#335=CYLINDRICAL_SURFACE('',#4939,0.00055);
#336=CYLINDRICAL_SURFACE('',#4941,0.00055);
#337=CYLINDRICAL_SURFACE('',#4943,0.00055);
#338=CYLINDRICAL_SURFACE('',#4952,0.001);
#339=CYLINDRICAL_SURFACE('',#4956,0.001);
#340=CYLINDRICAL_SURFACE('',#4962,0.001);
#341=CYLINDRICAL_SURFACE('',#4965,0.00099999999999998);
#342=CYLINDRICAL_SURFACE('',#4969,0.00225);
#343=CYLINDRICAL_SURFACE('',#4973,0.001);
#344=CYLINDRICAL_SURFACE('',#4977,0.001);
#345=CYLINDRICAL_SURFACE('',#4982,0.001);
#346=CYLINDRICAL_SURFACE('',#4985,0.001);
#347=CYLINDRICAL_SURFACE('',#4987,0.00225);
#348=CYLINDRICAL_SURFACE('',#4991,0.001);
#349=CYLINDRICAL_SURFACE('',#4998,0.001);
#350=CYLINDRICAL_SURFACE('',#5001,0.001);
#351=CYLINDRICAL_SURFACE('',#5005,0.00225000000000004);
#352=CYLINDRICAL_SURFACE('',#5008,0.001);
#353=CYLINDRICAL_SURFACE('',#5011,0.00225000000000002);
#354=CYLINDRICAL_SURFACE('',#5015,0.001);
#355=CYLINDRICAL_SURFACE('',#5018,0.001);
#356=CYLINDRICAL_SURFACE('',#5021,0.00224999999999996);
#357=CYLINDRICAL_SURFACE('',#5027,0.00100000000000005);
#358=CYLINDRICAL_SURFACE('',#5030,0.001);
#359=CYLINDRICAL_SURFACE('',#5034,0.000999999999999043);
#360=CYLINDRICAL_SURFACE('',#5037,0.000999999999999962);
#361=CYLINDRICAL_SURFACE('',#5040,0.001);
#362=CYLINDRICAL_SURFACE('',#5043,0.001);
#363=CYLINDRICAL_SURFACE('',#5046,0.001);
#364=CYLINDRICAL_SURFACE('',#5048,0.001);
#365=CYLINDRICAL_SURFACE('',#5051,0.001);
#366=CYLINDRICAL_SURFACE('',#5054,0.00040500000000008);
#367=CYLINDRICAL_SURFACE('',#5058,0.00100000000000003);
#368=CYLINDRICAL_SURFACE('',#5061,0.001);
#369=CYLINDRICAL_SURFACE('',#5065,0.000405000000000029);
#370=CYLINDRICAL_SURFACE('',#5069,0.001);
#371=CYLINDRICAL_SURFACE('',#5072,0.001);
#372=CYLINDRICAL_SURFACE('',#5074,0.001);
#373=CYLINDRICAL_SURFACE('',#5077,0.001);
#374=CYLINDRICAL_SURFACE('',#5079,0.001);
#375=CYLINDRICAL_SURFACE('',#5082,0.001);
#376=CYLINDRICAL_SURFACE('',#5084,0.001);
#377=CYLINDRICAL_SURFACE('',#5087,0.001);
#378=CYLINDRICAL_SURFACE('',#5090,0.001);
#379=CYLINDRICAL_SURFACE('',#5093,0.001);
#380=CYLINDRICAL_SURFACE('',#5096,0.001);
#381=CYLINDRICAL_SURFACE('',#5098,0.001);
#382=CYLINDRICAL_SURFACE('',#5101,0.001);
#383=CYLINDRICAL_SURFACE('',#5104,0.001);
#384=CYLINDRICAL_SURFACE('',#5107,0.001);
#385=CYLINDRICAL_SURFACE('',#5112,0.001);
#386=CYLINDRICAL_SURFACE('',#5115,0.001);
#387=CYLINDRICAL_SURFACE('',#5119,0.001);
#388=CYLINDRICAL_SURFACE('',#5122,0.001);
#389=CYLINDRICAL_SURFACE('',#5124,0.001);
#390=CYLINDRICAL_SURFACE('',#5127,0.001);
#391=CYLINDRICAL_SURFACE('',#5129,0.001);
#392=CYLINDRICAL_SURFACE('',#5132,0.001);
#393=CYLINDRICAL_SURFACE('',#5134,0.00225);
#394=CYLINDRICAL_SURFACE('',#5138,0.001);
#395=CYLINDRICAL_SURFACE('',#5145,0.001);
#396=CYLINDRICAL_SURFACE('',#5147,0.001);
#397=CYLINDRICAL_SURFACE('',#5149,0.001);
#398=CYLINDRICAL_SURFACE('',#5151,0.001);
#399=CYLINDRICAL_SURFACE('',#5153,0.001);
#400=CYLINDRICAL_SURFACE('',#5155,0.001);
#401=CYLINDRICAL_SURFACE('',#5157,0.001);
#402=CYLINDRICAL_SURFACE('',#5160,0.001);
#403=CYLINDRICAL_SURFACE('',#5165,0.001);
#404=ORIENTED_EDGE('',*,*,#1634,.F.);
#405=ORIENTED_EDGE('',*,*,#1635,.T.);
#406=ORIENTED_EDGE('',*,*,#1636,.T.);
#407=ORIENTED_EDGE('',*,*,#1637,.F.);
#408=ORIENTED_EDGE('',*,*,#1638,.F.);
#409=ORIENTED_EDGE('',*,*,#1639,.T.);
#410=ORIENTED_EDGE('',*,*,#1640,.T.);
#411=ORIENTED_EDGE('',*,*,#1641,.F.);
#412=ORIENTED_EDGE('',*,*,#1642,.F.);
#413=ORIENTED_EDGE('',*,*,#1643,.T.);
#414=ORIENTED_EDGE('',*,*,#1644,.T.);
#415=ORIENTED_EDGE('',*,*,#1645,.F.);
#416=ORIENTED_EDGE('',*,*,#1646,.F.);
#417=ORIENTED_EDGE('',*,*,#1647,.T.);
#418=ORIENTED_EDGE('',*,*,#1648,.T.);
#419=ORIENTED_EDGE('',*,*,#1649,.F.);
#420=ORIENTED_EDGE('',*,*,#1650,.F.);
#421=ORIENTED_EDGE('',*,*,#1651,.T.);
#422=ORIENTED_EDGE('',*,*,#1652,.T.);
#423=ORIENTED_EDGE('',*,*,#1653,.F.);
#424=ORIENTED_EDGE('',*,*,#1654,.F.);
#425=ORIENTED_EDGE('',*,*,#1655,.T.);
#426=ORIENTED_EDGE('',*,*,#1650,.T.);
#427=ORIENTED_EDGE('',*,*,#1656,.F.);
#428=ORIENTED_EDGE('',*,*,#1657,.F.);
#429=ORIENTED_EDGE('',*,*,#1658,.T.);
#430=ORIENTED_EDGE('',*,*,#1659,.F.);
#431=ORIENTED_EDGE('',*,*,#1637,.T.);
#432=ORIENTED_EDGE('',*,*,#1660,.T.);
#433=ORIENTED_EDGE('',*,*,#1639,.F.);
#434=ORIENTED_EDGE('',*,*,#1661,.F.);
#435=ORIENTED_EDGE('',*,*,#1641,.T.);
#436=ORIENTED_EDGE('',*,*,#1662,.T.);
#437=ORIENTED_EDGE('',*,*,#1663,.F.);
#438=ORIENTED_EDGE('',*,*,#1664,.F.);
#439=ORIENTED_EDGE('',*,*,#1663,.T.);
#440=ORIENTED_EDGE('',*,*,#1665,.T.);
#441=ORIENTED_EDGE('',*,*,#1666,.F.);
#442=ORIENTED_EDGE('',*,*,#1667,.F.);
#443=ORIENTED_EDGE('',*,*,#1668,.T.);
#444=ORIENTED_EDGE('',*,*,#1666,.T.);
#445=ORIENTED_EDGE('',*,*,#1669,.F.);
#446=ORIENTED_EDGE('',*,*,#1670,.F.);
#447=ORIENTED_EDGE('',*,*,#1671,.T.);
#448=ORIENTED_EDGE('',*,*,#1667,.T.);
#449=ORIENTED_EDGE('',*,*,#1672,.F.);
#450=ORIENTED_EDGE('',*,*,#1644,.F.);
#451=ORIENTED_EDGE('',*,*,#1673,.T.);
#452=ORIENTED_EDGE('',*,*,#1670,.T.);
#453=ORIENTED_EDGE('',*,*,#1674,.F.);
#454=ORIENTED_EDGE('',*,*,#1675,.F.);
#455=ORIENTED_EDGE('',*,*,#1676,.T.);
#456=ORIENTED_EDGE('',*,*,#1642,.T.);
#457=ORIENTED_EDGE('',*,*,#1677,.F.);
#458=ORIENTED_EDGE('',*,*,#1678,.F.);
#459=ORIENTED_EDGE('',*,*,#1679,.T.);
#460=ORIENTED_EDGE('',*,*,#1675,.T.);
#461=ORIENTED_EDGE('',*,*,#1680,.F.);
#462=ORIENTED_EDGE('',*,*,#1681,.F.);
#463=ORIENTED_EDGE('',*,*,#1678,.T.);
#464=ORIENTED_EDGE('',*,*,#1682,.T.);
#465=ORIENTED_EDGE('',*,*,#1683,.F.);
#466=ORIENTED_EDGE('',*,*,#1648,.F.);
#467=ORIENTED_EDGE('',*,*,#1684,.T.);
#468=ORIENTED_EDGE('',*,*,#1683,.T.);
#469=ORIENTED_EDGE('',*,*,#1685,.F.);
#470=ORIENTED_EDGE('',*,*,#1652,.F.);
#471=ORIENTED_EDGE('',*,*,#1686,.T.);
#472=ORIENTED_EDGE('',*,*,#1646,.T.);
#473=ORIENTED_EDGE('',*,*,#1687,.F.);
#474=ORIENTED_EDGE('',*,*,#1688,.T.);
#475=ORIENTED_EDGE('',*,*,#1689,.F.);
#476=ORIENTED_EDGE('',*,*,#1690,.F.);
#477=ORIENTED_EDGE('',*,*,#1691,.T.);
#478=ORIENTED_EDGE('',*,*,#1692,.F.);
#479=ORIENTED_EDGE('',*,*,#1693,.T.);
#480=ORIENTED_EDGE('',*,*,#1694,.F.);
#481=ORIENTED_EDGE('',*,*,#1695,.T.);
#482=ORIENTED_EDGE('',*,*,#1696,.F.);
#483=ORIENTED_EDGE('',*,*,#1697,.T.);
#484=ORIENTED_EDGE('',*,*,#1698,.F.);
#485=ORIENTED_EDGE('',*,*,#1699,.F.);
#486=ORIENTED_EDGE('',*,*,#1700,.F.);
#487=ORIENTED_EDGE('',*,*,#1701,.T.);
#488=ORIENTED_EDGE('',*,*,#1702,.F.);
#489=ORIENTED_EDGE('',*,*,#1703,.F.);
#490=ORIENTED_EDGE('',*,*,#1704,.F.);
#491=ORIENTED_EDGE('',*,*,#1705,.F.);
#492=ORIENTED_EDGE('',*,*,#1706,.F.);
#493=ORIENTED_EDGE('',*,*,#1707,.T.);
#494=ORIENTED_EDGE('',*,*,#1708,.F.);
#495=ORIENTED_EDGE('',*,*,#1709,.F.);
#496=ORIENTED_EDGE('',*,*,#1710,.F.);
#497=ORIENTED_EDGE('',*,*,#1711,.F.);
#498=ORIENTED_EDGE('',*,*,#1712,.F.);
#499=ORIENTED_EDGE('',*,*,#1713,.T.);
#500=ORIENTED_EDGE('',*,*,#1714,.T.);
#501=ORIENTED_EDGE('',*,*,#1715,.T.);
#502=ORIENTED_EDGE('',*,*,#1716,.F.);
#503=ORIENTED_EDGE('',*,*,#1717,.F.);
#504=ORIENTED_EDGE('',*,*,#1718,.T.);
#505=ORIENTED_EDGE('',*,*,#1719,.F.);
#506=ORIENTED_EDGE('',*,*,#1720,.F.);
#507=ORIENTED_EDGE('',*,*,#1721,.F.);
#508=ORIENTED_EDGE('',*,*,#1722,.T.);
#509=ORIENTED_EDGE('',*,*,#1723,.F.);
#510=ORIENTED_EDGE('',*,*,#1724,.F.);
#511=ORIENTED_EDGE('',*,*,#1725,.F.);
#512=ORIENTED_EDGE('',*,*,#1726,.F.);
#513=ORIENTED_EDGE('',*,*,#1727,.F.);
#514=ORIENTED_EDGE('',*,*,#1728,.T.);
#515=ORIENTED_EDGE('',*,*,#1729,.F.);
#516=ORIENTED_EDGE('',*,*,#1730,.F.);
#517=ORIENTED_EDGE('',*,*,#1731,.F.);
#518=ORIENTED_EDGE('',*,*,#1732,.F.);
#519=ORIENTED_EDGE('',*,*,#1733,.F.);
#520=ORIENTED_EDGE('',*,*,#1734,.T.);
#521=ORIENTED_EDGE('',*,*,#1735,.F.);
#522=ORIENTED_EDGE('',*,*,#1736,.F.);
#523=ORIENTED_EDGE('',*,*,#1737,.T.);
#524=ORIENTED_EDGE('',*,*,#1738,.T.);
#525=ORIENTED_EDGE('',*,*,#1739,.F.);
#526=ORIENTED_EDGE('',*,*,#1740,.T.);
#527=ORIENTED_EDGE('',*,*,#1741,.F.);
#528=ORIENTED_EDGE('',*,*,#1742,.F.);
#529=ORIENTED_EDGE('',*,*,#1743,.F.);
#530=ORIENTED_EDGE('',*,*,#1744,.F.);
#531=ORIENTED_EDGE('',*,*,#1745,.F.);
#532=ORIENTED_EDGE('',*,*,#1746,.T.);
#533=ORIENTED_EDGE('',*,*,#1747,.F.);
#534=ORIENTED_EDGE('',*,*,#1748,.F.);
#535=ORIENTED_EDGE('',*,*,#1749,.T.);
#536=ORIENTED_EDGE('',*,*,#1750,.T.);
#537=ORIENTED_EDGE('',*,*,#1751,.T.);
#538=ORIENTED_EDGE('',*,*,#1752,.F.);
#539=ORIENTED_EDGE('',*,*,#1753,.F.);
#540=ORIENTED_EDGE('',*,*,#1754,.F.);
#541=ORIENTED_EDGE('',*,*,#1755,.F.);
#542=ORIENTED_EDGE('',*,*,#1756,.F.);
#543=ORIENTED_EDGE('',*,*,#1757,.T.);
#544=ORIENTED_EDGE('',*,*,#1758,.T.);
#545=ORIENTED_EDGE('',*,*,#1759,.T.);
#546=ORIENTED_EDGE('',*,*,#1760,.F.);
#547=ORIENTED_EDGE('',*,*,#1761,.F.);
#548=ORIENTED_EDGE('',*,*,#1762,.F.);
#549=ORIENTED_EDGE('',*,*,#1763,.F.);
#550=ORIENTED_EDGE('',*,*,#1764,.T.);
#551=ORIENTED_EDGE('',*,*,#1765,.T.);
#552=ORIENTED_EDGE('',*,*,#1766,.T.);
#553=ORIENTED_EDGE('',*,*,#1767,.T.);
#554=ORIENTED_EDGE('',*,*,#1768,.F.);
#555=ORIENTED_EDGE('',*,*,#1769,.F.);
#556=ORIENTED_EDGE('',*,*,#1770,.T.);
#557=ORIENTED_EDGE('',*,*,#1771,.T.);
#558=ORIENTED_EDGE('',*,*,#1772,.T.);
#559=ORIENTED_EDGE('',*,*,#1773,.F.);
#560=ORIENTED_EDGE('',*,*,#1774,.F.);
#561=ORIENTED_EDGE('',*,*,#1775,.F.);
#562=ORIENTED_EDGE('',*,*,#1776,.F.);
#563=ORIENTED_EDGE('',*,*,#1777,.T.);
#564=ORIENTED_EDGE('',*,*,#1778,.F.);
#565=ORIENTED_EDGE('',*,*,#1779,.F.);
#566=ORIENTED_EDGE('',*,*,#1780,.F.);
#567=ORIENTED_EDGE('',*,*,#1781,.F.);
#568=ORIENTED_EDGE('',*,*,#1782,.T.);
#569=ORIENTED_EDGE('',*,*,#1783,.F.);
#570=ORIENTED_EDGE('',*,*,#1658,.F.);
#571=ORIENTED_EDGE('',*,*,#1784,.F.);
#572=ORIENTED_EDGE('',*,*,#1785,.F.);
#573=ORIENTED_EDGE('',*,*,#1786,.F.);
#574=ORIENTED_EDGE('',*,*,#1787,.F.);
#575=ORIENTED_EDGE('',*,*,#1788,.F.);
#576=ORIENTED_EDGE('',*,*,#1789,.F.);
#577=ORIENTED_EDGE('',*,*,#1790,.F.);
#578=ORIENTED_EDGE('',*,*,#1791,.F.);
#579=ORIENTED_EDGE('',*,*,#1792,.T.);
#580=ORIENTED_EDGE('',*,*,#1793,.T.);
#581=ORIENTED_EDGE('',*,*,#1794,.F.);
#582=ORIENTED_EDGE('',*,*,#1795,.F.);
#583=ORIENTED_EDGE('',*,*,#1796,.F.);
#584=ORIENTED_EDGE('',*,*,#1797,.F.);
#585=ORIENTED_EDGE('',*,*,#1798,.T.);
#586=ORIENTED_EDGE('',*,*,#1799,.F.);
#587=ORIENTED_EDGE('',*,*,#1800,.T.);
#588=ORIENTED_EDGE('',*,*,#1801,.T.);
#589=ORIENTED_EDGE('',*,*,#1802,.T.);
#590=ORIENTED_EDGE('',*,*,#1803,.T.);
#591=ORIENTED_EDGE('',*,*,#1804,.T.);
#592=ORIENTED_EDGE('',*,*,#1805,.T.);
#593=ORIENTED_EDGE('',*,*,#1806,.T.);
#594=ORIENTED_EDGE('',*,*,#1807,.T.);
#595=ORIENTED_EDGE('',*,*,#1808,.T.);
#596=ORIENTED_EDGE('',*,*,#1809,.T.);
#597=ORIENTED_EDGE('',*,*,#1810,.T.);
#598=ORIENTED_EDGE('',*,*,#1811,.T.);
#599=ORIENTED_EDGE('',*,*,#1812,.T.);
#600=ORIENTED_EDGE('',*,*,#1813,.F.);
#601=ORIENTED_EDGE('',*,*,#1814,.F.);
#602=ORIENTED_EDGE('',*,*,#1815,.T.);
#603=ORIENTED_EDGE('',*,*,#1816,.F.);
#604=ORIENTED_EDGE('',*,*,#1817,.F.);
#605=ORIENTED_EDGE('',*,*,#1818,.T.);
#606=ORIENTED_EDGE('',*,*,#1819,.T.);
#607=ORIENTED_EDGE('',*,*,#1820,.F.);
#608=ORIENTED_EDGE('',*,*,#1821,.T.);
#609=ORIENTED_EDGE('',*,*,#1822,.F.);
#610=ORIENTED_EDGE('',*,*,#1823,.F.);
#611=ORIENTED_EDGE('',*,*,#1824,.F.);
#612=ORIENTED_EDGE('',*,*,#1825,.F.);
#613=ORIENTED_EDGE('',*,*,#1826,.T.);
#614=ORIENTED_EDGE('',*,*,#1827,.F.);
#615=ORIENTED_EDGE('',*,*,#1828,.F.);
#616=ORIENTED_EDGE('',*,*,#1829,.F.);
#617=ORIENTED_EDGE('',*,*,#1830,.F.);
#618=ORIENTED_EDGE('',*,*,#1831,.F.);
#619=ORIENTED_EDGE('',*,*,#1832,.F.);
#620=ORIENTED_EDGE('',*,*,#1833,.T.);
#621=ORIENTED_EDGE('',*,*,#1834,.F.);
#622=ORIENTED_EDGE('',*,*,#1835,.F.);
#623=ORIENTED_EDGE('',*,*,#1836,.F.);
#624=ORIENTED_EDGE('',*,*,#1837,.F.);
#625=ORIENTED_EDGE('',*,*,#1838,.F.);
#626=ORIENTED_EDGE('',*,*,#1839,.T.);
#627=ORIENTED_EDGE('',*,*,#1840,.F.);
#628=ORIENTED_EDGE('',*,*,#1841,.F.);
#629=ORIENTED_EDGE('',*,*,#1842,.T.);
#630=ORIENTED_EDGE('',*,*,#1843,.T.);
#631=ORIENTED_EDGE('',*,*,#1844,.F.);
#632=ORIENTED_EDGE('',*,*,#1845,.T.);
#633=ORIENTED_EDGE('',*,*,#1846,.F.);
#634=ORIENTED_EDGE('',*,*,#1847,.F.);
#635=ORIENTED_EDGE('',*,*,#1848,.F.);
#636=ORIENTED_EDGE('',*,*,#1849,.T.);
#637=ORIENTED_EDGE('',*,*,#1850,.F.);
#638=ORIENTED_EDGE('',*,*,#1851,.F.);
#639=ORIENTED_EDGE('',*,*,#1852,.F.);
#640=ORIENTED_EDGE('',*,*,#1853,.F.);
#641=ORIENTED_EDGE('',*,*,#1854,.T.);
#642=ORIENTED_EDGE('',*,*,#1855,.T.);
#643=ORIENTED_EDGE('',*,*,#1856,.T.);
#644=ORIENTED_EDGE('',*,*,#1857,.F.);
#645=ORIENTED_EDGE('',*,*,#1858,.F.);
#646=ORIENTED_EDGE('',*,*,#1859,.T.);
#647=ORIENTED_EDGE('',*,*,#1860,.T.);
#648=ORIENTED_EDGE('',*,*,#1861,.T.);
#649=ORIENTED_EDGE('',*,*,#1862,.F.);
#650=ORIENTED_EDGE('',*,*,#1863,.F.);
#651=ORIENTED_EDGE('',*,*,#1864,.F.);
#652=ORIENTED_EDGE('',*,*,#1865,.T.);
#653=ORIENTED_EDGE('',*,*,#1866,.T.);
#654=ORIENTED_EDGE('',*,*,#1867,.T.);
#655=ORIENTED_EDGE('',*,*,#1868,.F.);
#656=ORIENTED_EDGE('',*,*,#1869,.F.);
#657=ORIENTED_EDGE('',*,*,#1870,.T.);
#658=ORIENTED_EDGE('',*,*,#1871,.F.);
#659=ORIENTED_EDGE('',*,*,#1872,.F.);
#660=ORIENTED_EDGE('',*,*,#1873,.F.);
#661=ORIENTED_EDGE('',*,*,#1874,.T.);
#662=ORIENTED_EDGE('',*,*,#1875,.F.);
#663=ORIENTED_EDGE('',*,*,#1876,.F.);
#664=ORIENTED_EDGE('',*,*,#1877,.F.);
#665=ORIENTED_EDGE('',*,*,#1878,.F.);
#666=ORIENTED_EDGE('',*,*,#1879,.F.);
#667=ORIENTED_EDGE('',*,*,#1880,.T.);
#668=ORIENTED_EDGE('',*,*,#1881,.T.);
#669=ORIENTED_EDGE('',*,*,#1882,.F.);
#670=ORIENTED_EDGE('',*,*,#1883,.F.);
#671=ORIENTED_EDGE('',*,*,#1884,.F.);
#672=ORIENTED_EDGE('',*,*,#1885,.T.);
#673=ORIENTED_EDGE('',*,*,#1886,.F.);
#674=ORIENTED_EDGE('',*,*,#1887,.F.);
#675=ORIENTED_EDGE('',*,*,#1888,.T.);
#676=ORIENTED_EDGE('',*,*,#1889,.F.);
#677=ORIENTED_EDGE('',*,*,#1842,.F.);
#678=ORIENTED_EDGE('',*,*,#1890,.T.);
#679=ORIENTED_EDGE('',*,*,#1891,.T.);
#680=ORIENTED_EDGE('',*,*,#1892,.F.);
#681=ORIENTED_EDGE('',*,*,#1843,.F.);
#682=ORIENTED_EDGE('',*,*,#1889,.T.);
#683=ORIENTED_EDGE('',*,*,#1893,.F.);
#684=ORIENTED_EDGE('',*,*,#1894,.T.);
#685=ORIENTED_EDGE('',*,*,#1749,.F.);
#686=ORIENTED_EDGE('',*,*,#1657,.T.);
#687=ORIENTED_EDGE('',*,*,#1895,.T.);
#688=ORIENTED_EDGE('',*,*,#1635,.F.);
#689=ORIENTED_EDGE('',*,*,#1837,.T.);
#690=ORIENTED_EDGE('',*,*,#1896,.F.);
#691=ORIENTED_EDGE('',*,*,#1812,.F.);
#692=ORIENTED_EDGE('',*,*,#1897,.T.);
#693=ORIENTED_EDGE('',*,*,#1813,.T.);
#694=ORIENTED_EDGE('',*,*,#1898,.F.);
#695=ORIENTED_EDGE('',*,*,#1819,.F.);
#696=ORIENTED_EDGE('',*,*,#1899,.T.);
#697=ORIENTED_EDGE('',*,*,#1811,.F.);
#698=ORIENTED_EDGE('',*,*,#1900,.T.);
#699=ORIENTED_EDGE('',*,*,#1809,.F.);
#700=ORIENTED_EDGE('',*,*,#1901,.T.);
#701=ORIENTED_EDGE('',*,*,#1807,.F.);
#702=ORIENTED_EDGE('',*,*,#1902,.T.);
#703=ORIENTED_EDGE('',*,*,#1805,.F.);
#704=ORIENTED_EDGE('',*,*,#1903,.T.);
#705=ORIENTED_EDGE('',*,*,#1803,.F.);
#706=ORIENTED_EDGE('',*,*,#1904,.T.);
#707=ORIENTED_EDGE('',*,*,#1801,.F.);
#708=ORIENTED_EDGE('',*,*,#1905,.T.);
#709=ORIENTED_EDGE('',*,*,#1798,.F.);
#710=ORIENTED_EDGE('',*,*,#1906,.T.);
#711=ORIENTED_EDGE('',*,*,#1799,.T.);
#712=ORIENTED_EDGE('',*,*,#1907,.F.);
#713=ORIENTED_EDGE('',*,*,#1737,.F.);
#714=ORIENTED_EDGE('',*,*,#1908,.T.);
#715=ORIENTED_EDGE('',*,*,#1738,.F.);
#716=ORIENTED_EDGE('',*,*,#1909,.T.);
#717=ORIENTED_EDGE('',*,*,#1731,.T.);
#718=ORIENTED_EDGE('',*,*,#1910,.F.);
#719=ORIENTED_EDGE('',*,*,#1732,.T.);
#720=ORIENTED_EDGE('',*,*,#1911,.F.);
#721=ORIENTED_EDGE('',*,*,#1710,.T.);
#722=ORIENTED_EDGE('',*,*,#1912,.F.);
#723=ORIENTED_EDGE('',*,*,#1704,.T.);
#724=ORIENTED_EDGE('',*,*,#1913,.F.);
#725=ORIENTED_EDGE('',*,*,#1705,.T.);
#726=ORIENTED_EDGE('',*,*,#1914,.F.);
#727=ORIENTED_EDGE('',*,*,#1790,.T.);
#728=ORIENTED_EDGE('',*,*,#1915,.F.);
#729=ORIENTED_EDGE('',*,*,#1789,.T.);
#730=ORIENTED_EDGE('',*,*,#1916,.F.);
#731=ORIENTED_EDGE('',*,*,#1788,.T.);
#732=ORIENTED_EDGE('',*,*,#1917,.F.);
#733=ORIENTED_EDGE('',*,*,#1787,.T.);
#734=ORIENTED_EDGE('',*,*,#1918,.F.);
#735=ORIENTED_EDGE('',*,*,#1786,.T.);
#736=ORIENTED_EDGE('',*,*,#1919,.F.);
#737=ORIENTED_EDGE('',*,*,#1785,.T.);
#738=ORIENTED_EDGE('',*,*,#1920,.F.);
#739=ORIENTED_EDGE('',*,*,#1784,.T.);
#740=ORIENTED_EDGE('',*,*,#1921,.F.);
#741=ORIENTED_EDGE('',*,*,#1922,.F.);
#742=ORIENTED_EDGE('',*,*,#1890,.F.);
#743=ORIENTED_EDGE('',*,*,#1844,.T.);
#744=ORIENTED_EDGE('',*,*,#1892,.T.);
#745=ORIENTED_EDGE('',*,*,#1845,.F.);
#746=ORIENTED_EDGE('',*,*,#1923,.T.);
#747=ORIENTED_EDGE('',*,*,#1846,.T.);
#748=ORIENTED_EDGE('',*,*,#1924,.F.);
#749=ORIENTED_EDGE('',*,*,#1847,.T.);
#750=ORIENTED_EDGE('',*,*,#1925,.F.);
#751=ORIENTED_EDGE('',*,*,#1848,.T.);
#752=ORIENTED_EDGE('',*,*,#1926,.F.);
#753=ORIENTED_EDGE('',*,*,#1743,.T.);
#754=ORIENTED_EDGE('',*,*,#1927,.F.);
#755=ORIENTED_EDGE('',*,*,#1744,.T.);
#756=ORIENTED_EDGE('',*,*,#1928,.F.);
#757=ORIENTED_EDGE('',*,*,#1849,.F.);
#758=ORIENTED_EDGE('',*,*,#1929,.T.);
#759=ORIENTED_EDGE('',*,*,#1698,.T.);
#760=ORIENTED_EDGE('',*,*,#1930,.F.);
#761=ORIENTED_EDGE('',*,*,#1699,.T.);
#762=ORIENTED_EDGE('',*,*,#1931,.F.);
#763=ORIENTED_EDGE('',*,*,#1932,.T.);
#764=ORIENTED_EDGE('',*,*,#1933,.F.);
#765=ORIENTED_EDGE('',*,*,#1934,.T.);
#766=ORIENTED_EDGE('',*,*,#1935,.F.);
#767=ORIENTED_EDGE('',*,*,#1711,.T.);
#768=ORIENTED_EDGE('',*,*,#1936,.F.);
#769=ORIENTED_EDGE('',*,*,#1850,.T.);
#770=ORIENTED_EDGE('',*,*,#1937,.F.);
#771=ORIENTED_EDGE('',*,*,#1851,.T.);
#772=ORIENTED_EDGE('',*,*,#1938,.F.);
#773=ORIENTED_EDGE('',*,*,#1827,.T.);
#774=ORIENTED_EDGE('',*,*,#1939,.F.);
#775=ORIENTED_EDGE('',*,*,#1828,.T.);
#776=ORIENTED_EDGE('',*,*,#1940,.F.);
#777=ORIENTED_EDGE('',*,*,#1829,.T.);
#778=ORIENTED_EDGE('',*,*,#1941,.F.);
#779=ORIENTED_EDGE('',*,*,#1830,.T.);
#780=ORIENTED_EDGE('',*,*,#1942,.F.);
#781=ORIENTED_EDGE('',*,*,#1831,.T.);
#782=ORIENTED_EDGE('',*,*,#1943,.F.);
#783=ORIENTED_EDGE('',*,*,#1725,.T.);
#784=ORIENTED_EDGE('',*,*,#1944,.F.);
#785=ORIENTED_EDGE('',*,*,#1726,.T.);
#786=ORIENTED_EDGE('',*,*,#1945,.F.);
#787=ORIENTED_EDGE('',*,*,#1836,.T.);
#788=ORIENTED_EDGE('',*,*,#1946,.F.);
#789=ORIENTED_EDGE('',*,*,#1947,.F.);
#790=ORIENTED_EDGE('',*,*,#1948,.T.);
#791=ORIENTED_EDGE('',*,*,#1949,.T.);
#792=ORIENTED_EDGE('',*,*,#1950,.F.);
#793=ORIENTED_EDGE('',*,*,#1951,.F.);
#794=ORIENTED_EDGE('',*,*,#1952,.F.);
#795=ORIENTED_EDGE('',*,*,#1953,.F.);
#796=ORIENTED_EDGE('',*,*,#1954,.F.);
#797=ORIENTED_EDGE('',*,*,#1955,.F.);
#798=ORIENTED_EDGE('',*,*,#1956,.T.);
#799=ORIENTED_EDGE('',*,*,#1934,.F.);
#800=ORIENTED_EDGE('',*,*,#1932,.F.);
#801=ORIENTED_EDGE('',*,*,#1945,.T.);
#802=ORIENTED_EDGE('',*,*,#1944,.T.);
#803=ORIENTED_EDGE('',*,*,#1943,.T.);
#804=ORIENTED_EDGE('',*,*,#1942,.T.);
#805=ORIENTED_EDGE('',*,*,#1941,.T.);
#806=ORIENTED_EDGE('',*,*,#1940,.T.);
#807=ORIENTED_EDGE('',*,*,#1939,.T.);
#808=ORIENTED_EDGE('',*,*,#1938,.T.);
#809=ORIENTED_EDGE('',*,*,#1937,.T.);
#810=ORIENTED_EDGE('',*,*,#1936,.T.);
#811=ORIENTED_EDGE('',*,*,#1935,.T.);
#812=ORIENTED_EDGE('',*,*,#1933,.T.);
#813=ORIENTED_EDGE('',*,*,#1931,.T.);
#814=ORIENTED_EDGE('',*,*,#1930,.T.);
#815=ORIENTED_EDGE('',*,*,#1929,.F.);
#816=ORIENTED_EDGE('',*,*,#1928,.T.);
#817=ORIENTED_EDGE('',*,*,#1927,.T.);
#818=ORIENTED_EDGE('',*,*,#1656,.T.);
#819=ORIENTED_EDGE('',*,*,#1653,.T.);
#820=ORIENTED_EDGE('',*,*,#1687,.T.);
#821=ORIENTED_EDGE('',*,*,#1649,.T.);
#822=ORIENTED_EDGE('',*,*,#1685,.T.);
#823=ORIENTED_EDGE('',*,*,#1682,.F.);
#824=ORIENTED_EDGE('',*,*,#1680,.T.);
#825=ORIENTED_EDGE('',*,*,#1677,.T.);
#826=ORIENTED_EDGE('',*,*,#1645,.T.);
#827=ORIENTED_EDGE('',*,*,#1674,.T.);
#828=ORIENTED_EDGE('',*,*,#1672,.T.);
#829=ORIENTED_EDGE('',*,*,#1669,.T.);
#830=ORIENTED_EDGE('',*,*,#1665,.F.);
#831=ORIENTED_EDGE('',*,*,#1662,.F.);
#832=ORIENTED_EDGE('',*,*,#1640,.F.);
#833=ORIENTED_EDGE('',*,*,#1660,.F.);
#834=ORIENTED_EDGE('',*,*,#1636,.F.);
#835=ORIENTED_EDGE('',*,*,#1895,.F.);
#836=ORIENTED_EDGE('',*,*,#1696,.T.);
#837=ORIENTED_EDGE('',*,*,#1694,.T.);
#838=ORIENTED_EDGE('',*,*,#1692,.T.);
#839=ORIENTED_EDGE('',*,*,#1690,.T.);
#840=ORIENTED_EDGE('',*,*,#1688,.F.);
#841=ORIENTED_EDGE('',*,*,#1926,.T.);
#842=ORIENTED_EDGE('',*,*,#1925,.T.);
#843=ORIENTED_EDGE('',*,*,#1924,.T.);
#844=ORIENTED_EDGE('',*,*,#1923,.F.);
#845=ORIENTED_EDGE('',*,*,#1888,.F.);
#846=ORIENTED_EDGE('',*,*,#1922,.T.);
#847=ORIENTED_EDGE('',*,*,#1891,.F.);
#848=ORIENTED_EDGE('',*,*,#1921,.T.);
#849=ORIENTED_EDGE('',*,*,#1920,.T.);
#850=ORIENTED_EDGE('',*,*,#1919,.T.);
#851=ORIENTED_EDGE('',*,*,#1918,.T.);
#852=ORIENTED_EDGE('',*,*,#1917,.T.);
#853=ORIENTED_EDGE('',*,*,#1916,.T.);
#854=ORIENTED_EDGE('',*,*,#1915,.T.);
#855=ORIENTED_EDGE('',*,*,#1914,.T.);
#856=ORIENTED_EDGE('',*,*,#1913,.T.);
#857=ORIENTED_EDGE('',*,*,#1912,.T.);
#858=ORIENTED_EDGE('',*,*,#1911,.T.);
#859=ORIENTED_EDGE('',*,*,#1910,.T.);
#860=ORIENTED_EDGE('',*,*,#1909,.F.);
#861=ORIENTED_EDGE('',*,*,#1908,.F.);
#862=ORIENTED_EDGE('',*,*,#1907,.T.);
#863=ORIENTED_EDGE('',*,*,#1906,.F.);
#864=ORIENTED_EDGE('',*,*,#1905,.F.);
#865=ORIENTED_EDGE('',*,*,#1904,.F.);
#866=ORIENTED_EDGE('',*,*,#1903,.F.);
#867=ORIENTED_EDGE('',*,*,#1902,.F.);
#868=ORIENTED_EDGE('',*,*,#1901,.F.);
#869=ORIENTED_EDGE('',*,*,#1900,.F.);
#870=ORIENTED_EDGE('',*,*,#1899,.F.);
#871=ORIENTED_EDGE('',*,*,#1898,.T.);
#872=ORIENTED_EDGE('',*,*,#1897,.F.);
#873=ORIENTED_EDGE('',*,*,#1896,.T.);
#874=ORIENTED_EDGE('',*,*,#1946,.T.);
#875=ORIENTED_EDGE('',*,*,#1852,.T.);
#876=ORIENTED_EDGE('',*,*,#1957,.F.);
#877=ORIENTED_EDGE('',*,*,#1958,.F.);
#878=ORIENTED_EDGE('',*,*,#1959,.T.);
#879=ORIENTED_EDGE('',*,*,#1887,.T.);
#880=ORIENTED_EDGE('',*,*,#1960,.F.);
#881=ORIENTED_EDGE('',*,*,#1961,.F.);
#882=ORIENTED_EDGE('',*,*,#1957,.T.);
#883=ORIENTED_EDGE('',*,*,#1886,.T.);
#884=ORIENTED_EDGE('',*,*,#1962,.F.);
#885=ORIENTED_EDGE('',*,*,#1963,.F.);
#886=ORIENTED_EDGE('',*,*,#1960,.T.);
#887=ORIENTED_EDGE('',*,*,#1885,.F.);
#888=ORIENTED_EDGE('',*,*,#1964,.F.);
#889=ORIENTED_EDGE('',*,*,#1965,.T.);
#890=ORIENTED_EDGE('',*,*,#1962,.T.);
#891=ORIENTED_EDGE('',*,*,#1884,.T.);
#892=ORIENTED_EDGE('',*,*,#1966,.F.);
#893=ORIENTED_EDGE('',*,*,#1967,.F.);
#894=ORIENTED_EDGE('',*,*,#1964,.T.);
#895=ORIENTED_EDGE('',*,*,#1883,.T.);
#896=ORIENTED_EDGE('',*,*,#1968,.F.);
#897=ORIENTED_EDGE('',*,*,#1969,.F.);
#898=ORIENTED_EDGE('',*,*,#1966,.T.);
#899=ORIENTED_EDGE('',*,*,#1882,.T.);
#900=ORIENTED_EDGE('',*,*,#1970,.F.);
#901=ORIENTED_EDGE('',*,*,#1971,.F.);
#902=ORIENTED_EDGE('',*,*,#1968,.T.);
#903=ORIENTED_EDGE('',*,*,#1881,.F.);
#904=ORIENTED_EDGE('',*,*,#1972,.F.);
#905=ORIENTED_EDGE('',*,*,#1973,.T.);
#906=ORIENTED_EDGE('',*,*,#1970,.T.);
#907=ORIENTED_EDGE('',*,*,#1880,.F.);
#908=ORIENTED_EDGE('',*,*,#1974,.F.);
#909=ORIENTED_EDGE('',*,*,#1975,.T.);
#910=ORIENTED_EDGE('',*,*,#1972,.T.);
#911=ORIENTED_EDGE('',*,*,#1879,.T.);
#912=ORIENTED_EDGE('',*,*,#1976,.F.);
#913=ORIENTED_EDGE('',*,*,#1977,.F.);
#914=ORIENTED_EDGE('',*,*,#1974,.T.);
#915=ORIENTED_EDGE('',*,*,#1878,.T.);
#916=ORIENTED_EDGE('',*,*,#1978,.F.);
#917=ORIENTED_EDGE('',*,*,#1979,.F.);
#918=ORIENTED_EDGE('',*,*,#1976,.T.);
#919=ORIENTED_EDGE('',*,*,#1877,.T.);
#920=ORIENTED_EDGE('',*,*,#1980,.F.);
#921=ORIENTED_EDGE('',*,*,#1981,.F.);
#922=ORIENTED_EDGE('',*,*,#1978,.T.);
#923=ORIENTED_EDGE('',*,*,#1876,.T.);
#924=ORIENTED_EDGE('',*,*,#1982,.F.);
#925=ORIENTED_EDGE('',*,*,#1983,.F.);
#926=ORIENTED_EDGE('',*,*,#1980,.T.);
#927=ORIENTED_EDGE('',*,*,#1875,.T.);
#928=ORIENTED_EDGE('',*,*,#1984,.F.);
#929=ORIENTED_EDGE('',*,*,#1985,.F.);
#930=ORIENTED_EDGE('',*,*,#1982,.T.);
#931=ORIENTED_EDGE('',*,*,#1874,.F.);
#932=ORIENTED_EDGE('',*,*,#1986,.F.);
#933=ORIENTED_EDGE('',*,*,#1987,.T.);
#934=ORIENTED_EDGE('',*,*,#1984,.T.);
#935=ORIENTED_EDGE('',*,*,#1873,.T.);
#936=ORIENTED_EDGE('',*,*,#1988,.F.);
#937=ORIENTED_EDGE('',*,*,#1989,.F.);
#938=ORIENTED_EDGE('',*,*,#1986,.T.);
#939=ORIENTED_EDGE('',*,*,#1872,.T.);
#940=ORIENTED_EDGE('',*,*,#1990,.F.);
#941=ORIENTED_EDGE('',*,*,#1991,.F.);
#942=ORIENTED_EDGE('',*,*,#1988,.T.);
#943=ORIENTED_EDGE('',*,*,#1871,.T.);
#944=ORIENTED_EDGE('',*,*,#1992,.F.);
#945=ORIENTED_EDGE('',*,*,#1993,.F.);
#946=ORIENTED_EDGE('',*,*,#1990,.T.);
#947=ORIENTED_EDGE('',*,*,#1870,.F.);
#948=ORIENTED_EDGE('',*,*,#1994,.F.);
#949=ORIENTED_EDGE('',*,*,#1995,.T.);
#950=ORIENTED_EDGE('',*,*,#1992,.T.);
#951=ORIENTED_EDGE('',*,*,#1869,.T.);
#952=ORIENTED_EDGE('',*,*,#1996,.F.);
#953=ORIENTED_EDGE('',*,*,#1997,.F.);
#954=ORIENTED_EDGE('',*,*,#1994,.T.);
#955=ORIENTED_EDGE('',*,*,#1868,.T.);
#956=ORIENTED_EDGE('',*,*,#1998,.F.);
#957=ORIENTED_EDGE('',*,*,#1999,.F.);
#958=ORIENTED_EDGE('',*,*,#1996,.T.);
#959=ORIENTED_EDGE('',*,*,#1867,.F.);
#960=ORIENTED_EDGE('',*,*,#2000,.F.);
#961=ORIENTED_EDGE('',*,*,#2001,.T.);
#962=ORIENTED_EDGE('',*,*,#1998,.T.);
#963=ORIENTED_EDGE('',*,*,#1866,.F.);
#964=ORIENTED_EDGE('',*,*,#2002,.F.);
#965=ORIENTED_EDGE('',*,*,#2003,.T.);
#966=ORIENTED_EDGE('',*,*,#2000,.T.);
#967=ORIENTED_EDGE('',*,*,#1865,.F.);
#968=ORIENTED_EDGE('',*,*,#2004,.F.);
#969=ORIENTED_EDGE('',*,*,#2005,.T.);
#970=ORIENTED_EDGE('',*,*,#2002,.T.);
#971=ORIENTED_EDGE('',*,*,#1864,.T.);
#972=ORIENTED_EDGE('',*,*,#2006,.F.);
#973=ORIENTED_EDGE('',*,*,#2007,.F.);
#974=ORIENTED_EDGE('',*,*,#2004,.T.);
#975=ORIENTED_EDGE('',*,*,#1863,.T.);
#976=ORIENTED_EDGE('',*,*,#2008,.F.);
#977=ORIENTED_EDGE('',*,*,#2009,.F.);
#978=ORIENTED_EDGE('',*,*,#2006,.T.);
#979=ORIENTED_EDGE('',*,*,#1862,.T.);
#980=ORIENTED_EDGE('',*,*,#2010,.F.);
#981=ORIENTED_EDGE('',*,*,#2011,.F.);
#982=ORIENTED_EDGE('',*,*,#2008,.T.);
#983=ORIENTED_EDGE('',*,*,#1861,.F.);
#984=ORIENTED_EDGE('',*,*,#2012,.F.);
#985=ORIENTED_EDGE('',*,*,#2013,.T.);
#986=ORIENTED_EDGE('',*,*,#2010,.T.);
#987=ORIENTED_EDGE('',*,*,#1860,.F.);
#988=ORIENTED_EDGE('',*,*,#2014,.F.);
#989=ORIENTED_EDGE('',*,*,#2015,.T.);
#990=ORIENTED_EDGE('',*,*,#2012,.T.);
#991=ORIENTED_EDGE('',*,*,#1859,.F.);
#992=ORIENTED_EDGE('',*,*,#2016,.F.);
#993=ORIENTED_EDGE('',*,*,#2017,.T.);
#994=ORIENTED_EDGE('',*,*,#2014,.T.);
#995=ORIENTED_EDGE('',*,*,#1858,.T.);
#996=ORIENTED_EDGE('',*,*,#2018,.F.);
#997=ORIENTED_EDGE('',*,*,#2019,.F.);
#998=ORIENTED_EDGE('',*,*,#2016,.T.);
#999=ORIENTED_EDGE('',*,*,#1857,.T.);
#1000=ORIENTED_EDGE('',*,*,#2020,.F.);
#1001=ORIENTED_EDGE('',*,*,#2021,.F.);
#1002=ORIENTED_EDGE('',*,*,#2018,.T.);
#1003=ORIENTED_EDGE('',*,*,#1856,.F.);
#1004=ORIENTED_EDGE('',*,*,#2022,.F.);
#1005=ORIENTED_EDGE('',*,*,#2023,.T.);
#1006=ORIENTED_EDGE('',*,*,#2020,.T.);
#1007=ORIENTED_EDGE('',*,*,#1855,.F.);
#1008=ORIENTED_EDGE('',*,*,#2024,.F.);
#1009=ORIENTED_EDGE('',*,*,#2025,.T.);
#1010=ORIENTED_EDGE('',*,*,#2022,.T.);
#1011=ORIENTED_EDGE('',*,*,#1854,.F.);
#1012=ORIENTED_EDGE('',*,*,#2026,.F.);
#1013=ORIENTED_EDGE('',*,*,#2027,.T.);
#1014=ORIENTED_EDGE('',*,*,#2024,.T.);
#1015=ORIENTED_EDGE('',*,*,#1776,.T.);
#1016=ORIENTED_EDGE('',*,*,#2028,.F.);
#1017=ORIENTED_EDGE('',*,*,#2029,.F.);
#1018=ORIENTED_EDGE('',*,*,#2030,.T.);
#1019=ORIENTED_EDGE('',*,*,#1775,.T.);
#1020=ORIENTED_EDGE('',*,*,#2031,.F.);
#1021=ORIENTED_EDGE('',*,*,#2032,.F.);
#1022=ORIENTED_EDGE('',*,*,#2028,.T.);
#1023=ORIENTED_EDGE('',*,*,#1774,.T.);
#1024=ORIENTED_EDGE('',*,*,#2033,.F.);
#1025=ORIENTED_EDGE('',*,*,#2034,.F.);
#1026=ORIENTED_EDGE('',*,*,#2031,.T.);
#1027=ORIENTED_EDGE('',*,*,#1773,.T.);
#1028=ORIENTED_EDGE('',*,*,#2035,.F.);
#1029=ORIENTED_EDGE('',*,*,#2036,.F.);
#1030=ORIENTED_EDGE('',*,*,#2033,.T.);
#1031=ORIENTED_EDGE('',*,*,#1772,.F.);
#1032=ORIENTED_EDGE('',*,*,#2037,.F.);
#1033=ORIENTED_EDGE('',*,*,#2038,.T.);
#1034=ORIENTED_EDGE('',*,*,#2035,.T.);
#1035=ORIENTED_EDGE('',*,*,#1771,.F.);
#1036=ORIENTED_EDGE('',*,*,#2039,.F.);
#1037=ORIENTED_EDGE('',*,*,#2040,.T.);
#1038=ORIENTED_EDGE('',*,*,#2037,.T.);
#1039=ORIENTED_EDGE('',*,*,#1770,.F.);
#1040=ORIENTED_EDGE('',*,*,#2041,.F.);
#1041=ORIENTED_EDGE('',*,*,#2042,.T.);
#1042=ORIENTED_EDGE('',*,*,#2039,.T.);
#1043=ORIENTED_EDGE('',*,*,#1769,.T.);
#1044=ORIENTED_EDGE('',*,*,#2043,.F.);
#1045=ORIENTED_EDGE('',*,*,#2044,.F.);
#1046=ORIENTED_EDGE('',*,*,#2041,.T.);
#1047=ORIENTED_EDGE('',*,*,#1768,.T.);
#1048=ORIENTED_EDGE('',*,*,#2045,.F.);
#1049=ORIENTED_EDGE('',*,*,#2046,.F.);
#1050=ORIENTED_EDGE('',*,*,#2043,.T.);
#1051=ORIENTED_EDGE('',*,*,#1767,.F.);
#1052=ORIENTED_EDGE('',*,*,#2047,.F.);
#1053=ORIENTED_EDGE('',*,*,#2048,.T.);
#1054=ORIENTED_EDGE('',*,*,#2045,.T.);
#1055=ORIENTED_EDGE('',*,*,#1766,.F.);
#1056=ORIENTED_EDGE('',*,*,#2049,.F.);
#1057=ORIENTED_EDGE('',*,*,#2050,.T.);
#1058=ORIENTED_EDGE('',*,*,#2047,.T.);
#1059=ORIENTED_EDGE('',*,*,#1765,.F.);
#1060=ORIENTED_EDGE('',*,*,#2051,.F.);
#1061=ORIENTED_EDGE('',*,*,#2052,.T.);
#1062=ORIENTED_EDGE('',*,*,#2049,.T.);
#1063=ORIENTED_EDGE('',*,*,#1764,.F.);
#1064=ORIENTED_EDGE('',*,*,#2053,.F.);
#1065=ORIENTED_EDGE('',*,*,#2054,.T.);
#1066=ORIENTED_EDGE('',*,*,#2051,.T.);
#1067=ORIENTED_EDGE('',*,*,#1763,.T.);
#1068=ORIENTED_EDGE('',*,*,#2055,.F.);
#1069=ORIENTED_EDGE('',*,*,#2056,.F.);
#1070=ORIENTED_EDGE('',*,*,#2053,.T.);
#1071=ORIENTED_EDGE('',*,*,#1762,.T.);
#1072=ORIENTED_EDGE('',*,*,#2057,.F.);
#1073=ORIENTED_EDGE('',*,*,#2058,.F.);
#1074=ORIENTED_EDGE('',*,*,#2055,.T.);
#1075=ORIENTED_EDGE('',*,*,#1761,.T.);
#1076=ORIENTED_EDGE('',*,*,#2059,.F.);
#1077=ORIENTED_EDGE('',*,*,#2060,.F.);
#1078=ORIENTED_EDGE('',*,*,#2057,.T.);
#1079=ORIENTED_EDGE('',*,*,#1760,.T.);
#1080=ORIENTED_EDGE('',*,*,#2061,.F.);
#1081=ORIENTED_EDGE('',*,*,#2062,.F.);
#1082=ORIENTED_EDGE('',*,*,#2059,.T.);
#1083=ORIENTED_EDGE('',*,*,#1759,.F.);
#1084=ORIENTED_EDGE('',*,*,#2063,.F.);
#1085=ORIENTED_EDGE('',*,*,#2064,.T.);
#1086=ORIENTED_EDGE('',*,*,#2061,.T.);
#1087=ORIENTED_EDGE('',*,*,#1758,.F.);
#1088=ORIENTED_EDGE('',*,*,#2065,.F.);
#1089=ORIENTED_EDGE('',*,*,#2066,.T.);
#1090=ORIENTED_EDGE('',*,*,#2063,.T.);
#1091=ORIENTED_EDGE('',*,*,#1757,.F.);
#1092=ORIENTED_EDGE('',*,*,#2067,.F.);
#1093=ORIENTED_EDGE('',*,*,#2068,.T.);
#1094=ORIENTED_EDGE('',*,*,#2065,.T.);
#1095=ORIENTED_EDGE('',*,*,#1756,.T.);
#1096=ORIENTED_EDGE('',*,*,#2069,.F.);
#1097=ORIENTED_EDGE('',*,*,#2070,.F.);
#1098=ORIENTED_EDGE('',*,*,#2067,.T.);
#1099=ORIENTED_EDGE('',*,*,#1755,.T.);
#1100=ORIENTED_EDGE('',*,*,#2071,.F.);
#1101=ORIENTED_EDGE('',*,*,#2072,.F.);
#1102=ORIENTED_EDGE('',*,*,#2069,.T.);
#1103=ORIENTED_EDGE('',*,*,#1754,.T.);
#1104=ORIENTED_EDGE('',*,*,#2073,.F.);
#1105=ORIENTED_EDGE('',*,*,#2074,.F.);
#1106=ORIENTED_EDGE('',*,*,#2071,.T.);
#1107=ORIENTED_EDGE('',*,*,#1753,.T.);
#1108=ORIENTED_EDGE('',*,*,#2075,.F.);
#1109=ORIENTED_EDGE('',*,*,#2076,.F.);
#1110=ORIENTED_EDGE('',*,*,#2073,.T.);
#1111=ORIENTED_EDGE('',*,*,#1752,.T.);
#1112=ORIENTED_EDGE('',*,*,#2077,.F.);
#1113=ORIENTED_EDGE('',*,*,#2078,.F.);
#1114=ORIENTED_EDGE('',*,*,#2075,.T.);
#1115=ORIENTED_EDGE('',*,*,#1751,.F.);
#1116=ORIENTED_EDGE('',*,*,#2079,.F.);
#1117=ORIENTED_EDGE('',*,*,#2080,.T.);
#1118=ORIENTED_EDGE('',*,*,#2077,.T.);
#1119=ORIENTED_EDGE('',*,*,#1750,.F.);
#1120=ORIENTED_EDGE('',*,*,#1894,.F.);
#1121=ORIENTED_EDGE('',*,*,#2081,.T.);
#1122=ORIENTED_EDGE('',*,*,#2079,.T.);
#1123=ORIENTED_EDGE('',*,*,#1783,.T.);
#1124=ORIENTED_EDGE('',*,*,#2082,.F.);
#1125=ORIENTED_EDGE('',*,*,#2083,.F.);
#1126=ORIENTED_EDGE('',*,*,#1654,.T.);
#1127=ORIENTED_EDGE('',*,*,#1782,.F.);
#1128=ORIENTED_EDGE('',*,*,#2084,.F.);
#1129=ORIENTED_EDGE('',*,*,#2085,.T.);
#1130=ORIENTED_EDGE('',*,*,#2082,.T.);
#1131=ORIENTED_EDGE('',*,*,#1781,.T.);
#1132=ORIENTED_EDGE('',*,*,#2086,.F.);
#1133=ORIENTED_EDGE('',*,*,#2087,.F.);
#1134=ORIENTED_EDGE('',*,*,#2084,.T.);
#1135=ORIENTED_EDGE('',*,*,#1780,.T.);
#1136=ORIENTED_EDGE('',*,*,#2088,.F.);
#1137=ORIENTED_EDGE('',*,*,#2089,.F.);
#1138=ORIENTED_EDGE('',*,*,#2086,.T.);
#1139=ORIENTED_EDGE('',*,*,#1779,.T.);
#1140=ORIENTED_EDGE('',*,*,#2090,.F.);
#1141=ORIENTED_EDGE('',*,*,#2091,.F.);
#1142=ORIENTED_EDGE('',*,*,#2088,.T.);
#1143=ORIENTED_EDGE('',*,*,#1778,.T.);
#1144=ORIENTED_EDGE('',*,*,#2092,.F.);
#1145=ORIENTED_EDGE('',*,*,#2093,.F.);
#1146=ORIENTED_EDGE('',*,*,#2090,.T.);
#1147=ORIENTED_EDGE('',*,*,#1700,.T.);
#1148=ORIENTED_EDGE('',*,*,#2094,.F.);
#1149=ORIENTED_EDGE('',*,*,#2095,.F.);
#1150=ORIENTED_EDGE('',*,*,#2096,.T.);
#1151=ORIENTED_EDGE('',*,*,#1703,.T.);
#1152=ORIENTED_EDGE('',*,*,#2097,.F.);
#1153=ORIENTED_EDGE('',*,*,#2098,.F.);
#1154=ORIENTED_EDGE('',*,*,#2094,.T.);
#1155=ORIENTED_EDGE('',*,*,#1702,.T.);
#1156=ORIENTED_EDGE('',*,*,#2099,.F.);
#1157=ORIENTED_EDGE('',*,*,#2100,.F.);
#1158=ORIENTED_EDGE('',*,*,#2097,.T.);
#1159=ORIENTED_EDGE('',*,*,#1706,.T.);
#1160=ORIENTED_EDGE('',*,*,#2101,.F.);
#1161=ORIENTED_EDGE('',*,*,#2102,.F.);
#1162=ORIENTED_EDGE('',*,*,#2103,.T.);
#1163=ORIENTED_EDGE('',*,*,#1709,.T.);
#1164=ORIENTED_EDGE('',*,*,#2104,.F.);
#1165=ORIENTED_EDGE('',*,*,#2105,.F.);
#1166=ORIENTED_EDGE('',*,*,#2101,.T.);
#1167=ORIENTED_EDGE('',*,*,#1708,.T.);
#1168=ORIENTED_EDGE('',*,*,#2106,.F.);
#1169=ORIENTED_EDGE('',*,*,#2107,.F.);
#1170=ORIENTED_EDGE('',*,*,#2104,.T.);
#1171=ORIENTED_EDGE('',*,*,#1712,.T.);
#1172=ORIENTED_EDGE('',*,*,#2108,.F.);
#1173=ORIENTED_EDGE('',*,*,#2109,.F.);
#1174=ORIENTED_EDGE('',*,*,#2110,.T.);
#1175=ORIENTED_EDGE('',*,*,#1724,.T.);
#1176=ORIENTED_EDGE('',*,*,#2111,.F.);
#1177=ORIENTED_EDGE('',*,*,#2112,.F.);
#1178=ORIENTED_EDGE('',*,*,#2108,.T.);
#1179=ORIENTED_EDGE('',*,*,#1723,.T.);
#1180=ORIENTED_EDGE('',*,*,#2113,.F.);
#1181=ORIENTED_EDGE('',*,*,#2114,.F.);
#1182=ORIENTED_EDGE('',*,*,#2111,.T.);
#1183=ORIENTED_EDGE('',*,*,#1722,.F.);
#1184=ORIENTED_EDGE('',*,*,#2115,.F.);
#1185=ORIENTED_EDGE('',*,*,#2116,.T.);
#1186=ORIENTED_EDGE('',*,*,#2113,.T.);
#1187=ORIENTED_EDGE('',*,*,#1721,.T.);
#1188=ORIENTED_EDGE('',*,*,#2117,.F.);
#1189=ORIENTED_EDGE('',*,*,#2118,.F.);
#1190=ORIENTED_EDGE('',*,*,#2115,.T.);
#1191=ORIENTED_EDGE('',*,*,#1720,.T.);
#1192=ORIENTED_EDGE('',*,*,#2119,.F.);
#1193=ORIENTED_EDGE('',*,*,#2120,.F.);
#1194=ORIENTED_EDGE('',*,*,#2117,.T.);
#1195=ORIENTED_EDGE('',*,*,#1719,.T.);
#1196=ORIENTED_EDGE('',*,*,#2121,.F.);
#1197=ORIENTED_EDGE('',*,*,#2122,.F.);
#1198=ORIENTED_EDGE('',*,*,#2119,.T.);
#1199=ORIENTED_EDGE('',*,*,#1718,.F.);
#1200=ORIENTED_EDGE('',*,*,#2123,.F.);
#1201=ORIENTED_EDGE('',*,*,#2124,.T.);
#1202=ORIENTED_EDGE('',*,*,#2121,.T.);
#1203=ORIENTED_EDGE('',*,*,#1717,.T.);
#1204=ORIENTED_EDGE('',*,*,#2125,.F.);
#1205=ORIENTED_EDGE('',*,*,#2126,.F.);
#1206=ORIENTED_EDGE('',*,*,#2123,.T.);
#1207=ORIENTED_EDGE('',*,*,#1716,.T.);
#1208=ORIENTED_EDGE('',*,*,#2127,.F.);
#1209=ORIENTED_EDGE('',*,*,#2128,.F.);
#1210=ORIENTED_EDGE('',*,*,#2125,.T.);
#1211=ORIENTED_EDGE('',*,*,#1715,.F.);
#1212=ORIENTED_EDGE('',*,*,#2129,.F.);
#1213=ORIENTED_EDGE('',*,*,#2130,.T.);
#1214=ORIENTED_EDGE('',*,*,#2127,.T.);
#1215=ORIENTED_EDGE('',*,*,#1714,.F.);
#1216=ORIENTED_EDGE('',*,*,#2131,.F.);
#1217=ORIENTED_EDGE('',*,*,#2132,.T.);
#1218=ORIENTED_EDGE('',*,*,#2129,.T.);
#1219=ORIENTED_EDGE('',*,*,#1727,.T.);
#1220=ORIENTED_EDGE('',*,*,#2133,.F.);
#1221=ORIENTED_EDGE('',*,*,#2134,.F.);
#1222=ORIENTED_EDGE('',*,*,#2135,.T.);
#1223=ORIENTED_EDGE('',*,*,#1730,.T.);
#1224=ORIENTED_EDGE('',*,*,#2136,.F.);
#1225=ORIENTED_EDGE('',*,*,#2137,.F.);
#1226=ORIENTED_EDGE('',*,*,#2133,.T.);
#1227=ORIENTED_EDGE('',*,*,#1729,.T.);
#1228=ORIENTED_EDGE('',*,*,#2138,.F.);
#1229=ORIENTED_EDGE('',*,*,#2139,.F.);
#1230=ORIENTED_EDGE('',*,*,#2136,.T.);
#1231=ORIENTED_EDGE('',*,*,#1733,.T.);
#1232=ORIENTED_EDGE('',*,*,#2140,.F.);
#1233=ORIENTED_EDGE('',*,*,#2141,.F.);
#1234=ORIENTED_EDGE('',*,*,#2142,.T.);
#1235=ORIENTED_EDGE('',*,*,#1736,.T.);
#1236=ORIENTED_EDGE('',*,*,#2143,.F.);
#1237=ORIENTED_EDGE('',*,*,#2144,.F.);
#1238=ORIENTED_EDGE('',*,*,#2140,.T.);
#1239=ORIENTED_EDGE('',*,*,#1735,.T.);
#1240=ORIENTED_EDGE('',*,*,#2145,.F.);
#1241=ORIENTED_EDGE('',*,*,#2146,.F.);
#1242=ORIENTED_EDGE('',*,*,#2143,.T.);
#1243=ORIENTED_EDGE('',*,*,#1739,.T.);
#1244=ORIENTED_EDGE('',*,*,#2147,.F.);
#1245=ORIENTED_EDGE('',*,*,#2148,.F.);
#1246=ORIENTED_EDGE('',*,*,#2149,.T.);
#1247=ORIENTED_EDGE('',*,*,#1742,.T.);
#1248=ORIENTED_EDGE('',*,*,#2150,.F.);
#1249=ORIENTED_EDGE('',*,*,#2151,.F.);
#1250=ORIENTED_EDGE('',*,*,#2147,.T.);
#1251=ORIENTED_EDGE('',*,*,#1741,.T.);
#1252=ORIENTED_EDGE('',*,*,#2152,.F.);
#1253=ORIENTED_EDGE('',*,*,#2153,.F.);
#1254=ORIENTED_EDGE('',*,*,#2150,.T.);
#1255=ORIENTED_EDGE('',*,*,#1745,.T.);
#1256=ORIENTED_EDGE('',*,*,#2154,.F.);
#1257=ORIENTED_EDGE('',*,*,#2155,.F.);
#1258=ORIENTED_EDGE('',*,*,#2156,.T.);
#1259=ORIENTED_EDGE('',*,*,#1748,.T.);
#1260=ORIENTED_EDGE('',*,*,#2157,.F.);
#1261=ORIENTED_EDGE('',*,*,#2158,.F.);
#1262=ORIENTED_EDGE('',*,*,#2154,.T.);
#1263=ORIENTED_EDGE('',*,*,#1747,.T.);
#1264=ORIENTED_EDGE('',*,*,#2159,.F.);
#1265=ORIENTED_EDGE('',*,*,#2160,.F.);
#1266=ORIENTED_EDGE('',*,*,#2157,.T.);
#1267=ORIENTED_EDGE('',*,*,#1792,.F.);
#1268=ORIENTED_EDGE('',*,*,#2161,.F.);
#1269=ORIENTED_EDGE('',*,*,#2162,.T.);
#1270=ORIENTED_EDGE('',*,*,#2163,.T.);
#1271=ORIENTED_EDGE('',*,*,#1791,.T.);
#1272=ORIENTED_EDGE('',*,*,#2164,.F.);
#1273=ORIENTED_EDGE('',*,*,#2165,.F.);
#1274=ORIENTED_EDGE('',*,*,#2161,.T.);
#1275=ORIENTED_EDGE('',*,*,#1797,.T.);
#1276=ORIENTED_EDGE('',*,*,#2166,.F.);
#1277=ORIENTED_EDGE('',*,*,#2167,.F.);
#1278=ORIENTED_EDGE('',*,*,#2164,.T.);
#1279=ORIENTED_EDGE('',*,*,#1796,.T.);
#1280=ORIENTED_EDGE('',*,*,#2168,.F.);
#1281=ORIENTED_EDGE('',*,*,#2169,.F.);
#1282=ORIENTED_EDGE('',*,*,#2166,.T.);
#1283=ORIENTED_EDGE('',*,*,#1795,.T.);
#1284=ORIENTED_EDGE('',*,*,#2170,.F.);
#1285=ORIENTED_EDGE('',*,*,#2171,.F.);
#1286=ORIENTED_EDGE('',*,*,#2168,.T.);
#1287=ORIENTED_EDGE('',*,*,#1794,.T.);
#1288=ORIENTED_EDGE('',*,*,#2172,.F.);
#1289=ORIENTED_EDGE('',*,*,#2173,.F.);
#1290=ORIENTED_EDGE('',*,*,#2170,.T.);
#1291=ORIENTED_EDGE('',*,*,#1814,.T.);
#1292=ORIENTED_EDGE('',*,*,#2174,.F.);
#1293=ORIENTED_EDGE('',*,*,#2175,.F.);
#1294=ORIENTED_EDGE('',*,*,#2176,.T.);
#1295=ORIENTED_EDGE('',*,*,#1817,.T.);
#1296=ORIENTED_EDGE('',*,*,#2177,.F.);
#1297=ORIENTED_EDGE('',*,*,#2178,.F.);
#1298=ORIENTED_EDGE('',*,*,#2174,.T.);
#1299=ORIENTED_EDGE('',*,*,#1816,.T.);
#1300=ORIENTED_EDGE('',*,*,#2179,.F.);
#1301=ORIENTED_EDGE('',*,*,#2180,.F.);
#1302=ORIENTED_EDGE('',*,*,#2177,.T.);
#1303=ORIENTED_EDGE('',*,*,#1821,.F.);
#1304=ORIENTED_EDGE('',*,*,#2181,.F.);
#1305=ORIENTED_EDGE('',*,*,#2182,.T.);
#1306=ORIENTED_EDGE('',*,*,#2183,.T.);
#1307=ORIENTED_EDGE('',*,*,#1820,.T.);
#1308=ORIENTED_EDGE('',*,*,#2184,.F.);
#1309=ORIENTED_EDGE('',*,*,#2185,.F.);
#1310=ORIENTED_EDGE('',*,*,#2181,.T.);
#1311=ORIENTED_EDGE('',*,*,#1826,.F.);
#1312=ORIENTED_EDGE('',*,*,#2186,.F.);
#1313=ORIENTED_EDGE('',*,*,#2187,.T.);
#1314=ORIENTED_EDGE('',*,*,#2184,.T.);
#1315=ORIENTED_EDGE('',*,*,#1825,.T.);
#1316=ORIENTED_EDGE('',*,*,#2188,.F.);
#1317=ORIENTED_EDGE('',*,*,#2189,.F.);
#1318=ORIENTED_EDGE('',*,*,#2186,.T.);
#1319=ORIENTED_EDGE('',*,*,#1824,.T.);
#1320=ORIENTED_EDGE('',*,*,#2190,.F.);
#1321=ORIENTED_EDGE('',*,*,#2191,.F.);
#1322=ORIENTED_EDGE('',*,*,#2188,.T.);
#1323=ORIENTED_EDGE('',*,*,#1823,.T.);
#1324=ORIENTED_EDGE('',*,*,#2192,.F.);
#1325=ORIENTED_EDGE('',*,*,#2193,.F.);
#1326=ORIENTED_EDGE('',*,*,#2190,.T.);
#1327=ORIENTED_EDGE('',*,*,#1948,.F.);
#1328=ORIENTED_EDGE('',*,*,#2194,.F.);
#1329=ORIENTED_EDGE('',*,*,#2195,.T.);
#1330=ORIENTED_EDGE('',*,*,#2196,.T.);
#1331=ORIENTED_EDGE('',*,*,#1947,.T.);
#1332=ORIENTED_EDGE('',*,*,#2197,.F.);
#1333=ORIENTED_EDGE('',*,*,#2198,.F.);
#1334=ORIENTED_EDGE('',*,*,#2194,.T.);
#1335=ORIENTED_EDGE('',*,*,#1956,.F.);
#1336=ORIENTED_EDGE('',*,*,#2199,.F.);
#1337=ORIENTED_EDGE('',*,*,#2200,.T.);
#1338=ORIENTED_EDGE('',*,*,#2197,.T.);
#1339=ORIENTED_EDGE('',*,*,#1955,.T.);
#1340=ORIENTED_EDGE('',*,*,#2201,.F.);
#1341=ORIENTED_EDGE('',*,*,#2202,.F.);
#1342=ORIENTED_EDGE('',*,*,#2199,.T.);
#1343=ORIENTED_EDGE('',*,*,#1954,.T.);
#1344=ORIENTED_EDGE('',*,*,#2203,.F.);
#1345=ORIENTED_EDGE('',*,*,#2204,.F.);
#1346=ORIENTED_EDGE('',*,*,#2201,.T.);
#1347=ORIENTED_EDGE('',*,*,#1953,.T.);
#1348=ORIENTED_EDGE('',*,*,#2205,.F.);
#1349=ORIENTED_EDGE('',*,*,#2206,.F.);
#1350=ORIENTED_EDGE('',*,*,#2203,.T.);
#1351=ORIENTED_EDGE('',*,*,#1952,.T.);
#1352=ORIENTED_EDGE('',*,*,#2207,.F.);
#1353=ORIENTED_EDGE('',*,*,#2208,.F.);
#1354=ORIENTED_EDGE('',*,*,#2205,.T.);
#1355=ORIENTED_EDGE('',*,*,#1951,.T.);
#1356=ORIENTED_EDGE('',*,*,#2209,.F.);
#1357=ORIENTED_EDGE('',*,*,#2210,.F.);
#1358=ORIENTED_EDGE('',*,*,#2207,.T.);
#1359=ORIENTED_EDGE('',*,*,#1950,.T.);
#1360=ORIENTED_EDGE('',*,*,#2211,.F.);
#1361=ORIENTED_EDGE('',*,*,#2212,.F.);
#1362=ORIENTED_EDGE('',*,*,#2209,.T.);
#1363=ORIENTED_EDGE('',*,*,#1832,.T.);
#1364=ORIENTED_EDGE('',*,*,#2213,.F.);
#1365=ORIENTED_EDGE('',*,*,#2214,.F.);
#1366=ORIENTED_EDGE('',*,*,#2215,.T.);
#1367=ORIENTED_EDGE('',*,*,#1835,.T.);
#1368=ORIENTED_EDGE('',*,*,#2216,.F.);
#1369=ORIENTED_EDGE('',*,*,#2217,.F.);
#1370=ORIENTED_EDGE('',*,*,#2213,.T.);
#1371=ORIENTED_EDGE('',*,*,#1834,.T.);
#1372=ORIENTED_EDGE('',*,*,#2218,.F.);
#1373=ORIENTED_EDGE('',*,*,#2219,.F.);
#1374=ORIENTED_EDGE('',*,*,#2216,.T.);
#1375=ORIENTED_EDGE('',*,*,#1838,.T.);
#1376=ORIENTED_EDGE('',*,*,#2220,.F.);
#1377=ORIENTED_EDGE('',*,*,#2221,.F.);
#1378=ORIENTED_EDGE('',*,*,#2222,.T.);
#1379=ORIENTED_EDGE('',*,*,#1841,.T.);
#1380=ORIENTED_EDGE('',*,*,#2223,.F.);
#1381=ORIENTED_EDGE('',*,*,#2224,.F.);
#1382=ORIENTED_EDGE('',*,*,#2220,.T.);
#1383=ORIENTED_EDGE('',*,*,#1840,.T.);
#1384=ORIENTED_EDGE('',*,*,#2225,.F.);
#1385=ORIENTED_EDGE('',*,*,#2226,.F.);
#1386=ORIENTED_EDGE('',*,*,#2223,.T.);
#1387=ORIENTED_EDGE('',*,*,#1777,.F.);
#1388=ORIENTED_EDGE('',*,*,#2030,.F.);
#1389=ORIENTED_EDGE('',*,*,#2227,.T.);
#1390=ORIENTED_EDGE('',*,*,#2092,.T.);
#1391=ORIENTED_EDGE('',*,*,#1701,.F.);
#1392=ORIENTED_EDGE('',*,*,#2096,.F.);
#1393=ORIENTED_EDGE('',*,*,#2228,.T.);
#1394=ORIENTED_EDGE('',*,*,#2099,.T.);
#1395=ORIENTED_EDGE('',*,*,#1707,.F.);
#1396=ORIENTED_EDGE('',*,*,#2103,.F.);
#1397=ORIENTED_EDGE('',*,*,#2229,.T.);
#1398=ORIENTED_EDGE('',*,*,#2106,.T.);
#1399=ORIENTED_EDGE('',*,*,#1713,.F.);
#1400=ORIENTED_EDGE('',*,*,#2110,.F.);
#1401=ORIENTED_EDGE('',*,*,#2230,.T.);
#1402=ORIENTED_EDGE('',*,*,#2131,.T.);
#1403=ORIENTED_EDGE('',*,*,#1728,.F.);
#1404=ORIENTED_EDGE('',*,*,#2135,.F.);
#1405=ORIENTED_EDGE('',*,*,#2231,.T.);
#1406=ORIENTED_EDGE('',*,*,#2138,.T.);
#1407=ORIENTED_EDGE('',*,*,#1734,.F.);
#1408=ORIENTED_EDGE('',*,*,#2142,.F.);
#1409=ORIENTED_EDGE('',*,*,#2232,.T.);
#1410=ORIENTED_EDGE('',*,*,#2145,.T.);
#1411=ORIENTED_EDGE('',*,*,#1740,.F.);
#1412=ORIENTED_EDGE('',*,*,#2149,.F.);
#1413=ORIENTED_EDGE('',*,*,#2233,.T.);
#1414=ORIENTED_EDGE('',*,*,#2152,.T.);
#1415=ORIENTED_EDGE('',*,*,#1746,.F.);
#1416=ORIENTED_EDGE('',*,*,#2156,.F.);
#1417=ORIENTED_EDGE('',*,*,#2234,.T.);
#1418=ORIENTED_EDGE('',*,*,#2159,.T.);
#1419=ORIENTED_EDGE('',*,*,#1793,.F.);
#1420=ORIENTED_EDGE('',*,*,#2163,.F.);
#1421=ORIENTED_EDGE('',*,*,#2235,.T.);
#1422=ORIENTED_EDGE('',*,*,#2172,.T.);
#1423=ORIENTED_EDGE('',*,*,#2236,.T.);
#1424=ORIENTED_EDGE('',*,*,#1800,.F.);
#1425=ORIENTED_EDGE('',*,*,#2237,.T.);
#1426=ORIENTED_EDGE('',*,*,#1802,.F.);
#1427=ORIENTED_EDGE('',*,*,#2238,.T.);
#1428=ORIENTED_EDGE('',*,*,#1804,.F.);
#1429=ORIENTED_EDGE('',*,*,#2239,.T.);
#1430=ORIENTED_EDGE('',*,*,#1806,.F.);
#1431=ORIENTED_EDGE('',*,*,#2240,.T.);
#1432=ORIENTED_EDGE('',*,*,#1808,.F.);
#1433=ORIENTED_EDGE('',*,*,#2241,.T.);
#1434=ORIENTED_EDGE('',*,*,#1810,.F.);
#1435=ORIENTED_EDGE('',*,*,#2242,.T.);
#1436=ORIENTED_EDGE('',*,*,#1818,.F.);
#1437=ORIENTED_EDGE('',*,*,#1815,.F.);
#1438=ORIENTED_EDGE('',*,*,#2176,.F.);
#1439=ORIENTED_EDGE('',*,*,#2243,.T.);
#1440=ORIENTED_EDGE('',*,*,#2179,.T.);
#1441=ORIENTED_EDGE('',*,*,#1822,.T.);
#1442=ORIENTED_EDGE('',*,*,#2183,.F.);
#1443=ORIENTED_EDGE('',*,*,#2244,.F.);
#1444=ORIENTED_EDGE('',*,*,#2192,.T.);
#1445=ORIENTED_EDGE('',*,*,#1949,.F.);
#1446=ORIENTED_EDGE('',*,*,#2196,.F.);
#1447=ORIENTED_EDGE('',*,*,#2245,.T.);
#1448=ORIENTED_EDGE('',*,*,#2211,.T.);
#1449=ORIENTED_EDGE('',*,*,#1833,.F.);
#1450=ORIENTED_EDGE('',*,*,#2215,.F.);
#1451=ORIENTED_EDGE('',*,*,#2246,.T.);
#1452=ORIENTED_EDGE('',*,*,#2218,.T.);
#1453=ORIENTED_EDGE('',*,*,#1839,.F.);
#1454=ORIENTED_EDGE('',*,*,#2222,.F.);
#1455=ORIENTED_EDGE('',*,*,#2247,.T.);
#1456=ORIENTED_EDGE('',*,*,#2225,.T.);
#1457=ORIENTED_EDGE('',*,*,#1853,.T.);
#1458=ORIENTED_EDGE('',*,*,#1959,.F.);
#1459=ORIENTED_EDGE('',*,*,#2248,.F.);
#1460=ORIENTED_EDGE('',*,*,#2026,.T.);
#1461=ORIENTED_EDGE('',*,*,#2221,.T.);
#1462=ORIENTED_EDGE('',*,*,#2224,.T.);
#1463=ORIENTED_EDGE('',*,*,#2226,.T.);
#1464=ORIENTED_EDGE('',*,*,#2247,.F.);
#1465=ORIENTED_EDGE('',*,*,#2214,.T.);
#1466=ORIENTED_EDGE('',*,*,#2217,.T.);
#1467=ORIENTED_EDGE('',*,*,#2219,.T.);
#1468=ORIENTED_EDGE('',*,*,#2246,.F.);
#1469=ORIENTED_EDGE('',*,*,#2195,.F.);
#1470=ORIENTED_EDGE('',*,*,#2198,.T.);
#1471=ORIENTED_EDGE('',*,*,#2200,.F.);
#1472=ORIENTED_EDGE('',*,*,#2202,.T.);
#1473=ORIENTED_EDGE('',*,*,#2204,.T.);
#1474=ORIENTED_EDGE('',*,*,#2206,.T.);
#1475=ORIENTED_EDGE('',*,*,#2208,.T.);
#1476=ORIENTED_EDGE('',*,*,#2210,.T.);
#1477=ORIENTED_EDGE('',*,*,#2212,.T.);
#1478=ORIENTED_EDGE('',*,*,#2245,.F.);
#1479=ORIENTED_EDGE('',*,*,#2182,.F.);
#1480=ORIENTED_EDGE('',*,*,#2185,.T.);
#1481=ORIENTED_EDGE('',*,*,#2187,.F.);
#1482=ORIENTED_EDGE('',*,*,#2189,.T.);
#1483=ORIENTED_EDGE('',*,*,#2191,.T.);
#1484=ORIENTED_EDGE('',*,*,#2193,.T.);
#1485=ORIENTED_EDGE('',*,*,#2244,.T.);
#1486=ORIENTED_EDGE('',*,*,#2175,.T.);
#1487=ORIENTED_EDGE('',*,*,#2178,.T.);
#1488=ORIENTED_EDGE('',*,*,#2180,.T.);
#1489=ORIENTED_EDGE('',*,*,#2243,.F.);
#1490=ORIENTED_EDGE('',*,*,#1697,.F.);
#1491=ORIENTED_EDGE('',*,*,#1695,.F.);
#1492=ORIENTED_EDGE('',*,*,#2242,.F.);
#1493=ORIENTED_EDGE('',*,*,#2241,.F.);
#1494=ORIENTED_EDGE('',*,*,#2240,.F.);
#1495=ORIENTED_EDGE('',*,*,#2239,.F.);
#1496=ORIENTED_EDGE('',*,*,#2238,.F.);
#1497=ORIENTED_EDGE('',*,*,#2237,.F.);
#1498=ORIENTED_EDGE('',*,*,#2236,.F.);
#1499=ORIENTED_EDGE('',*,*,#1693,.F.);
#1500=ORIENTED_EDGE('',*,*,#1691,.F.);
#1501=ORIENTED_EDGE('',*,*,#1689,.T.);
#1502=ORIENTED_EDGE('',*,*,#2162,.F.);
#1503=ORIENTED_EDGE('',*,*,#2165,.T.);
#1504=ORIENTED_EDGE('',*,*,#2167,.T.);
#1505=ORIENTED_EDGE('',*,*,#2169,.T.);
#1506=ORIENTED_EDGE('',*,*,#2171,.T.);
#1507=ORIENTED_EDGE('',*,*,#2173,.T.);
#1508=ORIENTED_EDGE('',*,*,#2235,.F.);
#1509=ORIENTED_EDGE('',*,*,#2155,.T.);
#1510=ORIENTED_EDGE('',*,*,#2158,.T.);
#1511=ORIENTED_EDGE('',*,*,#2160,.T.);
#1512=ORIENTED_EDGE('',*,*,#2234,.F.);
#1513=ORIENTED_EDGE('',*,*,#2148,.T.);
#1514=ORIENTED_EDGE('',*,*,#2151,.T.);
#1515=ORIENTED_EDGE('',*,*,#2153,.T.);
#1516=ORIENTED_EDGE('',*,*,#2233,.F.);
#1517=ORIENTED_EDGE('',*,*,#2141,.T.);
#1518=ORIENTED_EDGE('',*,*,#2144,.T.);
#1519=ORIENTED_EDGE('',*,*,#2146,.T.);
#1520=ORIENTED_EDGE('',*,*,#2232,.F.);
#1521=ORIENTED_EDGE('',*,*,#2134,.T.);
#1522=ORIENTED_EDGE('',*,*,#2137,.T.);
#1523=ORIENTED_EDGE('',*,*,#2139,.T.);
#1524=ORIENTED_EDGE('',*,*,#2231,.F.);
#1525=ORIENTED_EDGE('',*,*,#2109,.T.);
#1526=ORIENTED_EDGE('',*,*,#2112,.T.);
#1527=ORIENTED_EDGE('',*,*,#2114,.T.);
#1528=ORIENTED_EDGE('',*,*,#2116,.F.);
#1529=ORIENTED_EDGE('',*,*,#2118,.T.);
#1530=ORIENTED_EDGE('',*,*,#2120,.T.);
#1531=ORIENTED_EDGE('',*,*,#2122,.T.);
#1532=ORIENTED_EDGE('',*,*,#2124,.F.);
#1533=ORIENTED_EDGE('',*,*,#2126,.T.);
#1534=ORIENTED_EDGE('',*,*,#2128,.T.);
#1535=ORIENTED_EDGE('',*,*,#2130,.F.);
#1536=ORIENTED_EDGE('',*,*,#2132,.F.);
#1537=ORIENTED_EDGE('',*,*,#2230,.F.);
#1538=ORIENTED_EDGE('',*,*,#2102,.T.);
#1539=ORIENTED_EDGE('',*,*,#2105,.T.);
#1540=ORIENTED_EDGE('',*,*,#2107,.T.);
#1541=ORIENTED_EDGE('',*,*,#2229,.F.);
#1542=ORIENTED_EDGE('',*,*,#2095,.T.);
#1543=ORIENTED_EDGE('',*,*,#2098,.T.);
#1544=ORIENTED_EDGE('',*,*,#2100,.T.);
#1545=ORIENTED_EDGE('',*,*,#2228,.F.);
#1546=ORIENTED_EDGE('',*,*,#2029,.T.);
#1547=ORIENTED_EDGE('',*,*,#2032,.T.);
#1548=ORIENTED_EDGE('',*,*,#2034,.T.);
#1549=ORIENTED_EDGE('',*,*,#2036,.T.);
#1550=ORIENTED_EDGE('',*,*,#2038,.F.);
#1551=ORIENTED_EDGE('',*,*,#2040,.F.);
#1552=ORIENTED_EDGE('',*,*,#2042,.F.);
#1553=ORIENTED_EDGE('',*,*,#2044,.T.);
#1554=ORIENTED_EDGE('',*,*,#2046,.T.);
#1555=ORIENTED_EDGE('',*,*,#2048,.F.);
#1556=ORIENTED_EDGE('',*,*,#2050,.F.);
#1557=ORIENTED_EDGE('',*,*,#2052,.F.);
#1558=ORIENTED_EDGE('',*,*,#2054,.F.);
#1559=ORIENTED_EDGE('',*,*,#2056,.T.);
#1560=ORIENTED_EDGE('',*,*,#2058,.T.);
#1561=ORIENTED_EDGE('',*,*,#2060,.T.);
#1562=ORIENTED_EDGE('',*,*,#2062,.T.);
#1563=ORIENTED_EDGE('',*,*,#2064,.F.);
#1564=ORIENTED_EDGE('',*,*,#2066,.F.);
#1565=ORIENTED_EDGE('',*,*,#2068,.F.);
#1566=ORIENTED_EDGE('',*,*,#2070,.T.);
#1567=ORIENTED_EDGE('',*,*,#2072,.T.);
#1568=ORIENTED_EDGE('',*,*,#2074,.T.);
#1569=ORIENTED_EDGE('',*,*,#2076,.T.);
#1570=ORIENTED_EDGE('',*,*,#2078,.T.);
#1571=ORIENTED_EDGE('',*,*,#2080,.F.);
#1572=ORIENTED_EDGE('',*,*,#2081,.F.);
#1573=ORIENTED_EDGE('',*,*,#1893,.T.);
#1574=ORIENTED_EDGE('',*,*,#1634,.T.);
#1575=ORIENTED_EDGE('',*,*,#1659,.T.);
#1576=ORIENTED_EDGE('',*,*,#1638,.T.);
#1577=ORIENTED_EDGE('',*,*,#1661,.T.);
#1578=ORIENTED_EDGE('',*,*,#1664,.T.);
#1579=ORIENTED_EDGE('',*,*,#1668,.F.);
#1580=ORIENTED_EDGE('',*,*,#1671,.F.);
#1581=ORIENTED_EDGE('',*,*,#1673,.F.);
#1582=ORIENTED_EDGE('',*,*,#1643,.F.);
#1583=ORIENTED_EDGE('',*,*,#1676,.F.);
#1584=ORIENTED_EDGE('',*,*,#1679,.F.);
#1585=ORIENTED_EDGE('',*,*,#1681,.T.);
#1586=ORIENTED_EDGE('',*,*,#1684,.F.);
#1587=ORIENTED_EDGE('',*,*,#1647,.F.);
#1588=ORIENTED_EDGE('',*,*,#1686,.F.);
#1589=ORIENTED_EDGE('',*,*,#1651,.F.);
#1590=ORIENTED_EDGE('',*,*,#1655,.F.);
#1591=ORIENTED_EDGE('',*,*,#2083,.T.);
#1592=ORIENTED_EDGE('',*,*,#2085,.F.);
#1593=ORIENTED_EDGE('',*,*,#2087,.T.);
#1594=ORIENTED_EDGE('',*,*,#2089,.T.);
#1595=ORIENTED_EDGE('',*,*,#2091,.T.);
#1596=ORIENTED_EDGE('',*,*,#2093,.T.);
#1597=ORIENTED_EDGE('',*,*,#2227,.F.);
#1598=ORIENTED_EDGE('',*,*,#1958,.T.);
#1599=ORIENTED_EDGE('',*,*,#1961,.T.);
#1600=ORIENTED_EDGE('',*,*,#1963,.T.);
#1601=ORIENTED_EDGE('',*,*,#1965,.F.);
#1602=ORIENTED_EDGE('',*,*,#1967,.T.);
#1603=ORIENTED_EDGE('',*,*,#1969,.T.);
#1604=ORIENTED_EDGE('',*,*,#1971,.T.);
#1605=ORIENTED_EDGE('',*,*,#1973,.F.);
#1606=ORIENTED_EDGE('',*,*,#1975,.F.);
#1607=ORIENTED_EDGE('',*,*,#1977,.T.);
#1608=ORIENTED_EDGE('',*,*,#1979,.T.);
#1609=ORIENTED_EDGE('',*,*,#1981,.T.);
#1610=ORIENTED_EDGE('',*,*,#1983,.T.);
#1611=ORIENTED_EDGE('',*,*,#1985,.T.);
#1612=ORIENTED_EDGE('',*,*,#1987,.F.);
#1613=ORIENTED_EDGE('',*,*,#1989,.T.);
#1614=ORIENTED_EDGE('',*,*,#1991,.T.);
#1615=ORIENTED_EDGE('',*,*,#1993,.T.);
#1616=ORIENTED_EDGE('',*,*,#1995,.F.);
#1617=ORIENTED_EDGE('',*,*,#1997,.T.);
#1618=ORIENTED_EDGE('',*,*,#1999,.T.);
#1619=ORIENTED_EDGE('',*,*,#2001,.F.);
#1620=ORIENTED_EDGE('',*,*,#2003,.F.);
#1621=ORIENTED_EDGE('',*,*,#2005,.F.);
#1622=ORIENTED_EDGE('',*,*,#2007,.T.);
#1623=ORIENTED_EDGE('',*,*,#2009,.T.);
#1624=ORIENTED_EDGE('',*,*,#2011,.T.);
#1625=ORIENTED_EDGE('',*,*,#2013,.F.);
#1626=ORIENTED_EDGE('',*,*,#2015,.F.);
#1627=ORIENTED_EDGE('',*,*,#2017,.F.);
#1628=ORIENTED_EDGE('',*,*,#2019,.T.);
#1629=ORIENTED_EDGE('',*,*,#2021,.T.);
#1630=ORIENTED_EDGE('',*,*,#2023,.F.);
#1631=ORIENTED_EDGE('',*,*,#2025,.F.);
#1632=ORIENTED_EDGE('',*,*,#2027,.F.);
#1633=ORIENTED_EDGE('',*,*,#2248,.T.);
#1634=EDGE_CURVE('',#2249,#2250,#2699,.T.);
#1635=EDGE_CURVE('',#2249,#2251,#2700,.T.);
#1636=EDGE_CURVE('',#2251,#2252,#2701,.T.);
#1637=EDGE_CURVE('',#2250,#2252,#2702,.T.);
#1638=EDGE_CURVE('',#2253,#2254,#2703,.T.);
#1639=EDGE_CURVE('',#2253,#2255,#2704,.T.);
#1640=EDGE_CURVE('',#2255,#2256,#2705,.T.);
#1641=EDGE_CURVE('',#2254,#2256,#2706,.T.);
#1642=EDGE_CURVE('',#2257,#2258,#2707,.T.);
#1643=EDGE_CURVE('',#2257,#2259,#2708,.T.);
#1644=EDGE_CURVE('',#2259,#2260,#2709,.T.);
#1645=EDGE_CURVE('',#2258,#2260,#2710,.T.);
#1646=EDGE_CURVE('',#2261,#2262,#2711,.T.);
#1647=EDGE_CURVE('',#2261,#2263,#2712,.T.);
#1648=EDGE_CURVE('',#2263,#2264,#2713,.T.);
#1649=EDGE_CURVE('',#2262,#2264,#2714,.T.);
#1650=EDGE_CURVE('',#2265,#2266,#2715,.T.);
#1651=EDGE_CURVE('',#2265,#2267,#2716,.T.);
#1652=EDGE_CURVE('',#2267,#2268,#2717,.T.);
#1653=EDGE_CURVE('',#2266,#2268,#2718,.T.);
#1654=EDGE_CURVE('',#2269,#2270,#2719,.T.);
#1655=EDGE_CURVE('',#2269,#2265,#12,.T.);
#1656=EDGE_CURVE('',#2271,#2266,#13,.T.);
#1657=EDGE_CURVE('',#2272,#2271,#2720,.T.);
#1658=EDGE_CURVE('',#2272,#2270,#14,.T.);
#1659=EDGE_CURVE('',#2250,#2253,#15,.T.);
#1660=EDGE_CURVE('',#2252,#2255,#16,.T.);
#1661=EDGE_CURVE('',#2254,#2273,#17,.T.);
#1662=EDGE_CURVE('',#2256,#2274,#18,.T.);
#1663=EDGE_CURVE('',#2273,#2274,#2721,.T.);
#1664=EDGE_CURVE('',#2273,#2275,#2722,.T.);
#1665=EDGE_CURVE('',#2274,#2276,#2723,.T.);
#1666=EDGE_CURVE('',#2275,#2276,#2724,.T.);
#1667=EDGE_CURVE('',#2277,#2278,#2725,.T.);
#1668=EDGE_CURVE('',#2277,#2275,#2726,.T.);
#1669=EDGE_CURVE('',#2278,#2276,#2727,.T.);
#1670=EDGE_CURVE('',#2279,#2280,#2728,.T.);
#1671=EDGE_CURVE('',#2279,#2277,#2729,.T.);
#1672=EDGE_CURVE('',#2280,#2278,#2730,.T.);
#1673=EDGE_CURVE('',#2259,#2279,#19,.T.);
#1674=EDGE_CURVE('',#2260,#2280,#20,.T.);
#1675=EDGE_CURVE('',#2281,#2282,#2731,.T.);
#1676=EDGE_CURVE('',#2281,#2257,#21,.T.);
#1677=EDGE_CURVE('',#2282,#2258,#22,.T.);
#1678=EDGE_CURVE('',#2283,#2284,#2732,.T.);
#1679=EDGE_CURVE('',#2283,#2281,#2733,.T.);
#1680=EDGE_CURVE('',#2284,#2282,#2734,.T.);
#1681=EDGE_CURVE('',#2283,#2285,#23,.T.);
#1682=EDGE_CURVE('',#2284,#2286,#24,.T.);
#1683=EDGE_CURVE('',#2285,#2286,#2735,.T.);
#1684=EDGE_CURVE('',#2263,#2285,#25,.T.);
#1685=EDGE_CURVE('',#2264,#2286,#26,.T.);
#1686=EDGE_CURVE('',#2267,#2261,#27,.T.);
#1687=EDGE_CURVE('',#2268,#2262,#28,.T.);
#1688=EDGE_CURVE('',#2287,#2287,#29,.T.);
#1689=EDGE_CURVE('',#2288,#2288,#30,.T.);
#1690=EDGE_CURVE('',#2289,#2289,#31,.T.);
#1691=EDGE_CURVE('',#2290,#2290,#32,.T.);
#1692=EDGE_CURVE('',#2291,#2291,#33,.T.);
#1693=EDGE_CURVE('',#2292,#2292,#34,.T.);
#1694=EDGE_CURVE('',#2293,#2293,#35,.T.);
#1695=EDGE_CURVE('',#2294,#2294,#36,.T.);
#1696=EDGE_CURVE('',#2295,#2295,#37,.T.);
#1697=EDGE_CURVE('',#2296,#2296,#38,.T.);
#1698=EDGE_CURVE('',#2297,#2297,#39,.T.);
#1699=EDGE_CURVE('',#2298,#2298,#40,.T.);
#1700=EDGE_CURVE('',#2299,#2300,#41,.T.);
#1701=EDGE_CURVE('',#2299,#2301,#2736,.T.);
#1702=EDGE_CURVE('',#2302,#2301,#42,.T.);
#1703=EDGE_CURVE('',#2300,#2302,#2737,.T.);
#1704=EDGE_CURVE('',#2303,#2303,#43,.T.);
#1705=EDGE_CURVE('',#2304,#2304,#44,.T.);
#1706=EDGE_CURVE('',#2305,#2306,#45,.T.);
#1707=EDGE_CURVE('',#2305,#2307,#2738,.T.);
#1708=EDGE_CURVE('',#2308,#2307,#46,.T.);
#1709=EDGE_CURVE('',#2306,#2308,#2739,.T.);
#1710=EDGE_CURVE('',#2309,#2309,#47,.T.);
#1711=EDGE_CURVE('',#2310,#2310,#48,.T.);
#1712=EDGE_CURVE('',#2311,#2312,#2740,.T.);
#1713=EDGE_CURVE('',#2311,#2313,#49,.T.);
#1714=EDGE_CURVE('',#2313,#2314,#2741,.T.);
#1715=EDGE_CURVE('',#2314,#2315,#2742,.T.);
#1716=EDGE_CURVE('',#2316,#2315,#50,.T.);
#1717=EDGE_CURVE('',#2317,#2316,#2743,.T.);
#1718=EDGE_CURVE('',#2317,#2318,#2744,.T.);
#1719=EDGE_CURVE('',#2319,#2318,#51,.T.);
#1720=EDGE_CURVE('',#2320,#2319,#2745,.T.);
#1721=EDGE_CURVE('',#2321,#2320,#52,.T.);
#1722=EDGE_CURVE('',#2321,#2322,#2746,.T.);
#1723=EDGE_CURVE('',#2323,#2322,#2747,.T.);
#1724=EDGE_CURVE('',#2312,#2323,#53,.T.);
#1725=EDGE_CURVE('',#2324,#2324,#54,.T.);
#1726=EDGE_CURVE('',#2325,#2325,#55,.T.);
#1727=EDGE_CURVE('',#2326,#2327,#56,.T.);
#1728=EDGE_CURVE('',#2326,#2328,#2748,.T.);
#1729=EDGE_CURVE('',#2329,#2328,#57,.T.);
#1730=EDGE_CURVE('',#2327,#2329,#2749,.T.);
#1731=EDGE_CURVE('',#2330,#2330,#58,.T.);
#1732=EDGE_CURVE('',#2331,#2331,#59,.T.);
#1733=EDGE_CURVE('',#2332,#2333,#60,.T.);
#1734=EDGE_CURVE('',#2332,#2334,#2750,.T.);
#1735=EDGE_CURVE('',#2335,#2334,#61,.T.);
#1736=EDGE_CURVE('',#2333,#2335,#2751,.T.);
#1737=EDGE_CURVE('',#2336,#2336,#62,.T.);
#1738=EDGE_CURVE('',#2337,#2337,#63,.T.);
#1739=EDGE_CURVE('',#2338,#2339,#64,.T.);
#1740=EDGE_CURVE('',#2338,#2340,#2752,.T.);
#1741=EDGE_CURVE('',#2341,#2340,#65,.T.);
#1742=EDGE_CURVE('',#2339,#2341,#2753,.T.);
#1743=EDGE_CURVE('',#2342,#2342,#66,.T.);
#1744=EDGE_CURVE('',#2343,#2343,#67,.T.);
#1745=EDGE_CURVE('',#2344,#2345,#68,.T.);
#1746=EDGE_CURVE('',#2344,#2346,#2754,.T.);
#1747=EDGE_CURVE('',#2347,#2346,#69,.T.);
#1748=EDGE_CURVE('',#2345,#2347,#2755,.T.);
#1749=EDGE_CURVE('',#2272,#2348,#70,.T.);
#1750=EDGE_CURVE('',#2348,#2349,#2756,.T.);
#1751=EDGE_CURVE('',#2349,#2350,#2757,.T.);
#1752=EDGE_CURVE('',#2351,#2350,#71,.T.);
#1753=EDGE_CURVE('',#2352,#2351,#2758,.T.);
#1754=EDGE_CURVE('',#2353,#2352,#72,.T.);
#1755=EDGE_CURVE('',#2354,#2353,#2759,.T.);
#1756=EDGE_CURVE('',#2355,#2354,#2760,.T.);
#1757=EDGE_CURVE('',#2355,#2356,#2761,.T.);
#1758=EDGE_CURVE('',#2356,#2357,#2762,.T.);
#1759=EDGE_CURVE('',#2357,#2358,#73,.T.);
#1760=EDGE_CURVE('',#2359,#2358,#2763,.T.);
#1761=EDGE_CURVE('',#2360,#2359,#74,.T.);
#1762=EDGE_CURVE('',#2361,#2360,#2764,.T.);
#1763=EDGE_CURVE('',#2362,#2361,#75,.T.);
#1764=EDGE_CURVE('',#2362,#2363,#2765,.T.);
#1765=EDGE_CURVE('',#2363,#2364,#2766,.T.);
#1766=EDGE_CURVE('',#2364,#2365,#76,.T.);
#1767=EDGE_CURVE('',#2365,#2366,#2767,.T.);
#1768=EDGE_CURVE('',#2367,#2366,#77,.T.);
#1769=EDGE_CURVE('',#2368,#2367,#2768,.T.);
#1770=EDGE_CURVE('',#2368,#2369,#78,.T.);
#1771=EDGE_CURVE('',#2369,#2370,#2769,.T.);
#1772=EDGE_CURVE('',#2370,#2371,#2770,.T.);
#1773=EDGE_CURVE('',#2372,#2371,#79,.T.);
#1774=EDGE_CURVE('',#2373,#2372,#2771,.T.);
#1775=EDGE_CURVE('',#2374,#2373,#80,.T.);
#1776=EDGE_CURVE('',#2375,#2374,#2772,.T.);
#1777=EDGE_CURVE('',#2375,#2376,#81,.T.);
#1778=EDGE_CURVE('',#2377,#2376,#2773,.T.);
#1779=EDGE_CURVE('',#2378,#2377,#82,.T.);
#1780=EDGE_CURVE('',#2379,#2378,#2774,.T.);
#1781=EDGE_CURVE('',#2380,#2379,#83,.T.);
#1782=EDGE_CURVE('',#2380,#2381,#2775,.T.);
#1783=EDGE_CURVE('',#2270,#2381,#84,.T.);
#1784=EDGE_CURVE('',#2382,#2382,#85,.T.);
#1785=EDGE_CURVE('',#2383,#2383,#86,.T.);
#1786=EDGE_CURVE('',#2384,#2384,#87,.T.);
#1787=EDGE_CURVE('',#2385,#2385,#88,.T.);
#1788=EDGE_CURVE('',#2386,#2386,#89,.T.);
#1789=EDGE_CURVE('',#2387,#2387,#90,.T.);
#1790=EDGE_CURVE('',#2388,#2388,#91,.T.);
#1791=EDGE_CURVE('',#2389,#2390,#92,.T.);
#1792=EDGE_CURVE('',#2389,#2391,#2776,.T.);
#1793=EDGE_CURVE('',#2391,#2392,#2777,.T.);
#1794=EDGE_CURVE('',#2393,#2392,#93,.T.);
#1795=EDGE_CURVE('',#2394,#2393,#2778,.T.);
#1796=EDGE_CURVE('',#2395,#2394,#94,.T.);
#1797=EDGE_CURVE('',#2390,#2395,#2779,.T.);
#1798=EDGE_CURVE('',#2396,#2396,#95,.T.);
#1799=EDGE_CURVE('',#2397,#2397,#96,.T.);
#1800=EDGE_CURVE('',#2398,#2398,#97,.T.);
#1801=EDGE_CURVE('',#2399,#2399,#98,.T.);
#1802=EDGE_CURVE('',#2400,#2400,#99,.T.);
#1803=EDGE_CURVE('',#2401,#2401,#100,.T.);
#1804=EDGE_CURVE('',#2402,#2402,#101,.T.);
#1805=EDGE_CURVE('',#2403,#2403,#102,.T.);
#1806=EDGE_CURVE('',#2404,#2404,#103,.T.);
#1807=EDGE_CURVE('',#2405,#2405,#104,.T.);
#1808=EDGE_CURVE('',#2406,#2406,#105,.T.);
#1809=EDGE_CURVE('',#2407,#2407,#106,.T.);
#1810=EDGE_CURVE('',#2408,#2408,#107,.T.);
#1811=EDGE_CURVE('',#2409,#2409,#108,.T.);
#1812=EDGE_CURVE('',#2410,#2410,#109,.T.);
#1813=EDGE_CURVE('',#2411,#2411,#110,.T.);
#1814=EDGE_CURVE('',#2412,#2413,#111,.T.);
#1815=EDGE_CURVE('',#2412,#2414,#2780,.T.);
#1816=EDGE_CURVE('',#2415,#2414,#112,.T.);
#1817=EDGE_CURVE('',#2413,#2415,#2781,.T.);
#1818=EDGE_CURVE('',#2416,#2416,#113,.T.);
#1819=EDGE_CURVE('',#2417,#2417,#114,.T.);
#1820=EDGE_CURVE('',#2418,#2419,#115,.T.);
#1821=EDGE_CURVE('',#2418,#2420,#2782,.T.);
#1822=EDGE_CURVE('',#2421,#2420,#116,.T.);
#1823=EDGE_CURVE('',#2422,#2421,#2783,.T.);
#1824=EDGE_CURVE('',#2423,#2422,#2784,.T.);
#1825=EDGE_CURVE('',#2424,#2423,#117,.T.);
#1826=EDGE_CURVE('',#2424,#2419,#2785,.T.);
#1827=EDGE_CURVE('',#2425,#2425,#118,.T.);
#1828=EDGE_CURVE('',#2426,#2426,#119,.T.);
#1829=EDGE_CURVE('',#2427,#2427,#120,.T.);
#1830=EDGE_CURVE('',#2428,#2428,#121,.T.);
#1831=EDGE_CURVE('',#2429,#2429,#122,.T.);
#1832=EDGE_CURVE('',#2430,#2431,#123,.T.);
#1833=EDGE_CURVE('',#2430,#2432,#2786,.T.);
#1834=EDGE_CURVE('',#2433,#2432,#124,.T.);
#1835=EDGE_CURVE('',#2431,#2433,#2787,.T.);
#1836=EDGE_CURVE('',#2434,#2434,#125,.T.);
#1837=EDGE_CURVE('',#2435,#2435,#126,.T.);
#1838=EDGE_CURVE('',#2436,#2437,#127,.T.);
#1839=EDGE_CURVE('',#2436,#2438,#2788,.T.);
#1840=EDGE_CURVE('',#2439,#2438,#128,.T.);
#1841=EDGE_CURVE('',#2437,#2439,#2789,.T.);
#1842=EDGE_CURVE('',#2440,#2441,#2790,.T.);
#1843=EDGE_CURVE('',#2441,#2442,#129,.T.);
#1844=EDGE_CURVE('',#2440,#2442,#130,.T.);
#1845=EDGE_CURVE('',#2443,#2443,#131,.T.);
#1846=EDGE_CURVE('',#2444,#2444,#132,.T.);
#1847=EDGE_CURVE('',#2445,#2445,#133,.T.);
#1848=EDGE_CURVE('',#2446,#2446,#134,.T.);
#1849=EDGE_CURVE('',#2447,#2447,#135,.T.);
#1850=EDGE_CURVE('',#2448,#2448,#136,.T.);
#1851=EDGE_CURVE('',#2449,#2449,#137,.T.);
#1852=EDGE_CURVE('',#2450,#2451,#2791,.T.);
#1853=EDGE_CURVE('',#2452,#2450,#138,.T.);
#1854=EDGE_CURVE('',#2452,#2453,#2792,.T.);
#1855=EDGE_CURVE('',#2453,#2454,#2793,.T.);
#1856=EDGE_CURVE('',#2454,#2455,#2794,.T.);
#1857=EDGE_CURVE('',#2456,#2455,#2795,.T.);
#1858=EDGE_CURVE('',#2457,#2456,#139,.T.);
#1859=EDGE_CURVE('',#2457,#2458,#2796,.T.);
#1860=EDGE_CURVE('',#2458,#2459,#2797,.T.);
#1861=EDGE_CURVE('',#2459,#2460,#140,.T.);
#1862=EDGE_CURVE('',#2461,#2460,#141,.T.);
#1863=EDGE_CURVE('',#2462,#2461,#2798,.T.);
#1864=EDGE_CURVE('',#2463,#2462,#142,.T.);
#1865=EDGE_CURVE('',#2463,#2464,#2799,.T.);
#1866=EDGE_CURVE('',#2464,#2465,#2800,.T.);
#1867=EDGE_CURVE('',#2465,#2466,#2801,.T.);
#1868=EDGE_CURVE('',#2467,#2466,#143,.T.);
#1869=EDGE_CURVE('',#2468,#2467,#2802,.T.);
#1870=EDGE_CURVE('',#2468,#2469,#2803,.T.);
#1871=EDGE_CURVE('',#2470,#2469,#144,.T.);
#1872=EDGE_CURVE('',#2471,#2470,#2804,.T.);
#1873=EDGE_CURVE('',#2472,#2471,#2805,.T.);
#1874=EDGE_CURVE('',#2472,#2473,#145,.T.);
#1875=EDGE_CURVE('',#2474,#2473,#2806,.T.);
#1876=EDGE_CURVE('',#2475,#2474,#2807,.T.);
#1877=EDGE_CURVE('',#2476,#2475,#146,.T.);
#1878=EDGE_CURVE('',#2477,#2476,#2808,.T.);
#1879=EDGE_CURVE('',#2478,#2477,#147,.T.);
#1880=EDGE_CURVE('',#2478,#2479,#2809,.T.);
#1881=EDGE_CURVE('',#2479,#2480,#2810,.T.);
#1882=EDGE_CURVE('',#2481,#2480,#2811,.T.);
#1883=EDGE_CURVE('',#2482,#2481,#2812,.T.);
#1884=EDGE_CURVE('',#2483,#2482,#148,.T.);
#1885=EDGE_CURVE('',#2483,#2484,#2813,.T.);
#1886=EDGE_CURVE('',#2485,#2484,#2814,.T.);
#1887=EDGE_CURVE('',#2451,#2485,#149,.T.);
#1888=EDGE_CURVE('',#2486,#2487,#2815,.T.);
#1889=EDGE_CURVE('',#2441,#2487,#2816,.T.);
#1890=EDGE_CURVE('',#2440,#2486,#2817,.T.);
#1891=EDGE_CURVE('',#2487,#2488,#150,.T.);
#1892=EDGE_CURVE('',#2442,#2488,#2818,.T.);
#1893=EDGE_CURVE('',#2489,#2249,#151,.T.);
#1894=EDGE_CURVE('',#2489,#2348,#2819,.T.);
#1895=EDGE_CURVE('',#2271,#2251,#152,.T.);
#1896=EDGE_CURVE('',#2490,#2490,#153,.T.);
#1897=EDGE_CURVE('',#2491,#2491,#154,.T.);
#1898=EDGE_CURVE('',#2492,#2492,#155,.T.);
#1899=EDGE_CURVE('',#2493,#2493,#156,.T.);
#1900=EDGE_CURVE('',#2494,#2494,#157,.T.);
#1901=EDGE_CURVE('',#2495,#2495,#158,.T.);
#1902=EDGE_CURVE('',#2496,#2496,#159,.T.);
#1903=EDGE_CURVE('',#2497,#2497,#160,.T.);
#1904=EDGE_CURVE('',#2498,#2498,#161,.T.);
#1905=EDGE_CURVE('',#2499,#2499,#162,.T.);
#1906=EDGE_CURVE('',#2500,#2500,#163,.T.);
#1907=EDGE_CURVE('',#2501,#2501,#164,.T.);
#1908=EDGE_CURVE('',#2502,#2502,#165,.T.);
#1909=EDGE_CURVE('',#2503,#2503,#166,.T.);
#1910=EDGE_CURVE('',#2504,#2504,#167,.T.);
#1911=EDGE_CURVE('',#2505,#2505,#168,.T.);
#1912=EDGE_CURVE('',#2506,#2506,#169,.T.);
#1913=EDGE_CURVE('',#2507,#2507,#170,.T.);
#1914=EDGE_CURVE('',#2508,#2508,#171,.T.);
#1915=EDGE_CURVE('',#2509,#2509,#172,.T.);
#1916=EDGE_CURVE('',#2510,#2510,#173,.T.);
#1917=EDGE_CURVE('',#2511,#2511,#174,.T.);
#1918=EDGE_CURVE('',#2512,#2512,#175,.T.);
#1919=EDGE_CURVE('',#2513,#2513,#176,.T.);
#1920=EDGE_CURVE('',#2514,#2514,#177,.T.);
#1921=EDGE_CURVE('',#2515,#2515,#178,.T.);
#1922=EDGE_CURVE('',#2486,#2488,#179,.T.);
#1923=EDGE_CURVE('',#2516,#2516,#180,.T.);
#1924=EDGE_CURVE('',#2517,#2517,#181,.T.);
#1925=EDGE_CURVE('',#2518,#2518,#182,.T.);
#1926=EDGE_CURVE('',#2519,#2519,#183,.T.);
#1927=EDGE_CURVE('',#2520,#2520,#184,.T.);
#1928=EDGE_CURVE('',#2521,#2521,#185,.T.);
#1929=EDGE_CURVE('',#2522,#2522,#186,.T.);
#1930=EDGE_CURVE('',#2523,#2523,#187,.T.);
#1931=EDGE_CURVE('',#2524,#2524,#188,.T.);
#1932=EDGE_CURVE('',#2525,#2525,#189,.T.);
#1933=EDGE_CURVE('',#2526,#2526,#190,.T.);
#1934=EDGE_CURVE('',#2527,#2527,#191,.T.);
#1935=EDGE_CURVE('',#2528,#2528,#192,.T.);
#1936=EDGE_CURVE('',#2529,#2529,#193,.T.);
#1937=EDGE_CURVE('',#2530,#2530,#194,.T.);
#1938=EDGE_CURVE('',#2531,#2531,#195,.T.);
#1939=EDGE_CURVE('',#2532,#2532,#196,.T.);
#1940=EDGE_CURVE('',#2533,#2533,#197,.T.);
#1941=EDGE_CURVE('',#2534,#2534,#198,.T.);
#1942=EDGE_CURVE('',#2535,#2535,#199,.T.);
#1943=EDGE_CURVE('',#2536,#2536,#200,.T.);
#1944=EDGE_CURVE('',#2537,#2537,#201,.T.);
#1945=EDGE_CURVE('',#2538,#2538,#202,.T.);
#1946=EDGE_CURVE('',#2539,#2539,#203,.T.);
#1947=EDGE_CURVE('',#2540,#2541,#204,.T.);
#1948=EDGE_CURVE('',#2540,#2542,#2820,.T.);
#1949=EDGE_CURVE('',#2542,#2543,#2821,.T.);
#1950=EDGE_CURVE('',#2544,#2543,#205,.T.);
#1951=EDGE_CURVE('',#2545,#2544,#2822,.T.);
#1952=EDGE_CURVE('',#2546,#2545,#206,.T.);
#1953=EDGE_CURVE('',#2547,#2546,#2823,.T.);
#1954=EDGE_CURVE('',#2548,#2547,#2824,.T.);
#1955=EDGE_CURVE('',#2549,#2548,#207,.T.);
#1956=EDGE_CURVE('',#2549,#2541,#2825,.T.);
#1957=EDGE_CURVE('',#2550,#2451,#2826,.T.);
#1958=EDGE_CURVE('',#2551,#2550,#2827,.T.);
#1959=EDGE_CURVE('',#2551,#2450,#2828,.T.);
#1960=EDGE_CURVE('',#2552,#2485,#2829,.T.);
#1961=EDGE_CURVE('',#2550,#2552,#208,.T.);
#1962=EDGE_CURVE('',#2553,#2484,#2830,.T.);
#1963=EDGE_CURVE('',#2552,#2553,#2831,.T.);
#1964=EDGE_CURVE('',#2554,#2483,#2832,.T.);
#1965=EDGE_CURVE('',#2554,#2553,#2833,.T.);
#1966=EDGE_CURVE('',#2555,#2482,#2834,.T.);
#1967=EDGE_CURVE('',#2554,#2555,#209,.T.);
#1968=EDGE_CURVE('',#2556,#2481,#2835,.T.);
#1969=EDGE_CURVE('',#2555,#2556,#2836,.T.);
#1970=EDGE_CURVE('',#2557,#2480,#2837,.T.);
#1971=EDGE_CURVE('',#2556,#2557,#2838,.T.);
#1972=EDGE_CURVE('',#2558,#2479,#2839,.T.);
#1973=EDGE_CURVE('',#2558,#2557,#2840,.T.);
#1974=EDGE_CURVE('',#2559,#2478,#2841,.T.);
#1975=EDGE_CURVE('',#2559,#2558,#2842,.T.);
#1976=EDGE_CURVE('',#2560,#2477,#2843,.T.);
#1977=EDGE_CURVE('',#2559,#2560,#210,.T.);
#1978=EDGE_CURVE('',#2561,#2476,#2844,.T.);
#1979=EDGE_CURVE('',#2560,#2561,#2845,.T.);
#1980=EDGE_CURVE('',#2562,#2475,#2846,.T.);
#1981=EDGE_CURVE('',#2561,#2562,#211,.T.);
#1982=EDGE_CURVE('',#2563,#2474,#2847,.T.);
#1983=EDGE_CURVE('',#2562,#2563,#2848,.T.);
#1984=EDGE_CURVE('',#2564,#2473,#2849,.T.);
#1985=EDGE_CURVE('',#2563,#2564,#2850,.T.);
#1986=EDGE_CURVE('',#2565,#2472,#2851,.T.);
#1987=EDGE_CURVE('',#2565,#2564,#212,.T.);
#1988=EDGE_CURVE('',#2566,#2471,#2852,.T.);
#1989=EDGE_CURVE('',#2565,#2566,#2853,.T.);
#1990=EDGE_CURVE('',#2567,#2470,#2854,.T.);
#1991=EDGE_CURVE('',#2566,#2567,#2855,.T.);
#1992=EDGE_CURVE('',#2568,#2469,#2856,.T.);
#1993=EDGE_CURVE('',#2567,#2568,#213,.T.);
#1994=EDGE_CURVE('',#2569,#2468,#2857,.T.);
#1995=EDGE_CURVE('',#2569,#2568,#2858,.T.);
#1996=EDGE_CURVE('',#2570,#2467,#2859,.T.);
#1997=EDGE_CURVE('',#2569,#2570,#2860,.T.);
#1998=EDGE_CURVE('',#2571,#2466,#2861,.T.);
#1999=EDGE_CURVE('',#2570,#2571,#214,.T.);
#2000=EDGE_CURVE('',#2572,#2465,#2862,.T.);
#2001=EDGE_CURVE('',#2572,#2571,#2863,.T.);
#2002=EDGE_CURVE('',#2573,#2464,#2864,.T.);
#2003=EDGE_CURVE('',#2573,#2572,#2865,.T.);
#2004=EDGE_CURVE('',#2574,#2463,#2866,.T.);
#2005=EDGE_CURVE('',#2574,#2573,#2867,.T.);
#2006=EDGE_CURVE('',#2575,#2462,#2868,.T.);
#2007=EDGE_CURVE('',#2574,#2575,#215,.T.);
#2008=EDGE_CURVE('',#2576,#2461,#2869,.T.);
#2009=EDGE_CURVE('',#2575,#2576,#2870,.T.);
#2010=EDGE_CURVE('',#2577,#2460,#2871,.T.);
#2011=EDGE_CURVE('',#2576,#2577,#216,.T.);
#2012=EDGE_CURVE('',#2578,#2459,#2872,.T.);
#2013=EDGE_CURVE('',#2578,#2577,#217,.T.);
#2014=EDGE_CURVE('',#2579,#2458,#2873,.T.);
#2015=EDGE_CURVE('',#2579,#2578,#2874,.T.);
#2016=EDGE_CURVE('',#2580,#2457,#2875,.T.);
#2017=EDGE_CURVE('',#2580,#2579,#2876,.T.);
#2018=EDGE_CURVE('',#2581,#2456,#2877,.T.);
#2019=EDGE_CURVE('',#2580,#2581,#218,.T.);
#2020=EDGE_CURVE('',#2582,#2455,#2878,.T.);
#2021=EDGE_CURVE('',#2581,#2582,#2879,.T.);
#2022=EDGE_CURVE('',#2583,#2454,#2880,.T.);
#2023=EDGE_CURVE('',#2583,#2582,#2881,.T.);
#2024=EDGE_CURVE('',#2584,#2453,#2882,.T.);
#2025=EDGE_CURVE('',#2584,#2583,#2883,.T.);
#2026=EDGE_CURVE('',#2585,#2452,#2884,.T.);
#2027=EDGE_CURVE('',#2585,#2584,#2885,.T.);
#2028=EDGE_CURVE('',#2586,#2374,#2886,.T.);
#2029=EDGE_CURVE('',#2587,#2586,#2887,.T.);
#2030=EDGE_CURVE('',#2587,#2375,#2888,.T.);
#2031=EDGE_CURVE('',#2588,#2373,#2889,.T.);
#2032=EDGE_CURVE('',#2586,#2588,#219,.T.);
#2033=EDGE_CURVE('',#2589,#2372,#2890,.T.);
#2034=EDGE_CURVE('',#2588,#2589,#2891,.T.);
#2035=EDGE_CURVE('',#2590,#2371,#2892,.T.);
#2036=EDGE_CURVE('',#2589,#2590,#220,.T.);
#2037=EDGE_CURVE('',#2591,#2370,#2893,.T.);
#2038=EDGE_CURVE('',#2591,#2590,#2894,.T.);
#2039=EDGE_CURVE('',#2592,#2369,#2895,.T.);
#2040=EDGE_CURVE('',#2592,#2591,#2896,.T.);
#2041=EDGE_CURVE('',#2593,#2368,#2897,.T.);
#2042=EDGE_CURVE('',#2593,#2592,#221,.T.);
#2043=EDGE_CURVE('',#2594,#2367,#2898,.T.);
#2044=EDGE_CURVE('',#2593,#2594,#2899,.T.);
#2045=EDGE_CURVE('',#2595,#2366,#2900,.T.);
#2046=EDGE_CURVE('',#2594,#2595,#222,.T.);
#2047=EDGE_CURVE('',#2596,#2365,#2901,.T.);
#2048=EDGE_CURVE('',#2596,#2595,#2902,.T.);
#2049=EDGE_CURVE('',#2597,#2364,#2903,.T.);
#2050=EDGE_CURVE('',#2597,#2596,#223,.T.);
#2051=EDGE_CURVE('',#2598,#2363,#2904,.T.);
#2052=EDGE_CURVE('',#2598,#2597,#2905,.T.);
#2053=EDGE_CURVE('',#2599,#2362,#2906,.T.);
#2054=EDGE_CURVE('',#2599,#2598,#2907,.T.);
#2055=EDGE_CURVE('',#2600,#2361,#2908,.T.);
#2056=EDGE_CURVE('',#2599,#2600,#224,.T.);
#2057=EDGE_CURVE('',#2601,#2360,#2909,.T.);
#2058=EDGE_CURVE('',#2600,#2601,#2910,.T.);
#2059=EDGE_CURVE('',#2602,#2359,#2911,.T.);
#2060=EDGE_CURVE('',#2601,#2602,#225,.T.);
#2061=EDGE_CURVE('',#2603,#2358,#2912,.T.);
#2062=EDGE_CURVE('',#2602,#2603,#2913,.T.);
#2063=EDGE_CURVE('',#2604,#2357,#2914,.T.);
#2064=EDGE_CURVE('',#2604,#2603,#226,.T.);
#2065=EDGE_CURVE('',#2605,#2356,#2915,.T.);
#2066=EDGE_CURVE('',#2605,#2604,#2916,.T.);
#2067=EDGE_CURVE('',#2606,#2355,#2917,.T.);
#2068=EDGE_CURVE('',#2606,#2605,#2918,.T.);
#2069=EDGE_CURVE('',#2607,#2354,#2919,.T.);
#2070=EDGE_CURVE('',#2606,#2607,#2920,.T.);
#2071=EDGE_CURVE('',#2608,#2353,#2921,.T.);
#2072=EDGE_CURVE('',#2607,#2608,#2922,.T.);
#2073=EDGE_CURVE('',#2609,#2352,#2923,.T.);
#2074=EDGE_CURVE('',#2608,#2609,#227,.T.);
#2075=EDGE_CURVE('',#2610,#2351,#2924,.T.);
#2076=EDGE_CURVE('',#2609,#2610,#2925,.T.);
#2077=EDGE_CURVE('',#2611,#2350,#2926,.T.);
#2078=EDGE_CURVE('',#2610,#2611,#228,.T.);
#2079=EDGE_CURVE('',#2612,#2349,#2927,.T.);
#2080=EDGE_CURVE('',#2612,#2611,#2928,.T.);
#2081=EDGE_CURVE('',#2489,#2612,#2929,.T.);
#2082=EDGE_CURVE('',#2613,#2381,#2930,.T.);
#2083=EDGE_CURVE('',#2269,#2613,#229,.T.);
#2084=EDGE_CURVE('',#2614,#2380,#2931,.T.);
#2085=EDGE_CURVE('',#2614,#2613,#2932,.T.);
#2086=EDGE_CURVE('',#2615,#2379,#2933,.T.);
#2087=EDGE_CURVE('',#2614,#2615,#230,.T.);
#2088=EDGE_CURVE('',#2616,#2378,#2934,.T.);
#2089=EDGE_CURVE('',#2615,#2616,#2935,.T.);
#2090=EDGE_CURVE('',#2617,#2377,#2936,.T.);
#2091=EDGE_CURVE('',#2616,#2617,#231,.T.);
#2092=EDGE_CURVE('',#2618,#2376,#2937,.T.);
#2093=EDGE_CURVE('',#2617,#2618,#2938,.T.);
#2094=EDGE_CURVE('',#2619,#2300,#2939,.T.);
#2095=EDGE_CURVE('',#2620,#2619,#232,.T.);
#2096=EDGE_CURVE('',#2620,#2299,#2940,.T.);
#2097=EDGE_CURVE('',#2621,#2302,#2941,.T.);
#2098=EDGE_CURVE('',#2619,#2621,#2942,.T.);
#2099=EDGE_CURVE('',#2622,#2301,#2943,.T.);
#2100=EDGE_CURVE('',#2621,#2622,#233,.T.);
#2101=EDGE_CURVE('',#2623,#2306,#2944,.T.);
#2102=EDGE_CURVE('',#2624,#2623,#234,.T.);
#2103=EDGE_CURVE('',#2624,#2305,#2945,.T.);
#2104=EDGE_CURVE('',#2625,#2308,#2946,.T.);
#2105=EDGE_CURVE('',#2623,#2625,#2947,.T.);
#2106=EDGE_CURVE('',#2626,#2307,#2948,.T.);
#2107=EDGE_CURVE('',#2625,#2626,#235,.T.);
#2108=EDGE_CURVE('',#2627,#2312,#2949,.T.);
#2109=EDGE_CURVE('',#2628,#2627,#2950,.T.);
#2110=EDGE_CURVE('',#2628,#2311,#2951,.T.);
#2111=EDGE_CURVE('',#2629,#2323,#2952,.T.);
#2112=EDGE_CURVE('',#2627,#2629,#236,.T.);
#2113=EDGE_CURVE('',#2630,#2322,#2953,.T.);
#2114=EDGE_CURVE('',#2629,#2630,#2954,.T.);
#2115=EDGE_CURVE('',#2631,#2321,#2955,.T.);
#2116=EDGE_CURVE('',#2631,#2630,#2956,.T.);
#2117=EDGE_CURVE('',#2632,#2320,#2957,.T.);
#2118=EDGE_CURVE('',#2631,#2632,#237,.T.);
#2119=EDGE_CURVE('',#2633,#2319,#2958,.T.);
#2120=EDGE_CURVE('',#2632,#2633,#2959,.T.);
#2121=EDGE_CURVE('',#2634,#2318,#2960,.T.);
#2122=EDGE_CURVE('',#2633,#2634,#238,.T.);
#2123=EDGE_CURVE('',#2635,#2317,#2961,.T.);
#2124=EDGE_CURVE('',#2635,#2634,#2962,.T.);
#2125=EDGE_CURVE('',#2636,#2316,#2963,.T.);
#2126=EDGE_CURVE('',#2635,#2636,#2964,.T.);
#2127=EDGE_CURVE('',#2637,#2315,#2965,.T.);
#2128=EDGE_CURVE('',#2636,#2637,#239,.T.);
#2129=EDGE_CURVE('',#2638,#2314,#2966,.T.);
#2130=EDGE_CURVE('',#2638,#2637,#2967,.T.);
#2131=EDGE_CURVE('',#2639,#2313,#2968,.T.);
#2132=EDGE_CURVE('',#2639,#2638,#2969,.T.);
#2133=EDGE_CURVE('',#2640,#2327,#2970,.T.);
#2134=EDGE_CURVE('',#2641,#2640,#240,.T.);
#2135=EDGE_CURVE('',#2641,#2326,#2971,.T.);
#2136=EDGE_CURVE('',#2642,#2329,#2972,.T.);
#2137=EDGE_CURVE('',#2640,#2642,#2973,.T.);
#2138=EDGE_CURVE('',#2643,#2328,#2974,.T.);
#2139=EDGE_CURVE('',#2642,#2643,#241,.T.);
#2140=EDGE_CURVE('',#2644,#2333,#2975,.T.);
#2141=EDGE_CURVE('',#2645,#2644,#242,.T.);
#2142=EDGE_CURVE('',#2645,#2332,#2976,.T.);
#2143=EDGE_CURVE('',#2646,#2335,#2977,.T.);
#2144=EDGE_CURVE('',#2644,#2646,#2978,.T.);
#2145=EDGE_CURVE('',#2647,#2334,#2979,.T.);
#2146=EDGE_CURVE('',#2646,#2647,#243,.T.);
#2147=EDGE_CURVE('',#2648,#2339,#2980,.T.);
#2148=EDGE_CURVE('',#2649,#2648,#244,.T.);
#2149=EDGE_CURVE('',#2649,#2338,#2981,.T.);
#2150=EDGE_CURVE('',#2650,#2341,#2982,.T.);
#2151=EDGE_CURVE('',#2648,#2650,#2983,.T.);
#2152=EDGE_CURVE('',#2651,#2340,#2984,.T.);
#2153=EDGE_CURVE('',#2650,#2651,#245,.T.);
#2154=EDGE_CURVE('',#2652,#2345,#2985,.T.);
#2155=EDGE_CURVE('',#2653,#2652,#246,.T.);
#2156=EDGE_CURVE('',#2653,#2344,#2986,.T.);
#2157=EDGE_CURVE('',#2654,#2347,#2987,.T.);
#2158=EDGE_CURVE('',#2652,#2654,#2988,.T.);
#2159=EDGE_CURVE('',#2655,#2346,#2989,.T.);
#2160=EDGE_CURVE('',#2654,#2655,#247,.T.);
#2161=EDGE_CURVE('',#2656,#2389,#2990,.T.);
#2162=EDGE_CURVE('',#2656,#2657,#2991,.T.);
#2163=EDGE_CURVE('',#2657,#2391,#2992,.T.);
#2164=EDGE_CURVE('',#2658,#2390,#2993,.T.);
#2165=EDGE_CURVE('',#2656,#2658,#248,.T.);
#2166=EDGE_CURVE('',#2659,#2395,#2994,.T.);
#2167=EDGE_CURVE('',#2658,#2659,#2995,.T.);
#2168=EDGE_CURVE('',#2660,#2394,#2996,.T.);
#2169=EDGE_CURVE('',#2659,#2660,#249,.T.);
#2170=EDGE_CURVE('',#2661,#2393,#2997,.T.);
#2171=EDGE_CURVE('',#2660,#2661,#2998,.T.);
#2172=EDGE_CURVE('',#2662,#2392,#2999,.T.);
#2173=EDGE_CURVE('',#2661,#2662,#250,.T.);
#2174=EDGE_CURVE('',#2663,#2413,#3000,.T.);
#2175=EDGE_CURVE('',#2664,#2663,#251,.T.);
#2176=EDGE_CURVE('',#2664,#2412,#3001,.T.);
#2177=EDGE_CURVE('',#2665,#2415,#3002,.T.);
#2178=EDGE_CURVE('',#2663,#2665,#3003,.T.);
#2179=EDGE_CURVE('',#2666,#2414,#3004,.T.);
#2180=EDGE_CURVE('',#2665,#2666,#252,.T.);
#2181=EDGE_CURVE('',#2667,#2418,#3005,.T.);
#2182=EDGE_CURVE('',#2667,#2668,#3006,.T.);
#2183=EDGE_CURVE('',#2668,#2420,#3007,.T.);
#2184=EDGE_CURVE('',#2669,#2419,#3008,.T.);
#2185=EDGE_CURVE('',#2667,#2669,#253,.T.);
#2186=EDGE_CURVE('',#2670,#2424,#3009,.T.);
#2187=EDGE_CURVE('',#2670,#2669,#3010,.T.);
#2188=EDGE_CURVE('',#2671,#2423,#3011,.T.);
#2189=EDGE_CURVE('',#2670,#2671,#254,.T.);
#2190=EDGE_CURVE('',#2672,#2422,#3012,.T.);
#2191=EDGE_CURVE('',#2671,#2672,#3013,.T.);
#2192=EDGE_CURVE('',#2673,#2421,#3014,.T.);
#2193=EDGE_CURVE('',#2672,#2673,#3015,.T.);
#2194=EDGE_CURVE('',#2674,#2540,#3016,.T.);
#2195=EDGE_CURVE('',#2674,#2675,#3017,.T.);
#2196=EDGE_CURVE('',#2675,#2542,#3018,.T.);
#2197=EDGE_CURVE('',#2676,#2541,#3019,.T.);
#2198=EDGE_CURVE('',#2674,#2676,#255,.T.);
#2199=EDGE_CURVE('',#2677,#2549,#3020,.T.);
#2200=EDGE_CURVE('',#2677,#2676,#3021,.T.);
#2201=EDGE_CURVE('',#2678,#2548,#3022,.T.);
#2202=EDGE_CURVE('',#2677,#2678,#256,.T.);
#2203=EDGE_CURVE('',#2679,#2547,#3023,.T.);
#2204=EDGE_CURVE('',#2678,#2679,#3024,.T.);
#2205=EDGE_CURVE('',#2680,#2546,#3025,.T.);
#2206=EDGE_CURVE('',#2679,#2680,#3026,.T.);
#2207=EDGE_CURVE('',#2681,#2545,#3027,.T.);
#2208=EDGE_CURVE('',#2680,#2681,#257,.T.);
#2209=EDGE_CURVE('',#2682,#2544,#3028,.T.);
#2210=EDGE_CURVE('',#2681,#2682,#3029,.T.);
#2211=EDGE_CURVE('',#2683,#2543,#3030,.T.);
#2212=EDGE_CURVE('',#2682,#2683,#258,.T.);
#2213=EDGE_CURVE('',#2684,#2431,#3031,.T.);
#2214=EDGE_CURVE('',#2685,#2684,#259,.T.);
#2215=EDGE_CURVE('',#2685,#2430,#3032,.T.);
#2216=EDGE_CURVE('',#2686,#2433,#3033,.T.);
#2217=EDGE_CURVE('',#2684,#2686,#3034,.T.);
#2218=EDGE_CURVE('',#2687,#2432,#3035,.T.);
#2219=EDGE_CURVE('',#2686,#2687,#260,.T.);
#2220=EDGE_CURVE('',#2688,#2437,#3036,.T.);
#2221=EDGE_CURVE('',#2689,#2688,#261,.T.);
#2222=EDGE_CURVE('',#2689,#2436,#3037,.T.);
#2223=EDGE_CURVE('',#2690,#2439,#3038,.T.);
#2224=EDGE_CURVE('',#2688,#2690,#3039,.T.);
#2225=EDGE_CURVE('',#2691,#2438,#3040,.T.);
#2226=EDGE_CURVE('',#2690,#2691,#262,.T.);
#2227=EDGE_CURVE('',#2587,#2618,#263,.T.);
#2228=EDGE_CURVE('',#2620,#2622,#3041,.T.);
#2229=EDGE_CURVE('',#2624,#2626,#3042,.T.);
#2230=EDGE_CURVE('',#2628,#2639,#264,.T.);
#2231=EDGE_CURVE('',#2641,#2643,#3043,.T.);
#2232=EDGE_CURVE('',#2645,#2647,#3044,.T.);
#2233=EDGE_CURVE('',#2649,#2651,#3045,.T.);
#2234=EDGE_CURVE('',#2653,#2655,#3046,.T.);
#2235=EDGE_CURVE('',#2657,#2662,#3047,.T.);
#2236=EDGE_CURVE('',#2692,#2692,#265,.T.);
#2237=EDGE_CURVE('',#2693,#2693,#266,.T.);
#2238=EDGE_CURVE('',#2694,#2694,#267,.T.);
#2239=EDGE_CURVE('',#2695,#2695,#268,.T.);
#2240=EDGE_CURVE('',#2696,#2696,#269,.T.);
#2241=EDGE_CURVE('',#2697,#2697,#270,.T.);
#2242=EDGE_CURVE('',#2698,#2698,#271,.T.);
#2243=EDGE_CURVE('',#2664,#2666,#3048,.T.);
#2244=EDGE_CURVE('',#2673,#2668,#272,.T.);
#2245=EDGE_CURVE('',#2675,#2683,#3049,.T.);
#2246=EDGE_CURVE('',#2685,#2687,#3050,.T.);
#2247=EDGE_CURVE('',#2689,#2691,#3051,.T.);
#2248=EDGE_CURVE('',#2585,#2551,#273,.T.);
#2249=VERTEX_POINT('',#6546);
#2250=VERTEX_POINT('',#6547);
#2251=VERTEX_POINT('',#6549);
#2252=VERTEX_POINT('',#6551);
#2253=VERTEX_POINT('',#6555);
#2254=VERTEX_POINT('',#6556);
#2255=VERTEX_POINT('',#6558);
#2256=VERTEX_POINT('',#6560);
#2257=VERTEX_POINT('',#6564);
#2258=VERTEX_POINT('',#6565);
#2259=VERTEX_POINT('',#6567);
#2260=VERTEX_POINT('',#6569);
#2261=VERTEX_POINT('',#6573);
#2262=VERTEX_POINT('',#6574);
#2263=VERTEX_POINT('',#6576);
#2264=VERTEX_POINT('',#6578);
#2265=VERTEX_POINT('',#6582);
#2266=VERTEX_POINT('',#6583);
#2267=VERTEX_POINT('',#6585);
#2268=VERTEX_POINT('',#6587);
#2269=VERTEX_POINT('',#6591);
#2270=VERTEX_POINT('',#6592);
#2271=VERTEX_POINT('',#6595);
#2272=VERTEX_POINT('',#6597);
#2273=VERTEX_POINT('',#6604);
#2274=VERTEX_POINT('',#6606);
#2275=VERTEX_POINT('',#6610);
#2276=VERTEX_POINT('',#6612);
#2277=VERTEX_POINT('',#6616);
#2278=VERTEX_POINT('',#6617);
#2279=VERTEX_POINT('',#6622);
#2280=VERTEX_POINT('',#6623);
#2281=VERTEX_POINT('',#6631);
#2282=VERTEX_POINT('',#6632);
#2283=VERTEX_POINT('',#6637);
#2284=VERTEX_POINT('',#6638);
#2285=VERTEX_POINT('',#6643);
#2286=VERTEX_POINT('',#6645);
#2287=VERTEX_POINT('',#6655);
#2288=VERTEX_POINT('',#6657);
#2289=VERTEX_POINT('',#6660);
#2290=VERTEX_POINT('',#6662);
#2291=VERTEX_POINT('',#6665);
#2292=VERTEX_POINT('',#6667);
#2293=VERTEX_POINT('',#6670);
#2294=VERTEX_POINT('',#6672);
#2295=VERTEX_POINT('',#6675);
#2296=VERTEX_POINT('',#6677);
#2297=VERTEX_POINT('',#6680);
#2298=VERTEX_POINT('',#6682);
#2299=VERTEX_POINT('',#6684);
#2300=VERTEX_POINT('',#6685);
#2301=VERTEX_POINT('',#6687);
#2302=VERTEX_POINT('',#6689);
#2303=VERTEX_POINT('',#6693);
#2304=VERTEX_POINT('',#6695);
#2305=VERTEX_POINT('',#6697);
#2306=VERTEX_POINT('',#6698);
#2307=VERTEX_POINT('',#6700);
#2308=VERTEX_POINT('',#6702);
#2309=VERTEX_POINT('',#6706);
#2310=VERTEX_POINT('',#6708);
#2311=VERTEX_POINT('',#6710);
#2312=VERTEX_POINT('',#6711);
#2313=VERTEX_POINT('',#6713);
#2314=VERTEX_POINT('',#6715);
#2315=VERTEX_POINT('',#6717);
#2316=VERTEX_POINT('',#6719);
#2317=VERTEX_POINT('',#6721);
#2318=VERTEX_POINT('',#6723);
#2319=VERTEX_POINT('',#6725);
#2320=VERTEX_POINT('',#6727);
#2321=VERTEX_POINT('',#6729);
#2322=VERTEX_POINT('',#6731);
#2323=VERTEX_POINT('',#6733);
#2324=VERTEX_POINT('',#6737);
#2325=VERTEX_POINT('',#6739);
#2326=VERTEX_POINT('',#6741);
#2327=VERTEX_POINT('',#6742);
#2328=VERTEX_POINT('',#6744);
#2329=VERTEX_POINT('',#6746);
#2330=VERTEX_POINT('',#6750);
#2331=VERTEX_POINT('',#6752);
#2332=VERTEX_POINT('',#6754);
#2333=VERTEX_POINT('',#6755);
#2334=VERTEX_POINT('',#6757);
#2335=VERTEX_POINT('',#6759);
#2336=VERTEX_POINT('',#6763);
#2337=VERTEX_POINT('',#6765);
#2338=VERTEX_POINT('',#6767);
#2339=VERTEX_POINT('',#6768);
#2340=VERTEX_POINT('',#6770);
#2341=VERTEX_POINT('',#6772);
#2342=VERTEX_POINT('',#6776);
#2343=VERTEX_POINT('',#6778);
#2344=VERTEX_POINT('',#6780);
#2345=VERTEX_POINT('',#6781);
#2346=VERTEX_POINT('',#6783);
#2347=VERTEX_POINT('',#6785);
#2348=VERTEX_POINT('',#6789);
#2349=VERTEX_POINT('',#6791);
#2350=VERTEX_POINT('',#6793);
#2351=VERTEX_POINT('',#6795);
#2352=VERTEX_POINT('',#6797);
#2353=VERTEX_POINT('',#6799);
#2354=VERTEX_POINT('',#6801);
#2355=VERTEX_POINT('',#6803);
#2356=VERTEX_POINT('',#6805);
#2357=VERTEX_POINT('',#6807);
#2358=VERTEX_POINT('',#6809);
#2359=VERTEX_POINT('',#6811);
#2360=VERTEX_POINT('',#6813);
#2361=VERTEX_POINT('',#6815);
#2362=VERTEX_POINT('',#6817);
#2363=VERTEX_POINT('',#6819);
#2364=VERTEX_POINT('',#6821);
#2365=VERTEX_POINT('',#6823);
#2366=VERTEX_POINT('',#6825);
#2367=VERTEX_POINT('',#6827);
#2368=VERTEX_POINT('',#6829);
#2369=VERTEX_POINT('',#6831);
#2370=VERTEX_POINT('',#6833);
#2371=VERTEX_POINT('',#6835);
#2372=VERTEX_POINT('',#6837);
#2373=VERTEX_POINT('',#6839);
#2374=VERTEX_POINT('',#6841);
#2375=VERTEX_POINT('',#6843);
#2376=VERTEX_POINT('',#6845);
#2377=VERTEX_POINT('',#6847);
#2378=VERTEX_POINT('',#6849);
#2379=VERTEX_POINT('',#6851);
#2380=VERTEX_POINT('',#6853);
#2381=VERTEX_POINT('',#6855);
#2382=VERTEX_POINT('',#6858);
#2383=VERTEX_POINT('',#6860);
#2384=VERTEX_POINT('',#6862);
#2385=VERTEX_POINT('',#6864);
#2386=VERTEX_POINT('',#6866);
#2387=VERTEX_POINT('',#6868);
#2388=VERTEX_POINT('',#6870);
#2389=VERTEX_POINT('',#6873);
#2390=VERTEX_POINT('',#6874);
#2391=VERTEX_POINT('',#6876);
#2392=VERTEX_POINT('',#6878);
#2393=VERTEX_POINT('',#6880);
#2394=VERTEX_POINT('',#6882);
#2395=VERTEX_POINT('',#6884);
#2396=VERTEX_POINT('',#6887);
#2397=VERTEX_POINT('',#6889);
#2398=VERTEX_POINT('',#6892);
#2399=VERTEX_POINT('',#6894);
#2400=VERTEX_POINT('',#6897);
#2401=VERTEX_POINT('',#6899);
#2402=VERTEX_POINT('',#6902);
#2403=VERTEX_POINT('',#6904);
#2404=VERTEX_POINT('',#6907);
#2405=VERTEX_POINT('',#6909);
#2406=VERTEX_POINT('',#6912);
#2407=VERTEX_POINT('',#6914);
#2408=VERTEX_POINT('',#6917);
#2409=VERTEX_POINT('',#6919);
#2410=VERTEX_POINT('',#6922);
#2411=VERTEX_POINT('',#6924);
#2412=VERTEX_POINT('',#6926);
#2413=VERTEX_POINT('',#6927);
#2414=VERTEX_POINT('',#6929);
#2415=VERTEX_POINT('',#6931);
#2416=VERTEX_POINT('',#6935);
#2417=VERTEX_POINT('',#6937);
#2418=VERTEX_POINT('',#6940);
#2419=VERTEX_POINT('',#6941);
#2420=VERTEX_POINT('',#6943);
#2421=VERTEX_POINT('',#6945);
#2422=VERTEX_POINT('',#6947);
#2423=VERTEX_POINT('',#6949);
#2424=VERTEX_POINT('',#6951);
#2425=VERTEX_POINT('',#6954);
#2426=VERTEX_POINT('',#6956);
#2427=VERTEX_POINT('',#6958);
#2428=VERTEX_POINT('',#6961);
#2429=VERTEX_POINT('',#6963);
#2430=VERTEX_POINT('',#6965);
#2431=VERTEX_POINT('',#6966);
#2432=VERTEX_POINT('',#6968);
#2433=VERTEX_POINT('',#6970);
#2434=VERTEX_POINT('',#6974);
#2435=VERTEX_POINT('',#6976);
#2436=VERTEX_POINT('',#6978);
#2437=VERTEX_POINT('',#6979);
#2438=VERTEX_POINT('',#6981);
#2439=VERTEX_POINT('',#6983);
#2440=VERTEX_POINT('',#6987);
#2441=VERTEX_POINT('',#6988);
#2442=VERTEX_POINT('',#6990);
#2443=VERTEX_POINT('',#6993);
#2444=VERTEX_POINT('',#6995);
#2445=VERTEX_POINT('',#6997);
#2446=VERTEX_POINT('',#6999);
#2447=VERTEX_POINT('',#7001);
#2448=VERTEX_POINT('',#7003);
#2449=VERTEX_POINT('',#7005);
#2450=VERTEX_POINT('',#7007);
#2451=VERTEX_POINT('',#7008);
#2452=VERTEX_POINT('',#7010);
#2453=VERTEX_POINT('',#7012);
#2454=VERTEX_POINT('',#7014);
#2455=VERTEX_POINT('',#7016);
#2456=VERTEX_POINT('',#7018);
#2457=VERTEX_POINT('',#7020);
#2458=VERTEX_POINT('',#7022);
#2459=VERTEX_POINT('',#7024);
#2460=VERTEX_POINT('',#7026);
#2461=VERTEX_POINT('',#7028);
#2462=VERTEX_POINT('',#7030);
#2463=VERTEX_POINT('',#7032);
#2464=VERTEX_POINT('',#7034);
#2465=VERTEX_POINT('',#7036);
#2466=VERTEX_POINT('',#7038);
#2467=VERTEX_POINT('',#7040);
#2468=VERTEX_POINT('',#7042);
#2469=VERTEX_POINT('',#7044);
#2470=VERTEX_POINT('',#7046);
#2471=VERTEX_POINT('',#7048);
#2472=VERTEX_POINT('',#7050);
#2473=VERTEX_POINT('',#7052);
#2474=VERTEX_POINT('',#7054);
#2475=VERTEX_POINT('',#7056);
#2476=VERTEX_POINT('',#7058);
#2477=VERTEX_POINT('',#7060);
#2478=VERTEX_POINT('',#7062);
#2479=VERTEX_POINT('',#7064);
#2480=VERTEX_POINT('',#7066);
#2481=VERTEX_POINT('',#7068);
#2482=VERTEX_POINT('',#7070);
#2483=VERTEX_POINT('',#7072);
#2484=VERTEX_POINT('',#7074);
#2485=VERTEX_POINT('',#7076);
#2486=VERTEX_POINT('',#7080);
#2487=VERTEX_POINT('',#7081);
#2488=VERTEX_POINT('',#7086);
#2489=VERTEX_POINT('',#7090);
#2490=VERTEX_POINT('',#7095);
#2491=VERTEX_POINT('',#7098);
#2492=VERTEX_POINT('',#7101);
#2493=VERTEX_POINT('',#7104);
#2494=VERTEX_POINT('',#7107);
#2495=VERTEX_POINT('',#7110);
#2496=VERTEX_POINT('',#7113);
#2497=VERTEX_POINT('',#7116);
#2498=VERTEX_POINT('',#7119);
#2499=VERTEX_POINT('',#7122);
#2500=VERTEX_POINT('',#7125);
#2501=VERTEX_POINT('',#7128);
#2502=VERTEX_POINT('',#7131);
#2503=VERTEX_POINT('',#7134);
#2504=VERTEX_POINT('',#7137);
#2505=VERTEX_POINT('',#7140);
#2506=VERTEX_POINT('',#7143);
#2507=VERTEX_POINT('',#7146);
#2508=VERTEX_POINT('',#7149);
#2509=VERTEX_POINT('',#7152);
#2510=VERTEX_POINT('',#7155);
#2511=VERTEX_POINT('',#7158);
#2512=VERTEX_POINT('',#7161);
#2513=VERTEX_POINT('',#7164);
#2514=VERTEX_POINT('',#7167);
#2515=VERTEX_POINT('',#7170);
#2516=VERTEX_POINT('',#7175);
#2517=VERTEX_POINT('',#7178);
#2518=VERTEX_POINT('',#7181);
#2519=VERTEX_POINT('',#7184);
#2520=VERTEX_POINT('',#7187);
#2521=VERTEX_POINT('',#7190);
#2522=VERTEX_POINT('',#7193);
#2523=VERTEX_POINT('',#7196);
#2524=VERTEX_POINT('',#7199);
#2525=VERTEX_POINT('',#7202);
#2526=VERTEX_POINT('',#7204);
#2527=VERTEX_POINT('',#7207);
#2528=VERTEX_POINT('',#7209);
#2529=VERTEX_POINT('',#7212);
#2530=VERTEX_POINT('',#7215);
#2531=VERTEX_POINT('',#7218);
#2532=VERTEX_POINT('',#7221);
#2533=VERTEX_POINT('',#7224);
#2534=VERTEX_POINT('',#7227);
#2535=VERTEX_POINT('',#7230);
#2536=VERTEX_POINT('',#7233);
#2537=VERTEX_POINT('',#7236);
#2538=VERTEX_POINT('',#7239);
#2539=VERTEX_POINT('',#7242);
#2540=VERTEX_POINT('',#7245);
#2541=VERTEX_POINT('',#7246);
#2542=VERTEX_POINT('',#7248);
#2543=VERTEX_POINT('',#7250);
#2544=VERTEX_POINT('',#7252);
#2545=VERTEX_POINT('',#7254);
#2546=VERTEX_POINT('',#7256);
#2547=VERTEX_POINT('',#7258);
#2548=VERTEX_POINT('',#7260);
#2549=VERTEX_POINT('',#7262);
#2550=VERTEX_POINT('',#7267);
#2551=VERTEX_POINT('',#7269);
#2552=VERTEX_POINT('',#7273);
#2553=VERTEX_POINT('',#7277);
#2554=VERTEX_POINT('',#7281);
#2555=VERTEX_POINT('',#7285);
#2556=VERTEX_POINT('',#7289);
#2557=VERTEX_POINT('',#7293);
#2558=VERTEX_POINT('',#7297);
#2559=VERTEX_POINT('',#7301);
#2560=VERTEX_POINT('',#7305);
#2561=VERTEX_POINT('',#7309);
#2562=VERTEX_POINT('',#7313);
#2563=VERTEX_POINT('',#7317);
#2564=VERTEX_POINT('',#7321);
#2565=VERTEX_POINT('',#7325);
#2566=VERTEX_POINT('',#7329);
#2567=VERTEX_POINT('',#7333);
#2568=VERTEX_POINT('',#7337);
#2569=VERTEX_POINT('',#7341);
#2570=VERTEX_POINT('',#7345);
#2571=VERTEX_POINT('',#7349);
#2572=VERTEX_POINT('',#7353);
#2573=VERTEX_POINT('',#7357);
#2574=VERTEX_POINT('',#7361);
#2575=VERTEX_POINT('',#7365);
#2576=VERTEX_POINT('',#7369);
#2577=VERTEX_POINT('',#7373);
#2578=VERTEX_POINT('',#7377);
#2579=VERTEX_POINT('',#7381);
#2580=VERTEX_POINT('',#7385);
#2581=VERTEX_POINT('',#7389);
#2582=VERTEX_POINT('',#7393);
#2583=VERTEX_POINT('',#7397);
#2584=VERTEX_POINT('',#7401);
#2585=VERTEX_POINT('',#7405);
#2586=VERTEX_POINT('',#7409);
#2587=VERTEX_POINT('',#7411);
#2588=VERTEX_POINT('',#7415);
#2589=VERTEX_POINT('',#7419);
#2590=VERTEX_POINT('',#7423);
#2591=VERTEX_POINT('',#7427);
#2592=VERTEX_POINT('',#7431);
#2593=VERTEX_POINT('',#7435);
#2594=VERTEX_POINT('',#7439);
#2595=VERTEX_POINT('',#7443);
#2596=VERTEX_POINT('',#7447);
#2597=VERTEX_POINT('',#7451);
#2598=VERTEX_POINT('',#7455);
#2599=VERTEX_POINT('',#7459);
#2600=VERTEX_POINT('',#7463);
#2601=VERTEX_POINT('',#7467);
#2602=VERTEX_POINT('',#7471);
#2603=VERTEX_POINT('',#7475);
#2604=VERTEX_POINT('',#7479);
#2605=VERTEX_POINT('',#7483);
#2606=VERTEX_POINT('',#7487);
#2607=VERTEX_POINT('',#7491);
#2608=VERTEX_POINT('',#7495);
#2609=VERTEX_POINT('',#7499);
#2610=VERTEX_POINT('',#7503);
#2611=VERTEX_POINT('',#7507);
#2612=VERTEX_POINT('',#7511);
#2613=VERTEX_POINT('',#7517);
#2614=VERTEX_POINT('',#7521);
#2615=VERTEX_POINT('',#7525);
#2616=VERTEX_POINT('',#7529);
#2617=VERTEX_POINT('',#7533);
#2618=VERTEX_POINT('',#7537);
#2619=VERTEX_POINT('',#7541);
#2620=VERTEX_POINT('',#7543);
#2621=VERTEX_POINT('',#7547);
#2622=VERTEX_POINT('',#7551);
#2623=VERTEX_POINT('',#7555);
#2624=VERTEX_POINT('',#7557);
#2625=VERTEX_POINT('',#7561);
#2626=VERTEX_POINT('',#7565);
#2627=VERTEX_POINT('',#7569);
#2628=VERTEX_POINT('',#7571);
#2629=VERTEX_POINT('',#7575);
#2630=VERTEX_POINT('',#7579);
#2631=VERTEX_POINT('',#7583);
#2632=VERTEX_POINT('',#7587);
#2633=VERTEX_POINT('',#7591);
#2634=VERTEX_POINT('',#7595);
#2635=VERTEX_POINT('',#7599);
#2636=VERTEX_POINT('',#7603);
#2637=VERTEX_POINT('',#7607);
#2638=VERTEX_POINT('',#7611);
#2639=VERTEX_POINT('',#7615);
#2640=VERTEX_POINT('',#7619);
#2641=VERTEX_POINT('',#7621);
#2642=VERTEX_POINT('',#7625);
#2643=VERTEX_POINT('',#7629);
#2644=VERTEX_POINT('',#7633);
#2645=VERTEX_POINT('',#7635);
#2646=VERTEX_POINT('',#7639);
#2647=VERTEX_POINT('',#7643);
#2648=VERTEX_POINT('',#7647);
#2649=VERTEX_POINT('',#7649);
#2650=VERTEX_POINT('',#7653);
#2651=VERTEX_POINT('',#7657);
#2652=VERTEX_POINT('',#7661);
#2653=VERTEX_POINT('',#7663);
#2654=VERTEX_POINT('',#7667);
#2655=VERTEX_POINT('',#7671);
#2656=VERTEX_POINT('',#7675);
#2657=VERTEX_POINT('',#7677);
#2658=VERTEX_POINT('',#7681);
#2659=VERTEX_POINT('',#7685);
#2660=VERTEX_POINT('',#7689);
#2661=VERTEX_POINT('',#7693);
#2662=VERTEX_POINT('',#7697);
#2663=VERTEX_POINT('',#7701);
#2664=VERTEX_POINT('',#7703);
#2665=VERTEX_POINT('',#7707);
#2666=VERTEX_POINT('',#7711);
#2667=VERTEX_POINT('',#7715);
#2668=VERTEX_POINT('',#7717);
#2669=VERTEX_POINT('',#7721);
#2670=VERTEX_POINT('',#7725);
#2671=VERTEX_POINT('',#7729);
#2672=VERTEX_POINT('',#7733);
#2673=VERTEX_POINT('',#7737);
#2674=VERTEX_POINT('',#7741);
#2675=VERTEX_POINT('',#7743);
#2676=VERTEX_POINT('',#7747);
#2677=VERTEX_POINT('',#7751);
#2678=VERTEX_POINT('',#7755);
#2679=VERTEX_POINT('',#7759);
#2680=VERTEX_POINT('',#7763);
#2681=VERTEX_POINT('',#7767);
#2682=VERTEX_POINT('',#7771);
#2683=VERTEX_POINT('',#7775);
#2684=VERTEX_POINT('',#7779);
#2685=VERTEX_POINT('',#7781);
#2686=VERTEX_POINT('',#7785);
#2687=VERTEX_POINT('',#7789);
#2688=VERTEX_POINT('',#7793);
#2689=VERTEX_POINT('',#7795);
#2690=VERTEX_POINT('',#7799);
#2691=VERTEX_POINT('',#7803);
#2692=VERTEX_POINT('',#7825);
#2693=VERTEX_POINT('',#7828);
#2694=VERTEX_POINT('',#7831);
#2695=VERTEX_POINT('',#7834);
#2696=VERTEX_POINT('',#7837);
#2697=VERTEX_POINT('',#7840);
#2698=VERTEX_POINT('',#7843);
#2699=LINE('',#6545,#3052);
#2700=LINE('',#6548,#3053);
#2701=LINE('',#6550,#3054);
#2702=LINE('',#6552,#3055);
#2703=LINE('',#6554,#3056);
#2704=LINE('',#6557,#3057);
#2705=LINE('',#6559,#3058);
#2706=LINE('',#6561,#3059);
#2707=LINE('',#6563,#3060);
#2708=LINE('',#6566,#3061);
#2709=LINE('',#6568,#3062);
#2710=LINE('',#6570,#3063);
#2711=LINE('',#6572,#3064);
#2712=LINE('',#6575,#3065);
#2713=LINE('',#6577,#3066);
#2714=LINE('',#6579,#3067);
#2715=LINE('',#6581,#3068);
#2716=LINE('',#6584,#3069);
#2717=LINE('',#6586,#3070);
#2718=LINE('',#6588,#3071);
#2719=LINE('',#6590,#3072);
#2720=LINE('',#6596,#3073);
#2721=LINE('',#6607,#3074);
#2722=LINE('',#6609,#3075);
#2723=LINE('',#6611,#3076);
#2724=LINE('',#6613,#3077);
#2725=LINE('',#6615,#3078);
#2726=LINE('',#6618,#3079);
#2727=LINE('',#6619,#3080);
#2728=LINE('',#6621,#3081);
#2729=LINE('',#6624,#3082);
#2730=LINE('',#6625,#3083);
#2731=LINE('',#6630,#3084);
#2732=LINE('',#6636,#3085);
#2733=LINE('',#6639,#3086);
#2734=LINE('',#6640,#3087);
#2735=LINE('',#6646,#3088);
#2736=LINE('',#6686,#3089);
#2737=LINE('',#6690,#3090);
#2738=LINE('',#6699,#3091);
#2739=LINE('',#6703,#3092);
#2740=LINE('',#6709,#3093);
#2741=LINE('',#6714,#3094);
#2742=LINE('',#6716,#3095);
#2743=LINE('',#6720,#3096);
#2744=LINE('',#6722,#3097);
#2745=LINE('',#6726,#3098);
#2746=LINE('',#6730,#3099);
#2747=LINE('',#6732,#3100);
#2748=LINE('',#6743,#3101);
#2749=LINE('',#6747,#3102);
#2750=LINE('',#6756,#3103);
#2751=LINE('',#6760,#3104);
#2752=LINE('',#6769,#3105);
#2753=LINE('',#6773,#3106);
#2754=LINE('',#6782,#3107);
#2755=LINE('',#6786,#3108);
#2756=LINE('',#6790,#3109);
#2757=LINE('',#6792,#3110);
#2758=LINE('',#6796,#3111);
#2759=LINE('',#6800,#3112);
#2760=LINE('',#6802,#3113);
#2761=LINE('',#6804,#3114);
#2762=LINE('',#6806,#3115);
#2763=LINE('',#6810,#3116);
#2764=LINE('',#6814,#3117);
#2765=LINE('',#6818,#3118);
#2766=LINE('',#6820,#3119);
#2767=LINE('',#6824,#3120);
#2768=LINE('',#6828,#3121);
#2769=LINE('',#6832,#3122);
#2770=LINE('',#6834,#3123);
#2771=LINE('',#6838,#3124);
#2772=LINE('',#6842,#3125);
#2773=LINE('',#6846,#3126);
#2774=LINE('',#6850,#3127);
#2775=LINE('',#6854,#3128);
#2776=LINE('',#6875,#3129);
#2777=LINE('',#6877,#3130);
#2778=LINE('',#6881,#3131);
#2779=LINE('',#6885,#3132);
#2780=LINE('',#6928,#3133);
#2781=LINE('',#6932,#3134);
#2782=LINE('',#6942,#3135);
#2783=LINE('',#6946,#3136);
#2784=LINE('',#6948,#3137);
#2785=LINE('',#6952,#3138);
#2786=LINE('',#6967,#3139);
#2787=LINE('',#6971,#3140);
#2788=LINE('',#6980,#3141);
#2789=LINE('',#6984,#3142);
#2790=LINE('',#6986,#3143);
#2791=LINE('',#7006,#3144);
#2792=LINE('',#7011,#3145);
#2793=LINE('',#7013,#3146);
#2794=LINE('',#7015,#3147);
#2795=LINE('',#7017,#3148);
#2796=LINE('',#7021,#3149);
#2797=LINE('',#7023,#3150);
#2798=LINE('',#7029,#3151);
#2799=LINE('',#7033,#3152);
#2800=LINE('',#7035,#3153);
#2801=LINE('',#7037,#3154);
#2802=LINE('',#7041,#3155);
#2803=LINE('',#7043,#3156);
#2804=LINE('',#7047,#3157);
#2805=LINE('',#7049,#3158);
#2806=LINE('',#7053,#3159);
#2807=LINE('',#7055,#3160);
#2808=LINE('',#7059,#3161);
#2809=LINE('',#7063,#3162);
#2810=LINE('',#7065,#3163);
#2811=LINE('',#7067,#3164);
#2812=LINE('',#7069,#3165);
#2813=LINE('',#7073,#3166);
#2814=LINE('',#7075,#3167);
#2815=LINE('',#7079,#3168);
#2816=LINE('',#7082,#3169);
#2817=LINE('',#7083,#3170);
#2818=LINE('',#7087,#3171);
#2819=LINE('',#7091,#3172);
#2820=LINE('',#7247,#3173);
#2821=LINE('',#7249,#3174);
#2822=LINE('',#7253,#3175);
#2823=LINE('',#7257,#3176);
#2824=LINE('',#7259,#3177);
#2825=LINE('',#7263,#3178);
#2826=LINE('',#7266,#3179);
#2827=LINE('',#7268,#3180);
#2828=LINE('',#7270,#3181);
#2829=LINE('',#7272,#3182);
#2830=LINE('',#7276,#3183);
#2831=LINE('',#7278,#3184);
#2832=LINE('',#7280,#3185);
#2833=LINE('',#7282,#3186);
#2834=LINE('',#7284,#3187);
#2835=LINE('',#7288,#3188);
#2836=LINE('',#7290,#3189);
#2837=LINE('',#7292,#3190);
#2838=LINE('',#7294,#3191);
#2839=LINE('',#7296,#3192);
#2840=LINE('',#7298,#3193);
#2841=LINE('',#7300,#3194);
#2842=LINE('',#7302,#3195);
#2843=LINE('',#7304,#3196);
#2844=LINE('',#7308,#3197);
#2845=LINE('',#7310,#3198);
#2846=LINE('',#7312,#3199);
#2847=LINE('',#7316,#3200);
#2848=LINE('',#7318,#3201);
#2849=LINE('',#7320,#3202);
#2850=LINE('',#7322,#3203);
#2851=LINE('',#7324,#3204);
#2852=LINE('',#7328,#3205);
#2853=LINE('',#7330,#3206);
#2854=LINE('',#7332,#3207);
#2855=LINE('',#7334,#3208);
#2856=LINE('',#7336,#3209);
#2857=LINE('',#7340,#3210);
#2858=LINE('',#7342,#3211);
#2859=LINE('',#7344,#3212);
#2860=LINE('',#7346,#3213);
#2861=LINE('',#7348,#3214);
#2862=LINE('',#7352,#3215);
#2863=LINE('',#7354,#3216);
#2864=LINE('',#7356,#3217);
#2865=LINE('',#7358,#3218);
#2866=LINE('',#7360,#3219);
#2867=LINE('',#7362,#3220);
#2868=LINE('',#7364,#3221);
#2869=LINE('',#7368,#3222);
#2870=LINE('',#7370,#3223);
#2871=LINE('',#7372,#3224);
#2872=LINE('',#7376,#3225);
#2873=LINE('',#7380,#3226);
#2874=LINE('',#7382,#3227);
#2875=LINE('',#7384,#3228);
#2876=LINE('',#7386,#3229);
#2877=LINE('',#7388,#3230);
#2878=LINE('',#7392,#3231);
#2879=LINE('',#7394,#3232);
#2880=LINE('',#7396,#3233);
#2881=LINE('',#7398,#3234);
#2882=LINE('',#7400,#3235);
#2883=LINE('',#7402,#3236);
#2884=LINE('',#7404,#3237);
#2885=LINE('',#7406,#3238);
#2886=LINE('',#7408,#3239);
#2887=LINE('',#7410,#3240);
#2888=LINE('',#7412,#3241);
#2889=LINE('',#7414,#3242);
#2890=LINE('',#7418,#3243);
#2891=LINE('',#7420,#3244);
#2892=LINE('',#7422,#3245);
#2893=LINE('',#7426,#3246);
#2894=LINE('',#7428,#3247);
#2895=LINE('',#7430,#3248);
#2896=LINE('',#7432,#3249);
#2897=LINE('',#7434,#3250);
#2898=LINE('',#7438,#3251);
#2899=LINE('',#7440,#3252);
#2900=LINE('',#7442,#3253);
#2901=LINE('',#7446,#3254);
#2902=LINE('',#7448,#3255);
#2903=LINE('',#7450,#3256);
#2904=LINE('',#7454,#3257);
#2905=LINE('',#7456,#3258);
#2906=LINE('',#7458,#3259);
#2907=LINE('',#7460,#3260);
#2908=LINE('',#7462,#3261);
#2909=LINE('',#7466,#3262);
#2910=LINE('',#7468,#3263);
#2911=LINE('',#7470,#3264);
#2912=LINE('',#7474,#3265);
#2913=LINE('',#7476,#3266);
#2914=LINE('',#7478,#3267);
#2915=LINE('',#7482,#3268);
#2916=LINE('',#7484,#3269);
#2917=LINE('',#7486,#3270);
#2918=LINE('',#7488,#3271);
#2919=LINE('',#7490,#3272);
#2920=LINE('',#7492,#3273);
#2921=LINE('',#7494,#3274);
#2922=LINE('',#7496,#3275);
#2923=LINE('',#7498,#3276);
#2924=LINE('',#7502,#3277);
#2925=LINE('',#7504,#3278);
#2926=LINE('',#7506,#3279);
#2927=LINE('',#7510,#3280);
#2928=LINE('',#7512,#3281);
#2929=LINE('',#7514,#3282);
#2930=LINE('',#7516,#3283);
#2931=LINE('',#7520,#3284);
#2932=LINE('',#7522,#3285);
#2933=LINE('',#7524,#3286);
#2934=LINE('',#7528,#3287);
#2935=LINE('',#7530,#3288);
#2936=LINE('',#7532,#3289);
#2937=LINE('',#7536,#3290);
#2938=LINE('',#7538,#3291);
#2939=LINE('',#7540,#3292);
#2940=LINE('',#7544,#3293);
#2941=LINE('',#7546,#3294);
#2942=LINE('',#7548,#3295);
#2943=LINE('',#7550,#3296);
#2944=LINE('',#7554,#3297);
#2945=LINE('',#7558,#3298);
#2946=LINE('',#7560,#3299);
#2947=LINE('',#7562,#3300);
#2948=LINE('',#7564,#3301);
#2949=LINE('',#7568,#3302);
#2950=LINE('',#7570,#3303);
#2951=LINE('',#7572,#3304);
#2952=LINE('',#7574,#3305);
#2953=LINE('',#7578,#3306);
#2954=LINE('',#7580,#3307);
#2955=LINE('',#7582,#3308);
#2956=LINE('',#7584,#3309);
#2957=LINE('',#7586,#3310);
#2958=LINE('',#7590,#3311);
#2959=LINE('',#7592,#3312);
#2960=LINE('',#7594,#3313);
#2961=LINE('',#7598,#3314);
#2962=LINE('',#7600,#3315);
#2963=LINE('',#7602,#3316);
#2964=LINE('',#7604,#3317);
#2965=LINE('',#7606,#3318);
#2966=LINE('',#7610,#3319);
#2967=LINE('',#7612,#3320);
#2968=LINE('',#7614,#3321);
#2969=LINE('',#7616,#3322);
#2970=LINE('',#7618,#3323);
#2971=LINE('',#7622,#3324);
#2972=LINE('',#7624,#3325);
#2973=LINE('',#7626,#3326);
#2974=LINE('',#7628,#3327);
#2975=LINE('',#7632,#3328);
#2976=LINE('',#7636,#3329);
#2977=LINE('',#7638,#3330);
#2978=LINE('',#7640,#3331);
#2979=LINE('',#7642,#3332);
#2980=LINE('',#7646,#3333);
#2981=LINE('',#7650,#3334);
#2982=LINE('',#7652,#3335);
#2983=LINE('',#7654,#3336);
#2984=LINE('',#7656,#3337);
#2985=LINE('',#7660,#3338);
#2986=LINE('',#7664,#3339);
#2987=LINE('',#7666,#3340);
#2988=LINE('',#7668,#3341);
#2989=LINE('',#7670,#3342);
#2990=LINE('',#7674,#3343);
#2991=LINE('',#7676,#3344);
#2992=LINE('',#7678,#3345);
#2993=LINE('',#7680,#3346);
#2994=LINE('',#7684,#3347);
#2995=LINE('',#7686,#3348);
#2996=LINE('',#7688,#3349);
#2997=LINE('',#7692,#3350);
#2998=LINE('',#7694,#3351);
#2999=LINE('',#7696,#3352);
#3000=LINE('',#7700,#3353);
#3001=LINE('',#7704,#3354);
#3002=LINE('',#7706,#3355);
#3003=LINE('',#7708,#3356);
#3004=LINE('',#7710,#3357);
#3005=LINE('',#7714,#3358);
#3006=LINE('',#7716,#3359);
#3007=LINE('',#7718,#3360);
#3008=LINE('',#7720,#3361);
#3009=LINE('',#7724,#3362);
#3010=LINE('',#7726,#3363);
#3011=LINE('',#7728,#3364);
#3012=LINE('',#7732,#3365);
#3013=LINE('',#7734,#3366);
#3014=LINE('',#7736,#3367);
#3015=LINE('',#7738,#3368);
#3016=LINE('',#7740,#3369);
#3017=LINE('',#7742,#3370);
#3018=LINE('',#7744,#3371);
#3019=LINE('',#7746,#3372);
#3020=LINE('',#7750,#3373);
#3021=LINE('',#7752,#3374);
#3022=LINE('',#7754,#3375);
#3023=LINE('',#7758,#3376);
#3024=LINE('',#7760,#3377);
#3025=LINE('',#7762,#3378);
#3026=LINE('',#7764,#3379);
#3027=LINE('',#7766,#3380);
#3028=LINE('',#7770,#3381);
#3029=LINE('',#7772,#3382);
#3030=LINE('',#7774,#3383);
#3031=LINE('',#7778,#3384);
#3032=LINE('',#7782,#3385);
#3033=LINE('',#7784,#3386);
#3034=LINE('',#7786,#3387);
#3035=LINE('',#7788,#3388);
#3036=LINE('',#7792,#3389);
#3037=LINE('',#7796,#3390);
#3038=LINE('',#7798,#3391);
#3039=LINE('',#7800,#3392);
#3040=LINE('',#7802,#3393);
#3041=LINE('',#7808,#3394);
#3042=LINE('',#7810,#3395);
#3043=LINE('',#7814,#3396);
#3044=LINE('',#7816,#3397);
#3045=LINE('',#7818,#3398);
#3046=LINE('',#7820,#3399);
#3047=LINE('',#7822,#3400);
#3048=LINE('',#7845,#3401);
#3049=LINE('',#7849,#3402);
#3050=LINE('',#7851,#3403);
#3051=LINE('',#7853,#3404);
#3052=VECTOR('',#5172,1.);
#3053=VECTOR('',#5173,1.);
#3054=VECTOR('',#5174,1.);
#3055=VECTOR('',#5175,1.);
#3056=VECTOR('',#5178,1.);
#3057=VECTOR('',#5179,1.);
#3058=VECTOR('',#5180,1.);
#3059=VECTOR('',#5181,1.);
#3060=VECTOR('',#5184,1.);
#3061=VECTOR('',#5185,1.);
#3062=VECTOR('',#5186,1.);
#3063=VECTOR('',#5187,1.);
#3064=VECTOR('',#5190,1.);
#3065=VECTOR('',#5191,1.);
#3066=VECTOR('',#5192,1.);
#3067=VECTOR('',#5193,1.);
#3068=VECTOR('',#5196,1.);
#3069=VECTOR('',#5197,1.);
#3070=VECTOR('',#5198,1.);
#3071=VECTOR('',#5199,1.);
#3072=VECTOR('',#5202,1.);
#3073=VECTOR('',#5207,1.);
#3074=VECTOR('',#5222,1.);
#3075=VECTOR('',#5225,1.);
#3076=VECTOR('',#5226,1.);
#3077=VECTOR('',#5227,1.);
#3078=VECTOR('',#5230,1.);
#3079=VECTOR('',#5231,1.);
#3080=VECTOR('',#5232,1.);
#3081=VECTOR('',#5235,1.);
#3082=VECTOR('',#5236,1.);
#3083=VECTOR('',#5237,1.);
#3084=VECTOR('',#5246,1.);
#3085=VECTOR('',#5253,1.);
#3086=VECTOR('',#5254,1.);
#3087=VECTOR('',#5255,1.);
#3088=VECTOR('',#5262,1.);
#3089=VECTOR('',#5313,1.);
#3090=VECTOR('',#5316,1.);
#3091=VECTOR('',#5325,1.);
#3092=VECTOR('',#5328,1.);
#3093=VECTOR('',#5335,1.);
#3094=VECTOR('',#5338,1.);
#3095=VECTOR('',#5339,1.);
#3096=VECTOR('',#5342,1.);
#3097=VECTOR('',#5343,1.);
#3098=VECTOR('',#5346,1.);
#3099=VECTOR('',#5349,1.);
#3100=VECTOR('',#5350,1.);
#3101=VECTOR('',#5361,1.);
#3102=VECTOR('',#5364,1.);
#3103=VECTOR('',#5373,1.);
#3104=VECTOR('',#5376,1.);
#3105=VECTOR('',#5385,1.);
#3106=VECTOR('',#5388,1.);
#3107=VECTOR('',#5397,1.);
#3108=VECTOR('',#5400,1.);
#3109=VECTOR('',#5405,1.);
#3110=VECTOR('',#5406,1.);
#3111=VECTOR('',#5409,1.);
#3112=VECTOR('',#5412,1.);
#3113=VECTOR('',#5413,1.);
#3114=VECTOR('',#5414,1.);
#3115=VECTOR('',#5415,1.);
#3116=VECTOR('',#5418,1.);
#3117=VECTOR('',#5421,1.);
#3118=VECTOR('',#5424,1.);
#3119=VECTOR('',#5425,1.);
#3120=VECTOR('',#5428,1.);
#3121=VECTOR('',#5431,1.);
#3122=VECTOR('',#5434,1.);
#3123=VECTOR('',#5435,1.);
#3124=VECTOR('',#5438,1.);
#3125=VECTOR('',#5441,1.);
#3126=VECTOR('',#5444,1.);
#3127=VECTOR('',#5447,1.);
#3128=VECTOR('',#5450,1.);
#3129=VECTOR('',#5471,1.);
#3130=VECTOR('',#5472,1.);
#3131=VECTOR('',#5475,1.);
#3132=VECTOR('',#5478,1.);
#3133=VECTOR('',#5527,1.);
#3134=VECTOR('',#5530,1.);
#3135=VECTOR('',#5541,1.);
#3136=VECTOR('',#5544,1.);
#3137=VECTOR('',#5545,1.);
#3138=VECTOR('',#5548,1.);
#3139=VECTOR('',#5563,1.);
#3140=VECTOR('',#5566,1.);
#3141=VECTOR('',#5575,1.);
#3142=VECTOR('',#5578,1.);
#3143=VECTOR('',#5581,1.);
#3144=VECTOR('',#5600,1.);
#3145=VECTOR('',#5603,1.);
#3146=VECTOR('',#5604,1.);
#3147=VECTOR('',#5605,1.);
#3148=VECTOR('',#5606,1.);
#3149=VECTOR('',#5609,1.);
#3150=VECTOR('',#5610,1.);
#3151=VECTOR('',#5615,1.);
#3152=VECTOR('',#5618,1.);
#3153=VECTOR('',#5619,1.);
#3154=VECTOR('',#5620,1.);
#3155=VECTOR('',#5623,1.);
#3156=VECTOR('',#5624,1.);
#3157=VECTOR('',#5627,1.);
#3158=VECTOR('',#5628,1.);
#3159=VECTOR('',#5631,1.);
#3160=VECTOR('',#5632,1.);
#3161=VECTOR('',#5635,1.);
#3162=VECTOR('',#5638,1.);
#3163=VECTOR('',#5639,1.);
#3164=VECTOR('',#5640,1.);
#3165=VECTOR('',#5641,1.);
#3166=VECTOR('',#5644,1.);
#3167=VECTOR('',#5645,1.);
#3168=VECTOR('',#5650,1.);
#3169=VECTOR('',#5651,1.);
#3170=VECTOR('',#5652,1.);
#3171=VECTOR('',#5657,1.);
#3172=VECTOR('',#5662,1.);
#3173=VECTOR('',#5869,1.);
#3174=VECTOR('',#5870,1.);
#3175=VECTOR('',#5873,1.);
#3176=VECTOR('',#5876,1.);
#3177=VECTOR('',#5877,1.);
#3178=VECTOR('',#5880,1.);
#3179=VECTOR('',#5885,1.);
#3180=VECTOR('',#5886,1.);
#3181=VECTOR('',#5887,1.);
#3182=VECTOR('',#5890,1.);
#3183=VECTOR('',#5895,1.);
#3184=VECTOR('',#5896,1.);
#3185=VECTOR('',#5899,1.);
#3186=VECTOR('',#5900,1.);
#3187=VECTOR('',#5903,1.);
#3188=VECTOR('',#5908,1.);
#3189=VECTOR('',#5909,1.);
#3190=VECTOR('',#5912,1.);
#3191=VECTOR('',#5913,1.);
#3192=VECTOR('',#5916,1.);
#3193=VECTOR('',#5917,1.);
#3194=VECTOR('',#5920,1.);
#3195=VECTOR('',#5921,1.);
#3196=VECTOR('',#5924,1.);
#3197=VECTOR('',#5929,1.);
#3198=VECTOR('',#5930,1.);
#3199=VECTOR('',#5933,1.);
#3200=VECTOR('',#5938,1.);
#3201=VECTOR('',#5939,1.);
#3202=VECTOR('',#5942,1.);
#3203=VECTOR('',#5943,1.);
#3204=VECTOR('',#5946,1.);
#3205=VECTOR('',#5951,1.);
#3206=VECTOR('',#5952,1.);
#3207=VECTOR('',#5955,1.);
#3208=VECTOR('',#5956,1.);
#3209=VECTOR('',#5959,1.);
#3210=VECTOR('',#5964,1.);
#3211=VECTOR('',#5965,1.);
#3212=VECTOR('',#5968,1.);
#3213=VECTOR('',#5969,1.);
#3214=VECTOR('',#5972,1.);
#3215=VECTOR('',#5977,1.);
#3216=VECTOR('',#5978,1.);
#3217=VECTOR('',#5981,1.);
#3218=VECTOR('',#5982,1.);
#3219=VECTOR('',#5985,1.);
#3220=VECTOR('',#5986,1.);
#3221=VECTOR('',#5989,1.);
#3222=VECTOR('',#5994,1.);
#3223=VECTOR('',#5995,1.);
#3224=VECTOR('',#5998,1.);
#3225=VECTOR('',#6003,1.);
#3226=VECTOR('',#6008,1.);
#3227=VECTOR('',#6009,1.);
#3228=VECTOR('',#6012,1.);
#3229=VECTOR('',#6013,1.);
#3230=VECTOR('',#6016,1.);
#3231=VECTOR('',#6021,1.);
#3232=VECTOR('',#6022,1.);
#3233=VECTOR('',#6025,1.);
#3234=VECTOR('',#6026,1.);
#3235=VECTOR('',#6029,1.);
#3236=VECTOR('',#6030,1.);
#3237=VECTOR('',#6033,1.);
#3238=VECTOR('',#6034,1.);
#3239=VECTOR('',#6037,1.);
#3240=VECTOR('',#6038,1.);
#3241=VECTOR('',#6039,1.);
#3242=VECTOR('',#6042,1.);
#3243=VECTOR('',#6047,1.);
#3244=VECTOR('',#6048,1.);
#3245=VECTOR('',#6051,1.);
#3246=VECTOR('',#6056,1.);
#3247=VECTOR('',#6057,1.);
#3248=VECTOR('',#6060,1.);
#3249=VECTOR('',#6061,1.);
#3250=VECTOR('',#6064,1.);
#3251=VECTOR('',#6069,1.);
#3252=VECTOR('',#6070,1.);
#3253=VECTOR('',#6073,1.);
#3254=VECTOR('',#6078,1.);
#3255=VECTOR('',#6079,1.);
#3256=VECTOR('',#6082,1.);
#3257=VECTOR('',#6087,1.);
#3258=VECTOR('',#6088,1.);
#3259=VECTOR('',#6091,1.);
#3260=VECTOR('',#6092,1.);
#3261=VECTOR('',#6095,1.);
#3262=VECTOR('',#6100,1.);
#3263=VECTOR('',#6101,1.);
#3264=VECTOR('',#6104,1.);
#3265=VECTOR('',#6109,1.);
#3266=VECTOR('',#6110,1.);
#3267=VECTOR('',#6113,1.);
#3268=VECTOR('',#6118,1.);
#3269=VECTOR('',#6119,1.);
#3270=VECTOR('',#6122,1.);
#3271=VECTOR('',#6123,1.);
#3272=VECTOR('',#6126,1.);
#3273=VECTOR('',#6127,1.);
#3274=VECTOR('',#6130,1.);
#3275=VECTOR('',#6131,1.);
#3276=VECTOR('',#6134,1.);
#3277=VECTOR('',#6139,1.);
#3278=VECTOR('',#6140,1.);
#3279=VECTOR('',#6143,1.);
#3280=VECTOR('',#6148,1.);
#3281=VECTOR('',#6149,1.);
#3282=VECTOR('',#6152,1.);
#3283=VECTOR('',#6155,1.);
#3284=VECTOR('',#6160,1.);
#3285=VECTOR('',#6161,1.);
#3286=VECTOR('',#6164,1.);
#3287=VECTOR('',#6169,1.);
#3288=VECTOR('',#6170,1.);
#3289=VECTOR('',#6173,1.);
#3290=VECTOR('',#6178,1.);
#3291=VECTOR('',#6179,1.);
#3292=VECTOR('',#6182,1.);
#3293=VECTOR('',#6185,1.);
#3294=VECTOR('',#6188,1.);
#3295=VECTOR('',#6189,1.);
#3296=VECTOR('',#6192,1.);
#3297=VECTOR('',#6197,1.);
#3298=VECTOR('',#6200,1.);
#3299=VECTOR('',#6203,1.);
#3300=VECTOR('',#6204,1.);
#3301=VECTOR('',#6207,1.);
#3302=VECTOR('',#6212,1.);
#3303=VECTOR('',#6213,1.);
#3304=VECTOR('',#6214,1.);
#3305=VECTOR('',#6217,1.);
#3306=VECTOR('',#6222,1.);
#3307=VECTOR('',#6223,1.);
#3308=VECTOR('',#6226,1.);
#3309=VECTOR('',#6227,1.);
#3310=VECTOR('',#6230,1.);
#3311=VECTOR('',#6235,1.);
#3312=VECTOR('',#6236,1.);
#3313=VECTOR('',#6239,1.);
#3314=VECTOR('',#6244,1.);
#3315=VECTOR('',#6245,1.);
#3316=VECTOR('',#6248,1.);
#3317=VECTOR('',#6249,1.);
#3318=VECTOR('',#6252,1.);
#3319=VECTOR('',#6257,1.);
#3320=VECTOR('',#6258,1.);
#3321=VECTOR('',#6261,1.);
#3322=VECTOR('',#6262,1.);
#3323=VECTOR('',#6265,1.);
#3324=VECTOR('',#6268,1.);
#3325=VECTOR('',#6271,1.);
#3326=VECTOR('',#6272,1.);
#3327=VECTOR('',#6275,1.);
#3328=VECTOR('',#6280,1.);
#3329=VECTOR('',#6283,1.);
#3330=VECTOR('',#6286,1.);
#3331=VECTOR('',#6287,1.);
#3332=VECTOR('',#6290,1.);
#3333=VECTOR('',#6295,1.);
#3334=VECTOR('',#6298,1.);
#3335=VECTOR('',#6301,1.);
#3336=VECTOR('',#6302,1.);
#3337=VECTOR('',#6305,1.);
#3338=VECTOR('',#6310,1.);
#3339=VECTOR('',#6313,1.);
#3340=VECTOR('',#6316,1.);
#3341=VECTOR('',#6317,1.);
#3342=VECTOR('',#6320,1.);
#3343=VECTOR('',#6325,1.);
#3344=VECTOR('',#6326,1.);
#3345=VECTOR('',#6327,1.);
#3346=VECTOR('',#6330,1.);
#3347=VECTOR('',#6335,1.);
#3348=VECTOR('',#6336,1.);
#3349=VECTOR('',#6339,1.);
#3350=VECTOR('',#6344,1.);
#3351=VECTOR('',#6345,1.);
#3352=VECTOR('',#6348,1.);
#3353=VECTOR('',#6353,1.);
#3354=VECTOR('',#6356,1.);
#3355=VECTOR('',#6359,1.);
#3356=VECTOR('',#6360,1.);
#3357=VECTOR('',#6363,1.);
#3358=VECTOR('',#6368,1.);
#3359=VECTOR('',#6369,1.);
#3360=VECTOR('',#6370,1.);
#3361=VECTOR('',#6373,1.);
#3362=VECTOR('',#6378,1.);
#3363=VECTOR('',#6379,1.);
#3364=VECTOR('',#6382,1.);
#3365=VECTOR('',#6387,1.);
#3366=VECTOR('',#6388,1.);
#3367=VECTOR('',#6391,1.);
#3368=VECTOR('',#6392,1.);
#3369=VECTOR('',#6395,1.);
#3370=VECTOR('',#6396,1.);
#3371=VECTOR('',#6397,1.);
#3372=VECTOR('',#6400,1.);
#3373=VECTOR('',#6405,1.);
#3374=VECTOR('',#6406,1.);
#3375=VECTOR('',#6409,1.);
#3376=VECTOR('',#6414,1.);
#3377=VECTOR('',#6415,1.);
#3378=VECTOR('',#6418,1.);
#3379=VECTOR('',#6419,1.);
#3380=VECTOR('',#6422,1.);
#3381=VECTOR('',#6427,1.);
#3382=VECTOR('',#6428,1.);
#3383=VECTOR('',#6431,1.);
#3384=VECTOR('',#6436,1.);
#3385=VECTOR('',#6439,1.);
#3386=VECTOR('',#6442,1.);
#3387=VECTOR('',#6443,1.);
#3388=VECTOR('',#6446,1.);
#3389=VECTOR('',#6451,1.);
#3390=VECTOR('',#6454,1.);
#3391=VECTOR('',#6457,1.);
#3392=VECTOR('',#6458,1.);
#3393=VECTOR('',#6461,1.);
#3394=VECTOR('',#6470,1.);
#3395=VECTOR('',#6473,1.);
#3396=VECTOR('',#6480,1.);
#3397=VECTOR('',#6483,1.);
#3398=VECTOR('',#6486,1.);
#3399=VECTOR('',#6489,1.);
#3400=VECTOR('',#6492,1.);
#3401=VECTOR('',#6523,1.);
#3402=VECTOR('',#6530,1.);
#3403=VECTOR('',#6533,1.);
#3404=VECTOR('',#6536,1.);
#3405=EDGE_LOOP('',(#404,#405,#406,#407));
#3406=EDGE_LOOP('',(#408,#409,#410,#411));
#3407=EDGE_LOOP('',(#412,#413,#414,#415));
#3408=EDGE_LOOP('',(#416,#417,#418,#419));
#3409=EDGE_LOOP('',(#420,#421,#422,#423));
#3410=EDGE_LOOP('',(#424,#425,#426,#427,#428,#429));
#3411=EDGE_LOOP('',(#430,#431,#432,#433));
#3412=EDGE_LOOP('',(#434,#435,#436,#437));
#3413=EDGE_LOOP('',(#438,#439,#440,#441));
#3414=EDGE_LOOP('',(#442,#443,#444,#445));
#3415=EDGE_LOOP('',(#446,#447,#448,#449));
#3416=EDGE_LOOP('',(#450,#451,#452,#453));
#3417=EDGE_LOOP('',(#454,#455,#456,#457));
#3418=EDGE_LOOP('',(#458,#459,#460,#461));
#3419=EDGE_LOOP('',(#462,#463,#464,#465));
#3420=EDGE_LOOP('',(#466,#467,#468,#469));
#3421=EDGE_LOOP('',(#470,#471,#472,#473));
#3422=EDGE_LOOP('',(#474));
#3423=EDGE_LOOP('',(#475));
#3424=EDGE_LOOP('',(#476));
#3425=EDGE_LOOP('',(#477));
#3426=EDGE_LOOP('',(#478));
#3427=EDGE_LOOP('',(#479));
#3428=EDGE_LOOP('',(#480));
#3429=EDGE_LOOP('',(#481));
#3430=EDGE_LOOP('',(#482));
#3431=EDGE_LOOP('',(#483));
#3432=EDGE_LOOP('',(#484));
#3433=EDGE_LOOP('',(#485));
#3434=EDGE_LOOP('',(#486,#487,#488,#489));
#3435=EDGE_LOOP('',(#490));
#3436=EDGE_LOOP('',(#491));
#3437=EDGE_LOOP('',(#492,#493,#494,#495));
#3438=EDGE_LOOP('',(#496));
#3439=EDGE_LOOP('',(#497));
#3440=EDGE_LOOP('',(#498,#499,#500,#501,#502,#503,#504,#505,#506,#507,#508,
#509,#510));
#3441=EDGE_LOOP('',(#511));
#3442=EDGE_LOOP('',(#512));
#3443=EDGE_LOOP('',(#513,#514,#515,#516));
#3444=EDGE_LOOP('',(#517));
#3445=EDGE_LOOP('',(#518));
#3446=EDGE_LOOP('',(#519,#520,#521,#522));
#3447=EDGE_LOOP('',(#523));
#3448=EDGE_LOOP('',(#524));
#3449=EDGE_LOOP('',(#525,#526,#527,#528));
#3450=EDGE_LOOP('',(#529));
#3451=EDGE_LOOP('',(#530));
#3452=EDGE_LOOP('',(#531,#532,#533,#534));
#3453=EDGE_LOOP('',(#535,#536,#537,#538,#539,#540,#541,#542,#543,#544,#545,
#546,#547,#548,#549,#550,#551,#552,#553,#554,#555,#556,#557,#558,#559,#560,
#561,#562,#563,#564,#565,#566,#567,#568,#569,#570));
#3454=EDGE_LOOP('',(#571));
#3455=EDGE_LOOP('',(#572));
#3456=EDGE_LOOP('',(#573));
#3457=EDGE_LOOP('',(#574));
#3458=EDGE_LOOP('',(#575));
#3459=EDGE_LOOP('',(#576));
#3460=EDGE_LOOP('',(#577));
#3461=EDGE_LOOP('',(#578,#579,#580,#581,#582,#583,#584));
#3462=EDGE_LOOP('',(#585));
#3463=EDGE_LOOP('',(#586));
#3464=EDGE_LOOP('',(#587));
#3465=EDGE_LOOP('',(#588));
#3466=EDGE_LOOP('',(#589));
#3467=EDGE_LOOP('',(#590));
#3468=EDGE_LOOP('',(#591));
#3469=EDGE_LOOP('',(#592));
#3470=EDGE_LOOP('',(#593));
#3471=EDGE_LOOP('',(#594));
#3472=EDGE_LOOP('',(#595));
#3473=EDGE_LOOP('',(#596));
#3474=EDGE_LOOP('',(#597));
#3475=EDGE_LOOP('',(#598));
#3476=EDGE_LOOP('',(#599));
#3477=EDGE_LOOP('',(#600));
#3478=EDGE_LOOP('',(#601,#602,#603,#604));
#3479=EDGE_LOOP('',(#605));
#3480=EDGE_LOOP('',(#606));
#3481=EDGE_LOOP('',(#607,#608,#609,#610,#611,#612,#613));
#3482=EDGE_LOOP('',(#614));
#3483=EDGE_LOOP('',(#615));
#3484=EDGE_LOOP('',(#616));
#3485=EDGE_LOOP('',(#617));
#3486=EDGE_LOOP('',(#618));
#3487=EDGE_LOOP('',(#619,#620,#621,#622));
#3488=EDGE_LOOP('',(#623));
#3489=EDGE_LOOP('',(#624));
#3490=EDGE_LOOP('',(#625,#626,#627,#628));
#3491=EDGE_LOOP('',(#629,#630,#631));
#3492=EDGE_LOOP('',(#632));
#3493=EDGE_LOOP('',(#633));
#3494=EDGE_LOOP('',(#634));
#3495=EDGE_LOOP('',(#635));
#3496=EDGE_LOOP('',(#636));
#3497=EDGE_LOOP('',(#637));
#3498=EDGE_LOOP('',(#638));
#3499=EDGE_LOOP('',(#639,#640,#641,#642,#643,#644,#645,#646,#647,#648,#649,
#650,#651,#652,#653,#654,#655,#656,#657,#658,#659,#660,#661,#662,#663,#664,
#665,#666,#667,#668,#669,#670,#671,#672,#673,#674));
#3500=EDGE_LOOP('',(#675,#676,#677,#678));
#3501=EDGE_LOOP('',(#679,#680,#681,#682));
#3502=EDGE_LOOP('',(#683,#684,#685,#686,#687,#688));
#3503=EDGE_LOOP('',(#689));
#3504=EDGE_LOOP('',(#690));
#3505=EDGE_LOOP('',(#691));
#3506=EDGE_LOOP('',(#692));
#3507=EDGE_LOOP('',(#693));
#3508=EDGE_LOOP('',(#694));
#3509=EDGE_LOOP('',(#695));
#3510=EDGE_LOOP('',(#696));
#3511=EDGE_LOOP('',(#697));
#3512=EDGE_LOOP('',(#698));
#3513=EDGE_LOOP('',(#699));
#3514=EDGE_LOOP('',(#700));
#3515=EDGE_LOOP('',(#701));
#3516=EDGE_LOOP('',(#702));
#3517=EDGE_LOOP('',(#703));
#3518=EDGE_LOOP('',(#704));
#3519=EDGE_LOOP('',(#705));
#3520=EDGE_LOOP('',(#706));
#3521=EDGE_LOOP('',(#707));
#3522=EDGE_LOOP('',(#708));
#3523=EDGE_LOOP('',(#709));
#3524=EDGE_LOOP('',(#710));
#3525=EDGE_LOOP('',(#711));
#3526=EDGE_LOOP('',(#712));
#3527=EDGE_LOOP('',(#713));
#3528=EDGE_LOOP('',(#714));
#3529=EDGE_LOOP('',(#715));
#3530=EDGE_LOOP('',(#716));
#3531=EDGE_LOOP('',(#717));
#3532=EDGE_LOOP('',(#718));
#3533=EDGE_LOOP('',(#719));
#3534=EDGE_LOOP('',(#720));
#3535=EDGE_LOOP('',(#721));
#3536=EDGE_LOOP('',(#722));
#3537=EDGE_LOOP('',(#723));
#3538=EDGE_LOOP('',(#724));
#3539=EDGE_LOOP('',(#725));
#3540=EDGE_LOOP('',(#726));
#3541=EDGE_LOOP('',(#727));
#3542=EDGE_LOOP('',(#728));
#3543=EDGE_LOOP('',(#729));
#3544=EDGE_LOOP('',(#730));
#3545=EDGE_LOOP('',(#731));
#3546=EDGE_LOOP('',(#732));
#3547=EDGE_LOOP('',(#733));
#3548=EDGE_LOOP('',(#734));
#3549=EDGE_LOOP('',(#735));
#3550=EDGE_LOOP('',(#736));
#3551=EDGE_LOOP('',(#737));
#3552=EDGE_LOOP('',(#738));
#3553=EDGE_LOOP('',(#739));
#3554=EDGE_LOOP('',(#740));
#3555=EDGE_LOOP('',(#741,#742,#743,#744));
#3556=EDGE_LOOP('',(#745));
#3557=EDGE_LOOP('',(#746));
#3558=EDGE_LOOP('',(#747));
#3559=EDGE_LOOP('',(#748));
#3560=EDGE_LOOP('',(#749));
#3561=EDGE_LOOP('',(#750));
#3562=EDGE_LOOP('',(#751));
#3563=EDGE_LOOP('',(#752));
#3564=EDGE_LOOP('',(#753));
#3565=EDGE_LOOP('',(#754));
#3566=EDGE_LOOP('',(#755));
#3567=EDGE_LOOP('',(#756));
#3568=EDGE_LOOP('',(#757));
#3569=EDGE_LOOP('',(#758));
#3570=EDGE_LOOP('',(#759));
#3571=EDGE_LOOP('',(#760));
#3572=EDGE_LOOP('',(#761));
#3573=EDGE_LOOP('',(#762));
#3574=EDGE_LOOP('',(#763));
#3575=EDGE_LOOP('',(#764));
#3576=EDGE_LOOP('',(#765));
#3577=EDGE_LOOP('',(#766));
#3578=EDGE_LOOP('',(#767));
#3579=EDGE_LOOP('',(#768));
#3580=EDGE_LOOP('',(#769));
#3581=EDGE_LOOP('',(#770));
#3582=EDGE_LOOP('',(#771));
#3583=EDGE_LOOP('',(#772));
#3584=EDGE_LOOP('',(#773));
#3585=EDGE_LOOP('',(#774));
#3586=EDGE_LOOP('',(#775));
#3587=EDGE_LOOP('',(#776));
#3588=EDGE_LOOP('',(#777));
#3589=EDGE_LOOP('',(#778));
#3590=EDGE_LOOP('',(#779));
#3591=EDGE_LOOP('',(#780));
#3592=EDGE_LOOP('',(#781));
#3593=EDGE_LOOP('',(#782));
#3594=EDGE_LOOP('',(#783));
#3595=EDGE_LOOP('',(#784));
#3596=EDGE_LOOP('',(#785));
#3597=EDGE_LOOP('',(#786));
#3598=EDGE_LOOP('',(#787));
#3599=EDGE_LOOP('',(#788));
#3600=EDGE_LOOP('',(#789,#790,#791,#792,#793,#794,#795,#796,#797,#798));
#3601=EDGE_LOOP('',(#799));
#3602=EDGE_LOOP('',(#800));
#3603=EDGE_LOOP('',(#801));
#3604=EDGE_LOOP('',(#802));
#3605=EDGE_LOOP('',(#803));
#3606=EDGE_LOOP('',(#804));
#3607=EDGE_LOOP('',(#805));
#3608=EDGE_LOOP('',(#806));
#3609=EDGE_LOOP('',(#807));
#3610=EDGE_LOOP('',(#808));
#3611=EDGE_LOOP('',(#809));
#3612=EDGE_LOOP('',(#810));
#3613=EDGE_LOOP('',(#811));
#3614=EDGE_LOOP('',(#812));
#3615=EDGE_LOOP('',(#813));
#3616=EDGE_LOOP('',(#814));
#3617=EDGE_LOOP('',(#815));
#3618=EDGE_LOOP('',(#816));
#3619=EDGE_LOOP('',(#817));
#3620=EDGE_LOOP('',(#818,#819,#820,#821,#822,#823,#824,#825,#826,#827,#828,
#829,#830,#831,#832,#833,#834,#835));
#3621=EDGE_LOOP('',(#836));
#3622=EDGE_LOOP('',(#837));
#3623=EDGE_LOOP('',(#838));
#3624=EDGE_LOOP('',(#839));
#3625=EDGE_LOOP('',(#840));
#3626=EDGE_LOOP('',(#841));
#3627=EDGE_LOOP('',(#842));
#3628=EDGE_LOOP('',(#843));
#3629=EDGE_LOOP('',(#844));
#3630=EDGE_LOOP('',(#845,#846,#847));
#3631=EDGE_LOOP('',(#848));
#3632=EDGE_LOOP('',(#849));
#3633=EDGE_LOOP('',(#850));
#3634=EDGE_LOOP('',(#851));
#3635=EDGE_LOOP('',(#852));
#3636=EDGE_LOOP('',(#853));
#3637=EDGE_LOOP('',(#854));
#3638=EDGE_LOOP('',(#855));
#3639=EDGE_LOOP('',(#856));
#3640=EDGE_LOOP('',(#857));
#3641=EDGE_LOOP('',(#858));
#3642=EDGE_LOOP('',(#859));
#3643=EDGE_LOOP('',(#860));
#3644=EDGE_LOOP('',(#861));
#3645=EDGE_LOOP('',(#862));
#3646=EDGE_LOOP('',(#863));
#3647=EDGE_LOOP('',(#864));
#3648=EDGE_LOOP('',(#865));
#3649=EDGE_LOOP('',(#866));
#3650=EDGE_LOOP('',(#867));
#3651=EDGE_LOOP('',(#868));
#3652=EDGE_LOOP('',(#869));
#3653=EDGE_LOOP('',(#870));
#3654=EDGE_LOOP('',(#871));
#3655=EDGE_LOOP('',(#872));
#3656=EDGE_LOOP('',(#873));
#3657=EDGE_LOOP('',(#874));
#3658=EDGE_LOOP('',(#875,#876,#877,#878));
#3659=EDGE_LOOP('',(#879,#880,#881,#882));
#3660=EDGE_LOOP('',(#883,#884,#885,#886));
#3661=EDGE_LOOP('',(#887,#888,#889,#890));
#3662=EDGE_LOOP('',(#891,#892,#893,#894));
#3663=EDGE_LOOP('',(#895,#896,#897,#898));
#3664=EDGE_LOOP('',(#899,#900,#901,#902));
#3665=EDGE_LOOP('',(#903,#904,#905,#906));
#3666=EDGE_LOOP('',(#907,#908,#909,#910));
#3667=EDGE_LOOP('',(#911,#912,#913,#914));
#3668=EDGE_LOOP('',(#915,#916,#917,#918));
#3669=EDGE_LOOP('',(#919,#920,#921,#922));
#3670=EDGE_LOOP('',(#923,#924,#925,#926));
#3671=EDGE_LOOP('',(#927,#928,#929,#930));
#3672=EDGE_LOOP('',(#931,#932,#933,#934));
#3673=EDGE_LOOP('',(#935,#936,#937,#938));
#3674=EDGE_LOOP('',(#939,#940,#941,#942));
#3675=EDGE_LOOP('',(#943,#944,#945,#946));
#3676=EDGE_LOOP('',(#947,#948,#949,#950));
#3677=EDGE_LOOP('',(#951,#952,#953,#954));
#3678=EDGE_LOOP('',(#955,#956,#957,#958));
#3679=EDGE_LOOP('',(#959,#960,#961,#962));
#3680=EDGE_LOOP('',(#963,#964,#965,#966));
#3681=EDGE_LOOP('',(#967,#968,#969,#970));
#3682=EDGE_LOOP('',(#971,#972,#973,#974));
#3683=EDGE_LOOP('',(#975,#976,#977,#978));
#3684=EDGE_LOOP('',(#979,#980,#981,#982));
#3685=EDGE_LOOP('',(#983,#984,#985,#986));
#3686=EDGE_LOOP('',(#987,#988,#989,#990));
#3687=EDGE_LOOP('',(#991,#992,#993,#994));
#3688=EDGE_LOOP('',(#995,#996,#997,#998));
#3689=EDGE_LOOP('',(#999,#1000,#1001,#1002));
#3690=EDGE_LOOP('',(#1003,#1004,#1005,#1006));
#3691=EDGE_LOOP('',(#1007,#1008,#1009,#1010));
#3692=EDGE_LOOP('',(#1011,#1012,#1013,#1014));
#3693=EDGE_LOOP('',(#1015,#1016,#1017,#1018));
#3694=EDGE_LOOP('',(#1019,#1020,#1021,#1022));
#3695=EDGE_LOOP('',(#1023,#1024,#1025,#1026));
#3696=EDGE_LOOP('',(#1027,#1028,#1029,#1030));
#3697=EDGE_LOOP('',(#1031,#1032,#1033,#1034));
#3698=EDGE_LOOP('',(#1035,#1036,#1037,#1038));
#3699=EDGE_LOOP('',(#1039,#1040,#1041,#1042));
#3700=EDGE_LOOP('',(#1043,#1044,#1045,#1046));
#3701=EDGE_LOOP('',(#1047,#1048,#1049,#1050));
#3702=EDGE_LOOP('',(#1051,#1052,#1053,#1054));
#3703=EDGE_LOOP('',(#1055,#1056,#1057,#1058));
#3704=EDGE_LOOP('',(#1059,#1060,#1061,#1062));
#3705=EDGE_LOOP('',(#1063,#1064,#1065,#1066));
#3706=EDGE_LOOP('',(#1067,#1068,#1069,#1070));
#3707=EDGE_LOOP('',(#1071,#1072,#1073,#1074));
#3708=EDGE_LOOP('',(#1075,#1076,#1077,#1078));
#3709=EDGE_LOOP('',(#1079,#1080,#1081,#1082));
#3710=EDGE_LOOP('',(#1083,#1084,#1085,#1086));
#3711=EDGE_LOOP('',(#1087,#1088,#1089,#1090));
#3712=EDGE_LOOP('',(#1091,#1092,#1093,#1094));
#3713=EDGE_LOOP('',(#1095,#1096,#1097,#1098));
#3714=EDGE_LOOP('',(#1099,#1100,#1101,#1102));
#3715=EDGE_LOOP('',(#1103,#1104,#1105,#1106));
#3716=EDGE_LOOP('',(#1107,#1108,#1109,#1110));
#3717=EDGE_LOOP('',(#1111,#1112,#1113,#1114));
#3718=EDGE_LOOP('',(#1115,#1116,#1117,#1118));
#3719=EDGE_LOOP('',(#1119,#1120,#1121,#1122));
#3720=EDGE_LOOP('',(#1123,#1124,#1125,#1126));
#3721=EDGE_LOOP('',(#1127,#1128,#1129,#1130));
#3722=EDGE_LOOP('',(#1131,#1132,#1133,#1134));
#3723=EDGE_LOOP('',(#1135,#1136,#1137,#1138));
#3724=EDGE_LOOP('',(#1139,#1140,#1141,#1142));
#3725=EDGE_LOOP('',(#1143,#1144,#1145,#1146));
#3726=EDGE_LOOP('',(#1147,#1148,#1149,#1150));
#3727=EDGE_LOOP('',(#1151,#1152,#1153,#1154));
#3728=EDGE_LOOP('',(#1155,#1156,#1157,#1158));
#3729=EDGE_LOOP('',(#1159,#1160,#1161,#1162));
#3730=EDGE_LOOP('',(#1163,#1164,#1165,#1166));
#3731=EDGE_LOOP('',(#1167,#1168,#1169,#1170));
#3732=EDGE_LOOP('',(#1171,#1172,#1173,#1174));
#3733=EDGE_LOOP('',(#1175,#1176,#1177,#1178));
#3734=EDGE_LOOP('',(#1179,#1180,#1181,#1182));
#3735=EDGE_LOOP('',(#1183,#1184,#1185,#1186));
#3736=EDGE_LOOP('',(#1187,#1188,#1189,#1190));
#3737=EDGE_LOOP('',(#1191,#1192,#1193,#1194));
#3738=EDGE_LOOP('',(#1195,#1196,#1197,#1198));
#3739=EDGE_LOOP('',(#1199,#1200,#1201,#1202));
#3740=EDGE_LOOP('',(#1203,#1204,#1205,#1206));
#3741=EDGE_LOOP('',(#1207,#1208,#1209,#1210));
#3742=EDGE_LOOP('',(#1211,#1212,#1213,#1214));
#3743=EDGE_LOOP('',(#1215,#1216,#1217,#1218));
#3744=EDGE_LOOP('',(#1219,#1220,#1221,#1222));
#3745=EDGE_LOOP('',(#1223,#1224,#1225,#1226));
#3746=EDGE_LOOP('',(#1227,#1228,#1229,#1230));
#3747=EDGE_LOOP('',(#1231,#1232,#1233,#1234));
#3748=EDGE_LOOP('',(#1235,#1236,#1237,#1238));
#3749=EDGE_LOOP('',(#1239,#1240,#1241,#1242));
#3750=EDGE_LOOP('',(#1243,#1244,#1245,#1246));
#3751=EDGE_LOOP('',(#1247,#1248,#1249,#1250));
#3752=EDGE_LOOP('',(#1251,#1252,#1253,#1254));
#3753=EDGE_LOOP('',(#1255,#1256,#1257,#1258));
#3754=EDGE_LOOP('',(#1259,#1260,#1261,#1262));
#3755=EDGE_LOOP('',(#1263,#1264,#1265,#1266));
#3756=EDGE_LOOP('',(#1267,#1268,#1269,#1270));
#3757=EDGE_LOOP('',(#1271,#1272,#1273,#1274));
#3758=EDGE_LOOP('',(#1275,#1276,#1277,#1278));
#3759=EDGE_LOOP('',(#1279,#1280,#1281,#1282));
#3760=EDGE_LOOP('',(#1283,#1284,#1285,#1286));
#3761=EDGE_LOOP('',(#1287,#1288,#1289,#1290));
#3762=EDGE_LOOP('',(#1291,#1292,#1293,#1294));
#3763=EDGE_LOOP('',(#1295,#1296,#1297,#1298));
#3764=EDGE_LOOP('',(#1299,#1300,#1301,#1302));
#3765=EDGE_LOOP('',(#1303,#1304,#1305,#1306));
#3766=EDGE_LOOP('',(#1307,#1308,#1309,#1310));
#3767=EDGE_LOOP('',(#1311,#1312,#1313,#1314));
#3768=EDGE_LOOP('',(#1315,#1316,#1317,#1318));
#3769=EDGE_LOOP('',(#1319,#1320,#1321,#1322));
#3770=EDGE_LOOP('',(#1323,#1324,#1325,#1326));
#3771=EDGE_LOOP('',(#1327,#1328,#1329,#1330));
#3772=EDGE_LOOP('',(#1331,#1332,#1333,#1334));
#3773=EDGE_LOOP('',(#1335,#1336,#1337,#1338));
#3774=EDGE_LOOP('',(#1339,#1340,#1341,#1342));
#3775=EDGE_LOOP('',(#1343,#1344,#1345,#1346));
#3776=EDGE_LOOP('',(#1347,#1348,#1349,#1350));
#3777=EDGE_LOOP('',(#1351,#1352,#1353,#1354));
#3778=EDGE_LOOP('',(#1355,#1356,#1357,#1358));
#3779=EDGE_LOOP('',(#1359,#1360,#1361,#1362));
#3780=EDGE_LOOP('',(#1363,#1364,#1365,#1366));
#3781=EDGE_LOOP('',(#1367,#1368,#1369,#1370));
#3782=EDGE_LOOP('',(#1371,#1372,#1373,#1374));
#3783=EDGE_LOOP('',(#1375,#1376,#1377,#1378));
#3784=EDGE_LOOP('',(#1379,#1380,#1381,#1382));
#3785=EDGE_LOOP('',(#1383,#1384,#1385,#1386));
#3786=EDGE_LOOP('',(#1387,#1388,#1389,#1390));
#3787=EDGE_LOOP('',(#1391,#1392,#1393,#1394));
#3788=EDGE_LOOP('',(#1395,#1396,#1397,#1398));
#3789=EDGE_LOOP('',(#1399,#1400,#1401,#1402));
#3790=EDGE_LOOP('',(#1403,#1404,#1405,#1406));
#3791=EDGE_LOOP('',(#1407,#1408,#1409,#1410));
#3792=EDGE_LOOP('',(#1411,#1412,#1413,#1414));
#3793=EDGE_LOOP('',(#1415,#1416,#1417,#1418));
#3794=EDGE_LOOP('',(#1419,#1420,#1421,#1422));
#3795=EDGE_LOOP('',(#1423));
#3796=EDGE_LOOP('',(#1424));
#3797=EDGE_LOOP('',(#1425));
#3798=EDGE_LOOP('',(#1426));
#3799=EDGE_LOOP('',(#1427));
#3800=EDGE_LOOP('',(#1428));
#3801=EDGE_LOOP('',(#1429));
#3802=EDGE_LOOP('',(#1430));
#3803=EDGE_LOOP('',(#1431));
#3804=EDGE_LOOP('',(#1432));
#3805=EDGE_LOOP('',(#1433));
#3806=EDGE_LOOP('',(#1434));
#3807=EDGE_LOOP('',(#1435));
#3808=EDGE_LOOP('',(#1436));
#3809=EDGE_LOOP('',(#1437,#1438,#1439,#1440));
#3810=EDGE_LOOP('',(#1441,#1442,#1443,#1444));
#3811=EDGE_LOOP('',(#1445,#1446,#1447,#1448));
#3812=EDGE_LOOP('',(#1449,#1450,#1451,#1452));
#3813=EDGE_LOOP('',(#1453,#1454,#1455,#1456));
#3814=EDGE_LOOP('',(#1457,#1458,#1459,#1460));
#3815=EDGE_LOOP('',(#1461,#1462,#1463,#1464));
#3816=EDGE_LOOP('',(#1465,#1466,#1467,#1468));
#3817=EDGE_LOOP('',(#1469,#1470,#1471,#1472,#1473,#1474,#1475,#1476,#1477,
#1478));
#3818=EDGE_LOOP('',(#1479,#1480,#1481,#1482,#1483,#1484,#1485));
#3819=EDGE_LOOP('',(#1486,#1487,#1488,#1489));
#3820=EDGE_LOOP('',(#1490));
#3821=EDGE_LOOP('',(#1491));
#3822=EDGE_LOOP('',(#1492));
#3823=EDGE_LOOP('',(#1493));
#3824=EDGE_LOOP('',(#1494));
#3825=EDGE_LOOP('',(#1495));
#3826=EDGE_LOOP('',(#1496));
#3827=EDGE_LOOP('',(#1497));
#3828=EDGE_LOOP('',(#1498));
#3829=EDGE_LOOP('',(#1499));
#3830=EDGE_LOOP('',(#1500));
#3831=EDGE_LOOP('',(#1501));
#3832=EDGE_LOOP('',(#1502,#1503,#1504,#1505,#1506,#1507,#1508));
#3833=EDGE_LOOP('',(#1509,#1510,#1511,#1512));
#3834=EDGE_LOOP('',(#1513,#1514,#1515,#1516));
#3835=EDGE_LOOP('',(#1517,#1518,#1519,#1520));
#3836=EDGE_LOOP('',(#1521,#1522,#1523,#1524));
#3837=EDGE_LOOP('',(#1525,#1526,#1527,#1528,#1529,#1530,#1531,#1532,#1533,
#1534,#1535,#1536,#1537));
#3838=EDGE_LOOP('',(#1538,#1539,#1540,#1541));
#3839=EDGE_LOOP('',(#1542,#1543,#1544,#1545));
#3840=EDGE_LOOP('',(#1546,#1547,#1548,#1549,#1550,#1551,#1552,#1553,#1554,
#1555,#1556,#1557,#1558,#1559,#1560,#1561,#1562,#1563,#1564,#1565,#1566,
#1567,#1568,#1569,#1570,#1571,#1572,#1573,#1574,#1575,#1576,#1577,#1578,
#1579,#1580,#1581,#1582,#1583,#1584,#1585,#1586,#1587,#1588,#1589,#1590,
#1591,#1592,#1593,#1594,#1595,#1596,#1597));
#3841=EDGE_LOOP('',(#1598,#1599,#1600,#1601,#1602,#1603,#1604,#1605,#1606,
#1607,#1608,#1609,#1610,#1611,#1612,#1613,#1614,#1615,#1616,#1617,#1618,
#1619,#1620,#1621,#1622,#1623,#1624,#1625,#1626,#1627,#1628,#1629,#1630,
#1631,#1632,#1633));
#3842=FACE_BOUND('',#3405,.T.);
#3843=FACE_BOUND('',#3406,.T.);
#3844=FACE_BOUND('',#3407,.T.);
#3845=FACE_BOUND('',#3408,.T.);
#3846=FACE_BOUND('',#3409,.T.);
#3847=FACE_BOUND('',#3410,.T.);
#3848=FACE_BOUND('',#3411,.T.);
#3849=FACE_BOUND('',#3412,.T.);
#3850=FACE_BOUND('',#3413,.T.);
#3851=FACE_BOUND('',#3414,.T.);
#3852=FACE_BOUND('',#3415,.T.);
#3853=FACE_BOUND('',#3416,.T.);
#3854=FACE_BOUND('',#3417,.T.);
#3855=FACE_BOUND('',#3418,.T.);
#3856=FACE_BOUND('',#3419,.T.);
#3857=FACE_BOUND('',#3420,.T.);
#3858=FACE_BOUND('',#3421,.T.);
#3859=FACE_BOUND('',#3422,.T.);
#3860=FACE_BOUND('',#3423,.T.);
#3861=FACE_BOUND('',#3424,.T.);
#3862=FACE_BOUND('',#3425,.T.);
#3863=FACE_BOUND('',#3426,.T.);
#3864=FACE_BOUND('',#3427,.T.);
#3865=FACE_BOUND('',#3428,.T.);
#3866=FACE_BOUND('',#3429,.T.);
#3867=FACE_BOUND('',#3430,.T.);
#3868=FACE_BOUND('',#3431,.T.);
#3869=FACE_BOUND('',#3432,.T.);
#3870=FACE_BOUND('',#3433,.T.);
#3871=FACE_BOUND('',#3434,.T.);
#3872=FACE_BOUND('',#3435,.T.);
#3873=FACE_BOUND('',#3436,.T.);
#3874=FACE_BOUND('',#3437,.T.);
#3875=FACE_BOUND('',#3438,.T.);
#3876=FACE_BOUND('',#3439,.T.);
#3877=FACE_BOUND('',#3440,.T.);
#3878=FACE_BOUND('',#3441,.T.);
#3879=FACE_BOUND('',#3442,.T.);
#3880=FACE_BOUND('',#3443,.T.);
#3881=FACE_BOUND('',#3444,.T.);
#3882=FACE_BOUND('',#3445,.T.);
#3883=FACE_BOUND('',#3446,.T.);
#3884=FACE_BOUND('',#3447,.T.);
#3885=FACE_BOUND('',#3448,.T.);
#3886=FACE_BOUND('',#3449,.T.);
#3887=FACE_BOUND('',#3450,.T.);
#3888=FACE_BOUND('',#3451,.T.);
#3889=FACE_BOUND('',#3452,.T.);
#3890=FACE_BOUND('',#3453,.T.);
#3891=FACE_BOUND('',#3454,.T.);
#3892=FACE_BOUND('',#3455,.T.);
#3893=FACE_BOUND('',#3456,.T.);
#3894=FACE_BOUND('',#3457,.T.);
#3895=FACE_BOUND('',#3458,.T.);
#3896=FACE_BOUND('',#3459,.T.);
#3897=FACE_BOUND('',#3460,.T.);
#3898=FACE_BOUND('',#3461,.T.);
#3899=FACE_BOUND('',#3462,.T.);
#3900=FACE_BOUND('',#3463,.T.);
#3901=FACE_BOUND('',#3464,.T.);
#3902=FACE_BOUND('',#3465,.T.);
#3903=FACE_BOUND('',#3466,.T.);
#3904=FACE_BOUND('',#3467,.T.);
#3905=FACE_BOUND('',#3468,.T.);
#3906=FACE_BOUND('',#3469,.T.);
#3907=FACE_BOUND('',#3470,.T.);
#3908=FACE_BOUND('',#3471,.T.);
#3909=FACE_BOUND('',#3472,.T.);
#3910=FACE_BOUND('',#3473,.T.);
#3911=FACE_BOUND('',#3474,.T.);
#3912=FACE_BOUND('',#3475,.T.);
#3913=FACE_BOUND('',#3476,.T.);
#3914=FACE_BOUND('',#3477,.T.);
#3915=FACE_BOUND('',#3478,.T.);
#3916=FACE_BOUND('',#3479,.T.);
#3917=FACE_BOUND('',#3480,.T.);
#3918=FACE_BOUND('',#3481,.T.);
#3919=FACE_BOUND('',#3482,.T.);
#3920=FACE_BOUND('',#3483,.T.);
#3921=FACE_BOUND('',#3484,.T.);
#3922=FACE_BOUND('',#3485,.T.);
#3923=FACE_BOUND('',#3486,.T.);
#3924=FACE_BOUND('',#3487,.T.);
#3925=FACE_BOUND('',#3488,.T.);
#3926=FACE_BOUND('',#3489,.T.);
#3927=FACE_BOUND('',#3490,.T.);
#3928=FACE_BOUND('',#3491,.T.);
#3929=FACE_BOUND('',#3492,.T.);
#3930=FACE_BOUND('',#3493,.T.);
#3931=FACE_BOUND('',#3494,.T.);
#3932=FACE_BOUND('',#3495,.T.);
#3933=FACE_BOUND('',#3496,.T.);
#3934=FACE_BOUND('',#3497,.T.);
#3935=FACE_BOUND('',#3498,.T.);
#3936=FACE_BOUND('',#3499,.T.);
#3937=FACE_BOUND('',#3500,.T.);
#3938=FACE_BOUND('',#3501,.T.);
#3939=FACE_BOUND('',#3502,.T.);
#3940=FACE_BOUND('',#3503,.T.);
#3941=FACE_BOUND('',#3504,.T.);
#3942=FACE_BOUND('',#3505,.T.);
#3943=FACE_BOUND('',#3506,.T.);
#3944=FACE_BOUND('',#3507,.T.);
#3945=FACE_BOUND('',#3508,.T.);
#3946=FACE_BOUND('',#3509,.T.);
#3947=FACE_BOUND('',#3510,.T.);
#3948=FACE_BOUND('',#3511,.T.);
#3949=FACE_BOUND('',#3512,.T.);
#3950=FACE_BOUND('',#3513,.T.);
#3951=FACE_BOUND('',#3514,.T.);
#3952=FACE_BOUND('',#3515,.T.);
#3953=FACE_BOUND('',#3516,.T.);
#3954=FACE_BOUND('',#3517,.T.);
#3955=FACE_BOUND('',#3518,.T.);
#3956=FACE_BOUND('',#3519,.T.);
#3957=FACE_BOUND('',#3520,.T.);
#3958=FACE_BOUND('',#3521,.T.);
#3959=FACE_BOUND('',#3522,.T.);
#3960=FACE_BOUND('',#3523,.T.);
#3961=FACE_BOUND('',#3524,.T.);
#3962=FACE_BOUND('',#3525,.T.);
#3963=FACE_BOUND('',#3526,.T.);
#3964=FACE_BOUND('',#3527,.T.);
#3965=FACE_BOUND('',#3528,.T.);
#3966=FACE_BOUND('',#3529,.T.);
#3967=FACE_BOUND('',#3530,.T.);
#3968=FACE_BOUND('',#3531,.T.);
#3969=FACE_BOUND('',#3532,.T.);
#3970=FACE_BOUND('',#3533,.T.);
#3971=FACE_BOUND('',#3534,.T.);
#3972=FACE_BOUND('',#3535,.T.);
#3973=FACE_BOUND('',#3536,.T.);
#3974=FACE_BOUND('',#3537,.T.);
#3975=FACE_BOUND('',#3538,.T.);
#3976=FACE_BOUND('',#3539,.T.);
#3977=FACE_BOUND('',#3540,.T.);
#3978=FACE_BOUND('',#3541,.T.);
#3979=FACE_BOUND('',#3542,.T.);
#3980=FACE_BOUND('',#3543,.T.);
#3981=FACE_BOUND('',#3544,.T.);
#3982=FACE_BOUND('',#3545,.T.);
#3983=FACE_BOUND('',#3546,.T.);
#3984=FACE_BOUND('',#3547,.T.);
#3985=FACE_BOUND('',#3548,.T.);
#3986=FACE_BOUND('',#3549,.T.);
#3987=FACE_BOUND('',#3550,.T.);
#3988=FACE_BOUND('',#3551,.T.);
#3989=FACE_BOUND('',#3552,.T.);
#3990=FACE_BOUND('',#3553,.T.);
#3991=FACE_BOUND('',#3554,.T.);
#3992=FACE_BOUND('',#3555,.T.);
#3993=FACE_BOUND('',#3556,.T.);
#3994=FACE_BOUND('',#3557,.T.);
#3995=FACE_BOUND('',#3558,.T.);
#3996=FACE_BOUND('',#3559,.T.);
#3997=FACE_BOUND('',#3560,.T.);
#3998=FACE_BOUND('',#3561,.T.);
#3999=FACE_BOUND('',#3562,.T.);
#4000=FACE_BOUND('',#3563,.T.);
#4001=FACE_BOUND('',#3564,.T.);
#4002=FACE_BOUND('',#3565,.T.);
#4003=FACE_BOUND('',#3566,.T.);
#4004=FACE_BOUND('',#3567,.T.);
#4005=FACE_BOUND('',#3568,.T.);
#4006=FACE_BOUND('',#3569,.T.);
#4007=FACE_BOUND('',#3570,.T.);
#4008=FACE_BOUND('',#3571,.T.);
#4009=FACE_BOUND('',#3572,.T.);
#4010=FACE_BOUND('',#3573,.T.);
#4011=FACE_BOUND('',#3574,.T.);
#4012=FACE_BOUND('',#3575,.T.);
#4013=FACE_BOUND('',#3576,.T.);
#4014=FACE_BOUND('',#3577,.T.);
#4015=FACE_BOUND('',#3578,.T.);
#4016=FACE_BOUND('',#3579,.T.);
#4017=FACE_BOUND('',#3580,.T.);
#4018=FACE_BOUND('',#3581,.T.);
#4019=FACE_BOUND('',#3582,.T.);
#4020=FACE_BOUND('',#3583,.T.);
#4021=FACE_BOUND('',#3584,.T.);
#4022=FACE_BOUND('',#3585,.T.);
#4023=FACE_BOUND('',#3586,.T.);
#4024=FACE_BOUND('',#3587,.T.);
#4025=FACE_BOUND('',#3588,.T.);
#4026=FACE_BOUND('',#3589,.T.);
#4027=FACE_BOUND('',#3590,.T.);
#4028=FACE_BOUND('',#3591,.T.);
#4029=FACE_BOUND('',#3592,.T.);
#4030=FACE_BOUND('',#3593,.T.);
#4031=FACE_BOUND('',#3594,.T.);
#4032=FACE_BOUND('',#3595,.T.);
#4033=FACE_BOUND('',#3596,.T.);
#4034=FACE_BOUND('',#3597,.T.);
#4035=FACE_BOUND('',#3598,.T.);
#4036=FACE_BOUND('',#3599,.T.);
#4037=FACE_BOUND('',#3600,.T.);
#4038=FACE_BOUND('',#3601,.T.);
#4039=FACE_BOUND('',#3602,.T.);
#4040=FACE_BOUND('',#3603,.T.);
#4041=FACE_BOUND('',#3604,.T.);
#4042=FACE_BOUND('',#3605,.T.);
#4043=FACE_BOUND('',#3606,.T.);
#4044=FACE_BOUND('',#3607,.T.);
#4045=FACE_BOUND('',#3608,.T.);
#4046=FACE_BOUND('',#3609,.T.);
#4047=FACE_BOUND('',#3610,.T.);
#4048=FACE_BOUND('',#3611,.T.);
#4049=FACE_BOUND('',#3612,.T.);
#4050=FACE_BOUND('',#3613,.T.);
#4051=FACE_BOUND('',#3614,.T.);
#4052=FACE_BOUND('',#3615,.T.);
#4053=FACE_BOUND('',#3616,.T.);
#4054=FACE_BOUND('',#3617,.T.);
#4055=FACE_BOUND('',#3618,.T.);
#4056=FACE_BOUND('',#3619,.T.);
#4057=FACE_BOUND('',#3620,.T.);
#4058=FACE_BOUND('',#3621,.T.);
#4059=FACE_BOUND('',#3622,.T.);
#4060=FACE_BOUND('',#3623,.T.);
#4061=FACE_BOUND('',#3624,.T.);
#4062=FACE_BOUND('',#3625,.T.);
#4063=FACE_BOUND('',#3626,.T.);
#4064=FACE_BOUND('',#3627,.T.);
#4065=FACE_BOUND('',#3628,.T.);
#4066=FACE_BOUND('',#3629,.T.);
#4067=FACE_BOUND('',#3630,.T.);
#4068=FACE_BOUND('',#3631,.T.);
#4069=FACE_BOUND('',#3632,.T.);
#4070=FACE_BOUND('',#3633,.T.);
#4071=FACE_BOUND('',#3634,.T.);
#4072=FACE_BOUND('',#3635,.T.);
#4073=FACE_BOUND('',#3636,.T.);
#4074=FACE_BOUND('',#3637,.T.);
#4075=FACE_BOUND('',#3638,.T.);
#4076=FACE_BOUND('',#3639,.T.);
#4077=FACE_BOUND('',#3640,.T.);
#4078=FACE_BOUND('',#3641,.T.);
#4079=FACE_BOUND('',#3642,.T.);
#4080=FACE_BOUND('',#3643,.T.);
#4081=FACE_BOUND('',#3644,.T.);
#4082=FACE_BOUND('',#3645,.T.);
#4083=FACE_BOUND('',#3646,.T.);
#4084=FACE_BOUND('',#3647,.T.);
#4085=FACE_BOUND('',#3648,.T.);
#4086=FACE_BOUND('',#3649,.T.);
#4087=FACE_BOUND('',#3650,.T.);
#4088=FACE_BOUND('',#3651,.T.);
#4089=FACE_BOUND('',#3652,.T.);
#4090=FACE_BOUND('',#3653,.T.);
#4091=FACE_BOUND('',#3654,.T.);
#4092=FACE_BOUND('',#3655,.T.);
#4093=FACE_BOUND('',#3656,.T.);
#4094=FACE_BOUND('',#3657,.T.);
#4095=FACE_BOUND('',#3658,.T.);
#4096=FACE_BOUND('',#3659,.T.);
#4097=FACE_BOUND('',#3660,.T.);
#4098=FACE_BOUND('',#3661,.T.);
#4099=FACE_BOUND('',#3662,.T.);
#4100=FACE_BOUND('',#3663,.T.);
#4101=FACE_BOUND('',#3664,.T.);
#4102=FACE_BOUND('',#3665,.T.);
#4103=FACE_BOUND('',#3666,.T.);
#4104=FACE_BOUND('',#3667,.T.);
#4105=FACE_BOUND('',#3668,.T.);
#4106=FACE_BOUND('',#3669,.T.);
#4107=FACE_BOUND('',#3670,.T.);
#4108=FACE_BOUND('',#3671,.T.);
#4109=FACE_BOUND('',#3672,.T.);
#4110=FACE_BOUND('',#3673,.T.);
#4111=FACE_BOUND('',#3674,.T.);
#4112=FACE_BOUND('',#3675,.T.);
#4113=FACE_BOUND('',#3676,.T.);
#4114=FACE_BOUND('',#3677,.T.);
#4115=FACE_BOUND('',#3678,.T.);
#4116=FACE_BOUND('',#3679,.T.);
#4117=FACE_BOUND('',#3680,.T.);
#4118=FACE_BOUND('',#3681,.T.);
#4119=FACE_BOUND('',#3682,.T.);
#4120=FACE_BOUND('',#3683,.T.);
#4121=FACE_BOUND('',#3684,.T.);
#4122=FACE_BOUND('',#3685,.T.);
#4123=FACE_BOUND('',#3686,.T.);
#4124=FACE_BOUND('',#3687,.T.);
#4125=FACE_BOUND('',#3688,.T.);
#4126=FACE_BOUND('',#3689,.T.);
#4127=FACE_BOUND('',#3690,.T.);
#4128=FACE_BOUND('',#3691,.T.);
#4129=FACE_BOUND('',#3692,.T.);
#4130=FACE_BOUND('',#3693,.T.);
#4131=FACE_BOUND('',#3694,.T.);
#4132=FACE_BOUND('',#3695,.T.);
#4133=FACE_BOUND('',#3696,.T.);
#4134=FACE_BOUND('',#3697,.T.);
#4135=FACE_BOUND('',#3698,.T.);
#4136=FACE_BOUND('',#3699,.T.);
#4137=FACE_BOUND('',#3700,.T.);
#4138=FACE_BOUND('',#3701,.T.);
#4139=FACE_BOUND('',#3702,.T.);
#4140=FACE_BOUND('',#3703,.T.);
#4141=FACE_BOUND('',#3704,.T.);
#4142=FACE_BOUND('',#3705,.T.);
#4143=FACE_BOUND('',#3706,.T.);
#4144=FACE_BOUND('',#3707,.T.);
#4145=FACE_BOUND('',#3708,.T.);
#4146=FACE_BOUND('',#3709,.T.);
#4147=FACE_BOUND('',#3710,.T.);
#4148=FACE_BOUND('',#3711,.T.);
#4149=FACE_BOUND('',#3712,.T.);
#4150=FACE_BOUND('',#3713,.T.);
#4151=FACE_BOUND('',#3714,.T.);
#4152=FACE_BOUND('',#3715,.T.);
#4153=FACE_BOUND('',#3716,.T.);
#4154=FACE_BOUND('',#3717,.T.);
#4155=FACE_BOUND('',#3718,.T.);
#4156=FACE_BOUND('',#3719,.T.);
#4157=FACE_BOUND('',#3720,.T.);
#4158=FACE_BOUND('',#3721,.T.);
#4159=FACE_BOUND('',#3722,.T.);
#4160=FACE_BOUND('',#3723,.T.);
#4161=FACE_BOUND('',#3724,.T.);
#4162=FACE_BOUND('',#3725,.T.);
#4163=FACE_BOUND('',#3726,.T.);
#4164=FACE_BOUND('',#3727,.T.);
#4165=FACE_BOUND('',#3728,.T.);
#4166=FACE_BOUND('',#3729,.T.);
#4167=FACE_BOUND('',#3730,.T.);
#4168=FACE_BOUND('',#3731,.T.);
#4169=FACE_BOUND('',#3732,.T.);
#4170=FACE_BOUND('',#3733,.T.);
#4171=FACE_BOUND('',#3734,.T.);
#4172=FACE_BOUND('',#3735,.T.);
#4173=FACE_BOUND('',#3736,.T.);
#4174=FACE_BOUND('',#3737,.T.);
#4175=FACE_BOUND('',#3738,.T.);
#4176=FACE_BOUND('',#3739,.T.);
#4177=FACE_BOUND('',#3740,.T.);
#4178=FACE_BOUND('',#3741,.T.);
#4179=FACE_BOUND('',#3742,.T.);
#4180=FACE_BOUND('',#3743,.T.);
#4181=FACE_BOUND('',#3744,.T.);
#4182=FACE_BOUND('',#3745,.T.);
#4183=FACE_BOUND('',#3746,.T.);
#4184=FACE_BOUND('',#3747,.T.);
#4185=FACE_BOUND('',#3748,.T.);
#4186=FACE_BOUND('',#3749,.T.);
#4187=FACE_BOUND('',#3750,.T.);
#4188=FACE_BOUND('',#3751,.T.);
#4189=FACE_BOUND('',#3752,.T.);
#4190=FACE_BOUND('',#3753,.T.);
#4191=FACE_BOUND('',#3754,.T.);
#4192=FACE_BOUND('',#3755,.T.);
#4193=FACE_BOUND('',#3756,.T.);
#4194=FACE_BOUND('',#3757,.T.);
#4195=FACE_BOUND('',#3758,.T.);
#4196=FACE_BOUND('',#3759,.T.);
#4197=FACE_BOUND('',#3760,.T.);
#4198=FACE_BOUND('',#3761,.T.);
#4199=FACE_BOUND('',#3762,.T.);
#4200=FACE_BOUND('',#3763,.T.);
#4201=FACE_BOUND('',#3764,.T.);
#4202=FACE_BOUND('',#3765,.T.);
#4203=FACE_BOUND('',#3766,.T.);
#4204=FACE_BOUND('',#3767,.T.);
#4205=FACE_BOUND('',#3768,.T.);
#4206=FACE_BOUND('',#3769,.T.);
#4207=FACE_BOUND('',#3770,.T.);
#4208=FACE_BOUND('',#3771,.T.);
#4209=FACE_BOUND('',#3772,.T.);
#4210=FACE_BOUND('',#3773,.T.);
#4211=FACE_BOUND('',#3774,.T.);
#4212=FACE_BOUND('',#3775,.T.);
#4213=FACE_BOUND('',#3776,.T.);
#4214=FACE_BOUND('',#3777,.T.);
#4215=FACE_BOUND('',#3778,.T.);
#4216=FACE_BOUND('',#3779,.T.);
#4217=FACE_BOUND('',#3780,.T.);
#4218=FACE_BOUND('',#3781,.T.);
#4219=FACE_BOUND('',#3782,.T.);
#4220=FACE_BOUND('',#3783,.T.);
#4221=FACE_BOUND('',#3784,.T.);
#4222=FACE_BOUND('',#3785,.T.);
#4223=FACE_BOUND('',#3786,.T.);
#4224=FACE_BOUND('',#3787,.T.);
#4225=FACE_BOUND('',#3788,.T.);
#4226=FACE_BOUND('',#3789,.T.);
#4227=FACE_BOUND('',#3790,.T.);
#4228=FACE_BOUND('',#3791,.T.);
#4229=FACE_BOUND('',#3792,.T.);
#4230=FACE_BOUND('',#3793,.T.);
#4231=FACE_BOUND('',#3794,.T.);
#4232=FACE_BOUND('',#3795,.T.);
#4233=FACE_BOUND('',#3796,.T.);
#4234=FACE_BOUND('',#3797,.T.);
#4235=FACE_BOUND('',#3798,.T.);
#4236=FACE_BOUND('',#3799,.T.);
#4237=FACE_BOUND('',#3800,.T.);
#4238=FACE_BOUND('',#3801,.T.);
#4239=FACE_BOUND('',#3802,.T.);
#4240=FACE_BOUND('',#3803,.T.);
#4241=FACE_BOUND('',#3804,.T.);
#4242=FACE_BOUND('',#3805,.T.);
#4243=FACE_BOUND('',#3806,.T.);
#4244=FACE_BOUND('',#3807,.T.);
#4245=FACE_BOUND('',#3808,.T.);
#4246=FACE_BOUND('',#3809,.T.);
#4247=FACE_BOUND('',#3810,.T.);
#4248=FACE_BOUND('',#3811,.T.);
#4249=FACE_BOUND('',#3812,.T.);
#4250=FACE_BOUND('',#3813,.T.);
#4251=FACE_BOUND('',#3814,.T.);
#4252=FACE_BOUND('',#3815,.T.);
#4253=FACE_BOUND('',#3816,.T.);
#4254=FACE_BOUND('',#3817,.T.);
#4255=FACE_BOUND('',#3818,.T.);
#4256=FACE_BOUND('',#3819,.T.);
#4257=FACE_BOUND('',#3820,.T.);
#4258=FACE_BOUND('',#3821,.T.);
#4259=FACE_BOUND('',#3822,.T.);
#4260=FACE_BOUND('',#3823,.T.);
#4261=FACE_BOUND('',#3824,.T.);
#4262=FACE_BOUND('',#3825,.T.);
#4263=FACE_BOUND('',#3826,.T.);
#4264=FACE_BOUND('',#3827,.T.);
#4265=FACE_BOUND('',#3828,.T.);
#4266=FACE_BOUND('',#3829,.T.);
#4267=FACE_BOUND('',#3830,.T.);
#4268=FACE_BOUND('',#3831,.T.);
#4269=FACE_BOUND('',#3832,.T.);
#4270=FACE_BOUND('',#3833,.T.);
#4271=FACE_BOUND('',#3834,.T.);
#4272=FACE_BOUND('',#3835,.T.);
#4273=FACE_BOUND('',#3836,.T.);
#4274=FACE_BOUND('',#3837,.T.);
#4275=FACE_BOUND('',#3838,.T.);
#4276=FACE_BOUND('',#3839,.T.);
#4277=FACE_BOUND('',#3840,.T.);
#4278=FACE_BOUND('',#3841,.T.);
#4279=PLANE('',#4658);
#4280=PLANE('',#4659);
#4281=PLANE('',#4660);
#4282=PLANE('',#4661);
#4283=PLANE('',#4662);
#4284=PLANE('',#4673);
#4285=PLANE('',#4674);
#4286=PLANE('',#4675);
#4287=PLANE('',#4682);
#4288=PLANE('',#4707);
#4289=PLANE('',#4712);
#4290=PLANE('',#4717);
#4291=PLANE('',#4725);
#4292=PLANE('',#4730);
#4293=PLANE('',#4735);
#4294=PLANE('',#4740);
#4295=PLANE('',#4745);
#4296=PLANE('',#4768);
#4297=PLANE('',#4774);
#4298=PLANE('',#4777);
#4299=PLANE('',#4780);
#4300=PLANE('',#4783);
#4301=PLANE('',#4786);
#4302=PLANE('',#4789);
#4303=PLANE('',#4792);
#4304=PLANE('',#4797);
#4305=PLANE('',#4800);
#4306=PLANE('',#4807);
#4307=PLANE('',#4812);
#4308=PLANE('',#4817);
#4309=PLANE('',#4839);
#4310=PLANE('',#4945);
#4311=PLANE('',#4950);
#4312=PLANE('',#4951);
#4313=PLANE('',#4954);
#4314=PLANE('',#4955);
#4315=PLANE('',#4958);
#4316=PLANE('',#4959);
#4317=PLANE('',#4960);
#4318=PLANE('',#4961);
#4319=PLANE('',#4964);
#4320=PLANE('',#4967);
#4321=PLANE('',#4968);
#4322=PLANE('',#4971);
#4323=PLANE('',#4972);
#4324=PLANE('',#4975);
#4325=PLANE('',#4976);
#4326=PLANE('',#4979);
#4327=PLANE('',#4980);
#4328=PLANE('',#4981);
#4329=PLANE('',#4984);
#4330=PLANE('',#4989);
#4331=PLANE('',#4990);
#4332=PLANE('',#4993);
#4333=PLANE('',#4994);
#4334=PLANE('',#4995);
#4335=PLANE('',#4996);
#4336=PLANE('',#4997);
#4337=PLANE('',#5000);
#4338=PLANE('',#5003);
#4339=PLANE('',#5004);
#4340=PLANE('',#5007);
#4341=PLANE('',#5010);
#4342=PLANE('',#5013);
#4343=PLANE('',#5014);
#4344=PLANE('',#5017);
#4345=PLANE('',#5020);
#4346=PLANE('',#5023);
#4347=PLANE('',#5024);
#4348=PLANE('',#5025);
#4349=PLANE('',#5026);
#4350=PLANE('',#5029);
#4351=PLANE('',#5032);
#4352=PLANE('',#5033);
#4353=PLANE('',#5036);
#4354=PLANE('',#5039);
#4355=PLANE('',#5042);
#4356=PLANE('',#5045);
#4357=PLANE('',#5050);
#4358=PLANE('',#5053);
#4359=PLANE('',#5056);
#4360=PLANE('',#5057);
#4361=PLANE('',#5060);
#4362=PLANE('',#5063);
#4363=PLANE('',#5064);
#4364=PLANE('',#5067);
#4365=PLANE('',#5068);
#4366=PLANE('',#5071);
#4367=PLANE('',#5076);
#4368=PLANE('',#5081);
#4369=PLANE('',#5086);
#4370=PLANE('',#5089);
#4371=PLANE('',#5092);
#4372=PLANE('',#5095);
#4373=PLANE('',#5100);
#4374=PLANE('',#5103);
#4375=PLANE('',#5106);
#4376=PLANE('',#5109);
#4377=PLANE('',#5110);
#4378=PLANE('',#5111);
#4379=PLANE('',#5114);
#4380=PLANE('',#5117);
#4381=PLANE('',#5118);
#4382=PLANE('',#5121);
#4383=PLANE('',#5126);
#4384=PLANE('',#5131);
#4385=PLANE('',#5136);
#4386=PLANE('',#5137);
#4387=PLANE('',#5140);
#4388=PLANE('',#5141);
#4389=PLANE('',#5142);
#4390=PLANE('',#5143);
#4391=PLANE('',#5144);
#4392=PLANE('',#5159);
#4393=PLANE('',#5162);
#4394=PLANE('',#5163);
#4395=PLANE('',#5164);
#4396=PLANE('',#5167);
#4397=ADVANCED_FACE('',(#3842),#4279,.F.);
#4398=ADVANCED_FACE('',(#3843),#4280,.F.);
#4399=ADVANCED_FACE('',(#3844),#4281,.T.);
#4400=ADVANCED_FACE('',(#3845),#4282,.T.);
#4401=ADVANCED_FACE('',(#3846),#4283,.T.);
#4402=ADVANCED_FACE('',(#3847),#274,.T.);
#4403=ADVANCED_FACE('',(#3848),#275,.T.);
#4404=ADVANCED_FACE('',(#3849),#276,.T.);
#4405=ADVANCED_FACE('',(#3850),#4284,.F.);
#4406=ADVANCED_FACE('',(#3851),#4285,.T.);
#4407=ADVANCED_FACE('',(#3852),#4286,.T.);
#4408=ADVANCED_FACE('',(#3853),#277,.T.);
#4409=ADVANCED_FACE('',(#3854),#278,.T.);
#4410=ADVANCED_FACE('',(#3855),#4287,.T.);
#4411=ADVANCED_FACE('',(#3856),#279,.F.);
#4412=ADVANCED_FACE('',(#3857),#280,.T.);
#4413=ADVANCED_FACE('',(#3858),#281,.T.);
#4414=ADVANCED_FACE('',(#3859,#3860),#282,.F.);
#4415=ADVANCED_FACE('',(#3861,#3862),#283,.F.);
#4416=ADVANCED_FACE('',(#3863,#3864),#284,.F.);
#4417=ADVANCED_FACE('',(#3865,#3866),#285,.F.);
#4418=ADVANCED_FACE('',(#3867,#3868),#286,.F.);
#4419=ADVANCED_FACE('',(#3869,#3870,#3871),#4288,.T.);
#4420=ADVANCED_FACE('',(#3872,#3873,#3874),#4289,.T.);
#4421=ADVANCED_FACE('',(#3875,#3876,#3877),#4290,.T.);
#4422=ADVANCED_FACE('',(#3878,#3879,#3880),#4291,.T.);
#4423=ADVANCED_FACE('',(#3881,#3882,#3883),#4292,.T.);
#4424=ADVANCED_FACE('',(#3884,#3885,#3886),#4293,.T.);
#4425=ADVANCED_FACE('',(#3887,#3888,#3889),#4294,.T.);
#4426=ADVANCED_FACE('',(#3890,#3891,#3892,#3893,#3894,#3895,#3896,#3897),
#4295,.T.);
#4427=ADVANCED_FACE('',(#3898,#3899,#3900),#4296,.T.);
#4428=ADVANCED_FACE('',(#3901,#3902),#4297,.T.);
#4429=ADVANCED_FACE('',(#3903,#3904),#4298,.T.);
#4430=ADVANCED_FACE('',(#3905,#3906),#4299,.T.);
#4431=ADVANCED_FACE('',(#3907,#3908),#4300,.T.);
#4432=ADVANCED_FACE('',(#3909,#3910),#4301,.T.);
#4433=ADVANCED_FACE('',(#3911,#3912),#4302,.T.);
#4434=ADVANCED_FACE('',(#3913,#3914,#3915),#4303,.T.);
#4435=ADVANCED_FACE('',(#3916,#3917),#4304,.T.);
#4436=ADVANCED_FACE('',(#3918,#3919,#3920,#3921),#4305,.T.);
#4437=ADVANCED_FACE('',(#3922,#3923,#3924),#4306,.T.);
#4438=ADVANCED_FACE('',(#3925,#3926,#3927),#4307,.T.);
#4439=ADVANCED_FACE('',(#3928,#3929,#3930,#3931,#3932,#3933,#3934,#3935,
#3936),#4308,.T.);
#4440=ADVANCED_FACE('',(#3937),#4309,.F.);
#4441=ADVANCED_FACE('',(#3938),#287,.F.);
#4442=ADVANCED_FACE('',(#3939),#288,.F.);
#4443=ADVANCED_FACE('',(#3940,#3941),#289,.F.);
#4444=ADVANCED_FACE('',(#3942,#3943),#290,.F.);
#4445=ADVANCED_FACE('',(#3944,#3945),#291,.F.);
#4446=ADVANCED_FACE('',(#3946,#3947),#292,.F.);
#4447=ADVANCED_FACE('',(#3948,#3949),#293,.F.);
#4448=ADVANCED_FACE('',(#3950,#3951),#294,.F.);
#4449=ADVANCED_FACE('',(#3952,#3953),#295,.F.);
#4450=ADVANCED_FACE('',(#3954,#3955),#296,.F.);
#4451=ADVANCED_FACE('',(#3956,#3957),#297,.F.);
#4452=ADVANCED_FACE('',(#3958,#3959),#298,.F.);
#4453=ADVANCED_FACE('',(#3960,#3961),#299,.F.);
#4454=ADVANCED_FACE('',(#3962,#3963),#300,.F.);
#4455=ADVANCED_FACE('',(#3964,#3965),#301,.F.);
#4456=ADVANCED_FACE('',(#3966,#3967),#302,.F.);
#4457=ADVANCED_FACE('',(#3968,#3969),#303,.F.);
#4458=ADVANCED_FACE('',(#3970,#3971),#304,.F.);
#4459=ADVANCED_FACE('',(#3972,#3973),#305,.F.);
#4460=ADVANCED_FACE('',(#3974,#3975),#306,.F.);
#4461=ADVANCED_FACE('',(#3976,#3977),#307,.F.);
#4462=ADVANCED_FACE('',(#3978,#3979),#308,.F.);
#4463=ADVANCED_FACE('',(#3980,#3981),#309,.F.);
#4464=ADVANCED_FACE('',(#3982,#3983),#310,.F.);
#4465=ADVANCED_FACE('',(#3984,#3985),#311,.F.);
#4466=ADVANCED_FACE('',(#3986,#3987),#312,.F.);
#4467=ADVANCED_FACE('',(#3988,#3989),#313,.F.);
#4468=ADVANCED_FACE('',(#3990,#3991),#314,.F.);
#4469=ADVANCED_FACE('',(#3992),#315,.T.);
#4470=ADVANCED_FACE('',(#3993,#3994),#316,.F.);
#4471=ADVANCED_FACE('',(#3995,#3996),#317,.F.);
#4472=ADVANCED_FACE('',(#3997,#3998),#318,.F.);
#4473=ADVANCED_FACE('',(#3999,#4000),#319,.F.);
#4474=ADVANCED_FACE('',(#4001,#4002),#320,.F.);
#4475=ADVANCED_FACE('',(#4003,#4004),#321,.F.);
#4476=ADVANCED_FACE('',(#4005,#4006),#322,.F.);
#4477=ADVANCED_FACE('',(#4007,#4008),#323,.F.);
#4478=ADVANCED_FACE('',(#4009,#4010),#324,.F.);
#4479=ADVANCED_FACE('',(#4011,#4012),#325,.F.);
#4480=ADVANCED_FACE('',(#4013,#4014),#326,.F.);
#4481=ADVANCED_FACE('',(#4015,#4016),#327,.F.);
#4482=ADVANCED_FACE('',(#4017,#4018),#328,.F.);
#4483=ADVANCED_FACE('',(#4019,#4020),#329,.F.);
#4484=ADVANCED_FACE('',(#4021,#4022),#330,.F.);
#4485=ADVANCED_FACE('',(#4023,#4024),#331,.F.);
#4486=ADVANCED_FACE('',(#4025,#4026),#332,.F.);
#4487=ADVANCED_FACE('',(#4027,#4028),#333,.F.);
#4488=ADVANCED_FACE('',(#4029,#4030),#334,.F.);
#4489=ADVANCED_FACE('',(#4031,#4032),#335,.F.);
#4490=ADVANCED_FACE('',(#4033,#4034),#336,.F.);
#4491=ADVANCED_FACE('',(#4035,#4036),#337,.F.);
#4492=ADVANCED_FACE('',(#4037,#4038,#4039),#4310,.T.);
#4493=ADVANCED_FACE('',(#4040,#4041,#4042,#4043,#4044,#4045,#4046,#4047,
#4048,#4049,#4050,#4051,#4052,#4053,#4054,#4055,#4056,#4057,#4058,#4059,
#4060,#4061,#4062,#4063,#4064,#4065,#4066,#4067,#4068,#4069,#4070,#4071,
#4072,#4073,#4074,#4075,#4076,#4077,#4078,#4079,#4080,#4081,#4082,#4083,
#4084,#4085,#4086,#4087,#4088,#4089,#4090,#4091,#4092,#4093,#4094),#4311,
 .F.);
#4494=ADVANCED_FACE('',(#4095),#4312,.F.);
#4495=ADVANCED_FACE('',(#4096),#338,.T.);
#4496=ADVANCED_FACE('',(#4097),#4313,.F.);
#4497=ADVANCED_FACE('',(#4098),#4314,.T.);
#4498=ADVANCED_FACE('',(#4099),#339,.T.);
#4499=ADVANCED_FACE('',(#4100),#4315,.F.);
#4500=ADVANCED_FACE('',(#4101),#4316,.F.);
#4501=ADVANCED_FACE('',(#4102),#4317,.T.);
#4502=ADVANCED_FACE('',(#4103),#4318,.T.);
#4503=ADVANCED_FACE('',(#4104),#340,.T.);
#4504=ADVANCED_FACE('',(#4105),#4319,.F.);
#4505=ADVANCED_FACE('',(#4106),#341,.T.);
#4506=ADVANCED_FACE('',(#4107),#4320,.F.);
#4507=ADVANCED_FACE('',(#4108),#4321,.F.);
#4508=ADVANCED_FACE('',(#4109),#342,.T.);
#4509=ADVANCED_FACE('',(#4110),#4322,.F.);
#4510=ADVANCED_FACE('',(#4111),#4323,.F.);
#4511=ADVANCED_FACE('',(#4112),#343,.T.);
#4512=ADVANCED_FACE('',(#4113),#4324,.T.);
#4513=ADVANCED_FACE('',(#4114),#4325,.F.);
#4514=ADVANCED_FACE('',(#4115),#344,.T.);
#4515=ADVANCED_FACE('',(#4116),#4326,.T.);
#4516=ADVANCED_FACE('',(#4117),#4327,.T.);
#4517=ADVANCED_FACE('',(#4118),#4328,.T.);
#4518=ADVANCED_FACE('',(#4119),#345,.T.);
#4519=ADVANCED_FACE('',(#4120),#4329,.F.);
#4520=ADVANCED_FACE('',(#4121),#346,.F.);
#4521=ADVANCED_FACE('',(#4122),#347,.T.);
#4522=ADVANCED_FACE('',(#4123),#4330,.T.);
#4523=ADVANCED_FACE('',(#4124),#4331,.T.);
#4524=ADVANCED_FACE('',(#4125),#348,.T.);
#4525=ADVANCED_FACE('',(#4126),#4332,.F.);
#4526=ADVANCED_FACE('',(#4127),#4333,.T.);
#4527=ADVANCED_FACE('',(#4128),#4334,.T.);
#4528=ADVANCED_FACE('',(#4129),#4335,.T.);
#4529=ADVANCED_FACE('',(#4130),#4336,.F.);
#4530=ADVANCED_FACE('',(#4131),#349,.T.);
#4531=ADVANCED_FACE('',(#4132),#4337,.F.);
#4532=ADVANCED_FACE('',(#4133),#350,.T.);
#4533=ADVANCED_FACE('',(#4134),#4338,.T.);
#4534=ADVANCED_FACE('',(#4135),#4339,.T.);
#4535=ADVANCED_FACE('',(#4136),#351,.T.);
#4536=ADVANCED_FACE('',(#4137),#4340,.F.);
#4537=ADVANCED_FACE('',(#4138),#352,.T.);
#4538=ADVANCED_FACE('',(#4139),#4341,.T.);
#4539=ADVANCED_FACE('',(#4140),#353,.T.);
#4540=ADVANCED_FACE('',(#4141),#4342,.T.);
#4541=ADVANCED_FACE('',(#4142),#4343,.T.);
#4542=ADVANCED_FACE('',(#4143),#354,.T.);
#4543=ADVANCED_FACE('',(#4144),#4344,.F.);
#4544=ADVANCED_FACE('',(#4145),#355,.T.);
#4545=ADVANCED_FACE('',(#4146),#4345,.F.);
#4546=ADVANCED_FACE('',(#4147),#356,.T.);
#4547=ADVANCED_FACE('',(#4148),#4346,.T.);
#4548=ADVANCED_FACE('',(#4149),#4347,.T.);
#4549=ADVANCED_FACE('',(#4150),#4348,.F.);
#4550=ADVANCED_FACE('',(#4151),#4349,.F.);
#4551=ADVANCED_FACE('',(#4152),#357,.T.);
#4552=ADVANCED_FACE('',(#4153),#4350,.F.);
#4553=ADVANCED_FACE('',(#4154),#358,.T.);
#4554=ADVANCED_FACE('',(#4155),#4351,.T.);
#4555=ADVANCED_FACE('',(#4156),#4352,.T.);
#4556=ADVANCED_FACE('',(#4157),#359,.T.);
#4557=ADVANCED_FACE('',(#4158),#4353,.T.);
#4558=ADVANCED_FACE('',(#4159),#360,.T.);
#4559=ADVANCED_FACE('',(#4160),#4354,.F.);
#4560=ADVANCED_FACE('',(#4161),#361,.T.);
#4561=ADVANCED_FACE('',(#4162),#4355,.F.);
#4562=ADVANCED_FACE('',(#4163),#362,.T.);
#4563=ADVANCED_FACE('',(#4164),#4356,.F.);
#4564=ADVANCED_FACE('',(#4165),#363,.T.);
#4565=ADVANCED_FACE('',(#4166),#364,.T.);
#4566=ADVANCED_FACE('',(#4167),#4357,.F.);
#4567=ADVANCED_FACE('',(#4168),#365,.T.);
#4568=ADVANCED_FACE('',(#4169),#4358,.F.);
#4569=ADVANCED_FACE('',(#4170),#366,.T.);
#4570=ADVANCED_FACE('',(#4171),#4359,.F.);
#4571=ADVANCED_FACE('',(#4172),#4360,.T.);
#4572=ADVANCED_FACE('',(#4173),#367,.T.);
#4573=ADVANCED_FACE('',(#4174),#4361,.F.);
#4574=ADVANCED_FACE('',(#4175),#368,.T.);
#4575=ADVANCED_FACE('',(#4176),#4362,.T.);
#4576=ADVANCED_FACE('',(#4177),#4363,.F.);
#4577=ADVANCED_FACE('',(#4178),#369,.T.);
#4578=ADVANCED_FACE('',(#4179),#4364,.T.);
#4579=ADVANCED_FACE('',(#4180),#4365,.T.);
#4580=ADVANCED_FACE('',(#4181),#370,.T.);
#4581=ADVANCED_FACE('',(#4182),#4366,.F.);
#4582=ADVANCED_FACE('',(#4183),#371,.T.);
#4583=ADVANCED_FACE('',(#4184),#372,.T.);
#4584=ADVANCED_FACE('',(#4185),#4367,.F.);
#4585=ADVANCED_FACE('',(#4186),#373,.T.);
#4586=ADVANCED_FACE('',(#4187),#374,.T.);
#4587=ADVANCED_FACE('',(#4188),#4368,.F.);
#4588=ADVANCED_FACE('',(#4189),#375,.T.);
#4589=ADVANCED_FACE('',(#4190),#376,.T.);
#4590=ADVANCED_FACE('',(#4191),#4369,.F.);
#4591=ADVANCED_FACE('',(#4192),#377,.T.);
#4592=ADVANCED_FACE('',(#4193),#4370,.T.);
#4593=ADVANCED_FACE('',(#4194),#378,.T.);
#4594=ADVANCED_FACE('',(#4195),#4371,.F.);
#4595=ADVANCED_FACE('',(#4196),#379,.T.);
#4596=ADVANCED_FACE('',(#4197),#4372,.F.);
#4597=ADVANCED_FACE('',(#4198),#380,.T.);
#4598=ADVANCED_FACE('',(#4199),#381,.T.);
#4599=ADVANCED_FACE('',(#4200),#4373,.F.);
#4600=ADVANCED_FACE('',(#4201),#382,.T.);
#4601=ADVANCED_FACE('',(#4202),#4374,.T.);
#4602=ADVANCED_FACE('',(#4203),#383,.T.);
#4603=ADVANCED_FACE('',(#4204),#4375,.T.);
#4604=ADVANCED_FACE('',(#4205),#384,.T.);
#4605=ADVANCED_FACE('',(#4206),#4376,.F.);
#4606=ADVANCED_FACE('',(#4207),#4377,.F.);
#4607=ADVANCED_FACE('',(#4208),#4378,.T.);
#4608=ADVANCED_FACE('',(#4209),#385,.T.);
#4609=ADVANCED_FACE('',(#4210),#4379,.T.);
#4610=ADVANCED_FACE('',(#4211),#386,.T.);
#4611=ADVANCED_FACE('',(#4212),#4380,.F.);
#4612=ADVANCED_FACE('',(#4213),#4381,.F.);
#4613=ADVANCED_FACE('',(#4214),#387,.T.);
#4614=ADVANCED_FACE('',(#4215),#4382,.F.);
#4615=ADVANCED_FACE('',(#4216),#388,.T.);
#4616=ADVANCED_FACE('',(#4217),#389,.T.);
#4617=ADVANCED_FACE('',(#4218),#4383,.F.);
#4618=ADVANCED_FACE('',(#4219),#390,.T.);
#4619=ADVANCED_FACE('',(#4220),#391,.T.);
#4620=ADVANCED_FACE('',(#4221),#4384,.F.);
#4621=ADVANCED_FACE('',(#4222),#392,.T.);
#4622=ADVANCED_FACE('',(#4223),#393,.T.);
#4623=ADVANCED_FACE('',(#4224),#4385,.T.);
#4624=ADVANCED_FACE('',(#4225),#4386,.T.);
#4625=ADVANCED_FACE('',(#4226),#394,.T.);
#4626=ADVANCED_FACE('',(#4227),#4387,.T.);
#4627=ADVANCED_FACE('',(#4228),#4388,.T.);
#4628=ADVANCED_FACE('',(#4229),#4389,.T.);
#4629=ADVANCED_FACE('',(#4230),#4390,.T.);
#4630=ADVANCED_FACE('',(#4231),#4391,.T.);
#4631=ADVANCED_FACE('',(#4232,#4233),#395,.T.);
#4632=ADVANCED_FACE('',(#4234,#4235),#396,.T.);
#4633=ADVANCED_FACE('',(#4236,#4237),#397,.T.);
#4634=ADVANCED_FACE('',(#4238,#4239),#398,.T.);
#4635=ADVANCED_FACE('',(#4240,#4241),#399,.T.);
#4636=ADVANCED_FACE('',(#4242,#4243),#400,.T.);
#4637=ADVANCED_FACE('',(#4244,#4245),#401,.T.);
#4638=ADVANCED_FACE('',(#4246),#4392,.T.);
#4639=ADVANCED_FACE('',(#4247),#402,.T.);
#4640=ADVANCED_FACE('',(#4248),#4393,.T.);
#4641=ADVANCED_FACE('',(#4249),#4394,.T.);
#4642=ADVANCED_FACE('',(#4250),#4395,.T.);
#4643=ADVANCED_FACE('',(#4251),#403,.T.);
#4644=ADVANCED_FACE('',(#4252,#4253,#4254,#4255,#4256,#4257,#4258,#4259,
#4260,#4261,#4262,#4263,#4264,#4265,#4266,#4267,#4268,#4269,#4270,#4271,
#4272,#4273,#4274,#4275,#4276,#4277,#4278),#4396,.T.);
#4645=CLOSED_SHELL('',(#4397,#4398,#4399,#4400,#4401,#4402,#4403,#4404,
#4405,#4406,#4407,#4408,#4409,#4410,#4411,#4412,#4413,#4414,#4415,#4416,
#4417,#4418,#4419,#4420,#4421,#4422,#4423,#4424,#4425,#4426,#4427,#4428,
#4429,#4430,#4431,#4432,#4433,#4434,#4435,#4436,#4437,#4438,#4439,#4440,
#4441,#4442,#4443,#4444,#4445,#4446,#4447,#4448,#4449,#4450,#4451,#4452,
#4453,#4454,#4455,#4456,#4457,#4458,#4459,#4460,#4461,#4462,#4463,#4464,
#4465,#4466,#4467,#4468,#4469,#4470,#4471,#4472,#4473,#4474,#4475,#4476,
#4477,#4478,#4479,#4480,#4481,#4482,#4483,#4484,#4485,#4486,#4487,#4488,
#4489,#4490,#4491,#4492,#4493,#4494,#4495,#4496,#4497,#4498,#4499,#4500,
#4501,#4502,#4503,#4504,#4505,#4506,#4507,#4508,#4509,#4510,#4511,#4512,
#4513,#4514,#4515,#4516,#4517,#4518,#4519,#4520,#4521,#4522,#4523,#4524,
#4525,#4526,#4527,#4528,#4529,#4530,#4531,#4532,#4533,#4534,#4535,#4536,
#4537,#4538,#4539,#4540,#4541,#4542,#4543,#4544,#4545,#4546,#4547,#4548,
#4549,#4550,#4551,#4552,#4553,#4554,#4555,#4556,#4557,#4558,#4559,#4560,
#4561,#4562,#4563,#4564,#4565,#4566,#4567,#4568,#4569,#4570,#4571,#4572,
#4573,#4574,#4575,#4576,#4577,#4578,#4579,#4580,#4581,#4582,#4583,#4584,
#4585,#4586,#4587,#4588,#4589,#4590,#4591,#4592,#4593,#4594,#4595,#4596,
#4597,#4598,#4599,#4600,#4601,#4602,#4603,#4604,#4605,#4606,#4607,#4608,
#4609,#4610,#4611,#4612,#4613,#4614,#4615,#4616,#4617,#4618,#4619,#4620,
#4621,#4622,#4623,#4624,#4625,#4626,#4627,#4628,#4629,#4630,#4631,#4632,
#4633,#4634,#4635,#4636,#4637,#4638,#4639,#4640,#4641,#4642,#4643,#4644));
#4646=STYLED_ITEM('',(#4647),#4654);
#4647=PRESENTATION_STYLE_ASSIGNMENT((#4648));
#4648=SURFACE_STYLE_USAGE(.BOTH.,#4649);
#4649=SURFACE_SIDE_STYLE('',(#4650));
#4650=SURFACE_STYLE_FILL_AREA(#4651);
#4651=FILL_AREA_STYLE('',(#4652));
#4652=FILL_AREA_STYLE_COLOUR('',#4653);
#4653=COLOUR_RGB('',0.980392156862745,0.713725490196078,0.00392156862745098);
#4654=MANIFOLD_SOLID_BREP('PCB',#4645);
#4655=SHAPE_DEFINITION_REPRESENTATION(#7863,#4656);
#4656=SHAPE_REPRESENTATION('PCB',(#4657),#7858);
#4657=AXIS2_PLACEMENT_3D('',#6543,#5168,#5169);
#4658=AXIS2_PLACEMENT_3D('',#6544,#5170,#5171);
#4659=AXIS2_PLACEMENT_3D('',#6553,#5176,#5177);
#4660=AXIS2_PLACEMENT_3D('',#6562,#5182,#5183);
#4661=AXIS2_PLACEMENT_3D('',#6571,#5188,#5189);
#4662=AXIS2_PLACEMENT_3D('',#6580,#5194,#5195);
#4663=AXIS2_PLACEMENT_3D('',#6589,#5200,#5201);
#4664=AXIS2_PLACEMENT_3D('',#6593,#5203,#5204);
#4665=AXIS2_PLACEMENT_3D('',#6594,#5205,#5206);
#4666=AXIS2_PLACEMENT_3D('',#6598,#5208,#5209);
#4667=AXIS2_PLACEMENT_3D('',#6599,#5210,#5211);
#4668=AXIS2_PLACEMENT_3D('',#6600,#5212,#5213);
#4669=AXIS2_PLACEMENT_3D('',#6601,#5214,#5215);
#4670=AXIS2_PLACEMENT_3D('',#6602,#5216,#5217);
#4671=AXIS2_PLACEMENT_3D('',#6603,#5218,#5219);
#4672=AXIS2_PLACEMENT_3D('',#6605,#5220,#5221);
#4673=AXIS2_PLACEMENT_3D('',#6608,#5223,#5224);
#4674=AXIS2_PLACEMENT_3D('',#6614,#5228,#5229);
#4675=AXIS2_PLACEMENT_3D('',#6620,#5233,#5234);
#4676=AXIS2_PLACEMENT_3D('',#6626,#5238,#5239);
#4677=AXIS2_PLACEMENT_3D('',#6627,#5240,#5241);
#4678=AXIS2_PLACEMENT_3D('',#6628,#5242,#5243);
#4679=AXIS2_PLACEMENT_3D('',#6629,#5244,#5245);
#4680=AXIS2_PLACEMENT_3D('',#6633,#5247,#5248);
#4681=AXIS2_PLACEMENT_3D('',#6634,#5249,#5250);
#4682=AXIS2_PLACEMENT_3D('',#6635,#5251,#5252);
#4683=AXIS2_PLACEMENT_3D('',#6641,#5256,#5257);
#4684=AXIS2_PLACEMENT_3D('',#6642,#5258,#5259);
#4685=AXIS2_PLACEMENT_3D('',#6644,#5260,#5261);
#4686=AXIS2_PLACEMENT_3D('',#6647,#5263,#5264);
#4687=AXIS2_PLACEMENT_3D('',#6648,#5265,#5266);
#4688=AXIS2_PLACEMENT_3D('',#6649,#5267,#5268);
#4689=AXIS2_PLACEMENT_3D('',#6650,#5269,#5270);
#4690=AXIS2_PLACEMENT_3D('',#6651,#5271,#5272);
#4691=AXIS2_PLACEMENT_3D('',#6652,#5273,#5274);
#4692=AXIS2_PLACEMENT_3D('',#6653,#5275,#5276);
#4693=AXIS2_PLACEMENT_3D('',#6654,#5277,#5278);
#4694=AXIS2_PLACEMENT_3D('',#6656,#5279,#5280);
#4695=AXIS2_PLACEMENT_3D('',#6658,#5281,#5282);
#4696=AXIS2_PLACEMENT_3D('',#6659,#5283,#5284);
#4697=AXIS2_PLACEMENT_3D('',#6661,#5285,#5286);
#4698=AXIS2_PLACEMENT_3D('',#6663,#5287,#5288);
#4699=AXIS2_PLACEMENT_3D('',#6664,#5289,#5290);
#4700=AXIS2_PLACEMENT_3D('',#6666,#5291,#5292);
#4701=AXIS2_PLACEMENT_3D('',#6668,#5293,#5294);
#4702=AXIS2_PLACEMENT_3D('',#6669,#5295,#5296);
#4703=AXIS2_PLACEMENT_3D('',#6671,#5297,#5298);
#4704=AXIS2_PLACEMENT_3D('',#6673,#5299,#5300);
#4705=AXIS2_PLACEMENT_3D('',#6674,#5301,#5302);
#4706=AXIS2_PLACEMENT_3D('',#6676,#5303,#5304);
#4707=AXIS2_PLACEMENT_3D('',#6678,#5305,#5306);
#4708=AXIS2_PLACEMENT_3D('',#6679,#5307,#5308);
#4709=AXIS2_PLACEMENT_3D('',#6681,#5309,#5310);
#4710=AXIS2_PLACEMENT_3D('',#6683,#5311,#5312);
#4711=AXIS2_PLACEMENT_3D('',#6688,#5314,#5315);
#4712=AXIS2_PLACEMENT_3D('',#6691,#5317,#5318);
#4713=AXIS2_PLACEMENT_3D('',#6692,#5319,#5320);
#4714=AXIS2_PLACEMENT_3D('',#6694,#5321,#5322);
#4715=AXIS2_PLACEMENT_3D('',#6696,#5323,#5324);
#4716=AXIS2_PLACEMENT_3D('',#6701,#5326,#5327);
#4717=AXIS2_PLACEMENT_3D('',#6704,#5329,#5330);
#4718=AXIS2_PLACEMENT_3D('',#6705,#5331,#5332);
#4719=AXIS2_PLACEMENT_3D('',#6707,#5333,#5334);
#4720=AXIS2_PLACEMENT_3D('',#6712,#5336,#5337);
#4721=AXIS2_PLACEMENT_3D('',#6718,#5340,#5341);
#4722=AXIS2_PLACEMENT_3D('',#6724,#5344,#5345);
#4723=AXIS2_PLACEMENT_3D('',#6728,#5347,#5348);
#4724=AXIS2_PLACEMENT_3D('',#6734,#5351,#5352);
#4725=AXIS2_PLACEMENT_3D('',#6735,#5353,#5354);
#4726=AXIS2_PLACEMENT_3D('',#6736,#5355,#5356);
#4727=AXIS2_PLACEMENT_3D('',#6738,#5357,#5358);
#4728=AXIS2_PLACEMENT_3D('',#6740,#5359,#5360);
#4729=AXIS2_PLACEMENT_3D('',#6745,#5362,#5363);
#4730=AXIS2_PLACEMENT_3D('',#6748,#5365,#5366);
#4731=AXIS2_PLACEMENT_3D('',#6749,#5367,#5368);
#4732=AXIS2_PLACEMENT_3D('',#6751,#5369,#5370);
#4733=AXIS2_PLACEMENT_3D('',#6753,#5371,#5372);
#4734=AXIS2_PLACEMENT_3D('',#6758,#5374,#5375);
#4735=AXIS2_PLACEMENT_3D('',#6761,#5377,#5378);
#4736=AXIS2_PLACEMENT_3D('',#6762,#5379,#5380);
#4737=AXIS2_PLACEMENT_3D('',#6764,#5381,#5382);
#4738=AXIS2_PLACEMENT_3D('',#6766,#5383,#5384);
#4739=AXIS2_PLACEMENT_3D('',#6771,#5386,#5387);
#4740=AXIS2_PLACEMENT_3D('',#6774,#5389,#5390);
#4741=AXIS2_PLACEMENT_3D('',#6775,#5391,#5392);
#4742=AXIS2_PLACEMENT_3D('',#6777,#5393,#5394);
#4743=AXIS2_PLACEMENT_3D('',#6779,#5395,#5396);
#4744=AXIS2_PLACEMENT_3D('',#6784,#5398,#5399);
#4745=AXIS2_PLACEMENT_3D('',#6787,#5401,#5402);
#4746=AXIS2_PLACEMENT_3D('',#6788,#5403,#5404);
#4747=AXIS2_PLACEMENT_3D('',#6794,#5407,#5408);
#4748=AXIS2_PLACEMENT_3D('',#6798,#5410,#5411);
#4749=AXIS2_PLACEMENT_3D('',#6808,#5416,#5417);
#4750=AXIS2_PLACEMENT_3D('',#6812,#5419,#5420);
#4751=AXIS2_PLACEMENT_3D('',#6816,#5422,#5423);
#4752=AXIS2_PLACEMENT_3D('',#6822,#5426,#5427);
#4753=AXIS2_PLACEMENT_3D('',#6826,#5429,#5430);
#4754=AXIS2_PLACEMENT_3D('',#6830,#5432,#5433);
#4755=AXIS2_PLACEMENT_3D('',#6836,#5436,#5437);
#4756=AXIS2_PLACEMENT_3D('',#6840,#5439,#5440);
#4757=AXIS2_PLACEMENT_3D('',#6844,#5442,#5443);
#4758=AXIS2_PLACEMENT_3D('',#6848,#5445,#5446);
#4759=AXIS2_PLACEMENT_3D('',#6852,#5448,#5449);
#4760=AXIS2_PLACEMENT_3D('',#6856,#5451,#5452);
#4761=AXIS2_PLACEMENT_3D('',#6857,#5453,#5454);
#4762=AXIS2_PLACEMENT_3D('',#6859,#5455,#5456);
#4763=AXIS2_PLACEMENT_3D('',#6861,#5457,#5458);
#4764=AXIS2_PLACEMENT_3D('',#6863,#5459,#5460);
#4765=AXIS2_PLACEMENT_3D('',#6865,#5461,#5462);
#4766=AXIS2_PLACEMENT_3D('',#6867,#5463,#5464);
#4767=AXIS2_PLACEMENT_3D('',#6869,#5465,#5466);
#4768=AXIS2_PLACEMENT_3D('',#6871,#5467,#5468);
#4769=AXIS2_PLACEMENT_3D('',#6872,#5469,#5470);
#4770=AXIS2_PLACEMENT_3D('',#6879,#5473,#5474);
#4771=AXIS2_PLACEMENT_3D('',#6883,#5476,#5477);
#4772=AXIS2_PLACEMENT_3D('',#6886,#5479,#5480);
#4773=AXIS2_PLACEMENT_3D('',#6888,#5481,#5482);
#4774=AXIS2_PLACEMENT_3D('',#6890,#5483,#5484);
#4775=AXIS2_PLACEMENT_3D('',#6891,#5485,#5486);
#4776=AXIS2_PLACEMENT_3D('',#6893,#5487,#5488);
#4777=AXIS2_PLACEMENT_3D('',#6895,#5489,#5490);
#4778=AXIS2_PLACEMENT_3D('',#6896,#5491,#5492);
#4779=AXIS2_PLACEMENT_3D('',#6898,#5493,#5494);
#4780=AXIS2_PLACEMENT_3D('',#6900,#5495,#5496);
#4781=AXIS2_PLACEMENT_3D('',#6901,#5497,#5498);
#4782=AXIS2_PLACEMENT_3D('',#6903,#5499,#5500);
#4783=AXIS2_PLACEMENT_3D('',#6905,#5501,#5502);
#4784=AXIS2_PLACEMENT_3D('',#6906,#5503,#5504);
#4785=AXIS2_PLACEMENT_3D('',#6908,#5505,#5506);
#4786=AXIS2_PLACEMENT_3D('',#6910,#5507,#5508);
#4787=AXIS2_PLACEMENT_3D('',#6911,#5509,#5510);
#4788=AXIS2_PLACEMENT_3D('',#6913,#5511,#5512);
#4789=AXIS2_PLACEMENT_3D('',#6915,#5513,#5514);
#4790=AXIS2_PLACEMENT_3D('',#6916,#5515,#5516);
#4791=AXIS2_PLACEMENT_3D('',#6918,#5517,#5518);
#4792=AXIS2_PLACEMENT_3D('',#6920,#5519,#5520);
#4793=AXIS2_PLACEMENT_3D('',#6921,#5521,#5522);
#4794=AXIS2_PLACEMENT_3D('',#6923,#5523,#5524);
#4795=AXIS2_PLACEMENT_3D('',#6925,#5525,#5526);
#4796=AXIS2_PLACEMENT_3D('',#6930,#5528,#5529);
#4797=AXIS2_PLACEMENT_3D('',#6933,#5531,#5532);
#4798=AXIS2_PLACEMENT_3D('',#6934,#5533,#5534);
#4799=AXIS2_PLACEMENT_3D('',#6936,#5535,#5536);
#4800=AXIS2_PLACEMENT_3D('',#6938,#5537,#5538);
#4801=AXIS2_PLACEMENT_3D('',#6939,#5539,#5540);
#4802=AXIS2_PLACEMENT_3D('',#6944,#5542,#5543);
#4803=AXIS2_PLACEMENT_3D('',#6950,#5546,#5547);
#4804=AXIS2_PLACEMENT_3D('',#6953,#5549,#5550);
#4805=AXIS2_PLACEMENT_3D('',#6955,#5551,#5552);
#4806=AXIS2_PLACEMENT_3D('',#6957,#5553,#5554);
#4807=AXIS2_PLACEMENT_3D('',#6959,#5555,#5556);
#4808=AXIS2_PLACEMENT_3D('',#6960,#5557,#5558);
#4809=AXIS2_PLACEMENT_3D('',#6962,#5559,#5560);
#4810=AXIS2_PLACEMENT_3D('',#6964,#5561,#5562);
#4811=AXIS2_PLACEMENT_3D('',#6969,#5564,#5565);
#4812=AXIS2_PLACEMENT_3D('',#6972,#5567,#5568);
#4813=AXIS2_PLACEMENT_3D('',#6973,#5569,#5570);
#4814=AXIS2_PLACEMENT_3D('',#6975,#5571,#5572);
#4815=AXIS2_PLACEMENT_3D('',#6977,#5573,#5574);
#4816=AXIS2_PLACEMENT_3D('',#6982,#5576,#5577);
#4817=AXIS2_PLACEMENT_3D('',#6985,#5579,#5580);
#4818=AXIS2_PLACEMENT_3D('',#6989,#5582,#5583);
#4819=AXIS2_PLACEMENT_3D('',#6991,#5584,#5585);
#4820=AXIS2_PLACEMENT_3D('',#6992,#5586,#5587);
#4821=AXIS2_PLACEMENT_3D('',#6994,#5588,#5589);
#4822=AXIS2_PLACEMENT_3D('',#6996,#5590,#5591);
#4823=AXIS2_PLACEMENT_3D('',#6998,#5592,#5593);
#4824=AXIS2_PLACEMENT_3D('',#7000,#5594,#5595);
#4825=AXIS2_PLACEMENT_3D('',#7002,#5596,#5597);
#4826=AXIS2_PLACEMENT_3D('',#7004,#5598,#5599);
#4827=AXIS2_PLACEMENT_3D('',#7009,#5601,#5602);
#4828=AXIS2_PLACEMENT_3D('',#7019,#5607,#5608);
#4829=AXIS2_PLACEMENT_3D('',#7025,#5611,#5612);
#4830=AXIS2_PLACEMENT_3D('',#7027,#5613,#5614);
#4831=AXIS2_PLACEMENT_3D('',#7031,#5616,#5617);
#4832=AXIS2_PLACEMENT_3D('',#7039,#5621,#5622);
#4833=AXIS2_PLACEMENT_3D('',#7045,#5625,#5626);
#4834=AXIS2_PLACEMENT_3D('',#7051,#5629,#5630);
#4835=AXIS2_PLACEMENT_3D('',#7057,#5633,#5634);
#4836=AXIS2_PLACEMENT_3D('',#7061,#5636,#5637);
#4837=AXIS2_PLACEMENT_3D('',#7071,#5642,#5643);
#4838=AXIS2_PLACEMENT_3D('',#7077,#5646,#5647);
#4839=AXIS2_PLACEMENT_3D('',#7078,#5648,#5649);
#4840=AXIS2_PLACEMENT_3D('',#7084,#5653,#5654);
#4841=AXIS2_PLACEMENT_3D('',#7085,#5655,#5656);
#4842=AXIS2_PLACEMENT_3D('',#7088,#5658,#5659);
#4843=AXIS2_PLACEMENT_3D('',#7089,#5660,#5661);
#4844=AXIS2_PLACEMENT_3D('',#7092,#5663,#5664);
#4845=AXIS2_PLACEMENT_3D('',#7093,#5665,#5666);
#4846=AXIS2_PLACEMENT_3D('',#7094,#5667,#5668);
#4847=AXIS2_PLACEMENT_3D('',#7096,#5669,#5670);
#4848=AXIS2_PLACEMENT_3D('',#7097,#5671,#5672);
#4849=AXIS2_PLACEMENT_3D('',#7099,#5673,#5674);
#4850=AXIS2_PLACEMENT_3D('',#7100,#5675,#5676);
#4851=AXIS2_PLACEMENT_3D('',#7102,#5677,#5678);
#4852=AXIS2_PLACEMENT_3D('',#7103,#5679,#5680);
#4853=AXIS2_PLACEMENT_3D('',#7105,#5681,#5682);
#4854=AXIS2_PLACEMENT_3D('',#7106,#5683,#5684);
#4855=AXIS2_PLACEMENT_3D('',#7108,#5685,#5686);
#4856=AXIS2_PLACEMENT_3D('',#7109,#5687,#5688);
#4857=AXIS2_PLACEMENT_3D('',#7111,#5689,#5690);
#4858=AXIS2_PLACEMENT_3D('',#7112,#5691,#5692);
#4859=AXIS2_PLACEMENT_3D('',#7114,#5693,#5694);
#4860=AXIS2_PLACEMENT_3D('',#7115,#5695,#5696);
#4861=AXIS2_PLACEMENT_3D('',#7117,#5697,#5698);
#4862=AXIS2_PLACEMENT_3D('',#7118,#5699,#5700);
#4863=AXIS2_PLACEMENT_3D('',#7120,#5701,#5702);
#4864=AXIS2_PLACEMENT_3D('',#7121,#5703,#5704);
#4865=AXIS2_PLACEMENT_3D('',#7123,#5705,#5706);
#4866=AXIS2_PLACEMENT_3D('',#7124,#5707,#5708);
#4867=AXIS2_PLACEMENT_3D('',#7126,#5709,#5710);
#4868=AXIS2_PLACEMENT_3D('',#7127,#5711,#5712);
#4869=AXIS2_PLACEMENT_3D('',#7129,#5713,#5714);
#4870=AXIS2_PLACEMENT_3D('',#7130,#5715,#5716);
#4871=AXIS2_PLACEMENT_3D('',#7132,#5717,#5718);
#4872=AXIS2_PLACEMENT_3D('',#7133,#5719,#5720);
#4873=AXIS2_PLACEMENT_3D('',#7135,#5721,#5722);
#4874=AXIS2_PLACEMENT_3D('',#7136,#5723,#5724);
#4875=AXIS2_PLACEMENT_3D('',#7138,#5725,#5726);
#4876=AXIS2_PLACEMENT_3D('',#7139,#5727,#5728);
#4877=AXIS2_PLACEMENT_3D('',#7141,#5729,#5730);
#4878=AXIS2_PLACEMENT_3D('',#7142,#5731,#5732);
#4879=AXIS2_PLACEMENT_3D('',#7144,#5733,#5734);
#4880=AXIS2_PLACEMENT_3D('',#7145,#5735,#5736);
#4881=AXIS2_PLACEMENT_3D('',#7147,#5737,#5738);
#4882=AXIS2_PLACEMENT_3D('',#7148,#5739,#5740);
#4883=AXIS2_PLACEMENT_3D('',#7150,#5741,#5742);
#4884=AXIS2_PLACEMENT_3D('',#7151,#5743,#5744);
#4885=AXIS2_PLACEMENT_3D('',#7153,#5745,#5746);
#4886=AXIS2_PLACEMENT_3D('',#7154,#5747,#5748);
#4887=AXIS2_PLACEMENT_3D('',#7156,#5749,#5750);
#4888=AXIS2_PLACEMENT_3D('',#7157,#5751,#5752);
#4889=AXIS2_PLACEMENT_3D('',#7159,#5753,#5754);
#4890=AXIS2_PLACEMENT_3D('',#7160,#5755,#5756);
#4891=AXIS2_PLACEMENT_3D('',#7162,#5757,#5758);
#4892=AXIS2_PLACEMENT_3D('',#7163,#5759,#5760);
#4893=AXIS2_PLACEMENT_3D('',#7165,#5761,#5762);
#4894=AXIS2_PLACEMENT_3D('',#7166,#5763,#5764);
#4895=AXIS2_PLACEMENT_3D('',#7168,#5765,#5766);
#4896=AXIS2_PLACEMENT_3D('',#7169,#5767,#5768);
#4897=AXIS2_PLACEMENT_3D('',#7171,#5769,#5770);
#4898=AXIS2_PLACEMENT_3D('',#7172,#5771,#5772);
#4899=AXIS2_PLACEMENT_3D('',#7173,#5773,#5774);
#4900=AXIS2_PLACEMENT_3D('',#7174,#5775,#5776);
#4901=AXIS2_PLACEMENT_3D('',#7176,#5777,#5778);
#4902=AXIS2_PLACEMENT_3D('',#7177,#5779,#5780);
#4903=AXIS2_PLACEMENT_3D('',#7179,#5781,#5782);
#4904=AXIS2_PLACEMENT_3D('',#7180,#5783,#5784);
#4905=AXIS2_PLACEMENT_3D('',#7182,#5785,#5786);
#4906=AXIS2_PLACEMENT_3D('',#7183,#5787,#5788);
#4907=AXIS2_PLACEMENT_3D('',#7185,#5789,#5790);
#4908=AXIS2_PLACEMENT_3D('',#7186,#5791,#5792);
#4909=AXIS2_PLACEMENT_3D('',#7188,#5793,#5794);
#4910=AXIS2_PLACEMENT_3D('',#7189,#5795,#5796);
#4911=AXIS2_PLACEMENT_3D('',#7191,#5797,#5798);
#4912=AXIS2_PLACEMENT_3D('',#7192,#5799,#5800);
#4913=AXIS2_PLACEMENT_3D('',#7194,#5801,#5802);
#4914=AXIS2_PLACEMENT_3D('',#7195,#5803,#5804);
#4915=AXIS2_PLACEMENT_3D('',#7197,#5805,#5806);
#4916=AXIS2_PLACEMENT_3D('',#7198,#5807,#5808);
#4917=AXIS2_PLACEMENT_3D('',#7200,#5809,#5810);
#4918=AXIS2_PLACEMENT_3D('',#7201,#5811,#5812);
#4919=AXIS2_PLACEMENT_3D('',#7203,#5813,#5814);
#4920=AXIS2_PLACEMENT_3D('',#7205,#5815,#5816);
#4921=AXIS2_PLACEMENT_3D('',#7206,#5817,#5818);
#4922=AXIS2_PLACEMENT_3D('',#7208,#5819,#5820);
#4923=AXIS2_PLACEMENT_3D('',#7210,#5821,#5822);
#4924=AXIS2_PLACEMENT_3D('',#7211,#5823,#5824);
#4925=AXIS2_PLACEMENT_3D('',#7213,#5825,#5826);
#4926=AXIS2_PLACEMENT_3D('',#7214,#5827,#5828);
#4927=AXIS2_PLACEMENT_3D('',#7216,#5829,#5830);
#4928=AXIS2_PLACEMENT_3D('',#7217,#5831,#5832);
#4929=AXIS2_PLACEMENT_3D('',#7219,#5833,#5834);
#4930=AXIS2_PLACEMENT_3D('',#7220,#5835,#5836);
#4931=AXIS2_PLACEMENT_3D('',#7222,#5837,#5838);
#4932=AXIS2_PLACEMENT_3D('',#7223,#5839,#5840);
#4933=AXIS2_PLACEMENT_3D('',#7225,#5841,#5842);
#4934=AXIS2_PLACEMENT_3D('',#7226,#5843,#5844);
#4935=AXIS2_PLACEMENT_3D('',#7228,#5845,#5846);
#4936=AXIS2_PLACEMENT_3D('',#7229,#5847,#5848);
#4937=AXIS2_PLACEMENT_3D('',#7231,#5849,#5850);
#4938=AXIS2_PLACEMENT_3D('',#7232,#5851,#5852);
#4939=AXIS2_PLACEMENT_3D('',#7234,#5853,#5854);
#4940=AXIS2_PLACEMENT_3D('',#7235,#5855,#5856);
#4941=AXIS2_PLACEMENT_3D('',#7237,#5857,#5858);
#4942=AXIS2_PLACEMENT_3D('',#7238,#5859,#5860);
#4943=AXIS2_PLACEMENT_3D('',#7240,#5861,#5862);
#4944=AXIS2_PLACEMENT_3D('',#7241,#5863,#5864);
#4945=AXIS2_PLACEMENT_3D('',#7243,#5865,#5866);
#4946=AXIS2_PLACEMENT_3D('',#7244,#5867,#5868);
#4947=AXIS2_PLACEMENT_3D('',#7251,#5871,#5872);
#4948=AXIS2_PLACEMENT_3D('',#7255,#5874,#5875);
#4949=AXIS2_PLACEMENT_3D('',#7261,#5878,#5879);
#4950=AXIS2_PLACEMENT_3D('',#7264,#5881,#5882);
#4951=AXIS2_PLACEMENT_3D('',#7265,#5883,#5884);
#4952=AXIS2_PLACEMENT_3D('',#7271,#5888,#5889);
#4953=AXIS2_PLACEMENT_3D('',#7274,#5891,#5892);
#4954=AXIS2_PLACEMENT_3D('',#7275,#5893,#5894);
#4955=AXIS2_PLACEMENT_3D('',#7279,#5897,#5898);
#4956=AXIS2_PLACEMENT_3D('',#7283,#5901,#5902);
#4957=AXIS2_PLACEMENT_3D('',#7286,#5904,#5905);
#4958=AXIS2_PLACEMENT_3D('',#7287,#5906,#5907);
#4959=AXIS2_PLACEMENT_3D('',#7291,#5910,#5911);
#4960=AXIS2_PLACEMENT_3D('',#7295,#5914,#5915);
#4961=AXIS2_PLACEMENT_3D('',#7299,#5918,#5919);
#4962=AXIS2_PLACEMENT_3D('',#7303,#5922,#5923);
#4963=AXIS2_PLACEMENT_3D('',#7306,#5925,#5926);
#4964=AXIS2_PLACEMENT_3D('',#7307,#5927,#5928);
#4965=AXIS2_PLACEMENT_3D('',#7311,#5931,#5932);
#4966=AXIS2_PLACEMENT_3D('',#7314,#5934,#5935);
#4967=AXIS2_PLACEMENT_3D('',#7315,#5936,#5937);
#4968=AXIS2_PLACEMENT_3D('',#7319,#5940,#5941);
#4969=AXIS2_PLACEMENT_3D('',#7323,#5944,#5945);
#4970=AXIS2_PLACEMENT_3D('',#7326,#5947,#5948);
#4971=AXIS2_PLACEMENT_3D('',#7327,#5949,#5950);
#4972=AXIS2_PLACEMENT_3D('',#7331,#5953,#5954);
#4973=AXIS2_PLACEMENT_3D('',#7335,#5957,#5958);
#4974=AXIS2_PLACEMENT_3D('',#7338,#5960,#5961);
#4975=AXIS2_PLACEMENT_3D('',#7339,#5962,#5963);
#4976=AXIS2_PLACEMENT_3D('',#7343,#5966,#5967);
#4977=AXIS2_PLACEMENT_3D('',#7347,#5970,#5971);
#4978=AXIS2_PLACEMENT_3D('',#7350,#5973,#5974);
#4979=AXIS2_PLACEMENT_3D('',#7351,#5975,#5976);
#4980=AXIS2_PLACEMENT_3D('',#7355,#5979,#5980);
#4981=AXIS2_PLACEMENT_3D('',#7359,#5983,#5984);
#4982=AXIS2_PLACEMENT_3D('',#7363,#5987,#5988);
#4983=AXIS2_PLACEMENT_3D('',#7366,#5990,#5991);
#4984=AXIS2_PLACEMENT_3D('',#7367,#5992,#5993);
#4985=AXIS2_PLACEMENT_3D('',#7371,#5996,#5997);
#4986=AXIS2_PLACEMENT_3D('',#7374,#5999,#6000);
#4987=AXIS2_PLACEMENT_3D('',#7375,#6001,#6002);
#4988=AXIS2_PLACEMENT_3D('',#7378,#6004,#6005);
#4989=AXIS2_PLACEMENT_3D('',#7379,#6006,#6007);
#4990=AXIS2_PLACEMENT_3D('',#7383,#6010,#6011);
#4991=AXIS2_PLACEMENT_3D('',#7387,#6014,#6015);
#4992=AXIS2_PLACEMENT_3D('',#7390,#6017,#6018);
#4993=AXIS2_PLACEMENT_3D('',#7391,#6019,#6020);
#4994=AXIS2_PLACEMENT_3D('',#7395,#6023,#6024);
#4995=AXIS2_PLACEMENT_3D('',#7399,#6027,#6028);
#4996=AXIS2_PLACEMENT_3D('',#7403,#6031,#6032);
#4997=AXIS2_PLACEMENT_3D('',#7407,#6035,#6036);
#4998=AXIS2_PLACEMENT_3D('',#7413,#6040,#6041);
#4999=AXIS2_PLACEMENT_3D('',#7416,#6043,#6044);
#5000=AXIS2_PLACEMENT_3D('',#7417,#6045,#6046);
#5001=AXIS2_PLACEMENT_3D('',#7421,#6049,#6050);
#5002=AXIS2_PLACEMENT_3D('',#7424,#6052,#6053);
#5003=AXIS2_PLACEMENT_3D('',#7425,#6054,#6055);
#5004=AXIS2_PLACEMENT_3D('',#7429,#6058,#6059);
#5005=AXIS2_PLACEMENT_3D('',#7433,#6062,#6063);
#5006=AXIS2_PLACEMENT_3D('',#7436,#6065,#6066);
#5007=AXIS2_PLACEMENT_3D('',#7437,#6067,#6068);
#5008=AXIS2_PLACEMENT_3D('',#7441,#6071,#6072);
#5009=AXIS2_PLACEMENT_3D('',#7444,#6074,#6075);
#5010=AXIS2_PLACEMENT_3D('',#7445,#6076,#6077);
#5011=AXIS2_PLACEMENT_3D('',#7449,#6080,#6081);
#5012=AXIS2_PLACEMENT_3D('',#7452,#6083,#6084);
#5013=AXIS2_PLACEMENT_3D('',#7453,#6085,#6086);
#5014=AXIS2_PLACEMENT_3D('',#7457,#6089,#6090);
#5015=AXIS2_PLACEMENT_3D('',#7461,#6093,#6094);
#5016=AXIS2_PLACEMENT_3D('',#7464,#6096,#6097);
#5017=AXIS2_PLACEMENT_3D('',#7465,#6098,#6099);
#5018=AXIS2_PLACEMENT_3D('',#7469,#6102,#6103);
#5019=AXIS2_PLACEMENT_3D('',#7472,#6105,#6106);
#5020=AXIS2_PLACEMENT_3D('',#7473,#6107,#6108);
#5021=AXIS2_PLACEMENT_3D('',#7477,#6111,#6112);
#5022=AXIS2_PLACEMENT_3D('',#7480,#6114,#6115);
#5023=AXIS2_PLACEMENT_3D('',#7481,#6116,#6117);
#5024=AXIS2_PLACEMENT_3D('',#7485,#6120,#6121);
#5025=AXIS2_PLACEMENT_3D('',#7489,#6124,#6125);
#5026=AXIS2_PLACEMENT_3D('',#7493,#6128,#6129);
#5027=AXIS2_PLACEMENT_3D('',#7497,#6132,#6133);
#5028=AXIS2_PLACEMENT_3D('',#7500,#6135,#6136);
#5029=AXIS2_PLACEMENT_3D('',#7501,#6137,#6138);
#5030=AXIS2_PLACEMENT_3D('',#7505,#6141,#6142);
#5031=AXIS2_PLACEMENT_3D('',#7508,#6144,#6145);
#5032=AXIS2_PLACEMENT_3D('',#7509,#6146,#6147);
#5033=AXIS2_PLACEMENT_3D('',#7513,#6150,#6151);
#5034=AXIS2_PLACEMENT_3D('',#7515,#6153,#6154);
#5035=AXIS2_PLACEMENT_3D('',#7518,#6156,#6157);
#5036=AXIS2_PLACEMENT_3D('',#7519,#6158,#6159);
#5037=AXIS2_PLACEMENT_3D('',#7523,#6162,#6163);
#5038=AXIS2_PLACEMENT_3D('',#7526,#6165,#6166);
#5039=AXIS2_PLACEMENT_3D('',#7527,#6167,#6168);
#5040=AXIS2_PLACEMENT_3D('',#7531,#6171,#6172);
#5041=AXIS2_PLACEMENT_3D('',#7534,#6174,#6175);
#5042=AXIS2_PLACEMENT_3D('',#7535,#6176,#6177);
#5043=AXIS2_PLACEMENT_3D('',#7539,#6180,#6181);
#5044=AXIS2_PLACEMENT_3D('',#7542,#6183,#6184);
#5045=AXIS2_PLACEMENT_3D('',#7545,#6186,#6187);
#5046=AXIS2_PLACEMENT_3D('',#7549,#6190,#6191);
#5047=AXIS2_PLACEMENT_3D('',#7552,#6193,#6194);
#5048=AXIS2_PLACEMENT_3D('',#7553,#6195,#6196);
#5049=AXIS2_PLACEMENT_3D('',#7556,#6198,#6199);
#5050=AXIS2_PLACEMENT_3D('',#7559,#6201,#6202);
#5051=AXIS2_PLACEMENT_3D('',#7563,#6205,#6206);
#5052=AXIS2_PLACEMENT_3D('',#7566,#6208,#6209);
#5053=AXIS2_PLACEMENT_3D('',#7567,#6210,#6211);
#5054=AXIS2_PLACEMENT_3D('',#7573,#6215,#6216);
#5055=AXIS2_PLACEMENT_3D('',#7576,#6218,#6219);
#5056=AXIS2_PLACEMENT_3D('',#7577,#6220,#6221);
#5057=AXIS2_PLACEMENT_3D('',#7581,#6224,#6225);
#5058=AXIS2_PLACEMENT_3D('',#7585,#6228,#6229);
#5059=AXIS2_PLACEMENT_3D('',#7588,#6231,#6232);
#5060=AXIS2_PLACEMENT_3D('',#7589,#6233,#6234);
#5061=AXIS2_PLACEMENT_3D('',#7593,#6237,#6238);
#5062=AXIS2_PLACEMENT_3D('',#7596,#6240,#6241);
#5063=AXIS2_PLACEMENT_3D('',#7597,#6242,#6243);
#5064=AXIS2_PLACEMENT_3D('',#7601,#6246,#6247);
#5065=AXIS2_PLACEMENT_3D('',#7605,#6250,#6251);
#5066=AXIS2_PLACEMENT_3D('',#7608,#6253,#6254);
#5067=AXIS2_PLACEMENT_3D('',#7609,#6255,#6256);
#5068=AXIS2_PLACEMENT_3D('',#7613,#6259,#6260);
#5069=AXIS2_PLACEMENT_3D('',#7617,#6263,#6264);
#5070=AXIS2_PLACEMENT_3D('',#7620,#6266,#6267);
#5071=AXIS2_PLACEMENT_3D('',#7623,#6269,#6270);
#5072=AXIS2_PLACEMENT_3D('',#7627,#6273,#6274);
#5073=AXIS2_PLACEMENT_3D('',#7630,#6276,#6277);
#5074=AXIS2_PLACEMENT_3D('',#7631,#6278,#6279);
#5075=AXIS2_PLACEMENT_3D('',#7634,#6281,#6282);
#5076=AXIS2_PLACEMENT_3D('',#7637,#6284,#6285);
#5077=AXIS2_PLACEMENT_3D('',#7641,#6288,#6289);
#5078=AXIS2_PLACEMENT_3D('',#7644,#6291,#6292);
#5079=AXIS2_PLACEMENT_3D('',#7645,#6293,#6294);
#5080=AXIS2_PLACEMENT_3D('',#7648,#6296,#6297);
#5081=AXIS2_PLACEMENT_3D('',#7651,#6299,#6300);
#5082=AXIS2_PLACEMENT_3D('',#7655,#6303,#6304);
#5083=AXIS2_PLACEMENT_3D('',#7658,#6306,#6307);
#5084=AXIS2_PLACEMENT_3D('',#7659,#6308,#6309);
#5085=AXIS2_PLACEMENT_3D('',#7662,#6311,#6312);
#5086=AXIS2_PLACEMENT_3D('',#7665,#6314,#6315);
#5087=AXIS2_PLACEMENT_3D('',#7669,#6318,#6319);
#5088=AXIS2_PLACEMENT_3D('',#7672,#6321,#6322);
#5089=AXIS2_PLACEMENT_3D('',#7673,#6323,#6324);
#5090=AXIS2_PLACEMENT_3D('',#7679,#6328,#6329);
#5091=AXIS2_PLACEMENT_3D('',#7682,#6331,#6332);
#5092=AXIS2_PLACEMENT_3D('',#7683,#6333,#6334);
#5093=AXIS2_PLACEMENT_3D('',#7687,#6337,#6338);
#5094=AXIS2_PLACEMENT_3D('',#7690,#6340,#6341);
#5095=AXIS2_PLACEMENT_3D('',#7691,#6342,#6343);
#5096=AXIS2_PLACEMENT_3D('',#7695,#6346,#6347);
#5097=AXIS2_PLACEMENT_3D('',#7698,#6349,#6350);
#5098=AXIS2_PLACEMENT_3D('',#7699,#6351,#6352);
#5099=AXIS2_PLACEMENT_3D('',#7702,#6354,#6355);
#5100=AXIS2_PLACEMENT_3D('',#7705,#6357,#6358);
#5101=AXIS2_PLACEMENT_3D('',#7709,#6361,#6362);
#5102=AXIS2_PLACEMENT_3D('',#7712,#6364,#6365);
#5103=AXIS2_PLACEMENT_3D('',#7713,#6366,#6367);
#5104=AXIS2_PLACEMENT_3D('',#7719,#6371,#6372);
#5105=AXIS2_PLACEMENT_3D('',#7722,#6374,#6375);
#5106=AXIS2_PLACEMENT_3D('',#7723,#6376,#6377);
#5107=AXIS2_PLACEMENT_3D('',#7727,#6380,#6381);
#5108=AXIS2_PLACEMENT_3D('',#7730,#6383,#6384);
#5109=AXIS2_PLACEMENT_3D('',#7731,#6385,#6386);
#5110=AXIS2_PLACEMENT_3D('',#7735,#6389,#6390);
#5111=AXIS2_PLACEMENT_3D('',#7739,#6393,#6394);
#5112=AXIS2_PLACEMENT_3D('',#7745,#6398,#6399);
#5113=AXIS2_PLACEMENT_3D('',#7748,#6401,#6402);
#5114=AXIS2_PLACEMENT_3D('',#7749,#6403,#6404);
#5115=AXIS2_PLACEMENT_3D('',#7753,#6407,#6408);
#5116=AXIS2_PLACEMENT_3D('',#7756,#6410,#6411);
#5117=AXIS2_PLACEMENT_3D('',#7757,#6412,#6413);
#5118=AXIS2_PLACEMENT_3D('',#7761,#6416,#6417);
#5119=AXIS2_PLACEMENT_3D('',#7765,#6420,#6421);
#5120=AXIS2_PLACEMENT_3D('',#7768,#6423,#6424);
#5121=AXIS2_PLACEMENT_3D('',#7769,#6425,#6426);
#5122=AXIS2_PLACEMENT_3D('',#7773,#6429,#6430);
#5123=AXIS2_PLACEMENT_3D('',#7776,#6432,#6433);
#5124=AXIS2_PLACEMENT_3D('',#7777,#6434,#6435);
#5125=AXIS2_PLACEMENT_3D('',#7780,#6437,#6438);
#5126=AXIS2_PLACEMENT_3D('',#7783,#6440,#6441);
#5127=AXIS2_PLACEMENT_3D('',#7787,#6444,#6445);
#5128=AXIS2_PLACEMENT_3D('',#7790,#6447,#6448);
#5129=AXIS2_PLACEMENT_3D('',#7791,#6449,#6450);
#5130=AXIS2_PLACEMENT_3D('',#7794,#6452,#6453);
#5131=AXIS2_PLACEMENT_3D('',#7797,#6455,#6456);
#5132=AXIS2_PLACEMENT_3D('',#7801,#6459,#6460);
#5133=AXIS2_PLACEMENT_3D('',#7804,#6462,#6463);
#5134=AXIS2_PLACEMENT_3D('',#7805,#6464,#6465);
#5135=AXIS2_PLACEMENT_3D('',#7806,#6466,#6467);
#5136=AXIS2_PLACEMENT_3D('',#7807,#6468,#6469);
#5137=AXIS2_PLACEMENT_3D('',#7809,#6471,#6472);
#5138=AXIS2_PLACEMENT_3D('',#7811,#6474,#6475);
#5139=AXIS2_PLACEMENT_3D('',#7812,#6476,#6477);
#5140=AXIS2_PLACEMENT_3D('',#7813,#6478,#6479);
#5141=AXIS2_PLACEMENT_3D('',#7815,#6481,#6482);
#5142=AXIS2_PLACEMENT_3D('',#7817,#6484,#6485);
#5143=AXIS2_PLACEMENT_3D('',#7819,#6487,#6488);
#5144=AXIS2_PLACEMENT_3D('',#7821,#6490,#6491);
#5145=AXIS2_PLACEMENT_3D('',#7823,#6493,#6494);
#5146=AXIS2_PLACEMENT_3D('',#7824,#6495,#6496);
#5147=AXIS2_PLACEMENT_3D('',#7826,#6497,#6498);
#5148=AXIS2_PLACEMENT_3D('',#7827,#6499,#6500);
#5149=AXIS2_PLACEMENT_3D('',#7829,#6501,#6502);
#5150=AXIS2_PLACEMENT_3D('',#7830,#6503,#6504);
#5151=AXIS2_PLACEMENT_3D('',#7832,#6505,#6506);
#5152=AXIS2_PLACEMENT_3D('',#7833,#6507,#6508);
#5153=AXIS2_PLACEMENT_3D('',#7835,#6509,#6510);
#5154=AXIS2_PLACEMENT_3D('',#7836,#6511,#6512);
#5155=AXIS2_PLACEMENT_3D('',#7838,#6513,#6514);
#5156=AXIS2_PLACEMENT_3D('',#7839,#6515,#6516);
#5157=AXIS2_PLACEMENT_3D('',#7841,#6517,#6518);
#5158=AXIS2_PLACEMENT_3D('',#7842,#6519,#6520);
#5159=AXIS2_PLACEMENT_3D('',#7844,#6521,#6522);
#5160=AXIS2_PLACEMENT_3D('',#7846,#6524,#6525);
#5161=AXIS2_PLACEMENT_3D('',#7847,#6526,#6527);
#5162=AXIS2_PLACEMENT_3D('',#7848,#6528,#6529);
#5163=AXIS2_PLACEMENT_3D('',#7850,#6531,#6532);
#5164=AXIS2_PLACEMENT_3D('',#7852,#6534,#6535);
#5165=AXIS2_PLACEMENT_3D('',#7854,#6537,#6538);
#5166=AXIS2_PLACEMENT_3D('',#7855,#6539,#6540);
#5167=AXIS2_PLACEMENT_3D('',#7856,#6541,#6542);
#5168=DIRECTION('',(0.,0.,1.));
#5169=DIRECTION('',(1.,0.,0.));
#5170=DIRECTION('',(-0.866025403784439,0.,0.5));
#5171=DIRECTION('',(0.5,0.,0.866025403784439));
#5172=DIRECTION('',(0.5,0.,0.866025403784439));
#5173=DIRECTION('',(0.,1.,0.));
#5174=DIRECTION('',(0.5,0.,0.866025403784439));
#5175=DIRECTION('',(0.,1.,0.));
#5176=DIRECTION('',(-1.,0.,0.));
#5177=DIRECTION('',(0.,0.,1.));
#5178=DIRECTION('',(0.,0.,1.));
#5179=DIRECTION('',(0.,1.,0.));
#5180=DIRECTION('',(0.,0.,1.));
#5181=DIRECTION('',(0.,1.,0.));
#5182=DIRECTION('',(-1.,0.,0.));
#5183=DIRECTION('',(0.,0.,1.));
#5184=DIRECTION('',(0.,1.,0.));
#5185=DIRECTION('',(0.,0.,1.));
#5186=DIRECTION('',(0.,1.,0.));
#5187=DIRECTION('',(0.,0.,1.));
#5188=DIRECTION('',(-0.866025403784438,0.,-0.5));
#5189=DIRECTION('',(-0.5,0.,0.866025403784438));
#5190=DIRECTION('',(0.,1.,0.));
#5191=DIRECTION('',(-0.5,0.,0.866025403784438));
#5192=DIRECTION('',(0.,1.,0.));
#5193=DIRECTION('',(-0.5,0.,0.866025403784438));
#5194=DIRECTION('',(0.866025403784439,0.,-0.5));
#5195=DIRECTION('',(-0.5,0.,-0.866025403784439));
#5196=DIRECTION('',(0.,1.,0.));
#5197=DIRECTION('',(-0.5,0.,-0.866025403784439));
#5198=DIRECTION('',(0.,1.,0.));
#5199=DIRECTION('',(-0.5,0.,-0.866025403784439));
#5200=DIRECTION('',(0.,1.,0.));
#5201=DIRECTION('',(0.,0.,1.));
#5202=DIRECTION('',(0.,-1.,0.));
#5203=DIRECTION('',(0.,1.,0.));
#5204=DIRECTION('',(0.,0.,-1.));
#5205=DIRECTION('',(0.,1.,0.));
#5206=DIRECTION('',(0.,0.,-1.));
#5207=DIRECTION('',(0.,1.,0.));
#5208=DIRECTION('',(0.,1.,0.));
#5209=DIRECTION('',(0.,0.,-1.));
#5210=DIRECTION('',(0.,1.,0.));
#5211=DIRECTION('',(0.,0.,1.));
#5212=DIRECTION('',(0.,-1.,0.));
#5213=DIRECTION('',(0.,0.,-1.));
#5214=DIRECTION('',(0.,-1.,0.));
#5215=DIRECTION('',(0.,0.,-1.));
#5216=DIRECTION('',(0.,1.,0.));
#5217=DIRECTION('',(0.,0.,1.));
#5218=DIRECTION('',(0.,-1.,0.));
#5219=DIRECTION('',(0.,0.,-1.));
#5220=DIRECTION('',(0.,-1.,0.));
#5221=DIRECTION('',(0.,0.,-1.));
#5222=DIRECTION('',(0.,1.,0.));
#5223=DIRECTION('',(0.611814074874799,0.,-0.791001604160886));
#5224=DIRECTION('',(-0.791001604160886,0.,-0.611814074874799));
#5225=DIRECTION('',(-0.791001604160886,0.,-0.611814074874799));
#5226=DIRECTION('',(-0.791001604160886,0.,-0.611814074874799));
#5227=DIRECTION('',(0.,1.,0.));
#5228=DIRECTION('',(0.,0.,1.));
#5229=DIRECTION('',(1.,0.,0.));
#5230=DIRECTION('',(0.,1.,0.));
#5231=DIRECTION('',(1.,0.,0.));
#5232=DIRECTION('',(1.,0.,0.));
#5233=DIRECTION('',(0.611814074874798,0.,0.791001604160886));
#5234=DIRECTION('',(0.791001604160886,0.,-0.611814074874798));
#5235=DIRECTION('',(0.,1.,0.));
#5236=DIRECTION('',(0.791001604160886,0.,-0.611814074874798));
#5237=DIRECTION('',(0.791001604160886,0.,-0.611814074874798));
#5238=DIRECTION('',(0.,1.,0.));
#5239=DIRECTION('',(0.,0.,1.));
#5240=DIRECTION('',(0.,1.,0.));
#5241=DIRECTION('',(0.,0.,-1.));
#5242=DIRECTION('',(0.,1.,0.));
#5243=DIRECTION('',(0.,0.,-1.));
#5244=DIRECTION('',(0.,1.,0.));
#5245=DIRECTION('',(0.,0.,1.));
#5246=DIRECTION('',(0.,1.,0.));
#5247=DIRECTION('',(0.,1.,0.));
#5248=DIRECTION('',(0.,0.,-1.));
#5249=DIRECTION('',(0.,1.,0.));
#5250=DIRECTION('',(0.,0.,-1.));
#5251=DIRECTION('',(-0.866025403784438,0.,-0.5));
#5252=DIRECTION('',(-0.5,0.,0.866025403784438));
#5253=DIRECTION('',(0.,1.,0.));
#5254=DIRECTION('',(-0.5,0.,0.866025403784438));
#5255=DIRECTION('',(-0.5,0.,0.866025403784438));
#5256=DIRECTION('',(0.,1.,0.));
#5257=DIRECTION('',(0.,0.,1.));
#5258=DIRECTION('',(0.,1.,0.));
#5259=DIRECTION('',(0.,0.,-1.));
#5260=DIRECTION('',(0.,1.,0.));
#5261=DIRECTION('',(0.,0.,-1.));
#5262=DIRECTION('',(0.,1.,0.));
#5263=DIRECTION('',(0.,1.,0.));
#5264=DIRECTION('',(0.,0.,1.));
#5265=DIRECTION('',(0.,1.,0.));
#5266=DIRECTION('',(0.,0.,-1.));
#5267=DIRECTION('',(0.,1.,0.));
#5268=DIRECTION('',(0.,0.,-1.));
#5269=DIRECTION('',(0.,1.,0.));
#5270=DIRECTION('',(0.,0.,1.));
#5271=DIRECTION('',(0.,1.,0.));
#5272=DIRECTION('',(0.,0.,-1.));
#5273=DIRECTION('',(0.,1.,0.));
#5274=DIRECTION('',(0.,0.,-1.));
#5275=DIRECTION('',(0.,1.,0.));
#5276=DIRECTION('',(0.,0.,1.));
#5277=DIRECTION('',(0.,1.,0.));
#5278=DIRECTION('',(0.,0.,-1.));
#5279=DIRECTION('',(0.,1.,0.));
#5280=DIRECTION('',(0.,0.,-1.));
#5281=DIRECTION('',(0.,1.,0.));
#5282=DIRECTION('',(0.,0.,1.));
#5283=DIRECTION('',(0.,-1.,0.));
#5284=DIRECTION('',(0.,0.,-1.));
#5285=DIRECTION('',(0.,-1.,0.));
#5286=DIRECTION('',(0.,0.,-1.));
#5287=DIRECTION('',(0.,1.,0.));
#5288=DIRECTION('',(0.,0.,1.));
#5289=DIRECTION('',(0.,-1.,0.));
#5290=DIRECTION('',(0.,0.,-1.));
#5291=DIRECTION('',(0.,-1.,0.));
#5292=DIRECTION('',(0.,0.,-1.));
#5293=DIRECTION('',(0.,1.,0.));
#5294=DIRECTION('',(0.,0.,1.));
#5295=DIRECTION('',(0.,-1.,0.));
#5296=DIRECTION('',(0.,0.,-1.));
#5297=DIRECTION('',(0.,-1.,0.));
#5298=DIRECTION('',(0.,0.,-1.));
#5299=DIRECTION('',(0.,1.,0.));
#5300=DIRECTION('',(0.,0.,1.));
#5301=DIRECTION('',(0.,-1.,0.));
#5302=DIRECTION('',(0.,0.,-1.));
#5303=DIRECTION('',(0.,-1.,0.));
#5304=DIRECTION('',(0.,0.,-1.));
#5305=DIRECTION('',(0.,-1.,0.));
#5306=DIRECTION('',(1.,0.,0.));
#5307=DIRECTION('',(0.,-1.,0.));
#5308=DIRECTION('',(0.,0.,-1.));
#5309=DIRECTION('',(0.,-1.,0.));
#5310=DIRECTION('',(0.,0.,-1.));
#5311=DIRECTION('',(0.,1.,0.));
#5312=DIRECTION('',(0.,0.,-1.));
#5313=DIRECTION('',(-1.,0.,0.));
#5314=DIRECTION('',(0.,1.,0.));
#5315=DIRECTION('',(0.,0.,-1.));
#5316=DIRECTION('',(-1.,0.,0.));
#5317=DIRECTION('',(0.,-1.,0.));
#5318=DIRECTION('',(1.,0.,0.));
#5319=DIRECTION('',(0.,-1.,0.));
#5320=DIRECTION('',(0.,0.,-1.));
#5321=DIRECTION('',(0.,-1.,0.));
#5322=DIRECTION('',(0.,0.,-1.));
#5323=DIRECTION('',(0.,1.,0.));
#5324=DIRECTION('',(0.,0.,-1.));
#5325=DIRECTION('',(2.11551643411806E-16,0.,-1.));
#5326=DIRECTION('',(0.,1.,0.));
#5327=DIRECTION('',(0.,0.,-1.));
#5328=DIRECTION('',(1.05775821705903E-16,0.,-1.));
#5329=DIRECTION('',(0.,-1.,0.));
#5330=DIRECTION('',(1.,0.,0.));
#5331=DIRECTION('',(0.,-1.,0.));
#5332=DIRECTION('',(0.,0.,-1.));
#5333=DIRECTION('',(0.,-1.,0.));
#5334=DIRECTION('',(0.,0.,-1.));
#5335=DIRECTION('',(0.318800138955247,0.,-0.947821961869483));
#5336=DIRECTION('',(0.,-1.,0.));
#5337=DIRECTION('',(0.,0.,-1.));
#5338=DIRECTION('',(0.318800138955249,0.,-0.947821961869482));
#5339=DIRECTION('',(0.,0.,-1.));
#5340=DIRECTION('',(0.,1.,0.));
#5341=DIRECTION('',(0.,0.,-1.));
#5342=DIRECTION('',(-0.327871694716779,0.,0.944722261727513));
#5343=DIRECTION('',(2.62848657730737E-16,0.,-1.));
#5344=DIRECTION('',(0.,1.,0.));
#5345=DIRECTION('',(0.,0.,-1.));
#5346=DIRECTION('',(1.31424328865368E-16,0.,-1.));
#5347=DIRECTION('',(0.,1.,0.));
#5348=DIRECTION('',(0.,0.,-1.));
#5349=DIRECTION('',(-0.646730649666277,0.,0.762718471509793));
#5350=DIRECTION('',(0.,0.,-1.));
#5351=DIRECTION('',(0.,1.,0.));
#5352=DIRECTION('',(0.,0.,-1.));
#5353=DIRECTION('',(0.,-1.,0.));
#5354=DIRECTION('',(1.,0.,0.));
#5355=DIRECTION('',(0.,-1.,0.));
#5356=DIRECTION('',(0.,0.,-1.));
#5357=DIRECTION('',(0.,-1.,0.));
#5358=DIRECTION('',(0.,0.,-1.));
#5359=DIRECTION('',(0.,1.,0.));
#5360=DIRECTION('',(0.,0.,-1.));
#5361=DIRECTION('',(-1.,0.,0.));
#5362=DIRECTION('',(0.,1.,0.));
#5363=DIRECTION('',(0.,0.,-1.));
#5364=DIRECTION('',(-1.,0.,0.));
#5365=DIRECTION('',(0.,-1.,0.));
#5366=DIRECTION('',(1.,0.,0.));
#5367=DIRECTION('',(0.,-1.,0.));
#5368=DIRECTION('',(0.,0.,-1.));
#5369=DIRECTION('',(0.,-1.,0.));
#5370=DIRECTION('',(0.,0.,-1.));
#5371=DIRECTION('',(0.,1.,0.));
#5372=DIRECTION('',(0.,0.,-1.));
#5373=DIRECTION('',(-1.,0.,0.));
#5374=DIRECTION('',(0.,1.,0.));
#5375=DIRECTION('',(0.,0.,-1.));
#5376=DIRECTION('',(-1.,0.,0.));
#5377=DIRECTION('',(0.,-1.,0.));
#5378=DIRECTION('',(1.,0.,0.));
#5379=DIRECTION('',(0.,1.,0.));
#5380=DIRECTION('',(0.,0.,-1.));
#5381=DIRECTION('',(0.,1.,0.));
#5382=DIRECTION('',(0.,0.,-1.));
#5383=DIRECTION('',(0.,1.,0.));
#5384=DIRECTION('',(0.,0.,-1.));
#5385=DIRECTION('',(-0.344700371395905,0.,0.938712764353146));
#5386=DIRECTION('',(0.,1.,0.));
#5387=DIRECTION('',(0.,0.,-1.));
#5388=DIRECTION('',(-0.344700371395903,0.,0.938712764353147));
#5389=DIRECTION('',(0.,-1.,0.));
#5390=DIRECTION('',(1.,0.,0.));
#5391=DIRECTION('',(0.,-1.,0.));
#5392=DIRECTION('',(0.,0.,-1.));
#5393=DIRECTION('',(0.,-1.,0.));
#5394=DIRECTION('',(0.,0.,-1.));
#5395=DIRECTION('',(0.,1.,0.));
#5396=DIRECTION('',(0.,0.,-1.));
#5397=DIRECTION('',(-1.,0.,0.));
#5398=DIRECTION('',(0.,1.,0.));
#5399=DIRECTION('',(0.,0.,-1.));
#5400=DIRECTION('',(-1.,0.,0.));
#5401=DIRECTION('',(0.,-1.,0.));
#5402=DIRECTION('',(1.,0.,0.));
#5403=DIRECTION('',(0.,1.,0.));
#5404=DIRECTION('',(0.,0.,-1.));
#5405=DIRECTION('',(0.177165354330708,0.,0.98418109981084));
#5406=DIRECTION('',(0.26683908135834,0.,0.963741098355693));
#5407=DIRECTION('',(0.,1.,0.));
#5408=DIRECTION('',(0.,0.,-1.));
#5409=DIRECTION('',(0.26683908135834,0.,0.963741098355693));
#5410=DIRECTION('',(0.,1.,0.));
#5411=DIRECTION('',(0.,0.,-1.));
#5412=DIRECTION('',(0.177165354330708,0.,0.98418109981084));
#5413=DIRECTION('',(0.807086614173567,0.,0.590433059052293));
#5414=DIRECTION('',(-1.,0.,0.));
#5415=DIRECTION('',(0.,0.,1.));
#5416=DIRECTION('',(0.,-1.,0.));
#5417=DIRECTION('',(0.,0.,-1.));
#5418=DIRECTION('',(-1.,0.,0.));
#5419=DIRECTION('',(0.,1.,0.));
#5420=DIRECTION('',(0.,0.,-1.));
#5421=DIRECTION('',(0.,0.,-1.));
#5422=DIRECTION('',(0.,1.,0.));
#5423=DIRECTION('',(0.,0.,-1.));
#5424=DIRECTION('',(0.,0.,-1.));
#5425=DIRECTION('',(-1.,0.,0.));
#5426=DIRECTION('',(0.,-1.,0.));
#5427=DIRECTION('',(0.,0.,-1.));
#5428=DIRECTION('',(0.,0.,1.));
#5429=DIRECTION('',(0.,1.,0.));
#5430=DIRECTION('',(0.,0.,-1.));
#5431=DIRECTION('',(0.,0.,1.));
#5432=DIRECTION('',(0.,-1.,0.));
#5433=DIRECTION('',(0.,0.,-1.));
#5434=DIRECTION('',(-1.,0.,0.));
#5435=DIRECTION('',(-2.28253088944317E-16,0.,1.));
#5436=DIRECTION('',(0.,1.,0.));
#5437=DIRECTION('',(0.,0.,-1.));
#5438=DIRECTION('',(-3.61400724161835E-16,0.,1.));
#5439=DIRECTION('',(0.,1.,0.));
#5440=DIRECTION('',(0.,0.,-1.));
#5441=DIRECTION('',(-1.,0.,0.));
#5442=DIRECTION('',(0.,-1.,0.));
#5443=DIRECTION('',(0.,0.,-1.));
#5444=DIRECTION('',(0.,0.,1.));
#5445=DIRECTION('',(0.,1.,0.));
#5446=DIRECTION('',(0.,0.,-1.));
#5447=DIRECTION('',(-1.,0.,0.));
#5448=DIRECTION('',(0.,1.,0.));
#5449=DIRECTION('',(0.,0.,-1.));
#5450=DIRECTION('',(0.807086614173567,0.,0.590433059052293));
#5451=DIRECTION('',(0.,1.,0.));
#5452=DIRECTION('',(0.,0.,-1.));
#5453=DIRECTION('',(0.,-1.,0.));
#5454=DIRECTION('',(0.,0.,-1.));
#5455=DIRECTION('',(0.,-1.,0.));
#5456=DIRECTION('',(0.,0.,-1.));
#5457=DIRECTION('',(0.,-1.,0.));
#5458=DIRECTION('',(0.,0.,-1.));
#5459=DIRECTION('',(0.,-1.,0.));
#5460=DIRECTION('',(0.,0.,-1.));
#5461=DIRECTION('',(0.,-1.,0.));
#5462=DIRECTION('',(0.,0.,-1.));
#5463=DIRECTION('',(0.,-1.,0.));
#5464=DIRECTION('',(0.,0.,-1.));
#5465=DIRECTION('',(0.,-1.,0.));
#5466=DIRECTION('',(0.,0.,-1.));
#5467=DIRECTION('',(0.,-1.,0.));
#5468=DIRECTION('',(1.,0.,0.));
#5469=DIRECTION('',(0.,1.,0.));
#5470=DIRECTION('',(0.,0.,-1.));
#5471=DIRECTION('',(0.844183791214003,0.,-0.536053846783653));
#5472=DIRECTION('',(0.,0.,-1.));
#5473=DIRECTION('',(0.,1.,0.));
#5474=DIRECTION('',(0.,0.,-1.));
#5475=DIRECTION('',(0.,0.,-1.));
#5476=DIRECTION('',(0.,1.,0.));
#5477=DIRECTION('',(0.,0.,-1.));
#5478=DIRECTION('',(0.844183791214003,0.,-0.536053846783653));
#5479=DIRECTION('',(0.,1.,0.));
#5480=DIRECTION('',(0.,0.,-1.));
#5481=DIRECTION('',(0.,-1.,0.));
#5482=DIRECTION('',(0.,0.,-1.));
#5483=DIRECTION('',(0.,-1.,0.));
#5484=DIRECTION('',(1.,0.,0.));
#5485=DIRECTION('',(0.,-1.,0.));
#5486=DIRECTION('',(0.,0.,-1.));
#5487=DIRECTION('',(0.,1.,0.));
#5488=DIRECTION('',(0.,0.,-1.));
#5489=DIRECTION('',(0.,-1.,0.));
#5490=DIRECTION('',(1.,0.,0.));
#5491=DIRECTION('',(0.,-1.,0.));
#5492=DIRECTION('',(0.,0.,-1.));
#5493=DIRECTION('',(0.,1.,0.));
#5494=DIRECTION('',(0.,0.,-1.));
#5495=DIRECTION('',(0.,-1.,0.));
#5496=DIRECTION('',(1.,0.,0.));
#5497=DIRECTION('',(0.,-1.,0.));
#5498=DIRECTION('',(0.,0.,-1.));
#5499=DIRECTION('',(0.,1.,0.));
#5500=DIRECTION('',(0.,0.,-1.));
#5501=DIRECTION('',(0.,-1.,0.));
#5502=DIRECTION('',(1.,0.,0.));
#5503=DIRECTION('',(0.,-1.,0.));
#5504=DIRECTION('',(0.,0.,-1.));
#5505=DIRECTION('',(0.,1.,0.));
#5506=DIRECTION('',(0.,0.,-1.));
#5507=DIRECTION('',(0.,-1.,0.));
#5508=DIRECTION('',(1.,0.,0.));
#5509=DIRECTION('',(0.,-1.,0.));
#5510=DIRECTION('',(0.,0.,-1.));
#5511=DIRECTION('',(0.,1.,0.));
#5512=DIRECTION('',(0.,0.,-1.));
#5513=DIRECTION('',(0.,-1.,0.));
#5514=DIRECTION('',(1.,0.,0.));
#5515=DIRECTION('',(0.,-1.,0.));
#5516=DIRECTION('',(0.,0.,-1.));
#5517=DIRECTION('',(0.,1.,0.));
#5518=DIRECTION('',(0.,0.,-1.));
#5519=DIRECTION('',(0.,-1.,0.));
#5520=DIRECTION('',(1.,0.,0.));
#5521=DIRECTION('',(0.,1.,0.));
#5522=DIRECTION('',(0.,0.,-1.));
#5523=DIRECTION('',(0.,-1.,0.));
#5524=DIRECTION('',(0.,0.,-1.));
#5525=DIRECTION('',(0.,1.,0.));
#5526=DIRECTION('',(0.,0.,-1.));
#5527=DIRECTION('',(-1.,0.,0.));
#5528=DIRECTION('',(0.,1.,0.));
#5529=DIRECTION('',(0.,0.,-1.));
#5530=DIRECTION('',(-1.,0.,0.));
#5531=DIRECTION('',(0.,-1.,0.));
#5532=DIRECTION('',(1.,0.,0.));
#5533=DIRECTION('',(0.,-1.,0.));
#5534=DIRECTION('',(0.,0.,-1.));
#5535=DIRECTION('',(0.,1.,0.));
#5536=DIRECTION('',(0.,0.,-1.));
#5537=DIRECTION('',(0.,-1.,0.));
#5538=DIRECTION('',(1.,0.,0.));
#5539=DIRECTION('',(0.,1.,0.));
#5540=DIRECTION('',(0.,0.,-1.));
#5541=DIRECTION('',(0.344700371395904,0.,0.938712764353146));
#5542=DIRECTION('',(0.,1.,0.));
#5543=DIRECTION('',(0.,0.,-1.));
#5544=DIRECTION('',(0.344700371395904,0.,0.938712764353146));
#5545=DIRECTION('',(1.,0.,0.));
#5546=DIRECTION('',(0.,1.,0.));
#5547=DIRECTION('',(0.,0.,-1.));
#5548=DIRECTION('',(1.,0.,0.));
#5549=DIRECTION('',(0.,-1.,0.));
#5550=DIRECTION('',(0.,0.,-1.));
#5551=DIRECTION('',(0.,-1.,0.));
#5552=DIRECTION('',(0.,0.,-1.));
#5553=DIRECTION('',(0.,-1.,0.));
#5554=DIRECTION('',(0.,0.,-1.));
#5555=DIRECTION('',(0.,-1.,0.));
#5556=DIRECTION('',(1.,0.,0.));
#5557=DIRECTION('',(0.,-1.,0.));
#5558=DIRECTION('',(0.,0.,-1.));
#5559=DIRECTION('',(0.,-1.,0.));
#5560=DIRECTION('',(0.,0.,-1.));
#5561=DIRECTION('',(0.,1.,0.));
#5562=DIRECTION('',(0.,0.,-1.));
#5563=DIRECTION('',(0.,0.,1.));
#5564=DIRECTION('',(0.,1.,0.));
#5565=DIRECTION('',(0.,0.,-1.));
#5566=DIRECTION('',(0.,0.,1.));
#5567=DIRECTION('',(0.,-1.,0.));
#5568=DIRECTION('',(1.,0.,0.));
#5569=DIRECTION('',(0.,-1.,0.));
#5570=DIRECTION('',(0.,0.,-1.));
#5571=DIRECTION('',(0.,-1.,0.));
#5572=DIRECTION('',(0.,0.,-1.));
#5573=DIRECTION('',(0.,1.,0.));
#5574=DIRECTION('',(0.,0.,-1.));
#5575=DIRECTION('',(4.23103286823612E-16,0.,-1.));
#5576=DIRECTION('',(0.,1.,0.));
#5577=DIRECTION('',(0.,0.,-1.));
#5578=DIRECTION('',(0.,0.,-1.));
#5579=DIRECTION('',(0.,-1.,0.));
#5580=DIRECTION('',(1.,0.,0.));
#5581=DIRECTION('',(0.,0.,1.));
#5582=DIRECTION('',(0.,1.,0.));
#5583=DIRECTION('',(0.,0.,-1.));
#5584=DIRECTION('',(0.,1.,0.));
#5585=DIRECTION('',(0.,0.,-1.));
#5586=DIRECTION('',(0.,1.,0.));
#5587=DIRECTION('',(0.,0.,-1.));
#5588=DIRECTION('',(0.,-1.,0.));
#5589=DIRECTION('',(0.,0.,-1.));
#5590=DIRECTION('',(0.,-1.,0.));
#5591=DIRECTION('',(0.,0.,-1.));
#5592=DIRECTION('',(0.,-1.,0.));
#5593=DIRECTION('',(0.,0.,-1.));
#5594=DIRECTION('',(0.,1.,0.));
#5595=DIRECTION('',(0.,0.,-1.));
#5596=DIRECTION('',(0.,-1.,0.));
#5597=DIRECTION('',(0.,0.,-1.));
#5598=DIRECTION('',(0.,-1.,0.));
#5599=DIRECTION('',(0.,0.,-1.));
#5600=DIRECTION('',(-1.,0.,0.));
#5601=DIRECTION('',(0.,1.,0.));
#5602=DIRECTION('',(0.,0.,-1.));
#5603=DIRECTION('',(-1.,0.,0.));
#5604=DIRECTION('',(0.,0.,1.));
#5605=DIRECTION('',(1.,0.,0.));
#5606=DIRECTION('',(0.,0.,1.));
#5607=DIRECTION('',(0.,1.,0.));
#5608=DIRECTION('',(0.,0.,-1.));
#5609=DIRECTION('',(0.,0.,1.));
#5610=DIRECTION('',(1.,0.,0.));
#5611=DIRECTION('',(0.,-1.,0.));
#5612=DIRECTION('',(0.,0.,-1.));
#5613=DIRECTION('',(0.,-1.,0.));
#5614=DIRECTION('',(0.,0.,-1.));
#5615=DIRECTION('',(0.,0.,1.));
#5616=DIRECTION('',(0.,1.,0.));
#5617=DIRECTION('',(0.,0.,-1.));
#5618=DIRECTION('',(0.,0.,1.));
#5619=DIRECTION('',(1.,0.,0.));
#5620=DIRECTION('',(0.,0.,-1.));
#5621=DIRECTION('',(0.,1.,0.));
#5622=DIRECTION('',(0.,0.,-1.));
#5623=DIRECTION('',(0.,0.,-1.));
#5624=DIRECTION('',(0.958797435715149,0.,0.284090614533559));
#5625=DIRECTION('',(0.,1.,0.));
#5626=DIRECTION('',(0.,0.,-1.));
#5627=DIRECTION('',(0.958797435715149,0.,0.284090614533559));
#5628=DIRECTION('',(1.,0.,0.));
#5629=DIRECTION('',(0.,-1.,0.));
#5630=DIRECTION('',(0.,0.,-1.));
#5631=DIRECTION('',(1.,0.,0.));
#5632=DIRECTION('',(0.843312137640138,0.,-0.537424076971642));
#5633=DIRECTION('',(0.,1.,0.));
#5634=DIRECTION('',(0.,0.,-1.));
#5635=DIRECTION('',(1.,0.,0.));
#5636=DIRECTION('',(0.,1.,0.));
#5637=DIRECTION('',(0.,0.,-1.));
#5638=DIRECTION('',(1.,0.,0.));
#5639=DIRECTION('',(0.843312137640138,0.,-0.537424076971642));
#5640=DIRECTION('',(0.,0.,1.));
#5641=DIRECTION('',(1.,0.,0.));
#5642=DIRECTION('',(0.,1.,0.));
#5643=DIRECTION('',(0.,0.,-1.));
#5644=DIRECTION('',(1.,0.,0.));
#5645=DIRECTION('',(0.,0.,1.));
#5646=DIRECTION('',(0.,1.,0.));
#5647=DIRECTION('',(0.,0.,-1.));
#5648=DIRECTION('',(-1.,0.,0.));
#5649=DIRECTION('',(0.,0.,1.));
#5650=DIRECTION('',(0.,0.,1.));
#5651=DIRECTION('',(0.,1.,0.));
#5652=DIRECTION('',(0.,1.,0.));
#5653=DIRECTION('',(0.,1.,0.));
#5654=DIRECTION('',(0.,0.,1.));
#5655=DIRECTION('',(0.,1.,0.));
#5656=DIRECTION('',(0.,0.,-1.));
#5657=DIRECTION('',(0.,1.,0.));
#5658=DIRECTION('',(0.,1.,0.));
#5659=DIRECTION('',(0.,0.,1.));
#5660=DIRECTION('',(0.,1.,0.));
#5661=DIRECTION('',(0.,0.,-1.));
#5662=DIRECTION('',(0.,-1.,0.));
#5663=DIRECTION('',(0.,1.,0.));
#5664=DIRECTION('',(0.,0.,-1.));
#5665=DIRECTION('',(0.,1.,0.));
#5666=DIRECTION('',(0.,0.,1.));
#5667=DIRECTION('',(0.,-1.,0.));
#5668=DIRECTION('',(0.,0.,-1.));
#5669=DIRECTION('',(0.,1.,0.));
#5670=DIRECTION('',(0.,0.,1.));
#5671=DIRECTION('',(0.,1.,0.));
#5672=DIRECTION('',(0.,0.,-1.));
#5673=DIRECTION('',(0.,1.,0.));
#5674=DIRECTION('',(0.,0.,1.));
#5675=DIRECTION('',(0.,-1.,0.));
#5676=DIRECTION('',(0.,0.,-1.));
#5677=DIRECTION('',(0.,1.,0.));
#5678=DIRECTION('',(0.,0.,1.));
#5679=DIRECTION('',(0.,1.,0.));
#5680=DIRECTION('',(0.,0.,-1.));
#5681=DIRECTION('',(0.,1.,0.));
#5682=DIRECTION('',(0.,0.,1.));
#5683=DIRECTION('',(0.,1.,0.));
#5684=DIRECTION('',(0.,0.,-1.));
#5685=DIRECTION('',(0.,1.,0.));
#5686=DIRECTION('',(0.,0.,1.));
#5687=DIRECTION('',(0.,1.,0.));
#5688=DIRECTION('',(0.,0.,-1.));
#5689=DIRECTION('',(0.,1.,0.));
#5690=DIRECTION('',(0.,0.,1.));
#5691=DIRECTION('',(0.,1.,0.));
#5692=DIRECTION('',(0.,0.,-1.));
#5693=DIRECTION('',(0.,1.,0.));
#5694=DIRECTION('',(0.,0.,1.));
#5695=DIRECTION('',(0.,1.,0.));
#5696=DIRECTION('',(0.,0.,-1.));
#5697=DIRECTION('',(0.,1.,0.));
#5698=DIRECTION('',(0.,0.,1.));
#5699=DIRECTION('',(0.,1.,0.));
#5700=DIRECTION('',(0.,0.,-1.));
#5701=DIRECTION('',(0.,1.,0.));
#5702=DIRECTION('',(0.,0.,1.));
#5703=DIRECTION('',(0.,1.,0.));
#5704=DIRECTION('',(0.,0.,-1.));
#5705=DIRECTION('',(0.,1.,0.));
#5706=DIRECTION('',(0.,0.,1.));
#5707=DIRECTION('',(0.,1.,0.));
#5708=DIRECTION('',(0.,0.,-1.));
#5709=DIRECTION('',(0.,1.,0.));
#5710=DIRECTION('',(0.,0.,1.));
#5711=DIRECTION('',(0.,-1.,0.));
#5712=DIRECTION('',(0.,0.,-1.));
#5713=DIRECTION('',(0.,1.,0.));
#5714=DIRECTION('',(0.,0.,1.));
#5715=DIRECTION('',(0.,1.,0.));
#5716=DIRECTION('',(0.,0.,-1.));
#5717=DIRECTION('',(0.,1.,0.));
#5718=DIRECTION('',(0.,0.,1.));
#5719=DIRECTION('',(0.,1.,0.));
#5720=DIRECTION('',(0.,0.,-1.));
#5721=DIRECTION('',(0.,1.,0.));
#5722=DIRECTION('',(0.,0.,1.));
#5723=DIRECTION('',(0.,-1.,0.));
#5724=DIRECTION('',(0.,0.,-1.));
#5725=DIRECTION('',(0.,1.,0.));
#5726=DIRECTION('',(0.,0.,1.));
#5727=DIRECTION('',(0.,-1.,0.));
#5728=DIRECTION('',(0.,0.,-1.));
#5729=DIRECTION('',(0.,1.,0.));
#5730=DIRECTION('',(0.,0.,1.));
#5731=DIRECTION('',(0.,-1.,0.));
#5732=DIRECTION('',(0.,0.,-1.));
#5733=DIRECTION('',(0.,1.,0.));
#5734=DIRECTION('',(0.,0.,1.));
#5735=DIRECTION('',(0.,-1.,0.));
#5736=DIRECTION('',(0.,0.,-1.));
#5737=DIRECTION('',(0.,1.,0.));
#5738=DIRECTION('',(0.,0.,1.));
#5739=DIRECTION('',(0.,-1.,0.));
#5740=DIRECTION('',(0.,0.,-1.));
#5741=DIRECTION('',(0.,1.,0.));
#5742=DIRECTION('',(0.,0.,1.));
#5743=DIRECTION('',(0.,-1.,0.));
#5744=DIRECTION('',(0.,0.,-1.));
#5745=DIRECTION('',(0.,1.,0.));
#5746=DIRECTION('',(0.,0.,1.));
#5747=DIRECTION('',(0.,-1.,0.));
#5748=DIRECTION('',(0.,0.,-1.));
#5749=DIRECTION('',(0.,1.,0.));
#5750=DIRECTION('',(0.,0.,1.));
#5751=DIRECTION('',(0.,-1.,0.));
#5752=DIRECTION('',(0.,0.,-1.));
#5753=DIRECTION('',(0.,1.,0.));
#5754=DIRECTION('',(0.,0.,1.));
#5755=DIRECTION('',(0.,-1.,0.));
#5756=DIRECTION('',(0.,0.,-1.));
#5757=DIRECTION('',(0.,1.,0.));
#5758=DIRECTION('',(0.,0.,1.));
#5759=DIRECTION('',(0.,-1.,0.));
#5760=DIRECTION('',(0.,0.,-1.));
#5761=DIRECTION('',(0.,1.,0.));
#5762=DIRECTION('',(0.,0.,1.));
#5763=DIRECTION('',(0.,-1.,0.));
#5764=DIRECTION('',(0.,0.,-1.));
#5765=DIRECTION('',(0.,1.,0.));
#5766=DIRECTION('',(0.,0.,1.));
#5767=DIRECTION('',(0.,-1.,0.));
#5768=DIRECTION('',(0.,0.,-1.));
#5769=DIRECTION('',(0.,1.,0.));
#5770=DIRECTION('',(0.,0.,1.));
#5771=DIRECTION('',(0.,1.,0.));
#5772=DIRECTION('',(0.,0.,-1.));
#5773=DIRECTION('',(0.,1.,0.));
#5774=DIRECTION('',(0.,0.,1.));
#5775=DIRECTION('',(0.,1.,0.));
#5776=DIRECTION('',(0.,0.,-1.));
#5777=DIRECTION('',(0.,1.,0.));
#5778=DIRECTION('',(0.,0.,1.));
#5779=DIRECTION('',(0.,-1.,0.));
#5780=DIRECTION('',(0.,0.,-1.));
#5781=DIRECTION('',(0.,1.,0.));
#5782=DIRECTION('',(0.,0.,1.));
#5783=DIRECTION('',(0.,-1.,0.));
#5784=DIRECTION('',(0.,0.,-1.));
#5785=DIRECTION('',(0.,1.,0.));
#5786=DIRECTION('',(0.,0.,1.));
#5787=DIRECTION('',(0.,-1.,0.));
#5788=DIRECTION('',(0.,0.,-1.));
#5789=DIRECTION('',(0.,1.,0.));
#5790=DIRECTION('',(0.,0.,1.));
#5791=DIRECTION('',(0.,-1.,0.));
#5792=DIRECTION('',(0.,0.,-1.));
#5793=DIRECTION('',(0.,1.,0.));
#5794=DIRECTION('',(0.,0.,1.));
#5795=DIRECTION('',(0.,-1.,0.));
#5796=DIRECTION('',(0.,0.,-1.));
#5797=DIRECTION('',(0.,1.,0.));
#5798=DIRECTION('',(0.,0.,1.));
#5799=DIRECTION('',(0.,1.,0.));
#5800=DIRECTION('',(0.,0.,-1.));
#5801=DIRECTION('',(0.,1.,0.));
#5802=DIRECTION('',(0.,0.,1.));
#5803=DIRECTION('',(0.,-1.,0.));
#5804=DIRECTION('',(0.,0.,-1.));
#5805=DIRECTION('',(0.,1.,0.));
#5806=DIRECTION('',(0.,0.,1.));
#5807=DIRECTION('',(0.,-1.,0.));
#5808=DIRECTION('',(0.,0.,-1.));
#5809=DIRECTION('',(0.,1.,0.));
#5810=DIRECTION('',(0.,0.,1.));
#5811=DIRECTION('',(0.,-1.,0.));
#5812=DIRECTION('',(0.,0.,-1.));
#5813=DIRECTION('',(0.,-1.,0.));
#5814=DIRECTION('',(0.,0.,-1.));
#5815=DIRECTION('',(0.,1.,0.));
#5816=DIRECTION('',(0.,0.,1.));
#5817=DIRECTION('',(0.,-1.,0.));
#5818=DIRECTION('',(0.,0.,-1.));
#5819=DIRECTION('',(0.,-1.,0.));
#5820=DIRECTION('',(0.,0.,-1.));
#5821=DIRECTION('',(0.,1.,0.));
#5822=DIRECTION('',(0.,0.,1.));
#5823=DIRECTION('',(0.,-1.,0.));
#5824=DIRECTION('',(0.,0.,-1.));
#5825=DIRECTION('',(0.,1.,0.));
#5826=DIRECTION('',(0.,0.,1.));
#5827=DIRECTION('',(0.,-1.,0.));
#5828=DIRECTION('',(0.,0.,-1.));
#5829=DIRECTION('',(0.,1.,0.));
#5830=DIRECTION('',(0.,0.,1.));
#5831=DIRECTION('',(0.,-1.,0.));
#5832=DIRECTION('',(0.,0.,-1.));
#5833=DIRECTION('',(0.,1.,0.));
#5834=DIRECTION('',(0.,0.,1.));
#5835=DIRECTION('',(0.,-1.,0.));
#5836=DIRECTION('',(0.,0.,-1.));
#5837=DIRECTION('',(0.,1.,0.));
#5838=DIRECTION('',(0.,0.,1.));
#5839=DIRECTION('',(0.,-1.,0.));
#5840=DIRECTION('',(0.,0.,-1.));
#5841=DIRECTION('',(0.,1.,0.));
#5842=DIRECTION('',(0.,0.,1.));
#5843=DIRECTION('',(0.,-1.,0.));
#5844=DIRECTION('',(0.,0.,-1.));
#5845=DIRECTION('',(0.,1.,0.));
#5846=DIRECTION('',(0.,0.,1.));
#5847=DIRECTION('',(0.,-1.,0.));
#5848=DIRECTION('',(0.,0.,-1.));
#5849=DIRECTION('',(0.,1.,0.));
#5850=DIRECTION('',(0.,0.,1.));
#5851=DIRECTION('',(0.,-1.,0.));
#5852=DIRECTION('',(0.,0.,-1.));
#5853=DIRECTION('',(0.,1.,0.));
#5854=DIRECTION('',(0.,0.,1.));
#5855=DIRECTION('',(0.,-1.,0.));
#5856=DIRECTION('',(0.,0.,-1.));
#5857=DIRECTION('',(0.,1.,0.));
#5858=DIRECTION('',(0.,0.,1.));
#5859=DIRECTION('',(0.,-1.,0.));
#5860=DIRECTION('',(0.,0.,-1.));
#5861=DIRECTION('',(0.,1.,0.));
#5862=DIRECTION('',(0.,0.,1.));
#5863=DIRECTION('',(0.,-1.,0.));
#5864=DIRECTION('',(0.,0.,-1.));
#5865=DIRECTION('',(0.,-1.,0.));
#5866=DIRECTION('',(1.,0.,0.));
#5867=DIRECTION('',(0.,1.,0.));
#5868=DIRECTION('',(0.,0.,-1.));
#5869=DIRECTION('',(0.,0.,-1.));
#5870=DIRECTION('',(-1.,0.,0.));
#5871=DIRECTION('',(0.,1.,0.));
#5872=DIRECTION('',(0.,0.,-1.));
#5873=DIRECTION('',(-1.,0.,0.));
#5874=DIRECTION('',(0.,1.,0.));
#5875=DIRECTION('',(0.,0.,-1.));
#5876=DIRECTION('',(0.,0.,-1.));
#5877=DIRECTION('',(-1.,0.,0.));
#5878=DIRECTION('',(0.,1.,0.));
#5879=DIRECTION('',(0.,0.,-1.));
#5880=DIRECTION('',(-1.,0.,0.));
#5881=DIRECTION('',(0.,-1.,0.));
#5882=DIRECTION('',(1.,0.,0.));
#5883=DIRECTION('',(0.,0.,1.));
#5884=DIRECTION('',(1.,0.,0.));
#5885=DIRECTION('',(0.,-1.,0.));
#5886=DIRECTION('',(-1.,0.,0.));
#5887=DIRECTION('',(0.,-1.,0.));
#5888=DIRECTION('',(0.,-1.,0.));
#5889=DIRECTION('',(0.,0.,-1.));
#5890=DIRECTION('',(0.,-1.,0.));
#5891=DIRECTION('',(0.,1.,0.));
#5892=DIRECTION('',(0.,0.,-1.));
#5893=DIRECTION('',(1.,0.,0.));
#5894=DIRECTION('',(0.,0.,-1.));
#5895=DIRECTION('',(0.,-1.,0.));
#5896=DIRECTION('',(0.,0.,1.));
#5897=DIRECTION('',(0.,0.,-1.));
#5898=DIRECTION('',(-1.,0.,0.));
#5899=DIRECTION('',(0.,-1.,0.));
#5900=DIRECTION('',(1.,0.,0.));
#5901=DIRECTION('',(0.,-1.,0.));
#5902=DIRECTION('',(0.,0.,-1.));
#5903=DIRECTION('',(0.,-1.,0.));
#5904=DIRECTION('',(0.,1.,0.));
#5905=DIRECTION('',(0.,0.,-1.));
#5906=DIRECTION('',(0.,0.,-1.));
#5907=DIRECTION('',(-1.,0.,0.));
#5908=DIRECTION('',(0.,-1.,0.));
#5909=DIRECTION('',(1.,0.,0.));
#5910=DIRECTION('',(1.,0.,0.));
#5911=DIRECTION('',(0.,0.,-1.));
#5912=DIRECTION('',(0.,-1.,0.));
#5913=DIRECTION('',(0.,0.,1.));
#5914=DIRECTION('',(-0.537424076971642,0.,-0.843312137640138));
#5915=DIRECTION('',(-0.843312137640138,0.,0.537424076971642));
#5916=DIRECTION('',(0.,-1.,0.));
#5917=DIRECTION('',(0.843312137640138,0.,-0.537424076971642));
#5918=DIRECTION('',(0.,0.,-1.));
#5919=DIRECTION('',(-1.,0.,0.));
#5920=DIRECTION('',(0.,-1.,0.));
#5921=DIRECTION('',(1.,0.,0.));
#5922=DIRECTION('',(0.,-1.,0.));
#5923=DIRECTION('',(0.,0.,-1.));
#5924=DIRECTION('',(0.,-1.,0.));
#5925=DIRECTION('',(0.,1.,0.));
#5926=DIRECTION('',(0.,0.,-1.));
#5927=DIRECTION('',(0.,0.,-1.));
#5928=DIRECTION('',(-1.,0.,0.));
#5929=DIRECTION('',(0.,-1.,0.));
#5930=DIRECTION('',(1.,0.,0.));
#5931=DIRECTION('',(0.,-1.,0.));
#5932=DIRECTION('',(0.,0.,-1.));
#5933=DIRECTION('',(0.,-1.,0.));
#5934=DIRECTION('',(0.,1.,0.));
#5935=DIRECTION('',(0.,0.,-1.));
#5936=DIRECTION('',(-0.537424076971642,0.,-0.843312137640138));
#5937=DIRECTION('',(-0.843312137640138,0.,0.537424076971642));
#5938=DIRECTION('',(0.,-1.,0.));
#5939=DIRECTION('',(0.843312137640138,0.,-0.537424076971642));
#5940=DIRECTION('',(0.,0.,-1.));
#5941=DIRECTION('',(-1.,0.,0.));
#5942=DIRECTION('',(0.,-1.,0.));
#5943=DIRECTION('',(1.,0.,0.));
#5944=DIRECTION('',(0.,-1.,0.));
#5945=DIRECTION('',(0.,0.,-1.));
#5946=DIRECTION('',(0.,-1.,0.));
#5947=DIRECTION('',(0.,-1.,0.));
#5948=DIRECTION('',(0.,0.,-1.));
#5949=DIRECTION('',(0.,0.,-1.));
#5950=DIRECTION('',(-1.,0.,0.));
#5951=DIRECTION('',(0.,-1.,0.));
#5952=DIRECTION('',(1.,0.,0.));
#5953=DIRECTION('',(0.284090614533559,0.,-0.958797435715149));
#5954=DIRECTION('',(-0.958797435715149,0.,-0.284090614533559));
#5955=DIRECTION('',(0.,-1.,0.));
#5956=DIRECTION('',(0.958797435715149,0.,0.284090614533559));
#5957=DIRECTION('',(0.,-1.,0.));
#5958=DIRECTION('',(0.,0.,-1.));
#5959=DIRECTION('',(0.,-1.,0.));
#5960=DIRECTION('',(0.,1.,0.));
#5961=DIRECTION('',(0.,0.,-1.));
#5962=DIRECTION('',(0.284090614533559,0.,-0.958797435715149));
#5963=DIRECTION('',(-0.958797435715149,0.,-0.284090614533559));
#5964=DIRECTION('',(0.,-1.,0.));
#5965=DIRECTION('',(0.958797435715149,0.,0.284090614533559));
#5966=DIRECTION('',(-1.,0.,0.));
#5967=DIRECTION('',(0.,0.,1.));
#5968=DIRECTION('',(0.,-1.,0.));
#5969=DIRECTION('',(0.,0.,-1.));
#5970=DIRECTION('',(0.,-1.,0.));
#5971=DIRECTION('',(0.,0.,-1.));
#5972=DIRECTION('',(0.,-1.,0.));
#5973=DIRECTION('',(0.,1.,0.));
#5974=DIRECTION('',(0.,0.,-1.));
#5975=DIRECTION('',(-1.,0.,0.));
#5976=DIRECTION('',(0.,0.,1.));
#5977=DIRECTION('',(0.,-1.,0.));
#5978=DIRECTION('',(0.,0.,-1.));
#5979=DIRECTION('',(0.,0.,-1.));
#5980=DIRECTION('',(-1.,0.,0.));
#5981=DIRECTION('',(0.,-1.,0.));
#5982=DIRECTION('',(1.,0.,0.));
#5983=DIRECTION('',(1.,0.,0.));
#5984=DIRECTION('',(0.,0.,-1.));
#5985=DIRECTION('',(0.,-1.,0.));
#5986=DIRECTION('',(0.,0.,1.));
#5987=DIRECTION('',(0.,-1.,0.));
#5988=DIRECTION('',(0.,0.,-1.));
#5989=DIRECTION('',(0.,-1.,0.));
#5990=DIRECTION('',(0.,1.,0.));
#5991=DIRECTION('',(0.,0.,-1.));
#5992=DIRECTION('',(1.,0.,0.));
#5993=DIRECTION('',(0.,0.,-1.));
#5994=DIRECTION('',(0.,-1.,0.));
#5995=DIRECTION('',(0.,0.,1.));
#5996=DIRECTION('',(0.,-1.,0.));
#5997=DIRECTION('',(0.,0.,-1.));
#5998=DIRECTION('',(0.,-1.,0.));
#5999=DIRECTION('',(0.,-1.,0.));
#6000=DIRECTION('',(0.,0.,-1.));
#6001=DIRECTION('',(0.,-1.,0.));
#6002=DIRECTION('',(0.,0.,-1.));
#6003=DIRECTION('',(0.,-1.,0.));
#6004=DIRECTION('',(0.,-1.,0.));
#6005=DIRECTION('',(0.,0.,-1.));
#6006=DIRECTION('',(0.,0.,-1.));
#6007=DIRECTION('',(-1.,0.,0.));
#6008=DIRECTION('',(0.,-1.,0.));
#6009=DIRECTION('',(1.,0.,0.));
#6010=DIRECTION('',(1.,0.,0.));
#6011=DIRECTION('',(0.,0.,-1.));
#6012=DIRECTION('',(0.,-1.,0.));
#6013=DIRECTION('',(0.,0.,1.));
#6014=DIRECTION('',(0.,-1.,0.));
#6015=DIRECTION('',(0.,0.,-1.));
#6016=DIRECTION('',(0.,-1.,0.));
#6017=DIRECTION('',(0.,1.,0.));
#6018=DIRECTION('',(0.,0.,-1.));
#6019=DIRECTION('',(1.,0.,0.));
#6020=DIRECTION('',(0.,0.,-1.));
#6021=DIRECTION('',(0.,-1.,0.));
#6022=DIRECTION('',(0.,0.,1.));
#6023=DIRECTION('',(0.,0.,-1.));
#6024=DIRECTION('',(-1.,0.,0.));
#6025=DIRECTION('',(0.,-1.,0.));
#6026=DIRECTION('',(1.,0.,0.));
#6027=DIRECTION('',(1.,0.,0.));
#6028=DIRECTION('',(0.,0.,-1.));
#6029=DIRECTION('',(0.,-1.,0.));
#6030=DIRECTION('',(0.,0.,1.));
#6031=DIRECTION('',(0.,0.,1.));
#6032=DIRECTION('',(1.,0.,0.));
#6033=DIRECTION('',(0.,-1.,0.));
#6034=DIRECTION('',(-1.,0.,0.));
#6035=DIRECTION('',(0.,0.,1.));
#6036=DIRECTION('',(1.,0.,0.));
#6037=DIRECTION('',(0.,-1.,0.));
#6038=DIRECTION('',(-1.,0.,0.));
#6039=DIRECTION('',(0.,-1.,0.));
#6040=DIRECTION('',(0.,-1.,0.));
#6041=DIRECTION('',(0.,0.,-1.));
#6042=DIRECTION('',(0.,-1.,0.));
#6043=DIRECTION('',(0.,1.,0.));
#6044=DIRECTION('',(0.,0.,-1.));
#6045=DIRECTION('',(1.,0.,3.61400724161835E-16));
#6046=DIRECTION('',(3.61400724161835E-16,0.,-1.));
#6047=DIRECTION('',(0.,-1.,0.));
#6048=DIRECTION('',(-3.61400724161835E-16,0.,1.));
#6049=DIRECTION('',(0.,-1.,0.));
#6050=DIRECTION('',(0.,0.,-1.));
#6051=DIRECTION('',(0.,-1.,0.));
#6052=DIRECTION('',(0.,1.,0.));
#6053=DIRECTION('',(0.,0.,-1.));
#6054=DIRECTION('',(1.,0.,2.28253088944317E-16));
#6055=DIRECTION('',(2.28253088944317E-16,0.,-1.));
#6056=DIRECTION('',(0.,-1.,0.));
#6057=DIRECTION('',(-2.28253088944317E-16,0.,1.));
#6058=DIRECTION('',(0.,0.,1.));
#6059=DIRECTION('',(1.,0.,0.));
#6060=DIRECTION('',(0.,-1.,0.));
#6061=DIRECTION('',(-1.,0.,0.));
#6062=DIRECTION('',(0.,-1.,0.));
#6063=DIRECTION('',(0.,0.,-1.));
#6064=DIRECTION('',(0.,-1.,0.));
#6065=DIRECTION('',(0.,-1.,0.));
#6066=DIRECTION('',(0.,0.,-1.));
#6067=DIRECTION('',(1.,0.,0.));
#6068=DIRECTION('',(0.,0.,-1.));
#6069=DIRECTION('',(0.,-1.,0.));
#6070=DIRECTION('',(0.,0.,1.));
#6071=DIRECTION('',(0.,-1.,0.));
#6072=DIRECTION('',(0.,0.,-1.));
#6073=DIRECTION('',(0.,-1.,0.));
#6074=DIRECTION('',(0.,1.,0.));
#6075=DIRECTION('',(0.,0.,-1.));
#6076=DIRECTION('',(1.,0.,0.));
#6077=DIRECTION('',(0.,0.,-1.));
#6078=DIRECTION('',(0.,-1.,0.));
#6079=DIRECTION('',(0.,0.,1.));
#6080=DIRECTION('',(0.,-1.,0.));
#6081=DIRECTION('',(0.,0.,-1.));
#6082=DIRECTION('',(0.,-1.,0.));
#6083=DIRECTION('',(0.,-1.,0.));
#6084=DIRECTION('',(0.,0.,-1.));
#6085=DIRECTION('',(0.,0.,1.));
#6086=DIRECTION('',(1.,0.,0.));
#6087=DIRECTION('',(0.,-1.,0.));
#6088=DIRECTION('',(-1.,0.,0.));
#6089=DIRECTION('',(-1.,0.,0.));
#6090=DIRECTION('',(0.,0.,1.));
#6091=DIRECTION('',(0.,-1.,0.));
#6092=DIRECTION('',(0.,0.,-1.));
#6093=DIRECTION('',(0.,-1.,0.));
#6094=DIRECTION('',(0.,0.,-1.));
#6095=DIRECTION('',(0.,-1.,0.));
#6096=DIRECTION('',(0.,1.,0.));
#6097=DIRECTION('',(0.,0.,-1.));
#6098=DIRECTION('',(-1.,0.,0.));
#6099=DIRECTION('',(0.,0.,1.));
#6100=DIRECTION('',(0.,-1.,0.));
#6101=DIRECTION('',(0.,0.,-1.));
#6102=DIRECTION('',(0.,-1.,0.));
#6103=DIRECTION('',(0.,0.,-1.));
#6104=DIRECTION('',(0.,-1.,0.));
#6105=DIRECTION('',(0.,1.,0.));
#6106=DIRECTION('',(0.,0.,-1.));
#6107=DIRECTION('',(0.,0.,1.));
#6108=DIRECTION('',(1.,0.,0.));
#6109=DIRECTION('',(0.,-1.,0.));
#6110=DIRECTION('',(-1.,0.,0.));
#6111=DIRECTION('',(0.,-1.,0.));
#6112=DIRECTION('',(0.,0.,-1.));
#6113=DIRECTION('',(0.,-1.,0.));
#6114=DIRECTION('',(0.,-1.,0.));
#6115=DIRECTION('',(0.,0.,-1.));
#6116=DIRECTION('',(1.,0.,0.));
#6117=DIRECTION('',(0.,0.,-1.));
#6118=DIRECTION('',(0.,-1.,0.));
#6119=DIRECTION('',(0.,0.,1.));
#6120=DIRECTION('',(0.,0.,1.));
#6121=DIRECTION('',(1.,0.,0.));
#6122=DIRECTION('',(0.,-1.,0.));
#6123=DIRECTION('',(-1.,0.,0.));
#6124=DIRECTION('',(0.590433059052293,0.,-0.807086614173567));
#6125=DIRECTION('',(-0.807086614173567,0.,-0.590433059052293));
#6126=DIRECTION('',(0.,-1.,0.));
#6127=DIRECTION('',(0.807086614173567,0.,0.590433059052293));
#6128=DIRECTION('',(0.98418109981084,0.,-0.177165354330708));
#6129=DIRECTION('',(-0.177165354330708,0.,-0.98418109981084));
#6130=DIRECTION('',(0.,-1.,0.));
#6131=DIRECTION('',(0.177165354330708,0.,0.98418109981084));
#6132=DIRECTION('',(0.,-1.,0.));
#6133=DIRECTION('',(0.,0.,-1.));
#6134=DIRECTION('',(0.,-1.,0.));
#6135=DIRECTION('',(0.,1.,0.));
#6136=DIRECTION('',(0.,0.,-1.));
#6137=DIRECTION('',(0.963741098355693,0.,-0.26683908135834));
#6138=DIRECTION('',(-0.26683908135834,0.,-0.963741098355693));
#6139=DIRECTION('',(0.,-1.,0.));
#6140=DIRECTION('',(0.26683908135834,0.,0.963741098355693));
#6141=DIRECTION('',(0.,-1.,0.));
#6142=DIRECTION('',(0.,0.,-1.));
#6143=DIRECTION('',(0.,-1.,0.));
#6144=DIRECTION('',(0.,1.,0.));
#6145=DIRECTION('',(0.,0.,-1.));
#6146=DIRECTION('',(0.963741098355693,0.,-0.26683908135834));
#6147=DIRECTION('',(-0.26683908135834,0.,-0.963741098355693));
#6148=DIRECTION('',(0.,-1.,0.));
#6149=DIRECTION('',(0.26683908135834,0.,0.963741098355693));
#6150=DIRECTION('',(0.98418109981084,0.,-0.177165354330708));
#6151=DIRECTION('',(-0.177165354330708,0.,-0.98418109981084));
#6152=DIRECTION('',(0.177165354330708,0.,0.98418109981084));
#6153=DIRECTION('',(0.,-1.,0.));
#6154=DIRECTION('',(0.,0.,-1.));
#6155=DIRECTION('',(0.,-1.,0.));
#6156=DIRECTION('',(0.,1.,0.));
#6157=DIRECTION('',(0.,0.,-1.));
#6158=DIRECTION('',(0.590433059052293,0.,-0.807086614173567));
#6159=DIRECTION('',(-0.807086614173567,0.,-0.590433059052293));
#6160=DIRECTION('',(0.,-1.,0.));
#6161=DIRECTION('',(0.807086614173567,0.,0.590433059052293));
#6162=DIRECTION('',(0.,-1.,0.));
#6163=DIRECTION('',(0.,0.,-1.));
#6164=DIRECTION('',(0.,-1.,0.));
#6165=DIRECTION('',(0.,1.,0.));
#6166=DIRECTION('',(0.,0.,-1.));
#6167=DIRECTION('',(0.,0.,1.));
#6168=DIRECTION('',(1.,0.,0.));
#6169=DIRECTION('',(0.,-1.,0.));
#6170=DIRECTION('',(-1.,0.,0.));
#6171=DIRECTION('',(0.,-1.,0.));
#6172=DIRECTION('',(0.,0.,-1.));
#6173=DIRECTION('',(0.,-1.,0.));
#6174=DIRECTION('',(0.,1.,0.));
#6175=DIRECTION('',(0.,0.,-1.));
#6176=DIRECTION('',(1.,0.,0.));
#6177=DIRECTION('',(0.,0.,-1.));
#6178=DIRECTION('',(0.,-1.,0.));
#6179=DIRECTION('',(0.,0.,1.));
#6180=DIRECTION('',(0.,-1.,0.));
#6181=DIRECTION('',(0.,0.,-1.));
#6182=DIRECTION('',(0.,-1.,0.));
#6183=DIRECTION('',(0.,1.,0.));
#6184=DIRECTION('',(0.,0.,-1.));
#6185=DIRECTION('',(0.,-1.,0.));
#6186=DIRECTION('',(0.,0.,1.));
#6187=DIRECTION('',(1.,0.,0.));
#6188=DIRECTION('',(0.,-1.,0.));
#6189=DIRECTION('',(-1.,0.,0.));
#6190=DIRECTION('',(0.,-1.,0.));
#6191=DIRECTION('',(0.,0.,-1.));
#6192=DIRECTION('',(0.,-1.,0.));
#6193=DIRECTION('',(0.,1.,0.));
#6194=DIRECTION('',(0.,0.,-1.));
#6195=DIRECTION('',(0.,-1.,0.));
#6196=DIRECTION('',(0.,0.,-1.));
#6197=DIRECTION('',(0.,-1.,0.));
#6198=DIRECTION('',(0.,1.,0.));
#6199=DIRECTION('',(0.,0.,-1.));
#6200=DIRECTION('',(0.,-1.,0.));
#6201=DIRECTION('',(-1.,0.,-1.05775821705903E-16));
#6202=DIRECTION('',(-1.05775821705903E-16,0.,1.));
#6203=DIRECTION('',(0.,-1.,0.));
#6204=DIRECTION('',(1.05775821705903E-16,0.,-1.));
#6205=DIRECTION('',(0.,-1.,0.));
#6206=DIRECTION('',(0.,0.,-1.));
#6207=DIRECTION('',(0.,-1.,0.));
#6208=DIRECTION('',(0.,1.,0.));
#6209=DIRECTION('',(0.,0.,-1.));
#6210=DIRECTION('',(-0.947821961869483,0.,-0.318800138955247));
#6211=DIRECTION('',(-0.318800138955247,0.,0.947821961869483));
#6212=DIRECTION('',(0.,-1.,0.));
#6213=DIRECTION('',(0.318800138955247,0.,-0.947821961869483));
#6214=DIRECTION('',(0.,-1.,0.));
#6215=DIRECTION('',(0.,-1.,0.));
#6216=DIRECTION('',(0.,0.,-1.));
#6217=DIRECTION('',(0.,-1.,0.));
#6218=DIRECTION('',(0.,1.,0.));
#6219=DIRECTION('',(0.,0.,-1.));
#6220=DIRECTION('',(-1.,0.,0.));
#6221=DIRECTION('',(0.,0.,1.));
#6222=DIRECTION('',(0.,-1.,0.));
#6223=DIRECTION('',(0.,0.,-1.));
#6224=DIRECTION('',(0.762718471509793,0.,0.646730649666277));
#6225=DIRECTION('',(0.646730649666277,0.,-0.762718471509793));
#6226=DIRECTION('',(0.,-1.,0.));
#6227=DIRECTION('',(-0.646730649666277,0.,0.762718471509793));
#6228=DIRECTION('',(0.,-1.,0.));
#6229=DIRECTION('',(0.,0.,-1.));
#6230=DIRECTION('',(0.,-1.,0.));
#6231=DIRECTION('',(0.,1.,0.));
#6232=DIRECTION('',(0.,0.,-1.));
#6233=DIRECTION('',(-1.,0.,-1.31424328865368E-16));
#6234=DIRECTION('',(-1.31424328865368E-16,0.,1.));
#6235=DIRECTION('',(0.,-1.,0.));
#6236=DIRECTION('',(1.31424328865368E-16,0.,-1.));
#6237=DIRECTION('',(0.,-1.,0.));
#6238=DIRECTION('',(0.,0.,-1.));
#6239=DIRECTION('',(0.,-1.,0.));
#6240=DIRECTION('',(0.,1.,0.));
#6241=DIRECTION('',(0.,0.,-1.));
#6242=DIRECTION('',(-1.,0.,-2.62848657730737E-16));
#6243=DIRECTION('',(-2.62848657730737E-16,0.,1.));
#6244=DIRECTION('',(0.,-1.,0.));
#6245=DIRECTION('',(2.62848657730737E-16,0.,-1.));
#6246=DIRECTION('',(0.944722261727513,0.,0.327871694716779));
#6247=DIRECTION('',(0.327871694716779,0.,-0.944722261727513));
#6248=DIRECTION('',(0.,-1.,0.));
#6249=DIRECTION('',(-0.327871694716779,0.,0.944722261727513));
#6250=DIRECTION('',(0.,-1.,0.));
#6251=DIRECTION('',(0.,0.,-1.));
#6252=DIRECTION('',(0.,-1.,0.));
#6253=DIRECTION('',(0.,1.,0.));
#6254=DIRECTION('',(0.,0.,-1.));
#6255=DIRECTION('',(-1.,0.,0.));
#6256=DIRECTION('',(0.,0.,1.));
#6257=DIRECTION('',(0.,-1.,0.));
#6258=DIRECTION('',(0.,0.,-1.));
#6259=DIRECTION('',(-0.947821961869482,0.,-0.318800138955249));
#6260=DIRECTION('',(-0.318800138955249,0.,0.947821961869482));
#6261=DIRECTION('',(0.,-1.,0.));
#6262=DIRECTION('',(0.318800138955249,0.,-0.947821961869482));
#6263=DIRECTION('',(0.,-1.,0.));
#6264=DIRECTION('',(0.,0.,-1.));
#6265=DIRECTION('',(0.,-1.,0.));
#6266=DIRECTION('',(0.,1.,0.));
#6267=DIRECTION('',(0.,0.,-1.));
#6268=DIRECTION('',(0.,-1.,0.));
#6269=DIRECTION('',(0.,0.,1.));
#6270=DIRECTION('',(1.,0.,0.));
#6271=DIRECTION('',(0.,-1.,0.));
#6272=DIRECTION('',(-1.,0.,0.));
#6273=DIRECTION('',(0.,-1.,0.));
#6274=DIRECTION('',(0.,0.,-1.));
#6275=DIRECTION('',(0.,-1.,0.));
#6276=DIRECTION('',(0.,1.,0.));
#6277=DIRECTION('',(0.,0.,-1.));
#6278=DIRECTION('',(0.,-1.,0.));
#6279=DIRECTION('',(0.,0.,-1.));
#6280=DIRECTION('',(0.,-1.,0.));
#6281=DIRECTION('',(0.,1.,0.));
#6282=DIRECTION('',(0.,0.,-1.));
#6283=DIRECTION('',(0.,-1.,0.));
#6284=DIRECTION('',(0.,0.,1.));
#6285=DIRECTION('',(1.,0.,0.));
#6286=DIRECTION('',(0.,-1.,0.));
#6287=DIRECTION('',(-1.,0.,0.));
#6288=DIRECTION('',(0.,-1.,0.));
#6289=DIRECTION('',(0.,0.,-1.));
#6290=DIRECTION('',(0.,-1.,0.));
#6291=DIRECTION('',(0.,1.,0.));
#6292=DIRECTION('',(0.,0.,-1.));
#6293=DIRECTION('',(0.,-1.,0.));
#6294=DIRECTION('',(0.,0.,-1.));
#6295=DIRECTION('',(0.,-1.,0.));
#6296=DIRECTION('',(0.,1.,0.));
#6297=DIRECTION('',(0.,0.,-1.));
#6298=DIRECTION('',(0.,-1.,0.));
#6299=DIRECTION('',(0.938712764353147,0.,0.344700371395903));
#6300=DIRECTION('',(0.344700371395903,0.,-0.938712764353147));
#6301=DIRECTION('',(0.,-1.,0.));
#6302=DIRECTION('',(-0.344700371395903,0.,0.938712764353147));
#6303=DIRECTION('',(0.,-1.,0.));
#6304=DIRECTION('',(0.,0.,-1.));
#6305=DIRECTION('',(0.,-1.,0.));
#6306=DIRECTION('',(0.,1.,0.));
#6307=DIRECTION('',(0.,0.,-1.));
#6308=DIRECTION('',(0.,-1.,0.));
#6309=DIRECTION('',(0.,0.,-1.));
#6310=DIRECTION('',(0.,-1.,0.));
#6311=DIRECTION('',(0.,1.,0.));
#6312=DIRECTION('',(0.,0.,-1.));
#6313=DIRECTION('',(0.,-1.,0.));
#6314=DIRECTION('',(0.,0.,1.));
#6315=DIRECTION('',(1.,0.,0.));
#6316=DIRECTION('',(0.,-1.,0.));
#6317=DIRECTION('',(-1.,0.,0.));
#6318=DIRECTION('',(0.,-1.,0.));
#6319=DIRECTION('',(0.,0.,-1.));
#6320=DIRECTION('',(0.,-1.,0.));
#6321=DIRECTION('',(0.,1.,0.));
#6322=DIRECTION('',(0.,0.,-1.));
#6323=DIRECTION('',(-0.536053846783653,0.,-0.844183791214003));
#6324=DIRECTION('',(-0.844183791214003,0.,0.536053846783653));
#6325=DIRECTION('',(0.,-1.,0.));
#6326=DIRECTION('',(0.844183791214003,0.,-0.536053846783653));
#6327=DIRECTION('',(0.,-1.,0.));
#6328=DIRECTION('',(0.,-1.,0.));
#6329=DIRECTION('',(0.,0.,-1.));
#6330=DIRECTION('',(0.,-1.,0.));
#6331=DIRECTION('',(0.,1.,0.));
#6332=DIRECTION('',(0.,0.,-1.));
#6333=DIRECTION('',(-0.536053846783653,0.,-0.844183791214003));
#6334=DIRECTION('',(-0.844183791214003,0.,0.536053846783653));
#6335=DIRECTION('',(0.,-1.,0.));
#6336=DIRECTION('',(0.844183791214003,0.,-0.536053846783653));
#6337=DIRECTION('',(0.,-1.,0.));
#6338=DIRECTION('',(0.,0.,-1.));
#6339=DIRECTION('',(0.,-1.,0.));
#6340=DIRECTION('',(0.,1.,0.));
#6341=DIRECTION('',(0.,0.,-1.));
#6342=DIRECTION('',(-1.,0.,0.));
#6343=DIRECTION('',(0.,0.,1.));
#6344=DIRECTION('',(0.,-1.,0.));
#6345=DIRECTION('',(0.,0.,-1.));
#6346=DIRECTION('',(0.,-1.,0.));
#6347=DIRECTION('',(0.,0.,-1.));
#6348=DIRECTION('',(0.,-1.,0.));
#6349=DIRECTION('',(0.,1.,0.));
#6350=DIRECTION('',(0.,0.,-1.));
#6351=DIRECTION('',(0.,-1.,0.));
#6352=DIRECTION('',(0.,0.,-1.));
#6353=DIRECTION('',(0.,-1.,0.));
#6354=DIRECTION('',(0.,1.,0.));
#6355=DIRECTION('',(0.,0.,-1.));
#6356=DIRECTION('',(0.,-1.,0.));
#6357=DIRECTION('',(0.,0.,1.));
#6358=DIRECTION('',(1.,0.,0.));
#6359=DIRECTION('',(0.,-1.,0.));
#6360=DIRECTION('',(-1.,0.,0.));
#6361=DIRECTION('',(0.,-1.,0.));
#6362=DIRECTION('',(0.,0.,-1.));
#6363=DIRECTION('',(0.,-1.,0.));
#6364=DIRECTION('',(0.,1.,0.));
#6365=DIRECTION('',(0.,0.,-1.));
#6366=DIRECTION('',(0.938712764353146,0.,-0.344700371395904));
#6367=DIRECTION('',(-0.344700371395904,0.,-0.938712764353146));
#6368=DIRECTION('',(0.,-1.,0.));
#6369=DIRECTION('',(0.344700371395904,0.,0.938712764353146));
#6370=DIRECTION('',(0.,-1.,0.));
#6371=DIRECTION('',(0.,-1.,0.));
#6372=DIRECTION('',(0.,0.,-1.));
#6373=DIRECTION('',(0.,-1.,0.));
#6374=DIRECTION('',(0.,1.,0.));
#6375=DIRECTION('',(0.,0.,-1.));
#6376=DIRECTION('',(0.,0.,-1.));
#6377=DIRECTION('',(-1.,0.,0.));
#6378=DIRECTION('',(0.,-1.,0.));
#6379=DIRECTION('',(1.,0.,0.));
#6380=DIRECTION('',(0.,-1.,0.));
#6381=DIRECTION('',(0.,0.,-1.));
#6382=DIRECTION('',(0.,-1.,0.));
#6383=DIRECTION('',(0.,1.,0.));
#6384=DIRECTION('',(0.,0.,-1.));
#6385=DIRECTION('',(0.,0.,-1.));
#6386=DIRECTION('',(-1.,0.,0.));
#6387=DIRECTION('',(0.,-1.,0.));
#6388=DIRECTION('',(1.,0.,0.));
#6389=DIRECTION('',(0.938712764353146,0.,-0.344700371395904));
#6390=DIRECTION('',(-0.344700371395904,0.,-0.938712764353146));
#6391=DIRECTION('',(0.,-1.,0.));
#6392=DIRECTION('',(0.344700371395904,0.,0.938712764353146));
#6393=DIRECTION('',(-1.,0.,0.));
#6394=DIRECTION('',(0.,0.,1.));
#6395=DIRECTION('',(0.,-1.,0.));
#6396=DIRECTION('',(0.,0.,-1.));
#6397=DIRECTION('',(0.,-1.,0.));
#6398=DIRECTION('',(0.,-1.,0.));
#6399=DIRECTION('',(0.,0.,-1.));
#6400=DIRECTION('',(0.,-1.,0.));
#6401=DIRECTION('',(0.,1.,0.));
#6402=DIRECTION('',(0.,0.,-1.));
#6403=DIRECTION('',(0.,0.,1.));
#6404=DIRECTION('',(1.,0.,0.));
#6405=DIRECTION('',(0.,-1.,0.));
#6406=DIRECTION('',(-1.,0.,0.));
#6407=DIRECTION('',(0.,-1.,0.));
#6408=DIRECTION('',(0.,0.,-1.));
#6409=DIRECTION('',(0.,-1.,0.));
#6410=DIRECTION('',(0.,1.,0.));
#6411=DIRECTION('',(0.,0.,-1.));
#6412=DIRECTION('',(0.,0.,1.));
#6413=DIRECTION('',(1.,0.,0.));
#6414=DIRECTION('',(0.,-1.,0.));
#6415=DIRECTION('',(-1.,0.,0.));
#6416=DIRECTION('',(-1.,0.,0.));
#6417=DIRECTION('',(0.,0.,1.));
#6418=DIRECTION('',(0.,-1.,0.));
#6419=DIRECTION('',(0.,0.,-1.));
#6420=DIRECTION('',(0.,-1.,0.));
#6421=DIRECTION('',(0.,0.,-1.));
#6422=DIRECTION('',(0.,-1.,0.));
#6423=DIRECTION('',(0.,1.,0.));
#6424=DIRECTION('',(0.,0.,-1.));
#6425=DIRECTION('',(0.,0.,1.));
#6426=DIRECTION('',(1.,0.,0.));
#6427=DIRECTION('',(0.,-1.,0.));
#6428=DIRECTION('',(-1.,0.,0.));
#6429=DIRECTION('',(0.,-1.,0.));
#6430=DIRECTION('',(0.,0.,-1.));
#6431=DIRECTION('',(0.,-1.,0.));
#6432=DIRECTION('',(0.,1.,0.));
#6433=DIRECTION('',(0.,0.,-1.));
#6434=DIRECTION('',(0.,-1.,0.));
#6435=DIRECTION('',(0.,0.,-1.));
#6436=DIRECTION('',(0.,-1.,0.));
#6437=DIRECTION('',(0.,1.,0.));
#6438=DIRECTION('',(0.,0.,-1.));
#6439=DIRECTION('',(0.,-1.,0.));
#6440=DIRECTION('',(1.,0.,0.));
#6441=DIRECTION('',(0.,0.,-1.));
#6442=DIRECTION('',(0.,-1.,0.));
#6443=DIRECTION('',(0.,0.,1.));
#6444=DIRECTION('',(0.,-1.,0.));
#6445=DIRECTION('',(0.,0.,-1.));
#6446=DIRECTION('',(0.,-1.,0.));
#6447=DIRECTION('',(0.,1.,0.));
#6448=DIRECTION('',(0.,0.,-1.));
#6449=DIRECTION('',(0.,-1.,0.));
#6450=DIRECTION('',(0.,0.,-1.));
#6451=DIRECTION('',(0.,-1.,0.));
#6452=DIRECTION('',(0.,1.,0.));
#6453=DIRECTION('',(0.,0.,-1.));
#6454=DIRECTION('',(0.,-1.,0.));
#6455=DIRECTION('',(-1.,0.,0.));
#6456=DIRECTION('',(0.,0.,1.));
#6457=DIRECTION('',(0.,-1.,0.));
#6458=DIRECTION('',(0.,0.,-1.));
#6459=DIRECTION('',(0.,-1.,0.));
#6460=DIRECTION('',(0.,0.,-1.));
#6461=DIRECTION('',(0.,-1.,0.));
#6462=DIRECTION('',(0.,1.,0.));
#6463=DIRECTION('',(0.,0.,-1.));
#6464=DIRECTION('',(0.,-1.,0.));
#6465=DIRECTION('',(0.,0.,-1.));
#6466=DIRECTION('',(0.,-1.,0.));
#6467=DIRECTION('',(0.,0.,-1.));
#6468=DIRECTION('',(0.,0.,1.));
#6469=DIRECTION('',(1.,0.,0.));
#6470=DIRECTION('',(-1.,0.,0.));
#6471=DIRECTION('',(-1.,0.,-2.11551643411806E-16));
#6472=DIRECTION('',(-2.11551643411806E-16,0.,1.));
#6473=DIRECTION('',(2.11551643411806E-16,0.,-1.));
#6474=DIRECTION('',(0.,-1.,0.));
#6475=DIRECTION('',(0.,0.,-1.));
#6476=DIRECTION('',(0.,-1.,0.));
#6477=DIRECTION('',(0.,0.,-1.));
#6478=DIRECTION('',(0.,0.,1.));
#6479=DIRECTION('',(1.,0.,0.));
#6480=DIRECTION('',(-1.,0.,0.));
#6481=DIRECTION('',(0.,0.,1.));
#6482=DIRECTION('',(1.,0.,0.));
#6483=DIRECTION('',(-1.,0.,0.));
#6484=DIRECTION('',(0.938712764353146,0.,0.344700371395905));
#6485=DIRECTION('',(0.344700371395905,0.,-0.938712764353146));
#6486=DIRECTION('',(-0.344700371395905,0.,0.938712764353146));
#6487=DIRECTION('',(0.,0.,1.));
#6488=DIRECTION('',(1.,0.,0.));
#6489=DIRECTION('',(-1.,0.,0.));
#6490=DIRECTION('',(-1.,0.,0.));
#6491=DIRECTION('',(0.,0.,1.));
#6492=DIRECTION('',(0.,0.,-1.));
#6493=DIRECTION('',(0.,-1.,0.));
#6494=DIRECTION('',(0.,0.,-1.));
#6495=DIRECTION('',(0.,-1.,0.));
#6496=DIRECTION('',(0.,0.,-1.));
#6497=DIRECTION('',(0.,-1.,0.));
#6498=DIRECTION('',(0.,0.,-1.));
#6499=DIRECTION('',(0.,-1.,0.));
#6500=DIRECTION('',(0.,0.,-1.));
#6501=DIRECTION('',(0.,-1.,0.));
#6502=DIRECTION('',(0.,0.,-1.));
#6503=DIRECTION('',(0.,-1.,0.));
#6504=DIRECTION('',(0.,0.,-1.));
#6505=DIRECTION('',(0.,-1.,0.));
#6506=DIRECTION('',(0.,0.,-1.));
#6507=DIRECTION('',(0.,-1.,0.));
#6508=DIRECTION('',(0.,0.,-1.));
#6509=DIRECTION('',(0.,-1.,0.));
#6510=DIRECTION('',(0.,0.,-1.));
#6511=DIRECTION('',(0.,-1.,0.));
#6512=DIRECTION('',(0.,0.,-1.));
#6513=DIRECTION('',(0.,-1.,0.));
#6514=DIRECTION('',(0.,0.,-1.));
#6515=DIRECTION('',(0.,-1.,0.));
#6516=DIRECTION('',(0.,0.,-1.));
#6517=DIRECTION('',(0.,-1.,0.));
#6518=DIRECTION('',(0.,0.,-1.));
#6519=DIRECTION('',(0.,-1.,0.));
#6520=DIRECTION('',(0.,0.,-1.));
#6521=DIRECTION('',(0.,0.,1.));
#6522=DIRECTION('',(1.,0.,0.));
#6523=DIRECTION('',(-1.,0.,0.));
#6524=DIRECTION('',(0.,-1.,0.));
#6525=DIRECTION('',(0.,0.,-1.));
#6526=DIRECTION('',(0.,1.,0.));
#6527=DIRECTION('',(0.,0.,-1.));
#6528=DIRECTION('',(0.,0.,1.));
#6529=DIRECTION('',(1.,0.,0.));
#6530=DIRECTION('',(-1.,0.,0.));
#6531=DIRECTION('',(1.,0.,0.));
#6532=DIRECTION('',(0.,0.,-1.));
#6533=DIRECTION('',(0.,0.,1.));
#6534=DIRECTION('',(-1.,0.,-4.23103286823612E-16));
#6535=DIRECTION('',(-4.23103286823612E-16,0.,1.));
#6536=DIRECTION('',(4.23103286823612E-16,0.,-1.));
#6537=DIRECTION('',(0.,-1.,0.));
#6538=DIRECTION('',(0.,0.,-1.));
#6539=DIRECTION('',(0.,1.,0.));
#6540=DIRECTION('',(0.,0.,-1.));
#6541=DIRECTION('',(0.,-1.,0.));
#6542=DIRECTION('',(1.,0.,0.));
#6543=CARTESIAN_POINT('',(0.,0.,0.));
#6544=CARTESIAN_POINT('',(0.0185442286340599,-0.0803,-0.0258804538186346));
#6545=CARTESIAN_POINT('',(0.0185442286340599,-0.08022,-0.0258804538186346));
#6546=CARTESIAN_POINT('',(0.016767949192431,-0.08022,-0.0289570600599756));
#6547=CARTESIAN_POINT('',(0.0203205080756888,-0.08022,-0.0228038475772933));
#6548=CARTESIAN_POINT('',(0.016767949192431,-0.0803,-0.0289570600599756));
#6549=CARTESIAN_POINT('',(0.016767949192431,-0.0787,-0.0289570600599756));
#6550=CARTESIAN_POINT('',(0.0185442286340599,-0.0787,-0.0258804538186346));
#6551=CARTESIAN_POINT('',(0.0203205080756888,-0.0787,-0.0228038475772933));
#6552=CARTESIAN_POINT('',(0.0203205080756888,-0.0803,-0.0228038475772933));
#6553=CARTESIAN_POINT('',(0.023,-0.0803,-0.0100101815529631));
#6554=CARTESIAN_POINT('',(0.023,-0.08022,-0.0100101815529631));
#6555=CARTESIAN_POINT('',(0.023,-0.08022,-0.0128038475772933));
#6556=CARTESIAN_POINT('',(0.023,-0.08022,-0.00721651552863279));
#6557=CARTESIAN_POINT('',(0.023,-0.0803,-0.0128038475772933));
#6558=CARTESIAN_POINT('',(0.023,-0.0787,-0.0128038475772933));
#6559=CARTESIAN_POINT('',(0.023,-0.0787,-0.0100101815529631));
#6560=CARTESIAN_POINT('',(0.023,-0.0787,-0.00721651552863279));
#6561=CARTESIAN_POINT('',(0.023,-0.0803,-0.00721651552863279));
#6562=CARTESIAN_POINT('',(-0.023,-0.0803,-0.0100101815529631));
#6563=CARTESIAN_POINT('',(-0.023,-0.0803,-0.0128038475772933));
#6564=CARTESIAN_POINT('',(-0.023,-0.08022,-0.0128038475772933));
#6565=CARTESIAN_POINT('',(-0.023,-0.0787,-0.0128038475772933));
#6566=CARTESIAN_POINT('',(-0.023,-0.08022,-0.0100101815529631));
#6567=CARTESIAN_POINT('',(-0.023,-0.08022,-0.00721651552863279));
#6568=CARTESIAN_POINT('',(-0.023,-0.0803,-0.00721651552863279));
#6569=CARTESIAN_POINT('',(-0.023,-0.0787,-0.00721651552863279));
#6570=CARTESIAN_POINT('',(-0.023,-0.0787,-0.0100101815529631));
#6571=CARTESIAN_POINT('',(-0.0106471143170299,-0.0803,-0.0495586570489101));
#6572=CARTESIAN_POINT('',(-0.00952627944162868,-0.0803,-0.0515));
#6573=CARTESIAN_POINT('',(-0.00952627944162868,-0.08022,-0.0515));
#6574=CARTESIAN_POINT('',(-0.00952627944162868,-0.0787,-0.0515));
#6575=CARTESIAN_POINT('',(-0.0106471143170299,-0.08022,-0.0495586570489101));
#6576=CARTESIAN_POINT('',(-0.0117679491924312,-0.08022,-0.0476173140978202));
#6577=CARTESIAN_POINT('',(-0.0117679491924312,-0.0803,-0.0476173140978202));
#6578=CARTESIAN_POINT('',(-0.0117679491924312,-0.0787,-0.0476173140978202));
#6579=CARTESIAN_POINT('',(-0.0106471143170299,-0.0787,-0.0495586570489101));
#6580=CARTESIAN_POINT('',(0.01064711431703,-0.0803,-0.0495586570489101));
#6581=CARTESIAN_POINT('',(0.0117679491924312,-0.0803,-0.0476173140978201));
#6582=CARTESIAN_POINT('',(0.0117679491924312,-0.08022,-0.0476173140978201));
#6583=CARTESIAN_POINT('',(0.0117679491924312,-0.0787,-0.0476173140978201));
#6584=CARTESIAN_POINT('',(0.01064711431703,-0.08022,-0.0495586570489101));
#6585=CARTESIAN_POINT('',(0.00952627944162888,-0.08022,-0.0515));
#6586=CARTESIAN_POINT('',(0.00952627944162888,-0.0803,-0.0515));
#6587=CARTESIAN_POINT('',(0.00952627944162888,-0.0787,-0.0515));
#6588=CARTESIAN_POINT('',(0.01064711431703,-0.0787,-0.0495586570489101));
#6589=CARTESIAN_POINT('',(-0.00266025403784413,-0.0803,-0.039287187078898));
#6590=CARTESIAN_POINT('',(0.0139982757230296,-0.08022,-0.0395268760681921));
#6591=CARTESIAN_POINT('',(0.0139982757230296,-0.08022,-0.0395268760681921));
#6592=CARTESIAN_POINT('',(0.0139982757230296,-0.0803,-0.0395268760681921));
#6593=CARTESIAN_POINT('',(-0.00266025403784413,-0.08022,-0.039287187078898));
#6594=CARTESIAN_POINT('',(-0.00266025403784413,-0.0787,-0.039287187078898));
#6595=CARTESIAN_POINT('',(0.0140000000000001,-0.0787,-0.039287187078898));
#6596=CARTESIAN_POINT('',(0.0140000000000001,-0.0803,-0.039287187078898));
#6597=CARTESIAN_POINT('',(0.0140000000000001,-0.0803,-0.039287187078898));
#6598=CARTESIAN_POINT('',(-0.00266025403784413,-0.0803,-0.039287187078898));
#6599=CARTESIAN_POINT('',(0.00300000000000005,-0.0803,-0.0128038475772934));
#6600=CARTESIAN_POINT('',(0.00300000000000005,-0.08022,-0.0128038475772934));
#6601=CARTESIAN_POINT('',(0.00300000000000005,-0.0787,-0.0128038475772934));
#6602=CARTESIAN_POINT('',(0.0195,-0.0803,-0.00721651552863279));
#6603=CARTESIAN_POINT('',(0.0195,-0.08022,-0.00721651552863279));
#6604=CARTESIAN_POINT('',(0.0173586507379382,-0.08022,-0.00444800991406969));
#6605=CARTESIAN_POINT('',(0.0195,-0.0787,-0.00721651552863279));
#6606=CARTESIAN_POINT('',(0.0173586507379382,-0.0787,-0.00444800991406969));
#6607=CARTESIAN_POINT('',(0.0173586507379382,-0.0803,-0.00444800991406969));
#6608=CARTESIAN_POINT('',(0.0121535260634513,-0.0803,-0.00847400495703485));
#6609=CARTESIAN_POINT('',(0.0121535260634513,-0.08022,-0.00847400495703485));
#6610=CARTESIAN_POINT('',(0.00694840138896431,-0.08022,-0.0125));
#6611=CARTESIAN_POINT('',(0.0121535260634513,-0.0787,-0.00847400495703485));
#6612=CARTESIAN_POINT('',(0.00694840138896431,-0.0787,-0.0125));
#6613=CARTESIAN_POINT('',(0.00694840138896431,-0.0803,-0.0125));
#6614=CARTESIAN_POINT('',(0.,-0.0803,-0.0125));
#6615=CARTESIAN_POINT('',(-0.00694840138896431,-0.0803,-0.0125));
#6616=CARTESIAN_POINT('',(-0.00694840138896431,-0.08022,-0.0125));
#6617=CARTESIAN_POINT('',(-0.00694840138896431,-0.0787,-0.0125));
#6618=CARTESIAN_POINT('',(0.,-0.08022,-0.0125));
#6619=CARTESIAN_POINT('',(0.,-0.0787,-0.0125));
#6620=CARTESIAN_POINT('',(-0.0121535260634513,-0.0803,-0.00847400495703485));
#6621=CARTESIAN_POINT('',(-0.0173586507379382,-0.0803,-0.00444800991406969));
#6622=CARTESIAN_POINT('',(-0.0173586507379382,-0.08022,-0.00444800991406969));
#6623=CARTESIAN_POINT('',(-0.0173586507379382,-0.0787,-0.00444800991406969));
#6624=CARTESIAN_POINT('',(-0.0121535260634513,-0.08022,-0.00847400495703485));
#6625=CARTESIAN_POINT('',(-0.0121535260634513,-0.0787,-0.00847400495703485));
#6626=CARTESIAN_POINT('',(-0.0195,-0.0803,-0.00721651552863279));
#6627=CARTESIAN_POINT('',(-0.0195,-0.08022,-0.00721651552863279));
#6628=CARTESIAN_POINT('',(-0.0195,-0.0787,-0.00721651552863279));
#6629=CARTESIAN_POINT('',(-0.00300000000000005,-0.0803,-0.0128038475772934));
#6630=CARTESIAN_POINT('',(-0.0203205080756888,-0.0803,-0.0228038475772933));
#6631=CARTESIAN_POINT('',(-0.0203205080756888,-0.08022,-0.0228038475772933));
#6632=CARTESIAN_POINT('',(-0.0203205080756888,-0.0787,-0.0228038475772933));
#6633=CARTESIAN_POINT('',(-0.00300000000000005,-0.08022,-0.0128038475772934));
#6634=CARTESIAN_POINT('',(-0.00300000000000005,-0.0787,-0.0128038475772934));
#6635=CARTESIAN_POINT('',(-0.0185442286340599,-0.0803,-0.0258804538186346));
#6636=CARTESIAN_POINT('',(-0.0167679491924311,-0.0803,-0.0289570600599757));
#6637=CARTESIAN_POINT('',(-0.0167679491924311,-0.08022,-0.0289570600599757));
#6638=CARTESIAN_POINT('',(-0.0167679491924311,-0.0787,-0.0289570600599757));
#6639=CARTESIAN_POINT('',(-0.0185442286340599,-0.08022,-0.0258804538186346));
#6640=CARTESIAN_POINT('',(-0.0185442286340599,-0.0787,-0.0258804538186346));
#6641=CARTESIAN_POINT('',(-0.0346602540378444,-0.0803,-0.039287187078898));
#6642=CARTESIAN_POINT('',(-0.0346602540378444,-0.08022,-0.039287187078898));
#6643=CARTESIAN_POINT('',(-0.014,-0.08022,-0.0392871870788979));
#6644=CARTESIAN_POINT('',(-0.0346602540378444,-0.0787,-0.039287187078898));
#6645=CARTESIAN_POINT('',(-0.014,-0.0787,-0.0392871870788979));
#6646=CARTESIAN_POINT('',(-0.014,-0.0803,-0.0392871870788979));
#6647=CARTESIAN_POINT('',(0.00266025403784437,-0.0803,-0.0392871870788979));
#6648=CARTESIAN_POINT('',(0.00266025403784437,-0.08022,-0.0392871870788979));
#6649=CARTESIAN_POINT('',(0.00266025403784437,-0.0787,-0.0392871870788979));
#6650=CARTESIAN_POINT('',(5.20417042793042E-17,-0.0803,-0.046));
#6651=CARTESIAN_POINT('',(5.20417042793042E-17,-0.08022,-0.046));
#6652=CARTESIAN_POINT('',(5.20417042793042E-17,-0.0787,-0.046));
#6653=CARTESIAN_POINT('',(-0.0195,-0.0803,-0.00721651552863279));
#6654=CARTESIAN_POINT('',(-0.0195,-0.0787,-0.00721651552863279));
#6655=CARTESIAN_POINT('',(-0.0195,-0.0787,-0.00876651552863279));
#6656=CARTESIAN_POINT('',(-0.0195,-0.08022,-0.00721651552863279));
#6657=CARTESIAN_POINT('',(-0.0195,-0.08022,-0.00876651552863279));
#6658=CARTESIAN_POINT('',(0.0195,-0.0803,-0.00721651552863279));
#6659=CARTESIAN_POINT('',(0.0195,-0.0787,-0.00721651552863279));
#6660=CARTESIAN_POINT('',(0.0195,-0.0787,-0.00876651552863279));
#6661=CARTESIAN_POINT('',(0.0195,-0.08022,-0.00721651552863279));
#6662=CARTESIAN_POINT('',(0.0195,-0.08022,-0.00876651552863279));
#6663=CARTESIAN_POINT('',(0.,-0.0803,-0.0493085175183952));
#6664=CARTESIAN_POINT('',(0.,-0.0787,-0.0493085175183952));
#6665=CARTESIAN_POINT('',(0.,-0.0787,-0.0508585175183952));
#6666=CARTESIAN_POINT('',(0.,-0.08022,-0.0493085175183952));
#6667=CARTESIAN_POINT('',(0.,-0.08022,-0.0508585175183952));
#6668=CARTESIAN_POINT('',(0.01143,-0.0803,-0.0376385175183954));
#6669=CARTESIAN_POINT('',(0.01143,-0.0787,-0.0376385175183954));
#6670=CARTESIAN_POINT('',(0.01143,-0.0787,-0.0381885175183954));
#6671=CARTESIAN_POINT('',(0.01143,-0.08022,-0.0376385175183954));
#6672=CARTESIAN_POINT('',(0.01143,-0.08022,-0.0381885175183954));
#6673=CARTESIAN_POINT('',(0.01143,-0.0803,-0.0223985175183962));
#6674=CARTESIAN_POINT('',(0.01143,-0.0787,-0.0223985175183962));
#6675=CARTESIAN_POINT('',(0.01143,-0.0787,-0.0229485175183962));
#6676=CARTESIAN_POINT('',(0.01143,-0.08022,-0.0223985175183962));
#6677=CARTESIAN_POINT('',(0.01143,-0.08022,-0.0229485175183962));
#6678=CARTESIAN_POINT('',(9.0205620750794E-17,-0.0803,-0.0115));
#6679=CARTESIAN_POINT('',(0.01143,-0.0803,-0.0325585175183965));
#6680=CARTESIAN_POINT('',(0.01143,-0.0803,-0.0331085175183965));
#6681=CARTESIAN_POINT('',(0.0032,-0.0803,-0.0325585175183965));
#6682=CARTESIAN_POINT('',(0.0032,-0.0803,-0.0331085175183965));
#6683=CARTESIAN_POINT('',(0.01143,-0.0803,-0.0325585175183965));
#6684=CARTESIAN_POINT('',(0.01143,-0.0803,-0.0315585175183965));
#6685=CARTESIAN_POINT('',(0.01143,-0.0803,-0.0335585175183965));
#6686=CARTESIAN_POINT('',(0.007315,-0.0803,-0.0315585175183965));
#6687=CARTESIAN_POINT('',(0.0032,-0.0803,-0.0315585175183965));
#6688=CARTESIAN_POINT('',(0.0032,-0.0803,-0.0325585175183965));
#6689=CARTESIAN_POINT('',(0.0032,-0.0803,-0.0335585175183965));
#6690=CARTESIAN_POINT('',(0.007315,-0.0803,-0.0335585175183965));
#6691=CARTESIAN_POINT('',(9.0205620750794E-17,-0.0803,-0.0115));
#6692=CARTESIAN_POINT('',(-0.00254,-0.0803,-0.0201988129927837));
#6693=CARTESIAN_POINT('',(-0.00254,-0.0803,-0.0207488129927837));
#6694=CARTESIAN_POINT('',(-0.00254,-0.0803,-0.0222488129927837));
#6695=CARTESIAN_POINT('',(-0.00254,-0.0803,-0.0227988129927837));
#6696=CARTESIAN_POINT('',(-0.00254,-0.0803,-0.0201988129927837));
#6697=CARTESIAN_POINT('',(-0.00354,-0.0803,-0.0201988129927837));
#6698=CARTESIAN_POINT('',(-0.00154,-0.0803,-0.0201988129927837));
#6699=CARTESIAN_POINT('',(-0.00354,-0.0803,-0.0212238129927837));
#6700=CARTESIAN_POINT('',(-0.00354,-0.0803,-0.0222488129927837));
#6701=CARTESIAN_POINT('',(-0.00254,-0.0803,-0.0222488129927837));
#6702=CARTESIAN_POINT('',(-0.00154,-0.0803,-0.0222488129927837));
#6703=CARTESIAN_POINT('',(-0.00154,-0.0803,-0.0212238129927837));
#6704=CARTESIAN_POINT('',(9.0205620750794E-17,-0.0803,-0.0115));
#6705=CARTESIAN_POINT('',(-0.01016,-0.0803,-0.0201988129927837));
#6706=CARTESIAN_POINT('',(-0.01016,-0.0803,-0.0207488129927837));
#6707=CARTESIAN_POINT('',(-0.00793,-0.0803,-0.0350985175183966));
#6708=CARTESIAN_POINT('',(-0.00793,-0.0803,-0.0356485175183966));
#6709=CARTESIAN_POINT('',(-0.00931288996237023,-0.0803,-0.0214469601833388));
#6710=CARTESIAN_POINT('',(-0.0094846478192976,-0.0803,-0.0209363083704103));
#6711=CARTESIAN_POINT('',(-0.00914113210544282,-0.0803,-0.0219576119962675));
#6712=CARTESIAN_POINT('',(-0.01016,-0.0803,-0.0201988129927837));
#6713=CARTESIAN_POINT('',(-0.0102523836084119,-0.0803,-0.021194536482964));
#6714=CARTESIAN_POINT('',(-0.0100911918042059,-0.0803,-0.0216737744550692));
#6715=CARTESIAN_POINT('',(-0.00993,-0.0803,-0.0221530124271743));
#6716=CARTESIAN_POINT('',(-0.00993,-0.0803,-0.0238510831328737));
#6717=CARTESIAN_POINT('',(-0.00993,-0.0803,-0.0255491538385732));
#6718=CARTESIAN_POINT('',(-0.009525,-0.0803,-0.0255491538385732));
#6719=CARTESIAN_POINT('',(-0.00990761251599964,-0.0803,-0.0256819418749335));
#6720=CARTESIAN_POINT('',(-0.00941880625799982,-0.0803,-0.0270903774338586));
#6721=CARTESIAN_POINT('',(-0.00893,-0.0803,-0.0284988129927837));
#6722=CARTESIAN_POINT('',(-0.00893,-0.0803,-0.0317986652555902));
#6723=CARTESIAN_POINT('',(-0.00893,-0.0803,-0.0350985175183966));
#6724=CARTESIAN_POINT('',(-0.00793,-0.0803,-0.0350985175183966));
#6725=CARTESIAN_POINT('',(-0.00693,-0.0803,-0.0350985175183966));
#6726=CARTESIAN_POINT('',(-0.00693,-0.0803,-0.0317986652555902));
#6727=CARTESIAN_POINT('',(-0.00693,-0.0803,-0.0284988129927837));
#6728=CARTESIAN_POINT('',(-0.00793,-0.0803,-0.0284988129927837));
#6729=CARTESIAN_POINT('',(-0.0071672815284902,-0.0803,-0.0278520823431175));
#6730=CARTESIAN_POINT('',(-0.00814364076424511,-0.0803,-0.0267006180908453));
#6731=CARTESIAN_POINT('',(-0.00912,-0.0803,-0.0255491538385732));
#6732=CARTESIAN_POINT('',(-0.00912,-0.0803,-0.0238179399455588));
#6733=CARTESIAN_POINT('',(-0.00912,-0.0803,-0.0220867260525444));
#6734=CARTESIAN_POINT('',(-0.009525,-0.0803,-0.0220867260525444));
#6735=CARTESIAN_POINT('',(9.0205620750794E-17,-0.0803,-0.0115));
#6736=CARTESIAN_POINT('',(0.01143,-0.0803,-0.0350985175183966));
#6737=CARTESIAN_POINT('',(0.01143,-0.0803,-0.0356485175183966));
#6738=CARTESIAN_POINT('',(0.007315,-0.0803,-0.0350985175183966));
#6739=CARTESIAN_POINT('',(0.007315,-0.0803,-0.0356485175183966));
#6740=CARTESIAN_POINT('',(0.01143,-0.0803,-0.0350985175183966));
#6741=CARTESIAN_POINT('',(0.01143,-0.0803,-0.0340985175183965));
#6742=CARTESIAN_POINT('',(0.01143,-0.0803,-0.0360985175183966));
#6743=CARTESIAN_POINT('',(0.0093725,-0.0803,-0.0340985175183965));
#6744=CARTESIAN_POINT('',(0.007315,-0.0803,-0.0340985175183965));
#6745=CARTESIAN_POINT('',(0.007315,-0.0803,-0.0350985175183966));
#6746=CARTESIAN_POINT('',(0.007315,-0.0803,-0.0360985175183966));
#6747=CARTESIAN_POINT('',(0.0093725,-0.0803,-0.0360985175183966));
#6748=CARTESIAN_POINT('',(9.0205620750794E-17,-0.0803,-0.0115));
#6749=CARTESIAN_POINT('',(0.01143,-0.0803,-0.0274785175183963));
#6750=CARTESIAN_POINT('',(0.01143,-0.0803,-0.0280285175183962));
#6751=CARTESIAN_POINT('',(0.00508,-0.0803,-0.0274785175183963));
#6752=CARTESIAN_POINT('',(0.00508,-0.0803,-0.0280285175183962));
#6753=CARTESIAN_POINT('',(0.01143,-0.0803,-0.0274785175183963));
#6754=CARTESIAN_POINT('',(0.01143,-0.0803,-0.0264785175183962));
#6755=CARTESIAN_POINT('',(0.01143,-0.0803,-0.0284785175183963));
#6756=CARTESIAN_POINT('',(0.008255,-0.0803,-0.0264785175183962));
#6757=CARTESIAN_POINT('',(0.00508,-0.0803,-0.0264785175183962));
#6758=CARTESIAN_POINT('',(0.00508,-0.0803,-0.0274785175183963));
#6759=CARTESIAN_POINT('',(0.00508,-0.0803,-0.0284785175183963));
#6760=CARTESIAN_POINT('',(0.008255,-0.0803,-0.0284785175183963));
#6761=CARTESIAN_POINT('',(9.0205620750794E-17,-0.0803,-0.0115));
#6762=CARTESIAN_POINT('',(-0.0196211985144164,-0.0803,-0.0182817840984661));
#6763=CARTESIAN_POINT('',(-0.0196211985144164,-0.0803,-0.0188317840984661));
#6764=CARTESIAN_POINT('',(-0.021,-0.0803,-0.0145269330410535));
#6765=CARTESIAN_POINT('',(-0.021,-0.0803,-0.0150769330410535));
#6766=CARTESIAN_POINT('',(-0.0196211985144164,-0.0803,-0.0182817840984661));
#6767=CARTESIAN_POINT('',(-0.0186824857500632,-0.0803,-0.0179370837270702));
#6768=CARTESIAN_POINT('',(-0.0205599112787696,-0.0803,-0.018626484469862));
#6769=CARTESIAN_POINT('',(-0.019371886492855,-0.0803,-0.0160596581983639));
#6770=CARTESIAN_POINT('',(-0.0200612872356468,-0.0803,-0.0141822326696576));
#6771=CARTESIAN_POINT('',(-0.021,-0.0803,-0.0145269330410535));
#6772=CARTESIAN_POINT('',(-0.0219387127643532,-0.0803,-0.0148716334124494));
#6773=CARTESIAN_POINT('',(-0.0212493120215613,-0.0803,-0.0167490589411557));
#6774=CARTESIAN_POINT('',(9.0205620750794E-17,-0.0803,-0.0115));
#6775=CARTESIAN_POINT('',(0.01143,-0.0803,-0.0300185175183963));
#6776=CARTESIAN_POINT('',(0.01143,-0.0803,-0.0305685175183962));
#6777=CARTESIAN_POINT('',(0.007315,-0.0803,-0.0300185175183963));
#6778=CARTESIAN_POINT('',(0.007315,-0.0803,-0.0305685175183962));
#6779=CARTESIAN_POINT('',(0.01143,-0.0803,-0.0300185175183963));
#6780=CARTESIAN_POINT('',(0.01143,-0.0803,-0.0290185175183963));
#6781=CARTESIAN_POINT('',(0.01143,-0.0803,-0.0310185175183962));
#6782=CARTESIAN_POINT('',(0.0093725,-0.0803,-0.0290185175183963));
#6783=CARTESIAN_POINT('',(0.007315,-0.0803,-0.0290185175183963));
#6784=CARTESIAN_POINT('',(0.007315,-0.0803,-0.0300185175183963));
#6785=CARTESIAN_POINT('',(0.007315,-0.0803,-0.0310185175183962));
#6786=CARTESIAN_POINT('',(0.0093725,-0.0803,-0.0310185175183962));
#6787=CARTESIAN_POINT('',(9.0205620750794E-17,-0.0803,-0.0115));
#6788=CARTESIAN_POINT('',(0.0346602540378449,-0.0803,-0.0392871870788981));
#6789=CARTESIAN_POINT('',(0.0157164162625754,-0.0803,-0.0310423640212114));
#6790=CARTESIAN_POINT('',(0.0159709621042871,-0.0803,-0.0296283222781487));
#6791=CARTESIAN_POINT('',(0.0162255079459989,-0.0803,-0.028214280535086));
#6792=CARTESIAN_POINT('',(0.0166196245221773,-0.0803,-0.0267908520774819));
#6793=CARTESIAN_POINT('',(0.0170137410983557,-0.0803,-0.0253674236198779));
#6794=CARTESIAN_POINT('',(0.01605,-0.0803,-0.0251005845385195));
#6795=CARTESIAN_POINT('',(0.0150862589016443,-0.0803,-0.0248337454571612));
#6796=CARTESIAN_POINT('',(0.0146860002796068,-0.0803,-0.0262793571046947));
#6797=CARTESIAN_POINT('',(0.0142857416575693,-0.0803,-0.0277249687522282));
#6798=CARTESIAN_POINT('',(0.015249482755925,-0.0803,-0.0279918078335866));
#6799=CARTESIAN_POINT('',(0.014265301656114,-0.0803,-0.0278146424792558));
#6800=CARTESIAN_POINT('',(0.0133271367156061,-0.0803,-0.033026294647036));
#6801=CARTESIAN_POINT('',(0.012388971775098,-0.0803,-0.0382379468148163));
#6802=CARTESIAN_POINT('',(0.0117461198777459,-0.0803,-0.0387082321666057));
#6803=CARTESIAN_POINT('',(0.0111032679803937,-0.0803,-0.0391785175183952));
#6804=CARTESIAN_POINT('',(0.00605163399019687,-0.0803,-0.0391785175183952));
#6805=CARTESIAN_POINT('',(0.001,-0.0803,-0.0391785175183952));
#6806=CARTESIAN_POINT('',(0.001,-0.0803,-0.0330964474741268));
#6807=CARTESIAN_POINT('',(0.001,-0.0803,-0.0270143774298583));
#6808=CARTESIAN_POINT('',(2.51534904016637E-17,-0.0803,-0.0249988129927837));
#6809=CARTESIAN_POINT('',(0.00201556443707464,-0.0803,-0.0259988129927837));
#6810=CARTESIAN_POINT('',(0.00481778221853732,-0.0803,-0.0259988129927837));
#6811=CARTESIAN_POINT('',(0.00762,-0.0803,-0.0259988129927837));
#6812=CARTESIAN_POINT('',(0.00761999999999991,-0.0803,-0.0249988129927837));
#6813=CARTESIAN_POINT('',(0.00862,-0.0803,-0.0249988129927837));
#6814=CARTESIAN_POINT('',(0.00862,-0.0803,-0.0225988129927837));
#6815=CARTESIAN_POINT('',(0.00862,-0.0803,-0.0201988129927837));
#6816=CARTESIAN_POINT('',(0.00762,-0.0803,-0.0201988129927837));
#6817=CARTESIAN_POINT('',(0.00662,-0.0803,-0.0201988129927837));
#6818=CARTESIAN_POINT('',(0.00662,-0.0803,-0.0220988129927837));
#6819=CARTESIAN_POINT('',(0.00662,-0.0803,-0.0239988129927837));
#6820=CARTESIAN_POINT('',(0.00431778221853732,-0.0803,-0.0239988129927837));
#6821=CARTESIAN_POINT('',(0.00201556443707464,-0.0803,-0.0239988129927837));
#6822=CARTESIAN_POINT('',(-2.56955914879064E-17,-0.0803,-0.0249988129927837));
#6823=CARTESIAN_POINT('',(0.001,-0.0803,-0.022983248555709));
#6824=CARTESIAN_POINT('',(0.001,-0.0803,-0.0215910307742464));
#6825=CARTESIAN_POINT('',(0.001,-0.0803,-0.0201988129927837));
#6826=CARTESIAN_POINT('',(1.7347234759768E-18,-0.0803,-0.0201988129927837));
#6827=CARTESIAN_POINT('',(-0.001,-0.0803,-0.0201988129927837));
#6828=CARTESIAN_POINT('',(-0.001,-0.0803,-0.0215910307742464));
#6829=CARTESIAN_POINT('',(-0.001,-0.0803,-0.022983248555709));
#6830=CARTESIAN_POINT('',(3.24176449573166E-17,-0.0803,-0.0249988129927837));
#6831=CARTESIAN_POINT('',(-0.00201556443707464,-0.0803,-0.0239988129927837));
#6832=CARTESIAN_POINT('',(-0.00431778221853732,-0.0803,-0.0239988129927837));
#6833=CARTESIAN_POINT('',(-0.00662,-0.0803,-0.0239988129927837));
#6834=CARTESIAN_POINT('',(-0.00662,-0.0803,-0.0220988129927837));
#6835=CARTESIAN_POINT('',(-0.00662,-0.0803,-0.0201988129927837));
#6836=CARTESIAN_POINT('',(-0.00762,-0.0803,-0.0201988129927837));
#6837=CARTESIAN_POINT('',(-0.00862,-0.0803,-0.0201988129927837));
#6838=CARTESIAN_POINT('',(-0.00862,-0.0803,-0.0225988129927837));
#6839=CARTESIAN_POINT('',(-0.00862,-0.0803,-0.0249988129927837));
#6840=CARTESIAN_POINT('',(-0.00762,-0.0803,-0.0249988129927837));
#6841=CARTESIAN_POINT('',(-0.00762,-0.0803,-0.0259988129927837));
#6842=CARTESIAN_POINT('',(-0.00481778221853733,-0.0803,-0.0259988129927837));
#6843=CARTESIAN_POINT('',(-0.00201556443707464,-0.0803,-0.0259988129927837));
#6844=CARTESIAN_POINT('',(-1.97324795392362E-17,-0.0803,-0.0249988129927837));
#6845=CARTESIAN_POINT('',(-0.001,-0.0803,-0.0270143774298583));
#6846=CARTESIAN_POINT('',(-0.001,-0.0803,-0.0335964474741268));
#6847=CARTESIAN_POINT('',(-0.001,-0.0803,-0.0401785175183952));
#6848=CARTESIAN_POINT('',(3.50006312193235E-18,-0.0803,-0.0401785175183952));
#6849=CARTESIAN_POINT('',(3.5306792919111E-18,-0.0803,-0.0411785175183952));
#6850=CARTESIAN_POINT('',(0.005715,-0.0803,-0.0411785175183952));
#6851=CARTESIAN_POINT('',(0.01143,-0.0803,-0.0411785175183952));
#6852=CARTESIAN_POINT('',(0.01143,-0.0803,-0.0401785175183952));
#6853=CARTESIAN_POINT('',(0.0120204330590523,-0.0803,-0.0409856041325688));
#6854=CARTESIAN_POINT('',(0.0129565721728385,-0.0803,-0.040300761302884));
#6855=CARTESIAN_POINT('',(0.0138927112866247,-0.0803,-0.0396159184731993));
#6856=CARTESIAN_POINT('',(0.0133022782275729,-0.0803,-0.0388088318590265));
#6857=CARTESIAN_POINT('',(0.01605,-0.0803,-0.0251005845385195));
#6858=CARTESIAN_POINT('',(0.01605,-0.0803,-0.0256505845385195));
#6859=CARTESIAN_POINT('',(1.76840126295336E-18,-0.0803,-0.0201988129927837));
#6860=CARTESIAN_POINT('',(1.76840126295336E-18,-0.0803,-0.0207488129927837));
#6861=CARTESIAN_POINT('',(0.00762,-0.0803,-0.0201988129927837));
#6862=CARTESIAN_POINT('',(0.00762,-0.0803,-0.0207488129927837));
#6863=CARTESIAN_POINT('',(0.01143,-0.0803,-0.0401785175183952));
#6864=CARTESIAN_POINT('',(0.01143,-0.0803,-0.0407285175183952));
#6865=CARTESIAN_POINT('',(2.29621274840129E-20,-0.0803,-0.0249988129927837));
#6866=CARTESIAN_POINT('',(2.29621274840129E-20,-0.0803,-0.0257488129927837));
#6867=CARTESIAN_POINT('',(-0.00762,-0.0803,-0.0201988129927837));
#6868=CARTESIAN_POINT('',(-0.00762,-0.0803,-0.0207488129927837));
#6869=CARTESIAN_POINT('',(-0.00762,-0.0803,-0.0225605845385195));
#6870=CARTESIAN_POINT('',(-0.00762,-0.0803,-0.0231105845385195));
#6871=CARTESIAN_POINT('',(9.0205620750794E-17,-0.0803,-0.0115));
#6872=CARTESIAN_POINT('',(-0.01605,-0.0803,-0.0251005845385195));
#6873=CARTESIAN_POINT('',(-0.0165860538467837,-0.0803,-0.0259447683297335));
#6874=CARTESIAN_POINT('',(-0.0155139461532164,-0.0803,-0.0242564007473055));
#6875=CARTESIAN_POINT('',(-0.0157627971843743,-0.0803,-0.0264675335206408));
#6876=CARTESIAN_POINT('',(-0.014939540521965,-0.0803,-0.026990298711548));
#6877=CARTESIAN_POINT('',(-0.014939540521965,-0.0803,-0.0279655089335133));
#6878=CARTESIAN_POINT('',(-0.014939540521965,-0.0803,-0.0289407191554787));
#6879=CARTESIAN_POINT('',(-0.013939540521965,-0.0803,-0.0289407191554787));
#6880=CARTESIAN_POINT('',(-0.012939540521965,-0.0803,-0.0289407191554787));
#6881=CARTESIAN_POINT('',(-0.012939540521965,-0.0803,-0.0276907191554786));
#6882=CARTESIAN_POINT('',(-0.012939540521965,-0.0803,-0.0264407191554786));
#6883=CARTESIAN_POINT('',(-0.013939540521965,-0.0803,-0.0264407191554786));
#6884=CARTESIAN_POINT('',(-0.0134034866751813,-0.0803,-0.0255965353642646));
#6885=CARTESIAN_POINT('',(-0.0144587164141988,-0.0803,-0.0249264680557851));
#6886=CARTESIAN_POINT('',(-0.01605,-0.0803,-0.0251005845385195));
#6887=CARTESIAN_POINT('',(-0.01605,-0.0803,-0.0256505845385195));
#6888=CARTESIAN_POINT('',(-0.013939540521965,-0.0803,-0.0289407191554787));
#6889=CARTESIAN_POINT('',(-0.013939540521965,-0.0803,-0.0294907191554786));
#6890=CARTESIAN_POINT('',(9.0205620750794E-17,-0.0803,-0.0115));
#6891=CARTESIAN_POINT('',(-0.01143,-0.0803,-0.0376385175183954));
#6892=CARTESIAN_POINT('',(-0.01143,-0.0803,-0.0386385175183954));
#6893=CARTESIAN_POINT('',(-0.01143,-0.0803,-0.0376385175183954));
#6894=CARTESIAN_POINT('',(-0.01143,-0.0803,-0.0381885175183954));
#6895=CARTESIAN_POINT('',(9.0205620750794E-17,-0.0803,-0.0115));
#6896=CARTESIAN_POINT('',(-0.01143,-0.0803,-0.0401785175183952));
#6897=CARTESIAN_POINT('',(-0.01143,-0.0803,-0.0411785175183952));
#6898=CARTESIAN_POINT('',(-0.01143,-0.0803,-0.0401785175183952));
#6899=CARTESIAN_POINT('',(-0.01143,-0.0803,-0.0407285175183952));
#6900=CARTESIAN_POINT('',(9.0205620750794E-17,-0.0803,-0.0115));
#6901=CARTESIAN_POINT('',(-0.01143,-0.0803,-0.0350985175183966));
#6902=CARTESIAN_POINT('',(-0.01143,-0.0803,-0.0360985175183966));
#6903=CARTESIAN_POINT('',(-0.01143,-0.0803,-0.0350985175183966));
#6904=CARTESIAN_POINT('',(-0.01143,-0.0803,-0.0356485175183966));
#6905=CARTESIAN_POINT('',(9.0205620750794E-17,-0.0803,-0.0115));
#6906=CARTESIAN_POINT('',(-0.01143,-0.0803,-0.0325585175183965));
#6907=CARTESIAN_POINT('',(-0.01143,-0.0803,-0.0335585175183965));
#6908=CARTESIAN_POINT('',(-0.01143,-0.0803,-0.0325585175183965));
#6909=CARTESIAN_POINT('',(-0.01143,-0.0803,-0.0331085175183965));
#6910=CARTESIAN_POINT('',(9.0205620750794E-17,-0.0803,-0.0115));
#6911=CARTESIAN_POINT('',(-0.01143,-0.0803,-0.0300185175183963));
#6912=CARTESIAN_POINT('',(-0.01143,-0.0803,-0.0310185175183963));
#6913=CARTESIAN_POINT('',(-0.01143,-0.0803,-0.0300185175183963));
#6914=CARTESIAN_POINT('',(-0.01143,-0.0803,-0.0305685175183962));
#6915=CARTESIAN_POINT('',(9.0205620750794E-17,-0.0803,-0.0115));
#6916=CARTESIAN_POINT('',(-0.01143,-0.0803,-0.0274785175183963));
#6917=CARTESIAN_POINT('',(-0.01143,-0.0803,-0.0284785175183963));
#6918=CARTESIAN_POINT('',(-0.01143,-0.0803,-0.0274785175183963));
#6919=CARTESIAN_POINT('',(-0.01143,-0.0803,-0.0280285175183962));
#6920=CARTESIAN_POINT('',(9.0205620750794E-17,-0.0803,-0.0115));
#6921=CARTESIAN_POINT('',(-0.01605,-0.0803,-0.0225605845385195));
#6922=CARTESIAN_POINT('',(-0.01605,-0.0803,-0.0231105845385195));
#6923=CARTESIAN_POINT('',(-0.0181,-0.0803,-0.0225605845385195));
#6924=CARTESIAN_POINT('',(-0.0181,-0.0803,-0.0231105845385195));
#6925=CARTESIAN_POINT('',(-0.01605,-0.0803,-0.0225605845385195));
#6926=CARTESIAN_POINT('',(-0.01605,-0.0803,-0.0215605845385195));
#6927=CARTESIAN_POINT('',(-0.01605,-0.0803,-0.0235605845385195));
#6928=CARTESIAN_POINT('',(-0.017075,-0.0803,-0.0215605845385195));
#6929=CARTESIAN_POINT('',(-0.0181,-0.0803,-0.0215605845385195));
#6930=CARTESIAN_POINT('',(-0.0181,-0.0803,-0.0225605845385195));
#6931=CARTESIAN_POINT('',(-0.0181,-0.0803,-0.0235605845385195));
#6932=CARTESIAN_POINT('',(-0.017075,-0.0803,-0.0235605845385195));
#6933=CARTESIAN_POINT('',(9.0205620750794E-17,-0.0803,-0.0115));
#6934=CARTESIAN_POINT('',(-0.01143,-0.0803,-0.0249385175183963));
#6935=CARTESIAN_POINT('',(-0.01143,-0.0803,-0.0259385175183963));
#6936=CARTESIAN_POINT('',(-0.01143,-0.0803,-0.0249385175183963));
#6937=CARTESIAN_POINT('',(-0.01143,-0.0803,-0.0254885175183963));
#6938=CARTESIAN_POINT('',(9.0205620750794E-17,-0.0803,-0.0115));
#6939=CARTESIAN_POINT('',(0.01805,-0.0803,-0.0225605845385195));
#6940=CARTESIAN_POINT('',(0.0189887127643531,-0.0803,-0.0229052849099154));
#6941=CARTESIAN_POINT('',(0.01805,-0.0803,-0.0235605845385195));
#6942=CARTESIAN_POINT('',(0.0204637127643531,-0.0803,-0.0188884591611824));
#6943=CARTESIAN_POINT('',(0.0219387127643532,-0.0803,-0.0148716334124495));
#6944=CARTESIAN_POINT('',(0.021,-0.0803,-0.0145269330410535));
#6945=CARTESIAN_POINT('',(0.0200612872356468,-0.0803,-0.0141822326696576));
#6946=CARTESIAN_POINT('',(0.018706602008138,-0.0803,-0.0178714086040885));
#6947=CARTESIAN_POINT('',(0.0173519167806292,-0.0803,-0.0215605845385195));
#6948=CARTESIAN_POINT('',(0.0167009583903146,-0.0803,-0.0215605845385195));
#6949=CARTESIAN_POINT('',(0.01605,-0.0803,-0.0215605845385195));
#6950=CARTESIAN_POINT('',(0.01605,-0.0803,-0.0225605845385195));
#6951=CARTESIAN_POINT('',(0.01605,-0.0803,-0.0235605845385195));
#6952=CARTESIAN_POINT('',(0.01705,-0.0803,-0.0235605845385195));
#6953=CARTESIAN_POINT('',(0.01605,-0.0803,-0.0225605845385195));
#6954=CARTESIAN_POINT('',(0.01605,-0.0803,-0.0231105845385195));
#6955=CARTESIAN_POINT('',(0.0196211985144163,-0.0803,-0.0182817840984661));
#6956=CARTESIAN_POINT('',(0.0196211985144163,-0.0803,-0.0188317840984661));
#6957=CARTESIAN_POINT('',(0.021,-0.0803,-0.0145269330410535));
#6958=CARTESIAN_POINT('',(0.021,-0.0803,-0.0150769330410535));
#6959=CARTESIAN_POINT('',(9.0205620750794E-17,-0.0803,-0.0115));
#6960=CARTESIAN_POINT('',(-0.00254,-0.0803,-0.0325585175183965));
#6961=CARTESIAN_POINT('',(-0.00254,-0.0803,-0.0331085175183965));
#6962=CARTESIAN_POINT('',(-0.00254,-0.0803,-0.0295585175183965));
#6963=CARTESIAN_POINT('',(-0.00254,-0.0803,-0.0301085175183965));
#6964=CARTESIAN_POINT('',(-0.00254,-0.0803,-0.0325585175183965));
#6965=CARTESIAN_POINT('',(-0.00154,-0.0803,-0.0325585175183965));
#6966=CARTESIAN_POINT('',(-0.00354,-0.0803,-0.0325585175183965));
#6967=CARTESIAN_POINT('',(-0.00154,-0.0803,-0.0310585175183965));
#6968=CARTESIAN_POINT('',(-0.00154,-0.0803,-0.0295585175183965));
#6969=CARTESIAN_POINT('',(-0.00254,-0.0803,-0.0295585175183965));
#6970=CARTESIAN_POINT('',(-0.00354,-0.0803,-0.0295585175183965));
#6971=CARTESIAN_POINT('',(-0.00354,-0.0803,-0.0310585175183965));
#6972=CARTESIAN_POINT('',(9.0205620750794E-17,-0.0803,-0.0115));
#6973=CARTESIAN_POINT('',(0.00508,-0.0803,-0.0201988129927837));
#6974=CARTESIAN_POINT('',(0.00508,-0.0803,-0.0207488129927837));
#6975=CARTESIAN_POINT('',(0.00508,-0.0803,-0.0222488129927837));
#6976=CARTESIAN_POINT('',(0.00508,-0.0803,-0.0227988129927837));
#6977=CARTESIAN_POINT('',(0.00508,-0.0803,-0.0201988129927837));
#6978=CARTESIAN_POINT('',(0.00408,-0.0803,-0.0201988129927837));
#6979=CARTESIAN_POINT('',(0.00608,-0.0803,-0.0201988129927837));
#6980=CARTESIAN_POINT('',(0.00408,-0.0803,-0.0212238129927837));
#6981=CARTESIAN_POINT('',(0.00408,-0.0803,-0.0222488129927837));
#6982=CARTESIAN_POINT('',(0.00508,-0.0803,-0.0222488129927837));
#6983=CARTESIAN_POINT('',(0.00608,-0.0803,-0.0222488129927837));
#6984=CARTESIAN_POINT('',(0.00608,-0.0803,-0.0212238129927837));
#6985=CARTESIAN_POINT('',(9.0205620750794E-17,-0.0803,-0.0115));
#6986=CARTESIAN_POINT('',(-0.01196,-0.0803,-0.0223250328261127));
#6987=CARTESIAN_POINT('',(-0.01196,-0.0803,-0.0223985175183962));
#6988=CARTESIAN_POINT('',(-0.01196,-0.0803,-0.0222515481338292));
#6989=CARTESIAN_POINT('',(-0.01143,-0.0803,-0.0223985175183962));
#6990=CARTESIAN_POINT('',(-0.0119670588235294,-0.0803,-0.0225171253599128));
#6991=CARTESIAN_POINT('',(-0.0129599999999995,-0.0803,-0.0223985175183962));
#6992=CARTESIAN_POINT('',(-0.021,-0.0803,-0.0119869330410535));
#6993=CARTESIAN_POINT('',(-0.021,-0.0803,-0.0125369330410535));
#6994=CARTESIAN_POINT('',(0.,-0.0803,-0.0151988129927837));
#6995=CARTESIAN_POINT('',(0.,-0.0803,-0.0159488129927837));
#6996=CARTESIAN_POINT('',(0.021,-0.0803,-0.0119869330410535));
#6997=CARTESIAN_POINT('',(0.021,-0.0803,-0.0125369330410535));
#6998=CARTESIAN_POINT('',(0.01016,-0.0803,-0.0201988129927837));
#6999=CARTESIAN_POINT('',(0.01016,-0.0803,-0.0207488129927837));
#7000=CARTESIAN_POINT('',(-0.01605,-0.0803,-0.0200205845385195));
#7001=CARTESIAN_POINT('',(-0.01605,-0.0803,-0.0205705845385195));
#7002=CARTESIAN_POINT('',(-0.00508,-0.0803,-0.0201988129927837));
#7003=CARTESIAN_POINT('',(-0.00508,-0.0803,-0.0207488129927837));
#7004=CARTESIAN_POINT('',(0.00254,-0.0803,-0.0201988129927837));
#7005=CARTESIAN_POINT('',(0.00254,-0.0803,-0.0207488129927837));
#7006=CARTESIAN_POINT('',(-0.012195,-0.0803,-0.0233985175183963));
#7007=CARTESIAN_POINT('',(-0.01143,-0.0803,-0.0233985175183963));
#7008=CARTESIAN_POINT('',(-0.01296,-0.0803,-0.0233985175183963));
#7009=CARTESIAN_POINT('',(-0.01143,-0.0803,-0.0223985175183962));
#7010=CARTESIAN_POINT('',(-0.01143,-0.0803,-0.0213985175183962));
#7011=CARTESIAN_POINT('',(-0.011695,-0.0803,-0.0213985175183963));
#7012=CARTESIAN_POINT('',(-0.01196,-0.0803,-0.0213985175183963));
#7013=CARTESIAN_POINT('',(-0.01196,-0.0803,-0.018109698765651));
#7014=CARTESIAN_POINT('',(-0.01196,-0.0803,-0.0161988129927824));
#7015=CARTESIAN_POINT('',(-0.00901999999999963,-0.0803,-0.0161988129927824));
#7016=CARTESIAN_POINT('',(-0.00607999999999971,-0.0803,-0.0161988129927824));
#7017=CARTESIAN_POINT('',(-0.00607999999999971,-0.0803,-0.0181988129927831));
#7018=CARTESIAN_POINT('',(-0.00608,-0.0803,-0.0201988129927837));
#7019=CARTESIAN_POINT('',(-0.00508,-0.0803,-0.0201988129927837));
#7020=CARTESIAN_POINT('',(-0.00408,-0.0803,-0.0201988129927837));
#7021=CARTESIAN_POINT('',(-0.00408,-0.0803,-0.0181988129927831));
#7022=CARTESIAN_POINT('',(-0.00408,-0.0803,-0.0161988129927824));
#7023=CARTESIAN_POINT('',(-0.00304778221853763,-0.0803,-0.0161988129927824));
#7024=CARTESIAN_POINT('',(-0.00201556443707525,-0.0803,-0.0161988129927825));
#7025=CARTESIAN_POINT('',(2.43945488809238E-18,-0.0803,-0.0151988129927837));
#7026=CARTESIAN_POINT('',(0.000373846153846164,-0.0803,-0.0174175376384426));
#7027=CARTESIAN_POINT('',(0.00054,-0.0803,-0.0184036374809577));
#7028=CARTESIAN_POINT('',(0.00154,-0.0803,-0.0184036374809577));
#7029=CARTESIAN_POINT('',(0.00154,-0.0803,-0.0193012252368707));
#7030=CARTESIAN_POINT('',(0.00154,-0.0803,-0.0201988129927837));
#7031=CARTESIAN_POINT('',(0.00254,-0.0803,-0.0201988129927837));
#7032=CARTESIAN_POINT('',(0.00354,-0.0803,-0.0201988129927837));
#7033=CARTESIAN_POINT('',(0.00354,-0.0803,-0.0181988129927836));
#7034=CARTESIAN_POINT('',(0.00354,-0.0803,-0.0161988129927835));
#7035=CARTESIAN_POINT('',(0.00635,-0.0803,-0.0161988129927835));
#7036=CARTESIAN_POINT('',(0.00916,-0.0803,-0.0161988129927835));
#7037=CARTESIAN_POINT('',(0.00916,-0.0803,-0.0181988129927836));
#7038=CARTESIAN_POINT('',(0.00916,-0.0803,-0.0201988129927837));
#7039=CARTESIAN_POINT('',(0.01016,-0.0803,-0.0201988129927837));
#7040=CARTESIAN_POINT('',(0.0111599999999998,-0.0803,-0.0201988129927837));
#7041=CARTESIAN_POINT('',(0.0111599999999998,-0.0803,-0.0180721501330382));
#7042=CARTESIAN_POINT('',(0.0111599999999998,-0.0803,-0.0159454872732927));
#7043=CARTESIAN_POINT('',(0.0162220453072667,-0.0803,-0.0144456088750307));
#7044=CARTESIAN_POINT('',(0.0212840906145336,-0.0803,-0.0129457304767687));
#7045=CARTESIAN_POINT('',(0.021,-0.0803,-0.0119869330410535));
#7046=CARTESIAN_POINT('',(0.0207159093854665,-0.0803,-0.0110281356053384));
#7047=CARTESIAN_POINT('',(0.0153654381044033,-0.0803,-0.0126134742990612));
#7048=CARTESIAN_POINT('',(0.0100149668233402,-0.0803,-0.0141988129927839));
#7049=CARTESIAN_POINT('',(0.00227778221853736,-0.0803,-0.0141988129927839));
#7050=CARTESIAN_POINT('',(0.00201556443707473,-0.0803,-0.0141988129927839));
#7051=CARTESIAN_POINT('',(-1.7347234759768E-18,-0.0803,-0.0151988129927837));
#7052=CARTESIAN_POINT('',(-0.00201556443707483,-0.0803,-0.0141988129927841));
#7053=CARTESIAN_POINT('',(-0.00887422325768961,-0.0803,-0.0141988129927841));
#7054=CARTESIAN_POINT('',(-0.0126684465153792,-0.0803,-0.0141988129927841));
#7055=CARTESIAN_POINT('',(-0.0150655112192038,-0.0803,-0.0126712169480987));
#7056=CARTESIAN_POINT('',(-0.0174625759230283,-0.0803,-0.0111436209034134));
#7057=CARTESIAN_POINT('',(-0.018,-0.0803,-0.0119869330410535));
#7058=CARTESIAN_POINT('',(-0.018,-0.0803,-0.0109869330410535));
#7059=CARTESIAN_POINT('',(-0.0195,-0.0803,-0.0109869330410535));
#7060=CARTESIAN_POINT('',(-0.021,-0.0803,-0.0109869330410535));
#7061=CARTESIAN_POINT('',(-0.021,-0.0803,-0.0119869330410535));
#7062=CARTESIAN_POINT('',(-0.021,-0.0803,-0.0129869330410535));
#7063=CARTESIAN_POINT('',(-0.0196457767423101,-0.0803,-0.0129869330410535));
#7064=CARTESIAN_POINT('',(-0.0182915534846202,-0.0803,-0.0129869330410535));
#7065=CARTESIAN_POINT('',(-0.0161257767423101,-0.0803,-0.0143671344098133));
#7066=CARTESIAN_POINT('',(-0.01396,-0.0803,-0.0157473357785731));
#7067=CARTESIAN_POINT('',(-0.01396,-0.0803,-0.0173839601585463));
#7068=CARTESIAN_POINT('',(-0.01396,-0.0803,-0.0190205845385195));
#7069=CARTESIAN_POINT('',(-0.015005,-0.0803,-0.0190205845385195));
#7070=CARTESIAN_POINT('',(-0.01605,-0.0803,-0.0190205845385195));
#7071=CARTESIAN_POINT('',(-0.01605,-0.0803,-0.0200205845385195));
#7072=CARTESIAN_POINT('',(-0.01605,-0.0803,-0.0210205845385195));
#7073=CARTESIAN_POINT('',(-0.015005,-0.0803,-0.0210205845385195));
#7074=CARTESIAN_POINT('',(-0.01396,-0.0803,-0.0210205845385195));
#7075=CARTESIAN_POINT('',(-0.01396,-0.0803,-0.0217095510284579));
#7076=CARTESIAN_POINT('',(-0.01396,-0.0803,-0.0223985175183962));
#7077=CARTESIAN_POINT('',(-0.01296,-0.0803,-0.0223985175183962));
#7078=CARTESIAN_POINT('',(-0.01196,-0.0803,-0.0223250328261127));
#7079=CARTESIAN_POINT('',(-0.01196,-0.0787,-0.0223250328261127));
#7080=CARTESIAN_POINT('',(-0.01196,-0.0787,-0.0223985175183962));
#7081=CARTESIAN_POINT('',(-0.01196,-0.0787,-0.0222515481338292));
#7082=CARTESIAN_POINT('',(-0.01196,-0.0803,-0.0222515481338292));
#7083=CARTESIAN_POINT('',(-0.01196,-0.0803,-0.0223985175183962));
#7084=CARTESIAN_POINT('',(-0.01143,-0.0803,-0.0223985175183962));
#7085=CARTESIAN_POINT('',(-0.01143,-0.0787,-0.0223985175183962));
#7086=CARTESIAN_POINT('',(-0.0119670588235294,-0.0787,-0.0225171253599128));
#7087=CARTESIAN_POINT('',(-0.0119670588235294,-0.0803,-0.0225171253599128));
#7088=CARTESIAN_POINT('',(0.0346602540378449,-0.0803,-0.0392871870788981));
#7089=CARTESIAN_POINT('',(0.0346602540378449,-0.08022,-0.0392871870788981));
#7090=CARTESIAN_POINT('',(0.0157164162625754,-0.08022,-0.0310423640212114));
#7091=CARTESIAN_POINT('',(0.0157164162625754,-0.08022,-0.0310423640212114));
#7092=CARTESIAN_POINT('',(0.0346602540378449,-0.0787,-0.0392871870788981));
#7093=CARTESIAN_POINT('',(0.00508,-0.0803,-0.0222488129927837));
#7094=CARTESIAN_POINT('',(0.00508,-0.0787,-0.0222488129927837));
#7095=CARTESIAN_POINT('',(0.00508,-0.0787,-0.0227988129927837));
#7096=CARTESIAN_POINT('',(-0.01605,-0.0803,-0.0225605845385195));
#7097=CARTESIAN_POINT('',(-0.01605,-0.0787,-0.0225605845385195));
#7098=CARTESIAN_POINT('',(-0.01605,-0.0787,-0.0231105845385195));
#7099=CARTESIAN_POINT('',(-0.0181,-0.0803,-0.0225605845385195));
#7100=CARTESIAN_POINT('',(-0.0181,-0.0787,-0.0225605845385195));
#7101=CARTESIAN_POINT('',(-0.0181,-0.0787,-0.0231105845385195));
#7102=CARTESIAN_POINT('',(-0.01143,-0.0803,-0.0249385175183963));
#7103=CARTESIAN_POINT('',(-0.01143,-0.0787,-0.0249385175183963));
#7104=CARTESIAN_POINT('',(-0.01143,-0.0787,-0.0254885175183963));
#7105=CARTESIAN_POINT('',(-0.01143,-0.0803,-0.0274785175183963));
#7106=CARTESIAN_POINT('',(-0.01143,-0.0787,-0.0274785175183963));
#7107=CARTESIAN_POINT('',(-0.01143,-0.0787,-0.0280285175183962));
#7108=CARTESIAN_POINT('',(-0.01143,-0.0803,-0.0300185175183963));
#7109=CARTESIAN_POINT('',(-0.01143,-0.0787,-0.0300185175183963));
#7110=CARTESIAN_POINT('',(-0.01143,-0.0787,-0.0305685175183962));
#7111=CARTESIAN_POINT('',(-0.01143,-0.0803,-0.0325585175183965));
#7112=CARTESIAN_POINT('',(-0.01143,-0.0787,-0.0325585175183965));
#7113=CARTESIAN_POINT('',(-0.01143,-0.0787,-0.0331085175183965));
#7114=CARTESIAN_POINT('',(-0.01143,-0.0803,-0.0350985175183966));
#7115=CARTESIAN_POINT('',(-0.01143,-0.0787,-0.0350985175183966));
#7116=CARTESIAN_POINT('',(-0.01143,-0.0787,-0.0356485175183966));
#7117=CARTESIAN_POINT('',(-0.01143,-0.0803,-0.0401785175183952));
#7118=CARTESIAN_POINT('',(-0.01143,-0.0787,-0.0401785175183952));
#7119=CARTESIAN_POINT('',(-0.01143,-0.0787,-0.0407285175183952));
#7120=CARTESIAN_POINT('',(-0.01143,-0.0803,-0.0376385175183954));
#7121=CARTESIAN_POINT('',(-0.01143,-0.0787,-0.0376385175183954));
#7122=CARTESIAN_POINT('',(-0.01143,-0.0787,-0.0381885175183954));
#7123=CARTESIAN_POINT('',(-0.01605,-0.0803,-0.0251005845385195));
#7124=CARTESIAN_POINT('',(-0.01605,-0.0787,-0.0251005845385195));
#7125=CARTESIAN_POINT('',(-0.01605,-0.0787,-0.0256505845385195));
#7126=CARTESIAN_POINT('',(-0.013939540521965,-0.0803,-0.0289407191554787));
#7127=CARTESIAN_POINT('',(-0.013939540521965,-0.0787,-0.0289407191554787));
#7128=CARTESIAN_POINT('',(-0.013939540521965,-0.0787,-0.0294907191554786));
#7129=CARTESIAN_POINT('',(-0.0196211985144164,-0.0803,-0.0182817840984661));
#7130=CARTESIAN_POINT('',(-0.0196211985144164,-0.0787,-0.0182817840984661));
#7131=CARTESIAN_POINT('',(-0.0196211985144164,-0.0787,-0.0188317840984661));
#7132=CARTESIAN_POINT('',(-0.021,-0.0803,-0.0145269330410535));
#7133=CARTESIAN_POINT('',(-0.021,-0.0787,-0.0145269330410535));
#7134=CARTESIAN_POINT('',(-0.021,-0.0787,-0.0150769330410535));
#7135=CARTESIAN_POINT('',(0.01143,-0.0803,-0.0274785175183963));
#7136=CARTESIAN_POINT('',(0.01143,-0.0787,-0.0274785175183963));
#7137=CARTESIAN_POINT('',(0.01143,-0.0787,-0.0280285175183962));
#7138=CARTESIAN_POINT('',(0.00508,-0.0803,-0.0274785175183963));
#7139=CARTESIAN_POINT('',(0.00508,-0.0787,-0.0274785175183963));
#7140=CARTESIAN_POINT('',(0.00508,-0.0787,-0.0280285175183962));
#7141=CARTESIAN_POINT('',(-0.01016,-0.0803,-0.0201988129927837));
#7142=CARTESIAN_POINT('',(-0.01016,-0.0787,-0.0201988129927837));
#7143=CARTESIAN_POINT('',(-0.01016,-0.0787,-0.0207488129927837));
#7144=CARTESIAN_POINT('',(-0.00254,-0.0803,-0.0201988129927837));
#7145=CARTESIAN_POINT('',(-0.00254,-0.0787,-0.0201988129927837));
#7146=CARTESIAN_POINT('',(-0.00254,-0.0787,-0.0207488129927837));
#7147=CARTESIAN_POINT('',(-0.00254,-0.0803,-0.0222488129927837));
#7148=CARTESIAN_POINT('',(-0.00254,-0.0787,-0.0222488129927837));
#7149=CARTESIAN_POINT('',(-0.00254,-0.0787,-0.0227988129927837));
#7150=CARTESIAN_POINT('',(-0.00762,-0.0803,-0.0225605845385195));
#7151=CARTESIAN_POINT('',(-0.00762,-0.0787,-0.0225605845385195));
#7152=CARTESIAN_POINT('',(-0.00762,-0.0787,-0.0231105845385195));
#7153=CARTESIAN_POINT('',(-0.00762,-0.0803,-0.0201988129927837));
#7154=CARTESIAN_POINT('',(-0.00762,-0.0787,-0.0201988129927837));
#7155=CARTESIAN_POINT('',(-0.00762,-0.0787,-0.0207488129927837));
#7156=CARTESIAN_POINT('',(2.29621274840129E-20,-0.0803,-0.0249988129927837));
#7157=CARTESIAN_POINT('',(2.29621274840129E-20,-0.0787,-0.0249988129927837));
#7158=CARTESIAN_POINT('',(2.29621274840129E-20,-0.0787,-0.0257488129927837));
#7159=CARTESIAN_POINT('',(0.01143,-0.0803,-0.0401785175183952));
#7160=CARTESIAN_POINT('',(0.01143,-0.0787,-0.0401785175183952));
#7161=CARTESIAN_POINT('',(0.01143,-0.0787,-0.0407285175183952));
#7162=CARTESIAN_POINT('',(0.00762,-0.0803,-0.0201988129927837));
#7163=CARTESIAN_POINT('',(0.00762,-0.0787,-0.0201988129927837));
#7164=CARTESIAN_POINT('',(0.00762,-0.0787,-0.0207488129927837));
#7165=CARTESIAN_POINT('',(1.76840126295336E-18,-0.0803,-0.0201988129927837));
#7166=CARTESIAN_POINT('',(1.76840126295336E-18,-0.0787,-0.0201988129927837));
#7167=CARTESIAN_POINT('',(1.76840126295336E-18,-0.0787,-0.0207488129927837));
#7168=CARTESIAN_POINT('',(0.01605,-0.0803,-0.0251005845385195));
#7169=CARTESIAN_POINT('',(0.01605,-0.0787,-0.0251005845385195));
#7170=CARTESIAN_POINT('',(0.01605,-0.0787,-0.0256505845385195));
#7171=CARTESIAN_POINT('',(-0.0129599999999995,-0.0803,-0.0223985175183962));
#7172=CARTESIAN_POINT('',(-0.0129599999999995,-0.0787,-0.0223985175183962));
#7173=CARTESIAN_POINT('',(-0.021,-0.0803,-0.0119869330410535));
#7174=CARTESIAN_POINT('',(-0.021,-0.0787,-0.0119869330410535));
#7175=CARTESIAN_POINT('',(-0.021,-0.0787,-0.0125369330410535));
#7176=CARTESIAN_POINT('',(0.,-0.0803,-0.0151988129927837));
#7177=CARTESIAN_POINT('',(0.,-0.0787,-0.0151988129927837));
#7178=CARTESIAN_POINT('',(0.,-0.0787,-0.0159488129927837));
#7179=CARTESIAN_POINT('',(0.021,-0.0803,-0.0119869330410535));
#7180=CARTESIAN_POINT('',(0.021,-0.0787,-0.0119869330410535));
#7181=CARTESIAN_POINT('',(0.021,-0.0787,-0.0125369330410535));
#7182=CARTESIAN_POINT('',(0.01016,-0.0803,-0.0201988129927837));
#7183=CARTESIAN_POINT('',(0.01016,-0.0787,-0.0201988129927837));
#7184=CARTESIAN_POINT('',(0.01016,-0.0787,-0.0207488129927837));
#7185=CARTESIAN_POINT('',(0.01143,-0.0803,-0.0300185175183963));
#7186=CARTESIAN_POINT('',(0.01143,-0.0787,-0.0300185175183963));
#7187=CARTESIAN_POINT('',(0.01143,-0.0787,-0.0305685175183962));
#7188=CARTESIAN_POINT('',(0.007315,-0.0803,-0.0300185175183963));
#7189=CARTESIAN_POINT('',(0.007315,-0.0787,-0.0300185175183963));
#7190=CARTESIAN_POINT('',(0.007315,-0.0787,-0.0305685175183962));
#7191=CARTESIAN_POINT('',(-0.01605,-0.0803,-0.0200205845385195));
#7192=CARTESIAN_POINT('',(-0.01605,-0.0787,-0.0200205845385195));
#7193=CARTESIAN_POINT('',(-0.01605,-0.0787,-0.0205705845385195));
#7194=CARTESIAN_POINT('',(0.01143,-0.0803,-0.0325585175183965));
#7195=CARTESIAN_POINT('',(0.01143,-0.0787,-0.0325585175183965));
#7196=CARTESIAN_POINT('',(0.01143,-0.0787,-0.0331085175183965));
#7197=CARTESIAN_POINT('',(0.0032,-0.0803,-0.0325585175183965));
#7198=CARTESIAN_POINT('',(0.0032,-0.0787,-0.0325585175183965));
#7199=CARTESIAN_POINT('',(0.0032,-0.0787,-0.0331085175183965));
#7200=CARTESIAN_POINT('',(0.01605,-0.0803,-0.0200205845385195));
#7201=CARTESIAN_POINT('',(0.01605,-0.0803,-0.0200205845385195));
#7202=CARTESIAN_POINT('',(0.01605,-0.0803,-0.0205705845385195));
#7203=CARTESIAN_POINT('',(0.01605,-0.0787,-0.0200205845385195));
#7204=CARTESIAN_POINT('',(0.01605,-0.0787,-0.0205705845385195));
#7205=CARTESIAN_POINT('',(0.01143,-0.0803,-0.0249385175183963));
#7206=CARTESIAN_POINT('',(0.01143,-0.0803,-0.0249385175183963));
#7207=CARTESIAN_POINT('',(0.01143,-0.0803,-0.0254885175183963));
#7208=CARTESIAN_POINT('',(0.01143,-0.0787,-0.0249385175183963));
#7209=CARTESIAN_POINT('',(0.01143,-0.0787,-0.0254885175183963));
#7210=CARTESIAN_POINT('',(-0.00793,-0.0803,-0.0350985175183966));
#7211=CARTESIAN_POINT('',(-0.00793,-0.0787,-0.0350985175183966));
#7212=CARTESIAN_POINT('',(-0.00793,-0.0787,-0.0356485175183966));
#7213=CARTESIAN_POINT('',(-0.00508,-0.0803,-0.0201988129927837));
#7214=CARTESIAN_POINT('',(-0.00508,-0.0787,-0.0201988129927837));
#7215=CARTESIAN_POINT('',(-0.00508,-0.0787,-0.0207488129927837));
#7216=CARTESIAN_POINT('',(0.00254,-0.0803,-0.0201988129927837));
#7217=CARTESIAN_POINT('',(0.00254,-0.0787,-0.0201988129927837));
#7218=CARTESIAN_POINT('',(0.00254,-0.0787,-0.0207488129927837));
#7219=CARTESIAN_POINT('',(0.01605,-0.0803,-0.0225605845385195));
#7220=CARTESIAN_POINT('',(0.01605,-0.0787,-0.0225605845385195));
#7221=CARTESIAN_POINT('',(0.01605,-0.0787,-0.0231105845385195));
#7222=CARTESIAN_POINT('',(0.0196211985144163,-0.0803,-0.0182817840984661));
#7223=CARTESIAN_POINT('',(0.0196211985144163,-0.0787,-0.0182817840984661));
#7224=CARTESIAN_POINT('',(0.0196211985144163,-0.0787,-0.0188317840984661));
#7225=CARTESIAN_POINT('',(0.021,-0.0803,-0.0145269330410535));
#7226=CARTESIAN_POINT('',(0.021,-0.0787,-0.0145269330410535));
#7227=CARTESIAN_POINT('',(0.021,-0.0787,-0.0150769330410535));
#7228=CARTESIAN_POINT('',(-0.00254,-0.0803,-0.0325585175183965));
#7229=CARTESIAN_POINT('',(-0.00254,-0.0787,-0.0325585175183965));
#7230=CARTESIAN_POINT('',(-0.00254,-0.0787,-0.0331085175183965));
#7231=CARTESIAN_POINT('',(-0.00254,-0.0803,-0.0295585175183965));
#7232=CARTESIAN_POINT('',(-0.00254,-0.0787,-0.0295585175183965));
#7233=CARTESIAN_POINT('',(-0.00254,-0.0787,-0.0301085175183965));
#7234=CARTESIAN_POINT('',(0.01143,-0.0803,-0.0350985175183966));
#7235=CARTESIAN_POINT('',(0.01143,-0.0787,-0.0350985175183966));
#7236=CARTESIAN_POINT('',(0.01143,-0.0787,-0.0356485175183966));
#7237=CARTESIAN_POINT('',(0.007315,-0.0803,-0.0350985175183966));
#7238=CARTESIAN_POINT('',(0.007315,-0.0787,-0.0350985175183966));
#7239=CARTESIAN_POINT('',(0.007315,-0.0787,-0.0356485175183966));
#7240=CARTESIAN_POINT('',(0.00508,-0.0803,-0.0201988129927837));
#7241=CARTESIAN_POINT('',(0.00508,-0.0787,-0.0201988129927837));
#7242=CARTESIAN_POINT('',(0.00508,-0.0787,-0.0207488129927837));
#7243=CARTESIAN_POINT('',(9.0205620750794E-17,-0.0803,-0.0115));
#7244=CARTESIAN_POINT('',(0.01345,-0.0803,-0.0200205845385195));
#7245=CARTESIAN_POINT('',(0.01245,-0.0803,-0.0200205845385195));
#7246=CARTESIAN_POINT('',(0.01345,-0.0803,-0.0190205845385195));
#7247=CARTESIAN_POINT('',(0.01245,-0.0803,-0.0219795510284579));
#7248=CARTESIAN_POINT('',(0.01245,-0.0803,-0.0239385175183963));
#7249=CARTESIAN_POINT('',(0.01194,-0.0803,-0.0239385175183963));
#7250=CARTESIAN_POINT('',(0.01143,-0.0803,-0.0239385175183963));
#7251=CARTESIAN_POINT('',(0.01143,-0.0803,-0.0249385175183963));
#7252=CARTESIAN_POINT('',(0.01143,-0.0803,-0.0259385175183963));
#7253=CARTESIAN_POINT('',(0.01244,-0.0803,-0.0259385175183963));
#7254=CARTESIAN_POINT('',(0.01345,-0.0803,-0.0259385175183963));
#7255=CARTESIAN_POINT('',(0.01345,-0.0803,-0.0249385175183963));
#7256=CARTESIAN_POINT('',(0.01445,-0.0803,-0.0249385175183963));
#7257=CARTESIAN_POINT('',(0.01445,-0.0803,-0.0229795510284579));
#7258=CARTESIAN_POINT('',(0.01445,-0.0803,-0.0210205845385195));
#7259=CARTESIAN_POINT('',(0.01525,-0.0803,-0.0210205845385195));
#7260=CARTESIAN_POINT('',(0.01605,-0.0803,-0.0210205845385195));
#7261=CARTESIAN_POINT('',(0.01605,-0.0803,-0.0200205845385195));
#7262=CARTESIAN_POINT('',(0.01605,-0.0803,-0.0190205845385195));
#7263=CARTESIAN_POINT('',(0.01475,-0.0803,-0.0190205845385195));
#7264=CARTESIAN_POINT('',(9.0205620750794E-17,-0.0787,-0.0115));
#7265=CARTESIAN_POINT('',(-0.012195,-0.08022,-0.0233985175183963));
#7266=CARTESIAN_POINT('',(-0.01296,-0.08022,-0.0233985175183963));
#7267=CARTESIAN_POINT('',(-0.01296,-0.08022,-0.0233985175183963));
#7268=CARTESIAN_POINT('',(-0.012195,-0.08022,-0.0233985175183963));
#7269=CARTESIAN_POINT('',(-0.01143,-0.08022,-0.0233985175183963));
#7270=CARTESIAN_POINT('',(-0.01143,-0.08022,-0.0233985175183963));
#7271=CARTESIAN_POINT('',(-0.01296,-0.08022,-0.0223985175183962));
#7272=CARTESIAN_POINT('',(-0.01396,-0.08022,-0.0223985175183962));
#7273=CARTESIAN_POINT('',(-0.01396,-0.08022,-0.0223985175183962));
#7274=CARTESIAN_POINT('',(-0.01296,-0.08022,-0.0223985175183962));
#7275=CARTESIAN_POINT('',(-0.01396,-0.08022,-0.0217095510284579));
#7276=CARTESIAN_POINT('',(-0.01396,-0.08022,-0.0210205845385195));
#7277=CARTESIAN_POINT('',(-0.01396,-0.08022,-0.0210205845385195));
#7278=CARTESIAN_POINT('',(-0.01396,-0.08022,-0.0217095510284579));
#7279=CARTESIAN_POINT('',(-0.015005,-0.08022,-0.0210205845385195));
#7280=CARTESIAN_POINT('',(-0.01605,-0.08022,-0.0210205845385195));
#7281=CARTESIAN_POINT('',(-0.01605,-0.08022,-0.0210205845385195));
#7282=CARTESIAN_POINT('',(-0.015005,-0.08022,-0.0210205845385195));
#7283=CARTESIAN_POINT('',(-0.01605,-0.08022,-0.0200205845385195));
#7284=CARTESIAN_POINT('',(-0.01605,-0.08022,-0.0190205845385195));
#7285=CARTESIAN_POINT('',(-0.01605,-0.08022,-0.0190205845385195));
#7286=CARTESIAN_POINT('',(-0.01605,-0.08022,-0.0200205845385195));
#7287=CARTESIAN_POINT('',(-0.015005,-0.08022,-0.0190205845385195));
#7288=CARTESIAN_POINT('',(-0.01396,-0.08022,-0.0190205845385195));
#7289=CARTESIAN_POINT('',(-0.01396,-0.08022,-0.0190205845385195));
#7290=CARTESIAN_POINT('',(-0.015005,-0.08022,-0.0190205845385195));
#7291=CARTESIAN_POINT('',(-0.01396,-0.08022,-0.0173839601585463));
#7292=CARTESIAN_POINT('',(-0.01396,-0.08022,-0.0157473357785731));
#7293=CARTESIAN_POINT('',(-0.01396,-0.08022,-0.0157473357785731));
#7294=CARTESIAN_POINT('',(-0.01396,-0.08022,-0.0173839601585463));
#7295=CARTESIAN_POINT('',(-0.0161257767423101,-0.08022,-0.0143671344098133));
#7296=CARTESIAN_POINT('',(-0.0182915534846202,-0.08022,-0.0129869330410535));
#7297=CARTESIAN_POINT('',(-0.0182915534846202,-0.08022,-0.0129869330410535));
#7298=CARTESIAN_POINT('',(-0.0161257767423101,-0.08022,-0.0143671344098133));
#7299=CARTESIAN_POINT('',(-0.0196457767423101,-0.08022,-0.0129869330410535));
#7300=CARTESIAN_POINT('',(-0.021,-0.08022,-0.0129869330410535));
#7301=CARTESIAN_POINT('',(-0.021,-0.08022,-0.0129869330410535));
#7302=CARTESIAN_POINT('',(-0.0196457767423101,-0.08022,-0.0129869330410535));
#7303=CARTESIAN_POINT('',(-0.021,-0.08022,-0.0119869330410535));
#7304=CARTESIAN_POINT('',(-0.021,-0.08022,-0.0109869330410535));
#7305=CARTESIAN_POINT('',(-0.021,-0.08022,-0.0109869330410535));
#7306=CARTESIAN_POINT('',(-0.021,-0.08022,-0.0119869330410535));
#7307=CARTESIAN_POINT('',(-0.0195,-0.08022,-0.0109869330410535));
#7308=CARTESIAN_POINT('',(-0.018,-0.08022,-0.0109869330410535));
#7309=CARTESIAN_POINT('',(-0.018,-0.08022,-0.0109869330410535));
#7310=CARTESIAN_POINT('',(-0.0195,-0.08022,-0.0109869330410535));
#7311=CARTESIAN_POINT('',(-0.018,-0.08022,-0.0119869330410535));
#7312=CARTESIAN_POINT('',(-0.0174625759230283,-0.08022,-0.0111436209034134));
#7313=CARTESIAN_POINT('',(-0.0174625759230283,-0.08022,-0.0111436209034134));
#7314=CARTESIAN_POINT('',(-0.018,-0.08022,-0.0119869330410535));
#7315=CARTESIAN_POINT('',(-0.0150655112192038,-0.08022,-0.0126712169480987));
#7316=CARTESIAN_POINT('',(-0.0126684465153792,-0.08022,-0.0141988129927841));
#7317=CARTESIAN_POINT('',(-0.0126684465153792,-0.08022,-0.0141988129927841));
#7318=CARTESIAN_POINT('',(-0.0150655112192038,-0.08022,-0.0126712169480987));
#7319=CARTESIAN_POINT('',(-0.00887422325768961,-0.08022,-0.0141988129927841));
#7320=CARTESIAN_POINT('',(-0.00201556443707483,-0.08022,-0.0141988129927841));
#7321=CARTESIAN_POINT('',(-0.00201556443707483,-0.08022,-0.0141988129927841));
#7322=CARTESIAN_POINT('',(-0.00887422325768961,-0.08022,-0.0141988129927841));
#7323=CARTESIAN_POINT('',(-1.7347234759768E-18,-0.08022,-0.0151988129927837));
#7324=CARTESIAN_POINT('',(0.00201556443707473,-0.08022,-0.0141988129927839));
#7325=CARTESIAN_POINT('',(0.00201556443707473,-0.08022,-0.0141988129927839));
#7326=CARTESIAN_POINT('',(-1.7347234759768E-18,-0.08022,-0.0151988129927837));
#7327=CARTESIAN_POINT('',(0.00227778221853736,-0.08022,-0.0141988129927839));
#7328=CARTESIAN_POINT('',(0.0100149668233402,-0.08022,-0.0141988129927839));
#7329=CARTESIAN_POINT('',(0.0100149668233402,-0.08022,-0.0141988129927839));
#7330=CARTESIAN_POINT('',(0.00227778221853736,-0.08022,-0.0141988129927839));
#7331=CARTESIAN_POINT('',(0.0153654381044033,-0.08022,-0.0126134742990612));
#7332=CARTESIAN_POINT('',(0.0207159093854665,-0.08022,-0.0110281356053384));
#7333=CARTESIAN_POINT('',(0.0207159093854665,-0.08022,-0.0110281356053384));
#7334=CARTESIAN_POINT('',(0.0153654381044033,-0.08022,-0.0126134742990612));
#7335=CARTESIAN_POINT('',(0.021,-0.08022,-0.0119869330410535));
#7336=CARTESIAN_POINT('',(0.0212840906145336,-0.08022,-0.0129457304767687));
#7337=CARTESIAN_POINT('',(0.0212840906145336,-0.08022,-0.0129457304767687));
#7338=CARTESIAN_POINT('',(0.021,-0.08022,-0.0119869330410535));
#7339=CARTESIAN_POINT('',(0.0162220453072667,-0.08022,-0.0144456088750307));
#7340=CARTESIAN_POINT('',(0.0111599999999998,-0.08022,-0.0159454872732927));
#7341=CARTESIAN_POINT('',(0.0111599999999998,-0.08022,-0.0159454872732927));
#7342=CARTESIAN_POINT('',(0.0162220453072667,-0.08022,-0.0144456088750307));
#7343=CARTESIAN_POINT('',(0.0111599999999998,-0.08022,-0.0180721501330382));
#7344=CARTESIAN_POINT('',(0.0111599999999998,-0.08022,-0.0201988129927837));
#7345=CARTESIAN_POINT('',(0.0111599999999998,-0.08022,-0.0201988129927837));
#7346=CARTESIAN_POINT('',(0.0111599999999998,-0.08022,-0.0180721501330382));
#7347=CARTESIAN_POINT('',(0.01016,-0.08022,-0.0201988129927837));
#7348=CARTESIAN_POINT('',(0.00916,-0.08022,-0.0201988129927837));
#7349=CARTESIAN_POINT('',(0.00916,-0.08022,-0.0201988129927837));
#7350=CARTESIAN_POINT('',(0.01016,-0.08022,-0.0201988129927837));
#7351=CARTESIAN_POINT('',(0.00916,-0.08022,-0.0181988129927836));
#7352=CARTESIAN_POINT('',(0.00916,-0.08022,-0.0161988129927835));
#7353=CARTESIAN_POINT('',(0.00916,-0.08022,-0.0161988129927835));
#7354=CARTESIAN_POINT('',(0.00916,-0.08022,-0.0181988129927836));
#7355=CARTESIAN_POINT('',(0.00635,-0.08022,-0.0161988129927835));
#7356=CARTESIAN_POINT('',(0.00354,-0.08022,-0.0161988129927835));
#7357=CARTESIAN_POINT('',(0.00354,-0.08022,-0.0161988129927835));
#7358=CARTESIAN_POINT('',(0.00635,-0.08022,-0.0161988129927835));
#7359=CARTESIAN_POINT('',(0.00354,-0.08022,-0.0181988129927836));
#7360=CARTESIAN_POINT('',(0.00354,-0.08022,-0.0201988129927837));
#7361=CARTESIAN_POINT('',(0.00354,-0.08022,-0.0201988129927837));
#7362=CARTESIAN_POINT('',(0.00354,-0.08022,-0.0181988129927836));
#7363=CARTESIAN_POINT('',(0.00254,-0.08022,-0.0201988129927837));
#7364=CARTESIAN_POINT('',(0.00154,-0.08022,-0.0201988129927837));
#7365=CARTESIAN_POINT('',(0.00154,-0.08022,-0.0201988129927837));
#7366=CARTESIAN_POINT('',(0.00254,-0.08022,-0.0201988129927837));
#7367=CARTESIAN_POINT('',(0.00154,-0.08022,-0.0193012252368707));
#7368=CARTESIAN_POINT('',(0.00154,-0.08022,-0.0184036374809577));
#7369=CARTESIAN_POINT('',(0.00154,-0.08022,-0.0184036374809577));
#7370=CARTESIAN_POINT('',(0.00154,-0.08022,-0.0193012252368707));
#7371=CARTESIAN_POINT('',(0.00054,-0.08022,-0.0184036374809577));
#7372=CARTESIAN_POINT('',(0.000373846153846164,-0.08022,-0.0174175376384426));
#7373=CARTESIAN_POINT('',(0.000373846153846164,-0.08022,-0.0174175376384426));
#7374=CARTESIAN_POINT('',(0.00054,-0.08022,-0.0184036374809577));
#7375=CARTESIAN_POINT('',(2.43945488809238E-18,-0.08022,-0.0151988129927837));
#7376=CARTESIAN_POINT('',(-0.00201556443707525,-0.08022,-0.0161988129927825));
#7377=CARTESIAN_POINT('',(-0.00201556443707525,-0.08022,-0.0161988129927825));
#7378=CARTESIAN_POINT('',(2.43945488809238E-18,-0.08022,-0.0151988129927837));
#7379=CARTESIAN_POINT('',(-0.00304778221853763,-0.08022,-0.0161988129927824));
#7380=CARTESIAN_POINT('',(-0.00408,-0.08022,-0.0161988129927824));
#7381=CARTESIAN_POINT('',(-0.00408,-0.08022,-0.0161988129927824));
#7382=CARTESIAN_POINT('',(-0.00304778221853763,-0.08022,-0.0161988129927824));
#7383=CARTESIAN_POINT('',(-0.00408,-0.08022,-0.0181988129927831));
#7384=CARTESIAN_POINT('',(-0.00408,-0.08022,-0.0201988129927837));
#7385=CARTESIAN_POINT('',(-0.00408,-0.08022,-0.0201988129927837));
#7386=CARTESIAN_POINT('',(-0.00408,-0.08022,-0.0181988129927831));
#7387=CARTESIAN_POINT('',(-0.00508,-0.08022,-0.0201988129927837));
#7388=CARTESIAN_POINT('',(-0.00608,-0.08022,-0.0201988129927837));
#7389=CARTESIAN_POINT('',(-0.00608,-0.08022,-0.0201988129927837));
#7390=CARTESIAN_POINT('',(-0.00508,-0.08022,-0.0201988129927837));
#7391=CARTESIAN_POINT('',(-0.00607999999999971,-0.08022,-0.0181988129927831));
#7392=CARTESIAN_POINT('',(-0.00607999999999971,-0.08022,-0.0161988129927824));
#7393=CARTESIAN_POINT('',(-0.00607999999999971,-0.08022,-0.0161988129927824));
#7394=CARTESIAN_POINT('',(-0.00607999999999971,-0.08022,-0.0181988129927831));
#7395=CARTESIAN_POINT('',(-0.00901999999999963,-0.08022,-0.0161988129927824));
#7396=CARTESIAN_POINT('',(-0.01196,-0.08022,-0.0161988129927824));
#7397=CARTESIAN_POINT('',(-0.01196,-0.08022,-0.0161988129927824));
#7398=CARTESIAN_POINT('',(-0.00901999999999963,-0.08022,-0.0161988129927824));
#7399=CARTESIAN_POINT('',(-0.01196,-0.08022,-0.018109698765651));
#7400=CARTESIAN_POINT('',(-0.01196,-0.08022,-0.0213985175183963));
#7401=CARTESIAN_POINT('',(-0.01196,-0.08022,-0.0213985175183963));
#7402=CARTESIAN_POINT('',(-0.01196,-0.08022,-0.018109698765651));
#7403=CARTESIAN_POINT('',(-0.011695,-0.08022,-0.0213985175183963));
#7404=CARTESIAN_POINT('',(-0.01143,-0.08022,-0.0213985175183962));
#7405=CARTESIAN_POINT('',(-0.01143,-0.08022,-0.0213985175183962));
#7406=CARTESIAN_POINT('',(-0.011695,-0.08022,-0.0213985175183963));
#7407=CARTESIAN_POINT('',(-0.00481778221853733,-0.08022,-0.0259988129927837));
#7408=CARTESIAN_POINT('',(-0.00762,-0.08022,-0.0259988129927837));
#7409=CARTESIAN_POINT('',(-0.00762,-0.08022,-0.0259988129927837));
#7410=CARTESIAN_POINT('',(-0.00481778221853733,-0.08022,-0.0259988129927837));
#7411=CARTESIAN_POINT('',(-0.00201556443707464,-0.08022,-0.0259988129927837));
#7412=CARTESIAN_POINT('',(-0.00201556443707464,-0.08022,-0.0259988129927837));
#7413=CARTESIAN_POINT('',(-0.00762,-0.08022,-0.0249988129927837));
#7414=CARTESIAN_POINT('',(-0.00862,-0.08022,-0.0249988129927837));
#7415=CARTESIAN_POINT('',(-0.00862,-0.08022,-0.0249988129927837));
#7416=CARTESIAN_POINT('',(-0.00762,-0.08022,-0.0249988129927837));
#7417=CARTESIAN_POINT('',(-0.00862,-0.08022,-0.0225988129927837));
#7418=CARTESIAN_POINT('',(-0.00862,-0.08022,-0.0201988129927837));
#7419=CARTESIAN_POINT('',(-0.00862,-0.08022,-0.0201988129927837));
#7420=CARTESIAN_POINT('',(-0.00862,-0.08022,-0.0225988129927837));
#7421=CARTESIAN_POINT('',(-0.00762,-0.08022,-0.0201988129927837));
#7422=CARTESIAN_POINT('',(-0.00662,-0.08022,-0.0201988129927837));
#7423=CARTESIAN_POINT('',(-0.00662,-0.08022,-0.0201988129927837));
#7424=CARTESIAN_POINT('',(-0.00762,-0.08022,-0.0201988129927837));
#7425=CARTESIAN_POINT('',(-0.00662,-0.08022,-0.0220988129927837));
#7426=CARTESIAN_POINT('',(-0.00662,-0.08022,-0.0239988129927837));
#7427=CARTESIAN_POINT('',(-0.00662,-0.08022,-0.0239988129927837));
#7428=CARTESIAN_POINT('',(-0.00662,-0.08022,-0.0220988129927837));
#7429=CARTESIAN_POINT('',(-0.00431778221853732,-0.08022,-0.0239988129927837));
#7430=CARTESIAN_POINT('',(-0.00201556443707464,-0.08022,-0.0239988129927837));
#7431=CARTESIAN_POINT('',(-0.00201556443707464,-0.08022,-0.0239988129927837));
#7432=CARTESIAN_POINT('',(-0.00431778221853732,-0.08022,-0.0239988129927837));
#7433=CARTESIAN_POINT('',(3.24176449573166E-17,-0.08022,-0.0249988129927837));
#7434=CARTESIAN_POINT('',(-0.001,-0.08022,-0.022983248555709));
#7435=CARTESIAN_POINT('',(-0.001,-0.08022,-0.022983248555709));
#7436=CARTESIAN_POINT('',(3.24176449573166E-17,-0.08022,-0.0249988129927837));
#7437=CARTESIAN_POINT('',(-0.001,-0.08022,-0.0215910307742464));
#7438=CARTESIAN_POINT('',(-0.001,-0.08022,-0.0201988129927837));
#7439=CARTESIAN_POINT('',(-0.001,-0.08022,-0.0201988129927837));
#7440=CARTESIAN_POINT('',(-0.001,-0.08022,-0.0215910307742464));
#7441=CARTESIAN_POINT('',(1.7347234759768E-18,-0.08022,-0.0201988129927837));
#7442=CARTESIAN_POINT('',(0.001,-0.08022,-0.0201988129927837));
#7443=CARTESIAN_POINT('',(0.001,-0.08022,-0.0201988129927837));
#7444=CARTESIAN_POINT('',(1.7347234759768E-18,-0.08022,-0.0201988129927837));
#7445=CARTESIAN_POINT('',(0.001,-0.08022,-0.0215910307742464));
#7446=CARTESIAN_POINT('',(0.001,-0.08022,-0.022983248555709));
#7447=CARTESIAN_POINT('',(0.001,-0.08022,-0.022983248555709));
#7448=CARTESIAN_POINT('',(0.001,-0.08022,-0.0215910307742464));
#7449=CARTESIAN_POINT('',(-2.56955914879064E-17,-0.08022,-0.0249988129927837));
#7450=CARTESIAN_POINT('',(0.00201556443707464,-0.08022,-0.0239988129927837));
#7451=CARTESIAN_POINT('',(0.00201556443707464,-0.08022,-0.0239988129927837));
#7452=CARTESIAN_POINT('',(-2.56955914879064E-17,-0.08022,-0.0249988129927837));
#7453=CARTESIAN_POINT('',(0.00431778221853732,-0.08022,-0.0239988129927837));
#7454=CARTESIAN_POINT('',(0.00662,-0.08022,-0.0239988129927837));
#7455=CARTESIAN_POINT('',(0.00662,-0.08022,-0.0239988129927837));
#7456=CARTESIAN_POINT('',(0.00431778221853732,-0.08022,-0.0239988129927837));
#7457=CARTESIAN_POINT('',(0.00662,-0.08022,-0.0220988129927837));
#7458=CARTESIAN_POINT('',(0.00662,-0.08022,-0.0201988129927837));
#7459=CARTESIAN_POINT('',(0.00662,-0.08022,-0.0201988129927837));
#7460=CARTESIAN_POINT('',(0.00662,-0.08022,-0.0220988129927837));
#7461=CARTESIAN_POINT('',(0.00762,-0.08022,-0.0201988129927837));
#7462=CARTESIAN_POINT('',(0.00862,-0.08022,-0.0201988129927837));
#7463=CARTESIAN_POINT('',(0.00862,-0.08022,-0.0201988129927837));
#7464=CARTESIAN_POINT('',(0.00762,-0.08022,-0.0201988129927837));
#7465=CARTESIAN_POINT('',(0.00862,-0.08022,-0.0225988129927837));
#7466=CARTESIAN_POINT('',(0.00862,-0.08022,-0.0249988129927837));
#7467=CARTESIAN_POINT('',(0.00862,-0.08022,-0.0249988129927837));
#7468=CARTESIAN_POINT('',(0.00862,-0.08022,-0.0225988129927837));
#7469=CARTESIAN_POINT('',(0.00761999999999991,-0.08022,-0.0249988129927837));
#7470=CARTESIAN_POINT('',(0.00762,-0.08022,-0.0259988129927837));
#7471=CARTESIAN_POINT('',(0.00762,-0.08022,-0.0259988129927837));
#7472=CARTESIAN_POINT('',(0.00761999999999991,-0.08022,-0.0249988129927837));
#7473=CARTESIAN_POINT('',(0.00481778221853732,-0.08022,-0.0259988129927837));
#7474=CARTESIAN_POINT('',(0.00201556443707464,-0.08022,-0.0259988129927837));
#7475=CARTESIAN_POINT('',(0.00201556443707464,-0.08022,-0.0259988129927837));
#7476=CARTESIAN_POINT('',(0.00481778221853732,-0.08022,-0.0259988129927837));
#7477=CARTESIAN_POINT('',(2.51534904016637E-17,-0.08022,-0.0249988129927837));
#7478=CARTESIAN_POINT('',(0.001,-0.08022,-0.0270143774298583));
#7479=CARTESIAN_POINT('',(0.001,-0.08022,-0.0270143774298583));
#7480=CARTESIAN_POINT('',(2.51534904016637E-17,-0.08022,-0.0249988129927837));
#7481=CARTESIAN_POINT('',(0.001,-0.08022,-0.0330964474741268));
#7482=CARTESIAN_POINT('',(0.001,-0.08022,-0.0391785175183952));
#7483=CARTESIAN_POINT('',(0.001,-0.08022,-0.0391785175183952));
#7484=CARTESIAN_POINT('',(0.001,-0.08022,-0.0330964474741268));
#7485=CARTESIAN_POINT('',(0.00605163399019687,-0.08022,-0.0391785175183952));
#7486=CARTESIAN_POINT('',(0.0111032679803937,-0.08022,-0.0391785175183952));
#7487=CARTESIAN_POINT('',(0.0111032679803937,-0.08022,-0.0391785175183952));
#7488=CARTESIAN_POINT('',(0.00605163399019687,-0.08022,-0.0391785175183952));
#7489=CARTESIAN_POINT('',(0.0117461198777459,-0.08022,-0.0387082321666057));
#7490=CARTESIAN_POINT('',(0.012388971775098,-0.08022,-0.0382379468148163));
#7491=CARTESIAN_POINT('',(0.012388971775098,-0.08022,-0.0382379468148163));
#7492=CARTESIAN_POINT('',(0.0117461198777459,-0.08022,-0.0387082321666057));
#7493=CARTESIAN_POINT('',(0.0133271367156061,-0.08022,-0.033026294647036));
#7494=CARTESIAN_POINT('',(0.014265301656114,-0.08022,-0.0278146424792558));
#7495=CARTESIAN_POINT('',(0.014265301656114,-0.08022,-0.0278146424792558));
#7496=CARTESIAN_POINT('',(0.0133271367156061,-0.08022,-0.033026294647036));
#7497=CARTESIAN_POINT('',(0.015249482755925,-0.08022,-0.0279918078335866));
#7498=CARTESIAN_POINT('',(0.0142857416575693,-0.08022,-0.0277249687522282));
#7499=CARTESIAN_POINT('',(0.0142857416575693,-0.08022,-0.0277249687522282));
#7500=CARTESIAN_POINT('',(0.015249482755925,-0.08022,-0.0279918078335866));
#7501=CARTESIAN_POINT('',(0.0146860002796068,-0.08022,-0.0262793571046947));
#7502=CARTESIAN_POINT('',(0.0150862589016443,-0.08022,-0.0248337454571612));
#7503=CARTESIAN_POINT('',(0.0150862589016443,-0.08022,-0.0248337454571612));
#7504=CARTESIAN_POINT('',(0.0146860002796068,-0.08022,-0.0262793571046947));
#7505=CARTESIAN_POINT('',(0.01605,-0.08022,-0.0251005845385195));
#7506=CARTESIAN_POINT('',(0.0170137410983557,-0.08022,-0.0253674236198779));
#7507=CARTESIAN_POINT('',(0.0170137410983557,-0.08022,-0.0253674236198779));
#7508=CARTESIAN_POINT('',(0.01605,-0.08022,-0.0251005845385195));
#7509=CARTESIAN_POINT('',(0.0166196245221773,-0.08022,-0.0267908520774819));
#7510=CARTESIAN_POINT('',(0.0162255079459989,-0.08022,-0.028214280535086));
#7511=CARTESIAN_POINT('',(0.0162255079459989,-0.08022,-0.028214280535086));
#7512=CARTESIAN_POINT('',(0.0166196245221773,-0.08022,-0.0267908520774819));
#7513=CARTESIAN_POINT('',(0.0159709621042871,-0.08022,-0.0296283222781487));
#7514=CARTESIAN_POINT('',(0.0159709621042871,-0.08022,-0.0296283222781487));
#7515=CARTESIAN_POINT('',(0.0133022782275729,-0.08022,-0.0388088318590265));
#7516=CARTESIAN_POINT('',(0.0138927112866247,-0.08022,-0.0396159184731993));
#7517=CARTESIAN_POINT('',(0.0138927112866247,-0.08022,-0.0396159184731993));
#7518=CARTESIAN_POINT('',(0.0133022782275729,-0.08022,-0.0388088318590265));
#7519=CARTESIAN_POINT('',(0.0129565721728385,-0.08022,-0.040300761302884));
#7520=CARTESIAN_POINT('',(0.0120204330590523,-0.08022,-0.0409856041325688));
#7521=CARTESIAN_POINT('',(0.0120204330590523,-0.08022,-0.0409856041325688));
#7522=CARTESIAN_POINT('',(0.0129565721728385,-0.08022,-0.040300761302884));
#7523=CARTESIAN_POINT('',(0.01143,-0.08022,-0.0401785175183952));
#7524=CARTESIAN_POINT('',(0.01143,-0.08022,-0.0411785175183952));
#7525=CARTESIAN_POINT('',(0.01143,-0.08022,-0.0411785175183952));
#7526=CARTESIAN_POINT('',(0.01143,-0.08022,-0.0401785175183952));
#7527=CARTESIAN_POINT('',(0.005715,-0.08022,-0.0411785175183952));
#7528=CARTESIAN_POINT('',(3.5306792919111E-18,-0.08022,-0.0411785175183952));
#7529=CARTESIAN_POINT('',(3.5306792919111E-18,-0.08022,-0.0411785175183952));
#7530=CARTESIAN_POINT('',(0.005715,-0.08022,-0.0411785175183952));
#7531=CARTESIAN_POINT('',(3.50006312193235E-18,-0.08022,-0.0401785175183952));
#7532=CARTESIAN_POINT('',(-0.001,-0.08022,-0.0401785175183952));
#7533=CARTESIAN_POINT('',(-0.001,-0.08022,-0.0401785175183952));
#7534=CARTESIAN_POINT('',(3.50006312193235E-18,-0.08022,-0.0401785175183952));
#7535=CARTESIAN_POINT('',(-0.001,-0.08022,-0.0335964474741268));
#7536=CARTESIAN_POINT('',(-0.001,-0.08022,-0.0270143774298583));
#7537=CARTESIAN_POINT('',(-0.001,-0.08022,-0.0270143774298583));
#7538=CARTESIAN_POINT('',(-0.001,-0.08022,-0.0335964474741268));
#7539=CARTESIAN_POINT('',(0.01143,-0.08022,-0.0325585175183965));
#7540=CARTESIAN_POINT('',(0.01143,-0.08022,-0.0335585175183965));
#7541=CARTESIAN_POINT('',(0.01143,-0.08022,-0.0335585175183965));
#7542=CARTESIAN_POINT('',(0.01143,-0.08022,-0.0325585175183965));
#7543=CARTESIAN_POINT('',(0.01143,-0.08022,-0.0315585175183965));
#7544=CARTESIAN_POINT('',(0.01143,-0.08022,-0.0315585175183965));
#7545=CARTESIAN_POINT('',(0.007315,-0.08022,-0.0335585175183965));
#7546=CARTESIAN_POINT('',(0.0032,-0.08022,-0.0335585175183965));
#7547=CARTESIAN_POINT('',(0.0032,-0.08022,-0.0335585175183965));
#7548=CARTESIAN_POINT('',(0.007315,-0.08022,-0.0335585175183965));
#7549=CARTESIAN_POINT('',(0.0032,-0.08022,-0.0325585175183965));
#7550=CARTESIAN_POINT('',(0.0032,-0.08022,-0.0315585175183965));
#7551=CARTESIAN_POINT('',(0.0032,-0.08022,-0.0315585175183965));
#7552=CARTESIAN_POINT('',(0.0032,-0.08022,-0.0325585175183965));
#7553=CARTESIAN_POINT('',(-0.00254,-0.08022,-0.0201988129927837));
#7554=CARTESIAN_POINT('',(-0.00154,-0.08022,-0.0201988129927837));
#7555=CARTESIAN_POINT('',(-0.00154,-0.08022,-0.0201988129927837));
#7556=CARTESIAN_POINT('',(-0.00254,-0.08022,-0.0201988129927837));
#7557=CARTESIAN_POINT('',(-0.00354,-0.08022,-0.0201988129927837));
#7558=CARTESIAN_POINT('',(-0.00354,-0.08022,-0.0201988129927837));
#7559=CARTESIAN_POINT('',(-0.00154,-0.08022,-0.0212238129927837));
#7560=CARTESIAN_POINT('',(-0.00154,-0.08022,-0.0222488129927837));
#7561=CARTESIAN_POINT('',(-0.00154,-0.08022,-0.0222488129927837));
#7562=CARTESIAN_POINT('',(-0.00154,-0.08022,-0.0212238129927837));
#7563=CARTESIAN_POINT('',(-0.00254,-0.08022,-0.0222488129927837));
#7564=CARTESIAN_POINT('',(-0.00354,-0.08022,-0.0222488129927837));
#7565=CARTESIAN_POINT('',(-0.00354,-0.08022,-0.0222488129927837));
#7566=CARTESIAN_POINT('',(-0.00254,-0.08022,-0.0222488129927837));
#7567=CARTESIAN_POINT('',(-0.00931288996237023,-0.08022,-0.0214469601833388));
#7568=CARTESIAN_POINT('',(-0.00914113210544282,-0.08022,-0.0219576119962675));
#7569=CARTESIAN_POINT('',(-0.00914113210544282,-0.08022,-0.0219576119962675));
#7570=CARTESIAN_POINT('',(-0.00931288996237023,-0.08022,-0.0214469601833388));
#7571=CARTESIAN_POINT('',(-0.0094846478192976,-0.08022,-0.0209363083704103));
#7572=CARTESIAN_POINT('',(-0.0094846478192976,-0.08022,-0.0209363083704103));
#7573=CARTESIAN_POINT('',(-0.009525,-0.08022,-0.0220867260525444));
#7574=CARTESIAN_POINT('',(-0.00912,-0.08022,-0.0220867260525444));
#7575=CARTESIAN_POINT('',(-0.00912,-0.08022,-0.0220867260525444));
#7576=CARTESIAN_POINT('',(-0.009525,-0.08022,-0.0220867260525444));
#7577=CARTESIAN_POINT('',(-0.00912,-0.08022,-0.0238179399455588));
#7578=CARTESIAN_POINT('',(-0.00912,-0.08022,-0.0255491538385732));
#7579=CARTESIAN_POINT('',(-0.00912,-0.08022,-0.0255491538385732));
#7580=CARTESIAN_POINT('',(-0.00912,-0.08022,-0.0238179399455588));
#7581=CARTESIAN_POINT('',(-0.00814364076424511,-0.08022,-0.0267006180908453));
#7582=CARTESIAN_POINT('',(-0.0071672815284902,-0.08022,-0.0278520823431175));
#7583=CARTESIAN_POINT('',(-0.0071672815284902,-0.08022,-0.0278520823431175));
#7584=CARTESIAN_POINT('',(-0.00814364076424511,-0.08022,-0.0267006180908453));
#7585=CARTESIAN_POINT('',(-0.00793,-0.08022,-0.0284988129927837));
#7586=CARTESIAN_POINT('',(-0.00693,-0.08022,-0.0284988129927837));
#7587=CARTESIAN_POINT('',(-0.00693,-0.08022,-0.0284988129927837));
#7588=CARTESIAN_POINT('',(-0.00793,-0.08022,-0.0284988129927837));
#7589=CARTESIAN_POINT('',(-0.00693,-0.08022,-0.0317986652555902));
#7590=CARTESIAN_POINT('',(-0.00693,-0.08022,-0.0350985175183966));
#7591=CARTESIAN_POINT('',(-0.00693,-0.08022,-0.0350985175183966));
#7592=CARTESIAN_POINT('',(-0.00693,-0.08022,-0.0317986652555902));
#7593=CARTESIAN_POINT('',(-0.00793,-0.08022,-0.0350985175183966));
#7594=CARTESIAN_POINT('',(-0.00893,-0.08022,-0.0350985175183966));
#7595=CARTESIAN_POINT('',(-0.00893,-0.08022,-0.0350985175183966));
#7596=CARTESIAN_POINT('',(-0.00793,-0.08022,-0.0350985175183966));
#7597=CARTESIAN_POINT('',(-0.00893,-0.08022,-0.0317986652555902));
#7598=CARTESIAN_POINT('',(-0.00893,-0.08022,-0.0284988129927837));
#7599=CARTESIAN_POINT('',(-0.00893,-0.08022,-0.0284988129927837));
#7600=CARTESIAN_POINT('',(-0.00893,-0.08022,-0.0317986652555902));
#7601=CARTESIAN_POINT('',(-0.00941880625799982,-0.08022,-0.0270903774338586));
#7602=CARTESIAN_POINT('',(-0.00990761251599964,-0.08022,-0.0256819418749335));
#7603=CARTESIAN_POINT('',(-0.00990761251599964,-0.08022,-0.0256819418749335));
#7604=CARTESIAN_POINT('',(-0.00941880625799982,-0.08022,-0.0270903774338586));
#7605=CARTESIAN_POINT('',(-0.009525,-0.08022,-0.0255491538385732));
#7606=CARTESIAN_POINT('',(-0.00993,-0.08022,-0.0255491538385732));
#7607=CARTESIAN_POINT('',(-0.00993,-0.08022,-0.0255491538385732));
#7608=CARTESIAN_POINT('',(-0.009525,-0.08022,-0.0255491538385732));
#7609=CARTESIAN_POINT('',(-0.00993,-0.08022,-0.0238510831328737));
#7610=CARTESIAN_POINT('',(-0.00993,-0.08022,-0.0221530124271743));
#7611=CARTESIAN_POINT('',(-0.00993,-0.08022,-0.0221530124271743));
#7612=CARTESIAN_POINT('',(-0.00993,-0.08022,-0.0238510831328737));
#7613=CARTESIAN_POINT('',(-0.0100911918042059,-0.08022,-0.0216737744550692));
#7614=CARTESIAN_POINT('',(-0.0102523836084119,-0.08022,-0.021194536482964));
#7615=CARTESIAN_POINT('',(-0.0102523836084119,-0.08022,-0.021194536482964));
#7616=CARTESIAN_POINT('',(-0.0100911918042059,-0.08022,-0.0216737744550692));
#7617=CARTESIAN_POINT('',(0.01143,-0.08022,-0.0350985175183966));
#7618=CARTESIAN_POINT('',(0.01143,-0.08022,-0.0360985175183966));
#7619=CARTESIAN_POINT('',(0.01143,-0.08022,-0.0360985175183966));
#7620=CARTESIAN_POINT('',(0.01143,-0.08022,-0.0350985175183966));
#7621=CARTESIAN_POINT('',(0.01143,-0.08022,-0.0340985175183965));
#7622=CARTESIAN_POINT('',(0.01143,-0.08022,-0.0340985175183965));
#7623=CARTESIAN_POINT('',(0.0093725,-0.08022,-0.0360985175183966));
#7624=CARTESIAN_POINT('',(0.007315,-0.08022,-0.0360985175183966));
#7625=CARTESIAN_POINT('',(0.007315,-0.08022,-0.0360985175183966));
#7626=CARTESIAN_POINT('',(0.0093725,-0.08022,-0.0360985175183966));
#7627=CARTESIAN_POINT('',(0.007315,-0.08022,-0.0350985175183966));
#7628=CARTESIAN_POINT('',(0.007315,-0.08022,-0.0340985175183965));
#7629=CARTESIAN_POINT('',(0.007315,-0.08022,-0.0340985175183965));
#7630=CARTESIAN_POINT('',(0.007315,-0.08022,-0.0350985175183966));
#7631=CARTESIAN_POINT('',(0.01143,-0.08022,-0.0274785175183963));
#7632=CARTESIAN_POINT('',(0.01143,-0.08022,-0.0284785175183963));
#7633=CARTESIAN_POINT('',(0.01143,-0.08022,-0.0284785175183963));
#7634=CARTESIAN_POINT('',(0.01143,-0.08022,-0.0274785175183963));
#7635=CARTESIAN_POINT('',(0.01143,-0.08022,-0.0264785175183962));
#7636=CARTESIAN_POINT('',(0.01143,-0.08022,-0.0264785175183962));
#7637=CARTESIAN_POINT('',(0.008255,-0.08022,-0.0284785175183963));
#7638=CARTESIAN_POINT('',(0.00508,-0.08022,-0.0284785175183963));
#7639=CARTESIAN_POINT('',(0.00508,-0.08022,-0.0284785175183963));
#7640=CARTESIAN_POINT('',(0.008255,-0.08022,-0.0284785175183963));
#7641=CARTESIAN_POINT('',(0.00508,-0.08022,-0.0274785175183963));
#7642=CARTESIAN_POINT('',(0.00508,-0.08022,-0.0264785175183962));
#7643=CARTESIAN_POINT('',(0.00508,-0.08022,-0.0264785175183962));
#7644=CARTESIAN_POINT('',(0.00508,-0.08022,-0.0274785175183963));
#7645=CARTESIAN_POINT('',(-0.0196211985144164,-0.08022,-0.0182817840984661));
#7646=CARTESIAN_POINT('',(-0.0205599112787696,-0.08022,-0.018626484469862));
#7647=CARTESIAN_POINT('',(-0.0205599112787696,-0.08022,-0.018626484469862));
#7648=CARTESIAN_POINT('',(-0.0196211985144164,-0.08022,-0.0182817840984661));
#7649=CARTESIAN_POINT('',(-0.0186824857500632,-0.08022,-0.0179370837270702));
#7650=CARTESIAN_POINT('',(-0.0186824857500632,-0.08022,-0.0179370837270702));
#7651=CARTESIAN_POINT('',(-0.0212493120215613,-0.08022,-0.0167490589411557));
#7652=CARTESIAN_POINT('',(-0.0219387127643532,-0.08022,-0.0148716334124494));
#7653=CARTESIAN_POINT('',(-0.0219387127643532,-0.08022,-0.0148716334124494));
#7654=CARTESIAN_POINT('',(-0.0212493120215613,-0.08022,-0.0167490589411557));
#7655=CARTESIAN_POINT('',(-0.021,-0.08022,-0.0145269330410535));
#7656=CARTESIAN_POINT('',(-0.0200612872356468,-0.08022,-0.0141822326696576));
#7657=CARTESIAN_POINT('',(-0.0200612872356468,-0.08022,-0.0141822326696576));
#7658=CARTESIAN_POINT('',(-0.021,-0.08022,-0.0145269330410535));
#7659=CARTESIAN_POINT('',(0.01143,-0.08022,-0.0300185175183963));
#7660=CARTESIAN_POINT('',(0.01143,-0.08022,-0.0310185175183962));
#7661=CARTESIAN_POINT('',(0.01143,-0.08022,-0.0310185175183962));
#7662=CARTESIAN_POINT('',(0.01143,-0.08022,-0.0300185175183963));
#7663=CARTESIAN_POINT('',(0.01143,-0.08022,-0.0290185175183963));
#7664=CARTESIAN_POINT('',(0.01143,-0.08022,-0.0290185175183963));
#7665=CARTESIAN_POINT('',(0.0093725,-0.08022,-0.0310185175183962));
#7666=CARTESIAN_POINT('',(0.007315,-0.08022,-0.0310185175183962));
#7667=CARTESIAN_POINT('',(0.007315,-0.08022,-0.0310185175183962));
#7668=CARTESIAN_POINT('',(0.0093725,-0.08022,-0.0310185175183962));
#7669=CARTESIAN_POINT('',(0.007315,-0.08022,-0.0300185175183963));
#7670=CARTESIAN_POINT('',(0.007315,-0.08022,-0.0290185175183963));
#7671=CARTESIAN_POINT('',(0.007315,-0.08022,-0.0290185175183963));
#7672=CARTESIAN_POINT('',(0.007315,-0.08022,-0.0300185175183963));
#7673=CARTESIAN_POINT('',(-0.0157627971843743,-0.08022,-0.0264675335206408));
#7674=CARTESIAN_POINT('',(-0.0165860538467837,-0.08022,-0.0259447683297335));
#7675=CARTESIAN_POINT('',(-0.0165860538467837,-0.08022,-0.0259447683297335));
#7676=CARTESIAN_POINT('',(-0.0157627971843743,-0.08022,-0.0264675335206408));
#7677=CARTESIAN_POINT('',(-0.014939540521965,-0.08022,-0.026990298711548));
#7678=CARTESIAN_POINT('',(-0.014939540521965,-0.08022,-0.026990298711548));
#7679=CARTESIAN_POINT('',(-0.01605,-0.08022,-0.0251005845385195));
#7680=CARTESIAN_POINT('',(-0.0155139461532164,-0.08022,-0.0242564007473055));
#7681=CARTESIAN_POINT('',(-0.0155139461532164,-0.08022,-0.0242564007473055));
#7682=CARTESIAN_POINT('',(-0.01605,-0.08022,-0.0251005845385195));
#7683=CARTESIAN_POINT('',(-0.0144587164141988,-0.08022,-0.0249264680557851));
#7684=CARTESIAN_POINT('',(-0.0134034866751813,-0.08022,-0.0255965353642646));
#7685=CARTESIAN_POINT('',(-0.0134034866751813,-0.08022,-0.0255965353642646));
#7686=CARTESIAN_POINT('',(-0.0144587164141988,-0.08022,-0.0249264680557851));
#7687=CARTESIAN_POINT('',(-0.013939540521965,-0.08022,-0.0264407191554786));
#7688=CARTESIAN_POINT('',(-0.012939540521965,-0.08022,-0.0264407191554786));
#7689=CARTESIAN_POINT('',(-0.012939540521965,-0.08022,-0.0264407191554786));
#7690=CARTESIAN_POINT('',(-0.013939540521965,-0.08022,-0.0264407191554786));
#7691=CARTESIAN_POINT('',(-0.012939540521965,-0.08022,-0.0276907191554786));
#7692=CARTESIAN_POINT('',(-0.012939540521965,-0.08022,-0.0289407191554787));
#7693=CARTESIAN_POINT('',(-0.012939540521965,-0.08022,-0.0289407191554787));
#7694=CARTESIAN_POINT('',(-0.012939540521965,-0.08022,-0.0276907191554786));
#7695=CARTESIAN_POINT('',(-0.013939540521965,-0.08022,-0.0289407191554787));
#7696=CARTESIAN_POINT('',(-0.014939540521965,-0.08022,-0.0289407191554787));
#7697=CARTESIAN_POINT('',(-0.014939540521965,-0.08022,-0.0289407191554787));
#7698=CARTESIAN_POINT('',(-0.013939540521965,-0.08022,-0.0289407191554787));
#7699=CARTESIAN_POINT('',(-0.01605,-0.08022,-0.0225605845385195));
#7700=CARTESIAN_POINT('',(-0.01605,-0.08022,-0.0235605845385195));
#7701=CARTESIAN_POINT('',(-0.01605,-0.08022,-0.0235605845385195));
#7702=CARTESIAN_POINT('',(-0.01605,-0.08022,-0.0225605845385195));
#7703=CARTESIAN_POINT('',(-0.01605,-0.08022,-0.0215605845385195));
#7704=CARTESIAN_POINT('',(-0.01605,-0.08022,-0.0215605845385195));
#7705=CARTESIAN_POINT('',(-0.017075,-0.08022,-0.0235605845385195));
#7706=CARTESIAN_POINT('',(-0.0181,-0.08022,-0.0235605845385195));
#7707=CARTESIAN_POINT('',(-0.0181,-0.08022,-0.0235605845385195));
#7708=CARTESIAN_POINT('',(-0.017075,-0.08022,-0.0235605845385195));
#7709=CARTESIAN_POINT('',(-0.0181,-0.08022,-0.0225605845385195));
#7710=CARTESIAN_POINT('',(-0.0181,-0.08022,-0.0215605845385195));
#7711=CARTESIAN_POINT('',(-0.0181,-0.08022,-0.0215605845385195));
#7712=CARTESIAN_POINT('',(-0.0181,-0.08022,-0.0225605845385195));
#7713=CARTESIAN_POINT('',(0.0204637127643531,-0.08022,-0.0188884591611824));
#7714=CARTESIAN_POINT('',(0.0189887127643531,-0.08022,-0.0229052849099154));
#7715=CARTESIAN_POINT('',(0.0189887127643531,-0.08022,-0.0229052849099154));
#7716=CARTESIAN_POINT('',(0.0204637127643531,-0.08022,-0.0188884591611824));
#7717=CARTESIAN_POINT('',(0.0219387127643532,-0.08022,-0.0148716334124495));
#7718=CARTESIAN_POINT('',(0.0219387127643532,-0.08022,-0.0148716334124495));
#7719=CARTESIAN_POINT('',(0.01805,-0.08022,-0.0225605845385195));
#7720=CARTESIAN_POINT('',(0.01805,-0.08022,-0.0235605845385195));
#7721=CARTESIAN_POINT('',(0.01805,-0.08022,-0.0235605845385195));
#7722=CARTESIAN_POINT('',(0.01805,-0.08022,-0.0225605845385195));
#7723=CARTESIAN_POINT('',(0.01705,-0.08022,-0.0235605845385195));
#7724=CARTESIAN_POINT('',(0.01605,-0.08022,-0.0235605845385195));
#7725=CARTESIAN_POINT('',(0.01605,-0.08022,-0.0235605845385195));
#7726=CARTESIAN_POINT('',(0.01705,-0.08022,-0.0235605845385195));
#7727=CARTESIAN_POINT('',(0.01605,-0.08022,-0.0225605845385195));
#7728=CARTESIAN_POINT('',(0.01605,-0.08022,-0.0215605845385195));
#7729=CARTESIAN_POINT('',(0.01605,-0.08022,-0.0215605845385195));
#7730=CARTESIAN_POINT('',(0.01605,-0.08022,-0.0225605845385195));
#7731=CARTESIAN_POINT('',(0.0167009583903146,-0.08022,-0.0215605845385195));
#7732=CARTESIAN_POINT('',(0.0173519167806292,-0.08022,-0.0215605845385195));
#7733=CARTESIAN_POINT('',(0.0173519167806292,-0.08022,-0.0215605845385195));
#7734=CARTESIAN_POINT('',(0.0167009583903146,-0.08022,-0.0215605845385195));
#7735=CARTESIAN_POINT('',(0.018706602008138,-0.08022,-0.0178714086040885));
#7736=CARTESIAN_POINT('',(0.0200612872356468,-0.08022,-0.0141822326696576));
#7737=CARTESIAN_POINT('',(0.0200612872356468,-0.08022,-0.0141822326696576));
#7738=CARTESIAN_POINT('',(0.018706602008138,-0.08022,-0.0178714086040885));
#7739=CARTESIAN_POINT('',(0.01245,-0.08022,-0.0219795510284579));
#7740=CARTESIAN_POINT('',(0.01245,-0.08022,-0.0200205845385195));
#7741=CARTESIAN_POINT('',(0.01245,-0.08022,-0.0200205845385195));
#7742=CARTESIAN_POINT('',(0.01245,-0.08022,-0.0219795510284579));
#7743=CARTESIAN_POINT('',(0.01245,-0.08022,-0.0239385175183963));
#7744=CARTESIAN_POINT('',(0.01245,-0.08022,-0.0239385175183963));
#7745=CARTESIAN_POINT('',(0.01345,-0.08022,-0.0200205845385195));
#7746=CARTESIAN_POINT('',(0.01345,-0.08022,-0.0190205845385195));
#7747=CARTESIAN_POINT('',(0.01345,-0.08022,-0.0190205845385195));
#7748=CARTESIAN_POINT('',(0.01345,-0.08022,-0.0200205845385195));
#7749=CARTESIAN_POINT('',(0.01475,-0.08022,-0.0190205845385195));
#7750=CARTESIAN_POINT('',(0.01605,-0.08022,-0.0190205845385195));
#7751=CARTESIAN_POINT('',(0.01605,-0.08022,-0.0190205845385195));
#7752=CARTESIAN_POINT('',(0.01475,-0.08022,-0.0190205845385195));
#7753=CARTESIAN_POINT('',(0.01605,-0.08022,-0.0200205845385195));
#7754=CARTESIAN_POINT('',(0.01605,-0.08022,-0.0210205845385195));
#7755=CARTESIAN_POINT('',(0.01605,-0.08022,-0.0210205845385195));
#7756=CARTESIAN_POINT('',(0.01605,-0.08022,-0.0200205845385195));
#7757=CARTESIAN_POINT('',(0.01525,-0.08022,-0.0210205845385195));
#7758=CARTESIAN_POINT('',(0.01445,-0.08022,-0.0210205845385195));
#7759=CARTESIAN_POINT('',(0.01445,-0.08022,-0.0210205845385195));
#7760=CARTESIAN_POINT('',(0.01525,-0.08022,-0.0210205845385195));
#7761=CARTESIAN_POINT('',(0.01445,-0.08022,-0.0229795510284579));
#7762=CARTESIAN_POINT('',(0.01445,-0.08022,-0.0249385175183963));
#7763=CARTESIAN_POINT('',(0.01445,-0.08022,-0.0249385175183963));
#7764=CARTESIAN_POINT('',(0.01445,-0.08022,-0.0229795510284579));
#7765=CARTESIAN_POINT('',(0.01345,-0.08022,-0.0249385175183963));
#7766=CARTESIAN_POINT('',(0.01345,-0.08022,-0.0259385175183963));
#7767=CARTESIAN_POINT('',(0.01345,-0.08022,-0.0259385175183963));
#7768=CARTESIAN_POINT('',(0.01345,-0.08022,-0.0249385175183963));
#7769=CARTESIAN_POINT('',(0.01244,-0.08022,-0.0259385175183963));
#7770=CARTESIAN_POINT('',(0.01143,-0.08022,-0.0259385175183963));
#7771=CARTESIAN_POINT('',(0.01143,-0.08022,-0.0259385175183963));
#7772=CARTESIAN_POINT('',(0.01244,-0.08022,-0.0259385175183963));
#7773=CARTESIAN_POINT('',(0.01143,-0.08022,-0.0249385175183963));
#7774=CARTESIAN_POINT('',(0.01143,-0.08022,-0.0239385175183963));
#7775=CARTESIAN_POINT('',(0.01143,-0.08022,-0.0239385175183963));
#7776=CARTESIAN_POINT('',(0.01143,-0.08022,-0.0249385175183963));
#7777=CARTESIAN_POINT('',(-0.00254,-0.08022,-0.0325585175183965));
#7778=CARTESIAN_POINT('',(-0.00354,-0.08022,-0.0325585175183965));
#7779=CARTESIAN_POINT('',(-0.00354,-0.08022,-0.0325585175183965));
#7780=CARTESIAN_POINT('',(-0.00254,-0.08022,-0.0325585175183965));
#7781=CARTESIAN_POINT('',(-0.00154,-0.08022,-0.0325585175183965));
#7782=CARTESIAN_POINT('',(-0.00154,-0.08022,-0.0325585175183965));
#7783=CARTESIAN_POINT('',(-0.00354,-0.08022,-0.0310585175183965));
#7784=CARTESIAN_POINT('',(-0.00354,-0.08022,-0.0295585175183965));
#7785=CARTESIAN_POINT('',(-0.00354,-0.08022,-0.0295585175183965));
#7786=CARTESIAN_POINT('',(-0.00354,-0.08022,-0.0310585175183965));
#7787=CARTESIAN_POINT('',(-0.00254,-0.08022,-0.0295585175183965));
#7788=CARTESIAN_POINT('',(-0.00154,-0.08022,-0.0295585175183965));
#7789=CARTESIAN_POINT('',(-0.00154,-0.08022,-0.0295585175183965));
#7790=CARTESIAN_POINT('',(-0.00254,-0.08022,-0.0295585175183965));
#7791=CARTESIAN_POINT('',(0.00508,-0.08022,-0.0201988129927837));
#7792=CARTESIAN_POINT('',(0.00608,-0.08022,-0.0201988129927837));
#7793=CARTESIAN_POINT('',(0.00608,-0.08022,-0.0201988129927837));
#7794=CARTESIAN_POINT('',(0.00508,-0.08022,-0.0201988129927837));
#7795=CARTESIAN_POINT('',(0.00408,-0.08022,-0.0201988129927837));
#7796=CARTESIAN_POINT('',(0.00408,-0.08022,-0.0201988129927837));
#7797=CARTESIAN_POINT('',(0.00608,-0.08022,-0.0212238129927837));
#7798=CARTESIAN_POINT('',(0.00608,-0.08022,-0.0222488129927837));
#7799=CARTESIAN_POINT('',(0.00608,-0.08022,-0.0222488129927837));
#7800=CARTESIAN_POINT('',(0.00608,-0.08022,-0.0212238129927837));
#7801=CARTESIAN_POINT('',(0.00508,-0.08022,-0.0222488129927837));
#7802=CARTESIAN_POINT('',(0.00408,-0.08022,-0.0222488129927837));
#7803=CARTESIAN_POINT('',(0.00408,-0.08022,-0.0222488129927837));
#7804=CARTESIAN_POINT('',(0.00508,-0.08022,-0.0222488129927837));
#7805=CARTESIAN_POINT('',(-1.97324795392362E-17,-0.08022,-0.0249988129927837));
#7806=CARTESIAN_POINT('',(-1.97324795392362E-17,-0.08022,-0.0249988129927837));
#7807=CARTESIAN_POINT('',(0.007315,-0.08022,-0.0315585175183965));
#7808=CARTESIAN_POINT('',(0.007315,-0.08022,-0.0315585175183965));
#7809=CARTESIAN_POINT('',(-0.00354,-0.08022,-0.0212238129927837));
#7810=CARTESIAN_POINT('',(-0.00354,-0.08022,-0.0212238129927837));
#7811=CARTESIAN_POINT('',(-0.01016,-0.08022,-0.0201988129927837));
#7812=CARTESIAN_POINT('',(-0.01016,-0.08022,-0.0201988129927837));
#7813=CARTESIAN_POINT('',(0.0093725,-0.08022,-0.0340985175183965));
#7814=CARTESIAN_POINT('',(0.0093725,-0.08022,-0.0340985175183965));
#7815=CARTESIAN_POINT('',(0.008255,-0.08022,-0.0264785175183962));
#7816=CARTESIAN_POINT('',(0.008255,-0.08022,-0.0264785175183962));
#7817=CARTESIAN_POINT('',(-0.019371886492855,-0.08022,-0.0160596581983639));
#7818=CARTESIAN_POINT('',(-0.019371886492855,-0.08022,-0.0160596581983639));
#7819=CARTESIAN_POINT('',(0.0093725,-0.08022,-0.0290185175183963));
#7820=CARTESIAN_POINT('',(0.0093725,-0.08022,-0.0290185175183963));
#7821=CARTESIAN_POINT('',(-0.014939540521965,-0.08022,-0.0279655089335133));
#7822=CARTESIAN_POINT('',(-0.014939540521965,-0.08022,-0.0279655089335133));
#7823=CARTESIAN_POINT('',(-0.01143,-0.08022,-0.0376385175183954));
#7824=CARTESIAN_POINT('',(-0.01143,-0.08022,-0.0376385175183954));
#7825=CARTESIAN_POINT('',(-0.01143,-0.08022,-0.0386385175183954));
#7826=CARTESIAN_POINT('',(-0.01143,-0.08022,-0.0401785175183952));
#7827=CARTESIAN_POINT('',(-0.01143,-0.08022,-0.0401785175183952));
#7828=CARTESIAN_POINT('',(-0.01143,-0.08022,-0.0411785175183952));
#7829=CARTESIAN_POINT('',(-0.01143,-0.08022,-0.0350985175183966));
#7830=CARTESIAN_POINT('',(-0.01143,-0.08022,-0.0350985175183966));
#7831=CARTESIAN_POINT('',(-0.01143,-0.08022,-0.0360985175183966));
#7832=CARTESIAN_POINT('',(-0.01143,-0.08022,-0.0325585175183965));
#7833=CARTESIAN_POINT('',(-0.01143,-0.08022,-0.0325585175183965));
#7834=CARTESIAN_POINT('',(-0.01143,-0.08022,-0.0335585175183965));
#7835=CARTESIAN_POINT('',(-0.01143,-0.08022,-0.0300185175183963));
#7836=CARTESIAN_POINT('',(-0.01143,-0.08022,-0.0300185175183963));
#7837=CARTESIAN_POINT('',(-0.01143,-0.08022,-0.0310185175183963));
#7838=CARTESIAN_POINT('',(-0.01143,-0.08022,-0.0274785175183963));
#7839=CARTESIAN_POINT('',(-0.01143,-0.08022,-0.0274785175183963));
#7840=CARTESIAN_POINT('',(-0.01143,-0.08022,-0.0284785175183963));
#7841=CARTESIAN_POINT('',(-0.01143,-0.08022,-0.0249385175183963));
#7842=CARTESIAN_POINT('',(-0.01143,-0.08022,-0.0249385175183963));
#7843=CARTESIAN_POINT('',(-0.01143,-0.08022,-0.0259385175183963));
#7844=CARTESIAN_POINT('',(-0.017075,-0.08022,-0.0215605845385195));
#7845=CARTESIAN_POINT('',(-0.017075,-0.08022,-0.0215605845385195));
#7846=CARTESIAN_POINT('',(0.021,-0.08022,-0.0145269330410535));
#7847=CARTESIAN_POINT('',(0.021,-0.08022,-0.0145269330410535));
#7848=CARTESIAN_POINT('',(0.01194,-0.08022,-0.0239385175183963));
#7849=CARTESIAN_POINT('',(0.01194,-0.08022,-0.0239385175183963));
#7850=CARTESIAN_POINT('',(-0.00154,-0.08022,-0.0310585175183965));
#7851=CARTESIAN_POINT('',(-0.00154,-0.08022,-0.0310585175183965));
#7852=CARTESIAN_POINT('',(0.00408,-0.08022,-0.0212238129927837));
#7853=CARTESIAN_POINT('',(0.00408,-0.08022,-0.0212238129927837));
#7854=CARTESIAN_POINT('',(-0.01143,-0.08022,-0.0223985175183962));
#7855=CARTESIAN_POINT('',(-0.01143,-0.08022,-0.0223985175183962));
#7856=CARTESIAN_POINT('',(9.0205620750794E-17,-0.08022,-0.0115));
#7857=MECHANICAL_DESIGN_GEOMETRIC_PRESENTATION_REPRESENTATION('',(#4646),
#7858);
#7858=(
GEOMETRIC_REPRESENTATION_CONTEXT(3)
GLOBAL_UNCERTAINTY_ASSIGNED_CONTEXT((#7859))
GLOBAL_UNIT_ASSIGNED_CONTEXT((#7862,#7861,#7860))
REPRESENTATION_CONTEXT('PCB','TOP_LEVEL_ASSEMBLY_PART')
);
#7859=UNCERTAINTY_MEASURE_WITH_UNIT(LENGTH_MEASURE(1.E-8),#7862,
'DISTANCE_ACCURACY_VALUE','Maximum Tolerance applied to model');
#7860=(
NAMED_UNIT(*)
SI_UNIT($,.STERADIAN.)
SOLID_ANGLE_UNIT()
);
#7861=(
NAMED_UNIT(*)
PLANE_ANGLE_UNIT()
SI_UNIT($,.RADIAN.)
);
#7862=(
LENGTH_UNIT()
NAMED_UNIT(*)
SI_UNIT($,.METRE.)
);
#7863=PRODUCT_DEFINITION_SHAPE('','',#7864);
#7864=PRODUCT_DEFINITION('','',#7866,#7865);
#7865=PRODUCT_DEFINITION_CONTEXT('',#7872,'design');
#7866=PRODUCT_DEFINITION_FORMATION_WITH_SPECIFIED_SOURCE('','',#7868,
 .NOT_KNOWN.);
#7867=PRODUCT_RELATED_PRODUCT_CATEGORY('','',(#7868));
#7868=PRODUCT('PCB','PCB','PCB',(#7870));
#7869=PRODUCT_CATEGORY('','');
#7870=PRODUCT_CONTEXT('',#7872,'mechanical');
#7871=APPLICATION_PROTOCOL_DEFINITION('international standard',
'ap242_managed_model_based_3d_engineering',2020,#7872);
#7872=APPLICATION_CONTEXT('managed model based 3d engineering');
ENDSEC;
END-ISO-10303-21;
