ISO-10303-21;
HEADER;
/* Generated by software containing ST-Developer
 * from STEP Tools, Inc. (www.steptools.com) 
 */
/* OPTION: using custom renumber hook */

FILE_DESCRIPTION(
/* description */ ('STEP AP242 Edition 2',
'CAx-IF Rec.Pracs.---Representation and Presentation of Product Manufa
cturing Information (PMI)---4.0---2014-10-13',
'CAx-IF Rec.Pracs.---3D Tessellated Geometry---0.4---2014-09-14','2;1',
'CAx-IF Rec.Pracs.---User Defined Attributes---1.5---2016-08-15'),
/* implementation_level */ '2;1');

FILE_NAME(
/* name */ 'Candy launcher - PCB',
/* time_stamp */ '2026-08-07T22:34:16Z',
/* author */ (''),
/* organization */ (''),
/* preprocessor_version */ 'ST-DEVELOPER v20',
/* originating_system */ 'ONSHAPE BY PTC INC, 1.219',
/* authorisation */ '  ');

FILE_SCHEMA (('AP242_MANAGED_MODEL_BASED_3D_ENGINEERING_MIM_LF { 1 0 10303 442 3 1 4 }'));
ENDSEC;

DATA;
#10=SHAPE_REPRESENTATION_RELATIONSHIP('','',#4641,#11);
#11=ADVANCED_BREP_SHAPE_REPRESENTATION('',(#4639),#7827);
#12=OVER_RIDING_STYLED_ITEM('',(#4626),#4622,#4624);
#13=PLANE('',#4647);
#14=PLANE('',#4652);
#15=PLANE('',#4657);
#16=PLANE('',#4666);
#17=PLANE('',#4671);
#18=PLANE('',#4676);
#19=PLANE('',#4681);
#20=PLANE('',#4684);
#21=PLANE('',#4687);
#22=PLANE('',#4690);
#23=PLANE('',#4693);
#24=PLANE('',#4696);
#25=PLANE('',#4699);
#26=PLANE('',#4702);
#27=PLANE('',#4708);
#28=PLANE('',#4713);
#29=PLANE('',#4736);
#30=PLANE('',#4743);
#31=PLANE('',#4750);
#32=PLANE('',#4755);
#33=PLANE('',#4760);
#34=PLANE('',#4767);
#35=PLANE('',#4771);
#36=PLANE('',#4775);
#37=PLANE('',#4776);
#38=PLANE('',#4777);
#39=PLANE('',#4781);
#40=PLANE('',#4785);
#41=PLANE('',#4792);
#42=PLANE('',#4878);
#43=PLANE('',#4918);
#44=PLANE('',#4919);
#45=PLANE('',#4932);
#46=PLANE('',#4933);
#47=PLANE('',#4936);
#48=PLANE('',#4937);
#49=PLANE('',#4940);
#50=PLANE('',#4941);
#51=PLANE('',#4942);
#52=PLANE('',#4945);
#53=PLANE('',#4950);
#54=PLANE('',#4951);
#55=PLANE('',#4954);
#56=PLANE('',#4955);
#57=PLANE('',#4956);
#58=PLANE('',#4957);
#59=PLANE('',#4960);
#60=PLANE('',#4963);
#61=PLANE('',#4964);
#62=PLANE('',#4967);
#63=PLANE('',#4968);
#64=PLANE('',#4969);
#65=PLANE('',#4970);
#66=PLANE('',#4973);
#67=PLANE('',#4976);
#68=PLANE('',#4977);
#69=PLANE('',#4980);
#70=PLANE('',#4985);
#71=PLANE('',#4988);
#72=PLANE('',#4991);
#73=PLANE('',#4994);
#74=PLANE('',#4997);
#75=PLANE('',#5000);
#76=PLANE('',#5001);
#77=PLANE('',#5004);
#78=PLANE('',#5005);
#79=PLANE('',#5008);
#80=PLANE('',#5013);
#81=PLANE('',#5018);
#82=PLANE('',#5023);
#83=PLANE('',#5026);
#84=PLANE('',#5029);
#85=PLANE('',#5032);
#86=PLANE('',#5037);
#87=PLANE('',#5040);
#88=PLANE('',#5043);
#89=PLANE('',#5046);
#90=PLANE('',#5049);
#91=PLANE('',#5052);
#92=PLANE('',#5055);
#93=PLANE('',#5058);
#94=PLANE('',#5061);
#95=PLANE('',#5062);
#96=PLANE('',#5065);
#97=PLANE('',#5068);
#98=PLANE('',#5071);
#99=PLANE('',#5072);
#100=PLANE('',#5075);
#101=PLANE('',#5078);
#102=PLANE('',#5081);
#103=PLANE('',#5082);
#104=PLANE('',#5083);
#105=PLANE('',#5084);
#106=PLANE('',#5085);
#107=PLANE('',#5086);
#108=PLANE('',#5089);
#109=PLANE('',#5092);
#110=PLANE('',#5093);
#111=PLANE('',#5094);
#112=PLANE('',#5097);
#113=PLANE('',#5100);
#114=PLANE('',#5101);
#115=PLANE('',#5104);
#116=PLANE('',#5109);
#117=PLANE('',#5114);
#118=PLANE('',#5117);
#119=PLANE('',#5118);
#120=PLANE('',#5121);
#121=PLANE('',#5122);
#122=PLANE('',#5123);
#123=PLANE('',#5124);
#124=PLANE('',#5139);
#125=PLANE('',#5140);
#126=PLANE('',#5145);
#127=PLANE('',#5146);
#128=PLANE('',#5147);
#129=PLANE('',#5150);
#130=LINE('',#6524,#480);
#131=LINE('',#6528,#481);
#132=LINE('',#6532,#482);
#133=LINE('',#6537,#483);
#134=LINE('',#6541,#484);
#135=LINE('',#6550,#485);
#136=LINE('',#6554,#486);
#137=LINE('',#6560,#487);
#138=LINE('',#6565,#488);
#139=LINE('',#6569,#489);
#140=LINE('',#6573,#490);
#141=LINE('',#6577,#491);
#142=LINE('',#6579,#492);
#143=LINE('',#6583,#493);
#144=LINE('',#6585,#494);
#145=LINE('',#6596,#495);
#146=LINE('',#6600,#496);
#147=LINE('',#6609,#497);
#148=LINE('',#6613,#498);
#149=LINE('',#6622,#499);
#150=LINE('',#6626,#500);
#151=LINE('',#6671,#501);
#152=LINE('',#6674,#502);
#153=LINE('',#6678,#503);
#154=LINE('',#6682,#504);
#155=LINE('',#6689,#505);
#156=LINE('',#6693,#506);
#157=LINE('',#6715,#507);
#158=LINE('',#6719,#508);
#159=LINE('',#6723,#509);
#160=LINE('',#6727,#510);
#161=LINE('',#6731,#511);
#162=LINE('',#6735,#512);
#163=LINE('',#6737,#513);
#164=LINE('',#6741,#514);
#165=LINE('',#6745,#515);
#166=LINE('',#6749,#516);
#167=LINE('',#6751,#517);
#168=LINE('',#6755,#518);
#169=LINE('',#6759,#519);
#170=LINE('',#6763,#520);
#171=LINE('',#6765,#521);
#172=LINE('',#6767,#522);
#173=LINE('',#6769,#523);
#174=LINE('',#6771,#524);
#175=LINE('',#6775,#525);
#176=LINE('',#6779,#526);
#177=LINE('',#6781,#527);
#178=LINE('',#6794,#528);
#179=LINE('',#6798,#529);
#180=LINE('',#6802,#530);
#181=LINE('',#6804,#531);
#182=LINE('',#6810,#532);
#183=LINE('',#6813,#533);
#184=LINE('',#6817,#534);
#185=LINE('',#6821,#535);
#186=LINE('',#6823,#536);
#187=LINE('',#6827,#537);
#188=LINE('',#6834,#538);
#189=LINE('',#6838,#539);
#190=LINE('',#6847,#540);
#191=LINE('',#6851,#541);
#192=LINE('',#6860,#542);
#193=LINE('',#6864,#543);
#194=LINE('',#6870,#544);
#195=LINE('',#6874,#545);
#196=LINE('',#6876,#546);
#197=LINE('',#6878,#547);
#198=LINE('',#6880,#548);
#199=LINE('',#6884,#549);
#200=LINE('',#6888,#550);
#201=LINE('',#6890,#551);
#202=LINE('',#6892,#552);
#203=LINE('',#6896,#553);
#204=LINE('',#6900,#554);
#205=LINE('',#6902,#555);
#206=LINE('',#6904,#556);
#207=LINE('',#6906,#557);
#208=LINE('',#6908,#558);
#209=LINE('',#6910,#559);
#210=LINE('',#6912,#560);
#211=LINE('',#6914,#561);
#212=LINE('',#6916,#562);
#213=LINE('',#6920,#563);
#214=LINE('',#6924,#564);
#215=LINE('',#6926,#565);
#216=LINE('',#6928,#566);
#217=LINE('',#6932,#567);
#218=LINE('',#6936,#568);
#219=LINE('',#6938,#569);
#220=LINE('',#6940,#570);
#221=LINE('',#6944,#571);
#222=LINE('',#6950,#572);
#223=LINE('',#6954,#573);
#224=LINE('',#6956,#574);
#225=LINE('',#6958,#575);
#226=LINE('',#6962,#576);
#227=LINE('',#7094,#577);
#228=LINE('',#7095,#578);
#229=LINE('',#7158,#579);
#230=LINE('',#7161,#580);
#231=LINE('',#7165,#581);
#232=LINE('',#7167,#582);
#233=LINE('',#7171,#583);
#234=LINE('',#7173,#584);
#235=LINE('',#7175,#585);
#236=LINE('',#7179,#586);
#237=LINE('',#7185,#587);
#238=LINE('',#7187,#588);
#239=LINE('',#7191,#589);
#240=LINE('',#7193,#590);
#241=LINE('',#7195,#591);
#242=LINE('',#7197,#592);
#243=LINE('',#7201,#593);
#244=LINE('',#7205,#594);
#245=LINE('',#7207,#595);
#246=LINE('',#7211,#596);
#247=LINE('',#7213,#597);
#248=LINE('',#7215,#598);
#249=LINE('',#7217,#599);
#250=LINE('',#7221,#600);
#251=LINE('',#7225,#601);
#252=LINE('',#7227,#602);
#253=LINE('',#7231,#603);
#254=LINE('',#7233,#604);
#255=LINE('',#7235,#605);
#256=LINE('',#7237,#606);
#257=LINE('',#7239,#607);
#258=LINE('',#7243,#608);
#259=LINE('',#7245,#609);
#260=LINE('',#7247,#610);
#261=LINE('',#7249,#611);
#262=LINE('',#7251,#612);
#263=LINE('',#7255,#613);
#264=LINE('',#7257,#614);
#265=LINE('',#7259,#615);
#266=LINE('',#7261,#616);
#267=LINE('',#7263,#617);
#268=LINE('',#7265,#618);
#269=LINE('',#7267,#619);
#270=LINE('',#7271,#620);
#271=LINE('',#7273,#621);
#272=LINE('',#7275,#622);
#273=LINE('',#7279,#623);
#274=LINE('',#7283,#624);
#275=LINE('',#7285,#625);
#276=LINE('',#7287,#626);
#277=LINE('',#7289,#627);
#278=LINE('',#7291,#628);
#279=LINE('',#7295,#629);
#280=LINE('',#7297,#630);
#281=LINE('',#7299,#631);
#282=LINE('',#7301,#632);
#283=LINE('',#7303,#633);
#284=LINE('',#7305,#634);
#285=LINE('',#7307,#635);
#286=LINE('',#7309,#636);
#287=LINE('',#7311,#637);
#288=LINE('',#7315,#638);
#289=LINE('',#7317,#639);
#290=LINE('',#7319,#640);
#291=LINE('',#7323,#641);
#292=LINE('',#7325,#642);
#293=LINE('',#7327,#643);
#294=LINE('',#7329,#644);
#295=LINE('',#7331,#645);
#296=LINE('',#7335,#646);
#297=LINE('',#7337,#647);
#298=LINE('',#7339,#648);
#299=LINE('',#7341,#649);
#300=LINE('',#7343,#650);
#301=LINE('',#7345,#651);
#302=LINE('',#7347,#652);
#303=LINE('',#7349,#653);
#304=LINE('',#7351,#654);
#305=LINE('',#7355,#655);
#306=LINE('',#7357,#656);
#307=LINE('',#7359,#657);
#308=LINE('',#7363,#658);
#309=LINE('',#7365,#659);
#310=LINE('',#7367,#660);
#311=LINE('',#7369,#661);
#312=LINE('',#7371,#662);
#313=LINE('',#7373,#663);
#314=LINE('',#7377,#664);
#315=LINE('',#7379,#665);
#316=LINE('',#7381,#666);
#317=LINE('',#7385,#667);
#318=LINE('',#7387,#668);
#319=LINE('',#7391,#669);
#320=LINE('',#7393,#670);
#321=LINE('',#7395,#671);
#322=LINE('',#7399,#672);
#323=LINE('',#7401,#673);
#324=LINE('',#7403,#674);
#325=LINE('',#7405,#675);
#326=LINE('',#7409,#676);
#327=LINE('',#7411,#677);
#328=LINE('',#7413,#678);
#329=LINE('',#7417,#679);
#330=LINE('',#7419,#680);
#331=LINE('',#7421,#681);
#332=LINE('',#7425,#682);
#333=LINE('',#7427,#683);
#334=LINE('',#7429,#684);
#335=LINE('',#7433,#685);
#336=LINE('',#7435,#686);
#337=LINE('',#7437,#687);
#338=LINE('',#7439,#688);
#339=LINE('',#7441,#689);
#340=LINE('',#7445,#690);
#341=LINE('',#7447,#691);
#342=LINE('',#7449,#692);
#343=LINE('',#7451,#693);
#344=LINE('',#7453,#694);
#345=LINE('',#7455,#695);
#346=LINE('',#7459,#696);
#347=LINE('',#7461,#697);
#348=LINE('',#7463,#698);
#349=LINE('',#7467,#699);
#350=LINE('',#7469,#700);
#351=LINE('',#7473,#701);
#352=LINE('',#7475,#702);
#353=LINE('',#7477,#703);
#354=LINE('',#7481,#704);
#355=LINE('',#7483,#705);
#356=LINE('',#7487,#706);
#357=LINE('',#7489,#707);
#358=LINE('',#7491,#708);
#359=LINE('',#7495,#709);
#360=LINE('',#7497,#710);
#361=LINE('',#7501,#711);
#362=LINE('',#7503,#712);
#363=LINE('',#7505,#713);
#364=LINE('',#7509,#714);
#365=LINE('',#7511,#715);
#366=LINE('',#7513,#716);
#367=LINE('',#7515,#717);
#368=LINE('',#7519,#718);
#369=LINE('',#7521,#719);
#370=LINE('',#7523,#720);
#371=LINE('',#7527,#721);
#372=LINE('',#7529,#722);
#373=LINE('',#7531,#723);
#374=LINE('',#7535,#724);
#375=LINE('',#7537,#725);
#376=LINE('',#7541,#726);
#377=LINE('',#7543,#727);
#378=LINE('',#7545,#728);
#379=LINE('',#7549,#729);
#380=LINE('',#7551,#730);
#381=LINE('',#7553,#731);
#382=LINE('',#7555,#732);
#383=LINE('',#7559,#733);
#384=LINE('',#7561,#734);
#385=LINE('',#7565,#735);
#386=LINE('',#7567,#736);
#387=LINE('',#7569,#737);
#388=LINE('',#7573,#738);
#389=LINE('',#7575,#739);
#390=LINE('',#7577,#740);
#391=LINE('',#7581,#741);
#392=LINE('',#7583,#742);
#393=LINE('',#7585,#743);
#394=LINE('',#7589,#744);
#395=LINE('',#7591,#745);
#396=LINE('',#7593,#746);
#397=LINE('',#7597,#747);
#398=LINE('',#7599,#748);
#399=LINE('',#7601,#749);
#400=LINE('',#7605,#750);
#401=LINE('',#7607,#751);
#402=LINE('',#7609,#752);
#403=LINE('',#7611,#753);
#404=LINE('',#7613,#754);
#405=LINE('',#7617,#755);
#406=LINE('',#7619,#756);
#407=LINE('',#7621,#757);
#408=LINE('',#7625,#758);
#409=LINE('',#7627,#759);
#410=LINE('',#7629,#760);
#411=LINE('',#7633,#761);
#412=LINE('',#7635,#762);
#413=LINE('',#7637,#763);
#414=LINE('',#7639,#764);
#415=LINE('',#7641,#765);
#416=LINE('',#7645,#766);
#417=LINE('',#7647,#767);
#418=LINE('',#7649,#768);
#419=LINE('',#7653,#769);
#420=LINE('',#7655,#770);
#421=LINE('',#7657,#771);
#422=LINE('',#7661,#772);
#423=LINE('',#7663,#773);
#424=LINE('',#7665,#774);
#425=LINE('',#7667,#775);
#426=LINE('',#7669,#776);
#427=LINE('',#7671,#777);
#428=LINE('',#7673,#778);
#429=LINE('',#7675,#779);
#430=LINE('',#7677,#780);
#431=LINE('',#7679,#781);
#432=LINE('',#7681,#782);
#433=LINE('',#7683,#783);
#434=LINE('',#7685,#784);
#435=LINE('',#7687,#785);
#436=LINE('',#7691,#786);
#437=LINE('',#7693,#787);
#438=LINE('',#7695,#788);
#439=LINE('',#7699,#789);
#440=LINE('',#7701,#790);
#441=LINE('',#7703,#791);
#442=LINE('',#7705,#792);
#443=LINE('',#7707,#793);
#444=LINE('',#7709,#794);
#445=LINE('',#7711,#795);
#446=LINE('',#7713,#796);
#447=LINE('',#7717,#797);
#448=LINE('',#7719,#798);
#449=LINE('',#7721,#799);
#450=LINE('',#7725,#800);
#451=LINE('',#7727,#801);
#452=LINE('',#7729,#802);
#453=LINE('',#7731,#803);
#454=LINE('',#7733,#804);
#455=LINE('',#7737,#805);
#456=LINE('',#7739,#806);
#457=LINE('',#7741,#807);
#458=LINE('',#7745,#808);
#459=LINE('',#7747,#809);
#460=LINE('',#7751,#810);
#461=LINE('',#7753,#811);
#462=LINE('',#7755,#812);
#463=LINE('',#7759,#813);
#464=LINE('',#7761,#814);
#465=LINE('',#7765,#815);
#466=LINE('',#7767,#816);
#467=LINE('',#7769,#817);
#468=LINE('',#7773,#818);
#469=LINE('',#7775,#819);
#470=LINE('',#7777,#820);
#471=LINE('',#7781,#821);
#472=LINE('',#7783,#822);
#473=LINE('',#7785,#823);
#474=LINE('',#7787,#824);
#475=LINE('',#7810,#825);
#476=LINE('',#7812,#826);
#477=LINE('',#7818,#827);
#478=LINE('',#7820,#828);
#479=LINE('',#7822,#829);
#480=VECTOR('',#5157,1.);
#481=VECTOR('',#5160,1.);
#482=VECTOR('',#5163,1.);
#483=VECTOR('',#5168,1.);
#484=VECTOR('',#5171,1.);
#485=VECTOR('',#5180,1.);
#486=VECTOR('',#5183,1.);
#487=VECTOR('',#5190,1.);
#488=VECTOR('',#5193,1.);
#489=VECTOR('',#5196,1.);
#490=VECTOR('',#5199,1.);
#491=VECTOR('',#5202,1.);
#492=VECTOR('',#5203,1.);
#493=VECTOR('',#5206,1.);
#494=VECTOR('',#5207,1.);
#495=VECTOR('',#5218,1.);
#496=VECTOR('',#5221,1.);
#497=VECTOR('',#5230,1.);
#498=VECTOR('',#5233,1.);
#499=VECTOR('',#5242,1.);
#500=VECTOR('',#5245,1.);
#501=VECTOR('',#5298,1.);
#502=VECTOR('',#5299,1.);
#503=VECTOR('',#5302,1.);
#504=VECTOR('',#5305,1.);
#505=VECTOR('',#5312,1.);
#506=VECTOR('',#5315,1.);
#507=VECTOR('',#5338,1.);
#508=VECTOR('',#5341,1.);
#509=VECTOR('',#5344,1.);
#510=VECTOR('',#5347,1.);
#511=VECTOR('',#5350,1.);
#512=VECTOR('',#5353,1.);
#513=VECTOR('',#5354,1.);
#514=VECTOR('',#5357,1.);
#515=VECTOR('',#5360,1.);
#516=VECTOR('',#5363,1.);
#517=VECTOR('',#5364,1.);
#518=VECTOR('',#5367,1.);
#519=VECTOR('',#5370,1.);
#520=VECTOR('',#5373,1.);
#521=VECTOR('',#5374,1.);
#522=VECTOR('',#5375,1.);
#523=VECTOR('',#5376,1.);
#524=VECTOR('',#5377,1.);
#525=VECTOR('',#5380,1.);
#526=VECTOR('',#5383,1.);
#527=VECTOR('',#5384,1.);
#528=VECTOR('',#5397,1.);
#529=VECTOR('',#5400,1.);
#530=VECTOR('',#5403,1.);
#531=VECTOR('',#5404,1.);
#532=VECTOR('',#5411,1.);
#533=VECTOR('',#5412,1.);
#534=VECTOR('',#5415,1.);
#535=VECTOR('',#5418,1.);
#536=VECTOR('',#5419,1.);
#537=VECTOR('',#5422,1.);
#538=VECTOR('',#5429,1.);
#539=VECTOR('',#5432,1.);
#540=VECTOR('',#5441,1.);
#541=VECTOR('',#5444,1.);
#542=VECTOR('',#5453,1.);
#543=VECTOR('',#5456,1.);
#544=VECTOR('',#5463,1.);
#545=VECTOR('',#5468,1.);
#546=VECTOR('',#5469,1.);
#547=VECTOR('',#5470,1.);
#548=VECTOR('',#5471,1.);
#549=VECTOR('',#5476,1.);
#550=VECTOR('',#5481,1.);
#551=VECTOR('',#5482,1.);
#552=VECTOR('',#5483,1.);
#553=VECTOR('',#5488,1.);
#554=VECTOR('',#5493,1.);
#555=VECTOR('',#5494,1.);
#556=VECTOR('',#5495,1.);
#557=VECTOR('',#5498,1.);
#558=VECTOR('',#5499,1.);
#559=VECTOR('',#5500,1.);
#560=VECTOR('',#5503,1.);
#561=VECTOR('',#5504,1.);
#562=VECTOR('',#5505,1.);
#563=VECTOR('',#5510,1.);
#564=VECTOR('',#5515,1.);
#565=VECTOR('',#5516,1.);
#566=VECTOR('',#5517,1.);
#567=VECTOR('',#5522,1.);
#568=VECTOR('',#5527,1.);
#569=VECTOR('',#5528,1.);
#570=VECTOR('',#5529,1.);
#571=VECTOR('',#5534,1.);
#572=VECTOR('',#5541,1.);
#573=VECTOR('',#5546,1.);
#574=VECTOR('',#5547,1.);
#575=VECTOR('',#5548,1.);
#576=VECTOR('',#5553,1.);
#577=VECTOR('',#5722,1.);
#578=VECTOR('',#5723,1.);
#579=VECTOR('',#5806,1.);
#580=VECTOR('',#5807,1.);
#581=VECTOR('',#5810,1.);
#582=VECTOR('',#5811,1.);
#583=VECTOR('',#5814,1.);
#584=VECTOR('',#5815,1.);
#585=VECTOR('',#5816,1.);
#586=VECTOR('',#5819,1.);
#587=VECTOR('',#5824,1.);
#588=VECTOR('',#5825,1.);
#589=VECTOR('',#5828,1.);
#590=VECTOR('',#5829,1.);
#591=VECTOR('',#5830,1.);
#592=VECTOR('',#5831,1.);
#593=VECTOR('',#5834,1.);
#594=VECTOR('',#5837,1.);
#595=VECTOR('',#5838,1.);
#596=VECTOR('',#5841,1.);
#597=VECTOR('',#5842,1.);
#598=VECTOR('',#5843,1.);
#599=VECTOR('',#5844,1.);
#600=VECTOR('',#5847,1.);
#601=VECTOR('',#5850,1.);
#602=VECTOR('',#5851,1.);
#603=VECTOR('',#5856,1.);
#604=VECTOR('',#5857,1.);
#605=VECTOR('',#5858,1.);
#606=VECTOR('',#5861,1.);
#607=VECTOR('',#5862,1.);
#608=VECTOR('',#5867,1.);
#609=VECTOR('',#5870,1.);
#610=VECTOR('',#5871,1.);
#611=VECTOR('',#5874,1.);
#612=VECTOR('',#5875,1.);
#613=VECTOR('',#5880,1.);
#614=VECTOR('',#5883,1.);
#615=VECTOR('',#5884,1.);
#616=VECTOR('',#5887,1.);
#617=VECTOR('',#5888,1.);
#618=VECTOR('',#5891,1.);
#619=VECTOR('',#5892,1.);
#620=VECTOR('',#5897,1.);
#621=VECTOR('',#5900,1.);
#622=VECTOR('',#5901,1.);
#623=VECTOR('',#5906,1.);
#624=VECTOR('',#5911,1.);
#625=VECTOR('',#5914,1.);
#626=VECTOR('',#5915,1.);
#627=VECTOR('',#5918,1.);
#628=VECTOR('',#5919,1.);
#629=VECTOR('',#5924,1.);
#630=VECTOR('',#5927,1.);
#631=VECTOR('',#5928,1.);
#632=VECTOR('',#5931,1.);
#633=VECTOR('',#5932,1.);
#634=VECTOR('',#5935,1.);
#635=VECTOR('',#5936,1.);
#636=VECTOR('',#5939,1.);
#637=VECTOR('',#5940,1.);
#638=VECTOR('',#5945,1.);
#639=VECTOR('',#5948,1.);
#640=VECTOR('',#5949,1.);
#641=VECTOR('',#5954,1.);
#642=VECTOR('',#5957,1.);
#643=VECTOR('',#5958,1.);
#644=VECTOR('',#5961,1.);
#645=VECTOR('',#5962,1.);
#646=VECTOR('',#5967,1.);
#647=VECTOR('',#5970,1.);
#648=VECTOR('',#5971,1.);
#649=VECTOR('',#5974,1.);
#650=VECTOR('',#5975,1.);
#651=VECTOR('',#5978,1.);
#652=VECTOR('',#5979,1.);
#653=VECTOR('',#5982,1.);
#654=VECTOR('',#5983,1.);
#655=VECTOR('',#5988,1.);
#656=VECTOR('',#5991,1.);
#657=VECTOR('',#5992,1.);
#658=VECTOR('',#5997,1.);
#659=VECTOR('',#6000,1.);
#660=VECTOR('',#6001,1.);
#661=VECTOR('',#6004,1.);
#662=VECTOR('',#6005,1.);
#663=VECTOR('',#6008,1.);
#664=VECTOR('',#6011,1.);
#665=VECTOR('',#6014,1.);
#666=VECTOR('',#6015,1.);
#667=VECTOR('',#6020,1.);
#668=VECTOR('',#6023,1.);
#669=VECTOR('',#6026,1.);
#670=VECTOR('',#6029,1.);
#671=VECTOR('',#6030,1.);
#672=VECTOR('',#6035,1.);
#673=VECTOR('',#6038,1.);
#674=VECTOR('',#6039,1.);
#675=VECTOR('',#6040,1.);
#676=VECTOR('',#6045,1.);
#677=VECTOR('',#6048,1.);
#678=VECTOR('',#6049,1.);
#679=VECTOR('',#6054,1.);
#680=VECTOR('',#6057,1.);
#681=VECTOR('',#6058,1.);
#682=VECTOR('',#6063,1.);
#683=VECTOR('',#6066,1.);
#684=VECTOR('',#6067,1.);
#685=VECTOR('',#6072,1.);
#686=VECTOR('',#6075,1.);
#687=VECTOR('',#6076,1.);
#688=VECTOR('',#6079,1.);
#689=VECTOR('',#6080,1.);
#690=VECTOR('',#6085,1.);
#691=VECTOR('',#6088,1.);
#692=VECTOR('',#6089,1.);
#693=VECTOR('',#6092,1.);
#694=VECTOR('',#6093,1.);
#695=VECTOR('',#6096,1.);
#696=VECTOR('',#6099,1.);
#697=VECTOR('',#6102,1.);
#698=VECTOR('',#6103,1.);
#699=VECTOR('',#6108,1.);
#700=VECTOR('',#6111,1.);
#701=VECTOR('',#6114,1.);
#702=VECTOR('',#6117,1.);
#703=VECTOR('',#6118,1.);
#704=VECTOR('',#6123,1.);
#705=VECTOR('',#6126,1.);
#706=VECTOR('',#6129,1.);
#707=VECTOR('',#6132,1.);
#708=VECTOR('',#6133,1.);
#709=VECTOR('',#6138,1.);
#710=VECTOR('',#6141,1.);
#711=VECTOR('',#6144,1.);
#712=VECTOR('',#6147,1.);
#713=VECTOR('',#6148,1.);
#714=VECTOR('',#6153,1.);
#715=VECTOR('',#6156,1.);
#716=VECTOR('',#6157,1.);
#717=VECTOR('',#6158,1.);
#718=VECTOR('',#6163,1.);
#719=VECTOR('',#6166,1.);
#720=VECTOR('',#6167,1.);
#721=VECTOR('',#6172,1.);
#722=VECTOR('',#6175,1.);
#723=VECTOR('',#6176,1.);
#724=VECTOR('',#6181,1.);
#725=VECTOR('',#6184,1.);
#726=VECTOR('',#6187,1.);
#727=VECTOR('',#6190,1.);
#728=VECTOR('',#6191,1.);
#729=VECTOR('',#6196,1.);
#730=VECTOR('',#6199,1.);
#731=VECTOR('',#6200,1.);
#732=VECTOR('',#6201,1.);
#733=VECTOR('',#6206,1.);
#734=VECTOR('',#6209,1.);
#735=VECTOR('',#6214,1.);
#736=VECTOR('',#6217,1.);
#737=VECTOR('',#6218,1.);
#738=VECTOR('',#6223,1.);
#739=VECTOR('',#6226,1.);
#740=VECTOR('',#6227,1.);
#741=VECTOR('',#6232,1.);
#742=VECTOR('',#6235,1.);
#743=VECTOR('',#6236,1.);
#744=VECTOR('',#6241,1.);
#745=VECTOR('',#6244,1.);
#746=VECTOR('',#6245,1.);
#747=VECTOR('',#6250,1.);
#748=VECTOR('',#6253,1.);
#749=VECTOR('',#6254,1.);
#750=VECTOR('',#6259,1.);
#751=VECTOR('',#6262,1.);
#752=VECTOR('',#6263,1.);
#753=VECTOR('',#6266,1.);
#754=VECTOR('',#6267,1.);
#755=VECTOR('',#6272,1.);
#756=VECTOR('',#6275,1.);
#757=VECTOR('',#6276,1.);
#758=VECTOR('',#6281,1.);
#759=VECTOR('',#6284,1.);
#760=VECTOR('',#6285,1.);
#761=VECTOR('',#6290,1.);
#762=VECTOR('',#6293,1.);
#763=VECTOR('',#6294,1.);
#764=VECTOR('',#6297,1.);
#765=VECTOR('',#6298,1.);
#766=VECTOR('',#6303,1.);
#767=VECTOR('',#6306,1.);
#768=VECTOR('',#6307,1.);
#769=VECTOR('',#6312,1.);
#770=VECTOR('',#6315,1.);
#771=VECTOR('',#6316,1.);
#772=VECTOR('',#6321,1.);
#773=VECTOR('',#6324,1.);
#774=VECTOR('',#6325,1.);
#775=VECTOR('',#6328,1.);
#776=VECTOR('',#6329,1.);
#777=VECTOR('',#6332,1.);
#778=VECTOR('',#6333,1.);
#779=VECTOR('',#6336,1.);
#780=VECTOR('',#6337,1.);
#781=VECTOR('',#6340,1.);
#782=VECTOR('',#6341,1.);
#783=VECTOR('',#6344,1.);
#784=VECTOR('',#6345,1.);
#785=VECTOR('',#6346,1.);
#786=VECTOR('',#6351,1.);
#787=VECTOR('',#6354,1.);
#788=VECTOR('',#6355,1.);
#789=VECTOR('',#6360,1.);
#790=VECTOR('',#6363,1.);
#791=VECTOR('',#6364,1.);
#792=VECTOR('',#6367,1.);
#793=VECTOR('',#6368,1.);
#794=VECTOR('',#6371,1.);
#795=VECTOR('',#6372,1.);
#796=VECTOR('',#6373,1.);
#797=VECTOR('',#6378,1.);
#798=VECTOR('',#6381,1.);
#799=VECTOR('',#6382,1.);
#800=VECTOR('',#6387,1.);
#801=VECTOR('',#6390,1.);
#802=VECTOR('',#6391,1.);
#803=VECTOR('',#6394,1.);
#804=VECTOR('',#6395,1.);
#805=VECTOR('',#6400,1.);
#806=VECTOR('',#6403,1.);
#807=VECTOR('',#6404,1.);
#808=VECTOR('',#6409,1.);
#809=VECTOR('',#6412,1.);
#810=VECTOR('',#6415,1.);
#811=VECTOR('',#6418,1.);
#812=VECTOR('',#6419,1.);
#813=VECTOR('',#6424,1.);
#814=VECTOR('',#6427,1.);
#815=VECTOR('',#6430,1.);
#816=VECTOR('',#6433,1.);
#817=VECTOR('',#6434,1.);
#818=VECTOR('',#6439,1.);
#819=VECTOR('',#6442,1.);
#820=VECTOR('',#6445,1.);
#821=VECTOR('',#6452,1.);
#822=VECTOR('',#6455,1.);
#823=VECTOR('',#6458,1.);
#824=VECTOR('',#6461,1.);
#825=VECTOR('',#6492,1.);
#826=VECTOR('',#6495,1.);
#827=VECTOR('',#6506,1.);
#828=VECTOR('',#6509,1.);
#829=VECTOR('',#6512,1.);
#830=ORIENTED_EDGE('',*,*,#2052,.F.);
#831=ORIENTED_EDGE('',*,*,#2053,.T.);
#832=ORIENTED_EDGE('',*,*,#2054,.F.);
#833=ORIENTED_EDGE('',*,*,#2055,.F.);
#834=ORIENTED_EDGE('',*,*,#2056,.T.);
#835=ORIENTED_EDGE('',*,*,#2057,.T.);
#836=ORIENTED_EDGE('',*,*,#2058,.T.);
#837=ORIENTED_EDGE('',*,*,#2059,.T.);
#838=ORIENTED_EDGE('',*,*,#2060,.T.);
#839=ORIENTED_EDGE('',*,*,#2061,.F.);
#840=ORIENTED_EDGE('',*,*,#2062,.T.);
#841=ORIENTED_EDGE('',*,*,#2063,.T.);
#842=ORIENTED_EDGE('',*,*,#2064,.T.);
#843=ORIENTED_EDGE('',*,*,#2065,.T.);
#844=ORIENTED_EDGE('',*,*,#2066,.T.);
#845=ORIENTED_EDGE('',*,*,#2067,.F.);
#846=ORIENTED_EDGE('',*,*,#2068,.T.);
#847=ORIENTED_EDGE('',*,*,#2069,.T.);
#848=ORIENTED_EDGE('',*,*,#2070,.T.);
#849=ORIENTED_EDGE('',*,*,#2071,.T.);
#850=ORIENTED_EDGE('',*,*,#2072,.T.);
#851=ORIENTED_EDGE('',*,*,#2073,.T.);
#852=ORIENTED_EDGE('',*,*,#2074,.F.);
#853=ORIENTED_EDGE('',*,*,#2075,.T.);
#854=ORIENTED_EDGE('',*,*,#2076,.T.);
#855=ORIENTED_EDGE('',*,*,#2077,.T.);
#856=ORIENTED_EDGE('',*,*,#2078,.F.);
#857=ORIENTED_EDGE('',*,*,#2079,.T.);
#858=ORIENTED_EDGE('',*,*,#2080,.T.);
#859=ORIENTED_EDGE('',*,*,#2081,.F.);
#860=ORIENTED_EDGE('',*,*,#2082,.F.);
#861=ORIENTED_EDGE('',*,*,#2083,.F.);
#862=ORIENTED_EDGE('',*,*,#2084,.T.);
#863=ORIENTED_EDGE('',*,*,#2085,.T.);
#864=ORIENTED_EDGE('',*,*,#2086,.T.);
#865=ORIENTED_EDGE('',*,*,#2087,.T.);
#866=ORIENTED_EDGE('',*,*,#2088,.T.);
#867=ORIENTED_EDGE('',*,*,#2089,.F.);
#868=ORIENTED_EDGE('',*,*,#2090,.T.);
#869=ORIENTED_EDGE('',*,*,#2091,.T.);
#870=ORIENTED_EDGE('',*,*,#2092,.T.);
#871=ORIENTED_EDGE('',*,*,#2093,.T.);
#872=ORIENTED_EDGE('',*,*,#2094,.T.);
#873=ORIENTED_EDGE('',*,*,#2095,.F.);
#874=ORIENTED_EDGE('',*,*,#2096,.T.);
#875=ORIENTED_EDGE('',*,*,#2097,.T.);
#876=ORIENTED_EDGE('',*,*,#2098,.T.);
#877=ORIENTED_EDGE('',*,*,#2099,.T.);
#878=ORIENTED_EDGE('',*,*,#2100,.T.);
#879=ORIENTED_EDGE('',*,*,#2101,.F.);
#880=ORIENTED_EDGE('',*,*,#2102,.F.);
#881=ORIENTED_EDGE('',*,*,#2103,.F.);
#882=ORIENTED_EDGE('',*,*,#2104,.F.);
#883=ORIENTED_EDGE('',*,*,#2105,.F.);
#884=ORIENTED_EDGE('',*,*,#2106,.F.);
#885=ORIENTED_EDGE('',*,*,#2107,.F.);
#886=ORIENTED_EDGE('',*,*,#2108,.F.);
#887=ORIENTED_EDGE('',*,*,#2109,.F.);
#888=ORIENTED_EDGE('',*,*,#2110,.F.);
#889=ORIENTED_EDGE('',*,*,#2111,.F.);
#890=ORIENTED_EDGE('',*,*,#2112,.F.);
#891=ORIENTED_EDGE('',*,*,#2113,.F.);
#892=ORIENTED_EDGE('',*,*,#2114,.F.);
#893=ORIENTED_EDGE('',*,*,#2115,.F.);
#894=ORIENTED_EDGE('',*,*,#2116,.F.);
#895=ORIENTED_EDGE('',*,*,#2117,.F.);
#896=ORIENTED_EDGE('',*,*,#2118,.F.);
#897=ORIENTED_EDGE('',*,*,#2119,.T.);
#898=ORIENTED_EDGE('',*,*,#2120,.F.);
#899=ORIENTED_EDGE('',*,*,#2121,.F.);
#900=ORIENTED_EDGE('',*,*,#2122,.T.);
#901=ORIENTED_EDGE('',*,*,#2123,.T.);
#902=ORIENTED_EDGE('',*,*,#2124,.T.);
#903=ORIENTED_EDGE('',*,*,#2125,.T.);
#904=ORIENTED_EDGE('',*,*,#2126,.T.);
#905=ORIENTED_EDGE('',*,*,#2127,.T.);
#906=ORIENTED_EDGE('',*,*,#2128,.T.);
#907=ORIENTED_EDGE('',*,*,#2129,.T.);
#908=ORIENTED_EDGE('',*,*,#2130,.F.);
#909=ORIENTED_EDGE('',*,*,#2131,.T.);
#910=ORIENTED_EDGE('',*,*,#2132,.F.);
#911=ORIENTED_EDGE('',*,*,#2133,.T.);
#912=ORIENTED_EDGE('',*,*,#2134,.T.);
#913=ORIENTED_EDGE('',*,*,#2135,.T.);
#914=ORIENTED_EDGE('',*,*,#2136,.T.);
#915=ORIENTED_EDGE('',*,*,#2137,.T.);
#916=ORIENTED_EDGE('',*,*,#2138,.T.);
#917=ORIENTED_EDGE('',*,*,#2139,.T.);
#918=ORIENTED_EDGE('',*,*,#2054,.T.);
#919=ORIENTED_EDGE('',*,*,#2140,.T.);
#920=ORIENTED_EDGE('',*,*,#2141,.F.);
#921=ORIENTED_EDGE('',*,*,#2142,.T.);
#922=ORIENTED_EDGE('',*,*,#2143,.T.);
#923=ORIENTED_EDGE('',*,*,#2144,.T.);
#924=ORIENTED_EDGE('',*,*,#2145,.T.);
#925=ORIENTED_EDGE('',*,*,#2146,.F.);
#926=ORIENTED_EDGE('',*,*,#2147,.T.);
#927=ORIENTED_EDGE('',*,*,#2148,.T.);
#928=ORIENTED_EDGE('',*,*,#2149,.T.);
#929=ORIENTED_EDGE('',*,*,#2150,.T.);
#930=ORIENTED_EDGE('',*,*,#2151,.F.);
#931=ORIENTED_EDGE('',*,*,#2152,.F.);
#932=ORIENTED_EDGE('',*,*,#2153,.F.);
#933=ORIENTED_EDGE('',*,*,#2154,.T.);
#934=ORIENTED_EDGE('',*,*,#2155,.T.);
#935=ORIENTED_EDGE('',*,*,#2156,.F.);
#936=ORIENTED_EDGE('',*,*,#2157,.F.);
#937=ORIENTED_EDGE('',*,*,#2158,.F.);
#938=ORIENTED_EDGE('',*,*,#2159,.F.);
#939=ORIENTED_EDGE('',*,*,#2160,.T.);
#940=ORIENTED_EDGE('',*,*,#2161,.T.);
#941=ORIENTED_EDGE('',*,*,#2162,.T.);
#942=ORIENTED_EDGE('',*,*,#2163,.T.);
#943=ORIENTED_EDGE('',*,*,#2164,.F.);
#944=ORIENTED_EDGE('',*,*,#2165,.F.);
#945=ORIENTED_EDGE('',*,*,#2166,.F.);
#946=ORIENTED_EDGE('',*,*,#2167,.T.);
#947=ORIENTED_EDGE('',*,*,#2168,.T.);
#948=ORIENTED_EDGE('',*,*,#2169,.T.);
#949=ORIENTED_EDGE('',*,*,#2170,.T.);
#950=ORIENTED_EDGE('',*,*,#2171,.F.);
#951=ORIENTED_EDGE('',*,*,#2172,.T.);
#952=ORIENTED_EDGE('',*,*,#2173,.F.);
#953=ORIENTED_EDGE('',*,*,#2174,.F.);
#954=ORIENTED_EDGE('',*,*,#2175,.F.);
#955=ORIENTED_EDGE('',*,*,#2176,.T.);
#956=ORIENTED_EDGE('',*,*,#2177,.T.);
#957=ORIENTED_EDGE('',*,*,#2178,.T.);
#958=ORIENTED_EDGE('',*,*,#2179,.T.);
#959=ORIENTED_EDGE('',*,*,#2180,.F.);
#960=ORIENTED_EDGE('',*,*,#2181,.T.);
#961=ORIENTED_EDGE('',*,*,#2182,.F.);
#962=ORIENTED_EDGE('',*,*,#2183,.T.);
#963=ORIENTED_EDGE('',*,*,#2184,.T.);
#964=ORIENTED_EDGE('',*,*,#2185,.T.);
#965=ORIENTED_EDGE('',*,*,#2186,.T.);
#966=ORIENTED_EDGE('',*,*,#2187,.T.);
#967=ORIENTED_EDGE('',*,*,#2188,.F.);
#968=ORIENTED_EDGE('',*,*,#2189,.F.);
#969=ORIENTED_EDGE('',*,*,#2190,.T.);
#970=ORIENTED_EDGE('',*,*,#2191,.F.);
#971=ORIENTED_EDGE('',*,*,#2192,.T.);
#972=ORIENTED_EDGE('',*,*,#2193,.T.);
#973=ORIENTED_EDGE('',*,*,#2194,.T.);
#974=ORIENTED_EDGE('',*,*,#2195,.T.);
#975=ORIENTED_EDGE('',*,*,#2196,.T.);
#976=ORIENTED_EDGE('',*,*,#2197,.T.);
#977=ORIENTED_EDGE('',*,*,#2198,.T.);
#978=ORIENTED_EDGE('',*,*,#2199,.T.);
#979=ORIENTED_EDGE('',*,*,#2200,.T.);
#980=ORIENTED_EDGE('',*,*,#2201,.F.);
#981=ORIENTED_EDGE('',*,*,#2202,.T.);
#982=ORIENTED_EDGE('',*,*,#2203,.T.);
#983=ORIENTED_EDGE('',*,*,#2204,.T.);
#984=ORIENTED_EDGE('',*,*,#2205,.T.);
#985=ORIENTED_EDGE('',*,*,#2206,.T.);
#986=ORIENTED_EDGE('',*,*,#2207,.F.);
#987=ORIENTED_EDGE('',*,*,#2208,.T.);
#988=ORIENTED_EDGE('',*,*,#2209,.T.);
#989=ORIENTED_EDGE('',*,*,#2210,.T.);
#990=ORIENTED_EDGE('',*,*,#2211,.T.);
#991=ORIENTED_EDGE('',*,*,#2212,.T.);
#992=ORIENTED_EDGE('',*,*,#2213,.F.);
#993=ORIENTED_EDGE('',*,*,#2214,.T.);
#994=ORIENTED_EDGE('',*,*,#2215,.T.);
#995=ORIENTED_EDGE('',*,*,#2175,.T.);
#996=ORIENTED_EDGE('',*,*,#2216,.F.);
#997=ORIENTED_EDGE('',*,*,#2217,.F.);
#998=ORIENTED_EDGE('',*,*,#2055,.T.);
#999=ORIENTED_EDGE('',*,*,#2218,.F.);
#1000=ORIENTED_EDGE('',*,*,#2219,.T.);
#1001=ORIENTED_EDGE('',*,*,#2220,.F.);
#1002=ORIENTED_EDGE('',*,*,#2221,.F.);
#1003=ORIENTED_EDGE('',*,*,#2216,.T.);
#1004=ORIENTED_EDGE('',*,*,#2174,.T.);
#1005=ORIENTED_EDGE('',*,*,#2220,.T.);
#1006=ORIENTED_EDGE('',*,*,#2222,.T.);
#1007=ORIENTED_EDGE('',*,*,#2223,.F.);
#1008=ORIENTED_EDGE('',*,*,#2224,.F.);
#1009=ORIENTED_EDGE('',*,*,#2223,.T.);
#1010=ORIENTED_EDGE('',*,*,#2225,.T.);
#1011=ORIENTED_EDGE('',*,*,#2226,.F.);
#1012=ORIENTED_EDGE('',*,*,#2227,.F.);
#1013=ORIENTED_EDGE('',*,*,#2226,.T.);
#1014=ORIENTED_EDGE('',*,*,#2228,.T.);
#1015=ORIENTED_EDGE('',*,*,#2229,.F.);
#1016=ORIENTED_EDGE('',*,*,#2230,.F.);
#1017=ORIENTED_EDGE('',*,*,#2229,.T.);
#1018=ORIENTED_EDGE('',*,*,#2231,.T.);
#1019=ORIENTED_EDGE('',*,*,#2232,.F.);
#1020=ORIENTED_EDGE('',*,*,#2233,.F.);
#1021=ORIENTED_EDGE('',*,*,#2234,.F.);
#1022=ORIENTED_EDGE('',*,*,#2235,.F.);
#1023=ORIENTED_EDGE('',*,*,#2236,.T.);
#1024=ORIENTED_EDGE('',*,*,#2232,.T.);
#1025=ORIENTED_EDGE('',*,*,#2237,.F.);
#1026=ORIENTED_EDGE('',*,*,#2238,.F.);
#1027=ORIENTED_EDGE('',*,*,#2239,.T.);
#1028=ORIENTED_EDGE('',*,*,#2235,.T.);
#1029=ORIENTED_EDGE('',*,*,#2240,.F.);
#1030=ORIENTED_EDGE('',*,*,#2241,.F.);
#1031=ORIENTED_EDGE('',*,*,#2242,.T.);
#1032=ORIENTED_EDGE('',*,*,#2238,.T.);
#1033=ORIENTED_EDGE('',*,*,#2243,.F.);
#1034=ORIENTED_EDGE('',*,*,#2244,.F.);
#1035=ORIENTED_EDGE('',*,*,#2245,.T.);
#1036=ORIENTED_EDGE('',*,*,#2241,.T.);
#1037=ORIENTED_EDGE('',*,*,#2246,.F.);
#1038=ORIENTED_EDGE('',*,*,#2247,.F.);
#1039=ORIENTED_EDGE('',*,*,#2248,.T.);
#1040=ORIENTED_EDGE('',*,*,#2244,.T.);
#1041=ORIENTED_EDGE('',*,*,#2249,.F.);
#1042=ORIENTED_EDGE('',*,*,#2250,.F.);
#1043=ORIENTED_EDGE('',*,*,#2251,.T.);
#1044=ORIENTED_EDGE('',*,*,#2247,.T.);
#1045=ORIENTED_EDGE('',*,*,#2250,.T.);
#1046=ORIENTED_EDGE('',*,*,#2252,.T.);
#1047=ORIENTED_EDGE('',*,*,#2253,.F.);
#1048=ORIENTED_EDGE('',*,*,#2254,.F.);
#1049=ORIENTED_EDGE('',*,*,#2255,.F.);
#1050=ORIENTED_EDGE('',*,*,#2256,.F.);
#1051=ORIENTED_EDGE('',*,*,#2257,.T.);
#1052=ORIENTED_EDGE('',*,*,#2253,.T.);
#1053=ORIENTED_EDGE('',*,*,#2258,.F.);
#1054=ORIENTED_EDGE('',*,*,#2259,.F.);
#1055=ORIENTED_EDGE('',*,*,#2260,.T.);
#1056=ORIENTED_EDGE('',*,*,#2256,.T.);
#1057=ORIENTED_EDGE('',*,*,#2261,.F.);
#1058=ORIENTED_EDGE('',*,*,#2262,.F.);
#1059=ORIENTED_EDGE('',*,*,#2263,.T.);
#1060=ORIENTED_EDGE('',*,*,#2259,.T.);
#1061=ORIENTED_EDGE('',*,*,#2264,.T.);
#1062=ORIENTED_EDGE('',*,*,#2215,.F.);
#1063=ORIENTED_EDGE('',*,*,#2265,.T.);
#1064=ORIENTED_EDGE('',*,*,#2139,.F.);
#1065=ORIENTED_EDGE('',*,*,#2266,.T.);
#1066=ORIENTED_EDGE('',*,*,#2138,.F.);
#1067=ORIENTED_EDGE('',*,*,#2267,.T.);
#1068=ORIENTED_EDGE('',*,*,#2137,.F.);
#1069=ORIENTED_EDGE('',*,*,#2268,.T.);
#1070=ORIENTED_EDGE('',*,*,#2136,.F.);
#1071=ORIENTED_EDGE('',*,*,#2269,.T.);
#1072=ORIENTED_EDGE('',*,*,#2135,.F.);
#1073=ORIENTED_EDGE('',*,*,#2270,.T.);
#1074=ORIENTED_EDGE('',*,*,#2134,.F.);
#1075=ORIENTED_EDGE('',*,*,#2271,.T.);
#1076=ORIENTED_EDGE('',*,*,#2133,.F.);
#1077=ORIENTED_EDGE('',*,*,#2272,.F.);
#1078=ORIENTED_EDGE('',*,*,#2118,.T.);
#1079=ORIENTED_EDGE('',*,*,#2273,.T.);
#1080=ORIENTED_EDGE('',*,*,#2119,.F.);
#1081=ORIENTED_EDGE('',*,*,#2274,.F.);
#1082=ORIENTED_EDGE('',*,*,#2116,.T.);
#1083=ORIENTED_EDGE('',*,*,#2275,.F.);
#1084=ORIENTED_EDGE('',*,*,#2114,.T.);
#1085=ORIENTED_EDGE('',*,*,#2276,.F.);
#1086=ORIENTED_EDGE('',*,*,#2112,.T.);
#1087=ORIENTED_EDGE('',*,*,#2277,.F.);
#1088=ORIENTED_EDGE('',*,*,#2110,.T.);
#1089=ORIENTED_EDGE('',*,*,#2278,.F.);
#1090=ORIENTED_EDGE('',*,*,#2108,.T.);
#1091=ORIENTED_EDGE('',*,*,#2279,.F.);
#1092=ORIENTED_EDGE('',*,*,#2106,.T.);
#1093=ORIENTED_EDGE('',*,*,#2280,.F.);
#1094=ORIENTED_EDGE('',*,*,#2104,.T.);
#1095=ORIENTED_EDGE('',*,*,#2281,.F.);
#1096=ORIENTED_EDGE('',*,*,#2132,.T.);
#1097=ORIENTED_EDGE('',*,*,#2282,.T.);
#1098=ORIENTED_EDGE('',*,*,#2131,.F.);
#1099=ORIENTED_EDGE('',*,*,#2283,.F.);
#1100=ORIENTED_EDGE('',*,*,#2102,.T.);
#1101=ORIENTED_EDGE('',*,*,#2284,.F.);
#1102=ORIENTED_EDGE('',*,*,#2103,.T.);
#1103=ORIENTED_EDGE('',*,*,#2285,.T.);
#1104=ORIENTED_EDGE('',*,*,#2097,.F.);
#1105=ORIENTED_EDGE('',*,*,#2286,.T.);
#1106=ORIENTED_EDGE('',*,*,#2096,.F.);
#1107=ORIENTED_EDGE('',*,*,#2287,.T.);
#1108=ORIENTED_EDGE('',*,*,#2085,.F.);
#1109=ORIENTED_EDGE('',*,*,#2288,.T.);
#1110=ORIENTED_EDGE('',*,*,#2068,.F.);
#1111=ORIENTED_EDGE('',*,*,#2289,.T.);
#1112=ORIENTED_EDGE('',*,*,#2069,.F.);
#1113=ORIENTED_EDGE('',*,*,#2290,.F.);
#1114=ORIENTED_EDGE('',*,*,#2291,.T.);
#1115=ORIENTED_EDGE('',*,*,#2292,.F.);
#1116=ORIENTED_EDGE('',*,*,#2293,.T.);
#1117=ORIENTED_EDGE('',*,*,#2294,.T.);
#1118=ORIENTED_EDGE('',*,*,#2295,.F.);
#1119=ORIENTED_EDGE('',*,*,#2296,.T.);
#1120=ORIENTED_EDGE('',*,*,#2297,.F.);
#1121=ORIENTED_EDGE('',*,*,#2298,.T.);
#1122=ORIENTED_EDGE('',*,*,#2299,.F.);
#1123=ORIENTED_EDGE('',*,*,#2300,.F.);
#1124=ORIENTED_EDGE('',*,*,#2301,.T.);
#1125=ORIENTED_EDGE('',*,*,#2302,.F.);
#1126=ORIENTED_EDGE('',*,*,#2303,.T.);
#1127=ORIENTED_EDGE('',*,*,#2304,.F.);
#1128=ORIENTED_EDGE('',*,*,#2305,.T.);
#1129=ORIENTED_EDGE('',*,*,#2306,.F.);
#1130=ORIENTED_EDGE('',*,*,#2307,.T.);
#1131=ORIENTED_EDGE('',*,*,#2308,.T.);
#1132=ORIENTED_EDGE('',*,*,#2309,.F.);
#1133=ORIENTED_EDGE('',*,*,#2310,.F.);
#1134=ORIENTED_EDGE('',*,*,#2057,.F.);
#1135=ORIENTED_EDGE('',*,*,#2311,.T.);
#1136=ORIENTED_EDGE('',*,*,#2262,.T.);
#1137=ORIENTED_EDGE('',*,*,#2312,.T.);
#1138=ORIENTED_EDGE('',*,*,#2202,.F.);
#1139=ORIENTED_EDGE('',*,*,#2313,.T.);
#1140=ORIENTED_EDGE('',*,*,#2203,.F.);
#1141=ORIENTED_EDGE('',*,*,#2314,.F.);
#1142=ORIENTED_EDGE('',*,*,#2315,.T.);
#1143=ORIENTED_EDGE('',*,*,#2316,.T.);
#1144=ORIENTED_EDGE('',*,*,#2063,.F.);
#1145=ORIENTED_EDGE('',*,*,#2317,.T.);
#1146=ORIENTED_EDGE('',*,*,#2062,.F.);
#1147=ORIENTED_EDGE('',*,*,#2318,.T.);
#1148=ORIENTED_EDGE('',*,*,#2187,.F.);
#1149=ORIENTED_EDGE('',*,*,#2319,.T.);
#1150=ORIENTED_EDGE('',*,*,#2186,.F.);
#1151=ORIENTED_EDGE('',*,*,#2320,.T.);
#1152=ORIENTED_EDGE('',*,*,#2084,.F.);
#1153=ORIENTED_EDGE('',*,*,#2321,.T.);
#1154=ORIENTED_EDGE('',*,*,#2322,.F.);
#1155=ORIENTED_EDGE('',*,*,#2323,.T.);
#1156=ORIENTED_EDGE('',*,*,#2324,.F.);
#1157=ORIENTED_EDGE('',*,*,#2325,.T.);
#1158=ORIENTED_EDGE('',*,*,#2178,.F.);
#1159=ORIENTED_EDGE('',*,*,#2326,.T.);
#1160=ORIENTED_EDGE('',*,*,#2177,.F.);
#1161=ORIENTED_EDGE('',*,*,#2327,.T.);
#1162=ORIENTED_EDGE('',*,*,#2176,.F.);
#1163=ORIENTED_EDGE('',*,*,#2328,.T.);
#1164=ORIENTED_EDGE('',*,*,#2209,.F.);
#1165=ORIENTED_EDGE('',*,*,#2329,.T.);
#1166=ORIENTED_EDGE('',*,*,#2208,.F.);
#1167=ORIENTED_EDGE('',*,*,#2330,.T.);
#1168=ORIENTED_EDGE('',*,*,#2090,.F.);
#1169=ORIENTED_EDGE('',*,*,#2331,.T.);
#1170=ORIENTED_EDGE('',*,*,#2091,.F.);
#1171=ORIENTED_EDGE('',*,*,#2332,.T.);
#1172=ORIENTED_EDGE('',*,*,#2214,.F.);
#1173=ORIENTED_EDGE('',*,*,#2331,.F.);
#1174=ORIENTED_EDGE('',*,*,#2330,.F.);
#1175=ORIENTED_EDGE('',*,*,#2329,.F.);
#1176=ORIENTED_EDGE('',*,*,#2328,.F.);
#1177=ORIENTED_EDGE('',*,*,#2327,.F.);
#1178=ORIENTED_EDGE('',*,*,#2326,.F.);
#1179=ORIENTED_EDGE('',*,*,#2325,.F.);
#1180=ORIENTED_EDGE('',*,*,#2323,.F.);
#1181=ORIENTED_EDGE('',*,*,#2321,.F.);
#1182=ORIENTED_EDGE('',*,*,#2320,.F.);
#1183=ORIENTED_EDGE('',*,*,#2319,.F.);
#1184=ORIENTED_EDGE('',*,*,#2318,.F.);
#1185=ORIENTED_EDGE('',*,*,#2317,.F.);
#1186=ORIENTED_EDGE('',*,*,#2316,.F.);
#1187=ORIENTED_EDGE('',*,*,#2314,.T.);
#1188=ORIENTED_EDGE('',*,*,#2313,.F.);
#1189=ORIENTED_EDGE('',*,*,#2312,.F.);
#1190=ORIENTED_EDGE('',*,*,#2056,.F.);
#1191=ORIENTED_EDGE('',*,*,#2217,.T.);
#1192=ORIENTED_EDGE('',*,*,#2221,.T.);
#1193=ORIENTED_EDGE('',*,*,#2224,.T.);
#1194=ORIENTED_EDGE('',*,*,#2227,.T.);
#1195=ORIENTED_EDGE('',*,*,#2230,.T.);
#1196=ORIENTED_EDGE('',*,*,#2233,.T.);
#1197=ORIENTED_EDGE('',*,*,#2236,.F.);
#1198=ORIENTED_EDGE('',*,*,#2239,.F.);
#1199=ORIENTED_EDGE('',*,*,#2242,.F.);
#1200=ORIENTED_EDGE('',*,*,#2245,.F.);
#1201=ORIENTED_EDGE('',*,*,#2248,.F.);
#1202=ORIENTED_EDGE('',*,*,#2251,.F.);
#1203=ORIENTED_EDGE('',*,*,#2254,.T.);
#1204=ORIENTED_EDGE('',*,*,#2257,.F.);
#1205=ORIENTED_EDGE('',*,*,#2260,.F.);
#1206=ORIENTED_EDGE('',*,*,#2263,.F.);
#1207=ORIENTED_EDGE('',*,*,#2311,.F.);
#1208=ORIENTED_EDGE('',*,*,#2309,.T.);
#1209=ORIENTED_EDGE('',*,*,#2307,.F.);
#1210=ORIENTED_EDGE('',*,*,#2305,.F.);
#1211=ORIENTED_EDGE('',*,*,#2303,.F.);
#1212=ORIENTED_EDGE('',*,*,#2301,.F.);
#1213=ORIENTED_EDGE('',*,*,#2298,.F.);
#1214=ORIENTED_EDGE('',*,*,#2296,.F.);
#1215=ORIENTED_EDGE('',*,*,#2294,.F.);
#1216=ORIENTED_EDGE('',*,*,#2292,.T.);
#1217=ORIENTED_EDGE('',*,*,#2290,.T.);
#1218=ORIENTED_EDGE('',*,*,#2289,.F.);
#1219=ORIENTED_EDGE('',*,*,#2288,.F.);
#1220=ORIENTED_EDGE('',*,*,#2287,.F.);
#1221=ORIENTED_EDGE('',*,*,#2286,.F.);
#1222=ORIENTED_EDGE('',*,*,#2285,.F.);
#1223=ORIENTED_EDGE('',*,*,#2284,.T.);
#1224=ORIENTED_EDGE('',*,*,#2283,.T.);
#1225=ORIENTED_EDGE('',*,*,#2282,.F.);
#1226=ORIENTED_EDGE('',*,*,#2281,.T.);
#1227=ORIENTED_EDGE('',*,*,#2280,.T.);
#1228=ORIENTED_EDGE('',*,*,#2279,.T.);
#1229=ORIENTED_EDGE('',*,*,#2278,.T.);
#1230=ORIENTED_EDGE('',*,*,#2277,.T.);
#1231=ORIENTED_EDGE('',*,*,#2276,.T.);
#1232=ORIENTED_EDGE('',*,*,#2275,.T.);
#1233=ORIENTED_EDGE('',*,*,#2274,.T.);
#1234=ORIENTED_EDGE('',*,*,#2273,.F.);
#1235=ORIENTED_EDGE('',*,*,#2272,.T.);
#1236=ORIENTED_EDGE('',*,*,#2271,.F.);
#1237=ORIENTED_EDGE('',*,*,#2270,.F.);
#1238=ORIENTED_EDGE('',*,*,#2269,.F.);
#1239=ORIENTED_EDGE('',*,*,#2268,.F.);
#1240=ORIENTED_EDGE('',*,*,#2267,.F.);
#1241=ORIENTED_EDGE('',*,*,#2266,.F.);
#1242=ORIENTED_EDGE('',*,*,#2265,.F.);
#1243=ORIENTED_EDGE('',*,*,#2264,.F.);
#1244=ORIENTED_EDGE('',*,*,#2332,.F.);
#1245=ORIENTED_EDGE('',*,*,#2333,.T.);
#1246=ORIENTED_EDGE('',*,*,#2334,.T.);
#1247=ORIENTED_EDGE('',*,*,#2335,.T.);
#1248=ORIENTED_EDGE('',*,*,#2336,.F.);
#1249=ORIENTED_EDGE('',*,*,#2337,.T.);
#1250=ORIENTED_EDGE('',*,*,#2338,.T.);
#1251=ORIENTED_EDGE('',*,*,#2339,.F.);
#1252=ORIENTED_EDGE('',*,*,#2340,.F.);
#1253=ORIENTED_EDGE('',*,*,#2341,.F.);
#1254=ORIENTED_EDGE('',*,*,#2342,.T.);
#1255=ORIENTED_EDGE('',*,*,#2343,.T.);
#1256=ORIENTED_EDGE('',*,*,#2344,.T.);
#1257=ORIENTED_EDGE('',*,*,#2345,.F.);
#1258=ORIENTED_EDGE('',*,*,#2346,.F.);
#1259=ORIENTED_EDGE('',*,*,#2347,.F.);
#1260=ORIENTED_EDGE('',*,*,#2348,.T.);
#1261=ORIENTED_EDGE('',*,*,#2349,.T.);
#1262=ORIENTED_EDGE('',*,*,#2350,.F.);
#1263=ORIENTED_EDGE('',*,*,#2351,.F.);
#1264=ORIENTED_EDGE('',*,*,#2352,.F.);
#1265=ORIENTED_EDGE('',*,*,#2353,.T.);
#1266=ORIENTED_EDGE('',*,*,#2354,.T.);
#1267=ORIENTED_EDGE('',*,*,#2355,.T.);
#1268=ORIENTED_EDGE('',*,*,#2356,.T.);
#1269=ORIENTED_EDGE('',*,*,#2357,.F.);
#1270=ORIENTED_EDGE('',*,*,#2358,.T.);
#1271=ORIENTED_EDGE('',*,*,#2359,.T.);
#1272=ORIENTED_EDGE('',*,*,#2360,.T.);
#1273=ORIENTED_EDGE('',*,*,#2361,.F.);
#1274=ORIENTED_EDGE('',*,*,#2362,.F.);
#1275=ORIENTED_EDGE('',*,*,#2363,.T.);
#1276=ORIENTED_EDGE('',*,*,#2364,.T.);
#1277=ORIENTED_EDGE('',*,*,#2365,.T.);
#1278=ORIENTED_EDGE('',*,*,#2366,.T.);
#1279=ORIENTED_EDGE('',*,*,#2367,.T.);
#1280=ORIENTED_EDGE('',*,*,#2368,.F.);
#1281=ORIENTED_EDGE('',*,*,#2324,.T.);
#1282=ORIENTED_EDGE('',*,*,#2322,.T.);
#1283=ORIENTED_EDGE('',*,*,#2315,.F.);
#1284=ORIENTED_EDGE('',*,*,#2299,.T.);
#1285=ORIENTED_EDGE('',*,*,#2297,.T.);
#1286=ORIENTED_EDGE('',*,*,#2295,.T.);
#1287=ORIENTED_EDGE('',*,*,#2293,.F.);
#1288=ORIENTED_EDGE('',*,*,#2291,.F.);
#1289=ORIENTED_EDGE('',*,*,#2333,.F.);
#1290=ORIENTED_EDGE('',*,*,#2369,.F.);
#1291=ORIENTED_EDGE('',*,*,#2370,.T.);
#1292=ORIENTED_EDGE('',*,*,#2371,.T.);
#1293=ORIENTED_EDGE('',*,*,#2334,.F.);
#1294=ORIENTED_EDGE('',*,*,#2371,.F.);
#1295=ORIENTED_EDGE('',*,*,#2372,.T.);
#1296=ORIENTED_EDGE('',*,*,#2373,.T.);
#1297=ORIENTED_EDGE('',*,*,#2335,.F.);
#1298=ORIENTED_EDGE('',*,*,#2373,.F.);
#1299=ORIENTED_EDGE('',*,*,#2374,.T.);
#1300=ORIENTED_EDGE('',*,*,#2375,.T.);
#1301=ORIENTED_EDGE('',*,*,#2336,.T.);
#1302=ORIENTED_EDGE('',*,*,#2375,.F.);
#1303=ORIENTED_EDGE('',*,*,#2376,.F.);
#1304=ORIENTED_EDGE('',*,*,#2377,.T.);
#1305=ORIENTED_EDGE('',*,*,#2337,.F.);
#1306=ORIENTED_EDGE('',*,*,#2377,.F.);
#1307=ORIENTED_EDGE('',*,*,#2378,.T.);
#1308=ORIENTED_EDGE('',*,*,#2379,.T.);
#1309=ORIENTED_EDGE('',*,*,#2338,.F.);
#1310=ORIENTED_EDGE('',*,*,#2379,.F.);
#1311=ORIENTED_EDGE('',*,*,#2380,.T.);
#1312=ORIENTED_EDGE('',*,*,#2381,.T.);
#1313=ORIENTED_EDGE('',*,*,#2339,.T.);
#1314=ORIENTED_EDGE('',*,*,#2381,.F.);
#1315=ORIENTED_EDGE('',*,*,#2382,.F.);
#1316=ORIENTED_EDGE('',*,*,#2383,.T.);
#1317=ORIENTED_EDGE('',*,*,#2340,.T.);
#1318=ORIENTED_EDGE('',*,*,#2383,.F.);
#1319=ORIENTED_EDGE('',*,*,#2384,.F.);
#1320=ORIENTED_EDGE('',*,*,#2385,.T.);
#1321=ORIENTED_EDGE('',*,*,#2341,.T.);
#1322=ORIENTED_EDGE('',*,*,#2385,.F.);
#1323=ORIENTED_EDGE('',*,*,#2386,.F.);
#1324=ORIENTED_EDGE('',*,*,#2387,.T.);
#1325=ORIENTED_EDGE('',*,*,#2342,.F.);
#1326=ORIENTED_EDGE('',*,*,#2387,.F.);
#1327=ORIENTED_EDGE('',*,*,#2388,.T.);
#1328=ORIENTED_EDGE('',*,*,#2389,.T.);
#1329=ORIENTED_EDGE('',*,*,#2343,.F.);
#1330=ORIENTED_EDGE('',*,*,#2389,.F.);
#1331=ORIENTED_EDGE('',*,*,#2390,.T.);
#1332=ORIENTED_EDGE('',*,*,#2391,.T.);
#1333=ORIENTED_EDGE('',*,*,#2344,.F.);
#1334=ORIENTED_EDGE('',*,*,#2391,.F.);
#1335=ORIENTED_EDGE('',*,*,#2392,.T.);
#1336=ORIENTED_EDGE('',*,*,#2393,.T.);
#1337=ORIENTED_EDGE('',*,*,#2345,.T.);
#1338=ORIENTED_EDGE('',*,*,#2393,.F.);
#1339=ORIENTED_EDGE('',*,*,#2394,.F.);
#1340=ORIENTED_EDGE('',*,*,#2395,.T.);
#1341=ORIENTED_EDGE('',*,*,#2346,.T.);
#1342=ORIENTED_EDGE('',*,*,#2395,.F.);
#1343=ORIENTED_EDGE('',*,*,#2396,.F.);
#1344=ORIENTED_EDGE('',*,*,#2397,.T.);
#1345=ORIENTED_EDGE('',*,*,#2347,.T.);
#1346=ORIENTED_EDGE('',*,*,#2397,.F.);
#1347=ORIENTED_EDGE('',*,*,#2398,.F.);
#1348=ORIENTED_EDGE('',*,*,#2399,.T.);
#1349=ORIENTED_EDGE('',*,*,#2348,.F.);
#1350=ORIENTED_EDGE('',*,*,#2399,.F.);
#1351=ORIENTED_EDGE('',*,*,#2400,.T.);
#1352=ORIENTED_EDGE('',*,*,#2401,.T.);
#1353=ORIENTED_EDGE('',*,*,#2349,.F.);
#1354=ORIENTED_EDGE('',*,*,#2401,.F.);
#1355=ORIENTED_EDGE('',*,*,#2402,.T.);
#1356=ORIENTED_EDGE('',*,*,#2403,.T.);
#1357=ORIENTED_EDGE('',*,*,#2350,.T.);
#1358=ORIENTED_EDGE('',*,*,#2403,.F.);
#1359=ORIENTED_EDGE('',*,*,#2404,.F.);
#1360=ORIENTED_EDGE('',*,*,#2405,.T.);
#1361=ORIENTED_EDGE('',*,*,#2351,.T.);
#1362=ORIENTED_EDGE('',*,*,#2405,.F.);
#1363=ORIENTED_EDGE('',*,*,#2406,.F.);
#1364=ORIENTED_EDGE('',*,*,#2407,.T.);
#1365=ORIENTED_EDGE('',*,*,#2352,.T.);
#1366=ORIENTED_EDGE('',*,*,#2407,.F.);
#1367=ORIENTED_EDGE('',*,*,#2408,.F.);
#1368=ORIENTED_EDGE('',*,*,#2409,.T.);
#1369=ORIENTED_EDGE('',*,*,#2353,.F.);
#1370=ORIENTED_EDGE('',*,*,#2409,.F.);
#1371=ORIENTED_EDGE('',*,*,#2410,.T.);
#1372=ORIENTED_EDGE('',*,*,#2411,.T.);
#1373=ORIENTED_EDGE('',*,*,#2354,.F.);
#1374=ORIENTED_EDGE('',*,*,#2411,.F.);
#1375=ORIENTED_EDGE('',*,*,#2412,.T.);
#1376=ORIENTED_EDGE('',*,*,#2413,.T.);
#1377=ORIENTED_EDGE('',*,*,#2355,.F.);
#1378=ORIENTED_EDGE('',*,*,#2413,.F.);
#1379=ORIENTED_EDGE('',*,*,#2414,.T.);
#1380=ORIENTED_EDGE('',*,*,#2415,.T.);
#1381=ORIENTED_EDGE('',*,*,#2356,.F.);
#1382=ORIENTED_EDGE('',*,*,#2415,.F.);
#1383=ORIENTED_EDGE('',*,*,#2416,.T.);
#1384=ORIENTED_EDGE('',*,*,#2417,.T.);
#1385=ORIENTED_EDGE('',*,*,#2357,.T.);
#1386=ORIENTED_EDGE('',*,*,#2417,.F.);
#1387=ORIENTED_EDGE('',*,*,#2418,.F.);
#1388=ORIENTED_EDGE('',*,*,#2419,.T.);
#1389=ORIENTED_EDGE('',*,*,#2358,.F.);
#1390=ORIENTED_EDGE('',*,*,#2419,.F.);
#1391=ORIENTED_EDGE('',*,*,#2420,.T.);
#1392=ORIENTED_EDGE('',*,*,#2421,.T.);
#1393=ORIENTED_EDGE('',*,*,#2359,.F.);
#1394=ORIENTED_EDGE('',*,*,#2421,.F.);
#1395=ORIENTED_EDGE('',*,*,#2422,.T.);
#1396=ORIENTED_EDGE('',*,*,#2423,.T.);
#1397=ORIENTED_EDGE('',*,*,#2360,.F.);
#1398=ORIENTED_EDGE('',*,*,#2423,.F.);
#1399=ORIENTED_EDGE('',*,*,#2424,.T.);
#1400=ORIENTED_EDGE('',*,*,#2425,.T.);
#1401=ORIENTED_EDGE('',*,*,#2361,.T.);
#1402=ORIENTED_EDGE('',*,*,#2425,.F.);
#1403=ORIENTED_EDGE('',*,*,#2426,.F.);
#1404=ORIENTED_EDGE('',*,*,#2427,.T.);
#1405=ORIENTED_EDGE('',*,*,#2362,.T.);
#1406=ORIENTED_EDGE('',*,*,#2427,.F.);
#1407=ORIENTED_EDGE('',*,*,#2428,.F.);
#1408=ORIENTED_EDGE('',*,*,#2429,.T.);
#1409=ORIENTED_EDGE('',*,*,#2363,.F.);
#1410=ORIENTED_EDGE('',*,*,#2429,.F.);
#1411=ORIENTED_EDGE('',*,*,#2430,.T.);
#1412=ORIENTED_EDGE('',*,*,#2431,.T.);
#1413=ORIENTED_EDGE('',*,*,#2364,.F.);
#1414=ORIENTED_EDGE('',*,*,#2431,.F.);
#1415=ORIENTED_EDGE('',*,*,#2432,.T.);
#1416=ORIENTED_EDGE('',*,*,#2433,.T.);
#1417=ORIENTED_EDGE('',*,*,#2365,.F.);
#1418=ORIENTED_EDGE('',*,*,#2433,.F.);
#1419=ORIENTED_EDGE('',*,*,#2434,.T.);
#1420=ORIENTED_EDGE('',*,*,#2435,.T.);
#1421=ORIENTED_EDGE('',*,*,#2366,.F.);
#1422=ORIENTED_EDGE('',*,*,#2435,.F.);
#1423=ORIENTED_EDGE('',*,*,#2436,.T.);
#1424=ORIENTED_EDGE('',*,*,#2437,.T.);
#1425=ORIENTED_EDGE('',*,*,#2367,.F.);
#1426=ORIENTED_EDGE('',*,*,#2437,.F.);
#1427=ORIENTED_EDGE('',*,*,#2438,.T.);
#1428=ORIENTED_EDGE('',*,*,#2439,.T.);
#1429=ORIENTED_EDGE('',*,*,#2058,.F.);
#1430=ORIENTED_EDGE('',*,*,#2440,.F.);
#1431=ORIENTED_EDGE('',*,*,#2441,.T.);
#1432=ORIENTED_EDGE('',*,*,#2442,.T.);
#1433=ORIENTED_EDGE('',*,*,#2059,.F.);
#1434=ORIENTED_EDGE('',*,*,#2442,.F.);
#1435=ORIENTED_EDGE('',*,*,#2443,.T.);
#1436=ORIENTED_EDGE('',*,*,#2444,.T.);
#1437=ORIENTED_EDGE('',*,*,#2060,.F.);
#1438=ORIENTED_EDGE('',*,*,#2444,.F.);
#1439=ORIENTED_EDGE('',*,*,#2445,.T.);
#1440=ORIENTED_EDGE('',*,*,#2446,.T.);
#1441=ORIENTED_EDGE('',*,*,#2064,.F.);
#1442=ORIENTED_EDGE('',*,*,#2447,.F.);
#1443=ORIENTED_EDGE('',*,*,#2448,.T.);
#1444=ORIENTED_EDGE('',*,*,#2449,.T.);
#1445=ORIENTED_EDGE('',*,*,#2065,.F.);
#1446=ORIENTED_EDGE('',*,*,#2449,.F.);
#1447=ORIENTED_EDGE('',*,*,#2450,.T.);
#1448=ORIENTED_EDGE('',*,*,#2451,.T.);
#1449=ORIENTED_EDGE('',*,*,#2066,.F.);
#1450=ORIENTED_EDGE('',*,*,#2451,.F.);
#1451=ORIENTED_EDGE('',*,*,#2452,.T.);
#1452=ORIENTED_EDGE('',*,*,#2453,.T.);
#1453=ORIENTED_EDGE('',*,*,#2070,.F.);
#1454=ORIENTED_EDGE('',*,*,#2454,.F.);
#1455=ORIENTED_EDGE('',*,*,#2455,.T.);
#1456=ORIENTED_EDGE('',*,*,#2456,.T.);
#1457=ORIENTED_EDGE('',*,*,#2071,.F.);
#1458=ORIENTED_EDGE('',*,*,#2456,.F.);
#1459=ORIENTED_EDGE('',*,*,#2457,.T.);
#1460=ORIENTED_EDGE('',*,*,#2458,.T.);
#1461=ORIENTED_EDGE('',*,*,#2072,.F.);
#1462=ORIENTED_EDGE('',*,*,#2458,.F.);
#1463=ORIENTED_EDGE('',*,*,#2459,.T.);
#1464=ORIENTED_EDGE('',*,*,#2460,.T.);
#1465=ORIENTED_EDGE('',*,*,#2073,.F.);
#1466=ORIENTED_EDGE('',*,*,#2460,.F.);
#1467=ORIENTED_EDGE('',*,*,#2461,.T.);
#1468=ORIENTED_EDGE('',*,*,#2462,.T.);
#1469=ORIENTED_EDGE('',*,*,#2074,.T.);
#1470=ORIENTED_EDGE('',*,*,#2462,.F.);
#1471=ORIENTED_EDGE('',*,*,#2463,.F.);
#1472=ORIENTED_EDGE('',*,*,#2464,.T.);
#1473=ORIENTED_EDGE('',*,*,#2075,.F.);
#1474=ORIENTED_EDGE('',*,*,#2464,.F.);
#1475=ORIENTED_EDGE('',*,*,#2465,.T.);
#1476=ORIENTED_EDGE('',*,*,#2466,.T.);
#1477=ORIENTED_EDGE('',*,*,#2076,.F.);
#1478=ORIENTED_EDGE('',*,*,#2466,.F.);
#1479=ORIENTED_EDGE('',*,*,#2467,.T.);
#1480=ORIENTED_EDGE('',*,*,#2468,.T.);
#1481=ORIENTED_EDGE('',*,*,#2077,.F.);
#1482=ORIENTED_EDGE('',*,*,#2468,.F.);
#1483=ORIENTED_EDGE('',*,*,#2469,.T.);
#1484=ORIENTED_EDGE('',*,*,#2470,.T.);
#1485=ORIENTED_EDGE('',*,*,#2078,.T.);
#1486=ORIENTED_EDGE('',*,*,#2470,.F.);
#1487=ORIENTED_EDGE('',*,*,#2471,.F.);
#1488=ORIENTED_EDGE('',*,*,#2472,.T.);
#1489=ORIENTED_EDGE('',*,*,#2079,.F.);
#1490=ORIENTED_EDGE('',*,*,#2472,.F.);
#1491=ORIENTED_EDGE('',*,*,#2473,.T.);
#1492=ORIENTED_EDGE('',*,*,#2474,.T.);
#1493=ORIENTED_EDGE('',*,*,#2080,.F.);
#1494=ORIENTED_EDGE('',*,*,#2474,.F.);
#1495=ORIENTED_EDGE('',*,*,#2475,.T.);
#1496=ORIENTED_EDGE('',*,*,#2476,.T.);
#1497=ORIENTED_EDGE('',*,*,#2081,.T.);
#1498=ORIENTED_EDGE('',*,*,#2476,.F.);
#1499=ORIENTED_EDGE('',*,*,#2477,.F.);
#1500=ORIENTED_EDGE('',*,*,#2478,.T.);
#1501=ORIENTED_EDGE('',*,*,#2082,.T.);
#1502=ORIENTED_EDGE('',*,*,#2478,.F.);
#1503=ORIENTED_EDGE('',*,*,#2479,.F.);
#1504=ORIENTED_EDGE('',*,*,#2480,.T.);
#1505=ORIENTED_EDGE('',*,*,#2086,.F.);
#1506=ORIENTED_EDGE('',*,*,#2481,.F.);
#1507=ORIENTED_EDGE('',*,*,#2482,.T.);
#1508=ORIENTED_EDGE('',*,*,#2483,.T.);
#1509=ORIENTED_EDGE('',*,*,#2087,.F.);
#1510=ORIENTED_EDGE('',*,*,#2483,.F.);
#1511=ORIENTED_EDGE('',*,*,#2484,.T.);
#1512=ORIENTED_EDGE('',*,*,#2485,.T.);
#1513=ORIENTED_EDGE('',*,*,#2088,.F.);
#1514=ORIENTED_EDGE('',*,*,#2485,.F.);
#1515=ORIENTED_EDGE('',*,*,#2486,.T.);
#1516=ORIENTED_EDGE('',*,*,#2487,.T.);
#1517=ORIENTED_EDGE('',*,*,#2092,.F.);
#1518=ORIENTED_EDGE('',*,*,#2488,.F.);
#1519=ORIENTED_EDGE('',*,*,#2489,.T.);
#1520=ORIENTED_EDGE('',*,*,#2490,.T.);
#1521=ORIENTED_EDGE('',*,*,#2093,.F.);
#1522=ORIENTED_EDGE('',*,*,#2490,.F.);
#1523=ORIENTED_EDGE('',*,*,#2491,.T.);
#1524=ORIENTED_EDGE('',*,*,#2492,.T.);
#1525=ORIENTED_EDGE('',*,*,#2094,.F.);
#1526=ORIENTED_EDGE('',*,*,#2492,.F.);
#1527=ORIENTED_EDGE('',*,*,#2493,.T.);
#1528=ORIENTED_EDGE('',*,*,#2494,.T.);
#1529=ORIENTED_EDGE('',*,*,#2098,.F.);
#1530=ORIENTED_EDGE('',*,*,#2495,.F.);
#1531=ORIENTED_EDGE('',*,*,#2496,.T.);
#1532=ORIENTED_EDGE('',*,*,#2497,.T.);
#1533=ORIENTED_EDGE('',*,*,#2099,.F.);
#1534=ORIENTED_EDGE('',*,*,#2497,.F.);
#1535=ORIENTED_EDGE('',*,*,#2498,.T.);
#1536=ORIENTED_EDGE('',*,*,#2499,.T.);
#1537=ORIENTED_EDGE('',*,*,#2100,.F.);
#1538=ORIENTED_EDGE('',*,*,#2499,.F.);
#1539=ORIENTED_EDGE('',*,*,#2500,.T.);
#1540=ORIENTED_EDGE('',*,*,#2501,.T.);
#1541=ORIENTED_EDGE('',*,*,#2127,.F.);
#1542=ORIENTED_EDGE('',*,*,#2502,.F.);
#1543=ORIENTED_EDGE('',*,*,#2503,.T.);
#1544=ORIENTED_EDGE('',*,*,#2504,.T.);
#1545=ORIENTED_EDGE('',*,*,#2128,.F.);
#1546=ORIENTED_EDGE('',*,*,#2504,.F.);
#1547=ORIENTED_EDGE('',*,*,#2505,.T.);
#1548=ORIENTED_EDGE('',*,*,#2506,.T.);
#1549=ORIENTED_EDGE('',*,*,#2129,.F.);
#1550=ORIENTED_EDGE('',*,*,#2506,.F.);
#1551=ORIENTED_EDGE('',*,*,#2507,.T.);
#1552=ORIENTED_EDGE('',*,*,#2508,.T.);
#1553=ORIENTED_EDGE('',*,*,#2121,.T.);
#1554=ORIENTED_EDGE('',*,*,#2509,.F.);
#1555=ORIENTED_EDGE('',*,*,#2510,.F.);
#1556=ORIENTED_EDGE('',*,*,#2511,.T.);
#1557=ORIENTED_EDGE('',*,*,#2122,.F.);
#1558=ORIENTED_EDGE('',*,*,#2511,.F.);
#1559=ORIENTED_EDGE('',*,*,#2512,.T.);
#1560=ORIENTED_EDGE('',*,*,#2513,.T.);
#1561=ORIENTED_EDGE('',*,*,#2123,.F.);
#1562=ORIENTED_EDGE('',*,*,#2513,.F.);
#1563=ORIENTED_EDGE('',*,*,#2514,.T.);
#1564=ORIENTED_EDGE('',*,*,#2515,.T.);
#1565=ORIENTED_EDGE('',*,*,#2124,.F.);
#1566=ORIENTED_EDGE('',*,*,#2515,.F.);
#1567=ORIENTED_EDGE('',*,*,#2516,.T.);
#1568=ORIENTED_EDGE('',*,*,#2517,.T.);
#1569=ORIENTED_EDGE('',*,*,#2125,.F.);
#1570=ORIENTED_EDGE('',*,*,#2517,.F.);
#1571=ORIENTED_EDGE('',*,*,#2518,.T.);
#1572=ORIENTED_EDGE('',*,*,#2519,.T.);
#1573=ORIENTED_EDGE('',*,*,#2126,.F.);
#1574=ORIENTED_EDGE('',*,*,#2519,.F.);
#1575=ORIENTED_EDGE('',*,*,#2520,.T.);
#1576=ORIENTED_EDGE('',*,*,#2521,.T.);
#1577=ORIENTED_EDGE('',*,*,#2198,.F.);
#1578=ORIENTED_EDGE('',*,*,#2522,.F.);
#1579=ORIENTED_EDGE('',*,*,#2523,.T.);
#1580=ORIENTED_EDGE('',*,*,#2524,.T.);
#1581=ORIENTED_EDGE('',*,*,#2199,.F.);
#1582=ORIENTED_EDGE('',*,*,#2524,.F.);
#1583=ORIENTED_EDGE('',*,*,#2525,.T.);
#1584=ORIENTED_EDGE('',*,*,#2526,.T.);
#1585=ORIENTED_EDGE('',*,*,#2200,.F.);
#1586=ORIENTED_EDGE('',*,*,#2526,.F.);
#1587=ORIENTED_EDGE('',*,*,#2527,.T.);
#1588=ORIENTED_EDGE('',*,*,#2528,.T.);
#1589=ORIENTED_EDGE('',*,*,#2171,.T.);
#1590=ORIENTED_EDGE('',*,*,#2529,.F.);
#1591=ORIENTED_EDGE('',*,*,#2530,.F.);
#1592=ORIENTED_EDGE('',*,*,#2531,.T.);
#1593=ORIENTED_EDGE('',*,*,#2172,.F.);
#1594=ORIENTED_EDGE('',*,*,#2531,.F.);
#1595=ORIENTED_EDGE('',*,*,#2532,.T.);
#1596=ORIENTED_EDGE('',*,*,#2533,.T.);
#1597=ORIENTED_EDGE('',*,*,#2173,.T.);
#1598=ORIENTED_EDGE('',*,*,#2533,.F.);
#1599=ORIENTED_EDGE('',*,*,#2534,.F.);
#1600=ORIENTED_EDGE('',*,*,#2218,.T.);
#1601=ORIENTED_EDGE('',*,*,#2140,.F.);
#1602=ORIENTED_EDGE('',*,*,#2053,.F.);
#1603=ORIENTED_EDGE('',*,*,#2535,.T.);
#1604=ORIENTED_EDGE('',*,*,#2536,.T.);
#1605=ORIENTED_EDGE('',*,*,#2141,.T.);
#1606=ORIENTED_EDGE('',*,*,#2536,.F.);
#1607=ORIENTED_EDGE('',*,*,#2537,.F.);
#1608=ORIENTED_EDGE('',*,*,#2538,.T.);
#1609=ORIENTED_EDGE('',*,*,#2142,.F.);
#1610=ORIENTED_EDGE('',*,*,#2538,.F.);
#1611=ORIENTED_EDGE('',*,*,#2539,.T.);
#1612=ORIENTED_EDGE('',*,*,#2540,.T.);
#1613=ORIENTED_EDGE('',*,*,#2143,.F.);
#1614=ORIENTED_EDGE('',*,*,#2540,.F.);
#1615=ORIENTED_EDGE('',*,*,#2541,.T.);
#1616=ORIENTED_EDGE('',*,*,#2542,.T.);
#1617=ORIENTED_EDGE('',*,*,#2144,.F.);
#1618=ORIENTED_EDGE('',*,*,#2542,.F.);
#1619=ORIENTED_EDGE('',*,*,#2543,.T.);
#1620=ORIENTED_EDGE('',*,*,#2544,.T.);
#1621=ORIENTED_EDGE('',*,*,#2145,.F.);
#1622=ORIENTED_EDGE('',*,*,#2544,.F.);
#1623=ORIENTED_EDGE('',*,*,#2545,.T.);
#1624=ORIENTED_EDGE('',*,*,#2546,.T.);
#1625=ORIENTED_EDGE('',*,*,#2146,.T.);
#1626=ORIENTED_EDGE('',*,*,#2546,.F.);
#1627=ORIENTED_EDGE('',*,*,#2547,.F.);
#1628=ORIENTED_EDGE('',*,*,#2548,.T.);
#1629=ORIENTED_EDGE('',*,*,#2147,.F.);
#1630=ORIENTED_EDGE('',*,*,#2548,.F.);
#1631=ORIENTED_EDGE('',*,*,#2549,.T.);
#1632=ORIENTED_EDGE('',*,*,#2550,.T.);
#1633=ORIENTED_EDGE('',*,*,#2148,.F.);
#1634=ORIENTED_EDGE('',*,*,#2550,.F.);
#1635=ORIENTED_EDGE('',*,*,#2551,.T.);
#1636=ORIENTED_EDGE('',*,*,#2552,.T.);
#1637=ORIENTED_EDGE('',*,*,#2149,.F.);
#1638=ORIENTED_EDGE('',*,*,#2552,.F.);
#1639=ORIENTED_EDGE('',*,*,#2553,.T.);
#1640=ORIENTED_EDGE('',*,*,#2554,.T.);
#1641=ORIENTED_EDGE('',*,*,#2150,.F.);
#1642=ORIENTED_EDGE('',*,*,#2554,.F.);
#1643=ORIENTED_EDGE('',*,*,#2555,.T.);
#1644=ORIENTED_EDGE('',*,*,#2556,.T.);
#1645=ORIENTED_EDGE('',*,*,#2151,.T.);
#1646=ORIENTED_EDGE('',*,*,#2556,.F.);
#1647=ORIENTED_EDGE('',*,*,#2557,.F.);
#1648=ORIENTED_EDGE('',*,*,#2558,.T.);
#1649=ORIENTED_EDGE('',*,*,#2152,.T.);
#1650=ORIENTED_EDGE('',*,*,#2558,.F.);
#1651=ORIENTED_EDGE('',*,*,#2559,.F.);
#1652=ORIENTED_EDGE('',*,*,#2560,.T.);
#1653=ORIENTED_EDGE('',*,*,#2153,.T.);
#1654=ORIENTED_EDGE('',*,*,#2560,.F.);
#1655=ORIENTED_EDGE('',*,*,#2561,.F.);
#1656=ORIENTED_EDGE('',*,*,#2562,.T.);
#1657=ORIENTED_EDGE('',*,*,#2154,.F.);
#1658=ORIENTED_EDGE('',*,*,#2562,.F.);
#1659=ORIENTED_EDGE('',*,*,#2563,.T.);
#1660=ORIENTED_EDGE('',*,*,#2564,.T.);
#1661=ORIENTED_EDGE('',*,*,#2155,.F.);
#1662=ORIENTED_EDGE('',*,*,#2564,.F.);
#1663=ORIENTED_EDGE('',*,*,#2565,.T.);
#1664=ORIENTED_EDGE('',*,*,#2566,.T.);
#1665=ORIENTED_EDGE('',*,*,#2156,.T.);
#1666=ORIENTED_EDGE('',*,*,#2566,.F.);
#1667=ORIENTED_EDGE('',*,*,#2567,.F.);
#1668=ORIENTED_EDGE('',*,*,#2568,.T.);
#1669=ORIENTED_EDGE('',*,*,#2157,.T.);
#1670=ORIENTED_EDGE('',*,*,#2568,.F.);
#1671=ORIENTED_EDGE('',*,*,#2569,.F.);
#1672=ORIENTED_EDGE('',*,*,#2570,.T.);
#1673=ORIENTED_EDGE('',*,*,#2158,.T.);
#1674=ORIENTED_EDGE('',*,*,#2570,.F.);
#1675=ORIENTED_EDGE('',*,*,#2571,.F.);
#1676=ORIENTED_EDGE('',*,*,#2572,.T.);
#1677=ORIENTED_EDGE('',*,*,#2159,.T.);
#1678=ORIENTED_EDGE('',*,*,#2572,.F.);
#1679=ORIENTED_EDGE('',*,*,#2573,.F.);
#1680=ORIENTED_EDGE('',*,*,#2574,.T.);
#1681=ORIENTED_EDGE('',*,*,#2160,.F.);
#1682=ORIENTED_EDGE('',*,*,#2574,.F.);
#1683=ORIENTED_EDGE('',*,*,#2575,.T.);
#1684=ORIENTED_EDGE('',*,*,#2576,.T.);
#1685=ORIENTED_EDGE('',*,*,#2161,.F.);
#1686=ORIENTED_EDGE('',*,*,#2576,.F.);
#1687=ORIENTED_EDGE('',*,*,#2577,.T.);
#1688=ORIENTED_EDGE('',*,*,#2578,.T.);
#1689=ORIENTED_EDGE('',*,*,#2162,.F.);
#1690=ORIENTED_EDGE('',*,*,#2578,.F.);
#1691=ORIENTED_EDGE('',*,*,#2579,.T.);
#1692=ORIENTED_EDGE('',*,*,#2580,.T.);
#1693=ORIENTED_EDGE('',*,*,#2163,.F.);
#1694=ORIENTED_EDGE('',*,*,#2580,.F.);
#1695=ORIENTED_EDGE('',*,*,#2581,.T.);
#1696=ORIENTED_EDGE('',*,*,#2582,.T.);
#1697=ORIENTED_EDGE('',*,*,#2164,.T.);
#1698=ORIENTED_EDGE('',*,*,#2582,.F.);
#1699=ORIENTED_EDGE('',*,*,#2583,.F.);
#1700=ORIENTED_EDGE('',*,*,#2584,.T.);
#1701=ORIENTED_EDGE('',*,*,#2165,.T.);
#1702=ORIENTED_EDGE('',*,*,#2584,.F.);
#1703=ORIENTED_EDGE('',*,*,#2585,.F.);
#1704=ORIENTED_EDGE('',*,*,#2586,.T.);
#1705=ORIENTED_EDGE('',*,*,#2166,.T.);
#1706=ORIENTED_EDGE('',*,*,#2586,.F.);
#1707=ORIENTED_EDGE('',*,*,#2587,.F.);
#1708=ORIENTED_EDGE('',*,*,#2588,.T.);
#1709=ORIENTED_EDGE('',*,*,#2167,.F.);
#1710=ORIENTED_EDGE('',*,*,#2588,.F.);
#1711=ORIENTED_EDGE('',*,*,#2589,.T.);
#1712=ORIENTED_EDGE('',*,*,#2590,.T.);
#1713=ORIENTED_EDGE('',*,*,#2168,.F.);
#1714=ORIENTED_EDGE('',*,*,#2590,.F.);
#1715=ORIENTED_EDGE('',*,*,#2591,.T.);
#1716=ORIENTED_EDGE('',*,*,#2592,.T.);
#1717=ORIENTED_EDGE('',*,*,#2169,.F.);
#1718=ORIENTED_EDGE('',*,*,#2592,.F.);
#1719=ORIENTED_EDGE('',*,*,#2593,.T.);
#1720=ORIENTED_EDGE('',*,*,#2594,.T.);
#1721=ORIENTED_EDGE('',*,*,#2180,.T.);
#1722=ORIENTED_EDGE('',*,*,#2595,.F.);
#1723=ORIENTED_EDGE('',*,*,#2596,.F.);
#1724=ORIENTED_EDGE('',*,*,#2597,.T.);
#1725=ORIENTED_EDGE('',*,*,#2181,.F.);
#1726=ORIENTED_EDGE('',*,*,#2597,.F.);
#1727=ORIENTED_EDGE('',*,*,#2598,.T.);
#1728=ORIENTED_EDGE('',*,*,#2599,.T.);
#1729=ORIENTED_EDGE('',*,*,#2182,.T.);
#1730=ORIENTED_EDGE('',*,*,#2599,.F.);
#1731=ORIENTED_EDGE('',*,*,#2600,.F.);
#1732=ORIENTED_EDGE('',*,*,#2601,.T.);
#1733=ORIENTED_EDGE('',*,*,#2183,.F.);
#1734=ORIENTED_EDGE('',*,*,#2601,.F.);
#1735=ORIENTED_EDGE('',*,*,#2602,.T.);
#1736=ORIENTED_EDGE('',*,*,#2603,.T.);
#1737=ORIENTED_EDGE('',*,*,#2184,.F.);
#1738=ORIENTED_EDGE('',*,*,#2603,.F.);
#1739=ORIENTED_EDGE('',*,*,#2604,.T.);
#1740=ORIENTED_EDGE('',*,*,#2605,.T.);
#1741=ORIENTED_EDGE('',*,*,#2185,.F.);
#1742=ORIENTED_EDGE('',*,*,#2605,.F.);
#1743=ORIENTED_EDGE('',*,*,#2606,.T.);
#1744=ORIENTED_EDGE('',*,*,#2607,.T.);
#1745=ORIENTED_EDGE('',*,*,#2189,.T.);
#1746=ORIENTED_EDGE('',*,*,#2608,.F.);
#1747=ORIENTED_EDGE('',*,*,#2609,.F.);
#1748=ORIENTED_EDGE('',*,*,#2610,.T.);
#1749=ORIENTED_EDGE('',*,*,#2190,.F.);
#1750=ORIENTED_EDGE('',*,*,#2610,.F.);
#1751=ORIENTED_EDGE('',*,*,#2611,.T.);
#1752=ORIENTED_EDGE('',*,*,#2612,.T.);
#1753=ORIENTED_EDGE('',*,*,#2191,.T.);
#1754=ORIENTED_EDGE('',*,*,#2612,.F.);
#1755=ORIENTED_EDGE('',*,*,#2613,.F.);
#1756=ORIENTED_EDGE('',*,*,#2614,.T.);
#1757=ORIENTED_EDGE('',*,*,#2192,.F.);
#1758=ORIENTED_EDGE('',*,*,#2614,.F.);
#1759=ORIENTED_EDGE('',*,*,#2615,.T.);
#1760=ORIENTED_EDGE('',*,*,#2616,.T.);
#1761=ORIENTED_EDGE('',*,*,#2193,.F.);
#1762=ORIENTED_EDGE('',*,*,#2616,.F.);
#1763=ORIENTED_EDGE('',*,*,#2617,.T.);
#1764=ORIENTED_EDGE('',*,*,#2618,.T.);
#1765=ORIENTED_EDGE('',*,*,#2194,.F.);
#1766=ORIENTED_EDGE('',*,*,#2618,.F.);
#1767=ORIENTED_EDGE('',*,*,#2619,.T.);
#1768=ORIENTED_EDGE('',*,*,#2620,.T.);
#1769=ORIENTED_EDGE('',*,*,#2195,.F.);
#1770=ORIENTED_EDGE('',*,*,#2620,.F.);
#1771=ORIENTED_EDGE('',*,*,#2621,.T.);
#1772=ORIENTED_EDGE('',*,*,#2622,.T.);
#1773=ORIENTED_EDGE('',*,*,#2196,.F.);
#1774=ORIENTED_EDGE('',*,*,#2622,.F.);
#1775=ORIENTED_EDGE('',*,*,#2623,.T.);
#1776=ORIENTED_EDGE('',*,*,#2624,.T.);
#1777=ORIENTED_EDGE('',*,*,#2197,.F.);
#1778=ORIENTED_EDGE('',*,*,#2624,.F.);
#1779=ORIENTED_EDGE('',*,*,#2625,.T.);
#1780=ORIENTED_EDGE('',*,*,#2626,.T.);
#1781=ORIENTED_EDGE('',*,*,#2204,.F.);
#1782=ORIENTED_EDGE('',*,*,#2627,.F.);
#1783=ORIENTED_EDGE('',*,*,#2628,.T.);
#1784=ORIENTED_EDGE('',*,*,#2629,.T.);
#1785=ORIENTED_EDGE('',*,*,#2205,.F.);
#1786=ORIENTED_EDGE('',*,*,#2629,.F.);
#1787=ORIENTED_EDGE('',*,*,#2630,.T.);
#1788=ORIENTED_EDGE('',*,*,#2631,.T.);
#1789=ORIENTED_EDGE('',*,*,#2206,.F.);
#1790=ORIENTED_EDGE('',*,*,#2631,.F.);
#1791=ORIENTED_EDGE('',*,*,#2632,.T.);
#1792=ORIENTED_EDGE('',*,*,#2633,.T.);
#1793=ORIENTED_EDGE('',*,*,#2210,.F.);
#1794=ORIENTED_EDGE('',*,*,#2634,.F.);
#1795=ORIENTED_EDGE('',*,*,#2635,.T.);
#1796=ORIENTED_EDGE('',*,*,#2636,.T.);
#1797=ORIENTED_EDGE('',*,*,#2211,.F.);
#1798=ORIENTED_EDGE('',*,*,#2636,.F.);
#1799=ORIENTED_EDGE('',*,*,#2637,.T.);
#1800=ORIENTED_EDGE('',*,*,#2638,.T.);
#1801=ORIENTED_EDGE('',*,*,#2212,.F.);
#1802=ORIENTED_EDGE('',*,*,#2638,.F.);
#1803=ORIENTED_EDGE('',*,*,#2639,.T.);
#1804=ORIENTED_EDGE('',*,*,#2640,.T.);
#1805=ORIENTED_EDGE('',*,*,#2061,.T.);
#1806=ORIENTED_EDGE('',*,*,#2446,.F.);
#1807=ORIENTED_EDGE('',*,*,#2641,.F.);
#1808=ORIENTED_EDGE('',*,*,#2440,.T.);
#1809=ORIENTED_EDGE('',*,*,#2067,.T.);
#1810=ORIENTED_EDGE('',*,*,#2453,.F.);
#1811=ORIENTED_EDGE('',*,*,#2642,.F.);
#1812=ORIENTED_EDGE('',*,*,#2447,.T.);
#1813=ORIENTED_EDGE('',*,*,#2083,.T.);
#1814=ORIENTED_EDGE('',*,*,#2480,.F.);
#1815=ORIENTED_EDGE('',*,*,#2643,.F.);
#1816=ORIENTED_EDGE('',*,*,#2454,.T.);
#1817=ORIENTED_EDGE('',*,*,#2089,.T.);
#1818=ORIENTED_EDGE('',*,*,#2487,.F.);
#1819=ORIENTED_EDGE('',*,*,#2644,.F.);
#1820=ORIENTED_EDGE('',*,*,#2481,.T.);
#1821=ORIENTED_EDGE('',*,*,#2095,.T.);
#1822=ORIENTED_EDGE('',*,*,#2494,.F.);
#1823=ORIENTED_EDGE('',*,*,#2645,.F.);
#1824=ORIENTED_EDGE('',*,*,#2488,.T.);
#1825=ORIENTED_EDGE('',*,*,#2101,.T.);
#1826=ORIENTED_EDGE('',*,*,#2501,.F.);
#1827=ORIENTED_EDGE('',*,*,#2646,.F.);
#1828=ORIENTED_EDGE('',*,*,#2495,.T.);
#1829=ORIENTED_EDGE('',*,*,#2130,.T.);
#1830=ORIENTED_EDGE('',*,*,#2508,.F.);
#1831=ORIENTED_EDGE('',*,*,#2647,.F.);
#1832=ORIENTED_EDGE('',*,*,#2502,.T.);
#1833=ORIENTED_EDGE('',*,*,#2648,.F.);
#1834=ORIENTED_EDGE('',*,*,#2105,.T.);
#1835=ORIENTED_EDGE('',*,*,#2649,.F.);
#1836=ORIENTED_EDGE('',*,*,#2107,.T.);
#1837=ORIENTED_EDGE('',*,*,#2650,.F.);
#1838=ORIENTED_EDGE('',*,*,#2109,.T.);
#1839=ORIENTED_EDGE('',*,*,#2651,.F.);
#1840=ORIENTED_EDGE('',*,*,#2111,.T.);
#1841=ORIENTED_EDGE('',*,*,#2652,.F.);
#1842=ORIENTED_EDGE('',*,*,#2113,.T.);
#1843=ORIENTED_EDGE('',*,*,#2653,.F.);
#1844=ORIENTED_EDGE('',*,*,#2115,.T.);
#1845=ORIENTED_EDGE('',*,*,#2654,.F.);
#1846=ORIENTED_EDGE('',*,*,#2117,.T.);
#1847=ORIENTED_EDGE('',*,*,#2120,.T.);
#1848=ORIENTED_EDGE('',*,*,#2521,.F.);
#1849=ORIENTED_EDGE('',*,*,#2655,.F.);
#1850=ORIENTED_EDGE('',*,*,#2509,.T.);
#1851=ORIENTED_EDGE('',*,*,#2201,.T.);
#1852=ORIENTED_EDGE('',*,*,#2528,.F.);
#1853=ORIENTED_EDGE('',*,*,#2656,.F.);
#1854=ORIENTED_EDGE('',*,*,#2522,.T.);
#1855=ORIENTED_EDGE('',*,*,#2170,.F.);
#1856=ORIENTED_EDGE('',*,*,#2594,.F.);
#1857=ORIENTED_EDGE('',*,*,#2657,.T.);
#1858=ORIENTED_EDGE('',*,*,#2529,.T.);
#1859=ORIENTED_EDGE('',*,*,#2179,.F.);
#1860=ORIENTED_EDGE('',*,*,#2607,.F.);
#1861=ORIENTED_EDGE('',*,*,#2658,.T.);
#1862=ORIENTED_EDGE('',*,*,#2595,.T.);
#1863=ORIENTED_EDGE('',*,*,#2188,.T.);
#1864=ORIENTED_EDGE('',*,*,#2626,.F.);
#1865=ORIENTED_EDGE('',*,*,#2659,.F.);
#1866=ORIENTED_EDGE('',*,*,#2608,.T.);
#1867=ORIENTED_EDGE('',*,*,#2207,.T.);
#1868=ORIENTED_EDGE('',*,*,#2633,.F.);
#1869=ORIENTED_EDGE('',*,*,#2660,.F.);
#1870=ORIENTED_EDGE('',*,*,#2627,.T.);
#1871=ORIENTED_EDGE('',*,*,#2213,.T.);
#1872=ORIENTED_EDGE('',*,*,#2640,.F.);
#1873=ORIENTED_EDGE('',*,*,#2661,.F.);
#1874=ORIENTED_EDGE('',*,*,#2634,.T.);
#1875=ORIENTED_EDGE('',*,*,#2368,.T.);
#1876=ORIENTED_EDGE('',*,*,#2439,.F.);
#1877=ORIENTED_EDGE('',*,*,#2662,.F.);
#1878=ORIENTED_EDGE('',*,*,#2369,.T.);
#1879=ORIENTED_EDGE('',*,*,#2635,.F.);
#1880=ORIENTED_EDGE('',*,*,#2661,.T.);
#1881=ORIENTED_EDGE('',*,*,#2639,.F.);
#1882=ORIENTED_EDGE('',*,*,#2637,.F.);
#1883=ORIENTED_EDGE('',*,*,#2628,.F.);
#1884=ORIENTED_EDGE('',*,*,#2660,.T.);
#1885=ORIENTED_EDGE('',*,*,#2632,.F.);
#1886=ORIENTED_EDGE('',*,*,#2630,.F.);
#1887=ORIENTED_EDGE('',*,*,#2609,.T.);
#1888=ORIENTED_EDGE('',*,*,#2659,.T.);
#1889=ORIENTED_EDGE('',*,*,#2625,.F.);
#1890=ORIENTED_EDGE('',*,*,#2623,.F.);
#1891=ORIENTED_EDGE('',*,*,#2621,.F.);
#1892=ORIENTED_EDGE('',*,*,#2619,.F.);
#1893=ORIENTED_EDGE('',*,*,#2617,.F.);
#1894=ORIENTED_EDGE('',*,*,#2615,.F.);
#1895=ORIENTED_EDGE('',*,*,#2613,.T.);
#1896=ORIENTED_EDGE('',*,*,#2611,.F.);
#1897=ORIENTED_EDGE('',*,*,#2596,.T.);
#1898=ORIENTED_EDGE('',*,*,#2658,.F.);
#1899=ORIENTED_EDGE('',*,*,#2606,.F.);
#1900=ORIENTED_EDGE('',*,*,#2604,.F.);
#1901=ORIENTED_EDGE('',*,*,#2602,.F.);
#1902=ORIENTED_EDGE('',*,*,#2600,.T.);
#1903=ORIENTED_EDGE('',*,*,#2598,.F.);
#1904=ORIENTED_EDGE('',*,*,#2530,.T.);
#1905=ORIENTED_EDGE('',*,*,#2657,.F.);
#1906=ORIENTED_EDGE('',*,*,#2593,.F.);
#1907=ORIENTED_EDGE('',*,*,#2591,.F.);
#1908=ORIENTED_EDGE('',*,*,#2589,.F.);
#1909=ORIENTED_EDGE('',*,*,#2587,.T.);
#1910=ORIENTED_EDGE('',*,*,#2585,.T.);
#1911=ORIENTED_EDGE('',*,*,#2583,.T.);
#1912=ORIENTED_EDGE('',*,*,#2581,.F.);
#1913=ORIENTED_EDGE('',*,*,#2579,.F.);
#1914=ORIENTED_EDGE('',*,*,#2577,.F.);
#1915=ORIENTED_EDGE('',*,*,#2575,.F.);
#1916=ORIENTED_EDGE('',*,*,#2573,.T.);
#1917=ORIENTED_EDGE('',*,*,#2571,.T.);
#1918=ORIENTED_EDGE('',*,*,#2569,.T.);
#1919=ORIENTED_EDGE('',*,*,#2567,.T.);
#1920=ORIENTED_EDGE('',*,*,#2565,.F.);
#1921=ORIENTED_EDGE('',*,*,#2563,.F.);
#1922=ORIENTED_EDGE('',*,*,#2561,.T.);
#1923=ORIENTED_EDGE('',*,*,#2559,.T.);
#1924=ORIENTED_EDGE('',*,*,#2557,.T.);
#1925=ORIENTED_EDGE('',*,*,#2555,.F.);
#1926=ORIENTED_EDGE('',*,*,#2553,.F.);
#1927=ORIENTED_EDGE('',*,*,#2551,.F.);
#1928=ORIENTED_EDGE('',*,*,#2549,.F.);
#1929=ORIENTED_EDGE('',*,*,#2547,.T.);
#1930=ORIENTED_EDGE('',*,*,#2545,.F.);
#1931=ORIENTED_EDGE('',*,*,#2543,.F.);
#1932=ORIENTED_EDGE('',*,*,#2541,.F.);
#1933=ORIENTED_EDGE('',*,*,#2539,.F.);
#1934=ORIENTED_EDGE('',*,*,#2537,.T.);
#1935=ORIENTED_EDGE('',*,*,#2535,.F.);
#1936=ORIENTED_EDGE('',*,*,#2052,.T.);
#1937=ORIENTED_EDGE('',*,*,#2310,.T.);
#1938=ORIENTED_EDGE('',*,*,#2261,.T.);
#1939=ORIENTED_EDGE('',*,*,#2258,.T.);
#1940=ORIENTED_EDGE('',*,*,#2255,.T.);
#1941=ORIENTED_EDGE('',*,*,#2252,.F.);
#1942=ORIENTED_EDGE('',*,*,#2249,.T.);
#1943=ORIENTED_EDGE('',*,*,#2246,.T.);
#1944=ORIENTED_EDGE('',*,*,#2243,.T.);
#1945=ORIENTED_EDGE('',*,*,#2240,.T.);
#1946=ORIENTED_EDGE('',*,*,#2237,.T.);
#1947=ORIENTED_EDGE('',*,*,#2234,.T.);
#1948=ORIENTED_EDGE('',*,*,#2231,.F.);
#1949=ORIENTED_EDGE('',*,*,#2228,.F.);
#1950=ORIENTED_EDGE('',*,*,#2225,.F.);
#1951=ORIENTED_EDGE('',*,*,#2222,.F.);
#1952=ORIENTED_EDGE('',*,*,#2219,.F.);
#1953=ORIENTED_EDGE('',*,*,#2534,.T.);
#1954=ORIENTED_EDGE('',*,*,#2532,.F.);
#1955=ORIENTED_EDGE('',*,*,#2523,.F.);
#1956=ORIENTED_EDGE('',*,*,#2656,.T.);
#1957=ORIENTED_EDGE('',*,*,#2527,.F.);
#1958=ORIENTED_EDGE('',*,*,#2525,.F.);
#1959=ORIENTED_EDGE('',*,*,#2510,.T.);
#1960=ORIENTED_EDGE('',*,*,#2655,.T.);
#1961=ORIENTED_EDGE('',*,*,#2520,.F.);
#1962=ORIENTED_EDGE('',*,*,#2518,.F.);
#1963=ORIENTED_EDGE('',*,*,#2516,.F.);
#1964=ORIENTED_EDGE('',*,*,#2514,.F.);
#1965=ORIENTED_EDGE('',*,*,#2512,.F.);
#1966=ORIENTED_EDGE('',*,*,#2308,.F.);
#1967=ORIENTED_EDGE('',*,*,#2306,.T.);
#1968=ORIENTED_EDGE('',*,*,#2304,.T.);
#1969=ORIENTED_EDGE('',*,*,#2654,.T.);
#1970=ORIENTED_EDGE('',*,*,#2653,.T.);
#1971=ORIENTED_EDGE('',*,*,#2652,.T.);
#1972=ORIENTED_EDGE('',*,*,#2651,.T.);
#1973=ORIENTED_EDGE('',*,*,#2650,.T.);
#1974=ORIENTED_EDGE('',*,*,#2649,.T.);
#1975=ORIENTED_EDGE('',*,*,#2648,.T.);
#1976=ORIENTED_EDGE('',*,*,#2302,.T.);
#1977=ORIENTED_EDGE('',*,*,#2300,.T.);
#1978=ORIENTED_EDGE('',*,*,#2503,.F.);
#1979=ORIENTED_EDGE('',*,*,#2647,.T.);
#1980=ORIENTED_EDGE('',*,*,#2507,.F.);
#1981=ORIENTED_EDGE('',*,*,#2505,.F.);
#1982=ORIENTED_EDGE('',*,*,#2496,.F.);
#1983=ORIENTED_EDGE('',*,*,#2646,.T.);
#1984=ORIENTED_EDGE('',*,*,#2500,.F.);
#1985=ORIENTED_EDGE('',*,*,#2498,.F.);
#1986=ORIENTED_EDGE('',*,*,#2489,.F.);
#1987=ORIENTED_EDGE('',*,*,#2645,.T.);
#1988=ORIENTED_EDGE('',*,*,#2493,.F.);
#1989=ORIENTED_EDGE('',*,*,#2491,.F.);
#1990=ORIENTED_EDGE('',*,*,#2482,.F.);
#1991=ORIENTED_EDGE('',*,*,#2644,.T.);
#1992=ORIENTED_EDGE('',*,*,#2486,.F.);
#1993=ORIENTED_EDGE('',*,*,#2484,.F.);
#1994=ORIENTED_EDGE('',*,*,#2455,.F.);
#1995=ORIENTED_EDGE('',*,*,#2643,.T.);
#1996=ORIENTED_EDGE('',*,*,#2479,.T.);
#1997=ORIENTED_EDGE('',*,*,#2477,.T.);
#1998=ORIENTED_EDGE('',*,*,#2475,.F.);
#1999=ORIENTED_EDGE('',*,*,#2473,.F.);
#2000=ORIENTED_EDGE('',*,*,#2471,.T.);
#2001=ORIENTED_EDGE('',*,*,#2469,.F.);
#2002=ORIENTED_EDGE('',*,*,#2467,.F.);
#2003=ORIENTED_EDGE('',*,*,#2465,.F.);
#2004=ORIENTED_EDGE('',*,*,#2463,.T.);
#2005=ORIENTED_EDGE('',*,*,#2461,.F.);
#2006=ORIENTED_EDGE('',*,*,#2459,.F.);
#2007=ORIENTED_EDGE('',*,*,#2457,.F.);
#2008=ORIENTED_EDGE('',*,*,#2448,.F.);
#2009=ORIENTED_EDGE('',*,*,#2642,.T.);
#2010=ORIENTED_EDGE('',*,*,#2452,.F.);
#2011=ORIENTED_EDGE('',*,*,#2450,.F.);
#2012=ORIENTED_EDGE('',*,*,#2441,.F.);
#2013=ORIENTED_EDGE('',*,*,#2641,.T.);
#2014=ORIENTED_EDGE('',*,*,#2445,.F.);
#2015=ORIENTED_EDGE('',*,*,#2443,.F.);
#2016=ORIENTED_EDGE('',*,*,#2370,.F.);
#2017=ORIENTED_EDGE('',*,*,#2662,.T.);
#2018=ORIENTED_EDGE('',*,*,#2438,.F.);
#2019=ORIENTED_EDGE('',*,*,#2436,.F.);
#2020=ORIENTED_EDGE('',*,*,#2434,.F.);
#2021=ORIENTED_EDGE('',*,*,#2432,.F.);
#2022=ORIENTED_EDGE('',*,*,#2430,.F.);
#2023=ORIENTED_EDGE('',*,*,#2428,.T.);
#2024=ORIENTED_EDGE('',*,*,#2426,.T.);
#2025=ORIENTED_EDGE('',*,*,#2424,.F.);
#2026=ORIENTED_EDGE('',*,*,#2422,.F.);
#2027=ORIENTED_EDGE('',*,*,#2420,.F.);
#2028=ORIENTED_EDGE('',*,*,#2418,.T.);
#2029=ORIENTED_EDGE('',*,*,#2416,.F.);
#2030=ORIENTED_EDGE('',*,*,#2414,.F.);
#2031=ORIENTED_EDGE('',*,*,#2412,.F.);
#2032=ORIENTED_EDGE('',*,*,#2410,.F.);
#2033=ORIENTED_EDGE('',*,*,#2408,.T.);
#2034=ORIENTED_EDGE('',*,*,#2406,.T.);
#2035=ORIENTED_EDGE('',*,*,#2404,.T.);
#2036=ORIENTED_EDGE('',*,*,#2402,.F.);
#2037=ORIENTED_EDGE('',*,*,#2400,.F.);
#2038=ORIENTED_EDGE('',*,*,#2398,.T.);
#2039=ORIENTED_EDGE('',*,*,#2396,.T.);
#2040=ORIENTED_EDGE('',*,*,#2394,.T.);
#2041=ORIENTED_EDGE('',*,*,#2392,.F.);
#2042=ORIENTED_EDGE('',*,*,#2390,.F.);
#2043=ORIENTED_EDGE('',*,*,#2388,.F.);
#2044=ORIENTED_EDGE('',*,*,#2386,.T.);
#2045=ORIENTED_EDGE('',*,*,#2384,.T.);
#2046=ORIENTED_EDGE('',*,*,#2382,.T.);
#2047=ORIENTED_EDGE('',*,*,#2380,.F.);
#2048=ORIENTED_EDGE('',*,*,#2378,.F.);
#2049=ORIENTED_EDGE('',*,*,#2376,.T.);
#2050=ORIENTED_EDGE('',*,*,#2374,.F.);
#2051=ORIENTED_EDGE('',*,*,#2372,.F.);
#2052=EDGE_CURVE('',#2663,#2664,#3111,.T.);
#2053=EDGE_CURVE('',#2663,#2665,#130,.T.);
#2054=EDGE_CURVE('',#2666,#2665,#3112,.T.);
#2055=EDGE_CURVE('',#2667,#2666,#131,.T.);
#2056=EDGE_CURVE('',#2667,#2668,#3113,.T.);
#2057=EDGE_CURVE('',#2668,#2664,#132,.T.);
#2058=EDGE_CURVE('',#2669,#2670,#3114,.T.);
#2059=EDGE_CURVE('',#2670,#2671,#133,.T.);
#2060=EDGE_CURVE('',#2671,#2672,#3115,.T.);
#2061=EDGE_CURVE('',#2669,#2672,#134,.T.);
#2062=EDGE_CURVE('',#2673,#2673,#3116,.T.);
#2063=EDGE_CURVE('',#2674,#2674,#3117,.T.);
#2064=EDGE_CURVE('',#2675,#2676,#3118,.T.);
#2065=EDGE_CURVE('',#2676,#2677,#135,.T.);
#2066=EDGE_CURVE('',#2677,#2678,#3119,.T.);
#2067=EDGE_CURVE('',#2675,#2678,#136,.T.);
#2068=EDGE_CURVE('',#2679,#2679,#3120,.T.);
#2069=EDGE_CURVE('',#2680,#2680,#3121,.T.);
#2070=EDGE_CURVE('',#2681,#2682,#137,.T.);
#2071=EDGE_CURVE('',#2682,#2683,#3122,.T.);
#2072=EDGE_CURVE('',#2683,#2684,#138,.T.);
#2073=EDGE_CURVE('',#2684,#2685,#3123,.T.);
#2074=EDGE_CURVE('',#2686,#2685,#139,.T.);
#2075=EDGE_CURVE('',#2686,#2687,#3124,.T.);
#2076=EDGE_CURVE('',#2687,#2688,#140,.T.);
#2077=EDGE_CURVE('',#2688,#2689,#3125,.T.);
#2078=EDGE_CURVE('',#2690,#2689,#141,.T.);
#2079=EDGE_CURVE('',#2690,#2691,#142,.T.);
#2080=EDGE_CURVE('',#2691,#2692,#3126,.T.);
#2081=EDGE_CURVE('',#2693,#2692,#143,.T.);
#2082=EDGE_CURVE('',#2694,#2693,#144,.T.);
#2083=EDGE_CURVE('',#2681,#2694,#3127,.T.);
#2084=EDGE_CURVE('',#2695,#2695,#3128,.T.);
#2085=EDGE_CURVE('',#2696,#2696,#3129,.T.);
#2086=EDGE_CURVE('',#2697,#2698,#3130,.T.);
#2087=EDGE_CURVE('',#2698,#2699,#145,.T.);
#2088=EDGE_CURVE('',#2699,#2700,#3131,.T.);
#2089=EDGE_CURVE('',#2697,#2700,#146,.T.);
#2090=EDGE_CURVE('',#2701,#2701,#3132,.T.);
#2091=EDGE_CURVE('',#2702,#2702,#3133,.T.);
#2092=EDGE_CURVE('',#2703,#2704,#3134,.T.);
#2093=EDGE_CURVE('',#2704,#2705,#147,.T.);
#2094=EDGE_CURVE('',#2705,#2706,#3135,.T.);
#2095=EDGE_CURVE('',#2703,#2706,#148,.T.);
#2096=EDGE_CURVE('',#2707,#2707,#3136,.T.);
#2097=EDGE_CURVE('',#2708,#2708,#3137,.T.);
#2098=EDGE_CURVE('',#2709,#2710,#3138,.T.);
#2099=EDGE_CURVE('',#2710,#2711,#149,.T.);
#2100=EDGE_CURVE('',#2711,#2712,#3139,.T.);
#2101=EDGE_CURVE('',#2709,#2712,#150,.T.);
#2102=EDGE_CURVE('',#2713,#2713,#3140,.T.);
#2103=EDGE_CURVE('',#2714,#2714,#3141,.T.);
#2104=EDGE_CURVE('',#2715,#2715,#3142,.T.);
#2105=EDGE_CURVE('',#2716,#2716,#3143,.T.);
#2106=EDGE_CURVE('',#2717,#2717,#3144,.T.);
#2107=EDGE_CURVE('',#2718,#2718,#3145,.T.);
#2108=EDGE_CURVE('',#2719,#2719,#3146,.T.);
#2109=EDGE_CURVE('',#2720,#2720,#3147,.T.);
#2110=EDGE_CURVE('',#2721,#2721,#3148,.T.);
#2111=EDGE_CURVE('',#2722,#2722,#3149,.T.);
#2112=EDGE_CURVE('',#2723,#2723,#3150,.T.);
#2113=EDGE_CURVE('',#2724,#2724,#3151,.T.);
#2114=EDGE_CURVE('',#2725,#2725,#3152,.T.);
#2115=EDGE_CURVE('',#2726,#2726,#3153,.T.);
#2116=EDGE_CURVE('',#2727,#2727,#3154,.T.);
#2117=EDGE_CURVE('',#2728,#2728,#3155,.T.);
#2118=EDGE_CURVE('',#2729,#2729,#3156,.T.);
#2119=EDGE_CURVE('',#2730,#2730,#3157,.T.);
#2120=EDGE_CURVE('',#2731,#2732,#151,.T.);
#2121=EDGE_CURVE('',#2733,#2731,#152,.T.);
#2122=EDGE_CURVE('',#2733,#2734,#3158,.T.);
#2123=EDGE_CURVE('',#2734,#2735,#153,.T.);
#2124=EDGE_CURVE('',#2735,#2736,#3159,.T.);
#2125=EDGE_CURVE('',#2736,#2737,#154,.T.);
#2126=EDGE_CURVE('',#2737,#2732,#3160,.T.);
#2127=EDGE_CURVE('',#2738,#2739,#3161,.T.);
#2128=EDGE_CURVE('',#2739,#2740,#155,.T.);
#2129=EDGE_CURVE('',#2740,#2741,#3162,.T.);
#2130=EDGE_CURVE('',#2738,#2741,#156,.T.);
#2131=EDGE_CURVE('',#2742,#2742,#3163,.T.);
#2132=EDGE_CURVE('',#2743,#2743,#3164,.T.);
#2133=EDGE_CURVE('',#2744,#2744,#3165,.T.);
#2134=EDGE_CURVE('',#2745,#2745,#3166,.T.);
#2135=EDGE_CURVE('',#2746,#2746,#3167,.T.);
#2136=EDGE_CURVE('',#2747,#2747,#3168,.T.);
#2137=EDGE_CURVE('',#2748,#2748,#3169,.T.);
#2138=EDGE_CURVE('',#2749,#2749,#3170,.T.);
#2139=EDGE_CURVE('',#2750,#2750,#3171,.T.);
#2140=EDGE_CURVE('',#2665,#2751,#3172,.T.);
#2141=EDGE_CURVE('',#2752,#2751,#157,.T.);
#2142=EDGE_CURVE('',#2752,#2753,#3173,.T.);
#2143=EDGE_CURVE('',#2753,#2754,#158,.T.);
#2144=EDGE_CURVE('',#2754,#2755,#3174,.T.);
#2145=EDGE_CURVE('',#2755,#2756,#159,.T.);
#2146=EDGE_CURVE('',#2757,#2756,#3175,.T.);
#2147=EDGE_CURVE('',#2757,#2758,#160,.T.);
#2148=EDGE_CURVE('',#2758,#2759,#3176,.T.);
#2149=EDGE_CURVE('',#2759,#2760,#161,.T.);
#2150=EDGE_CURVE('',#2760,#2761,#3177,.T.);
#2151=EDGE_CURVE('',#2762,#2761,#162,.T.);
#2152=EDGE_CURVE('',#2763,#2762,#163,.T.);
#2153=EDGE_CURVE('',#2764,#2763,#3178,.T.);
#2154=EDGE_CURVE('',#2764,#2765,#164,.T.);
#2155=EDGE_CURVE('',#2765,#2766,#3179,.T.);
#2156=EDGE_CURVE('',#2767,#2766,#165,.T.);
#2157=EDGE_CURVE('',#2768,#2767,#3180,.T.);
#2158=EDGE_CURVE('',#2769,#2768,#166,.T.);
#2159=EDGE_CURVE('',#2770,#2769,#167,.T.);
#2160=EDGE_CURVE('',#2770,#2771,#3181,.T.);
#2161=EDGE_CURVE('',#2771,#2772,#168,.T.);
#2162=EDGE_CURVE('',#2772,#2773,#3182,.T.);
#2163=EDGE_CURVE('',#2773,#2774,#169,.T.);
#2164=EDGE_CURVE('',#2775,#2774,#3183,.T.);
#2165=EDGE_CURVE('',#2776,#2775,#170,.T.);
#2166=EDGE_CURVE('',#2777,#2776,#171,.T.);
#2167=EDGE_CURVE('',#2777,#2778,#172,.T.);
#2168=EDGE_CURVE('',#2778,#2779,#173,.T.);
#2169=EDGE_CURVE('',#2779,#2780,#174,.T.);
#2170=EDGE_CURVE('',#2780,#2781,#3184,.T.);
#2171=EDGE_CURVE('',#2782,#2781,#175,.T.);
#2172=EDGE_CURVE('',#2782,#2783,#3185,.T.);
#2173=EDGE_CURVE('',#2784,#2783,#176,.T.);
#2174=EDGE_CURVE('',#2785,#2784,#177,.T.);
#2175=EDGE_CURVE('',#2666,#2785,#3186,.T.);
#2176=EDGE_CURVE('',#2786,#2786,#3187,.T.);
#2177=EDGE_CURVE('',#2787,#2787,#3188,.T.);
#2178=EDGE_CURVE('',#2788,#2788,#3189,.T.);
#2179=EDGE_CURVE('',#2789,#2790,#3190,.T.);
#2180=EDGE_CURVE('',#2791,#2790,#178,.T.);
#2181=EDGE_CURVE('',#2791,#2792,#3191,.T.);
#2182=EDGE_CURVE('',#2793,#2792,#179,.T.);
#2183=EDGE_CURVE('',#2793,#2794,#3192,.T.);
#2184=EDGE_CURVE('',#2794,#2795,#180,.T.);
#2185=EDGE_CURVE('',#2795,#2789,#181,.T.);
#2186=EDGE_CURVE('',#2796,#2796,#3193,.T.);
#2187=EDGE_CURVE('',#2797,#2797,#3194,.T.);
#2188=EDGE_CURVE('',#2798,#2799,#182,.T.);
#2189=EDGE_CURVE('',#2800,#2798,#183,.T.);
#2190=EDGE_CURVE('',#2800,#2801,#3195,.T.);
#2191=EDGE_CURVE('',#2802,#2801,#184,.T.);
#2192=EDGE_CURVE('',#2802,#2803,#3196,.T.);
#2193=EDGE_CURVE('',#2803,#2804,#185,.T.);
#2194=EDGE_CURVE('',#2804,#2805,#186,.T.);
#2195=EDGE_CURVE('',#2805,#2806,#3197,.T.);
#2196=EDGE_CURVE('',#2806,#2807,#187,.T.);
#2197=EDGE_CURVE('',#2807,#2799,#3198,.T.);
#2198=EDGE_CURVE('',#2808,#2809,#3199,.T.);
#2199=EDGE_CURVE('',#2809,#2810,#188,.T.);
#2200=EDGE_CURVE('',#2810,#2811,#3200,.T.);
#2201=EDGE_CURVE('',#2808,#2811,#189,.T.);
#2202=EDGE_CURVE('',#2812,#2812,#3201,.T.);
#2203=EDGE_CURVE('',#2813,#2813,#3202,.T.);
#2204=EDGE_CURVE('',#2814,#2815,#3203,.T.);
#2205=EDGE_CURVE('',#2815,#2816,#190,.T.);
#2206=EDGE_CURVE('',#2816,#2817,#3204,.T.);
#2207=EDGE_CURVE('',#2814,#2817,#191,.T.);
#2208=EDGE_CURVE('',#2818,#2818,#3205,.T.);
#2209=EDGE_CURVE('',#2819,#2819,#3206,.T.);
#2210=EDGE_CURVE('',#2820,#2821,#3207,.T.);
#2211=EDGE_CURVE('',#2821,#2822,#192,.T.);
#2212=EDGE_CURVE('',#2822,#2823,#3208,.T.);
#2213=EDGE_CURVE('',#2820,#2823,#193,.T.);
#2214=EDGE_CURVE('',#2824,#2824,#3209,.T.);
#2215=EDGE_CURVE('',#2825,#2825,#3210,.T.);
#2216=EDGE_CURVE('',#2826,#2785,#194,.T.);
#2217=EDGE_CURVE('',#2667,#2826,#3211,.T.);
#2218=EDGE_CURVE('',#2827,#2784,#195,.T.);
#2219=EDGE_CURVE('',#2827,#2828,#196,.T.);
#2220=EDGE_CURVE('',#2829,#2828,#197,.T.);
#2221=EDGE_CURVE('',#2826,#2829,#198,.T.);
#2222=EDGE_CURVE('',#2828,#2830,#3212,.T.);
#2223=EDGE_CURVE('',#2831,#2830,#199,.T.);
#2224=EDGE_CURVE('',#2829,#2831,#3213,.T.);
#2225=EDGE_CURVE('',#2830,#2832,#200,.T.);
#2226=EDGE_CURVE('',#2833,#2832,#201,.T.);
#2227=EDGE_CURVE('',#2831,#2833,#202,.T.);
#2228=EDGE_CURVE('',#2832,#2834,#3214,.T.);
#2229=EDGE_CURVE('',#2835,#2834,#203,.T.);
#2230=EDGE_CURVE('',#2833,#2835,#3215,.T.);
#2231=EDGE_CURVE('',#2834,#2836,#204,.T.);
#2232=EDGE_CURVE('',#2837,#2836,#205,.T.);
#2233=EDGE_CURVE('',#2835,#2837,#206,.T.);
#2234=EDGE_CURVE('',#2838,#2836,#207,.T.);
#2235=EDGE_CURVE('',#2839,#2838,#208,.T.);
#2236=EDGE_CURVE('',#2839,#2837,#209,.T.);
#2237=EDGE_CURVE('',#2840,#2838,#210,.T.);
#2238=EDGE_CURVE('',#2841,#2840,#211,.T.);
#2239=EDGE_CURVE('',#2841,#2839,#212,.T.);
#2240=EDGE_CURVE('',#2842,#2840,#3216,.T.);
#2241=EDGE_CURVE('',#2843,#2842,#213,.T.);
#2242=EDGE_CURVE('',#2843,#2841,#3217,.T.);
#2243=EDGE_CURVE('',#2844,#2842,#214,.T.);
#2244=EDGE_CURVE('',#2845,#2844,#215,.T.);
#2245=EDGE_CURVE('',#2845,#2843,#216,.T.);
#2246=EDGE_CURVE('',#2846,#2844,#3218,.T.);
#2247=EDGE_CURVE('',#2847,#2846,#217,.T.);
#2248=EDGE_CURVE('',#2847,#2845,#3219,.T.);
#2249=EDGE_CURVE('',#2848,#2846,#218,.T.);
#2250=EDGE_CURVE('',#2849,#2848,#219,.T.);
#2251=EDGE_CURVE('',#2849,#2847,#220,.T.);
#2252=EDGE_CURVE('',#2848,#2850,#3220,.T.);
#2253=EDGE_CURVE('',#2851,#2850,#221,.T.);
#2254=EDGE_CURVE('',#2849,#2851,#3221,.T.);
#2255=EDGE_CURVE('',#2852,#2850,#3222,.T.);
#2256=EDGE_CURVE('',#2853,#2852,#222,.T.);
#2257=EDGE_CURVE('',#2853,#2851,#3223,.T.);
#2258=EDGE_CURVE('',#2854,#2852,#223,.T.);
#2259=EDGE_CURVE('',#2855,#2854,#224,.T.);
#2260=EDGE_CURVE('',#2855,#2853,#225,.T.);
#2261=EDGE_CURVE('',#2856,#2854,#3224,.T.);
#2262=EDGE_CURVE('',#2857,#2856,#226,.T.);
#2263=EDGE_CURVE('',#2857,#2855,#3225,.T.);
#2264=EDGE_CURVE('',#2858,#2858,#3226,.T.);
#2265=EDGE_CURVE('',#2859,#2859,#3227,.T.);
#2266=EDGE_CURVE('',#2860,#2860,#3228,.T.);
#2267=EDGE_CURVE('',#2861,#2861,#3229,.T.);
#2268=EDGE_CURVE('',#2862,#2862,#3230,.T.);
#2269=EDGE_CURVE('',#2863,#2863,#3231,.T.);
#2270=EDGE_CURVE('',#2864,#2864,#3232,.T.);
#2271=EDGE_CURVE('',#2865,#2865,#3233,.T.);
#2272=EDGE_CURVE('',#2866,#2866,#3234,.T.);
#2273=EDGE_CURVE('',#2867,#2867,#3235,.T.);
#2274=EDGE_CURVE('',#2868,#2868,#3236,.T.);
#2275=EDGE_CURVE('',#2869,#2869,#3237,.T.);
#2276=EDGE_CURVE('',#2870,#2870,#3238,.T.);
#2277=EDGE_CURVE('',#2871,#2871,#3239,.T.);
#2278=EDGE_CURVE('',#2872,#2872,#3240,.T.);
#2279=EDGE_CURVE('',#2873,#2873,#3241,.T.);
#2280=EDGE_CURVE('',#2874,#2874,#3242,.T.);
#2281=EDGE_CURVE('',#2875,#2875,#3243,.T.);
#2282=EDGE_CURVE('',#2876,#2876,#3244,.T.);
#2283=EDGE_CURVE('',#2877,#2877,#3245,.T.);
#2284=EDGE_CURVE('',#2878,#2878,#3246,.T.);
#2285=EDGE_CURVE('',#2879,#2879,#3247,.T.);
#2286=EDGE_CURVE('',#2880,#2880,#3248,.T.);
#2287=EDGE_CURVE('',#2881,#2881,#3249,.T.);
#2288=EDGE_CURVE('',#2882,#2882,#3250,.T.);
#2289=EDGE_CURVE('',#2883,#2883,#3251,.T.);
#2290=EDGE_CURVE('',#2884,#2884,#3252,.T.);
#2291=EDGE_CURVE('',#2885,#2885,#3253,.T.);
#2292=EDGE_CURVE('',#2886,#2886,#3254,.T.);
#2293=EDGE_CURVE('',#2887,#2887,#3255,.T.);
#2294=EDGE_CURVE('',#2888,#2888,#3256,.T.);
#2295=EDGE_CURVE('',#2889,#2889,#3257,.T.);
#2296=EDGE_CURVE('',#2890,#2890,#3258,.T.);
#2297=EDGE_CURVE('',#2891,#2891,#3259,.T.);
#2298=EDGE_CURVE('',#2892,#2892,#3260,.T.);
#2299=EDGE_CURVE('',#2893,#2893,#3261,.T.);
#2300=EDGE_CURVE('',#2894,#2894,#3262,.T.);
#2301=EDGE_CURVE('',#2895,#2895,#3263,.T.);
#2302=EDGE_CURVE('',#2896,#2896,#3264,.T.);
#2303=EDGE_CURVE('',#2897,#2897,#3265,.T.);
#2304=EDGE_CURVE('',#2898,#2898,#3266,.T.);
#2305=EDGE_CURVE('',#2899,#2899,#3267,.T.);
#2306=EDGE_CURVE('',#2900,#2900,#3268,.T.);
#2307=EDGE_CURVE('',#2901,#2901,#3269,.T.);
#2308=EDGE_CURVE('',#2902,#2902,#3270,.T.);
#2309=EDGE_CURVE('',#2903,#2903,#3271,.T.);
#2310=EDGE_CURVE('',#2664,#2856,#227,.T.);
#2311=EDGE_CURVE('',#2668,#2857,#228,.T.);
#2312=EDGE_CURVE('',#2904,#2904,#3272,.T.);
#2313=EDGE_CURVE('',#2905,#2905,#3273,.T.);
#2314=EDGE_CURVE('',#2906,#2906,#3274,.T.);
#2315=EDGE_CURVE('',#2907,#2907,#3275,.T.);
#2316=EDGE_CURVE('',#2908,#2908,#3276,.T.);
#2317=EDGE_CURVE('',#2909,#2909,#3277,.T.);
#2318=EDGE_CURVE('',#2910,#2910,#3278,.T.);
#2319=EDGE_CURVE('',#2911,#2911,#3279,.T.);
#2320=EDGE_CURVE('',#2912,#2912,#3280,.T.);
#2321=EDGE_CURVE('',#2913,#2913,#3281,.T.);
#2322=EDGE_CURVE('',#2914,#2914,#3282,.T.);
#2323=EDGE_CURVE('',#2915,#2915,#3283,.T.);
#2324=EDGE_CURVE('',#2916,#2916,#3284,.T.);
#2325=EDGE_CURVE('',#2917,#2917,#3285,.T.);
#2326=EDGE_CURVE('',#2918,#2918,#3286,.T.);
#2327=EDGE_CURVE('',#2919,#2919,#3287,.T.);
#2328=EDGE_CURVE('',#2920,#2920,#3288,.T.);
#2329=EDGE_CURVE('',#2921,#2921,#3289,.T.);
#2330=EDGE_CURVE('',#2922,#2922,#3290,.T.);
#2331=EDGE_CURVE('',#2923,#2923,#3291,.T.);
#2332=EDGE_CURVE('',#2924,#2924,#3292,.T.);
#2333=EDGE_CURVE('',#2925,#2926,#229,.T.);
#2334=EDGE_CURVE('',#2926,#2927,#230,.T.);
#2335=EDGE_CURVE('',#2927,#2928,#3293,.T.);
#2336=EDGE_CURVE('',#2929,#2928,#231,.T.);
#2337=EDGE_CURVE('',#2929,#2930,#232,.T.);
#2338=EDGE_CURVE('',#2930,#2931,#3294,.T.);
#2339=EDGE_CURVE('',#2932,#2931,#233,.T.);
#2340=EDGE_CURVE('',#2933,#2932,#234,.T.);
#2341=EDGE_CURVE('',#2934,#2933,#235,.T.);
#2342=EDGE_CURVE('',#2934,#2935,#3295,.T.);
#2343=EDGE_CURVE('',#2935,#2936,#236,.T.);
#2344=EDGE_CURVE('',#2936,#2937,#3296,.T.);
#2345=EDGE_CURVE('',#2938,#2937,#3297,.T.);
#2346=EDGE_CURVE('',#2939,#2938,#237,.T.);
#2347=EDGE_CURVE('',#2940,#2939,#238,.T.);
#2348=EDGE_CURVE('',#2940,#2941,#3298,.T.);
#2349=EDGE_CURVE('',#2941,#2942,#239,.T.);
#2350=EDGE_CURVE('',#2943,#2942,#240,.T.);
#2351=EDGE_CURVE('',#2944,#2943,#241,.T.);
#2352=EDGE_CURVE('',#2945,#2944,#242,.T.);
#2353=EDGE_CURVE('',#2945,#2946,#3299,.T.);
#2354=EDGE_CURVE('',#2946,#2947,#243,.T.);
#2355=EDGE_CURVE('',#2947,#2948,#3300,.T.);
#2356=EDGE_CURVE('',#2948,#2949,#244,.T.);
#2357=EDGE_CURVE('',#2950,#2949,#245,.T.);
#2358=EDGE_CURVE('',#2950,#2951,#3301,.T.);
#2359=EDGE_CURVE('',#2951,#2952,#246,.T.);
#2360=EDGE_CURVE('',#2952,#2953,#247,.T.);
#2361=EDGE_CURVE('',#2954,#2953,#248,.T.);
#2362=EDGE_CURVE('',#2955,#2954,#249,.T.);
#2363=EDGE_CURVE('',#2955,#2956,#3302,.T.);
#2364=EDGE_CURVE('',#2956,#2957,#250,.T.);
#2365=EDGE_CURVE('',#2957,#2958,#3303,.T.);
#2366=EDGE_CURVE('',#2958,#2959,#251,.T.);
#2367=EDGE_CURVE('',#2959,#2960,#252,.T.);
#2368=EDGE_CURVE('',#2925,#2960,#3304,.T.);
#2369=EDGE_CURVE('',#2961,#2925,#253,.T.);
#2370=EDGE_CURVE('',#2961,#2962,#254,.T.);
#2371=EDGE_CURVE('',#2962,#2926,#255,.T.);
#2372=EDGE_CURVE('',#2962,#2963,#256,.T.);
#2373=EDGE_CURVE('',#2963,#2927,#257,.T.);
#2374=EDGE_CURVE('',#2963,#2964,#3305,.T.);
#2375=EDGE_CURVE('',#2964,#2928,#258,.T.);
#2376=EDGE_CURVE('',#2965,#2964,#259,.T.);
#2377=EDGE_CURVE('',#2965,#2929,#260,.T.);
#2378=EDGE_CURVE('',#2965,#2966,#261,.T.);
#2379=EDGE_CURVE('',#2966,#2930,#262,.T.);
#2380=EDGE_CURVE('',#2966,#2967,#3306,.T.);
#2381=EDGE_CURVE('',#2967,#2931,#263,.T.);
#2382=EDGE_CURVE('',#2968,#2967,#264,.T.);
#2383=EDGE_CURVE('',#2968,#2932,#265,.T.);
#2384=EDGE_CURVE('',#2969,#2968,#266,.T.);
#2385=EDGE_CURVE('',#2969,#2933,#267,.T.);
#2386=EDGE_CURVE('',#2970,#2969,#268,.T.);
#2387=EDGE_CURVE('',#2970,#2934,#269,.T.);
#2388=EDGE_CURVE('',#2970,#2971,#3307,.T.);
#2389=EDGE_CURVE('',#2971,#2935,#270,.T.);
#2390=EDGE_CURVE('',#2971,#2972,#271,.T.);
#2391=EDGE_CURVE('',#2972,#2936,#272,.T.);
#2392=EDGE_CURVE('',#2972,#2973,#3308,.T.);
#2393=EDGE_CURVE('',#2973,#2937,#273,.T.);
#2394=EDGE_CURVE('',#2974,#2973,#3309,.T.);
#2395=EDGE_CURVE('',#2974,#2938,#274,.T.);
#2396=EDGE_CURVE('',#2975,#2974,#275,.T.);
#2397=EDGE_CURVE('',#2975,#2939,#276,.T.);
#2398=EDGE_CURVE('',#2976,#2975,#277,.T.);
#2399=EDGE_CURVE('',#2976,#2940,#278,.T.);
#2400=EDGE_CURVE('',#2976,#2977,#3310,.T.);
#2401=EDGE_CURVE('',#2977,#2941,#279,.T.);
#2402=EDGE_CURVE('',#2977,#2978,#280,.T.);
#2403=EDGE_CURVE('',#2978,#2942,#281,.T.);
#2404=EDGE_CURVE('',#2979,#2978,#282,.T.);
#2405=EDGE_CURVE('',#2979,#2943,#283,.T.);
#2406=EDGE_CURVE('',#2980,#2979,#284,.T.);
#2407=EDGE_CURVE('',#2980,#2944,#285,.T.);
#2408=EDGE_CURVE('',#2981,#2980,#286,.T.);
#2409=EDGE_CURVE('',#2981,#2945,#287,.T.);
#2410=EDGE_CURVE('',#2981,#2982,#3311,.T.);
#2411=EDGE_CURVE('',#2982,#2946,#288,.T.);
#2412=EDGE_CURVE('',#2982,#2983,#289,.T.);
#2413=EDGE_CURVE('',#2983,#2947,#290,.T.);
#2414=EDGE_CURVE('',#2983,#2984,#3312,.T.);
#2415=EDGE_CURVE('',#2984,#2948,#291,.T.);
#2416=EDGE_CURVE('',#2984,#2985,#292,.T.);
#2417=EDGE_CURVE('',#2985,#2949,#293,.T.);
#2418=EDGE_CURVE('',#2986,#2985,#294,.T.);
#2419=EDGE_CURVE('',#2986,#2950,#295,.T.);
#2420=EDGE_CURVE('',#2986,#2987,#3313,.T.);
#2421=EDGE_CURVE('',#2987,#2951,#296,.T.);
#2422=EDGE_CURVE('',#2987,#2988,#297,.T.);
#2423=EDGE_CURVE('',#2988,#2952,#298,.T.);
#2424=EDGE_CURVE('',#2988,#2989,#299,.T.);
#2425=EDGE_CURVE('',#2989,#2953,#300,.T.);
#2426=EDGE_CURVE('',#2990,#2989,#301,.T.);
#2427=EDGE_CURVE('',#2990,#2954,#302,.T.);
#2428=EDGE_CURVE('',#2991,#2990,#303,.T.);
#2429=EDGE_CURVE('',#2991,#2955,#304,.T.);
#2430=EDGE_CURVE('',#2991,#2992,#3314,.T.);
#2431=EDGE_CURVE('',#2992,#2956,#305,.T.);
#2432=EDGE_CURVE('',#2992,#2993,#306,.T.);
#2433=EDGE_CURVE('',#2993,#2957,#307,.T.);
#2434=EDGE_CURVE('',#2993,#2994,#3315,.T.);
#2435=EDGE_CURVE('',#2994,#2958,#308,.T.);
#2436=EDGE_CURVE('',#2994,#2995,#309,.T.);
#2437=EDGE_CURVE('',#2995,#2959,#310,.T.);
#2438=EDGE_CURVE('',#2995,#2996,#311,.T.);
#2439=EDGE_CURVE('',#2996,#2960,#312,.T.);
#2440=EDGE_CURVE('',#2997,#2669,#313,.T.);
#2441=EDGE_CURVE('',#2997,#2998,#3316,.T.);
#2442=EDGE_CURVE('',#2998,#2670,#314,.T.);
#2443=EDGE_CURVE('',#2998,#2999,#315,.T.);
#2444=EDGE_CURVE('',#2999,#2671,#316,.T.);
#2445=EDGE_CURVE('',#2999,#3000,#3317,.T.);
#2446=EDGE_CURVE('',#3000,#2672,#317,.T.);
#2447=EDGE_CURVE('',#3001,#2675,#318,.T.);
#2448=EDGE_CURVE('',#3001,#3002,#3318,.T.);
#2449=EDGE_CURVE('',#3002,#2676,#319,.T.);
#2450=EDGE_CURVE('',#3002,#3003,#320,.T.);
#2451=EDGE_CURVE('',#3003,#2677,#321,.T.);
#2452=EDGE_CURVE('',#3003,#3004,#3319,.T.);
#2453=EDGE_CURVE('',#3004,#2678,#322,.T.);
#2454=EDGE_CURVE('',#3005,#2681,#323,.T.);
#2455=EDGE_CURVE('',#3005,#3006,#324,.T.);
#2456=EDGE_CURVE('',#3006,#2682,#325,.T.);
#2457=EDGE_CURVE('',#3006,#3007,#3320,.T.);
#2458=EDGE_CURVE('',#3007,#2683,#326,.T.);
#2459=EDGE_CURVE('',#3007,#3008,#327,.T.);
#2460=EDGE_CURVE('',#3008,#2684,#328,.T.);
#2461=EDGE_CURVE('',#3008,#3009,#3321,.T.);
#2462=EDGE_CURVE('',#3009,#2685,#329,.T.);
#2463=EDGE_CURVE('',#3010,#3009,#330,.T.);
#2464=EDGE_CURVE('',#3010,#2686,#331,.T.);
#2465=EDGE_CURVE('',#3010,#3011,#3322,.T.);
#2466=EDGE_CURVE('',#3011,#2687,#332,.T.);
#2467=EDGE_CURVE('',#3011,#3012,#333,.T.);
#2468=EDGE_CURVE('',#3012,#2688,#334,.T.);
#2469=EDGE_CURVE('',#3012,#3013,#3323,.T.);
#2470=EDGE_CURVE('',#3013,#2689,#335,.T.);
#2471=EDGE_CURVE('',#3014,#3013,#336,.T.);
#2472=EDGE_CURVE('',#3014,#2690,#337,.T.);
#2473=EDGE_CURVE('',#3014,#3015,#338,.T.);
#2474=EDGE_CURVE('',#3015,#2691,#339,.T.);
#2475=EDGE_CURVE('',#3015,#3016,#3324,.T.);
#2476=EDGE_CURVE('',#3016,#2692,#340,.T.);
#2477=EDGE_CURVE('',#3017,#3016,#341,.T.);
#2478=EDGE_CURVE('',#3017,#2693,#342,.T.);
#2479=EDGE_CURVE('',#3018,#3017,#343,.T.);
#2480=EDGE_CURVE('',#3018,#2694,#344,.T.);
#2481=EDGE_CURVE('',#3019,#2697,#345,.T.);
#2482=EDGE_CURVE('',#3019,#3020,#3325,.T.);
#2483=EDGE_CURVE('',#3020,#2698,#346,.T.);
#2484=EDGE_CURVE('',#3020,#3021,#347,.T.);
#2485=EDGE_CURVE('',#3021,#2699,#348,.T.);
#2486=EDGE_CURVE('',#3021,#3022,#3326,.T.);
#2487=EDGE_CURVE('',#3022,#2700,#349,.T.);
#2488=EDGE_CURVE('',#3023,#2703,#350,.T.);
#2489=EDGE_CURVE('',#3023,#3024,#3327,.T.);
#2490=EDGE_CURVE('',#3024,#2704,#351,.T.);
#2491=EDGE_CURVE('',#3024,#3025,#352,.T.);
#2492=EDGE_CURVE('',#3025,#2705,#353,.T.);
#2493=EDGE_CURVE('',#3025,#3026,#3328,.T.);
#2494=EDGE_CURVE('',#3026,#2706,#354,.T.);
#2495=EDGE_CURVE('',#3027,#2709,#355,.T.);
#2496=EDGE_CURVE('',#3027,#3028,#3329,.T.);
#2497=EDGE_CURVE('',#3028,#2710,#356,.T.);
#2498=EDGE_CURVE('',#3028,#3029,#357,.T.);
#2499=EDGE_CURVE('',#3029,#2711,#358,.T.);
#2500=EDGE_CURVE('',#3029,#3030,#3330,.T.);
#2501=EDGE_CURVE('',#3030,#2712,#359,.T.);
#2502=EDGE_CURVE('',#3031,#2738,#360,.T.);
#2503=EDGE_CURVE('',#3031,#3032,#3331,.T.);
#2504=EDGE_CURVE('',#3032,#2739,#361,.T.);
#2505=EDGE_CURVE('',#3032,#3033,#362,.T.);
#2506=EDGE_CURVE('',#3033,#2740,#363,.T.);
#2507=EDGE_CURVE('',#3033,#3034,#3332,.T.);
#2508=EDGE_CURVE('',#3034,#2741,#364,.T.);
#2509=EDGE_CURVE('',#3035,#2731,#365,.T.);
#2510=EDGE_CURVE('',#3036,#3035,#366,.T.);
#2511=EDGE_CURVE('',#3036,#2733,#367,.T.);
#2512=EDGE_CURVE('',#3036,#3037,#3333,.T.);
#2513=EDGE_CURVE('',#3037,#2734,#368,.T.);
#2514=EDGE_CURVE('',#3037,#3038,#369,.T.);
#2515=EDGE_CURVE('',#3038,#2735,#370,.T.);
#2516=EDGE_CURVE('',#3038,#3039,#3334,.T.);
#2517=EDGE_CURVE('',#3039,#2736,#371,.T.);
#2518=EDGE_CURVE('',#3039,#3040,#372,.T.);
#2519=EDGE_CURVE('',#3040,#2737,#373,.T.);
#2520=EDGE_CURVE('',#3040,#3041,#3335,.T.);
#2521=EDGE_CURVE('',#3041,#2732,#374,.T.);
#2522=EDGE_CURVE('',#3042,#2808,#375,.T.);
#2523=EDGE_CURVE('',#3042,#3043,#3336,.T.);
#2524=EDGE_CURVE('',#3043,#2809,#376,.T.);
#2525=EDGE_CURVE('',#3043,#3044,#377,.T.);
#2526=EDGE_CURVE('',#3044,#2810,#378,.T.);
#2527=EDGE_CURVE('',#3044,#3045,#3337,.T.);
#2528=EDGE_CURVE('',#3045,#2811,#379,.T.);
#2529=EDGE_CURVE('',#3046,#2781,#380,.T.);
#2530=EDGE_CURVE('',#3047,#3046,#381,.T.);
#2531=EDGE_CURVE('',#3047,#2782,#382,.T.);
#2532=EDGE_CURVE('',#3047,#3048,#3338,.T.);
#2533=EDGE_CURVE('',#3048,#2783,#383,.T.);
#2534=EDGE_CURVE('',#2827,#3048,#384,.T.);
#2535=EDGE_CURVE('',#2663,#3049,#3339,.T.);
#2536=EDGE_CURVE('',#3049,#2751,#385,.T.);
#2537=EDGE_CURVE('',#3050,#3049,#386,.T.);
#2538=EDGE_CURVE('',#3050,#2752,#387,.T.);
#2539=EDGE_CURVE('',#3050,#3051,#3340,.T.);
#2540=EDGE_CURVE('',#3051,#2753,#388,.T.);
#2541=EDGE_CURVE('',#3051,#3052,#389,.T.);
#2542=EDGE_CURVE('',#3052,#2754,#390,.T.);
#2543=EDGE_CURVE('',#3052,#3053,#3341,.T.);
#2544=EDGE_CURVE('',#3053,#2755,#391,.T.);
#2545=EDGE_CURVE('',#3053,#3054,#392,.T.);
#2546=EDGE_CURVE('',#3054,#2756,#393,.T.);
#2547=EDGE_CURVE('',#3055,#3054,#3342,.T.);
#2548=EDGE_CURVE('',#3055,#2757,#394,.T.);
#2549=EDGE_CURVE('',#3055,#3056,#395,.T.);
#2550=EDGE_CURVE('',#3056,#2758,#396,.T.);
#2551=EDGE_CURVE('',#3056,#3057,#3343,.T.);
#2552=EDGE_CURVE('',#3057,#2759,#397,.T.);
#2553=EDGE_CURVE('',#3057,#3058,#398,.T.);
#2554=EDGE_CURVE('',#3058,#2760,#399,.T.);
#2555=EDGE_CURVE('',#3058,#3059,#3344,.T.);
#2556=EDGE_CURVE('',#3059,#2761,#400,.T.);
#2557=EDGE_CURVE('',#3060,#3059,#401,.T.);
#2558=EDGE_CURVE('',#3060,#2762,#402,.T.);
#2559=EDGE_CURVE('',#3061,#3060,#403,.T.);
#2560=EDGE_CURVE('',#3061,#2763,#404,.T.);
#2561=EDGE_CURVE('',#3062,#3061,#3345,.T.);
#2562=EDGE_CURVE('',#3062,#2764,#405,.T.);
#2563=EDGE_CURVE('',#3062,#3063,#406,.T.);
#2564=EDGE_CURVE('',#3063,#2765,#407,.T.);
#2565=EDGE_CURVE('',#3063,#3064,#3346,.T.);
#2566=EDGE_CURVE('',#3064,#2766,#408,.T.);
#2567=EDGE_CURVE('',#3065,#3064,#409,.T.);
#2568=EDGE_CURVE('',#3065,#2767,#410,.T.);
#2569=EDGE_CURVE('',#3066,#3065,#3347,.T.);
#2570=EDGE_CURVE('',#3066,#2768,#411,.T.);
#2571=EDGE_CURVE('',#3067,#3066,#412,.T.);
#2572=EDGE_CURVE('',#3067,#2769,#413,.T.);
#2573=EDGE_CURVE('',#3068,#3067,#414,.T.);
#2574=EDGE_CURVE('',#3068,#2770,#415,.T.);
#2575=EDGE_CURVE('',#3068,#3069,#3348,.T.);
#2576=EDGE_CURVE('',#3069,#2771,#416,.T.);
#2577=EDGE_CURVE('',#3069,#3070,#417,.T.);
#2578=EDGE_CURVE('',#3070,#2772,#418,.T.);
#2579=EDGE_CURVE('',#3070,#3071,#3349,.T.);
#2580=EDGE_CURVE('',#3071,#2773,#419,.T.);
#2581=EDGE_CURVE('',#3071,#3072,#420,.T.);
#2582=EDGE_CURVE('',#3072,#2774,#421,.T.);
#2583=EDGE_CURVE('',#3073,#3072,#3350,.T.);
#2584=EDGE_CURVE('',#3073,#2775,#422,.T.);
#2585=EDGE_CURVE('',#3074,#3073,#423,.T.);
#2586=EDGE_CURVE('',#3074,#2776,#424,.T.);
#2587=EDGE_CURVE('',#3075,#3074,#425,.T.);
#2588=EDGE_CURVE('',#3075,#2777,#426,.T.);
#2589=EDGE_CURVE('',#3075,#3076,#427,.T.);
#2590=EDGE_CURVE('',#3076,#2778,#428,.T.);
#2591=EDGE_CURVE('',#3076,#3077,#429,.T.);
#2592=EDGE_CURVE('',#3077,#2779,#430,.T.);
#2593=EDGE_CURVE('',#3077,#3078,#431,.T.);
#2594=EDGE_CURVE('',#3078,#2780,#432,.T.);
#2595=EDGE_CURVE('',#3079,#2790,#433,.T.);
#2596=EDGE_CURVE('',#3080,#3079,#434,.T.);
#2597=EDGE_CURVE('',#3080,#2791,#435,.T.);
#2598=EDGE_CURVE('',#3080,#3081,#3351,.T.);
#2599=EDGE_CURVE('',#3081,#2792,#436,.T.);
#2600=EDGE_CURVE('',#3082,#3081,#437,.T.);
#2601=EDGE_CURVE('',#3082,#2793,#438,.T.);
#2602=EDGE_CURVE('',#3082,#3083,#3352,.T.);
#2603=EDGE_CURVE('',#3083,#2794,#439,.T.);
#2604=EDGE_CURVE('',#3083,#3084,#440,.T.);
#2605=EDGE_CURVE('',#3084,#2795,#441,.T.);
#2606=EDGE_CURVE('',#3084,#3085,#442,.T.);
#2607=EDGE_CURVE('',#3085,#2789,#443,.T.);
#2608=EDGE_CURVE('',#3086,#2798,#444,.T.);
#2609=EDGE_CURVE('',#3087,#3086,#445,.T.);
#2610=EDGE_CURVE('',#3087,#2800,#446,.T.);
#2611=EDGE_CURVE('',#3087,#3088,#3353,.T.);
#2612=EDGE_CURVE('',#3088,#2801,#447,.T.);
#2613=EDGE_CURVE('',#3089,#3088,#448,.T.);
#2614=EDGE_CURVE('',#3089,#2802,#449,.T.);
#2615=EDGE_CURVE('',#3089,#3090,#3354,.T.);
#2616=EDGE_CURVE('',#3090,#2803,#450,.T.);
#2617=EDGE_CURVE('',#3090,#3091,#451,.T.);
#2618=EDGE_CURVE('',#3091,#2804,#452,.T.);
#2619=EDGE_CURVE('',#3091,#3092,#453,.T.);
#2620=EDGE_CURVE('',#3092,#2805,#454,.T.);
#2621=EDGE_CURVE('',#3092,#3093,#3355,.T.);
#2622=EDGE_CURVE('',#3093,#2806,#455,.T.);
#2623=EDGE_CURVE('',#3093,#3094,#456,.T.);
#2624=EDGE_CURVE('',#3094,#2807,#457,.T.);
#2625=EDGE_CURVE('',#3094,#3095,#3356,.T.);
#2626=EDGE_CURVE('',#3095,#2799,#458,.T.);
#2627=EDGE_CURVE('',#3096,#2814,#459,.T.);
#2628=EDGE_CURVE('',#3096,#3097,#3357,.T.);
#2629=EDGE_CURVE('',#3097,#2815,#460,.T.);
#2630=EDGE_CURVE('',#3097,#3098,#461,.T.);
#2631=EDGE_CURVE('',#3098,#2816,#462,.T.);
#2632=EDGE_CURVE('',#3098,#3099,#3358,.T.);
#2633=EDGE_CURVE('',#3099,#2817,#463,.T.);
#2634=EDGE_CURVE('',#3100,#2820,#464,.T.);
#2635=EDGE_CURVE('',#3100,#3101,#3359,.T.);
#2636=EDGE_CURVE('',#3101,#2821,#465,.T.);
#2637=EDGE_CURVE('',#3101,#3102,#466,.T.);
#2638=EDGE_CURVE('',#3102,#2822,#467,.T.);
#2639=EDGE_CURVE('',#3102,#3103,#3360,.T.);
#2640=EDGE_CURVE('',#3103,#2823,#468,.T.);
#2641=EDGE_CURVE('',#2997,#3000,#469,.T.);
#2642=EDGE_CURVE('',#3001,#3004,#470,.T.);
#2643=EDGE_CURVE('',#3005,#3018,#3361,.T.);
#2644=EDGE_CURVE('',#3019,#3022,#471,.T.);
#2645=EDGE_CURVE('',#3023,#3026,#472,.T.);
#2646=EDGE_CURVE('',#3027,#3030,#473,.T.);
#2647=EDGE_CURVE('',#3031,#3034,#474,.T.);
#2648=EDGE_CURVE('',#3104,#3104,#3362,.T.);
#2649=EDGE_CURVE('',#3105,#3105,#3363,.T.);
#2650=EDGE_CURVE('',#3106,#3106,#3364,.T.);
#2651=EDGE_CURVE('',#3107,#3107,#3365,.T.);
#2652=EDGE_CURVE('',#3108,#3108,#3366,.T.);
#2653=EDGE_CURVE('',#3109,#3109,#3367,.T.);
#2654=EDGE_CURVE('',#3110,#3110,#3368,.T.);
#2655=EDGE_CURVE('',#3035,#3041,#475,.T.);
#2656=EDGE_CURVE('',#3042,#3045,#476,.T.);
#2657=EDGE_CURVE('',#3078,#3046,#3369,.T.);
#2658=EDGE_CURVE('',#3085,#3079,#3370,.T.);
#2659=EDGE_CURVE('',#3086,#3095,#477,.T.);
#2660=EDGE_CURVE('',#3096,#3099,#478,.T.);
#2661=EDGE_CURVE('',#3100,#3103,#479,.T.);
#2662=EDGE_CURVE('',#2961,#2996,#3371,.T.);
#2663=VERTEX_POINT('',#6522);
#2664=VERTEX_POINT('',#6523);
#2665=VERTEX_POINT('',#6525);
#2666=VERTEX_POINT('',#6527);
#2667=VERTEX_POINT('',#6529);
#2668=VERTEX_POINT('',#6531);
#2669=VERTEX_POINT('',#6535);
#2670=VERTEX_POINT('',#6536);
#2671=VERTEX_POINT('',#6538);
#2672=VERTEX_POINT('',#6540);
#2673=VERTEX_POINT('',#6543);
#2674=VERTEX_POINT('',#6545);
#2675=VERTEX_POINT('',#6548);
#2676=VERTEX_POINT('',#6549);
#2677=VERTEX_POINT('',#6551);
#2678=VERTEX_POINT('',#6553);
#2679=VERTEX_POINT('',#6556);
#2680=VERTEX_POINT('',#6558);
#2681=VERTEX_POINT('',#6561);
#2682=VERTEX_POINT('',#6562);
#2683=VERTEX_POINT('',#6564);
#2684=VERTEX_POINT('',#6566);
#2685=VERTEX_POINT('',#6568);
#2686=VERTEX_POINT('',#6570);
#2687=VERTEX_POINT('',#6572);
#2688=VERTEX_POINT('',#6574);
#2689=VERTEX_POINT('',#6576);
#2690=VERTEX_POINT('',#6578);
#2691=VERTEX_POINT('',#6580);
#2692=VERTEX_POINT('',#6582);
#2693=VERTEX_POINT('',#6584);
#2694=VERTEX_POINT('',#6586);
#2695=VERTEX_POINT('',#6589);
#2696=VERTEX_POINT('',#6591);
#2697=VERTEX_POINT('',#6594);
#2698=VERTEX_POINT('',#6595);
#2699=VERTEX_POINT('',#6597);
#2700=VERTEX_POINT('',#6599);
#2701=VERTEX_POINT('',#6602);
#2702=VERTEX_POINT('',#6604);
#2703=VERTEX_POINT('',#6607);
#2704=VERTEX_POINT('',#6608);
#2705=VERTEX_POINT('',#6610);
#2706=VERTEX_POINT('',#6612);
#2707=VERTEX_POINT('',#6615);
#2708=VERTEX_POINT('',#6617);
#2709=VERTEX_POINT('',#6620);
#2710=VERTEX_POINT('',#6621);
#2711=VERTEX_POINT('',#6623);
#2712=VERTEX_POINT('',#6625);
#2713=VERTEX_POINT('',#6628);
#2714=VERTEX_POINT('',#6630);
#2715=VERTEX_POINT('',#6633);
#2716=VERTEX_POINT('',#6635);
#2717=VERTEX_POINT('',#6638);
#2718=VERTEX_POINT('',#6640);
#2719=VERTEX_POINT('',#6643);
#2720=VERTEX_POINT('',#6645);
#2721=VERTEX_POINT('',#6648);
#2722=VERTEX_POINT('',#6650);
#2723=VERTEX_POINT('',#6653);
#2724=VERTEX_POINT('',#6655);
#2725=VERTEX_POINT('',#6658);
#2726=VERTEX_POINT('',#6660);
#2727=VERTEX_POINT('',#6663);
#2728=VERTEX_POINT('',#6665);
#2729=VERTEX_POINT('',#6668);
#2730=VERTEX_POINT('',#6670);
#2731=VERTEX_POINT('',#6672);
#2732=VERTEX_POINT('',#6673);
#2733=VERTEX_POINT('',#6675);
#2734=VERTEX_POINT('',#6677);
#2735=VERTEX_POINT('',#6679);
#2736=VERTEX_POINT('',#6681);
#2737=VERTEX_POINT('',#6683);
#2738=VERTEX_POINT('',#6687);
#2739=VERTEX_POINT('',#6688);
#2740=VERTEX_POINT('',#6690);
#2741=VERTEX_POINT('',#6692);
#2742=VERTEX_POINT('',#6695);
#2743=VERTEX_POINT('',#6697);
#2744=VERTEX_POINT('',#6700);
#2745=VERTEX_POINT('',#6702);
#2746=VERTEX_POINT('',#6704);
#2747=VERTEX_POINT('',#6706);
#2748=VERTEX_POINT('',#6708);
#2749=VERTEX_POINT('',#6710);
#2750=VERTEX_POINT('',#6712);
#2751=VERTEX_POINT('',#6714);
#2752=VERTEX_POINT('',#6716);
#2753=VERTEX_POINT('',#6718);
#2754=VERTEX_POINT('',#6720);
#2755=VERTEX_POINT('',#6722);
#2756=VERTEX_POINT('',#6724);
#2757=VERTEX_POINT('',#6726);
#2758=VERTEX_POINT('',#6728);
#2759=VERTEX_POINT('',#6730);
#2760=VERTEX_POINT('',#6732);
#2761=VERTEX_POINT('',#6734);
#2762=VERTEX_POINT('',#6736);
#2763=VERTEX_POINT('',#6738);
#2764=VERTEX_POINT('',#6740);
#2765=VERTEX_POINT('',#6742);
#2766=VERTEX_POINT('',#6744);
#2767=VERTEX_POINT('',#6746);
#2768=VERTEX_POINT('',#6748);
#2769=VERTEX_POINT('',#6750);
#2770=VERTEX_POINT('',#6752);
#2771=VERTEX_POINT('',#6754);
#2772=VERTEX_POINT('',#6756);
#2773=VERTEX_POINT('',#6758);
#2774=VERTEX_POINT('',#6760);
#2775=VERTEX_POINT('',#6762);
#2776=VERTEX_POINT('',#6764);
#2777=VERTEX_POINT('',#6766);
#2778=VERTEX_POINT('',#6768);
#2779=VERTEX_POINT('',#6770);
#2780=VERTEX_POINT('',#6772);
#2781=VERTEX_POINT('',#6774);
#2782=VERTEX_POINT('',#6776);
#2783=VERTEX_POINT('',#6778);
#2784=VERTEX_POINT('',#6780);
#2785=VERTEX_POINT('',#6782);
#2786=VERTEX_POINT('',#6786);
#2787=VERTEX_POINT('',#6788);
#2788=VERTEX_POINT('',#6790);
#2789=VERTEX_POINT('',#6792);
#2790=VERTEX_POINT('',#6793);
#2791=VERTEX_POINT('',#6795);
#2792=VERTEX_POINT('',#6797);
#2793=VERTEX_POINT('',#6799);
#2794=VERTEX_POINT('',#6801);
#2795=VERTEX_POINT('',#6803);
#2796=VERTEX_POINT('',#6807);
#2797=VERTEX_POINT('',#6809);
#2798=VERTEX_POINT('',#6811);
#2799=VERTEX_POINT('',#6812);
#2800=VERTEX_POINT('',#6814);
#2801=VERTEX_POINT('',#6816);
#2802=VERTEX_POINT('',#6818);
#2803=VERTEX_POINT('',#6820);
#2804=VERTEX_POINT('',#6822);
#2805=VERTEX_POINT('',#6824);
#2806=VERTEX_POINT('',#6826);
#2807=VERTEX_POINT('',#6828);
#2808=VERTEX_POINT('',#6832);
#2809=VERTEX_POINT('',#6833);
#2810=VERTEX_POINT('',#6835);
#2811=VERTEX_POINT('',#6837);
#2812=VERTEX_POINT('',#6840);
#2813=VERTEX_POINT('',#6842);
#2814=VERTEX_POINT('',#6845);
#2815=VERTEX_POINT('',#6846);
#2816=VERTEX_POINT('',#6848);
#2817=VERTEX_POINT('',#6850);
#2818=VERTEX_POINT('',#6853);
#2819=VERTEX_POINT('',#6855);
#2820=VERTEX_POINT('',#6858);
#2821=VERTEX_POINT('',#6859);
#2822=VERTEX_POINT('',#6861);
#2823=VERTEX_POINT('',#6863);
#2824=VERTEX_POINT('',#6866);
#2825=VERTEX_POINT('',#6868);
#2826=VERTEX_POINT('',#6871);
#2827=VERTEX_POINT('',#6875);
#2828=VERTEX_POINT('',#6877);
#2829=VERTEX_POINT('',#6879);
#2830=VERTEX_POINT('',#6883);
#2831=VERTEX_POINT('',#6885);
#2832=VERTEX_POINT('',#6889);
#2833=VERTEX_POINT('',#6891);
#2834=VERTEX_POINT('',#6895);
#2835=VERTEX_POINT('',#6897);
#2836=VERTEX_POINT('',#6901);
#2837=VERTEX_POINT('',#6903);
#2838=VERTEX_POINT('',#6907);
#2839=VERTEX_POINT('',#6909);
#2840=VERTEX_POINT('',#6913);
#2841=VERTEX_POINT('',#6915);
#2842=VERTEX_POINT('',#6919);
#2843=VERTEX_POINT('',#6921);
#2844=VERTEX_POINT('',#6925);
#2845=VERTEX_POINT('',#6927);
#2846=VERTEX_POINT('',#6931);
#2847=VERTEX_POINT('',#6933);
#2848=VERTEX_POINT('',#6937);
#2849=VERTEX_POINT('',#6939);
#2850=VERTEX_POINT('',#6943);
#2851=VERTEX_POINT('',#6945);
#2852=VERTEX_POINT('',#6949);
#2853=VERTEX_POINT('',#6951);
#2854=VERTEX_POINT('',#6955);
#2855=VERTEX_POINT('',#6957);
#2856=VERTEX_POINT('',#6961);
#2857=VERTEX_POINT('',#6963);
#2858=VERTEX_POINT('',#6967);
#2859=VERTEX_POINT('',#6970);
#2860=VERTEX_POINT('',#6973);
#2861=VERTEX_POINT('',#6976);
#2862=VERTEX_POINT('',#6979);
#2863=VERTEX_POINT('',#6982);
#2864=VERTEX_POINT('',#6985);
#2865=VERTEX_POINT('',#6988);
#2866=VERTEX_POINT('',#6991);
#2867=VERTEX_POINT('',#6994);
#2868=VERTEX_POINT('',#6997);
#2869=VERTEX_POINT('',#7000);
#2870=VERTEX_POINT('',#7003);
#2871=VERTEX_POINT('',#7006);
#2872=VERTEX_POINT('',#7009);
#2873=VERTEX_POINT('',#7012);
#2874=VERTEX_POINT('',#7015);
#2875=VERTEX_POINT('',#7018);
#2876=VERTEX_POINT('',#7021);
#2877=VERTEX_POINT('',#7024);
#2878=VERTEX_POINT('',#7027);
#2879=VERTEX_POINT('',#7030);
#2880=VERTEX_POINT('',#7033);
#2881=VERTEX_POINT('',#7036);
#2882=VERTEX_POINT('',#7039);
#2883=VERTEX_POINT('',#7042);
#2884=VERTEX_POINT('',#7045);
#2885=VERTEX_POINT('',#7047);
#2886=VERTEX_POINT('',#7050);
#2887=VERTEX_POINT('',#7052);
#2888=VERTEX_POINT('',#7055);
#2889=VERTEX_POINT('',#7057);
#2890=VERTEX_POINT('',#7060);
#2891=VERTEX_POINT('',#7062);
#2892=VERTEX_POINT('',#7065);
#2893=VERTEX_POINT('',#7067);
#2894=VERTEX_POINT('',#7070);
#2895=VERTEX_POINT('',#7072);
#2896=VERTEX_POINT('',#7075);
#2897=VERTEX_POINT('',#7077);
#2898=VERTEX_POINT('',#7080);
#2899=VERTEX_POINT('',#7082);
#2900=VERTEX_POINT('',#7085);
#2901=VERTEX_POINT('',#7087);
#2902=VERTEX_POINT('',#7090);
#2903=VERTEX_POINT('',#7092);
#2904=VERTEX_POINT('',#7098);
#2905=VERTEX_POINT('',#7101);
#2906=VERTEX_POINT('',#7104);
#2907=VERTEX_POINT('',#7106);
#2908=VERTEX_POINT('',#7109);
#2909=VERTEX_POINT('',#7112);
#2910=VERTEX_POINT('',#7115);
#2911=VERTEX_POINT('',#7118);
#2912=VERTEX_POINT('',#7121);
#2913=VERTEX_POINT('',#7124);
#2914=VERTEX_POINT('',#7126);
#2915=VERTEX_POINT('',#7129);
#2916=VERTEX_POINT('',#7131);
#2917=VERTEX_POINT('',#7134);
#2918=VERTEX_POINT('',#7137);
#2919=VERTEX_POINT('',#7140);
#2920=VERTEX_POINT('',#7143);
#2921=VERTEX_POINT('',#7146);
#2922=VERTEX_POINT('',#7149);
#2923=VERTEX_POINT('',#7152);
#2924=VERTEX_POINT('',#7155);
#2925=VERTEX_POINT('',#7159);
#2926=VERTEX_POINT('',#7160);
#2927=VERTEX_POINT('',#7162);
#2928=VERTEX_POINT('',#7164);
#2929=VERTEX_POINT('',#7166);
#2930=VERTEX_POINT('',#7168);
#2931=VERTEX_POINT('',#7170);
#2932=VERTEX_POINT('',#7172);
#2933=VERTEX_POINT('',#7174);
#2934=VERTEX_POINT('',#7176);
#2935=VERTEX_POINT('',#7178);
#2936=VERTEX_POINT('',#7180);
#2937=VERTEX_POINT('',#7182);
#2938=VERTEX_POINT('',#7184);
#2939=VERTEX_POINT('',#7186);
#2940=VERTEX_POINT('',#7188);
#2941=VERTEX_POINT('',#7190);
#2942=VERTEX_POINT('',#7192);
#2943=VERTEX_POINT('',#7194);
#2944=VERTEX_POINT('',#7196);
#2945=VERTEX_POINT('',#7198);
#2946=VERTEX_POINT('',#7200);
#2947=VERTEX_POINT('',#7202);
#2948=VERTEX_POINT('',#7204);
#2949=VERTEX_POINT('',#7206);
#2950=VERTEX_POINT('',#7208);
#2951=VERTEX_POINT('',#7210);
#2952=VERTEX_POINT('',#7212);
#2953=VERTEX_POINT('',#7214);
#2954=VERTEX_POINT('',#7216);
#2955=VERTEX_POINT('',#7218);
#2956=VERTEX_POINT('',#7220);
#2957=VERTEX_POINT('',#7222);
#2958=VERTEX_POINT('',#7224);
#2959=VERTEX_POINT('',#7226);
#2960=VERTEX_POINT('',#7228);
#2961=VERTEX_POINT('',#7232);
#2962=VERTEX_POINT('',#7234);
#2963=VERTEX_POINT('',#7238);
#2964=VERTEX_POINT('',#7242);
#2965=VERTEX_POINT('',#7246);
#2966=VERTEX_POINT('',#7250);
#2967=VERTEX_POINT('',#7254);
#2968=VERTEX_POINT('',#7258);
#2969=VERTEX_POINT('',#7262);
#2970=VERTEX_POINT('',#7266);
#2971=VERTEX_POINT('',#7270);
#2972=VERTEX_POINT('',#7274);
#2973=VERTEX_POINT('',#7278);
#2974=VERTEX_POINT('',#7282);
#2975=VERTEX_POINT('',#7286);
#2976=VERTEX_POINT('',#7290);
#2977=VERTEX_POINT('',#7294);
#2978=VERTEX_POINT('',#7298);
#2979=VERTEX_POINT('',#7302);
#2980=VERTEX_POINT('',#7306);
#2981=VERTEX_POINT('',#7310);
#2982=VERTEX_POINT('',#7314);
#2983=VERTEX_POINT('',#7318);
#2984=VERTEX_POINT('',#7322);
#2985=VERTEX_POINT('',#7326);
#2986=VERTEX_POINT('',#7330);
#2987=VERTEX_POINT('',#7334);
#2988=VERTEX_POINT('',#7338);
#2989=VERTEX_POINT('',#7342);
#2990=VERTEX_POINT('',#7346);
#2991=VERTEX_POINT('',#7350);
#2992=VERTEX_POINT('',#7354);
#2993=VERTEX_POINT('',#7358);
#2994=VERTEX_POINT('',#7362);
#2995=VERTEX_POINT('',#7366);
#2996=VERTEX_POINT('',#7370);
#2997=VERTEX_POINT('',#7374);
#2998=VERTEX_POINT('',#7376);
#2999=VERTEX_POINT('',#7380);
#3000=VERTEX_POINT('',#7384);
#3001=VERTEX_POINT('',#7388);
#3002=VERTEX_POINT('',#7390);
#3003=VERTEX_POINT('',#7394);
#3004=VERTEX_POINT('',#7398);
#3005=VERTEX_POINT('',#7402);
#3006=VERTEX_POINT('',#7404);
#3007=VERTEX_POINT('',#7408);
#3008=VERTEX_POINT('',#7412);
#3009=VERTEX_POINT('',#7416);
#3010=VERTEX_POINT('',#7420);
#3011=VERTEX_POINT('',#7424);
#3012=VERTEX_POINT('',#7428);
#3013=VERTEX_POINT('',#7432);
#3014=VERTEX_POINT('',#7436);
#3015=VERTEX_POINT('',#7440);
#3016=VERTEX_POINT('',#7444);
#3017=VERTEX_POINT('',#7448);
#3018=VERTEX_POINT('',#7452);
#3019=VERTEX_POINT('',#7456);
#3020=VERTEX_POINT('',#7458);
#3021=VERTEX_POINT('',#7462);
#3022=VERTEX_POINT('',#7466);
#3023=VERTEX_POINT('',#7470);
#3024=VERTEX_POINT('',#7472);
#3025=VERTEX_POINT('',#7476);
#3026=VERTEX_POINT('',#7480);
#3027=VERTEX_POINT('',#7484);
#3028=VERTEX_POINT('',#7486);
#3029=VERTEX_POINT('',#7490);
#3030=VERTEX_POINT('',#7494);
#3031=VERTEX_POINT('',#7498);
#3032=VERTEX_POINT('',#7500);
#3033=VERTEX_POINT('',#7504);
#3034=VERTEX_POINT('',#7508);
#3035=VERTEX_POINT('',#7512);
#3036=VERTEX_POINT('',#7514);
#3037=VERTEX_POINT('',#7518);
#3038=VERTEX_POINT('',#7522);
#3039=VERTEX_POINT('',#7526);
#3040=VERTEX_POINT('',#7530);
#3041=VERTEX_POINT('',#7534);
#3042=VERTEX_POINT('',#7538);
#3043=VERTEX_POINT('',#7540);
#3044=VERTEX_POINT('',#7544);
#3045=VERTEX_POINT('',#7548);
#3046=VERTEX_POINT('',#7552);
#3047=VERTEX_POINT('',#7554);
#3048=VERTEX_POINT('',#7558);
#3049=VERTEX_POINT('',#7564);
#3050=VERTEX_POINT('',#7568);
#3051=VERTEX_POINT('',#7572);
#3052=VERTEX_POINT('',#7576);
#3053=VERTEX_POINT('',#7580);
#3054=VERTEX_POINT('',#7584);
#3055=VERTEX_POINT('',#7588);
#3056=VERTEX_POINT('',#7592);
#3057=VERTEX_POINT('',#7596);
#3058=VERTEX_POINT('',#7600);
#3059=VERTEX_POINT('',#7604);
#3060=VERTEX_POINT('',#7608);
#3061=VERTEX_POINT('',#7612);
#3062=VERTEX_POINT('',#7616);
#3063=VERTEX_POINT('',#7620);
#3064=VERTEX_POINT('',#7624);
#3065=VERTEX_POINT('',#7628);
#3066=VERTEX_POINT('',#7632);
#3067=VERTEX_POINT('',#7636);
#3068=VERTEX_POINT('',#7640);
#3069=VERTEX_POINT('',#7644);
#3070=VERTEX_POINT('',#7648);
#3071=VERTEX_POINT('',#7652);
#3072=VERTEX_POINT('',#7656);
#3073=VERTEX_POINT('',#7660);
#3074=VERTEX_POINT('',#7664);
#3075=VERTEX_POINT('',#7668);
#3076=VERTEX_POINT('',#7672);
#3077=VERTEX_POINT('',#7676);
#3078=VERTEX_POINT('',#7680);
#3079=VERTEX_POINT('',#7684);
#3080=VERTEX_POINT('',#7686);
#3081=VERTEX_POINT('',#7690);
#3082=VERTEX_POINT('',#7694);
#3083=VERTEX_POINT('',#7698);
#3084=VERTEX_POINT('',#7702);
#3085=VERTEX_POINT('',#7706);
#3086=VERTEX_POINT('',#7710);
#3087=VERTEX_POINT('',#7712);
#3088=VERTEX_POINT('',#7716);
#3089=VERTEX_POINT('',#7720);
#3090=VERTEX_POINT('',#7724);
#3091=VERTEX_POINT('',#7728);
#3092=VERTEX_POINT('',#7732);
#3093=VERTEX_POINT('',#7736);
#3094=VERTEX_POINT('',#7740);
#3095=VERTEX_POINT('',#7744);
#3096=VERTEX_POINT('',#7748);
#3097=VERTEX_POINT('',#7750);
#3098=VERTEX_POINT('',#7754);
#3099=VERTEX_POINT('',#7758);
#3100=VERTEX_POINT('',#7762);
#3101=VERTEX_POINT('',#7764);
#3102=VERTEX_POINT('',#7768);
#3103=VERTEX_POINT('',#7772);
#3104=VERTEX_POINT('',#7790);
#3105=VERTEX_POINT('',#7793);
#3106=VERTEX_POINT('',#7796);
#3107=VERTEX_POINT('',#7799);
#3108=VERTEX_POINT('',#7802);
#3109=VERTEX_POINT('',#7805);
#3110=VERTEX_POINT('',#7808);
#3111=CIRCLE('',#4644,0.0166602540378443);
#3112=CIRCLE('',#4645,0.0166602540378443);
#3113=CIRCLE('',#4646,0.0166602540378443);
#3114=CIRCLE('',#4648,0.00112);
#3115=CIRCLE('',#4649,0.00112);
#3116=CIRCLE('',#4650,0.00055);
#3117=CIRCLE('',#4651,0.00055);
#3118=CIRCLE('',#4653,0.00112);
#3119=CIRCLE('',#4654,0.00112);
#3120=CIRCLE('',#4655,0.00055);
#3121=CIRCLE('',#4656,0.00055);
#3122=CIRCLE('',#4658,0.000485000000000156);
#3123=CIRCLE('',#4659,0.00109999999999997);
#3124=CIRCLE('',#4660,0.00111999999999925);
#3125=CIRCLE('',#4661,0.00111999999999925);
#3126=CIRCLE('',#4662,0.000485000000000459);
#3127=CIRCLE('',#4663,0.00112);
#3128=CIRCLE('',#4664,0.00055);
#3129=CIRCLE('',#4665,0.00055);
#3130=CIRCLE('',#4667,0.00112);
#3131=CIRCLE('',#4668,0.00112);
#3132=CIRCLE('',#4669,0.00055);
#3133=CIRCLE('',#4670,0.00055);
#3134=CIRCLE('',#4672,0.00112);
#3135=CIRCLE('',#4673,0.00112);
#3136=CIRCLE('',#4674,0.00055);
#3137=CIRCLE('',#4675,0.00055);
#3138=CIRCLE('',#4677,0.00112000000000002);
#3139=CIRCLE('',#4678,0.00112000000000002);
#3140=CIRCLE('',#4679,0.00055);
#3141=CIRCLE('',#4680,0.00055);
#3142=CIRCLE('',#4682,0.00055);
#3143=CIRCLE('',#4683,0.00112);
#3144=CIRCLE('',#4685,0.00055);
#3145=CIRCLE('',#4686,0.00112);
#3146=CIRCLE('',#4688,0.00055);
#3147=CIRCLE('',#4689,0.00112);
#3148=CIRCLE('',#4691,0.00055);
#3149=CIRCLE('',#4692,0.00112);
#3150=CIRCLE('',#4694,0.00055);
#3151=CIRCLE('',#4695,0.00112);
#3152=CIRCLE('',#4697,0.00055);
#3153=CIRCLE('',#4698,0.00112);
#3154=CIRCLE('',#4700,0.00055);
#3155=CIRCLE('',#4701,0.00112);
#3156=CIRCLE('',#4703,0.00055);
#3157=CIRCLE('',#4704,0.00055);
#3158=CIRCLE('',#4705,0.00112000000000002);
#3159=CIRCLE('',#4706,0.00112000000000002);
#3160=CIRCLE('',#4707,0.00112000000000002);
#3161=CIRCLE('',#4709,0.00112000000000002);
#3162=CIRCLE('',#4710,0.00112000000000002);
#3163=CIRCLE('',#4711,0.00055);
#3164=CIRCLE('',#4712,0.00055);
#3165=CIRCLE('',#4714,0.00055);
#3166=CIRCLE('',#4715,0.00055);
#3167=CIRCLE('',#4716,0.00055);
#3168=CIRCLE('',#4717,0.00075);
#3169=CIRCLE('',#4718,0.00055);
#3170=CIRCLE('',#4719,0.00055);
#3171=CIRCLE('',#4720,0.00055);
#3172=CIRCLE('',#4721,0.00112000000000464);
#3173=CIRCLE('',#4722,0.00111999999999926);
#3174=CIRCLE('',#4723,0.00111999999999925);
#3175=CIRCLE('',#4724,0.00225);
#3176=CIRCLE('',#4725,0.00111999999999926);
#3177=CIRCLE('',#4726,0.00111999999999925);
#3178=CIRCLE('',#4727,0.00225000000000003);
#3179=CIRCLE('',#4728,0.0011199999999992);
#3180=CIRCLE('',#4729,0.00225);
#3181=CIRCLE('',#4730,0.00111999999999925);
#3182=CIRCLE('',#4731,0.00112);
#3183=CIRCLE('',#4732,0.00224999999999996);
#3184=CIRCLE('',#4733,0.00112);
#3185=CIRCLE('',#4734,0.00112000000000047);
#3186=CIRCLE('',#4735,0.0206602540378443);
#3187=CIRCLE('',#4737,0.00055);
#3188=CIRCLE('',#4738,0.00055);
#3189=CIRCLE('',#4739,0.00055);
#3190=CIRCLE('',#4740,0.00112);
#3191=CIRCLE('',#4741,0.00112000000000001);
#3192=CIRCLE('',#4742,0.00112);
#3193=CIRCLE('',#4744,0.00055);
#3194=CIRCLE('',#4745,0.00055);
#3195=CIRCLE('',#4746,0.00112);
#3196=CIRCLE('',#4747,0.00112);
#3197=CIRCLE('',#4748,0.00112);
#3198=CIRCLE('',#4749,0.00112);
#3199=CIRCLE('',#4751,0.00112);
#3200=CIRCLE('',#4752,0.00112);
#3201=CIRCLE('',#4753,0.00055);
#3202=CIRCLE('',#4754,0.00055);
#3203=CIRCLE('',#4756,0.001);
#3204=CIRCLE('',#4757,0.001);
#3205=CIRCLE('',#4758,0.00055);
#3206=CIRCLE('',#4759,0.00055);
#3207=CIRCLE('',#4761,0.00112);
#3208=CIRCLE('',#4762,0.00112);
#3209=CIRCLE('',#4763,0.00055);
#3210=CIRCLE('',#4764,0.00055);
#3211=CIRCLE('',#4766,0.0206602540378443);
#3212=CIRCLE('',#4769,0.02);
#3213=CIRCLE('',#4770,0.02);
#3214=CIRCLE('',#4773,0.0035);
#3215=CIRCLE('',#4774,0.0035);
#3216=CIRCLE('',#4779,0.0035);
#3217=CIRCLE('',#4780,0.0035);
#3218=CIRCLE('',#4783,0.02);
#3219=CIRCLE('',#4784,0.02);
#3220=CIRCLE('',#4787,0.0206602540378444);
#3221=CIRCLE('',#4788,0.0206602540378444);
#3222=CIRCLE('',#4790,0.0166602540378444);
#3223=CIRCLE('',#4791,0.0166602540378444);
#3224=CIRCLE('',#4794,0.011);
#3225=CIRCLE('',#4795,0.011);
#3226=CIRCLE('',#4797,0.00055);
#3227=CIRCLE('',#4799,0.00055);
#3228=CIRCLE('',#4801,0.00055);
#3229=CIRCLE('',#4803,0.00055);
#3230=CIRCLE('',#4805,0.00075);
#3231=CIRCLE('',#4807,0.00055);
#3232=CIRCLE('',#4809,0.00055);
#3233=CIRCLE('',#4811,0.00055);
#3234=CIRCLE('',#4813,0.00055);
#3235=CIRCLE('',#4815,0.00055);
#3236=CIRCLE('',#4817,0.00055);
#3237=CIRCLE('',#4819,0.00055);
#3238=CIRCLE('',#4821,0.00055);
#3239=CIRCLE('',#4823,0.00055);
#3240=CIRCLE('',#4825,0.00055);
#3241=CIRCLE('',#4827,0.00055);
#3242=CIRCLE('',#4829,0.00055);
#3243=CIRCLE('',#4831,0.00055);
#3244=CIRCLE('',#4833,0.00055);
#3245=CIRCLE('',#4835,0.00055);
#3246=CIRCLE('',#4837,0.00055);
#3247=CIRCLE('',#4839,0.00055);
#3248=CIRCLE('',#4841,0.00055);
#3249=CIRCLE('',#4843,0.00055);
#3250=CIRCLE('',#4845,0.00055);
#3251=CIRCLE('',#4847,0.00055);
#3252=CIRCLE('',#4849,0.00055);
#3253=CIRCLE('',#4850,0.00055);
#3254=CIRCLE('',#4852,0.00055);
#3255=CIRCLE('',#4853,0.00055);
#3256=CIRCLE('',#4855,0.00075);
#3257=CIRCLE('',#4856,0.00075);
#3258=CIRCLE('',#4858,0.00055);
#3259=CIRCLE('',#4859,0.00055);
#3260=CIRCLE('',#4861,0.00055);
#3261=CIRCLE('',#4862,0.00055);
#3262=CIRCLE('',#4864,0.00055);
#3263=CIRCLE('',#4865,0.00055);
#3264=CIRCLE('',#4867,0.00055);
#3265=CIRCLE('',#4868,0.00055);
#3266=CIRCLE('',#4870,0.00165);
#3267=CIRCLE('',#4871,0.00165);
#3268=CIRCLE('',#4873,0.00165);
#3269=CIRCLE('',#4874,0.00165);
#3270=CIRCLE('',#4876,0.00165);
#3271=CIRCLE('',#4877,0.00165);
#3272=CIRCLE('',#4880,0.00055);
#3273=CIRCLE('',#4882,0.00055);
#3274=CIRCLE('',#4884,0.00055);
#3275=CIRCLE('',#4885,0.00055);
#3276=CIRCLE('',#4887,0.00055);
#3277=CIRCLE('',#4889,0.00055);
#3278=CIRCLE('',#4891,0.00055);
#3279=CIRCLE('',#4893,0.00055);
#3280=CIRCLE('',#4895,0.00055);
#3281=CIRCLE('',#4897,0.00055);
#3282=CIRCLE('',#4898,0.00055);
#3283=CIRCLE('',#4900,0.00055);
#3284=CIRCLE('',#4901,0.00055);
#3285=CIRCLE('',#4903,0.00055);
#3286=CIRCLE('',#4905,0.00055);
#3287=CIRCLE('',#4907,0.00055);
#3288=CIRCLE('',#4909,0.00055);
#3289=CIRCLE('',#4911,0.00055);
#3290=CIRCLE('',#4913,0.00055);
#3291=CIRCLE('',#4915,0.00055);
#3292=CIRCLE('',#4917,0.00055);
#3293=CIRCLE('',#4920,0.00112);
#3294=CIRCLE('',#4921,0.00112);
#3295=CIRCLE('',#4922,0.00112);
#3296=CIRCLE('',#4923,0.001);
#3297=CIRCLE('',#4924,0.00225);
#3298=CIRCLE('',#4925,0.00112);
#3299=CIRCLE('',#4926,0.00112000000000002);
#3300=CIRCLE('',#4927,0.00112000000000002);
#3301=CIRCLE('',#4928,0.00112000000000002);
#3302=CIRCLE('',#4929,0.00112000000000002);
#3303=CIRCLE('',#4930,0.00112000000000003);
#3304=CIRCLE('',#4931,0.00225);
#3305=CIRCLE('',#4935,0.00112);
#3306=CIRCLE('',#4939,0.00112);
#3307=CIRCLE('',#4944,0.00112);
#3308=CIRCLE('',#4947,0.001);
#3309=CIRCLE('',#4949,0.00225);
#3310=CIRCLE('',#4953,0.00112);
#3311=CIRCLE('',#4959,0.00112000000000002);
#3312=CIRCLE('',#4962,0.00112000000000002);
#3313=CIRCLE('',#4966,0.00112000000000002);
#3314=CIRCLE('',#4972,0.00112000000000002);
#3315=CIRCLE('',#4975,0.00112000000000003);
#3316=CIRCLE('',#4979,0.00112);
#3317=CIRCLE('',#4982,0.00112);
#3318=CIRCLE('',#4984,0.00112);
#3319=CIRCLE('',#4987,0.00112);
#3320=CIRCLE('',#4990,0.000485000000000156);
#3321=CIRCLE('',#4993,0.00109999999999997);
#3322=CIRCLE('',#4996,0.00111999999999925);
#3323=CIRCLE('',#4999,0.00111999999999925);
#3324=CIRCLE('',#5003,0.000485000000000459);
#3325=CIRCLE('',#5007,0.00112);
#3326=CIRCLE('',#5010,0.00112);
#3327=CIRCLE('',#5012,0.00112);
#3328=CIRCLE('',#5015,0.00112);
#3329=CIRCLE('',#5017,0.00112000000000002);
#3330=CIRCLE('',#5020,0.00112000000000002);
#3331=CIRCLE('',#5022,0.00112000000000002);
#3332=CIRCLE('',#5025,0.00112000000000002);
#3333=CIRCLE('',#5028,0.00112000000000002);
#3334=CIRCLE('',#5031,0.00112000000000002);
#3335=CIRCLE('',#5034,0.00112000000000002);
#3336=CIRCLE('',#5036,0.00112);
#3337=CIRCLE('',#5039,0.00112);
#3338=CIRCLE('',#5042,0.00112000000000047);
#3339=CIRCLE('',#5045,0.00112000000000464);
#3340=CIRCLE('',#5048,0.00111999999999926);
#3341=CIRCLE('',#5051,0.00111999999999925);
#3342=CIRCLE('',#5054,0.00225);
#3343=CIRCLE('',#5057,0.00111999999999926);
#3344=CIRCLE('',#5060,0.00111999999999925);
#3345=CIRCLE('',#5064,0.00225000000000003);
#3346=CIRCLE('',#5067,0.0011199999999992);
#3347=CIRCLE('',#5070,0.00225);
#3348=CIRCLE('',#5074,0.00111999999999925);
#3349=CIRCLE('',#5077,0.00112);
#3350=CIRCLE('',#5080,0.00224999999999996);
#3351=CIRCLE('',#5088,0.00112000000000001);
#3352=CIRCLE('',#5091,0.00112);
#3353=CIRCLE('',#5096,0.00112);
#3354=CIRCLE('',#5099,0.00112);
#3355=CIRCLE('',#5103,0.00112);
#3356=CIRCLE('',#5106,0.00112);
#3357=CIRCLE('',#5108,0.001);
#3358=CIRCLE('',#5111,0.001);
#3359=CIRCLE('',#5113,0.00112);
#3360=CIRCLE('',#5116,0.00112);
#3361=CIRCLE('',#5120,0.00112);
#3362=CIRCLE('',#5126,0.00112);
#3363=CIRCLE('',#5128,0.00112);
#3364=CIRCLE('',#5130,0.00112);
#3365=CIRCLE('',#5132,0.00112);
#3366=CIRCLE('',#5134,0.00112);
#3367=CIRCLE('',#5136,0.00112);
#3368=CIRCLE('',#5138,0.00112);
#3369=CIRCLE('',#5142,0.00112);
#3370=CIRCLE('',#5144,0.00112);
#3371=CIRCLE('',#5149,0.00225);
#3372=EDGE_LOOP('',(#830,#831,#832,#833,#834,#835));
#3373=EDGE_LOOP('',(#836,#837,#838,#839));
#3374=EDGE_LOOP('',(#840));
#3375=EDGE_LOOP('',(#841));
#3376=EDGE_LOOP('',(#842,#843,#844,#845));
#3377=EDGE_LOOP('',(#846));
#3378=EDGE_LOOP('',(#847));
#3379=EDGE_LOOP('',(#848,#849,#850,#851,#852,#853,#854,#855,#856,#857,#858,
#859,#860,#861));
#3380=EDGE_LOOP('',(#862));
#3381=EDGE_LOOP('',(#863));
#3382=EDGE_LOOP('',(#864,#865,#866,#867));
#3383=EDGE_LOOP('',(#868));
#3384=EDGE_LOOP('',(#869));
#3385=EDGE_LOOP('',(#870,#871,#872,#873));
#3386=EDGE_LOOP('',(#874));
#3387=EDGE_LOOP('',(#875));
#3388=EDGE_LOOP('',(#876,#877,#878,#879));
#3389=EDGE_LOOP('',(#880));
#3390=EDGE_LOOP('',(#881));
#3391=EDGE_LOOP('',(#882));
#3392=EDGE_LOOP('',(#883));
#3393=EDGE_LOOP('',(#884));
#3394=EDGE_LOOP('',(#885));
#3395=EDGE_LOOP('',(#886));
#3396=EDGE_LOOP('',(#887));
#3397=EDGE_LOOP('',(#888));
#3398=EDGE_LOOP('',(#889));
#3399=EDGE_LOOP('',(#890));
#3400=EDGE_LOOP('',(#891));
#3401=EDGE_LOOP('',(#892));
#3402=EDGE_LOOP('',(#893));
#3403=EDGE_LOOP('',(#894));
#3404=EDGE_LOOP('',(#895));
#3405=EDGE_LOOP('',(#896));
#3406=EDGE_LOOP('',(#897));
#3407=EDGE_LOOP('',(#898,#899,#900,#901,#902,#903,#904));
#3408=EDGE_LOOP('',(#905,#906,#907,#908));
#3409=EDGE_LOOP('',(#909));
#3410=EDGE_LOOP('',(#910));
#3411=EDGE_LOOP('',(#911));
#3412=EDGE_LOOP('',(#912));
#3413=EDGE_LOOP('',(#913));
#3414=EDGE_LOOP('',(#914));
#3415=EDGE_LOOP('',(#915));
#3416=EDGE_LOOP('',(#916));
#3417=EDGE_LOOP('',(#917));
#3418=EDGE_LOOP('',(#918,#919,#920,#921,#922,#923,#924,#925,#926,#927,#928,
#929,#930,#931,#932,#933,#934,#935,#936,#937,#938,#939,#940,#941,#942,#943,
#944,#945,#946,#947,#948,#949,#950,#951,#952,#953,#954));
#3419=EDGE_LOOP('',(#955));
#3420=EDGE_LOOP('',(#956));
#3421=EDGE_LOOP('',(#957));
#3422=EDGE_LOOP('',(#958,#959,#960,#961,#962,#963,#964));
#3423=EDGE_LOOP('',(#965));
#3424=EDGE_LOOP('',(#966));
#3425=EDGE_LOOP('',(#967,#968,#969,#970,#971,#972,#973,#974,#975,#976));
#3426=EDGE_LOOP('',(#977,#978,#979,#980));
#3427=EDGE_LOOP('',(#981));
#3428=EDGE_LOOP('',(#982));
#3429=EDGE_LOOP('',(#983,#984,#985,#986));
#3430=EDGE_LOOP('',(#987));
#3431=EDGE_LOOP('',(#988));
#3432=EDGE_LOOP('',(#989,#990,#991,#992));
#3433=EDGE_LOOP('',(#993));
#3434=EDGE_LOOP('',(#994));
#3435=EDGE_LOOP('',(#995,#996,#997,#998));
#3436=EDGE_LOOP('',(#999,#1000,#1001,#1002,#1003,#1004));
#3437=EDGE_LOOP('',(#1005,#1006,#1007,#1008));
#3438=EDGE_LOOP('',(#1009,#1010,#1011,#1012));
#3439=EDGE_LOOP('',(#1013,#1014,#1015,#1016));
#3440=EDGE_LOOP('',(#1017,#1018,#1019,#1020));
#3441=EDGE_LOOP('',(#1021,#1022,#1023,#1024));
#3442=EDGE_LOOP('',(#1025,#1026,#1027,#1028));
#3443=EDGE_LOOP('',(#1029,#1030,#1031,#1032));
#3444=EDGE_LOOP('',(#1033,#1034,#1035,#1036));
#3445=EDGE_LOOP('',(#1037,#1038,#1039,#1040));
#3446=EDGE_LOOP('',(#1041,#1042,#1043,#1044));
#3447=EDGE_LOOP('',(#1045,#1046,#1047,#1048));
#3448=EDGE_LOOP('',(#1049,#1050,#1051,#1052));
#3449=EDGE_LOOP('',(#1053,#1054,#1055,#1056));
#3450=EDGE_LOOP('',(#1057,#1058,#1059,#1060));
#3451=EDGE_LOOP('',(#1061));
#3452=EDGE_LOOP('',(#1062));
#3453=EDGE_LOOP('',(#1063));
#3454=EDGE_LOOP('',(#1064));
#3455=EDGE_LOOP('',(#1065));
#3456=EDGE_LOOP('',(#1066));
#3457=EDGE_LOOP('',(#1067));
#3458=EDGE_LOOP('',(#1068));
#3459=EDGE_LOOP('',(#1069));
#3460=EDGE_LOOP('',(#1070));
#3461=EDGE_LOOP('',(#1071));
#3462=EDGE_LOOP('',(#1072));
#3463=EDGE_LOOP('',(#1073));
#3464=EDGE_LOOP('',(#1074));
#3465=EDGE_LOOP('',(#1075));
#3466=EDGE_LOOP('',(#1076));
#3467=EDGE_LOOP('',(#1077));
#3468=EDGE_LOOP('',(#1078));
#3469=EDGE_LOOP('',(#1079));
#3470=EDGE_LOOP('',(#1080));
#3471=EDGE_LOOP('',(#1081));
#3472=EDGE_LOOP('',(#1082));
#3473=EDGE_LOOP('',(#1083));
#3474=EDGE_LOOP('',(#1084));
#3475=EDGE_LOOP('',(#1085));
#3476=EDGE_LOOP('',(#1086));
#3477=EDGE_LOOP('',(#1087));
#3478=EDGE_LOOP('',(#1088));
#3479=EDGE_LOOP('',(#1089));
#3480=EDGE_LOOP('',(#1090));
#3481=EDGE_LOOP('',(#1091));
#3482=EDGE_LOOP('',(#1092));
#3483=EDGE_LOOP('',(#1093));
#3484=EDGE_LOOP('',(#1094));
#3485=EDGE_LOOP('',(#1095));
#3486=EDGE_LOOP('',(#1096));
#3487=EDGE_LOOP('',(#1097));
#3488=EDGE_LOOP('',(#1098));
#3489=EDGE_LOOP('',(#1099));
#3490=EDGE_LOOP('',(#1100));
#3491=EDGE_LOOP('',(#1101));
#3492=EDGE_LOOP('',(#1102));
#3493=EDGE_LOOP('',(#1103));
#3494=EDGE_LOOP('',(#1104));
#3495=EDGE_LOOP('',(#1105));
#3496=EDGE_LOOP('',(#1106));
#3497=EDGE_LOOP('',(#1107));
#3498=EDGE_LOOP('',(#1108));
#3499=EDGE_LOOP('',(#1109));
#3500=EDGE_LOOP('',(#1110));
#3501=EDGE_LOOP('',(#1111));
#3502=EDGE_LOOP('',(#1112));
#3503=EDGE_LOOP('',(#1113));
#3504=EDGE_LOOP('',(#1114));
#3505=EDGE_LOOP('',(#1115));
#3506=EDGE_LOOP('',(#1116));
#3507=EDGE_LOOP('',(#1117));
#3508=EDGE_LOOP('',(#1118));
#3509=EDGE_LOOP('',(#1119));
#3510=EDGE_LOOP('',(#1120));
#3511=EDGE_LOOP('',(#1121));
#3512=EDGE_LOOP('',(#1122));
#3513=EDGE_LOOP('',(#1123));
#3514=EDGE_LOOP('',(#1124));
#3515=EDGE_LOOP('',(#1125));
#3516=EDGE_LOOP('',(#1126));
#3517=EDGE_LOOP('',(#1127));
#3518=EDGE_LOOP('',(#1128));
#3519=EDGE_LOOP('',(#1129));
#3520=EDGE_LOOP('',(#1130));
#3521=EDGE_LOOP('',(#1131));
#3522=EDGE_LOOP('',(#1132));
#3523=EDGE_LOOP('',(#1133,#1134,#1135,#1136));
#3524=EDGE_LOOP('',(#1137));
#3525=EDGE_LOOP('',(#1138));
#3526=EDGE_LOOP('',(#1139));
#3527=EDGE_LOOP('',(#1140));
#3528=EDGE_LOOP('',(#1141));
#3529=EDGE_LOOP('',(#1142));
#3530=EDGE_LOOP('',(#1143));
#3531=EDGE_LOOP('',(#1144));
#3532=EDGE_LOOP('',(#1145));
#3533=EDGE_LOOP('',(#1146));
#3534=EDGE_LOOP('',(#1147));
#3535=EDGE_LOOP('',(#1148));
#3536=EDGE_LOOP('',(#1149));
#3537=EDGE_LOOP('',(#1150));
#3538=EDGE_LOOP('',(#1151));
#3539=EDGE_LOOP('',(#1152));
#3540=EDGE_LOOP('',(#1153));
#3541=EDGE_LOOP('',(#1154));
#3542=EDGE_LOOP('',(#1155));
#3543=EDGE_LOOP('',(#1156));
#3544=EDGE_LOOP('',(#1157));
#3545=EDGE_LOOP('',(#1158));
#3546=EDGE_LOOP('',(#1159));
#3547=EDGE_LOOP('',(#1160));
#3548=EDGE_LOOP('',(#1161));
#3549=EDGE_LOOP('',(#1162));
#3550=EDGE_LOOP('',(#1163));
#3551=EDGE_LOOP('',(#1164));
#3552=EDGE_LOOP('',(#1165));
#3553=EDGE_LOOP('',(#1166));
#3554=EDGE_LOOP('',(#1167));
#3555=EDGE_LOOP('',(#1168));
#3556=EDGE_LOOP('',(#1169));
#3557=EDGE_LOOP('',(#1170));
#3558=EDGE_LOOP('',(#1171));
#3559=EDGE_LOOP('',(#1172));
#3560=EDGE_LOOP('',(#1173));
#3561=EDGE_LOOP('',(#1174));
#3562=EDGE_LOOP('',(#1175));
#3563=EDGE_LOOP('',(#1176));
#3564=EDGE_LOOP('',(#1177));
#3565=EDGE_LOOP('',(#1178));
#3566=EDGE_LOOP('',(#1179));
#3567=EDGE_LOOP('',(#1180));
#3568=EDGE_LOOP('',(#1181));
#3569=EDGE_LOOP('',(#1182));
#3570=EDGE_LOOP('',(#1183));
#3571=EDGE_LOOP('',(#1184));
#3572=EDGE_LOOP('',(#1185));
#3573=EDGE_LOOP('',(#1186));
#3574=EDGE_LOOP('',(#1187));
#3575=EDGE_LOOP('',(#1188));
#3576=EDGE_LOOP('',(#1189));
#3577=EDGE_LOOP('',(#1190,#1191,#1192,#1193,#1194,#1195,#1196,#1197,#1198,
#1199,#1200,#1201,#1202,#1203,#1204,#1205,#1206,#1207));
#3578=EDGE_LOOP('',(#1208));
#3579=EDGE_LOOP('',(#1209));
#3580=EDGE_LOOP('',(#1210));
#3581=EDGE_LOOP('',(#1211));
#3582=EDGE_LOOP('',(#1212));
#3583=EDGE_LOOP('',(#1213));
#3584=EDGE_LOOP('',(#1214));
#3585=EDGE_LOOP('',(#1215));
#3586=EDGE_LOOP('',(#1216));
#3587=EDGE_LOOP('',(#1217));
#3588=EDGE_LOOP('',(#1218));
#3589=EDGE_LOOP('',(#1219));
#3590=EDGE_LOOP('',(#1220));
#3591=EDGE_LOOP('',(#1221));
#3592=EDGE_LOOP('',(#1222));
#3593=EDGE_LOOP('',(#1223));
#3594=EDGE_LOOP('',(#1224));
#3595=EDGE_LOOP('',(#1225));
#3596=EDGE_LOOP('',(#1226));
#3597=EDGE_LOOP('',(#1227));
#3598=EDGE_LOOP('',(#1228));
#3599=EDGE_LOOP('',(#1229));
#3600=EDGE_LOOP('',(#1230));
#3601=EDGE_LOOP('',(#1231));
#3602=EDGE_LOOP('',(#1232));
#3603=EDGE_LOOP('',(#1233));
#3604=EDGE_LOOP('',(#1234));
#3605=EDGE_LOOP('',(#1235));
#3606=EDGE_LOOP('',(#1236));
#3607=EDGE_LOOP('',(#1237));
#3608=EDGE_LOOP('',(#1238));
#3609=EDGE_LOOP('',(#1239));
#3610=EDGE_LOOP('',(#1240));
#3611=EDGE_LOOP('',(#1241));
#3612=EDGE_LOOP('',(#1242));
#3613=EDGE_LOOP('',(#1243));
#3614=EDGE_LOOP('',(#1244));
#3615=EDGE_LOOP('',(#1245,#1246,#1247,#1248,#1249,#1250,#1251,#1252,#1253,
#1254,#1255,#1256,#1257,#1258,#1259,#1260,#1261,#1262,#1263,#1264,#1265,
#1266,#1267,#1268,#1269,#1270,#1271,#1272,#1273,#1274,#1275,#1276,#1277,
#1278,#1279,#1280));
#3616=EDGE_LOOP('',(#1281));
#3617=EDGE_LOOP('',(#1282));
#3618=EDGE_LOOP('',(#1283));
#3619=EDGE_LOOP('',(#1284));
#3620=EDGE_LOOP('',(#1285));
#3621=EDGE_LOOP('',(#1286));
#3622=EDGE_LOOP('',(#1287));
#3623=EDGE_LOOP('',(#1288));
#3624=EDGE_LOOP('',(#1289,#1290,#1291,#1292));
#3625=EDGE_LOOP('',(#1293,#1294,#1295,#1296));
#3626=EDGE_LOOP('',(#1297,#1298,#1299,#1300));
#3627=EDGE_LOOP('',(#1301,#1302,#1303,#1304));
#3628=EDGE_LOOP('',(#1305,#1306,#1307,#1308));
#3629=EDGE_LOOP('',(#1309,#1310,#1311,#1312));
#3630=EDGE_LOOP('',(#1313,#1314,#1315,#1316));
#3631=EDGE_LOOP('',(#1317,#1318,#1319,#1320));
#3632=EDGE_LOOP('',(#1321,#1322,#1323,#1324));
#3633=EDGE_LOOP('',(#1325,#1326,#1327,#1328));
#3634=EDGE_LOOP('',(#1329,#1330,#1331,#1332));
#3635=EDGE_LOOP('',(#1333,#1334,#1335,#1336));
#3636=EDGE_LOOP('',(#1337,#1338,#1339,#1340));
#3637=EDGE_LOOP('',(#1341,#1342,#1343,#1344));
#3638=EDGE_LOOP('',(#1345,#1346,#1347,#1348));
#3639=EDGE_LOOP('',(#1349,#1350,#1351,#1352));
#3640=EDGE_LOOP('',(#1353,#1354,#1355,#1356));
#3641=EDGE_LOOP('',(#1357,#1358,#1359,#1360));
#3642=EDGE_LOOP('',(#1361,#1362,#1363,#1364));
#3643=EDGE_LOOP('',(#1365,#1366,#1367,#1368));
#3644=EDGE_LOOP('',(#1369,#1370,#1371,#1372));
#3645=EDGE_LOOP('',(#1373,#1374,#1375,#1376));
#3646=EDGE_LOOP('',(#1377,#1378,#1379,#1380));
#3647=EDGE_LOOP('',(#1381,#1382,#1383,#1384));
#3648=EDGE_LOOP('',(#1385,#1386,#1387,#1388));
#3649=EDGE_LOOP('',(#1389,#1390,#1391,#1392));
#3650=EDGE_LOOP('',(#1393,#1394,#1395,#1396));
#3651=EDGE_LOOP('',(#1397,#1398,#1399,#1400));
#3652=EDGE_LOOP('',(#1401,#1402,#1403,#1404));
#3653=EDGE_LOOP('',(#1405,#1406,#1407,#1408));
#3654=EDGE_LOOP('',(#1409,#1410,#1411,#1412));
#3655=EDGE_LOOP('',(#1413,#1414,#1415,#1416));
#3656=EDGE_LOOP('',(#1417,#1418,#1419,#1420));
#3657=EDGE_LOOP('',(#1421,#1422,#1423,#1424));
#3658=EDGE_LOOP('',(#1425,#1426,#1427,#1428));
#3659=EDGE_LOOP('',(#1429,#1430,#1431,#1432));
#3660=EDGE_LOOP('',(#1433,#1434,#1435,#1436));
#3661=EDGE_LOOP('',(#1437,#1438,#1439,#1440));
#3662=EDGE_LOOP('',(#1441,#1442,#1443,#1444));
#3663=EDGE_LOOP('',(#1445,#1446,#1447,#1448));
#3664=EDGE_LOOP('',(#1449,#1450,#1451,#1452));
#3665=EDGE_LOOP('',(#1453,#1454,#1455,#1456));
#3666=EDGE_LOOP('',(#1457,#1458,#1459,#1460));
#3667=EDGE_LOOP('',(#1461,#1462,#1463,#1464));
#3668=EDGE_LOOP('',(#1465,#1466,#1467,#1468));
#3669=EDGE_LOOP('',(#1469,#1470,#1471,#1472));
#3670=EDGE_LOOP('',(#1473,#1474,#1475,#1476));
#3671=EDGE_LOOP('',(#1477,#1478,#1479,#1480));
#3672=EDGE_LOOP('',(#1481,#1482,#1483,#1484));
#3673=EDGE_LOOP('',(#1485,#1486,#1487,#1488));
#3674=EDGE_LOOP('',(#1489,#1490,#1491,#1492));
#3675=EDGE_LOOP('',(#1493,#1494,#1495,#1496));
#3676=EDGE_LOOP('',(#1497,#1498,#1499,#1500));
#3677=EDGE_LOOP('',(#1501,#1502,#1503,#1504));
#3678=EDGE_LOOP('',(#1505,#1506,#1507,#1508));
#3679=EDGE_LOOP('',(#1509,#1510,#1511,#1512));
#3680=EDGE_LOOP('',(#1513,#1514,#1515,#1516));
#3681=EDGE_LOOP('',(#1517,#1518,#1519,#1520));
#3682=EDGE_LOOP('',(#1521,#1522,#1523,#1524));
#3683=EDGE_LOOP('',(#1525,#1526,#1527,#1528));
#3684=EDGE_LOOP('',(#1529,#1530,#1531,#1532));
#3685=EDGE_LOOP('',(#1533,#1534,#1535,#1536));
#3686=EDGE_LOOP('',(#1537,#1538,#1539,#1540));
#3687=EDGE_LOOP('',(#1541,#1542,#1543,#1544));
#3688=EDGE_LOOP('',(#1545,#1546,#1547,#1548));
#3689=EDGE_LOOP('',(#1549,#1550,#1551,#1552));
#3690=EDGE_LOOP('',(#1553,#1554,#1555,#1556));
#3691=EDGE_LOOP('',(#1557,#1558,#1559,#1560));
#3692=EDGE_LOOP('',(#1561,#1562,#1563,#1564));
#3693=EDGE_LOOP('',(#1565,#1566,#1567,#1568));
#3694=EDGE_LOOP('',(#1569,#1570,#1571,#1572));
#3695=EDGE_LOOP('',(#1573,#1574,#1575,#1576));
#3696=EDGE_LOOP('',(#1577,#1578,#1579,#1580));
#3697=EDGE_LOOP('',(#1581,#1582,#1583,#1584));
#3698=EDGE_LOOP('',(#1585,#1586,#1587,#1588));
#3699=EDGE_LOOP('',(#1589,#1590,#1591,#1592));
#3700=EDGE_LOOP('',(#1593,#1594,#1595,#1596));
#3701=EDGE_LOOP('',(#1597,#1598,#1599,#1600));
#3702=EDGE_LOOP('',(#1601,#1602,#1603,#1604));
#3703=EDGE_LOOP('',(#1605,#1606,#1607,#1608));
#3704=EDGE_LOOP('',(#1609,#1610,#1611,#1612));
#3705=EDGE_LOOP('',(#1613,#1614,#1615,#1616));
#3706=EDGE_LOOP('',(#1617,#1618,#1619,#1620));
#3707=EDGE_LOOP('',(#1621,#1622,#1623,#1624));
#3708=EDGE_LOOP('',(#1625,#1626,#1627,#1628));
#3709=EDGE_LOOP('',(#1629,#1630,#1631,#1632));
#3710=EDGE_LOOP('',(#1633,#1634,#1635,#1636));
#3711=EDGE_LOOP('',(#1637,#1638,#1639,#1640));
#3712=EDGE_LOOP('',(#1641,#1642,#1643,#1644));
#3713=EDGE_LOOP('',(#1645,#1646,#1647,#1648));
#3714=EDGE_LOOP('',(#1649,#1650,#1651,#1652));
#3715=EDGE_LOOP('',(#1653,#1654,#1655,#1656));
#3716=EDGE_LOOP('',(#1657,#1658,#1659,#1660));
#3717=EDGE_LOOP('',(#1661,#1662,#1663,#1664));
#3718=EDGE_LOOP('',(#1665,#1666,#1667,#1668));
#3719=EDGE_LOOP('',(#1669,#1670,#1671,#1672));
#3720=EDGE_LOOP('',(#1673,#1674,#1675,#1676));
#3721=EDGE_LOOP('',(#1677,#1678,#1679,#1680));
#3722=EDGE_LOOP('',(#1681,#1682,#1683,#1684));
#3723=EDGE_LOOP('',(#1685,#1686,#1687,#1688));
#3724=EDGE_LOOP('',(#1689,#1690,#1691,#1692));
#3725=EDGE_LOOP('',(#1693,#1694,#1695,#1696));
#3726=EDGE_LOOP('',(#1697,#1698,#1699,#1700));
#3727=EDGE_LOOP('',(#1701,#1702,#1703,#1704));
#3728=EDGE_LOOP('',(#1705,#1706,#1707,#1708));
#3729=EDGE_LOOP('',(#1709,#1710,#1711,#1712));
#3730=EDGE_LOOP('',(#1713,#1714,#1715,#1716));
#3731=EDGE_LOOP('',(#1717,#1718,#1719,#1720));
#3732=EDGE_LOOP('',(#1721,#1722,#1723,#1724));
#3733=EDGE_LOOP('',(#1725,#1726,#1727,#1728));
#3734=EDGE_LOOP('',(#1729,#1730,#1731,#1732));
#3735=EDGE_LOOP('',(#1733,#1734,#1735,#1736));
#3736=EDGE_LOOP('',(#1737,#1738,#1739,#1740));
#3737=EDGE_LOOP('',(#1741,#1742,#1743,#1744));
#3738=EDGE_LOOP('',(#1745,#1746,#1747,#1748));
#3739=EDGE_LOOP('',(#1749,#1750,#1751,#1752));
#3740=EDGE_LOOP('',(#1753,#1754,#1755,#1756));
#3741=EDGE_LOOP('',(#1757,#1758,#1759,#1760));
#3742=EDGE_LOOP('',(#1761,#1762,#1763,#1764));
#3743=EDGE_LOOP('',(#1765,#1766,#1767,#1768));
#3744=EDGE_LOOP('',(#1769,#1770,#1771,#1772));
#3745=EDGE_LOOP('',(#1773,#1774,#1775,#1776));
#3746=EDGE_LOOP('',(#1777,#1778,#1779,#1780));
#3747=EDGE_LOOP('',(#1781,#1782,#1783,#1784));
#3748=EDGE_LOOP('',(#1785,#1786,#1787,#1788));
#3749=EDGE_LOOP('',(#1789,#1790,#1791,#1792));
#3750=EDGE_LOOP('',(#1793,#1794,#1795,#1796));
#3751=EDGE_LOOP('',(#1797,#1798,#1799,#1800));
#3752=EDGE_LOOP('',(#1801,#1802,#1803,#1804));
#3753=EDGE_LOOP('',(#1805,#1806,#1807,#1808));
#3754=EDGE_LOOP('',(#1809,#1810,#1811,#1812));
#3755=EDGE_LOOP('',(#1813,#1814,#1815,#1816));
#3756=EDGE_LOOP('',(#1817,#1818,#1819,#1820));
#3757=EDGE_LOOP('',(#1821,#1822,#1823,#1824));
#3758=EDGE_LOOP('',(#1825,#1826,#1827,#1828));
#3759=EDGE_LOOP('',(#1829,#1830,#1831,#1832));
#3760=EDGE_LOOP('',(#1833));
#3761=EDGE_LOOP('',(#1834));
#3762=EDGE_LOOP('',(#1835));
#3763=EDGE_LOOP('',(#1836));
#3764=EDGE_LOOP('',(#1837));
#3765=EDGE_LOOP('',(#1838));
#3766=EDGE_LOOP('',(#1839));
#3767=EDGE_LOOP('',(#1840));
#3768=EDGE_LOOP('',(#1841));
#3769=EDGE_LOOP('',(#1842));
#3770=EDGE_LOOP('',(#1843));
#3771=EDGE_LOOP('',(#1844));
#3772=EDGE_LOOP('',(#1845));
#3773=EDGE_LOOP('',(#1846));
#3774=EDGE_LOOP('',(#1847,#1848,#1849,#1850));
#3775=EDGE_LOOP('',(#1851,#1852,#1853,#1854));
#3776=EDGE_LOOP('',(#1855,#1856,#1857,#1858));
#3777=EDGE_LOOP('',(#1859,#1860,#1861,#1862));
#3778=EDGE_LOOP('',(#1863,#1864,#1865,#1866));
#3779=EDGE_LOOP('',(#1867,#1868,#1869,#1870));
#3780=EDGE_LOOP('',(#1871,#1872,#1873,#1874));
#3781=EDGE_LOOP('',(#1875,#1876,#1877,#1878));
#3782=EDGE_LOOP('',(#1879,#1880,#1881,#1882));
#3783=EDGE_LOOP('',(#1883,#1884,#1885,#1886));
#3784=EDGE_LOOP('',(#1887,#1888,#1889,#1890,#1891,#1892,#1893,#1894,#1895,
#1896));
#3785=EDGE_LOOP('',(#1897,#1898,#1899,#1900,#1901,#1902,#1903));
#3786=EDGE_LOOP('',(#1904,#1905,#1906,#1907,#1908,#1909,#1910,#1911,#1912,
#1913,#1914,#1915,#1916,#1917,#1918,#1919,#1920,#1921,#1922,#1923,#1924,
#1925,#1926,#1927,#1928,#1929,#1930,#1931,#1932,#1933,#1934,#1935,#1936,
#1937,#1938,#1939,#1940,#1941,#1942,#1943,#1944,#1945,#1946,#1947,#1948,
#1949,#1950,#1951,#1952,#1953,#1954));
#3787=EDGE_LOOP('',(#1955,#1956,#1957,#1958));
#3788=EDGE_LOOP('',(#1959,#1960,#1961,#1962,#1963,#1964,#1965));
#3789=EDGE_LOOP('',(#1966));
#3790=EDGE_LOOP('',(#1967));
#3791=EDGE_LOOP('',(#1968));
#3792=EDGE_LOOP('',(#1969));
#3793=EDGE_LOOP('',(#1970));
#3794=EDGE_LOOP('',(#1971));
#3795=EDGE_LOOP('',(#1972));
#3796=EDGE_LOOP('',(#1973));
#3797=EDGE_LOOP('',(#1974));
#3798=EDGE_LOOP('',(#1975));
#3799=EDGE_LOOP('',(#1976));
#3800=EDGE_LOOP('',(#1977));
#3801=EDGE_LOOP('',(#1978,#1979,#1980,#1981));
#3802=EDGE_LOOP('',(#1982,#1983,#1984,#1985));
#3803=EDGE_LOOP('',(#1986,#1987,#1988,#1989));
#3804=EDGE_LOOP('',(#1990,#1991,#1992,#1993));
#3805=EDGE_LOOP('',(#1994,#1995,#1996,#1997,#1998,#1999,#2000,#2001,#2002,
#2003,#2004,#2005,#2006,#2007));
#3806=EDGE_LOOP('',(#2008,#2009,#2010,#2011));
#3807=EDGE_LOOP('',(#2012,#2013,#2014,#2015));
#3808=EDGE_LOOP('',(#2016,#2017,#2018,#2019,#2020,#2021,#2022,#2023,#2024,
#2025,#2026,#2027,#2028,#2029,#2030,#2031,#2032,#2033,#2034,#2035,#2036,
#2037,#2038,#2039,#2040,#2041,#2042,#2043,#2044,#2045,#2046,#2047,#2048,
#2049,#2050,#2051));
#3809=FACE_BOUND('',#3372,.T.);
#3810=FACE_BOUND('',#3373,.T.);
#3811=FACE_BOUND('',#3374,.T.);
#3812=FACE_BOUND('',#3375,.T.);
#3813=FACE_BOUND('',#3376,.T.);
#3814=FACE_BOUND('',#3377,.T.);
#3815=FACE_BOUND('',#3378,.T.);
#3816=FACE_BOUND('',#3379,.T.);
#3817=FACE_BOUND('',#3380,.T.);
#3818=FACE_BOUND('',#3381,.T.);
#3819=FACE_BOUND('',#3382,.T.);
#3820=FACE_BOUND('',#3383,.T.);
#3821=FACE_BOUND('',#3384,.T.);
#3822=FACE_BOUND('',#3385,.T.);
#3823=FACE_BOUND('',#3386,.T.);
#3824=FACE_BOUND('',#3387,.T.);
#3825=FACE_BOUND('',#3388,.T.);
#3826=FACE_BOUND('',#3389,.T.);
#3827=FACE_BOUND('',#3390,.T.);
#3828=FACE_BOUND('',#3391,.T.);
#3829=FACE_BOUND('',#3392,.T.);
#3830=FACE_BOUND('',#3393,.T.);
#3831=FACE_BOUND('',#3394,.T.);
#3832=FACE_BOUND('',#3395,.T.);
#3833=FACE_BOUND('',#3396,.T.);
#3834=FACE_BOUND('',#3397,.T.);
#3835=FACE_BOUND('',#3398,.T.);
#3836=FACE_BOUND('',#3399,.T.);
#3837=FACE_BOUND('',#3400,.T.);
#3838=FACE_BOUND('',#3401,.T.);
#3839=FACE_BOUND('',#3402,.T.);
#3840=FACE_BOUND('',#3403,.T.);
#3841=FACE_BOUND('',#3404,.T.);
#3842=FACE_BOUND('',#3405,.T.);
#3843=FACE_BOUND('',#3406,.T.);
#3844=FACE_BOUND('',#3407,.T.);
#3845=FACE_BOUND('',#3408,.T.);
#3846=FACE_BOUND('',#3409,.T.);
#3847=FACE_BOUND('',#3410,.T.);
#3848=FACE_BOUND('',#3411,.T.);
#3849=FACE_BOUND('',#3412,.T.);
#3850=FACE_BOUND('',#3413,.T.);
#3851=FACE_BOUND('',#3414,.T.);
#3852=FACE_BOUND('',#3415,.T.);
#3853=FACE_BOUND('',#3416,.T.);
#3854=FACE_BOUND('',#3417,.T.);
#3855=FACE_BOUND('',#3418,.T.);
#3856=FACE_BOUND('',#3419,.T.);
#3857=FACE_BOUND('',#3420,.T.);
#3858=FACE_BOUND('',#3421,.T.);
#3859=FACE_BOUND('',#3422,.T.);
#3860=FACE_BOUND('',#3423,.T.);
#3861=FACE_BOUND('',#3424,.T.);
#3862=FACE_BOUND('',#3425,.T.);
#3863=FACE_BOUND('',#3426,.T.);
#3864=FACE_BOUND('',#3427,.T.);
#3865=FACE_BOUND('',#3428,.T.);
#3866=FACE_BOUND('',#3429,.T.);
#3867=FACE_BOUND('',#3430,.T.);
#3868=FACE_BOUND('',#3431,.T.);
#3869=FACE_BOUND('',#3432,.T.);
#3870=FACE_BOUND('',#3433,.T.);
#3871=FACE_BOUND('',#3434,.T.);
#3872=FACE_BOUND('',#3435,.T.);
#3873=FACE_BOUND('',#3436,.T.);
#3874=FACE_BOUND('',#3437,.T.);
#3875=FACE_BOUND('',#3438,.T.);
#3876=FACE_BOUND('',#3439,.T.);
#3877=FACE_BOUND('',#3440,.T.);
#3878=FACE_BOUND('',#3441,.T.);
#3879=FACE_BOUND('',#3442,.T.);
#3880=FACE_BOUND('',#3443,.T.);
#3881=FACE_BOUND('',#3444,.T.);
#3882=FACE_BOUND('',#3445,.T.);
#3883=FACE_BOUND('',#3446,.T.);
#3884=FACE_BOUND('',#3447,.T.);
#3885=FACE_BOUND('',#3448,.T.);
#3886=FACE_BOUND('',#3449,.T.);
#3887=FACE_BOUND('',#3450,.T.);
#3888=FACE_BOUND('',#3451,.T.);
#3889=FACE_BOUND('',#3452,.T.);
#3890=FACE_BOUND('',#3453,.T.);
#3891=FACE_BOUND('',#3454,.T.);
#3892=FACE_BOUND('',#3455,.T.);
#3893=FACE_BOUND('',#3456,.T.);
#3894=FACE_BOUND('',#3457,.T.);
#3895=FACE_BOUND('',#3458,.T.);
#3896=FACE_BOUND('',#3459,.T.);
#3897=FACE_BOUND('',#3460,.T.);
#3898=FACE_BOUND('',#3461,.T.);
#3899=FACE_BOUND('',#3462,.T.);
#3900=FACE_BOUND('',#3463,.T.);
#3901=FACE_BOUND('',#3464,.T.);
#3902=FACE_BOUND('',#3465,.T.);
#3903=FACE_BOUND('',#3466,.T.);
#3904=FACE_BOUND('',#3467,.T.);
#3905=FACE_BOUND('',#3468,.T.);
#3906=FACE_BOUND('',#3469,.T.);
#3907=FACE_BOUND('',#3470,.T.);
#3908=FACE_BOUND('',#3471,.T.);
#3909=FACE_BOUND('',#3472,.T.);
#3910=FACE_BOUND('',#3473,.T.);
#3911=FACE_BOUND('',#3474,.T.);
#3912=FACE_BOUND('',#3475,.T.);
#3913=FACE_BOUND('',#3476,.T.);
#3914=FACE_BOUND('',#3477,.T.);
#3915=FACE_BOUND('',#3478,.T.);
#3916=FACE_BOUND('',#3479,.T.);
#3917=FACE_BOUND('',#3480,.T.);
#3918=FACE_BOUND('',#3481,.T.);
#3919=FACE_BOUND('',#3482,.T.);
#3920=FACE_BOUND('',#3483,.T.);
#3921=FACE_BOUND('',#3484,.T.);
#3922=FACE_BOUND('',#3485,.T.);
#3923=FACE_BOUND('',#3486,.T.);
#3924=FACE_BOUND('',#3487,.T.);
#3925=FACE_BOUND('',#3488,.T.);
#3926=FACE_BOUND('',#3489,.T.);
#3927=FACE_BOUND('',#3490,.T.);
#3928=FACE_BOUND('',#3491,.T.);
#3929=FACE_BOUND('',#3492,.T.);
#3930=FACE_BOUND('',#3493,.T.);
#3931=FACE_BOUND('',#3494,.T.);
#3932=FACE_BOUND('',#3495,.T.);
#3933=FACE_BOUND('',#3496,.T.);
#3934=FACE_BOUND('',#3497,.T.);
#3935=FACE_BOUND('',#3498,.T.);
#3936=FACE_BOUND('',#3499,.T.);
#3937=FACE_BOUND('',#3500,.T.);
#3938=FACE_BOUND('',#3501,.T.);
#3939=FACE_BOUND('',#3502,.T.);
#3940=FACE_BOUND('',#3503,.T.);
#3941=FACE_BOUND('',#3504,.T.);
#3942=FACE_BOUND('',#3505,.T.);
#3943=FACE_BOUND('',#3506,.T.);
#3944=FACE_BOUND('',#3507,.T.);
#3945=FACE_BOUND('',#3508,.T.);
#3946=FACE_BOUND('',#3509,.T.);
#3947=FACE_BOUND('',#3510,.T.);
#3948=FACE_BOUND('',#3511,.T.);
#3949=FACE_BOUND('',#3512,.T.);
#3950=FACE_BOUND('',#3513,.T.);
#3951=FACE_BOUND('',#3514,.T.);
#3952=FACE_BOUND('',#3515,.T.);
#3953=FACE_BOUND('',#3516,.T.);
#3954=FACE_BOUND('',#3517,.T.);
#3955=FACE_BOUND('',#3518,.T.);
#3956=FACE_BOUND('',#3519,.T.);
#3957=FACE_BOUND('',#3520,.T.);
#3958=FACE_BOUND('',#3521,.T.);
#3959=FACE_BOUND('',#3522,.T.);
#3960=FACE_BOUND('',#3523,.T.);
#3961=FACE_BOUND('',#3524,.T.);
#3962=FACE_BOUND('',#3525,.T.);
#3963=FACE_BOUND('',#3526,.T.);
#3964=FACE_BOUND('',#3527,.T.);
#3965=FACE_BOUND('',#3528,.T.);
#3966=FACE_BOUND('',#3529,.T.);
#3967=FACE_BOUND('',#3530,.T.);
#3968=FACE_BOUND('',#3531,.T.);
#3969=FACE_BOUND('',#3532,.T.);
#3970=FACE_BOUND('',#3533,.T.);
#3971=FACE_BOUND('',#3534,.T.);
#3972=FACE_BOUND('',#3535,.T.);
#3973=FACE_BOUND('',#3536,.T.);
#3974=FACE_BOUND('',#3537,.T.);
#3975=FACE_BOUND('',#3538,.T.);
#3976=FACE_BOUND('',#3539,.T.);
#3977=FACE_BOUND('',#3540,.T.);
#3978=FACE_BOUND('',#3541,.T.);
#3979=FACE_BOUND('',#3542,.T.);
#3980=FACE_BOUND('',#3543,.T.);
#3981=FACE_BOUND('',#3544,.T.);
#3982=FACE_BOUND('',#3545,.T.);
#3983=FACE_BOUND('',#3546,.T.);
#3984=FACE_BOUND('',#3547,.T.);
#3985=FACE_BOUND('',#3548,.T.);
#3986=FACE_BOUND('',#3549,.T.);
#3987=FACE_BOUND('',#3550,.T.);
#3988=FACE_BOUND('',#3551,.T.);
#3989=FACE_BOUND('',#3552,.T.);
#3990=FACE_BOUND('',#3553,.T.);
#3991=FACE_BOUND('',#3554,.T.);
#3992=FACE_BOUND('',#3555,.T.);
#3993=FACE_BOUND('',#3556,.T.);
#3994=FACE_BOUND('',#3557,.T.);
#3995=FACE_BOUND('',#3558,.T.);
#3996=FACE_BOUND('',#3559,.T.);
#3997=FACE_BOUND('',#3560,.T.);
#3998=FACE_BOUND('',#3561,.T.);
#3999=FACE_BOUND('',#3562,.T.);
#4000=FACE_BOUND('',#3563,.T.);
#4001=FACE_BOUND('',#3564,.T.);
#4002=FACE_BOUND('',#3565,.T.);
#4003=FACE_BOUND('',#3566,.T.);
#4004=FACE_BOUND('',#3567,.T.);
#4005=FACE_BOUND('',#3568,.T.);
#4006=FACE_BOUND('',#3569,.T.);
#4007=FACE_BOUND('',#3570,.T.);
#4008=FACE_BOUND('',#3571,.T.);
#4009=FACE_BOUND('',#3572,.T.);
#4010=FACE_BOUND('',#3573,.T.);
#4011=FACE_BOUND('',#3574,.T.);
#4012=FACE_BOUND('',#3575,.T.);
#4013=FACE_BOUND('',#3576,.T.);
#4014=FACE_BOUND('',#3577,.T.);
#4015=FACE_BOUND('',#3578,.T.);
#4016=FACE_BOUND('',#3579,.T.);
#4017=FACE_BOUND('',#3580,.T.);
#4018=FACE_BOUND('',#3581,.T.);
#4019=FACE_BOUND('',#3582,.T.);
#4020=FACE_BOUND('',#3583,.T.);
#4021=FACE_BOUND('',#3584,.T.);
#4022=FACE_BOUND('',#3585,.T.);
#4023=FACE_BOUND('',#3586,.T.);
#4024=FACE_BOUND('',#3587,.T.);
#4025=FACE_BOUND('',#3588,.T.);
#4026=FACE_BOUND('',#3589,.T.);
#4027=FACE_BOUND('',#3590,.T.);
#4028=FACE_BOUND('',#3591,.T.);
#4029=FACE_BOUND('',#3592,.T.);
#4030=FACE_BOUND('',#3593,.T.);
#4031=FACE_BOUND('',#3594,.T.);
#4032=FACE_BOUND('',#3595,.T.);
#4033=FACE_BOUND('',#3596,.T.);
#4034=FACE_BOUND('',#3597,.T.);
#4035=FACE_BOUND('',#3598,.T.);
#4036=FACE_BOUND('',#3599,.T.);
#4037=FACE_BOUND('',#3600,.T.);
#4038=FACE_BOUND('',#3601,.T.);
#4039=FACE_BOUND('',#3602,.T.);
#4040=FACE_BOUND('',#3603,.T.);
#4041=FACE_BOUND('',#3604,.T.);
#4042=FACE_BOUND('',#3605,.T.);
#4043=FACE_BOUND('',#3606,.T.);
#4044=FACE_BOUND('',#3607,.T.);
#4045=FACE_BOUND('',#3608,.T.);
#4046=FACE_BOUND('',#3609,.T.);
#4047=FACE_BOUND('',#3610,.T.);
#4048=FACE_BOUND('',#3611,.T.);
#4049=FACE_BOUND('',#3612,.T.);
#4050=FACE_BOUND('',#3613,.T.);
#4051=FACE_BOUND('',#3614,.T.);
#4052=FACE_BOUND('',#3615,.T.);
#4053=FACE_BOUND('',#3616,.T.);
#4054=FACE_BOUND('',#3617,.T.);
#4055=FACE_BOUND('',#3618,.T.);
#4056=FACE_BOUND('',#3619,.T.);
#4057=FACE_BOUND('',#3620,.T.);
#4058=FACE_BOUND('',#3621,.T.);
#4059=FACE_BOUND('',#3622,.T.);
#4060=FACE_BOUND('',#3623,.T.);
#4061=FACE_BOUND('',#3624,.T.);
#4062=FACE_BOUND('',#3625,.T.);
#4063=FACE_BOUND('',#3626,.T.);
#4064=FACE_BOUND('',#3627,.T.);
#4065=FACE_BOUND('',#3628,.T.);
#4066=FACE_BOUND('',#3629,.T.);
#4067=FACE_BOUND('',#3630,.T.);
#4068=FACE_BOUND('',#3631,.T.);
#4069=FACE_BOUND('',#3632,.T.);
#4070=FACE_BOUND('',#3633,.T.);
#4071=FACE_BOUND('',#3634,.T.);
#4072=FACE_BOUND('',#3635,.T.);
#4073=FACE_BOUND('',#3636,.T.);
#4074=FACE_BOUND('',#3637,.T.);
#4075=FACE_BOUND('',#3638,.T.);
#4076=FACE_BOUND('',#3639,.T.);
#4077=FACE_BOUND('',#3640,.T.);
#4078=FACE_BOUND('',#3641,.T.);
#4079=FACE_BOUND('',#3642,.T.);
#4080=FACE_BOUND('',#3643,.T.);
#4081=FACE_BOUND('',#3644,.T.);
#4082=FACE_BOUND('',#3645,.T.);
#4083=FACE_BOUND('',#3646,.T.);
#4084=FACE_BOUND('',#3647,.T.);
#4085=FACE_BOUND('',#3648,.T.);
#4086=FACE_BOUND('',#3649,.T.);
#4087=FACE_BOUND('',#3650,.T.);
#4088=FACE_BOUND('',#3651,.T.);
#4089=FACE_BOUND('',#3652,.T.);
#4090=FACE_BOUND('',#3653,.T.);
#4091=FACE_BOUND('',#3654,.T.);
#4092=FACE_BOUND('',#3655,.T.);
#4093=FACE_BOUND('',#3656,.T.);
#4094=FACE_BOUND('',#3657,.T.);
#4095=FACE_BOUND('',#3658,.T.);
#4096=FACE_BOUND('',#3659,.T.);
#4097=FACE_BOUND('',#3660,.T.);
#4098=FACE_BOUND('',#3661,.T.);
#4099=FACE_BOUND('',#3662,.T.);
#4100=FACE_BOUND('',#3663,.T.);
#4101=FACE_BOUND('',#3664,.T.);
#4102=FACE_BOUND('',#3665,.T.);
#4103=FACE_BOUND('',#3666,.T.);
#4104=FACE_BOUND('',#3667,.T.);
#4105=FACE_BOUND('',#3668,.T.);
#4106=FACE_BOUND('',#3669,.T.);
#4107=FACE_BOUND('',#3670,.T.);
#4108=FACE_BOUND('',#3671,.T.);
#4109=FACE_BOUND('',#3672,.T.);
#4110=FACE_BOUND('',#3673,.T.);
#4111=FACE_BOUND('',#3674,.T.);
#4112=FACE_BOUND('',#3675,.T.);
#4113=FACE_BOUND('',#3676,.T.);
#4114=FACE_BOUND('',#3677,.T.);
#4115=FACE_BOUND('',#3678,.T.);
#4116=FACE_BOUND('',#3679,.T.);
#4117=FACE_BOUND('',#3680,.T.);
#4118=FACE_BOUND('',#3681,.T.);
#4119=FACE_BOUND('',#3682,.T.);
#4120=FACE_BOUND('',#3683,.T.);
#4121=FACE_BOUND('',#3684,.T.);
#4122=FACE_BOUND('',#3685,.T.);
#4123=FACE_BOUND('',#3686,.T.);
#4124=FACE_BOUND('',#3687,.T.);
#4125=FACE_BOUND('',#3688,.T.);
#4126=FACE_BOUND('',#3689,.T.);
#4127=FACE_BOUND('',#3690,.T.);
#4128=FACE_BOUND('',#3691,.T.);
#4129=FACE_BOUND('',#3692,.T.);
#4130=FACE_BOUND('',#3693,.T.);
#4131=FACE_BOUND('',#3694,.T.);
#4132=FACE_BOUND('',#3695,.T.);
#4133=FACE_BOUND('',#3696,.T.);
#4134=FACE_BOUND('',#3697,.T.);
#4135=FACE_BOUND('',#3698,.T.);
#4136=FACE_BOUND('',#3699,.T.);
#4137=FACE_BOUND('',#3700,.T.);
#4138=FACE_BOUND('',#3701,.T.);
#4139=FACE_BOUND('',#3702,.T.);
#4140=FACE_BOUND('',#3703,.T.);
#4141=FACE_BOUND('',#3704,.T.);
#4142=FACE_BOUND('',#3705,.T.);
#4143=FACE_BOUND('',#3706,.T.);
#4144=FACE_BOUND('',#3707,.T.);
#4145=FACE_BOUND('',#3708,.T.);
#4146=FACE_BOUND('',#3709,.T.);
#4147=FACE_BOUND('',#3710,.T.);
#4148=FACE_BOUND('',#3711,.T.);
#4149=FACE_BOUND('',#3712,.T.);
#4150=FACE_BOUND('',#3713,.T.);
#4151=FACE_BOUND('',#3714,.T.);
#4152=FACE_BOUND('',#3715,.T.);
#4153=FACE_BOUND('',#3716,.T.);
#4154=FACE_BOUND('',#3717,.T.);
#4155=FACE_BOUND('',#3718,.T.);
#4156=FACE_BOUND('',#3719,.T.);
#4157=FACE_BOUND('',#3720,.T.);
#4158=FACE_BOUND('',#3721,.T.);
#4159=FACE_BOUND('',#3722,.T.);
#4160=FACE_BOUND('',#3723,.T.);
#4161=FACE_BOUND('',#3724,.T.);
#4162=FACE_BOUND('',#3725,.T.);
#4163=FACE_BOUND('',#3726,.T.);
#4164=FACE_BOUND('',#3727,.T.);
#4165=FACE_BOUND('',#3728,.T.);
#4166=FACE_BOUND('',#3729,.T.);
#4167=FACE_BOUND('',#3730,.T.);
#4168=FACE_BOUND('',#3731,.T.);
#4169=FACE_BOUND('',#3732,.T.);
#4170=FACE_BOUND('',#3733,.T.);
#4171=FACE_BOUND('',#3734,.T.);
#4172=FACE_BOUND('',#3735,.T.);
#4173=FACE_BOUND('',#3736,.T.);
#4174=FACE_BOUND('',#3737,.T.);
#4175=FACE_BOUND('',#3738,.T.);
#4176=FACE_BOUND('',#3739,.T.);
#4177=FACE_BOUND('',#3740,.T.);
#4178=FACE_BOUND('',#3741,.T.);
#4179=FACE_BOUND('',#3742,.T.);
#4180=FACE_BOUND('',#3743,.T.);
#4181=FACE_BOUND('',#3744,.T.);
#4182=FACE_BOUND('',#3745,.T.);
#4183=FACE_BOUND('',#3746,.T.);
#4184=FACE_BOUND('',#3747,.T.);
#4185=FACE_BOUND('',#3748,.T.);
#4186=FACE_BOUND('',#3749,.T.);
#4187=FACE_BOUND('',#3750,.T.);
#4188=FACE_BOUND('',#3751,.T.);
#4189=FACE_BOUND('',#3752,.T.);
#4190=FACE_BOUND('',#3753,.T.);
#4191=FACE_BOUND('',#3754,.T.);
#4192=FACE_BOUND('',#3755,.T.);
#4193=FACE_BOUND('',#3756,.T.);
#4194=FACE_BOUND('',#3757,.T.);
#4195=FACE_BOUND('',#3758,.T.);
#4196=FACE_BOUND('',#3759,.T.);
#4197=FACE_BOUND('',#3760,.T.);
#4198=FACE_BOUND('',#3761,.T.);
#4199=FACE_BOUND('',#3762,.T.);
#4200=FACE_BOUND('',#3763,.T.);
#4201=FACE_BOUND('',#3764,.T.);
#4202=FACE_BOUND('',#3765,.T.);
#4203=FACE_BOUND('',#3766,.T.);
#4204=FACE_BOUND('',#3767,.T.);
#4205=FACE_BOUND('',#3768,.T.);
#4206=FACE_BOUND('',#3769,.T.);
#4207=FACE_BOUND('',#3770,.T.);
#4208=FACE_BOUND('',#3771,.T.);
#4209=FACE_BOUND('',#3772,.T.);
#4210=FACE_BOUND('',#3773,.T.);
#4211=FACE_BOUND('',#3774,.T.);
#4212=FACE_BOUND('',#3775,.T.);
#4213=FACE_BOUND('',#3776,.T.);
#4214=FACE_BOUND('',#3777,.T.);
#4215=FACE_BOUND('',#3778,.T.);
#4216=FACE_BOUND('',#3779,.T.);
#4217=FACE_BOUND('',#3780,.T.);
#4218=FACE_BOUND('',#3781,.T.);
#4219=FACE_BOUND('',#3782,.T.);
#4220=FACE_BOUND('',#3783,.T.);
#4221=FACE_BOUND('',#3784,.T.);
#4222=FACE_BOUND('',#3785,.T.);
#4223=FACE_BOUND('',#3786,.T.);
#4224=FACE_BOUND('',#3787,.T.);
#4225=FACE_BOUND('',#3788,.T.);
#4226=FACE_BOUND('',#3789,.T.);
#4227=FACE_BOUND('',#3790,.T.);
#4228=FACE_BOUND('',#3791,.T.);
#4229=FACE_BOUND('',#3792,.T.);
#4230=FACE_BOUND('',#3793,.T.);
#4231=FACE_BOUND('',#3794,.T.);
#4232=FACE_BOUND('',#3795,.T.);
#4233=FACE_BOUND('',#3796,.T.);
#4234=FACE_BOUND('',#3797,.T.);
#4235=FACE_BOUND('',#3798,.T.);
#4236=FACE_BOUND('',#3799,.T.);
#4237=FACE_BOUND('',#3800,.T.);
#4238=FACE_BOUND('',#3801,.T.);
#4239=FACE_BOUND('',#3802,.T.);
#4240=FACE_BOUND('',#3803,.T.);
#4241=FACE_BOUND('',#3804,.T.);
#4242=FACE_BOUND('',#3805,.T.);
#4243=FACE_BOUND('',#3806,.T.);
#4244=FACE_BOUND('',#3807,.T.);
#4245=FACE_BOUND('',#3808,.T.);
#4246=CYLINDRICAL_SURFACE('',#4643,0.0166602540378443);
#4247=CYLINDRICAL_SURFACE('',#4765,0.0206602540378443);
#4248=CYLINDRICAL_SURFACE('',#4768,0.02);
#4249=CYLINDRICAL_SURFACE('',#4772,0.0035);
#4250=CYLINDRICAL_SURFACE('',#4778,0.0035);
#4251=CYLINDRICAL_SURFACE('',#4782,0.02);
#4252=CYLINDRICAL_SURFACE('',#4786,0.0206602540378444);
#4253=CYLINDRICAL_SURFACE('',#4789,0.0166602540378444);
#4254=CYLINDRICAL_SURFACE('',#4793,0.011);
#4255=CYLINDRICAL_SURFACE('',#4796,0.00055);
#4256=CYLINDRICAL_SURFACE('',#4798,0.00055);
#4257=CYLINDRICAL_SURFACE('',#4800,0.00055);
#4258=CYLINDRICAL_SURFACE('',#4802,0.00055);
#4259=CYLINDRICAL_SURFACE('',#4804,0.00075);
#4260=CYLINDRICAL_SURFACE('',#4806,0.00055);
#4261=CYLINDRICAL_SURFACE('',#4808,0.00055);
#4262=CYLINDRICAL_SURFACE('',#4810,0.00055);
#4263=CYLINDRICAL_SURFACE('',#4812,0.00055);
#4264=CYLINDRICAL_SURFACE('',#4814,0.00055);
#4265=CYLINDRICAL_SURFACE('',#4816,0.00055);
#4266=CYLINDRICAL_SURFACE('',#4818,0.00055);
#4267=CYLINDRICAL_SURFACE('',#4820,0.00055);
#4268=CYLINDRICAL_SURFACE('',#4822,0.00055);
#4269=CYLINDRICAL_SURFACE('',#4824,0.00055);
#4270=CYLINDRICAL_SURFACE('',#4826,0.00055);
#4271=CYLINDRICAL_SURFACE('',#4828,0.00055);
#4272=CYLINDRICAL_SURFACE('',#4830,0.00055);
#4273=CYLINDRICAL_SURFACE('',#4832,0.00055);
#4274=CYLINDRICAL_SURFACE('',#4834,0.00055);
#4275=CYLINDRICAL_SURFACE('',#4836,0.00055);
#4276=CYLINDRICAL_SURFACE('',#4838,0.00055);
#4277=CYLINDRICAL_SURFACE('',#4840,0.00055);
#4278=CYLINDRICAL_SURFACE('',#4842,0.00055);
#4279=CYLINDRICAL_SURFACE('',#4844,0.00055);
#4280=CYLINDRICAL_SURFACE('',#4846,0.00055);
#4281=CYLINDRICAL_SURFACE('',#4848,0.00055);
#4282=CYLINDRICAL_SURFACE('',#4851,0.00055);
#4283=CYLINDRICAL_SURFACE('',#4854,0.00075);
#4284=CYLINDRICAL_SURFACE('',#4857,0.00055);
#4285=CYLINDRICAL_SURFACE('',#4860,0.00055);
#4286=CYLINDRICAL_SURFACE('',#4863,0.00055);
#4287=CYLINDRICAL_SURFACE('',#4866,0.00055);
#4288=CYLINDRICAL_SURFACE('',#4869,0.00165);
#4289=CYLINDRICAL_SURFACE('',#4872,0.00165);
#4290=CYLINDRICAL_SURFACE('',#4875,0.00165);
#4291=CYLINDRICAL_SURFACE('',#4879,0.00055);
#4292=CYLINDRICAL_SURFACE('',#4881,0.00055);
#4293=CYLINDRICAL_SURFACE('',#4883,0.00055);
#4294=CYLINDRICAL_SURFACE('',#4886,0.00055);
#4295=CYLINDRICAL_SURFACE('',#4888,0.00055);
#4296=CYLINDRICAL_SURFACE('',#4890,0.00055);
#4297=CYLINDRICAL_SURFACE('',#4892,0.00055);
#4298=CYLINDRICAL_SURFACE('',#4894,0.00055);
#4299=CYLINDRICAL_SURFACE('',#4896,0.00055);
#4300=CYLINDRICAL_SURFACE('',#4899,0.00055);
#4301=CYLINDRICAL_SURFACE('',#4902,0.00055);
#4302=CYLINDRICAL_SURFACE('',#4904,0.00055);
#4303=CYLINDRICAL_SURFACE('',#4906,0.00055);
#4304=CYLINDRICAL_SURFACE('',#4908,0.00055);
#4305=CYLINDRICAL_SURFACE('',#4910,0.00055);
#4306=CYLINDRICAL_SURFACE('',#4912,0.00055);
#4307=CYLINDRICAL_SURFACE('',#4914,0.00055);
#4308=CYLINDRICAL_SURFACE('',#4916,0.00055);
#4309=CYLINDRICAL_SURFACE('',#4934,0.00112);
#4310=CYLINDRICAL_SURFACE('',#4938,0.00112);
#4311=CYLINDRICAL_SURFACE('',#4943,0.00112);
#4312=CYLINDRICAL_SURFACE('',#4946,0.001);
#4313=CYLINDRICAL_SURFACE('',#4948,0.00225);
#4314=CYLINDRICAL_SURFACE('',#4952,0.00112);
#4315=CYLINDRICAL_SURFACE('',#4958,0.00112000000000002);
#4316=CYLINDRICAL_SURFACE('',#4961,0.00112000000000002);
#4317=CYLINDRICAL_SURFACE('',#4965,0.00112000000000002);
#4318=CYLINDRICAL_SURFACE('',#4971,0.00112000000000002);
#4319=CYLINDRICAL_SURFACE('',#4974,0.00112000000000003);
#4320=CYLINDRICAL_SURFACE('',#4978,0.00112);
#4321=CYLINDRICAL_SURFACE('',#4981,0.00112);
#4322=CYLINDRICAL_SURFACE('',#4983,0.00112);
#4323=CYLINDRICAL_SURFACE('',#4986,0.00112);
#4324=CYLINDRICAL_SURFACE('',#4989,0.000485000000000156);
#4325=CYLINDRICAL_SURFACE('',#4992,0.00109999999999997);
#4326=CYLINDRICAL_SURFACE('',#4995,0.00111999999999925);
#4327=CYLINDRICAL_SURFACE('',#4998,0.00111999999999925);
#4328=CYLINDRICAL_SURFACE('',#5002,0.000485000000000459);
#4329=CYLINDRICAL_SURFACE('',#5006,0.00112);
#4330=CYLINDRICAL_SURFACE('',#5009,0.00112);
#4331=CYLINDRICAL_SURFACE('',#5011,0.00112);
#4332=CYLINDRICAL_SURFACE('',#5014,0.00112);
#4333=CYLINDRICAL_SURFACE('',#5016,0.00112000000000002);
#4334=CYLINDRICAL_SURFACE('',#5019,0.00112000000000002);
#4335=CYLINDRICAL_SURFACE('',#5021,0.00112000000000002);
#4336=CYLINDRICAL_SURFACE('',#5024,0.00112000000000002);
#4337=CYLINDRICAL_SURFACE('',#5027,0.00112000000000002);
#4338=CYLINDRICAL_SURFACE('',#5030,0.00112000000000002);
#4339=CYLINDRICAL_SURFACE('',#5033,0.00112000000000002);
#4340=CYLINDRICAL_SURFACE('',#5035,0.00112);
#4341=CYLINDRICAL_SURFACE('',#5038,0.00112);
#4342=CYLINDRICAL_SURFACE('',#5041,0.00112000000000047);
#4343=CYLINDRICAL_SURFACE('',#5044,0.00112000000000464);
#4344=CYLINDRICAL_SURFACE('',#5047,0.00111999999999926);
#4345=CYLINDRICAL_SURFACE('',#5050,0.00111999999999925);
#4346=CYLINDRICAL_SURFACE('',#5053,0.00225);
#4347=CYLINDRICAL_SURFACE('',#5056,0.00111999999999926);
#4348=CYLINDRICAL_SURFACE('',#5059,0.00111999999999925);
#4349=CYLINDRICAL_SURFACE('',#5063,0.00225000000000003);
#4350=CYLINDRICAL_SURFACE('',#5066,0.0011199999999992);
#4351=CYLINDRICAL_SURFACE('',#5069,0.00225);
#4352=CYLINDRICAL_SURFACE('',#5073,0.00111999999999925);
#4353=CYLINDRICAL_SURFACE('',#5076,0.00112);
#4354=CYLINDRICAL_SURFACE('',#5079,0.00224999999999996);
#4355=CYLINDRICAL_SURFACE('',#5087,0.00112000000000001);
#4356=CYLINDRICAL_SURFACE('',#5090,0.00112);
#4357=CYLINDRICAL_SURFACE('',#5095,0.00112);
#4358=CYLINDRICAL_SURFACE('',#5098,0.00112);
#4359=CYLINDRICAL_SURFACE('',#5102,0.00112);
#4360=CYLINDRICAL_SURFACE('',#5105,0.00112);
#4361=CYLINDRICAL_SURFACE('',#5107,0.001);
#4362=CYLINDRICAL_SURFACE('',#5110,0.001);
#4363=CYLINDRICAL_SURFACE('',#5112,0.00112);
#4364=CYLINDRICAL_SURFACE('',#5115,0.00112);
#4365=CYLINDRICAL_SURFACE('',#5119,0.00112);
#4366=CYLINDRICAL_SURFACE('',#5125,0.00112);
#4367=CYLINDRICAL_SURFACE('',#5127,0.00112);
#4368=CYLINDRICAL_SURFACE('',#5129,0.00112);
#4369=CYLINDRICAL_SURFACE('',#5131,0.00112);
#4370=CYLINDRICAL_SURFACE('',#5133,0.00112);
#4371=CYLINDRICAL_SURFACE('',#5135,0.00112);
#4372=CYLINDRICAL_SURFACE('',#5137,0.00112);
#4373=CYLINDRICAL_SURFACE('',#5141,0.00112);
#4374=CYLINDRICAL_SURFACE('',#5143,0.00112);
#4375=CYLINDRICAL_SURFACE('',#5148,0.00225);
#4376=ADVANCED_FACE('',(#3809),#4246,.T.);
#4377=ADVANCED_FACE('',(#3810,#3811,#3812),#13,.F.);
#4378=ADVANCED_FACE('',(#3813,#3814,#3815),#14,.F.);
#4379=ADVANCED_FACE('',(#3816,#3817,#3818),#15,.F.);
#4380=ADVANCED_FACE('',(#3819,#3820,#3821),#16,.F.);
#4381=ADVANCED_FACE('',(#3822,#3823,#3824),#17,.F.);
#4382=ADVANCED_FACE('',(#3825,#3826,#3827),#18,.F.);
#4383=ADVANCED_FACE('',(#3828,#3829),#19,.F.);
#4384=ADVANCED_FACE('',(#3830,#3831),#20,.F.);
#4385=ADVANCED_FACE('',(#3832,#3833),#21,.F.);
#4386=ADVANCED_FACE('',(#3834,#3835),#22,.F.);
#4387=ADVANCED_FACE('',(#3836,#3837),#23,.F.);
#4388=ADVANCED_FACE('',(#3838,#3839),#24,.F.);
#4389=ADVANCED_FACE('',(#3840,#3841),#25,.F.);
#4390=ADVANCED_FACE('',(#3842,#3843,#3844),#26,.F.);
#4391=ADVANCED_FACE('',(#3845,#3846,#3847),#27,.F.);
#4392=ADVANCED_FACE('',(#3848,#3849,#3850,#3851,#3852,#3853,#3854,#3855),
#28,.F.);
#4393=ADVANCED_FACE('',(#3856,#3857,#3858,#3859),#29,.F.);
#4394=ADVANCED_FACE('',(#3860,#3861,#3862),#30,.F.);
#4395=ADVANCED_FACE('',(#3863,#3864,#3865),#31,.F.);
#4396=ADVANCED_FACE('',(#3866,#3867,#3868),#32,.F.);
#4397=ADVANCED_FACE('',(#3869,#3870,#3871),#33,.F.);
#4398=ADVANCED_FACE('',(#3872),#4247,.F.);
#4399=ADVANCED_FACE('',(#3873),#34,.F.);
#4400=ADVANCED_FACE('',(#3874),#4248,.T.);
#4401=ADVANCED_FACE('',(#3875),#35,.F.);
#4402=ADVANCED_FACE('',(#3876),#4249,.T.);
#4403=ADVANCED_FACE('',(#3877),#36,.F.);
#4404=ADVANCED_FACE('',(#3878),#37,.T.);
#4405=ADVANCED_FACE('',(#3879),#38,.T.);
#4406=ADVANCED_FACE('',(#3880),#4250,.T.);
#4407=ADVANCED_FACE('',(#3881),#39,.T.);
#4408=ADVANCED_FACE('',(#3882),#4251,.T.);
#4409=ADVANCED_FACE('',(#3883),#40,.T.);
#4410=ADVANCED_FACE('',(#3884),#4252,.F.);
#4411=ADVANCED_FACE('',(#3885),#4253,.T.);
#4412=ADVANCED_FACE('',(#3886),#41,.T.);
#4413=ADVANCED_FACE('',(#3887),#4254,.T.);
#4414=ADVANCED_FACE('',(#3888,#3889),#4255,.F.);
#4415=ADVANCED_FACE('',(#3890,#3891),#4256,.F.);
#4416=ADVANCED_FACE('',(#3892,#3893),#4257,.F.);
#4417=ADVANCED_FACE('',(#3894,#3895),#4258,.F.);
#4418=ADVANCED_FACE('',(#3896,#3897),#4259,.F.);
#4419=ADVANCED_FACE('',(#3898,#3899),#4260,.F.);
#4420=ADVANCED_FACE('',(#3900,#3901),#4261,.F.);
#4421=ADVANCED_FACE('',(#3902,#3903),#4262,.F.);
#4422=ADVANCED_FACE('',(#3904,#3905),#4263,.F.);
#4423=ADVANCED_FACE('',(#3906,#3907),#4264,.F.);
#4424=ADVANCED_FACE('',(#3908,#3909),#4265,.F.);
#4425=ADVANCED_FACE('',(#3910,#3911),#4266,.F.);
#4426=ADVANCED_FACE('',(#3912,#3913),#4267,.F.);
#4427=ADVANCED_FACE('',(#3914,#3915),#4268,.F.);
#4428=ADVANCED_FACE('',(#3916,#3917),#4269,.F.);
#4429=ADVANCED_FACE('',(#3918,#3919),#4270,.F.);
#4430=ADVANCED_FACE('',(#3920,#3921),#4271,.F.);
#4431=ADVANCED_FACE('',(#3922,#3923),#4272,.F.);
#4432=ADVANCED_FACE('',(#3924,#3925),#4273,.F.);
#4433=ADVANCED_FACE('',(#3926,#3927),#4274,.F.);
#4434=ADVANCED_FACE('',(#3928,#3929),#4275,.F.);
#4435=ADVANCED_FACE('',(#3930,#3931),#4276,.F.);
#4436=ADVANCED_FACE('',(#3932,#3933),#4277,.F.);
#4437=ADVANCED_FACE('',(#3934,#3935),#4278,.F.);
#4438=ADVANCED_FACE('',(#3936,#3937),#4279,.F.);
#4439=ADVANCED_FACE('',(#3938,#3939),#4280,.F.);
#4440=ADVANCED_FACE('',(#3940,#3941),#4281,.F.);
#4441=ADVANCED_FACE('',(#3942,#3943),#4282,.F.);
#4442=ADVANCED_FACE('',(#3944,#3945),#4283,.F.);
#4443=ADVANCED_FACE('',(#3946,#3947),#4284,.F.);
#4444=ADVANCED_FACE('',(#3948,#3949),#4285,.F.);
#4445=ADVANCED_FACE('',(#3950,#3951),#4286,.F.);
#4446=ADVANCED_FACE('',(#3952,#3953),#4287,.F.);
#4447=ADVANCED_FACE('',(#3954,#3955),#4288,.F.);
#4448=ADVANCED_FACE('',(#3956,#3957),#4289,.F.);
#4449=ADVANCED_FACE('',(#3958,#3959),#4290,.F.);
#4450=ADVANCED_FACE('',(#3960),#42,.T.);
#4451=ADVANCED_FACE('',(#3961,#3962),#4291,.F.);
#4452=ADVANCED_FACE('',(#3963,#3964),#4292,.F.);
#4453=ADVANCED_FACE('',(#3965,#3966),#4293,.F.);
#4454=ADVANCED_FACE('',(#3967,#3968),#4294,.F.);
#4455=ADVANCED_FACE('',(#3969,#3970),#4295,.F.);
#4456=ADVANCED_FACE('',(#3971,#3972),#4296,.F.);
#4457=ADVANCED_FACE('',(#3973,#3974),#4297,.F.);
#4458=ADVANCED_FACE('',(#3975,#3976),#4298,.F.);
#4459=ADVANCED_FACE('',(#3977,#3978),#4299,.F.);
#4460=ADVANCED_FACE('',(#3979,#3980),#4300,.F.);
#4461=ADVANCED_FACE('',(#3981,#3982),#4301,.F.);
#4462=ADVANCED_FACE('',(#3983,#3984),#4302,.F.);
#4463=ADVANCED_FACE('',(#3985,#3986),#4303,.F.);
#4464=ADVANCED_FACE('',(#3987,#3988),#4304,.F.);
#4465=ADVANCED_FACE('',(#3989,#3990),#4305,.F.);
#4466=ADVANCED_FACE('',(#3991,#3992),#4306,.F.);
#4467=ADVANCED_FACE('',(#3993,#3994),#4307,.F.);
#4468=ADVANCED_FACE('',(#3995,#3996),#4308,.F.);
#4469=ADVANCED_FACE('',(#3997,#3998,#3999,#4000,#4001,#4002,#4003,#4004,
#4005,#4006,#4007,#4008,#4009,#4010,#4011,#4012,#4013,#4014,#4015,#4016,
#4017,#4018,#4019,#4020,#4021,#4022,#4023,#4024,#4025,#4026,#4027,#4028,
#4029,#4030,#4031,#4032,#4033,#4034,#4035,#4036,#4037,#4038,#4039,#4040,
#4041,#4042,#4043,#4044,#4045,#4046,#4047,#4048,#4049,#4050,#4051),#43,
 .T.);
#4470=ADVANCED_FACE('',(#4052,#4053,#4054,#4055,#4056,#4057,#4058,#4059,
#4060),#44,.F.);
#4471=ADVANCED_FACE('',(#4061),#45,.T.);
#4472=ADVANCED_FACE('',(#4062),#46,.T.);
#4473=ADVANCED_FACE('',(#4063),#4309,.T.);
#4474=ADVANCED_FACE('',(#4064),#47,.F.);
#4475=ADVANCED_FACE('',(#4065),#48,.T.);
#4476=ADVANCED_FACE('',(#4066),#4310,.T.);
#4477=ADVANCED_FACE('',(#4067),#49,.F.);
#4478=ADVANCED_FACE('',(#4068),#50,.F.);
#4479=ADVANCED_FACE('',(#4069),#51,.F.);
#4480=ADVANCED_FACE('',(#4070),#4311,.T.);
#4481=ADVANCED_FACE('',(#4071),#52,.T.);
#4482=ADVANCED_FACE('',(#4072),#4312,.F.);
#4483=ADVANCED_FACE('',(#4073),#4313,.T.);
#4484=ADVANCED_FACE('',(#4074),#53,.F.);
#4485=ADVANCED_FACE('',(#4075),#54,.F.);
#4486=ADVANCED_FACE('',(#4076),#4314,.T.);
#4487=ADVANCED_FACE('',(#4077),#55,.T.);
#4488=ADVANCED_FACE('',(#4078),#56,.F.);
#4489=ADVANCED_FACE('',(#4079),#57,.F.);
#4490=ADVANCED_FACE('',(#4080),#58,.F.);
#4491=ADVANCED_FACE('',(#4081),#4315,.T.);
#4492=ADVANCED_FACE('',(#4082),#59,.T.);
#4493=ADVANCED_FACE('',(#4083),#4316,.T.);
#4494=ADVANCED_FACE('',(#4084),#60,.T.);
#4495=ADVANCED_FACE('',(#4085),#61,.F.);
#4496=ADVANCED_FACE('',(#4086),#4317,.T.);
#4497=ADVANCED_FACE('',(#4087),#62,.T.);
#4498=ADVANCED_FACE('',(#4088),#63,.T.);
#4499=ADVANCED_FACE('',(#4089),#64,.F.);
#4500=ADVANCED_FACE('',(#4090),#65,.F.);
#4501=ADVANCED_FACE('',(#4091),#4318,.T.);
#4502=ADVANCED_FACE('',(#4092),#66,.T.);
#4503=ADVANCED_FACE('',(#4093),#4319,.T.);
#4504=ADVANCED_FACE('',(#4094),#67,.T.);
#4505=ADVANCED_FACE('',(#4095),#68,.T.);
#4506=ADVANCED_FACE('',(#4096),#4320,.T.);
#4507=ADVANCED_FACE('',(#4097),#69,.T.);
#4508=ADVANCED_FACE('',(#4098),#4321,.T.);
#4509=ADVANCED_FACE('',(#4099),#4322,.T.);
#4510=ADVANCED_FACE('',(#4100),#70,.T.);
#4511=ADVANCED_FACE('',(#4101),#4323,.T.);
#4512=ADVANCED_FACE('',(#4102),#71,.T.);
#4513=ADVANCED_FACE('',(#4103),#4324,.T.);
#4514=ADVANCED_FACE('',(#4104),#72,.T.);
#4515=ADVANCED_FACE('',(#4105),#4325,.F.);
#4516=ADVANCED_FACE('',(#4106),#73,.F.);
#4517=ADVANCED_FACE('',(#4107),#4326,.T.);
#4518=ADVANCED_FACE('',(#4108),#74,.T.);
#4519=ADVANCED_FACE('',(#4109),#4327,.T.);
#4520=ADVANCED_FACE('',(#4110),#75,.F.);
#4521=ADVANCED_FACE('',(#4111),#76,.T.);
#4522=ADVANCED_FACE('',(#4112),#4328,.T.);
#4523=ADVANCED_FACE('',(#4113),#77,.F.);
#4524=ADVANCED_FACE('',(#4114),#78,.F.);
#4525=ADVANCED_FACE('',(#4115),#4329,.T.);
#4526=ADVANCED_FACE('',(#4116),#79,.T.);
#4527=ADVANCED_FACE('',(#4117),#4330,.T.);
#4528=ADVANCED_FACE('',(#4118),#4331,.T.);
#4529=ADVANCED_FACE('',(#4119),#80,.T.);
#4530=ADVANCED_FACE('',(#4120),#4332,.T.);
#4531=ADVANCED_FACE('',(#4121),#4333,.T.);
#4532=ADVANCED_FACE('',(#4122),#81,.T.);
#4533=ADVANCED_FACE('',(#4123),#4334,.T.);
#4534=ADVANCED_FACE('',(#4124),#4335,.T.);
#4535=ADVANCED_FACE('',(#4125),#82,.T.);
#4536=ADVANCED_FACE('',(#4126),#4336,.T.);
#4537=ADVANCED_FACE('',(#4127),#83,.F.);
#4538=ADVANCED_FACE('',(#4128),#4337,.T.);
#4539=ADVANCED_FACE('',(#4129),#84,.T.);
#4540=ADVANCED_FACE('',(#4130),#4338,.T.);
#4541=ADVANCED_FACE('',(#4131),#85,.T.);
#4542=ADVANCED_FACE('',(#4132),#4339,.T.);
#4543=ADVANCED_FACE('',(#4133),#4340,.T.);
#4544=ADVANCED_FACE('',(#4134),#86,.T.);
#4545=ADVANCED_FACE('',(#4135),#4341,.T.);
#4546=ADVANCED_FACE('',(#4136),#87,.F.);
#4547=ADVANCED_FACE('',(#4137),#4342,.T.);
#4548=ADVANCED_FACE('',(#4138),#88,.F.);
#4549=ADVANCED_FACE('',(#4139),#4343,.T.);
#4550=ADVANCED_FACE('',(#4140),#89,.F.);
#4551=ADVANCED_FACE('',(#4141),#4344,.T.);
#4552=ADVANCED_FACE('',(#4142),#90,.T.);
#4553=ADVANCED_FACE('',(#4143),#4345,.T.);
#4554=ADVANCED_FACE('',(#4144),#91,.T.);
#4555=ADVANCED_FACE('',(#4145),#4346,.T.);
#4556=ADVANCED_FACE('',(#4146),#92,.T.);
#4557=ADVANCED_FACE('',(#4147),#4347,.T.);
#4558=ADVANCED_FACE('',(#4148),#93,.T.);
#4559=ADVANCED_FACE('',(#4149),#4348,.T.);
#4560=ADVANCED_FACE('',(#4150),#94,.F.);
#4561=ADVANCED_FACE('',(#4151),#95,.F.);
#4562=ADVANCED_FACE('',(#4152),#4349,.T.);
#4563=ADVANCED_FACE('',(#4153),#96,.T.);
#4564=ADVANCED_FACE('',(#4154),#4350,.T.);
#4565=ADVANCED_FACE('',(#4155),#97,.F.);
#4566=ADVANCED_FACE('',(#4156),#4351,.T.);
#4567=ADVANCED_FACE('',(#4157),#98,.F.);
#4568=ADVANCED_FACE('',(#4158),#99,.F.);
#4569=ADVANCED_FACE('',(#4159),#4352,.T.);
#4570=ADVANCED_FACE('',(#4160),#100,.T.);
#4571=ADVANCED_FACE('',(#4161),#4353,.T.);
#4572=ADVANCED_FACE('',(#4162),#101,.T.);
#4573=ADVANCED_FACE('',(#4163),#4354,.T.);
#4574=ADVANCED_FACE('',(#4164),#102,.F.);
#4575=ADVANCED_FACE('',(#4165),#103,.F.);
#4576=ADVANCED_FACE('',(#4166),#104,.T.);
#4577=ADVANCED_FACE('',(#4167),#105,.T.);
#4578=ADVANCED_FACE('',(#4168),#106,.T.);
#4579=ADVANCED_FACE('',(#4169),#107,.F.);
#4580=ADVANCED_FACE('',(#4170),#4355,.T.);
#4581=ADVANCED_FACE('',(#4171),#108,.F.);
#4582=ADVANCED_FACE('',(#4172),#4356,.T.);
#4583=ADVANCED_FACE('',(#4173),#109,.T.);
#4584=ADVANCED_FACE('',(#4174),#110,.T.);
#4585=ADVANCED_FACE('',(#4175),#111,.F.);
#4586=ADVANCED_FACE('',(#4176),#4357,.T.);
#4587=ADVANCED_FACE('',(#4177),#112,.F.);
#4588=ADVANCED_FACE('',(#4178),#4358,.T.);
#4589=ADVANCED_FACE('',(#4179),#113,.T.);
#4590=ADVANCED_FACE('',(#4180),#114,.T.);
#4591=ADVANCED_FACE('',(#4181),#4359,.T.);
#4592=ADVANCED_FACE('',(#4182),#115,.T.);
#4593=ADVANCED_FACE('',(#4183),#4360,.T.);
#4594=ADVANCED_FACE('',(#4184),#4361,.T.);
#4595=ADVANCED_FACE('',(#4185),#116,.T.);
#4596=ADVANCED_FACE('',(#4186),#4362,.T.);
#4597=ADVANCED_FACE('',(#4187),#4363,.T.);
#4598=ADVANCED_FACE('',(#4188),#117,.T.);
#4599=ADVANCED_FACE('',(#4189),#4364,.T.);
#4600=ADVANCED_FACE('',(#4190),#118,.F.);
#4601=ADVANCED_FACE('',(#4191),#119,.F.);
#4602=ADVANCED_FACE('',(#4192),#4365,.T.);
#4603=ADVANCED_FACE('',(#4193),#120,.F.);
#4604=ADVANCED_FACE('',(#4194),#121,.F.);
#4605=ADVANCED_FACE('',(#4195),#122,.F.);
#4606=ADVANCED_FACE('',(#4196),#123,.F.);
#4607=ADVANCED_FACE('',(#4197,#4198),#4366,.T.);
#4608=ADVANCED_FACE('',(#4199,#4200),#4367,.T.);
#4609=ADVANCED_FACE('',(#4201,#4202),#4368,.T.);
#4610=ADVANCED_FACE('',(#4203,#4204),#4369,.T.);
#4611=ADVANCED_FACE('',(#4205,#4206),#4370,.T.);
#4612=ADVANCED_FACE('',(#4207,#4208),#4371,.T.);
#4613=ADVANCED_FACE('',(#4209,#4210),#4372,.T.);
#4614=ADVANCED_FACE('',(#4211),#124,.F.);
#4615=ADVANCED_FACE('',(#4212),#125,.F.);
#4616=ADVANCED_FACE('',(#4213),#4373,.T.);
#4617=ADVANCED_FACE('',(#4214),#4374,.T.);
#4618=ADVANCED_FACE('',(#4215),#126,.F.);
#4619=ADVANCED_FACE('',(#4216),#127,.F.);
#4620=ADVANCED_FACE('',(#4217),#128,.F.);
#4621=ADVANCED_FACE('',(#4218),#4375,.T.);
#4622=ADVANCED_FACE('Face appearance 1',(#4219,#4220,#4221,#4222,#4223,
#4224,#4225,#4226,#4227,#4228,#4229,#4230,#4231,#4232,#4233,#4234,#4235,
#4236,#4237,#4238,#4239,#4240,#4241,#4242,#4243,#4244,#4245),#129,.F.);
#4623=CLOSED_SHELL('',(#4376,#4377,#4378,#4379,#4380,#4381,#4382,#4383,
#4384,#4385,#4386,#4387,#4388,#4389,#4390,#4391,#4392,#4393,#4394,#4395,
#4396,#4397,#4398,#4399,#4400,#4401,#4402,#4403,#4404,#4405,#4406,#4407,
#4408,#4409,#4410,#4411,#4412,#4413,#4414,#4415,#4416,#4417,#4418,#4419,
#4420,#4421,#4422,#4423,#4424,#4425,#4426,#4427,#4428,#4429,#4430,#4431,
#4432,#4433,#4434,#4435,#4436,#4437,#4438,#4439,#4440,#4441,#4442,#4443,
#4444,#4445,#4446,#4447,#4448,#4449,#4450,#4451,#4452,#4453,#4454,#4455,
#4456,#4457,#4458,#4459,#4460,#4461,#4462,#4463,#4464,#4465,#4466,#4467,
#4468,#4469,#4470,#4471,#4472,#4473,#4474,#4475,#4476,#4477,#4478,#4479,
#4480,#4481,#4482,#4483,#4484,#4485,#4486,#4487,#4488,#4489,#4490,#4491,
#4492,#4493,#4494,#4495,#4496,#4497,#4498,#4499,#4500,#4501,#4502,#4503,
#4504,#4505,#4506,#4507,#4508,#4509,#4510,#4511,#4512,#4513,#4514,#4515,
#4516,#4517,#4518,#4519,#4520,#4521,#4522,#4523,#4524,#4525,#4526,#4527,
#4528,#4529,#4530,#4531,#4532,#4533,#4534,#4535,#4536,#4537,#4538,#4539,
#4540,#4541,#4542,#4543,#4544,#4545,#4546,#4547,#4548,#4549,#4550,#4551,
#4552,#4553,#4554,#4555,#4556,#4557,#4558,#4559,#4560,#4561,#4562,#4563,
#4564,#4565,#4566,#4567,#4568,#4569,#4570,#4571,#4572,#4573,#4574,#4575,
#4576,#4577,#4578,#4579,#4580,#4581,#4582,#4583,#4584,#4585,#4586,#4587,
#4588,#4589,#4590,#4591,#4592,#4593,#4594,#4595,#4596,#4597,#4598,#4599,
#4600,#4601,#4602,#4603,#4604,#4605,#4606,#4607,#4608,#4609,#4610,#4611,
#4612,#4613,#4614,#4615,#4616,#4617,#4618,#4619,#4620,#4621,#4622));
#4624=STYLED_ITEM('',(#4625),#4639);
#4625=PRESENTATION_STYLE_ASSIGNMENT((#4627));
#4626=PRESENTATION_STYLE_ASSIGNMENT((#4628));
#4627=SURFACE_STYLE_USAGE(.BOTH.,#4629);
#4628=SURFACE_STYLE_USAGE(.BOTH.,#4630);
#4629=SURFACE_SIDE_STYLE('',(#4631));
#4630=SURFACE_SIDE_STYLE('',(#4632));
#4631=SURFACE_STYLE_FILL_AREA(#4633);
#4632=SURFACE_STYLE_FILL_AREA(#4634);
#4633=FILL_AREA_STYLE('',(#4635));
#4634=FILL_AREA_STYLE('',(#4636));
#4635=FILL_AREA_STYLE_COLOUR('',#4637);
#4636=FILL_AREA_STYLE_COLOUR('',#4638);
#4637=COLOUR_RGB('',0.6,0.352941176470589,0.0549019607843137);
#4638=COLOUR_RGB('',0.6,0.6,0.6);
#4639=MANIFOLD_SOLID_BREP('PCB',#4623);
#4640=SHAPE_DEFINITION_REPRESENTATION(#7832,#4641);
#4641=SHAPE_REPRESENTATION('PCB',(#4642),#7827);
#4642=AXIS2_PLACEMENT_3D('',#6519,#5151,#5152);
#4643=AXIS2_PLACEMENT_3D('',#6520,#5153,#5154);
#4644=AXIS2_PLACEMENT_3D('',#6521,#5155,#5156);
#4645=AXIS2_PLACEMENT_3D('',#6526,#5158,#5159);
#4646=AXIS2_PLACEMENT_3D('',#6530,#5161,#5162);
#4647=AXIS2_PLACEMENT_3D('',#6533,#5164,#5165);
#4648=AXIS2_PLACEMENT_3D('',#6534,#5166,#5167);
#4649=AXIS2_PLACEMENT_3D('',#6539,#5169,#5170);
#4650=AXIS2_PLACEMENT_3D('',#6542,#5172,#5173);
#4651=AXIS2_PLACEMENT_3D('',#6544,#5174,#5175);
#4652=AXIS2_PLACEMENT_3D('',#6546,#5176,#5177);
#4653=AXIS2_PLACEMENT_3D('',#6547,#5178,#5179);
#4654=AXIS2_PLACEMENT_3D('',#6552,#5181,#5182);
#4655=AXIS2_PLACEMENT_3D('',#6555,#5184,#5185);
#4656=AXIS2_PLACEMENT_3D('',#6557,#5186,#5187);
#4657=AXIS2_PLACEMENT_3D('',#6559,#5188,#5189);
#4658=AXIS2_PLACEMENT_3D('',#6563,#5191,#5192);
#4659=AXIS2_PLACEMENT_3D('',#6567,#5194,#5195);
#4660=AXIS2_PLACEMENT_3D('',#6571,#5197,#5198);
#4661=AXIS2_PLACEMENT_3D('',#6575,#5200,#5201);
#4662=AXIS2_PLACEMENT_3D('',#6581,#5204,#5205);
#4663=AXIS2_PLACEMENT_3D('',#6587,#5208,#5209);
#4664=AXIS2_PLACEMENT_3D('',#6588,#5210,#5211);
#4665=AXIS2_PLACEMENT_3D('',#6590,#5212,#5213);
#4666=AXIS2_PLACEMENT_3D('',#6592,#5214,#5215);
#4667=AXIS2_PLACEMENT_3D('',#6593,#5216,#5217);
#4668=AXIS2_PLACEMENT_3D('',#6598,#5219,#5220);
#4669=AXIS2_PLACEMENT_3D('',#6601,#5222,#5223);
#4670=AXIS2_PLACEMENT_3D('',#6603,#5224,#5225);
#4671=AXIS2_PLACEMENT_3D('',#6605,#5226,#5227);
#4672=AXIS2_PLACEMENT_3D('',#6606,#5228,#5229);
#4673=AXIS2_PLACEMENT_3D('',#6611,#5231,#5232);
#4674=AXIS2_PLACEMENT_3D('',#6614,#5234,#5235);
#4675=AXIS2_PLACEMENT_3D('',#6616,#5236,#5237);
#4676=AXIS2_PLACEMENT_3D('',#6618,#5238,#5239);
#4677=AXIS2_PLACEMENT_3D('',#6619,#5240,#5241);
#4678=AXIS2_PLACEMENT_3D('',#6624,#5243,#5244);
#4679=AXIS2_PLACEMENT_3D('',#6627,#5246,#5247);
#4680=AXIS2_PLACEMENT_3D('',#6629,#5248,#5249);
#4681=AXIS2_PLACEMENT_3D('',#6631,#5250,#5251);
#4682=AXIS2_PLACEMENT_3D('',#6632,#5252,#5253);
#4683=AXIS2_PLACEMENT_3D('',#6634,#5254,#5255);
#4684=AXIS2_PLACEMENT_3D('',#6636,#5256,#5257);
#4685=AXIS2_PLACEMENT_3D('',#6637,#5258,#5259);
#4686=AXIS2_PLACEMENT_3D('',#6639,#5260,#5261);
#4687=AXIS2_PLACEMENT_3D('',#6641,#5262,#5263);
#4688=AXIS2_PLACEMENT_3D('',#6642,#5264,#5265);
#4689=AXIS2_PLACEMENT_3D('',#6644,#5266,#5267);
#4690=AXIS2_PLACEMENT_3D('',#6646,#5268,#5269);
#4691=AXIS2_PLACEMENT_3D('',#6647,#5270,#5271);
#4692=AXIS2_PLACEMENT_3D('',#6649,#5272,#5273);
#4693=AXIS2_PLACEMENT_3D('',#6651,#5274,#5275);
#4694=AXIS2_PLACEMENT_3D('',#6652,#5276,#5277);
#4695=AXIS2_PLACEMENT_3D('',#6654,#5278,#5279);
#4696=AXIS2_PLACEMENT_3D('',#6656,#5280,#5281);
#4697=AXIS2_PLACEMENT_3D('',#6657,#5282,#5283);
#4698=AXIS2_PLACEMENT_3D('',#6659,#5284,#5285);
#4699=AXIS2_PLACEMENT_3D('',#6661,#5286,#5287);
#4700=AXIS2_PLACEMENT_3D('',#6662,#5288,#5289);
#4701=AXIS2_PLACEMENT_3D('',#6664,#5290,#5291);
#4702=AXIS2_PLACEMENT_3D('',#6666,#5292,#5293);
#4703=AXIS2_PLACEMENT_3D('',#6667,#5294,#5295);
#4704=AXIS2_PLACEMENT_3D('',#6669,#5296,#5297);
#4705=AXIS2_PLACEMENT_3D('',#6676,#5300,#5301);
#4706=AXIS2_PLACEMENT_3D('',#6680,#5303,#5304);
#4707=AXIS2_PLACEMENT_3D('',#6684,#5306,#5307);
#4708=AXIS2_PLACEMENT_3D('',#6685,#5308,#5309);
#4709=AXIS2_PLACEMENT_3D('',#6686,#5310,#5311);
#4710=AXIS2_PLACEMENT_3D('',#6691,#5313,#5314);
#4711=AXIS2_PLACEMENT_3D('',#6694,#5316,#5317);
#4712=AXIS2_PLACEMENT_3D('',#6696,#5318,#5319);
#4713=AXIS2_PLACEMENT_3D('',#6698,#5320,#5321);
#4714=AXIS2_PLACEMENT_3D('',#6699,#5322,#5323);
#4715=AXIS2_PLACEMENT_3D('',#6701,#5324,#5325);
#4716=AXIS2_PLACEMENT_3D('',#6703,#5326,#5327);
#4717=AXIS2_PLACEMENT_3D('',#6705,#5328,#5329);
#4718=AXIS2_PLACEMENT_3D('',#6707,#5330,#5331);
#4719=AXIS2_PLACEMENT_3D('',#6709,#5332,#5333);
#4720=AXIS2_PLACEMENT_3D('',#6711,#5334,#5335);
#4721=AXIS2_PLACEMENT_3D('',#6713,#5336,#5337);
#4722=AXIS2_PLACEMENT_3D('',#6717,#5339,#5340);
#4723=AXIS2_PLACEMENT_3D('',#6721,#5342,#5343);
#4724=AXIS2_PLACEMENT_3D('',#6725,#5345,#5346);
#4725=AXIS2_PLACEMENT_3D('',#6729,#5348,#5349);
#4726=AXIS2_PLACEMENT_3D('',#6733,#5351,#5352);
#4727=AXIS2_PLACEMENT_3D('',#6739,#5355,#5356);
#4728=AXIS2_PLACEMENT_3D('',#6743,#5358,#5359);
#4729=AXIS2_PLACEMENT_3D('',#6747,#5361,#5362);
#4730=AXIS2_PLACEMENT_3D('',#6753,#5365,#5366);
#4731=AXIS2_PLACEMENT_3D('',#6757,#5368,#5369);
#4732=AXIS2_PLACEMENT_3D('',#6761,#5371,#5372);
#4733=AXIS2_PLACEMENT_3D('',#6773,#5378,#5379);
#4734=AXIS2_PLACEMENT_3D('',#6777,#5381,#5382);
#4735=AXIS2_PLACEMENT_3D('',#6783,#5385,#5386);
#4736=AXIS2_PLACEMENT_3D('',#6784,#5387,#5388);
#4737=AXIS2_PLACEMENT_3D('',#6785,#5389,#5390);
#4738=AXIS2_PLACEMENT_3D('',#6787,#5391,#5392);
#4739=AXIS2_PLACEMENT_3D('',#6789,#5393,#5394);
#4740=AXIS2_PLACEMENT_3D('',#6791,#5395,#5396);
#4741=AXIS2_PLACEMENT_3D('',#6796,#5398,#5399);
#4742=AXIS2_PLACEMENT_3D('',#6800,#5401,#5402);
#4743=AXIS2_PLACEMENT_3D('',#6805,#5405,#5406);
#4744=AXIS2_PLACEMENT_3D('',#6806,#5407,#5408);
#4745=AXIS2_PLACEMENT_3D('',#6808,#5409,#5410);
#4746=AXIS2_PLACEMENT_3D('',#6815,#5413,#5414);
#4747=AXIS2_PLACEMENT_3D('',#6819,#5416,#5417);
#4748=AXIS2_PLACEMENT_3D('',#6825,#5420,#5421);
#4749=AXIS2_PLACEMENT_3D('',#6829,#5423,#5424);
#4750=AXIS2_PLACEMENT_3D('',#6830,#5425,#5426);
#4751=AXIS2_PLACEMENT_3D('',#6831,#5427,#5428);
#4752=AXIS2_PLACEMENT_3D('',#6836,#5430,#5431);
#4753=AXIS2_PLACEMENT_3D('',#6839,#5433,#5434);
#4754=AXIS2_PLACEMENT_3D('',#6841,#5435,#5436);
#4755=AXIS2_PLACEMENT_3D('',#6843,#5437,#5438);
#4756=AXIS2_PLACEMENT_3D('',#6844,#5439,#5440);
#4757=AXIS2_PLACEMENT_3D('',#6849,#5442,#5443);
#4758=AXIS2_PLACEMENT_3D('',#6852,#5445,#5446);
#4759=AXIS2_PLACEMENT_3D('',#6854,#5447,#5448);
#4760=AXIS2_PLACEMENT_3D('',#6856,#5449,#5450);
#4761=AXIS2_PLACEMENT_3D('',#6857,#5451,#5452);
#4762=AXIS2_PLACEMENT_3D('',#6862,#5454,#5455);
#4763=AXIS2_PLACEMENT_3D('',#6865,#5457,#5458);
#4764=AXIS2_PLACEMENT_3D('',#6867,#5459,#5460);
#4765=AXIS2_PLACEMENT_3D('',#6869,#5461,#5462);
#4766=AXIS2_PLACEMENT_3D('',#6872,#5464,#5465);
#4767=AXIS2_PLACEMENT_3D('',#6873,#5466,#5467);
#4768=AXIS2_PLACEMENT_3D('',#6881,#5472,#5473);
#4769=AXIS2_PLACEMENT_3D('',#6882,#5474,#5475);
#4770=AXIS2_PLACEMENT_3D('',#6886,#5477,#5478);
#4771=AXIS2_PLACEMENT_3D('',#6887,#5479,#5480);
#4772=AXIS2_PLACEMENT_3D('',#6893,#5484,#5485);
#4773=AXIS2_PLACEMENT_3D('',#6894,#5486,#5487);
#4774=AXIS2_PLACEMENT_3D('',#6898,#5489,#5490);
#4775=AXIS2_PLACEMENT_3D('',#6899,#5491,#5492);
#4776=AXIS2_PLACEMENT_3D('',#6905,#5496,#5497);
#4777=AXIS2_PLACEMENT_3D('',#6911,#5501,#5502);
#4778=AXIS2_PLACEMENT_3D('',#6917,#5506,#5507);
#4779=AXIS2_PLACEMENT_3D('',#6918,#5508,#5509);
#4780=AXIS2_PLACEMENT_3D('',#6922,#5511,#5512);
#4781=AXIS2_PLACEMENT_3D('',#6923,#5513,#5514);
#4782=AXIS2_PLACEMENT_3D('',#6929,#5518,#5519);
#4783=AXIS2_PLACEMENT_3D('',#6930,#5520,#5521);
#4784=AXIS2_PLACEMENT_3D('',#6934,#5523,#5524);
#4785=AXIS2_PLACEMENT_3D('',#6935,#5525,#5526);
#4786=AXIS2_PLACEMENT_3D('',#6941,#5530,#5531);
#4787=AXIS2_PLACEMENT_3D('',#6942,#5532,#5533);
#4788=AXIS2_PLACEMENT_3D('',#6946,#5535,#5536);
#4789=AXIS2_PLACEMENT_3D('',#6947,#5537,#5538);
#4790=AXIS2_PLACEMENT_3D('',#6948,#5539,#5540);
#4791=AXIS2_PLACEMENT_3D('',#6952,#5542,#5543);
#4792=AXIS2_PLACEMENT_3D('',#6953,#5544,#5545);
#4793=AXIS2_PLACEMENT_3D('',#6959,#5549,#5550);
#4794=AXIS2_PLACEMENT_3D('',#6960,#5551,#5552);
#4795=AXIS2_PLACEMENT_3D('',#6964,#5554,#5555);
#4796=AXIS2_PLACEMENT_3D('',#6965,#5556,#5557);
#4797=AXIS2_PLACEMENT_3D('',#6966,#5558,#5559);
#4798=AXIS2_PLACEMENT_3D('',#6968,#5560,#5561);
#4799=AXIS2_PLACEMENT_3D('',#6969,#5562,#5563);
#4800=AXIS2_PLACEMENT_3D('',#6971,#5564,#5565);
#4801=AXIS2_PLACEMENT_3D('',#6972,#5566,#5567);
#4802=AXIS2_PLACEMENT_3D('',#6974,#5568,#5569);
#4803=AXIS2_PLACEMENT_3D('',#6975,#5570,#5571);
#4804=AXIS2_PLACEMENT_3D('',#6977,#5572,#5573);
#4805=AXIS2_PLACEMENT_3D('',#6978,#5574,#5575);
#4806=AXIS2_PLACEMENT_3D('',#6980,#5576,#5577);
#4807=AXIS2_PLACEMENT_3D('',#6981,#5578,#5579);
#4808=AXIS2_PLACEMENT_3D('',#6983,#5580,#5581);
#4809=AXIS2_PLACEMENT_3D('',#6984,#5582,#5583);
#4810=AXIS2_PLACEMENT_3D('',#6986,#5584,#5585);
#4811=AXIS2_PLACEMENT_3D('',#6987,#5586,#5587);
#4812=AXIS2_PLACEMENT_3D('',#6989,#5588,#5589);
#4813=AXIS2_PLACEMENT_3D('',#6990,#5590,#5591);
#4814=AXIS2_PLACEMENT_3D('',#6992,#5592,#5593);
#4815=AXIS2_PLACEMENT_3D('',#6993,#5594,#5595);
#4816=AXIS2_PLACEMENT_3D('',#6995,#5596,#5597);
#4817=AXIS2_PLACEMENT_3D('',#6996,#5598,#5599);
#4818=AXIS2_PLACEMENT_3D('',#6998,#5600,#5601);
#4819=AXIS2_PLACEMENT_3D('',#6999,#5602,#5603);
#4820=AXIS2_PLACEMENT_3D('',#7001,#5604,#5605);
#4821=AXIS2_PLACEMENT_3D('',#7002,#5606,#5607);
#4822=AXIS2_PLACEMENT_3D('',#7004,#5608,#5609);
#4823=AXIS2_PLACEMENT_3D('',#7005,#5610,#5611);
#4824=AXIS2_PLACEMENT_3D('',#7007,#5612,#5613);
#4825=AXIS2_PLACEMENT_3D('',#7008,#5614,#5615);
#4826=AXIS2_PLACEMENT_3D('',#7010,#5616,#5617);
#4827=AXIS2_PLACEMENT_3D('',#7011,#5618,#5619);
#4828=AXIS2_PLACEMENT_3D('',#7013,#5620,#5621);
#4829=AXIS2_PLACEMENT_3D('',#7014,#5622,#5623);
#4830=AXIS2_PLACEMENT_3D('',#7016,#5624,#5625);
#4831=AXIS2_PLACEMENT_3D('',#7017,#5626,#5627);
#4832=AXIS2_PLACEMENT_3D('',#7019,#5628,#5629);
#4833=AXIS2_PLACEMENT_3D('',#7020,#5630,#5631);
#4834=AXIS2_PLACEMENT_3D('',#7022,#5632,#5633);
#4835=AXIS2_PLACEMENT_3D('',#7023,#5634,#5635);
#4836=AXIS2_PLACEMENT_3D('',#7025,#5636,#5637);
#4837=AXIS2_PLACEMENT_3D('',#7026,#5638,#5639);
#4838=AXIS2_PLACEMENT_3D('',#7028,#5640,#5641);
#4839=AXIS2_PLACEMENT_3D('',#7029,#5642,#5643);
#4840=AXIS2_PLACEMENT_3D('',#7031,#5644,#5645);
#4841=AXIS2_PLACEMENT_3D('',#7032,#5646,#5647);
#4842=AXIS2_PLACEMENT_3D('',#7034,#5648,#5649);
#4843=AXIS2_PLACEMENT_3D('',#7035,#5650,#5651);
#4844=AXIS2_PLACEMENT_3D('',#7037,#5652,#5653);
#4845=AXIS2_PLACEMENT_3D('',#7038,#5654,#5655);
#4846=AXIS2_PLACEMENT_3D('',#7040,#5656,#5657);
#4847=AXIS2_PLACEMENT_3D('',#7041,#5658,#5659);
#4848=AXIS2_PLACEMENT_3D('',#7043,#5660,#5661);
#4849=AXIS2_PLACEMENT_3D('',#7044,#5662,#5663);
#4850=AXIS2_PLACEMENT_3D('',#7046,#5664,#5665);
#4851=AXIS2_PLACEMENT_3D('',#7048,#5666,#5667);
#4852=AXIS2_PLACEMENT_3D('',#7049,#5668,#5669);
#4853=AXIS2_PLACEMENT_3D('',#7051,#5670,#5671);
#4854=AXIS2_PLACEMENT_3D('',#7053,#5672,#5673);
#4855=AXIS2_PLACEMENT_3D('',#7054,#5674,#5675);
#4856=AXIS2_PLACEMENT_3D('',#7056,#5676,#5677);
#4857=AXIS2_PLACEMENT_3D('',#7058,#5678,#5679);
#4858=AXIS2_PLACEMENT_3D('',#7059,#5680,#5681);
#4859=AXIS2_PLACEMENT_3D('',#7061,#5682,#5683);
#4860=AXIS2_PLACEMENT_3D('',#7063,#5684,#5685);
#4861=AXIS2_PLACEMENT_3D('',#7064,#5686,#5687);
#4862=AXIS2_PLACEMENT_3D('',#7066,#5688,#5689);
#4863=AXIS2_PLACEMENT_3D('',#7068,#5690,#5691);
#4864=AXIS2_PLACEMENT_3D('',#7069,#5692,#5693);
#4865=AXIS2_PLACEMENT_3D('',#7071,#5694,#5695);
#4866=AXIS2_PLACEMENT_3D('',#7073,#5696,#5697);
#4867=AXIS2_PLACEMENT_3D('',#7074,#5698,#5699);
#4868=AXIS2_PLACEMENT_3D('',#7076,#5700,#5701);
#4869=AXIS2_PLACEMENT_3D('',#7078,#5702,#5703);
#4870=AXIS2_PLACEMENT_3D('',#7079,#5704,#5705);
#4871=AXIS2_PLACEMENT_3D('',#7081,#5706,#5707);
#4872=AXIS2_PLACEMENT_3D('',#7083,#5708,#5709);
#4873=AXIS2_PLACEMENT_3D('',#7084,#5710,#5711);
#4874=AXIS2_PLACEMENT_3D('',#7086,#5712,#5713);
#4875=AXIS2_PLACEMENT_3D('',#7088,#5714,#5715);
#4876=AXIS2_PLACEMENT_3D('',#7089,#5716,#5717);
#4877=AXIS2_PLACEMENT_3D('',#7091,#5718,#5719);
#4878=AXIS2_PLACEMENT_3D('',#7093,#5720,#5721);
#4879=AXIS2_PLACEMENT_3D('',#7096,#5724,#5725);
#4880=AXIS2_PLACEMENT_3D('',#7097,#5726,#5727);
#4881=AXIS2_PLACEMENT_3D('',#7099,#5728,#5729);
#4882=AXIS2_PLACEMENT_3D('',#7100,#5730,#5731);
#4883=AXIS2_PLACEMENT_3D('',#7102,#5732,#5733);
#4884=AXIS2_PLACEMENT_3D('',#7103,#5734,#5735);
#4885=AXIS2_PLACEMENT_3D('',#7105,#5736,#5737);
#4886=AXIS2_PLACEMENT_3D('',#7107,#5738,#5739);
#4887=AXIS2_PLACEMENT_3D('',#7108,#5740,#5741);
#4888=AXIS2_PLACEMENT_3D('',#7110,#5742,#5743);
#4889=AXIS2_PLACEMENT_3D('',#7111,#5744,#5745);
#4890=AXIS2_PLACEMENT_3D('',#7113,#5746,#5747);
#4891=AXIS2_PLACEMENT_3D('',#7114,#5748,#5749);
#4892=AXIS2_PLACEMENT_3D('',#7116,#5750,#5751);
#4893=AXIS2_PLACEMENT_3D('',#7117,#5752,#5753);
#4894=AXIS2_PLACEMENT_3D('',#7119,#5754,#5755);
#4895=AXIS2_PLACEMENT_3D('',#7120,#5756,#5757);
#4896=AXIS2_PLACEMENT_3D('',#7122,#5758,#5759);
#4897=AXIS2_PLACEMENT_3D('',#7123,#5760,#5761);
#4898=AXIS2_PLACEMENT_3D('',#7125,#5762,#5763);
#4899=AXIS2_PLACEMENT_3D('',#7127,#5764,#5765);
#4900=AXIS2_PLACEMENT_3D('',#7128,#5766,#5767);
#4901=AXIS2_PLACEMENT_3D('',#7130,#5768,#5769);
#4902=AXIS2_PLACEMENT_3D('',#7132,#5770,#5771);
#4903=AXIS2_PLACEMENT_3D('',#7133,#5772,#5773);
#4904=AXIS2_PLACEMENT_3D('',#7135,#5774,#5775);
#4905=AXIS2_PLACEMENT_3D('',#7136,#5776,#5777);
#4906=AXIS2_PLACEMENT_3D('',#7138,#5778,#5779);
#4907=AXIS2_PLACEMENT_3D('',#7139,#5780,#5781);
#4908=AXIS2_PLACEMENT_3D('',#7141,#5782,#5783);
#4909=AXIS2_PLACEMENT_3D('',#7142,#5784,#5785);
#4910=AXIS2_PLACEMENT_3D('',#7144,#5786,#5787);
#4911=AXIS2_PLACEMENT_3D('',#7145,#5788,#5789);
#4912=AXIS2_PLACEMENT_3D('',#7147,#5790,#5791);
#4913=AXIS2_PLACEMENT_3D('',#7148,#5792,#5793);
#4914=AXIS2_PLACEMENT_3D('',#7150,#5794,#5795);
#4915=AXIS2_PLACEMENT_3D('',#7151,#5796,#5797);
#4916=AXIS2_PLACEMENT_3D('',#7153,#5798,#5799);
#4917=AXIS2_PLACEMENT_3D('',#7154,#5800,#5801);
#4918=AXIS2_PLACEMENT_3D('',#7156,#5802,#5803);
#4919=AXIS2_PLACEMENT_3D('',#7157,#5804,#5805);
#4920=AXIS2_PLACEMENT_3D('',#7163,#5808,#5809);
#4921=AXIS2_PLACEMENT_3D('',#7169,#5812,#5813);
#4922=AXIS2_PLACEMENT_3D('',#7177,#5817,#5818);
#4923=AXIS2_PLACEMENT_3D('',#7181,#5820,#5821);
#4924=AXIS2_PLACEMENT_3D('',#7183,#5822,#5823);
#4925=AXIS2_PLACEMENT_3D('',#7189,#5826,#5827);
#4926=AXIS2_PLACEMENT_3D('',#7199,#5832,#5833);
#4927=AXIS2_PLACEMENT_3D('',#7203,#5835,#5836);
#4928=AXIS2_PLACEMENT_3D('',#7209,#5839,#5840);
#4929=AXIS2_PLACEMENT_3D('',#7219,#5845,#5846);
#4930=AXIS2_PLACEMENT_3D('',#7223,#5848,#5849);
#4931=AXIS2_PLACEMENT_3D('',#7229,#5852,#5853);
#4932=AXIS2_PLACEMENT_3D('',#7230,#5854,#5855);
#4933=AXIS2_PLACEMENT_3D('',#7236,#5859,#5860);
#4934=AXIS2_PLACEMENT_3D('',#7240,#5863,#5864);
#4935=AXIS2_PLACEMENT_3D('',#7241,#5865,#5866);
#4936=AXIS2_PLACEMENT_3D('',#7244,#5868,#5869);
#4937=AXIS2_PLACEMENT_3D('',#7248,#5872,#5873);
#4938=AXIS2_PLACEMENT_3D('',#7252,#5876,#5877);
#4939=AXIS2_PLACEMENT_3D('',#7253,#5878,#5879);
#4940=AXIS2_PLACEMENT_3D('',#7256,#5881,#5882);
#4941=AXIS2_PLACEMENT_3D('',#7260,#5885,#5886);
#4942=AXIS2_PLACEMENT_3D('',#7264,#5889,#5890);
#4943=AXIS2_PLACEMENT_3D('',#7268,#5893,#5894);
#4944=AXIS2_PLACEMENT_3D('',#7269,#5895,#5896);
#4945=AXIS2_PLACEMENT_3D('',#7272,#5898,#5899);
#4946=AXIS2_PLACEMENT_3D('',#7276,#5902,#5903);
#4947=AXIS2_PLACEMENT_3D('',#7277,#5904,#5905);
#4948=AXIS2_PLACEMENT_3D('',#7280,#5907,#5908);
#4949=AXIS2_PLACEMENT_3D('',#7281,#5909,#5910);
#4950=AXIS2_PLACEMENT_3D('',#7284,#5912,#5913);
#4951=AXIS2_PLACEMENT_3D('',#7288,#5916,#5917);
#4952=AXIS2_PLACEMENT_3D('',#7292,#5920,#5921);
#4953=AXIS2_PLACEMENT_3D('',#7293,#5922,#5923);
#4954=AXIS2_PLACEMENT_3D('',#7296,#5925,#5926);
#4955=AXIS2_PLACEMENT_3D('',#7300,#5929,#5930);
#4956=AXIS2_PLACEMENT_3D('',#7304,#5933,#5934);
#4957=AXIS2_PLACEMENT_3D('',#7308,#5937,#5938);
#4958=AXIS2_PLACEMENT_3D('',#7312,#5941,#5942);
#4959=AXIS2_PLACEMENT_3D('',#7313,#5943,#5944);
#4960=AXIS2_PLACEMENT_3D('',#7316,#5946,#5947);
#4961=AXIS2_PLACEMENT_3D('',#7320,#5950,#5951);
#4962=AXIS2_PLACEMENT_3D('',#7321,#5952,#5953);
#4963=AXIS2_PLACEMENT_3D('',#7324,#5955,#5956);
#4964=AXIS2_PLACEMENT_3D('',#7328,#5959,#5960);
#4965=AXIS2_PLACEMENT_3D('',#7332,#5963,#5964);
#4966=AXIS2_PLACEMENT_3D('',#7333,#5965,#5966);
#4967=AXIS2_PLACEMENT_3D('',#7336,#5968,#5969);
#4968=AXIS2_PLACEMENT_3D('',#7340,#5972,#5973);
#4969=AXIS2_PLACEMENT_3D('',#7344,#5976,#5977);
#4970=AXIS2_PLACEMENT_3D('',#7348,#5980,#5981);
#4971=AXIS2_PLACEMENT_3D('',#7352,#5984,#5985);
#4972=AXIS2_PLACEMENT_3D('',#7353,#5986,#5987);
#4973=AXIS2_PLACEMENT_3D('',#7356,#5989,#5990);
#4974=AXIS2_PLACEMENT_3D('',#7360,#5993,#5994);
#4975=AXIS2_PLACEMENT_3D('',#7361,#5995,#5996);
#4976=AXIS2_PLACEMENT_3D('',#7364,#5998,#5999);
#4977=AXIS2_PLACEMENT_3D('',#7368,#6002,#6003);
#4978=AXIS2_PLACEMENT_3D('',#7372,#6006,#6007);
#4979=AXIS2_PLACEMENT_3D('',#7375,#6009,#6010);
#4980=AXIS2_PLACEMENT_3D('',#7378,#6012,#6013);
#4981=AXIS2_PLACEMENT_3D('',#7382,#6016,#6017);
#4982=AXIS2_PLACEMENT_3D('',#7383,#6018,#6019);
#4983=AXIS2_PLACEMENT_3D('',#7386,#6021,#6022);
#4984=AXIS2_PLACEMENT_3D('',#7389,#6024,#6025);
#4985=AXIS2_PLACEMENT_3D('',#7392,#6027,#6028);
#4986=AXIS2_PLACEMENT_3D('',#7396,#6031,#6032);
#4987=AXIS2_PLACEMENT_3D('',#7397,#6033,#6034);
#4988=AXIS2_PLACEMENT_3D('',#7400,#6036,#6037);
#4989=AXIS2_PLACEMENT_3D('',#7406,#6041,#6042);
#4990=AXIS2_PLACEMENT_3D('',#7407,#6043,#6044);
#4991=AXIS2_PLACEMENT_3D('',#7410,#6046,#6047);
#4992=AXIS2_PLACEMENT_3D('',#7414,#6050,#6051);
#4993=AXIS2_PLACEMENT_3D('',#7415,#6052,#6053);
#4994=AXIS2_PLACEMENT_3D('',#7418,#6055,#6056);
#4995=AXIS2_PLACEMENT_3D('',#7422,#6059,#6060);
#4996=AXIS2_PLACEMENT_3D('',#7423,#6061,#6062);
#4997=AXIS2_PLACEMENT_3D('',#7426,#6064,#6065);
#4998=AXIS2_PLACEMENT_3D('',#7430,#6068,#6069);
#4999=AXIS2_PLACEMENT_3D('',#7431,#6070,#6071);
#5000=AXIS2_PLACEMENT_3D('',#7434,#6073,#6074);
#5001=AXIS2_PLACEMENT_3D('',#7438,#6077,#6078);
#5002=AXIS2_PLACEMENT_3D('',#7442,#6081,#6082);
#5003=AXIS2_PLACEMENT_3D('',#7443,#6083,#6084);
#5004=AXIS2_PLACEMENT_3D('',#7446,#6086,#6087);
#5005=AXIS2_PLACEMENT_3D('',#7450,#6090,#6091);
#5006=AXIS2_PLACEMENT_3D('',#7454,#6094,#6095);
#5007=AXIS2_PLACEMENT_3D('',#7457,#6097,#6098);
#5008=AXIS2_PLACEMENT_3D('',#7460,#6100,#6101);
#5009=AXIS2_PLACEMENT_3D('',#7464,#6104,#6105);
#5010=AXIS2_PLACEMENT_3D('',#7465,#6106,#6107);
#5011=AXIS2_PLACEMENT_3D('',#7468,#6109,#6110);
#5012=AXIS2_PLACEMENT_3D('',#7471,#6112,#6113);
#5013=AXIS2_PLACEMENT_3D('',#7474,#6115,#6116);
#5014=AXIS2_PLACEMENT_3D('',#7478,#6119,#6120);
#5015=AXIS2_PLACEMENT_3D('',#7479,#6121,#6122);
#5016=AXIS2_PLACEMENT_3D('',#7482,#6124,#6125);
#5017=AXIS2_PLACEMENT_3D('',#7485,#6127,#6128);
#5018=AXIS2_PLACEMENT_3D('',#7488,#6130,#6131);
#5019=AXIS2_PLACEMENT_3D('',#7492,#6134,#6135);
#5020=AXIS2_PLACEMENT_3D('',#7493,#6136,#6137);
#5021=AXIS2_PLACEMENT_3D('',#7496,#6139,#6140);
#5022=AXIS2_PLACEMENT_3D('',#7499,#6142,#6143);
#5023=AXIS2_PLACEMENT_3D('',#7502,#6145,#6146);
#5024=AXIS2_PLACEMENT_3D('',#7506,#6149,#6150);
#5025=AXIS2_PLACEMENT_3D('',#7507,#6151,#6152);
#5026=AXIS2_PLACEMENT_3D('',#7510,#6154,#6155);
#5027=AXIS2_PLACEMENT_3D('',#7516,#6159,#6160);
#5028=AXIS2_PLACEMENT_3D('',#7517,#6161,#6162);
#5029=AXIS2_PLACEMENT_3D('',#7520,#6164,#6165);
#5030=AXIS2_PLACEMENT_3D('',#7524,#6168,#6169);
#5031=AXIS2_PLACEMENT_3D('',#7525,#6170,#6171);
#5032=AXIS2_PLACEMENT_3D('',#7528,#6173,#6174);
#5033=AXIS2_PLACEMENT_3D('',#7532,#6177,#6178);
#5034=AXIS2_PLACEMENT_3D('',#7533,#6179,#6180);
#5035=AXIS2_PLACEMENT_3D('',#7536,#6182,#6183);
#5036=AXIS2_PLACEMENT_3D('',#7539,#6185,#6186);
#5037=AXIS2_PLACEMENT_3D('',#7542,#6188,#6189);
#5038=AXIS2_PLACEMENT_3D('',#7546,#6192,#6193);
#5039=AXIS2_PLACEMENT_3D('',#7547,#6194,#6195);
#5040=AXIS2_PLACEMENT_3D('',#7550,#6197,#6198);
#5041=AXIS2_PLACEMENT_3D('',#7556,#6202,#6203);
#5042=AXIS2_PLACEMENT_3D('',#7557,#6204,#6205);
#5043=AXIS2_PLACEMENT_3D('',#7560,#6207,#6208);
#5044=AXIS2_PLACEMENT_3D('',#7562,#6210,#6211);
#5045=AXIS2_PLACEMENT_3D('',#7563,#6212,#6213);
#5046=AXIS2_PLACEMENT_3D('',#7566,#6215,#6216);
#5047=AXIS2_PLACEMENT_3D('',#7570,#6219,#6220);
#5048=AXIS2_PLACEMENT_3D('',#7571,#6221,#6222);
#5049=AXIS2_PLACEMENT_3D('',#7574,#6224,#6225);
#5050=AXIS2_PLACEMENT_3D('',#7578,#6228,#6229);
#5051=AXIS2_PLACEMENT_3D('',#7579,#6230,#6231);
#5052=AXIS2_PLACEMENT_3D('',#7582,#6233,#6234);
#5053=AXIS2_PLACEMENT_3D('',#7586,#6237,#6238);
#5054=AXIS2_PLACEMENT_3D('',#7587,#6239,#6240);
#5055=AXIS2_PLACEMENT_3D('',#7590,#6242,#6243);
#5056=AXIS2_PLACEMENT_3D('',#7594,#6246,#6247);
#5057=AXIS2_PLACEMENT_3D('',#7595,#6248,#6249);
#5058=AXIS2_PLACEMENT_3D('',#7598,#6251,#6252);
#5059=AXIS2_PLACEMENT_3D('',#7602,#6255,#6256);
#5060=AXIS2_PLACEMENT_3D('',#7603,#6257,#6258);
#5061=AXIS2_PLACEMENT_3D('',#7606,#6260,#6261);
#5062=AXIS2_PLACEMENT_3D('',#7610,#6264,#6265);
#5063=AXIS2_PLACEMENT_3D('',#7614,#6268,#6269);
#5064=AXIS2_PLACEMENT_3D('',#7615,#6270,#6271);
#5065=AXIS2_PLACEMENT_3D('',#7618,#6273,#6274);
#5066=AXIS2_PLACEMENT_3D('',#7622,#6277,#6278);
#5067=AXIS2_PLACEMENT_3D('',#7623,#6279,#6280);
#5068=AXIS2_PLACEMENT_3D('',#7626,#6282,#6283);
#5069=AXIS2_PLACEMENT_3D('',#7630,#6286,#6287);
#5070=AXIS2_PLACEMENT_3D('',#7631,#6288,#6289);
#5071=AXIS2_PLACEMENT_3D('',#7634,#6291,#6292);
#5072=AXIS2_PLACEMENT_3D('',#7638,#6295,#6296);
#5073=AXIS2_PLACEMENT_3D('',#7642,#6299,#6300);
#5074=AXIS2_PLACEMENT_3D('',#7643,#6301,#6302);
#5075=AXIS2_PLACEMENT_3D('',#7646,#6304,#6305);
#5076=AXIS2_PLACEMENT_3D('',#7650,#6308,#6309);
#5077=AXIS2_PLACEMENT_3D('',#7651,#6310,#6311);
#5078=AXIS2_PLACEMENT_3D('',#7654,#6313,#6314);
#5079=AXIS2_PLACEMENT_3D('',#7658,#6317,#6318);
#5080=AXIS2_PLACEMENT_3D('',#7659,#6319,#6320);
#5081=AXIS2_PLACEMENT_3D('',#7662,#6322,#6323);
#5082=AXIS2_PLACEMENT_3D('',#7666,#6326,#6327);
#5083=AXIS2_PLACEMENT_3D('',#7670,#6330,#6331);
#5084=AXIS2_PLACEMENT_3D('',#7674,#6334,#6335);
#5085=AXIS2_PLACEMENT_3D('',#7678,#6338,#6339);
#5086=AXIS2_PLACEMENT_3D('',#7682,#6342,#6343);
#5087=AXIS2_PLACEMENT_3D('',#7688,#6347,#6348);
#5088=AXIS2_PLACEMENT_3D('',#7689,#6349,#6350);
#5089=AXIS2_PLACEMENT_3D('',#7692,#6352,#6353);
#5090=AXIS2_PLACEMENT_3D('',#7696,#6356,#6357);
#5091=AXIS2_PLACEMENT_3D('',#7697,#6358,#6359);
#5092=AXIS2_PLACEMENT_3D('',#7700,#6361,#6362);
#5093=AXIS2_PLACEMENT_3D('',#7704,#6365,#6366);
#5094=AXIS2_PLACEMENT_3D('',#7708,#6369,#6370);
#5095=AXIS2_PLACEMENT_3D('',#7714,#6374,#6375);
#5096=AXIS2_PLACEMENT_3D('',#7715,#6376,#6377);
#5097=AXIS2_PLACEMENT_3D('',#7718,#6379,#6380);
#5098=AXIS2_PLACEMENT_3D('',#7722,#6383,#6384);
#5099=AXIS2_PLACEMENT_3D('',#7723,#6385,#6386);
#5100=AXIS2_PLACEMENT_3D('',#7726,#6388,#6389);
#5101=AXIS2_PLACEMENT_3D('',#7730,#6392,#6393);
#5102=AXIS2_PLACEMENT_3D('',#7734,#6396,#6397);
#5103=AXIS2_PLACEMENT_3D('',#7735,#6398,#6399);
#5104=AXIS2_PLACEMENT_3D('',#7738,#6401,#6402);
#5105=AXIS2_PLACEMENT_3D('',#7742,#6405,#6406);
#5106=AXIS2_PLACEMENT_3D('',#7743,#6407,#6408);
#5107=AXIS2_PLACEMENT_3D('',#7746,#6410,#6411);
#5108=AXIS2_PLACEMENT_3D('',#7749,#6413,#6414);
#5109=AXIS2_PLACEMENT_3D('',#7752,#6416,#6417);
#5110=AXIS2_PLACEMENT_3D('',#7756,#6420,#6421);
#5111=AXIS2_PLACEMENT_3D('',#7757,#6422,#6423);
#5112=AXIS2_PLACEMENT_3D('',#7760,#6425,#6426);
#5113=AXIS2_PLACEMENT_3D('',#7763,#6428,#6429);
#5114=AXIS2_PLACEMENT_3D('',#7766,#6431,#6432);
#5115=AXIS2_PLACEMENT_3D('',#7770,#6435,#6436);
#5116=AXIS2_PLACEMENT_3D('',#7771,#6437,#6438);
#5117=AXIS2_PLACEMENT_3D('',#7774,#6440,#6441);
#5118=AXIS2_PLACEMENT_3D('',#7776,#6443,#6444);
#5119=AXIS2_PLACEMENT_3D('',#7778,#6446,#6447);
#5120=AXIS2_PLACEMENT_3D('',#7779,#6448,#6449);
#5121=AXIS2_PLACEMENT_3D('',#7780,#6450,#6451);
#5122=AXIS2_PLACEMENT_3D('',#7782,#6453,#6454);
#5123=AXIS2_PLACEMENT_3D('',#7784,#6456,#6457);
#5124=AXIS2_PLACEMENT_3D('',#7786,#6459,#6460);
#5125=AXIS2_PLACEMENT_3D('',#7788,#6462,#6463);
#5126=AXIS2_PLACEMENT_3D('',#7789,#6464,#6465);
#5127=AXIS2_PLACEMENT_3D('',#7791,#6466,#6467);
#5128=AXIS2_PLACEMENT_3D('',#7792,#6468,#6469);
#5129=AXIS2_PLACEMENT_3D('',#7794,#6470,#6471);
#5130=AXIS2_PLACEMENT_3D('',#7795,#6472,#6473);
#5131=AXIS2_PLACEMENT_3D('',#7797,#6474,#6475);
#5132=AXIS2_PLACEMENT_3D('',#7798,#6476,#6477);
#5133=AXIS2_PLACEMENT_3D('',#7800,#6478,#6479);
#5134=AXIS2_PLACEMENT_3D('',#7801,#6480,#6481);
#5135=AXIS2_PLACEMENT_3D('',#7803,#6482,#6483);
#5136=AXIS2_PLACEMENT_3D('',#7804,#6484,#6485);
#5137=AXIS2_PLACEMENT_3D('',#7806,#6486,#6487);
#5138=AXIS2_PLACEMENT_3D('',#7807,#6488,#6489);
#5139=AXIS2_PLACEMENT_3D('',#7809,#6490,#6491);
#5140=AXIS2_PLACEMENT_3D('',#7811,#6493,#6494);
#5141=AXIS2_PLACEMENT_3D('',#7813,#6496,#6497);
#5142=AXIS2_PLACEMENT_3D('',#7814,#6498,#6499);
#5143=AXIS2_PLACEMENT_3D('',#7815,#6500,#6501);
#5144=AXIS2_PLACEMENT_3D('',#7816,#6502,#6503);
#5145=AXIS2_PLACEMENT_3D('',#7817,#6504,#6505);
#5146=AXIS2_PLACEMENT_3D('',#7819,#6507,#6508);
#5147=AXIS2_PLACEMENT_3D('',#7821,#6510,#6511);
#5148=AXIS2_PLACEMENT_3D('',#7823,#6513,#6514);
#5149=AXIS2_PLACEMENT_3D('',#7824,#6515,#6516);
#5150=AXIS2_PLACEMENT_3D('',#7825,#6517,#6518);
#5151=DIRECTION('',(0.,0.,1.));
#5152=DIRECTION('',(1.,0.,0.));
#5153=DIRECTION('',(0.,1.,0.));
#5154=DIRECTION('',(0.,0.,1.));
#5155=DIRECTION('',(0.,1.,0.));
#5156=DIRECTION('',(0.,0.,-1.));
#5157=DIRECTION('',(0.,1.,0.));
#5158=DIRECTION('',(0.,1.,0.));
#5159=DIRECTION('',(0.,0.,-1.));
#5160=DIRECTION('',(0.,1.,0.));
#5161=DIRECTION('',(0.,1.,0.));
#5162=DIRECTION('',(0.,0.,-1.));
#5163=DIRECTION('',(0.,1.,0.));
#5164=DIRECTION('',(0.,-1.,0.));
#5165=DIRECTION('',(1.,0.,0.));
#5166=DIRECTION('',(0.,1.,0.));
#5167=DIRECTION('',(0.,0.,-1.));
#5168=DIRECTION('',(-1.,0.,0.));
#5169=DIRECTION('',(0.,1.,0.));
#5170=DIRECTION('',(0.,0.,-1.));
#5171=DIRECTION('',(-1.,0.,0.));
#5172=DIRECTION('',(0.,-1.,0.));
#5173=DIRECTION('',(0.,0.,-1.));
#5174=DIRECTION('',(0.,-1.,0.));
#5175=DIRECTION('',(0.,0.,-1.));
#5176=DIRECTION('',(0.,-1.,0.));
#5177=DIRECTION('',(1.,0.,0.));
#5178=DIRECTION('',(0.,1.,0.));
#5179=DIRECTION('',(0.,0.,-1.));
#5180=DIRECTION('',(1.19801345026047E-16,0.,-1.));
#5181=DIRECTION('',(0.,1.,0.));
#5182=DIRECTION('',(0.,0.,-1.));
#5183=DIRECTION('',(0.,0.,-1.));
#5184=DIRECTION('',(0.,-1.,0.));
#5185=DIRECTION('',(0.,0.,-1.));
#5186=DIRECTION('',(0.,-1.,0.));
#5187=DIRECTION('',(0.,0.,-1.));
#5188=DIRECTION('',(0.,-1.,0.));
#5189=DIRECTION('',(1.,0.,0.));
#5190=DIRECTION('',(0.227534287770321,0.,-0.973770069312491));
#5191=DIRECTION('',(0.,1.,0.));
#5192=DIRECTION('',(0.,0.,-1.));
#5193=DIRECTION('',(0.,0.,-1.));
#5194=DIRECTION('',(0.,-1.,0.));
#5195=DIRECTION('',(0.,0.,-1.));
#5196=DIRECTION('',(-0.72050980600913,0.,0.693444748660401));
#5197=DIRECTION('',(0.,1.,0.));
#5198=DIRECTION('',(0.,0.,-1.));
#5199=DIRECTION('',(1.15383733183299E-16,0.,-1.));
#5200=DIRECTION('',(0.,1.,0.));
#5201=DIRECTION('',(0.,0.,-1.));
#5202=DIRECTION('',(2.30767466366589E-16,0.,-1.));
#5203=DIRECTION('',(-0.378266754231021,0.,0.925696636400677));
#5204=DIRECTION('',(0.,1.,0.));
#5205=DIRECTION('',(0.,0.,-1.));
#5206=DIRECTION('',(0.,0.,-1.));
#5207=DIRECTION('',(0.227534287770321,0.,-0.973770069312491));
#5208=DIRECTION('',(0.,-1.,0.));
#5209=DIRECTION('',(0.,0.,-1.));
#5210=DIRECTION('',(0.,-1.,0.));
#5211=DIRECTION('',(0.,0.,-1.));
#5212=DIRECTION('',(0.,-1.,0.));
#5213=DIRECTION('',(0.,0.,-1.));
#5214=DIRECTION('',(0.,-1.,0.));
#5215=DIRECTION('',(1.,0.,0.));
#5216=DIRECTION('',(0.,1.,0.));
#5217=DIRECTION('',(0.,0.,-1.));
#5218=DIRECTION('',(-1.,0.,0.));
#5219=DIRECTION('',(0.,1.,0.));
#5220=DIRECTION('',(0.,0.,-1.));
#5221=DIRECTION('',(-1.,0.,0.));
#5222=DIRECTION('',(0.,-1.,0.));
#5223=DIRECTION('',(0.,0.,-1.));
#5224=DIRECTION('',(0.,-1.,0.));
#5225=DIRECTION('',(0.,0.,-1.));
#5226=DIRECTION('',(0.,-1.,0.));
#5227=DIRECTION('',(1.,0.,0.));
#5228=DIRECTION('',(0.,1.,0.));
#5229=DIRECTION('',(0.,0.,-1.));
#5230=DIRECTION('',(-1.,0.,0.));
#5231=DIRECTION('',(0.,1.,0.));
#5232=DIRECTION('',(0.,0.,-1.));
#5233=DIRECTION('',(-1.,0.,0.));
#5234=DIRECTION('',(0.,-1.,0.));
#5235=DIRECTION('',(0.,0.,-1.));
#5236=DIRECTION('',(0.,-1.,0.));
#5237=DIRECTION('',(0.,0.,-1.));
#5238=DIRECTION('',(0.,-1.,0.));
#5239=DIRECTION('',(1.,0.,0.));
#5240=DIRECTION('',(0.,1.,0.));
#5241=DIRECTION('',(0.,0.,-1.));
#5242=DIRECTION('',(-0.344700371395905,0.,0.938712764353146));
#5243=DIRECTION('',(0.,1.,0.));
#5244=DIRECTION('',(0.,0.,-1.));
#5245=DIRECTION('',(-0.344700371395906,0.,0.938712764353146));
#5246=DIRECTION('',(0.,1.,0.));
#5247=DIRECTION('',(0.,0.,-1.));
#5248=DIRECTION('',(0.,1.,0.));
#5249=DIRECTION('',(0.,0.,-1.));
#5250=DIRECTION('',(0.,-1.,0.));
#5251=DIRECTION('',(1.,0.,0.));
#5252=DIRECTION('',(0.,1.,0.));
#5253=DIRECTION('',(0.,0.,-1.));
#5254=DIRECTION('',(0.,-1.,0.));
#5255=DIRECTION('',(0.,0.,-1.));
#5256=DIRECTION('',(0.,-1.,0.));
#5257=DIRECTION('',(1.,0.,0.));
#5258=DIRECTION('',(0.,1.,0.));
#5259=DIRECTION('',(0.,0.,-1.));
#5260=DIRECTION('',(0.,-1.,0.));
#5261=DIRECTION('',(0.,0.,-1.));
#5262=DIRECTION('',(0.,-1.,0.));
#5263=DIRECTION('',(1.,0.,0.));
#5264=DIRECTION('',(0.,1.,0.));
#5265=DIRECTION('',(0.,0.,-1.));
#5266=DIRECTION('',(0.,-1.,0.));
#5267=DIRECTION('',(0.,0.,-1.));
#5268=DIRECTION('',(0.,-1.,0.));
#5269=DIRECTION('',(1.,0.,0.));
#5270=DIRECTION('',(0.,1.,0.));
#5271=DIRECTION('',(0.,0.,-1.));
#5272=DIRECTION('',(0.,-1.,0.));
#5273=DIRECTION('',(0.,0.,-1.));
#5274=DIRECTION('',(0.,-1.,0.));
#5275=DIRECTION('',(1.,0.,0.));
#5276=DIRECTION('',(0.,1.,0.));
#5277=DIRECTION('',(0.,0.,-1.));
#5278=DIRECTION('',(0.,-1.,0.));
#5279=DIRECTION('',(0.,0.,-1.));
#5280=DIRECTION('',(0.,-1.,0.));
#5281=DIRECTION('',(1.,0.,0.));
#5282=DIRECTION('',(0.,1.,0.));
#5283=DIRECTION('',(0.,0.,-1.));
#5284=DIRECTION('',(0.,-1.,0.));
#5285=DIRECTION('',(0.,0.,-1.));
#5286=DIRECTION('',(0.,-1.,0.));
#5287=DIRECTION('',(1.,0.,0.));
#5288=DIRECTION('',(0.,1.,0.));
#5289=DIRECTION('',(0.,0.,-1.));
#5290=DIRECTION('',(0.,-1.,0.));
#5291=DIRECTION('',(0.,0.,-1.));
#5292=DIRECTION('',(0.,-1.,0.));
#5293=DIRECTION('',(1.,0.,0.));
#5294=DIRECTION('',(0.,1.,0.));
#5295=DIRECTION('',(0.,0.,-1.));
#5296=DIRECTION('',(0.,-1.,0.));
#5297=DIRECTION('',(0.,0.,-1.));
#5298=DIRECTION('',(0.,0.,-1.));
#5299=DIRECTION('',(0.873339837232983,0.,-0.487111413027725));
#5300=DIRECTION('',(0.,1.,0.));
#5301=DIRECTION('',(0.,0.,-1.));
#5302=DIRECTION('',(0.873339837232982,0.,-0.487111413027726));
#5303=DIRECTION('',(0.,1.,0.));
#5304=DIRECTION('',(0.,0.,-1.));
#5305=DIRECTION('',(0.,0.,-1.));
#5306=DIRECTION('',(0.,1.,0.));
#5307=DIRECTION('',(0.,0.,-1.));
#5308=DIRECTION('',(0.,-1.,0.));
#5309=DIRECTION('',(1.,0.,0.));
#5310=DIRECTION('',(0.,1.,0.));
#5311=DIRECTION('',(0.,0.,-1.));
#5312=DIRECTION('',(-1.,0.,0.));
#5313=DIRECTION('',(0.,1.,0.));
#5314=DIRECTION('',(0.,0.,-1.));
#5315=DIRECTION('',(-1.,0.,0.));
#5316=DIRECTION('',(0.,-1.,0.));
#5317=DIRECTION('',(0.,0.,-1.));
#5318=DIRECTION('',(0.,1.,0.));
#5319=DIRECTION('',(0.,0.,-1.));
#5320=DIRECTION('',(0.,-1.,0.));
#5321=DIRECTION('',(1.,0.,0.));
#5322=DIRECTION('',(0.,-1.,0.));
#5323=DIRECTION('',(0.,0.,-1.));
#5324=DIRECTION('',(0.,-1.,0.));
#5325=DIRECTION('',(0.,0.,-1.));
#5326=DIRECTION('',(0.,-1.,0.));
#5327=DIRECTION('',(0.,0.,-1.));
#5328=DIRECTION('',(0.,-1.,0.));
#5329=DIRECTION('',(0.,0.,-1.));
#5330=DIRECTION('',(0.,-1.,0.));
#5331=DIRECTION('',(0.,0.,-1.));
#5332=DIRECTION('',(0.,-1.,0.));
#5333=DIRECTION('',(0.,0.,-1.));
#5334=DIRECTION('',(0.,-1.,0.));
#5335=DIRECTION('',(0.,0.,-1.));
#5336=DIRECTION('',(0.,1.,0.));
#5337=DIRECTION('',(0.,0.,-1.));
#5338=DIRECTION('',(0.854330708661791,0.,0.519729776169734));
#5339=DIRECTION('',(0.,1.,0.));
#5340=DIRECTION('',(0.,0.,-1.));
#5341=DIRECTION('',(-1.,0.,0.));
#5342=DIRECTION('',(0.,1.,0.));
#5343=DIRECTION('',(0.,0.,-1.));
#5344=DIRECTION('',(0.,0.,1.));
#5345=DIRECTION('',(0.,-1.,0.));
#5346=DIRECTION('',(0.,0.,-1.));
#5347=DIRECTION('',(-1.,0.,0.));
#5348=DIRECTION('',(0.,1.,0.));
#5349=DIRECTION('',(0.,0.,-1.));
#5350=DIRECTION('',(-3.85494105772624E-16,0.,1.));
#5351=DIRECTION('',(0.,1.,0.));
#5352=DIRECTION('',(0.,0.,-1.));
#5353=DIRECTION('',(-2.56615898813081E-16,0.,1.));
#5354=DIRECTION('',(-1.,0.,0.));
#5355=DIRECTION('',(0.,-1.,0.));
#5356=DIRECTION('',(0.,0.,-1.));
#5357=DIRECTION('',(0.,0.,1.));
#5358=DIRECTION('',(0.,1.,0.));
#5359=DIRECTION('',(0.,0.,-1.));
#5360=DIRECTION('',(0.,0.,1.));
#5361=DIRECTION('',(0.,-1.,0.));
#5362=DIRECTION('',(0.,0.,-1.));
#5363=DIRECTION('',(-1.,0.,0.));
#5364=DIRECTION('',(0.,0.,-1.));
#5365=DIRECTION('',(0.,1.,0.));
#5366=DIRECTION('',(0.,0.,-1.));
#5367=DIRECTION('',(0.,0.,-1.));
#5368=DIRECTION('',(0.,1.,0.));
#5369=DIRECTION('',(0.,0.,-1.));
#5370=DIRECTION('',(-1.,0.,0.));
#5371=DIRECTION('',(0.,-1.,0.));
#5372=DIRECTION('',(0.,0.,-1.));
#5373=DIRECTION('',(0.,0.,1.));
#5374=DIRECTION('',(-1.,0.,0.));
#5375=DIRECTION('',(0.854330708661791,0.,0.519729776169734));
#5376=DIRECTION('',(0.224409448818898,0.,0.974494945744101));
#5377=DIRECTION('',(0.0651058686404407,0.,0.997878362260939));
#5378=DIRECTION('',(0.,1.,0.));
#5379=DIRECTION('',(0.,0.,-1.));
#5380=DIRECTION('',(0.0651058686404401,0.,0.997878362260939));
#5381=DIRECTION('',(0.,1.,0.));
#5382=DIRECTION('',(0.,0.,-1.));
#5383=DIRECTION('',(0.224409448818904,0.,0.9744949457441));
#5384=DIRECTION('',(0.5,0.,0.866025403784439));
#5385=DIRECTION('',(0.,1.,0.));
#5386=DIRECTION('',(0.,0.,-1.));
#5387=DIRECTION('',(0.,-1.,0.));
#5388=DIRECTION('',(1.,0.,0.));
#5389=DIRECTION('',(0.,-1.,0.));
#5390=DIRECTION('',(0.,0.,-1.));
#5391=DIRECTION('',(0.,-1.,0.));
#5392=DIRECTION('',(0.,0.,-1.));
#5393=DIRECTION('',(0.,-1.,0.));
#5394=DIRECTION('',(0.,0.,-1.));
#5395=DIRECTION('',(0.,1.,0.));
#5396=DIRECTION('',(0.,0.,-1.));
#5397=DIRECTION('',(0.344700371395904,0.,0.938712764353147));
#5398=DIRECTION('',(0.,1.,0.));
#5399=DIRECTION('',(0.,0.,-1.));
#5400=DIRECTION('',(1.,0.,0.));
#5401=DIRECTION('',(0.,1.,0.));
#5402=DIRECTION('',(0.,0.,-1.));
#5403=DIRECTION('',(1.,0.,0.));
#5404=DIRECTION('',(0.344700371395904,0.,0.938712764353146));
#5405=DIRECTION('',(0.,-1.,0.));
#5406=DIRECTION('',(1.,0.,0.));
#5407=DIRECTION('',(0.,-1.,0.));
#5408=DIRECTION('',(0.,0.,-1.));
#5409=DIRECTION('',(0.,-1.,0.));
#5410=DIRECTION('',(0.,0.,-1.));
#5411=DIRECTION('',(-1.,0.,0.));
#5412=DIRECTION('',(0.,0.,-1.));
#5413=DIRECTION('',(0.,1.,0.));
#5414=DIRECTION('',(0.,0.,-1.));
#5415=DIRECTION('',(-1.,0.,0.));
#5416=DIRECTION('',(0.,1.,0.));
#5417=DIRECTION('',(0.,0.,-1.));
#5418=DIRECTION('',(-1.,0.,0.));
#5419=DIRECTION('',(0.,0.,-1.));
#5420=DIRECTION('',(0.,1.,0.));
#5421=DIRECTION('',(0.,0.,-1.));
#5422=DIRECTION('',(-1.,0.,0.));
#5423=DIRECTION('',(0.,1.,0.));
#5424=DIRECTION('',(0.,0.,-1.));
#5425=DIRECTION('',(0.,-1.,0.));
#5426=DIRECTION('',(1.,0.,0.));
#5427=DIRECTION('',(0.,1.,0.));
#5428=DIRECTION('',(0.,0.,-1.));
#5429=DIRECTION('',(-1.,0.,0.));
#5430=DIRECTION('',(0.,1.,0.));
#5431=DIRECTION('',(0.,0.,-1.));
#5432=DIRECTION('',(-1.,0.,0.));
#5433=DIRECTION('',(0.,-1.,0.));
#5434=DIRECTION('',(0.,0.,-1.));
#5435=DIRECTION('',(0.,-1.,0.));
#5436=DIRECTION('',(0.,0.,-1.));
#5437=DIRECTION('',(0.,-1.,0.));
#5438=DIRECTION('',(1.,0.,0.));
#5439=DIRECTION('',(0.,1.,0.));
#5440=DIRECTION('',(0.,0.,-1.));
#5441=DIRECTION('',(0.,0.,1.));
#5442=DIRECTION('',(0.,1.,0.));
#5443=DIRECTION('',(0.,0.,-1.));
#5444=DIRECTION('',(0.,0.,1.));
#5445=DIRECTION('',(0.,-1.,0.));
#5446=DIRECTION('',(0.,0.,-1.));
#5447=DIRECTION('',(0.,-1.,0.));
#5448=DIRECTION('',(0.,0.,-1.));
#5449=DIRECTION('',(0.,-1.,0.));
#5450=DIRECTION('',(1.,0.,0.));
#5451=DIRECTION('',(0.,1.,0.));
#5452=DIRECTION('',(0.,0.,-1.));
#5453=DIRECTION('',(0.,0.,-1.));
#5454=DIRECTION('',(0.,1.,0.));
#5455=DIRECTION('',(0.,0.,-1.));
#5456=DIRECTION('',(4.79205380104188E-16,0.,-1.));
#5457=DIRECTION('',(0.,-1.,0.));
#5458=DIRECTION('',(0.,0.,-1.));
#5459=DIRECTION('',(0.,-1.,0.));
#5460=DIRECTION('',(0.,0.,-1.));
#5461=DIRECTION('',(0.,1.,0.));
#5462=DIRECTION('',(0.,0.,1.));
#5463=DIRECTION('',(0.,1.,0.));
#5464=DIRECTION('',(0.,1.,0.));
#5465=DIRECTION('',(0.,0.,-1.));
#5466=DIRECTION('',(-0.866025403784439,0.,0.5));
#5467=DIRECTION('',(0.5,0.,0.866025403784439));
#5468=DIRECTION('',(0.,1.,0.));
#5469=DIRECTION('',(0.5,0.,0.866025403784439));
#5470=DIRECTION('',(0.,1.,0.));
#5471=DIRECTION('',(0.5,0.,0.866025403784439));
#5472=DIRECTION('',(0.,1.,0.));
#5473=DIRECTION('',(0.,0.,1.));
#5474=DIRECTION('',(0.,-1.,0.));
#5475=DIRECTION('',(0.,0.,-1.));
#5476=DIRECTION('',(0.,1.,0.));
#5477=DIRECTION('',(0.,-1.,0.));
#5478=DIRECTION('',(0.,0.,-1.));
#5479=DIRECTION('',(-1.,0.,0.));
#5480=DIRECTION('',(0.,0.,1.));
#5481=DIRECTION('',(0.,0.,1.));
#5482=DIRECTION('',(0.,1.,0.));
#5483=DIRECTION('',(0.,0.,1.));
#5484=DIRECTION('',(0.,1.,0.));
#5485=DIRECTION('',(0.,0.,1.));
#5486=DIRECTION('',(0.,-1.,0.));
#5487=DIRECTION('',(0.,0.,-1.));
#5488=DIRECTION('',(0.,1.,0.));
#5489=DIRECTION('',(0.,-1.,0.));
#5490=DIRECTION('',(0.,0.,-1.));
#5491=DIRECTION('',(0.637213590711696,0.,-0.770687251621763));
#5492=DIRECTION('',(-0.770687251621763,0.,-0.637213590711696));
#5493=DIRECTION('',(-0.770687251621763,0.,-0.637213590711696));
#5494=DIRECTION('',(0.,1.,0.));
#5495=DIRECTION('',(-0.770687251621763,0.,-0.637213590711696));
#5496=DIRECTION('',(0.,0.,1.));
#5497=DIRECTION('',(1.,0.,0.));
#5498=DIRECTION('',(1.,0.,0.));
#5499=DIRECTION('',(0.,1.,0.));
#5500=DIRECTION('',(1.,0.,0.));
#5501=DIRECTION('',(0.637213590711696,0.,0.770687251621763));
#5502=DIRECTION('',(0.770687251621763,0.,-0.637213590711696));
#5503=DIRECTION('',(0.770687251621763,0.,-0.637213590711696));
#5504=DIRECTION('',(0.,1.,0.));
#5505=DIRECTION('',(0.770687251621763,0.,-0.637213590711696));
#5506=DIRECTION('',(0.,1.,0.));
#5507=DIRECTION('',(0.,0.,1.));
#5508=DIRECTION('',(0.,1.,0.));
#5509=DIRECTION('',(0.,0.,-1.));
#5510=DIRECTION('',(0.,1.,0.));
#5511=DIRECTION('',(0.,1.,0.));
#5512=DIRECTION('',(0.,0.,-1.));
#5513=DIRECTION('',(-1.,0.,0.));
#5514=DIRECTION('',(0.,0.,1.));
#5515=DIRECTION('',(0.,0.,1.));
#5516=DIRECTION('',(0.,1.,0.));
#5517=DIRECTION('',(0.,0.,1.));
#5518=DIRECTION('',(0.,1.,0.));
#5519=DIRECTION('',(0.,0.,1.));
#5520=DIRECTION('',(0.,1.,0.));
#5521=DIRECTION('',(0.,0.,-1.));
#5522=DIRECTION('',(0.,1.,0.));
#5523=DIRECTION('',(0.,1.,0.));
#5524=DIRECTION('',(0.,0.,-1.));
#5525=DIRECTION('',(-0.866025403784438,0.,-0.5));
#5526=DIRECTION('',(-0.5,0.,0.866025403784438));
#5527=DIRECTION('',(-0.5,0.,0.866025403784438));
#5528=DIRECTION('',(0.,1.,0.));
#5529=DIRECTION('',(-0.5,0.,0.866025403784438));
#5530=DIRECTION('',(0.,1.,0.));
#5531=DIRECTION('',(0.,0.,1.));
#5532=DIRECTION('',(0.,1.,0.));
#5533=DIRECTION('',(0.,0.,-1.));
#5534=DIRECTION('',(0.,1.,0.));
#5535=DIRECTION('',(0.,1.,0.));
#5536=DIRECTION('',(0.,0.,-1.));
#5537=DIRECTION('',(0.,1.,0.));
#5538=DIRECTION('',(0.,0.,1.));
#5539=DIRECTION('',(0.,1.,0.));
#5540=DIRECTION('',(0.,0.,-1.));
#5541=DIRECTION('',(0.,1.,0.));
#5542=DIRECTION('',(0.,1.,0.));
#5543=DIRECTION('',(0.,0.,-1.));
#5544=DIRECTION('',(-0.866025403784438,0.,-0.5));
#5545=DIRECTION('',(-0.5,0.,0.866025403784438));
#5546=DIRECTION('',(-0.5,0.,0.866025403784438));
#5547=DIRECTION('',(0.,1.,0.));
#5548=DIRECTION('',(-0.5,0.,0.866025403784438));
#5549=DIRECTION('',(0.,1.,0.));
#5550=DIRECTION('',(0.,0.,1.));
#5551=DIRECTION('',(0.,1.,0.));
#5552=DIRECTION('',(0.,0.,-1.));
#5553=DIRECTION('',(0.,1.,0.));
#5554=DIRECTION('',(0.,1.,0.));
#5555=DIRECTION('',(0.,0.,-1.));
#5556=DIRECTION('',(0.,1.,0.));
#5557=DIRECTION('',(0.,0.,1.));
#5558=DIRECTION('',(0.,-1.,0.));
#5559=DIRECTION('',(0.,0.,-1.));
#5560=DIRECTION('',(0.,1.,0.));
#5561=DIRECTION('',(0.,0.,1.));
#5562=DIRECTION('',(0.,-1.,0.));
#5563=DIRECTION('',(0.,0.,-1.));
#5564=DIRECTION('',(0.,1.,0.));
#5565=DIRECTION('',(0.,0.,1.));
#5566=DIRECTION('',(0.,-1.,0.));
#5567=DIRECTION('',(0.,0.,-1.));
#5568=DIRECTION('',(0.,1.,0.));
#5569=DIRECTION('',(0.,0.,1.));
#5570=DIRECTION('',(0.,-1.,0.));
#5571=DIRECTION('',(0.,0.,-1.));
#5572=DIRECTION('',(0.,1.,0.));
#5573=DIRECTION('',(0.,0.,1.));
#5574=DIRECTION('',(0.,-1.,0.));
#5575=DIRECTION('',(0.,0.,-1.));
#5576=DIRECTION('',(0.,1.,0.));
#5577=DIRECTION('',(0.,0.,1.));
#5578=DIRECTION('',(0.,-1.,0.));
#5579=DIRECTION('',(0.,0.,-1.));
#5580=DIRECTION('',(0.,1.,0.));
#5581=DIRECTION('',(0.,0.,1.));
#5582=DIRECTION('',(0.,-1.,0.));
#5583=DIRECTION('',(0.,0.,-1.));
#5584=DIRECTION('',(0.,1.,0.));
#5585=DIRECTION('',(0.,0.,1.));
#5586=DIRECTION('',(0.,-1.,0.));
#5587=DIRECTION('',(0.,0.,-1.));
#5588=DIRECTION('',(0.,1.,0.));
#5589=DIRECTION('',(0.,0.,1.));
#5590=DIRECTION('',(0.,1.,0.));
#5591=DIRECTION('',(0.,0.,-1.));
#5592=DIRECTION('',(0.,1.,0.));
#5593=DIRECTION('',(0.,0.,1.));
#5594=DIRECTION('',(0.,-1.,0.));
#5595=DIRECTION('',(0.,0.,-1.));
#5596=DIRECTION('',(0.,1.,0.));
#5597=DIRECTION('',(0.,0.,1.));
#5598=DIRECTION('',(0.,1.,0.));
#5599=DIRECTION('',(0.,0.,-1.));
#5600=DIRECTION('',(0.,1.,0.));
#5601=DIRECTION('',(0.,0.,1.));
#5602=DIRECTION('',(0.,1.,0.));
#5603=DIRECTION('',(0.,0.,-1.));
#5604=DIRECTION('',(0.,1.,0.));
#5605=DIRECTION('',(0.,0.,1.));
#5606=DIRECTION('',(0.,1.,0.));
#5607=DIRECTION('',(0.,0.,-1.));
#5608=DIRECTION('',(0.,1.,0.));
#5609=DIRECTION('',(0.,0.,1.));
#5610=DIRECTION('',(0.,1.,0.));
#5611=DIRECTION('',(0.,0.,-1.));
#5612=DIRECTION('',(0.,1.,0.));
#5613=DIRECTION('',(0.,0.,1.));
#5614=DIRECTION('',(0.,1.,0.));
#5615=DIRECTION('',(0.,0.,-1.));
#5616=DIRECTION('',(0.,1.,0.));
#5617=DIRECTION('',(0.,0.,1.));
#5618=DIRECTION('',(0.,1.,0.));
#5619=DIRECTION('',(0.,0.,-1.));
#5620=DIRECTION('',(0.,1.,0.));
#5621=DIRECTION('',(0.,0.,1.));
#5622=DIRECTION('',(0.,1.,0.));
#5623=DIRECTION('',(0.,0.,-1.));
#5624=DIRECTION('',(0.,1.,0.));
#5625=DIRECTION('',(0.,0.,1.));
#5626=DIRECTION('',(0.,1.,0.));
#5627=DIRECTION('',(0.,0.,-1.));
#5628=DIRECTION('',(0.,1.,0.));
#5629=DIRECTION('',(0.,0.,1.));
#5630=DIRECTION('',(0.,-1.,0.));
#5631=DIRECTION('',(0.,0.,-1.));
#5632=DIRECTION('',(0.,1.,0.));
#5633=DIRECTION('',(0.,0.,1.));
#5634=DIRECTION('',(0.,1.,0.));
#5635=DIRECTION('',(0.,0.,-1.));
#5636=DIRECTION('',(0.,1.,0.));
#5637=DIRECTION('',(0.,0.,1.));
#5638=DIRECTION('',(0.,1.,0.));
#5639=DIRECTION('',(0.,0.,-1.));
#5640=DIRECTION('',(0.,1.,0.));
#5641=DIRECTION('',(0.,0.,1.));
#5642=DIRECTION('',(0.,-1.,0.));
#5643=DIRECTION('',(0.,0.,-1.));
#5644=DIRECTION('',(0.,1.,0.));
#5645=DIRECTION('',(0.,0.,1.));
#5646=DIRECTION('',(0.,-1.,0.));
#5647=DIRECTION('',(0.,0.,-1.));
#5648=DIRECTION('',(0.,1.,0.));
#5649=DIRECTION('',(0.,0.,1.));
#5650=DIRECTION('',(0.,-1.,0.));
#5651=DIRECTION('',(0.,0.,-1.));
#5652=DIRECTION('',(0.,1.,0.));
#5653=DIRECTION('',(0.,0.,1.));
#5654=DIRECTION('',(0.,-1.,0.));
#5655=DIRECTION('',(0.,0.,-1.));
#5656=DIRECTION('',(0.,1.,0.));
#5657=DIRECTION('',(0.,0.,1.));
#5658=DIRECTION('',(0.,-1.,0.));
#5659=DIRECTION('',(0.,0.,-1.));
#5660=DIRECTION('',(0.,1.,0.));
#5661=DIRECTION('',(0.,0.,1.));
#5662=DIRECTION('',(0.,1.,0.));
#5663=DIRECTION('',(0.,0.,-1.));
#5664=DIRECTION('',(0.,1.,0.));
#5665=DIRECTION('',(0.,0.,-1.));
#5666=DIRECTION('',(0.,1.,0.));
#5667=DIRECTION('',(0.,0.,1.));
#5668=DIRECTION('',(0.,1.,0.));
#5669=DIRECTION('',(0.,0.,-1.));
#5670=DIRECTION('',(0.,1.,0.));
#5671=DIRECTION('',(0.,0.,-1.));
#5672=DIRECTION('',(0.,1.,0.));
#5673=DIRECTION('',(0.,0.,1.));
#5674=DIRECTION('',(0.,-1.,0.));
#5675=DIRECTION('',(0.,0.,-1.));
#5676=DIRECTION('',(0.,-1.,0.));
#5677=DIRECTION('',(0.,0.,-1.));
#5678=DIRECTION('',(0.,1.,0.));
#5679=DIRECTION('',(0.,0.,1.));
#5680=DIRECTION('',(0.,-1.,0.));
#5681=DIRECTION('',(0.,0.,-1.));
#5682=DIRECTION('',(0.,-1.,0.));
#5683=DIRECTION('',(0.,0.,-1.));
#5684=DIRECTION('',(0.,1.,0.));
#5685=DIRECTION('',(0.,0.,1.));
#5686=DIRECTION('',(0.,-1.,0.));
#5687=DIRECTION('',(0.,0.,-1.));
#5688=DIRECTION('',(0.,-1.,0.));
#5689=DIRECTION('',(0.,0.,-1.));
#5690=DIRECTION('',(0.,1.,0.));
#5691=DIRECTION('',(0.,0.,1.));
#5692=DIRECTION('',(0.,-1.,0.));
#5693=DIRECTION('',(0.,0.,-1.));
#5694=DIRECTION('',(0.,-1.,0.));
#5695=DIRECTION('',(0.,0.,-1.));
#5696=DIRECTION('',(0.,1.,0.));
#5697=DIRECTION('',(0.,0.,1.));
#5698=DIRECTION('',(0.,-1.,0.));
#5699=DIRECTION('',(0.,0.,-1.));
#5700=DIRECTION('',(0.,-1.,0.));
#5701=DIRECTION('',(0.,0.,-1.));
#5702=DIRECTION('',(0.,1.,0.));
#5703=DIRECTION('',(0.,0.,1.));
#5704=DIRECTION('',(0.,-1.,0.));
#5705=DIRECTION('',(0.,0.,-1.));
#5706=DIRECTION('',(0.,-1.,0.));
#5707=DIRECTION('',(0.,0.,-1.));
#5708=DIRECTION('',(0.,1.,0.));
#5709=DIRECTION('',(0.,0.,1.));
#5710=DIRECTION('',(0.,-1.,0.));
#5711=DIRECTION('',(0.,0.,-1.));
#5712=DIRECTION('',(0.,-1.,0.));
#5713=DIRECTION('',(0.,0.,-1.));
#5714=DIRECTION('',(0.,1.,0.));
#5715=DIRECTION('',(0.,0.,1.));
#5716=DIRECTION('',(0.,1.,0.));
#5717=DIRECTION('',(0.,0.,-1.));
#5718=DIRECTION('',(0.,1.,0.));
#5719=DIRECTION('',(0.,0.,-1.));
#5720=DIRECTION('',(0.866025403784439,0.,-0.5));
#5721=DIRECTION('',(-0.5,0.,-0.866025403784439));
#5722=DIRECTION('',(-0.5,0.,-0.866025403784439));
#5723=DIRECTION('',(-0.5,0.,-0.866025403784439));
#5724=DIRECTION('',(0.,1.,0.));
#5725=DIRECTION('',(0.,0.,1.));
#5726=DIRECTION('',(0.,-1.,0.));
#5727=DIRECTION('',(0.,0.,-1.));
#5728=DIRECTION('',(0.,1.,0.));
#5729=DIRECTION('',(0.,0.,1.));
#5730=DIRECTION('',(0.,-1.,0.));
#5731=DIRECTION('',(0.,0.,-1.));
#5732=DIRECTION('',(0.,1.,0.));
#5733=DIRECTION('',(0.,0.,1.));
#5734=DIRECTION('',(0.,1.,0.));
#5735=DIRECTION('',(0.,0.,-1.));
#5736=DIRECTION('',(0.,1.,0.));
#5737=DIRECTION('',(0.,0.,-1.));
#5738=DIRECTION('',(0.,1.,0.));
#5739=DIRECTION('',(0.,0.,1.));
#5740=DIRECTION('',(0.,-1.,0.));
#5741=DIRECTION('',(0.,0.,-1.));
#5742=DIRECTION('',(0.,1.,0.));
#5743=DIRECTION('',(0.,0.,1.));
#5744=DIRECTION('',(0.,-1.,0.));
#5745=DIRECTION('',(0.,0.,-1.));
#5746=DIRECTION('',(0.,1.,0.));
#5747=DIRECTION('',(0.,0.,1.));
#5748=DIRECTION('',(0.,-1.,0.));
#5749=DIRECTION('',(0.,0.,-1.));
#5750=DIRECTION('',(0.,1.,0.));
#5751=DIRECTION('',(0.,0.,1.));
#5752=DIRECTION('',(0.,-1.,0.));
#5753=DIRECTION('',(0.,0.,-1.));
#5754=DIRECTION('',(0.,1.,0.));
#5755=DIRECTION('',(0.,0.,1.));
#5756=DIRECTION('',(0.,-1.,0.));
#5757=DIRECTION('',(0.,0.,-1.));
#5758=DIRECTION('',(0.,1.,0.));
#5759=DIRECTION('',(0.,0.,1.));
#5760=DIRECTION('',(0.,-1.,0.));
#5761=DIRECTION('',(0.,0.,-1.));
#5762=DIRECTION('',(0.,-1.,0.));
#5763=DIRECTION('',(0.,0.,-1.));
#5764=DIRECTION('',(0.,1.,0.));
#5765=DIRECTION('',(0.,0.,1.));
#5766=DIRECTION('',(0.,-1.,0.));
#5767=DIRECTION('',(0.,0.,-1.));
#5768=DIRECTION('',(0.,-1.,0.));
#5769=DIRECTION('',(0.,0.,-1.));
#5770=DIRECTION('',(0.,1.,0.));
#5771=DIRECTION('',(0.,0.,1.));
#5772=DIRECTION('',(0.,-1.,0.));
#5773=DIRECTION('',(0.,0.,-1.));
#5774=DIRECTION('',(0.,1.,0.));
#5775=DIRECTION('',(0.,0.,1.));
#5776=DIRECTION('',(0.,-1.,0.));
#5777=DIRECTION('',(0.,0.,-1.));
#5778=DIRECTION('',(0.,1.,0.));
#5779=DIRECTION('',(0.,0.,1.));
#5780=DIRECTION('',(0.,-1.,0.));
#5781=DIRECTION('',(0.,0.,-1.));
#5782=DIRECTION('',(0.,1.,0.));
#5783=DIRECTION('',(0.,0.,1.));
#5784=DIRECTION('',(0.,-1.,0.));
#5785=DIRECTION('',(0.,0.,-1.));
#5786=DIRECTION('',(0.,1.,0.));
#5787=DIRECTION('',(0.,0.,1.));
#5788=DIRECTION('',(0.,-1.,0.));
#5789=DIRECTION('',(0.,0.,-1.));
#5790=DIRECTION('',(0.,1.,0.));
#5791=DIRECTION('',(0.,0.,1.));
#5792=DIRECTION('',(0.,-1.,0.));
#5793=DIRECTION('',(0.,0.,-1.));
#5794=DIRECTION('',(0.,1.,0.));
#5795=DIRECTION('',(0.,0.,1.));
#5796=DIRECTION('',(0.,-1.,0.));
#5797=DIRECTION('',(0.,0.,-1.));
#5798=DIRECTION('',(0.,1.,0.));
#5799=DIRECTION('',(0.,0.,1.));
#5800=DIRECTION('',(0.,-1.,0.));
#5801=DIRECTION('',(0.,0.,-1.));
#5802=DIRECTION('',(0.,-1.,0.));
#5803=DIRECTION('',(1.,0.,0.));
#5804=DIRECTION('',(0.,-1.,0.));
#5805=DIRECTION('',(1.,0.,0.));
#5806=DIRECTION('',(1.,0.,0.));
#5807=DIRECTION('',(0.952281446299212,0.,0.305221308290036));
#5808=DIRECTION('',(0.,1.,0.));
#5809=DIRECTION('',(0.,0.,-1.));
#5810=DIRECTION('',(0.952281446299212,0.,0.305221308290036));
#5811=DIRECTION('',(0.,0.,-1.));
#5812=DIRECTION('',(0.,1.,0.));
#5813=DIRECTION('',(0.,0.,-1.));
#5814=DIRECTION('',(0.,0.,-1.));
#5815=DIRECTION('',(1.,0.,0.));
#5816=DIRECTION('',(0.,0.,1.));
#5817=DIRECTION('',(0.,1.,0.));
#5818=DIRECTION('',(0.,0.,-1.));
#5819=DIRECTION('',(0.,0.,1.));
#5820=DIRECTION('',(0.,-1.,0.));
#5821=DIRECTION('',(0.,0.,-1.));
#5822=DIRECTION('',(0.,-1.,0.));
#5823=DIRECTION('',(0.,0.,-1.));
#5824=DIRECTION('',(1.,0.,0.));
#5825=DIRECTION('',(0.,0.,1.));
#5826=DIRECTION('',(0.,1.,0.));
#5827=DIRECTION('',(0.,0.,-1.));
#5828=DIRECTION('',(0.,0.,1.));
#5829=DIRECTION('',(1.,0.,0.));
#5830=DIRECTION('',(0.,0.,1.));
#5831=DIRECTION('',(-1.,0.,0.));
#5832=DIRECTION('',(0.,1.,0.));
#5833=DIRECTION('',(0.,0.,-1.));
#5834=DIRECTION('',(-1.,0.,0.));
#5835=DIRECTION('',(0.,1.,0.));
#5836=DIRECTION('',(0.,0.,-1.));
#5837=DIRECTION('',(0.,0.,1.));
#5838=DIRECTION('',(1.,0.,0.));
#5839=DIRECTION('',(0.,1.,0.));
#5840=DIRECTION('',(0.,0.,-1.));
#5841=DIRECTION('',(1.,0.,0.));
#5842=DIRECTION('',(0.,0.,1.));
#5843=DIRECTION('',(0.810059963595602,0.,-0.586347043464442));
#5844=DIRECTION('',(1.,0.,0.));
#5845=DIRECTION('',(0.,1.,0.));
#5846=DIRECTION('',(0.,0.,-1.));
#5847=DIRECTION('',(1.,0.,0.));
#5848=DIRECTION('',(0.,1.,0.));
#5849=DIRECTION('',(0.,0.,-1.));
#5850=DIRECTION('',(0.810059963595602,0.,-0.586347043464442));
#5851=DIRECTION('',(1.,0.,0.));
#5852=DIRECTION('',(0.,-1.,0.));
#5853=DIRECTION('',(0.,0.,-1.));
#5854=DIRECTION('',(0.,0.,1.));
#5855=DIRECTION('',(1.,0.,0.));
#5856=DIRECTION('',(0.,1.,0.));
#5857=DIRECTION('',(1.,0.,0.));
#5858=DIRECTION('',(0.,1.,0.));
#5859=DIRECTION('',(-0.305221308290036,0.,0.952281446299212));
#5860=DIRECTION('',(0.952281446299212,0.,0.305221308290036));
#5861=DIRECTION('',(0.952281446299212,0.,0.305221308290036));
#5862=DIRECTION('',(0.,1.,0.));
#5863=DIRECTION('',(0.,1.,0.));
#5864=DIRECTION('',(0.,0.,1.));
#5865=DIRECTION('',(0.,1.,0.));
#5866=DIRECTION('',(0.,0.,-1.));
#5867=DIRECTION('',(0.,1.,0.));
#5868=DIRECTION('',(-0.305221308290036,0.,0.952281446299212));
#5869=DIRECTION('',(0.952281446299212,0.,0.305221308290036));
#5870=DIRECTION('',(0.952281446299212,0.,0.305221308290036));
#5871=DIRECTION('',(0.,1.,0.));
#5872=DIRECTION('',(1.,0.,0.));
#5873=DIRECTION('',(0.,0.,-1.));
#5874=DIRECTION('',(0.,0.,-1.));
#5875=DIRECTION('',(0.,1.,0.));
#5876=DIRECTION('',(0.,1.,0.));
#5877=DIRECTION('',(0.,0.,1.));
#5878=DIRECTION('',(0.,1.,0.));
#5879=DIRECTION('',(0.,0.,-1.));
#5880=DIRECTION('',(0.,1.,0.));
#5881=DIRECTION('',(1.,0.,0.));
#5882=DIRECTION('',(0.,0.,-1.));
#5883=DIRECTION('',(0.,0.,-1.));
#5884=DIRECTION('',(0.,1.,0.));
#5885=DIRECTION('',(0.,0.,1.));
#5886=DIRECTION('',(1.,0.,0.));
#5887=DIRECTION('',(1.,0.,0.));
#5888=DIRECTION('',(0.,1.,0.));
#5889=DIRECTION('',(-1.,0.,0.));
#5890=DIRECTION('',(0.,0.,1.));
#5891=DIRECTION('',(0.,0.,1.));
#5892=DIRECTION('',(0.,1.,0.));
#5893=DIRECTION('',(0.,1.,0.));
#5894=DIRECTION('',(0.,0.,1.));
#5895=DIRECTION('',(0.,1.,0.));
#5896=DIRECTION('',(0.,0.,-1.));
#5897=DIRECTION('',(0.,1.,0.));
#5898=DIRECTION('',(-1.,0.,0.));
#5899=DIRECTION('',(0.,0.,1.));
#5900=DIRECTION('',(0.,0.,1.));
#5901=DIRECTION('',(0.,1.,0.));
#5902=DIRECTION('',(0.,1.,0.));
#5903=DIRECTION('',(0.,0.,1.));
#5904=DIRECTION('',(0.,-1.,0.));
#5905=DIRECTION('',(0.,0.,-1.));
#5906=DIRECTION('',(0.,1.,0.));
#5907=DIRECTION('',(0.,1.,0.));
#5908=DIRECTION('',(0.,0.,1.));
#5909=DIRECTION('',(0.,-1.,0.));
#5910=DIRECTION('',(0.,0.,-1.));
#5911=DIRECTION('',(0.,1.,0.));
#5912=DIRECTION('',(0.,0.,1.));
#5913=DIRECTION('',(1.,0.,0.));
#5914=DIRECTION('',(1.,0.,0.));
#5915=DIRECTION('',(0.,1.,0.));
#5916=DIRECTION('',(-1.,0.,0.));
#5917=DIRECTION('',(0.,0.,1.));
#5918=DIRECTION('',(0.,0.,1.));
#5919=DIRECTION('',(0.,1.,0.));
#5920=DIRECTION('',(0.,1.,0.));
#5921=DIRECTION('',(0.,0.,1.));
#5922=DIRECTION('',(0.,1.,0.));
#5923=DIRECTION('',(0.,0.,-1.));
#5924=DIRECTION('',(0.,1.,0.));
#5925=DIRECTION('',(-1.,0.,0.));
#5926=DIRECTION('',(0.,0.,1.));
#5927=DIRECTION('',(0.,0.,1.));
#5928=DIRECTION('',(0.,1.,0.));
#5929=DIRECTION('',(0.,0.,1.));
#5930=DIRECTION('',(1.,0.,0.));
#5931=DIRECTION('',(1.,0.,0.));
#5932=DIRECTION('',(0.,1.,0.));
#5933=DIRECTION('',(-1.,0.,0.));
#5934=DIRECTION('',(0.,0.,1.));
#5935=DIRECTION('',(0.,0.,1.));
#5936=DIRECTION('',(0.,1.,0.));
#5937=DIRECTION('',(0.,0.,-1.));
#5938=DIRECTION('',(-1.,0.,0.));
#5939=DIRECTION('',(-1.,0.,0.));
#5940=DIRECTION('',(0.,1.,0.));
#5941=DIRECTION('',(0.,1.,0.));
#5942=DIRECTION('',(0.,0.,1.));
#5943=DIRECTION('',(0.,1.,0.));
#5944=DIRECTION('',(0.,0.,-1.));
#5945=DIRECTION('',(0.,1.,0.));
#5946=DIRECTION('',(0.,0.,-1.));
#5947=DIRECTION('',(-1.,0.,0.));
#5948=DIRECTION('',(-1.,0.,0.));
#5949=DIRECTION('',(0.,1.,0.));
#5950=DIRECTION('',(0.,1.,0.));
#5951=DIRECTION('',(0.,0.,1.));
#5952=DIRECTION('',(0.,1.,0.));
#5953=DIRECTION('',(0.,0.,-1.));
#5954=DIRECTION('',(0.,1.,0.));
#5955=DIRECTION('',(-1.,0.,0.));
#5956=DIRECTION('',(0.,0.,1.));
#5957=DIRECTION('',(0.,0.,1.));
#5958=DIRECTION('',(0.,1.,0.));
#5959=DIRECTION('',(0.,0.,1.));
#5960=DIRECTION('',(1.,0.,0.));
#5961=DIRECTION('',(1.,0.,0.));
#5962=DIRECTION('',(0.,1.,0.));
#5963=DIRECTION('',(0.,1.,0.));
#5964=DIRECTION('',(0.,0.,1.));
#5965=DIRECTION('',(0.,1.,0.));
#5966=DIRECTION('',(0.,0.,-1.));
#5967=DIRECTION('',(0.,1.,0.));
#5968=DIRECTION('',(0.,0.,1.));
#5969=DIRECTION('',(1.,0.,0.));
#5970=DIRECTION('',(1.,0.,0.));
#5971=DIRECTION('',(0.,1.,0.));
#5972=DIRECTION('',(-1.,0.,0.));
#5973=DIRECTION('',(0.,0.,1.));
#5974=DIRECTION('',(0.,0.,1.));
#5975=DIRECTION('',(0.,1.,0.));
#5976=DIRECTION('',(0.586347043464442,0.,0.810059963595602));
#5977=DIRECTION('',(0.810059963595602,0.,-0.586347043464442));
#5978=DIRECTION('',(0.810059963595602,0.,-0.586347043464442));
#5979=DIRECTION('',(0.,1.,0.));
#5980=DIRECTION('',(0.,0.,1.));
#5981=DIRECTION('',(1.,0.,0.));
#5982=DIRECTION('',(1.,0.,0.));
#5983=DIRECTION('',(0.,1.,0.));
#5984=DIRECTION('',(0.,1.,0.));
#5985=DIRECTION('',(0.,0.,1.));
#5986=DIRECTION('',(0.,1.,0.));
#5987=DIRECTION('',(0.,0.,-1.));
#5988=DIRECTION('',(0.,1.,0.));
#5989=DIRECTION('',(0.,0.,1.));
#5990=DIRECTION('',(1.,0.,0.));
#5991=DIRECTION('',(1.,0.,0.));
#5992=DIRECTION('',(0.,1.,0.));
#5993=DIRECTION('',(0.,1.,0.));
#5994=DIRECTION('',(0.,0.,1.));
#5995=DIRECTION('',(0.,1.,0.));
#5996=DIRECTION('',(0.,0.,-1.));
#5997=DIRECTION('',(0.,1.,0.));
#5998=DIRECTION('',(0.586347043464442,0.,0.810059963595602));
#5999=DIRECTION('',(0.810059963595602,0.,-0.586347043464442));
#6000=DIRECTION('',(0.810059963595602,0.,-0.586347043464442));
#6001=DIRECTION('',(0.,1.,0.));
#6002=DIRECTION('',(0.,0.,1.));
#6003=DIRECTION('',(1.,0.,0.));
#6004=DIRECTION('',(1.,0.,0.));
#6005=DIRECTION('',(0.,1.,0.));
#6006=DIRECTION('',(0.,1.,0.));
#6007=DIRECTION('',(0.,0.,1.));
#6008=DIRECTION('',(0.,1.,0.));
#6009=DIRECTION('',(0.,1.,0.));
#6010=DIRECTION('',(0.,0.,-1.));
#6011=DIRECTION('',(0.,1.,0.));
#6012=DIRECTION('',(0.,0.,-1.));
#6013=DIRECTION('',(-1.,0.,0.));
#6014=DIRECTION('',(-1.,0.,0.));
#6015=DIRECTION('',(0.,1.,0.));
#6016=DIRECTION('',(0.,1.,0.));
#6017=DIRECTION('',(0.,0.,1.));
#6018=DIRECTION('',(0.,1.,0.));
#6019=DIRECTION('',(0.,0.,-1.));
#6020=DIRECTION('',(0.,1.,0.));
#6021=DIRECTION('',(0.,1.,0.));
#6022=DIRECTION('',(0.,0.,1.));
#6023=DIRECTION('',(0.,1.,0.));
#6024=DIRECTION('',(0.,1.,0.));
#6025=DIRECTION('',(0.,0.,-1.));
#6026=DIRECTION('',(0.,1.,0.));
#6027=DIRECTION('',(1.,0.,1.19801345026047E-16));
#6028=DIRECTION('',(1.19801345026047E-16,0.,-1.));
#6029=DIRECTION('',(1.19801345026047E-16,0.,-1.));
#6030=DIRECTION('',(0.,1.,0.));
#6031=DIRECTION('',(0.,1.,0.));
#6032=DIRECTION('',(0.,0.,1.));
#6033=DIRECTION('',(0.,1.,0.));
#6034=DIRECTION('',(0.,0.,-1.));
#6035=DIRECTION('',(0.,1.,0.));
#6036=DIRECTION('',(0.973770069312491,0.,0.227534287770321));
#6037=DIRECTION('',(0.227534287770321,0.,-0.973770069312491));
#6038=DIRECTION('',(0.,1.,0.));
#6039=DIRECTION('',(0.227534287770321,0.,-0.973770069312491));
#6040=DIRECTION('',(0.,1.,0.));
#6041=DIRECTION('',(0.,1.,0.));
#6042=DIRECTION('',(0.,0.,1.));
#6043=DIRECTION('',(0.,1.,0.));
#6044=DIRECTION('',(0.,0.,-1.));
#6045=DIRECTION('',(0.,1.,0.));
#6046=DIRECTION('',(1.,0.,0.));
#6047=DIRECTION('',(0.,0.,-1.));
#6048=DIRECTION('',(0.,0.,-1.));
#6049=DIRECTION('',(0.,1.,0.));
#6050=DIRECTION('',(0.,1.,0.));
#6051=DIRECTION('',(0.,0.,1.));
#6052=DIRECTION('',(0.,-1.,0.));
#6053=DIRECTION('',(0.,0.,-1.));
#6054=DIRECTION('',(0.,1.,0.));
#6055=DIRECTION('',(-0.693444748660401,0.,-0.72050980600913));
#6056=DIRECTION('',(-0.72050980600913,0.,0.693444748660401));
#6057=DIRECTION('',(-0.72050980600913,0.,0.693444748660401));
#6058=DIRECTION('',(0.,1.,0.));
#6059=DIRECTION('',(0.,1.,0.));
#6060=DIRECTION('',(0.,0.,1.));
#6061=DIRECTION('',(0.,1.,0.));
#6062=DIRECTION('',(0.,0.,-1.));
#6063=DIRECTION('',(0.,1.,0.));
#6064=DIRECTION('',(1.,0.,1.15383733183299E-16));
#6065=DIRECTION('',(1.15383733183299E-16,0.,-1.));
#6066=DIRECTION('',(1.15383733183299E-16,0.,-1.));
#6067=DIRECTION('',(0.,1.,0.));
#6068=DIRECTION('',(0.,1.,0.));
#6069=DIRECTION('',(0.,0.,1.));
#6070=DIRECTION('',(0.,1.,0.));
#6071=DIRECTION('',(0.,0.,-1.));
#6072=DIRECTION('',(0.,1.,0.));
#6073=DIRECTION('',(1.,0.,2.30767466366589E-16));
#6074=DIRECTION('',(2.30767466366589E-16,0.,-1.));
#6075=DIRECTION('',(2.30767466366589E-16,0.,-1.));
#6076=DIRECTION('',(0.,1.,0.));
#6077=DIRECTION('',(-0.925696636400677,0.,-0.378266754231021));
#6078=DIRECTION('',(-0.378266754231021,0.,0.925696636400677));
#6079=DIRECTION('',(-0.378266754231021,0.,0.925696636400677));
#6080=DIRECTION('',(0.,1.,0.));
#6081=DIRECTION('',(0.,1.,0.));
#6082=DIRECTION('',(0.,0.,1.));
#6083=DIRECTION('',(0.,1.,0.));
#6084=DIRECTION('',(0.,0.,-1.));
#6085=DIRECTION('',(0.,1.,0.));
#6086=DIRECTION('',(1.,0.,0.));
#6087=DIRECTION('',(0.,0.,-1.));
#6088=DIRECTION('',(0.,0.,-1.));
#6089=DIRECTION('',(0.,1.,0.));
#6090=DIRECTION('',(0.973770069312491,0.,0.227534287770321));
#6091=DIRECTION('',(0.227534287770321,0.,-0.973770069312491));
#6092=DIRECTION('',(0.227534287770321,0.,-0.973770069312491));
#6093=DIRECTION('',(0.,1.,0.));
#6094=DIRECTION('',(0.,1.,0.));
#6095=DIRECTION('',(0.,0.,1.));
#6096=DIRECTION('',(0.,1.,0.));
#6097=DIRECTION('',(0.,1.,0.));
#6098=DIRECTION('',(0.,0.,-1.));
#6099=DIRECTION('',(0.,1.,0.));
#6100=DIRECTION('',(0.,0.,-1.));
#6101=DIRECTION('',(-1.,0.,0.));
#6102=DIRECTION('',(-1.,0.,0.));
#6103=DIRECTION('',(0.,1.,0.));
#6104=DIRECTION('',(0.,1.,0.));
#6105=DIRECTION('',(0.,0.,1.));
#6106=DIRECTION('',(0.,1.,0.));
#6107=DIRECTION('',(0.,0.,-1.));
#6108=DIRECTION('',(0.,1.,0.));
#6109=DIRECTION('',(0.,1.,0.));
#6110=DIRECTION('',(0.,0.,1.));
#6111=DIRECTION('',(0.,1.,0.));
#6112=DIRECTION('',(0.,1.,0.));
#6113=DIRECTION('',(0.,0.,-1.));
#6114=DIRECTION('',(0.,1.,0.));
#6115=DIRECTION('',(0.,0.,-1.));
#6116=DIRECTION('',(-1.,0.,0.));
#6117=DIRECTION('',(-1.,0.,0.));
#6118=DIRECTION('',(0.,1.,0.));
#6119=DIRECTION('',(0.,1.,0.));
#6120=DIRECTION('',(0.,0.,1.));
#6121=DIRECTION('',(0.,1.,0.));
#6122=DIRECTION('',(0.,0.,-1.));
#6123=DIRECTION('',(0.,1.,0.));
#6124=DIRECTION('',(0.,1.,0.));
#6125=DIRECTION('',(0.,0.,1.));
#6126=DIRECTION('',(0.,1.,0.));
#6127=DIRECTION('',(0.,1.,0.));
#6128=DIRECTION('',(0.,0.,-1.));
#6129=DIRECTION('',(0.,1.,0.));
#6130=DIRECTION('',(-0.938712764353146,0.,-0.344700371395905));
#6131=DIRECTION('',(-0.344700371395905,0.,0.938712764353146));
#6132=DIRECTION('',(-0.344700371395905,0.,0.938712764353146));
#6133=DIRECTION('',(0.,1.,0.));
#6134=DIRECTION('',(0.,1.,0.));
#6135=DIRECTION('',(0.,0.,1.));
#6136=DIRECTION('',(0.,1.,0.));
#6137=DIRECTION('',(0.,0.,-1.));
#6138=DIRECTION('',(0.,1.,0.));
#6139=DIRECTION('',(0.,1.,0.));
#6140=DIRECTION('',(0.,0.,1.));
#6141=DIRECTION('',(0.,1.,0.));
#6142=DIRECTION('',(0.,1.,0.));
#6143=DIRECTION('',(0.,0.,-1.));
#6144=DIRECTION('',(0.,1.,0.));
#6145=DIRECTION('',(0.,0.,-1.));
#6146=DIRECTION('',(-1.,0.,0.));
#6147=DIRECTION('',(-1.,0.,0.));
#6148=DIRECTION('',(0.,1.,0.));
#6149=DIRECTION('',(0.,1.,0.));
#6150=DIRECTION('',(0.,0.,1.));
#6151=DIRECTION('',(0.,1.,0.));
#6152=DIRECTION('',(0.,0.,-1.));
#6153=DIRECTION('',(0.,1.,0.));
#6154=DIRECTION('',(0.487111413027725,0.,0.873339837232983));
#6155=DIRECTION('',(0.873339837232983,0.,-0.487111413027725));
#6156=DIRECTION('',(0.,1.,0.));
#6157=DIRECTION('',(0.873339837232983,0.,-0.487111413027725));
#6158=DIRECTION('',(0.,1.,0.));
#6159=DIRECTION('',(0.,1.,0.));
#6160=DIRECTION('',(0.,0.,1.));
#6161=DIRECTION('',(0.,1.,0.));
#6162=DIRECTION('',(0.,0.,-1.));
#6163=DIRECTION('',(0.,1.,0.));
#6164=DIRECTION('',(0.487111413027726,0.,0.873339837232982));
#6165=DIRECTION('',(0.873339837232982,0.,-0.487111413027726));
#6166=DIRECTION('',(0.873339837232982,0.,-0.487111413027726));
#6167=DIRECTION('',(0.,1.,0.));
#6168=DIRECTION('',(0.,1.,0.));
#6169=DIRECTION('',(0.,0.,1.));
#6170=DIRECTION('',(0.,1.,0.));
#6171=DIRECTION('',(0.,0.,-1.));
#6172=DIRECTION('',(0.,1.,0.));
#6173=DIRECTION('',(1.,0.,0.));
#6174=DIRECTION('',(0.,0.,-1.));
#6175=DIRECTION('',(0.,0.,-1.));
#6176=DIRECTION('',(0.,1.,0.));
#6177=DIRECTION('',(0.,1.,0.));
#6178=DIRECTION('',(0.,0.,1.));
#6179=DIRECTION('',(0.,1.,0.));
#6180=DIRECTION('',(0.,0.,-1.));
#6181=DIRECTION('',(0.,1.,0.));
#6182=DIRECTION('',(0.,1.,0.));
#6183=DIRECTION('',(0.,0.,1.));
#6184=DIRECTION('',(0.,1.,0.));
#6185=DIRECTION('',(0.,1.,0.));
#6186=DIRECTION('',(0.,0.,-1.));
#6187=DIRECTION('',(0.,1.,0.));
#6188=DIRECTION('',(0.,0.,-1.));
#6189=DIRECTION('',(-1.,0.,0.));
#6190=DIRECTION('',(-1.,0.,0.));
#6191=DIRECTION('',(0.,1.,0.));
#6192=DIRECTION('',(0.,1.,0.));
#6193=DIRECTION('',(0.,0.,1.));
#6194=DIRECTION('',(0.,1.,0.));
#6195=DIRECTION('',(0.,0.,-1.));
#6196=DIRECTION('',(0.,1.,0.));
#6197=DIRECTION('',(-0.997878362260939,0.,0.0651058686404401));
#6198=DIRECTION('',(0.0651058686404401,0.,0.997878362260939));
#6199=DIRECTION('',(0.,1.,0.));
#6200=DIRECTION('',(0.0651058686404401,0.,0.997878362260939));
#6201=DIRECTION('',(0.,1.,0.));
#6202=DIRECTION('',(0.,1.,0.));
#6203=DIRECTION('',(0.,0.,1.));
#6204=DIRECTION('',(0.,1.,0.));
#6205=DIRECTION('',(0.,0.,-1.));
#6206=DIRECTION('',(0.,1.,0.));
#6207=DIRECTION('',(-0.9744949457441,0.,0.224409448818904));
#6208=DIRECTION('',(0.224409448818904,0.,0.9744949457441));
#6209=DIRECTION('',(0.224409448818904,0.,0.9744949457441));
#6210=DIRECTION('',(0.,1.,0.));
#6211=DIRECTION('',(0.,0.,1.));
#6212=DIRECTION('',(0.,1.,0.));
#6213=DIRECTION('',(0.,0.,-1.));
#6214=DIRECTION('',(0.,1.,0.));
#6215=DIRECTION('',(-0.519729776169734,0.,0.854330708661791));
#6216=DIRECTION('',(0.854330708661791,0.,0.519729776169734));
#6217=DIRECTION('',(0.854330708661791,0.,0.519729776169734));
#6218=DIRECTION('',(0.,1.,0.));
#6219=DIRECTION('',(0.,1.,0.));
#6220=DIRECTION('',(0.,0.,1.));
#6221=DIRECTION('',(0.,1.,0.));
#6222=DIRECTION('',(0.,0.,-1.));
#6223=DIRECTION('',(0.,1.,0.));
#6224=DIRECTION('',(0.,0.,-1.));
#6225=DIRECTION('',(-1.,0.,0.));
#6226=DIRECTION('',(-1.,0.,0.));
#6227=DIRECTION('',(0.,1.,0.));
#6228=DIRECTION('',(0.,1.,0.));
#6229=DIRECTION('',(0.,0.,1.));
#6230=DIRECTION('',(0.,1.,0.));
#6231=DIRECTION('',(0.,0.,-1.));
#6232=DIRECTION('',(0.,1.,0.));
#6233=DIRECTION('',(-1.,0.,0.));
#6234=DIRECTION('',(0.,0.,1.));
#6235=DIRECTION('',(0.,0.,1.));
#6236=DIRECTION('',(0.,1.,0.));
#6237=DIRECTION('',(0.,1.,0.));
#6238=DIRECTION('',(0.,0.,1.));
#6239=DIRECTION('',(0.,-1.,0.));
#6240=DIRECTION('',(0.,0.,-1.));
#6241=DIRECTION('',(0.,1.,0.));
#6242=DIRECTION('',(0.,0.,-1.));
#6243=DIRECTION('',(-1.,0.,0.));
#6244=DIRECTION('',(-1.,0.,0.));
#6245=DIRECTION('',(0.,1.,0.));
#6246=DIRECTION('',(0.,1.,0.));
#6247=DIRECTION('',(0.,0.,1.));
#6248=DIRECTION('',(0.,1.,0.));
#6249=DIRECTION('',(0.,0.,-1.));
#6250=DIRECTION('',(0.,1.,0.));
#6251=DIRECTION('',(-1.,0.,-3.85494105772624E-16));
#6252=DIRECTION('',(-3.85494105772624E-16,0.,1.));
#6253=DIRECTION('',(-3.85494105772624E-16,0.,1.));
#6254=DIRECTION('',(0.,1.,0.));
#6255=DIRECTION('',(0.,1.,0.));
#6256=DIRECTION('',(0.,0.,1.));
#6257=DIRECTION('',(0.,1.,0.));
#6258=DIRECTION('',(0.,0.,-1.));
#6259=DIRECTION('',(0.,1.,0.));
#6260=DIRECTION('',(-1.,0.,-2.56615898813081E-16));
#6261=DIRECTION('',(-2.56615898813081E-16,0.,1.));
#6262=DIRECTION('',(-2.56615898813081E-16,0.,1.));
#6263=DIRECTION('',(0.,1.,0.));
#6264=DIRECTION('',(0.,0.,-1.));
#6265=DIRECTION('',(-1.,0.,0.));
#6266=DIRECTION('',(-1.,0.,0.));
#6267=DIRECTION('',(0.,1.,0.));
#6268=DIRECTION('',(0.,1.,0.));
#6269=DIRECTION('',(0.,0.,1.));
#6270=DIRECTION('',(0.,-1.,0.));
#6271=DIRECTION('',(0.,0.,-1.));
#6272=DIRECTION('',(0.,1.,0.));
#6273=DIRECTION('',(-1.,0.,0.));
#6274=DIRECTION('',(0.,0.,1.));
#6275=DIRECTION('',(0.,0.,1.));
#6276=DIRECTION('',(0.,1.,0.));
#6277=DIRECTION('',(0.,1.,0.));
#6278=DIRECTION('',(0.,0.,1.));
#6279=DIRECTION('',(0.,1.,0.));
#6280=DIRECTION('',(0.,0.,-1.));
#6281=DIRECTION('',(0.,1.,0.));
#6282=DIRECTION('',(-1.,0.,0.));
#6283=DIRECTION('',(0.,0.,1.));
#6284=DIRECTION('',(0.,0.,1.));
#6285=DIRECTION('',(0.,1.,0.));
#6286=DIRECTION('',(0.,1.,0.));
#6287=DIRECTION('',(0.,0.,1.));
#6288=DIRECTION('',(0.,-1.,0.));
#6289=DIRECTION('',(0.,0.,-1.));
#6290=DIRECTION('',(0.,1.,0.));
#6291=DIRECTION('',(0.,0.,-1.));
#6292=DIRECTION('',(-1.,0.,0.));
#6293=DIRECTION('',(-1.,0.,0.));
#6294=DIRECTION('',(0.,1.,0.));
#6295=DIRECTION('',(1.,0.,0.));
#6296=DIRECTION('',(0.,0.,-1.));
#6297=DIRECTION('',(0.,0.,-1.));
#6298=DIRECTION('',(0.,1.,0.));
#6299=DIRECTION('',(0.,1.,0.));
#6300=DIRECTION('',(0.,0.,1.));
#6301=DIRECTION('',(0.,1.,0.));
#6302=DIRECTION('',(0.,0.,-1.));
#6303=DIRECTION('',(0.,1.,0.));
#6304=DIRECTION('',(1.,0.,0.));
#6305=DIRECTION('',(0.,0.,-1.));
#6306=DIRECTION('',(0.,0.,-1.));
#6307=DIRECTION('',(0.,1.,0.));
#6308=DIRECTION('',(0.,1.,0.));
#6309=DIRECTION('',(0.,0.,1.));
#6310=DIRECTION('',(0.,1.,0.));
#6311=DIRECTION('',(0.,0.,-1.));
#6312=DIRECTION('',(0.,1.,0.));
#6313=DIRECTION('',(0.,0.,-1.));
#6314=DIRECTION('',(-1.,0.,0.));
#6315=DIRECTION('',(-1.,0.,0.));
#6316=DIRECTION('',(0.,1.,0.));
#6317=DIRECTION('',(0.,1.,0.));
#6318=DIRECTION('',(0.,0.,1.));
#6319=DIRECTION('',(0.,-1.,0.));
#6320=DIRECTION('',(0.,0.,-1.));
#6321=DIRECTION('',(0.,1.,0.));
#6322=DIRECTION('',(-1.,0.,0.));
#6323=DIRECTION('',(0.,0.,1.));
#6324=DIRECTION('',(0.,0.,1.));
#6325=DIRECTION('',(0.,1.,0.));
#6326=DIRECTION('',(0.,0.,-1.));
#6327=DIRECTION('',(-1.,0.,0.));
#6328=DIRECTION('',(-1.,0.,0.));
#6329=DIRECTION('',(0.,1.,0.));
#6330=DIRECTION('',(-0.519729776169734,0.,0.854330708661791));
#6331=DIRECTION('',(0.854330708661791,0.,0.519729776169734));
#6332=DIRECTION('',(0.854330708661791,0.,0.519729776169734));
#6333=DIRECTION('',(0.,1.,0.));
#6334=DIRECTION('',(-0.974494945744101,0.,0.224409448818898));
#6335=DIRECTION('',(0.224409448818898,0.,0.974494945744101));
#6336=DIRECTION('',(0.224409448818898,0.,0.974494945744101));
#6337=DIRECTION('',(0.,1.,0.));
#6338=DIRECTION('',(-0.997878362260939,0.,0.0651058686404407));
#6339=DIRECTION('',(0.0651058686404407,0.,0.997878362260939));
#6340=DIRECTION('',(0.0651058686404407,0.,0.997878362260939));
#6341=DIRECTION('',(0.,1.,0.));
#6342=DIRECTION('',(-0.938712764353147,0.,0.344700371395904));
#6343=DIRECTION('',(0.344700371395904,0.,0.938712764353147));
#6344=DIRECTION('',(0.,1.,0.));
#6345=DIRECTION('',(0.344700371395904,0.,0.938712764353147));
#6346=DIRECTION('',(0.,1.,0.));
#6347=DIRECTION('',(0.,1.,0.));
#6348=DIRECTION('',(0.,0.,1.));
#6349=DIRECTION('',(0.,1.,0.));
#6350=DIRECTION('',(0.,0.,-1.));
#6351=DIRECTION('',(0.,1.,0.));
#6352=DIRECTION('',(0.,0.,1.));
#6353=DIRECTION('',(1.,0.,0.));
#6354=DIRECTION('',(1.,0.,0.));
#6355=DIRECTION('',(0.,1.,0.));
#6356=DIRECTION('',(0.,1.,0.));
#6357=DIRECTION('',(0.,0.,1.));
#6358=DIRECTION('',(0.,1.,0.));
#6359=DIRECTION('',(0.,0.,-1.));
#6360=DIRECTION('',(0.,1.,0.));
#6361=DIRECTION('',(0.,0.,1.));
#6362=DIRECTION('',(1.,0.,0.));
#6363=DIRECTION('',(1.,0.,0.));
#6364=DIRECTION('',(0.,1.,0.));
#6365=DIRECTION('',(-0.938712764353146,0.,0.344700371395904));
#6366=DIRECTION('',(0.344700371395904,0.,0.938712764353146));
#6367=DIRECTION('',(0.344700371395904,0.,0.938712764353146));
#6368=DIRECTION('',(0.,1.,0.));
#6369=DIRECTION('',(1.,0.,0.));
#6370=DIRECTION('',(0.,0.,-1.));
#6371=DIRECTION('',(0.,1.,0.));
#6372=DIRECTION('',(0.,0.,-1.));
#6373=DIRECTION('',(0.,1.,0.));
#6374=DIRECTION('',(0.,1.,0.));
#6375=DIRECTION('',(0.,0.,1.));
#6376=DIRECTION('',(0.,1.,0.));
#6377=DIRECTION('',(0.,0.,-1.));
#6378=DIRECTION('',(0.,1.,0.));
#6379=DIRECTION('',(0.,0.,-1.));
#6380=DIRECTION('',(-1.,0.,0.));
#6381=DIRECTION('',(-1.,0.,0.));
#6382=DIRECTION('',(0.,1.,0.));
#6383=DIRECTION('',(0.,1.,0.));
#6384=DIRECTION('',(0.,0.,1.));
#6385=DIRECTION('',(0.,1.,0.));
#6386=DIRECTION('',(0.,0.,-1.));
#6387=DIRECTION('',(0.,1.,0.));
#6388=DIRECTION('',(0.,0.,-1.));
#6389=DIRECTION('',(-1.,0.,0.));
#6390=DIRECTION('',(-1.,0.,0.));
#6391=DIRECTION('',(0.,1.,0.));
#6392=DIRECTION('',(1.,0.,0.));
#6393=DIRECTION('',(0.,0.,-1.));
#6394=DIRECTION('',(0.,0.,-1.));
#6395=DIRECTION('',(0.,1.,0.));
#6396=DIRECTION('',(0.,1.,0.));
#6397=DIRECTION('',(0.,0.,1.));
#6398=DIRECTION('',(0.,1.,0.));
#6399=DIRECTION('',(0.,0.,-1.));
#6400=DIRECTION('',(0.,1.,0.));
#6401=DIRECTION('',(0.,0.,-1.));
#6402=DIRECTION('',(-1.,0.,0.));
#6403=DIRECTION('',(-1.,0.,0.));
#6404=DIRECTION('',(0.,1.,0.));
#6405=DIRECTION('',(0.,1.,0.));
#6406=DIRECTION('',(0.,0.,1.));
#6407=DIRECTION('',(0.,1.,0.));
#6408=DIRECTION('',(0.,0.,-1.));
#6409=DIRECTION('',(0.,1.,0.));
#6410=DIRECTION('',(0.,1.,0.));
#6411=DIRECTION('',(0.,0.,1.));
#6412=DIRECTION('',(0.,1.,0.));
#6413=DIRECTION('',(0.,1.,0.));
#6414=DIRECTION('',(0.,0.,-1.));
#6415=DIRECTION('',(0.,1.,0.));
#6416=DIRECTION('',(-1.,0.,0.));
#6417=DIRECTION('',(0.,0.,1.));
#6418=DIRECTION('',(0.,0.,1.));
#6419=DIRECTION('',(0.,1.,0.));
#6420=DIRECTION('',(0.,1.,0.));
#6421=DIRECTION('',(0.,0.,1.));
#6422=DIRECTION('',(0.,1.,0.));
#6423=DIRECTION('',(0.,0.,-1.));
#6424=DIRECTION('',(0.,1.,0.));
#6425=DIRECTION('',(0.,1.,0.));
#6426=DIRECTION('',(0.,0.,1.));
#6427=DIRECTION('',(0.,1.,0.));
#6428=DIRECTION('',(0.,1.,0.));
#6429=DIRECTION('',(0.,0.,-1.));
#6430=DIRECTION('',(0.,1.,0.));
#6431=DIRECTION('',(1.,0.,0.));
#6432=DIRECTION('',(0.,0.,-1.));
#6433=DIRECTION('',(0.,0.,-1.));
#6434=DIRECTION('',(0.,1.,0.));
#6435=DIRECTION('',(0.,1.,0.));
#6436=DIRECTION('',(0.,0.,1.));
#6437=DIRECTION('',(0.,1.,0.));
#6438=DIRECTION('',(0.,0.,-1.));
#6439=DIRECTION('',(0.,1.,0.));
#6440=DIRECTION('',(0.,0.,-1.));
#6441=DIRECTION('',(-1.,0.,0.));
#6442=DIRECTION('',(-1.,0.,0.));
#6443=DIRECTION('',(1.,0.,0.));
#6444=DIRECTION('',(0.,0.,-1.));
#6445=DIRECTION('',(0.,0.,-1.));
#6446=DIRECTION('',(0.,1.,0.));
#6447=DIRECTION('',(0.,0.,1.));
#6448=DIRECTION('',(0.,-1.,0.));
#6449=DIRECTION('',(0.,0.,-1.));
#6450=DIRECTION('',(0.,0.,-1.));
#6451=DIRECTION('',(-1.,0.,0.));
#6452=DIRECTION('',(-1.,0.,0.));
#6453=DIRECTION('',(0.,0.,-1.));
#6454=DIRECTION('',(-1.,0.,0.));
#6455=DIRECTION('',(-1.,0.,0.));
#6456=DIRECTION('',(-0.938712764353146,0.,-0.344700371395906));
#6457=DIRECTION('',(-0.344700371395906,0.,0.938712764353146));
#6458=DIRECTION('',(-0.344700371395906,0.,0.938712764353146));
#6459=DIRECTION('',(0.,0.,-1.));
#6460=DIRECTION('',(-1.,0.,0.));
#6461=DIRECTION('',(-1.,0.,0.));
#6462=DIRECTION('',(0.,1.,0.));
#6463=DIRECTION('',(0.,0.,1.));
#6464=DIRECTION('',(0.,-1.,0.));
#6465=DIRECTION('',(0.,0.,-1.));
#6466=DIRECTION('',(0.,1.,0.));
#6467=DIRECTION('',(0.,0.,1.));
#6468=DIRECTION('',(0.,-1.,0.));
#6469=DIRECTION('',(0.,0.,-1.));
#6470=DIRECTION('',(0.,1.,0.));
#6471=DIRECTION('',(0.,0.,1.));
#6472=DIRECTION('',(0.,-1.,0.));
#6473=DIRECTION('',(0.,0.,-1.));
#6474=DIRECTION('',(0.,1.,0.));
#6475=DIRECTION('',(0.,0.,1.));
#6476=DIRECTION('',(0.,-1.,0.));
#6477=DIRECTION('',(0.,0.,-1.));
#6478=DIRECTION('',(0.,1.,0.));
#6479=DIRECTION('',(0.,0.,1.));
#6480=DIRECTION('',(0.,-1.,0.));
#6481=DIRECTION('',(0.,0.,-1.));
#6482=DIRECTION('',(0.,1.,0.));
#6483=DIRECTION('',(0.,0.,1.));
#6484=DIRECTION('',(0.,-1.,0.));
#6485=DIRECTION('',(0.,0.,-1.));
#6486=DIRECTION('',(0.,1.,0.));
#6487=DIRECTION('',(0.,0.,1.));
#6488=DIRECTION('',(0.,-1.,0.));
#6489=DIRECTION('',(0.,0.,-1.));
#6490=DIRECTION('',(1.,0.,0.));
#6491=DIRECTION('',(0.,0.,-1.));
#6492=DIRECTION('',(0.,0.,-1.));
#6493=DIRECTION('',(0.,0.,-1.));
#6494=DIRECTION('',(-1.,0.,0.));
#6495=DIRECTION('',(-1.,0.,0.));
#6496=DIRECTION('',(0.,1.,0.));
#6497=DIRECTION('',(0.,0.,1.));
#6498=DIRECTION('',(0.,1.,0.));
#6499=DIRECTION('',(0.,0.,-1.));
#6500=DIRECTION('',(0.,1.,0.));
#6501=DIRECTION('',(0.,0.,1.));
#6502=DIRECTION('',(0.,1.,0.));
#6503=DIRECTION('',(0.,0.,-1.));
#6504=DIRECTION('',(0.,0.,-1.));
#6505=DIRECTION('',(-1.,0.,0.));
#6506=DIRECTION('',(-1.,0.,0.));
#6507=DIRECTION('',(-1.,0.,0.));
#6508=DIRECTION('',(0.,0.,1.));
#6509=DIRECTION('',(0.,0.,1.));
#6510=DIRECTION('',(1.,0.,4.79205380104188E-16));
#6511=DIRECTION('',(4.79205380104188E-16,0.,-1.));
#6512=DIRECTION('',(4.79205380104188E-16,0.,-1.));
#6513=DIRECTION('',(0.,1.,0.));
#6514=DIRECTION('',(0.,0.,1.));
#6515=DIRECTION('',(0.,-1.,0.));
#6516=DIRECTION('',(0.,0.,-1.));
#6517=DIRECTION('',(0.,-1.,0.));
#6518=DIRECTION('',(1.,0.,0.));
#6519=CARTESIAN_POINT('',(0.,0.,0.));
#6520=CARTESIAN_POINT('',(-0.00266025403784416,-0.0795,-0.039287187078898));
#6521=CARTESIAN_POINT('',(-0.00266025403784416,-0.0781,-0.039287187078898));
#6522=CARTESIAN_POINT('',(0.0139875822442519,-0.0781,-0.0399303136061313));
#6523=CARTESIAN_POINT('',(0.0117679491924312,-0.0781,-0.0476173140978201));
#6524=CARTESIAN_POINT('',(0.0139875822442519,-0.0781,-0.0399303136061313));
#6525=CARTESIAN_POINT('',(0.0139875822442519,-0.0779,-0.0399303136061313));
#6526=CARTESIAN_POINT('',(-0.00266025403784416,-0.0779,-0.039287187078898));
#6527=CARTESIAN_POINT('',(0.0140000000000001,-0.0779,-0.039287187078898));
#6528=CARTESIAN_POINT('',(0.0140000000000001,-0.0795,-0.039287187078898));
#6529=CARTESIAN_POINT('',(0.0140000000000001,-0.0795,-0.039287187078898));
#6530=CARTESIAN_POINT('',(-0.00266025403784416,-0.0795,-0.039287187078898));
#6531=CARTESIAN_POINT('',(0.0117679491924312,-0.0795,-0.0476173140978201));
#6532=CARTESIAN_POINT('',(0.0117679491924312,-0.0795,-0.0476173140978201));
#6533=CARTESIAN_POINT('',(9.0205620750794E-17,-0.0779,-0.0115));
#6534=CARTESIAN_POINT('',(0.01143,-0.0779,-0.0325585175183965));
#6535=CARTESIAN_POINT('',(0.01143,-0.0779,-0.0314385175183962));
#6536=CARTESIAN_POINT('',(0.01143,-0.0779,-0.0336785175183965));
#6537=CARTESIAN_POINT('',(0.007435,-0.0779,-0.0336785175183962));
#6538=CARTESIAN_POINT('',(0.00344,-0.0779,-0.0336785175183963));
#6539=CARTESIAN_POINT('',(0.00344,-0.0779,-0.0325585175183963));
#6540=CARTESIAN_POINT('',(0.00344,-0.0779,-0.0314385175183962));
#6541=CARTESIAN_POINT('',(0.007435,-0.0779,-0.0314385175183962));
#6542=CARTESIAN_POINT('',(0.00344,-0.0779,-0.0325585175183963));
#6543=CARTESIAN_POINT('',(0.00344,-0.0779,-0.0331085175183963));
#6544=CARTESIAN_POINT('',(0.01143,-0.0779,-0.0325585175183965));
#6545=CARTESIAN_POINT('',(0.01143,-0.0779,-0.0331085175183965));
#6546=CARTESIAN_POINT('',(9.0205620750794E-17,-0.0779,-0.0115));
#6547=CARTESIAN_POINT('',(-0.00254,-0.0779,-0.0194613249812956));
#6548=CARTESIAN_POINT('',(-0.00366,-0.0779,-0.0194613249812956));
#6549=CARTESIAN_POINT('',(-0.00142,-0.0779,-0.0194613249812956));
#6550=CARTESIAN_POINT('',(-0.00142,-0.0779,-0.0203663249812953));
#6551=CARTESIAN_POINT('',(-0.00142,-0.0779,-0.0212713249812952));
#6552=CARTESIAN_POINT('',(-0.00254,-0.0779,-0.0212713249812952));
#6553=CARTESIAN_POINT('',(-0.00366,-0.0779,-0.0212713249812952));
#6554=CARTESIAN_POINT('',(-0.00366,-0.0779,-0.0203663249812953));
#6555=CARTESIAN_POINT('',(-0.00254,-0.0779,-0.0194613249812956));
#6556=CARTESIAN_POINT('',(-0.00254,-0.0779,-0.0200113249812955));
#6557=CARTESIAN_POINT('',(-0.00254,-0.0779,-0.0212713249812952));
#6558=CARTESIAN_POINT('',(-0.00254,-0.0779,-0.0218213249812952));
#6559=CARTESIAN_POINT('',(9.0205620750794E-17,-0.0779,-0.0115));
#6560=CARTESIAN_POINT('',(-0.0092553688092148,-0.0779,-0.0212012947292942));
#6561=CARTESIAN_POINT('',(-0.00945801610204689,-0.0779,-0.0203340326110403));
#6562=CARTESIAN_POINT('',(-0.00905272151638271,-0.0779,-0.0220685568475481));
#6563=CARTESIAN_POINT('',(-0.00952499999999941,-0.0779,-0.0221789109771168));
#6564=CARTESIAN_POINT('',(-0.00903999999999926,-0.0779,-0.0221789109771169));
#6565=CARTESIAN_POINT('',(-0.00903999999999926,-0.0779,-0.0232769837830733));
#6566=CARTESIAN_POINT('',(-0.00903999999999926,-0.0779,-0.0243750565890298));
#6567=CARTESIAN_POINT('',(-0.00793999999999928,-0.0779,-0.0243750565890298));
#6568=CARTESIAN_POINT('',(-0.0087027892235257,-0.0779,-0.0251676173756398));
#6569=CARTESIAN_POINT('',(-0.00786806555251366,-0.0779,-0.0259709856871025));
#6570=CARTESIAN_POINT('',(-0.00703334188150162,-0.0779,-0.0267743539985651));
#6571=CARTESIAN_POINT('',(-0.00781000000000075,-0.0779,-0.0275813249812948));
#6572=CARTESIAN_POINT('',(-0.0066900000000015,-0.0779,-0.0275813249812948));
#6573=CARTESIAN_POINT('',(-0.0066900000000015,-0.0779,-0.0313399212498456));
#6574=CARTESIAN_POINT('',(-0.0066900000000015,-0.0779,-0.0350985175183963));
#6575=CARTESIAN_POINT('',(-0.00781000000000075,-0.0779,-0.0350985175183964));
#6576=CARTESIAN_POINT('',(-0.00893,-0.0779,-0.0350985175183966));
#6577=CARTESIAN_POINT('',(-0.00893,-0.0779,-0.0313399212498457));
#6578=CARTESIAN_POINT('',(-0.00893,-0.0779,-0.0275813249812948));
#6579=CARTESIAN_POINT('',(-0.00945198143432715,-0.0779,-0.0263039289304509));
#6580=CARTESIAN_POINT('',(-0.0099739628686543,-0.0779,-0.0250265328796071));
#6581=CARTESIAN_POINT('',(-0.00952499999999955,-0.0779,-0.0248430735038048));
#6582=CARTESIAN_POINT('',(-0.01001,-0.0779,-0.0248430735038048));
#6583=CARTESIAN_POINT('',(-0.01001,-0.0779,-0.0235389474038522));
#6584=CARTESIAN_POINT('',(-0.01001,-0.0779,-0.0222348213038994));
#6585=CARTESIAN_POINT('',(-0.0102062865346404,-0.0779,-0.0213947810870385));
#6586=CARTESIAN_POINT('',(-0.0104025730692807,-0.0779,-0.0205547408701776));
#6587=CARTESIAN_POINT('',(-0.01016,-0.0779,-0.0194613249812956));
#6588=CARTESIAN_POINT('',(-0.00781000000000075,-0.0779,-0.0350985175183963));
#6589=CARTESIAN_POINT('',(-0.00781000000000075,-0.0779,-0.0356485175183963));
#6590=CARTESIAN_POINT('',(-0.01016,-0.0779,-0.0194613249812956));
#6591=CARTESIAN_POINT('',(-0.01016,-0.0779,-0.0200113249812955));
#6592=CARTESIAN_POINT('',(9.0205620750794E-17,-0.0779,-0.0115));
#6593=CARTESIAN_POINT('',(0.01143,-0.0779,-0.0350985175183966));
#6594=CARTESIAN_POINT('',(0.01143,-0.0779,-0.0339785175183962));
#6595=CARTESIAN_POINT('',(0.01143,-0.0779,-0.0362185175183965));
#6596=CARTESIAN_POINT('',(0.0094325,-0.0779,-0.0362185175183962));
#6597=CARTESIAN_POINT('',(0.007435,-0.0779,-0.0362185175183962));
#6598=CARTESIAN_POINT('',(0.007435,-0.0779,-0.0350985175183963));
#6599=CARTESIAN_POINT('',(0.007435,-0.0779,-0.0339785175183962));
#6600=CARTESIAN_POINT('',(0.0094325,-0.0779,-0.0339785175183962));
#6601=CARTESIAN_POINT('',(0.01143,-0.0779,-0.0350985175183966));
#6602=CARTESIAN_POINT('',(0.01143,-0.0779,-0.0356485175183966));
#6603=CARTESIAN_POINT('',(0.007435,-0.0779,-0.0350985175183963));
#6604=CARTESIAN_POINT('',(0.007435,-0.0779,-0.0356485175183963));
#6605=CARTESIAN_POINT('',(9.0205620750794E-17,-0.0779,-0.0115));
#6606=CARTESIAN_POINT('',(0.01143,-0.0779,-0.0274785175183963));
#6607=CARTESIAN_POINT('',(0.01143,-0.0779,-0.0263585175183963));
#6608=CARTESIAN_POINT('',(0.01143,-0.0779,-0.0285985175183962));
#6609=CARTESIAN_POINT('',(0.008255,-0.0779,-0.0285985175183962));
#6610=CARTESIAN_POINT('',(0.00508000000000006,-0.0779,-0.0285985175183962));
#6611=CARTESIAN_POINT('',(0.00508000000000006,-0.0779,-0.0274785175183963));
#6612=CARTESIAN_POINT('',(0.00508000000000006,-0.0779,-0.0263585175183963));
#6613=CARTESIAN_POINT('',(0.008255,-0.0779,-0.0263585175183963));
#6614=CARTESIAN_POINT('',(0.00508,-0.0779,-0.0274785175183963));
#6615=CARTESIAN_POINT('',(0.00508,-0.0779,-0.0280285175183962));
#6616=CARTESIAN_POINT('',(0.01143,-0.0779,-0.0274785175183963));
#6617=CARTESIAN_POINT('',(0.01143,-0.0779,-0.0280285175183962));
#6618=CARTESIAN_POINT('',(9.0205620750794E-17,-0.0779,-0.0115));
#6619=CARTESIAN_POINT('',(-0.0196211985144164,-0.0779,-0.0182817840984662));
#6620=CARTESIAN_POINT('',(-0.0185698402183408,-0.0779,-0.0178957196825027));
#6621=CARTESIAN_POINT('',(-0.0206725568104919,-0.0779,-0.0186678485144296));
#6622=CARTESIAN_POINT('',(-0.0213619575532837,-0.0779,-0.0167904229857233));
#6623=CARTESIAN_POINT('',(-0.0220513582960755,-0.0779,-0.014912997457017));
#6624=CARTESIAN_POINT('',(-0.021,-0.0779,-0.0145269330410535));
#6625=CARTESIAN_POINT('',(-0.0199486417039244,-0.0779,-0.0141408686250901));
#6626=CARTESIAN_POINT('',(-0.0192592409611326,-0.0779,-0.0160182941537964));
#6627=CARTESIAN_POINT('',(-0.0196211985144164,-0.0779,-0.0182817840984661));
#6628=CARTESIAN_POINT('',(-0.0196211985144164,-0.0779,-0.0188317840984661));
#6629=CARTESIAN_POINT('',(-0.021,-0.0779,-0.0145269330410535));
#6630=CARTESIAN_POINT('',(-0.021,-0.0779,-0.0150769330410535));
#6631=CARTESIAN_POINT('',(9.0205620750794E-17,-0.0779,-0.0115));
#6632=CARTESIAN_POINT('',(-0.01143,-0.0779,-0.0249385175183963));
#6633=CARTESIAN_POINT('',(-0.01143,-0.0779,-0.0254885175183963));
#6634=CARTESIAN_POINT('',(-0.01143,-0.0779,-0.0249385175183963));
#6635=CARTESIAN_POINT('',(-0.01143,-0.0779,-0.0260585175183963));
#6636=CARTESIAN_POINT('',(9.0205620750794E-17,-0.0779,-0.0115));
#6637=CARTESIAN_POINT('',(-0.01143,-0.0779,-0.0274785175183963));
#6638=CARTESIAN_POINT('',(-0.01143,-0.0779,-0.0280285175183962));
#6639=CARTESIAN_POINT('',(-0.01143,-0.0779,-0.0274785175183963));
#6640=CARTESIAN_POINT('',(-0.01143,-0.0779,-0.0285985175183962));
#6641=CARTESIAN_POINT('',(9.0205620750794E-17,-0.0779,-0.0115));
#6642=CARTESIAN_POINT('',(-0.01143,-0.0779,-0.0300185175183963));
#6643=CARTESIAN_POINT('',(-0.01143,-0.0779,-0.0305685175183962));
#6644=CARTESIAN_POINT('',(-0.01143,-0.0779,-0.0300185175183963));
#6645=CARTESIAN_POINT('',(-0.01143,-0.0779,-0.0311385175183963));
#6646=CARTESIAN_POINT('',(9.0205620750794E-17,-0.0779,-0.0115));
#6647=CARTESIAN_POINT('',(-0.01143,-0.0779,-0.0325585175183965));
#6648=CARTESIAN_POINT('',(-0.01143,-0.0779,-0.0331085175183965));
#6649=CARTESIAN_POINT('',(-0.01143,-0.0779,-0.0325585175183965));
#6650=CARTESIAN_POINT('',(-0.01143,-0.0779,-0.0336785175183965));
#6651=CARTESIAN_POINT('',(9.0205620750794E-17,-0.0779,-0.0115));
#6652=CARTESIAN_POINT('',(-0.01143,-0.0779,-0.0350985175183966));
#6653=CARTESIAN_POINT('',(-0.01143,-0.0779,-0.0356485175183966));
#6654=CARTESIAN_POINT('',(-0.01143,-0.0779,-0.0350985175183966));
#6655=CARTESIAN_POINT('',(-0.01143,-0.0779,-0.0362185175183966));
#6656=CARTESIAN_POINT('',(9.0205620750794E-17,-0.0779,-0.0115));
#6657=CARTESIAN_POINT('',(-0.01143,-0.0779,-0.0401785175183952));
#6658=CARTESIAN_POINT('',(-0.01143,-0.0779,-0.0407285175183952));
#6659=CARTESIAN_POINT('',(-0.01143,-0.0779,-0.0401785175183952));
#6660=CARTESIAN_POINT('',(-0.01143,-0.0779,-0.0412985175183952));
#6661=CARTESIAN_POINT('',(9.0205620750794E-17,-0.0779,-0.0115));
#6662=CARTESIAN_POINT('',(-0.01143,-0.0779,-0.0376385175183954));
#6663=CARTESIAN_POINT('',(-0.01143,-0.0779,-0.0381885175183954));
#6664=CARTESIAN_POINT('',(-0.01143,-0.0779,-0.0376385175183954));
#6665=CARTESIAN_POINT('',(-0.01143,-0.0779,-0.0387585175183954));
#6666=CARTESIAN_POINT('',(9.0205620750794E-17,-0.0779,-0.0115));
#6667=CARTESIAN_POINT('',(-0.01605,-0.0779,-0.0251005845385195));
#6668=CARTESIAN_POINT('',(-0.01605,-0.0779,-0.0256505845385195));
#6669=CARTESIAN_POINT('',(-0.0138666504069175,-0.0779,-0.0288183630710888));
#6670=CARTESIAN_POINT('',(-0.0138666504069175,-0.0779,-0.0293683630710888));
#6671=CARTESIAN_POINT('',(-0.0149866504069175,-0.0779,-0.0278972357463746));
#6672=CARTESIAN_POINT('',(-0.0149866504069175,-0.0779,-0.0269761084216604));
#6673=CARTESIAN_POINT('',(-0.0149866504069175,-0.0779,-0.0288183630710888));
#6674=CARTESIAN_POINT('',(-0.0157911075947543,-0.0779,-0.0265274167889404));
#6675=CARTESIAN_POINT('',(-0.016595564782591,-0.0779,-0.0260787251562204));
#6676=CARTESIAN_POINT('',(-0.01605,-0.0779,-0.0251005845385195));
#6677=CARTESIAN_POINT('',(-0.015504435217409,-0.0779,-0.0241224439208185));
#6678=CARTESIAN_POINT('',(-0.0144127604208677,-0.0779,-0.0247313331871032));
#6679=CARTESIAN_POINT('',(-0.0133210856243265,-0.0779,-0.0253402224533879));
#6680=CARTESIAN_POINT('',(-0.0138666504069175,-0.0779,-0.0263183630710888));
#6681=CARTESIAN_POINT('',(-0.0127466504069175,-0.0779,-0.0263183630710888));
#6682=CARTESIAN_POINT('',(-0.0127466504069175,-0.0779,-0.0275683630710888));
#6683=CARTESIAN_POINT('',(-0.0127466504069175,-0.0779,-0.0288183630710888));
#6684=CARTESIAN_POINT('',(-0.0138666504069175,-0.0779,-0.0288183630710888));
#6685=CARTESIAN_POINT('',(9.0205620750794E-17,-0.0779,-0.0115));
#6686=CARTESIAN_POINT('',(-0.01605,-0.0779,-0.0225605845385195));
#6687=CARTESIAN_POINT('',(-0.01605,-0.0779,-0.0214405845385194));
#6688=CARTESIAN_POINT('',(-0.01605,-0.0779,-0.0236805845385195));
#6689=CARTESIAN_POINT('',(-0.016955,-0.0779,-0.0236805845385195));
#6690=CARTESIAN_POINT('',(-0.0178599999999998,-0.0779,-0.0236805845385195));
#6691=CARTESIAN_POINT('',(-0.0178599999999998,-0.0779,-0.0225605845385195));
#6692=CARTESIAN_POINT('',(-0.0178599999999998,-0.0779,-0.0214405845385194));
#6693=CARTESIAN_POINT('',(-0.016955,-0.0779,-0.0214405845385194));
#6694=CARTESIAN_POINT('',(-0.0178599999999989,-0.0779,-0.0225605845385195));
#6695=CARTESIAN_POINT('',(-0.0178599999999989,-0.0779,-0.0231105845385195));
#6696=CARTESIAN_POINT('',(-0.01605,-0.0779,-0.0225605845385195));
#6697=CARTESIAN_POINT('',(-0.01605,-0.0779,-0.0231105845385195));
#6698=CARTESIAN_POINT('',(9.0205620750794E-17,-0.0779,-0.0115));
#6699=CARTESIAN_POINT('',(0.01605,-0.0779,-0.0251005845385195));
#6700=CARTESIAN_POINT('',(0.01605,-0.0779,-0.0256505845385195));
#6701=CARTESIAN_POINT('',(-1.82317022170902E-18,-0.0779,-0.0194613249812956));
#6702=CARTESIAN_POINT('',(-1.82317022170902E-18,-0.0779,-0.0200113249812955));
#6703=CARTESIAN_POINT('',(0.00762,-0.0779,-0.0194613249812956));
#6704=CARTESIAN_POINT('',(0.00762,-0.0779,-0.0200113249812955));
#6705=CARTESIAN_POINT('',(2.29621274840129E-20,-0.0779,-0.0239613249812956));
#6706=CARTESIAN_POINT('',(2.29621274840129E-20,-0.0779,-0.0247113249812956));
#6707=CARTESIAN_POINT('',(0.01143,-0.0779,-0.0401785175183952));
#6708=CARTESIAN_POINT('',(0.01143,-0.0779,-0.0407285175183952));
#6709=CARTESIAN_POINT('',(-0.00762,-0.0779,-0.0225605845385195));
#6710=CARTESIAN_POINT('',(-0.00762,-0.0779,-0.0231105845385195));
#6711=CARTESIAN_POINT('',(-0.00762,-0.0779,-0.0194613249812956));
#6712=CARTESIAN_POINT('',(-0.00762,-0.0779,-0.0200113249812955));
#6713=CARTESIAN_POINT('',(0.0133393624124643,-0.0779,-0.0390169620584305));
#6714=CARTESIAN_POINT('',(0.0139214597617769,-0.0779,-0.0399738124521356));
#6715=CARTESIAN_POINT('',(0.0129667785555435,-0.0779,-0.040554590182116));
#6716=CARTESIAN_POINT('',(0.0120120973493097,-0.0779,-0.0411353679120958));
#6717=CARTESIAN_POINT('',(0.01143,-0.0779,-0.0401785175183952));
#6718=CARTESIAN_POINT('',(0.01143,-0.0779,-0.0412985175183952));
#6719=CARTESIAN_POINT('',(0.005715,-0.0779,-0.0412985175183952));
#6720=CARTESIAN_POINT('',(3.53802717270594E-18,-0.0779,-0.0412985175183945));
#6721=CARTESIAN_POINT('',(3.50373706232977E-18,-0.0779,-0.0401785175183952));
#6722=CARTESIAN_POINT('',(-0.0011199999999992,-0.0779,-0.0401785175183952));
#6723=CARTESIAN_POINT('',(-0.0011199999999992,-0.0779,-0.0330456389344245));
#6724=CARTESIAN_POINT('',(-0.0011199999999992,-0.0779,-0.0259127603504538));
#6725=CARTESIAN_POINT('',(-3.36102673470506E-18,-0.0779,-0.0239613249812956));
#6726=CARTESIAN_POINT('',(-0.00195143536915822,-0.0779,-0.0250813249812948));
#6727=CARTESIAN_POINT('',(-0.00478571768457911,-0.0779,-0.0250813249812948));
#6728=CARTESIAN_POINT('',(-0.00762,-0.0779,-0.0250813249812948));
#6729=CARTESIAN_POINT('',(-0.00762,-0.0779,-0.0239613249812956));
#6730=CARTESIAN_POINT('',(-0.00873999999999925,-0.0779,-0.0239613249812956));
#6731=CARTESIAN_POINT('',(-0.00873999999999926,-0.0779,-0.0217113249812955));
#6732=CARTESIAN_POINT('',(-0.00873999999999926,-0.0779,-0.0194613249812956));
#6733=CARTESIAN_POINT('',(-0.00762,-0.0779,-0.0194613249812956));
#6734=CARTESIAN_POINT('',(-0.00650000000000075,-0.0779,-0.0194613249812956));
#6735=CARTESIAN_POINT('',(-0.00650000000000075,-0.0779,-0.0211513249812959));
#6736=CARTESIAN_POINT('',(-0.00650000000000075,-0.0779,-0.0228413249812963));
#6737=CARTESIAN_POINT('',(-0.00422571768457948,-0.0779,-0.0228413249812963));
#6738=CARTESIAN_POINT('',(-0.00195143536915822,-0.0779,-0.0228413249812963));
#6739=CARTESIAN_POINT('',(1.63714528045311E-17,-0.0779,-0.0239613249812956));
#6740=CARTESIAN_POINT('',(-0.0011199999999992,-0.0779,-0.0220098896121373));
#6741=CARTESIAN_POINT('',(-0.0011199999999992,-0.0779,-0.0207356072967164));
#6742=CARTESIAN_POINT('',(-0.0011199999999992,-0.0779,-0.0194613249812956));
#6743=CARTESIAN_POINT('',(-3.46944695195361E-18,-0.0779,-0.0194613249812956));
#6744=CARTESIAN_POINT('',(0.00111999999999919,-0.0779,-0.0194613249812956));
#6745=CARTESIAN_POINT('',(0.00111999999999998,-0.0779,-0.0207356072967167));
#6746=CARTESIAN_POINT('',(0.00111999999999998,-0.0779,-0.0220098896121377));
#6747=CARTESIAN_POINT('',(1.43114686768087E-17,-0.0779,-0.0239613249812956));
#6748=CARTESIAN_POINT('',(0.00195143536915822,-0.0779,-0.0228413249812963));
#6749=CARTESIAN_POINT('',(0.00422571768457934,-0.0779,-0.0228413249812963));
#6750=CARTESIAN_POINT('',(0.00650000000000046,-0.0779,-0.0228413249812963));
#6751=CARTESIAN_POINT('',(0.00650000000000046,-0.0779,-0.0211513249812959));
#6752=CARTESIAN_POINT('',(0.00650000000000046,-0.0779,-0.0194613249812956));
#6753=CARTESIAN_POINT('',(0.00762,-0.0779,-0.0194613249812956));
#6754=CARTESIAN_POINT('',(0.00873999999999925,-0.0779,-0.0194613249812956));
#6755=CARTESIAN_POINT('',(0.00874,-0.0779,-0.0217113249812955));
#6756=CARTESIAN_POINT('',(0.00874,-0.0779,-0.0239613249812956));
#6757=CARTESIAN_POINT('',(0.00762,-0.0779,-0.0239613249812956));
#6758=CARTESIAN_POINT('',(0.00762,-0.0779,-0.0250813249812948));
#6759=CARTESIAN_POINT('',(0.00478571768457911,-0.0779,-0.0250813249812948));
#6760=CARTESIAN_POINT('',(0.00195143536915822,-0.0779,-0.0250813249812948));
#6761=CARTESIAN_POINT('',(2.53703308361608E-17,-0.0779,-0.0239613249812956));
#6762=CARTESIAN_POINT('',(0.00111999999999998,-0.0779,-0.0259127603504534));
#6763=CARTESIAN_POINT('',(0.00111999999999998,-0.0779,-0.0324856389344243));
#6764=CARTESIAN_POINT('',(0.00111999999999998,-0.0779,-0.0390585175183953));
#6765=CARTESIAN_POINT('',(0.00611804381451714,-0.0779,-0.0390585175183953));
#6766=CARTESIAN_POINT('',(0.0111160876290343,-0.0779,-0.0390585175183953));
#6767=CARTESIAN_POINT('',(0.0117349863336623,-0.0779,-0.0386820121651792));
#6768=CARTESIAN_POINT('',(0.0123538850382904,-0.0779,-0.0383055068119631));
#6769=CARTESIAN_POINT('',(0.013548416557239,-0.0779,-0.0331182701163866));
#6770=CARTESIAN_POINT('',(0.0147429480761876,-0.0779,-0.0279310334208102));
#6771=CARTESIAN_POINT('',(0.0148376621552277,-0.0779,-0.0264793496932262));
#6772=CARTESIAN_POINT('',(0.0149323762342677,-0.0779,-0.0250276659656422));
#6773=CARTESIAN_POINT('',(0.01605,-0.0779,-0.0251005845385195));
#6774=CARTESIAN_POINT('',(0.0171676237657323,-0.0779,-0.0251735031113968));
#6775=CARTESIAN_POINT('',(0.0170699649627716,-0.0779,-0.0266703206547882));
#6776=CARTESIAN_POINT('',(0.0169723061598109,-0.0779,-0.0281671381981796));
#6777=CARTESIAN_POINT('',(0.0158546823940782,-0.0779,-0.0280942196253023));
#6778=CARTESIAN_POINT('',(0.016946116733312,-0.0779,-0.0283455582079795));
#6779=CARTESIAN_POINT('',(0.0168880983249519,-0.0779,-0.0285975023484992));
#6780=CARTESIAN_POINT('',(0.0168300799165916,-0.0779,-0.0288494464890188));
#6781=CARTESIAN_POINT('',(0.0186352939961402,-0.0779,-0.0257227239847019));
#6782=CARTESIAN_POINT('',(0.016767949192431,-0.0779,-0.0289570600599756));
#6783=CARTESIAN_POINT('',(0.0346602540378443,-0.0779,-0.0392871870788978));
#6784=CARTESIAN_POINT('',(9.0205620750794E-17,-0.0779,-0.0115));
#6785=CARTESIAN_POINT('',(0.021,-0.0779,-0.0145269330410535));
#6786=CARTESIAN_POINT('',(0.021,-0.0779,-0.0150769330410535));
#6787=CARTESIAN_POINT('',(0.0196211985144163,-0.0779,-0.0182817840984661));
#6788=CARTESIAN_POINT('',(0.0196211985144163,-0.0779,-0.0188317840984661));
#6789=CARTESIAN_POINT('',(0.01605,-0.0779,-0.0225605845385195));
#6790=CARTESIAN_POINT('',(0.01605,-0.0779,-0.0231105845385195));
#6791=CARTESIAN_POINT('',(0.021,-0.0779,-0.0145269330410535));
#6792=CARTESIAN_POINT('',(0.0199486417039244,-0.0779,-0.0141408686250901));
#6793=CARTESIAN_POINT('',(0.0220513582960755,-0.0779,-0.0149129974570169));
#6794=CARTESIAN_POINT('',(0.0205763582960755,-0.0779,-0.01892982320575));
#6795=CARTESIAN_POINT('',(0.0191013582960755,-0.0779,-0.0229466489544829));
#6796=CARTESIAN_POINT('',(0.01805,-0.0779,-0.0225605845385195));
#6797=CARTESIAN_POINT('',(0.01805,-0.0779,-0.0236805845385195));
#6798=CARTESIAN_POINT('',(0.01705,-0.0779,-0.0236805845385195));
#6799=CARTESIAN_POINT('',(0.01605,-0.0779,-0.0236805845385195));
#6800=CARTESIAN_POINT('',(0.01605,-0.0779,-0.0225605845385195));
#6801=CARTESIAN_POINT('',(0.01605,-0.0779,-0.0214405845385195));
#6802=CARTESIAN_POINT('',(0.0166590733971524,-0.0779,-0.0214405845385195));
#6803=CARTESIAN_POINT('',(0.0172681467943047,-0.0779,-0.0214405845385195));
#6804=CARTESIAN_POINT('',(0.0186083942491146,-0.0779,-0.0177907265818048));
#6805=CARTESIAN_POINT('',(9.0205620750794E-17,-0.0779,-0.0115));
#6806=CARTESIAN_POINT('',(0.01143,-0.0779,-0.0249385175183963));
#6807=CARTESIAN_POINT('',(0.01143,-0.0779,-0.0254885175183963));
#6808=CARTESIAN_POINT('',(0.01605,-0.0779,-0.0200205845385195));
#6809=CARTESIAN_POINT('',(0.01605,-0.0779,-0.0205705845385195));
#6810=CARTESIAN_POINT('',(0.011855,-0.0779,-0.0238185175183963));
#6811=CARTESIAN_POINT('',(0.01228,-0.0779,-0.0238185175183963));
#6812=CARTESIAN_POINT('',(0.01143,-0.0779,-0.0238185175183963));
#6813=CARTESIAN_POINT('',(0.01228,-0.0779,-0.0219195510284579));
#6814=CARTESIAN_POINT('',(0.01228,-0.0779,-0.0200205845385195));
#6815=CARTESIAN_POINT('',(0.0134,-0.0779,-0.0200205845385195));
#6816=CARTESIAN_POINT('',(0.0134,-0.0779,-0.0189005845385195));
#6817=CARTESIAN_POINT('',(0.014725,-0.0779,-0.0189005845385195));
#6818=CARTESIAN_POINT('',(0.01605,-0.0779,-0.0189005845385195));
#6819=CARTESIAN_POINT('',(0.01605,-0.0779,-0.0200205845385195));
#6820=CARTESIAN_POINT('',(0.01605,-0.0779,-0.0211405845385195));
#6821=CARTESIAN_POINT('',(0.015285,-0.0779,-0.0211405845385195));
#6822=CARTESIAN_POINT('',(0.01452,-0.0779,-0.0211405845385195));
#6823=CARTESIAN_POINT('',(0.01452,-0.0779,-0.0230395510284579));
#6824=CARTESIAN_POINT('',(0.01452,-0.0779,-0.0249385175183962));
#6825=CARTESIAN_POINT('',(0.0134,-0.0779,-0.0249385175183962));
#6826=CARTESIAN_POINT('',(0.0134,-0.0779,-0.0260585175183962));
#6827=CARTESIAN_POINT('',(0.012415,-0.0779,-0.0260585175183962));
#6828=CARTESIAN_POINT('',(0.01143,-0.0779,-0.0260585175183962));
#6829=CARTESIAN_POINT('',(0.01143,-0.0779,-0.0249385175183963));
#6830=CARTESIAN_POINT('',(9.0205620750794E-17,-0.0779,-0.0115));
#6831=CARTESIAN_POINT('',(0.01143,-0.0779,-0.0300185175183963));
#6832=CARTESIAN_POINT('',(0.01143,-0.0779,-0.0288985175183962));
#6833=CARTESIAN_POINT('',(0.01143,-0.0779,-0.0311385175183963));
#6834=CARTESIAN_POINT('',(0.0094325,-0.0779,-0.0311385175183963));
#6835=CARTESIAN_POINT('',(0.007435,-0.0779,-0.0311385175183963));
#6836=CARTESIAN_POINT('',(0.007435,-0.0779,-0.0300185175183963));
#6837=CARTESIAN_POINT('',(0.007435,-0.0779,-0.0288985175183962));
#6838=CARTESIAN_POINT('',(0.0094325,-0.0779,-0.0288985175183962));
#6839=CARTESIAN_POINT('',(0.01143,-0.0779,-0.0300185175183963));
#6840=CARTESIAN_POINT('',(0.01143,-0.0779,-0.0305685175183962));
#6841=CARTESIAN_POINT('',(0.007435,-0.0779,-0.0300185175183963));
#6842=CARTESIAN_POINT('',(0.007435,-0.0779,-0.0305685175183962));
#6843=CARTESIAN_POINT('',(9.0205620750794E-17,-0.0779,-0.0115));
#6844=CARTESIAN_POINT('',(-0.00254,-0.0779,-0.0325585175183965));
#6845=CARTESIAN_POINT('',(-0.00154,-0.0779,-0.0325585175183965));
#6846=CARTESIAN_POINT('',(-0.00354,-0.0779,-0.0325585175183965));
#6847=CARTESIAN_POINT('',(-0.00354,-0.0779,-0.0310585175183965));
#6848=CARTESIAN_POINT('',(-0.00354,-0.0779,-0.0295585175183965));
#6849=CARTESIAN_POINT('',(-0.00254,-0.0779,-0.0295585175183965));
#6850=CARTESIAN_POINT('',(-0.00154,-0.0779,-0.0295585175183965));
#6851=CARTESIAN_POINT('',(-0.00154,-0.0779,-0.0310585175183965));
#6852=CARTESIAN_POINT('',(-0.00254,-0.0779,-0.0295585175183965));
#6853=CARTESIAN_POINT('',(-0.00254,-0.0779,-0.0301085175183965));
#6854=CARTESIAN_POINT('',(-0.00254,-0.0779,-0.0325585175183965));
#6855=CARTESIAN_POINT('',(-0.00254,-0.0779,-0.0331085175183965));
#6856=CARTESIAN_POINT('',(9.0205620750794E-17,-0.0779,-0.0115));
#6857=CARTESIAN_POINT('',(0.00508,-0.0779,-0.0194613249812956));
#6858=CARTESIAN_POINT('',(0.00396,-0.0779,-0.0194613249812956));
#6859=CARTESIAN_POINT('',(0.0062,-0.0779,-0.0194613249812956));
#6860=CARTESIAN_POINT('',(0.0062,-0.0779,-0.0203663249812953));
#6861=CARTESIAN_POINT('',(0.0062,-0.0779,-0.0212713249812952));
#6862=CARTESIAN_POINT('',(0.00508,-0.0779,-0.0212713249812952));
#6863=CARTESIAN_POINT('',(0.00396,-0.0779,-0.0212713249812952));
#6864=CARTESIAN_POINT('',(0.00396,-0.0779,-0.0203663249812953));
#6865=CARTESIAN_POINT('',(0.00508,-0.0779,-0.0194613249812956));
#6866=CARTESIAN_POINT('',(0.00508,-0.0779,-0.0200113249812955));
#6867=CARTESIAN_POINT('',(0.00508,-0.0779,-0.0212713249812952));
#6868=CARTESIAN_POINT('',(0.00508,-0.0779,-0.0218213249812952));
#6869=CARTESIAN_POINT('',(0.0346602540378443,-0.0795,-0.0392871870788978));
#6870=CARTESIAN_POINT('',(0.016767949192431,-0.0795,-0.0289570600599756));
#6871=CARTESIAN_POINT('',(0.016767949192431,-0.0795,-0.0289570600599756));
#6872=CARTESIAN_POINT('',(0.0346602540378443,-0.0795,-0.0392871870788978));
#6873=CARTESIAN_POINT('',(0.0186352939961402,-0.0795,-0.0257227239847019));
#6874=CARTESIAN_POINT('',(0.0168300799165916,-0.0781,-0.0288494464890188));
#6875=CARTESIAN_POINT('',(0.0168300799165916,-0.0781,-0.0288494464890188));
#6876=CARTESIAN_POINT('',(0.0186352939961402,-0.0781,-0.0257227239847019));
#6877=CARTESIAN_POINT('',(0.0204405080756888,-0.0781,-0.022596001480385));
#6878=CARTESIAN_POINT('',(0.0204405080756888,-0.0795,-0.022596001480385));
#6879=CARTESIAN_POINT('',(0.0204405080756888,-0.0795,-0.022596001480385));
#6880=CARTESIAN_POINT('',(0.0186352939961402,-0.0795,-0.0257227239847019));
#6881=CARTESIAN_POINT('',(0.00312,-0.0795,-0.0125960014803851));
#6882=CARTESIAN_POINT('',(0.00312,-0.0781,-0.0125960014803851));
#6883=CARTESIAN_POINT('',(0.02312,-0.0781,-0.0125960014803851));
#6884=CARTESIAN_POINT('',(0.02312,-0.0795,-0.0125960014803851));
#6885=CARTESIAN_POINT('',(0.02312,-0.0795,-0.0125960014803851));
#6886=CARTESIAN_POINT('',(0.00312,-0.0795,-0.0125960014803851));
#6887=CARTESIAN_POINT('',(0.02312,-0.0795,-0.00982434232994365));
#6888=CARTESIAN_POINT('',(0.02312,-0.0781,-0.00982434232994365));
#6889=CARTESIAN_POINT('',(0.02312,-0.0781,-0.00705268317950225));
#6890=CARTESIAN_POINT('',(0.02312,-0.0795,-0.00705268317950225));
#6891=CARTESIAN_POINT('',(0.02312,-0.0795,-0.00705268317950225));
#6892=CARTESIAN_POINT('',(0.02312,-0.0795,-0.00982434232994365));
#6893=CARTESIAN_POINT('',(0.01962,-0.0795,-0.00705268317950225));
#6894=CARTESIAN_POINT('',(0.01962,-0.0781,-0.00705268317950225));
#6895=CARTESIAN_POINT('',(0.017389752432509,-0.0781,-0.00435527779882608));
#6896=CARTESIAN_POINT('',(0.017389752432509,-0.0795,-0.00435527779882608));
#6897=CARTESIAN_POINT('',(0.017389752432509,-0.0795,-0.00435527779882608));
#6898=CARTESIAN_POINT('',(0.01962,-0.0795,-0.00705268317950225));
#6899=CARTESIAN_POINT('',(0.0124643760281587,-0.0795,-0.00842763889941304));
#6900=CARTESIAN_POINT('',(0.0124643760281587,-0.0781,-0.00842763889941304));
#6901=CARTESIAN_POINT('',(0.00753899962380837,-0.0781,-0.0125));
#6902=CARTESIAN_POINT('',(0.00753899962380837,-0.0795,-0.0125));
#6903=CARTESIAN_POINT('',(0.00753899962380837,-0.0795,-0.0125));
#6904=CARTESIAN_POINT('',(0.0124643760281587,-0.0795,-0.00842763889941304));
#6905=CARTESIAN_POINT('',(-3.46944695195361E-18,-0.0795,-0.0125));
#6906=CARTESIAN_POINT('',(-3.46944695195361E-18,-0.0781,-0.0125));
#6907=CARTESIAN_POINT('',(-0.00753899962380838,-0.0781,-0.0125));
#6908=CARTESIAN_POINT('',(-0.00753899962380838,-0.0795,-0.0125));
#6909=CARTESIAN_POINT('',(-0.00753899962380838,-0.0795,-0.0125));
#6910=CARTESIAN_POINT('',(-3.46944695195361E-18,-0.0795,-0.0125));
#6911=CARTESIAN_POINT('',(-0.0124643760281587,-0.0795,-0.00842763889941304));
#6912=CARTESIAN_POINT('',(-0.0124643760281587,-0.0781,-0.00842763889941304));
#6913=CARTESIAN_POINT('',(-0.017389752432509,-0.0781,-0.00435527779882608));
#6914=CARTESIAN_POINT('',(-0.017389752432509,-0.0795,-0.00435527779882608));
#6915=CARTESIAN_POINT('',(-0.017389752432509,-0.0795,-0.00435527779882608));
#6916=CARTESIAN_POINT('',(-0.0124643760281587,-0.0795,-0.00842763889941304));
#6917=CARTESIAN_POINT('',(-0.01962,-0.0795,-0.00705268317950225));
#6918=CARTESIAN_POINT('',(-0.01962,-0.0781,-0.00705268317950225));
#6919=CARTESIAN_POINT('',(-0.02312,-0.0781,-0.00705268317950225));
#6920=CARTESIAN_POINT('',(-0.02312,-0.0795,-0.00705268317950225));
#6921=CARTESIAN_POINT('',(-0.02312,-0.0795,-0.00705268317950225));
#6922=CARTESIAN_POINT('',(-0.01962,-0.0795,-0.00705268317950225));
#6923=CARTESIAN_POINT('',(-0.02312,-0.0795,-0.00982434232994365));
#6924=CARTESIAN_POINT('',(-0.02312,-0.0781,-0.00982434232994365));
#6925=CARTESIAN_POINT('',(-0.02312,-0.0781,-0.0125960014803851));
#6926=CARTESIAN_POINT('',(-0.02312,-0.0795,-0.0125960014803851));
#6927=CARTESIAN_POINT('',(-0.02312,-0.0795,-0.0125960014803851));
#6928=CARTESIAN_POINT('',(-0.02312,-0.0795,-0.00982434232994365));
#6929=CARTESIAN_POINT('',(-0.00312,-0.0795,-0.0125960014803851));
#6930=CARTESIAN_POINT('',(-0.00312,-0.0781,-0.0125960014803851));
#6931=CARTESIAN_POINT('',(-0.0204405080756888,-0.0781,-0.022596001480385));
#6932=CARTESIAN_POINT('',(-0.0204405080756888,-0.0795,-0.022596001480385));
#6933=CARTESIAN_POINT('',(-0.0204405080756888,-0.0795,-0.022596001480385));
#6934=CARTESIAN_POINT('',(-0.00312,-0.0795,-0.0125960014803851));
#6935=CARTESIAN_POINT('',(-0.01860422863406,-0.0795,-0.0257765307701804));
#6936=CARTESIAN_POINT('',(-0.01860422863406,-0.0781,-0.0257765307701804));
#6937=CARTESIAN_POINT('',(-0.0167679491924311,-0.0781,-0.0289570600599757));
#6938=CARTESIAN_POINT('',(-0.0167679491924311,-0.0795,-0.0289570600599757));
#6939=CARTESIAN_POINT('',(-0.0167679491924311,-0.0795,-0.0289570600599757));
#6940=CARTESIAN_POINT('',(-0.01860422863406,-0.0795,-0.0257765307701804));
#6941=CARTESIAN_POINT('',(-0.0346602540378444,-0.0795,-0.039287187078898));
#6942=CARTESIAN_POINT('',(-0.0346602540378444,-0.0781,-0.039287187078898));
#6943=CARTESIAN_POINT('',(-0.014,-0.0781,-0.0392871870788979));
#6944=CARTESIAN_POINT('',(-0.014,-0.0795,-0.0392871870788979));
#6945=CARTESIAN_POINT('',(-0.014,-0.0795,-0.0392871870788979));
#6946=CARTESIAN_POINT('',(-0.0346602540378444,-0.0795,-0.039287187078898));
#6947=CARTESIAN_POINT('',(0.00266025403784437,-0.0795,-0.0392871870788979));
#6948=CARTESIAN_POINT('',(0.00266025403784437,-0.0781,-0.0392871870788979));
#6949=CARTESIAN_POINT('',(-0.0117679491924312,-0.0781,-0.0476173140978202));
#6950=CARTESIAN_POINT('',(-0.0117679491924312,-0.0795,-0.0476173140978202));
#6951=CARTESIAN_POINT('',(-0.0117679491924312,-0.0795,-0.0476173140978202));
#6952=CARTESIAN_POINT('',(0.00266025403784437,-0.0795,-0.0392871870788979));
#6953=CARTESIAN_POINT('',(-0.0106471143170299,-0.0795,-0.0495586570489101));
#6954=CARTESIAN_POINT('',(-0.0106471143170299,-0.0781,-0.0495586570489101));
#6955=CARTESIAN_POINT('',(-0.00952627944162868,-0.0781,-0.0515));
#6956=CARTESIAN_POINT('',(-0.00952627944162868,-0.0795,-0.0515));
#6957=CARTESIAN_POINT('',(-0.00952627944162868,-0.0795,-0.0515));
#6958=CARTESIAN_POINT('',(-0.0106471143170299,-0.0795,-0.0495586570489101));
#6959=CARTESIAN_POINT('',(5.20417042793042E-17,-0.0795,-0.046));
#6960=CARTESIAN_POINT('',(5.20417042793042E-17,-0.0781,-0.046));
#6961=CARTESIAN_POINT('',(0.00952627944162888,-0.0781,-0.0515));
#6962=CARTESIAN_POINT('',(0.00952627944162888,-0.0795,-0.0515));
#6963=CARTESIAN_POINT('',(0.00952627944162888,-0.0795,-0.0515));
#6964=CARTESIAN_POINT('',(5.20417042793042E-17,-0.0795,-0.046));
#6965=CARTESIAN_POINT('',(0.00508,-0.0795,-0.0212713249812952));
#6966=CARTESIAN_POINT('',(0.00508,-0.0795,-0.0212713249812952));
#6967=CARTESIAN_POINT('',(0.00508,-0.0795,-0.0218213249812952));
#6968=CARTESIAN_POINT('',(-0.00762,-0.0795,-0.0194613249812956));
#6969=CARTESIAN_POINT('',(-0.00762,-0.0795,-0.0194613249812956));
#6970=CARTESIAN_POINT('',(-0.00762,-0.0795,-0.0200113249812955));
#6971=CARTESIAN_POINT('',(-0.00762,-0.0795,-0.0225605845385195));
#6972=CARTESIAN_POINT('',(-0.00762,-0.0795,-0.0225605845385195));
#6973=CARTESIAN_POINT('',(-0.00762,-0.0795,-0.0231105845385195));
#6974=CARTESIAN_POINT('',(0.01143,-0.0795,-0.0401785175183952));
#6975=CARTESIAN_POINT('',(0.01143,-0.0795,-0.0401785175183952));
#6976=CARTESIAN_POINT('',(0.01143,-0.0795,-0.0407285175183952));
#6977=CARTESIAN_POINT('',(2.29621274840129E-20,-0.0795,-0.0239613249812956));
#6978=CARTESIAN_POINT('',(2.29621274840129E-20,-0.0795,-0.0239613249812956));
#6979=CARTESIAN_POINT('',(2.29621274840129E-20,-0.0795,-0.0247113249812956));
#6980=CARTESIAN_POINT('',(0.00762,-0.0795,-0.0194613249812956));
#6981=CARTESIAN_POINT('',(0.00762,-0.0795,-0.0194613249812956));
#6982=CARTESIAN_POINT('',(0.00762,-0.0795,-0.0200113249812955));
#6983=CARTESIAN_POINT('',(-1.82317022170902E-18,-0.0795,-0.0194613249812956));
#6984=CARTESIAN_POINT('',(-1.82317022170902E-18,-0.0795,-0.0194613249812956));
#6985=CARTESIAN_POINT('',(-1.82317022170902E-18,-0.0795,-0.0200113249812955));
#6986=CARTESIAN_POINT('',(0.01605,-0.0795,-0.0251005845385195));
#6987=CARTESIAN_POINT('',(0.01605,-0.0795,-0.0251005845385195));
#6988=CARTESIAN_POINT('',(0.01605,-0.0795,-0.0256505845385195));
#6989=CARTESIAN_POINT('',(-0.01605,-0.0795,-0.0251005845385195));
#6990=CARTESIAN_POINT('',(-0.01605,-0.0795,-0.0251005845385195));
#6991=CARTESIAN_POINT('',(-0.01605,-0.0795,-0.0256505845385195));
#6992=CARTESIAN_POINT('',(-0.0138666504069175,-0.0795,-0.0288183630710888));
#6993=CARTESIAN_POINT('',(-0.0138666504069175,-0.0795,-0.0288183630710888));
#6994=CARTESIAN_POINT('',(-0.0138666504069175,-0.0795,-0.0293683630710888));
#6995=CARTESIAN_POINT('',(-0.01143,-0.0795,-0.0376385175183954));
#6996=CARTESIAN_POINT('',(-0.01143,-0.0795,-0.0376385175183954));
#6997=CARTESIAN_POINT('',(-0.01143,-0.0795,-0.0381885175183954));
#6998=CARTESIAN_POINT('',(-0.01143,-0.0795,-0.0401785175183952));
#6999=CARTESIAN_POINT('',(-0.01143,-0.0795,-0.0401785175183952));
#7000=CARTESIAN_POINT('',(-0.01143,-0.0795,-0.0407285175183952));
#7001=CARTESIAN_POINT('',(-0.01143,-0.0795,-0.0350985175183966));
#7002=CARTESIAN_POINT('',(-0.01143,-0.0795,-0.0350985175183966));
#7003=CARTESIAN_POINT('',(-0.01143,-0.0795,-0.0356485175183966));
#7004=CARTESIAN_POINT('',(-0.01143,-0.0795,-0.0325585175183965));
#7005=CARTESIAN_POINT('',(-0.01143,-0.0795,-0.0325585175183965));
#7006=CARTESIAN_POINT('',(-0.01143,-0.0795,-0.0331085175183965));
#7007=CARTESIAN_POINT('',(-0.01143,-0.0795,-0.0300185175183963));
#7008=CARTESIAN_POINT('',(-0.01143,-0.0795,-0.0300185175183963));
#7009=CARTESIAN_POINT('',(-0.01143,-0.0795,-0.0305685175183962));
#7010=CARTESIAN_POINT('',(-0.01143,-0.0795,-0.0274785175183963));
#7011=CARTESIAN_POINT('',(-0.01143,-0.0795,-0.0274785175183963));
#7012=CARTESIAN_POINT('',(-0.01143,-0.0795,-0.0280285175183962));
#7013=CARTESIAN_POINT('',(-0.01143,-0.0795,-0.0249385175183963));
#7014=CARTESIAN_POINT('',(-0.01143,-0.0795,-0.0249385175183963));
#7015=CARTESIAN_POINT('',(-0.01143,-0.0795,-0.0254885175183963));
#7016=CARTESIAN_POINT('',(-0.01605,-0.0795,-0.0225605845385195));
#7017=CARTESIAN_POINT('',(-0.01605,-0.0795,-0.0225605845385195));
#7018=CARTESIAN_POINT('',(-0.01605,-0.0795,-0.0231105845385195));
#7019=CARTESIAN_POINT('',(-0.0178599999999989,-0.0795,-0.0225605845385195));
#7020=CARTESIAN_POINT('',(-0.0178599999999989,-0.0795,-0.0225605845385195));
#7021=CARTESIAN_POINT('',(-0.0178599999999989,-0.0795,-0.0231105845385195));
#7022=CARTESIAN_POINT('',(-0.0196211985144164,-0.0795,-0.0182817840984661));
#7023=CARTESIAN_POINT('',(-0.0196211985144164,-0.0795,-0.0182817840984661));
#7024=CARTESIAN_POINT('',(-0.0196211985144164,-0.0795,-0.0188317840984661));
#7025=CARTESIAN_POINT('',(-0.021,-0.0795,-0.0145269330410535));
#7026=CARTESIAN_POINT('',(-0.021,-0.0795,-0.0145269330410535));
#7027=CARTESIAN_POINT('',(-0.021,-0.0795,-0.0150769330410535));
#7028=CARTESIAN_POINT('',(0.01143,-0.0795,-0.0274785175183963));
#7029=CARTESIAN_POINT('',(0.01143,-0.0795,-0.0274785175183963));
#7030=CARTESIAN_POINT('',(0.01143,-0.0795,-0.0280285175183962));
#7031=CARTESIAN_POINT('',(0.00508,-0.0795,-0.0274785175183963));
#7032=CARTESIAN_POINT('',(0.00508,-0.0795,-0.0274785175183963));
#7033=CARTESIAN_POINT('',(0.00508,-0.0795,-0.0280285175183962));
#7034=CARTESIAN_POINT('',(-0.01016,-0.0795,-0.0194613249812956));
#7035=CARTESIAN_POINT('',(-0.01016,-0.0795,-0.0194613249812956));
#7036=CARTESIAN_POINT('',(-0.01016,-0.0795,-0.0200113249812955));
#7037=CARTESIAN_POINT('',(-0.00254,-0.0795,-0.0194613249812956));
#7038=CARTESIAN_POINT('',(-0.00254,-0.0795,-0.0194613249812956));
#7039=CARTESIAN_POINT('',(-0.00254,-0.0795,-0.0200113249812955));
#7040=CARTESIAN_POINT('',(-0.00254,-0.0795,-0.0212713249812952));
#7041=CARTESIAN_POINT('',(-0.00254,-0.0795,-0.0212713249812952));
#7042=CARTESIAN_POINT('',(-0.00254,-0.0795,-0.0218213249812952));
#7043=CARTESIAN_POINT('',(-0.01143,-0.0795,-0.0223985175183962));
#7044=CARTESIAN_POINT('',(-0.01143,-0.0795,-0.0223985175183962));
#7045=CARTESIAN_POINT('',(-0.01143,-0.0795,-0.0229485175183962));
#7046=CARTESIAN_POINT('',(-0.01143,-0.0779,-0.0223985175183962));
#7047=CARTESIAN_POINT('',(-0.01143,-0.0779,-0.0229485175183962));
#7048=CARTESIAN_POINT('',(-0.021,-0.0795,-0.0119869330410535));
#7049=CARTESIAN_POINT('',(-0.021,-0.0795,-0.0119869330410535));
#7050=CARTESIAN_POINT('',(-0.021,-0.0795,-0.0125369330410535));
#7051=CARTESIAN_POINT('',(-0.021,-0.0779,-0.0119869330410535));
#7052=CARTESIAN_POINT('',(-0.021,-0.0779,-0.0125369330410535));
#7053=CARTESIAN_POINT('',(-3.46944695195361E-18,-0.0795,-0.0154613249812956));
#7054=CARTESIAN_POINT('',(-3.46944695195361E-18,-0.0795,-0.0154613249812956));
#7055=CARTESIAN_POINT('',(-3.46944695195361E-18,-0.0795,-0.0162113249812956));
#7056=CARTESIAN_POINT('',(-3.46944695195361E-18,-0.0779,-0.0154613249812956));
#7057=CARTESIAN_POINT('',(-3.46944695195361E-18,-0.0779,-0.0162113249812956));
#7058=CARTESIAN_POINT('',(0.021,-0.0795,-0.0119869330410535));
#7059=CARTESIAN_POINT('',(0.021,-0.0795,-0.0119869330410535));
#7060=CARTESIAN_POINT('',(0.021,-0.0795,-0.0125369330410535));
#7061=CARTESIAN_POINT('',(0.021,-0.0779,-0.0119869330410535));
#7062=CARTESIAN_POINT('',(0.021,-0.0779,-0.0125369330410535));
#7063=CARTESIAN_POINT('',(0.01016,-0.0795,-0.0194613249812956));
#7064=CARTESIAN_POINT('',(0.01016,-0.0795,-0.0194613249812956));
#7065=CARTESIAN_POINT('',(0.01016,-0.0795,-0.0200113249812955));
#7066=CARTESIAN_POINT('',(0.01016,-0.0779,-0.0194613249812956));
#7067=CARTESIAN_POINT('',(0.01016,-0.0779,-0.0200113249812955));
#7068=CARTESIAN_POINT('',(0.01143,-0.0795,-0.0223985175183962));
#7069=CARTESIAN_POINT('',(0.01143,-0.0781,-0.0223985175183962));
#7070=CARTESIAN_POINT('',(0.01143,-0.0781,-0.0229485175183962));
#7071=CARTESIAN_POINT('',(0.01143,-0.0795,-0.0223985175183962));
#7072=CARTESIAN_POINT('',(0.01143,-0.0795,-0.0229485175183962));
#7073=CARTESIAN_POINT('',(0.01143,-0.0795,-0.0376385175183954));
#7074=CARTESIAN_POINT('',(0.01143,-0.0781,-0.0376385175183954));
#7075=CARTESIAN_POINT('',(0.01143,-0.0781,-0.0381885175183954));
#7076=CARTESIAN_POINT('',(0.01143,-0.0795,-0.0376385175183954));
#7077=CARTESIAN_POINT('',(0.01143,-0.0795,-0.0381885175183954));
#7078=CARTESIAN_POINT('',(0.,-0.0795,-0.0494085175183952));
#7079=CARTESIAN_POINT('',(0.,-0.0781,-0.0494085175183952));
#7080=CARTESIAN_POINT('',(0.,-0.0781,-0.0510585175183952));
#7081=CARTESIAN_POINT('',(0.,-0.0795,-0.0494085175183952));
#7082=CARTESIAN_POINT('',(0.,-0.0795,-0.0510585175183952));
#7083=CARTESIAN_POINT('',(0.01962,-0.0795,-0.00705268317950225));
#7084=CARTESIAN_POINT('',(0.01962,-0.0781,-0.00705268317950225));
#7085=CARTESIAN_POINT('',(0.01962,-0.0781,-0.00870268317950225));
#7086=CARTESIAN_POINT('',(0.01962,-0.0795,-0.00705268317950225));
#7087=CARTESIAN_POINT('',(0.01962,-0.0795,-0.00870268317950225));
#7088=CARTESIAN_POINT('',(-0.01962,-0.0795,-0.00705268317950225));
#7089=CARTESIAN_POINT('',(-0.01962,-0.0781,-0.00705268317950225));
#7090=CARTESIAN_POINT('',(-0.01962,-0.0781,-0.00870268317950225));
#7091=CARTESIAN_POINT('',(-0.01962,-0.0795,-0.00705268317950225));
#7092=CARTESIAN_POINT('',(-0.01962,-0.0795,-0.00870268317950225));
#7093=CARTESIAN_POINT('',(0.01064711431703,-0.0795,-0.0495586570489101));
#7094=CARTESIAN_POINT('',(0.01064711431703,-0.0781,-0.0495586570489101));
#7095=CARTESIAN_POINT('',(0.01064711431703,-0.0795,-0.0495586570489101));
#7096=CARTESIAN_POINT('',(0.01143,-0.0795,-0.0300185175183963));
#7097=CARTESIAN_POINT('',(0.01143,-0.0795,-0.0300185175183963));
#7098=CARTESIAN_POINT('',(0.01143,-0.0795,-0.0305685175183962));
#7099=CARTESIAN_POINT('',(0.007435,-0.0795,-0.0300185175183963));
#7100=CARTESIAN_POINT('',(0.007435,-0.0795,-0.0300185175183963));
#7101=CARTESIAN_POINT('',(0.007435,-0.0795,-0.0305685175183962));
#7102=CARTESIAN_POINT('',(-0.01605,-0.0795,-0.0200205845385195));
#7103=CARTESIAN_POINT('',(-0.01605,-0.0795,-0.0200205845385195));
#7104=CARTESIAN_POINT('',(-0.01605,-0.0795,-0.0205705845385195));
#7105=CARTESIAN_POINT('',(-0.01605,-0.0779,-0.0200205845385195));
#7106=CARTESIAN_POINT('',(-0.01605,-0.0779,-0.0205705845385195));
#7107=CARTESIAN_POINT('',(0.01143,-0.0795,-0.0325585175183965));
#7108=CARTESIAN_POINT('',(0.01143,-0.0795,-0.0325585175183965));
#7109=CARTESIAN_POINT('',(0.01143,-0.0795,-0.0331085175183965));
#7110=CARTESIAN_POINT('',(0.00344,-0.0795,-0.0325585175183963));
#7111=CARTESIAN_POINT('',(0.00344,-0.0795,-0.0325585175183963));
#7112=CARTESIAN_POINT('',(0.00344,-0.0795,-0.0331085175183963));
#7113=CARTESIAN_POINT('',(0.01605,-0.0795,-0.0200205845385195));
#7114=CARTESIAN_POINT('',(0.01605,-0.0795,-0.0200205845385195));
#7115=CARTESIAN_POINT('',(0.01605,-0.0795,-0.0205705845385195));
#7116=CARTESIAN_POINT('',(0.01143,-0.0795,-0.0249385175183963));
#7117=CARTESIAN_POINT('',(0.01143,-0.0795,-0.0249385175183963));
#7118=CARTESIAN_POINT('',(0.01143,-0.0795,-0.0254885175183963));
#7119=CARTESIAN_POINT('',(-0.00781000000000075,-0.0795,-0.0350985175183963));
#7120=CARTESIAN_POINT('',(-0.00781000000000075,-0.0795,-0.0350985175183963));
#7121=CARTESIAN_POINT('',(-0.00781000000000075,-0.0795,-0.0356485175183963));
#7122=CARTESIAN_POINT('',(-0.00508,-0.0795,-0.0194613249812956));
#7123=CARTESIAN_POINT('',(-0.00508,-0.0795,-0.0194613249812956));
#7124=CARTESIAN_POINT('',(-0.00508,-0.0795,-0.0200113249812955));
#7125=CARTESIAN_POINT('',(-0.00508,-0.0779,-0.0194613249812956));
#7126=CARTESIAN_POINT('',(-0.00508,-0.0779,-0.0200113249812955));
#7127=CARTESIAN_POINT('',(0.00254,-0.0795,-0.0194613249812956));
#7128=CARTESIAN_POINT('',(0.00254,-0.0795,-0.0194613249812956));
#7129=CARTESIAN_POINT('',(0.00254,-0.0795,-0.0200113249812955));
#7130=CARTESIAN_POINT('',(0.00254,-0.0779,-0.0194613249812956));
#7131=CARTESIAN_POINT('',(0.00254,-0.0779,-0.0200113249812955));
#7132=CARTESIAN_POINT('',(0.01605,-0.0795,-0.0225605845385195));
#7133=CARTESIAN_POINT('',(0.01605,-0.0795,-0.0225605845385195));
#7134=CARTESIAN_POINT('',(0.01605,-0.0795,-0.0231105845385195));
#7135=CARTESIAN_POINT('',(0.0196211985144163,-0.0795,-0.0182817840984661));
#7136=CARTESIAN_POINT('',(0.0196211985144163,-0.0795,-0.0182817840984661));
#7137=CARTESIAN_POINT('',(0.0196211985144163,-0.0795,-0.0188317840984661));
#7138=CARTESIAN_POINT('',(0.021,-0.0795,-0.0145269330410535));
#7139=CARTESIAN_POINT('',(0.021,-0.0795,-0.0145269330410535));
#7140=CARTESIAN_POINT('',(0.021,-0.0795,-0.0150769330410535));
#7141=CARTESIAN_POINT('',(-0.00254,-0.0795,-0.0325585175183965));
#7142=CARTESIAN_POINT('',(-0.00254,-0.0795,-0.0325585175183965));
#7143=CARTESIAN_POINT('',(-0.00254,-0.0795,-0.0331085175183965));
#7144=CARTESIAN_POINT('',(-0.00254,-0.0795,-0.0295585175183965));
#7145=CARTESIAN_POINT('',(-0.00254,-0.0795,-0.0295585175183965));
#7146=CARTESIAN_POINT('',(-0.00254,-0.0795,-0.0301085175183965));
#7147=CARTESIAN_POINT('',(0.01143,-0.0795,-0.0350985175183966));
#7148=CARTESIAN_POINT('',(0.01143,-0.0795,-0.0350985175183966));
#7149=CARTESIAN_POINT('',(0.01143,-0.0795,-0.0356485175183966));
#7150=CARTESIAN_POINT('',(0.007435,-0.0795,-0.0350985175183963));
#7151=CARTESIAN_POINT('',(0.007435,-0.0795,-0.0350985175183963));
#7152=CARTESIAN_POINT('',(0.007435,-0.0795,-0.0356485175183963));
#7153=CARTESIAN_POINT('',(0.00508,-0.0795,-0.0194613249812956));
#7154=CARTESIAN_POINT('',(0.00508,-0.0795,-0.0194613249812956));
#7155=CARTESIAN_POINT('',(0.00508,-0.0795,-0.0200113249812955));
#7156=CARTESIAN_POINT('',(9.0205620750794E-17,-0.0795,-0.0115));
#7157=CARTESIAN_POINT('',(9.0205620750794E-17,-0.0779,-0.0115));
#7158=CARTESIAN_POINT('',(0.00224571768457889,-0.0779,-0.0143413249812956));
#7159=CARTESIAN_POINT('',(0.00195143536915779,-0.0779,-0.0143413249812956));
#7160=CARTESIAN_POINT('',(0.00998489826662397,-0.0779,-0.0143413249812956));
#7161=CARTESIAN_POINT('',(0.0153215252006695,-0.0779,-0.012630851401247));
#7162=CARTESIAN_POINT('',(0.0206581521347151,-0.0779,-0.0109203778211984));
#7163=CARTESIAN_POINT('',(0.021,-0.0779,-0.0119869330410535));
#7164=CARTESIAN_POINT('',(0.0213418478652848,-0.0779,-0.0130534882609087));
#7165=CARTESIAN_POINT('',(0.0163109239326424,-0.0779,-0.0146659791800547));
#7166=CARTESIAN_POINT('',(0.01128,-0.0779,-0.0162784700992008));
#7167=CARTESIAN_POINT('',(0.01128,-0.0779,-0.0178698975402482));
#7168=CARTESIAN_POINT('',(0.01128,-0.0779,-0.0194613249812956));
#7169=CARTESIAN_POINT('',(0.01016,-0.0779,-0.0194613249812956));
#7170=CARTESIAN_POINT('',(0.00904,-0.0779,-0.0194613249812956));
#7171=CARTESIAN_POINT('',(0.00904000000000064,-0.0779,-0.0180213249812956));
#7172=CARTESIAN_POINT('',(0.00904000000000064,-0.0779,-0.0165813249812955));
#7173=CARTESIAN_POINT('',(0.00635000000000032,-0.0779,-0.0165813249812955));
#7174=CARTESIAN_POINT('',(0.00366,-0.0779,-0.0165813249812955));
#7175=CARTESIAN_POINT('',(0.00366,-0.0779,-0.0180213249812956));
#7176=CARTESIAN_POINT('',(0.00366,-0.0779,-0.0194613249812956));
#7177=CARTESIAN_POINT('',(0.00254,-0.0779,-0.0194613249812956));
#7178=CARTESIAN_POINT('',(0.00142,-0.0779,-0.0194613249812956));
#7179=CARTESIAN_POINT('',(0.00142,-0.0779,-0.0190726986189104));
#7180=CARTESIAN_POINT('',(0.00142,-0.0779,-0.0186840722565252));
#7181=CARTESIAN_POINT('',(0.00042,-0.0779,-0.0186840722565252));
#7182=CARTESIAN_POINT('',(0.000290769230769231,-0.0779,-0.0176924577103007));
#7183=CARTESIAN_POINT('',(8.13151629364128E-20,-0.0779,-0.0154613249812956));
#7184=CARTESIAN_POINT('',(-0.0019514353691578,-0.0779,-0.0165813249812955));
#7185=CARTESIAN_POINT('',(-0.00295571768457901,-0.0779,-0.0165813249812955));
#7186=CARTESIAN_POINT('',(-0.00396000000000022,-0.0779,-0.0165813249812955));
#7187=CARTESIAN_POINT('',(-0.00396000000000022,-0.0779,-0.0180213249812956));
#7188=CARTESIAN_POINT('',(-0.00396000000000022,-0.0779,-0.0194613249812956));
#7189=CARTESIAN_POINT('',(-0.00508,-0.0779,-0.0194613249812956));
#7190=CARTESIAN_POINT('',(-0.0062,-0.0779,-0.0194613249812956));
#7191=CARTESIAN_POINT('',(-0.00620000000000018,-0.0779,-0.0180213249812956));
#7192=CARTESIAN_POINT('',(-0.00620000000000018,-0.0779,-0.0165813249812955));
#7193=CARTESIAN_POINT('',(-0.00914,-0.0779,-0.0165813249812955));
#7194=CARTESIAN_POINT('',(-0.01208,-0.0779,-0.0165813249812955));
#7195=CARTESIAN_POINT('',(-0.01208,-0.0779,-0.0183009547599075));
#7196=CARTESIAN_POINT('',(-0.01208,-0.0779,-0.0212785175183962));
#7197=CARTESIAN_POINT('',(-0.011755,-0.0779,-0.0212785175183962));
#7198=CARTESIAN_POINT('',(-0.01143,-0.0779,-0.0212785175183962));
#7199=CARTESIAN_POINT('',(-0.01143,-0.0779,-0.0223985175183962));
#7200=CARTESIAN_POINT('',(-0.01143,-0.0779,-0.0235185175183962));
#7201=CARTESIAN_POINT('',(-0.012315,-0.0779,-0.0235185175183963));
#7202=CARTESIAN_POINT('',(-0.0132,-0.0779,-0.0235185175183962));
#7203=CARTESIAN_POINT('',(-0.0132,-0.0779,-0.0223985175183962));
#7204=CARTESIAN_POINT('',(-0.01432,-0.0779,-0.0223985175183962));
#7205=CARTESIAN_POINT('',(-0.01432,-0.0779,-0.0217695510284579));
#7206=CARTESIAN_POINT('',(-0.01432,-0.0779,-0.0211405845385195));
#7207=CARTESIAN_POINT('',(-0.015185,-0.0779,-0.0211405845385195));
#7208=CARTESIAN_POINT('',(-0.01605,-0.0779,-0.0211405845385195));
#7209=CARTESIAN_POINT('',(-0.01605,-0.0779,-0.0200205845385195));
#7210=CARTESIAN_POINT('',(-0.01605,-0.0779,-0.0189005845385195));
#7211=CARTESIAN_POINT('',(-0.015185,-0.0779,-0.0189005845385194));
#7212=CARTESIAN_POINT('',(-0.01432,-0.0779,-0.0189005845385194));
#7213=CARTESIAN_POINT('',(-0.01432,-0.0779,-0.0174669158813925));
#7214=CARTESIAN_POINT('',(-0.01432,-0.0779,-0.0160332472242656));
#7215=CARTESIAN_POINT('',(-0.0163414052301825,-0.0779,-0.0145700901326596));
#7216=CARTESIAN_POINT('',(-0.0183628104603649,-0.0779,-0.0131069330410536));
#7217=CARTESIAN_POINT('',(-0.0196814052301825,-0.0779,-0.0131069330410536));
#7218=CARTESIAN_POINT('',(-0.021,-0.0779,-0.0131069330410536));
#7219=CARTESIAN_POINT('',(-0.021,-0.0779,-0.0119869330410535));
#7220=CARTESIAN_POINT('',(-0.021,-0.0779,-0.0108669330410535));
#7221=CARTESIAN_POINT('',(-0.0195,-0.0779,-0.0108669330410535));
#7222=CARTESIAN_POINT('',(-0.018,-0.0779,-0.0108669330410535));
#7223=CARTESIAN_POINT('',(-0.018,-0.0779,-0.0119869330410535));
#7224=CARTESIAN_POINT('',(-0.0173432913113199,-0.0779,-0.0110796658818264));
#7225=CARTESIAN_POINT('',(-0.0150902404254775,-0.0779,-0.012710495431561));
#7226=CARTESIAN_POINT('',(-0.0128371895396351,-0.0779,-0.0143413249812955));
#7227=CARTESIAN_POINT('',(-0.00895859476981757,-0.0779,-0.0143413249812955));
#7228=CARTESIAN_POINT('',(-0.0019514353691578,-0.0779,-0.0143413249812955));
#7229=CARTESIAN_POINT('',(-2.49366499671666E-18,-0.0779,-0.0154613249812956));
#7230=CARTESIAN_POINT('',(0.00224571768457889,-0.0781,-0.0143413249812956));
#7231=CARTESIAN_POINT('',(0.00195143536915779,-0.0781,-0.0143413249812956));
#7232=CARTESIAN_POINT('',(0.00195143536915779,-0.0781,-0.0143413249812956));
#7233=CARTESIAN_POINT('',(0.00224571768457889,-0.0781,-0.0143413249812956));
#7234=CARTESIAN_POINT('',(0.00998489826662397,-0.0781,-0.0143413249812956));
#7235=CARTESIAN_POINT('',(0.00998489826662397,-0.0781,-0.0143413249812956));
#7236=CARTESIAN_POINT('',(0.0153215252006695,-0.0781,-0.012630851401247));
#7237=CARTESIAN_POINT('',(0.0153215252006695,-0.0781,-0.012630851401247));
#7238=CARTESIAN_POINT('',(0.0206581521347151,-0.0781,-0.0109203778211984));
#7239=CARTESIAN_POINT('',(0.0206581521347151,-0.0781,-0.0109203778211984));
#7240=CARTESIAN_POINT('',(0.021,-0.0781,-0.0119869330410535));
#7241=CARTESIAN_POINT('',(0.021,-0.0781,-0.0119869330410535));
#7242=CARTESIAN_POINT('',(0.0213418478652848,-0.0781,-0.0130534882609087));
#7243=CARTESIAN_POINT('',(0.0213418478652848,-0.0781,-0.0130534882609087));
#7244=CARTESIAN_POINT('',(0.0163109239326424,-0.0781,-0.0146659791800547));
#7245=CARTESIAN_POINT('',(0.0163109239326424,-0.0781,-0.0146659791800547));
#7246=CARTESIAN_POINT('',(0.01128,-0.0781,-0.0162784700992008));
#7247=CARTESIAN_POINT('',(0.01128,-0.0781,-0.0162784700992008));
#7248=CARTESIAN_POINT('',(0.01128,-0.0781,-0.0178698975402482));
#7249=CARTESIAN_POINT('',(0.01128,-0.0781,-0.0178698975402482));
#7250=CARTESIAN_POINT('',(0.01128,-0.0781,-0.0194613249812956));
#7251=CARTESIAN_POINT('',(0.01128,-0.0781,-0.0194613249812956));
#7252=CARTESIAN_POINT('',(0.01016,-0.0781,-0.0194613249812956));
#7253=CARTESIAN_POINT('',(0.01016,-0.0781,-0.0194613249812956));
#7254=CARTESIAN_POINT('',(0.00904,-0.0781,-0.0194613249812956));
#7255=CARTESIAN_POINT('',(0.00904,-0.0781,-0.0194613249812956));
#7256=CARTESIAN_POINT('',(0.00904000000000064,-0.0781,-0.0180213249812956));
#7257=CARTESIAN_POINT('',(0.00904000000000064,-0.0781,-0.0180213249812956));
#7258=CARTESIAN_POINT('',(0.00904000000000064,-0.0781,-0.0165813249812955));
#7259=CARTESIAN_POINT('',(0.00904000000000064,-0.0781,-0.0165813249812955));
#7260=CARTESIAN_POINT('',(0.00635000000000032,-0.0781,-0.0165813249812955));
#7261=CARTESIAN_POINT('',(0.00635000000000032,-0.0781,-0.0165813249812955));
#7262=CARTESIAN_POINT('',(0.00366,-0.0781,-0.0165813249812955));
#7263=CARTESIAN_POINT('',(0.00366,-0.0781,-0.0165813249812955));
#7264=CARTESIAN_POINT('',(0.00366,-0.0781,-0.0180213249812956));
#7265=CARTESIAN_POINT('',(0.00366,-0.0781,-0.0180213249812956));
#7266=CARTESIAN_POINT('',(0.00366,-0.0781,-0.0194613249812956));
#7267=CARTESIAN_POINT('',(0.00366,-0.0781,-0.0194613249812956));
#7268=CARTESIAN_POINT('',(0.00254,-0.0781,-0.0194613249812956));
#7269=CARTESIAN_POINT('',(0.00254,-0.0781,-0.0194613249812956));
#7270=CARTESIAN_POINT('',(0.00142,-0.0781,-0.0194613249812956));
#7271=CARTESIAN_POINT('',(0.00142,-0.0781,-0.0194613249812956));
#7272=CARTESIAN_POINT('',(0.00142,-0.0781,-0.0190726986189104));
#7273=CARTESIAN_POINT('',(0.00142,-0.0781,-0.0190726986189104));
#7274=CARTESIAN_POINT('',(0.00142,-0.0781,-0.0186840722565252));
#7275=CARTESIAN_POINT('',(0.00142,-0.0781,-0.0186840722565252));
#7276=CARTESIAN_POINT('',(0.00042,-0.0781,-0.0186840722565252));
#7277=CARTESIAN_POINT('',(0.00042,-0.0781,-0.0186840722565252));
#7278=CARTESIAN_POINT('',(0.000290769230769231,-0.0781,-0.0176924577103007));
#7279=CARTESIAN_POINT('',(0.000290769230769231,-0.0781,-0.0176924577103007));
#7280=CARTESIAN_POINT('',(8.13151629364128E-20,-0.0781,-0.0154613249812956));
#7281=CARTESIAN_POINT('',(8.13151629364128E-20,-0.0781,-0.0154613249812956));
#7282=CARTESIAN_POINT('',(-0.0019514353691578,-0.0781,-0.0165813249812955));
#7283=CARTESIAN_POINT('',(-0.0019514353691578,-0.0781,-0.0165813249812955));
#7284=CARTESIAN_POINT('',(-0.00295571768457901,-0.0781,-0.0165813249812955));
#7285=CARTESIAN_POINT('',(-0.00295571768457901,-0.0781,-0.0165813249812955));
#7286=CARTESIAN_POINT('',(-0.00396000000000022,-0.0781,-0.0165813249812955));
#7287=CARTESIAN_POINT('',(-0.00396000000000022,-0.0781,-0.0165813249812955));
#7288=CARTESIAN_POINT('',(-0.00396000000000022,-0.0781,-0.0180213249812956));
#7289=CARTESIAN_POINT('',(-0.00396000000000022,-0.0781,-0.0180213249812956));
#7290=CARTESIAN_POINT('',(-0.00396000000000022,-0.0781,-0.0194613249812956));
#7291=CARTESIAN_POINT('',(-0.00396000000000022,-0.0781,-0.0194613249812956));
#7292=CARTESIAN_POINT('',(-0.00508,-0.0781,-0.0194613249812956));
#7293=CARTESIAN_POINT('',(-0.00508,-0.0781,-0.0194613249812956));
#7294=CARTESIAN_POINT('',(-0.0062,-0.0781,-0.0194613249812956));
#7295=CARTESIAN_POINT('',(-0.0062,-0.0781,-0.0194613249812956));
#7296=CARTESIAN_POINT('',(-0.00620000000000018,-0.0781,-0.0180213249812956));
#7297=CARTESIAN_POINT('',(-0.00620000000000018,-0.0781,-0.0180213249812956));
#7298=CARTESIAN_POINT('',(-0.00620000000000018,-0.0781,-0.0165813249812955));
#7299=CARTESIAN_POINT('',(-0.00620000000000018,-0.0781,-0.0165813249812955));
#7300=CARTESIAN_POINT('',(-0.00914,-0.0781,-0.0165813249812955));
#7301=CARTESIAN_POINT('',(-0.00914,-0.0781,-0.0165813249812955));
#7302=CARTESIAN_POINT('',(-0.01208,-0.0781,-0.0165813249812955));
#7303=CARTESIAN_POINT('',(-0.01208,-0.0781,-0.0165813249812955));
#7304=CARTESIAN_POINT('',(-0.01208,-0.0781,-0.0183009547599075));
#7305=CARTESIAN_POINT('',(-0.01208,-0.0781,-0.0183009547599075));
#7306=CARTESIAN_POINT('',(-0.01208,-0.0781,-0.0212785175183962));
#7307=CARTESIAN_POINT('',(-0.01208,-0.0781,-0.0212785175183962));
#7308=CARTESIAN_POINT('',(-0.011755,-0.0781,-0.0212785175183962));
#7309=CARTESIAN_POINT('',(-0.011755,-0.0781,-0.0212785175183962));
#7310=CARTESIAN_POINT('',(-0.01143,-0.0781,-0.0212785175183962));
#7311=CARTESIAN_POINT('',(-0.01143,-0.0781,-0.0212785175183962));
#7312=CARTESIAN_POINT('',(-0.01143,-0.0781,-0.0223985175183962));
#7313=CARTESIAN_POINT('',(-0.01143,-0.0781,-0.0223985175183962));
#7314=CARTESIAN_POINT('',(-0.01143,-0.0781,-0.0235185175183962));
#7315=CARTESIAN_POINT('',(-0.01143,-0.0781,-0.0235185175183962));
#7316=CARTESIAN_POINT('',(-0.012315,-0.0781,-0.0235185175183963));
#7317=CARTESIAN_POINT('',(-0.012315,-0.0781,-0.0235185175183963));
#7318=CARTESIAN_POINT('',(-0.0132,-0.0781,-0.0235185175183962));
#7319=CARTESIAN_POINT('',(-0.0132,-0.0781,-0.0235185175183962));
#7320=CARTESIAN_POINT('',(-0.0132,-0.0781,-0.0223985175183962));
#7321=CARTESIAN_POINT('',(-0.0132,-0.0781,-0.0223985175183962));
#7322=CARTESIAN_POINT('',(-0.01432,-0.0781,-0.0223985175183962));
#7323=CARTESIAN_POINT('',(-0.01432,-0.0781,-0.0223985175183962));
#7324=CARTESIAN_POINT('',(-0.01432,-0.0781,-0.0217695510284579));
#7325=CARTESIAN_POINT('',(-0.01432,-0.0781,-0.0217695510284579));
#7326=CARTESIAN_POINT('',(-0.01432,-0.0781,-0.0211405845385195));
#7327=CARTESIAN_POINT('',(-0.01432,-0.0781,-0.0211405845385195));
#7328=CARTESIAN_POINT('',(-0.015185,-0.0781,-0.0211405845385195));
#7329=CARTESIAN_POINT('',(-0.015185,-0.0781,-0.0211405845385195));
#7330=CARTESIAN_POINT('',(-0.01605,-0.0781,-0.0211405845385195));
#7331=CARTESIAN_POINT('',(-0.01605,-0.0781,-0.0211405845385195));
#7332=CARTESIAN_POINT('',(-0.01605,-0.0781,-0.0200205845385195));
#7333=CARTESIAN_POINT('',(-0.01605,-0.0781,-0.0200205845385195));
#7334=CARTESIAN_POINT('',(-0.01605,-0.0781,-0.0189005845385195));
#7335=CARTESIAN_POINT('',(-0.01605,-0.0781,-0.0189005845385195));
#7336=CARTESIAN_POINT('',(-0.015185,-0.0781,-0.0189005845385194));
#7337=CARTESIAN_POINT('',(-0.015185,-0.0781,-0.0189005845385194));
#7338=CARTESIAN_POINT('',(-0.01432,-0.0781,-0.0189005845385194));
#7339=CARTESIAN_POINT('',(-0.01432,-0.0781,-0.0189005845385194));
#7340=CARTESIAN_POINT('',(-0.01432,-0.0781,-0.0174669158813925));
#7341=CARTESIAN_POINT('',(-0.01432,-0.0781,-0.0174669158813925));
#7342=CARTESIAN_POINT('',(-0.01432,-0.0781,-0.0160332472242656));
#7343=CARTESIAN_POINT('',(-0.01432,-0.0781,-0.0160332472242656));
#7344=CARTESIAN_POINT('',(-0.0163414052301825,-0.0781,-0.0145700901326596));
#7345=CARTESIAN_POINT('',(-0.0163414052301825,-0.0781,-0.0145700901326596));
#7346=CARTESIAN_POINT('',(-0.0183628104603649,-0.0781,-0.0131069330410536));
#7347=CARTESIAN_POINT('',(-0.0183628104603649,-0.0781,-0.0131069330410536));
#7348=CARTESIAN_POINT('',(-0.0196814052301825,-0.0781,-0.0131069330410536));
#7349=CARTESIAN_POINT('',(-0.0196814052301825,-0.0781,-0.0131069330410536));
#7350=CARTESIAN_POINT('',(-0.021,-0.0781,-0.0131069330410536));
#7351=CARTESIAN_POINT('',(-0.021,-0.0781,-0.0131069330410536));
#7352=CARTESIAN_POINT('',(-0.021,-0.0781,-0.0119869330410535));
#7353=CARTESIAN_POINT('',(-0.021,-0.0781,-0.0119869330410535));
#7354=CARTESIAN_POINT('',(-0.021,-0.0781,-0.0108669330410535));
#7355=CARTESIAN_POINT('',(-0.021,-0.0781,-0.0108669330410535));
#7356=CARTESIAN_POINT('',(-0.0195,-0.0781,-0.0108669330410535));
#7357=CARTESIAN_POINT('',(-0.0195,-0.0781,-0.0108669330410535));
#7358=CARTESIAN_POINT('',(-0.018,-0.0781,-0.0108669330410535));
#7359=CARTESIAN_POINT('',(-0.018,-0.0781,-0.0108669330410535));
#7360=CARTESIAN_POINT('',(-0.018,-0.0781,-0.0119869330410535));
#7361=CARTESIAN_POINT('',(-0.018,-0.0781,-0.0119869330410535));
#7362=CARTESIAN_POINT('',(-0.0173432913113199,-0.0781,-0.0110796658818264));
#7363=CARTESIAN_POINT('',(-0.0173432913113199,-0.0781,-0.0110796658818264));
#7364=CARTESIAN_POINT('',(-0.0150902404254775,-0.0781,-0.012710495431561));
#7365=CARTESIAN_POINT('',(-0.0150902404254775,-0.0781,-0.012710495431561));
#7366=CARTESIAN_POINT('',(-0.0128371895396351,-0.0781,-0.0143413249812955));
#7367=CARTESIAN_POINT('',(-0.0128371895396351,-0.0781,-0.0143413249812955));
#7368=CARTESIAN_POINT('',(-0.00895859476981757,-0.0781,-0.0143413249812955));
#7369=CARTESIAN_POINT('',(-0.00895859476981757,-0.0781,-0.0143413249812955));
#7370=CARTESIAN_POINT('',(-0.0019514353691578,-0.0781,-0.0143413249812955));
#7371=CARTESIAN_POINT('',(-0.0019514353691578,-0.0781,-0.0143413249812955));
#7372=CARTESIAN_POINT('',(0.01143,-0.0781,-0.0325585175183965));
#7373=CARTESIAN_POINT('',(0.01143,-0.0781,-0.0314385175183962));
#7374=CARTESIAN_POINT('',(0.01143,-0.0781,-0.0314385175183962));
#7375=CARTESIAN_POINT('',(0.01143,-0.0781,-0.0325585175183965));
#7376=CARTESIAN_POINT('',(0.01143,-0.0781,-0.0336785175183965));
#7377=CARTESIAN_POINT('',(0.01143,-0.0781,-0.0336785175183965));
#7378=CARTESIAN_POINT('',(0.007435,-0.0781,-0.0336785175183962));
#7379=CARTESIAN_POINT('',(0.007435,-0.0781,-0.0336785175183962));
#7380=CARTESIAN_POINT('',(0.00344,-0.0781,-0.0336785175183963));
#7381=CARTESIAN_POINT('',(0.00344,-0.0781,-0.0336785175183963));
#7382=CARTESIAN_POINT('',(0.00344,-0.0781,-0.0325585175183963));
#7383=CARTESIAN_POINT('',(0.00344,-0.0781,-0.0325585175183963));
#7384=CARTESIAN_POINT('',(0.00344,-0.0781,-0.0314385175183962));
#7385=CARTESIAN_POINT('',(0.00344,-0.0781,-0.0314385175183962));
#7386=CARTESIAN_POINT('',(-0.00254,-0.0781,-0.0194613249812956));
#7387=CARTESIAN_POINT('',(-0.00366,-0.0781,-0.0194613249812956));
#7388=CARTESIAN_POINT('',(-0.00366,-0.0781,-0.0194613249812956));
#7389=CARTESIAN_POINT('',(-0.00254,-0.0781,-0.0194613249812956));
#7390=CARTESIAN_POINT('',(-0.00142,-0.0781,-0.0194613249812956));
#7391=CARTESIAN_POINT('',(-0.00142,-0.0781,-0.0194613249812956));
#7392=CARTESIAN_POINT('',(-0.00142,-0.0781,-0.0203663249812953));
#7393=CARTESIAN_POINT('',(-0.00142,-0.0781,-0.0203663249812953));
#7394=CARTESIAN_POINT('',(-0.00142,-0.0781,-0.0212713249812952));
#7395=CARTESIAN_POINT('',(-0.00142,-0.0781,-0.0212713249812952));
#7396=CARTESIAN_POINT('',(-0.00254,-0.0781,-0.0212713249812952));
#7397=CARTESIAN_POINT('',(-0.00254,-0.0781,-0.0212713249812952));
#7398=CARTESIAN_POINT('',(-0.00366,-0.0781,-0.0212713249812952));
#7399=CARTESIAN_POINT('',(-0.00366,-0.0781,-0.0212713249812952));
#7400=CARTESIAN_POINT('',(-0.0092553688092148,-0.0781,-0.0212012947292942));
#7401=CARTESIAN_POINT('',(-0.00945801610204689,-0.0781,-0.0203340326110402));
#7402=CARTESIAN_POINT('',(-0.00945801610204689,-0.0781,-0.0203340326110402));
#7403=CARTESIAN_POINT('',(-0.0092553688092148,-0.0781,-0.0212012947292942));
#7404=CARTESIAN_POINT('',(-0.00905272151638271,-0.0781,-0.0220685568475481));
#7405=CARTESIAN_POINT('',(-0.00905272151638271,-0.0781,-0.0220685568475481));
#7406=CARTESIAN_POINT('',(-0.00952499999999941,-0.0781,-0.0221789109771168));
#7407=CARTESIAN_POINT('',(-0.00952499999999941,-0.0781,-0.0221789109771168));
#7408=CARTESIAN_POINT('',(-0.00903999999999926,-0.0781,-0.0221789109771169));
#7409=CARTESIAN_POINT('',(-0.00903999999999926,-0.0781,-0.0221789109771169));
#7410=CARTESIAN_POINT('',(-0.00903999999999926,-0.0781,-0.0232769837830733));
#7411=CARTESIAN_POINT('',(-0.00903999999999926,-0.0781,-0.0232769837830733));
#7412=CARTESIAN_POINT('',(-0.00903999999999926,-0.0781,-0.0243750565890298));
#7413=CARTESIAN_POINT('',(-0.00903999999999926,-0.0781,-0.0243750565890298));
#7414=CARTESIAN_POINT('',(-0.00793999999999928,-0.0781,-0.0243750565890298));
#7415=CARTESIAN_POINT('',(-0.00793999999999928,-0.0781,-0.0243750565890298));
#7416=CARTESIAN_POINT('',(-0.0087027892235257,-0.0781,-0.0251676173756398));
#7417=CARTESIAN_POINT('',(-0.0087027892235257,-0.0781,-0.0251676173756398));
#7418=CARTESIAN_POINT('',(-0.00786806555251366,-0.0781,-0.0259709856871025));
#7419=CARTESIAN_POINT('',(-0.00786806555251366,-0.0781,-0.0259709856871025));
#7420=CARTESIAN_POINT('',(-0.00703334188150162,-0.0781,-0.0267743539985651));
#7421=CARTESIAN_POINT('',(-0.00703334188150162,-0.0781,-0.0267743539985651));
#7422=CARTESIAN_POINT('',(-0.00781000000000075,-0.0781,-0.0275813249812948));
#7423=CARTESIAN_POINT('',(-0.00781000000000075,-0.0781,-0.0275813249812948));
#7424=CARTESIAN_POINT('',(-0.0066900000000015,-0.0781,-0.0275813249812948));
#7425=CARTESIAN_POINT('',(-0.0066900000000015,-0.0781,-0.0275813249812948));
#7426=CARTESIAN_POINT('',(-0.0066900000000015,-0.0781,-0.0313399212498456));
#7427=CARTESIAN_POINT('',(-0.0066900000000015,-0.0781,-0.0313399212498456));
#7428=CARTESIAN_POINT('',(-0.0066900000000015,-0.0781,-0.0350985175183963));
#7429=CARTESIAN_POINT('',(-0.0066900000000015,-0.0781,-0.0350985175183963));
#7430=CARTESIAN_POINT('',(-0.00781000000000075,-0.0781,-0.0350985175183964));
#7431=CARTESIAN_POINT('',(-0.00781000000000075,-0.0781,-0.0350985175183964));
#7432=CARTESIAN_POINT('',(-0.00893,-0.0781,-0.0350985175183966));
#7433=CARTESIAN_POINT('',(-0.00893,-0.0781,-0.0350985175183966));
#7434=CARTESIAN_POINT('',(-0.00893,-0.0781,-0.0313399212498457));
#7435=CARTESIAN_POINT('',(-0.00893,-0.0781,-0.0313399212498457));
#7436=CARTESIAN_POINT('',(-0.00893,-0.0781,-0.0275813249812948));
#7437=CARTESIAN_POINT('',(-0.00893,-0.0781,-0.0275813249812948));
#7438=CARTESIAN_POINT('',(-0.00945198143432715,-0.0781,-0.0263039289304509));
#7439=CARTESIAN_POINT('',(-0.00945198143432715,-0.0781,-0.0263039289304509));
#7440=CARTESIAN_POINT('',(-0.0099739628686543,-0.0781,-0.0250265328796071));
#7441=CARTESIAN_POINT('',(-0.0099739628686543,-0.0781,-0.0250265328796071));
#7442=CARTESIAN_POINT('',(-0.00952499999999955,-0.0781,-0.0248430735038048));
#7443=CARTESIAN_POINT('',(-0.00952499999999955,-0.0781,-0.0248430735038048));
#7444=CARTESIAN_POINT('',(-0.01001,-0.0781,-0.0248430735038048));
#7445=CARTESIAN_POINT('',(-0.01001,-0.0781,-0.0248430735038048));
#7446=CARTESIAN_POINT('',(-0.01001,-0.0781,-0.0235389474038522));
#7447=CARTESIAN_POINT('',(-0.01001,-0.0781,-0.0235389474038522));
#7448=CARTESIAN_POINT('',(-0.01001,-0.0781,-0.0222348213038994));
#7449=CARTESIAN_POINT('',(-0.01001,-0.0781,-0.0222348213038994));
#7450=CARTESIAN_POINT('',(-0.0102062865346404,-0.0781,-0.0213947810870385));
#7451=CARTESIAN_POINT('',(-0.0102062865346404,-0.0781,-0.0213947810870385));
#7452=CARTESIAN_POINT('',(-0.0104025730692807,-0.0781,-0.0205547408701776));
#7453=CARTESIAN_POINT('',(-0.0104025730692807,-0.0781,-0.0205547408701776));
#7454=CARTESIAN_POINT('',(0.01143,-0.0781,-0.0350985175183966));
#7455=CARTESIAN_POINT('',(0.01143,-0.0781,-0.0339785175183962));
#7456=CARTESIAN_POINT('',(0.01143,-0.0781,-0.0339785175183962));
#7457=CARTESIAN_POINT('',(0.01143,-0.0781,-0.0350985175183966));
#7458=CARTESIAN_POINT('',(0.01143,-0.0781,-0.0362185175183965));
#7459=CARTESIAN_POINT('',(0.01143,-0.0781,-0.0362185175183965));
#7460=CARTESIAN_POINT('',(0.0094325,-0.0781,-0.0362185175183962));
#7461=CARTESIAN_POINT('',(0.0094325,-0.0781,-0.0362185175183962));
#7462=CARTESIAN_POINT('',(0.007435,-0.0781,-0.0362185175183962));
#7463=CARTESIAN_POINT('',(0.007435,-0.0781,-0.0362185175183962));
#7464=CARTESIAN_POINT('',(0.007435,-0.0781,-0.0350985175183963));
#7465=CARTESIAN_POINT('',(0.007435,-0.0781,-0.0350985175183963));
#7466=CARTESIAN_POINT('',(0.007435,-0.0781,-0.0339785175183962));
#7467=CARTESIAN_POINT('',(0.007435,-0.0781,-0.0339785175183962));
#7468=CARTESIAN_POINT('',(0.01143,-0.0781,-0.0274785175183963));
#7469=CARTESIAN_POINT('',(0.01143,-0.0781,-0.0263585175183963));
#7470=CARTESIAN_POINT('',(0.01143,-0.0781,-0.0263585175183963));
#7471=CARTESIAN_POINT('',(0.01143,-0.0781,-0.0274785175183963));
#7472=CARTESIAN_POINT('',(0.01143,-0.0781,-0.0285985175183962));
#7473=CARTESIAN_POINT('',(0.01143,-0.0781,-0.0285985175183962));
#7474=CARTESIAN_POINT('',(0.008255,-0.0781,-0.0285985175183962));
#7475=CARTESIAN_POINT('',(0.008255,-0.0781,-0.0285985175183962));
#7476=CARTESIAN_POINT('',(0.00508000000000006,-0.0781,-0.0285985175183962));
#7477=CARTESIAN_POINT('',(0.00508000000000006,-0.0781,-0.0285985175183962));
#7478=CARTESIAN_POINT('',(0.00508000000000006,-0.0781,-0.0274785175183963));
#7479=CARTESIAN_POINT('',(0.00508000000000006,-0.0781,-0.0274785175183963));
#7480=CARTESIAN_POINT('',(0.00508000000000006,-0.0781,-0.0263585175183963));
#7481=CARTESIAN_POINT('',(0.00508000000000006,-0.0781,-0.0263585175183963));
#7482=CARTESIAN_POINT('',(-0.0196211985144164,-0.0781,-0.0182817840984662));
#7483=CARTESIAN_POINT('',(-0.0185698402183408,-0.0781,-0.0178957196825027));
#7484=CARTESIAN_POINT('',(-0.0185698402183408,-0.0781,-0.0178957196825027));
#7485=CARTESIAN_POINT('',(-0.0196211985144164,-0.0781,-0.0182817840984662));
#7486=CARTESIAN_POINT('',(-0.0206725568104919,-0.0781,-0.0186678485144296));
#7487=CARTESIAN_POINT('',(-0.0206725568104919,-0.0781,-0.0186678485144296));
#7488=CARTESIAN_POINT('',(-0.0213619575532837,-0.0781,-0.0167904229857233));
#7489=CARTESIAN_POINT('',(-0.0213619575532837,-0.0781,-0.0167904229857233));
#7490=CARTESIAN_POINT('',(-0.0220513582960755,-0.0781,-0.014912997457017));
#7491=CARTESIAN_POINT('',(-0.0220513582960755,-0.0781,-0.014912997457017));
#7492=CARTESIAN_POINT('',(-0.021,-0.0781,-0.0145269330410535));
#7493=CARTESIAN_POINT('',(-0.021,-0.0781,-0.0145269330410535));
#7494=CARTESIAN_POINT('',(-0.0199486417039244,-0.0781,-0.0141408686250901));
#7495=CARTESIAN_POINT('',(-0.0199486417039244,-0.0781,-0.0141408686250901));
#7496=CARTESIAN_POINT('',(-0.01605,-0.0781,-0.0225605845385195));
#7497=CARTESIAN_POINT('',(-0.01605,-0.0781,-0.0214405845385194));
#7498=CARTESIAN_POINT('',(-0.01605,-0.0781,-0.0214405845385194));
#7499=CARTESIAN_POINT('',(-0.01605,-0.0781,-0.0225605845385195));
#7500=CARTESIAN_POINT('',(-0.01605,-0.0781,-0.0236805845385195));
#7501=CARTESIAN_POINT('',(-0.01605,-0.0781,-0.0236805845385195));
#7502=CARTESIAN_POINT('',(-0.016955,-0.0781,-0.0236805845385195));
#7503=CARTESIAN_POINT('',(-0.016955,-0.0781,-0.0236805845385195));
#7504=CARTESIAN_POINT('',(-0.0178599999999998,-0.0781,-0.0236805845385195));
#7505=CARTESIAN_POINT('',(-0.0178599999999998,-0.0781,-0.0236805845385195));
#7506=CARTESIAN_POINT('',(-0.0178599999999998,-0.0781,-0.0225605845385195));
#7507=CARTESIAN_POINT('',(-0.0178599999999998,-0.0781,-0.0225605845385195));
#7508=CARTESIAN_POINT('',(-0.0178599999999998,-0.0781,-0.0214405845385194));
#7509=CARTESIAN_POINT('',(-0.0178599999999998,-0.0781,-0.0214405845385194));
#7510=CARTESIAN_POINT('',(-0.0157911075947543,-0.0781,-0.0265274167889404));
#7511=CARTESIAN_POINT('',(-0.0149866504069175,-0.0781,-0.0269761084216604));
#7512=CARTESIAN_POINT('',(-0.0149866504069175,-0.0781,-0.0269761084216604));
#7513=CARTESIAN_POINT('',(-0.0157911075947543,-0.0781,-0.0265274167889404));
#7514=CARTESIAN_POINT('',(-0.016595564782591,-0.0781,-0.0260787251562204));
#7515=CARTESIAN_POINT('',(-0.016595564782591,-0.0781,-0.0260787251562204));
#7516=CARTESIAN_POINT('',(-0.01605,-0.0781,-0.0251005845385195));
#7517=CARTESIAN_POINT('',(-0.01605,-0.0781,-0.0251005845385195));
#7518=CARTESIAN_POINT('',(-0.015504435217409,-0.0781,-0.0241224439208185));
#7519=CARTESIAN_POINT('',(-0.015504435217409,-0.0781,-0.0241224439208185));
#7520=CARTESIAN_POINT('',(-0.0144127604208677,-0.0781,-0.0247313331871032));
#7521=CARTESIAN_POINT('',(-0.0144127604208677,-0.0781,-0.0247313331871032));
#7522=CARTESIAN_POINT('',(-0.0133210856243265,-0.0781,-0.0253402224533879));
#7523=CARTESIAN_POINT('',(-0.0133210856243265,-0.0781,-0.0253402224533879));
#7524=CARTESIAN_POINT('',(-0.0138666504069175,-0.0781,-0.0263183630710888));
#7525=CARTESIAN_POINT('',(-0.0138666504069175,-0.0781,-0.0263183630710888));
#7526=CARTESIAN_POINT('',(-0.0127466504069175,-0.0781,-0.0263183630710888));
#7527=CARTESIAN_POINT('',(-0.0127466504069175,-0.0781,-0.0263183630710888));
#7528=CARTESIAN_POINT('',(-0.0127466504069175,-0.0781,-0.0275683630710888));
#7529=CARTESIAN_POINT('',(-0.0127466504069175,-0.0781,-0.0275683630710888));
#7530=CARTESIAN_POINT('',(-0.0127466504069175,-0.0781,-0.0288183630710888));
#7531=CARTESIAN_POINT('',(-0.0127466504069175,-0.0781,-0.0288183630710888));
#7532=CARTESIAN_POINT('',(-0.0138666504069175,-0.0781,-0.0288183630710888));
#7533=CARTESIAN_POINT('',(-0.0138666504069175,-0.0781,-0.0288183630710888));
#7534=CARTESIAN_POINT('',(-0.0149866504069175,-0.0781,-0.0288183630710888));
#7535=CARTESIAN_POINT('',(-0.0149866504069175,-0.0781,-0.0288183630710888));
#7536=CARTESIAN_POINT('',(0.01143,-0.0781,-0.0300185175183963));
#7537=CARTESIAN_POINT('',(0.01143,-0.0781,-0.0288985175183962));
#7538=CARTESIAN_POINT('',(0.01143,-0.0781,-0.0288985175183962));
#7539=CARTESIAN_POINT('',(0.01143,-0.0781,-0.0300185175183963));
#7540=CARTESIAN_POINT('',(0.01143,-0.0781,-0.0311385175183963));
#7541=CARTESIAN_POINT('',(0.01143,-0.0781,-0.0311385175183963));
#7542=CARTESIAN_POINT('',(0.0094325,-0.0781,-0.0311385175183963));
#7543=CARTESIAN_POINT('',(0.0094325,-0.0781,-0.0311385175183963));
#7544=CARTESIAN_POINT('',(0.007435,-0.0781,-0.0311385175183963));
#7545=CARTESIAN_POINT('',(0.007435,-0.0781,-0.0311385175183963));
#7546=CARTESIAN_POINT('',(0.007435,-0.0781,-0.0300185175183963));
#7547=CARTESIAN_POINT('',(0.007435,-0.0781,-0.0300185175183963));
#7548=CARTESIAN_POINT('',(0.007435,-0.0781,-0.0288985175183962));
#7549=CARTESIAN_POINT('',(0.007435,-0.0781,-0.0288985175183962));
#7550=CARTESIAN_POINT('',(0.0170699649627716,-0.0781,-0.0266703206547882));
#7551=CARTESIAN_POINT('',(0.0171676237657323,-0.0781,-0.0251735031113968));
#7552=CARTESIAN_POINT('',(0.0171676237657323,-0.0781,-0.0251735031113968));
#7553=CARTESIAN_POINT('',(0.0170699649627716,-0.0781,-0.0266703206547882));
#7554=CARTESIAN_POINT('',(0.0169723061598109,-0.0781,-0.0281671381981796));
#7555=CARTESIAN_POINT('',(0.0169723061598109,-0.0781,-0.0281671381981796));
#7556=CARTESIAN_POINT('',(0.0158546823940782,-0.0781,-0.0280942196253023));
#7557=CARTESIAN_POINT('',(0.0158546823940782,-0.0781,-0.0280942196253023));
#7558=CARTESIAN_POINT('',(0.016946116733312,-0.0781,-0.0283455582079795));
#7559=CARTESIAN_POINT('',(0.016946116733312,-0.0781,-0.0283455582079795));
#7560=CARTESIAN_POINT('',(0.0168880983249519,-0.0781,-0.0285975023484992));
#7561=CARTESIAN_POINT('',(0.0168880983249519,-0.0781,-0.0285975023484992));
#7562=CARTESIAN_POINT('',(0.0133393624124643,-0.0781,-0.0390169620584305));
#7563=CARTESIAN_POINT('',(0.0133393624124643,-0.0781,-0.0390169620584305));
#7564=CARTESIAN_POINT('',(0.0139214597617769,-0.0781,-0.0399738124521356));
#7565=CARTESIAN_POINT('',(0.0139214597617769,-0.0781,-0.0399738124521356));
#7566=CARTESIAN_POINT('',(0.0129667785555435,-0.0781,-0.040554590182116));
#7567=CARTESIAN_POINT('',(0.0129667785555435,-0.0781,-0.040554590182116));
#7568=CARTESIAN_POINT('',(0.0120120973493097,-0.0781,-0.0411353679120958));
#7569=CARTESIAN_POINT('',(0.0120120973493097,-0.0781,-0.0411353679120958));
#7570=CARTESIAN_POINT('',(0.01143,-0.0781,-0.0401785175183952));
#7571=CARTESIAN_POINT('',(0.01143,-0.0781,-0.0401785175183952));
#7572=CARTESIAN_POINT('',(0.01143,-0.0781,-0.0412985175183952));
#7573=CARTESIAN_POINT('',(0.01143,-0.0781,-0.0412985175183952));
#7574=CARTESIAN_POINT('',(0.005715,-0.0781,-0.0412985175183952));
#7575=CARTESIAN_POINT('',(0.005715,-0.0781,-0.0412985175183952));
#7576=CARTESIAN_POINT('',(3.53802717270594E-18,-0.0781,-0.0412985175183945));
#7577=CARTESIAN_POINT('',(3.53802717270594E-18,-0.0781,-0.0412985175183945));
#7578=CARTESIAN_POINT('',(3.50373706232977E-18,-0.0781,-0.0401785175183952));
#7579=CARTESIAN_POINT('',(3.50373706232977E-18,-0.0781,-0.0401785175183952));
#7580=CARTESIAN_POINT('',(-0.0011199999999992,-0.0781,-0.0401785175183952));
#7581=CARTESIAN_POINT('',(-0.0011199999999992,-0.0781,-0.0401785175183952));
#7582=CARTESIAN_POINT('',(-0.0011199999999992,-0.0781,-0.0330456389344245));
#7583=CARTESIAN_POINT('',(-0.0011199999999992,-0.0781,-0.0330456389344245));
#7584=CARTESIAN_POINT('',(-0.0011199999999992,-0.0781,-0.0259127603504538));
#7585=CARTESIAN_POINT('',(-0.0011199999999992,-0.0781,-0.0259127603504538));
#7586=CARTESIAN_POINT('',(-3.36102673470506E-18,-0.0781,-0.0239613249812956));
#7587=CARTESIAN_POINT('',(-3.36102673470506E-18,-0.0781,-0.0239613249812956));
#7588=CARTESIAN_POINT('',(-0.00195143536915822,-0.0781,-0.0250813249812948));
#7589=CARTESIAN_POINT('',(-0.00195143536915822,-0.0781,-0.0250813249812948));
#7590=CARTESIAN_POINT('',(-0.00478571768457911,-0.0781,-0.0250813249812948));
#7591=CARTESIAN_POINT('',(-0.00478571768457911,-0.0781,-0.0250813249812948));
#7592=CARTESIAN_POINT('',(-0.00762,-0.0781,-0.0250813249812948));
#7593=CARTESIAN_POINT('',(-0.00762,-0.0781,-0.0250813249812948));
#7594=CARTESIAN_POINT('',(-0.00762,-0.0781,-0.0239613249812956));
#7595=CARTESIAN_POINT('',(-0.00762,-0.0781,-0.0239613249812956));
#7596=CARTESIAN_POINT('',(-0.00873999999999925,-0.0781,-0.0239613249812956));
#7597=CARTESIAN_POINT('',(-0.00873999999999925,-0.0781,-0.0239613249812956));
#7598=CARTESIAN_POINT('',(-0.00873999999999926,-0.0781,-0.0217113249812955));
#7599=CARTESIAN_POINT('',(-0.00873999999999926,-0.0781,-0.0217113249812955));
#7600=CARTESIAN_POINT('',(-0.00873999999999926,-0.0781,-0.0194613249812956));
#7601=CARTESIAN_POINT('',(-0.00873999999999926,-0.0781,-0.0194613249812956));
#7602=CARTESIAN_POINT('',(-0.00762,-0.0781,-0.0194613249812956));
#7603=CARTESIAN_POINT('',(-0.00762,-0.0781,-0.0194613249812956));
#7604=CARTESIAN_POINT('',(-0.00650000000000075,-0.0781,-0.0194613249812956));
#7605=CARTESIAN_POINT('',(-0.00650000000000075,-0.0781,-0.0194613249812956));
#7606=CARTESIAN_POINT('',(-0.00650000000000075,-0.0781,-0.0211513249812959));
#7607=CARTESIAN_POINT('',(-0.00650000000000075,-0.0781,-0.0211513249812959));
#7608=CARTESIAN_POINT('',(-0.00650000000000075,-0.0781,-0.0228413249812963));
#7609=CARTESIAN_POINT('',(-0.00650000000000075,-0.0781,-0.0228413249812963));
#7610=CARTESIAN_POINT('',(-0.00422571768457948,-0.0781,-0.0228413249812963));
#7611=CARTESIAN_POINT('',(-0.00422571768457948,-0.0781,-0.0228413249812963));
#7612=CARTESIAN_POINT('',(-0.00195143536915822,-0.0781,-0.0228413249812963));
#7613=CARTESIAN_POINT('',(-0.00195143536915822,-0.0781,-0.0228413249812963));
#7614=CARTESIAN_POINT('',(1.63714528045311E-17,-0.0781,-0.0239613249812956));
#7615=CARTESIAN_POINT('',(1.63714528045311E-17,-0.0781,-0.0239613249812956));
#7616=CARTESIAN_POINT('',(-0.0011199999999992,-0.0781,-0.0220098896121373));
#7617=CARTESIAN_POINT('',(-0.0011199999999992,-0.0781,-0.0220098896121373));
#7618=CARTESIAN_POINT('',(-0.0011199999999992,-0.0781,-0.0207356072967164));
#7619=CARTESIAN_POINT('',(-0.0011199999999992,-0.0781,-0.0207356072967164));
#7620=CARTESIAN_POINT('',(-0.0011199999999992,-0.0781,-0.0194613249812956));
#7621=CARTESIAN_POINT('',(-0.0011199999999992,-0.0781,-0.0194613249812956));
#7622=CARTESIAN_POINT('',(-3.46944695195361E-18,-0.0781,-0.0194613249812956));
#7623=CARTESIAN_POINT('',(-3.46944695195361E-18,-0.0781,-0.0194613249812956));
#7624=CARTESIAN_POINT('',(0.00111999999999919,-0.0781,-0.0194613249812956));
#7625=CARTESIAN_POINT('',(0.00111999999999919,-0.0781,-0.0194613249812956));
#7626=CARTESIAN_POINT('',(0.00111999999999998,-0.0781,-0.0207356072967167));
#7627=CARTESIAN_POINT('',(0.00111999999999998,-0.0781,-0.0207356072967167));
#7628=CARTESIAN_POINT('',(0.00111999999999998,-0.0781,-0.0220098896121377));
#7629=CARTESIAN_POINT('',(0.00111999999999998,-0.0781,-0.0220098896121377));
#7630=CARTESIAN_POINT('',(1.43114686768087E-17,-0.0781,-0.0239613249812956));
#7631=CARTESIAN_POINT('',(1.43114686768087E-17,-0.0781,-0.0239613249812956));
#7632=CARTESIAN_POINT('',(0.00195143536915822,-0.0781,-0.0228413249812963));
#7633=CARTESIAN_POINT('',(0.00195143536915822,-0.0781,-0.0228413249812963));
#7634=CARTESIAN_POINT('',(0.00422571768457934,-0.0781,-0.0228413249812963));
#7635=CARTESIAN_POINT('',(0.00422571768457934,-0.0781,-0.0228413249812963));
#7636=CARTESIAN_POINT('',(0.00650000000000046,-0.0781,-0.0228413249812963));
#7637=CARTESIAN_POINT('',(0.00650000000000046,-0.0781,-0.0228413249812963));
#7638=CARTESIAN_POINT('',(0.00650000000000046,-0.0781,-0.0211513249812959));
#7639=CARTESIAN_POINT('',(0.00650000000000046,-0.0781,-0.0211513249812959));
#7640=CARTESIAN_POINT('',(0.00650000000000046,-0.0781,-0.0194613249812956));
#7641=CARTESIAN_POINT('',(0.00650000000000046,-0.0781,-0.0194613249812956));
#7642=CARTESIAN_POINT('',(0.00762,-0.0781,-0.0194613249812956));
#7643=CARTESIAN_POINT('',(0.00762,-0.0781,-0.0194613249812956));
#7644=CARTESIAN_POINT('',(0.00873999999999925,-0.0781,-0.0194613249812956));
#7645=CARTESIAN_POINT('',(0.00873999999999925,-0.0781,-0.0194613249812956));
#7646=CARTESIAN_POINT('',(0.00874,-0.0781,-0.0217113249812955));
#7647=CARTESIAN_POINT('',(0.00874,-0.0781,-0.0217113249812955));
#7648=CARTESIAN_POINT('',(0.00874,-0.0781,-0.0239613249812956));
#7649=CARTESIAN_POINT('',(0.00874,-0.0781,-0.0239613249812956));
#7650=CARTESIAN_POINT('',(0.00762,-0.0781,-0.0239613249812956));
#7651=CARTESIAN_POINT('',(0.00762,-0.0781,-0.0239613249812956));
#7652=CARTESIAN_POINT('',(0.00762,-0.0781,-0.0250813249812948));
#7653=CARTESIAN_POINT('',(0.00762,-0.0781,-0.0250813249812948));
#7654=CARTESIAN_POINT('',(0.00478571768457911,-0.0781,-0.0250813249812948));
#7655=CARTESIAN_POINT('',(0.00478571768457911,-0.0781,-0.0250813249812948));
#7656=CARTESIAN_POINT('',(0.00195143536915822,-0.0781,-0.0250813249812948));
#7657=CARTESIAN_POINT('',(0.00195143536915822,-0.0781,-0.0250813249812948));
#7658=CARTESIAN_POINT('',(2.53703308361608E-17,-0.0781,-0.0239613249812956));
#7659=CARTESIAN_POINT('',(2.53703308361608E-17,-0.0781,-0.0239613249812956));
#7660=CARTESIAN_POINT('',(0.00111999999999998,-0.0781,-0.0259127603504534));
#7661=CARTESIAN_POINT('',(0.00111999999999998,-0.0781,-0.0259127603504534));
#7662=CARTESIAN_POINT('',(0.00111999999999998,-0.0781,-0.0324856389344243));
#7663=CARTESIAN_POINT('',(0.00111999999999998,-0.0781,-0.0324856389344243));
#7664=CARTESIAN_POINT('',(0.00111999999999998,-0.0781,-0.0390585175183953));
#7665=CARTESIAN_POINT('',(0.00111999999999998,-0.0781,-0.0390585175183953));
#7666=CARTESIAN_POINT('',(0.00611804381451714,-0.0781,-0.0390585175183953));
#7667=CARTESIAN_POINT('',(0.00611804381451714,-0.0781,-0.0390585175183953));
#7668=CARTESIAN_POINT('',(0.0111160876290343,-0.0781,-0.0390585175183953));
#7669=CARTESIAN_POINT('',(0.0111160876290343,-0.0781,-0.0390585175183953));
#7670=CARTESIAN_POINT('',(0.0117349863336623,-0.0781,-0.0386820121651792));
#7671=CARTESIAN_POINT('',(0.0117349863336623,-0.0781,-0.0386820121651792));
#7672=CARTESIAN_POINT('',(0.0123538850382904,-0.0781,-0.0383055068119631));
#7673=CARTESIAN_POINT('',(0.0123538850382904,-0.0781,-0.0383055068119631));
#7674=CARTESIAN_POINT('',(0.013548416557239,-0.0781,-0.0331182701163866));
#7675=CARTESIAN_POINT('',(0.013548416557239,-0.0781,-0.0331182701163866));
#7676=CARTESIAN_POINT('',(0.0147429480761876,-0.0781,-0.0279310334208102));
#7677=CARTESIAN_POINT('',(0.0147429480761876,-0.0781,-0.0279310334208102));
#7678=CARTESIAN_POINT('',(0.0148376621552277,-0.0781,-0.0264793496932262));
#7679=CARTESIAN_POINT('',(0.0148376621552277,-0.0781,-0.0264793496932262));
#7680=CARTESIAN_POINT('',(0.0149323762342677,-0.0781,-0.0250276659656422));
#7681=CARTESIAN_POINT('',(0.0149323762342677,-0.0781,-0.0250276659656422));
#7682=CARTESIAN_POINT('',(0.0205763582960755,-0.0781,-0.01892982320575));
#7683=CARTESIAN_POINT('',(0.0220513582960755,-0.0781,-0.0149129974570169));
#7684=CARTESIAN_POINT('',(0.0220513582960755,-0.0781,-0.0149129974570169));
#7685=CARTESIAN_POINT('',(0.0205763582960755,-0.0781,-0.01892982320575));
#7686=CARTESIAN_POINT('',(0.0191013582960755,-0.0781,-0.0229466489544829));
#7687=CARTESIAN_POINT('',(0.0191013582960755,-0.0781,-0.0229466489544829));
#7688=CARTESIAN_POINT('',(0.01805,-0.0781,-0.0225605845385195));
#7689=CARTESIAN_POINT('',(0.01805,-0.0781,-0.0225605845385195));
#7690=CARTESIAN_POINT('',(0.01805,-0.0781,-0.0236805845385195));
#7691=CARTESIAN_POINT('',(0.01805,-0.0781,-0.0236805845385195));
#7692=CARTESIAN_POINT('',(0.01705,-0.0781,-0.0236805845385195));
#7693=CARTESIAN_POINT('',(0.01705,-0.0781,-0.0236805845385195));
#7694=CARTESIAN_POINT('',(0.01605,-0.0781,-0.0236805845385195));
#7695=CARTESIAN_POINT('',(0.01605,-0.0781,-0.0236805845385195));
#7696=CARTESIAN_POINT('',(0.01605,-0.0781,-0.0225605845385195));
#7697=CARTESIAN_POINT('',(0.01605,-0.0781,-0.0225605845385195));
#7698=CARTESIAN_POINT('',(0.01605,-0.0781,-0.0214405845385195));
#7699=CARTESIAN_POINT('',(0.01605,-0.0781,-0.0214405845385195));
#7700=CARTESIAN_POINT('',(0.0166590733971524,-0.0781,-0.0214405845385195));
#7701=CARTESIAN_POINT('',(0.0166590733971524,-0.0781,-0.0214405845385195));
#7702=CARTESIAN_POINT('',(0.0172681467943047,-0.0781,-0.0214405845385195));
#7703=CARTESIAN_POINT('',(0.0172681467943047,-0.0781,-0.0214405845385195));
#7704=CARTESIAN_POINT('',(0.0186083942491146,-0.0781,-0.0177907265818048));
#7705=CARTESIAN_POINT('',(0.0186083942491146,-0.0781,-0.0177907265818048));
#7706=CARTESIAN_POINT('',(0.0199486417039244,-0.0781,-0.0141408686250901));
#7707=CARTESIAN_POINT('',(0.0199486417039244,-0.0781,-0.0141408686250901));
#7708=CARTESIAN_POINT('',(0.01228,-0.0781,-0.0219195510284579));
#7709=CARTESIAN_POINT('',(0.01228,-0.0781,-0.0238185175183963));
#7710=CARTESIAN_POINT('',(0.01228,-0.0781,-0.0238185175183963));
#7711=CARTESIAN_POINT('',(0.01228,-0.0781,-0.0219195510284579));
#7712=CARTESIAN_POINT('',(0.01228,-0.0781,-0.0200205845385195));
#7713=CARTESIAN_POINT('',(0.01228,-0.0781,-0.0200205845385195));
#7714=CARTESIAN_POINT('',(0.0134,-0.0781,-0.0200205845385195));
#7715=CARTESIAN_POINT('',(0.0134,-0.0781,-0.0200205845385195));
#7716=CARTESIAN_POINT('',(0.0134,-0.0781,-0.0189005845385195));
#7717=CARTESIAN_POINT('',(0.0134,-0.0781,-0.0189005845385195));
#7718=CARTESIAN_POINT('',(0.014725,-0.0781,-0.0189005845385195));
#7719=CARTESIAN_POINT('',(0.014725,-0.0781,-0.0189005845385195));
#7720=CARTESIAN_POINT('',(0.01605,-0.0781,-0.0189005845385195));
#7721=CARTESIAN_POINT('',(0.01605,-0.0781,-0.0189005845385195));
#7722=CARTESIAN_POINT('',(0.01605,-0.0781,-0.0200205845385195));
#7723=CARTESIAN_POINT('',(0.01605,-0.0781,-0.0200205845385195));
#7724=CARTESIAN_POINT('',(0.01605,-0.0781,-0.0211405845385195));
#7725=CARTESIAN_POINT('',(0.01605,-0.0781,-0.0211405845385195));
#7726=CARTESIAN_POINT('',(0.015285,-0.0781,-0.0211405845385195));
#7727=CARTESIAN_POINT('',(0.015285,-0.0781,-0.0211405845385195));
#7728=CARTESIAN_POINT('',(0.01452,-0.0781,-0.0211405845385195));
#7729=CARTESIAN_POINT('',(0.01452,-0.0781,-0.0211405845385195));
#7730=CARTESIAN_POINT('',(0.01452,-0.0781,-0.0230395510284579));
#7731=CARTESIAN_POINT('',(0.01452,-0.0781,-0.0230395510284579));
#7732=CARTESIAN_POINT('',(0.01452,-0.0781,-0.0249385175183962));
#7733=CARTESIAN_POINT('',(0.01452,-0.0781,-0.0249385175183962));
#7734=CARTESIAN_POINT('',(0.0134,-0.0781,-0.0249385175183962));
#7735=CARTESIAN_POINT('',(0.0134,-0.0781,-0.0249385175183962));
#7736=CARTESIAN_POINT('',(0.0134,-0.0781,-0.0260585175183962));
#7737=CARTESIAN_POINT('',(0.0134,-0.0781,-0.0260585175183962));
#7738=CARTESIAN_POINT('',(0.012415,-0.0781,-0.0260585175183962));
#7739=CARTESIAN_POINT('',(0.012415,-0.0781,-0.0260585175183962));
#7740=CARTESIAN_POINT('',(0.01143,-0.0781,-0.0260585175183962));
#7741=CARTESIAN_POINT('',(0.01143,-0.0781,-0.0260585175183962));
#7742=CARTESIAN_POINT('',(0.01143,-0.0781,-0.0249385175183963));
#7743=CARTESIAN_POINT('',(0.01143,-0.0781,-0.0249385175183963));
#7744=CARTESIAN_POINT('',(0.01143,-0.0781,-0.0238185175183963));
#7745=CARTESIAN_POINT('',(0.01143,-0.0781,-0.0238185175183963));
#7746=CARTESIAN_POINT('',(-0.00254,-0.0781,-0.0325585175183965));
#7747=CARTESIAN_POINT('',(-0.00154,-0.0781,-0.0325585175183965));
#7748=CARTESIAN_POINT('',(-0.00154,-0.0781,-0.0325585175183965));
#7749=CARTESIAN_POINT('',(-0.00254,-0.0781,-0.0325585175183965));
#7750=CARTESIAN_POINT('',(-0.00354,-0.0781,-0.0325585175183965));
#7751=CARTESIAN_POINT('',(-0.00354,-0.0781,-0.0325585175183965));
#7752=CARTESIAN_POINT('',(-0.00354,-0.0781,-0.0310585175183965));
#7753=CARTESIAN_POINT('',(-0.00354,-0.0781,-0.0310585175183965));
#7754=CARTESIAN_POINT('',(-0.00354,-0.0781,-0.0295585175183965));
#7755=CARTESIAN_POINT('',(-0.00354,-0.0781,-0.0295585175183965));
#7756=CARTESIAN_POINT('',(-0.00254,-0.0781,-0.0295585175183965));
#7757=CARTESIAN_POINT('',(-0.00254,-0.0781,-0.0295585175183965));
#7758=CARTESIAN_POINT('',(-0.00154,-0.0781,-0.0295585175183965));
#7759=CARTESIAN_POINT('',(-0.00154,-0.0781,-0.0295585175183965));
#7760=CARTESIAN_POINT('',(0.00508,-0.0781,-0.0194613249812956));
#7761=CARTESIAN_POINT('',(0.00396,-0.0781,-0.0194613249812956));
#7762=CARTESIAN_POINT('',(0.00396,-0.0781,-0.0194613249812956));
#7763=CARTESIAN_POINT('',(0.00508,-0.0781,-0.0194613249812956));
#7764=CARTESIAN_POINT('',(0.0062,-0.0781,-0.0194613249812956));
#7765=CARTESIAN_POINT('',(0.0062,-0.0781,-0.0194613249812956));
#7766=CARTESIAN_POINT('',(0.0062,-0.0781,-0.0203663249812953));
#7767=CARTESIAN_POINT('',(0.0062,-0.0781,-0.0203663249812953));
#7768=CARTESIAN_POINT('',(0.0062,-0.0781,-0.0212713249812952));
#7769=CARTESIAN_POINT('',(0.0062,-0.0781,-0.0212713249812952));
#7770=CARTESIAN_POINT('',(0.00508,-0.0781,-0.0212713249812952));
#7771=CARTESIAN_POINT('',(0.00508,-0.0781,-0.0212713249812952));
#7772=CARTESIAN_POINT('',(0.00396,-0.0781,-0.0212713249812952));
#7773=CARTESIAN_POINT('',(0.00396,-0.0781,-0.0212713249812952));
#7774=CARTESIAN_POINT('',(0.007435,-0.0781,-0.0314385175183962));
#7775=CARTESIAN_POINT('',(0.007435,-0.0781,-0.0314385175183962));
#7776=CARTESIAN_POINT('',(-0.00366,-0.0781,-0.0203663249812953));
#7777=CARTESIAN_POINT('',(-0.00366,-0.0781,-0.0203663249812953));
#7778=CARTESIAN_POINT('',(-0.01016,-0.0781,-0.0194613249812956));
#7779=CARTESIAN_POINT('',(-0.01016,-0.0781,-0.0194613249812956));
#7780=CARTESIAN_POINT('',(0.0094325,-0.0781,-0.0339785175183962));
#7781=CARTESIAN_POINT('',(0.0094325,-0.0781,-0.0339785175183962));
#7782=CARTESIAN_POINT('',(0.008255,-0.0781,-0.0263585175183963));
#7783=CARTESIAN_POINT('',(0.008255,-0.0781,-0.0263585175183963));
#7784=CARTESIAN_POINT('',(-0.0192592409611326,-0.0781,-0.0160182941537964));
#7785=CARTESIAN_POINT('',(-0.0192592409611326,-0.0781,-0.0160182941537964));
#7786=CARTESIAN_POINT('',(-0.016955,-0.0781,-0.0214405845385194));
#7787=CARTESIAN_POINT('',(-0.016955,-0.0781,-0.0214405845385194));
#7788=CARTESIAN_POINT('',(-0.01143,-0.0781,-0.0249385175183963));
#7789=CARTESIAN_POINT('',(-0.01143,-0.0781,-0.0249385175183963));
#7790=CARTESIAN_POINT('',(-0.01143,-0.0781,-0.0260585175183963));
#7791=CARTESIAN_POINT('',(-0.01143,-0.0781,-0.0274785175183963));
#7792=CARTESIAN_POINT('',(-0.01143,-0.0781,-0.0274785175183963));
#7793=CARTESIAN_POINT('',(-0.01143,-0.0781,-0.0285985175183962));
#7794=CARTESIAN_POINT('',(-0.01143,-0.0781,-0.0300185175183963));
#7795=CARTESIAN_POINT('',(-0.01143,-0.0781,-0.0300185175183963));
#7796=CARTESIAN_POINT('',(-0.01143,-0.0781,-0.0311385175183963));
#7797=CARTESIAN_POINT('',(-0.01143,-0.0781,-0.0325585175183965));
#7798=CARTESIAN_POINT('',(-0.01143,-0.0781,-0.0325585175183965));
#7799=CARTESIAN_POINT('',(-0.01143,-0.0781,-0.0336785175183965));
#7800=CARTESIAN_POINT('',(-0.01143,-0.0781,-0.0350985175183966));
#7801=CARTESIAN_POINT('',(-0.01143,-0.0781,-0.0350985175183966));
#7802=CARTESIAN_POINT('',(-0.01143,-0.0781,-0.0362185175183966));
#7803=CARTESIAN_POINT('',(-0.01143,-0.0781,-0.0401785175183952));
#7804=CARTESIAN_POINT('',(-0.01143,-0.0781,-0.0401785175183952));
#7805=CARTESIAN_POINT('',(-0.01143,-0.0781,-0.0412985175183952));
#7806=CARTESIAN_POINT('',(-0.01143,-0.0781,-0.0376385175183954));
#7807=CARTESIAN_POINT('',(-0.01143,-0.0781,-0.0376385175183954));
#7808=CARTESIAN_POINT('',(-0.01143,-0.0781,-0.0387585175183954));
#7809=CARTESIAN_POINT('',(-0.0149866504069175,-0.0781,-0.0278972357463746));
#7810=CARTESIAN_POINT('',(-0.0149866504069175,-0.0781,-0.0278972357463746));
#7811=CARTESIAN_POINT('',(0.0094325,-0.0781,-0.0288985175183962));
#7812=CARTESIAN_POINT('',(0.0094325,-0.0781,-0.0288985175183962));
#7813=CARTESIAN_POINT('',(0.01605,-0.0781,-0.0251005845385195));
#7814=CARTESIAN_POINT('',(0.01605,-0.0781,-0.0251005845385195));
#7815=CARTESIAN_POINT('',(0.021,-0.0781,-0.0145269330410535));
#7816=CARTESIAN_POINT('',(0.021,-0.0781,-0.0145269330410535));
#7817=CARTESIAN_POINT('',(0.011855,-0.0781,-0.0238185175183963));
#7818=CARTESIAN_POINT('',(0.011855,-0.0781,-0.0238185175183963));
#7819=CARTESIAN_POINT('',(-0.00154,-0.0781,-0.0310585175183965));
#7820=CARTESIAN_POINT('',(-0.00154,-0.0781,-0.0310585175183965));
#7821=CARTESIAN_POINT('',(0.00396,-0.0781,-0.0203663249812953));
#7822=CARTESIAN_POINT('',(0.00396,-0.0781,-0.0203663249812953));
#7823=CARTESIAN_POINT('',(-2.49366499671666E-18,-0.0781,-0.0154613249812956));
#7824=CARTESIAN_POINT('',(-2.49366499671666E-18,-0.0781,-0.0154613249812956));
#7825=CARTESIAN_POINT('',(9.0205620750794E-17,-0.0781,-0.0115));
#7826=MECHANICAL_DESIGN_GEOMETRIC_PRESENTATION_REPRESENTATION('',(#4624,
#12),#7827);
#7827=(
GEOMETRIC_REPRESENTATION_CONTEXT(3)
GLOBAL_UNCERTAINTY_ASSIGNED_CONTEXT((#7828))
GLOBAL_UNIT_ASSIGNED_CONTEXT((#7831,#7830,#7829))
REPRESENTATION_CONTEXT('PCB','TOP_LEVEL_ASSEMBLY_PART')
);
#7828=UNCERTAINTY_MEASURE_WITH_UNIT(LENGTH_MEASURE(1.E-8),#7831,
'DISTANCE_ACCURACY_VALUE','Maximum Tolerance applied to model');
#7829=(
NAMED_UNIT(*)
SI_UNIT($,.STERADIAN.)
SOLID_ANGLE_UNIT()
);
#7830=(
NAMED_UNIT(*)
PLANE_ANGLE_UNIT()
SI_UNIT($,.RADIAN.)
);
#7831=(
LENGTH_UNIT()
NAMED_UNIT(*)
SI_UNIT($,.METRE.)
);
#7832=PRODUCT_DEFINITION_SHAPE('','',#7833);
#7833=PRODUCT_DEFINITION('','',#7835,#7834);
#7834=PRODUCT_DEFINITION_CONTEXT('',#7841,'design');
#7835=PRODUCT_DEFINITION_FORMATION_WITH_SPECIFIED_SOURCE('','',#7837,
 .NOT_KNOWN.);
#7836=PRODUCT_RELATED_PRODUCT_CATEGORY('','',(#7837));
#7837=PRODUCT('PCB','PCB','PCB',(#7839));
#7838=PRODUCT_CATEGORY('','');
#7839=PRODUCT_CONTEXT('',#7841,'mechanical');
#7840=APPLICATION_PROTOCOL_DEFINITION('international standard',
'ap242_managed_model_based_3d_engineering',2020,#7841);
#7841=APPLICATION_CONTEXT('managed model based 3d engineering');
ENDSEC;
END-ISO-10303-21;
