ISO-10303-21;
HEADER;
/* Generated by software containing ST-Developer
 * from STEP Tools, Inc. (www.steptools.com) 
 */
/* OPTION: using custom renumber hook */

FILE_DESCRIPTION(
/* description */ ('STEP AP242 Edition 2',
'CAx-IF Rec.Pracs.---Representation and Presentation of Product Manufa
cturing Information (PMI)---4.0---2014-10-13',
'CAx-IF Rec.Pracs.---3D Tessellated Geometry---0.4---2014-09-14','2;1',
'CAx-IF Rec.Pracs.---User Defined Attributes---1.5---2016-08-15'),
/* implementation_level */ '2;1');

FILE_NAME(
/* name */ 'Candy launcher - Servo gear',
/* time_stamp */ '2026-08-31T07:11:55Z',
/* author */ (''),
/* organization */ (''),
/* preprocessor_version */ 'ST-DEVELOPER v20',
/* originating_system */ 'ONSHAPE BY PTC INC, 1.220',
/* authorisation */ '  ');

FILE_SCHEMA (('AP242_MANAGED_MODEL_BASED_3D_ENGINEERING_MIM_LF { 1 0 10303 442 3 1 4 }'));
ENDSEC;

DATA;
#10=SHAPE_REPRESENTATION_RELATIONSHIP('','',#1595,#11);
#11=ADVANCED_BREP_SHAPE_REPRESENTATION('',(#1593),#3499);
#12=B_SPLINE_SURFACE_WITH_KNOTS('',3,1,((#2938,#2939),(#2940,#2941),(#2942,
#2943),(#2944,#2945),(#2946,#2947),(#2948,#2949),(#2950,#2951),(#2952,#2953),
(#2954,#2955),(#2956,#2957),(#2958,#2959),(#2960,#2961)),
 .SURF_OF_LINEAR_EXTRUSION.,.F.,.F.,.F.,(4,1,1,1,1,1,1,1,1,4),(2,2),(0.0344739744930742,
0.0942195890744767,0.153965203655879,0.213710818237282,0.273456432818684,
0.392947661981489,0.512438891144294,0.631930120307099,0.751421349469904,
0.990403807795514),(0.,1.),.UNSPECIFIED.);
#13=B_SPLINE_SURFACE_WITH_KNOTS('',3,1,((#2963,#2964),(#2965,#2966),(#2967,
#2968),(#2969,#2970),(#2971,#2972),(#2973,#2974),(#2975,#2976),(#2977,#2978),
(#2979,#2980),(#2981,#2982),(#2983,#2984),(#2985,#2986)),
 .SURF_OF_LINEAR_EXTRUSION.,.F.,.F.,.F.,(4,1,1,1,1,1,1,1,1,4),(2,2),(0.0344739744930762,
0.0942195890746615,0.153965203656247,0.213710818237832,0.273456432819418,
0.392947661982588,0.512438891145759,0.63193012030893,0.7514213494721,0.990403807798442),
(0.,1.),.UNSPECIFIED.);
#14=B_SPLINE_SURFACE_WITH_KNOTS('',3,1,((#2993,#2994),(#2995,#2996),(#2997,
#2998),(#2999,#3000),(#3001,#3002),(#3003,#3004),(#3005,#3006),(#3007,#3008),
(#3009,#3010),(#3011,#3012),(#3013,#3014),(#3015,#3016)),
 .SURF_OF_LINEAR_EXTRUSION.,.F.,.F.,.F.,(4,1,1,1,1,1,1,1,1,4),(2,2),(0.0344739747257033,
0.0942195892925756,0.153965203859448,0.21371081842632,0.273456432993192,
0.392947662126937,0.512438891260682,0.631930120394426,0.751421349528171,
0.99040380779566),(0.,1.),.UNSPECIFIED.);
#15=B_SPLINE_SURFACE_WITH_KNOTS('',3,1,((#3018,#3019),(#3020,#3021),(#3022,
#3023),(#3024,#3025),(#3026,#3027),(#3028,#3029),(#3030,#3031),(#3032,#3033),
(#3034,#3035),(#3036,#3037),(#3038,#3039),(#3040,#3041)),
 .SURF_OF_LINEAR_EXTRUSION.,.F.,.F.,.F.,(4,1,1,1,1,1,1,1,1,4),(2,2),(0.0344739747257086,
0.0942195892927256,0.153965203859743,0.21371081842676,0.273456432993777,
0.392947662127811,0.512438891261845,0.631930120395879,0.751421349529913,
0.990403807797981),(0.,1.),.UNSPECIFIED.);
#16=B_SPLINE_SURFACE_WITH_KNOTS('',3,1,((#3048,#3049),(#3050,#3051),(#3052,
#3053),(#3054,#3055),(#3056,#3057),(#3058,#3059),(#3060,#3061),(#3062,#3063),
(#3064,#3065),(#3066,#3067),(#3068,#3069),(#3070,#3071)),
 .SURF_OF_LINEAR_EXTRUSION.,.F.,.F.,.F.,(4,1,1,1,1,1,1,1,1,4),(2,2),(0.0344739747257067,
0.0942195892925883,0.15396520385947,0.213710818426352,0.273456432993233,
0.392947662126996,0.51243889126076,0.631930120394523,0.751421349528286,
0.990403807795813),(0.,1.),.UNSPECIFIED.);
#17=B_SPLINE_SURFACE_WITH_KNOTS('',3,1,((#3073,#3074),(#3075,#3076),(#3077,
#3078),(#3079,#3080),(#3081,#3082),(#3083,#3084),(#3085,#3086),(#3087,#3088),
(#3089,#3090),(#3091,#3092),(#3093,#3094),(#3095,#3096)),
 .SURF_OF_LINEAR_EXTRUSION.,.F.,.F.,.F.,(4,1,1,1,1,1,1,1,1,4),(2,2),(0.0344739744930768,
0.0942195890746667,0.153965203656257,0.213710818237846,0.273456432819436,
0.392947661982616,0.512438891145796,0.631930120308976,0.751421349472155,
0.990403807798515),(0.,1.),.UNSPECIFIED.);
#18=B_SPLINE_SURFACE_WITH_KNOTS('',3,1,((#3103,#3104),(#3105,#3106),(#3107,
#3108),(#3109,#3110),(#3111,#3112),(#3113,#3114),(#3115,#3116),(#3117,#3118),
(#3119,#3120),(#3121,#3122),(#3123,#3124),(#3125,#3126)),
 .SURF_OF_LINEAR_EXTRUSION.,.F.,.F.,.F.,(4,1,1,1,1,1,1,1,1,4),(2,2),(0.0344739747257061,
0.094219589292557,0.153965203859408,0.213710818426259,0.27345643299311,
0.392947662126811,0.512438891260513,0.631930120394215,0.751421349527917,
0.99040380779532),(0.,1.),.UNSPECIFIED.);
#19=B_SPLINE_SURFACE_WITH_KNOTS('',3,1,((#3128,#3129),(#3130,#3131),(#3132,
#3133),(#3134,#3135),(#3136,#3137),(#3138,#3139),(#3140,#3141),(#3142,#3143),
(#3144,#3145),(#3146,#3147),(#3148,#3149),(#3150,#3151)),
 .SURF_OF_LINEAR_EXTRUSION.,.F.,.F.,.F.,(4,1,1,1,1,1,1,1,1,4),(2,2),(0.0344739747257091,
0.0942195892927067,0.153965203859704,0.213710818426702,0.2734564329937,
0.392947662127695,0.51243889126169,0.631930120395685,0.751421349529681,
0.990403807797671),(0.,1.),.UNSPECIFIED.);
#20=B_SPLINE_SURFACE_WITH_KNOTS('',3,1,((#3158,#3159),(#3160,#3161),(#3162,
#3163),(#3164,#3165),(#3166,#3167),(#3168,#3169),(#3170,#3171),(#3172,#3173),
(#3174,#3175),(#3176,#3177),(#3178,#3179),(#3180,#3181)),
 .SURF_OF_LINEAR_EXTRUSION.,.F.,.F.,.F.,(4,1,1,1,1,1,1,1,1,4),(2,2),(0.0344739747257067,
0.0942195892925618,0.153965203859417,0.213710818426272,0.273456432993127,
0.392947662126838,0.512438891260548,0.631930120394258,0.751421349527968,
0.990403807795389),(0.,1.),.UNSPECIFIED.);
#21=B_SPLINE_SURFACE_WITH_KNOTS('',3,1,((#3183,#3184),(#3185,#3186),(#3187,
#3188),(#3189,#3190),(#3191,#3192),(#3193,#3194),(#3195,#3196),(#3197,#3198),
(#3199,#3200),(#3201,#3202),(#3203,#3204),(#3205,#3206)),
 .SURF_OF_LINEAR_EXTRUSION.,.F.,.F.,.F.,(4,1,1,1,1,1,1,1,1,4),(2,2),(0.0344739747257055,
0.0942195892927064,0.153965203859707,0.213710818426708,0.273456432993709,
0.392947662127711,0.512438891261713,0.631930120395715,0.751421349529716,
0.99040380779772),(0.,1.),.UNSPECIFIED.);
#22=B_SPLINE_SURFACE_WITH_KNOTS('',3,1,((#3213,#3214),(#3215,#3216),(#3217,
#3218),(#3219,#3220),(#3221,#3222),(#3223,#3224),(#3225,#3226),(#3227,#3228),
(#3229,#3230),(#3231,#3232),(#3233,#3234),(#3235,#3236)),
 .SURF_OF_LINEAR_EXTRUSION.,.F.,.F.,.F.,(4,1,1,1,1,1,1,1,1,4),(2,2),(0.0344739744930743,
0.0942195890744709,0.153965203655867,0.213710818237264,0.27345643281866,
0.392947661981454,0.512438891144247,0.63193012030704,0.751421349469833,
0.990403807795419),(0.,1.),.UNSPECIFIED.);
#23=B_SPLINE_SURFACE_WITH_KNOTS('',3,1,((#3238,#3239),(#3240,#3241),(#3242,
#3243),(#3244,#3245),(#3246,#3247),(#3248,#3249),(#3250,#3251),(#3252,#3253),
(#3254,#3255),(#3256,#3257),(#3258,#3259),(#3260,#3261)),
 .SURF_OF_LINEAR_EXTRUSION.,.F.,.F.,.F.,(4,1,1,1,1,1,1,1,1,4),(2,2),(0.0344739747257073,
0.0942195892927487,0.15396520385979,0.213710818426831,0.273456432993873,
0.392947662127955,0.512438891262038,0.631930120396121,0.751421349530204,
0.990403807798369),(0.,1.),.UNSPECIFIED.);
#24=B_SPLINE_SURFACE_WITH_KNOTS('',3,1,((#3268,#3269),(#3270,#3271),(#3272,
#3273),(#3274,#3275),(#3276,#3277),(#3278,#3279),(#3280,#3281),(#3282,#3283),
(#3284,#3285),(#3286,#3287),(#3288,#3289),(#3290,#3291)),
 .SURF_OF_LINEAR_EXTRUSION.,.F.,.F.,.F.,(4,1,1,1,1,1,1,1,1,4),(2,2),(0.0344739744930743,
0.0942195890744538,0.153965203655833,0.213710818237213,0.273456432818592,
0.392947661981352,0.512438891144111,0.63193012030687,0.751421349469629,
0.990403807795147),(0.,1.),.UNSPECIFIED.);
#25=B_SPLINE_SURFACE_WITH_KNOTS('',3,1,((#3293,#3294),(#3295,#3296),(#3297,
#3298),(#3299,#3300),(#3301,#3302),(#3303,#3304),(#3305,#3306),(#3307,#3308),
(#3309,#3310),(#3311,#3312),(#3313,#3314),(#3315,#3316)),
 .SURF_OF_LINEAR_EXTRUSION.,.F.,.F.,.F.,(4,1,1,1,1,1,1,1,1,4),(2,2),(0.0344739747257078,
0.0942195892927346,0.153965203859761,0.213710818426788,0.273456432993815,
0.392947662127869,0.512438891261922,0.631930120395976,0.75142134953003,
0.990403807798137),(0.,1.),.UNSPECIFIED.);
#26=B_SPLINE_SURFACE_WITH_KNOTS('',3,1,((#3323,#3324),(#3325,#3326),(#3327,
#3328),(#3329,#3330),(#3331,#3332),(#3333,#3334),(#3335,#3336),(#3337,#3338),
(#3339,#3340),(#3341,#3342),(#3343,#3344),(#3345,#3346)),
 .SURF_OF_LINEAR_EXTRUSION.,.F.,.F.,.F.,(4,1,1,1,1,1,1,1,1,4),(2,2),(0.034473974725704,
0.0942195892925892,0.153965203859474,0.21371081842636,0.273456432993245,
0.392947662127015,0.512438891260786,0.631930120394557,0.751421349528327,
0.990403807795868),(0.,1.),.UNSPECIFIED.);
#27=B_SPLINE_SURFACE_WITH_KNOTS('',3,1,((#3348,#3349),(#3350,#3351),(#3352,
#3353),(#3354,#3355),(#3356,#3357),(#3358,#3359),(#3360,#3361),(#3362,#3363),
(#3364,#3365),(#3366,#3367),(#3368,#3369),(#3370,#3371)),
 .SURF_OF_LINEAR_EXTRUSION.,.F.,.F.,.F.,(4,1,1,1,1,1,1,1,1,4),(2,2),(0.0344739744930772,
0.0942195890746576,0.153965203656238,0.213710818237818,0.273456432819399,
0.392947661982559,0.51243889114572,0.631930120308881,0.751421349472042,
0.990403807798363),(0.,1.),.UNSPECIFIED.);
#28=B_SPLINE_SURFACE_WITH_KNOTS('',3,1,((#3378,#3379),(#3380,#3381),(#3382,
#3383),(#3384,#3385),(#3386,#3387),(#3388,#3389),(#3390,#3391),(#3392,#3393),
(#3394,#3395),(#3396,#3397),(#3398,#3399),(#3400,#3401)),
 .SURF_OF_LINEAR_EXTRUSION.,.F.,.F.,.F.,(4,1,1,1,1,1,1,1,1,4),(2,2),(0.0344739744930736,
0.0942195890744909,0.153965203655908,0.213710818237325,0.273456432818743,
0.392947661981577,0.512438891144412,0.631930120307246,0.751421349470081,
0.99040380779575),(0.,1.),.UNSPECIFIED.);
#29=B_SPLINE_SURFACE_WITH_KNOTS('',3,1,((#3403,#3404),(#3405,#3406),(#3407,
#3408),(#3409,#3410),(#3411,#3412),(#3413,#3414),(#3415,#3416),(#3417,#3418),
(#3419,#3420),(#3421,#3422),(#3423,#3424),(#3425,#3426)),
 .SURF_OF_LINEAR_EXTRUSION.,.F.,.F.,.F.,(4,1,1,1,1,1,1,1,1,4),(2,2),(0.0344739744930756,
0.094219589074665,0.153965203656254,0.213710818237844,0.273456432819433,
0.392947661982612,0.512438891145791,0.63193012030897,0.751421349472149,
0.990403807798507),(0.,1.),.UNSPECIFIED.);
#30=B_SPLINE_SURFACE_WITH_KNOTS('',3,1,((#3433,#3434),(#3435,#3436),(#3437,
#3438),(#3439,#3440),(#3441,#3442),(#3443,#3444),(#3445,#3446),(#3447,#3448),
(#3449,#3450),(#3451,#3452),(#3453,#3454),(#3455,#3456)),
 .SURF_OF_LINEAR_EXTRUSION.,.F.,.F.,.F.,(4,1,1,1,1,1,1,1,1,4),(2,2),(0.0344739747257066,
0.0942195892925416,0.153965203859377,0.213710818426211,0.273456432993046,
0.392947662126716,0.512438891260386,0.631930120394056,0.751421349527726,
0.990403807795066),(0.,1.),.UNSPECIFIED.);
#31=B_SPLINE_SURFACE_WITH_KNOTS('',3,1,((#3458,#3459),(#3460,#3461),(#3462,
#3463),(#3464,#3465),(#3466,#3467),(#3468,#3469),(#3470,#3471),(#3472,#3473),
(#3474,#3475),(#3476,#3477),(#3478,#3479),(#3480,#3481)),
 .SURF_OF_LINEAR_EXTRUSION.,.F.,.F.,.F.,(4,1,1,1,1,1,1,1,1,4),(2,2),(0.0344739747257089,
0.094219589292548,0.153965203859387,0.213710818426226,0.273456432993065,
0.392947662126743,0.512438891260421,0.6319301203941,0.751421349527778,0.990403807795134),
(0.,1.),.UNSPECIFIED.);
#32=B_SPLINE_CURVE_WITH_KNOTS('',3,(#2347,#2348,#2349,#2350,#2351,#2352,
#2353),.UNSPECIFIED.,.F.,.F.,(4,1,1,1,4),(0.,0.000635028197943165,0.00127005639588633,
0.0019050845938295,0.00254011279177266),.UNSPECIFIED.);
#33=B_SPLINE_CURVE_WITH_KNOTS('',3,(#2355,#2356,#2357,#2358),
 .UNSPECIFIED.,.F.,.F.,(4,4),(8.17238738136947E-5,0.000480964698577443),
 .UNSPECIFIED.);
#34=B_SPLINE_CURVE_WITH_KNOTS('',3,(#2362,#2363,#2364,#2365),
 .UNSPECIFIED.,.F.,.F.,(4,4),(2.60709583733179E-7,0.000399923544648688),
 .UNSPECIFIED.);
#35=B_SPLINE_CURVE_WITH_KNOTS('',3,(#2367,#2368,#2369,#2370,#2371,#2372,
#2373),.UNSPECIFIED.,.F.,.F.,(4,1,1,1,4),(4.56017988807277E-15,0.000635028198783253,
0.00127005639756195,0.00190508459634064,0.00254011279511933),
 .UNSPECIFIED.);
#36=B_SPLINE_CURVE_WITH_KNOTS('',3,(#2375,#2376,#2377,#2378,#2379,#2380,
#2381),.UNSPECIFIED.,.F.,.F.,(4,1,1,1,4),(0.,0.000635028198780227,0.00127005639756045,
0.00190508459634068,0.00254011279512091),.UNSPECIFIED.);
#37=B_SPLINE_CURVE_WITH_KNOTS('',3,(#2383,#2384,#2385,#2386),
 .UNSPECIFIED.,.F.,.F.,(4,4),(0.000110450768827301,0.000509621147702927),
 .UNSPECIFIED.);
#38=B_SPLINE_CURVE_WITH_KNOTS('',3,(#2390,#2391,#2392,#2393),
 .UNSPECIFIED.,.F.,.F.,(4,4),(2.92019741000934E-7,0.000400554677007405),
 .UNSPECIFIED.);
#39=B_SPLINE_CURVE_WITH_KNOTS('',3,(#2395,#2396,#2397,#2398,#2399,#2400,
#2401),.UNSPECIFIED.,.F.,.F.,(4,1,1,1,4),(4.69677654530964E-15,0.000635028197946183,
0.00127005639588767,0.00190508459382915,0.00254011279177064),
 .UNSPECIFIED.);
#40=B_SPLINE_CURVE_WITH_KNOTS('',3,(#2403,#2404,#2405,#2406,#2407,#2408,
#2409),.UNSPECIFIED.,.F.,.F.,(4,1,1,1,4),(4.82570513715943E-15,0.000635028197946239,
0.00127005639588765,0.00190508459382906,0.00254011279177048),
 .UNSPECIFIED.);
#41=B_SPLINE_CURVE_WITH_KNOTS('',3,(#2411,#2412,#2413,#2414,#2415,#2416,
#2417),.UNSPECIFIED.,.F.,.F.,(4,1,1,1,4),(8.64581725266788E-17,0.000635028197943282,
0.00127005639588648,0.00190508459382967,0.00254011279177287),
 .UNSPECIFIED.);
#42=B_SPLINE_CURVE_WITH_KNOTS('',3,(#2419,#2420,#2421,#2422),
 .UNSPECIFIED.,.F.,.F.,(4,4),(0.000209249948809731,0.00060892239640416),
 .UNSPECIFIED.);
#43=B_SPLINE_CURVE_WITH_KNOTS('',3,(#2426,#2427,#2428,#2429),
 .UNSPECIFIED.,.F.,.F.,(4,4),(3.59454178407997E-7,0.000400022947265478),
 .UNSPECIFIED.);
#44=B_SPLINE_CURVE_WITH_KNOTS('',3,(#2431,#2432,#2433,#2434,#2435,#2436,
#2437),.UNSPECIFIED.,.F.,.F.,(4,1,1,1,4),(4.72757979877296E-15,0.000635028198783352,
0.00127005639756198,0.0019050845963406,0.00254011279511923),
 .UNSPECIFIED.);
#45=B_SPLINE_CURVE_WITH_KNOTS('',3,(#2439,#2440,#2441,#2442,#2443,#2444,
#2445),.UNSPECIFIED.,.F.,.F.,(4,1,1,1,4),(7.75791922889773E-18,0.000635028198780264,
0.00127005639756052,0.00190508459634078,0.00254011279512103),
 .UNSPECIFIED.);
#46=B_SPLINE_CURVE_WITH_KNOTS('',3,(#2447,#2448,#2449,#2450),
 .UNSPECIFIED.,.F.,.F.,(4,4),(7.56385648205145E-5,0.000475504797737166),
 .UNSPECIFIED.);
#47=B_SPLINE_CURVE_WITH_KNOTS('',3,(#2454,#2455,#2456,#2457),
 .UNSPECIFIED.,.F.,.F.,(4,4),(0.00056247777529469,0.000962155622973391),
 .UNSPECIFIED.);
#48=B_SPLINE_CURVE_WITH_KNOTS('',3,(#2459,#2460,#2461,#2462,#2463,#2464,
#2465),.UNSPECIFIED.,.F.,.F.,(4,1,1,1,4),(9.81307786677359E-18,0.000635028198780226,
0.00127005639756044,0.00190508459634066,0.00254011279512087),
 .UNSPECIFIED.);
#49=B_SPLINE_CURVE_WITH_KNOTS('',3,(#2467,#2468,#2469,#2470),
 .UNSPECIFIED.,.F.,.F.,(4,4),(6.67645905084756E-5,0.000466577637653545),
 .UNSPECIFIED.);
#50=B_SPLINE_CURVE_WITH_KNOTS('',3,(#2474,#2475,#2476,#2477),
 .UNSPECIFIED.,.F.,.F.,(4,4),(0.000114155657948504,0.000514516797739479),
 .UNSPECIFIED.);
#51=B_SPLINE_CURVE_WITH_KNOTS('',3,(#2479,#2480,#2481,#2482,#2483,#2484,
#2485),.UNSPECIFIED.,.F.,.F.,(4,1,1,1,4),(4.64904467532869E-15,0.000635028198783264,
0.00127005639756188,0.00190508459634049,0.00254011279511911),
 .UNSPECIFIED.);
#52=B_SPLINE_CURVE_WITH_KNOTS('',3,(#2487,#2488,#2489,#2490,#2491,#2492,
#2493),.UNSPECIFIED.,.F.,.F.,(4,1,1,1,4),(4.66314837618825E-15,0.000635028197946232,
0.0012700563958878,0.00190508459382937,0.00254011279177094),
 .UNSPECIFIED.);
#53=B_SPLINE_CURVE_WITH_KNOTS('',3,(#2495,#2496,#2497,#2498,#2499,#2500,
#2501),.UNSPECIFIED.,.F.,.F.,(4,1,1,1,4),(0.,0.000635028197943245,0.00127005639588649,
0.00190508459382973,0.00254011279177298),.UNSPECIFIED.);
#54=B_SPLINE_CURVE_WITH_KNOTS('',3,(#2503,#2504,#2505,#2506),
 .UNSPECIFIED.,.F.,.F.,(4,4),(0.000104056733263101,0.000503204772100144),
 .UNSPECIFIED.);
#55=B_SPLINE_CURVE_WITH_KNOTS('',3,(#2510,#2511,#2512,#2513),
 .UNSPECIFIED.,.F.,.F.,(4,4),(5.86810314292365E-7,0.000400859611257565),
 .UNSPECIFIED.);
#56=B_SPLINE_CURVE_WITH_KNOTS('',3,(#2515,#2516,#2517,#2518,#2519,#2520,
#2521),.UNSPECIFIED.,.F.,.F.,(4,1,1,1,4),(0.,0.000635028197943194,0.00127005639588639,
0.00190508459382958,0.00254011279177278),.UNSPECIFIED.);
#57=B_SPLINE_CURVE_WITH_KNOTS('',3,(#2523,#2524,#2525,#2526),
 .UNSPECIFIED.,.F.,.F.,(4,4),(1.10769119295729E-5,0.000409740781453811),
 .UNSPECIFIED.);
#58=B_SPLINE_CURVE_WITH_KNOTS('',3,(#2530,#2531,#2532,#2533),
 .UNSPECIFIED.,.F.,.F.,(4,4),(2.60709585060735E-7,0.000399921540076297),
 .UNSPECIFIED.);
#59=B_SPLINE_CURVE_WITH_KNOTS('',3,(#2535,#2536,#2537,#2538,#2539,#2540,
#2541),.UNSPECIFIED.,.F.,.F.,(4,1,1,1,4),(4.66327227773736E-15,0.000635028198783254,
0.00127005639756185,0.00190508459634044,0.00254011279511903),
 .UNSPECIFIED.);
#60=B_SPLINE_CURVE_WITH_KNOTS('',3,(#2543,#2544,#2545,#2546,#2547,#2548,
#2549),.UNSPECIFIED.,.F.,.F.,(4,1,1,1,4),(4.70838114094136E-15,0.000635028197946229,
0.00127005639588775,0.00190508459382927,0.00254011279177079),
 .UNSPECIFIED.);
#61=B_SPLINE_CURVE_WITH_KNOTS('',3,(#2551,#2552,#2553,#2554,#2555,#2556,
#2557),.UNSPECIFIED.,.F.,.F.,(4,1,1,1,4),(1.04083408558608E-17,0.000635028197943275,
0.00127005639588654,0.00190508459382981,0.00254011279177307),
 .UNSPECIFIED.);
#62=B_SPLINE_CURVE_WITH_KNOTS('',3,(#2559,#2560,#2561,#2562),
 .UNSPECIFIED.,.F.,.F.,(4,4),(1.11255110037502E-5,0.000409796405952245),
 .UNSPECIFIED.);
#63=B_SPLINE_CURVE_WITH_KNOTS('',3,(#2566,#2567,#2568,#2569),
 .UNSPECIFIED.,.F.,.F.,(4,4),(3.59454178524414E-7,0.000400020113468431),
 .UNSPECIFIED.);
#64=B_SPLINE_CURVE_WITH_KNOTS('',3,(#2571,#2572,#2573,#2574,#2575,#2576,
#2577),.UNSPECIFIED.,.F.,.F.,(4,1,1,1,4),(4.69690372426234E-15,0.000635028197946274,
0.00127005639588785,0.00190508459382943,0.00254011279177101),
 .UNSPECIFIED.);
#65=B_SPLINE_CURVE_WITH_KNOTS('',3,(#2579,#2580,#2581,#2582,#2583,#2584,
#2585),.UNSPECIFIED.,.F.,.F.,(4,1,1,1,4),(3.70212099927859E-16,0.00063502819794356,
0.00127005639588675,0.00190508459382994,0.00254011279177313),
 .UNSPECIFIED.);
#66=B_SPLINE_CURVE_WITH_KNOTS('',3,(#2587,#2588,#2589,#2590),
 .UNSPECIFIED.,.F.,.F.,(4,4),(0.000272991627738386,0.000673248607753377),
 .UNSPECIFIED.);
#67=B_SPLINE_CURVE_WITH_KNOTS('',3,(#2594,#2595,#2596,#2597),
 .UNSPECIFIED.,.F.,.F.,(4,4),(5.86810308377395E-7,0.000400251815252586),
 .UNSPECIFIED.);
#68=B_SPLINE_CURVE_WITH_KNOTS('',3,(#2599,#2600,#2601,#2602,#2603,#2604,
#2605),.UNSPECIFIED.,.F.,.F.,(4,1,1,1,4),(4.65401706303853E-15,0.000635028197946169,
0.00127005639588768,0.0019050845938292,0.00254011279177071),
 .UNSPECIFIED.);
#69=B_SPLINE_CURVE_WITH_KNOTS('',3,(#2610,#2611,#2612,#2613,#2614,#2615,
#2616),.UNSPECIFIED.,.F.,.F.,(4,1,1,1,4),(0.,0.000635028198780307,0.00127005639756061,
0.00190508459634092,0.00254011279512123),.UNSPECIFIED.);
#70=B_SPLINE_CURVE_WITH_KNOTS('',3,(#2618,#2619,#2620,#2621),
 .UNSPECIFIED.,.F.,.F.,(4,4),(0.00027854533413517,0.000678737139207318),
 .UNSPECIFIED.);
#71=B_SPLINE_CURVE_WITH_KNOTS('',3,(#2625,#2626,#2627,#2628),
 .UNSPECIFIED.,.F.,.F.,(4,4),(2.92019741151113E-7,0.000399949529393164),
 .UNSPECIFIED.);
#72=B_SPLINE_CURVE_WITH_KNOTS('',3,(#2630,#2631,#2632,#2633),
 .UNSPECIFIED.,.F.,.F.,(4,4),(2.92019740786491E-7,0.00040055467700715),
 .UNSPECIFIED.);
#73=B_SPLINE_CURVE_WITH_KNOTS('',3,(#2635,#2636,#2637,#2638,#2639,#2640,
#2641),.UNSPECIFIED.,.F.,.F.,(4,1,1,1,4),(0.,0.000642578422652633,0.00128515684530527,
0.0019277352679579,0.00257031369061053),.UNSPECIFIED.);
#74=B_SPLINE_CURVE_WITH_KNOTS('',3,(#2642,#2643,#2644,#2645,#2646,#2647,
#2648),.UNSPECIFIED.,.F.,.F.,(4,1,1,1,4),(0.,0.000642578422651002,0.001285156845302,
0.00192773526795301,0.00257031369060401),.UNSPECIFIED.);
#75=B_SPLINE_CURVE_WITH_KNOTS('',3,(#2650,#2651,#2652,#2653),
 .UNSPECIFIED.,.F.,.F.,(4,4),(0.000110450768825292,0.000509621147702725),
 .UNSPECIFIED.);
#76=B_SPLINE_CURVE_WITH_KNOTS('',3,(#2655,#2656,#2657,#2658),
 .UNSPECIFIED.,.F.,.F.,(4,4),(2.60709583743621E-7,0.00039992354464871),
 .UNSPECIFIED.);
#77=B_SPLINE_CURVE_WITH_KNOTS('',3,(#2660,#2661,#2662,#2663,#2664,#2665,
#2666),.UNSPECIFIED.,.F.,.F.,(4,1,1,1,4),(0.,0.000642578422652673,0.00128515684530535,
0.00192773526795802,0.00257031369061069),.UNSPECIFIED.);
#78=B_SPLINE_CURVE_WITH_KNOTS('',3,(#2667,#2668,#2669,#2670,#2671,#2672,
#2673),.UNSPECIFIED.,.F.,.F.,(4,1,1,1,4),(0.,0.000642578422651068,0.00128515684530214,
0.0019277352679532,0.00257031369060427),.UNSPECIFIED.);
#79=B_SPLINE_CURVE_WITH_KNOTS('',3,(#2675,#2676,#2677,#2678),
 .UNSPECIFIED.,.F.,.F.,(4,4),(8.17238738137272E-5,0.000480964698577386),
 .UNSPECIFIED.);
#80=B_SPLINE_CURVE_WITH_KNOTS('',3,(#2680,#2681,#2682,#2683,#2684,#2685,
#2686),.UNSPECIFIED.,.F.,.F.,(4,1,1,1,4),(0.,0.00064257842265101,0.00128515684530202,
0.00192773526795303,0.00257031369060404),.UNSPECIFIED.);
#81=B_SPLINE_CURVE_WITH_KNOTS('',3,(#2688,#2689,#2690,#2691),
 .UNSPECIFIED.,.F.,.F.,(4,4),(0.000104056733260105,0.000503204772100241),
 .UNSPECIFIED.);
#82=B_SPLINE_CURVE_WITH_KNOTS('',3,(#2692,#2693,#2694,#2695),
 .UNSPECIFIED.,.F.,.F.,(4,4),(5.86810314468325E-7,0.000400859611257737),
 .UNSPECIFIED.);
#83=B_SPLINE_CURVE_WITH_KNOTS('',3,(#2697,#2698,#2699,#2700,#2701,#2702,
#2703),.UNSPECIFIED.,.F.,.F.,(4,1,1,1,4),(0.,0.000642578422652699,0.0012851568453054,
0.0019277352679581,0.0025703136906108),.UNSPECIFIED.);
#84=B_SPLINE_CURVE_WITH_KNOTS('',3,(#2705,#2706,#2707,#2708,#2709,#2710,
#2711),.UNSPECIFIED.,.F.,.F.,(4,1,1,1,4),(0.,0.000642578422650979,0.00128515684530196,
0.00192773526795294,0.00257031369060391),.UNSPECIFIED.);
#85=B_SPLINE_CURVE_WITH_KNOTS('',3,(#2713,#2714,#2715,#2716),
 .UNSPECIFIED.,.F.,.F.,(4,4),(6.6764590508174E-5,0.000466577637653141),
 .UNSPECIFIED.);
#86=B_SPLINE_CURVE_WITH_KNOTS('',3,(#2717,#2718,#2719,#2720),
 .UNSPECIFIED.,.F.,.F.,(4,4),(0.000114155657948537,0.00051451679773947),
 .UNSPECIFIED.);
#87=B_SPLINE_CURVE_WITH_KNOTS('',3,(#2722,#2723,#2724,#2725,#2726,#2727,
#2728),.UNSPECIFIED.,.F.,.F.,(4,1,1,1,4),(0.,0.00064257842265263,0.00128515684530526,
0.00192773526795789,0.00257031369061052),.UNSPECIFIED.);
#88=B_SPLINE_CURVE_WITH_KNOTS('',3,(#2730,#2731,#2732,#2733),
 .UNSPECIFIED.,.F.,.F.,(4,4),(0.000562477775294604,0.000962155622973408),
 .UNSPECIFIED.);
#89=B_SPLINE_CURVE_WITH_KNOTS('',3,(#2735,#2736,#2737,#2738,#2739,#2740,
#2741),.UNSPECIFIED.,.F.,.F.,(4,1,1,1,4),(0.,0.000642578422652594,0.00128515684530519,
0.00192773526795778,0.00257031369061038),.UNSPECIFIED.);
#90=B_SPLINE_CURVE_WITH_KNOTS('',3,(#2742,#2743,#2744,#2745,#2746,#2747,
#2748),.UNSPECIFIED.,.F.,.F.,(4,1,1,1,4),(0.,0.000642578422650966,0.00128515684530193,
0.0019277352679529,0.00257031369060386),.UNSPECIFIED.);
#91=B_SPLINE_CURVE_WITH_KNOTS('',3,(#2750,#2751,#2752,#2753),
 .UNSPECIFIED.,.F.,.F.,(4,4),(7.56385648205647E-5,0.000475504797737183),
 .UNSPECIFIED.);
#92=B_SPLINE_CURVE_WITH_KNOTS('',3,(#2755,#2756,#2757,#2758,#2759,#2760,
#2761),.UNSPECIFIED.,.F.,.F.,(4,1,1,1,4),(0.,0.000642578422650957,0.00128515684530191,
0.00192773526795287,0.00257031369060383),.UNSPECIFIED.);
#93=B_SPLINE_CURVE_WITH_KNOTS('',3,(#2763,#2764,#2765,#2766),
 .UNSPECIFIED.,.F.,.F.,(4,4),(0.000209249948815442,0.000608922396409971),
 .UNSPECIFIED.);
#94=B_SPLINE_CURVE_WITH_KNOTS('',3,(#2767,#2768,#2769,#2770),
 .UNSPECIFIED.,.F.,.F.,(4,4),(3.5945418007569E-7,0.000400022947267142),
 .UNSPECIFIED.);
#95=B_SPLINE_CURVE_WITH_KNOTS('',3,(#2772,#2773,#2774,#2775,#2776,#2777,
#2778),.UNSPECIFIED.,.F.,.F.,(4,1,1,1,4),(0.,0.000642578422652647,0.00128515684530529,
0.00192773526795794,0.00257031369061059),.UNSPECIFIED.);
#96=B_SPLINE_CURVE_WITH_KNOTS('',3,(#2780,#2781,#2782,#2783),
 .UNSPECIFIED.,.F.,.F.,(4,4),(2.92019740665345E-7,0.000399949529392453),
 .UNSPECIFIED.);
#97=B_SPLINE_CURVE_WITH_KNOTS('',3,(#2785,#2786,#2787,#2788,#2789,#2790,
#2791),.UNSPECIFIED.,.F.,.F.,(4,1,1,1,4),(0.,0.000642578422652575,0.00128515684530515,
0.00192773526795773,0.0025703136906103),.UNSPECIFIED.);
#98=B_SPLINE_CURVE_WITH_KNOTS('',3,(#2792,#2793,#2794,#2795,#2796,#2797,
#2798),.UNSPECIFIED.,.F.,.F.,(4,1,1,1,4),(0.,0.000642578422650916,0.00128515684530183,
0.00192773526795275,0.00257031369060366),.UNSPECIFIED.);
#99=B_SPLINE_CURVE_WITH_KNOTS('',3,(#2800,#2801,#2802,#2803),
 .UNSPECIFIED.,.F.,.F.,(4,4),(0.000278545334135174,0.00067873713920728),
 .UNSPECIFIED.);
#100=B_SPLINE_CURVE_WITH_KNOTS('',3,(#2805,#2806,#2807,#2808,#2809,#2810,
#2811),.UNSPECIFIED.,.F.,.F.,(4,1,1,1,4),(0.,0.000642578422650853,0.00128515684530171,
0.00192773526795256,0.00257031369060341),.UNSPECIFIED.);
#101=B_SPLINE_CURVE_WITH_KNOTS('',3,(#2813,#2814,#2815,#2816),
 .UNSPECIFIED.,.F.,.F.,(4,4),(0.000272991627731987,0.000673248607753296),
 .UNSPECIFIED.);
#102=B_SPLINE_CURVE_WITH_KNOTS('',3,(#2817,#2818,#2819,#2820),
 .UNSPECIFIED.,.F.,.F.,(4,4),(5.86810314354576E-7,0.000400251815258594),
 .UNSPECIFIED.);
#103=B_SPLINE_CURVE_WITH_KNOTS('',3,(#2822,#2823,#2824,#2825,#2826,#2827,
#2828),.UNSPECIFIED.,.F.,.F.,(4,1,1,1,4),(0.,0.000642578422652608,0.00128515684530522,
0.00192773526795782,0.00257031369061043),.UNSPECIFIED.);
#104=B_SPLINE_CURVE_WITH_KNOTS('',3,(#2830,#2831,#2832,#2833,#2834,#2835,
#2836),.UNSPECIFIED.,.F.,.F.,(4,1,1,1,4),(0.,0.000642578422650988,0.00128515684530198,
0.00192773526795296,0.00257031369060395),.UNSPECIFIED.);
#105=B_SPLINE_CURVE_WITH_KNOTS('',3,(#2838,#2839,#2840,#2841),
 .UNSPECIFIED.,.F.,.F.,(4,4),(1.11255110033204E-5,0.000409796405952258),
 .UNSPECIFIED.);
#106=B_SPLINE_CURVE_WITH_KNOTS('',3,(#2842,#2843,#2844,#2845),
 .UNSPECIFIED.,.F.,.F.,(4,4),(3.59454178383318E-7,0.000400020113468379),
 .UNSPECIFIED.);
#107=B_SPLINE_CURVE_WITH_KNOTS('',3,(#2847,#2848,#2849,#2850,#2851,#2852,
#2853),.UNSPECIFIED.,.F.,.F.,(4,1,1,1,4),(0.,0.000642578422652655,0.00128515684530531,
0.00192773526795797,0.00257031369061062),.UNSPECIFIED.);
#108=B_SPLINE_CURVE_WITH_KNOTS('',3,(#2855,#2856,#2857,#2858,#2859,#2860,
#2861),.UNSPECIFIED.,.F.,.F.,(4,1,1,1,4),(0.,0.000642578422650856,0.00128515684530171,
0.00192773526795257,0.00257031369060342),.UNSPECIFIED.);
#109=B_SPLINE_CURVE_WITH_KNOTS('',3,(#2864,#2865,#2866,#2867),
 .UNSPECIFIED.,.F.,.F.,(4,4),(1.10769119291079E-5,0.000409740781453822),
 .UNSPECIFIED.);
#110=B_SPLINE_CURVE_WITH_KNOTS('',3,(#2868,#2869,#2870,#2871),
 .UNSPECIFIED.,.F.,.F.,(4,4),(2.60709585917792E-7,0.000399921540077153),
 .UNSPECIFIED.);
#111=B_SPLINE_CURVE_WITH_KNOTS('',3,(#2873,#2874,#2875,#2876,#2877,#2878,
#2879),.UNSPECIFIED.,.F.,.F.,(4,1,1,1,4),(0.,0.000642578422652694,0.00128515684530539,
0.00192773526795808,0.00257031369061078),.UNSPECIFIED.);
#112=CONICAL_SURFACE('',#1668,0.00385484353333043,0.872664625997165);
#113=CONICAL_SURFACE('',#1670,0.00385484353333043,0.872664625997165);
#114=CONICAL_SURFACE('',#1672,0.00385484353333043,0.872664625997165);
#115=CONICAL_SURFACE('',#1674,0.00385484353333043,0.872664625997165);
#116=CONICAL_SURFACE('',#1676,0.00385484353333043,0.872664625997165);
#117=CONICAL_SURFACE('',#1678,0.00385484353333043,0.872664625997165);
#118=CONICAL_SURFACE('',#1680,0.00385484353333043,0.872664625997165);
#119=CONICAL_SURFACE('',#1682,0.00385484353333043,0.872664625997165);
#120=CONICAL_SURFACE('',#1684,0.00385484353333043,0.872664625997165);
#121=CONICAL_SURFACE('',#1686,0.00385484353333043,0.872664625997165);
#122=CONICAL_SURFACE('',#1689,0.006,0.872664625997165);
#123=CONICAL_SURFACE('',#1690,0.006,0.872664625997165);
#124=CONICAL_SURFACE('',#1691,0.006,0.872664625997165);
#125=CONICAL_SURFACE('',#1692,0.006,0.872664625997165);
#126=CONICAL_SURFACE('',#1693,0.006,0.872664625997165);
#127=CONICAL_SURFACE('',#1694,0.006,0.872664625997165);
#128=CONICAL_SURFACE('',#1695,0.006,0.872664625997165);
#129=CONICAL_SURFACE('',#1696,0.006,0.872664625997165);
#130=CONICAL_SURFACE('',#1697,0.006,0.872664625997165);
#131=CONICAL_SURFACE('',#1698,0.006,0.872664625997165);
#132=PLANE('',#1627);
#133=PLANE('',#1701);
#134=PLANE('',#1766);
#135=PLANE('',#1768);
#136=LINE('',#2185,#196);
#137=LINE('',#2190,#197);
#138=LINE('',#2194,#198);
#139=LINE('',#2199,#199);
#140=LINE('',#2206,#200);
#141=LINE('',#2210,#201);
#142=LINE('',#2215,#202);
#143=LINE('',#2219,#203);
#144=LINE('',#2221,#204);
#145=LINE('',#2226,#205);
#146=LINE('',#2233,#206);
#147=LINE('',#2237,#207);
#148=LINE('',#2239,#208);
#149=LINE('',#2244,#209);
#150=LINE('',#2251,#210);
#151=LINE('',#2255,#211);
#152=LINE('',#2260,#212);
#153=LINE('',#2264,#213);
#154=LINE('',#2883,#214);
#155=LINE('',#2884,#215);
#156=LINE('',#2962,#216);
#157=LINE('',#2987,#217);
#158=LINE('',#2989,#218);
#159=LINE('',#2990,#219);
#160=LINE('',#3017,#220);
#161=LINE('',#3042,#221);
#162=LINE('',#3044,#222);
#163=LINE('',#3045,#223);
#164=LINE('',#3072,#224);
#165=LINE('',#3097,#225);
#166=LINE('',#3099,#226);
#167=LINE('',#3100,#227);
#168=LINE('',#3127,#228);
#169=LINE('',#3152,#229);
#170=LINE('',#3154,#230);
#171=LINE('',#3155,#231);
#172=LINE('',#3182,#232);
#173=LINE('',#3207,#233);
#174=LINE('',#3209,#234);
#175=LINE('',#3210,#235);
#176=LINE('',#3237,#236);
#177=LINE('',#3262,#237);
#178=LINE('',#3264,#238);
#179=LINE('',#3265,#239);
#180=LINE('',#3292,#240);
#181=LINE('',#3317,#241);
#182=LINE('',#3319,#242);
#183=LINE('',#3320,#243);
#184=LINE('',#3347,#244);
#185=LINE('',#3372,#245);
#186=LINE('',#3374,#246);
#187=LINE('',#3375,#247);
#188=LINE('',#3402,#248);
#189=LINE('',#3427,#249);
#190=LINE('',#3429,#250);
#191=LINE('',#3430,#251);
#192=LINE('',#3457,#252);
#193=LINE('',#3482,#253);
#194=LINE('',#3484,#254);
#195=LINE('',#3485,#255);
#196=VECTOR('',#1780,1.);
#197=VECTOR('',#1783,1.);
#198=VECTOR('',#1788,1.);
#199=VECTOR('',#1791,1.);
#200=VECTOR('',#1798,1.);
#201=VECTOR('',#1801,1.);
#202=VECTOR('',#1806,1.);
#203=VECTOR('',#1809,1.);
#204=VECTOR('',#1812,1.);
#205=VECTOR('',#1815,1.);
#206=VECTOR('',#1822,1.);
#207=VECTOR('',#1825,1.);
#208=VECTOR('',#1828,1.);
#209=VECTOR('',#1831,1.);
#210=VECTOR('',#1838,1.);
#211=VECTOR('',#1841,1.);
#212=VECTOR('',#1846,1.);
#213=VECTOR('',#1849,1.);
#214=VECTOR('',#1998,1.);
#215=VECTOR('',#1999,1.);
#216=VECTOR('',#2064,1.);
#217=VECTOR('',#2065,1.);
#218=VECTOR('',#2068,1.);
#219=VECTOR('',#2069,1.);
#220=VECTOR('',#2074,1.);
#221=VECTOR('',#2075,1.);
#222=VECTOR('',#2078,1.);
#223=VECTOR('',#2079,1.);
#224=VECTOR('',#2084,1.);
#225=VECTOR('',#2085,1.);
#226=VECTOR('',#2088,1.);
#227=VECTOR('',#2089,1.);
#228=VECTOR('',#2094,1.);
#229=VECTOR('',#2095,1.);
#230=VECTOR('',#2098,1.);
#231=VECTOR('',#2099,1.);
#232=VECTOR('',#2104,1.);
#233=VECTOR('',#2105,1.);
#234=VECTOR('',#2108,1.);
#235=VECTOR('',#2109,1.);
#236=VECTOR('',#2114,1.);
#237=VECTOR('',#2115,1.);
#238=VECTOR('',#2118,1.);
#239=VECTOR('',#2119,1.);
#240=VECTOR('',#2124,1.);
#241=VECTOR('',#2125,1.);
#242=VECTOR('',#2128,1.);
#243=VECTOR('',#2129,1.);
#244=VECTOR('',#2134,1.);
#245=VECTOR('',#2135,1.);
#246=VECTOR('',#2138,1.);
#247=VECTOR('',#2139,1.);
#248=VECTOR('',#2144,1.);
#249=VECTOR('',#2145,1.);
#250=VECTOR('',#2148,1.);
#251=VECTOR('',#2149,1.);
#252=VECTOR('',#2154,1.);
#253=VECTOR('',#2155,1.);
#254=VECTOR('',#2158,1.);
#255=VECTOR('',#2159,1.);
#256=ORIENTED_EDGE('',*,*,#748,.F.);
#257=ORIENTED_EDGE('',*,*,#749,.T.);
#258=ORIENTED_EDGE('',*,*,#750,.F.);
#259=ORIENTED_EDGE('',*,*,#751,.T.);
#260=ORIENTED_EDGE('',*,*,#752,.T.);
#261=ORIENTED_EDGE('',*,*,#753,.T.);
#262=ORIENTED_EDGE('',*,*,#754,.F.);
#263=ORIENTED_EDGE('',*,*,#755,.T.);
#264=ORIENTED_EDGE('',*,*,#756,.T.);
#265=ORIENTED_EDGE('',*,*,#757,.T.);
#266=ORIENTED_EDGE('',*,*,#758,.T.);
#267=ORIENTED_EDGE('',*,*,#759,.T.);
#268=ORIENTED_EDGE('',*,*,#760,.T.);
#269=ORIENTED_EDGE('',*,*,#761,.F.);
#270=ORIENTED_EDGE('',*,*,#762,.T.);
#271=ORIENTED_EDGE('',*,*,#763,.T.);
#272=ORIENTED_EDGE('',*,*,#764,.T.);
#273=ORIENTED_EDGE('',*,*,#765,.F.);
#274=ORIENTED_EDGE('',*,*,#766,.F.);
#275=ORIENTED_EDGE('',*,*,#767,.T.);
#276=ORIENTED_EDGE('',*,*,#768,.T.);
#277=ORIENTED_EDGE('',*,*,#769,.T.);
#278=ORIENTED_EDGE('',*,*,#770,.T.);
#279=ORIENTED_EDGE('',*,*,#771,.T.);
#280=ORIENTED_EDGE('',*,*,#772,.T.);
#281=ORIENTED_EDGE('',*,*,#773,.F.);
#282=ORIENTED_EDGE('',*,*,#774,.F.);
#283=ORIENTED_EDGE('',*,*,#775,.T.);
#284=ORIENTED_EDGE('',*,*,#776,.T.);
#285=ORIENTED_EDGE('',*,*,#777,.T.);
#286=ORIENTED_EDGE('',*,*,#778,.T.);
#287=ORIENTED_EDGE('',*,*,#779,.T.);
#288=ORIENTED_EDGE('',*,*,#780,.T.);
#289=ORIENTED_EDGE('',*,*,#781,.F.);
#290=ORIENTED_EDGE('',*,*,#782,.T.);
#291=ORIENTED_EDGE('',*,*,#783,.T.);
#292=ORIENTED_EDGE('',*,*,#784,.T.);
#293=ORIENTED_EDGE('',*,*,#785,.F.);
#294=ORIENTED_EDGE('',*,*,#748,.T.);
#295=ORIENTED_EDGE('',*,*,#786,.F.);
#296=ORIENTED_EDGE('',*,*,#787,.T.);
#297=ORIENTED_EDGE('',*,*,#788,.F.);
#298=ORIENTED_EDGE('',*,*,#789,.F.);
#299=ORIENTED_EDGE('',*,*,#790,.F.);
#300=ORIENTED_EDGE('',*,*,#791,.T.);
#301=ORIENTED_EDGE('',*,*,#792,.F.);
#302=ORIENTED_EDGE('',*,*,#793,.F.);
#303=ORIENTED_EDGE('',*,*,#794,.F.);
#304=ORIENTED_EDGE('',*,*,#795,.T.);
#305=ORIENTED_EDGE('',*,*,#796,.F.);
#306=ORIENTED_EDGE('',*,*,#797,.F.);
#307=ORIENTED_EDGE('',*,*,#798,.F.);
#308=ORIENTED_EDGE('',*,*,#799,.T.);
#309=ORIENTED_EDGE('',*,*,#800,.F.);
#310=ORIENTED_EDGE('',*,*,#801,.F.);
#311=ORIENTED_EDGE('',*,*,#802,.F.);
#312=ORIENTED_EDGE('',*,*,#803,.T.);
#313=ORIENTED_EDGE('',*,*,#804,.F.);
#314=ORIENTED_EDGE('',*,*,#805,.F.);
#315=ORIENTED_EDGE('',*,*,#806,.F.);
#316=ORIENTED_EDGE('',*,*,#807,.T.);
#317=ORIENTED_EDGE('',*,*,#808,.F.);
#318=ORIENTED_EDGE('',*,*,#809,.F.);
#319=ORIENTED_EDGE('',*,*,#810,.F.);
#320=ORIENTED_EDGE('',*,*,#811,.T.);
#321=ORIENTED_EDGE('',*,*,#812,.F.);
#322=ORIENTED_EDGE('',*,*,#813,.F.);
#323=ORIENTED_EDGE('',*,*,#814,.F.);
#324=ORIENTED_EDGE('',*,*,#815,.T.);
#325=ORIENTED_EDGE('',*,*,#816,.F.);
#326=ORIENTED_EDGE('',*,*,#817,.F.);
#327=ORIENTED_EDGE('',*,*,#818,.F.);
#328=ORIENTED_EDGE('',*,*,#819,.T.);
#329=ORIENTED_EDGE('',*,*,#820,.F.);
#330=ORIENTED_EDGE('',*,*,#821,.F.);
#331=ORIENTED_EDGE('',*,*,#822,.F.);
#332=ORIENTED_EDGE('',*,*,#823,.T.);
#333=ORIENTED_EDGE('',*,*,#824,.F.);
#334=ORIENTED_EDGE('',*,*,#825,.F.);
#335=ORIENTED_EDGE('',*,*,#751,.F.);
#336=ORIENTED_EDGE('',*,*,#826,.T.);
#337=ORIENTED_EDGE('',*,*,#827,.F.);
#338=ORIENTED_EDGE('',*,*,#828,.F.);
#339=ORIENTED_EDGE('',*,*,#829,.F.);
#340=ORIENTED_EDGE('',*,*,#830,.F.);
#341=ORIENTED_EDGE('',*,*,#755,.F.);
#342=ORIENTED_EDGE('',*,*,#831,.T.);
#343=ORIENTED_EDGE('',*,*,#832,.F.);
#344=ORIENTED_EDGE('',*,*,#833,.F.);
#345=ORIENTED_EDGE('',*,*,#834,.F.);
#346=ORIENTED_EDGE('',*,*,#835,.F.);
#347=ORIENTED_EDGE('',*,*,#836,.F.);
#348=ORIENTED_EDGE('',*,*,#758,.F.);
#349=ORIENTED_EDGE('',*,*,#837,.T.);
#350=ORIENTED_EDGE('',*,*,#838,.F.);
#351=ORIENTED_EDGE('',*,*,#839,.F.);
#352=ORIENTED_EDGE('',*,*,#840,.F.);
#353=ORIENTED_EDGE('',*,*,#841,.F.);
#354=ORIENTED_EDGE('',*,*,#762,.F.);
#355=ORIENTED_EDGE('',*,*,#842,.T.);
#356=ORIENTED_EDGE('',*,*,#843,.F.);
#357=ORIENTED_EDGE('',*,*,#844,.F.);
#358=ORIENTED_EDGE('',*,*,#845,.F.);
#359=ORIENTED_EDGE('',*,*,#767,.F.);
#360=ORIENTED_EDGE('',*,*,#846,.T.);
#361=ORIENTED_EDGE('',*,*,#847,.F.);
#362=ORIENTED_EDGE('',*,*,#848,.F.);
#363=ORIENTED_EDGE('',*,*,#849,.F.);
#364=ORIENTED_EDGE('',*,*,#850,.F.);
#365=ORIENTED_EDGE('',*,*,#851,.F.);
#366=ORIENTED_EDGE('',*,*,#770,.F.);
#367=ORIENTED_EDGE('',*,*,#852,.T.);
#368=ORIENTED_EDGE('',*,*,#853,.F.);
#369=ORIENTED_EDGE('',*,*,#854,.F.);
#370=ORIENTED_EDGE('',*,*,#855,.F.);
#371=ORIENTED_EDGE('',*,*,#775,.F.);
#372=ORIENTED_EDGE('',*,*,#856,.T.);
#373=ORIENTED_EDGE('',*,*,#857,.F.);
#374=ORIENTED_EDGE('',*,*,#858,.F.);
#375=ORIENTED_EDGE('',*,*,#859,.F.);
#376=ORIENTED_EDGE('',*,*,#860,.F.);
#377=ORIENTED_EDGE('',*,*,#861,.F.);
#378=ORIENTED_EDGE('',*,*,#778,.F.);
#379=ORIENTED_EDGE('',*,*,#862,.T.);
#380=ORIENTED_EDGE('',*,*,#863,.F.);
#381=ORIENTED_EDGE('',*,*,#864,.F.);
#382=ORIENTED_EDGE('',*,*,#865,.F.);
#383=ORIENTED_EDGE('',*,*,#866,.F.);
#384=ORIENTED_EDGE('',*,*,#782,.F.);
#385=ORIENTED_EDGE('',*,*,#867,.T.);
#386=ORIENTED_EDGE('',*,*,#868,.F.);
#387=ORIENTED_EDGE('',*,*,#869,.F.);
#388=ORIENTED_EDGE('',*,*,#870,.F.);
#389=ORIENTED_EDGE('',*,*,#871,.F.);
#390=ORIENTED_EDGE('',*,*,#872,.F.);
#391=ORIENTED_EDGE('',*,*,#873,.T.);
#392=ORIENTED_EDGE('',*,*,#874,.F.);
#393=ORIENTED_EDGE('',*,*,#875,.F.);
#394=ORIENTED_EDGE('',*,*,#876,.F.);
#395=ORIENTED_EDGE('',*,*,#877,.F.);
#396=ORIENTED_EDGE('',*,*,#878,.T.);
#397=ORIENTED_EDGE('',*,*,#753,.F.);
#398=ORIENTED_EDGE('',*,*,#879,.F.);
#399=ORIENTED_EDGE('',*,*,#880,.F.);
#400=ORIENTED_EDGE('',*,*,#787,.F.);
#401=ORIENTED_EDGE('',*,*,#881,.F.);
#402=ORIENTED_EDGE('',*,*,#882,.T.);
#403=ORIENTED_EDGE('',*,*,#757,.F.);
#404=ORIENTED_EDGE('',*,*,#883,.F.);
#405=ORIENTED_EDGE('',*,*,#884,.F.);
#406=ORIENTED_EDGE('',*,*,#791,.F.);
#407=ORIENTED_EDGE('',*,*,#885,.F.);
#408=ORIENTED_EDGE('',*,*,#886,.F.);
#409=ORIENTED_EDGE('',*,*,#823,.F.);
#410=ORIENTED_EDGE('',*,*,#887,.F.);
#411=ORIENTED_EDGE('',*,*,#888,.T.);
#412=ORIENTED_EDGE('',*,*,#760,.F.);
#413=ORIENTED_EDGE('',*,*,#889,.F.);
#414=ORIENTED_EDGE('',*,*,#890,.F.);
#415=ORIENTED_EDGE('',*,*,#819,.F.);
#416=ORIENTED_EDGE('',*,*,#891,.F.);
#417=ORIENTED_EDGE('',*,*,#892,.T.);
#418=ORIENTED_EDGE('',*,*,#764,.F.);
#419=ORIENTED_EDGE('',*,*,#893,.F.);
#420=ORIENTED_EDGE('',*,*,#894,.T.);
#421=ORIENTED_EDGE('',*,*,#769,.F.);
#422=ORIENTED_EDGE('',*,*,#895,.F.);
#423=ORIENTED_EDGE('',*,*,#896,.F.);
#424=ORIENTED_EDGE('',*,*,#799,.F.);
#425=ORIENTED_EDGE('',*,*,#897,.F.);
#426=ORIENTED_EDGE('',*,*,#898,.F.);
#427=ORIENTED_EDGE('',*,*,#795,.F.);
#428=ORIENTED_EDGE('',*,*,#899,.F.);
#429=ORIENTED_EDGE('',*,*,#900,.T.);
#430=ORIENTED_EDGE('',*,*,#772,.F.);
#431=ORIENTED_EDGE('',*,*,#901,.F.);
#432=ORIENTED_EDGE('',*,*,#902,.T.);
#433=ORIENTED_EDGE('',*,*,#777,.F.);
#434=ORIENTED_EDGE('',*,*,#903,.F.);
#435=ORIENTED_EDGE('',*,*,#904,.F.);
#436=ORIENTED_EDGE('',*,*,#807,.F.);
#437=ORIENTED_EDGE('',*,*,#905,.F.);
#438=ORIENTED_EDGE('',*,*,#906,.F.);
#439=ORIENTED_EDGE('',*,*,#803,.F.);
#440=ORIENTED_EDGE('',*,*,#907,.F.);
#441=ORIENTED_EDGE('',*,*,#908,.T.);
#442=ORIENTED_EDGE('',*,*,#780,.F.);
#443=ORIENTED_EDGE('',*,*,#909,.F.);
#444=ORIENTED_EDGE('',*,*,#910,.F.);
#445=ORIENTED_EDGE('',*,*,#815,.F.);
#446=ORIENTED_EDGE('',*,*,#911,.F.);
#447=ORIENTED_EDGE('',*,*,#912,.T.);
#448=ORIENTED_EDGE('',*,*,#784,.F.);
#449=ORIENTED_EDGE('',*,*,#913,.F.);
#450=ORIENTED_EDGE('',*,*,#914,.F.);
#451=ORIENTED_EDGE('',*,*,#811,.F.);
#452=ORIENTED_EDGE('',*,*,#915,.F.);
#453=ORIENTED_EDGE('',*,*,#916,.T.);
#454=ORIENTED_EDGE('',*,*,#917,.F.);
#455=ORIENTED_EDGE('',*,*,#872,.T.);
#456=ORIENTED_EDGE('',*,*,#918,.T.);
#457=ORIENTED_EDGE('',*,*,#917,.T.);
#458=ORIENTED_EDGE('',*,*,#919,.F.);
#459=ORIENTED_EDGE('',*,*,#920,.F.);
#460=ORIENTED_EDGE('',*,*,#921,.T.);
#461=ORIENTED_EDGE('',*,*,#922,.F.);
#462=ORIENTED_EDGE('',*,*,#839,.T.);
#463=ORIENTED_EDGE('',*,*,#923,.F.);
#464=ORIENTED_EDGE('',*,*,#924,.T.);
#465=ORIENTED_EDGE('',*,*,#925,.F.);
#466=ORIENTED_EDGE('',*,*,#844,.T.);
#467=ORIENTED_EDGE('',*,*,#926,.F.);
#468=ORIENTED_EDGE('',*,*,#927,.T.);
#469=ORIENTED_EDGE('',*,*,#928,.F.);
#470=ORIENTED_EDGE('',*,*,#869,.T.);
#471=ORIENTED_EDGE('',*,*,#929,.F.);
#472=ORIENTED_EDGE('',*,*,#930,.T.);
#473=ORIENTED_EDGE('',*,*,#931,.F.);
#474=ORIENTED_EDGE('',*,*,#875,.T.);
#475=ORIENTED_EDGE('',*,*,#932,.F.);
#476=ORIENTED_EDGE('',*,*,#933,.T.);
#477=ORIENTED_EDGE('',*,*,#934,.F.);
#478=ORIENTED_EDGE('',*,*,#858,.T.);
#479=ORIENTED_EDGE('',*,*,#935,.F.);
#480=ORIENTED_EDGE('',*,*,#936,.T.);
#481=ORIENTED_EDGE('',*,*,#937,.F.);
#482=ORIENTED_EDGE('',*,*,#864,.T.);
#483=ORIENTED_EDGE('',*,*,#938,.F.);
#484=ORIENTED_EDGE('',*,*,#939,.T.);
#485=ORIENTED_EDGE('',*,*,#940,.F.);
#486=ORIENTED_EDGE('',*,*,#848,.T.);
#487=ORIENTED_EDGE('',*,*,#941,.F.);
#488=ORIENTED_EDGE('',*,*,#942,.T.);
#489=ORIENTED_EDGE('',*,*,#943,.F.);
#490=ORIENTED_EDGE('',*,*,#854,.T.);
#491=ORIENTED_EDGE('',*,*,#944,.F.);
#492=ORIENTED_EDGE('',*,*,#945,.T.);
#493=ORIENTED_EDGE('',*,*,#946,.F.);
#494=ORIENTED_EDGE('',*,*,#833,.T.);
#495=ORIENTED_EDGE('',*,*,#947,.F.);
#496=ORIENTED_EDGE('',*,*,#948,.T.);
#497=ORIENTED_EDGE('',*,*,#949,.F.);
#498=ORIENTED_EDGE('',*,*,#828,.T.);
#499=ORIENTED_EDGE('',*,*,#950,.F.);
#500=ORIENTED_EDGE('',*,*,#919,.T.);
#501=ORIENTED_EDGE('',*,*,#916,.F.);
#502=ORIENTED_EDGE('',*,*,#951,.F.);
#503=ORIENTED_EDGE('',*,*,#873,.F.);
#504=ORIENTED_EDGE('',*,*,#860,.T.);
#505=ORIENTED_EDGE('',*,*,#952,.F.);
#506=ORIENTED_EDGE('',*,*,#903,.T.);
#507=ORIENTED_EDGE('',*,*,#776,.F.);
#508=ORIENTED_EDGE('',*,*,#809,.T.);
#509=ORIENTED_EDGE('',*,*,#953,.F.);
#510=ORIENTED_EDGE('',*,*,#933,.F.);
#511=ORIENTED_EDGE('',*,*,#954,.F.);
#512=ORIENTED_EDGE('',*,*,#874,.T.);
#513=ORIENTED_EDGE('',*,*,#951,.T.);
#514=ORIENTED_EDGE('',*,*,#915,.T.);
#515=ORIENTED_EDGE('',*,*,#810,.T.);
#516=ORIENTED_EDGE('',*,*,#954,.T.);
#517=ORIENTED_EDGE('',*,*,#932,.T.);
#518=ORIENTED_EDGE('',*,*,#859,.T.);
#519=ORIENTED_EDGE('',*,*,#934,.T.);
#520=ORIENTED_EDGE('',*,*,#953,.T.);
#521=ORIENTED_EDGE('',*,*,#808,.T.);
#522=ORIENTED_EDGE('',*,*,#904,.T.);
#523=ORIENTED_EDGE('',*,*,#952,.T.);
#524=ORIENTED_EDGE('',*,*,#785,.T.);
#525=ORIENTED_EDGE('',*,*,#912,.F.);
#526=ORIENTED_EDGE('',*,*,#955,.F.);
#527=ORIENTED_EDGE('',*,*,#867,.F.);
#528=ORIENTED_EDGE('',*,*,#871,.T.);
#529=ORIENTED_EDGE('',*,*,#956,.F.);
#530=ORIENTED_EDGE('',*,*,#913,.T.);
#531=ORIENTED_EDGE('',*,*,#918,.F.);
#532=ORIENTED_EDGE('',*,*,#813,.T.);
#533=ORIENTED_EDGE('',*,*,#957,.F.);
#534=ORIENTED_EDGE('',*,*,#930,.F.);
#535=ORIENTED_EDGE('',*,*,#958,.F.);
#536=ORIENTED_EDGE('',*,*,#868,.T.);
#537=ORIENTED_EDGE('',*,*,#955,.T.);
#538=ORIENTED_EDGE('',*,*,#911,.T.);
#539=ORIENTED_EDGE('',*,*,#814,.T.);
#540=ORIENTED_EDGE('',*,*,#958,.T.);
#541=ORIENTED_EDGE('',*,*,#929,.T.);
#542=ORIENTED_EDGE('',*,*,#876,.T.);
#543=ORIENTED_EDGE('',*,*,#931,.T.);
#544=ORIENTED_EDGE('',*,*,#957,.T.);
#545=ORIENTED_EDGE('',*,*,#812,.T.);
#546=ORIENTED_EDGE('',*,*,#914,.T.);
#547=ORIENTED_EDGE('',*,*,#956,.T.);
#548=ORIENTED_EDGE('',*,*,#781,.T.);
#549=ORIENTED_EDGE('',*,*,#908,.F.);
#550=ORIENTED_EDGE('',*,*,#959,.F.);
#551=ORIENTED_EDGE('',*,*,#862,.F.);
#552=ORIENTED_EDGE('',*,*,#850,.T.);
#553=ORIENTED_EDGE('',*,*,#960,.F.);
#554=ORIENTED_EDGE('',*,*,#895,.T.);
#555=ORIENTED_EDGE('',*,*,#768,.F.);
#556=ORIENTED_EDGE('',*,*,#801,.T.);
#557=ORIENTED_EDGE('',*,*,#961,.F.);
#558=ORIENTED_EDGE('',*,*,#939,.F.);
#559=ORIENTED_EDGE('',*,*,#962,.F.);
#560=ORIENTED_EDGE('',*,*,#863,.T.);
#561=ORIENTED_EDGE('',*,*,#959,.T.);
#562=ORIENTED_EDGE('',*,*,#907,.T.);
#563=ORIENTED_EDGE('',*,*,#802,.T.);
#564=ORIENTED_EDGE('',*,*,#962,.T.);
#565=ORIENTED_EDGE('',*,*,#938,.T.);
#566=ORIENTED_EDGE('',*,*,#849,.T.);
#567=ORIENTED_EDGE('',*,*,#940,.T.);
#568=ORIENTED_EDGE('',*,*,#961,.T.);
#569=ORIENTED_EDGE('',*,*,#800,.T.);
#570=ORIENTED_EDGE('',*,*,#896,.T.);
#571=ORIENTED_EDGE('',*,*,#960,.T.);
#572=ORIENTED_EDGE('',*,*,#774,.T.);
#573=ORIENTED_EDGE('',*,*,#902,.F.);
#574=ORIENTED_EDGE('',*,*,#963,.F.);
#575=ORIENTED_EDGE('',*,*,#856,.F.);
#576=ORIENTED_EDGE('',*,*,#861,.T.);
#577=ORIENTED_EDGE('',*,*,#964,.F.);
#578=ORIENTED_EDGE('',*,*,#905,.T.);
#579=ORIENTED_EDGE('',*,*,#779,.F.);
#580=ORIENTED_EDGE('',*,*,#805,.T.);
#581=ORIENTED_EDGE('',*,*,#965,.F.);
#582=ORIENTED_EDGE('',*,*,#936,.F.);
#583=ORIENTED_EDGE('',*,*,#966,.F.);
#584=ORIENTED_EDGE('',*,*,#857,.T.);
#585=ORIENTED_EDGE('',*,*,#963,.T.);
#586=ORIENTED_EDGE('',*,*,#901,.T.);
#587=ORIENTED_EDGE('',*,*,#806,.T.);
#588=ORIENTED_EDGE('',*,*,#966,.T.);
#589=ORIENTED_EDGE('',*,*,#935,.T.);
#590=ORIENTED_EDGE('',*,*,#865,.T.);
#591=ORIENTED_EDGE('',*,*,#937,.T.);
#592=ORIENTED_EDGE('',*,*,#965,.T.);
#593=ORIENTED_EDGE('',*,*,#804,.T.);
#594=ORIENTED_EDGE('',*,*,#906,.T.);
#595=ORIENTED_EDGE('',*,*,#964,.T.);
#596=ORIENTED_EDGE('',*,*,#773,.T.);
#597=ORIENTED_EDGE('',*,*,#900,.F.);
#598=ORIENTED_EDGE('',*,*,#967,.F.);
#599=ORIENTED_EDGE('',*,*,#852,.F.);
#600=ORIENTED_EDGE('',*,*,#835,.T.);
#601=ORIENTED_EDGE('',*,*,#968,.F.);
#602=ORIENTED_EDGE('',*,*,#883,.T.);
#603=ORIENTED_EDGE('',*,*,#756,.F.);
#604=ORIENTED_EDGE('',*,*,#793,.T.);
#605=ORIENTED_EDGE('',*,*,#969,.F.);
#606=ORIENTED_EDGE('',*,*,#945,.F.);
#607=ORIENTED_EDGE('',*,*,#970,.F.);
#608=ORIENTED_EDGE('',*,*,#853,.T.);
#609=ORIENTED_EDGE('',*,*,#967,.T.);
#610=ORIENTED_EDGE('',*,*,#899,.T.);
#611=ORIENTED_EDGE('',*,*,#794,.T.);
#612=ORIENTED_EDGE('',*,*,#970,.T.);
#613=ORIENTED_EDGE('',*,*,#944,.T.);
#614=ORIENTED_EDGE('',*,*,#834,.T.);
#615=ORIENTED_EDGE('',*,*,#946,.T.);
#616=ORIENTED_EDGE('',*,*,#969,.T.);
#617=ORIENTED_EDGE('',*,*,#792,.T.);
#618=ORIENTED_EDGE('',*,*,#884,.T.);
#619=ORIENTED_EDGE('',*,*,#968,.T.);
#620=ORIENTED_EDGE('',*,*,#766,.T.);
#621=ORIENTED_EDGE('',*,*,#894,.F.);
#622=ORIENTED_EDGE('',*,*,#971,.F.);
#623=ORIENTED_EDGE('',*,*,#846,.F.);
#624=ORIENTED_EDGE('',*,*,#851,.T.);
#625=ORIENTED_EDGE('',*,*,#972,.F.);
#626=ORIENTED_EDGE('',*,*,#897,.T.);
#627=ORIENTED_EDGE('',*,*,#771,.F.);
#628=ORIENTED_EDGE('',*,*,#797,.T.);
#629=ORIENTED_EDGE('',*,*,#973,.F.);
#630=ORIENTED_EDGE('',*,*,#942,.F.);
#631=ORIENTED_EDGE('',*,*,#974,.F.);
#632=ORIENTED_EDGE('',*,*,#847,.T.);
#633=ORIENTED_EDGE('',*,*,#971,.T.);
#634=ORIENTED_EDGE('',*,*,#893,.T.);
#635=ORIENTED_EDGE('',*,*,#798,.T.);
#636=ORIENTED_EDGE('',*,*,#974,.T.);
#637=ORIENTED_EDGE('',*,*,#941,.T.);
#638=ORIENTED_EDGE('',*,*,#855,.T.);
#639=ORIENTED_EDGE('',*,*,#943,.T.);
#640=ORIENTED_EDGE('',*,*,#973,.T.);
#641=ORIENTED_EDGE('',*,*,#796,.T.);
#642=ORIENTED_EDGE('',*,*,#898,.T.);
#643=ORIENTED_EDGE('',*,*,#972,.T.);
#644=ORIENTED_EDGE('',*,*,#765,.T.);
#645=ORIENTED_EDGE('',*,*,#892,.F.);
#646=ORIENTED_EDGE('',*,*,#975,.F.);
#647=ORIENTED_EDGE('',*,*,#842,.F.);
#648=ORIENTED_EDGE('',*,*,#866,.T.);
#649=ORIENTED_EDGE('',*,*,#976,.F.);
#650=ORIENTED_EDGE('',*,*,#909,.T.);
#651=ORIENTED_EDGE('',*,*,#783,.F.);
#652=ORIENTED_EDGE('',*,*,#817,.T.);
#653=ORIENTED_EDGE('',*,*,#977,.F.);
#654=ORIENTED_EDGE('',*,*,#927,.F.);
#655=ORIENTED_EDGE('',*,*,#978,.F.);
#656=ORIENTED_EDGE('',*,*,#843,.T.);
#657=ORIENTED_EDGE('',*,*,#975,.T.);
#658=ORIENTED_EDGE('',*,*,#891,.T.);
#659=ORIENTED_EDGE('',*,*,#818,.T.);
#660=ORIENTED_EDGE('',*,*,#978,.T.);
#661=ORIENTED_EDGE('',*,*,#926,.T.);
#662=ORIENTED_EDGE('',*,*,#870,.T.);
#663=ORIENTED_EDGE('',*,*,#928,.T.);
#664=ORIENTED_EDGE('',*,*,#977,.T.);
#665=ORIENTED_EDGE('',*,*,#816,.T.);
#666=ORIENTED_EDGE('',*,*,#910,.T.);
#667=ORIENTED_EDGE('',*,*,#976,.T.);
#668=ORIENTED_EDGE('',*,*,#761,.T.);
#669=ORIENTED_EDGE('',*,*,#888,.F.);
#670=ORIENTED_EDGE('',*,*,#979,.F.);
#671=ORIENTED_EDGE('',*,*,#837,.F.);
#672=ORIENTED_EDGE('',*,*,#841,.T.);
#673=ORIENTED_EDGE('',*,*,#980,.F.);
#674=ORIENTED_EDGE('',*,*,#889,.T.);
#675=ORIENTED_EDGE('',*,*,#763,.F.);
#676=ORIENTED_EDGE('',*,*,#821,.T.);
#677=ORIENTED_EDGE('',*,*,#981,.F.);
#678=ORIENTED_EDGE('',*,*,#924,.F.);
#679=ORIENTED_EDGE('',*,*,#982,.F.);
#680=ORIENTED_EDGE('',*,*,#838,.T.);
#681=ORIENTED_EDGE('',*,*,#979,.T.);
#682=ORIENTED_EDGE('',*,*,#887,.T.);
#683=ORIENTED_EDGE('',*,*,#822,.T.);
#684=ORIENTED_EDGE('',*,*,#982,.T.);
#685=ORIENTED_EDGE('',*,*,#923,.T.);
#686=ORIENTED_EDGE('',*,*,#845,.T.);
#687=ORIENTED_EDGE('',*,*,#925,.T.);
#688=ORIENTED_EDGE('',*,*,#981,.T.);
#689=ORIENTED_EDGE('',*,*,#820,.T.);
#690=ORIENTED_EDGE('',*,*,#890,.T.);
#691=ORIENTED_EDGE('',*,*,#980,.T.);
#692=ORIENTED_EDGE('',*,*,#754,.T.);
#693=ORIENTED_EDGE('',*,*,#882,.F.);
#694=ORIENTED_EDGE('',*,*,#983,.F.);
#695=ORIENTED_EDGE('',*,*,#831,.F.);
#696=ORIENTED_EDGE('',*,*,#830,.T.);
#697=ORIENTED_EDGE('',*,*,#984,.F.);
#698=ORIENTED_EDGE('',*,*,#879,.T.);
#699=ORIENTED_EDGE('',*,*,#752,.F.);
#700=ORIENTED_EDGE('',*,*,#789,.T.);
#701=ORIENTED_EDGE('',*,*,#985,.F.);
#702=ORIENTED_EDGE('',*,*,#948,.F.);
#703=ORIENTED_EDGE('',*,*,#986,.F.);
#704=ORIENTED_EDGE('',*,*,#832,.T.);
#705=ORIENTED_EDGE('',*,*,#983,.T.);
#706=ORIENTED_EDGE('',*,*,#881,.T.);
#707=ORIENTED_EDGE('',*,*,#790,.T.);
#708=ORIENTED_EDGE('',*,*,#986,.T.);
#709=ORIENTED_EDGE('',*,*,#947,.T.);
#710=ORIENTED_EDGE('',*,*,#829,.T.);
#711=ORIENTED_EDGE('',*,*,#949,.T.);
#712=ORIENTED_EDGE('',*,*,#985,.T.);
#713=ORIENTED_EDGE('',*,*,#788,.T.);
#714=ORIENTED_EDGE('',*,*,#880,.T.);
#715=ORIENTED_EDGE('',*,*,#984,.T.);
#716=ORIENTED_EDGE('',*,*,#750,.T.);
#717=ORIENTED_EDGE('',*,*,#878,.F.);
#718=ORIENTED_EDGE('',*,*,#987,.F.);
#719=ORIENTED_EDGE('',*,*,#826,.F.);
#720=ORIENTED_EDGE('',*,*,#836,.T.);
#721=ORIENTED_EDGE('',*,*,#988,.F.);
#722=ORIENTED_EDGE('',*,*,#885,.T.);
#723=ORIENTED_EDGE('',*,*,#759,.F.);
#724=ORIENTED_EDGE('',*,*,#825,.T.);
#725=ORIENTED_EDGE('',*,*,#989,.F.);
#726=ORIENTED_EDGE('',*,*,#921,.F.);
#727=ORIENTED_EDGE('',*,*,#990,.F.);
#728=ORIENTED_EDGE('',*,*,#827,.T.);
#729=ORIENTED_EDGE('',*,*,#987,.T.);
#730=ORIENTED_EDGE('',*,*,#877,.T.);
#731=ORIENTED_EDGE('',*,*,#786,.T.);
#732=ORIENTED_EDGE('',*,*,#990,.T.);
#733=ORIENTED_EDGE('',*,*,#920,.T.);
#734=ORIENTED_EDGE('',*,*,#840,.T.);
#735=ORIENTED_EDGE('',*,*,#922,.T.);
#736=ORIENTED_EDGE('',*,*,#989,.T.);
#737=ORIENTED_EDGE('',*,*,#824,.T.);
#738=ORIENTED_EDGE('',*,*,#886,.T.);
#739=ORIENTED_EDGE('',*,*,#988,.T.);
#740=ORIENTED_EDGE('',*,*,#991,.T.);
#741=ORIENTED_EDGE('',*,*,#992,.F.);
#742=ORIENTED_EDGE('',*,*,#993,.F.);
#743=ORIENTED_EDGE('',*,*,#991,.F.);
#744=ORIENTED_EDGE('',*,*,#992,.T.);
#745=ORIENTED_EDGE('',*,*,#749,.F.);
#746=ORIENTED_EDGE('',*,*,#993,.T.);
#747=ORIENTED_EDGE('',*,*,#950,.T.);
#748=EDGE_CURVE('',#994,#994,#1160,.T.);
#749=EDGE_CURVE('',#995,#995,#1161,.T.);
#750=EDGE_CURVE('',#996,#997,#136,.T.);
#751=EDGE_CURVE('',#996,#998,#1162,.F.);
#752=EDGE_CURVE('',#998,#999,#137,.T.);
#753=EDGE_CURVE('',#999,#997,#1163,.T.);
#754=EDGE_CURVE('',#1000,#1001,#138,.T.);
#755=EDGE_CURVE('',#1000,#1002,#1164,.F.);
#756=EDGE_CURVE('',#1002,#1003,#139,.T.);
#757=EDGE_CURVE('',#1003,#1001,#1165,.T.);
#758=EDGE_CURVE('',#1004,#1005,#1166,.F.);
#759=EDGE_CURVE('',#1005,#1006,#140,.T.);
#760=EDGE_CURVE('',#1006,#1007,#1167,.T.);
#761=EDGE_CURVE('',#1004,#1007,#141,.T.);
#762=EDGE_CURVE('',#1008,#1009,#1168,.F.);
#763=EDGE_CURVE('',#1009,#1010,#142,.T.);
#764=EDGE_CURVE('',#1010,#1011,#1169,.T.);
#765=EDGE_CURVE('',#1008,#1011,#143,.T.);
#766=EDGE_CURVE('',#1012,#1013,#144,.T.);
#767=EDGE_CURVE('',#1012,#1014,#1170,.F.);
#768=EDGE_CURVE('',#1014,#1015,#145,.T.);
#769=EDGE_CURVE('',#1015,#1013,#1171,.T.);
#770=EDGE_CURVE('',#1016,#1017,#1172,.F.);
#771=EDGE_CURVE('',#1017,#1018,#146,.T.);
#772=EDGE_CURVE('',#1018,#1019,#1173,.T.);
#773=EDGE_CURVE('',#1016,#1019,#147,.T.);
#774=EDGE_CURVE('',#1020,#1021,#148,.T.);
#775=EDGE_CURVE('',#1020,#1022,#1174,.F.);
#776=EDGE_CURVE('',#1022,#1023,#149,.T.);
#777=EDGE_CURVE('',#1023,#1021,#1175,.T.);
#778=EDGE_CURVE('',#1024,#1025,#1176,.F.);
#779=EDGE_CURVE('',#1025,#1026,#150,.T.);
#780=EDGE_CURVE('',#1026,#1027,#1177,.T.);
#781=EDGE_CURVE('',#1024,#1027,#151,.T.);
#782=EDGE_CURVE('',#1028,#1029,#1178,.F.);
#783=EDGE_CURVE('',#1029,#1030,#152,.T.);
#784=EDGE_CURVE('',#1030,#1031,#1179,.T.);
#785=EDGE_CURVE('',#1028,#1031,#153,.T.);
#786=EDGE_CURVE('',#1032,#1033,#1180,.F.);
#787=EDGE_CURVE('',#1032,#1034,#1181,.F.);
#788=EDGE_CURVE('',#1035,#1034,#1182,.F.);
#789=EDGE_CURVE('',#1036,#1035,#1183,.T.);
#790=EDGE_CURVE('',#1037,#1036,#1184,.F.);
#791=EDGE_CURVE('',#1037,#1038,#1185,.F.);
#792=EDGE_CURVE('',#1039,#1038,#1186,.F.);
#793=EDGE_CURVE('',#1040,#1039,#1187,.T.);
#794=EDGE_CURVE('',#1041,#1040,#1188,.F.);
#795=EDGE_CURVE('',#1041,#1042,#1189,.F.);
#796=EDGE_CURVE('',#1043,#1042,#1190,.F.);
#797=EDGE_CURVE('',#1044,#1043,#1191,.T.);
#798=EDGE_CURVE('',#1045,#1044,#1192,.F.);
#799=EDGE_CURVE('',#1045,#1046,#1193,.F.);
#800=EDGE_CURVE('',#1047,#1046,#1194,.F.);
#801=EDGE_CURVE('',#1048,#1047,#1195,.T.);
#802=EDGE_CURVE('',#1049,#1048,#1196,.F.);
#803=EDGE_CURVE('',#1049,#1050,#1197,.F.);
#804=EDGE_CURVE('',#1051,#1050,#1198,.F.);
#805=EDGE_CURVE('',#1052,#1051,#1199,.T.);
#806=EDGE_CURVE('',#1053,#1052,#1200,.F.);
#807=EDGE_CURVE('',#1053,#1054,#1201,.F.);
#808=EDGE_CURVE('',#1055,#1054,#1202,.F.);
#809=EDGE_CURVE('',#1056,#1055,#1203,.T.);
#810=EDGE_CURVE('',#1057,#1056,#1204,.F.);
#811=EDGE_CURVE('',#1057,#1058,#1205,.F.);
#812=EDGE_CURVE('',#1059,#1058,#1206,.F.);
#813=EDGE_CURVE('',#1060,#1059,#1207,.T.);
#814=EDGE_CURVE('',#1061,#1060,#1208,.F.);
#815=EDGE_CURVE('',#1061,#1062,#1209,.F.);
#816=EDGE_CURVE('',#1063,#1062,#1210,.F.);
#817=EDGE_CURVE('',#1064,#1063,#1211,.T.);
#818=EDGE_CURVE('',#1065,#1064,#1212,.F.);
#819=EDGE_CURVE('',#1065,#1066,#1213,.F.);
#820=EDGE_CURVE('',#1067,#1066,#1214,.F.);
#821=EDGE_CURVE('',#1068,#1067,#1215,.T.);
#822=EDGE_CURVE('',#1069,#1068,#1216,.F.);
#823=EDGE_CURVE('',#1069,#1070,#1217,.F.);
#824=EDGE_CURVE('',#1071,#1070,#1218,.F.);
#825=EDGE_CURVE('',#1033,#1071,#1219,.T.);
#826=EDGE_CURVE('',#996,#1072,#32,.T.);
#827=EDGE_CURVE('',#1073,#1072,#33,.T.);
#828=EDGE_CURVE('',#1074,#1073,#1220,.T.);
#829=EDGE_CURVE('',#1075,#1074,#34,.T.);
#830=EDGE_CURVE('',#998,#1075,#35,.T.);
#831=EDGE_CURVE('',#1000,#1076,#36,.T.);
#832=EDGE_CURVE('',#1077,#1076,#37,.T.);
#833=EDGE_CURVE('',#1078,#1077,#1221,.T.);
#834=EDGE_CURVE('',#1079,#1078,#38,.T.);
#835=EDGE_CURVE('',#1002,#1079,#39,.T.);
#836=EDGE_CURVE('',#1005,#1080,#40,.T.);
#837=EDGE_CURVE('',#1004,#1081,#41,.T.);
#838=EDGE_CURVE('',#1082,#1081,#42,.F.);
#839=EDGE_CURVE('',#1083,#1082,#1222,.T.);
#840=EDGE_CURVE('',#1080,#1083,#43,.T.);
#841=EDGE_CURVE('',#1009,#1084,#44,.T.);
#842=EDGE_CURVE('',#1008,#1085,#45,.T.);
#843=EDGE_CURVE('',#1086,#1085,#46,.T.);
#844=EDGE_CURVE('',#1087,#1086,#1223,.T.);
#845=EDGE_CURVE('',#1084,#1087,#47,.T.);
#846=EDGE_CURVE('',#1012,#1088,#48,.T.);
#847=EDGE_CURVE('',#1089,#1088,#49,.T.);
#848=EDGE_CURVE('',#1090,#1089,#1224,.T.);
#849=EDGE_CURVE('',#1091,#1090,#50,.T.);
#850=EDGE_CURVE('',#1014,#1091,#51,.T.);
#851=EDGE_CURVE('',#1017,#1092,#52,.T.);
#852=EDGE_CURVE('',#1016,#1093,#53,.T.);
#853=EDGE_CURVE('',#1094,#1093,#54,.T.);
#854=EDGE_CURVE('',#1095,#1094,#1225,.T.);
#855=EDGE_CURVE('',#1092,#1095,#55,.T.);
#856=EDGE_CURVE('',#1020,#1096,#56,.T.);
#857=EDGE_CURVE('',#1097,#1096,#57,.T.);
#858=EDGE_CURVE('',#1098,#1097,#1226,.T.);
#859=EDGE_CURVE('',#1099,#1098,#58,.T.);
#860=EDGE_CURVE('',#1022,#1099,#59,.T.);
#861=EDGE_CURVE('',#1025,#1100,#60,.T.);
#862=EDGE_CURVE('',#1024,#1101,#61,.T.);
#863=EDGE_CURVE('',#1102,#1101,#62,.T.);
#864=EDGE_CURVE('',#1103,#1102,#1227,.T.);
#865=EDGE_CURVE('',#1100,#1103,#63,.T.);
#866=EDGE_CURVE('',#1029,#1104,#64,.T.);
#867=EDGE_CURVE('',#1028,#1105,#65,.T.);
#868=EDGE_CURVE('',#1106,#1105,#66,.T.);
#869=EDGE_CURVE('',#1107,#1106,#1228,.T.);
#870=EDGE_CURVE('',#1104,#1107,#67,.T.);
#871=EDGE_CURVE('',#1108,#1109,#68,.T.);
#872=EDGE_CURVE('',#1110,#1108,#1229,.F.);
#873=EDGE_CURVE('',#1110,#1111,#69,.T.);
#874=EDGE_CURVE('',#1112,#1111,#70,.T.);
#875=EDGE_CURVE('',#1113,#1112,#1230,.T.);
#876=EDGE_CURVE('',#1109,#1113,#71,.T.);
#877=EDGE_CURVE('',#1114,#1032,#72,.T.);
#878=EDGE_CURVE('',#1114,#997,#73,.T.);
#879=EDGE_CURVE('',#1115,#999,#74,.T.);
#880=EDGE_CURVE('',#1034,#1115,#75,.T.);
#881=EDGE_CURVE('',#1116,#1037,#76,.T.);
#882=EDGE_CURVE('',#1116,#1001,#77,.T.);
#883=EDGE_CURVE('',#1117,#1003,#78,.T.);
#884=EDGE_CURVE('',#1038,#1117,#79,.T.);
#885=EDGE_CURVE('',#1118,#1006,#80,.T.);
#886=EDGE_CURVE('',#1070,#1118,#81,.T.);
#887=EDGE_CURVE('',#1119,#1069,#82,.T.);
#888=EDGE_CURVE('',#1119,#1007,#83,.T.);
#889=EDGE_CURVE('',#1120,#1010,#84,.T.);
#890=EDGE_CURVE('',#1066,#1120,#85,.T.);
#891=EDGE_CURVE('',#1121,#1065,#86,.T.);
#892=EDGE_CURVE('',#1121,#1011,#87,.T.);
#893=EDGE_CURVE('',#1122,#1045,#88,.T.);
#894=EDGE_CURVE('',#1122,#1013,#89,.T.);
#895=EDGE_CURVE('',#1123,#1015,#90,.T.);
#896=EDGE_CURVE('',#1046,#1123,#91,.T.);
#897=EDGE_CURVE('',#1124,#1018,#92,.T.);
#898=EDGE_CURVE('',#1042,#1124,#93,.F.);
#899=EDGE_CURVE('',#1125,#1041,#94,.T.);
#900=EDGE_CURVE('',#1125,#1019,#95,.T.);
#901=EDGE_CURVE('',#1126,#1053,#96,.T.);
#902=EDGE_CURVE('',#1126,#1021,#97,.T.);
#903=EDGE_CURVE('',#1127,#1023,#98,.T.);
#904=EDGE_CURVE('',#1054,#1127,#99,.T.);
#905=EDGE_CURVE('',#1128,#1026,#100,.T.);
#906=EDGE_CURVE('',#1050,#1128,#101,.T.);
#907=EDGE_CURVE('',#1129,#1049,#102,.T.);
#908=EDGE_CURVE('',#1129,#1027,#103,.T.);
#909=EDGE_CURVE('',#1130,#1030,#104,.T.);
#910=EDGE_CURVE('',#1062,#1130,#105,.T.);
#911=EDGE_CURVE('',#1131,#1061,#106,.T.);
#912=EDGE_CURVE('',#1131,#1031,#107,.T.);
#913=EDGE_CURVE('',#1132,#1133,#108,.T.);
#914=EDGE_CURVE('',#1058,#1132,#109,.T.);
#915=EDGE_CURVE('',#1134,#1057,#110,.T.);
#916=EDGE_CURVE('',#1134,#1135,#111,.T.);
#917=EDGE_CURVE('',#1133,#1135,#1231,.T.);
#918=EDGE_CURVE('',#1108,#1133,#154,.T.);
#919=EDGE_CURVE('',#1110,#1135,#155,.T.);
#920=EDGE_CURVE('',#1136,#1073,#1232,.T.);
#921=EDGE_CURVE('',#1136,#1137,#1233,.T.);
#922=EDGE_CURVE('',#1083,#1137,#1234,.T.);
#923=EDGE_CURVE('',#1138,#1082,#1235,.T.);
#924=EDGE_CURVE('',#1138,#1139,#1236,.T.);
#925=EDGE_CURVE('',#1087,#1139,#1237,.T.);
#926=EDGE_CURVE('',#1140,#1086,#1238,.T.);
#927=EDGE_CURVE('',#1140,#1141,#1239,.T.);
#928=EDGE_CURVE('',#1107,#1141,#1240,.T.);
#929=EDGE_CURVE('',#1142,#1106,#1241,.T.);
#930=EDGE_CURVE('',#1142,#1143,#1242,.T.);
#931=EDGE_CURVE('',#1113,#1143,#1243,.T.);
#932=EDGE_CURVE('',#1144,#1112,#1244,.T.);
#933=EDGE_CURVE('',#1144,#1145,#1245,.T.);
#934=EDGE_CURVE('',#1098,#1145,#1246,.T.);
#935=EDGE_CURVE('',#1146,#1097,#1247,.T.);
#936=EDGE_CURVE('',#1146,#1147,#1248,.T.);
#937=EDGE_CURVE('',#1103,#1147,#1249,.T.);
#938=EDGE_CURVE('',#1148,#1102,#1250,.T.);
#939=EDGE_CURVE('',#1148,#1149,#1251,.T.);
#940=EDGE_CURVE('',#1090,#1149,#1252,.T.);
#941=EDGE_CURVE('',#1150,#1089,#1253,.T.);
#942=EDGE_CURVE('',#1150,#1151,#1254,.T.);
#943=EDGE_CURVE('',#1095,#1151,#1255,.T.);
#944=EDGE_CURVE('',#1152,#1094,#1256,.T.);
#945=EDGE_CURVE('',#1152,#1153,#1257,.T.);
#946=EDGE_CURVE('',#1078,#1153,#1258,.T.);
#947=EDGE_CURVE('',#1154,#1077,#1259,.T.);
#948=EDGE_CURVE('',#1154,#1155,#1260,.T.);
#949=EDGE_CURVE('',#1074,#1155,#1261,.T.);
#950=EDGE_CURVE('',#1156,#1156,#1262,.T.);
#951=EDGE_CURVE('',#1111,#1134,#156,.T.);
#952=EDGE_CURVE('',#1127,#1099,#157,.F.);
#953=EDGE_CURVE('',#1145,#1055,#158,.T.);
#954=EDGE_CURVE('',#1056,#1144,#159,.F.);
#955=EDGE_CURVE('',#1105,#1131,#160,.T.);
#956=EDGE_CURVE('',#1132,#1109,#161,.F.);
#957=EDGE_CURVE('',#1143,#1059,#162,.T.);
#958=EDGE_CURVE('',#1060,#1142,#163,.F.);
#959=EDGE_CURVE('',#1101,#1129,#164,.T.);
#960=EDGE_CURVE('',#1123,#1091,#165,.F.);
#961=EDGE_CURVE('',#1149,#1047,#166,.T.);
#962=EDGE_CURVE('',#1048,#1148,#167,.F.);
#963=EDGE_CURVE('',#1096,#1126,#168,.T.);
#964=EDGE_CURVE('',#1128,#1100,#169,.F.);
#965=EDGE_CURVE('',#1147,#1051,#170,.T.);
#966=EDGE_CURVE('',#1052,#1146,#171,.F.);
#967=EDGE_CURVE('',#1093,#1125,#172,.T.);
#968=EDGE_CURVE('',#1117,#1079,#173,.F.);
#969=EDGE_CURVE('',#1153,#1039,#174,.T.);
#970=EDGE_CURVE('',#1040,#1152,#175,.F.);
#971=EDGE_CURVE('',#1088,#1122,#176,.T.);
#972=EDGE_CURVE('',#1124,#1092,#177,.F.);
#973=EDGE_CURVE('',#1151,#1043,#178,.T.);
#974=EDGE_CURVE('',#1044,#1150,#179,.F.);
#975=EDGE_CURVE('',#1085,#1121,#180,.T.);
#976=EDGE_CURVE('',#1130,#1104,#181,.F.);
#977=EDGE_CURVE('',#1141,#1063,#182,.T.);
#978=EDGE_CURVE('',#1064,#1140,#183,.F.);
#979=EDGE_CURVE('',#1081,#1119,#184,.T.);
#980=EDGE_CURVE('',#1120,#1084,#185,.F.);
#981=EDGE_CURVE('',#1139,#1067,#186,.T.);
#982=EDGE_CURVE('',#1068,#1138,#187,.F.);
#983=EDGE_CURVE('',#1076,#1116,#188,.T.);
#984=EDGE_CURVE('',#1115,#1075,#189,.F.);
#985=EDGE_CURVE('',#1155,#1035,#190,.T.);
#986=EDGE_CURVE('',#1036,#1154,#191,.F.);
#987=EDGE_CURVE('',#1072,#1114,#192,.T.);
#988=EDGE_CURVE('',#1118,#1080,#193,.F.);
#989=EDGE_CURVE('',#1137,#1071,#194,.T.);
#990=EDGE_CURVE('',#1033,#1136,#195,.F.);
#991=EDGE_CURVE('',#1157,#1157,#1263,.T.);
#992=EDGE_CURVE('',#1158,#1158,#1264,.T.);
#993=EDGE_CURVE('',#1159,#1159,#1265,.F.);
#994=VERTEX_POINT('',#2181);
#995=VERTEX_POINT('',#2183);
#996=VERTEX_POINT('',#2186);
#997=VERTEX_POINT('',#2187);
#998=VERTEX_POINT('',#2189);
#999=VERTEX_POINT('',#2191);
#1000=VERTEX_POINT('',#2195);
#1001=VERTEX_POINT('',#2196);
#1002=VERTEX_POINT('',#2198);
#1003=VERTEX_POINT('',#2200);
#1004=VERTEX_POINT('',#2204);
#1005=VERTEX_POINT('',#2205);
#1006=VERTEX_POINT('',#2207);
#1007=VERTEX_POINT('',#2209);
#1008=VERTEX_POINT('',#2213);
#1009=VERTEX_POINT('',#2214);
#1010=VERTEX_POINT('',#2216);
#1011=VERTEX_POINT('',#2218);
#1012=VERTEX_POINT('',#2222);
#1013=VERTEX_POINT('',#2223);
#1014=VERTEX_POINT('',#2225);
#1015=VERTEX_POINT('',#2227);
#1016=VERTEX_POINT('',#2231);
#1017=VERTEX_POINT('',#2232);
#1018=VERTEX_POINT('',#2234);
#1019=VERTEX_POINT('',#2236);
#1020=VERTEX_POINT('',#2240);
#1021=VERTEX_POINT('',#2241);
#1022=VERTEX_POINT('',#2243);
#1023=VERTEX_POINT('',#2245);
#1024=VERTEX_POINT('',#2249);
#1025=VERTEX_POINT('',#2250);
#1026=VERTEX_POINT('',#2252);
#1027=VERTEX_POINT('',#2254);
#1028=VERTEX_POINT('',#2258);
#1029=VERTEX_POINT('',#2259);
#1030=VERTEX_POINT('',#2261);
#1031=VERTEX_POINT('',#2263);
#1032=VERTEX_POINT('',#2267);
#1033=VERTEX_POINT('',#2268);
#1034=VERTEX_POINT('',#2270);
#1035=VERTEX_POINT('',#2272);
#1036=VERTEX_POINT('',#2274);
#1037=VERTEX_POINT('',#2276);
#1038=VERTEX_POINT('',#2278);
#1039=VERTEX_POINT('',#2280);
#1040=VERTEX_POINT('',#2282);
#1041=VERTEX_POINT('',#2284);
#1042=VERTEX_POINT('',#2286);
#1043=VERTEX_POINT('',#2288);
#1044=VERTEX_POINT('',#2290);
#1045=VERTEX_POINT('',#2292);
#1046=VERTEX_POINT('',#2294);
#1047=VERTEX_POINT('',#2296);
#1048=VERTEX_POINT('',#2298);
#1049=VERTEX_POINT('',#2300);
#1050=VERTEX_POINT('',#2302);
#1051=VERTEX_POINT('',#2304);
#1052=VERTEX_POINT('',#2306);
#1053=VERTEX_POINT('',#2308);
#1054=VERTEX_POINT('',#2310);
#1055=VERTEX_POINT('',#2312);
#1056=VERTEX_POINT('',#2314);
#1057=VERTEX_POINT('',#2316);
#1058=VERTEX_POINT('',#2318);
#1059=VERTEX_POINT('',#2320);
#1060=VERTEX_POINT('',#2322);
#1061=VERTEX_POINT('',#2324);
#1062=VERTEX_POINT('',#2326);
#1063=VERTEX_POINT('',#2328);
#1064=VERTEX_POINT('',#2330);
#1065=VERTEX_POINT('',#2332);
#1066=VERTEX_POINT('',#2334);
#1067=VERTEX_POINT('',#2336);
#1068=VERTEX_POINT('',#2338);
#1069=VERTEX_POINT('',#2340);
#1070=VERTEX_POINT('',#2342);
#1071=VERTEX_POINT('',#2344);
#1072=VERTEX_POINT('',#2354);
#1073=VERTEX_POINT('',#2359);
#1074=VERTEX_POINT('',#2361);
#1075=VERTEX_POINT('',#2366);
#1076=VERTEX_POINT('',#2382);
#1077=VERTEX_POINT('',#2387);
#1078=VERTEX_POINT('',#2389);
#1079=VERTEX_POINT('',#2394);
#1080=VERTEX_POINT('',#2410);
#1081=VERTEX_POINT('',#2418);
#1082=VERTEX_POINT('',#2423);
#1083=VERTEX_POINT('',#2425);
#1084=VERTEX_POINT('',#2438);
#1085=VERTEX_POINT('',#2446);
#1086=VERTEX_POINT('',#2451);
#1087=VERTEX_POINT('',#2453);
#1088=VERTEX_POINT('',#2466);
#1089=VERTEX_POINT('',#2471);
#1090=VERTEX_POINT('',#2473);
#1091=VERTEX_POINT('',#2478);
#1092=VERTEX_POINT('',#2494);
#1093=VERTEX_POINT('',#2502);
#1094=VERTEX_POINT('',#2507);
#1095=VERTEX_POINT('',#2509);
#1096=VERTEX_POINT('',#2522);
#1097=VERTEX_POINT('',#2527);
#1098=VERTEX_POINT('',#2529);
#1099=VERTEX_POINT('',#2534);
#1100=VERTEX_POINT('',#2550);
#1101=VERTEX_POINT('',#2558);
#1102=VERTEX_POINT('',#2563);
#1103=VERTEX_POINT('',#2565);
#1104=VERTEX_POINT('',#2578);
#1105=VERTEX_POINT('',#2586);
#1106=VERTEX_POINT('',#2591);
#1107=VERTEX_POINT('',#2593);
#1108=VERTEX_POINT('',#2606);
#1109=VERTEX_POINT('',#2607);
#1110=VERTEX_POINT('',#2609);
#1111=VERTEX_POINT('',#2617);
#1112=VERTEX_POINT('',#2622);
#1113=VERTEX_POINT('',#2624);
#1114=VERTEX_POINT('',#2634);
#1115=VERTEX_POINT('',#2649);
#1116=VERTEX_POINT('',#2659);
#1117=VERTEX_POINT('',#2674);
#1118=VERTEX_POINT('',#2687);
#1119=VERTEX_POINT('',#2696);
#1120=VERTEX_POINT('',#2712);
#1121=VERTEX_POINT('',#2721);
#1122=VERTEX_POINT('',#2734);
#1123=VERTEX_POINT('',#2749);
#1124=VERTEX_POINT('',#2762);
#1125=VERTEX_POINT('',#2771);
#1126=VERTEX_POINT('',#2784);
#1127=VERTEX_POINT('',#2799);
#1128=VERTEX_POINT('',#2812);
#1129=VERTEX_POINT('',#2821);
#1130=VERTEX_POINT('',#2837);
#1131=VERTEX_POINT('',#2846);
#1132=VERTEX_POINT('',#2862);
#1133=VERTEX_POINT('',#2863);
#1134=VERTEX_POINT('',#2872);
#1135=VERTEX_POINT('',#2880);
#1136=VERTEX_POINT('',#2887);
#1137=VERTEX_POINT('',#2889);
#1138=VERTEX_POINT('',#2892);
#1139=VERTEX_POINT('',#2894);
#1140=VERTEX_POINT('',#2897);
#1141=VERTEX_POINT('',#2899);
#1142=VERTEX_POINT('',#2902);
#1143=VERTEX_POINT('',#2904);
#1144=VERTEX_POINT('',#2907);
#1145=VERTEX_POINT('',#2909);
#1146=VERTEX_POINT('',#2912);
#1147=VERTEX_POINT('',#2914);
#1148=VERTEX_POINT('',#2917);
#1149=VERTEX_POINT('',#2919);
#1150=VERTEX_POINT('',#2922);
#1151=VERTEX_POINT('',#2924);
#1152=VERTEX_POINT('',#2927);
#1153=VERTEX_POINT('',#2929);
#1154=VERTEX_POINT('',#2932);
#1155=VERTEX_POINT('',#2934);
#1156=VERTEX_POINT('',#2937);
#1157=VERTEX_POINT('',#3490);
#1158=VERTEX_POINT('',#3492);
#1159=VERTEX_POINT('',#3495);
#1160=CIRCLE('',#1598,0.002375);
#1161=CIRCLE('',#1599,0.002375);
#1162=CIRCLE('',#1601,0.006);
#1163=CIRCLE('',#1602,0.006);
#1164=CIRCLE('',#1604,0.006);
#1165=CIRCLE('',#1605,0.006);
#1166=CIRCLE('',#1607,0.006);
#1167=CIRCLE('',#1608,0.006);
#1168=CIRCLE('',#1610,0.006);
#1169=CIRCLE('',#1611,0.006);
#1170=CIRCLE('',#1613,0.006);
#1171=CIRCLE('',#1614,0.006);
#1172=CIRCLE('',#1616,0.006);
#1173=CIRCLE('',#1617,0.006);
#1174=CIRCLE('',#1619,0.006);
#1175=CIRCLE('',#1620,0.006);
#1176=CIRCLE('',#1622,0.006);
#1177=CIRCLE('',#1623,0.006);
#1178=CIRCLE('',#1625,0.006);
#1179=CIRCLE('',#1626,0.006);
#1180=CIRCLE('',#1628,0.000412558901203525);
#1181=CIRCLE('',#1629,0.00385484353333043);
#1182=CIRCLE('',#1630,0.000412558901203525);
#1183=CIRCLE('',#1631,0.00375);
#1184=CIRCLE('',#1632,0.000412558901203525);
#1185=CIRCLE('',#1633,0.00385484353333043);
#1186=CIRCLE('',#1634,0.000412558901203525);
#1187=CIRCLE('',#1635,0.00375);
#1188=CIRCLE('',#1636,0.000412558901203525);
#1189=CIRCLE('',#1637,0.00385484353333043);
#1190=CIRCLE('',#1638,0.000412558901203525);
#1191=CIRCLE('',#1639,0.00375);
#1192=CIRCLE('',#1640,0.000412558901203525);
#1193=CIRCLE('',#1641,0.00385484353333043);
#1194=CIRCLE('',#1642,0.000412558901203525);
#1195=CIRCLE('',#1643,0.00375);
#1196=CIRCLE('',#1644,0.000412558901203525);
#1197=CIRCLE('',#1645,0.00385484353333043);
#1198=CIRCLE('',#1646,0.000412558901203525);
#1199=CIRCLE('',#1647,0.00375);
#1200=CIRCLE('',#1648,0.000412558901203525);
#1201=CIRCLE('',#1649,0.00385484353333043);
#1202=CIRCLE('',#1650,0.000412558901203525);
#1203=CIRCLE('',#1651,0.00375);
#1204=CIRCLE('',#1652,0.000412558901203525);
#1205=CIRCLE('',#1653,0.00385484353333043);
#1206=CIRCLE('',#1654,0.000412558901203525);
#1207=CIRCLE('',#1655,0.00375);
#1208=CIRCLE('',#1656,0.000412558901203525);
#1209=CIRCLE('',#1657,0.00385484353333043);
#1210=CIRCLE('',#1658,0.000412558901203525);
#1211=CIRCLE('',#1659,0.00375);
#1212=CIRCLE('',#1660,0.000412558901203525);
#1213=CIRCLE('',#1661,0.00385484353333043);
#1214=CIRCLE('',#1662,0.000412558901203525);
#1215=CIRCLE('',#1663,0.00375);
#1216=CIRCLE('',#1664,0.000412558901203525);
#1217=CIRCLE('',#1665,0.00385484353333043);
#1218=CIRCLE('',#1666,0.000412558901203525);
#1219=CIRCLE('',#1667,0.00375);
#1220=CIRCLE('',#1669,0.00385484353333043);
#1221=CIRCLE('',#1671,0.00385484353333043);
#1222=CIRCLE('',#1673,0.00385484353333043);
#1223=CIRCLE('',#1675,0.00385484353333043);
#1224=CIRCLE('',#1677,0.00385484353333043);
#1225=CIRCLE('',#1679,0.00385484353333043);
#1226=CIRCLE('',#1681,0.00385484353333043);
#1227=CIRCLE('',#1683,0.00385484353333043);
#1228=CIRCLE('',#1685,0.00385484353333043);
#1229=CIRCLE('',#1687,0.006);
#1230=CIRCLE('',#1688,0.00385484353333043);
#1231=CIRCLE('',#1699,0.006);
#1232=CIRCLE('',#1702,0.000412558901203525);
#1233=CIRCLE('',#1703,0.00375);
#1234=CIRCLE('',#1704,0.000412558901203525);
#1235=CIRCLE('',#1705,0.000412558901203525);
#1236=CIRCLE('',#1706,0.00375);
#1237=CIRCLE('',#1707,0.000412558901203525);
#1238=CIRCLE('',#1708,0.000412558901203525);
#1239=CIRCLE('',#1709,0.00375);
#1240=CIRCLE('',#1710,0.000412558901203525);
#1241=CIRCLE('',#1711,0.000412558901203525);
#1242=CIRCLE('',#1712,0.00375);
#1243=CIRCLE('',#1713,0.000412558901203525);
#1244=CIRCLE('',#1714,0.000412558901203525);
#1245=CIRCLE('',#1715,0.00375);
#1246=CIRCLE('',#1716,0.000412558901203525);
#1247=CIRCLE('',#1717,0.000412558901203525);
#1248=CIRCLE('',#1718,0.00375);
#1249=CIRCLE('',#1719,0.000412558901203525);
#1250=CIRCLE('',#1720,0.000412558901203525);
#1251=CIRCLE('',#1721,0.00375);
#1252=CIRCLE('',#1722,0.000412558901203525);
#1253=CIRCLE('',#1723,0.000412558901203525);
#1254=CIRCLE('',#1724,0.00375);
#1255=CIRCLE('',#1725,0.000412558901203525);
#1256=CIRCLE('',#1726,0.000412558901203525);
#1257=CIRCLE('',#1727,0.00375);
#1258=CIRCLE('',#1728,0.000412558901203525);
#1259=CIRCLE('',#1729,0.000412558901203525);
#1260=CIRCLE('',#1730,0.00375);
#1261=CIRCLE('',#1731,0.000412558901203525);
#1262=CIRCLE('',#1732,0.0015);
#1263=CIRCLE('',#1764,0.00085);
#1264=CIRCLE('',#1765,0.00085);
#1265=CIRCLE('',#1767,0.0015);
#1266=EDGE_LOOP('',(#256));
#1267=EDGE_LOOP('',(#257));
#1268=EDGE_LOOP('',(#258,#259,#260,#261));
#1269=EDGE_LOOP('',(#262,#263,#264,#265));
#1270=EDGE_LOOP('',(#266,#267,#268,#269));
#1271=EDGE_LOOP('',(#270,#271,#272,#273));
#1272=EDGE_LOOP('',(#274,#275,#276,#277));
#1273=EDGE_LOOP('',(#278,#279,#280,#281));
#1274=EDGE_LOOP('',(#282,#283,#284,#285));
#1275=EDGE_LOOP('',(#286,#287,#288,#289));
#1276=EDGE_LOOP('',(#290,#291,#292,#293));
#1277=EDGE_LOOP('',(#294));
#1278=EDGE_LOOP('',(#295,#296,#297,#298,#299,#300,#301,#302,#303,#304,#305,
#306,#307,#308,#309,#310,#311,#312,#313,#314,#315,#316,#317,#318,#319,#320,
#321,#322,#323,#324,#325,#326,#327,#328,#329,#330,#331,#332,#333,#334));
#1279=EDGE_LOOP('',(#335,#336,#337,#338,#339,#340));
#1280=EDGE_LOOP('',(#341,#342,#343,#344,#345,#346));
#1281=EDGE_LOOP('',(#347,#348,#349,#350,#351,#352));
#1282=EDGE_LOOP('',(#353,#354,#355,#356,#357,#358));
#1283=EDGE_LOOP('',(#359,#360,#361,#362,#363,#364));
#1284=EDGE_LOOP('',(#365,#366,#367,#368,#369,#370));
#1285=EDGE_LOOP('',(#371,#372,#373,#374,#375,#376));
#1286=EDGE_LOOP('',(#377,#378,#379,#380,#381,#382));
#1287=EDGE_LOOP('',(#383,#384,#385,#386,#387,#388));
#1288=EDGE_LOOP('',(#389,#390,#391,#392,#393,#394));
#1289=EDGE_LOOP('',(#395,#396,#397,#398,#399,#400));
#1290=EDGE_LOOP('',(#401,#402,#403,#404,#405,#406));
#1291=EDGE_LOOP('',(#407,#408,#409,#410,#411,#412));
#1292=EDGE_LOOP('',(#413,#414,#415,#416,#417,#418));
#1293=EDGE_LOOP('',(#419,#420,#421,#422,#423,#424));
#1294=EDGE_LOOP('',(#425,#426,#427,#428,#429,#430));
#1295=EDGE_LOOP('',(#431,#432,#433,#434,#435,#436));
#1296=EDGE_LOOP('',(#437,#438,#439,#440,#441,#442));
#1297=EDGE_LOOP('',(#443,#444,#445,#446,#447,#448));
#1298=EDGE_LOOP('',(#449,#450,#451,#452,#453,#454));
#1299=EDGE_LOOP('',(#455,#456,#457,#458));
#1300=EDGE_LOOP('',(#459,#460,#461,#462,#463,#464,#465,#466,#467,#468,#469,
#470,#471,#472,#473,#474,#475,#476,#477,#478,#479,#480,#481,#482,#483,#484,
#485,#486,#487,#488,#489,#490,#491,#492,#493,#494,#495,#496,#497,#498));
#1301=EDGE_LOOP('',(#499));
#1302=EDGE_LOOP('',(#500,#501,#502,#503));
#1303=EDGE_LOOP('',(#504,#505,#506,#507));
#1304=EDGE_LOOP('',(#508,#509,#510,#511));
#1305=EDGE_LOOP('',(#512,#513,#514,#515,#516,#517));
#1306=EDGE_LOOP('',(#518,#519,#520,#521,#522,#523));
#1307=EDGE_LOOP('',(#524,#525,#526,#527));
#1308=EDGE_LOOP('',(#528,#529,#530,#531));
#1309=EDGE_LOOP('',(#532,#533,#534,#535));
#1310=EDGE_LOOP('',(#536,#537,#538,#539,#540,#541));
#1311=EDGE_LOOP('',(#542,#543,#544,#545,#546,#547));
#1312=EDGE_LOOP('',(#548,#549,#550,#551));
#1313=EDGE_LOOP('',(#552,#553,#554,#555));
#1314=EDGE_LOOP('',(#556,#557,#558,#559));
#1315=EDGE_LOOP('',(#560,#561,#562,#563,#564,#565));
#1316=EDGE_LOOP('',(#566,#567,#568,#569,#570,#571));
#1317=EDGE_LOOP('',(#572,#573,#574,#575));
#1318=EDGE_LOOP('',(#576,#577,#578,#579));
#1319=EDGE_LOOP('',(#580,#581,#582,#583));
#1320=EDGE_LOOP('',(#584,#585,#586,#587,#588,#589));
#1321=EDGE_LOOP('',(#590,#591,#592,#593,#594,#595));
#1322=EDGE_LOOP('',(#596,#597,#598,#599));
#1323=EDGE_LOOP('',(#600,#601,#602,#603));
#1324=EDGE_LOOP('',(#604,#605,#606,#607));
#1325=EDGE_LOOP('',(#608,#609,#610,#611,#612,#613));
#1326=EDGE_LOOP('',(#614,#615,#616,#617,#618,#619));
#1327=EDGE_LOOP('',(#620,#621,#622,#623));
#1328=EDGE_LOOP('',(#624,#625,#626,#627));
#1329=EDGE_LOOP('',(#628,#629,#630,#631));
#1330=EDGE_LOOP('',(#632,#633,#634,#635,#636,#637));
#1331=EDGE_LOOP('',(#638,#639,#640,#641,#642,#643));
#1332=EDGE_LOOP('',(#644,#645,#646,#647));
#1333=EDGE_LOOP('',(#648,#649,#650,#651));
#1334=EDGE_LOOP('',(#652,#653,#654,#655));
#1335=EDGE_LOOP('',(#656,#657,#658,#659,#660,#661));
#1336=EDGE_LOOP('',(#662,#663,#664,#665,#666,#667));
#1337=EDGE_LOOP('',(#668,#669,#670,#671));
#1338=EDGE_LOOP('',(#672,#673,#674,#675));
#1339=EDGE_LOOP('',(#676,#677,#678,#679));
#1340=EDGE_LOOP('',(#680,#681,#682,#683,#684,#685));
#1341=EDGE_LOOP('',(#686,#687,#688,#689,#690,#691));
#1342=EDGE_LOOP('',(#692,#693,#694,#695));
#1343=EDGE_LOOP('',(#696,#697,#698,#699));
#1344=EDGE_LOOP('',(#700,#701,#702,#703));
#1345=EDGE_LOOP('',(#704,#705,#706,#707,#708,#709));
#1346=EDGE_LOOP('',(#710,#711,#712,#713,#714,#715));
#1347=EDGE_LOOP('',(#716,#717,#718,#719));
#1348=EDGE_LOOP('',(#720,#721,#722,#723));
#1349=EDGE_LOOP('',(#724,#725,#726,#727));
#1350=EDGE_LOOP('',(#728,#729,#730,#731,#732,#733));
#1351=EDGE_LOOP('',(#734,#735,#736,#737,#738,#739));
#1352=EDGE_LOOP('',(#740));
#1353=EDGE_LOOP('',(#741));
#1354=EDGE_LOOP('',(#742));
#1355=EDGE_LOOP('',(#743));
#1356=EDGE_LOOP('',(#744));
#1357=EDGE_LOOP('',(#745));
#1358=EDGE_LOOP('',(#746));
#1359=EDGE_LOOP('',(#747));
#1360=FACE_BOUND('',#1266,.T.);
#1361=FACE_BOUND('',#1267,.T.);
#1362=FACE_BOUND('',#1268,.T.);
#1363=FACE_BOUND('',#1269,.T.);
#1364=FACE_BOUND('',#1270,.T.);
#1365=FACE_BOUND('',#1271,.T.);
#1366=FACE_BOUND('',#1272,.T.);
#1367=FACE_BOUND('',#1273,.T.);
#1368=FACE_BOUND('',#1274,.T.);
#1369=FACE_BOUND('',#1275,.T.);
#1370=FACE_BOUND('',#1276,.T.);
#1371=FACE_BOUND('',#1277,.T.);
#1372=FACE_BOUND('',#1278,.T.);
#1373=FACE_BOUND('',#1279,.T.);
#1374=FACE_BOUND('',#1280,.T.);
#1375=FACE_BOUND('',#1281,.T.);
#1376=FACE_BOUND('',#1282,.T.);
#1377=FACE_BOUND('',#1283,.T.);
#1378=FACE_BOUND('',#1284,.T.);
#1379=FACE_BOUND('',#1285,.T.);
#1380=FACE_BOUND('',#1286,.T.);
#1381=FACE_BOUND('',#1287,.T.);
#1382=FACE_BOUND('',#1288,.T.);
#1383=FACE_BOUND('',#1289,.T.);
#1384=FACE_BOUND('',#1290,.T.);
#1385=FACE_BOUND('',#1291,.T.);
#1386=FACE_BOUND('',#1292,.T.);
#1387=FACE_BOUND('',#1293,.T.);
#1388=FACE_BOUND('',#1294,.T.);
#1389=FACE_BOUND('',#1295,.T.);
#1390=FACE_BOUND('',#1296,.T.);
#1391=FACE_BOUND('',#1297,.T.);
#1392=FACE_BOUND('',#1298,.T.);
#1393=FACE_BOUND('',#1299,.T.);
#1394=FACE_BOUND('',#1300,.T.);
#1395=FACE_BOUND('',#1301,.T.);
#1396=FACE_BOUND('',#1302,.T.);
#1397=FACE_BOUND('',#1303,.T.);
#1398=FACE_BOUND('',#1304,.T.);
#1399=FACE_BOUND('',#1305,.T.);
#1400=FACE_BOUND('',#1306,.T.);
#1401=FACE_BOUND('',#1307,.T.);
#1402=FACE_BOUND('',#1308,.T.);
#1403=FACE_BOUND('',#1309,.T.);
#1404=FACE_BOUND('',#1310,.T.);
#1405=FACE_BOUND('',#1311,.T.);
#1406=FACE_BOUND('',#1312,.T.);
#1407=FACE_BOUND('',#1313,.T.);
#1408=FACE_BOUND('',#1314,.T.);
#1409=FACE_BOUND('',#1315,.T.);
#1410=FACE_BOUND('',#1316,.T.);
#1411=FACE_BOUND('',#1317,.T.);
#1412=FACE_BOUND('',#1318,.T.);
#1413=FACE_BOUND('',#1319,.T.);
#1414=FACE_BOUND('',#1320,.T.);
#1415=FACE_BOUND('',#1321,.T.);
#1416=FACE_BOUND('',#1322,.T.);
#1417=FACE_BOUND('',#1323,.T.);
#1418=FACE_BOUND('',#1324,.T.);
#1419=FACE_BOUND('',#1325,.T.);
#1420=FACE_BOUND('',#1326,.T.);
#1421=FACE_BOUND('',#1327,.T.);
#1422=FACE_BOUND('',#1328,.T.);
#1423=FACE_BOUND('',#1329,.T.);
#1424=FACE_BOUND('',#1330,.T.);
#1425=FACE_BOUND('',#1331,.T.);
#1426=FACE_BOUND('',#1332,.T.);
#1427=FACE_BOUND('',#1333,.T.);
#1428=FACE_BOUND('',#1334,.T.);
#1429=FACE_BOUND('',#1335,.T.);
#1430=FACE_BOUND('',#1336,.T.);
#1431=FACE_BOUND('',#1337,.T.);
#1432=FACE_BOUND('',#1338,.T.);
#1433=FACE_BOUND('',#1339,.T.);
#1434=FACE_BOUND('',#1340,.T.);
#1435=FACE_BOUND('',#1341,.T.);
#1436=FACE_BOUND('',#1342,.T.);
#1437=FACE_BOUND('',#1343,.T.);
#1438=FACE_BOUND('',#1344,.T.);
#1439=FACE_BOUND('',#1345,.T.);
#1440=FACE_BOUND('',#1346,.T.);
#1441=FACE_BOUND('',#1347,.T.);
#1442=FACE_BOUND('',#1348,.T.);
#1443=FACE_BOUND('',#1349,.T.);
#1444=FACE_BOUND('',#1350,.T.);
#1445=FACE_BOUND('',#1351,.T.);
#1446=FACE_BOUND('',#1352,.T.);
#1447=FACE_BOUND('',#1353,.T.);
#1448=FACE_BOUND('',#1354,.T.);
#1449=FACE_BOUND('',#1355,.T.);
#1450=FACE_BOUND('',#1356,.T.);
#1451=FACE_BOUND('',#1357,.T.);
#1452=FACE_BOUND('',#1358,.T.);
#1453=FACE_BOUND('',#1359,.T.);
#1454=CYLINDRICAL_SURFACE('',#1597,0.002375);
#1455=CYLINDRICAL_SURFACE('',#1600,0.006);
#1456=CYLINDRICAL_SURFACE('',#1603,0.006);
#1457=CYLINDRICAL_SURFACE('',#1606,0.006);
#1458=CYLINDRICAL_SURFACE('',#1609,0.006);
#1459=CYLINDRICAL_SURFACE('',#1612,0.006);
#1460=CYLINDRICAL_SURFACE('',#1615,0.006);
#1461=CYLINDRICAL_SURFACE('',#1618,0.006);
#1462=CYLINDRICAL_SURFACE('',#1621,0.006);
#1463=CYLINDRICAL_SURFACE('',#1624,0.006);
#1464=CYLINDRICAL_SURFACE('',#1700,0.006);
#1465=CYLINDRICAL_SURFACE('',#1733,0.00375);
#1466=CYLINDRICAL_SURFACE('',#1734,0.000412558901203525);
#1467=CYLINDRICAL_SURFACE('',#1735,0.000412558901203525);
#1468=CYLINDRICAL_SURFACE('',#1736,0.00375);
#1469=CYLINDRICAL_SURFACE('',#1737,0.000412558901203525);
#1470=CYLINDRICAL_SURFACE('',#1738,0.000412558901203525);
#1471=CYLINDRICAL_SURFACE('',#1739,0.00375);
#1472=CYLINDRICAL_SURFACE('',#1740,0.000412558901203525);
#1473=CYLINDRICAL_SURFACE('',#1741,0.000412558901203525);
#1474=CYLINDRICAL_SURFACE('',#1742,0.00375);
#1475=CYLINDRICAL_SURFACE('',#1743,0.000412558901203525);
#1476=CYLINDRICAL_SURFACE('',#1744,0.000412558901203525);
#1477=CYLINDRICAL_SURFACE('',#1745,0.00375);
#1478=CYLINDRICAL_SURFACE('',#1746,0.000412558901203525);
#1479=CYLINDRICAL_SURFACE('',#1747,0.000412558901203525);
#1480=CYLINDRICAL_SURFACE('',#1748,0.00375);
#1481=CYLINDRICAL_SURFACE('',#1749,0.000412558901203525);
#1482=CYLINDRICAL_SURFACE('',#1750,0.000412558901203525);
#1483=CYLINDRICAL_SURFACE('',#1751,0.00375);
#1484=CYLINDRICAL_SURFACE('',#1752,0.000412558901203525);
#1485=CYLINDRICAL_SURFACE('',#1753,0.000412558901203525);
#1486=CYLINDRICAL_SURFACE('',#1754,0.00375);
#1487=CYLINDRICAL_SURFACE('',#1755,0.000412558901203525);
#1488=CYLINDRICAL_SURFACE('',#1756,0.000412558901203525);
#1489=CYLINDRICAL_SURFACE('',#1757,0.00375);
#1490=CYLINDRICAL_SURFACE('',#1758,0.000412558901203525);
#1491=CYLINDRICAL_SURFACE('',#1759,0.000412558901203525);
#1492=CYLINDRICAL_SURFACE('',#1760,0.00375);
#1493=CYLINDRICAL_SURFACE('',#1761,0.000412558901203525);
#1494=CYLINDRICAL_SURFACE('',#1762,0.000412558901203525);
#1495=CYLINDRICAL_SURFACE('',#1763,0.00085);
#1496=CYLINDRICAL_SURFACE('',#1769,0.0015);
#1497=ADVANCED_FACE('',(#1360,#1361),#1454,.F.);
#1498=ADVANCED_FACE('',(#1362),#1455,.T.);
#1499=ADVANCED_FACE('',(#1363),#1456,.T.);
#1500=ADVANCED_FACE('',(#1364),#1457,.T.);
#1501=ADVANCED_FACE('',(#1365),#1458,.T.);
#1502=ADVANCED_FACE('',(#1366),#1459,.T.);
#1503=ADVANCED_FACE('',(#1367),#1460,.T.);
#1504=ADVANCED_FACE('',(#1368),#1461,.T.);
#1505=ADVANCED_FACE('',(#1369),#1462,.T.);
#1506=ADVANCED_FACE('',(#1370),#1463,.T.);
#1507=ADVANCED_FACE('',(#1371,#1372),#132,.F.);
#1508=ADVANCED_FACE('',(#1373),#112,.T.);
#1509=ADVANCED_FACE('',(#1374),#113,.T.);
#1510=ADVANCED_FACE('',(#1375),#114,.T.);
#1511=ADVANCED_FACE('',(#1376),#115,.T.);
#1512=ADVANCED_FACE('',(#1377),#116,.T.);
#1513=ADVANCED_FACE('',(#1378),#117,.T.);
#1514=ADVANCED_FACE('',(#1379),#118,.T.);
#1515=ADVANCED_FACE('',(#1380),#119,.T.);
#1516=ADVANCED_FACE('',(#1381),#120,.T.);
#1517=ADVANCED_FACE('',(#1382),#121,.T.);
#1518=ADVANCED_FACE('',(#1383),#122,.T.);
#1519=ADVANCED_FACE('',(#1384),#123,.T.);
#1520=ADVANCED_FACE('',(#1385),#124,.T.);
#1521=ADVANCED_FACE('',(#1386),#125,.T.);
#1522=ADVANCED_FACE('',(#1387),#126,.T.);
#1523=ADVANCED_FACE('',(#1388),#127,.T.);
#1524=ADVANCED_FACE('',(#1389),#128,.T.);
#1525=ADVANCED_FACE('',(#1390),#129,.T.);
#1526=ADVANCED_FACE('',(#1391),#130,.T.);
#1527=ADVANCED_FACE('',(#1392),#131,.T.);
#1528=ADVANCED_FACE('',(#1393),#1464,.T.);
#1529=ADVANCED_FACE('',(#1394,#1395),#133,.T.);
#1530=ADVANCED_FACE('',(#1396),#12,.T.);
#1531=ADVANCED_FACE('',(#1397),#13,.F.);
#1532=ADVANCED_FACE('',(#1398),#1465,.T.);
#1533=ADVANCED_FACE('',(#1399),#1466,.F.);
#1534=ADVANCED_FACE('',(#1400),#1467,.F.);
#1535=ADVANCED_FACE('',(#1401),#14,.T.);
#1536=ADVANCED_FACE('',(#1402),#15,.F.);
#1537=ADVANCED_FACE('',(#1403),#1468,.T.);
#1538=ADVANCED_FACE('',(#1404),#1469,.F.);
#1539=ADVANCED_FACE('',(#1405),#1470,.F.);
#1540=ADVANCED_FACE('',(#1406),#16,.T.);
#1541=ADVANCED_FACE('',(#1407),#17,.F.);
#1542=ADVANCED_FACE('',(#1408),#1471,.T.);
#1543=ADVANCED_FACE('',(#1409),#1472,.F.);
#1544=ADVANCED_FACE('',(#1410),#1473,.F.);
#1545=ADVANCED_FACE('',(#1411),#18,.T.);
#1546=ADVANCED_FACE('',(#1412),#19,.F.);
#1547=ADVANCED_FACE('',(#1413),#1474,.T.);
#1548=ADVANCED_FACE('',(#1414),#1475,.F.);
#1549=ADVANCED_FACE('',(#1415),#1476,.F.);
#1550=ADVANCED_FACE('',(#1416),#20,.T.);
#1551=ADVANCED_FACE('',(#1417),#21,.F.);
#1552=ADVANCED_FACE('',(#1418),#1477,.T.);
#1553=ADVANCED_FACE('',(#1419),#1478,.F.);
#1554=ADVANCED_FACE('',(#1420),#1479,.F.);
#1555=ADVANCED_FACE('',(#1421),#22,.T.);
#1556=ADVANCED_FACE('',(#1422),#23,.F.);
#1557=ADVANCED_FACE('',(#1423),#1480,.T.);
#1558=ADVANCED_FACE('',(#1424),#1481,.F.);
#1559=ADVANCED_FACE('',(#1425),#1482,.F.);
#1560=ADVANCED_FACE('',(#1426),#24,.T.);
#1561=ADVANCED_FACE('',(#1427),#25,.F.);
#1562=ADVANCED_FACE('',(#1428),#1483,.T.);
#1563=ADVANCED_FACE('',(#1429),#1484,.F.);
#1564=ADVANCED_FACE('',(#1430),#1485,.F.);
#1565=ADVANCED_FACE('',(#1431),#26,.T.);
#1566=ADVANCED_FACE('',(#1432),#27,.F.);
#1567=ADVANCED_FACE('',(#1433),#1486,.T.);
#1568=ADVANCED_FACE('',(#1434),#1487,.F.);
#1569=ADVANCED_FACE('',(#1435),#1488,.F.);
#1570=ADVANCED_FACE('',(#1436),#28,.T.);
#1571=ADVANCED_FACE('',(#1437),#29,.F.);
#1572=ADVANCED_FACE('',(#1438),#1489,.T.);
#1573=ADVANCED_FACE('',(#1439),#1490,.F.);
#1574=ADVANCED_FACE('',(#1440),#1491,.F.);
#1575=ADVANCED_FACE('',(#1441),#30,.T.);
#1576=ADVANCED_FACE('',(#1442),#31,.F.);
#1577=ADVANCED_FACE('',(#1443),#1492,.T.);
#1578=ADVANCED_FACE('',(#1444),#1493,.F.);
#1579=ADVANCED_FACE('',(#1445),#1494,.F.);
#1580=ADVANCED_FACE('',(#1446,#1447),#1495,.F.);
#1581=ADVANCED_FACE('',(#1448,#1449),#134,.T.);
#1582=ADVANCED_FACE('',(#1450,#1451),#135,.F.);
#1583=ADVANCED_FACE('',(#1452,#1453),#1496,.F.);
#1584=CLOSED_SHELL('',(#1497,#1498,#1499,#1500,#1501,#1502,#1503,#1504,
#1505,#1506,#1507,#1508,#1509,#1510,#1511,#1512,#1513,#1514,#1515,#1516,
#1517,#1518,#1519,#1520,#1521,#1522,#1523,#1524,#1525,#1526,#1527,#1528,
#1529,#1530,#1531,#1532,#1533,#1534,#1535,#1536,#1537,#1538,#1539,#1540,
#1541,#1542,#1543,#1544,#1545,#1546,#1547,#1548,#1549,#1550,#1551,#1552,
#1553,#1554,#1555,#1556,#1557,#1558,#1559,#1560,#1561,#1562,#1563,#1564,
#1565,#1566,#1567,#1568,#1569,#1570,#1571,#1572,#1573,#1574,#1575,#1576,
#1577,#1578,#1579,#1580,#1581,#1582,#1583));
#1585=STYLED_ITEM('',(#1586),#1593);
#1586=PRESENTATION_STYLE_ASSIGNMENT((#1587));
#1587=SURFACE_STYLE_USAGE(.BOTH.,#1588);
#1588=SURFACE_SIDE_STYLE('',(#1589));
#1589=SURFACE_STYLE_FILL_AREA(#1590);
#1590=FILL_AREA_STYLE('',(#1591));
#1591=FILL_AREA_STYLE_COLOUR('',#1592);
#1592=COLOUR_RGB('',0.917647058823529,0.917647058823529,0.917647058823529);
#1593=MANIFOLD_SOLID_BREP('Servo gear',#1584);
#1594=SHAPE_DEFINITION_REPRESENTATION(#3504,#1595);
#1595=SHAPE_REPRESENTATION('Servo gear',(#1596),#3499);
#1596=AXIS2_PLACEMENT_3D('',#2178,#1770,#1771);
#1597=AXIS2_PLACEMENT_3D('',#2179,#1772,#1773);
#1598=AXIS2_PLACEMENT_3D('',#2180,#1774,#1775);
#1599=AXIS2_PLACEMENT_3D('',#2182,#1776,#1777);
#1600=AXIS2_PLACEMENT_3D('',#2184,#1778,#1779);
#1601=AXIS2_PLACEMENT_3D('',#2188,#1781,#1782);
#1602=AXIS2_PLACEMENT_3D('',#2192,#1784,#1785);
#1603=AXIS2_PLACEMENT_3D('',#2193,#1786,#1787);
#1604=AXIS2_PLACEMENT_3D('',#2197,#1789,#1790);
#1605=AXIS2_PLACEMENT_3D('',#2201,#1792,#1793);
#1606=AXIS2_PLACEMENT_3D('',#2202,#1794,#1795);
#1607=AXIS2_PLACEMENT_3D('',#2203,#1796,#1797);
#1608=AXIS2_PLACEMENT_3D('',#2208,#1799,#1800);
#1609=AXIS2_PLACEMENT_3D('',#2211,#1802,#1803);
#1610=AXIS2_PLACEMENT_3D('',#2212,#1804,#1805);
#1611=AXIS2_PLACEMENT_3D('',#2217,#1807,#1808);
#1612=AXIS2_PLACEMENT_3D('',#2220,#1810,#1811);
#1613=AXIS2_PLACEMENT_3D('',#2224,#1813,#1814);
#1614=AXIS2_PLACEMENT_3D('',#2228,#1816,#1817);
#1615=AXIS2_PLACEMENT_3D('',#2229,#1818,#1819);
#1616=AXIS2_PLACEMENT_3D('',#2230,#1820,#1821);
#1617=AXIS2_PLACEMENT_3D('',#2235,#1823,#1824);
#1618=AXIS2_PLACEMENT_3D('',#2238,#1826,#1827);
#1619=AXIS2_PLACEMENT_3D('',#2242,#1829,#1830);
#1620=AXIS2_PLACEMENT_3D('',#2246,#1832,#1833);
#1621=AXIS2_PLACEMENT_3D('',#2247,#1834,#1835);
#1622=AXIS2_PLACEMENT_3D('',#2248,#1836,#1837);
#1623=AXIS2_PLACEMENT_3D('',#2253,#1839,#1840);
#1624=AXIS2_PLACEMENT_3D('',#2256,#1842,#1843);
#1625=AXIS2_PLACEMENT_3D('',#2257,#1844,#1845);
#1626=AXIS2_PLACEMENT_3D('',#2262,#1847,#1848);
#1627=AXIS2_PLACEMENT_3D('',#2265,#1850,#1851);
#1628=AXIS2_PLACEMENT_3D('',#2266,#1852,#1853);
#1629=AXIS2_PLACEMENT_3D('',#2269,#1854,#1855);
#1630=AXIS2_PLACEMENT_3D('',#2271,#1856,#1857);
#1631=AXIS2_PLACEMENT_3D('',#2273,#1858,#1859);
#1632=AXIS2_PLACEMENT_3D('',#2275,#1860,#1861);
#1633=AXIS2_PLACEMENT_3D('',#2277,#1862,#1863);
#1634=AXIS2_PLACEMENT_3D('',#2279,#1864,#1865);
#1635=AXIS2_PLACEMENT_3D('',#2281,#1866,#1867);
#1636=AXIS2_PLACEMENT_3D('',#2283,#1868,#1869);
#1637=AXIS2_PLACEMENT_3D('',#2285,#1870,#1871);
#1638=AXIS2_PLACEMENT_3D('',#2287,#1872,#1873);
#1639=AXIS2_PLACEMENT_3D('',#2289,#1874,#1875);
#1640=AXIS2_PLACEMENT_3D('',#2291,#1876,#1877);
#1641=AXIS2_PLACEMENT_3D('',#2293,#1878,#1879);
#1642=AXIS2_PLACEMENT_3D('',#2295,#1880,#1881);
#1643=AXIS2_PLACEMENT_3D('',#2297,#1882,#1883);
#1644=AXIS2_PLACEMENT_3D('',#2299,#1884,#1885);
#1645=AXIS2_PLACEMENT_3D('',#2301,#1886,#1887);
#1646=AXIS2_PLACEMENT_3D('',#2303,#1888,#1889);
#1647=AXIS2_PLACEMENT_3D('',#2305,#1890,#1891);
#1648=AXIS2_PLACEMENT_3D('',#2307,#1892,#1893);
#1649=AXIS2_PLACEMENT_3D('',#2309,#1894,#1895);
#1650=AXIS2_PLACEMENT_3D('',#2311,#1896,#1897);
#1651=AXIS2_PLACEMENT_3D('',#2313,#1898,#1899);
#1652=AXIS2_PLACEMENT_3D('',#2315,#1900,#1901);
#1653=AXIS2_PLACEMENT_3D('',#2317,#1902,#1903);
#1654=AXIS2_PLACEMENT_3D('',#2319,#1904,#1905);
#1655=AXIS2_PLACEMENT_3D('',#2321,#1906,#1907);
#1656=AXIS2_PLACEMENT_3D('',#2323,#1908,#1909);
#1657=AXIS2_PLACEMENT_3D('',#2325,#1910,#1911);
#1658=AXIS2_PLACEMENT_3D('',#2327,#1912,#1913);
#1659=AXIS2_PLACEMENT_3D('',#2329,#1914,#1915);
#1660=AXIS2_PLACEMENT_3D('',#2331,#1916,#1917);
#1661=AXIS2_PLACEMENT_3D('',#2333,#1918,#1919);
#1662=AXIS2_PLACEMENT_3D('',#2335,#1920,#1921);
#1663=AXIS2_PLACEMENT_3D('',#2337,#1922,#1923);
#1664=AXIS2_PLACEMENT_3D('',#2339,#1924,#1925);
#1665=AXIS2_PLACEMENT_3D('',#2341,#1926,#1927);
#1666=AXIS2_PLACEMENT_3D('',#2343,#1928,#1929);
#1667=AXIS2_PLACEMENT_3D('',#2345,#1930,#1931);
#1668=AXIS2_PLACEMENT_3D('',#2346,#1932,#1933);
#1669=AXIS2_PLACEMENT_3D('',#2360,#1934,#1935);
#1670=AXIS2_PLACEMENT_3D('',#2374,#1936,#1937);
#1671=AXIS2_PLACEMENT_3D('',#2388,#1938,#1939);
#1672=AXIS2_PLACEMENT_3D('',#2402,#1940,#1941);
#1673=AXIS2_PLACEMENT_3D('',#2424,#1942,#1943);
#1674=AXIS2_PLACEMENT_3D('',#2430,#1944,#1945);
#1675=AXIS2_PLACEMENT_3D('',#2452,#1946,#1947);
#1676=AXIS2_PLACEMENT_3D('',#2458,#1948,#1949);
#1677=AXIS2_PLACEMENT_3D('',#2472,#1950,#1951);
#1678=AXIS2_PLACEMENT_3D('',#2486,#1952,#1953);
#1679=AXIS2_PLACEMENT_3D('',#2508,#1954,#1955);
#1680=AXIS2_PLACEMENT_3D('',#2514,#1956,#1957);
#1681=AXIS2_PLACEMENT_3D('',#2528,#1958,#1959);
#1682=AXIS2_PLACEMENT_3D('',#2542,#1960,#1961);
#1683=AXIS2_PLACEMENT_3D('',#2564,#1962,#1963);
#1684=AXIS2_PLACEMENT_3D('',#2570,#1964,#1965);
#1685=AXIS2_PLACEMENT_3D('',#2592,#1966,#1967);
#1686=AXIS2_PLACEMENT_3D('',#2598,#1968,#1969);
#1687=AXIS2_PLACEMENT_3D('',#2608,#1970,#1971);
#1688=AXIS2_PLACEMENT_3D('',#2623,#1972,#1973);
#1689=AXIS2_PLACEMENT_3D('',#2629,#1974,#1975);
#1690=AXIS2_PLACEMENT_3D('',#2654,#1976,#1977);
#1691=AXIS2_PLACEMENT_3D('',#2679,#1978,#1979);
#1692=AXIS2_PLACEMENT_3D('',#2704,#1980,#1981);
#1693=AXIS2_PLACEMENT_3D('',#2729,#1982,#1983);
#1694=AXIS2_PLACEMENT_3D('',#2754,#1984,#1985);
#1695=AXIS2_PLACEMENT_3D('',#2779,#1986,#1987);
#1696=AXIS2_PLACEMENT_3D('',#2804,#1988,#1989);
#1697=AXIS2_PLACEMENT_3D('',#2829,#1990,#1991);
#1698=AXIS2_PLACEMENT_3D('',#2854,#1992,#1993);
#1699=AXIS2_PLACEMENT_3D('',#2881,#1994,#1995);
#1700=AXIS2_PLACEMENT_3D('',#2882,#1996,#1997);
#1701=AXIS2_PLACEMENT_3D('',#2885,#2000,#2001);
#1702=AXIS2_PLACEMENT_3D('',#2886,#2002,#2003);
#1703=AXIS2_PLACEMENT_3D('',#2888,#2004,#2005);
#1704=AXIS2_PLACEMENT_3D('',#2890,#2006,#2007);
#1705=AXIS2_PLACEMENT_3D('',#2891,#2008,#2009);
#1706=AXIS2_PLACEMENT_3D('',#2893,#2010,#2011);
#1707=AXIS2_PLACEMENT_3D('',#2895,#2012,#2013);
#1708=AXIS2_PLACEMENT_3D('',#2896,#2014,#2015);
#1709=AXIS2_PLACEMENT_3D('',#2898,#2016,#2017);
#1710=AXIS2_PLACEMENT_3D('',#2900,#2018,#2019);
#1711=AXIS2_PLACEMENT_3D('',#2901,#2020,#2021);
#1712=AXIS2_PLACEMENT_3D('',#2903,#2022,#2023);
#1713=AXIS2_PLACEMENT_3D('',#2905,#2024,#2025);
#1714=AXIS2_PLACEMENT_3D('',#2906,#2026,#2027);
#1715=AXIS2_PLACEMENT_3D('',#2908,#2028,#2029);
#1716=AXIS2_PLACEMENT_3D('',#2910,#2030,#2031);
#1717=AXIS2_PLACEMENT_3D('',#2911,#2032,#2033);
#1718=AXIS2_PLACEMENT_3D('',#2913,#2034,#2035);
#1719=AXIS2_PLACEMENT_3D('',#2915,#2036,#2037);
#1720=AXIS2_PLACEMENT_3D('',#2916,#2038,#2039);
#1721=AXIS2_PLACEMENT_3D('',#2918,#2040,#2041);
#1722=AXIS2_PLACEMENT_3D('',#2920,#2042,#2043);
#1723=AXIS2_PLACEMENT_3D('',#2921,#2044,#2045);
#1724=AXIS2_PLACEMENT_3D('',#2923,#2046,#2047);
#1725=AXIS2_PLACEMENT_3D('',#2925,#2048,#2049);
#1726=AXIS2_PLACEMENT_3D('',#2926,#2050,#2051);
#1727=AXIS2_PLACEMENT_3D('',#2928,#2052,#2053);
#1728=AXIS2_PLACEMENT_3D('',#2930,#2054,#2055);
#1729=AXIS2_PLACEMENT_3D('',#2931,#2056,#2057);
#1730=AXIS2_PLACEMENT_3D('',#2933,#2058,#2059);
#1731=AXIS2_PLACEMENT_3D('',#2935,#2060,#2061);
#1732=AXIS2_PLACEMENT_3D('',#2936,#2062,#2063);
#1733=AXIS2_PLACEMENT_3D('',#2988,#2066,#2067);
#1734=AXIS2_PLACEMENT_3D('',#2991,#2070,#2071);
#1735=AXIS2_PLACEMENT_3D('',#2992,#2072,#2073);
#1736=AXIS2_PLACEMENT_3D('',#3043,#2076,#2077);
#1737=AXIS2_PLACEMENT_3D('',#3046,#2080,#2081);
#1738=AXIS2_PLACEMENT_3D('',#3047,#2082,#2083);
#1739=AXIS2_PLACEMENT_3D('',#3098,#2086,#2087);
#1740=AXIS2_PLACEMENT_3D('',#3101,#2090,#2091);
#1741=AXIS2_PLACEMENT_3D('',#3102,#2092,#2093);
#1742=AXIS2_PLACEMENT_3D('',#3153,#2096,#2097);
#1743=AXIS2_PLACEMENT_3D('',#3156,#2100,#2101);
#1744=AXIS2_PLACEMENT_3D('',#3157,#2102,#2103);
#1745=AXIS2_PLACEMENT_3D('',#3208,#2106,#2107);
#1746=AXIS2_PLACEMENT_3D('',#3211,#2110,#2111);
#1747=AXIS2_PLACEMENT_3D('',#3212,#2112,#2113);
#1748=AXIS2_PLACEMENT_3D('',#3263,#2116,#2117);
#1749=AXIS2_PLACEMENT_3D('',#3266,#2120,#2121);
#1750=AXIS2_PLACEMENT_3D('',#3267,#2122,#2123);
#1751=AXIS2_PLACEMENT_3D('',#3318,#2126,#2127);
#1752=AXIS2_PLACEMENT_3D('',#3321,#2130,#2131);
#1753=AXIS2_PLACEMENT_3D('',#3322,#2132,#2133);
#1754=AXIS2_PLACEMENT_3D('',#3373,#2136,#2137);
#1755=AXIS2_PLACEMENT_3D('',#3376,#2140,#2141);
#1756=AXIS2_PLACEMENT_3D('',#3377,#2142,#2143);
#1757=AXIS2_PLACEMENT_3D('',#3428,#2146,#2147);
#1758=AXIS2_PLACEMENT_3D('',#3431,#2150,#2151);
#1759=AXIS2_PLACEMENT_3D('',#3432,#2152,#2153);
#1760=AXIS2_PLACEMENT_3D('',#3483,#2156,#2157);
#1761=AXIS2_PLACEMENT_3D('',#3486,#2160,#2161);
#1762=AXIS2_PLACEMENT_3D('',#3487,#2162,#2163);
#1763=AXIS2_PLACEMENT_3D('',#3488,#2164,#2165);
#1764=AXIS2_PLACEMENT_3D('',#3489,#2166,#2167);
#1765=AXIS2_PLACEMENT_3D('',#3491,#2168,#2169);
#1766=AXIS2_PLACEMENT_3D('',#3493,#2170,#2171);
#1767=AXIS2_PLACEMENT_3D('',#3494,#2172,#2173);
#1768=AXIS2_PLACEMENT_3D('',#3496,#2174,#2175);
#1769=AXIS2_PLACEMENT_3D('',#3497,#2176,#2177);
#1770=DIRECTION('',(0.,0.,1.));
#1771=DIRECTION('',(1.,0.,0.));
#1772=DIRECTION('',(0.,0.258819045102521,0.965925826289068));
#1773=DIRECTION('',(0.,-0.965925826289068,0.258819045102521));
#1774=DIRECTION('',(0.,-0.258819045102521,-0.965925826289068));
#1775=DIRECTION('',(0.,0.965925826289068,-0.258819045102521));
#1776=DIRECTION('',(2.77555756156289E-17,-0.258819045102521,-0.965925826289068));
#1777=DIRECTION('',(0.,0.965925826289068,-0.258819045102521));
#1778=DIRECTION('',(0.,0.258819045102521,0.965925826289068));
#1779=DIRECTION('',(0.,-0.965925826289068,0.258819045102521));
#1780=DIRECTION('',(0.,0.258819045102521,0.965925826289068));
#1781=DIRECTION('',(0.,-0.258819045102522,-0.965925826289068));
#1782=DIRECTION('',(0.,0.965925826289068,-0.258819045102522));
#1783=DIRECTION('',(0.,0.258819045102521,0.965925826289068));
#1784=DIRECTION('',(0.,-0.258819045102522,-0.965925826289068));
#1785=DIRECTION('',(0.,0.965925826289068,-0.258819045102522));
#1786=DIRECTION('',(0.,0.258819045102521,0.965925826289068));
#1787=DIRECTION('',(0.,-0.965925826289068,0.258819045102521));
#1788=DIRECTION('',(0.,0.258819045102521,0.965925826289068));
#1789=DIRECTION('',(0.,-0.258819045102522,-0.965925826289068));
#1790=DIRECTION('',(0.,0.965925826289068,-0.258819045102522));
#1791=DIRECTION('',(0.,0.258819045102521,0.965925826289069));
#1792=DIRECTION('',(0.,-0.258819045102522,-0.965925826289068));
#1793=DIRECTION('',(0.,0.965925826289068,-0.258819045102522));
#1794=DIRECTION('',(0.,0.258819045102521,0.965925826289068));
#1795=DIRECTION('',(0.,-0.965925826289068,0.258819045102521));
#1796=DIRECTION('',(0.,-0.258819045102522,-0.965925826289068));
#1797=DIRECTION('',(0.,0.965925826289068,-0.258819045102522));
#1798=DIRECTION('',(0.,0.258819045102521,0.965925826289068));
#1799=DIRECTION('',(0.,-0.258819045102522,-0.965925826289068));
#1800=DIRECTION('',(0.,0.965925826289068,-0.258819045102522));
#1801=DIRECTION('',(0.,0.258819045102521,0.965925826289068));
#1802=DIRECTION('',(0.,0.258819045102521,0.965925826289068));
#1803=DIRECTION('',(0.,-0.965925826289068,0.258819045102521));
#1804=DIRECTION('',(0.,-0.258819045102522,-0.965925826289068));
#1805=DIRECTION('',(0.,0.965925826289068,-0.258819045102522));
#1806=DIRECTION('',(0.,0.258819045102521,0.965925826289068));
#1807=DIRECTION('',(0.,-0.258819045102522,-0.965925826289068));
#1808=DIRECTION('',(0.,0.965925826289068,-0.258819045102522));
#1809=DIRECTION('',(0.,0.258819045102521,0.965925826289068));
#1810=DIRECTION('',(0.,0.258819045102521,0.965925826289068));
#1811=DIRECTION('',(0.,-0.965925826289068,0.258819045102521));
#1812=DIRECTION('',(0.,0.258819045102521,0.965925826289068));
#1813=DIRECTION('',(0.,-0.258819045102522,-0.965925826289068));
#1814=DIRECTION('',(0.,0.965925826289068,-0.258819045102522));
#1815=DIRECTION('',(0.,0.258819045102521,0.965925826289068));
#1816=DIRECTION('',(0.,-0.258819045102522,-0.965925826289068));
#1817=DIRECTION('',(0.,0.965925826289068,-0.258819045102522));
#1818=DIRECTION('',(0.,0.258819045102521,0.965925826289068));
#1819=DIRECTION('',(0.,-0.965925826289068,0.258819045102521));
#1820=DIRECTION('',(0.,-0.258819045102522,-0.965925826289068));
#1821=DIRECTION('',(0.,0.965925826289068,-0.258819045102522));
#1822=DIRECTION('',(0.,0.258819045102521,0.965925826289068));
#1823=DIRECTION('',(0.,-0.258819045102522,-0.965925826289068));
#1824=DIRECTION('',(0.,0.965925826289068,-0.258819045102522));
#1825=DIRECTION('',(0.,0.258819045102521,0.965925826289069));
#1826=DIRECTION('',(0.,0.258819045102521,0.965925826289068));
#1827=DIRECTION('',(0.,-0.965925826289068,0.258819045102521));
#1828=DIRECTION('',(0.,0.258819045102521,0.965925826289068));
#1829=DIRECTION('',(0.,-0.258819045102522,-0.965925826289068));
#1830=DIRECTION('',(0.,0.965925826289068,-0.258819045102522));
#1831=DIRECTION('',(0.,0.258819045102521,0.965925826289068));
#1832=DIRECTION('',(0.,-0.258819045102522,-0.965925826289068));
#1833=DIRECTION('',(0.,0.965925826289068,-0.258819045102522));
#1834=DIRECTION('',(0.,0.258819045102521,0.965925826289068));
#1835=DIRECTION('',(0.,-0.965925826289068,0.258819045102521));
#1836=DIRECTION('',(0.,-0.258819045102522,-0.965925826289068));
#1837=DIRECTION('',(0.,0.965925826289068,-0.258819045102522));
#1838=DIRECTION('',(0.,0.258819045102521,0.965925826289068));
#1839=DIRECTION('',(0.,-0.258819045102522,-0.965925826289068));
#1840=DIRECTION('',(0.,0.965925826289068,-0.258819045102522));
#1841=DIRECTION('',(0.,0.258819045102521,0.965925826289068));
#1842=DIRECTION('',(0.,0.258819045102521,0.965925826289068));
#1843=DIRECTION('',(0.,-0.965925826289068,0.258819045102521));
#1844=DIRECTION('',(0.,-0.258819045102522,-0.965925826289068));
#1845=DIRECTION('',(0.,0.965925826289068,-0.258819045102522));
#1846=DIRECTION('',(0.,0.258819045102521,0.965925826289068));
#1847=DIRECTION('',(0.,-0.258819045102522,-0.965925826289068));
#1848=DIRECTION('',(0.,0.965925826289068,-0.258819045102522));
#1849=DIRECTION('',(0.,0.258819045102521,0.965925826289068));
#1850=DIRECTION('',(0.,-0.258819045102521,-0.965925826289068));
#1851=DIRECTION('',(1.,0.,0.));
#1852=DIRECTION('',(0.,-0.258819045102521,-0.965925826289068));
#1853=DIRECTION('',(-0.587785252292473,-0.78145040877352,0.209389005955836));
#1854=DIRECTION('',(0.,-0.258819045102521,-0.965925826289068));
#1855=DIRECTION('',(0.,0.965925826289068,-0.258819045102521));
#1856=DIRECTION('',(0.,-0.258819045102521,-0.965925826289068));
#1857=DIRECTION('',(1.22464679914735E-16,-0.965925826289068,0.258819045102521));
#1858=DIRECTION('',(0.,-0.258819045102521,-0.965925826289068));
#1859=DIRECTION('',(1.22464679914735E-16,-0.965925826289068,0.258819045102521));
#1860=DIRECTION('',(0.,-0.258819045102521,-0.965925826289068));
#1861=DIRECTION('',(1.22464679914735E-16,-0.965925826289068,0.258819045102521));
#1862=DIRECTION('',(0.,-0.258819045102521,-0.965925826289068));
#1863=DIRECTION('',(0.,0.965925826289068,-0.258819045102521));
#1864=DIRECTION('',(0.,-0.258819045102521,-0.965925826289069));
#1865=DIRECTION('',(0.587785252292473,-0.78145040877352,0.209389005955836));
#1866=DIRECTION('',(0.,-0.258819045102521,-0.965925826289069));
#1867=DIRECTION('',(0.587785252292473,-0.78145040877352,0.209389005955836));
#1868=DIRECTION('',(0.,-0.258819045102521,-0.965925826289069));
#1869=DIRECTION('',(0.587785252292473,-0.78145040877352,0.209389005955836));
#1870=DIRECTION('',(0.,-0.258819045102521,-0.965925826289068));
#1871=DIRECTION('',(0.,0.965925826289068,-0.258819045102521));
#1872=DIRECTION('',(0.,-0.258819045102521,-0.965925826289068));
#1873=DIRECTION('',(0.951056516295154,-0.298487495628985,0.079979483404575));
#1874=DIRECTION('',(0.,-0.258819045102521,-0.965925826289068));
#1875=DIRECTION('',(0.951056516295154,-0.298487495628985,0.079979483404575));
#1876=DIRECTION('',(0.,-0.258819045102521,-0.965925826289068));
#1877=DIRECTION('',(0.951056516295154,-0.298487495628985,0.079979483404575));
#1878=DIRECTION('',(0.,-0.258819045102521,-0.965925826289068));
#1879=DIRECTION('',(0.,0.965925826289068,-0.258819045102521));
#1880=DIRECTION('',(0.,-0.258819045102521,-0.965925826289068));
#1881=DIRECTION('',(0.951056516295154,0.298487495628985,-0.0799794834045749));
#1882=DIRECTION('',(0.,-0.258819045102521,-0.965925826289068));
#1883=DIRECTION('',(0.951056516295154,0.298487495628985,-0.0799794834045749));
#1884=DIRECTION('',(0.,-0.258819045102521,-0.965925826289068));
#1885=DIRECTION('',(0.951056516295154,0.298487495628985,-0.0799794834045749));
#1886=DIRECTION('',(0.,-0.258819045102521,-0.965925826289068));
#1887=DIRECTION('',(0.,0.965925826289068,-0.258819045102521));
#1888=DIRECTION('',(0.,-0.258819045102521,-0.965925826289068));
#1889=DIRECTION('',(0.587785252292473,0.78145040877352,-0.209389005955836));
#1890=DIRECTION('',(0.,-0.258819045102521,-0.965925826289068));
#1891=DIRECTION('',(0.587785252292473,0.78145040877352,-0.209389005955836));
#1892=DIRECTION('',(0.,-0.258819045102521,-0.965925826289068));
#1893=DIRECTION('',(0.587785252292473,0.78145040877352,-0.209389005955836));
#1894=DIRECTION('',(0.,-0.258819045102521,-0.965925826289068));
#1895=DIRECTION('',(0.,0.965925826289068,-0.258819045102521));
#1896=DIRECTION('',(0.,-0.258819045102521,-0.965925826289068));
#1897=DIRECTION('',(0.,0.965925826289068,-0.258819045102521));
#1898=DIRECTION('',(0.,-0.258819045102521,-0.965925826289068));
#1899=DIRECTION('',(0.,0.965925826289068,-0.258819045102521));
#1900=DIRECTION('',(0.,-0.258819045102521,-0.965925826289068));
#1901=DIRECTION('',(0.,0.965925826289068,-0.258819045102521));
#1902=DIRECTION('',(0.,-0.258819045102521,-0.965925826289068));
#1903=DIRECTION('',(0.,0.965925826289068,-0.258819045102521));
#1904=DIRECTION('',(0.,-0.258819045102521,-0.965925826289068));
#1905=DIRECTION('',(-0.587785252292473,0.78145040877352,-0.209389005955836));
#1906=DIRECTION('',(0.,-0.258819045102521,-0.965925826289068));
#1907=DIRECTION('',(-0.587785252292473,0.78145040877352,-0.209389005955836));
#1908=DIRECTION('',(0.,-0.258819045102521,-0.965925826289068));
#1909=DIRECTION('',(-0.587785252292473,0.78145040877352,-0.209389005955836));
#1910=DIRECTION('',(0.,-0.258819045102521,-0.965925826289068));
#1911=DIRECTION('',(0.,0.965925826289068,-0.258819045102521));
#1912=DIRECTION('',(0.,-0.258819045102521,-0.965925826289068));
#1913=DIRECTION('',(-0.951056516295154,0.298487495628985,-0.0799794834045748));
#1914=DIRECTION('',(0.,-0.258819045102521,-0.965925826289068));
#1915=DIRECTION('',(-0.951056516295154,0.298487495628985,-0.0799794834045748));
#1916=DIRECTION('',(0.,-0.258819045102521,-0.965925826289068));
#1917=DIRECTION('',(-0.951056516295154,0.298487495628985,-0.0799794834045748));
#1918=DIRECTION('',(0.,-0.258819045102521,-0.965925826289068));
#1919=DIRECTION('',(0.,0.965925826289068,-0.258819045102521));
#1920=DIRECTION('',(0.,-0.258819045102521,-0.965925826289068));
#1921=DIRECTION('',(-0.951056516295154,-0.298487495628985,0.079979483404575));
#1922=DIRECTION('',(0.,-0.258819045102521,-0.965925826289068));
#1923=DIRECTION('',(-0.951056516295154,-0.298487495628985,0.079979483404575));
#1924=DIRECTION('',(0.,-0.258819045102521,-0.965925826289068));
#1925=DIRECTION('',(-0.951056516295154,-0.298487495628985,0.079979483404575));
#1926=DIRECTION('',(0.,-0.258819045102521,-0.965925826289068));
#1927=DIRECTION('',(0.,0.965925826289068,-0.258819045102521));
#1928=DIRECTION('',(0.,-0.258819045102521,-0.965925826289068));
#1929=DIRECTION('',(-0.587785252292473,-0.78145040877352,0.209389005955836));
#1930=DIRECTION('',(0.,-0.258819045102521,-0.965925826289068));
#1931=DIRECTION('',(-0.587785252292473,-0.78145040877352,0.209389005955836));
#1932=DIRECTION('',(0.,0.258819045102522,0.965925826289068));
#1933=DIRECTION('',(0.,-0.965925826289068,0.258819045102522));
#1934=DIRECTION('',(0.,-0.258819045102521,-0.965925826289068));
#1935=DIRECTION('',(0.,0.965925826289068,-0.258819045102521));
#1936=DIRECTION('',(0.,0.258819045102522,0.965925826289068));
#1937=DIRECTION('',(0.,-0.965925826289068,0.258819045102522));
#1938=DIRECTION('',(0.,-0.258819045102521,-0.965925826289068));
#1939=DIRECTION('',(0.,0.965925826289068,-0.258819045102521));
#1940=DIRECTION('',(0.,0.258819045102522,0.965925826289068));
#1941=DIRECTION('',(0.,-0.965925826289068,0.258819045102522));
#1942=DIRECTION('',(0.,-0.258819045102521,-0.965925826289068));
#1943=DIRECTION('',(0.,0.965925826289068,-0.258819045102521));
#1944=DIRECTION('',(0.,0.258819045102522,0.965925826289068));
#1945=DIRECTION('',(0.,-0.965925826289068,0.258819045102522));
#1946=DIRECTION('',(0.,-0.258819045102521,-0.965925826289068));
#1947=DIRECTION('',(0.,0.965925826289068,-0.258819045102521));
#1948=DIRECTION('',(0.,0.258819045102522,0.965925826289068));
#1949=DIRECTION('',(0.,-0.965925826289068,0.258819045102522));
#1950=DIRECTION('',(0.,-0.258819045102521,-0.965925826289068));
#1951=DIRECTION('',(0.,0.965925826289068,-0.258819045102521));
#1952=DIRECTION('',(0.,0.258819045102522,0.965925826289068));
#1953=DIRECTION('',(0.,-0.965925826289068,0.258819045102522));
#1954=DIRECTION('',(0.,-0.258819045102521,-0.965925826289068));
#1955=DIRECTION('',(0.,0.965925826289068,-0.258819045102521));
#1956=DIRECTION('',(0.,0.258819045102522,0.965925826289068));
#1957=DIRECTION('',(0.,-0.965925826289068,0.258819045102522));
#1958=DIRECTION('',(0.,-0.258819045102521,-0.965925826289068));
#1959=DIRECTION('',(0.,0.965925826289068,-0.258819045102521));
#1960=DIRECTION('',(0.,0.258819045102522,0.965925826289068));
#1961=DIRECTION('',(0.,-0.965925826289068,0.258819045102522));
#1962=DIRECTION('',(0.,-0.258819045102521,-0.965925826289068));
#1963=DIRECTION('',(0.,0.965925826289068,-0.258819045102521));
#1964=DIRECTION('',(0.,0.258819045102522,0.965925826289068));
#1965=DIRECTION('',(0.,-0.965925826289068,0.258819045102522));
#1966=DIRECTION('',(0.,-0.258819045102521,-0.965925826289068));
#1967=DIRECTION('',(0.,0.965925826289068,-0.258819045102521));
#1968=DIRECTION('',(0.,0.258819045102522,0.965925826289068));
#1969=DIRECTION('',(0.,-0.965925826289068,0.258819045102522));
#1970=DIRECTION('',(0.,-0.258819045102522,-0.965925826289068));
#1971=DIRECTION('',(0.,0.965925826289068,-0.258819045102522));
#1972=DIRECTION('',(0.,-0.258819045102521,-0.965925826289068));
#1973=DIRECTION('',(0.,0.965925826289068,-0.258819045102521));
#1974=DIRECTION('',(0.,-0.258819045102522,-0.965925826289068));
#1975=DIRECTION('',(0.,0.965925826289068,-0.258819045102522));
#1976=DIRECTION('',(0.,-0.258819045102522,-0.965925826289068));
#1977=DIRECTION('',(0.,0.965925826289068,-0.258819045102522));
#1978=DIRECTION('',(0.,-0.258819045102522,-0.965925826289068));
#1979=DIRECTION('',(0.,0.965925826289068,-0.258819045102522));
#1980=DIRECTION('',(0.,-0.258819045102522,-0.965925826289068));
#1981=DIRECTION('',(0.,0.965925826289068,-0.258819045102522));
#1982=DIRECTION('',(0.,-0.258819045102522,-0.965925826289068));
#1983=DIRECTION('',(0.,0.965925826289068,-0.258819045102522));
#1984=DIRECTION('',(0.,-0.258819045102522,-0.965925826289068));
#1985=DIRECTION('',(0.,0.965925826289068,-0.258819045102522));
#1986=DIRECTION('',(0.,-0.258819045102522,-0.965925826289068));
#1987=DIRECTION('',(0.,0.965925826289068,-0.258819045102522));
#1988=DIRECTION('',(0.,-0.258819045102522,-0.965925826289068));
#1989=DIRECTION('',(0.,0.965925826289068,-0.258819045102522));
#1990=DIRECTION('',(0.,-0.258819045102522,-0.965925826289068));
#1991=DIRECTION('',(0.,0.965925826289068,-0.258819045102522));
#1992=DIRECTION('',(0.,-0.258819045102522,-0.965925826289068));
#1993=DIRECTION('',(0.,0.965925826289068,-0.258819045102522));
#1994=DIRECTION('',(0.,-0.258819045102522,-0.965925826289068));
#1995=DIRECTION('',(0.,0.965925826289068,-0.258819045102522));
#1996=DIRECTION('',(0.,0.258819045102521,0.965925826289068));
#1997=DIRECTION('',(0.,-0.965925826289068,0.258819045102521));
#1998=DIRECTION('',(0.,0.258819045102521,0.965925826289068));
#1999=DIRECTION('',(0.,0.258819045102521,0.965925826289068));
#2000=DIRECTION('',(0.,-0.258819045102521,-0.965925826289068));
#2001=DIRECTION('',(1.,0.,0.));
#2002=DIRECTION('',(0.,-0.258819045102521,-0.965925826289068));
#2003=DIRECTION('',(-0.587785252292473,-0.78145040877352,0.209389005955836));
#2004=DIRECTION('',(0.,-0.258819045102521,-0.965925826289068));
#2005=DIRECTION('',(-0.587785252292473,-0.78145040877352,0.209389005955836));
#2006=DIRECTION('',(0.,-0.258819045102521,-0.965925826289068));
#2007=DIRECTION('',(-0.587785252292473,-0.78145040877352,0.209389005955836));
#2008=DIRECTION('',(0.,-0.258819045102521,-0.965925826289068));
#2009=DIRECTION('',(-0.951056516295154,-0.298487495628985,0.079979483404575));
#2010=DIRECTION('',(0.,-0.258819045102521,-0.965925826289068));
#2011=DIRECTION('',(-0.951056516295154,-0.298487495628985,0.079979483404575));
#2012=DIRECTION('',(0.,-0.258819045102521,-0.965925826289068));
#2013=DIRECTION('',(-0.951056516295154,-0.298487495628985,0.079979483404575));
#2014=DIRECTION('',(0.,-0.258819045102521,-0.965925826289068));
#2015=DIRECTION('',(-0.951056516295154,0.298487495628985,-0.0799794834045748));
#2016=DIRECTION('',(0.,-0.258819045102521,-0.965925826289068));
#2017=DIRECTION('',(-0.951056516295154,0.298487495628985,-0.0799794834045748));
#2018=DIRECTION('',(0.,-0.258819045102521,-0.965925826289068));
#2019=DIRECTION('',(-0.951056516295154,0.298487495628985,-0.0799794834045748));
#2020=DIRECTION('',(0.,-0.258819045102521,-0.965925826289068));
#2021=DIRECTION('',(-0.587785252292473,0.78145040877352,-0.209389005955836));
#2022=DIRECTION('',(0.,-0.258819045102521,-0.965925826289068));
#2023=DIRECTION('',(-0.587785252292473,0.78145040877352,-0.209389005955836));
#2024=DIRECTION('',(0.,-0.258819045102521,-0.965925826289068));
#2025=DIRECTION('',(-0.587785252292473,0.78145040877352,-0.209389005955836));
#2026=DIRECTION('',(0.,-0.258819045102521,-0.965925826289068));
#2027=DIRECTION('',(0.,0.965925826289068,-0.258819045102521));
#2028=DIRECTION('',(0.,-0.258819045102521,-0.965925826289068));
#2029=DIRECTION('',(0.,0.965925826289068,-0.258819045102521));
#2030=DIRECTION('',(0.,-0.258819045102521,-0.965925826289068));
#2031=DIRECTION('',(0.,0.965925826289068,-0.258819045102521));
#2032=DIRECTION('',(0.,-0.258819045102521,-0.965925826289068));
#2033=DIRECTION('',(0.587785252292473,0.78145040877352,-0.209389005955836));
#2034=DIRECTION('',(0.,-0.258819045102521,-0.965925826289068));
#2035=DIRECTION('',(0.587785252292473,0.78145040877352,-0.209389005955836));
#2036=DIRECTION('',(0.,-0.258819045102521,-0.965925826289068));
#2037=DIRECTION('',(0.587785252292473,0.78145040877352,-0.209389005955836));
#2038=DIRECTION('',(0.,-0.258819045102521,-0.965925826289068));
#2039=DIRECTION('',(0.951056516295154,0.298487495628985,-0.0799794834045749));
#2040=DIRECTION('',(0.,-0.258819045102521,-0.965925826289068));
#2041=DIRECTION('',(0.951056516295154,0.298487495628985,-0.0799794834045749));
#2042=DIRECTION('',(0.,-0.258819045102521,-0.965925826289068));
#2043=DIRECTION('',(0.951056516295154,0.298487495628985,-0.0799794834045749));
#2044=DIRECTION('',(0.,-0.258819045102521,-0.965925826289068));
#2045=DIRECTION('',(0.951056516295154,-0.298487495628985,0.079979483404575));
#2046=DIRECTION('',(0.,-0.258819045102521,-0.965925826289068));
#2047=DIRECTION('',(0.951056516295154,-0.298487495628985,0.079979483404575));
#2048=DIRECTION('',(0.,-0.258819045102521,-0.965925826289068));
#2049=DIRECTION('',(0.951056516295154,-0.298487495628985,0.079979483404575));
#2050=DIRECTION('',(0.,-0.258819045102521,-0.965925826289069));
#2051=DIRECTION('',(0.587785252292473,-0.78145040877352,0.209389005955836));
#2052=DIRECTION('',(0.,-0.258819045102521,-0.965925826289069));
#2053=DIRECTION('',(0.587785252292473,-0.78145040877352,0.209389005955836));
#2054=DIRECTION('',(0.,-0.258819045102521,-0.965925826289069));
#2055=DIRECTION('',(0.587785252292473,-0.78145040877352,0.209389005955836));
#2056=DIRECTION('',(0.,-0.258819045102521,-0.965925826289068));
#2057=DIRECTION('',(1.22464679914735E-16,-0.965925826289068,0.258819045102521));
#2058=DIRECTION('',(0.,-0.258819045102521,-0.965925826289068));
#2059=DIRECTION('',(1.22464679914735E-16,-0.965925826289068,0.258819045102521));
#2060=DIRECTION('',(0.,-0.258819045102521,-0.965925826289068));
#2061=DIRECTION('',(1.22464679914735E-16,-0.965925826289068,0.258819045102521));
#2062=DIRECTION('',(0.,-0.258819045102521,-0.965925826289068));
#2063=DIRECTION('',(0.,0.965925826289068,-0.258819045102521));
#2064=DIRECTION('',(0.,0.258819045102521,0.965925826289068));
#2065=DIRECTION('',(0.,0.258819045102521,0.965925826289068));
#2066=DIRECTION('',(0.,0.258819045102521,0.965925826289068));
#2067=DIRECTION('',(0.,-0.965925826289068,0.258819045102521));
#2068=DIRECTION('',(0.,0.258819045102521,0.965925826289068));
#2069=DIRECTION('',(0.,0.258819045102521,0.965925826289068));
#2070=DIRECTION('',(0.,0.258819045102521,0.965925826289068));
#2071=DIRECTION('',(0.,-0.965925826289068,0.258819045102521));
#2072=DIRECTION('',(0.,0.258819045102521,0.965925826289068));
#2073=DIRECTION('',(0.,-0.965925826289068,0.258819045102521));
#2074=DIRECTION('',(0.,0.258819045102521,0.965925826289068));
#2075=DIRECTION('',(0.,0.258819045102521,0.965925826289068));
#2076=DIRECTION('',(0.,0.258819045102521,0.965925826289068));
#2077=DIRECTION('',(0.587785252292473,-0.78145040877352,0.209389005955836));
#2078=DIRECTION('',(0.,0.258819045102521,0.965925826289068));
#2079=DIRECTION('',(0.,0.258819045102521,0.965925826289068));
#2080=DIRECTION('',(0.,0.258819045102521,0.965925826289068));
#2081=DIRECTION('',(0.587785252292473,-0.78145040877352,0.209389005955836));
#2082=DIRECTION('',(0.,0.258819045102521,0.965925826289068));
#2083=DIRECTION('',(0.587785252292473,-0.78145040877352,0.209389005955836));
#2084=DIRECTION('',(0.,0.258819045102521,0.965925826289068));
#2085=DIRECTION('',(0.,0.258819045102521,0.965925826289068));
#2086=DIRECTION('',(0.,0.258819045102521,0.965925826289068));
#2087=DIRECTION('',(-0.951056516295154,-0.298487495628985,0.0799794834045749));
#2088=DIRECTION('',(0.,0.258819045102521,0.965925826289068));
#2089=DIRECTION('',(0.,0.258819045102521,0.965925826289068));
#2090=DIRECTION('',(0.,0.258819045102521,0.965925826289068));
#2091=DIRECTION('',(-0.951056516295154,-0.298487495628985,0.0799794834045749));
#2092=DIRECTION('',(0.,0.258819045102521,0.965925826289068));
#2093=DIRECTION('',(-0.951056516295154,-0.298487495628985,0.0799794834045749));
#2094=DIRECTION('',(0.,0.258819045102521,0.965925826289068));
#2095=DIRECTION('',(0.,0.258819045102521,0.965925826289068));
#2096=DIRECTION('',(0.,0.258819045102521,0.965925826289068));
#2097=DIRECTION('',(-0.587785252292473,-0.78145040877352,0.209389005955836));
#2098=DIRECTION('',(0.,0.258819045102521,0.965925826289068));
#2099=DIRECTION('',(0.,0.258819045102521,0.965925826289068));
#2100=DIRECTION('',(0.,0.258819045102521,0.965925826289068));
#2101=DIRECTION('',(-0.587785252292473,-0.78145040877352,0.209389005955836));
#2102=DIRECTION('',(0.,0.258819045102521,0.965925826289068));
#2103=DIRECTION('',(-0.587785252292473,-0.78145040877352,0.209389005955836));
#2104=DIRECTION('',(0.,0.258819045102521,0.965925826289069));
#2105=DIRECTION('',(0.,0.258819045102521,0.965925826289069));
#2106=DIRECTION('',(0.,0.258819045102521,0.965925826289069));
#2107=DIRECTION('',(-0.587785252292473,0.78145040877352,-0.209389005955836));
#2108=DIRECTION('',(0.,0.258819045102521,0.965925826289069));
#2109=DIRECTION('',(0.,0.258819045102521,0.965925826289069));
#2110=DIRECTION('',(0.,0.258819045102521,0.965925826289069));
#2111=DIRECTION('',(-0.587785252292473,0.78145040877352,-0.209389005955836));
#2112=DIRECTION('',(0.,0.258819045102521,0.965925826289069));
#2113=DIRECTION('',(-0.587785252292473,0.78145040877352,-0.209389005955836));
#2114=DIRECTION('',(0.,0.258819045102521,0.965925826289068));
#2115=DIRECTION('',(0.,0.258819045102521,0.965925826289068));
#2116=DIRECTION('',(0.,0.258819045102521,0.965925826289068));
#2117=DIRECTION('',(-0.951056516295154,0.298487495628985,-0.079979483404575));
#2118=DIRECTION('',(0.,0.258819045102521,0.965925826289068));
#2119=DIRECTION('',(0.,0.258819045102521,0.965925826289068));
#2120=DIRECTION('',(0.,0.258819045102521,0.965925826289068));
#2121=DIRECTION('',(-0.951056516295154,0.298487495628985,-0.079979483404575));
#2122=DIRECTION('',(0.,0.258819045102521,0.965925826289068));
#2123=DIRECTION('',(-0.951056516295154,0.298487495628985,-0.079979483404575));
#2124=DIRECTION('',(0.,0.258819045102521,0.965925826289068));
#2125=DIRECTION('',(0.,0.258819045102521,0.965925826289068));
#2126=DIRECTION('',(0.,0.258819045102521,0.965925826289068));
#2127=DIRECTION('',(0.951056516295154,-0.298487495628985,0.0799794834045748));
#2128=DIRECTION('',(0.,0.258819045102521,0.965925826289068));
#2129=DIRECTION('',(0.,0.258819045102521,0.965925826289068));
#2130=DIRECTION('',(0.,0.258819045102521,0.965925826289068));
#2131=DIRECTION('',(0.951056516295154,-0.298487495628985,0.0799794834045748));
#2132=DIRECTION('',(0.,0.258819045102521,0.965925826289068));
#2133=DIRECTION('',(0.951056516295154,-0.298487495628985,0.0799794834045748));
#2134=DIRECTION('',(0.,0.258819045102521,0.965925826289068));
#2135=DIRECTION('',(0.,0.258819045102521,0.965925826289068));
#2136=DIRECTION('',(0.,0.258819045102521,0.965925826289068));
#2137=DIRECTION('',(0.951056516295154,0.298487495628985,-0.079979483404575));
#2138=DIRECTION('',(0.,0.258819045102521,0.965925826289068));
#2139=DIRECTION('',(0.,0.258819045102521,0.965925826289068));
#2140=DIRECTION('',(0.,0.258819045102521,0.965925826289068));
#2141=DIRECTION('',(0.951056516295154,0.298487495628985,-0.079979483404575));
#2142=DIRECTION('',(0.,0.258819045102521,0.965925826289068));
#2143=DIRECTION('',(0.951056516295154,0.298487495628985,-0.079979483404575));
#2144=DIRECTION('',(0.,0.258819045102521,0.965925826289068));
#2145=DIRECTION('',(0.,0.258819045102521,0.965925826289068));
#2146=DIRECTION('',(0.,0.258819045102521,0.965925826289068));
#2147=DIRECTION('',(-1.22464679914735E-16,0.965925826289068,-0.258819045102521));
#2148=DIRECTION('',(0.,0.258819045102521,0.965925826289068));
#2149=DIRECTION('',(0.,0.258819045102521,0.965925826289068));
#2150=DIRECTION('',(0.,0.258819045102521,0.965925826289068));
#2151=DIRECTION('',(-1.22464679914735E-16,0.965925826289068,-0.258819045102521));
#2152=DIRECTION('',(0.,0.258819045102521,0.965925826289068));
#2153=DIRECTION('',(-1.22464679914735E-16,0.965925826289068,-0.258819045102521));
#2154=DIRECTION('',(0.,0.258819045102521,0.965925826289068));
#2155=DIRECTION('',(0.,0.258819045102521,0.965925826289068));
#2156=DIRECTION('',(0.,0.258819045102521,0.965925826289068));
#2157=DIRECTION('',(0.587785252292473,0.78145040877352,-0.209389005955836));
#2158=DIRECTION('',(0.,0.258819045102521,0.965925826289068));
#2159=DIRECTION('',(0.,0.258819045102521,0.965925826289068));
#2160=DIRECTION('',(0.,0.258819045102521,0.965925826289068));
#2161=DIRECTION('',(0.587785252292473,0.78145040877352,-0.209389005955836));
#2162=DIRECTION('',(0.,0.258819045102521,0.965925826289068));
#2163=DIRECTION('',(0.587785252292473,0.78145040877352,-0.209389005955836));
#2164=DIRECTION('',(-2.77555756156289E-17,0.258819045102521,0.965925826289068));
#2165=DIRECTION('',(0.,-0.965925826289068,0.258819045102521));
#2166=DIRECTION('',(2.77555756156289E-17,-0.258819045102521,-0.965925826289068));
#2167=DIRECTION('',(0.,0.965925826289068,-0.258819045102521));
#2168=DIRECTION('',(2.77555756156289E-17,-0.258819045102521,-0.965925826289068));
#2169=DIRECTION('',(0.,0.965925826289068,-0.258819045102521));
#2170=DIRECTION('',(2.77555756156289E-17,-0.258819045102521,-0.965925826289068));
#2171=DIRECTION('',(1.,7.18367157710788E-18,2.6809827310655E-17));
#2172=DIRECTION('',(2.77555756156289E-17,-0.258819045102521,-0.965925826289068));
#2173=DIRECTION('',(0.,0.965925826289068,-0.258819045102521));
#2174=DIRECTION('',(2.77555756156289E-17,-0.258819045102521,-0.965925826289068));
#2175=DIRECTION('',(1.,7.18367157710788E-18,2.6809827310655E-17));
#2176=DIRECTION('',(-2.77555756156289E-17,0.258819045102521,0.965925826289068));
#2177=DIRECTION('',(0.,-0.965925826289068,0.258819045102521));
#2178=CARTESIAN_POINT('',(0.,0.,0.));
#2179=CARTESIAN_POINT('',(-0.0151999945628841,-0.053582262931974,0.127719330381875));
#2180=CARTESIAN_POINT('',(-0.0151999945628841,-0.0512528915260513,0.136412662818477));
#2181=CARTESIAN_POINT('',(-0.0151999945628841,-0.0489588176886148,0.135797967586358));
#2182=CARTESIAN_POINT('',(-0.0151999945628841,-0.0520293486613589,0.133514885339609));
#2183=CARTESIAN_POINT('',(-0.0151999945628841,-0.0497352748239224,0.132900190107491));
#2184=CARTESIAN_POINT('',(-0.0151999945628841,-0.053582262931974,0.127719330381875));
#2185=CARTESIAN_POINT('',(-0.0208087525640204,-0.0515237225467258,0.127167746148061));
#2186=CARTESIAN_POINT('',(-0.0208087525640204,-0.0510578482655413,0.128906412635381));
#2187=CARTESIAN_POINT('',(-0.0208087525640204,-0.0496602254219877,0.134122412097342));
#2188=CARTESIAN_POINT('',(-0.0151999945628841,-0.0531163886507894,0.129457996869195));
#2189=CARTESIAN_POINT('',(-0.0209902382443071,-0.0515973714392002,0.129050977434057));
#2190=CARTESIAN_POINT('',(-0.0209902382443071,-0.0520632457203838,0.12731231094674));
#2191=CARTESIAN_POINT('',(-0.0209902382443071,-0.0501997485956446,0.134266976896025));
#2192=CARTESIAN_POINT('',(-0.0151999945628841,-0.0517187658072358,0.134673996331156));
#2193=CARTESIAN_POINT('',(-0.0151999945628841,-0.053582262931974,0.127719330381875));
#2194=CARTESIAN_POINT('',(-0.0209902382443106,-0.0551012801435689,0.128126349817011));
#2195=CARTESIAN_POINT('',(-0.0209902382443106,-0.0546354058623843,0.129865016304331));
#2196=CARTESIAN_POINT('',(-0.0209902382443106,-0.0532377830188307,0.135081015766292));
#2197=CARTESIAN_POINT('',(-0.0151999945628841,-0.0531163886507894,0.129457996869195));
#2198=CARTESIAN_POINT('',(-0.0208087525640147,-0.0551749290360404,0.130009581103006));
#2199=CARTESIAN_POINT('',(-0.0208087525640147,-0.0556408033172239,0.12827091461569));
#2200=CARTESIAN_POINT('',(-0.0208087525640147,-0.0537773061924847,0.135225580564975));
#2201=CARTESIAN_POINT('',(-0.0151999945628841,-0.0517187658072358,0.134673996331156));
#2202=CARTESIAN_POINT('',(-0.0151999945628841,-0.053582262931974,0.127719330381875));
#2203=CARTESIAN_POINT('',(-0.0151999945628841,-0.0531163886507894,0.129457996869195));
#2204=CARTESIAN_POINT('',(-0.0184849119619689,-0.0482665831286488,0.12815849539609));
#2205=CARTESIAN_POINT('',(-0.0189600476414403,-0.0486000267876915,0.128247841355247));
#2206=CARTESIAN_POINT('',(-0.0189600476414403,-0.049065901068875,0.126509174867931));
#2207=CARTESIAN_POINT('',(-0.0189600476414403,-0.0472024039441359,0.133463840817216));
#2208=CARTESIAN_POINT('',(-0.0151999945628841,-0.0517187658072358,0.134673996331156));
#2209=CARTESIAN_POINT('',(-0.0184849119619689,-0.0468689602850952,0.133374494858051));
#2210=CARTESIAN_POINT('',(-0.0184849119619689,-0.0487324574098333,0.126419828908769));
#2211=CARTESIAN_POINT('',(-0.0151999945628841,-0.053582262931974,0.127719330381875));
#2212=CARTESIAN_POINT('',(-0.0151999945628841,-0.0531163886507894,0.129457996869195));
#2213=CARTESIAN_POINT('',(-0.014906344563703,-0.0473277788623871,0.127906943551094));
#2214=CARTESIAN_POINT('',(-0.0154936445620687,-0.0473277788623928,0.127906943551091));
#2215=CARTESIAN_POINT('',(-0.0154936445620687,-0.0477936531435763,0.126168277063775));
#2216=CARTESIAN_POINT('',(-0.0154936445620687,-0.0459301560188371,0.13312294301306));
#2217=CARTESIAN_POINT('',(-0.0151999945628841,-0.0517187658072358,0.134673996331156));
#2218=CARTESIAN_POINT('',(-0.014906344563703,-0.0459301560188335,0.133122943013055));
#2219=CARTESIAN_POINT('',(-0.014906344563703,-0.0477936531435716,0.126168277063774));
#2220=CARTESIAN_POINT('',(-0.0151999945628841,-0.053582262931974,0.127719330381875));
#2221=CARTESIAN_POINT('',(-0.0154936445620652,-0.0593708727203764,0.129270383699976));
#2222=CARTESIAN_POINT('',(-0.0154936445620652,-0.0589049984391918,0.131009050187297));
#2223=CARTESIAN_POINT('',(-0.0154936445620652,-0.0575073755956382,0.136225049649258));
#2224=CARTESIAN_POINT('',(-0.0151999945628841,-0.0531163886507894,0.129457996869195));
#2225=CARTESIAN_POINT('',(-0.0149063445636995,-0.0589049984391882,0.131009050187292));
#2226=CARTESIAN_POINT('',(-0.0149063445636995,-0.0593708727203717,0.129270383699975));
#2227=CARTESIAN_POINT('',(-0.0149063445636995,-0.0575073755956325,0.13622504964926));
#2228=CARTESIAN_POINT('',(-0.0151999945628841,-0.0517187658072358,0.134673996331156));
#2229=CARTESIAN_POINT('',(-0.0151999945628841,-0.053582262931974,0.127719330381875));
#2230=CARTESIAN_POINT('',(-0.0151999945628841,-0.0531163886507894,0.129457996869195));
#2231=CARTESIAN_POINT('',(-0.0189600476414403,-0.0576327505138942,0.130668152383141));
#2232=CARTESIAN_POINT('',(-0.0184849119619632,-0.0579661941729293,0.130757498342297));
#2233=CARTESIAN_POINT('',(-0.0184849119619632,-0.0584320684541128,0.12901883185498));
#2234=CARTESIAN_POINT('',(-0.0184849119619632,-0.0565685713293737,0.135973497804265));
#2235=CARTESIAN_POINT('',(-0.0151999945628841,-0.0517187658072358,0.134673996331156));
#2236=CARTESIAN_POINT('',(-0.0189600476414403,-0.0562351276703406,0.135884151845102));
#2237=CARTESIAN_POINT('',(-0.0189600476414403,-0.0580986247950787,0.128929485895821));
#2238=CARTESIAN_POINT('',(-0.0151999945628841,-0.053582262931974,0.127719330381875));
#2239=CARTESIAN_POINT('',(-0.00959123656174781,-0.0556408033172221,0.128270914615689));
#2240=CARTESIAN_POINT('',(-0.00959123656174781,-0.0551749290360376,0.130009581103009));
#2241=CARTESIAN_POINT('',(-0.00959123656174781,-0.053777306192484,0.13522558056497));
#2242=CARTESIAN_POINT('',(-0.0151999945628841,-0.0531163886507894,0.129457996869195));
#2243=CARTESIAN_POINT('',(-0.00940975088146105,-0.0546354058623807,0.129865016304326));
#2244=CARTESIAN_POINT('',(-0.00940975088146105,-0.0551012801435642,0.12812634981701));
#2245=CARTESIAN_POINT('',(-0.00940975088146105,-0.053237783018825,0.135081015766295));
#2246=CARTESIAN_POINT('',(-0.0151999945628841,-0.0517187658072358,0.134673996331156));
#2247=CARTESIAN_POINT('',(-0.0151999945628841,-0.053582262931974,0.127719330381875));
#2248=CARTESIAN_POINT('',(-0.0151999945628841,-0.0531163886507894,0.129457996869195));
#2249=CARTESIAN_POINT('',(-0.0119150771637992,-0.0579661941729301,0.130757498342301));
#2250=CARTESIAN_POINT('',(-0.0114399414843279,-0.0576327505138894,0.130668152383136));
#2251=CARTESIAN_POINT('',(-0.0114399414843279,-0.0580986247950729,0.128929485895819));
#2252=CARTESIAN_POINT('',(-0.0114399414843279,-0.0562351276703338,0.135884151845104));
#2253=CARTESIAN_POINT('',(-0.0151999945628841,-0.0517187658072358,0.134673996331156));
#2254=CARTESIAN_POINT('',(-0.0119150771637992,-0.0565685713293765,0.135973497804262));
#2255=CARTESIAN_POINT('',(-0.0119150771637992,-0.0584320684541146,0.129018831854981));
#2256=CARTESIAN_POINT('',(-0.0151999945628841,-0.053582262931974,0.127719330381875));
#2257=CARTESIAN_POINT('',(-0.0151999945628841,-0.0531163886507894,0.129457996869195));
#2258=CARTESIAN_POINT('',(-0.0114399414843278,-0.0486000267876847,0.12824784135525));
#2259=CARTESIAN_POINT('',(-0.0119150771638049,-0.0482665831286516,0.128158495396086));
#2260=CARTESIAN_POINT('',(-0.0119150771638049,-0.0487324574098351,0.12641982890877));
#2261=CARTESIAN_POINT('',(-0.0119150771638049,-0.046868960285096,0.133374494858055));
#2262=CARTESIAN_POINT('',(-0.0151999945628841,-0.0517187658072358,0.134673996331156));
#2263=CARTESIAN_POINT('',(-0.0114399414843278,-0.0472024039441311,0.133463840817211));
#2264=CARTESIAN_POINT('',(-0.0114399414843278,-0.0490659010688693,0.126509174867929));
#2265=CARTESIAN_POINT('',(-0.0151999945628841,-0.0512528915260513,0.136412662818477));
#2266=CARTESIAN_POINT('',(-0.0186693204182758,-0.0490311204508125,0.1358173410531));
#2267=CARTESIAN_POINT('',(-0.0185513353696062,-0.049412978156271,0.135919659516901));
#2268=CARTESIAN_POINT('',(-0.0183254691246873,-0.0492513242858288,0.135876344492862));
#2269=CARTESIAN_POINT('',(-0.0151999945628841,-0.0512528915260513,0.136412662818477));
#2270=CARTESIAN_POINT('',(-0.0190309104436831,-0.0508386656571102,0.13630167133141));
#2271=CARTESIAN_POINT('',(-0.0193587304311365,-0.0510806081982316,0.136366499639918));
#2272=CARTESIAN_POINT('',(-0.0189465504377902,-0.0510976835170698,0.136371074957811));
#2273=CARTESIAN_POINT('',(-0.0151999945628841,-0.0512528915260513,0.136412662818477));
#2274=CARTESIAN_POINT('',(-0.0189465504377902,-0.0514080995350328,0.136454250679142));
#2275=CARTESIAN_POINT('',(-0.0193587304311365,-0.051425174853871,0.136458825997035));
#2276=CARTESIAN_POINT('',(-0.0190309104436831,-0.0516671173949923,0.136523654305543));
#2277=CARTESIAN_POINT('',(-0.0151999945628841,-0.0512528915260513,0.136412662818477));
#2278=CARTESIAN_POINT('',(-0.0185513353696058,-0.0530928048958317,0.136905666120052));
#2279=CARTESIAN_POINT('',(-0.0186693204182758,-0.0534746626012901,0.137007984583854));
#2280=CARTESIAN_POINT('',(-0.0183254691246873,-0.0532544587662738,0.136948981144091));
#2281=CARTESIAN_POINT('',(-0.0151999945628841,-0.0512528915260513,0.136412662818477));
#2282=CARTESIAN_POINT('',(-0.0181365747474296,-0.053505590600132,0.137016271716167));
#2283=CARTESIAN_POINT('',(-0.0184596446925582,-0.0537534228813973,0.13708267817579));
#2284=CARTESIAN_POINT('',(-0.018047205859337,-0.0537630364307977,0.137085254118588));
#2285=CARTESIAN_POINT('',(-0.0151999945628841,-0.0512528915260513,0.136412662818477));
#2286=CARTESIAN_POINT('',(-0.0167916620152453,-0.0546441597636523,0.137321350404059));
#2287=CARTESIAN_POINT('',(-0.0166547458467042,-0.0550200759688287,0.137422076847658));
#2288=CARTESIAN_POINT('',(-0.0165105627599487,-0.054646703360481,0.137322031958775));
#2289=CARTESIAN_POINT('',(-0.0151999945628841,-0.0512528915260513,0.136412662818477));
#2290=CARTESIAN_POINT('',(-0.016204925237262,-0.0547426271853578,0.137347734670186));
#2291=CARTESIAN_POINT('',(-0.0163154833958772,-0.0551265529211163,0.137450607261036));
#2292=CARTESIAN_POINT('',(-0.0159759633328982,-0.0549001654296776,0.137389946915528));
#2293=CARTESIAN_POINT('',(-0.0151999945628841,-0.0512528915260513,0.136412662818477));
#2294=CARTESIAN_POINT('',(-0.0144240257928698,-0.0549001654296774,0.137389946915528));
#2295=CARTESIAN_POINT('',(-0.0140845057298909,-0.0551265529211163,0.137450607261036));
#2296=CARTESIAN_POINT('',(-0.0141950638885061,-0.0547426271853578,0.137347734670186));
#2297=CARTESIAN_POINT('',(-0.015199994562884,-0.0512528915260513,0.136412662818477));
#2298=CARTESIAN_POINT('',(-0.0138894263658195,-0.054646703360481,0.137322031958775));
#2299=CARTESIAN_POINT('',(-0.013745243279064,-0.0550200759688287,0.137422076847658));
#2300=CARTESIAN_POINT('',(-0.0136083271105229,-0.0546441597636523,0.137321350404059));
#2301=CARTESIAN_POINT('',(-0.0151999945628841,-0.0512528915260513,0.136412662818477));
#2302=CARTESIAN_POINT('',(-0.0123527832664313,-0.0537630364307978,0.137085254118588));
#2303=CARTESIAN_POINT('',(-0.01194034443321,-0.0537534228813973,0.13708267817579));
#2304=CARTESIAN_POINT('',(-0.0122634143783386,-0.053505590600132,0.137016271716167));
#2305=CARTESIAN_POINT('',(-0.015199994562884,-0.0512528915260513,0.136412662818477));
#2306=CARTESIAN_POINT('',(-0.0120745200010809,-0.0532544587662738,0.136948981144091));
#2307=CARTESIAN_POINT('',(-0.0117306687074924,-0.0534746626012901,0.137007984583854));
#2308=CARTESIAN_POINT('',(-0.0118486537561623,-0.0530928048958317,0.136905666120052));
#2309=CARTESIAN_POINT('',(-0.0151999945628841,-0.0512528915260513,0.136412662818477));
#2310=CARTESIAN_POINT('',(-0.0113690786820851,-0.0516671173949924,0.136523654305543));
#2311=CARTESIAN_POINT('',(-0.0110412586946316,-0.051425174853871,0.136458825997035));
#2312=CARTESIAN_POINT('',(-0.011453438687978,-0.0514080995350328,0.136454250679142));
#2313=CARTESIAN_POINT('',(-0.015199994562884,-0.0512528915260513,0.136412662818477));
#2314=CARTESIAN_POINT('',(-0.011453438687978,-0.0510976835170698,0.136371074957811));
#2315=CARTESIAN_POINT('',(-0.0110412586946316,-0.0510806081982316,0.136366499639918));
#2316=CARTESIAN_POINT('',(-0.0113690786820851,-0.0508386656571103,0.13630167133141));
#2317=CARTESIAN_POINT('',(-0.0151999945628841,-0.0512528915260513,0.136412662818477));
#2318=CARTESIAN_POINT('',(-0.0118486537561623,-0.049412978156271,0.135919659516901));
#2319=CARTESIAN_POINT('',(-0.0117306687074924,-0.0490311204508125,0.1358173410531));
#2320=CARTESIAN_POINT('',(-0.0120745200010809,-0.0492513242858288,0.135876344492862));
#2321=CARTESIAN_POINT('',(-0.015199994562884,-0.0512528915260513,0.136412662818477));
#2322=CARTESIAN_POINT('',(-0.0122634143783386,-0.0490001924519706,0.135809053920786));
#2323=CARTESIAN_POINT('',(-0.01194034443321,-0.0487523601707053,0.135742647461163));
#2324=CARTESIAN_POINT('',(-0.0123527832664312,-0.0487427466213049,0.135740071518365));
#2325=CARTESIAN_POINT('',(-0.0151999945628841,-0.0512528915260513,0.136412662818477));
#2326=CARTESIAN_POINT('',(-0.0136083271105228,-0.0478616232884503,0.135503975232894));
#2327=CARTESIAN_POINT('',(-0.0137452432790639,-0.0474857070832739,0.135403248789295));
#2328=CARTESIAN_POINT('',(-0.0138894263658195,-0.0478590796916216,0.135503293678178));
#2329=CARTESIAN_POINT('',(-0.0151999945628841,-0.0512528915260513,0.136412662818477));
#2330=CARTESIAN_POINT('',(-0.0141950638885061,-0.0477631558667448,0.135477590966767));
#2331=CARTESIAN_POINT('',(-0.0140845057298909,-0.0473792301309863,0.135374718375917));
#2332=CARTESIAN_POINT('',(-0.0144240257928712,-0.0476056176224232,0.135435378721424));
#2333=CARTESIAN_POINT('',(-0.0151999945628841,-0.0512528915260513,0.136412662818477));
#2334=CARTESIAN_POINT('',(-0.0159759633328984,-0.0476056176224252,0.135435378721425));
#2335=CARTESIAN_POINT('',(-0.0163154833958772,-0.0473792301309864,0.135374718375917));
#2336=CARTESIAN_POINT('',(-0.016204925237262,-0.0477631558667448,0.135477590966767));
#2337=CARTESIAN_POINT('',(-0.0151999945628841,-0.0512528915260513,0.136412662818477));
#2338=CARTESIAN_POINT('',(-0.0165105627599487,-0.0478590796916216,0.135503293678178));
#2339=CARTESIAN_POINT('',(-0.0166547458467042,-0.0474857070832739,0.135403248789295));
#2340=CARTESIAN_POINT('',(-0.0167916620152457,-0.0478616232884501,0.135503975232894));
#2341=CARTESIAN_POINT('',(-0.0151999945628841,-0.0512528915260513,0.136412662818477));
#2342=CARTESIAN_POINT('',(-0.0180472058593369,-0.0487427466213048,0.135740071518365));
#2343=CARTESIAN_POINT('',(-0.0184596446925581,-0.0487523601707053,0.135742647461163));
#2344=CARTESIAN_POINT('',(-0.0181365747474296,-0.0490001924519706,0.135809053920786));
#2345=CARTESIAN_POINT('',(-0.0151999945628841,-0.0512528915260513,0.136412662818477));
#2346=CARTESIAN_POINT('',(-0.0151999945628841,-0.053582262931974,0.127719330381875));
#2347=CARTESIAN_POINT('',(-0.0208087525640204,-0.0510578482655413,0.128906412635381));
#2348=CARTESIAN_POINT('',(-0.0206387195693346,-0.0510361339237966,0.128779152999197));
#2349=CARTESIAN_POINT('',(-0.0202985159259806,-0.0510194550441552,0.12852857877767));
#2350=CARTESIAN_POINT('',(-0.0197799241175134,-0.0510785312113847,0.128153126874454));
#2351=CARTESIAN_POINT('',(-0.0192949887040641,-0.0512883059407198,0.127792824814284));
#2352=CARTESIAN_POINT('',(-0.0190095951137001,-0.0515388446933508,0.127566261799352));
#2353=CARTESIAN_POINT('',(-0.0188622027575886,-0.0516503538653838,0.127451295831));
#2354=CARTESIAN_POINT('',(-0.0188622027553773,-0.0516503538670567,0.127451295829275));
#2355=CARTESIAN_POINT('',(-0.0185513353696057,-0.0517423495621936,0.127226327080299));
#2356=CARTESIAN_POINT('',(-0.0186616243203583,-0.0517568523558357,0.127299377861573));
#2357=CARTESIAN_POINT('',(-0.0187710146388427,-0.0517193419180134,0.127380169141324));
#2358=CARTESIAN_POINT('',(-0.0188622027553773,-0.0516503538670567,0.127451295829275));
#2359=CARTESIAN_POINT('',(-0.0185513353696058,-0.0517423495621936,0.127226327080299));
#2360=CARTESIAN_POINT('',(-0.0151999945628841,-0.053582262931974,0.127719330381875));
#2361=CARTESIAN_POINT('',(-0.0190309104436831,-0.0531680370630329,0.127608338894808));
#2362=CARTESIAN_POINT('',(-0.0193004141377902,-0.0529530748056578,0.127800358852737));
#2363=CARTESIAN_POINT('',(-0.0191982218989727,-0.0529895879551333,0.127720467745289));
#2364=CARTESIAN_POINT('',(-0.0191016822803814,-0.0530610560636957,0.127649722547638));
#2365=CARTESIAN_POINT('',(-0.0190309104436831,-0.0531680370630329,0.127608338894808));
#2366=CARTESIAN_POINT('',(-0.0193004141377903,-0.0529530748056578,0.127800358852737));
#2367=CARTESIAN_POINT('',(-0.0209902382443088,-0.0515973714391969,0.12905097743406));
#2368=CARTESIAN_POINT('',(-0.0208843671411317,-0.0517663984683122,0.128974826794001));
#2369=CARTESIAN_POINT('',(-0.0206567260224681,-0.0520843470408256,0.128813915727709));
#2370=CARTESIAN_POINT('',(-0.0202607530355176,-0.0525079461613967,0.128536137454909));
#2371=CARTESIAN_POINT('',(-0.0198041437410675,-0.0528019291762947,0.12819839893618));
#2372=CARTESIAN_POINT('',(-0.0194654773921326,-0.0528940979269,0.127929400806812));
#2373=CARTESIAN_POINT('',(-0.0193004141377898,-0.0529530748056579,0.127800358852736));
#2374=CARTESIAN_POINT('',(-0.0151999945628841,-0.053582262931974,0.127719330381875));
#2375=CARTESIAN_POINT('',(-0.0209902382443107,-0.0546354058623843,0.129865016304331));
#2376=CARTESIAN_POINT('',(-0.0208843671411336,-0.0545270994812732,0.129714554400968));
#2377=CARTESIAN_POINT('',(-0.0206567260224722,-0.0543322034735267,0.129416227043558));
#2378=CARTESIAN_POINT('',(-0.0202607530355201,-0.0541042450104897,0.128963864442404));
#2379=CARTESIAN_POINT('',(-0.0198041437410697,-0.0540185175106699,0.128524382797899));
#2380=CARTESIAN_POINT('',(-0.0194654773921332,-0.0540731960958951,0.128245339208991));
#2381=CARTESIAN_POINT('',(-0.0193004141377898,-0.0540866415976925,0.128104097159229));
#2382=CARTESIAN_POINT('',(-0.0193004141377902,-0.0540866415976925,0.128104097159229));
#2383=CARTESIAN_POINT('',(-0.0190309104436832,-0.0539964888009173,0.127830321868942));
#2384=CARTESIAN_POINT('',(-0.0191009586981402,-0.0540677095438739,0.127918738341583));
#2385=CARTESIAN_POINT('',(-0.0191983286619154,-0.0540949571398453,0.128016744211289));
#2386=CARTESIAN_POINT('',(-0.0193004141377903,-0.0540866415976925,0.128104097159229));
#2387=CARTESIAN_POINT('',(-0.0190309104436843,-0.0539964888009166,0.127830321868942));
#2388=CARTESIAN_POINT('',(-0.0151999945628841,-0.053582262931974,0.127719330381875));
#2389=CARTESIAN_POINT('',(-0.0185513353696062,-0.0554221763017542,0.128212333683451));
#2390=CARTESIAN_POINT('',(-0.0188622027553773,-0.0553893625362936,0.12845316018269));
#2391=CARTESIAN_POINT('',(-0.0187708144339996,-0.0553651273835154,0.128356857668169));
#2392=CARTESIAN_POINT('',(-0.0186631789897094,-0.0553723992025671,0.128269135688707));
#2393=CARTESIAN_POINT('',(-0.0185513353696061,-0.055422176301754,0.128212333683451));
#2394=CARTESIAN_POINT('',(-0.0188622027553774,-0.0553893625362936,0.12845316018269));
#2395=CARTESIAN_POINT('',(-0.0208087525640175,-0.0551749290360385,0.13000958110301));
#2396=CARTESIAN_POINT('',(-0.0206387195693321,-0.055257364025707,0.12991022819607));
#2397=CARTESIAN_POINT('',(-0.0202985159259748,-0.055397095469949,0.12970156399451));
#2398=CARTESIAN_POINT('',(-0.0197799241175107,-0.055533659959976,0.129346875024813));
#2399=CARTESIAN_POINT('',(-0.0192949887040626,-0.0555321407453839,0.128929956923003));
#2400=CARTESIAN_POINT('',(-0.0190095951136995,-0.0554284493284394,0.1286084782202));
#2401=CARTESIAN_POINT('',(-0.0188622027575885,-0.0553893625368799,0.128453160185021));
#2402=CARTESIAN_POINT('',(-0.0151999945628841,-0.053582262931974,0.127719330381875));
#2403=CARTESIAN_POINT('',(-0.01896004764144,-0.0486000267876874,0.12824784135525));
#2404=CARTESIAN_POINT('',(-0.0189587775929846,-0.0488026798876284,0.128180700793874));
#2405=CARTESIAN_POINT('',(-0.0189306501696382,-0.0492009009884562,0.128041298687048));
#2406=CARTESIAN_POINT('',(-0.018808544227561,-0.0497870983128649,0.127807088472215));
#2407=CARTESIAN_POINT('',(-0.0185546702845098,-0.0503040653029611,0.127529098330237));
#2408=CARTESIAN_POINT('',(-0.0182920902119264,-0.0505849342360865,0.127310662262676));
#2409=CARTESIAN_POINT('',(-0.01817240461252,-0.050733279065816,0.127205566379057));
#2410=CARTESIAN_POINT('',(-0.0181724046107244,-0.0507332790680416,0.12720556637748));
#2411=CARTESIAN_POINT('',(-0.0184849119619689,-0.0482665831286488,0.12815849539609));
#2412=CARTESIAN_POINT('',(-0.0183156639003964,-0.0483513515784762,0.128059767737915));
#2413=CARTESIAN_POINT('',(-0.0179928439606854,-0.0485427615405173,0.127864950753471));
#2414=CARTESIAN_POINT('',(-0.0175497177746504,-0.0489036712904653,0.127570374914992));
#2415=CARTESIAN_POINT('',(-0.0172216850868645,-0.0493685946975139,0.127278439736966));
#2416=CARTESIAN_POINT('',(-0.0170985749061261,-0.0497473416748954,0.127086230012319));
#2417=CARTESIAN_POINT('',(-0.0170251523184118,-0.0499281532474174,0.126989833566212));
#2418=CARTESIAN_POINT('',(-0.0170251523173103,-0.04992815325013,0.126989833564765));
#2419=CARTESIAN_POINT('',(-0.0170251523173102,-0.04992815325013,0.126989833564765));
#2420=CARTESIAN_POINT('',(-0.0169796987981381,-0.0500400877723805,0.126930157682347));
#2421=CARTESIAN_POINT('',(-0.0169016159191338,-0.0501361188328587,0.126865983362092));
#2422=CARTESIAN_POINT('',(-0.0167916620152453,-0.050190994694373,0.126810642796292));
#2423=CARTESIAN_POINT('',(-0.0167916620152453,-0.0501909946943729,0.126810642796292));
#2424=CARTESIAN_POINT('',(-0.0151999945628841,-0.053582262931974,0.127719330381875));
#2425=CARTESIAN_POINT('',(-0.0180472058593369,-0.0510721180272276,0.127046739081763));
#2426=CARTESIAN_POINT('',(-0.0181724046107244,-0.0507332790680416,0.12720556637748));
#2427=CARTESIAN_POINT('',(-0.0180983076472478,-0.0508251188673568,0.127140501859371));
#2428=CARTESIAN_POINT('',(-0.018050017911104,-0.0509420454297371,0.127081933959502));
#2429=CARTESIAN_POINT('',(-0.0180472058593369,-0.0510721180272276,0.127046739081763));
#2430=CARTESIAN_POINT('',(-0.0151999945628841,-0.053582262931974,0.127719330381875));
#2431=CARTESIAN_POINT('',(-0.0154936445620669,-0.0473277788623894,0.127906943551095));
#2432=CARTESIAN_POINT('',(-0.0155974606836728,-0.0474982480491957,0.127831179336024));
#2433=CARTESIAN_POINT('',(-0.0157795906751809,-0.0478481357023154,0.127678826320588));
#2434=CARTESIAN_POINT('',(-0.0159779920973065,-0.0484103878189526,0.127438200006111));
#2435=CARTESIAN_POINT('',(-0.0160238247209688,-0.048992648229281,0.127177705182684));
#2436=CARTESIAN_POINT('',(-0.0159376275875656,-0.049382980305148,0.126988599675532));
#2437=CARTESIAN_POINT('',(-0.0159090354738852,-0.0495778618471327,0.126895973266216));
#2438=CARTESIAN_POINT('',(-0.0159090354738853,-0.0495778618471321,0.126895973266217));
#2439=CARTESIAN_POINT('',(-0.014906344563703,-0.0473277788623871,0.127906943551094));
#2440=CARTESIAN_POINT('',(-0.0148025284420971,-0.0474982480491938,0.127831179336023));
#2441=CARTESIAN_POINT('',(-0.0146203984505897,-0.0478481357023089,0.127678826320591));
#2442=CARTESIAN_POINT('',(-0.0144219970284624,-0.0484103878189496,0.127438200006113));
#2443=CARTESIAN_POINT('',(-0.0143761644047986,-0.0489926482292787,0.127177705182685));
#2444=CARTESIAN_POINT('',(-0.0144623615382024,-0.0493829803051473,0.126988599675533));
#2445=CARTESIAN_POINT('',(-0.0144909536518829,-0.0495778618471327,0.126895973266216));
#2446=CARTESIAN_POINT('',(-0.0144909536518829,-0.0495778618471321,0.126895973266217));
#2447=CARTESIAN_POINT('',(-0.0144240257928698,-0.0499349890283479,0.126742046284823));
#2448=CARTESIAN_POINT('',(-0.0144895193834639,-0.0498260262924622,0.126782128688145));
#2449=CARTESIAN_POINT('',(-0.0145084683787468,-0.0496972408134582,0.126839232925976));
#2450=CARTESIAN_POINT('',(-0.0144909536518951,-0.04957786184713,0.126895973266216));
#2451=CARTESIAN_POINT('',(-0.0144240257928697,-0.0499349890283479,0.126742046284823));
#2452=CARTESIAN_POINT('',(-0.0151999945628841,-0.053582262931974,0.127719330381875));
#2453=CARTESIAN_POINT('',(-0.0159759633328981,-0.0499349890283476,0.126742046284823));
#2454=CARTESIAN_POINT('',(-0.0159090354738789,-0.0495778618471315,0.126895973266216));
#2455=CARTESIAN_POINT('',(-0.0158914939847859,-0.0496974232227393,0.126839146227582));
#2456=CARTESIAN_POINT('',(-0.0159099680453236,-0.0498251916111586,0.126782435729193));
#2457=CARTESIAN_POINT('',(-0.015975963332898,-0.0499349890283477,0.126742046284823));
#2458=CARTESIAN_POINT('',(-0.0151999945628841,-0.053582262931974,0.127719330381875));
#2459=CARTESIAN_POINT('',(-0.0154936445620652,-0.0589049984391918,0.131009050187297));
#2460=CARTESIAN_POINT('',(-0.0155974606836717,-0.0587952499003901,0.130858201858945));
#2461=CARTESIAN_POINT('',(-0.0157795906751781,-0.0585684148120378,0.13055131645068));
#2462=CARTESIAN_POINT('',(-0.0159779920973058,-0.0582018033529348,0.130061801891202));
#2463=CARTESIAN_POINT('',(-0.0160238247209695,-0.0578277984576856,0.129545076551395));
#2464=CARTESIAN_POINT('',(-0.0159376275875657,-0.0575843137176476,0.129186140340271));
#2465=CARTESIAN_POINT('',(-0.0159090354738852,-0.0574618545562178,0.129008482745749));
#2466=CARTESIAN_POINT('',(-0.0159090354738853,-0.0574618545562182,0.129008482745749));
#2467=CARTESIAN_POINT('',(-0.0159759633328984,-0.0572295368356,0.128696614478927));
#2468=CARTESIAN_POINT('',(-0.0159104468087956,-0.0573038861566373,0.128785839458845));
#2469=CARTESIAN_POINT('',(-0.0158914938022021,-0.0573867241049493,0.128899487264381));
#2470=CARTESIAN_POINT('',(-0.0159090354738786,-0.0574618545562194,0.12900848274575));
#2471=CARTESIAN_POINT('',(-0.0159759633328984,-0.0572295368356001,0.128696614478927));
#2472=CARTESIAN_POINT('',(-0.0151999945628841,-0.053582262931974,0.127719330381875));
#2473=CARTESIAN_POINT('',(-0.0144240257928713,-0.0572295368356021,0.128696614478927));
#2474=CARTESIAN_POINT('',(-0.0144909536518935,-0.0574618545562201,0.12900848274575));
#2475=CARTESIAN_POINT('',(-0.014508486038179,-0.057386763874,0.12889954495932));
#2476=CARTESIAN_POINT('',(-0.0144899028020406,-0.057304295241526,0.128786330392594));
#2477=CARTESIAN_POINT('',(-0.0144240257928726,-0.0572295368356012,0.128696614478927));
#2478=CARTESIAN_POINT('',(-0.0144909536518828,-0.0574618545562182,0.129008482745749));
#2479=CARTESIAN_POINT('',(-0.0149063445637012,-0.0589049984391895,0.131009050187296));
#2480=CARTESIAN_POINT('',(-0.0148025284420962,-0.0587952499003878,0.130858201858944));
#2481=CARTESIAN_POINT('',(-0.0146203984505869,-0.0585684148120341,0.130551316450673));
#2482=CARTESIAN_POINT('',(-0.0144219970284618,-0.0582018033529327,0.130061801891199));
#2483=CARTESIAN_POINT('',(-0.0143761644047993,-0.0578277984576842,0.129545076551393));
#2484=CARTESIAN_POINT('',(-0.0144623615382025,-0.0575843137176472,0.12918614034027));
#2485=CARTESIAN_POINT('',(-0.0144909536518829,-0.0574618545562178,0.129008482745749));
#2486=CARTESIAN_POINT('',(-0.0151999945628841,-0.053582262931974,0.127719330381875));
#2487=CARTESIAN_POINT('',(-0.0184849119619661,-0.0579661941729292,0.130757498342301));
#2488=CARTESIAN_POINT('',(-0.0183156639003933,-0.0579421463710275,0.130629613457352));
#2489=CARTESIAN_POINT('',(-0.0179928439606806,-0.0578737889735828,0.130365192018708));
#2490=CARTESIAN_POINT('',(-0.0175497177746482,-0.0577085198808943,0.129929626984274));
#2491=CARTESIAN_POINT('',(-0.017221685086864,-0.057451851988589,0.129444342000321));
#2492=CARTESIAN_POINT('',(-0.0170985749061258,-0.0572199523468947,0.129088510007233));
#2493=CARTESIAN_POINT('',(-0.0170251523184118,-0.0571115631548464,0.128914622449809));
#2494=CARTESIAN_POINT('',(-0.0170251523173103,-0.0571115631532203,0.1289146224472));
#2495=CARTESIAN_POINT('',(-0.0189600476414403,-0.0576327505138942,0.130668152383141));
#2496=CARTESIAN_POINT('',(-0.0189587775929846,-0.0574908180618776,0.130508680401394));
#2497=CARTESIAN_POINT('',(-0.0189306501696391,-0.0572156495256522,0.130188844085134));
#2498=CARTESIAN_POINT('',(-0.0188085442275619,-0.0568250928584984,0.129692913427053));
#2499=CARTESIAN_POINT('',(-0.018554670284511,-0.0565163813831444,0.129193683407051));
#2500=CARTESIAN_POINT('',(-0.0182920902119267,-0.0563823597857043,0.128864077756876));
#2501=CARTESIAN_POINT('',(-0.01817240461252,-0.0563064373364477,0.128698889636964));
#2502=CARTESIAN_POINT('',(-0.0181724046107244,-0.0563064373353087,0.128698889634485));
#2503=CARTESIAN_POINT('',(-0.0180472058593346,-0.0560924078367238,0.128391921681988));
#2504=CARTESIAN_POINT('',(-0.018049986177978,-0.0561863839763745,0.128486359771241));
#2505=CARTESIAN_POINT('',(-0.0180983852234207,-0.0562594832054517,0.128596729278633));
#2506=CARTESIAN_POINT('',(-0.0181724046107244,-0.0563064373353087,0.128698889634485));
#2507=CARTESIAN_POINT('',(-0.018047205859337,-0.0560924078367238,0.128391921681988));
#2508=CARTESIAN_POINT('',(-0.0151999945628841,-0.053582262931974,0.127719330381875));
#2509=CARTESIAN_POINT('',(-0.0167916620152457,-0.0569735311695752,0.128628017967458));
#2510=CARTESIAN_POINT('',(-0.0170251523173103,-0.0571115631532204,0.1289146224472));
#2511=CARTESIAN_POINT('',(-0.01697962967408,-0.0570443609110593,0.128806810648607));
#2512=CARTESIAN_POINT('',(-0.016901766556213,-0.0569934119762849,0.12870348548326));
#2513=CARTESIAN_POINT('',(-0.0167916620152459,-0.0569735311695749,0.128628017967458));
#2514=CARTESIAN_POINT('',(-0.0151999945628841,-0.053582262931974,0.127719330381875));
#2515=CARTESIAN_POINT('',(-0.00959123656174781,-0.0551749290360376,0.130009581103009));
#2516=CARTESIAN_POINT('',(-0.00976126955643359,-0.0552573640257066,0.129910228196069));
#2517=CARTESIAN_POINT('',(-0.0101014731997876,-0.0553970954699467,0.129701563994515));
#2518=CARTESIAN_POINT('',(-0.0106200650082548,-0.0555336599599757,0.129346875024815));
#2519=CARTESIAN_POINT('',(-0.0111050004217042,-0.0555321407453845,0.128929956923005));
#2520=CARTESIAN_POINT('',(-0.0113903940120681,-0.0554284493284395,0.1286084782202));
#2521=CARTESIAN_POINT('',(-0.0115377863681796,-0.0553893625368799,0.12845316018502));
#2522=CARTESIAN_POINT('',(-0.0115377863703908,-0.0553893625362935,0.12845316018269));
#2523=CARTESIAN_POINT('',(-0.0118486537561619,-0.0554221763017539,0.128212333683451));
#2524=CARTESIAN_POINT('',(-0.0117367881162903,-0.0553723894024533,0.128269146871884));
#2525=CARTESIAN_POINT('',(-0.0116291878557107,-0.0553651238925864,0.128356843796367));
#2526=CARTESIAN_POINT('',(-0.0115377863703909,-0.0553893625362936,0.12845316018269));
#2527=CARTESIAN_POINT('',(-0.0118486537561618,-0.0554221763017542,0.128212333683451));
#2528=CARTESIAN_POINT('',(-0.0151999945628841,-0.053582262931974,0.127719330381875));
#2529=CARTESIAN_POINT('',(-0.0113690786820851,-0.0539964888009151,0.127830321868942));
#2530=CARTESIAN_POINT('',(-0.0110995749879779,-0.0540866415976925,0.128104097159229));
#2531=CARTESIAN_POINT('',(-0.0112017667142336,-0.0540949657946468,0.128016653294497));
#2532=CARTESIAN_POINT('',(-0.0112982785329158,-0.0540684740240219,0.127919687399896));
#2533=CARTESIAN_POINT('',(-0.0113690786820851,-0.0539964888009151,0.127830321868942));
#2534=CARTESIAN_POINT('',(-0.0110995749879779,-0.0540866415976925,0.128104097159229));
#2535=CARTESIAN_POINT('',(-0.00940975088145928,-0.054635405862382,0.12986501630433));
#2536=CARTESIAN_POINT('',(-0.00951562198463629,-0.0545270994812714,0.129714554400967));
#2537=CARTESIAN_POINT('',(-0.00974326310330013,-0.0543322034735237,0.129416227043552));
#2538=CARTESIAN_POINT('',(-0.0101392360902505,-0.0541042450104888,0.128963864442402));
#2539=CARTESIAN_POINT('',(-0.0105958453847006,-0.0540185175106704,0.128524382797897));
#2540=CARTESIAN_POINT('',(-0.0109345117336356,-0.0540731960958951,0.128245339208991));
#2541=CARTESIAN_POINT('',(-0.0110995749879783,-0.0540866415976925,0.128104097159229));
#2542=CARTESIAN_POINT('',(-0.0151999945628841,-0.053582262931974,0.127719330381875));
#2543=CARTESIAN_POINT('',(-0.0114399414843279,-0.0576327505138913,0.13066815238314));
#2544=CARTESIAN_POINT('',(-0.0114412115327834,-0.057490818061875,0.130508680401393));
#2545=CARTESIAN_POINT('',(-0.0114693389561301,-0.057215649525648,0.130188844085127));
#2546=CARTESIAN_POINT('',(-0.0115914448982072,-0.0568250928584964,0.129692913427051));
#2547=CARTESIAN_POINT('',(-0.0118453188412586,-0.0565163813831439,0.129193683407049));
#2548=CARTESIAN_POINT('',(-0.0121078989138418,-0.056382359785704,0.128864077756875));
#2549=CARTESIAN_POINT('',(-0.0122275845132481,-0.0563064373364477,0.128698889636964));
#2550=CARTESIAN_POINT('',(-0.0122275845150437,-0.0563064373353087,0.128698889634485));
#2551=CARTESIAN_POINT('',(-0.0119150771637992,-0.0579661941729301,0.130757498342301));
#2552=CARTESIAN_POINT('',(-0.0120843252253724,-0.0579421463710283,0.130629613457352));
#2553=CARTESIAN_POINT('',(-0.0124071451650824,-0.057873788973584,0.130365192018714));
#2554=CARTESIAN_POINT('',(-0.0128502713511179,-0.0577085198808955,0.129929626984277));
#2555=CARTESIAN_POINT('',(-0.0131783040389037,-0.0574518519885901,0.129444342000323));
#2556=CARTESIAN_POINT('',(-0.0133014142196421,-0.057219952346895,0.129088510007233));
#2557=CARTESIAN_POINT('',(-0.0133748368073564,-0.0571115631548464,0.128914622449809));
#2558=CARTESIAN_POINT('',(-0.0133748368084579,-0.0571115631532203,0.1289146224472));
#2559=CARTESIAN_POINT('',(-0.0136083271105222,-0.0569735311695749,0.128628017967458));
#2560=CARTESIAN_POINT('',(-0.0134982018249012,-0.0569934157220019,0.128703499701997));
#2561=CARTESIAN_POINT('',(-0.0134203658536096,-0.0570443514603015,0.128806795486863));
#2562=CARTESIAN_POINT('',(-0.0133748368084579,-0.0571115631532204,0.1289146224472));
#2563=CARTESIAN_POINT('',(-0.0136083271105223,-0.0569735311695752,0.128628017967458));
#2564=CARTESIAN_POINT('',(-0.0151999945628841,-0.053582262931974,0.127719330381875));
#2565=CARTESIAN_POINT('',(-0.0123527832664313,-0.0560924078367204,0.128391921681987));
#2566=CARTESIAN_POINT('',(-0.0122275845150437,-0.0563064373353087,0.128698889634485));
#2567=CARTESIAN_POINT('',(-0.012301680953139,-0.0562594343283534,0.128596622934383));
#2568=CARTESIAN_POINT('',(-0.0123499696356955,-0.0561875099415321,0.1284874912712));
#2569=CARTESIAN_POINT('',(-0.0123527832664313,-0.0560924078367205,0.128391921681987));
#2570=CARTESIAN_POINT('',(-0.0151999945628841,-0.053582262931974,0.127719330381875));
#2571=CARTESIAN_POINT('',(-0.0119150771638021,-0.0482665831286497,0.12815849539609));
#2572=CARTESIAN_POINT('',(-0.0120843252253745,-0.0483513515784764,0.128059767737915));
#2573=CARTESIAN_POINT('',(-0.0124071451650877,-0.0485427615405214,0.127864950753467));
#2574=CARTESIAN_POINT('',(-0.0128502713511199,-0.0489036712904673,0.127570374914991));
#2575=CARTESIAN_POINT('',(-0.0131783040389042,-0.0493685946975162,0.127278439736965));
#2576=CARTESIAN_POINT('',(-0.0133014142196423,-0.0497473416748959,0.127086230012319));
#2577=CARTESIAN_POINT('',(-0.0133748368073564,-0.0499281532474173,0.126989833566212));
#2578=CARTESIAN_POINT('',(-0.0133748368084579,-0.0499281532501299,0.126989833564765));
#2579=CARTESIAN_POINT('',(-0.0114399414843287,-0.0486000267876841,0.128247841355249));
#2580=CARTESIAN_POINT('',(-0.0114412115327845,-0.0488026798876255,0.128180700793873));
#2581=CARTESIAN_POINT('',(-0.0114693389561286,-0.0492009009884497,0.128041298687052));
#2582=CARTESIAN_POINT('',(-0.0115914448982064,-0.0497870983128621,0.127807088472216));
#2583=CARTESIAN_POINT('',(-0.0118453188412571,-0.05030406530296,0.127529098330238));
#2584=CARTESIAN_POINT('',(-0.0121078989138415,-0.0505849342360862,0.127310662262676));
#2585=CARTESIAN_POINT('',(-0.0122275845132482,-0.0507332790658161,0.127205566379057));
#2586=CARTESIAN_POINT('',(-0.0122275845150437,-0.0507332790680416,0.12720556637748));
#2587=CARTESIAN_POINT('',(-0.012352783266436,-0.0510721180272197,0.127046739081761));
#2588=CARTESIAN_POINT('',(-0.0123499909297533,-0.0509429573590757,0.12708168721082));
#2589=CARTESIAN_POINT('',(-0.012301691467687,-0.0508251312484722,0.127140493087887));
#2590=CARTESIAN_POINT('',(-0.0122275845150438,-0.0507332790680416,0.12720556637748));
#2591=CARTESIAN_POINT('',(-0.012352783266431,-0.0510721180272201,0.127046739081761));
#2592=CARTESIAN_POINT('',(-0.0151999945628841,-0.053582262931974,0.127719330381875));
#2593=CARTESIAN_POINT('',(-0.0136083271105228,-0.050190994694373,0.126810642796292));
#2594=CARTESIAN_POINT('',(-0.0133748368084579,-0.04992815325013,0.126989833564766));
#2595=CARTESIAN_POINT('',(-0.01342029032763,-0.0500400877723805,0.126930157682347));
#2596=CARTESIAN_POINT('',(-0.0134983732066344,-0.0501361188328587,0.126865983362092));
#2597=CARTESIAN_POINT('',(-0.0136083271105229,-0.0501909946943729,0.126810642796292));
#2598=CARTESIAN_POINT('',(-0.0151999945628841,-0.053582262931974,0.127719330381875));
#2599=CARTESIAN_POINT('',(-0.00959123656175065,-0.0510578482655404,0.128906412635381));
#2600=CARTESIAN_POINT('',(-0.00976126955643601,-0.0510361339237966,0.128779152999197));
#2601=CARTESIAN_POINT('',(-0.0101014731997933,-0.0510194550441552,0.128528578777665));
#2602=CARTESIAN_POINT('',(-0.0106200650082575,-0.0510785312113855,0.128153126874452));
#2603=CARTESIAN_POINT('',(-0.0111050004217054,-0.0512883059407212,0.127792824814283));
#2604=CARTESIAN_POINT('',(-0.0113903940120685,-0.0515388446933512,0.127566261799352));
#2605=CARTESIAN_POINT('',(-0.0115377863681796,-0.0516503538653838,0.127451295831));
#2606=CARTESIAN_POINT('',(-0.00959123656175349,-0.0510578482655406,0.128906412635377));
#2607=CARTESIAN_POINT('',(-0.0115377863703908,-0.0516503538670567,0.127451295829275));
#2608=CARTESIAN_POINT('',(-0.0151999945628841,-0.0531163886507894,0.129457996869195));
#2609=CARTESIAN_POINT('',(-0.00940975088145751,-0.0515973714391946,0.129050977434059));
#2610=CARTESIAN_POINT('',(-0.00940975088145751,-0.0515973714391946,0.129050977434059));
#2611=CARTESIAN_POINT('',(-0.00951562198463479,-0.0517663984683104,0.128974826794));
#2612=CARTESIAN_POINT('',(-0.00974326310329596,-0.0520843470408204,0.128813915727713));
#2613=CARTESIAN_POINT('',(-0.0101392360902483,-0.0525079461613948,0.12853613745491));
#2614=CARTESIAN_POINT('',(-0.0105958453846988,-0.0528019291762943,0.128198398936181));
#2615=CARTESIAN_POINT('',(-0.010934511733635,-0.0528940979268998,0.127929400806812));
#2616=CARTESIAN_POINT('',(-0.0110995749879784,-0.0529530748056579,0.127800358852736));
#2617=CARTESIAN_POINT('',(-0.0110995749879779,-0.0529530748056578,0.127800358852737));
#2618=CARTESIAN_POINT('',(-0.011369078682085,-0.0531680370630329,0.127608338894808));
#2619=CARTESIAN_POINT('',(-0.0112989059886449,-0.0530619617480398,0.127649372200131));
#2620=CARTESIAN_POINT('',(-0.0112017536424752,-0.052989583101474,0.127720478365141));
#2621=CARTESIAN_POINT('',(-0.011099574987978,-0.0529530748056578,0.127800358852737));
#2622=CARTESIAN_POINT('',(-0.011369078682085,-0.0531680370630329,0.127608338894808));
#2623=CARTESIAN_POINT('',(-0.0151999945628841,-0.053582262931974,0.127719330381875));
#2624=CARTESIAN_POINT('',(-0.0118486537561624,-0.0517423495621936,0.127226327080299));
#2625=CARTESIAN_POINT('',(-0.0115377863703908,-0.0516503538670568,0.127451295829275));
#2626=CARTESIAN_POINT('',(-0.0116290365239339,-0.0517193888518954,0.127380120752487));
#2627=CARTESIAN_POINT('',(-0.0117368321694524,-0.0517570538946378,0.127300393015433));
#2628=CARTESIAN_POINT('',(-0.0118486537561625,-0.0517423495621937,0.127226327080299));
#2629=CARTESIAN_POINT('',(-0.0151999945628841,-0.0517187658072358,0.134673996331156));
#2630=CARTESIAN_POINT('',(-0.0188622027553773,-0.0494457919217318,0.135678833017661));
#2631=CARTESIAN_POINT('',(-0.0187708144339995,-0.0494700270745099,0.135775135532183));
#2632=CARTESIAN_POINT('',(-0.0186631789897093,-0.0494627552554582,0.135862857511645));
#2633=CARTESIAN_POINT('',(-0.0185513353696061,-0.0494129781562713,0.135919659516901));
#2634=CARTESIAN_POINT('',(-0.0188622027553773,-0.0494457919217317,0.135678833017661));
#2635=CARTESIAN_POINT('',(-0.0188622027575886,-0.0494457919211454,0.135678833015331));
#2636=CARTESIAN_POINT('',(-0.0190072470909656,-0.0494073277987503,0.135525989262314));
#2637=CARTESIAN_POINT('',(-0.0192862668276009,-0.0493065695016433,0.135212125831397));
#2638=CARTESIAN_POINT('',(-0.0197716655436538,-0.0492992656814544,0.134790624616932));
#2639=CARTESIAN_POINT('',(-0.0202947359851436,-0.0494367104235619,0.134432883318801));
#2640=CARTESIAN_POINT('',(-0.0206378895419228,-0.0495773880204144,0.134222250002128));
#2641=CARTESIAN_POINT('',(-0.0208087525640204,-0.0496602254219877,0.134122412097342));
#2642=CARTESIAN_POINT('',(-0.0193004141402666,-0.0507485128605345,0.136027896039003));
#2643=CARTESIAN_POINT('',(-0.0194628478667885,-0.0507617441697713,0.135888904035145));
#2644=CARTESIAN_POINT('',(-0.0197935338488067,-0.0508145800109765,0.135616196029551));
#2645=CARTESIAN_POINT('',(-0.0202544994410813,-0.0507346410580253,0.135175232289922));
#2646=CARTESIAN_POINT('',(-0.0206540602991979,-0.0505049147798572,0.134719107813425));
#2647=CARTESIAN_POINT('',(-0.0208838503244141,-0.0503085836814394,0.134418173289013));
#2648=CARTESIAN_POINT('',(-0.0209902382443071,-0.0501997485956446,0.134266976896025));
#2649=CARTESIAN_POINT('',(-0.0193004141377903,-0.0507485128603328,0.136027896041122));
#2650=CARTESIAN_POINT('',(-0.0190309104436822,-0.0508386656571089,0.13630167133141));
#2651=CARTESIAN_POINT('',(-0.0191009586981393,-0.0507674449141516,0.13621325485877));
#2652=CARTESIAN_POINT('',(-0.0191983286619149,-0.05074019731818,0.136115248989063));
#2653=CARTESIAN_POINT('',(-0.0193004141377903,-0.0507485128603328,0.136027896041122));
#2654=CARTESIAN_POINT('',(-0.0151999945628841,-0.0517187658072358,0.134673996331156));
#2655=CARTESIAN_POINT('',(-0.0193004141377902,-0.0518820796523675,0.136331634347615));
#2656=CARTESIAN_POINT('',(-0.0191982218989727,-0.0518455665028919,0.136411525455062));
#2657=CARTESIAN_POINT('',(-0.0191016822803814,-0.0517740983943296,0.136482270652713));
#2658=CARTESIAN_POINT('',(-0.0190309104436831,-0.0516671173949923,0.136523654305543));
#2659=CARTESIAN_POINT('',(-0.0193004141377902,-0.0518820796523675,0.136331634347615));
#2660=CARTESIAN_POINT('',(-0.0193004141402666,-0.0518820796532523,0.136331634345679));
#2661=CARTESIAN_POINT('',(-0.0194628478667889,-0.0519401170052572,0.136204648084796));
#2662=CARTESIAN_POINT('',(-0.019793533848808,-0.05203071382734,0.135942058103533));
#2663=CARTESIAN_POINT('',(-0.0202544994410836,-0.0523204248611643,0.135600141779341));
#2664=CARTESIAN_POINT('',(-0.0206540602992009,-0.0527474358922251,0.135319989534491));
#2665=CARTESIAN_POINT('',(-0.0208838503244177,-0.0530679308732149,0.135157538140682));
#2666=CARTESIAN_POINT('',(-0.0209902382443107,-0.0532377830188307,0.135081015766292));
#2667=CARTESIAN_POINT('',(-0.0188622027575886,-0.0531848005926414,0.136680697369351));
#2668=CARTESIAN_POINT('',(-0.0190072470909653,-0.053294533376278,0.136567562857627));
#2669=CARTESIAN_POINT('',(-0.0192862668275999,-0.0535387243366725,0.136346128301687));
#2670=CARTESIAN_POINT('',(-0.019771665543651,-0.0537558002377336,0.13598474945233));
#2671=CARTESIAN_POINT('',(-0.0202947359851393,-0.0538156402485182,0.135606214029114));
#2672=CARTESIAN_POINT('',(-0.0206378895419176,-0.0537991265342369,0.135353461427566));
#2673=CARTESIAN_POINT('',(-0.0208087525640147,-0.0537773061924847,0.135225580564975));
#2674=CARTESIAN_POINT('',(-0.0188622027553774,-0.0531848005909686,0.136680697371076));
#2675=CARTESIAN_POINT('',(-0.0185513353696058,-0.0530928048958317,0.136905666120052));
#2676=CARTESIAN_POINT('',(-0.0186616243203583,-0.0530783021021897,0.136832615338779));
#2677=CARTESIAN_POINT('',(-0.0187710146388426,-0.0531158125400119,0.136751824059028));
#2678=CARTESIAN_POINT('',(-0.0188622027553773,-0.0531848005909686,0.136680697371076));
#2679=CARTESIAN_POINT('',(-0.0151999945628841,-0.0517187658072358,0.134673996331156));
#2680=CARTESIAN_POINT('',(-0.01817240461252,-0.0485287171215775,0.135433103563388));
#2681=CARTESIAN_POINT('',(-0.0182901835695751,-0.0484540041491325,0.135270546960274));
#2682=CARTESIAN_POINT('',(-0.0185462249914489,-0.0483226965767719,0.134948497875724));
#2683=CARTESIAN_POINT('',(-0.0188066842713424,-0.0480163396353118,0.134446865618921));
#2684=CARTESIAN_POINT('',(-0.0189301168788604,-0.0476224727334131,0.133946759794851));
#2685=CARTESIAN_POINT('',(-0.0189587713931586,-0.0473450292488895,0.133624091272085));
#2686=CARTESIAN_POINT('',(-0.0189600476414403,-0.0472024039441359,0.133463840817216));
#2687=CARTESIAN_POINT('',(-0.0181724046107244,-0.0485287171227166,0.135433103565866));
#2688=CARTESIAN_POINT('',(-0.0180472058593345,-0.0487427466213036,0.135740071518366));
#2689=CARTESIAN_POINT('',(-0.0180499861779773,-0.0486487704816519,0.135645633429113));
#2690=CARTESIAN_POINT('',(-0.0180983852234202,-0.0485756712525739,0.135535263921719));
#2691=CARTESIAN_POINT('',(-0.0181724046107245,-0.0485287171227166,0.135433103565866));
#2692=CARTESIAN_POINT('',(-0.0170251523173103,-0.047723591304805,0.135217370753151));
#2693=CARTESIAN_POINT('',(-0.01697962967408,-0.0477907935469661,0.135325182551744));
#2694=CARTESIAN_POINT('',(-0.016901766556213,-0.0478417424817404,0.135428507717092));
#2695=CARTESIAN_POINT('',(-0.0167916620152459,-0.0478616232884504,0.135503975232894));
#2696=CARTESIAN_POINT('',(-0.0170251523173103,-0.047723591304805,0.135217370753151));
#2697=CARTESIAN_POINT('',(-0.0170251523184118,-0.0477235913031789,0.135217370750543));
#2698=CARTESIAN_POINT('',(-0.0170974052531691,-0.0476169287969221,0.135046253295645));
#2699=CARTESIAN_POINT('',(-0.0172181826885579,-0.0473906948266113,0.134698768759423));
#2700=CARTESIAN_POINT('',(-0.0175426087169515,-0.047129228865975,0.134209165004679));
#2701=CARTESIAN_POINT('',(-0.0179893936116751,-0.0469622861342895,0.133769863328759));
#2702=CARTESIAN_POINT('',(-0.018314837704688,-0.0468931254779476,0.133503004021601));
#2703=CARTESIAN_POINT('',(-0.0184849119619689,-0.0468689602850952,0.133374494858051));
#2704=CARTESIAN_POINT('',(-0.0151999945628841,-0.0517187658072358,0.134673996331156));
#2705=CARTESIAN_POINT('',(-0.0159090354743142,-0.04737329989997,0.135123510451937));
#2706=CARTESIAN_POINT('',(-0.0159371721034669,-0.0472527915650475,0.13494868301843));
#2707=CARTESIAN_POINT('',(-0.0160207698445686,-0.047014888809922,0.134598071840741));
#2708=CARTESIAN_POINT('',(-0.015981236219847,-0.0466391947214023,0.134077860751379));
#2709=CARTESIAN_POINT('',(-0.0157813935160147,-0.0462693090003258,0.133584180665343));
#2710=CARTESIAN_POINT('',(-0.0155979674688634,-0.0460404403023101,0.133274527717395));
#2711=CARTESIAN_POINT('',(-0.0154936445620687,-0.0459301560188371,0.13312294301306));
#2712=CARTESIAN_POINT('',(-0.0159090354738853,-0.0473732999018071,0.135123510454602));
#2713=CARTESIAN_POINT('',(-0.0159759633328984,-0.0476056176224253,0.135435378721425));
#2714=CARTESIAN_POINT('',(-0.0159104468087956,-0.047531268301388,0.135346153741507));
#2715=CARTESIAN_POINT('',(-0.0158914938022021,-0.0474484303530761,0.13523250593597));
#2716=CARTESIAN_POINT('',(-0.0159090354738786,-0.0473732999018059,0.135123510454602));
#2717=CARTESIAN_POINT('',(-0.0144909536518935,-0.0473732999018053,0.135123510454602));
#2718=CARTESIAN_POINT('',(-0.014508486038179,-0.0474483905840253,0.135232448241032));
#2719=CARTESIAN_POINT('',(-0.0144899028020406,-0.0475308592164993,0.135345662807758));
#2720=CARTESIAN_POINT('',(-0.0144240257928726,-0.0476056176224242,0.135435378721425));
#2721=CARTESIAN_POINT('',(-0.0144909536518829,-0.0473732999018071,0.135123510454602));
#2722=CARTESIAN_POINT('',(-0.0144909536514539,-0.04737329989997,0.135123510451937));
#2723=CARTESIAN_POINT('',(-0.0144628170223012,-0.0472527915650472,0.13494868301843));
#2724=CARTESIAN_POINT('',(-0.014379219281199,-0.0470148888099212,0.13459807184074));
#2725=CARTESIAN_POINT('',(-0.014418752905922,-0.0466391947214002,0.134077860751376));
#2726=CARTESIAN_POINT('',(-0.014618595609755,-0.0462693090003228,0.133584180665339));
#2727=CARTESIAN_POINT('',(-0.0148020216569082,-0.0460404403023067,0.13327452771739));
#2728=CARTESIAN_POINT('',(-0.014906344563703,-0.0459301560188334,0.133122943013055));
#2729=CARTESIAN_POINT('',(-0.0151999945628841,-0.0517187658072358,0.134673996331156));
#2730=CARTESIAN_POINT('',(-0.0159090354738789,-0.0552572926108937,0.137236019934135));
#2731=CARTESIAN_POINT('',(-0.0158914939847859,-0.0551377312352859,0.137292846972769));
#2732=CARTESIAN_POINT('',(-0.0159099680453237,-0.0550099628468666,0.137349557471159));
#2733=CARTESIAN_POINT('',(-0.0159759633328981,-0.0549001654296775,0.137389946915528));
#2734=CARTESIAN_POINT('',(-0.0159090354738853,-0.0552572926108932,0.137236019934135));
#2735=CARTESIAN_POINT('',(-0.0159090354743142,-0.0552572926138168,0.137236019932745));
#2736=CARTESIAN_POINT('',(-0.015937172103467,-0.0554490696099814,0.137144869101511));
#2737=CARTESIAN_POINT('',(-0.0160207698445691,-0.0558304050283957,0.136960182292344));
#2738=CARTESIAN_POINT('',(-0.0159812362198463,-0.0564158711977885,0.136697513317884));
#2739=CARTESIAN_POINT('',(-0.0157813935160129,-0.0569830416717571,0.136454916682573));
#2740=CARTESIAN_POINT('',(-0.0155979674688605,-0.0573360742523448,0.1363011837123));
#2741=CARTESIAN_POINT('',(-0.0154936445620652,-0.0575073755956382,0.136225049649258));
#2742=CARTESIAN_POINT('',(-0.0144909536514539,-0.0552572926138168,0.137236019932745));
#2743=CARTESIAN_POINT('',(-0.0144628170223012,-0.0554490696099809,0.137144869101511));
#2744=CARTESIAN_POINT('',(-0.0143792192811996,-0.0558304050283944,0.136960182292344));
#2745=CARTESIAN_POINT('',(-0.0144187529059213,-0.0564158711977854,0.136697513317886));
#2746=CARTESIAN_POINT('',(-0.0146185956097531,-0.0569830416717527,0.136454916682575));
#2747=CARTESIAN_POINT('',(-0.0148020216569056,-0.0573360742523391,0.136301183712303));
#2748=CARTESIAN_POINT('',(-0.0149063445636995,-0.0575073755956325,0.13622504964926));
#2749=CARTESIAN_POINT('',(-0.0144909536518828,-0.0552572926108932,0.137236019934135));
#2750=CARTESIAN_POINT('',(-0.0144240257928698,-0.0549001654296774,0.137389946915528));
#2751=CARTESIAN_POINT('',(-0.0144895193834639,-0.0550091281655631,0.137349864512207));
#2752=CARTESIAN_POINT('',(-0.0145084683787468,-0.0551379136445671,0.137292760274376));
#2753=CARTESIAN_POINT('',(-0.0144909536518951,-0.0552572926108953,0.137236019934135));
#2754=CARTESIAN_POINT('',(-0.0151999945628841,-0.0517187658072358,0.134673996331156));
#2755=CARTESIAN_POINT('',(-0.0170251523184118,-0.0549070012106079,0.13714215963414));
#2756=CARTESIAN_POINT('',(-0.0170974052531689,-0.055084932378106,0.137047298824296));
#2757=CARTESIAN_POINT('',(-0.0172181826885576,-0.0554545990117039,0.136859485373661));
#2758=CARTESIAN_POINT('',(-0.0175426087169491,-0.0559258370532116,0.136566209064584));
#2759=CARTESIAN_POINT('',(-0.0179893936116715,-0.0562900645377871,0.136269234019156));
#2760=CARTESIAN_POINT('',(-0.0183148377046822,-0.056483389076702,0.136072707408092));
#2761=CARTESIAN_POINT('',(-0.0184849119619632,-0.0565685713293737,0.135973497804265));
#2762=CARTESIAN_POINT('',(-0.0170251523173103,-0.0549070012078954,0.137142159635586));
#2763=CARTESIAN_POINT('',(-0.0170251523173103,-0.0549070012078954,0.137142159635586));
#2764=CARTESIAN_POINT('',(-0.0169796987981383,-0.054795066685645,0.137201835518004));
#2765=CARTESIAN_POINT('',(-0.0169016159191337,-0.0546990356251665,0.13726600983826));
#2766=CARTESIAN_POINT('',(-0.0167916620152453,-0.0546441597636523,0.137321350404059));
#2767=CARTESIAN_POINT('',(-0.0181724046107244,-0.0541018753899837,0.136926426822871));
#2768=CARTESIAN_POINT('',(-0.0180983076472478,-0.0540100355906686,0.136991491340981));
#2769=CARTESIAN_POINT('',(-0.018050017911104,-0.0538931090282882,0.13705005924085));
#2770=CARTESIAN_POINT('',(-0.0180472058593369,-0.0537630364307977,0.137085254118588));
#2771=CARTESIAN_POINT('',(-0.0181724046107244,-0.0541018753899838,0.136926426822871));
#2772=CARTESIAN_POINT('',(-0.01817240461252,-0.0541018753922093,0.136926426821295));
#2773=CARTESIAN_POINT('',(-0.0182901835695754,-0.0542478570258962,0.136823005159667));
#2774=CARTESIAN_POINT('',(-0.0185462249914501,-0.0545225972615453,0.136609756257361));
#2775=CARTESIAN_POINT('',(-0.0188066842713434,-0.0550387262838789,0.136328508450342));
#2776=CARTESIAN_POINT('',(-0.0189301168788615,-0.0556298779386701,0.136092337553065));
#2777=CARTESIAN_POINT('',(-0.0189587713931583,-0.0560314853057665,0.13595162015761));
#2778=CARTESIAN_POINT('',(-0.0189600476414403,-0.0562351276703406,0.135884151845102));
#2779=CARTESIAN_POINT('',(-0.0151999945628841,-0.0517187658072358,0.134673996331156));
#2780=CARTESIAN_POINT('',(-0.0115377863703909,-0.0531848005909686,0.136680697371076));
#2781=CARTESIAN_POINT('',(-0.0116290365239339,-0.05311576560613,0.136751872447865));
#2782=CARTESIAN_POINT('',(-0.0117368321694523,-0.0530781005633876,0.136831600184918));
#2783=CARTESIAN_POINT('',(-0.0118486537561623,-0.0530928048958317,0.136905666120052));
#2784=CARTESIAN_POINT('',(-0.0115377863703908,-0.0531848005909686,0.136680697371076));
#2785=CARTESIAN_POINT('',(-0.0115377863681796,-0.0531848005926414,0.136680697369351));
#2786=CARTESIAN_POINT('',(-0.0113927420348026,-0.0532945333762783,0.136567562857627));
#2787=CARTESIAN_POINT('',(-0.0111137222981674,-0.0535387243366735,0.136346128301687));
#2788=CARTESIAN_POINT('',(-0.0106283235821145,-0.0537558002377343,0.135984749452328));
#2789=CARTESIAN_POINT('',(-0.0101052531406246,-0.0538156402485185,0.135606214029111));
#2790=CARTESIAN_POINT('',(-0.00976209958384536,-0.0537991265342366,0.135353461427562));
#2791=CARTESIAN_POINT('',(-0.00959123656174782,-0.053777306192484,0.13522558056497));
#2792=CARTESIAN_POINT('',(-0.0110995749855015,-0.0518820796532523,0.136331634345679));
#2793=CARTESIAN_POINT('',(-0.0109371412589797,-0.051940117005257,0.136204648084796));
#2794=CARTESIAN_POINT('',(-0.0106064552769616,-0.0520307138273399,0.135942058103534));
#2795=CARTESIAN_POINT('',(-0.010145489684687,-0.0523204248611622,0.135600141779343));
#2796=CARTESIAN_POINT('',(-0.00974592882657051,-0.0527474358922213,0.135319989534493));
#2797=CARTESIAN_POINT('',(-0.00951613880135391,-0.0530679308732099,0.135157538140685));
#2798=CARTESIAN_POINT('',(-0.00940975088146105,-0.053237783018825,0.135081015766295));
#2799=CARTESIAN_POINT('',(-0.0110995749879779,-0.0518820796523675,0.136331634347615));
#2800=CARTESIAN_POINT('',(-0.0113690786820851,-0.0516671173949924,0.136523654305543));
#2801=CARTESIAN_POINT('',(-0.011298905988645,-0.0517731927099855,0.136482621000221));
#2802=CARTESIAN_POINT('',(-0.0112017536424753,-0.0518455713565514,0.136411514835211));
#2803=CARTESIAN_POINT('',(-0.011099574987978,-0.0518820796523676,0.136331634347615));
#2804=CARTESIAN_POINT('',(-0.0151999945628841,-0.0517187658072358,0.134673996331156));
#2805=CARTESIAN_POINT('',(-0.0122275845132481,-0.0541018753922092,0.136926426821294));
#2806=CARTESIAN_POINT('',(-0.0121098055561931,-0.0542478570258957,0.136823005159667));
#2807=CARTESIAN_POINT('',(-0.0118537641343194,-0.0545225972615444,0.136609756257362));
#2808=CARTESIAN_POINT('',(-0.0115933048544257,-0.0550387262838757,0.136328508450343));
#2809=CARTESIAN_POINT('',(-0.0114698722469077,-0.0556298779386652,0.136092337553067));
#2810=CARTESIAN_POINT('',(-0.0114412177326097,-0.0560314853057602,0.135951620157612));
#2811=CARTESIAN_POINT('',(-0.0114399414843279,-0.0562351276703338,0.135884151845104));
#2812=CARTESIAN_POINT('',(-0.0122275845150437,-0.0541018753899837,0.136926426822871));
#2813=CARTESIAN_POINT('',(-0.0123527832664362,-0.0537630364307994,0.137085254118592));
#2814=CARTESIAN_POINT('',(-0.012349990929755,-0.0538921970989458,0.137050305989533));
#2815=CARTESIAN_POINT('',(-0.0123016914676882,-0.0540100232095516,0.136991500112466));
#2816=CARTESIAN_POINT('',(-0.0122275845150438,-0.0541018753899837,0.136926426822871));
#2817=CARTESIAN_POINT('',(-0.0133748368084579,-0.0549070012078953,0.137142159635586));
#2818=CARTESIAN_POINT('',(-0.01342029032763,-0.054795066685645,0.137201835518004));
#2819=CARTESIAN_POINT('',(-0.0134983732066346,-0.0546990356251666,0.13726600983826));
#2820=CARTESIAN_POINT('',(-0.0136083271105229,-0.0546441597636524,0.137321350404059));
#2821=CARTESIAN_POINT('',(-0.0133748368084579,-0.0549070012078953,0.137142159635586));
#2822=CARTESIAN_POINT('',(-0.0133748368073564,-0.0549070012106079,0.13714215963414));
#2823=CARTESIAN_POINT('',(-0.0133025838725991,-0.0550849323781064,0.137047298824296));
#2824=CARTESIAN_POINT('',(-0.0131818064372103,-0.0554545990117054,0.136859485373661));
#2825=CARTESIAN_POINT('',(-0.0128573804088168,-0.0559258370532138,0.136566209064582));
#2826=CARTESIAN_POINT('',(-0.012410595514093,-0.0562900645377901,0.136269234019153));
#2827=CARTESIAN_POINT('',(-0.0120851514210807,-0.0564833890767045,0.13607270740809));
#2828=CARTESIAN_POINT('',(-0.0119150771637992,-0.0565685713293765,0.135973497804262));
#2829=CARTESIAN_POINT('',(-0.0151999945628841,-0.0517187658072358,0.134673996331156));
#2830=CARTESIAN_POINT('',(-0.0133748368073564,-0.0477235913031789,0.135217370750543));
#2831=CARTESIAN_POINT('',(-0.0133025838725992,-0.0476169287969223,0.135046253295645));
#2832=CARTESIAN_POINT('',(-0.0131818064372105,-0.0473906948266124,0.134698768759424));
#2833=CARTESIAN_POINT('',(-0.0128573804088189,-0.047129228865976,0.134209165004681));
#2834=CARTESIAN_POINT('',(-0.0124105955140968,-0.046962286134291,0.133769863328762));
#2835=CARTESIAN_POINT('',(-0.0120851514210857,-0.046893125477948,0.133503004021605));
#2836=CARTESIAN_POINT('',(-0.0119150771638049,-0.046868960285096,0.133374494858055));
#2837=CARTESIAN_POINT('',(-0.0133748368084579,-0.0477235913048049,0.135217370753151));
#2838=CARTESIAN_POINT('',(-0.0136083271105225,-0.0478616232884505,0.135503975232894));
#2839=CARTESIAN_POINT('',(-0.0134982018249013,-0.0478417387360235,0.135428493498355));
#2840=CARTESIAN_POINT('',(-0.0134203658536097,-0.0477908029977239,0.135325197713489));
#2841=CARTESIAN_POINT('',(-0.0133748368084579,-0.0477235913048049,0.135217370753151));
#2842=CARTESIAN_POINT('',(-0.0122275845150437,-0.0485287171227166,0.135433103565866));
#2843=CARTESIAN_POINT('',(-0.012301680953139,-0.0485757201296719,0.135535370265969));
#2844=CARTESIAN_POINT('',(-0.0123499696356955,-0.0486476445164932,0.135644501929151));
#2845=CARTESIAN_POINT('',(-0.0123527832664312,-0.0487427466213049,0.135740071518365));
#2846=CARTESIAN_POINT('',(-0.0122275845150437,-0.0485287171227166,0.135433103565866));
#2847=CARTESIAN_POINT('',(-0.0122275845132482,-0.0485287171215776,0.135433103563388));
#2848=CARTESIAN_POINT('',(-0.0121098055561928,-0.0484540041491324,0.135270546960274));
#2849=CARTESIAN_POINT('',(-0.0118537641343181,-0.0483226965767716,0.134948497875723));
#2850=CARTESIAN_POINT('',(-0.0115933048544248,-0.0480163396353098,0.134446865618919));
#2851=CARTESIAN_POINT('',(-0.0114698722469066,-0.0476224727334098,0.133946759794847));
#2852=CARTESIAN_POINT('',(-0.0114412177326099,-0.0473450292488849,0.13362409127208));
#2853=CARTESIAN_POINT('',(-0.0114399414843278,-0.0472024039441311,0.133463840817211));
#2854=CARTESIAN_POINT('',(-0.0151999945628841,-0.0517187658072358,0.134673996331156));
#2855=CARTESIAN_POINT('',(-0.0115377863681796,-0.0494457919211453,0.135678833015331));
#2856=CARTESIAN_POINT('',(-0.0113927420348029,-0.0494073277987503,0.135525989262315));
#2857=CARTESIAN_POINT('',(-0.0111137222981683,-0.049306569501644,0.135212125831398));
#2858=CARTESIAN_POINT('',(-0.0106283235821174,-0.049299265681454,0.134790624616934));
#2859=CARTESIAN_POINT('',(-0.0101052531406289,-0.0494367104235602,0.134432883318804));
#2860=CARTESIAN_POINT('',(-0.00976209958385059,-0.0495773880204125,0.134222250002132));
#2861=CARTESIAN_POINT('',(-0.00959123656175348,-0.0496602254219849,0.134122412097346));
#2862=CARTESIAN_POINT('',(-0.0115377863703908,-0.0494457919217317,0.135678833017661));
#2863=CARTESIAN_POINT('',(-0.00959123656175349,-0.0496602254219849,0.134122412097345));
#2864=CARTESIAN_POINT('',(-0.0118486537561623,-0.0494129781562713,0.135919659516901));
#2865=CARTESIAN_POINT('',(-0.0117367881162905,-0.049462765055572,0.135862846328468));
#2866=CARTESIAN_POINT('',(-0.0116291878557108,-0.049470030565439,0.135775149403985));
#2867=CARTESIAN_POINT('',(-0.0115377863703909,-0.0494457919217318,0.135678833017661));
#2868=CARTESIAN_POINT('',(-0.0110995749879779,-0.0507485128603328,0.136027896041122));
#2869=CARTESIAN_POINT('',(-0.0112017667142337,-0.0507401886633786,0.136115339905855));
#2870=CARTESIAN_POINT('',(-0.0112982785329158,-0.0507666804340034,0.136212305800455));
#2871=CARTESIAN_POINT('',(-0.0113690786820851,-0.0508386656571103,0.13630167133141));
#2872=CARTESIAN_POINT('',(-0.0110995749879779,-0.0507485128603328,0.136027896041122));
#2873=CARTESIAN_POINT('',(-0.0110995749855016,-0.0507485128605345,0.136027896039003));
#2874=CARTESIAN_POINT('',(-0.0109371412589792,-0.0507617441697714,0.135888904035145));
#2875=CARTESIAN_POINT('',(-0.0106064552769601,-0.0508145800109769,0.13561619602955));
#2876=CARTESIAN_POINT('',(-0.0101454896846845,-0.0507346410580244,0.135175232289919));
#2877=CARTESIAN_POINT('',(-0.00974592882656716,-0.0505049147798551,0.134719107813421));
#2878=CARTESIAN_POINT('',(-0.00951613880135064,-0.0503085836814362,0.134418173289008));
#2879=CARTESIAN_POINT('',(-0.00940975088145751,-0.050199748595641,0.13426697689602));
#2880=CARTESIAN_POINT('',(-0.00940975088145751,-0.050199748595641,0.13426697689602));
#2881=CARTESIAN_POINT('',(-0.0151999945628841,-0.0517187658072358,0.134673996331156));
#2882=CARTESIAN_POINT('',(-0.0151999945628841,-0.053582262931974,0.127719330381875));
#2883=CARTESIAN_POINT('',(-0.00959123656175349,-0.0515237225467241,0.12716774614806));
#2884=CARTESIAN_POINT('',(-0.00940975088145751,-0.0520632457203791,0.127312310946739));
#2885=CARTESIAN_POINT('',(-0.0151999945628841,-0.053582262931974,0.127719330381875));
#2886=CARTESIAN_POINT('',(-0.0186693204182758,-0.0513604918567352,0.127124008616498));
#2887=CARTESIAN_POINT('',(-0.0183254691246872,-0.0515806956917515,0.127183012056261));
#2888=CARTESIAN_POINT('',(-0.0151999945628841,-0.053582262931974,0.127719330381875));
#2889=CARTESIAN_POINT('',(-0.0181365747474296,-0.0513295638578933,0.127115721484185));
#2890=CARTESIAN_POINT('',(-0.0184596446925581,-0.051081731576628,0.127049315024561));
#2891=CARTESIAN_POINT('',(-0.0166547458467042,-0.0498150784891965,0.126709916352694));
#2892=CARTESIAN_POINT('',(-0.0165105627599487,-0.0501884510975443,0.126809961241576));
#2893=CARTESIAN_POINT('',(-0.0151999945628841,-0.053582262931974,0.127719330381875));
#2894=CARTESIAN_POINT('',(-0.016204925237262,-0.0500925272726675,0.126784258530166));
#2895=CARTESIAN_POINT('',(-0.0163154833958772,-0.049708601536909,0.126681385939316));
#2896=CARTESIAN_POINT('',(-0.0140845057298909,-0.049708601536909,0.126681385939316));
#2897=CARTESIAN_POINT('',(-0.0141950638885061,-0.0500925272726675,0.126784258530166));
#2898=CARTESIAN_POINT('',(-0.015199994562884,-0.053582262931974,0.127719330381875));
#2899=CARTESIAN_POINT('',(-0.0138894263658195,-0.0501884510975443,0.126809961241576));
#2900=CARTESIAN_POINT('',(-0.0137452432790639,-0.0498150784891966,0.126709916352694));
#2901=CARTESIAN_POINT('',(-0.01194034443321,-0.051081731576628,0.127049315024561));
#2902=CARTESIAN_POINT('',(-0.0122634143783386,-0.0513295638578933,0.127115721484185));
#2903=CARTESIAN_POINT('',(-0.015199994562884,-0.053582262931974,0.127719330381875));
#2904=CARTESIAN_POINT('',(-0.0120745200010809,-0.0515806956917515,0.127183012056261));
#2905=CARTESIAN_POINT('',(-0.0117306687074924,-0.0513604918567352,0.127124008616498));
#2906=CARTESIAN_POINT('',(-0.0110412586946316,-0.0534099796041543,0.127673167203316));
#2907=CARTESIAN_POINT('',(-0.011453438687978,-0.0534270549229925,0.12767774252121));
#2908=CARTESIAN_POINT('',(-0.015199994562884,-0.053582262931974,0.127719330381875));
#2909=CARTESIAN_POINT('',(-0.011453438687978,-0.0537374709409555,0.12776091824254));
#2910=CARTESIAN_POINT('',(-0.0110412586946316,-0.0537545462597937,0.127765493560434));
#2911=CARTESIAN_POINT('',(-0.0117306687074924,-0.0558040340072128,0.128314652147252));
#2912=CARTESIAN_POINT('',(-0.0120745200010809,-0.0555838301721965,0.128255648707489));
#2913=CARTESIAN_POINT('',(-0.015199994562884,-0.053582262931974,0.127719330381875));
#2914=CARTESIAN_POINT('',(-0.0122634143783386,-0.0558349620060547,0.128322939279565));
#2915=CARTESIAN_POINT('',(-0.01194034443321,-0.05608279428732,0.128389345739189));
#2916=CARTESIAN_POINT('',(-0.0137452432790639,-0.0573494473747514,0.128728744411056));
#2917=CARTESIAN_POINT('',(-0.0138894263658195,-0.0569760747664037,0.128628699522174));
#2918=CARTESIAN_POINT('',(-0.015199994562884,-0.053582262931974,0.127719330381875));
#2919=CARTESIAN_POINT('',(-0.0141950638885061,-0.0570719985912805,0.128654402233584));
#2920=CARTESIAN_POINT('',(-0.0140845057298909,-0.0574559243270389,0.128757274824434));
#2921=CARTESIAN_POINT('',(-0.0163154833958772,-0.0574559243270389,0.128757274824434));
#2922=CARTESIAN_POINT('',(-0.016204925237262,-0.0570719985912805,0.128654402233584));
#2923=CARTESIAN_POINT('',(-0.0151999945628841,-0.053582262931974,0.127719330381875));
#2924=CARTESIAN_POINT('',(-0.0165105627599487,-0.0569760747664037,0.128628699522174));
#2925=CARTESIAN_POINT('',(-0.0166547458467042,-0.0573494473747514,0.128728744411056));
#2926=CARTESIAN_POINT('',(-0.0184596446925582,-0.05608279428732,0.128389345739189));
#2927=CARTESIAN_POINT('',(-0.0181365747474296,-0.0558349620060547,0.128322939279565));
#2928=CARTESIAN_POINT('',(-0.0151999945628841,-0.053582262931974,0.127719330381875));
#2929=CARTESIAN_POINT('',(-0.0183254691246873,-0.0555838301721964,0.128255648707489));
#2930=CARTESIAN_POINT('',(-0.0186693204182758,-0.0558040340072128,0.128314652147252));
#2931=CARTESIAN_POINT('',(-0.0193587304311365,-0.0537545462597937,0.127765493560434));
#2932=CARTESIAN_POINT('',(-0.0189465504377902,-0.0537374709409555,0.12776091824254));
#2933=CARTESIAN_POINT('',(-0.0151999945628841,-0.053582262931974,0.127719330381875));
#2934=CARTESIAN_POINT('',(-0.0189465504377902,-0.0534270549229925,0.12767774252121));
#2935=CARTESIAN_POINT('',(-0.0193587304311365,-0.0534099796041543,0.127673167203316));
#2936=CARTESIAN_POINT('',(-0.0151999945628841,-0.053582262931974,0.127719330381875));
#2937=CARTESIAN_POINT('',(-0.0151999945628841,-0.0521333741925404,0.127331101814221));
#2938=CARTESIAN_POINT('',(-0.0110995749879784,-0.0529663021773299,0.127750993629606));
#2939=CARTESIAN_POINT('',(-0.0110995749879784,-0.0507352854886609,0.136077261264253));
#2940=CARTESIAN_POINT('',(-0.0108875409300134,-0.0529370582288203,0.127743157737219));
#2941=CARTESIAN_POINT('',(-0.0108875409300134,-0.0507060415401513,0.136069425371866));
#2942=CARTESIAN_POINT('',(-0.0105178650761044,-0.0528859619946611,0.12772946654254));
#2943=CARTESIAN_POINT('',(-0.0105178650761044,-0.0506549453059921,0.136055734177187));
#2944=CARTESIAN_POINT('',(-0.0105418767301856,-0.0528888138258574,0.127730230688406));
#2945=CARTESIAN_POINT('',(-0.0105418767301856,-0.0506577971371885,0.136056498323053));
#2946=CARTESIAN_POINT('',(-0.0104690936397791,-0.0528703320894142,0.127725278522051));
#2947=CARTESIAN_POINT('',(-0.0104690936397791,-0.0506393154007452,0.136051546156698));
#2948=CARTESIAN_POINT('',(-0.0103850963440581,-0.0528384179625134,0.127716727157521));
#2949=CARTESIAN_POINT('',(-0.0103850963440581,-0.0506074012738445,0.136042994792168));
#2950=CARTESIAN_POINT('',(-0.0102541073179625,-0.0527774561256394,0.127700392482562));
#2951=CARTESIAN_POINT('',(-0.0102541073179625,-0.0505464394369704,0.136026660117208));
#2952=CARTESIAN_POINT('',(-0.0100881186078834,-0.0526761233750277,0.127673240453869));
#2953=CARTESIAN_POINT('',(-0.0100881186078834,-0.0504451066863587,0.135999508088515));
#2954=CARTESIAN_POINT('',(-0.00991541447528976,-0.0525477228119105,0.127638835626673));
#2955=CARTESIAN_POINT('',(-0.00991541447528976,-0.0503167061232416,0.13596510326132));
#2956=CARTESIAN_POINT('',(-0.00968461450667631,-0.0523430509892079,0.127583993977067));
#2957=CARTESIAN_POINT('',(-0.00968461450667631,-0.0501120343005389,0.135910261611714));
#2958=CARTESIAN_POINT('',(-0.00951634450472607,-0.0521536814013938,0.12753325254894));
#2959=CARTESIAN_POINT('',(-0.00951634450472607,-0.0499226647127248,0.135859520183586));
#2960=CARTESIAN_POINT('',(-0.00940975088145751,-0.0520140683617523,0.127495843347716));
#2961=CARTESIAN_POINT('',(-0.00940975088145751,-0.0497830516730833,0.135822110982363));
#2962=CARTESIAN_POINT('',(-0.0110995749879779,-0.0530154795359566,0.127567461228629));
#2963=CARTESIAN_POINT('',(-0.0110995749879783,-0.0540998689693645,0.128054731936098));
#2964=CARTESIAN_POINT('',(-0.0110995749879783,-0.0518688522806955,0.136380999570745));
#2965=CARTESIAN_POINT('',(-0.0108875409300127,-0.0541291129178742,0.128062567828485));
#2966=CARTESIAN_POINT('',(-0.0108875409300127,-0.0518980962292052,0.136388835463132));
#2967=CARTESIAN_POINT('',(-0.0105178650761032,-0.0541802091520334,0.128076259023164));
#2968=CARTESIAN_POINT('',(-0.0105178650761032,-0.0519491924633644,0.136402526657811));
#2969=CARTESIAN_POINT('',(-0.0105418767301856,-0.054177357320837,0.128075494877298));
#2970=CARTESIAN_POINT('',(-0.0105418767301856,-0.051946340632168,0.136401762511945));
#2971=CARTESIAN_POINT('',(-0.0104690936397785,-0.0541958390572804,0.128080447043653));
#2972=CARTESIAN_POINT('',(-0.0104690936397785,-0.0519648223686114,0.1364067146783));
#2973=CARTESIAN_POINT('',(-0.0103850963440572,-0.0542277531841813,0.128088998408183));
#2974=CARTESIAN_POINT('',(-0.0103850963440572,-0.0519967364955123,0.13641526604283));
#2975=CARTESIAN_POINT('',(-0.0102541073179609,-0.0542887150210559,0.128105333083143));
#2976=CARTESIAN_POINT('',(-0.0102541073179609,-0.0520576983323869,0.13643160071779));
#2977=CARTESIAN_POINT('',(-0.0100881186078815,-0.0543900477716678,0.128132485111836));
#2978=CARTESIAN_POINT('',(-0.0100881186078815,-0.0521590310829988,0.136458752746483));
#2979=CARTESIAN_POINT('',(-0.00991541447528635,-0.054518448334787,0.128166889939032));
#2980=CARTESIAN_POINT('',(-0.00991541447528635,-0.052287431646118,0.136493157573679));
#2981=CARTESIAN_POINT('',(-0.00968461450667697,-0.0547231201574843,0.128221731588637));
#2982=CARTESIAN_POINT('',(-0.00968461450667697,-0.0524921034688153,0.136547999223284));
#2983=CARTESIAN_POINT('',(-0.00951634450470464,-0.0549124897453293,0.12827247301677));
#2984=CARTESIAN_POINT('',(-0.00951634450470464,-0.0526814730566603,0.136598740651417));
#2985=CARTESIAN_POINT('',(-0.00940975088146105,-0.0550521027849374,0.128309882217987));
#2986=CARTESIAN_POINT('',(-0.00940975088146105,-0.0528210860962684,0.136636149852634));
#2987=CARTESIAN_POINT('',(-0.0110995749879779,-0.0518196749220687,0.136564531971723));
#2988=CARTESIAN_POINT('',(-0.015199994562884,-0.053582262931974,0.127719330381875));
#2989=CARTESIAN_POINT('',(-0.011453438687978,-0.0537374709409555,0.12776091824254));
#2990=CARTESIAN_POINT('',(-0.011453438687978,-0.0534270549229925,0.12767774252121));
#2991=CARTESIAN_POINT('',(-0.0110412586946316,-0.0522452939011929,0.132019833421617));
#2992=CARTESIAN_POINT('',(-0.0110412586946316,-0.0525898605568324,0.132112159778734));
#2993=CARTESIAN_POINT('',(-0.0122275845132482,-0.0507465064380313,0.127156201153899));
#2994=CARTESIAN_POINT('',(-0.0122275845132482,-0.0485154897493624,0.135482468788546));
#2995=CARTESIAN_POINT('',(-0.012073840886806,-0.050602463775695,0.127117605038851));
#2996=CARTESIAN_POINT('',(-0.012073840886806,-0.0483714470870262,0.135443872673497));
#2997=CARTESIAN_POINT('',(-0.0118058599235969,-0.0503512400174956,0.127050289835722));
#2998=CARTESIAN_POINT('',(-0.0118058599235969,-0.0481202233288268,0.135376557470368));
#2999=CARTESIAN_POINT('',(-0.0118235503639188,-0.0503671799815819,0.127054560936226));
#3000=CARTESIAN_POINT('',(-0.0118235503639188,-0.0481361632929131,0.135380828570872));
#3001=CARTESIAN_POINT('',(-0.011775914114258,-0.050310904836683,0.127039482056596));
#3002=CARTESIAN_POINT('',(-0.011775914114258,-0.0480798881480142,0.135365749691243));
#3003=CARTESIAN_POINT('',(-0.0117273792613676,-0.0502373957168006,0.127019785347288));
#3004=CARTESIAN_POINT('',(-0.0117273792613676,-0.0480063790281317,0.135346052981934));
#3005=CARTESIAN_POINT('',(-0.0116585034144682,-0.0501137066240653,0.126986642954777));
#3006=CARTESIAN_POINT('',(-0.0116585034144682,-0.0478826899353964,0.135312910589423));
#3007=CARTESIAN_POINT('',(-0.0115858787397641,-0.0499374854620738,0.126939424636732));
#3008=CARTESIAN_POINT('',(-0.0115858787397641,-0.0477064687734049,0.135265692271378));
#3009=CARTESIAN_POINT('',(-0.0115242924812922,-0.0497355532519283,0.126885317064097));
#3010=CARTESIAN_POINT('',(-0.0115242924812922,-0.0475045365632595,0.135211584698744));
#3011=CARTESIAN_POINT('',(-0.0114621182964729,-0.0494389319816408,0.126805837634266));
#3012=CARTESIAN_POINT('',(-0.0114621182964729,-0.0472079152929719,0.135132105268913));
#3013=CARTESIAN_POINT('',(-0.0114412202002636,-0.049190192302928,0.126739188038228));
#3014=CARTESIAN_POINT('',(-0.0114412202002636,-0.0469591756142591,0.135065455672874));
#3015=CARTESIAN_POINT('',(-0.0114399414843278,-0.0490167237102424,0.126692707268907));
#3016=CARTESIAN_POINT('',(-0.0114399414843278,-0.0467857070215735,0.135018974903553));
#3017=CARTESIAN_POINT('',(-0.0122275845150437,-0.0507956837983404,0.126972668753372));
#3018=CARTESIAN_POINT('',(-0.0115377863681796,-0.051663581237599,0.127401930605842));
#3019=CARTESIAN_POINT('',(-0.0115377863681796,-0.0494325645489301,0.135728198240489));
#3020=CARTESIAN_POINT('',(-0.0113484516825463,-0.0515668562778499,0.12737601323099));
#3021=CARTESIAN_POINT('',(-0.0113484516825463,-0.049335839589181,0.135702280865636));
#3022=CARTESIAN_POINT('',(-0.0110182845515009,-0.0513983079629112,0.127330850846116));
#3023=CARTESIAN_POINT('',(-0.0110182845515009,-0.0491672912742423,0.135657118480763));
#3024=CARTESIAN_POINT('',(-0.0110394457849897,-0.0514096335670294,0.127333885532593));
#3025=CARTESIAN_POINT('',(-0.0110394457849897,-0.0491786168783605,0.13566015316724));
#3026=CARTESIAN_POINT('',(-0.0109693165201115,-0.0513832624999669,0.127326819426471));
#3027=CARTESIAN_POINT('',(-0.0109693165201115,-0.049152245811298,0.135653087061117));
#3028=CARTESIAN_POINT('',(-0.0108819408936768,-0.051361391522152,0.127320959115627));
#3029=CARTESIAN_POINT('',(-0.0108819408936768,-0.0491303748334831,0.135647226750274));
#3030=CARTESIAN_POINT('',(-0.0107388720441539,-0.0513363407535351,0.127314246782407));
#3031=CARTESIAN_POINT('',(-0.0107388720441539,-0.0491053240648662,0.135640514417053));
#3032=CARTESIAN_POINT('',(-0.0105429213442727,-0.0513240794262128,0.127310961369653));
#3033=CARTESIAN_POINT('',(-0.0105429213442727,-0.0490930627375439,0.135637229004299));
#3034=CARTESIAN_POINT('',(-0.0103250664462672,-0.0513299036913525,0.127312521976793));
#3035=CARTESIAN_POINT('',(-0.0103250664462672,-0.0490988870026836,0.13563878961144));
#3036=CARTESIAN_POINT('',(-0.0100137984373686,-0.0513644483866858,0.12732177820001));
#3037=CARTESIAN_POINT('',(-0.0100137984373686,-0.0491334316980169,0.135648045834657));
#3038=CARTESIAN_POINT('',(-0.00976242995117157,-0.0514221151374382,0.127337229959305));
#3039=CARTESIAN_POINT('',(-0.00976242995117157,-0.0491910984487693,0.135663497593951));
#3040=CARTESIAN_POINT('',(-0.00959123656175349,-0.0514745451880972,0.127351278549038));
#3041=CARTESIAN_POINT('',(-0.00959123656175349,-0.0492435284994283,0.135677546183684));
#3042=CARTESIAN_POINT('',(-0.0115377863703908,-0.0493833871914329,0.135911730641769));
#3043=CARTESIAN_POINT('',(-0.015199994562884,-0.053582262931974,0.127719330381875));
#3044=CARTESIAN_POINT('',(-0.0120745200010809,-0.0515806956917515,0.127183012056261));
#3045=CARTESIAN_POINT('',(-0.0122634143783386,-0.0513295638578933,0.127115721484185));
#3046=CARTESIAN_POINT('',(-0.01194034443321,-0.0499170458736666,0.131395981242862));
#3047=CARTESIAN_POINT('',(-0.0117306687074924,-0.0501958061537739,0.131470674834799));
#3048=CARTESIAN_POINT('',(-0.0133748368073564,-0.0571247905270616,0.128865257224651));
#3049=CARTESIAN_POINT('',(-0.0133748368073564,-0.0548937738383927,0.137191524859298));
#3050=CARTESIAN_POINT('',(-0.0132805209084185,-0.0573105387479643,0.128915028310438));
#3051=CARTESIAN_POINT('',(-0.0132805209084185,-0.0550795220592955,0.137241295945084));
#3052=CARTESIAN_POINT('',(-0.0131159751209746,-0.0576343518842515,0.129001793778805));
#3053=CARTESIAN_POINT('',(-0.0131159751209746,-0.0554033351955826,0.137328061413451));
#3054=CARTESIAN_POINT('',(-0.0131262030610676,-0.057613174840549,0.128996119407047));
#3055=CARTESIAN_POINT('',(-0.0131262030610676,-0.0553821581518802,0.137322387041693));
#3056=CARTESIAN_POINT('',(-0.0130855146175769,-0.0576743258598807,0.129012504773293));
#3057=CARTESIAN_POINT('',(-0.0130855146175769,-0.0554433091712118,0.137338772407939));
#3058=CARTESIAN_POINT('',(-0.0130281351798676,-0.057741627972266,0.129030538319955));
#3059=CARTESIAN_POINT('',(-0.0130281351798676,-0.0555106112835971,0.137356805954601));
#3060=CARTESIAN_POINT('',(-0.0129276339447332,-0.057843122804231,0.129057733778216));
#3061=CARTESIAN_POINT('',(-0.0129276339447332,-0.0556121061155622,0.137384001412863));
#3062=CARTESIAN_POINT('',(-0.0127765677622413,-0.057964294799201,0.129090201716414));
#3063=CARTESIAN_POINT('',(-0.0127765677622413,-0.0557332781105321,0.13741646935106));
#3064=CARTESIAN_POINT('',(-0.0125967752652133,-0.0580832715033554,0.12912208142821));
#3065=CARTESIAN_POINT('',(-0.0125967752652133,-0.0558522548146865,0.137448349062856));
#3066=CARTESIAN_POINT('',(-0.0123239330157502,-0.058232048834844,0.129161946194034));
#3067=CARTESIAN_POINT('',(-0.0123239330157502,-0.0560010321461751,0.137488213828681));
#3068=CARTESIAN_POINT('',(-0.0120854802633419,-0.0583281116598985,0.12918768615043));
#3069=CARTESIAN_POINT('',(-0.0120854802633419,-0.0560970949712297,0.137513953785076));
#3070=CARTESIAN_POINT('',(-0.0119150771637992,-0.0583828910954877,0.129202364255958));
#3071=CARTESIAN_POINT('',(-0.0119150771637992,-0.0561518744068188,0.137528631890605));
#3072=CARTESIAN_POINT('',(-0.0133748368084579,-0.0571739678835192,0.128681724823092));
#3073=CARTESIAN_POINT('',(-0.0144909536518829,-0.0574750819278898,0.128959117522618));
#3074=CARTESIAN_POINT('',(-0.0144909536518829,-0.0552440652392207,0.137285385157265));
#3075=CARTESIAN_POINT('',(-0.0144542252963588,-0.0576789039031999,0.129013731456302));
#3076=CARTESIAN_POINT('',(-0.0144542252963588,-0.0554478872145309,0.137339999090949));
#3077=CARTESIAN_POINT('',(-0.0143902988418713,-0.0580342962500806,0.129108958548645));
#3078=CARTESIAN_POINT('',(-0.0143902988418713,-0.0558032795614116,0.137435226183292));
#3079=CARTESIAN_POINT('',(-0.0143949109204895,-0.05801135667852,0.129102811908971));
#3080=CARTESIAN_POINT('',(-0.0143949109204895,-0.055780339989851,0.137429079543618));
#3081=CARTESIAN_POINT('',(-0.0143906169401548,-0.0580839300389065,0.129122257882279));
#3082=CARTESIAN_POINT('',(-0.0143906169401548,-0.0558529133502375,0.137448525516925));
#3083=CARTESIAN_POINT('',(-0.0143960831941547,-0.0581709561665071,0.129145576462889));
#3084=CARTESIAN_POINT('',(-0.0143960831941547,-0.0559399394778381,0.137471844097536));
#3085=CARTESIAN_POINT('',(-0.0144156287589762,-0.0583101274856593,0.129182867305466));
#3086=CARTESIAN_POINT('',(-0.0144156287589762,-0.0560791107969903,0.137509134940113));
#3087=CARTESIAN_POINT('',(-0.0144641082769007,-0.0584939265647232,0.129232116120271));
#3088=CARTESIAN_POINT('',(-0.0144641082769007,-0.0562629098760541,0.137558383754917));
#3089=CARTESIAN_POINT('',(-0.0145371637500094,-0.0586922591810913,0.129285259184659));
#3090=CARTESIAN_POINT('',(-0.0145371637500094,-0.0564612424924222,0.137611526819306));
#3091=CARTESIAN_POINT('',(-0.0146673637743114,-0.058967530655589,0.129359017953951));
#3092=CARTESIAN_POINT('',(-0.0146673637743114,-0.05673651396692,0.137685285588597));
#3093=CARTESIAN_POINT('',(-0.0148018199463023,-0.059180630322403,0.12941611783758));
#3094=CARTESIAN_POINT('',(-0.0148018199463023,-0.056949613633734,0.137742385472226));
#3095=CARTESIAN_POINT('',(-0.0149063445636995,-0.0593216953617449,0.129453916100952));
#3096=CARTESIAN_POINT('',(-0.0149063445636995,-0.0570906786730759,0.137780183735599));
#3097=CARTESIAN_POINT('',(-0.0144909536518828,-0.0551948878805943,0.137468917558243));
#3098=CARTESIAN_POINT('',(-0.015199994562884,-0.053582262931974,0.127719330381875));
#3099=CARTESIAN_POINT('',(-0.0141950638885061,-0.0570719985912805,0.128654402233584));
#3100=CARTESIAN_POINT('',(-0.0138894263658195,-0.0569760747664037,0.128628699522174));
#3101=CARTESIAN_POINT('',(-0.0137452432790639,-0.0561847616717901,0.133075410629357));
#3102=CARTESIAN_POINT('',(-0.0140845057298909,-0.0562912386240776,0.133103941042735));
#3103=CARTESIAN_POINT('',(-0.0115377863681796,-0.0554025899090951,0.128403794959863));
#3104=CARTESIAN_POINT('',(-0.0115377863681796,-0.0531715732204262,0.136730062594509));
#3105=CARTESIAN_POINT('',(-0.0113484516825469,-0.055499314868844,0.128429712334715));
#3106=CARTESIAN_POINT('',(-0.0113484516825469,-0.0532682981801751,0.136755979969362));
#3107=CARTESIAN_POINT('',(-0.0110182845515019,-0.0556678631837824,0.128474874719589));
#3108=CARTESIAN_POINT('',(-0.0110182845515019,-0.0534368464951135,0.136801142354235));
#3109=CARTESIAN_POINT('',(-0.0110394457849896,-0.0556565375796649,0.128471840033112));
#3110=CARTESIAN_POINT('',(-0.0110394457849896,-0.053425520890996,0.136798107667758));
#3111=CARTESIAN_POINT('',(-0.0109693165201121,-0.0556829086467271,0.128478906139235));
#3112=CARTESIAN_POINT('',(-0.0109693165201121,-0.0534518919580582,0.136805173773881));
#3113=CARTESIAN_POINT('',(-0.0108819408936776,-0.055704779624542,0.128484766450078));
#3114=CARTESIAN_POINT('',(-0.0108819408936776,-0.0534737629358731,0.136811034084724));
#3115=CARTESIAN_POINT('',(-0.0107388720441555,-0.0557298303931589,0.128491478783298));
#3116=CARTESIAN_POINT('',(-0.0107388720441555,-0.05349881370449,0.136817746417945));
#3117=CARTESIAN_POINT('',(-0.0105429213442747,-0.0557420917204813,0.128494764196053));
#3118=CARTESIAN_POINT('',(-0.0105429213442747,-0.0535110750318124,0.136821031830699));
#3119=CARTESIAN_POINT('',(-0.0103250664462715,-0.0557362674553422,0.128493203588912));
#3120=CARTESIAN_POINT('',(-0.0103250664462715,-0.0535052507666733,0.136819471223559));
#3121=CARTESIAN_POINT('',(-0.0100137984373667,-0.0557017227600071,0.128483947365694));
#3122=CARTESIAN_POINT('',(-0.0100137984373667,-0.0534707060713382,0.136810215000341));
#3123=CARTESIAN_POINT('',(-0.00976242995120418,-0.0556440560092662,0.128468495606403));
#3124=CARTESIAN_POINT('',(-0.00976242995120418,-0.0534130393205973,0.136794763241049));
#3125=CARTESIAN_POINT('',(-0.00959123656174781,-0.0555916259585952,0.128454447016667));
#3126=CARTESIAN_POINT('',(-0.00959123656174781,-0.0533606092699263,0.136780714651313));
#3127=CARTESIAN_POINT('',(-0.0115377863703908,-0.0554517672665924,0.128220262558582));
#3128=CARTESIAN_POINT('',(-0.0122275845132481,-0.056319664708663,0.128649524411806));
#3129=CARTESIAN_POINT('',(-0.0122275845132481,-0.0540886480199941,0.136975792046452));
#3130=CARTESIAN_POINT('',(-0.0120738408868057,-0.0564637073709995,0.128688120526855));
#3131=CARTESIAN_POINT('',(-0.0120738408868057,-0.0542326906823306,0.137014388161501));
#3132=CARTESIAN_POINT('',(-0.0118058599235963,-0.0567149311291991,0.128755435729984));
#3133=CARTESIAN_POINT('',(-0.0118058599235963,-0.0544839144405302,0.13708170336463));
#3134=CARTESIAN_POINT('',(-0.0118235503639189,-0.0566989911651123,0.128751164629479));
#3135=CARTESIAN_POINT('',(-0.0118235503639189,-0.0544679744764434,0.137077432264126));
#3136=CARTESIAN_POINT('',(-0.0117759141142577,-0.0567552663100115,0.128766243509109));
#3137=CARTESIAN_POINT('',(-0.0117759141142577,-0.0545242496213426,0.137092511143755));
#3138=CARTESIAN_POINT('',(-0.0117273792613673,-0.0568287754298942,0.128785940218418));
#3139=CARTESIAN_POINT('',(-0.0117273792613673,-0.0545977587412253,0.137112207853064));
#3140=CARTESIAN_POINT('',(-0.0116585034144677,-0.0569524645226299,0.128819082610929));
#3141=CARTESIAN_POINT('',(-0.0116585034144677,-0.054721447833961,0.137145350245576));
#3142=CARTESIAN_POINT('',(-0.0115858787397635,-0.0571286856846217,0.128866300928974));
#3143=CARTESIAN_POINT('',(-0.0115858787397635,-0.0548976689959528,0.13719256856362));
#3144=CARTESIAN_POINT('',(-0.0115242924812916,-0.0573306178947691,0.128920408501609));
#3145=CARTESIAN_POINT('',(-0.0115242924812916,-0.0550996012061002,0.137246676136255));
#3146=CARTESIAN_POINT('',(-0.0114621182964725,-0.0576272391650508,0.128999887931439));
#3147=CARTESIAN_POINT('',(-0.0114621182964725,-0.0553962224763819,0.137326155566085));
#3148=CARTESIAN_POINT('',(-0.0114412202002632,-0.0578759788437954,0.129066537527484));
#3149=CARTESIAN_POINT('',(-0.0114412202002632,-0.0556449621551265,0.13739280516213));
#3150=CARTESIAN_POINT('',(-0.0114399414843279,-0.058049447436446,0.129113018296797));
#3151=CARTESIAN_POINT('',(-0.0114399414843279,-0.0558184307477771,0.137439285931443));
#3152=CARTESIAN_POINT('',(-0.0122275845150437,-0.0540394706596849,0.137159324446979));
#3153=CARTESIAN_POINT('',(-0.015199994562884,-0.053582262931974,0.127719330381875));
#3154=CARTESIAN_POINT('',(-0.0122634143783386,-0.0558349620060547,0.128322939279565));
#3155=CARTESIAN_POINT('',(-0.0120745200010809,-0.0555838301721965,0.128255648707489));
#3156=CARTESIAN_POINT('',(-0.0117306687074924,-0.0546393483042514,0.132661318365553));
#3157=CARTESIAN_POINT('',(-0.01194034443321,-0.0549181085843586,0.132736011957489));
#3158=CARTESIAN_POINT('',(-0.01817240461252,-0.056319664708663,0.128649524411806));
#3159=CARTESIAN_POINT('',(-0.01817240461252,-0.0540886480199941,0.136975792046452));
#3160=CARTESIAN_POINT('',(-0.0183261482389621,-0.0564637073709992,0.128688120526854));
#3161=CARTESIAN_POINT('',(-0.0183261482389621,-0.0542326906823303,0.137014388161501));
#3162=CARTESIAN_POINT('',(-0.0185941292021712,-0.0567149311291985,0.128755435729983));
#3163=CARTESIAN_POINT('',(-0.0185941292021712,-0.0544839144405296,0.13708170336463));
#3164=CARTESIAN_POINT('',(-0.0185764387618494,-0.0566989911651123,0.128751164629479));
#3165=CARTESIAN_POINT('',(-0.0185764387618494,-0.0544679744764434,0.137077432264126));
#3166=CARTESIAN_POINT('',(-0.0186240750115101,-0.0567552663100111,0.128766243509109));
#3167=CARTESIAN_POINT('',(-0.0186240750115101,-0.0545242496213422,0.137092511143755));
#3168=CARTESIAN_POINT('',(-0.0186726098644005,-0.0568287754298936,0.128785940218418));
#3169=CARTESIAN_POINT('',(-0.0186726098644005,-0.0545977587412247,0.137112207853064));
#3170=CARTESIAN_POINT('',(-0.0187414857112999,-0.0569524645226288,0.128819082610929));
#3171=CARTESIAN_POINT('',(-0.0187414857112999,-0.0547214478339599,0.137145350245575));
#3172=CARTESIAN_POINT('',(-0.018814110386004,-0.0571286856846203,0.128866300928973));
#3173=CARTESIAN_POINT('',(-0.018814110386004,-0.0548976689959514,0.13719256856362));
#3174=CARTESIAN_POINT('',(-0.0188756966444759,-0.0573306178947655,0.128920408501608));
#3175=CARTESIAN_POINT('',(-0.0188756966444759,-0.0550996012060966,0.137246676136254));
#3176=CARTESIAN_POINT('',(-0.0189378708292952,-0.0576272391650533,0.128999887931439));
#3177=CARTESIAN_POINT('',(-0.0189378708292952,-0.0553962224763844,0.137326155566085));
#3178=CARTESIAN_POINT('',(-0.0189587689255046,-0.0578759788437643,0.129066537527477));
#3179=CARTESIAN_POINT('',(-0.0189587689255046,-0.0556449621550954,0.137392805162123));
#3180=CARTESIAN_POINT('',(-0.0189600476414403,-0.0580494474364518,0.129113018296798));
#3181=CARTESIAN_POINT('',(-0.0189600476414403,-0.0558184307477829,0.137439285931445));
#3182=CARTESIAN_POINT('',(-0.0181724046107244,-0.0563688420656076,0.128465992010378));
#3183=CARTESIAN_POINT('',(-0.0188622027575885,-0.0554025899090951,0.128403794959863));
#3184=CARTESIAN_POINT('',(-0.0188622027575885,-0.0531715732204262,0.136730062594509));
#3185=CARTESIAN_POINT('',(-0.0190515374432217,-0.0554993148688443,0.128429712334715));
#3186=CARTESIAN_POINT('',(-0.0190515374432217,-0.0532682981801754,0.136755979969362));
#3187=CARTESIAN_POINT('',(-0.0193817045742671,-0.0556678631837829,0.128474874719589));
#3188=CARTESIAN_POINT('',(-0.0193817045742671,-0.053436846495114,0.136801142354235));
#3189=CARTESIAN_POINT('',(-0.0193605433407785,-0.0556565375796648,0.128471840033112));
#3190=CARTESIAN_POINT('',(-0.0193605433407785,-0.0534255208909959,0.136798107667758));
#3191=CARTESIAN_POINT('',(-0.0194306726056566,-0.0556829086467273,0.128478906139235));
#3192=CARTESIAN_POINT('',(-0.0194306726056566,-0.0534518919580584,0.136805173773881));
#3193=CARTESIAN_POINT('',(-0.0195180482320913,-0.0557047796245422,0.128484766450078));
#3194=CARTESIAN_POINT('',(-0.0195180482320913,-0.0534737629358733,0.136811034084724));
#3195=CARTESIAN_POINT('',(-0.0196611170816141,-0.055729830393159,0.128491478783298));
#3196=CARTESIAN_POINT('',(-0.0196611170816141,-0.0534988137044901,0.136817746417945));
#3197=CARTESIAN_POINT('',(-0.0198570677814952,-0.0557420917204814,0.128494764196053));
#3198=CARTESIAN_POINT('',(-0.0198570677814952,-0.0535110750318125,0.136821031830699));
#3199=CARTESIAN_POINT('',(-0.0200749226795006,-0.0557362674553417,0.128493203588912));
#3200=CARTESIAN_POINT('',(-0.0200749226795006,-0.0535052507666728,0.136819471223558));
#3201=CARTESIAN_POINT('',(-0.0203861906883994,-0.0557017227600084,0.128483947365695));
#3202=CARTESIAN_POINT('',(-0.0203861906883994,-0.0534707060713395,0.136810215000341));
#3203=CARTESIAN_POINT('',(-0.0206375591745948,-0.0556440560092566,0.1284684956064));
#3204=CARTESIAN_POINT('',(-0.0206375591745948,-0.0534130393205876,0.136794763241047));
#3205=CARTESIAN_POINT('',(-0.0208087525640147,-0.055591625958597,0.128454447016667));
#3206=CARTESIAN_POINT('',(-0.0208087525640147,-0.0533606092699281,0.136780714651314));
#3207=CARTESIAN_POINT('',(-0.0188622027553774,-0.0531223958606697,0.136913594995184));
#3208=CARTESIAN_POINT('',(-0.0151999945628841,-0.053582262931974,0.127719330381875));
#3209=CARTESIAN_POINT('',(-0.0183254691246873,-0.0555838301721964,0.128255648707489));
#3210=CARTESIAN_POINT('',(-0.0181365747474296,-0.0558349620060547,0.128322939279565));
#3211=CARTESIAN_POINT('',(-0.0184596446925582,-0.0549181085843586,0.13273601195749));
#3212=CARTESIAN_POINT('',(-0.0186693204182758,-0.0546393483042514,0.132661318365553));
#3213=CARTESIAN_POINT('',(-0.0159090354738852,-0.0574750819278898,0.128959117522618));
#3214=CARTESIAN_POINT('',(-0.0159090354738852,-0.0552440652392208,0.137285385157265));
#3215=CARTESIAN_POINT('',(-0.0159457638294092,-0.0576789039031993,0.129013731456302));
#3216=CARTESIAN_POINT('',(-0.0159457638294092,-0.0554478872145303,0.137339999090949));
#3217=CARTESIAN_POINT('',(-0.0160096902838967,-0.0580342962500794,0.129108958548645));
#3218=CARTESIAN_POINT('',(-0.0160096902838967,-0.0558032795614104,0.137435226183292));
#3219=CARTESIAN_POINT('',(-0.0160050782052787,-0.0580113566785201,0.129102811908971));
#3220=CARTESIAN_POINT('',(-0.0160050782052787,-0.055780339989851,0.137429079543618));
#3221=CARTESIAN_POINT('',(-0.0160093721856133,-0.0580839300389058,0.129122257882278));
#3222=CARTESIAN_POINT('',(-0.0160093721856133,-0.0558529133502368,0.137448525516925));
#3223=CARTESIAN_POINT('',(-0.0160039059316136,-0.0581709561665062,0.129145576462889));
#3224=CARTESIAN_POINT('',(-0.0160039059316136,-0.0559399394778371,0.137471844097536));
#3225=CARTESIAN_POINT('',(-0.0159843603667922,-0.0583101274856576,0.129182867305465));
#3226=CARTESIAN_POINT('',(-0.0159843603667922,-0.0560791107969886,0.137509134940112));
#3227=CARTESIAN_POINT('',(-0.015935880848868,-0.058493926564721,0.12923211612027));
#3228=CARTESIAN_POINT('',(-0.015935880848868,-0.056262909876052,0.137558383754917));
#3229=CARTESIAN_POINT('',(-0.0158628253757609,-0.058692259181087,0.129285259184658));
#3230=CARTESIAN_POINT('',(-0.0158628253757609,-0.0564612424924179,0.137611526819305));
#3231=CARTESIAN_POINT('',(-0.0157326253514549,-0.0589675306555901,0.12935901795395));
#3232=CARTESIAN_POINT('',(-0.0157326253514549,-0.0567365139669211,0.137685285588597));
#3233=CARTESIAN_POINT('',(-0.0155981691794883,-0.0591806303223742,0.129416117837574));
#3234=CARTESIAN_POINT('',(-0.0155981691794883,-0.0569496136337052,0.137742385472221));
#3235=CARTESIAN_POINT('',(-0.0154936445620652,-0.0593216953617496,0.129453916100953));
#3236=CARTESIAN_POINT('',(-0.0154936445620652,-0.0570906786730806,0.1377801837356));
#3237=CARTESIAN_POINT('',(-0.0159090354738853,-0.057524259286517,0.128775585121641));
#3238=CARTESIAN_POINT('',(-0.0170251523184118,-0.0571247905270616,0.128865257224651));
#3239=CARTESIAN_POINT('',(-0.0170251523184118,-0.0548937738383928,0.137191524859298));
#3240=CARTESIAN_POINT('',(-0.0171194682173499,-0.0573105387479649,0.128915028310438));
#3241=CARTESIAN_POINT('',(-0.0171194682173499,-0.055079522059296,0.137241295945084));
#3242=CARTESIAN_POINT('',(-0.017284014004794,-0.0576343518842525,0.129001793778805));
#3243=CARTESIAN_POINT('',(-0.017284014004794,-0.0554033351955836,0.137328061413451));
#3244=CARTESIAN_POINT('',(-0.0172737860647006,-0.057613174840549,0.128996119407047));
#3245=CARTESIAN_POINT('',(-0.0172737860647006,-0.0553821581518802,0.137322387041693));
#3246=CARTESIAN_POINT('',(-0.0173144745081916,-0.0576743258598811,0.129012504773293));
#3247=CARTESIAN_POINT('',(-0.0173144745081916,-0.0554433091712123,0.137338772407939));
#3248=CARTESIAN_POINT('',(-0.0173718539459011,-0.0577416279722665,0.129030538319955));
#3249=CARTESIAN_POINT('',(-0.0173718539459011,-0.0555106112835977,0.137356805954602));
#3250=CARTESIAN_POINT('',(-0.0174723551810361,-0.0578431228042321,0.129057733778217));
#3251=CARTESIAN_POINT('',(-0.0174723551810361,-0.0556121061155632,0.137384001412863));
#3252=CARTESIAN_POINT('',(-0.0176234213635283,-0.0579642947992022,0.129090201716414));
#3253=CARTESIAN_POINT('',(-0.0176234213635283,-0.0557332781105334,0.13741646935106));
#3254=CARTESIAN_POINT('',(-0.0178032138605586,-0.0580832715033573,0.12912208142821));
#3255=CARTESIAN_POINT('',(-0.0178032138605586,-0.0558522548146884,0.137448349062857));
#3256=CARTESIAN_POINT('',(-0.0180760561100157,-0.0582320488348439,0.129161946194034));
#3257=CARTESIAN_POINT('',(-0.0180760561100157,-0.0560010321461751,0.137488213828681));
#3258=CARTESIAN_POINT('',(-0.0183145088624582,-0.0583281116599087,0.129187686150433));
#3259=CARTESIAN_POINT('',(-0.0183145088624582,-0.0560970949712399,0.137513953785079));
#3260=CARTESIAN_POINT('',(-0.0184849119619632,-0.0583828910954859,0.129202364255958));
#3261=CARTESIAN_POINT('',(-0.0184849119619632,-0.056151874406817,0.137528631890604));
#3262=CARTESIAN_POINT('',(-0.0170251523173103,-0.0548445964775965,0.137375057259694));
#3263=CARTESIAN_POINT('',(-0.0151999945628841,-0.053582262931974,0.127719330381875));
#3264=CARTESIAN_POINT('',(-0.0165105627599487,-0.0569760747664037,0.128628699522174));
#3265=CARTESIAN_POINT('',(-0.016204925237262,-0.0570719985912805,0.128654402233584));
#3266=CARTESIAN_POINT('',(-0.0163154833958772,-0.0562912386240776,0.133103941042735));
#3267=CARTESIAN_POINT('',(-0.0166547458467042,-0.0561847616717901,0.133075410629357));
#3268=CARTESIAN_POINT('',(-0.0144909536518829,-0.0495910892188046,0.126846608043086));
#3269=CARTESIAN_POINT('',(-0.0144909536518829,-0.0473600725301356,0.135172875677733));
#3270=CARTESIAN_POINT('',(-0.014454225296359,-0.0493872672434951,0.126791994109402));
#3271=CARTESIAN_POINT('',(-0.014454225296359,-0.0471562505548261,0.135118261744049));
#3272=CARTESIAN_POINT('',(-0.0143902988418715,-0.0490318748966151,0.12669676701706));
#3273=CARTESIAN_POINT('',(-0.0143902988418715,-0.0468008582079461,0.135023034651706));
#3274=CARTESIAN_POINT('',(-0.0143949109204895,-0.0490548144681744,0.126702913656733));
#3275=CARTESIAN_POINT('',(-0.0143949109204895,-0.0468237977795054,0.13502918129138));
#3276=CARTESIAN_POINT('',(-0.0143906169401548,-0.0489822411077886,0.126683467683426));
#3277=CARTESIAN_POINT('',(-0.0143906169401548,-0.0467512244191196,0.135009735318073));
#3278=CARTESIAN_POINT('',(-0.0143960831941546,-0.0488952149801884,0.126660149102815));
#3279=CARTESIAN_POINT('',(-0.0143960831941546,-0.0466641982915194,0.134986416737462));
#3280=CARTESIAN_POINT('',(-0.0144156287589758,-0.048756043661037,0.126622858260239));
#3281=CARTESIAN_POINT('',(-0.0144156287589758,-0.046525026972368,0.134949125894886));
#3282=CARTESIAN_POINT('',(-0.0144641082769001,-0.0485722445819737,0.126573609445435));
#3283=CARTESIAN_POINT('',(-0.0144641082769001,-0.0463412278933047,0.134899877080081));
#3284=CARTESIAN_POINT('',(-0.0145371637500071,-0.0483739119656078,0.126520466381046));
#3285=CARTESIAN_POINT('',(-0.0145371637500071,-0.0461428952769388,0.134846734015693));
#3286=CARTESIAN_POINT('',(-0.0146673637743132,-0.0480986404911044,0.126446707611754));
#3287=CARTESIAN_POINT('',(-0.0146673637743132,-0.0458676238024354,0.1347729752464));
#3288=CARTESIAN_POINT('',(-0.014801819946279,-0.0478855408243219,0.126389607728133));
#3289=CARTESIAN_POINT('',(-0.014801819946279,-0.0456545241356529,0.13471587536278));
#3290=CARTESIAN_POINT('',(-0.014906344563703,-0.0477444757849448,0.126351809464751));
#3291=CARTESIAN_POINT('',(-0.014906344563703,-0.0455134590962758,0.134678077099398));
#3292=CARTESIAN_POINT('',(-0.0144909536518829,-0.049640266577431,0.126663075642109));
#3293=CARTESIAN_POINT('',(-0.0133748368073564,-0.0499413806196325,0.126940468341054));
#3294=CARTESIAN_POINT('',(-0.0133748368073564,-0.0477103639309637,0.1352667359757));
#3295=CARTESIAN_POINT('',(-0.0132805209084183,-0.0497556323987293,0.126890697255267));
#3296=CARTESIAN_POINT('',(-0.0132805209084183,-0.0475246157100604,0.135216964889914));
#3297=CARTESIAN_POINT('',(-0.0131159751209742,-0.0494318192624417,0.126803931786901));
#3298=CARTESIAN_POINT('',(-0.0131159751209742,-0.0472008025737728,0.135130199421547));
#3299=CARTESIAN_POINT('',(-0.0131262030610676,-0.0494529963061452,0.126809606158659));
#3300=CARTESIAN_POINT('',(-0.0131262030610676,-0.0472219796174764,0.135135873793305));
#3301=CARTESIAN_POINT('',(-0.0130855146175766,-0.049391845286813,0.126793220792412));
#3302=CARTESIAN_POINT('',(-0.0130855146175766,-0.0471608285981441,0.135119488427059));
#3303=CARTESIAN_POINT('',(-0.0130281351798671,-0.0493245431744277,0.12677518724575));
#3304=CARTESIAN_POINT('',(-0.0130281351798671,-0.0470935264857588,0.135101454880396));
#3305=CARTESIAN_POINT('',(-0.0129276339447322,-0.0492230483424622,0.126747991787489));
#3306=CARTESIAN_POINT('',(-0.0129276339447322,-0.0469920316537933,0.135074259422135));
#3307=CARTESIAN_POINT('',(-0.01277656776224,-0.0491018763474921,0.126715523849291));
#3308=CARTESIAN_POINT('',(-0.01277656776224,-0.0468708596588232,0.135041791483938));
#3309=CARTESIAN_POINT('',(-0.0125967752652099,-0.0489828996433371,0.126683644137495));
#3310=CARTESIAN_POINT('',(-0.0125967752652099,-0.0467518829546682,0.135009911772141));
#3311=CARTESIAN_POINT('',(-0.0123239330157526,-0.0488341223118501,0.126643779371671));
#3312=CARTESIAN_POINT('',(-0.0123239330157526,-0.0466031056231812,0.134970047006318));
#3313=CARTESIAN_POINT('',(-0.0120854802633116,-0.048738059486787,0.126618039415271));
#3314=CARTESIAN_POINT('',(-0.0120854802633116,-0.0465070427981181,0.134944307049917));
#3315=CARTESIAN_POINT('',(-0.0119150771638049,-0.0486832800512082,0.126603361309748));
#3316=CARTESIAN_POINT('',(-0.0119150771638049,-0.0464522633625393,0.134929628944394));
#3317=CARTESIAN_POINT('',(-0.0133748368084579,-0.0476611865745061,0.135450268377259));
#3318=CARTESIAN_POINT('',(-0.015199994562884,-0.053582262931974,0.127719330381875));
#3319=CARTESIAN_POINT('',(-0.0138894263658195,-0.0501884510975443,0.126809961241576));
#3320=CARTESIAN_POINT('',(-0.0141950638885061,-0.0500925272726675,0.126784258530166));
#3321=CARTESIAN_POINT('',(-0.0140845057298909,-0.0485439158339477,0.131028052157617));
#3322=CARTESIAN_POINT('',(-0.0137452432790639,-0.0486503927862352,0.131056582570994));
#3323=CARTESIAN_POINT('',(-0.0170251523184118,-0.0499413806196326,0.126940468341054));
#3324=CARTESIAN_POINT('',(-0.0170251523184118,-0.0477103639309637,0.1352667359757));
#3325=CARTESIAN_POINT('',(-0.0171194682173497,-0.0497556323987298,0.126890697255267));
#3326=CARTESIAN_POINT('',(-0.0171194682173497,-0.0475246157100609,0.135216964889914));
#3327=CARTESIAN_POINT('',(-0.0172840140047936,-0.0494318192624425,0.126803931786901));
#3328=CARTESIAN_POINT('',(-0.0172840140047936,-0.0472008025737736,0.135130199421547));
#3329=CARTESIAN_POINT('',(-0.0172737860647006,-0.0494529963061452,0.126809606158659));
#3330=CARTESIAN_POINT('',(-0.0172737860647006,-0.0472219796174763,0.135135873793306));
#3331=CARTESIAN_POINT('',(-0.0173144745081913,-0.0493918452868134,0.126793220792412));
#3332=CARTESIAN_POINT('',(-0.0173144745081913,-0.0471608285981445,0.135119488427059));
#3333=CARTESIAN_POINT('',(-0.0173718539459006,-0.0493245431744283,0.12677518724575));
#3334=CARTESIAN_POINT('',(-0.0173718539459006,-0.0470935264857594,0.135101454880397));
#3335=CARTESIAN_POINT('',(-0.0174723551810349,-0.0492230483424631,0.126747991787489));
#3336=CARTESIAN_POINT('',(-0.0174723551810349,-0.0469920316537942,0.135074259422135));
#3337=CARTESIAN_POINT('',(-0.017623421363527,-0.0491018763474932,0.126715523849292));
#3338=CARTESIAN_POINT('',(-0.017623421363527,-0.0468708596588242,0.135041791483938));
#3339=CARTESIAN_POINT('',(-0.0178032138605549,-0.0489828996433389,0.126683644137495));
#3340=CARTESIAN_POINT('',(-0.0178032138605549,-0.0467518829546699,0.135009911772142));
#3341=CARTESIAN_POINT('',(-0.0180760561100181,-0.0488341223118499,0.126643779371671));
#3342=CARTESIAN_POINT('',(-0.0180760561100181,-0.046603105623181,0.134970047006317));
#3343=CARTESIAN_POINT('',(-0.0183145088624267,-0.0487380594867965,0.126618039415276));
#3344=CARTESIAN_POINT('',(-0.0183145088624267,-0.0465070427981275,0.134944307049922));
#3345=CARTESIAN_POINT('',(-0.0184849119619689,-0.0486832800512064,0.126603361309747));
#3346=CARTESIAN_POINT('',(-0.0184849119619689,-0.0464522633625375,0.134929628944393));
#3347=CARTESIAN_POINT('',(-0.0170251523173103,-0.0499905579804288,0.126756935940658));
#3348=CARTESIAN_POINT('',(-0.0159090354738852,-0.0495910892188046,0.126846608043086));
#3349=CARTESIAN_POINT('',(-0.0159090354738852,-0.0473600725301356,0.135172875677733));
#3350=CARTESIAN_POINT('',(-0.0159457638294093,-0.0493872672434945,0.126791994109402));
#3351=CARTESIAN_POINT('',(-0.0159457638294093,-0.0471562505548255,0.135118261744049));
#3352=CARTESIAN_POINT('',(-0.0160096902838969,-0.0490318748966139,0.126696767017059));
#3353=CARTESIAN_POINT('',(-0.0160096902838969,-0.0468008582079449,0.135023034651706));
#3354=CARTESIAN_POINT('',(-0.0160050782052787,-0.0490548144681744,0.126702913656733));
#3355=CARTESIAN_POINT('',(-0.0160050782052787,-0.0468237977795054,0.13502918129138));
#3356=CARTESIAN_POINT('',(-0.0160093721856133,-0.0489822411077879,0.126683467683426));
#3357=CARTESIAN_POINT('',(-0.0160093721856133,-0.0467512244191189,0.135009735318073));
#3358=CARTESIAN_POINT('',(-0.0160039059316135,-0.0488952149801873,0.126660149102815));
#3359=CARTESIAN_POINT('',(-0.0160039059316135,-0.0466641982915183,0.134986416737462));
#3360=CARTESIAN_POINT('',(-0.0159843603667919,-0.0487560436610351,0.126622858260239));
#3361=CARTESIAN_POINT('',(-0.0159843603667919,-0.0465250269723661,0.134949125894885));
#3362=CARTESIAN_POINT('',(-0.0159358808488675,-0.0485722445819714,0.126573609445434));
#3363=CARTESIAN_POINT('',(-0.0159358808488675,-0.0463412278933024,0.134899877080081));
#3364=CARTESIAN_POINT('',(-0.0158628253757589,-0.0483739119656033,0.126520466381045));
#3365=CARTESIAN_POINT('',(-0.0158628253757589,-0.0461428952769343,0.134846734015692));
#3366=CARTESIAN_POINT('',(-0.0157326253514568,-0.0480986404911057,0.126446707611754));
#3367=CARTESIAN_POINT('',(-0.0157326253514568,-0.0458676238024367,0.134772975246401));
#3368=CARTESIAN_POINT('',(-0.0155981691794667,-0.0478855408242912,0.126389607728125));
#3369=CARTESIAN_POINT('',(-0.0155981691794667,-0.0456545241356222,0.134715875362772));
#3370=CARTESIAN_POINT('',(-0.0154936445620687,-0.0477444757849495,0.126351809464752));
#3371=CARTESIAN_POINT('',(-0.0154936445620687,-0.0455134590962805,0.134678077099399));
#3372=CARTESIAN_POINT('',(-0.0159090354738853,-0.0473108951715083,0.13535640807871));
#3373=CARTESIAN_POINT('',(-0.0151999945628841,-0.053582262931974,0.127719330381875));
#3374=CARTESIAN_POINT('',(-0.016204925237262,-0.0500925272726675,0.126784258530166));
#3375=CARTESIAN_POINT('',(-0.0165105627599487,-0.0501884510975443,0.126809961241576));
#3376=CARTESIAN_POINT('',(-0.0166547458467042,-0.0486503927862352,0.131056582570995));
#3377=CARTESIAN_POINT('',(-0.0163154833958772,-0.0485439158339477,0.131028052157617));
#3378=CARTESIAN_POINT('',(-0.0193004141377898,-0.0540998689693645,0.128054731936098));
#3379=CARTESIAN_POINT('',(-0.0193004141377898,-0.0518688522806954,0.136380999570745));
#3380=CARTESIAN_POINT('',(-0.0195124481957548,-0.0541291129178741,0.128062567828485));
#3381=CARTESIAN_POINT('',(-0.0195124481957548,-0.0518980962292051,0.136388835463132));
#3382=CARTESIAN_POINT('',(-0.0198821240496639,-0.0541802091520333,0.128076259023164));
#3383=CARTESIAN_POINT('',(-0.0198821240496639,-0.0519491924633643,0.136402526657811));
#3384=CARTESIAN_POINT('',(-0.0198581123955826,-0.054177357320837,0.128075494877298));
#3385=CARTESIAN_POINT('',(-0.0198581123955826,-0.051946340632168,0.136401762511945));
#3386=CARTESIAN_POINT('',(-0.0199308954859891,-0.0541958390572802,0.128080447043653));
#3387=CARTESIAN_POINT('',(-0.0199308954859891,-0.0519648223686112,0.1364067146783));
#3388=CARTESIAN_POINT('',(-0.0200148927817101,-0.0542277531841809,0.128088998408183));
#3389=CARTESIAN_POINT('',(-0.0200148927817101,-0.0519967364955119,0.13641526604283));
#3390=CARTESIAN_POINT('',(-0.0201458818078058,-0.0542887150210552,0.128105333083143));
#3391=CARTESIAN_POINT('',(-0.0201458818078058,-0.0520576983323861,0.136431600717789));
#3392=CARTESIAN_POINT('',(-0.0203118705178849,-0.0543900477716668,0.128132485111836));
#3393=CARTESIAN_POINT('',(-0.0203118705178849,-0.0521590310829978,0.136458752746483));
#3394=CARTESIAN_POINT('',(-0.0204845746504786,-0.0545184483347841,0.128166889939031));
#3395=CARTESIAN_POINT('',(-0.0204845746504786,-0.0522874316461151,0.136493157573678));
#3396=CARTESIAN_POINT('',(-0.020715374619092,-0.0547231201574865,0.128221731588638));
#3397=CARTESIAN_POINT('',(-0.020715374619092,-0.0524921034688175,0.136547999223284));
#3398=CARTESIAN_POINT('',(-0.020883644621043,-0.054912489745302,0.128272473016762));
#3399=CARTESIAN_POINT('',(-0.020883644621043,-0.052681473056633,0.136598740651409));
#3400=CARTESIAN_POINT('',(-0.0209902382443106,-0.0550521027849421,0.128309882217988));
#3401=CARTESIAN_POINT('',(-0.0209902382443106,-0.0528210860962731,0.136636149852635));
#3402=CARTESIAN_POINT('',(-0.0193004141377902,-0.0541490463279913,0.127871199535121));
#3403=CARTESIAN_POINT('',(-0.0193004141377898,-0.0529663021773299,0.127750993629606));
#3404=CARTESIAN_POINT('',(-0.0193004141377898,-0.0507352854886609,0.136077261264253));
#3405=CARTESIAN_POINT('',(-0.0195124481957554,-0.0529370582288202,0.127743157737219));
#3406=CARTESIAN_POINT('',(-0.0195124481957554,-0.0507060415401512,0.136069425371866));
#3407=CARTESIAN_POINT('',(-0.019882124049665,-0.0528859619946609,0.12772946654254));
#3408=CARTESIAN_POINT('',(-0.019882124049665,-0.0506549453059919,0.136055734177187));
#3409=CARTESIAN_POINT('',(-0.0198581123955826,-0.0528888138258574,0.127730230688406));
#3410=CARTESIAN_POINT('',(-0.0198581123955826,-0.0506577971371884,0.136056498323053));
#3411=CARTESIAN_POINT('',(-0.0199308954859897,-0.052870332089414,0.127725278522051));
#3412=CARTESIAN_POINT('',(-0.0199308954859897,-0.050639315400745,0.136051546156698));
#3413=CARTESIAN_POINT('',(-0.020014892781711,-0.052838417962513,0.127716727157521));
#3414=CARTESIAN_POINT('',(-0.020014892781711,-0.050607401273844,0.136042994792168));
#3415=CARTESIAN_POINT('',(-0.0201458818078073,-0.0527774561256385,0.127700392482561));
#3416=CARTESIAN_POINT('',(-0.0201458818078073,-0.0505464394369695,0.136026660117208));
#3417=CARTESIAN_POINT('',(-0.0203118705178867,-0.0526761233750265,0.127673240453868));
#3418=CARTESIAN_POINT('',(-0.0203118705178867,-0.0504451066863575,0.135999508088515));
#3419=CARTESIAN_POINT('',(-0.0204845746504819,-0.0525477228119073,0.127638835626673));
#3420=CARTESIAN_POINT('',(-0.0204845746504819,-0.0503167061232383,0.135965103261319));
#3421=CARTESIAN_POINT('',(-0.0207153746190912,-0.0523430509892101,0.127583993977068));
#3422=CARTESIAN_POINT('',(-0.0207153746190912,-0.0501120343005411,0.135910261611715));
#3423=CARTESIAN_POINT('',(-0.020883644621064,-0.0521536814013647,0.127533252548932));
#3424=CARTESIAN_POINT('',(-0.020883644621064,-0.0499226647126958,0.135859520183579));
#3425=CARTESIAN_POINT('',(-0.0209902382443071,-0.052014068361757,0.127495843347718));
#3426=CARTESIAN_POINT('',(-0.0209902382443071,-0.049783051673088,0.135822110982364));
#3427=CARTESIAN_POINT('',(-0.0193004141377903,-0.0506861081300339,0.13626079366523));
#3428=CARTESIAN_POINT('',(-0.0151999945628841,-0.053582262931974,0.127719330381875));
#3429=CARTESIAN_POINT('',(-0.0189465504377902,-0.0534270549229925,0.12767774252121));
#3430=CARTESIAN_POINT('',(-0.0189465504377902,-0.0537374709409555,0.12776091824254));
#3431=CARTESIAN_POINT('',(-0.0193587304311365,-0.0525898605568323,0.132112159778734));
#3432=CARTESIAN_POINT('',(-0.0193587304311365,-0.0522452939011929,0.132019833421617));
#3433=CARTESIAN_POINT('',(-0.0188622027575885,-0.051663581237599,0.127401930605842));
#3434=CARTESIAN_POINT('',(-0.0188622027575885,-0.0494325645489301,0.135728198240489));
#3435=CARTESIAN_POINT('',(-0.0190515374432212,-0.0515668562778502,0.12737601323099));
#3436=CARTESIAN_POINT('',(-0.0190515374432212,-0.0493358395891813,0.135702280865636));
#3437=CARTESIAN_POINT('',(-0.0193817045742661,-0.0513983079629117,0.127330850846117));
#3438=CARTESIAN_POINT('',(-0.0193817045742661,-0.0491672912742428,0.135657118480763));
#3439=CARTESIAN_POINT('',(-0.0193605433407785,-0.0514096335670294,0.127333885532593));
#3440=CARTESIAN_POINT('',(-0.0193605433407785,-0.0491786168783605,0.13566015316724));
#3441=CARTESIAN_POINT('',(-0.019430672605656,-0.0513832624999671,0.127326819426471));
#3442=CARTESIAN_POINT('',(-0.019430672605656,-0.0491522458112982,0.135653087061117));
#3443=CARTESIAN_POINT('',(-0.0195180482320904,-0.0513613915221523,0.127320959115627));
#3444=CARTESIAN_POINT('',(-0.0195180482320904,-0.0491303748334833,0.135647226750274));
#3445=CARTESIAN_POINT('',(-0.0196611170816125,-0.0513363407535353,0.127314246782407));
#3446=CARTESIAN_POINT('',(-0.0196611170816125,-0.0491053240648664,0.135640514417053));
#3447=CARTESIAN_POINT('',(-0.0198570677814933,-0.051324079426213,0.127310961369653));
#3448=CARTESIAN_POINT('',(-0.0198570677814933,-0.0490930627375441,0.135637229004299));
#3449=CARTESIAN_POINT('',(-0.0200749226794963,-0.0513299036913519,0.127312521976793));
#3450=CARTESIAN_POINT('',(-0.0200749226794963,-0.049098887002683,0.135638789611439));
#3451=CARTESIAN_POINT('',(-0.0203861906884013,-0.0513644483866872,0.127321778200011));
#3452=CARTESIAN_POINT('',(-0.0203861906884013,-0.0491334316980183,0.135648045834658));
#3453=CARTESIAN_POINT('',(-0.0206375591745622,-0.0514221151374274,0.1273372299593));
#3454=CARTESIAN_POINT('',(-0.0206375591745622,-0.0491910984487585,0.135663497593946));
#3455=CARTESIAN_POINT('',(-0.0208087525640204,-0.0514745451880989,0.127351278549039));
#3456=CARTESIAN_POINT('',(-0.0208087525640204,-0.04924352849943,0.135677546183685));
#3457=CARTESIAN_POINT('',(-0.0188622027553773,-0.0517127585973556,0.127218398205167));
#3458=CARTESIAN_POINT('',(-0.01817240461252,-0.0507465064380312,0.127156201153899));
#3459=CARTESIAN_POINT('',(-0.01817240461252,-0.0485154897493624,0.135482468788546));
#3460=CARTESIAN_POINT('',(-0.0183261482389621,-0.0506024637756951,0.127117605038851));
#3461=CARTESIAN_POINT('',(-0.0183261482389621,-0.0483714470870262,0.135443872673497));
#3462=CARTESIAN_POINT('',(-0.0185941292021711,-0.0503512400174958,0.127050289835722));
#3463=CARTESIAN_POINT('',(-0.0185941292021711,-0.0481202233288269,0.135376557470368));
#3464=CARTESIAN_POINT('',(-0.0185764387618493,-0.0503671799815819,0.127054560936226));
#3465=CARTESIAN_POINT('',(-0.0185764387618493,-0.048136163292913,0.135380828570872));
#3466=CARTESIAN_POINT('',(-0.01862407501151,-0.0503109048366831,0.127039482056596));
#3467=CARTESIAN_POINT('',(-0.01862407501151,-0.0480798881480142,0.135365749691243));
#3468=CARTESIAN_POINT('',(-0.0186726098644005,-0.0502373957168008,0.127019785347288));
#3469=CARTESIAN_POINT('',(-0.0186726098644005,-0.0480063790281319,0.135346052981934));
#3470=CARTESIAN_POINT('',(-0.0187414857112998,-0.0501137066240655,0.126986642954777));
#3471=CARTESIAN_POINT('',(-0.0187414857112998,-0.0478826899353966,0.135312910589423));
#3472=CARTESIAN_POINT('',(-0.0188141103860039,-0.0499374854620743,0.126939424636732));
#3473=CARTESIAN_POINT('',(-0.0188141103860039,-0.0477064687734055,0.135265692271378));
#3474=CARTESIAN_POINT('',(-0.0188756966444758,-0.0497355532519285,0.126885317064097));
#3475=CARTESIAN_POINT('',(-0.0188756966444758,-0.0475045365632596,0.135211584698744));
#3476=CARTESIAN_POINT('',(-0.018937870829295,-0.0494389319816439,0.126805837634267));
#3477=CARTESIAN_POINT('',(-0.018937870829295,-0.047207915292975,0.135132105268914));
#3478=CARTESIAN_POINT('',(-0.018958768925505,-0.0491901923029181,0.126739188038225));
#3479=CARTESIAN_POINT('',(-0.018958768925505,-0.0469591756142492,0.135065455672871));
#3480=CARTESIAN_POINT('',(-0.0189600476414403,-0.0490167237102481,0.126692707268909));
#3481=CARTESIAN_POINT('',(-0.0189600476414403,-0.0467857070215792,0.135018974903555));
#3482=CARTESIAN_POINT('',(-0.0181724046107244,-0.0484663123924177,0.135666001189974));
#3483=CARTESIAN_POINT('',(-0.0151999945628841,-0.053582262931974,0.127719330381875));
#3484=CARTESIAN_POINT('',(-0.0181365747474296,-0.0513295638578933,0.127115721484185));
#3485=CARTESIAN_POINT('',(-0.0183254691246872,-0.0515806956917515,0.127183012056261));
#3486=CARTESIAN_POINT('',(-0.0186693204182758,-0.0501958061537738,0.131470674834799));
#3487=CARTESIAN_POINT('',(-0.0184596446925581,-0.0499170458736667,0.131395981242862));
#3488=CARTESIAN_POINT('',(-0.0151999945628841,-0.0522881677064614,0.13254895951332));
#3489=CARTESIAN_POINT('',(-0.0151999945628841,-0.0522881677064614,0.13254895951332));
#3490=CARTESIAN_POINT('',(-0.0151999945628841,-0.0514671307541157,0.132328963324983));
#3491=CARTESIAN_POINT('',(-0.0151999945628841,-0.0520293486613589,0.133514885339609));
#3492=CARTESIAN_POINT('',(-0.0151999945628841,-0.0512083117090132,0.133294889151272));
#3493=CARTESIAN_POINT('',(-0.015199994562884,-0.0522881677064614,0.13254895951332));
#3494=CARTESIAN_POINT('',(-0.0151999945628841,-0.0522881677064614,0.13254895951332));
#3495=CARTESIAN_POINT('',(-0.0151999945628841,-0.0508392789670278,0.132160730945666));
#3496=CARTESIAN_POINT('',(-0.015199994562884,-0.0520293486613589,0.133514885339609));
#3497=CARTESIAN_POINT('',(-0.0151999945628841,-0.0535827805700642,0.127717398530222));
#3498=MECHANICAL_DESIGN_GEOMETRIC_PRESENTATION_REPRESENTATION('',(#1585),
#3499);
#3499=(
GEOMETRIC_REPRESENTATION_CONTEXT(3)
GLOBAL_UNCERTAINTY_ASSIGNED_CONTEXT((#3500))
GLOBAL_UNIT_ASSIGNED_CONTEXT((#3503,#3502,#3501))
REPRESENTATION_CONTEXT('Servo gear','TOP_LEVEL_ASSEMBLY_PART')
);
#3500=UNCERTAINTY_MEASURE_WITH_UNIT(LENGTH_MEASURE(2.E-5),#3503,
'DISTANCE_ACCURACY_VALUE','Maximum Tolerance applied to model');
#3501=(
NAMED_UNIT(*)
SI_UNIT($,.STERADIAN.)
SOLID_ANGLE_UNIT()
);
#3502=(
NAMED_UNIT(*)
PLANE_ANGLE_UNIT()
SI_UNIT($,.RADIAN.)
);
#3503=(
LENGTH_UNIT()
NAMED_UNIT(*)
SI_UNIT($,.METRE.)
);
#3504=PRODUCT_DEFINITION_SHAPE('','',#3505);
#3505=PRODUCT_DEFINITION('','',#3507,#3506);
#3506=PRODUCT_DEFINITION_CONTEXT('',#3513,'design');
#3507=PRODUCT_DEFINITION_FORMATION_WITH_SPECIFIED_SOURCE('','',#3509,
 .NOT_KNOWN.);
#3508=PRODUCT_RELATED_PRODUCT_CATEGORY('','',(#3509));
#3509=PRODUCT('Servo gear','Servo gear','Servo gear',(#3511));
#3510=PRODUCT_CATEGORY('','');
#3511=PRODUCT_CONTEXT('',#3513,'mechanical');
#3512=APPLICATION_PROTOCOL_DEFINITION('international standard',
'ap242_managed_model_based_3d_engineering',2020,#3513);
#3513=APPLICATION_CONTEXT('managed model based 3d engineering');
ENDSEC;
END-ISO-10303-21;
