ISO-10303-21;
HEADER;
/* Generated by software containing ST-Developer
 * from STEP Tools, Inc. (www.steptools.com) 
 */
/* OPTION: using custom renumber hook */

FILE_DESCRIPTION(
/* description */ ('STEP AP242 Edition 2',
'CAx-IF Rec.Pracs.---Representation and Presentation of Product Manufa
cturing Information (PMI)---4.0---2014-10-13',
'CAx-IF Rec.Pracs.---3D Tessellated Geometry---0.4---2014-09-14','2;1',
'CAx-IF Rec.Pracs.---User Defined Attributes---1.5---2016-08-15'),
/* implementation_level */ '2;1');

FILE_NAME(
/* name */ 'Candy launcher - Container',
/* time_stamp */ '2026-08-31T07:11:54Z',
/* author */ (''),
/* organization */ (''),
/* preprocessor_version */ 'ST-DEVELOPER v20',
/* originating_system */ 'ONSHAPE BY PTC INC, 1.220',
/* authorisation */ '  ');

FILE_SCHEMA (('AP242_MANAGED_MODEL_BASED_3D_ENGINEERING_MIM_LF { 1 0 10303 442 3 1 4 }'));
ENDSEC;

DATA;
#10=SHAPE_REPRESENTATION_RELATIONSHIP('','',#2656,#11);
#11=ADVANCED_BREP_SHAPE_REPRESENTATION('',(#2654),#11268);
#12=ORIENTED_CLOSED_SHELL('',*,#2640,.F.);
#13=ORIENTED_CLOSED_SHELL('',*,#2641,.F.);
#14=ORIENTED_CLOSED_SHELL('',*,#2642,.F.);
#15=ORIENTED_CLOSED_SHELL('',*,#2643,.F.);
#16=ORIENTED_CLOSED_SHELL('',*,#2644,.F.);
#17=ORIENTED_CLOSED_SHELL('',*,#2645,.F.);
#18=TOROIDAL_SURFACE('',#2879,0.0078,0.001);
#19=TOROIDAL_SURFACE('',#2888,0.0078,0.001);
#20=TOROIDAL_SURFACE('',#2898,0.0078,0.001);
#21=TOROIDAL_SURFACE('',#2904,0.0078,0.001);
#22=TOROIDAL_SURFACE('',#2913,0.0078,0.001);
#23=TOROIDAL_SURFACE('',#2922,0.0078,0.001);
#24=TOROIDAL_SURFACE('',#2933,0.012,0.004);
#25=TOROIDAL_SURFACE('',#2937,0.012,0.004);
#26=ELLIPSE('',#2874,0.00141421356237309,0.001);
#27=ELLIPSE('',#2878,0.00141421356237309,0.001);
#28=ELLIPSE('',#2883,0.00141421356237309,0.001);
#29=ELLIPSE('',#2887,0.00141421356237309,0.001);
#30=ELLIPSE('',#2892,0.00141421356237309,0.001);
#31=ELLIPSE('',#2897,0.00141421356237309,0.001);
#32=ELLIPSE('',#2901,0.00141421356237309,0.001);
#33=ELLIPSE('',#2907,0.00141421356237309,0.001);
#34=ELLIPSE('',#2910,0.00141421356237309,0.001);
#35=ELLIPSE('',#2916,0.00141421356237309,0.001);
#36=ELLIPSE('',#2919,0.00141421356237309,0.001);
#37=ELLIPSE('',#2925,0.00141421356237309,0.001);
#38=(
BOUNDED_SURFACE()
B_SPLINE_SURFACE(3,2,((#7768,#7769,#7770),(#7771,#7772,#7773),(#7774,#7775,
#7776),(#7777,#7778,#7779),(#7780,#7781,#7782),(#7783,#7784,#7785),(#7786,
#7787,#7788),(#7789,#7790,#7791),(#7792,#7793,#7794),(#7795,#7796,#7797),
(#7798,#7799,#7800),(#7801,#7802,#7803),(#7804,#7805,#7806),(#7807,#7808,
#7809),(#7810,#7811,#7812),(#7813,#7814,#7815),(#7816,#7817,#7818),(#7819,
#7820,#7821),(#7822,#7823,#7824),(#7825,#7826,#7827),(#7828,#7829,#7830),
(#7831,#7832,#7833),(#7834,#7835,#7836),(#7837,#7838,#7839),(#7840,#7841,
#7842),(#7843,#7844,#7845),(#7846,#7847,#7848),(#7849,#7850,#7851),(#7852,
#7853,#7854),(#7855,#7856,#7857)),.UNSPECIFIED.,.T.,.F.,.F.)
B_SPLINE_SURFACE_WITH_KNOTS((1,3,1,1,1,1,1,1,1,1,1,1,1,1,1,1,1,1,1,1,1,
1,1,1,1,1,1,1,3,1),(3,3),(-0.00175230981389092,0.,0.00175230981389092,0.00350461962778184,
0.00525692944167276,0.00700923925556367,0.00876154906945459,0.0105138588833455,
0.0122661686972364,0.0140184785111273,0.0157707883250183,0.0175230981389092,
0.0192754079528001,0.021027717766691,0.0227800275805819,0.0245323373944729,
0.0280369570222547,0.0315415766500365,0.0350461962778184,0.0367985060917093,
0.0385508159056002,0.0403031257194911,0.042055435533382,0.043807745347273,
0.0455600551611639,0.0490646747889457,0.0525692944167276,0.0543216042306185,
0.0560739140445094,0.0578262238584003),(0.,1.),.UNSPECIFIED.)
GEOMETRIC_REPRESENTATION_ITEM()
RATIONAL_B_SPLINE_SURFACE(((1.,0.564520643056074,1.),(1.,0.5694192977075,
1.),(1.,0.583458278414529,1.),(1.,0.568044557644307,1.),(1.,0.551543000488913,
1.),(1.,0.570714431176379,1.),(1.,0.61773855254028,1.),(1.,0.649424527908017,
1.),(1.,0.638402456620679,1.),(1.,0.590988788161279,1.),(1.,0.560916771327716,
1.),(1.,0.550867230122319,1.),(1.,0.585246349954847,1.),(1.,0.571461747391413,
1.),(1.,0.556715662405043,1.),(1.,0.55263826727754,1.),(1.,0.55835266687796,
1.),(1.,0.564424478238079,1.),(1.,0.583181007932839,1.),(1.,0.617964121362732,
1.),(1.,0.639909758000781,1.),(1.,0.631565845434183,1.),(1.,0.602731442778831,
1.),(1.,0.583743641903457,1.),(1.,0.565478379327145,1.),(1.,0.562316990978665,
1.),(1.,0.553495216663294,1.),(1.,0.554066350505974,1.),(1.,0.559621988404648,
1.),(1.,0.564520643056074,1.)))
REPRESENTATION_ITEM('')
SURFACE()
);
#39=B_SPLINE_SURFACE_WITH_KNOTS('',3,3,((#3913,#3914,#3915,#3916,#3917,
#3918,#3919),(#3920,#3921,#3922,#3923,#3924,#3925,#3926),(#3927,#3928,#3929,
#3930,#3931,#3932,#3933),(#3934,#3935,#3936,#3937,#3938,#3939,#3940),(#3941,
#3942,#3943,#3944,#3945,#3946,#3947),(#3948,#3949,#3950,#3951,#3952,#3953,
#3954),(#3955,#3956,#3957,#3958,#3959,#3960,#3961),(#3962,#3963,#3964,#3965,
#3966,#3967,#3968),(#3969,#3970,#3971,#3972,#3973,#3974,#3975),(#3976,#3977,
#3978,#3979,#3980,#3981,#3982),(#3983,#3984,#3985,#3986,#3987,#3988,#3989),
(#3990,#3991,#3992,#3993,#3994,#3995,#3996),(#3997,#3998,#3999,#4000,#4001,
#4002,#4003),(#4004,#4005,#4006,#4007,#4008,#4009,#4010),(#4011,#4012,#4013,
#4014,#4015,#4016,#4017),(#4018,#4019,#4020,#4021,#4022,#4023,#4024),(#4025,
#4026,#4027,#4028,#4029,#4030,#4031),(#4032,#4033,#4034,#4035,#4036,#4037,
#4038),(#4039,#4040,#4041,#4042,#4043,#4044,#4045),(#4046,#4047,#4048,#4049,
#4050,#4051,#4052),(#4053,#4054,#4055,#4056,#4057,#4058,#4059),(#4060,#4061,
#4062,#4063,#4064,#4065,#4066),(#4067,#4068,#4069,#4070,#4071,#4072,#4073),
(#4074,#4075,#4076,#4077,#4078,#4079,#4080),(#4081,#4082,#4083,#4084,#4085,
#4086,#4087),(#4088,#4089,#4090,#4091,#4092,#4093,#4094),(#4095,#4096,#4097,
#4098,#4099,#4100,#4101),(#4102,#4103,#4104,#4105,#4106,#4107,#4108),(#4109,
#4110,#4111,#4112,#4113,#4114,#4115),(#4116,#4117,#4118,#4119,#4120,#4121,
#4122),(#4123,#4124,#4125,#4126,#4127,#4128,#4129),(#4130,#4131,#4132,#4133,
#4134,#4135,#4136),(#4137,#4138,#4139,#4140,#4141,#4142,#4143),(#4144,#4145,
#4146,#4147,#4148,#4149,#4150),(#4151,#4152,#4153,#4154,#4155,#4156,#4157),
(#4158,#4159,#4160,#4161,#4162,#4163,#4164),(#4165,#4166,#4167,#4168,#4169,
#4170,#4171),(#4172,#4173,#4174,#4175,#4176,#4177,#4178),(#4179,#4180,#4181,
#4182,#4183,#4184,#4185),(#4186,#4187,#4188,#4189,#4190,#4191,#4192),(#4193,
#4194,#4195,#4196,#4197,#4198,#4199),(#4200,#4201,#4202,#4203,#4204,#4205,
#4206),(#4207,#4208,#4209,#4210,#4211,#4212,#4213),(#4214,#4215,#4216,#4217,
#4218,#4219,#4220),(#4221,#4222,#4223,#4224,#4225,#4226,#4227),(#4228,#4229,
#4230,#4231,#4232,#4233,#4234),(#4235,#4236,#4237,#4238,#4239,#4240,#4241),
(#4242,#4243,#4244,#4245,#4246,#4247,#4248),(#4249,#4250,#4251,#4252,#4253,
#4254,#4255),(#4256,#4257,#4258,#4259,#4260,#4261,#4262),(#4263,#4264,#4265,
#4266,#4267,#4268,#4269),(#4270,#4271,#4272,#4273,#4274,#4275,#4276),(#4277,
#4278,#4279,#4280,#4281,#4282,#4283),(#4284,#4285,#4286,#4287,#4288,#4289,
#4290),(#4291,#4292,#4293,#4294,#4295,#4296,#4297),(#4298,#4299,#4300,#4301,
#4302,#4303,#4304),(#4305,#4306,#4307,#4308,#4309,#4310,#4311),(#4312,#4313,
#4314,#4315,#4316,#4317,#4318),(#4319,#4320,#4321,#4322,#4323,#4324,#4325),
(#4326,#4327,#4328,#4329,#4330,#4331,#4332),(#4333,#4334,#4335,#4336,#4337,
#4338,#4339),(#4340,#4341,#4342,#4343,#4344,#4345,#4346),(#4347,#4348,#4349,
#4350,#4351,#4352,#4353),(#4354,#4355,#4356,#4357,#4358,#4359,#4360),(#4361,
#4362,#4363,#4364,#4365,#4366,#4367),(#4368,#4369,#4370,#4371,#4372,#4373,
#4374),(#4375,#4376,#4377,#4378,#4379,#4380,#4381),(#4382,#4383,#4384,#4385,
#4386,#4387,#4388),(#4389,#4390,#4391,#4392,#4393,#4394,#4395),(#4396,#4397,
#4398,#4399,#4400,#4401,#4402),(#4403,#4404,#4405,#4406,#4407,#4408,#4409),
(#4410,#4411,#4412,#4413,#4414,#4415,#4416),(#4417,#4418,#4419,#4420,#4421,
#4422,#4423),(#4424,#4425,#4426,#4427,#4428,#4429,#4430),(#4431,#4432,#4433,
#4434,#4435,#4436,#4437),(#4438,#4439,#4440,#4441,#4442,#4443,#4444),(#4445,
#4446,#4447,#4448,#4449,#4450,#4451),(#4452,#4453,#4454,#4455,#4456,#4457,
#4458),(#4459,#4460,#4461,#4462,#4463,#4464,#4465),(#4466,#4467,#4468,#4469,
#4470,#4471,#4472),(#4473,#4474,#4475,#4476,#4477,#4478,#4479),(#4480,#4481,
#4482,#4483,#4484,#4485,#4486),(#4487,#4488,#4489,#4490,#4491,#4492,#4493),
(#4494,#4495,#4496,#4497,#4498,#4499,#4500),(#4501,#4502,#4503,#4504,#4505,
#4506,#4507),(#4508,#4509,#4510,#4511,#4512,#4513,#4514),(#4515,#4516,#4517,
#4518,#4519,#4520,#4521),(#4522,#4523,#4524,#4525,#4526,#4527,#4528),(#4529,
#4530,#4531,#4532,#4533,#4534,#4535),(#4536,#4537,#4538,#4539,#4540,#4541,
#4542),(#4543,#4544,#4545,#4546,#4547,#4548,#4549),(#4550,#4551,#4552,#4553,
#4554,#4555,#4556),(#4557,#4558,#4559,#4560,#4561,#4562,#4563),(#4564,#4565,
#4566,#4567,#4568,#4569,#4570),(#4571,#4572,#4573,#4574,#4575,#4576,#4577),
(#4578,#4579,#4580,#4581,#4582,#4583,#4584),(#4585,#4586,#4587,#4588,#4589,
#4590,#4591),(#4592,#4593,#4594,#4595,#4596,#4597,#4598),(#4599,#4600,#4601,
#4602,#4603,#4604,#4605),(#4606,#4607,#4608,#4609,#4610,#4611,#4612),(#4613,
#4614,#4615,#4616,#4617,#4618,#4619),(#4620,#4621,#4622,#4623,#4624,#4625,
#4626),(#4627,#4628,#4629,#4630,#4631,#4632,#4633),(#4634,#4635,#4636,#4637,
#4638,#4639,#4640),(#4641,#4642,#4643,#4644,#4645,#4646,#4647),(#4648,#4649,
#4650,#4651,#4652,#4653,#4654),(#4655,#4656,#4657,#4658,#4659,#4660,#4661),
(#4662,#4663,#4664,#4665,#4666,#4667,#4668),(#4669,#4670,#4671,#4672,#4673,
#4674,#4675),(#4676,#4677,#4678,#4679,#4680,#4681,#4682),(#4683,#4684,#4685,
#4686,#4687,#4688,#4689),(#4690,#4691,#4692,#4693,#4694,#4695,#4696),(#4697,
#4698,#4699,#4700,#4701,#4702,#4703),(#4704,#4705,#4706,#4707,#4708,#4709,
#4710),(#4711,#4712,#4713,#4714,#4715,#4716,#4717),(#4718,#4719,#4720,#4721,
#4722,#4723,#4724),(#4725,#4726,#4727,#4728,#4729,#4730,#4731),(#4732,#4733,
#4734,#4735,#4736,#4737,#4738),(#4739,#4740,#4741,#4742,#4743,#4744,#4745),
(#4746,#4747,#4748,#4749,#4750,#4751,#4752),(#4753,#4754,#4755,#4756,#4757,
#4758,#4759),(#4760,#4761,#4762,#4763,#4764,#4765,#4766),(#4767,#4768,#4769,
#4770,#4771,#4772,#4773),(#4774,#4775,#4776,#4777,#4778,#4779,#4780),(#4781,
#4782,#4783,#4784,#4785,#4786,#4787),(#4788,#4789,#4790,#4791,#4792,#4793,
#4794),(#4795,#4796,#4797,#4798,#4799,#4800,#4801),(#4802,#4803,#4804,#4805,
#4806,#4807,#4808),(#4809,#4810,#4811,#4812,#4813,#4814,#4815),(#4816,#4817,
#4818,#4819,#4820,#4821,#4822),(#4823,#4824,#4825,#4826,#4827,#4828,#4829),
(#4830,#4831,#4832,#4833,#4834,#4835,#4836),(#4837,#4838,#4839,#4840,#4841,
#4842,#4843),(#4844,#4845,#4846,#4847,#4848,#4849,#4850),(#4851,#4852,#4853,
#4854,#4855,#4856,#4857),(#4858,#4859,#4860,#4861,#4862,#4863,#4864),(#4865,
#4866,#4867,#4868,#4869,#4870,#4871),(#4872,#4873,#4874,#4875,#4876,#4877,
#4878),(#4879,#4880,#4881,#4882,#4883,#4884,#4885),(#4886,#4887,#4888,#4889,
#4890,#4891,#4892),(#4893,#4894,#4895,#4896,#4897,#4898,#4899),(#4900,#4901,
#4902,#4903,#4904,#4905,#4906),(#4907,#4908,#4909,#4910,#4911,#4912,#4913),
(#4914,#4915,#4916,#4917,#4918,#4919,#4920),(#4921,#4922,#4923,#4924,#4925,
#4926,#4927),(#4928,#4929,#4930,#4931,#4932,#4933,#4934),(#4935,#4936,#4937,
#4938,#4939,#4940,#4941),(#4942,#4943,#4944,#4945,#4946,#4947,#4948),(#4949,
#4950,#4951,#4952,#4953,#4954,#4955),(#4956,#4957,#4958,#4959,#4960,#4961,
#4962),(#4963,#4964,#4965,#4966,#4967,#4968,#4969),(#4970,#4971,#4972,#4973,
#4974,#4975,#4976),(#4977,#4978,#4979,#4980,#4981,#4982,#4983),(#4984,#4985,
#4986,#4987,#4988,#4989,#4990),(#4991,#4992,#4993,#4994,#4995,#4996,#4997),
(#4998,#4999,#5000,#5001,#5002,#5003,#5004),(#5005,#5006,#5007,#5008,#5009,
#5010,#5011),(#5012,#5013,#5014,#5015,#5016,#5017,#5018),(#5019,#5020,#5021,
#5022,#5023,#5024,#5025),(#5026,#5027,#5028,#5029,#5030,#5031,#5032),(#5033,
#5034,#5035,#5036,#5037,#5038,#5039),(#5040,#5041,#5042,#5043,#5044,#5045,
#5046),(#5047,#5048,#5049,#5050,#5051,#5052,#5053),(#5054,#5055,#5056,#5057,
#5058,#5059,#5060),(#5061,#5062,#5063,#5064,#5065,#5066,#5067),(#5068,#5069,
#5070,#5071,#5072,#5073,#5074),(#5075,#5076,#5077,#5078,#5079,#5080,#5081),
(#5082,#5083,#5084,#5085,#5086,#5087,#5088),(#5089,#5090,#5091,#5092,#5093,
#5094,#5095),(#5096,#5097,#5098,#5099,#5100,#5101,#5102),(#5103,#5104,#5105,
#5106,#5107,#5108,#5109),(#5110,#5111,#5112,#5113,#5114,#5115,#5116),(#5117,
#5118,#5119,#5120,#5121,#5122,#5123),(#5124,#5125,#5126,#5127,#5128,#5129,
#5130),(#5131,#5132,#5133,#5134,#5135,#5136,#5137),(#5138,#5139,#5140,#5141,
#5142,#5143,#5144),(#5145,#5146,#5147,#5148,#5149,#5150,#5151),(#5152,#5153,
#5154,#5155,#5156,#5157,#5158),(#5159,#5160,#5161,#5162,#5163,#5164,#5165),
(#5166,#5167,#5168,#5169,#5170,#5171,#5172),(#5173,#5174,#5175,#5176,#5177,
#5178,#5179),(#5180,#5181,#5182,#5183,#5184,#5185,#5186),(#5187,#5188,#5189,
#5190,#5191,#5192,#5193),(#5194,#5195,#5196,#5197,#5198,#5199,#5200),(#5201,
#5202,#5203,#5204,#5205,#5206,#5207),(#5208,#5209,#5210,#5211,#5212,#5213,
#5214),(#5215,#5216,#5217,#5218,#5219,#5220,#5221),(#5222,#5223,#5224,#5225,
#5226,#5227,#5228),(#5229,#5230,#5231,#5232,#5233,#5234,#5235),(#5236,#5237,
#5238,#5239,#5240,#5241,#5242),(#5243,#5244,#5245,#5246,#5247,#5248,#5249),
(#5250,#5251,#5252,#5253,#5254,#5255,#5256),(#5257,#5258,#5259,#5260,#5261,
#5262,#5263),(#5264,#5265,#5266,#5267,#5268,#5269,#5270),(#5271,#5272,#5273,
#5274,#5275,#5276,#5277),(#5278,#5279,#5280,#5281,#5282,#5283,#5284),(#5285,
#5286,#5287,#5288,#5289,#5290,#5291),(#5292,#5293,#5294,#5295,#5296,#5297,
#5298),(#5299,#5300,#5301,#5302,#5303,#5304,#5305),(#5306,#5307,#5308,#5309,
#5310,#5311,#5312),(#5313,#5314,#5315,#5316,#5317,#5318,#5319),(#5320,#5321,
#5322,#5323,#5324,#5325,#5326),(#5327,#5328,#5329,#5330,#5331,#5332,#5333),
(#5334,#5335,#5336,#5337,#5338,#5339,#5340),(#5341,#5342,#5343,#5344,#5345,
#5346,#5347),(#5348,#5349,#5350,#5351,#5352,#5353,#5354),(#5355,#5356,#5357,
#5358,#5359,#5360,#5361),(#5362,#5363,#5364,#5365,#5366,#5367,#5368),(#5369,
#5370,#5371,#5372,#5373,#5374,#5375),(#5376,#5377,#5378,#5379,#5380,#5381,
#5382),(#5383,#5384,#5385,#5386,#5387,#5388,#5389),(#5390,#5391,#5392,#5393,
#5394,#5395,#5396),(#5397,#5398,#5399,#5400,#5401,#5402,#5403),(#5404,#5405,
#5406,#5407,#5408,#5409,#5410),(#5411,#5412,#5413,#5414,#5415,#5416,#5417),
(#5418,#5419,#5420,#5421,#5422,#5423,#5424),(#5425,#5426,#5427,#5428,#5429,
#5430,#5431),(#5432,#5433,#5434,#5435,#5436,#5437,#5438),(#5439,#5440,#5441,
#5442,#5443,#5444,#5445),(#5446,#5447,#5448,#5449,#5450,#5451,#5452),(#5453,
#5454,#5455,#5456,#5457,#5458,#5459),(#5460,#5461,#5462,#5463,#5464,#5465,
#5466),(#5467,#5468,#5469,#5470,#5471,#5472,#5473),(#5474,#5475,#5476,#5477,
#5478,#5479,#5480),(#5481,#5482,#5483,#5484,#5485,#5486,#5487),(#5488,#5489,
#5490,#5491,#5492,#5493,#5494),(#5495,#5496,#5497,#5498,#5499,#5500,#5501),
(#5502,#5503,#5504,#5505,#5506,#5507,#5508),(#5509,#5510,#5511,#5512,#5513,
#5514,#5515),(#5516,#5517,#5518,#5519,#5520,#5521,#5522),(#5523,#5524,#5525,
#5526,#5527,#5528,#5529),(#5530,#5531,#5532,#5533,#5534,#5535,#5536),(#5537,
#5538,#5539,#5540,#5541,#5542,#5543),(#5544,#5545,#5546,#5547,#5548,#5549,
#5550),(#5551,#5552,#5553,#5554,#5555,#5556,#5557),(#5558,#5559,#5560,#5561,
#5562,#5563,#5564),(#5565,#5566,#5567,#5568,#5569,#5570,#5571),(#5572,#5573,
#5574,#5575,#5576,#5577,#5578),(#5579,#5580,#5581,#5582,#5583,#5584,#5585),
(#5586,#5587,#5588,#5589,#5590,#5591,#5592),(#5593,#5594,#5595,#5596,#5597,
#5598,#5599),(#5600,#5601,#5602,#5603,#5604,#5605,#5606),(#5607,#5608,#5609,
#5610,#5611,#5612,#5613),(#5614,#5615,#5616,#5617,#5618,#5619,#5620),(#5621,
#5622,#5623,#5624,#5625,#5626,#5627),(#5628,#5629,#5630,#5631,#5632,#5633,
#5634),(#5635,#5636,#5637,#5638,#5639,#5640,#5641),(#5642,#5643,#5644,#5645,
#5646,#5647,#5648),(#5649,#5650,#5651,#5652,#5653,#5654,#5655),(#5656,#5657,
#5658,#5659,#5660,#5661,#5662),(#5663,#5664,#5665,#5666,#5667,#5668,#5669),
(#5670,#5671,#5672,#5673,#5674,#5675,#5676),(#5677,#5678,#5679,#5680,#5681,
#5682,#5683),(#5684,#5685,#5686,#5687,#5688,#5689,#5690),(#5691,#5692,#5693,
#5694,#5695,#5696,#5697),(#5698,#5699,#5700,#5701,#5702,#5703,#5704),(#5705,
#5706,#5707,#5708,#5709,#5710,#5711),(#5712,#5713,#5714,#5715,#5716,#5717,
#5718),(#5719,#5720,#5721,#5722,#5723,#5724,#5725),(#5726,#5727,#5728,#5729,
#5730,#5731,#5732),(#5733,#5734,#5735,#5736,#5737,#5738,#5739),(#5740,#5741,
#5742,#5743,#5744,#5745,#5746),(#5747,#5748,#5749,#5750,#5751,#5752,#5753),
(#5754,#5755,#5756,#5757,#5758,#5759,#5760),(#5761,#5762,#5763,#5764,#5765,
#5766,#5767),(#5768,#5769,#5770,#5771,#5772,#5773,#5774),(#5775,#5776,#5777,
#5778,#5779,#5780,#5781),(#5782,#5783,#5784,#5785,#5786,#5787,#5788),(#5789,
#5790,#5791,#5792,#5793,#5794,#5795),(#5796,#5797,#5798,#5799,#5800,#5801,
#5802),(#5803,#5804,#5805,#5806,#5807,#5808,#5809),(#5810,#5811,#5812,#5813,
#5814,#5815,#5816),(#5817,#5818,#5819,#5820,#5821,#5822,#5823),(#5824,#5825,
#5826,#5827,#5828,#5829,#5830),(#5831,#5832,#5833,#5834,#5835,#5836,#5837),
(#5838,#5839,#5840,#5841,#5842,#5843,#5844),(#5845,#5846,#5847,#5848,#5849,
#5850,#5851),(#5852,#5853,#5854,#5855,#5856,#5857,#5858),(#5859,#5860,#5861,
#5862,#5863,#5864,#5865),(#5866,#5867,#5868,#5869,#5870,#5871,#5872),(#5873,
#5874,#5875,#5876,#5877,#5878,#5879),(#5880,#5881,#5882,#5883,#5884,#5885,
#5886),(#5887,#5888,#5889,#5890,#5891,#5892,#5893),(#5894,#5895,#5896,#5897,
#5898,#5899,#5900),(#5901,#5902,#5903,#5904,#5905,#5906,#5907),(#5908,#5909,
#5910,#5911,#5912,#5913,#5914),(#5915,#5916,#5917,#5918,#5919,#5920,#5921),
(#5922,#5923,#5924,#5925,#5926,#5927,#5928),(#5929,#5930,#5931,#5932,#5933,
#5934,#5935),(#5936,#5937,#5938,#5939,#5940,#5941,#5942),(#5943,#5944,#5945,
#5946,#5947,#5948,#5949),(#5950,#5951,#5952,#5953,#5954,#5955,#5956),(#5957,
#5958,#5959,#5960,#5961,#5962,#5963),(#5964,#5965,#5966,#5967,#5968,#5969,
#5970),(#5971,#5972,#5973,#5974,#5975,#5976,#5977),(#5978,#5979,#5980,#5981,
#5982,#5983,#5984),(#5985,#5986,#5987,#5988,#5989,#5990,#5991),(#5992,#5993,
#5994,#5995,#5996,#5997,#5998),(#5999,#6000,#6001,#6002,#6003,#6004,#6005),
(#6006,#6007,#6008,#6009,#6010,#6011,#6012),(#6013,#6014,#6015,#6016,#6017,
#6018,#6019),(#6020,#6021,#6022,#6023,#6024,#6025,#6026),(#6027,#6028,#6029,
#6030,#6031,#6032,#6033),(#6034,#6035,#6036,#6037,#6038,#6039,#6040),(#6041,
#6042,#6043,#6044,#6045,#6046,#6047),(#6048,#6049,#6050,#6051,#6052,#6053,
#6054),(#6055,#6056,#6057,#6058,#6059,#6060,#6061),(#6062,#6063,#6064,#6065,
#6066,#6067,#6068),(#6069,#6070,#6071,#6072,#6073,#6074,#6075),(#6076,#6077,
#6078,#6079,#6080,#6081,#6082),(#6083,#6084,#6085,#6086,#6087,#6088,#6089),
(#6090,#6091,#6092,#6093,#6094,#6095,#6096),(#6097,#6098,#6099,#6100,#6101,
#6102,#6103),(#6104,#6105,#6106,#6107,#6108,#6109,#6110),(#6111,#6112,#6113,
#6114,#6115,#6116,#6117),(#6118,#6119,#6120,#6121,#6122,#6123,#6124),(#6125,
#6126,#6127,#6128,#6129,#6130,#6131),(#6132,#6133,#6134,#6135,#6136,#6137,
#6138),(#6139,#6140,#6141,#6142,#6143,#6144,#6145),(#6146,#6147,#6148,#6149,
#6150,#6151,#6152),(#6153,#6154,#6155,#6156,#6157,#6158,#6159),(#6160,#6161,
#6162,#6163,#6164,#6165,#6166),(#6167,#6168,#6169,#6170,#6171,#6172,#6173),
(#6174,#6175,#6176,#6177,#6178,#6179,#6180),(#6181,#6182,#6183,#6184,#6185,
#6186,#6187),(#6188,#6189,#6190,#6191,#6192,#6193,#6194),(#6195,#6196,#6197,
#6198,#6199,#6200,#6201),(#6202,#6203,#6204,#6205,#6206,#6207,#6208),(#6209,
#6210,#6211,#6212,#6213,#6214,#6215),(#6216,#6217,#6218,#6219,#6220,#6221,
#6222),(#6223,#6224,#6225,#6226,#6227,#6228,#6229),(#6230,#6231,#6232,#6233,
#6234,#6235,#6236),(#6237,#6238,#6239,#6240,#6241,#6242,#6243),(#6244,#6245,
#6246,#6247,#6248,#6249,#6250),(#6251,#6252,#6253,#6254,#6255,#6256,#6257),
(#6258,#6259,#6260,#6261,#6262,#6263,#6264),(#6265,#6266,#6267,#6268,#6269,
#6270,#6271),(#6272,#6273,#6274,#6275,#6276,#6277,#6278),(#6279,#6280,#6281,
#6282,#6283,#6284,#6285),(#6286,#6287,#6288,#6289,#6290,#6291,#6292),(#6293,
#6294,#6295,#6296,#6297,#6298,#6299),(#6300,#6301,#6302,#6303,#6304,#6305,
#6306),(#6307,#6308,#6309,#6310,#6311,#6312,#6313),(#6314,#6315,#6316,#6317,
#6318,#6319,#6320),(#6321,#6322,#6323,#6324,#6325,#6326,#6327),(#6328,#6329,
#6330,#6331,#6332,#6333,#6334),(#6335,#6336,#6337,#6338,#6339,#6340,#6341),
(#6342,#6343,#6344,#6345,#6346,#6347,#6348),(#6349,#6350,#6351,#6352,#6353,
#6354,#6355),(#6356,#6357,#6358,#6359,#6360,#6361,#6362),(#6363,#6364,#6365,
#6366,#6367,#6368,#6369),(#6370,#6371,#6372,#6373,#6374,#6375,#6376),(#6377,
#6378,#6379,#6380,#6381,#6382,#6383),(#6384,#6385,#6386,#6387,#6388,#6389,
#6390),(#6391,#6392,#6393,#6394,#6395,#6396,#6397),(#6398,#6399,#6400,#6401,
#6402,#6403,#6404),(#6405,#6406,#6407,#6408,#6409,#6410,#6411),(#6412,#6413,
#6414,#6415,#6416,#6417,#6418),(#6419,#6420,#6421,#6422,#6423,#6424,#6425),
(#6426,#6427,#6428,#6429,#6430,#6431,#6432),(#6433,#6434,#6435,#6436,#6437,
#6438,#6439),(#6440,#6441,#6442,#6443,#6444,#6445,#6446),(#6447,#6448,#6449,
#6450,#6451,#6452,#6453),(#6454,#6455,#6456,#6457,#6458,#6459,#6460),(#6461,
#6462,#6463,#6464,#6465,#6466,#6467),(#6468,#6469,#6470,#6471,#6472,#6473,
#6474),(#6475,#6476,#6477,#6478,#6479,#6480,#6481),(#6482,#6483,#6484,#6485,
#6486,#6487,#6488),(#6489,#6490,#6491,#6492,#6493,#6494,#6495),(#6496,#6497,
#6498,#6499,#6500,#6501,#6502),(#6503,#6504,#6505,#6506,#6507,#6508,#6509),
(#6510,#6511,#6512,#6513,#6514,#6515,#6516),(#6517,#6518,#6519,#6520,#6521,
#6522,#6523),(#6524,#6525,#6526,#6527,#6528,#6529,#6530),(#6531,#6532,#6533,
#6534,#6535,#6536,#6537),(#6538,#6539,#6540,#6541,#6542,#6543,#6544),(#6545,
#6546,#6547,#6548,#6549,#6550,#6551),(#6552,#6553,#6554,#6555,#6556,#6557,
#6558),(#6559,#6560,#6561,#6562,#6563,#6564,#6565),(#6566,#6567,#6568,#6569,
#6570,#6571,#6572),(#6573,#6574,#6575,#6576,#6577,#6578,#6579),(#6580,#6581,
#6582,#6583,#6584,#6585,#6586),(#6587,#6588,#6589,#6590,#6591,#6592,#6593),
(#6594,#6595,#6596,#6597,#6598,#6599,#6600),(#6601,#6602,#6603,#6604,#6605,
#6606,#6607),(#6608,#6609,#6610,#6611,#6612,#6613,#6614),(#6615,#6616,#6617,
#6618,#6619,#6620,#6621),(#6622,#6623,#6624,#6625,#6626,#6627,#6628),(#6629,
#6630,#6631,#6632,#6633,#6634,#6635),(#6636,#6637,#6638,#6639,#6640,#6641,
#6642),(#6643,#6644,#6645,#6646,#6647,#6648,#6649),(#6650,#6651,#6652,#6653,
#6654,#6655,#6656),(#6657,#6658,#6659,#6660,#6661,#6662,#6663),(#6664,#6665,
#6666,#6667,#6668,#6669,#6670),(#6671,#6672,#6673,#6674,#6675,#6676,#6677),
(#6678,#6679,#6680,#6681,#6682,#6683,#6684),(#6685,#6686,#6687,#6688,#6689,
#6690,#6691),(#6692,#6693,#6694,#6695,#6696,#6697,#6698),(#6699,#6700,#6701,
#6702,#6703,#6704,#6705),(#6706,#6707,#6708,#6709,#6710,#6711,#6712),(#6713,
#6714,#6715,#6716,#6717,#6718,#6719),(#6720,#6721,#6722,#6723,#6724,#6725,
#6726),(#6727,#6728,#6729,#6730,#6731,#6732,#6733),(#6734,#6735,#6736,#6737,
#6738,#6739,#6740),(#6741,#6742,#6743,#6744,#6745,#6746,#6747),(#6748,#6749,
#6750,#6751,#6752,#6753,#6754),(#6755,#6756,#6757,#6758,#6759,#6760,#6761),
(#6762,#6763,#6764,#6765,#6766,#6767,#6768),(#6769,#6770,#6771,#6772,#6773,
#6774,#6775),(#6776,#6777,#6778,#6779,#6780,#6781,#6782),(#6783,#6784,#6785,
#6786,#6787,#6788,#6789),(#6790,#6791,#6792,#6793,#6794,#6795,#6796),(#6797,
#6798,#6799,#6800,#6801,#6802,#6803),(#6804,#6805,#6806,#6807,#6808,#6809,
#6810),(#6811,#6812,#6813,#6814,#6815,#6816,#6817),(#6818,#6819,#6820,#6821,
#6822,#6823,#6824),(#6825,#6826,#6827,#6828,#6829,#6830,#6831),(#6832,#6833,
#6834,#6835,#6836,#6837,#6838),(#6839,#6840,#6841,#6842,#6843,#6844,#6845),
(#6846,#6847,#6848,#6849,#6850,#6851,#6852),(#6853,#6854,#6855,#6856,#6857,
#6858,#6859),(#6860,#6861,#6862,#6863,#6864,#6865,#6866),(#6867,#6868,#6869,
#6870,#6871,#6872,#6873),(#6874,#6875,#6876,#6877,#6878,#6879,#6880),(#6881,
#6882,#6883,#6884,#6885,#6886,#6887),(#6888,#6889,#6890,#6891,#6892,#6893,
#6894),(#6895,#6896,#6897,#6898,#6899,#6900,#6901),(#6902,#6903,#6904,#6905,
#6906,#6907,#6908),(#6909,#6910,#6911,#6912,#6913,#6914,#6915),(#6916,#6917,
#6918,#6919,#6920,#6921,#6922),(#6923,#6924,#6925,#6926,#6927,#6928,#6929),
(#6930,#6931,#6932,#6933,#6934,#6935,#6936),(#6937,#6938,#6939,#6940,#6941,
#6942,#6943),(#6944,#6945,#6946,#6947,#6948,#6949,#6950),(#6951,#6952,#6953,
#6954,#6955,#6956,#6957),(#6958,#6959,#6960,#6961,#6962,#6963,#6964),(#6965,
#6966,#6967,#6968,#6969,#6970,#6971),(#6972,#6973,#6974,#6975,#6976,#6977,
#6978),(#6979,#6980,#6981,#6982,#6983,#6984,#6985),(#6986,#6987,#6988,#6989,
#6990,#6991,#6992),(#6993,#6994,#6995,#6996,#6997,#6998,#6999),(#7000,#7001,
#7002,#7003,#7004,#7005,#7006),(#7007,#7008,#7009,#7010,#7011,#7012,#7013),
(#7014,#7015,#7016,#7017,#7018,#7019,#7020),(#7021,#7022,#7023,#7024,#7025,
#7026,#7027),(#7028,#7029,#7030,#7031,#7032,#7033,#7034),(#7035,#7036,#7037,
#7038,#7039,#7040,#7041),(#7042,#7043,#7044,#7045,#7046,#7047,#7048),(#7049,
#7050,#7051,#7052,#7053,#7054,#7055),(#7056,#7057,#7058,#7059,#7060,#7061,
#7062)),.UNSPECIFIED.,.T.,.F.,.F.,(2,2,2,2,2,2,2,2,2,2,2,2,2,2,2,2,2,2,
2,2,2,2,2,2,2,2,2,2,2,2,2,2,2,2,2,2,2,2,2,2,2,2,2,2,2,2,2,2,2,2,2,2,2,2,
2,2,2,2,2,2,2,2,2,2,2,2,2,2,2,2,2,2,2,2,2,2,2,2,2,2,2,2,2,2,2,2,2,2,2,2,
2,2,2,2,2,2,2,2,2,2,2,2,2,2,2,2,2,2,2,2,2,2,2,2,2,2,2,2,2,2,2,2,2,2,2,2,
2,2,2,2,2,2,2,2,2,2,2,2,2,2,2,2,2,2,2,2,2,2,2,2,2,2,2,2,2,2,2,2,2,2,2,2,
2,2,2,2,2,2,2,2,2,2,2,2,2,2,2,2,2,2,2,2,2,2,2,2,2,2,2,2,2,2,2,2,2,2,2,2,
2,2,2,2,2,2,2,2,2,2,2,2,2,2,2,2,2,2,2,2,2,2,2,2,2,2,2,2,2),(4,3,4),(-0.00267332709546731,
0.,0.0128738542271875,0.0257477084543751,0.0386215626815627,0.0514954169087502,
0.0643692711359377,0.0772431253631253,0.083680052476719,0.0901169795903128,
0.0965539067039066,0.1029908338175,0.109427760931094,0.115864688044688,
0.122301615158282,0.128738542271875,0.141612396499063,0.15448625072625,
0.167360104953438,0.180233959180626,0.193107813407813,0.205981667635001,
0.208654994730468,0.211328321825936,0.214001648921403,0.21667497601687,
0.219348303112337,0.222021630207805,0.224694957303272,0.22736828439874,
0.230041611494207,0.232714938589674,0.235388265685142,0.238061592780609,
0.240734919876076,0.243408246971544,0.246081574067011,0.248754901162478,
0.252431861374504,0.256108821586531,0.259785781798557,0.263462742010584,
0.26713970222261,0.270816662434636,0.274493622646663,0.27817058285869,0.280843909954157,
0.283517237049624,0.286190564145091,0.288863891240559,0.291537218336026,
0.294210545431493,0.296883872526961,0.299557199622428,0.302230526717896,
0.304903853813363,0.307577180908831,0.310250508004298,0.312923835099765,
0.315597162195232,0.3182704892907,0.320943816386167,0.326367889719128,0.331791963052088,
0.337216036385047,0.342640109718008,0.348064183050968,0.353488256383928,
0.358912329716888,0.364336403049848,0.366697324817196,0.369058246584545,
0.371419168351894,0.373780090119243,0.376141011886591,0.37850193365394,
0.380862855421288,0.383223777188637,0.385584698955986,0.387945620723334,
0.390306542490682,0.392667464258032,0.39502838602538,0.397389307792729,
0.399750229560077,0.402111151327425,0.406494909832257,0.410878668337089,
0.41526242684192,0.419646185346752,0.424029943851583,0.428413702356414,
0.437181219366077,0.44594873637574,0.454716253385402,0.459100011890234,
0.463483770395065,0.467867528899897,0.472251287404728,0.475237019828314,
0.4782227522519,0.481208484675486,0.484194217099072,0.487179949522658,0.490165681946245,
0.493151414369831,0.496137146793417,0.499122879217003,0.502108611640589,
0.505094344064175,0.508080076487761,0.511065808911347,0.514051541334933,
0.517037273758519,0.520023006182105,0.53039398463653,0.540764963090954,
0.551135941545379,0.561506919999803,0.571877898454227,0.582248876908651,
0.592619855363076,0.597805344590288,0.6029908338175,0.608176323044712,0.613361812271924,
0.623732790726349,0.634103769180773,0.644474747635197,0.654845726089622,
0.665216704544046,0.67558768299847,0.685958661452895,0.688944393876481,
0.691930126300067,0.694915858723653,0.697901591147239,0.700887323570825,
0.703873055994411,0.706858788417997,0.709844520841583,0.71283025326517,
0.715815985688756,0.718801718112342,0.721787450535928,0.724773182959514,
0.7277589153831,0.730744647806686,0.733730380230272,0.738114138735104,0.742497897239935,
0.746881655744766,0.751265414249598,0.76003293125926,0.768800448268923,
0.777567965278586,0.781951723783418,0.786335482288249,0.79071924079308,
0.795102999297912,0.799486757802743,0.803870516307574,0.806231438074923,
0.808592359842272,0.81095328160962,0.813314203376969,0.815675125144318,
0.818036046911666,0.820396968679015,0.822757890446363,0.825118812213712,
0.827479733981061,0.829840655748409,0.832201577515758,0.834562499283106,
0.836923421050455,0.839284342817804,0.841645264585152,0.847069337918112,
0.852493411251072,0.857917484584032,0.863341557916992,0.868765631249952,
0.874189704582912,0.879613777915872,0.885037851248832,0.8877111783443,0.890384505439767,
0.893057832535235,0.895731159630702,0.89840448672617,0.901077813821637,
0.903751140917104,0.906424468012572,0.909097795108039,0.911771122203506,
0.914444449298974,0.917117776394441,0.919791103489909,0.922464430585376,
0.925137757680843,0.927811084776311,0.931488044988337,0.935165005200364,
0.93884196541239,0.942518925624416,0.946195885836443,0.949872846048469,
0.953549806260496,0.957226766472522,0.959900093567989,0.962573420663457,
0.965246747758924,0.967920074854391,0.970593401949859,0.973266729045326,
0.975940056140794,0.978613383236261,0.981286710331728,0.983960037427196,
0.986633364522663,0.989306691618131,0.991980018713598,0.994653345809065,
0.997326672904533,1.,1.01287385422719),(0.,1.,1.01),.UNSPECIFIED.);
#40=B_SPLINE_SURFACE_WITH_KNOTS('',3,3,((#7930,#7931,#7932,#7933),(#7934,
#7935,#7936,#7937),(#7938,#7939,#7940,#7941),(#7942,#7943,#7944,#7945),
(#7946,#7947,#7948,#7949),(#7950,#7951,#7952,#7953),(#7954,#7955,#7956,
#7957),(#7958,#7959,#7960,#7961),(#7962,#7963,#7964,#7965),(#7966,#7967,
#7968,#7969),(#7970,#7971,#7972,#7973),(#7974,#7975,#7976,#7977),(#7978,
#7979,#7980,#7981),(#7982,#7983,#7984,#7985),(#7986,#7987,#7988,#7989),
(#7990,#7991,#7992,#7993),(#7994,#7995,#7996,#7997),(#7998,#7999,#8000,
#8001),(#8002,#8003,#8004,#8005),(#8006,#8007,#8008,#8009),(#8010,#8011,
#8012,#8013),(#8014,#8015,#8016,#8017),(#8018,#8019,#8020,#8021),(#8022,
#8023,#8024,#8025),(#8026,#8027,#8028,#8029),(#8030,#8031,#8032,#8033),
(#8034,#8035,#8036,#8037),(#8038,#8039,#8040,#8041),(#8042,#8043,#8044,
#8045),(#8046,#8047,#8048,#8049),(#8050,#8051,#8052,#8053),(#8054,#8055,
#8056,#8057),(#8058,#8059,#8060,#8061),(#8062,#8063,#8064,#8065)),
 .UNSPECIFIED.,.F.,.F.,.F.,(4,2,2,2,2,2,2,2,2,2,2,2,2,2,2,2,4),(4,4),(0.907178770994008,
0.909097795108039,0.911771122203506,0.914444449298974,0.917117776394441,
0.919791103489909,0.922464430585376,0.925137757680843,0.927811084776311,
0.931488044988337,0.935165005200364,0.93884196541239,0.942518925624416,
0.946195885836443,0.949872846048469,0.953549806260496,0.954022886306754),
(0.751526859905655,0.856640460324638),.UNSPECIFIED.);
#41=B_SPLINE_SURFACE_WITH_KNOTS('',3,3,((#8066,#8067,#8068,#8069,#8070,
#8071,#8072,#8073,#8074,#8075,#8076,#8077,#8078,#8079,#8080),(#8081,#8082,
#8083,#8084,#8085,#8086,#8087,#8088,#8089,#8090,#8091,#8092,#8093,#8094,
#8095),(#8096,#8097,#8098,#8099,#8100,#8101,#8102,#8103,#8104,#8105,#8106,
#8107,#8108,#8109,#8110),(#8111,#8112,#8113,#8114,#8115,#8116,#8117,#8118,
#8119,#8120,#8121,#8122,#8123,#8124,#8125),(#8126,#8127,#8128,#8129,#8130,
#8131,#8132,#8133,#8134,#8135,#8136,#8137,#8138,#8139,#8140),(#8141,#8142,
#8143,#8144,#8145,#8146,#8147,#8148,#8149,#8150,#8151,#8152,#8153,#8154,
#8155),(#8156,#8157,#8158,#8159,#8160,#8161,#8162,#8163,#8164,#8165,#8166,
#8167,#8168,#8169,#8170),(#8171,#8172,#8173,#8174,#8175,#8176,#8177,#8178,
#8179,#8180,#8181,#8182,#8183,#8184,#8185),(#8186,#8187,#8188,#8189,#8190,
#8191,#8192,#8193,#8194,#8195,#8196,#8197,#8198,#8199,#8200),(#8201,#8202,
#8203,#8204,#8205,#8206,#8207,#8208,#8209,#8210,#8211,#8212,#8213,#8214,
#8215),(#8216,#8217,#8218,#8219,#8220,#8221,#8222,#8223,#8224,#8225,#8226,
#8227,#8228,#8229,#8230),(#8231,#8232,#8233,#8234,#8235,#8236,#8237,#8238,
#8239,#8240,#8241,#8242,#8243,#8244,#8245),(#8246,#8247,#8248,#8249,#8250,
#8251,#8252,#8253,#8254,#8255,#8256,#8257,#8258,#8259,#8260),(#8261,#8262,
#8263,#8264,#8265,#8266,#8267,#8268,#8269,#8270,#8271,#8272,#8273,#8274,
#8275),(#8276,#8277,#8278,#8279,#8280,#8281,#8282,#8283,#8284,#8285,#8286,
#8287,#8288,#8289,#8290),(#8291,#8292,#8293,#8294,#8295,#8296,#8297,#8298,
#8299,#8300,#8301,#8302,#8303,#8304,#8305),(#8306,#8307,#8308,#8309,#8310,
#8311,#8312,#8313,#8314,#8315,#8316,#8317,#8318,#8319,#8320),(#8321,#8322,
#8323,#8324,#8325,#8326,#8327,#8328,#8329,#8330,#8331,#8332,#8333,#8334,
#8335),(#8336,#8337,#8338,#8339,#8340,#8341,#8342,#8343,#8344,#8345,#8346,
#8347,#8348,#8349,#8350),(#8351,#8352,#8353,#8354,#8355,#8356,#8357,#8358,
#8359,#8360,#8361,#8362,#8363,#8364,#8365),(#8366,#8367,#8368,#8369,#8370,
#8371,#8372,#8373,#8374,#8375,#8376,#8377,#8378,#8379,#8380),(#8381,#8382,
#8383,#8384,#8385,#8386,#8387,#8388,#8389,#8390,#8391,#8392,#8393,#8394,
#8395),(#8396,#8397,#8398,#8399,#8400,#8401,#8402,#8403,#8404,#8405,#8406,
#8407,#8408,#8409,#8410),(#8411,#8412,#8413,#8414,#8415,#8416,#8417,#8418,
#8419,#8420,#8421,#8422,#8423,#8424,#8425),(#8426,#8427,#8428,#8429,#8430,
#8431,#8432,#8433,#8434,#8435,#8436,#8437,#8438,#8439,#8440),(#8441,#8442,
#8443,#8444,#8445,#8446,#8447,#8448,#8449,#8450,#8451,#8452,#8453,#8454,
#8455),(#8456,#8457,#8458,#8459,#8460,#8461,#8462,#8463,#8464,#8465,#8466,
#8467,#8468,#8469,#8470),(#8471,#8472,#8473,#8474,#8475,#8476,#8477,#8478,
#8479,#8480,#8481,#8482,#8483,#8484,#8485),(#8486,#8487,#8488,#8489,#8490,
#8491,#8492,#8493,#8494,#8495,#8496,#8497,#8498,#8499,#8500),(#8501,#8502,
#8503,#8504,#8505,#8506,#8507,#8508,#8509,#8510,#8511,#8512,#8513,#8514,
#8515),(#8516,#8517,#8518,#8519,#8520,#8521,#8522,#8523,#8524,#8525,#8526,
#8527,#8528,#8529,#8530),(#8531,#8532,#8533,#8534,#8535,#8536,#8537,#8538,
#8539,#8540,#8541,#8542,#8543,#8544,#8545),(#8546,#8547,#8548,#8549,#8550,
#8551,#8552,#8553,#8554,#8555,#8556,#8557,#8558,#8559,#8560),(#8561,#8562,
#8563,#8564,#8565,#8566,#8567,#8568,#8569,#8570,#8571,#8572,#8573,#8574,
#8575),(#8576,#8577,#8578,#8579,#8580,#8581,#8582,#8583,#8584,#8585,#8586,
#8587,#8588,#8589,#8590),(#8591,#8592,#8593,#8594,#8595,#8596,#8597,#8598,
#8599,#8600,#8601,#8602,#8603,#8604,#8605),(#8606,#8607,#8608,#8609,#8610,
#8611,#8612,#8613,#8614,#8615,#8616,#8617,#8618,#8619,#8620),(#8621,#8622,
#8623,#8624,#8625,#8626,#8627,#8628,#8629,#8630,#8631,#8632,#8633,#8634,
#8635),(#8636,#8637,#8638,#8639,#8640,#8641,#8642,#8643,#8644,#8645,#8646,
#8647,#8648,#8649,#8650),(#8651,#8652,#8653,#8654,#8655,#8656,#8657,#8658,
#8659,#8660,#8661,#8662,#8663,#8664,#8665),(#8666,#8667,#8668,#8669,#8670,
#8671,#8672,#8673,#8674,#8675,#8676,#8677,#8678,#8679,#8680),(#8681,#8682,
#8683,#8684,#8685,#8686,#8687,#8688,#8689,#8690,#8691,#8692,#8693,#8694,
#8695),(#8696,#8697,#8698,#8699,#8700,#8701,#8702,#8703,#8704,#8705,#8706,
#8707,#8708,#8709,#8710),(#8711,#8712,#8713,#8714,#8715,#8716,#8717,#8718,
#8719,#8720,#8721,#8722,#8723,#8724,#8725),(#8726,#8727,#8728,#8729,#8730,
#8731,#8732,#8733,#8734,#8735,#8736,#8737,#8738,#8739,#8740),(#8741,#8742,
#8743,#8744,#8745,#8746,#8747,#8748,#8749,#8750,#8751,#8752,#8753,#8754,
#8755),(#8756,#8757,#8758,#8759,#8760,#8761,#8762,#8763,#8764,#8765,#8766,
#8767,#8768,#8769,#8770),(#8771,#8772,#8773,#8774,#8775,#8776,#8777,#8778,
#8779,#8780,#8781,#8782,#8783,#8784,#8785),(#8786,#8787,#8788,#8789,#8790,
#8791,#8792,#8793,#8794,#8795,#8796,#8797,#8798,#8799,#8800),(#8801,#8802,
#8803,#8804,#8805,#8806,#8807,#8808,#8809,#8810,#8811,#8812,#8813,#8814,
#8815),(#8816,#8817,#8818,#8819,#8820,#8821,#8822,#8823,#8824,#8825,#8826,
#8827,#8828,#8829,#8830),(#8831,#8832,#8833,#8834,#8835,#8836,#8837,#8838,
#8839,#8840,#8841,#8842,#8843,#8844,#8845),(#8846,#8847,#8848,#8849,#8850,
#8851,#8852,#8853,#8854,#8855,#8856,#8857,#8858,#8859,#8860),(#8861,#8862,
#8863,#8864,#8865,#8866,#8867,#8868,#8869,#8870,#8871,#8872,#8873,#8874,
#8875),(#8876,#8877,#8878,#8879,#8880,#8881,#8882,#8883,#8884,#8885,#8886,
#8887,#8888,#8889,#8890),(#8891,#8892,#8893,#8894,#8895,#8896,#8897,#8898,
#8899,#8900,#8901,#8902,#8903,#8904,#8905),(#8906,#8907,#8908,#8909,#8910,
#8911,#8912,#8913,#8914,#8915,#8916,#8917,#8918,#8919,#8920),(#8921,#8922,
#8923,#8924,#8925,#8926,#8927,#8928,#8929,#8930,#8931,#8932,#8933,#8934,
#8935),(#8936,#8937,#8938,#8939,#8940,#8941,#8942,#8943,#8944,#8945,#8946,
#8947,#8948,#8949,#8950),(#8951,#8952,#8953,#8954,#8955,#8956,#8957,#8958,
#8959,#8960,#8961,#8962,#8963,#8964,#8965),(#8966,#8967,#8968,#8969,#8970,
#8971,#8972,#8973,#8974,#8975,#8976,#8977,#8978,#8979,#8980),(#8981,#8982,
#8983,#8984,#8985,#8986,#8987,#8988,#8989,#8990,#8991,#8992,#8993,#8994,
#8995),(#8996,#8997,#8998,#8999,#9000,#9001,#9002,#9003,#9004,#9005,#9006,
#9007,#9008,#9009,#9010),(#9011,#9012,#9013,#9014,#9015,#9016,#9017,#9018,
#9019,#9020,#9021,#9022,#9023,#9024,#9025),(#9026,#9027,#9028,#9029,#9030,
#9031,#9032,#9033,#9034,#9035,#9036,#9037,#9038,#9039,#9040),(#9041,#9042,
#9043,#9044,#9045,#9046,#9047,#9048,#9049,#9050,#9051,#9052,#9053,#9054,
#9055),(#9056,#9057,#9058,#9059,#9060,#9061,#9062,#9063,#9064,#9065,#9066,
#9067,#9068,#9069,#9070),(#9071,#9072,#9073,#9074,#9075,#9076,#9077,#9078,
#9079,#9080,#9081,#9082,#9083,#9084,#9085),(#9086,#9087,#9088,#9089,#9090,
#9091,#9092,#9093,#9094,#9095,#9096,#9097,#9098,#9099,#9100),(#9101,#9102,
#9103,#9104,#9105,#9106,#9107,#9108,#9109,#9110,#9111,#9112,#9113,#9114,
#9115),(#9116,#9117,#9118,#9119,#9120,#9121,#9122,#9123,#9124,#9125,#9126,
#9127,#9128,#9129,#9130),(#9131,#9132,#9133,#9134,#9135,#9136,#9137,#9138,
#9139,#9140,#9141,#9142,#9143,#9144,#9145),(#9146,#9147,#9148,#9149,#9150,
#9151,#9152,#9153,#9154,#9155,#9156,#9157,#9158,#9159,#9160),(#9161,#9162,
#9163,#9164,#9165,#9166,#9167,#9168,#9169,#9170,#9171,#9172,#9173,#9174,
#9175),(#9176,#9177,#9178,#9179,#9180,#9181,#9182,#9183,#9184,#9185,#9186,
#9187,#9188,#9189,#9190),(#9191,#9192,#9193,#9194,#9195,#9196,#9197,#9198,
#9199,#9200,#9201,#9202,#9203,#9204,#9205),(#9206,#9207,#9208,#9209,#9210,
#9211,#9212,#9213,#9214,#9215,#9216,#9217,#9218,#9219,#9220),(#9221,#9222,
#9223,#9224,#9225,#9226,#9227,#9228,#9229,#9230,#9231,#9232,#9233,#9234,
#9235),(#9236,#9237,#9238,#9239,#9240,#9241,#9242,#9243,#9244,#9245,#9246,
#9247,#9248,#9249,#9250),(#9251,#9252,#9253,#9254,#9255,#9256,#9257,#9258,
#9259,#9260,#9261,#9262,#9263,#9264,#9265),(#9266,#9267,#9268,#9269,#9270,
#9271,#9272,#9273,#9274,#9275,#9276,#9277,#9278,#9279,#9280),(#9281,#9282,
#9283,#9284,#9285,#9286,#9287,#9288,#9289,#9290,#9291,#9292,#9293,#9294,
#9295),(#9296,#9297,#9298,#9299,#9300,#9301,#9302,#9303,#9304,#9305,#9306,
#9307,#9308,#9309,#9310),(#9311,#9312,#9313,#9314,#9315,#9316,#9317,#9318,
#9319,#9320,#9321,#9322,#9323,#9324,#9325),(#9326,#9327,#9328,#9329,#9330,
#9331,#9332,#9333,#9334,#9335,#9336,#9337,#9338,#9339,#9340),(#9341,#9342,
#9343,#9344,#9345,#9346,#9347,#9348,#9349,#9350,#9351,#9352,#9353,#9354,
#9355),(#9356,#9357,#9358,#9359,#9360,#9361,#9362,#9363,#9364,#9365,#9366,
#9367,#9368,#9369,#9370),(#9371,#9372,#9373,#9374,#9375,#9376,#9377,#9378,
#9379,#9380,#9381,#9382,#9383,#9384,#9385),(#9386,#9387,#9388,#9389,#9390,
#9391,#9392,#9393,#9394,#9395,#9396,#9397,#9398,#9399,#9400),(#9401,#9402,
#9403,#9404,#9405,#9406,#9407,#9408,#9409,#9410,#9411,#9412,#9413,#9414,
#9415),(#9416,#9417,#9418,#9419,#9420,#9421,#9422,#9423,#9424,#9425,#9426,
#9427,#9428,#9429,#9430),(#9431,#9432,#9433,#9434,#9435,#9436,#9437,#9438,
#9439,#9440,#9441,#9442,#9443,#9444,#9445),(#9446,#9447,#9448,#9449,#9450,
#9451,#9452,#9453,#9454,#9455,#9456,#9457,#9458,#9459,#9460),(#9461,#9462,
#9463,#9464,#9465,#9466,#9467,#9468,#9469,#9470,#9471,#9472,#9473,#9474,
#9475),(#9476,#9477,#9478,#9479,#9480,#9481,#9482,#9483,#9484,#9485,#9486,
#9487,#9488,#9489,#9490),(#9491,#9492,#9493,#9494,#9495,#9496,#9497,#9498,
#9499,#9500,#9501,#9502,#9503,#9504,#9505),(#9506,#9507,#9508,#9509,#9510,
#9511,#9512,#9513,#9514,#9515,#9516,#9517,#9518,#9519,#9520),(#9521,#9522,
#9523,#9524,#9525,#9526,#9527,#9528,#9529,#9530,#9531,#9532,#9533,#9534,
#9535),(#9536,#9537,#9538,#9539,#9540,#9541,#9542,#9543,#9544,#9545,#9546,
#9547,#9548,#9549,#9550),(#9551,#9552,#9553,#9554,#9555,#9556,#9557,#9558,
#9559,#9560,#9561,#9562,#9563,#9564,#9565),(#9566,#9567,#9568,#9569,#9570,
#9571,#9572,#9573,#9574,#9575,#9576,#9577,#9578,#9579,#9580),(#9581,#9582,
#9583,#9584,#9585,#9586,#9587,#9588,#9589,#9590,#9591,#9592,#9593,#9594,
#9595),(#9596,#9597,#9598,#9599,#9600,#9601,#9602,#9603,#9604,#9605,#9606,
#9607,#9608,#9609,#9610),(#9611,#9612,#9613,#9614,#9615,#9616,#9617,#9618,
#9619,#9620,#9621,#9622,#9623,#9624,#9625),(#9626,#9627,#9628,#9629,#9630,
#9631,#9632,#9633,#9634,#9635,#9636,#9637,#9638,#9639,#9640),(#9641,#9642,
#9643,#9644,#9645,#9646,#9647,#9648,#9649,#9650,#9651,#9652,#9653,#9654,
#9655),(#9656,#9657,#9658,#9659,#9660,#9661,#9662,#9663,#9664,#9665,#9666,
#9667,#9668,#9669,#9670),(#9671,#9672,#9673,#9674,#9675,#9676,#9677,#9678,
#9679,#9680,#9681,#9682,#9683,#9684,#9685),(#9686,#9687,#9688,#9689,#9690,
#9691,#9692,#9693,#9694,#9695,#9696,#9697,#9698,#9699,#9700),(#9701,#9702,
#9703,#9704,#9705,#9706,#9707,#9708,#9709,#9710,#9711,#9712,#9713,#9714,
#9715),(#9716,#9717,#9718,#9719,#9720,#9721,#9722,#9723,#9724,#9725,#9726,
#9727,#9728,#9729,#9730),(#9731,#9732,#9733,#9734,#9735,#9736,#9737,#9738,
#9739,#9740,#9741,#9742,#9743,#9744,#9745),(#9746,#9747,#9748,#9749,#9750,
#9751,#9752,#9753,#9754,#9755,#9756,#9757,#9758,#9759,#9760),(#9761,#9762,
#9763,#9764,#9765,#9766,#9767,#9768,#9769,#9770,#9771,#9772,#9773,#9774,
#9775),(#9776,#9777,#9778,#9779,#9780,#9781,#9782,#9783,#9784,#9785,#9786,
#9787,#9788,#9789,#9790),(#9791,#9792,#9793,#9794,#9795,#9796,#9797,#9798,
#9799,#9800,#9801,#9802,#9803,#9804,#9805),(#9806,#9807,#9808,#9809,#9810,
#9811,#9812,#9813,#9814,#9815,#9816,#9817,#9818,#9819,#9820),(#9821,#9822,
#9823,#9824,#9825,#9826,#9827,#9828,#9829,#9830,#9831,#9832,#9833,#9834,
#9835),(#9836,#9837,#9838,#9839,#9840,#9841,#9842,#9843,#9844,#9845,#9846,
#9847,#9848,#9849,#9850),(#9851,#9852,#9853,#9854,#9855,#9856,#9857,#9858,
#9859,#9860,#9861,#9862,#9863,#9864,#9865),(#9866,#9867,#9868,#9869,#9870,
#9871,#9872,#9873,#9874,#9875,#9876,#9877,#9878,#9879,#9880),(#9881,#9882,
#9883,#9884,#9885,#9886,#9887,#9888,#9889,#9890,#9891,#9892,#9893,#9894,
#9895),(#9896,#9897,#9898,#9899,#9900,#9901,#9902,#9903,#9904,#9905,#9906,
#9907,#9908,#9909,#9910),(#9911,#9912,#9913,#9914,#9915,#9916,#9917,#9918,
#9919,#9920,#9921,#9922,#9923,#9924,#9925),(#9926,#9927,#9928,#9929,#9930,
#9931,#9932,#9933,#9934,#9935,#9936,#9937,#9938,#9939,#9940),(#9941,#9942,
#9943,#9944,#9945,#9946,#9947,#9948,#9949,#9950,#9951,#9952,#9953,#9954,
#9955),(#9956,#9957,#9958,#9959,#9960,#9961,#9962,#9963,#9964,#9965,#9966,
#9967,#9968,#9969,#9970),(#9971,#9972,#9973,#9974,#9975,#9976,#9977,#9978,
#9979,#9980,#9981,#9982,#9983,#9984,#9985),(#9986,#9987,#9988,#9989,#9990,
#9991,#9992,#9993,#9994,#9995,#9996,#9997,#9998,#9999,#10000),(#10001,#10002,
#10003,#10004,#10005,#10006,#10007,#10008,#10009,#10010,#10011,#10012,#10013,
#10014,#10015),(#10016,#10017,#10018,#10019,#10020,#10021,#10022,#10023,
#10024,#10025,#10026,#10027,#10028,#10029,#10030),(#10031,#10032,#10033,
#10034,#10035,#10036,#10037,#10038,#10039,#10040,#10041,#10042,#10043,#10044,
#10045),(#10046,#10047,#10048,#10049,#10050,#10051,#10052,#10053,#10054,
#10055,#10056,#10057,#10058,#10059,#10060),(#10061,#10062,#10063,#10064,
#10065,#10066,#10067,#10068,#10069,#10070,#10071,#10072,#10073,#10074,#10075),
(#10076,#10077,#10078,#10079,#10080,#10081,#10082,#10083,#10084,#10085,
#10086,#10087,#10088,#10089,#10090),(#10091,#10092,#10093,#10094,#10095,
#10096,#10097,#10098,#10099,#10100,#10101,#10102,#10103,#10104,#10105),
(#10106,#10107,#10108,#10109,#10110,#10111,#10112,#10113,#10114,#10115,
#10116,#10117,#10118,#10119,#10120),(#10121,#10122,#10123,#10124,#10125,
#10126,#10127,#10128,#10129,#10130,#10131,#10132,#10133,#10134,#10135),
(#10136,#10137,#10138,#10139,#10140,#10141,#10142,#10143,#10144,#10145,
#10146,#10147,#10148,#10149,#10150),(#10151,#10152,#10153,#10154,#10155,
#10156,#10157,#10158,#10159,#10160,#10161,#10162,#10163,#10164,#10165),
(#10166,#10167,#10168,#10169,#10170,#10171,#10172,#10173,#10174,#10175,
#10176,#10177,#10178,#10179,#10180),(#10181,#10182,#10183,#10184,#10185,
#10186,#10187,#10188,#10189,#10190,#10191,#10192,#10193,#10194,#10195),
(#10196,#10197,#10198,#10199,#10200,#10201,#10202,#10203,#10204,#10205,
#10206,#10207,#10208,#10209,#10210),(#10211,#10212,#10213,#10214,#10215,
#10216,#10217,#10218,#10219,#10220,#10221,#10222,#10223,#10224,#10225),
(#10226,#10227,#10228,#10229,#10230,#10231,#10232,#10233,#10234,#10235,
#10236,#10237,#10238,#10239,#10240),(#10241,#10242,#10243,#10244,#10245,
#10246,#10247,#10248,#10249,#10250,#10251,#10252,#10253,#10254,#10255),
(#10256,#10257,#10258,#10259,#10260,#10261,#10262,#10263,#10264,#10265,
#10266,#10267,#10268,#10269,#10270),(#10271,#10272,#10273,#10274,#10275,
#10276,#10277,#10278,#10279,#10280,#10281,#10282,#10283,#10284,#10285),
(#10286,#10287,#10288,#10289,#10290,#10291,#10292,#10293,#10294,#10295,
#10296,#10297,#10298,#10299,#10300),(#10301,#10302,#10303,#10304,#10305,
#10306,#10307,#10308,#10309,#10310,#10311,#10312,#10313,#10314,#10315),
(#10316,#10317,#10318,#10319,#10320,#10321,#10322,#10323,#10324,#10325,
#10326,#10327,#10328,#10329,#10330),(#10331,#10332,#10333,#10334,#10335,
#10336,#10337,#10338,#10339,#10340,#10341,#10342,#10343,#10344,#10345),
(#10346,#10347,#10348,#10349,#10350,#10351,#10352,#10353,#10354,#10355,
#10356,#10357,#10358,#10359,#10360),(#10361,#10362,#10363,#10364,#10365,
#10366,#10367,#10368,#10369,#10370,#10371,#10372,#10373,#10374,#10375),
(#10376,#10377,#10378,#10379,#10380,#10381,#10382,#10383,#10384,#10385,
#10386,#10387,#10388,#10389,#10390),(#10391,#10392,#10393,#10394,#10395,
#10396,#10397,#10398,#10399,#10400,#10401,#10402,#10403,#10404,#10405),
(#10406,#10407,#10408,#10409,#10410,#10411,#10412,#10413,#10414,#10415,
#10416,#10417,#10418,#10419,#10420),(#10421,#10422,#10423,#10424,#10425,
#10426,#10427,#10428,#10429,#10430,#10431,#10432,#10433,#10434,#10435),
(#10436,#10437,#10438,#10439,#10440,#10441,#10442,#10443,#10444,#10445,
#10446,#10447,#10448,#10449,#10450),(#10451,#10452,#10453,#10454,#10455,
#10456,#10457,#10458,#10459,#10460,#10461,#10462,#10463,#10464,#10465),
(#10466,#10467,#10468,#10469,#10470,#10471,#10472,#10473,#10474,#10475,
#10476,#10477,#10478,#10479,#10480),(#10481,#10482,#10483,#10484,#10485,
#10486,#10487,#10488,#10489,#10490,#10491,#10492,#10493,#10494,#10495),
(#10496,#10497,#10498,#10499,#10500,#10501,#10502,#10503,#10504,#10505,
#10506,#10507,#10508,#10509,#10510),(#10511,#10512,#10513,#10514,#10515,
#10516,#10517,#10518,#10519,#10520,#10521,#10522,#10523,#10524,#10525),
(#10526,#10527,#10528,#10529,#10530,#10531,#10532,#10533,#10534,#10535,
#10536,#10537,#10538,#10539,#10540),(#10541,#10542,#10543,#10544,#10545,
#10546,#10547,#10548,#10549,#10550,#10551,#10552,#10553,#10554,#10555),
(#10556,#10557,#10558,#10559,#10560,#10561,#10562,#10563,#10564,#10565,
#10566,#10567,#10568,#10569,#10570),(#10571,#10572,#10573,#10574,#10575,
#10576,#10577,#10578,#10579,#10580,#10581,#10582,#10583,#10584,#10585),
(#10586,#10587,#10588,#10589,#10590,#10591,#10592,#10593,#10594,#10595,
#10596,#10597,#10598,#10599,#10600),(#10601,#10602,#10603,#10604,#10605,
#10606,#10607,#10608,#10609,#10610,#10611,#10612,#10613,#10614,#10615),
(#10616,#10617,#10618,#10619,#10620,#10621,#10622,#10623,#10624,#10625,
#10626,#10627,#10628,#10629,#10630),(#10631,#10632,#10633,#10634,#10635,
#10636,#10637,#10638,#10639,#10640,#10641,#10642,#10643,#10644,#10645),
(#10646,#10647,#10648,#10649,#10650,#10651,#10652,#10653,#10654,#10655,
#10656,#10657,#10658,#10659,#10660),(#10661,#10662,#10663,#10664,#10665,
#10666,#10667,#10668,#10669,#10670,#10671,#10672,#10673,#10674,#10675),
(#10676,#10677,#10678,#10679,#10680,#10681,#10682,#10683,#10684,#10685,
#10686,#10687,#10688,#10689,#10690),(#10691,#10692,#10693,#10694,#10695,
#10696,#10697,#10698,#10699,#10700,#10701,#10702,#10703,#10704,#10705),
(#10706,#10707,#10708,#10709,#10710,#10711,#10712,#10713,#10714,#10715,
#10716,#10717,#10718,#10719,#10720),(#10721,#10722,#10723,#10724,#10725,
#10726,#10727,#10728,#10729,#10730,#10731,#10732,#10733,#10734,#10735),
(#10736,#10737,#10738,#10739,#10740,#10741,#10742,#10743,#10744,#10745,
#10746,#10747,#10748,#10749,#10750),(#10751,#10752,#10753,#10754,#10755,
#10756,#10757,#10758,#10759,#10760,#10761,#10762,#10763,#10764,#10765),
(#10766,#10767,#10768,#10769,#10770,#10771,#10772,#10773,#10774,#10775,
#10776,#10777,#10778,#10779,#10780),(#10781,#10782,#10783,#10784,#10785,
#10786,#10787,#10788,#10789,#10790,#10791,#10792,#10793,#10794,#10795),
(#10796,#10797,#10798,#10799,#10800,#10801,#10802,#10803,#10804,#10805,
#10806,#10807,#10808,#10809,#10810),(#10811,#10812,#10813,#10814,#10815,
#10816,#10817,#10818,#10819,#10820,#10821,#10822,#10823,#10824,#10825),
(#10826,#10827,#10828,#10829,#10830,#10831,#10832,#10833,#10834,#10835,
#10836,#10837,#10838,#10839,#10840),(#10841,#10842,#10843,#10844,#10845,
#10846,#10847,#10848,#10849,#10850,#10851,#10852,#10853,#10854,#10855),
(#10856,#10857,#10858,#10859,#10860,#10861,#10862,#10863,#10864,#10865,
#10866,#10867,#10868,#10869,#10870),(#10871,#10872,#10873,#10874,#10875,
#10876,#10877,#10878,#10879,#10880,#10881,#10882,#10883,#10884,#10885),
(#10886,#10887,#10888,#10889,#10890,#10891,#10892,#10893,#10894,#10895,
#10896,#10897,#10898,#10899,#10900),(#10901,#10902,#10903,#10904,#10905,
#10906,#10907,#10908,#10909,#10910,#10911,#10912,#10913,#10914,#10915),
(#10916,#10917,#10918,#10919,#10920,#10921,#10922,#10923,#10924,#10925,
#10926,#10927,#10928,#10929,#10930),(#10931,#10932,#10933,#10934,#10935,
#10936,#10937,#10938,#10939,#10940,#10941,#10942,#10943,#10944,#10945),
(#10946,#10947,#10948,#10949,#10950,#10951,#10952,#10953,#10954,#10955,
#10956,#10957,#10958,#10959,#10960),(#10961,#10962,#10963,#10964,#10965,
#10966,#10967,#10968,#10969,#10970,#10971,#10972,#10973,#10974,#10975),
(#10976,#10977,#10978,#10979,#10980,#10981,#10982,#10983,#10984,#10985,
#10986,#10987,#10988,#10989,#10990),(#10991,#10992,#10993,#10994,#10995,
#10996,#10997,#10998,#10999,#11000,#11001,#11002,#11003,#11004,#11005),
(#11006,#11007,#11008,#11009,#11010,#11011,#11012,#11013,#11014,#11015,
#11016,#11017,#11018,#11019,#11020),(#11021,#11022,#11023,#11024,#11025,
#11026,#11027,#11028,#11029,#11030,#11031,#11032,#11033,#11034,#11035)),
 .UNSPECIFIED.,.T.,.F.,.F.,(1,1,1,1,1,1,1,1,1,1,1,1,1,1,1,1,1,1,1,1,1,1,
1,1,1,1,1,1,1,1,1,1,1,1,1,1,1,1,1,1,1,1,1,1,1,1,1,1,1,1,1,1,1,1,1,1,1,1,
1,1,1,1,1,1,1,1,1,1,1,1,1,1,1,1,1,1,1,1,1,1,1,1,1,1,1,1,1,1,1,1,1,1,1,1,
1,1,1,1,1,1,1,1,1,1,1,1,1,1,1,1,1,1,1,1,1,1,1,1,1,1,1,1,1,1,1,1,1,1,1,1,
1,1,1,1,1,1,1,1,1,1,1,1,1,1,1,1,1,1,1,1,1,1,1,1,1,1,1,1,1,1,1,1,1,1,1,1,
1,1,1,1,1,1,1,1,1,1,1,1,1,1,1,1,1,1,1,1,1,1,1,1,1,1,1,1,1,1,1,1,1,1,1,1),
(4,1,1,1,1,1,1,1,1,1,1,1,4),(-0.00390625,-0.001953125,-0.0009765625,0.,
0.0009765625,0.001953125,0.00390625,0.0078125,0.01171875,0.015625,0.0234375,
0.03125,0.046875,0.0625,0.078125,0.09375,0.125,0.140625,0.15625,0.171875,
0.1796875,0.1875,0.1953125,0.19921875,0.203125,0.205078125,0.2060546875,
0.20703125,0.208984375,0.2109375,0.21484375,0.21875,0.2265625,0.234375,
0.23828125,0.2421875,0.24609375,0.25,0.2578125,0.265625,0.2734375,0.275390625,
0.27734375,0.2783203125,0.279296875,0.28125,0.28515625,0.2890625,0.296875,
0.3046875,0.30859375,0.3125,0.31640625,0.318359375,0.3203125,0.3212890625,
0.322265625,0.32421875,0.328125,0.3359375,0.34375,0.3515625,0.359375,0.36328125,
0.3642578125,0.365234375,0.3671875,0.37109375,0.375,0.3828125,0.390625,
0.39453125,0.3984375,0.400390625,0.40234375,0.404296875,0.40625,0.41015625,
0.4140625,0.421875,0.4296875,0.4375,0.4453125,0.453125,0.4609375,0.46484375,
0.46875,0.470703125,0.4716796875,0.47265625,0.474609375,0.4765625,0.48046875,
0.484375,0.4921875,0.5,0.5078125,0.51171875,0.515625,0.517578125,0.5185546875,
0.51953125,0.52001953125,0.5205078125,0.521484375,0.5234375,0.52734375,
0.53125,0.5390625,0.546875,0.5625,0.578125,0.59375,0.609375,0.625,0.640625,
0.65625,0.6640625,0.671875,0.6796875,0.68359375,0.6845703125,0.685546875,
0.68603515625,0.6865234375,0.6875,0.689453125,0.69140625,0.6953125,0.69921875,
0.703125,0.7109375,0.71875,0.7265625,0.73046875,0.732421875,0.7333984375,
0.734375,0.736328125,0.73828125,0.7421875,0.74609375,0.75,0.7578125,0.765625,
0.7734375,0.78125,0.7890625,0.796875,0.80078125,0.802734375,0.8037109375,
0.8046875,0.806640625,0.80859375,0.8125,0.8203125,0.828125,0.8359375,0.83984375,
0.841796875,0.84375,0.84765625,0.8515625,0.859375,0.8671875,0.875,0.87890625,
0.8828125,0.884765625,0.88671875,0.890625,0.8984375,0.90625,0.9140625,0.91796875,
0.921875,0.92578125,0.9267578125,0.927734375,0.9287109375,0.9296875,0.93359375,
0.9375,0.9453125,0.953125,0.95703125,0.958984375,0.9609375,0.96484375,0.96875,
0.9765625,0.984375,0.98828125,0.9921875,0.99609375,0.998046875,0.9990234375,
1.,1.0009765625,1.001953125,1.00390625),(-1.24828261229683E-15,0.0709616528318483,
0.121648547711741,0.182472821567612,0.26357185337544,0.364945643135225,
0.486594190846967,0.608242738558709,0.709616528318494,0.790715560126322,
0.851539833982193,0.902226728862085,0.973188381693935),.UNSPECIFIED.);
#42=B_SPLINE_CURVE_WITH_KNOTS('',3,(#3813,#3814,#3815,#3816,#3817),
 .UNSPECIFIED.,.F.,.F.,(4,1,4),(0.,0.5,1.),.UNSPECIFIED.);
#43=B_SPLINE_CURVE_WITH_KNOTS('',3,(#3831,#3832,#3833,#3834,#3835,#3836,
#3837,#3838,#3839,#3840,#3841),.UNSPECIFIED.,.F.,.F.,(4,1,1,1,1,1,1,1,4),
(0.,0.0001237914028956,0.000247582805791201,0.000495165611582402,0.000990331223164804,
0.00148549683474721,0.00198066244632961,0.00297099366949441,0.00396132489265922),
 .UNSPECIFIED.);
#44=B_SPLINE_CURVE_WITH_KNOTS('',3,(#3845,#3846,#3847,#3848),
 .UNSPECIFIED.,.F.,.F.,(4,4),(0.,0.00333196450302535),.UNSPECIFIED.);
#45=B_SPLINE_CURVE_WITH_KNOTS('',3,(#3856,#3857,#3858,#3859,#3860,#3861,
#3862,#3863,#3864,#3865,#3866,#3867),.UNSPECIFIED.,.F.,.F.,(4,1,1,1,1,1,
1,1,1,4),(0.,0.00112558271391038,0.00225116542782075,0.00337674814173113,
0.00393953949868632,0.0045023308556415,0.00562791356955188,0.00675349628346226,
0.00787907899737263,0.00900466171128301),.UNSPECIFIED.);
#46=B_SPLINE_CURVE_WITH_KNOTS('',3,(#3871,#3872,#3873,#3874),
 .UNSPECIFIED.,.F.,.F.,(4,4),(0.000484384456857368,0.00210652875269623),
 .UNSPECIFIED.);
#47=B_SPLINE_CURVE_WITH_KNOTS('',3,(#3875,#3876,#3877,#3878,#3879,#3880),
 .UNSPECIFIED.,.F.,.F.,(4,1,1,4),(0.00630246299368193,0.00719496051333124,
0.00808745803298055,0.00987245307227918),.UNSPECIFIED.);
#48=B_SPLINE_CURVE_WITH_KNOTS('',3,(#3900,#3901,#3902,#3903,#3904,#3905,
#3906,#3907,#3908,#3909,#3910),.UNSPECIFIED.,.F.,.F.,(4,1,1,1,1,1,1,1,4),
(0.,0.00360237342981239,0.00720474685962477,0.0108071202894372,0.0144094937192495,
0.0180118671490619,0.0216142405788743,0.0252166140086867,0.0288189874384991),
 .UNSPECIFIED.);
#49=B_SPLINE_CURVE_WITH_KNOTS('',3,(#7095,#7096,#7097,#7098),
 .UNSPECIFIED.,.F.,.F.,(4,4),(0.000178604106827394,0.000231802391284104),
 .UNSPECIFIED.);
#50=B_SPLINE_CURVE_WITH_KNOTS('',3,(#7101,#7102,#7103,#7104,#7105,#7106,
#7107,#7108,#7109),.UNSPECIFIED.,.F.,.F.,(4,1,1,1,1,1,4),(0.,0.00322187259996384,
0.00644374519992769,0.00805468149990961,0.00966561779989153,0.0112765540998735,
0.0128874903998554),.UNSPECIFIED.);
#51=B_SPLINE_CURVE_WITH_KNOTS('',3,(#7111,#7112,#7113,#7114,#7115),
 .UNSPECIFIED.,.F.,.F.,(4,1,4),(3.65940318147201E-17,0.00266363990389293,
0.00532727980778583),.UNSPECIFIED.);
#52=B_SPLINE_CURVE_WITH_KNOTS('',3,(#7117,#7118,#7119,#7120,#7121,#7122,
#7123,#7124,#7125,#7126),.UNSPECIFIED.,.F.,.F.,(4,1,1,1,1,1,1,4),(1.15186161310746E-16,
0.00316024418051923,0.00474036627077878,0.00632048836103834,0.00790061045129789,
0.00948073254155745,0.011060854631817,0.0126409767220766),.UNSPECIFIED.);
#53=B_SPLINE_CURVE_WITH_KNOTS('',3,(#7128,#7129,#7130,#7131,#7132,#7133,
#7134,#7135,#7136,#7137),.UNSPECIFIED.,.F.,.F.,(4,1,1,1,1,1,1,4),(1.39857877853494E-17,
0.00149220960778835,0.00298441921557668,0.00373052401947085,0.00447662882336502,
0.00522273362725918,0.00559578602920627,0.00596883843115335),
 .UNSPECIFIED.);
#54=B_SPLINE_CURVE_WITH_KNOTS('',3,(#7139,#7140,#7141,#7142,#7143,#7144,
#7145,#7146,#7147,#7148),.UNSPECIFIED.,.F.,.F.,(4,1,1,1,1,1,1,4),(3.5381555418773E-17,
0.00459564156013233,0.00919128312026462,0.0114891039003308,0.0137869246803969,
0.0160847454604631,0.0172336558504961,0.0183825662405292),.UNSPECIFIED.);
#55=B_SPLINE_CURVE_WITH_KNOTS('',3,(#7149,#7150,#7151,#7152,#7153,#7154,
#7155,#7156,#7157,#7158),.UNSPECIFIED.,.F.,.F.,(4,1,1,1,1,1,1,4),(0.00592239178110457,
0.00731238655481284,0.00870238132852112,0.0100923761022294,0.0114823708759377,
0.0128723656496459,0.0142623604233542,0.0170423499707708),.UNSPECIFIED.);
#56=B_SPLINE_CURVE_WITH_KNOTS('',3,(#7160,#7161,#7162,#7163),
 .UNSPECIFIED.,.F.,.F.,(4,4),(0.,0.00122291343637025),.UNSPECIFIED.);
#57=B_SPLINE_CURVE_WITH_KNOTS('',3,(#7165,#7166,#7167,#7168,#7169,#7170,
#7171,#7172),.UNSPECIFIED.,.F.,.F.,(4,1,1,1,1,4),(-0.00114459165605734,
0.00249982601912212,0.00614424369430158,0.00978866136948104,0.0116108702070708,
0.0134330790446605),.UNSPECIFIED.);
#58=B_SPLINE_CURVE_WITH_KNOTS('',3,(#7174,#7175,#7176,#7177,#7178,#7179,
#7180,#7181,#7182,#7183,#7184,#7185),.UNSPECIFIED.,.F.,.F.,(4,1,1,1,1,1,
1,1,1,4),(0.,0.00402250165377641,0.00603375248066462,0.00804500330755283,
0.00905062872099693,0.010056254134441,0.0110618795478851,0.0120675049613292,
0.0140787557882174,0.0160900066151057),.UNSPECIFIED.);
#59=B_SPLINE_CURVE_WITH_KNOTS('',3,(#7218,#7219,#7220,#7221,#7222,#7223,
#7224),.UNSPECIFIED.,.F.,.F.,(4,1,1,1,4),(-0.00121008404613835,0.00391047714799406,
0.00903103834212647,0.0141515995362589,0.0192721607303913),
 .UNSPECIFIED.);
#60=B_SPLINE_CURVE_WITH_KNOTS('',3,(#7226,#7227,#7228,#7229,#7230,#7231,
#7232,#7233),.UNSPECIFIED.,.F.,.F.,(4,1,1,1,1,4),(0.0110105757486648,0.0128718971146371,
0.0147332184806093,0.0165945398465816,0.0175252005295677,0.0184558612125538),
 .UNSPECIFIED.);
#61=B_SPLINE_CURVE_WITH_KNOTS('',3,(#7299,#7300,#7301,#7302),
 .UNSPECIFIED.,.F.,.F.,(4,4),(0.520023006182106,0.596223262538872),
 .UNSPECIFIED.);
#62=B_SPLINE_CURVE_WITH_KNOTS('',3,(#7310,#7311,#7312,#7313,#7314,#7315,
#7316,#7317,#7318),.UNSPECIFIED.,.F.,.F.,(4,1,1,1,1,1,4),(0.663188609492425,
0.668881122482543,0.67457363547266,0.680266148462778,0.683112404957836,
0.684535533205366,0.685958661452895),.UNSPECIFIED.);
#63=B_SPLINE_CURVE_WITH_KNOTS('',3,(#7405,#7406,#7407,#7408,#7409,#7410,
#7411,#7412,#7413,#7414,#7415,#7416,#7417,#7418,#7419,#7420,#7421,#7422,
#7423,#7424,#7425,#7426),.UNSPECIFIED.,.T.,.F.,(1,1,1,1,1,1,1,1,1,1,1,1,
1,1,1,1,1,1,1,1,1,1,1,1,1,1),(-0.00531072352610257,-0.00354048235073504,
-0.00177024117536752,0.,0.00354048235073504,0.00708096470147009,0.0106214470522051,
0.0141619294029402,0.0177024117536752,0.0212428941044103,0.0247833764551453,
0.0283238588058804,0.0318643411566154,0.0354048235073504,0.037175064682718,
0.0389453058580855,0.0424857882088205,0.0460262705595556,0.0495667529102906,
0.0513369940856581,0.0531072352610257,0.0548774764363932,0.0566477176117607,
0.0601881999624958,0.0637286823132308,0.0672691646639658),.UNSPECIFIED.);
#64=B_SPLINE_CURVE_WITH_KNOTS('',3,(#7458,#7459,#7460,#7461,#7462,#7463,
#7464,#7465,#7466,#7467,#7468),.UNSPECIFIED.,.F.,.F.,(4,1,1,1,1,1,1,1,4),
(0.733730380230272,0.751265414249598,0.768800448268923,0.777567965278586,
0.786335482288249,0.795102999297912,0.799486757802744,0.801678637055159,
0.803870516307575),.UNSPECIFIED.);
#65=B_SPLINE_CURVE_WITH_KNOTS('',3,(#7480,#7481,#7482,#7483,#7484),
 .UNSPECIFIED.,.F.,.F.,(4,1,4),(0.,0.5,1.),.UNSPECIFIED.);
#66=B_SPLINE_CURVE_WITH_KNOTS('',3,(#7495,#7496,#7497,#7498,#7499,#7500,
#7501,#7502,#7503,#7504,#7505,#7506,#7507),.UNSPECIFIED.,.F.,.F.,(4,1,1,
1,1,1,1,1,1,1,4),(0.402111151327426,0.419646185346751,0.437181219366077,
0.44594873637574,0.454716253385403,0.459100011890234,0.463483770395065,
0.467867528899897,0.470059408152312,0.47115534777852,0.472251287404728),
 .UNSPECIFIED.);
#67=B_SPLINE_CURVE_WITH_KNOTS('',3,(#7513,#7514,#7515,#7516),
 .UNSPECIFIED.,.F.,.F.,(4,4),(0.,1.),.UNSPECIFIED.);
#68=B_SPLINE_CURVE_WITH_KNOTS('',3,(#7523,#7524,#7525,#7526,#7527,#7528,
#7529,#7530,#7531),.UNSPECIFIED.,.F.,.F.,(4,1,1,1,1,1,4),(0.320943816386167,
0.331791963052087,0.342640109718008,0.353488256383928,0.358912329716887,
0.361624366383367,0.364336403049847),.UNSPECIFIED.);
#69=B_SPLINE_CURVE_WITH_KNOTS('',3,(#7535,#7536,#7537,#7538),
 .UNSPECIFIED.,.F.,.F.,(4,4),(0.,1.),.UNSPECIFIED.);
#70=B_SPLINE_CURVE_WITH_KNOTS('',3,(#7546,#7547,#7548,#7549,#7550),
 .UNSPECIFIED.,.F.,.F.,(4,1,4),(0.248754901162471,0.263462742010581,0.278170582858692),
 .UNSPECIFIED.);
#71=B_SPLINE_CURVE_WITH_KNOTS('',3,(#7556,#7557,#7558,#7559),
 .UNSPECIFIED.,.F.,.F.,(4,4),(0.,1.),.UNSPECIFIED.);
#72=B_SPLINE_CURVE_WITH_KNOTS('',3,(#7576,#7577,#7578,#7579,#7580,#7581,
#7582,#7583,#7584,#7585,#7586,#7587,#7588,#7589,#7590,#7591,#7592),
 .UNSPECIFIED.,.F.,.F.,(4,1,1,1,1,1,1,1,1,1,1,1,1,1,4),(0.,0.0514954169087501,
0.0772431253631252,0.1029908338175,0.128738542271875,0.141612396499063,
0.15448625072625,0.167360104953438,0.180233959180625,0.186670886294219,
0.193107813407813,0.199544740521407,0.202763204078204,0.204372435856602,
0.205981667635001),.UNSPECIFIED.);
#73=B_SPLINE_CURVE_WITH_KNOTS('',3,(#7601,#7602,#7603,#7604),
 .UNSPECIFIED.,.F.,.F.,(4,4),(0.,1.),.UNSPECIFIED.);
#74=B_SPLINE_CURVE_WITH_KNOTS('',3,(#7611,#7612,#7613,#7614,#7615,#7616),
 .UNSPECIFIED.,.F.,.F.,(4,1,1,4),(0.927811084776307,0.942518925624411,0.949872846048463,
0.957226766472515),.UNSPECIFIED.);
#75=B_SPLINE_CURVE_WITH_KNOTS('',3,(#7620,#7621,#7622,#7623),
 .UNSPECIFIED.,.F.,.F.,(4,4),(0.,1.),.UNSPECIFIED.);
#76=B_SPLINE_CURVE_WITH_KNOTS('',3,(#7631,#7632,#7633,#7634,#7635,#7636,
#7637,#7638,#7639,#7640,#7641),.UNSPECIFIED.,.F.,.F.,(4,1,1,1,1,1,1,1,4),
(0.841645264585152,0.852493411251072,0.863341557916992,0.868765631249952,
0.874189704582912,0.879613777915872,0.882325814582352,0.883681832915592,
0.885037851248832),.UNSPECIFIED.);
#77=B_SPLINE_CURVE_WITH_KNOTS('',3,(#7644,#7645,#7646,#7647),
 .UNSPECIFIED.,.F.,.F.,(4,4),(0.,1.),.UNSPECIFIED.);
#78=B_SPLINE_CURVE_WITH_KNOTS('',3,(#7669,#7670,#7671,#7672,#7673,#7674,
#7675),.UNSPECIFIED.,.F.,.F.,(4,1,1,1,4),(0.00724861261365962,0.0118352414929524,
0.0164218703722451,0.0210084992515379,0.0255951281308307),.UNSPECIFIED.);
#79=B_SPLINE_CURVE_WITH_KNOTS('',3,(#7681,#7682,#7683,#7684,#7685,#7686,
#7687,#7688),.UNSPECIFIED.,.F.,.F.,(4,1,1,1,1,4),(0.,0.000693039852839723,
0.00138607970567945,0.00207911955851917,0.00242563948493903,0.00277215941135889),
 .UNSPECIFIED.);
#80=B_SPLINE_CURVE_WITH_KNOTS('',3,(#7694,#7695,#7696,#7697,#7698,#7699,
#7700,#7701,#7702,#7703,#7704,#7705,#7706,#7707),.UNSPECIFIED.,.F.,.F.,
(4,1,1,1,1,1,1,1,1,1,1,4),(4.77048955893622E-18,0.00302810825018616,0.00605621650037231,
0.00757027062546539,0.00908432475055846,0.009841351813105,0.0105983788756515,
0.0121124330007446,0.0151405412509308,0.0181686495011169,0.0211967577513031,
0.0242248660014892),.UNSPECIFIED.);
#81=B_SPLINE_CURVE_WITH_KNOTS('',3,(#7713,#7714,#7715,#7716,#7717),
 .UNSPECIFIED.,.F.,.F.,(4,1,4),(3.92523114670944E-17,0.000864414762637892,
0.00172882952527574),.UNSPECIFIED.);
#82=B_SPLINE_CURVE_WITH_KNOTS('',3,(#7723,#7724,#7725,#7726,#7727,#7728,
#7729,#7730,#7731,#7732,#7733,#7734),.UNSPECIFIED.,.F.,.F.,(4,1,1,1,1,1,
1,1,1,4),(0.00441717494957333,0.00616853928222924,0.00791990361488516,0.00879558578121311,
0.00967126794754107,0.010546950113869,0.011422632280197,0.0131739966128529,
0.0149253609455088,0.0184280896108206),.UNSPECIFIED.);
#83=B_SPLINE_CURVE_WITH_KNOTS('',3,(#7858,#7859,#7860,#7861,#7862,#7863,
#7864,#7865,#7866,#7867,#7868,#7869,#7870,#7871,#7872,#7873,#7874,#7875,
#7876,#7877,#7878,#7879,#7880,#7881,#7882),.UNSPECIFIED.,.F.,.F.,(4,1,1,
1,1,1,1,1,1,1,1,1,1,1,1,1,1,1,1,1,1,1,4),(-0.0384494878030656,-0.0370322189785924,
-0.0356149501541191,-0.0341976813296458,-0.0327804125051725,-0.0313631436806992,
-0.029945874856226,-0.0271113372072794,-0.0242767995583329,-0.0214422619093863,
-0.0186077242604398,-0.0157731866114932,-0.0129386489625466,-0.0101041113136001,
-0.00726957366465353,-0.00443503601570698,-0.00160049836676043,-0.000183229542287149,
0.00123403928218613,0.00265130810665941,0.00406857693113268,0.00548584575560596,
0.00690311458007924),.UNSPECIFIED.);
#84=B_SPLINE_CURVE_WITH_KNOTS('',3,(#7885,#7886,#7887,#7888,#7889),
 .UNSPECIFIED.,.F.,.F.,(4,1,4),(-5.99999999903238E-8,0.0030075962417317,
0.0060152524834634),.UNSPECIFIED.);
#85=B_SPLINE_CURVE_WITH_KNOTS('',3,(#7899,#7900,#7901,#7902,#7903,#7904,
#7905,#7906,#7907,#7908,#7909,#7910,#7911,#7912,#7913,#7914,#7915),
 .UNSPECIFIED.,.T.,.F.,(1,1,1,1,1,1,1,1,1,1,1,1,1,1,1,1,1,1,1,1,1),(-0.00285795800619822,
-0.00190530533746548,-0.000952652668732739,0.,0.00190530533746548,0.00285795800619822,
0.00381061067493096,0.0047632633436637,0.00571591601239644,0.00666856868112918,
0.00762122134986191,0.00952652668732739,0.0104791793560601,0.0114318320247929,
0.0123844846935256,0.0133371373622584,0.0142897900309911,0.0152424426997238,
0.0171477480371893,0.018100400705922,0.0190530533746548),.UNSPECIFIED.);
#86=B_SPLINE_CURVE_WITH_KNOTS('',3,(#11125,#11126,#11127,#11128,#11129),
 .UNSPECIFIED.,.F.,.F.,(4,1,4),(0.00187951303079726,0.00268966018832072,
0.00349980734584417),.UNSPECIFIED.);
#87=B_SPLINE_CURVE_WITH_KNOTS('',3,(#11131,#11132,#11133,#11134,#11135),
 .UNSPECIFIED.,.F.,.F.,(4,1,4),(0.013200704061934,0.01384739830888,0.0144940925558259),
 .UNSPECIFIED.);
#88=B_SPLINE_CURVE_WITH_KNOTS('',3,(#11146,#11147,#11148,#11149,#11150),
 .UNSPECIFIED.,.F.,.F.,(4,1,4),(0.,0.000637852742914683,0.00127570548582937),
 .UNSPECIFIED.);
#89=B_SPLINE_CURVE_WITH_KNOTS('',3,(#11152,#11153,#11154,#11155,#11156),
 .UNSPECIFIED.,.F.,.F.,(4,1,4),(0.00187951303079484,0.00268966018831729,
0.00349980734583974),.UNSPECIFIED.);
#90=B_SPLINE_CURVE_WITH_KNOTS('',3,(#11171,#11172,#11173,#11174),
 .UNSPECIFIED.,.F.,.F.,(4,4),(0.00142999691214527,0.00216207888331346),
 .UNSPECIFIED.);
#91=B_SPLINE_CURVE_WITH_KNOTS('',3,(#11192,#11193,#11194,#11195),
 .UNSPECIFIED.,.F.,.F.,(4,4),(0.00142999691214525,0.0021620788833133),
 .UNSPECIFIED.);
#92=CYLINDRICAL_SURFACE('',#2666,0.0088);
#93=CYLINDRICAL_SURFACE('',#2668,0.003);
#94=CYLINDRICAL_SURFACE('',#2671,0.0015);
#95=CYLINDRICAL_SURFACE('',#2673,0.00375);
#96=CYLINDRICAL_SURFACE('',#2676,0.00215);
#97=CYLINDRICAL_SURFACE('',#2713,0.00919999456521579);
#98=CYLINDRICAL_SURFACE('',#2716,0.003);
#99=CYLINDRICAL_SURFACE('',#2718,0.00375);
#100=CYLINDRICAL_SURFACE('',#2720,0.003);
#101=CYLINDRICAL_SURFACE('',#2722,0.00215);
#102=CYLINDRICAL_SURFACE('',#2725,0.00919999456521579);
#103=CYLINDRICAL_SURFACE('',#2764,0.01);
#104=CYLINDRICAL_SURFACE('',#2765,0.01);
#105=CYLINDRICAL_SURFACE('',#2767,0.01);
#106=CYLINDRICAL_SURFACE('',#2769,0.01);
#107=CYLINDRICAL_SURFACE('',#2771,0.01);
#108=CYLINDRICAL_SURFACE('',#2772,0.01);
#109=CYLINDRICAL_SURFACE('',#2774,0.01);
#110=CYLINDRICAL_SURFACE('',#2776,0.01);
#111=CYLINDRICAL_SURFACE('',#2778,0.0088);
#112=CYLINDRICAL_SURFACE('',#2781,0.0088);
#113=CYLINDRICAL_SURFACE('',#2784,0.0088);
#114=CYLINDRICAL_SURFACE('',#2786,0.0088);
#115=CYLINDRICAL_SURFACE('',#2791,0.0088);
#116=CYLINDRICAL_SURFACE('',#2794,0.0088);
#117=CYLINDRICAL_SURFACE('',#2796,0.0088);
#118=CYLINDRICAL_SURFACE('',#2799,0.00919999456521579);
#119=CYLINDRICAL_SURFACE('',#2805,0.001);
#120=CYLINDRICAL_SURFACE('',#2808,0.001);
#121=CYLINDRICAL_SURFACE('',#2818,0.001);
#122=CYLINDRICAL_SURFACE('',#2819,0.0025);
#123=CYLINDRICAL_SURFACE('',#2821,0.001);
#124=CYLINDRICAL_SURFACE('',#2825,0.0092);
#125=CYLINDRICAL_SURFACE('',#2827,0.003);
#126=CYLINDRICAL_SURFACE('',#2829,0.00215);
#127=CYLINDRICAL_SURFACE('',#2834,0.0236703483648635);
#128=CYLINDRICAL_SURFACE('',#2836,0.00375);
#129=CYLINDRICAL_SURFACE('',#2837,0.0032);
#130=CYLINDRICAL_SURFACE('',#2843,0.0032);
#131=CYLINDRICAL_SURFACE('',#2849,0.0032);
#132=CYLINDRICAL_SURFACE('',#2855,0.0032);
#133=CYLINDRICAL_SURFACE('',#2861,0.0032);
#134=CYLINDRICAL_SURFACE('',#2867,0.0032);
#135=CYLINDRICAL_SURFACE('',#2873,0.001);
#136=CYLINDRICAL_SURFACE('',#2876,0.001);
#137=CYLINDRICAL_SURFACE('',#2877,0.001);
#138=CYLINDRICAL_SURFACE('',#2881,0.001);
#139=CYLINDRICAL_SURFACE('',#2882,0.001);
#140=CYLINDRICAL_SURFACE('',#2885,0.001);
#141=CYLINDRICAL_SURFACE('',#2886,0.001);
#142=CYLINDRICAL_SURFACE('',#2890,0.001);
#143=CYLINDRICAL_SURFACE('',#2891,0.001);
#144=CYLINDRICAL_SURFACE('',#2893,0.001);
#145=CYLINDRICAL_SURFACE('',#2895,0.001);
#146=CYLINDRICAL_SURFACE('',#2899,0.001);
#147=CYLINDRICAL_SURFACE('',#2900,0.001);
#148=CYLINDRICAL_SURFACE('',#2902,0.001);
#149=CYLINDRICAL_SURFACE('',#2906,0.001);
#150=CYLINDRICAL_SURFACE('',#2908,0.001);
#151=CYLINDRICAL_SURFACE('',#2909,0.001);
#152=CYLINDRICAL_SURFACE('',#2911,0.001);
#153=CYLINDRICAL_SURFACE('',#2915,0.001);
#154=CYLINDRICAL_SURFACE('',#2917,0.001);
#155=CYLINDRICAL_SURFACE('',#2918,0.001);
#156=CYLINDRICAL_SURFACE('',#2920,0.001);
#157=CYLINDRICAL_SURFACE('',#2924,0.001);
#158=CYLINDRICAL_SURFACE('',#2926,0.001);
#159=CYLINDRICAL_SURFACE('',#2927,0.0025);
#160=CYLINDRICAL_SURFACE('',#2930,0.005);
#161=CYLINDRICAL_SURFACE('',#2931,0.004);
#162=CYLINDRICAL_SURFACE('',#2935,0.004);
#163=CYLINDRICAL_SURFACE('',#2939,0.004);
#164=CYLINDRICAL_SURFACE('',#2940,0.002);
#165=CYLINDRICAL_SURFACE('',#2945,0.002);
#166=CYLINDRICAL_SURFACE('',#2950,0.002);
#167=CYLINDRICAL_SURFACE('',#2955,0.002);
#168=CYLINDRICAL_SURFACE('',#2960,0.002);
#169=CYLINDRICAL_SURFACE('',#2965,0.002);
#170=CIRCLE('',#2659,0.005);
#171=CIRCLE('',#2660,0.0025);
#172=CIRCLE('',#2662,0.00818424319433222);
#173=CIRCLE('',#2663,0.00818424319433223);
#174=CIRCLE('',#2664,0.005);
#175=CIRCLE('',#2665,0.0025);
#176=CIRCLE('',#2667,0.0088);
#177=CIRCLE('',#2669,0.003);
#178=CIRCLE('',#2670,0.003);
#179=CIRCLE('',#2672,0.0015);
#180=CIRCLE('',#2674,0.00375);
#181=CIRCLE('',#2675,0.00375);
#182=CIRCLE('',#2677,0.00215);
#183=CIRCLE('',#2678,0.00215);
#184=CIRCLE('',#2681,0.00919999456521579);
#185=CIRCLE('',#2682,0.003);
#186=CIRCLE('',#2683,0.00375);
#187=CIRCLE('',#2684,0.003);
#188=CIRCLE('',#2685,0.00919999456521579);
#189=CIRCLE('',#2686,0.0025);
#190=CIRCLE('',#2687,0.00215);
#191=CIRCLE('',#2688,0.0092);
#192=CIRCLE('',#2689,0.0092000000000001);
#193=CIRCLE('',#2690,0.0092);
#194=CIRCLE('',#2691,0.00919999999999984);
#195=CIRCLE('',#2692,0.0092);
#196=CIRCLE('',#2693,0.0092);
#197=CIRCLE('',#2694,0.00920000000000023);
#198=CIRCLE('',#2695,0.00919999999999985);
#199=CIRCLE('',#2696,0.00920000000000016);
#200=CIRCLE('',#2697,0.0092000000000004);
#201=CIRCLE('',#2698,0.00920000000000023);
#202=CIRCLE('',#2699,0.0092);
#203=CIRCLE('',#2700,0.00919999999999963);
#204=CIRCLE('',#2701,0.0092);
#205=CIRCLE('',#2702,0.0092);
#206=CIRCLE('',#2703,0.00920000000000035);
#207=CIRCLE('',#2704,0.01);
#208=CIRCLE('',#2705,0.01);
#209=CIRCLE('',#2706,0.01);
#210=CIRCLE('',#2707,0.01);
#211=CIRCLE('',#2708,0.01);
#212=CIRCLE('',#2709,0.01);
#213=CIRCLE('',#2710,0.01);
#214=CIRCLE('',#2711,0.01);
#215=CIRCLE('',#2714,0.00919999456521579);
#216=CIRCLE('',#2715,0.00919999456521579);
#217=CIRCLE('',#2717,0.003);
#218=CIRCLE('',#2719,0.00375);
#219=CIRCLE('',#2721,0.003);
#220=CIRCLE('',#2723,0.00215);
#221=CIRCLE('',#2726,0.00919999456521579);
#222=CIRCLE('',#2727,0.00919999456521579);
#223=CIRCLE('',#2732,0.01);
#224=CIRCLE('',#2733,0.01);
#225=CIRCLE('',#2734,0.01);
#226=CIRCLE('',#2735,0.01);
#227=CIRCLE('',#2736,0.01);
#228=CIRCLE('',#2737,0.01);
#229=CIRCLE('',#2738,0.01);
#230=CIRCLE('',#2739,0.01);
#231=CIRCLE('',#2740,0.004);
#232=CIRCLE('',#2741,0.004);
#233=CIRCLE('',#2742,0.001);
#234=CIRCLE('',#2743,0.0032);
#235=CIRCLE('',#2744,0.001);
#236=CIRCLE('',#2745,0.0088);
#237=CIRCLE('',#2746,0.001);
#238=CIRCLE('',#2747,0.0032);
#239=CIRCLE('',#2748,0.001);
#240=CIRCLE('',#2749,0.001);
#241=CIRCLE('',#2750,0.0032);
#242=CIRCLE('',#2751,0.001);
#243=CIRCLE('',#2752,0.001);
#244=CIRCLE('',#2753,0.0032);
#245=CIRCLE('',#2754,0.001);
#246=CIRCLE('',#2755,0.001);
#247=CIRCLE('',#2756,0.0032);
#248=CIRCLE('',#2757,0.001);
#249=CIRCLE('',#2758,0.0088);
#250=CIRCLE('',#2759,0.001);
#251=CIRCLE('',#2760,0.0032);
#252=CIRCLE('',#2761,0.001);
#253=CIRCLE('',#2779,0.0088);
#254=CIRCLE('',#2782,0.0088);
#255=CIRCLE('',#2787,0.0088);
#256=CIRCLE('',#2789,0.012);
#257=CIRCLE('',#2790,0.012);
#258=CIRCLE('',#2792,0.0088);
#259=CIRCLE('',#2797,0.0088);
#260=CIRCLE('',#2800,0.00919999456521579);
#261=CIRCLE('',#2802,0.001);
#262=CIRCLE('',#2803,0.001);
#263=CIRCLE('',#2806,0.001);
#264=CIRCLE('',#2809,0.001);
#265=CIRCLE('',#2814,0.0025);
#266=CIRCLE('',#2815,0.001);
#267=CIRCLE('',#2816,0.001);
#268=CIRCLE('',#2826,0.0092);
#269=CIRCLE('',#2828,0.003);
#270=CIRCLE('',#2830,0.00215);
#271=CIRCLE('',#2832,0.0236703483648635);
#272=CIRCLE('',#2833,0.00375);
#273=CIRCLE('',#2838,0.0032);
#274=CIRCLE('',#2840,0.0078);
#275=CIRCLE('',#2841,0.001);
#276=CIRCLE('',#2842,0.001);
#277=CIRCLE('',#2844,0.0032);
#278=CIRCLE('',#2846,0.001);
#279=CIRCLE('',#2847,0.0078);
#280=CIRCLE('',#2848,0.001);
#281=CIRCLE('',#2850,0.0032);
#282=CIRCLE('',#2852,0.0078);
#283=CIRCLE('',#2853,0.001);
#284=CIRCLE('',#2854,0.001);
#285=CIRCLE('',#2856,0.0032);
#286=CIRCLE('',#2858,0.001);
#287=CIRCLE('',#2859,0.0078);
#288=CIRCLE('',#2860,0.001);
#289=CIRCLE('',#2862,0.0032);
#290=CIRCLE('',#2864,0.001);
#291=CIRCLE('',#2865,0.0078);
#292=CIRCLE('',#2866,0.001);
#293=CIRCLE('',#2868,0.0032);
#294=CIRCLE('',#2870,0.001);
#295=CIRCLE('',#2871,0.0078);
#296=CIRCLE('',#2872,0.001);
#297=CIRCLE('',#2875,0.001);
#298=CIRCLE('',#2880,0.001);
#299=CIRCLE('',#2884,0.001);
#300=CIRCLE('',#2889,0.001);
#301=CIRCLE('',#2894,0.001);
#302=CIRCLE('',#2896,0.001);
#303=CIRCLE('',#2903,0.001);
#304=CIRCLE('',#2905,0.001);
#305=CIRCLE('',#2912,0.001);
#306=CIRCLE('',#2914,0.001);
#307=CIRCLE('',#2921,0.001);
#308=CIRCLE('',#2923,0.001);
#309=CIRCLE('',#2932,0.004);
#310=CIRCLE('',#2934,0.004);
#311=CIRCLE('',#2936,0.004);
#312=CIRCLE('',#2938,0.004);
#313=CIRCLE('',#2941,0.002);
#314=CIRCLE('',#2942,0.002);
#315=CIRCLE('',#2946,0.002);
#316=CIRCLE('',#2947,0.002);
#317=CIRCLE('',#2951,0.002);
#318=CIRCLE('',#2952,0.002);
#319=CIRCLE('',#2956,0.002);
#320=CIRCLE('',#2957,0.002);
#321=CIRCLE('',#2961,0.002);
#322=CIRCLE('',#2962,0.002);
#323=CIRCLE('',#2966,0.002);
#324=CIRCLE('',#2967,0.002);
#325=ORIENTED_EDGE('',*,*,#1099,.T.);
#326=ORIENTED_EDGE('',*,*,#1100,.F.);
#327=ORIENTED_EDGE('',*,*,#1101,.F.);
#328=ORIENTED_EDGE('',*,*,#1102,.T.);
#329=ORIENTED_EDGE('',*,*,#1103,.T.);
#330=ORIENTED_EDGE('',*,*,#1104,.F.);
#331=ORIENTED_EDGE('',*,*,#1105,.T.);
#332=ORIENTED_EDGE('',*,*,#1106,.T.);
#333=ORIENTED_EDGE('',*,*,#1107,.F.);
#334=ORIENTED_EDGE('',*,*,#1108,.T.);
#335=ORIENTED_EDGE('',*,*,#1109,.T.);
#336=ORIENTED_EDGE('',*,*,#1110,.T.);
#337=ORIENTED_EDGE('',*,*,#1111,.T.);
#338=ORIENTED_EDGE('',*,*,#1112,.T.);
#339=ORIENTED_EDGE('',*,*,#1113,.T.);
#340=ORIENTED_EDGE('',*,*,#1114,.F.);
#341=ORIENTED_EDGE('',*,*,#1115,.T.);
#342=ORIENTED_EDGE('',*,*,#1116,.T.);
#343=ORIENTED_EDGE('',*,*,#1117,.T.);
#344=ORIENTED_EDGE('',*,*,#1118,.T.);
#345=ORIENTED_EDGE('',*,*,#1119,.F.);
#346=ORIENTED_EDGE('',*,*,#1120,.F.);
#347=ORIENTED_EDGE('',*,*,#1121,.T.);
#348=ORIENTED_EDGE('',*,*,#1122,.F.);
#349=ORIENTED_EDGE('',*,*,#1123,.F.);
#350=ORIENTED_EDGE('',*,*,#1124,.T.);
#351=ORIENTED_EDGE('',*,*,#1125,.T.);
#352=ORIENTED_EDGE('',*,*,#1126,.T.);
#353=ORIENTED_EDGE('',*,*,#1127,.T.);
#354=ORIENTED_EDGE('',*,*,#1127,.F.);
#355=ORIENTED_EDGE('',*,*,#1128,.T.);
#356=ORIENTED_EDGE('',*,*,#1129,.F.);
#357=ORIENTED_EDGE('',*,*,#1122,.T.);
#358=ORIENTED_EDGE('',*,*,#1130,.T.);
#359=ORIENTED_EDGE('',*,*,#1131,.F.);
#360=ORIENTED_EDGE('',*,*,#1132,.T.);
#361=ORIENTED_EDGE('',*,*,#1133,.T.);
#362=ORIENTED_EDGE('',*,*,#1129,.T.);
#363=ORIENTED_EDGE('',*,*,#1134,.T.);
#364=ORIENTED_EDGE('',*,*,#1131,.T.);
#365=ORIENTED_EDGE('',*,*,#1135,.T.);
#366=ORIENTED_EDGE('',*,*,#1136,.T.);
#367=ORIENTED_EDGE('',*,*,#1123,.T.);
#368=ORIENTED_EDGE('',*,*,#1121,.F.);
#369=ORIENTED_EDGE('',*,*,#1137,.T.);
#370=ORIENTED_EDGE('',*,*,#1138,.T.);
#371=ORIENTED_EDGE('',*,*,#1139,.F.);
#372=ORIENTED_EDGE('',*,*,#1140,.F.);
#373=ORIENTED_EDGE('',*,*,#1141,.F.);
#374=ORIENTED_EDGE('',*,*,#1142,.T.);
#375=ORIENTED_EDGE('',*,*,#1143,.F.);
#376=ORIENTED_EDGE('',*,*,#1144,.F.);
#377=ORIENTED_EDGE('',*,*,#1145,.T.);
#378=ORIENTED_EDGE('',*,*,#1125,.F.);
#379=ORIENTED_EDGE('',*,*,#1130,.F.);
#380=ORIENTED_EDGE('',*,*,#1133,.F.);
#381=ORIENTED_EDGE('',*,*,#1146,.F.);
#382=ORIENTED_EDGE('',*,*,#1147,.F.);
#383=ORIENTED_EDGE('',*,*,#1148,.F.);
#384=ORIENTED_EDGE('',*,*,#1149,.F.);
#385=ORIENTED_EDGE('',*,*,#1150,.F.);
#386=ORIENTED_EDGE('',*,*,#1151,.F.);
#387=ORIENTED_EDGE('',*,*,#1152,.F.);
#388=ORIENTED_EDGE('',*,*,#1153,.F.);
#389=ORIENTED_EDGE('',*,*,#1154,.F.);
#390=ORIENTED_EDGE('',*,*,#1155,.F.);
#391=ORIENTED_EDGE('',*,*,#1156,.F.);
#392=ORIENTED_EDGE('',*,*,#1157,.F.);
#393=ORIENTED_EDGE('',*,*,#1158,.F.);
#394=ORIENTED_EDGE('',*,*,#1159,.F.);
#395=ORIENTED_EDGE('',*,*,#1160,.F.);
#396=ORIENTED_EDGE('',*,*,#1161,.F.);
#397=ORIENTED_EDGE('',*,*,#1162,.F.);
#398=ORIENTED_EDGE('',*,*,#1163,.F.);
#399=ORIENTED_EDGE('',*,*,#1164,.F.);
#400=ORIENTED_EDGE('',*,*,#1165,.F.);
#401=ORIENTED_EDGE('',*,*,#1166,.F.);
#402=ORIENTED_EDGE('',*,*,#1167,.T.);
#403=ORIENTED_EDGE('',*,*,#1168,.T.);
#404=ORIENTED_EDGE('',*,*,#1126,.F.);
#405=ORIENTED_EDGE('',*,*,#1145,.F.);
#406=ORIENTED_EDGE('',*,*,#1169,.T.);
#407=ORIENTED_EDGE('',*,*,#1170,.T.);
#408=ORIENTED_EDGE('',*,*,#1171,.F.);
#409=ORIENTED_EDGE('',*,*,#1172,.F.);
#410=ORIENTED_EDGE('',*,*,#1173,.T.);
#411=ORIENTED_EDGE('',*,*,#1174,.F.);
#412=ORIENTED_EDGE('',*,*,#1175,.T.);
#413=ORIENTED_EDGE('',*,*,#1176,.F.);
#414=ORIENTED_EDGE('',*,*,#1177,.T.);
#415=ORIENTED_EDGE('',*,*,#1178,.F.);
#416=ORIENTED_EDGE('',*,*,#1179,.T.);
#417=ORIENTED_EDGE('',*,*,#1180,.F.);
#418=ORIENTED_EDGE('',*,*,#1101,.T.);
#419=ORIENTED_EDGE('',*,*,#1181,.F.);
#420=ORIENTED_EDGE('',*,*,#1182,.T.);
#421=ORIENTED_EDGE('',*,*,#1183,.F.);
#422=ORIENTED_EDGE('',*,*,#1184,.T.);
#423=ORIENTED_EDGE('',*,*,#1185,.F.);
#424=ORIENTED_EDGE('',*,*,#1186,.T.);
#425=ORIENTED_EDGE('',*,*,#1187,.F.);
#426=ORIENTED_EDGE('',*,*,#1188,.T.);
#427=ORIENTED_EDGE('',*,*,#1189,.F.);
#428=ORIENTED_EDGE('',*,*,#1190,.T.);
#429=ORIENTED_EDGE('',*,*,#1135,.F.);
#430=ORIENTED_EDGE('',*,*,#1132,.F.);
#431=ORIENTED_EDGE('',*,*,#1134,.F.);
#432=ORIENTED_EDGE('',*,*,#1128,.F.);
#433=ORIENTED_EDGE('',*,*,#1124,.F.);
#434=ORIENTED_EDGE('',*,*,#1191,.T.);
#435=ORIENTED_EDGE('',*,*,#1192,.T.);
#436=ORIENTED_EDGE('',*,*,#1137,.F.);
#437=ORIENTED_EDGE('',*,*,#1193,.T.);
#438=ORIENTED_EDGE('',*,*,#1194,.F.);
#439=ORIENTED_EDGE('',*,*,#1195,.F.);
#440=ORIENTED_EDGE('',*,*,#1196,.T.);
#441=ORIENTED_EDGE('',*,*,#1139,.T.);
#442=ORIENTED_EDGE('',*,*,#1197,.F.);
#443=ORIENTED_EDGE('',*,*,#1196,.F.);
#444=ORIENTED_EDGE('',*,*,#1198,.F.);
#445=ORIENTED_EDGE('',*,*,#1199,.T.);
#446=ORIENTED_EDGE('',*,*,#1140,.T.);
#447=ORIENTED_EDGE('',*,*,#1199,.F.);
#448=ORIENTED_EDGE('',*,*,#1200,.F.);
#449=ORIENTED_EDGE('',*,*,#1201,.T.);
#450=ORIENTED_EDGE('',*,*,#1141,.T.);
#451=ORIENTED_EDGE('',*,*,#1201,.F.);
#452=ORIENTED_EDGE('',*,*,#1202,.F.);
#453=ORIENTED_EDGE('',*,*,#1194,.T.);
#454=ORIENTED_EDGE('',*,*,#1203,.T.);
#455=ORIENTED_EDGE('',*,*,#1204,.F.);
#456=ORIENTED_EDGE('',*,*,#1146,.T.);
#457=ORIENTED_EDGE('',*,*,#1198,.T.);
#458=ORIENTED_EDGE('',*,*,#1195,.T.);
#459=ORIENTED_EDGE('',*,*,#1202,.T.);
#460=ORIENTED_EDGE('',*,*,#1200,.T.);
#461=ORIENTED_EDGE('',*,*,#1204,.T.);
#462=ORIENTED_EDGE('',*,*,#1203,.F.);
#463=ORIENTED_EDGE('',*,*,#1205,.T.);
#464=ORIENTED_EDGE('',*,*,#1206,.F.);
#465=ORIENTED_EDGE('',*,*,#1207,.F.);
#466=ORIENTED_EDGE('',*,*,#1208,.F.);
#467=ORIENTED_EDGE('',*,*,#1142,.F.);
#468=ORIENTED_EDGE('',*,*,#1209,.F.);
#469=ORIENTED_EDGE('',*,*,#1210,.T.);
#470=ORIENTED_EDGE('',*,*,#1188,.F.);
#471=ORIENTED_EDGE('',*,*,#1211,.T.);
#472=ORIENTED_EDGE('',*,*,#1212,.T.);
#473=ORIENTED_EDGE('',*,*,#1213,.F.);
#474=ORIENTED_EDGE('',*,*,#1173,.F.);
#475=ORIENTED_EDGE('',*,*,#1214,.T.);
#476=ORIENTED_EDGE('',*,*,#1215,.T.);
#477=ORIENTED_EDGE('',*,*,#1216,.T.);
#478=ORIENTED_EDGE('',*,*,#1170,.F.);
#479=ORIENTED_EDGE('',*,*,#1119,.T.);
#480=ORIENTED_EDGE('',*,*,#1217,.T.);
#481=ORIENTED_EDGE('',*,*,#1218,.T.);
#482=ORIENTED_EDGE('',*,*,#1219,.F.);
#483=ORIENTED_EDGE('',*,*,#1220,.T.);
#484=ORIENTED_EDGE('',*,*,#1221,.T.);
#485=ORIENTED_EDGE('',*,*,#1222,.F.);
#486=ORIENTED_EDGE('',*,*,#1223,.T.);
#487=ORIENTED_EDGE('',*,*,#1224,.F.);
#488=ORIENTED_EDGE('',*,*,#1225,.F.);
#489=ORIENTED_EDGE('',*,*,#1226,.T.);
#490=ORIENTED_EDGE('',*,*,#1227,.T.);
#491=ORIENTED_EDGE('',*,*,#1228,.T.);
#492=ORIENTED_EDGE('',*,*,#1099,.F.);
#493=ORIENTED_EDGE('',*,*,#1229,.T.);
#494=ORIENTED_EDGE('',*,*,#1230,.F.);
#495=ORIENTED_EDGE('',*,*,#1231,.T.);
#496=ORIENTED_EDGE('',*,*,#1232,.F.);
#497=ORIENTED_EDGE('',*,*,#1233,.T.);
#498=ORIENTED_EDGE('',*,*,#1234,.F.);
#499=ORIENTED_EDGE('',*,*,#1235,.T.);
#500=ORIENTED_EDGE('',*,*,#1212,.F.);
#501=ORIENTED_EDGE('',*,*,#1236,.T.);
#502=ORIENTED_EDGE('',*,*,#1237,.F.);
#503=ORIENTED_EDGE('',*,*,#1238,.T.);
#504=ORIENTED_EDGE('',*,*,#1239,.F.);
#505=ORIENTED_EDGE('',*,*,#1240,.T.);
#506=ORIENTED_EDGE('',*,*,#1241,.F.);
#507=ORIENTED_EDGE('',*,*,#1242,.T.);
#508=ORIENTED_EDGE('',*,*,#1243,.T.);
#509=ORIENTED_EDGE('',*,*,#1107,.T.);
#510=ORIENTED_EDGE('',*,*,#1244,.T.);
#511=ORIENTED_EDGE('',*,*,#1245,.T.);
#512=ORIENTED_EDGE('',*,*,#1246,.T.);
#513=ORIENTED_EDGE('',*,*,#1247,.F.);
#514=ORIENTED_EDGE('',*,*,#1248,.T.);
#515=ORIENTED_EDGE('',*,*,#1249,.T.);
#516=ORIENTED_EDGE('',*,*,#1250,.F.);
#517=ORIENTED_EDGE('',*,*,#1251,.T.);
#518=ORIENTED_EDGE('',*,*,#1252,.T.);
#519=ORIENTED_EDGE('',*,*,#1253,.T.);
#520=ORIENTED_EDGE('',*,*,#1254,.T.);
#521=ORIENTED_EDGE('',*,*,#1255,.T.);
#522=ORIENTED_EDGE('',*,*,#1256,.T.);
#523=ORIENTED_EDGE('',*,*,#1257,.T.);
#524=ORIENTED_EDGE('',*,*,#1258,.T.);
#525=ORIENTED_EDGE('',*,*,#1219,.T.);
#526=ORIENTED_EDGE('',*,*,#1259,.T.);
#527=ORIENTED_EDGE('',*,*,#1260,.F.);
#528=ORIENTED_EDGE('',*,*,#1261,.T.);
#529=ORIENTED_EDGE('',*,*,#1262,.T.);
#530=ORIENTED_EDGE('',*,*,#1263,.T.);
#531=ORIENTED_EDGE('',*,*,#1264,.F.);
#532=ORIENTED_EDGE('',*,*,#1265,.T.);
#533=ORIENTED_EDGE('',*,*,#1266,.T.);
#534=ORIENTED_EDGE('',*,*,#1267,.F.);
#535=ORIENTED_EDGE('',*,*,#1268,.T.);
#536=ORIENTED_EDGE('',*,*,#1269,.T.);
#537=ORIENTED_EDGE('',*,*,#1270,.T.);
#538=ORIENTED_EDGE('',*,*,#1271,.T.);
#539=ORIENTED_EDGE('',*,*,#1272,.T.);
#540=ORIENTED_EDGE('',*,*,#1159,.T.);
#541=ORIENTED_EDGE('',*,*,#1158,.T.);
#542=ORIENTED_EDGE('',*,*,#1157,.T.);
#543=ORIENTED_EDGE('',*,*,#1156,.T.);
#544=ORIENTED_EDGE('',*,*,#1155,.T.);
#545=ORIENTED_EDGE('',*,*,#1154,.T.);
#546=ORIENTED_EDGE('',*,*,#1153,.T.);
#547=ORIENTED_EDGE('',*,*,#1152,.T.);
#548=ORIENTED_EDGE('',*,*,#1151,.T.);
#549=ORIENTED_EDGE('',*,*,#1150,.T.);
#550=ORIENTED_EDGE('',*,*,#1149,.T.);
#551=ORIENTED_EDGE('',*,*,#1148,.T.);
#552=ORIENTED_EDGE('',*,*,#1147,.T.);
#553=ORIENTED_EDGE('',*,*,#1162,.T.);
#554=ORIENTED_EDGE('',*,*,#1161,.T.);
#555=ORIENTED_EDGE('',*,*,#1160,.T.);
#556=ORIENTED_EDGE('',*,*,#1234,.T.);
#557=ORIENTED_EDGE('',*,*,#1273,.F.);
#558=ORIENTED_EDGE('',*,*,#1175,.F.);
#559=ORIENTED_EDGE('',*,*,#1274,.T.);
#560=ORIENTED_EDGE('',*,*,#1235,.F.);
#561=ORIENTED_EDGE('',*,*,#1274,.F.);
#562=ORIENTED_EDGE('',*,*,#1174,.T.);
#563=ORIENTED_EDGE('',*,*,#1213,.T.);
#564=ORIENTED_EDGE('',*,*,#1236,.F.);
#565=ORIENTED_EDGE('',*,*,#1211,.F.);
#566=ORIENTED_EDGE('',*,*,#1187,.T.);
#567=ORIENTED_EDGE('',*,*,#1275,.T.);
#568=ORIENTED_EDGE('',*,*,#1237,.T.);
#569=ORIENTED_EDGE('',*,*,#1275,.F.);
#570=ORIENTED_EDGE('',*,*,#1186,.F.);
#571=ORIENTED_EDGE('',*,*,#1276,.T.);
#572=ORIENTED_EDGE('',*,*,#1238,.F.);
#573=ORIENTED_EDGE('',*,*,#1276,.F.);
#574=ORIENTED_EDGE('',*,*,#1185,.T.);
#575=ORIENTED_EDGE('',*,*,#1277,.T.);
#576=ORIENTED_EDGE('',*,*,#1239,.T.);
#577=ORIENTED_EDGE('',*,*,#1277,.F.);
#578=ORIENTED_EDGE('',*,*,#1184,.F.);
#579=ORIENTED_EDGE('',*,*,#1278,.T.);
#580=ORIENTED_EDGE('',*,*,#1240,.F.);
#581=ORIENTED_EDGE('',*,*,#1278,.F.);
#582=ORIENTED_EDGE('',*,*,#1183,.T.);
#583=ORIENTED_EDGE('',*,*,#1279,.T.);
#584=ORIENTED_EDGE('',*,*,#1241,.T.);
#585=ORIENTED_EDGE('',*,*,#1279,.F.);
#586=ORIENTED_EDGE('',*,*,#1182,.F.);
#587=ORIENTED_EDGE('',*,*,#1280,.T.);
#588=ORIENTED_EDGE('',*,*,#1228,.F.);
#589=ORIENTED_EDGE('',*,*,#1280,.F.);
#590=ORIENTED_EDGE('',*,*,#1181,.T.);
#591=ORIENTED_EDGE('',*,*,#1100,.T.);
#592=ORIENTED_EDGE('',*,*,#1229,.F.);
#593=ORIENTED_EDGE('',*,*,#1102,.F.);
#594=ORIENTED_EDGE('',*,*,#1180,.T.);
#595=ORIENTED_EDGE('',*,*,#1281,.T.);
#596=ORIENTED_EDGE('',*,*,#1230,.T.);
#597=ORIENTED_EDGE('',*,*,#1281,.F.);
#598=ORIENTED_EDGE('',*,*,#1179,.F.);
#599=ORIENTED_EDGE('',*,*,#1282,.T.);
#600=ORIENTED_EDGE('',*,*,#1231,.F.);
#601=ORIENTED_EDGE('',*,*,#1282,.F.);
#602=ORIENTED_EDGE('',*,*,#1178,.T.);
#603=ORIENTED_EDGE('',*,*,#1283,.T.);
#604=ORIENTED_EDGE('',*,*,#1232,.T.);
#605=ORIENTED_EDGE('',*,*,#1283,.F.);
#606=ORIENTED_EDGE('',*,*,#1177,.F.);
#607=ORIENTED_EDGE('',*,*,#1284,.T.);
#608=ORIENTED_EDGE('',*,*,#1233,.F.);
#609=ORIENTED_EDGE('',*,*,#1284,.F.);
#610=ORIENTED_EDGE('',*,*,#1176,.T.);
#611=ORIENTED_EDGE('',*,*,#1273,.T.);
#612=ORIENTED_EDGE('',*,*,#1285,.T.);
#613=ORIENTED_EDGE('',*,*,#1286,.T.);
#614=ORIENTED_EDGE('',*,*,#1117,.F.);
#615=ORIENTED_EDGE('',*,*,#1287,.T.);
#616=ORIENTED_EDGE('',*,*,#1288,.T.);
#617=ORIENTED_EDGE('',*,*,#1289,.T.);
#618=ORIENTED_EDGE('',*,*,#1290,.T.);
#619=ORIENTED_EDGE('',*,*,#1262,.F.);
#620=ORIENTED_EDGE('',*,*,#1222,.T.);
#621=ORIENTED_EDGE('',*,*,#1291,.T.);
#622=ORIENTED_EDGE('',*,*,#1292,.F.);
#623=ORIENTED_EDGE('',*,*,#1293,.F.);
#624=ORIENTED_EDGE('',*,*,#1292,.T.);
#625=ORIENTED_EDGE('',*,*,#1294,.T.);
#626=ORIENTED_EDGE('',*,*,#1295,.T.);
#627=ORIENTED_EDGE('',*,*,#1255,.F.);
#628=ORIENTED_EDGE('',*,*,#1296,.T.);
#629=ORIENTED_EDGE('',*,*,#1297,.T.);
#630=ORIENTED_EDGE('',*,*,#1298,.F.);
#631=ORIENTED_EDGE('',*,*,#1299,.T.);
#632=ORIENTED_EDGE('',*,*,#1298,.T.);
#633=ORIENTED_EDGE('',*,*,#1300,.T.);
#634=ORIENTED_EDGE('',*,*,#1301,.F.);
#635=ORIENTED_EDGE('',*,*,#1302,.F.);
#636=ORIENTED_EDGE('',*,*,#1303,.T.);
#637=ORIENTED_EDGE('',*,*,#1304,.T.);
#638=ORIENTED_EDGE('',*,*,#1251,.F.);
#639=ORIENTED_EDGE('',*,*,#1305,.F.);
#640=ORIENTED_EDGE('',*,*,#1306,.T.);
#641=ORIENTED_EDGE('',*,*,#1301,.T.);
#642=ORIENTED_EDGE('',*,*,#1250,.T.);
#643=ORIENTED_EDGE('',*,*,#1307,.F.);
#644=ORIENTED_EDGE('',*,*,#1308,.F.);
#645=ORIENTED_EDGE('',*,*,#1305,.T.);
#646=ORIENTED_EDGE('',*,*,#1249,.F.);
#647=ORIENTED_EDGE('',*,*,#1309,.T.);
#648=ORIENTED_EDGE('',*,*,#1310,.T.);
#649=ORIENTED_EDGE('',*,*,#1311,.F.);
#650=ORIENTED_EDGE('',*,*,#1312,.T.);
#651=ORIENTED_EDGE('',*,*,#1307,.T.);
#652=ORIENTED_EDGE('',*,*,#1311,.T.);
#653=ORIENTED_EDGE('',*,*,#1313,.T.);
#654=ORIENTED_EDGE('',*,*,#1314,.F.);
#655=ORIENTED_EDGE('',*,*,#1315,.F.);
#656=ORIENTED_EDGE('',*,*,#1245,.F.);
#657=ORIENTED_EDGE('',*,*,#1316,.T.);
#658=ORIENTED_EDGE('',*,*,#1317,.T.);
#659=ORIENTED_EDGE('',*,*,#1318,.T.);
#660=ORIENTED_EDGE('',*,*,#1319,.T.);
#661=ORIENTED_EDGE('',*,*,#1320,.T.);
#662=ORIENTED_EDGE('',*,*,#1242,.F.);
#663=ORIENTED_EDGE('',*,*,#1321,.T.);
#664=ORIENTED_EDGE('',*,*,#1322,.T.);
#665=ORIENTED_EDGE('',*,*,#1323,.F.);
#666=ORIENTED_EDGE('',*,*,#1324,.T.);
#667=ORIENTED_EDGE('',*,*,#1314,.T.);
#668=ORIENTED_EDGE('',*,*,#1325,.T.);
#669=ORIENTED_EDGE('',*,*,#1326,.T.);
#670=ORIENTED_EDGE('',*,*,#1323,.T.);
#671=ORIENTED_EDGE('',*,*,#1327,.T.);
#672=ORIENTED_EDGE('',*,*,#1328,.F.);
#673=ORIENTED_EDGE('',*,*,#1329,.F.);
#674=ORIENTED_EDGE('',*,*,#1330,.T.);
#675=ORIENTED_EDGE('',*,*,#1331,.T.);
#676=ORIENTED_EDGE('',*,*,#1268,.F.);
#677=ORIENTED_EDGE('',*,*,#1332,.F.);
#678=ORIENTED_EDGE('',*,*,#1333,.T.);
#679=ORIENTED_EDGE('',*,*,#1328,.T.);
#680=ORIENTED_EDGE('',*,*,#1267,.T.);
#681=ORIENTED_EDGE('',*,*,#1334,.F.);
#682=ORIENTED_EDGE('',*,*,#1335,.F.);
#683=ORIENTED_EDGE('',*,*,#1332,.T.);
#684=ORIENTED_EDGE('',*,*,#1266,.F.);
#685=ORIENTED_EDGE('',*,*,#1336,.T.);
#686=ORIENTED_EDGE('',*,*,#1337,.T.);
#687=ORIENTED_EDGE('',*,*,#1338,.F.);
#688=ORIENTED_EDGE('',*,*,#1339,.T.);
#689=ORIENTED_EDGE('',*,*,#1334,.T.);
#690=ORIENTED_EDGE('',*,*,#1338,.T.);
#691=ORIENTED_EDGE('',*,*,#1340,.T.);
#692=ORIENTED_EDGE('',*,*,#1288,.F.);
#693=ORIENTED_EDGE('',*,*,#1341,.F.);
#694=ORIENTED_EDGE('',*,*,#1144,.T.);
#695=ORIENTED_EDGE('',*,*,#1342,.T.);
#696=ORIENTED_EDGE('',*,*,#1343,.T.);
#697=ORIENTED_EDGE('',*,*,#1344,.T.);
#698=ORIENTED_EDGE('',*,*,#1215,.F.);
#699=ORIENTED_EDGE('',*,*,#1169,.F.);
#700=ORIENTED_EDGE('',*,*,#1345,.T.);
#701=ORIENTED_EDGE('',*,*,#1197,.T.);
#702=ORIENTED_EDGE('',*,*,#1138,.F.);
#703=ORIENTED_EDGE('',*,*,#1192,.F.);
#704=ORIENTED_EDGE('',*,*,#1190,.F.);
#705=ORIENTED_EDGE('',*,*,#1346,.F.);
#706=ORIENTED_EDGE('',*,*,#1347,.F.);
#707=ORIENTED_EDGE('',*,*,#1348,.T.);
#708=ORIENTED_EDGE('',*,*,#1349,.T.);
#709=ORIENTED_EDGE('',*,*,#1350,.T.);
#710=ORIENTED_EDGE('',*,*,#1351,.T.);
#711=ORIENTED_EDGE('',*,*,#1205,.F.);
#712=ORIENTED_EDGE('',*,*,#1193,.F.);
#713=ORIENTED_EDGE('',*,*,#1345,.F.);
#714=ORIENTED_EDGE('',*,*,#1191,.F.);
#715=ORIENTED_EDGE('',*,*,#1136,.F.);
#716=ORIENTED_EDGE('',*,*,#1352,.F.);
#717=ORIENTED_EDGE('',*,*,#1353,.T.);
#718=ORIENTED_EDGE('',*,*,#1354,.T.);
#719=ORIENTED_EDGE('',*,*,#1224,.T.);
#720=ORIENTED_EDGE('',*,*,#1353,.F.);
#721=ORIENTED_EDGE('',*,*,#1355,.T.);
#722=ORIENTED_EDGE('',*,*,#1356,.T.);
#723=ORIENTED_EDGE('',*,*,#1357,.F.);
#724=ORIENTED_EDGE('',*,*,#1356,.F.);
#725=ORIENTED_EDGE('',*,*,#1358,.T.);
#726=ORIENTED_EDGE('',*,*,#1359,.T.);
#727=ORIENTED_EDGE('',*,*,#1360,.F.);
#728=ORIENTED_EDGE('',*,*,#1359,.F.);
#729=ORIENTED_EDGE('',*,*,#1361,.T.);
#730=ORIENTED_EDGE('',*,*,#1362,.T.);
#731=ORIENTED_EDGE('',*,*,#1363,.F.);
#732=ORIENTED_EDGE('',*,*,#1362,.F.);
#733=ORIENTED_EDGE('',*,*,#1364,.T.);
#734=ORIENTED_EDGE('',*,*,#1226,.F.);
#735=ORIENTED_EDGE('',*,*,#1365,.F.);
#736=ORIENTED_EDGE('',*,*,#1365,.T.);
#737=ORIENTED_EDGE('',*,*,#1225,.T.);
#738=ORIENTED_EDGE('',*,*,#1354,.F.);
#739=ORIENTED_EDGE('',*,*,#1357,.T.);
#740=ORIENTED_EDGE('',*,*,#1360,.T.);
#741=ORIENTED_EDGE('',*,*,#1363,.T.);
#742=ORIENTED_EDGE('',*,*,#1366,.T.);
#743=ORIENTED_EDGE('',*,*,#1367,.T.);
#744=ORIENTED_EDGE('',*,*,#1368,.T.);
#745=ORIENTED_EDGE('',*,*,#1209,.T.);
#746=ORIENTED_EDGE('',*,*,#1369,.F.);
#747=ORIENTED_EDGE('',*,*,#1207,.T.);
#748=ORIENTED_EDGE('',*,*,#1370,.F.);
#749=ORIENTED_EDGE('',*,*,#1371,.T.);
#750=ORIENTED_EDGE('',*,*,#1372,.F.);
#751=ORIENTED_EDGE('',*,*,#1373,.T.);
#752=ORIENTED_EDGE('',*,*,#1374,.F.);
#753=ORIENTED_EDGE('',*,*,#1343,.F.);
#754=ORIENTED_EDGE('',*,*,#1375,.T.);
#755=ORIENTED_EDGE('',*,*,#1372,.T.);
#756=ORIENTED_EDGE('',*,*,#1376,.T.);
#757=ORIENTED_EDGE('',*,*,#1349,.F.);
#758=ORIENTED_EDGE('',*,*,#1376,.F.);
#759=ORIENTED_EDGE('',*,*,#1371,.F.);
#760=ORIENTED_EDGE('',*,*,#1377,.F.);
#761=ORIENTED_EDGE('',*,*,#1350,.F.);
#762=ORIENTED_EDGE('',*,*,#1143,.T.);
#763=ORIENTED_EDGE('',*,*,#1208,.T.);
#764=ORIENTED_EDGE('',*,*,#1369,.T.);
#765=ORIENTED_EDGE('',*,*,#1342,.F.);
#766=ORIENTED_EDGE('',*,*,#1189,.T.);
#767=ORIENTED_EDGE('',*,*,#1210,.F.);
#768=ORIENTED_EDGE('',*,*,#1368,.F.);
#769=ORIENTED_EDGE('',*,*,#1378,.F.);
#770=ORIENTED_EDGE('',*,*,#1346,.T.);
#771=ORIENTED_EDGE('',*,*,#1348,.F.);
#772=ORIENTED_EDGE('',*,*,#1379,.F.);
#773=ORIENTED_EDGE('',*,*,#1373,.F.);
#774=ORIENTED_EDGE('',*,*,#1375,.F.);
#775=ORIENTED_EDGE('',*,*,#1379,.T.);
#776=ORIENTED_EDGE('',*,*,#1347,.T.);
#777=ORIENTED_EDGE('',*,*,#1378,.T.);
#778=ORIENTED_EDGE('',*,*,#1367,.F.);
#779=ORIENTED_EDGE('',*,*,#1380,.F.);
#780=ORIENTED_EDGE('',*,*,#1171,.T.);
#781=ORIENTED_EDGE('',*,*,#1216,.F.);
#782=ORIENTED_EDGE('',*,*,#1344,.F.);
#783=ORIENTED_EDGE('',*,*,#1374,.T.);
#784=ORIENTED_EDGE('',*,*,#1380,.T.);
#785=ORIENTED_EDGE('',*,*,#1366,.F.);
#786=ORIENTED_EDGE('',*,*,#1214,.F.);
#787=ORIENTED_EDGE('',*,*,#1172,.T.);
#788=ORIENTED_EDGE('',*,*,#1206,.T.);
#789=ORIENTED_EDGE('',*,*,#1351,.F.);
#790=ORIENTED_EDGE('',*,*,#1377,.T.);
#791=ORIENTED_EDGE('',*,*,#1370,.T.);
#792=ORIENTED_EDGE('',*,*,#1272,.F.);
#793=ORIENTED_EDGE('',*,*,#1381,.F.);
#794=ORIENTED_EDGE('',*,*,#1382,.F.);
#795=ORIENTED_EDGE('',*,*,#1168,.F.);
#796=ORIENTED_EDGE('',*,*,#1383,.T.);
#797=ORIENTED_EDGE('',*,*,#1384,.T.);
#798=ORIENTED_EDGE('',*,*,#1167,.F.);
#799=ORIENTED_EDGE('',*,*,#1385,.T.);
#800=ORIENTED_EDGE('',*,*,#1386,.T.);
#801=ORIENTED_EDGE('',*,*,#1383,.F.);
#802=ORIENTED_EDGE('',*,*,#1387,.F.);
#803=ORIENTED_EDGE('',*,*,#1388,.T.);
#804=ORIENTED_EDGE('',*,*,#1389,.T.);
#805=ORIENTED_EDGE('',*,*,#1163,.T.);
#806=ORIENTED_EDGE('',*,*,#1384,.F.);
#807=ORIENTED_EDGE('',*,*,#1386,.F.);
#808=ORIENTED_EDGE('',*,*,#1390,.T.);
#809=ORIENTED_EDGE('',*,*,#1391,.T.);
#810=ORIENTED_EDGE('',*,*,#1388,.F.);
#811=ORIENTED_EDGE('',*,*,#1392,.F.);
#812=ORIENTED_EDGE('',*,*,#1164,.T.);
#813=ORIENTED_EDGE('',*,*,#1389,.F.);
#814=ORIENTED_EDGE('',*,*,#1393,.F.);
#815=ORIENTED_EDGE('',*,*,#1165,.T.);
#816=ORIENTED_EDGE('',*,*,#1392,.T.);
#817=ORIENTED_EDGE('',*,*,#1391,.F.);
#818=ORIENTED_EDGE('',*,*,#1385,.F.);
#819=ORIENTED_EDGE('',*,*,#1166,.T.);
#820=ORIENTED_EDGE('',*,*,#1393,.T.);
#821=ORIENTED_EDGE('',*,*,#1390,.F.);
#822=ORIENTED_EDGE('',*,*,#1387,.T.);
#823=ORIENTED_EDGE('',*,*,#1381,.T.);
#824=ORIENTED_EDGE('',*,*,#1382,.T.);
#825=ORIENTED_EDGE('',*,*,#1355,.F.);
#826=ORIENTED_EDGE('',*,*,#1352,.T.);
#827=ORIENTED_EDGE('',*,*,#1223,.F.);
#828=ORIENTED_EDGE('',*,*,#1293,.T.);
#829=ORIENTED_EDGE('',*,*,#1299,.F.);
#830=ORIENTED_EDGE('',*,*,#1302,.T.);
#831=ORIENTED_EDGE('',*,*,#1306,.F.);
#832=ORIENTED_EDGE('',*,*,#1308,.T.);
#833=ORIENTED_EDGE('',*,*,#1312,.F.);
#834=ORIENTED_EDGE('',*,*,#1315,.T.);
#835=ORIENTED_EDGE('',*,*,#1324,.F.);
#836=ORIENTED_EDGE('',*,*,#1329,.T.);
#837=ORIENTED_EDGE('',*,*,#1333,.F.);
#838=ORIENTED_EDGE('',*,*,#1335,.T.);
#839=ORIENTED_EDGE('',*,*,#1339,.F.);
#840=ORIENTED_EDGE('',*,*,#1341,.T.);
#841=ORIENTED_EDGE('',*,*,#1287,.F.);
#842=ORIENTED_EDGE('',*,*,#1120,.T.);
#843=ORIENTED_EDGE('',*,*,#1227,.F.);
#844=ORIENTED_EDGE('',*,*,#1364,.F.);
#845=ORIENTED_EDGE('',*,*,#1361,.F.);
#846=ORIENTED_EDGE('',*,*,#1358,.F.);
#847=ORIENTED_EDGE('',*,*,#1394,.F.);
#848=ORIENTED_EDGE('',*,*,#1395,.T.);
#849=ORIENTED_EDGE('',*,*,#1264,.T.);
#850=ORIENTED_EDGE('',*,*,#1396,.T.);
#851=ORIENTED_EDGE('',*,*,#1397,.T.);
#852=ORIENTED_EDGE('',*,*,#1398,.T.);
#853=ORIENTED_EDGE('',*,*,#1399,.T.);
#854=ORIENTED_EDGE('',*,*,#1394,.T.);
#855=ORIENTED_EDGE('',*,*,#1400,.T.);
#856=ORIENTED_EDGE('',*,*,#1401,.T.);
#857=ORIENTED_EDGE('',*,*,#1270,.F.);
#858=ORIENTED_EDGE('',*,*,#1402,.T.);
#859=ORIENTED_EDGE('',*,*,#1403,.T.);
#860=ORIENTED_EDGE('',*,*,#1404,.T.);
#861=ORIENTED_EDGE('',*,*,#1405,.T.);
#862=ORIENTED_EDGE('',*,*,#1406,.T.);
#863=ORIENTED_EDGE('',*,*,#1407,.T.);
#864=ORIENTED_EDGE('',*,*,#1408,.T.);
#865=ORIENTED_EDGE('',*,*,#1403,.F.);
#866=ORIENTED_EDGE('',*,*,#1409,.F.);
#867=ORIENTED_EDGE('',*,*,#1410,.T.);
#868=ORIENTED_EDGE('',*,*,#1247,.T.);
#869=ORIENTED_EDGE('',*,*,#1411,.T.);
#870=ORIENTED_EDGE('',*,*,#1412,.T.);
#871=ORIENTED_EDGE('',*,*,#1413,.T.);
#872=ORIENTED_EDGE('',*,*,#1414,.T.);
#873=ORIENTED_EDGE('',*,*,#1409,.T.);
#874=ORIENTED_EDGE('',*,*,#1415,.T.);
#875=ORIENTED_EDGE('',*,*,#1253,.F.);
#876=ORIENTED_EDGE('',*,*,#1416,.T.);
#877=ORIENTED_EDGE('',*,*,#1417,.T.);
#878=ORIENTED_EDGE('',*,*,#1418,.T.);
#879=ORIENTED_EDGE('',*,*,#1419,.T.);
#880=ORIENTED_EDGE('',*,*,#1420,.T.);
#881=ORIENTED_EDGE('',*,*,#1421,.T.);
#882=ORIENTED_EDGE('',*,*,#1422,.T.);
#883=ORIENTED_EDGE('',*,*,#1423,.T.);
#884=ORIENTED_EDGE('',*,*,#1417,.F.);
#885=ORIENTED_EDGE('',*,*,#1257,.F.);
#886=ORIENTED_EDGE('',*,*,#1424,.T.);
#887=ORIENTED_EDGE('',*,*,#1425,.T.);
#888=ORIENTED_EDGE('',*,*,#1426,.T.);
#889=ORIENTED_EDGE('',*,*,#1425,.F.);
#890=ORIENTED_EDGE('',*,*,#1427,.T.);
#891=ORIENTED_EDGE('',*,*,#1428,.T.);
#892=ORIENTED_EDGE('',*,*,#1429,.T.);
#893=ORIENTED_EDGE('',*,*,#1430,.F.);
#894=ORIENTED_EDGE('',*,*,#1431,.T.);
#895=ORIENTED_EDGE('',*,*,#1260,.T.);
#896=ORIENTED_EDGE('',*,*,#1432,.T.);
#897=ORIENTED_EDGE('',*,*,#1430,.T.);
#898=ORIENTED_EDGE('',*,*,#1433,.T.);
#899=ORIENTED_EDGE('',*,*,#1434,.T.);
#900=ORIENTED_EDGE('',*,*,#1435,.T.);
#901=ORIENTED_EDGE('',*,*,#1436,.F.);
#902=ORIENTED_EDGE('',*,*,#1294,.F.);
#903=ORIENTED_EDGE('',*,*,#1437,.F.);
#904=ORIENTED_EDGE('',*,*,#1295,.F.);
#905=ORIENTED_EDGE('',*,*,#1436,.T.);
#906=ORIENTED_EDGE('',*,*,#1438,.F.);
#907=ORIENTED_EDGE('',*,*,#1427,.F.);
#908=ORIENTED_EDGE('',*,*,#1424,.F.);
#909=ORIENTED_EDGE('',*,*,#1256,.F.);
#910=ORIENTED_EDGE('',*,*,#1426,.F.);
#911=ORIENTED_EDGE('',*,*,#1429,.F.);
#912=ORIENTED_EDGE('',*,*,#1439,.F.);
#913=ORIENTED_EDGE('',*,*,#1440,.F.);
#914=ORIENTED_EDGE('',*,*,#1220,.F.);
#915=ORIENTED_EDGE('',*,*,#1258,.F.);
#916=ORIENTED_EDGE('',*,*,#1437,.T.);
#917=ORIENTED_EDGE('',*,*,#1291,.F.);
#918=ORIENTED_EDGE('',*,*,#1441,.F.);
#919=ORIENTED_EDGE('',*,*,#1439,.T.);
#920=ORIENTED_EDGE('',*,*,#1428,.F.);
#921=ORIENTED_EDGE('',*,*,#1438,.T.);
#922=ORIENTED_EDGE('',*,*,#1221,.F.);
#923=ORIENTED_EDGE('',*,*,#1440,.T.);
#924=ORIENTED_EDGE('',*,*,#1441,.T.);
#925=ORIENTED_EDGE('',*,*,#1442,.F.);
#926=ORIENTED_EDGE('',*,*,#1217,.F.);
#927=ORIENTED_EDGE('',*,*,#1443,.F.);
#928=ORIENTED_EDGE('',*,*,#1218,.F.);
#929=ORIENTED_EDGE('',*,*,#1442,.T.);
#930=ORIENTED_EDGE('',*,*,#1444,.F.);
#931=ORIENTED_EDGE('',*,*,#1433,.F.);
#932=ORIENTED_EDGE('',*,*,#1432,.F.);
#933=ORIENTED_EDGE('',*,*,#1259,.F.);
#934=ORIENTED_EDGE('',*,*,#1431,.F.);
#935=ORIENTED_EDGE('',*,*,#1435,.F.);
#936=ORIENTED_EDGE('',*,*,#1445,.F.);
#937=ORIENTED_EDGE('',*,*,#1446,.F.);
#938=ORIENTED_EDGE('',*,*,#1285,.F.);
#939=ORIENTED_EDGE('',*,*,#1261,.F.);
#940=ORIENTED_EDGE('',*,*,#1443,.T.);
#941=ORIENTED_EDGE('',*,*,#1118,.F.);
#942=ORIENTED_EDGE('',*,*,#1447,.F.);
#943=ORIENTED_EDGE('',*,*,#1445,.T.);
#944=ORIENTED_EDGE('',*,*,#1434,.F.);
#945=ORIENTED_EDGE('',*,*,#1444,.T.);
#946=ORIENTED_EDGE('',*,*,#1286,.F.);
#947=ORIENTED_EDGE('',*,*,#1446,.T.);
#948=ORIENTED_EDGE('',*,*,#1447,.T.);
#949=ORIENTED_EDGE('',*,*,#1246,.F.);
#950=ORIENTED_EDGE('',*,*,#1326,.F.);
#951=ORIENTED_EDGE('',*,*,#1448,.F.);
#952=ORIENTED_EDGE('',*,*,#1415,.F.);
#953=ORIENTED_EDGE('',*,*,#1411,.F.);
#954=ORIENTED_EDGE('',*,*,#1448,.T.);
#955=ORIENTED_EDGE('',*,*,#1325,.F.);
#956=ORIENTED_EDGE('',*,*,#1449,.F.);
#957=ORIENTED_EDGE('',*,*,#1412,.F.);
#958=ORIENTED_EDGE('',*,*,#1450,.F.);
#959=ORIENTED_EDGE('',*,*,#1310,.F.);
#960=ORIENTED_EDGE('',*,*,#1451,.F.);
#961=ORIENTED_EDGE('',*,*,#1313,.F.);
#962=ORIENTED_EDGE('',*,*,#1450,.T.);
#963=ORIENTED_EDGE('',*,*,#1452,.F.);
#964=ORIENTED_EDGE('',*,*,#1413,.F.);
#965=ORIENTED_EDGE('',*,*,#1449,.T.);
#966=ORIENTED_EDGE('',*,*,#1451,.T.);
#967=ORIENTED_EDGE('',*,*,#1309,.F.);
#968=ORIENTED_EDGE('',*,*,#1248,.F.);
#969=ORIENTED_EDGE('',*,*,#1410,.F.);
#970=ORIENTED_EDGE('',*,*,#1414,.F.);
#971=ORIENTED_EDGE('',*,*,#1452,.T.);
#972=ORIENTED_EDGE('',*,*,#1418,.F.);
#973=ORIENTED_EDGE('',*,*,#1423,.F.);
#974=ORIENTED_EDGE('',*,*,#1453,.F.);
#975=ORIENTED_EDGE('',*,*,#1296,.F.);
#976=ORIENTED_EDGE('',*,*,#1254,.F.);
#977=ORIENTED_EDGE('',*,*,#1453,.T.);
#978=ORIENTED_EDGE('',*,*,#1422,.F.);
#979=ORIENTED_EDGE('',*,*,#1454,.F.);
#980=ORIENTED_EDGE('',*,*,#1297,.F.);
#981=ORIENTED_EDGE('',*,*,#1454,.T.);
#982=ORIENTED_EDGE('',*,*,#1421,.F.);
#983=ORIENTED_EDGE('',*,*,#1455,.F.);
#984=ORIENTED_EDGE('',*,*,#1300,.F.);
#985=ORIENTED_EDGE('',*,*,#1420,.F.);
#986=ORIENTED_EDGE('',*,*,#1456,.F.);
#987=ORIENTED_EDGE('',*,*,#1303,.F.);
#988=ORIENTED_EDGE('',*,*,#1455,.T.);
#989=ORIENTED_EDGE('',*,*,#1419,.F.);
#990=ORIENTED_EDGE('',*,*,#1416,.F.);
#991=ORIENTED_EDGE('',*,*,#1252,.F.);
#992=ORIENTED_EDGE('',*,*,#1304,.F.);
#993=ORIENTED_EDGE('',*,*,#1456,.T.);
#994=ORIENTED_EDGE('',*,*,#1404,.F.);
#995=ORIENTED_EDGE('',*,*,#1408,.F.);
#996=ORIENTED_EDGE('',*,*,#1457,.F.);
#997=ORIENTED_EDGE('',*,*,#1321,.F.);
#998=ORIENTED_EDGE('',*,*,#1271,.F.);
#999=ORIENTED_EDGE('',*,*,#1457,.T.);
#1000=ORIENTED_EDGE('',*,*,#1407,.F.);
#1001=ORIENTED_EDGE('',*,*,#1458,.F.);
#1002=ORIENTED_EDGE('',*,*,#1322,.F.);
#1003=ORIENTED_EDGE('',*,*,#1459,.F.);
#1004=ORIENTED_EDGE('',*,*,#1327,.F.);
#1005=ORIENTED_EDGE('',*,*,#1458,.T.);
#1006=ORIENTED_EDGE('',*,*,#1406,.F.);
#1007=ORIENTED_EDGE('',*,*,#1460,.F.);
#1008=ORIENTED_EDGE('',*,*,#1330,.F.);
#1009=ORIENTED_EDGE('',*,*,#1459,.T.);
#1010=ORIENTED_EDGE('',*,*,#1461,.F.);
#1011=ORIENTED_EDGE('',*,*,#1405,.F.);
#1012=ORIENTED_EDGE('',*,*,#1402,.F.);
#1013=ORIENTED_EDGE('',*,*,#1269,.F.);
#1014=ORIENTED_EDGE('',*,*,#1331,.F.);
#1015=ORIENTED_EDGE('',*,*,#1461,.T.);
#1016=ORIENTED_EDGE('',*,*,#1460,.T.);
#1017=ORIENTED_EDGE('',*,*,#1263,.F.);
#1018=ORIENTED_EDGE('',*,*,#1290,.F.);
#1019=ORIENTED_EDGE('',*,*,#1462,.F.);
#1020=ORIENTED_EDGE('',*,*,#1400,.F.);
#1021=ORIENTED_EDGE('',*,*,#1396,.F.);
#1022=ORIENTED_EDGE('',*,*,#1462,.T.);
#1023=ORIENTED_EDGE('',*,*,#1289,.F.);
#1024=ORIENTED_EDGE('',*,*,#1463,.F.);
#1025=ORIENTED_EDGE('',*,*,#1401,.F.);
#1026=ORIENTED_EDGE('',*,*,#1463,.T.);
#1027=ORIENTED_EDGE('',*,*,#1340,.F.);
#1028=ORIENTED_EDGE('',*,*,#1464,.F.);
#1029=ORIENTED_EDGE('',*,*,#1397,.F.);
#1030=ORIENTED_EDGE('',*,*,#1464,.T.);
#1031=ORIENTED_EDGE('',*,*,#1337,.F.);
#1032=ORIENTED_EDGE('',*,*,#1465,.F.);
#1033=ORIENTED_EDGE('',*,*,#1398,.F.);
#1034=ORIENTED_EDGE('',*,*,#1465,.T.);
#1035=ORIENTED_EDGE('',*,*,#1336,.F.);
#1036=ORIENTED_EDGE('',*,*,#1265,.F.);
#1037=ORIENTED_EDGE('',*,*,#1395,.F.);
#1038=ORIENTED_EDGE('',*,*,#1399,.F.);
#1039=ORIENTED_EDGE('',*,*,#1466,.T.);
#1040=ORIENTED_EDGE('',*,*,#1106,.F.);
#1041=ORIENTED_EDGE('',*,*,#1467,.F.);
#1042=ORIENTED_EDGE('',*,*,#1116,.F.);
#1043=ORIENTED_EDGE('',*,*,#1468,.T.);
#1044=ORIENTED_EDGE('',*,*,#1103,.F.);
#1045=ORIENTED_EDGE('',*,*,#1466,.F.);
#1046=ORIENTED_EDGE('',*,*,#1115,.F.);
#1047=ORIENTED_EDGE('',*,*,#1467,.T.);
#1048=ORIENTED_EDGE('',*,*,#1105,.F.);
#1049=ORIENTED_EDGE('',*,*,#1469,.F.);
#1050=ORIENTED_EDGE('',*,*,#1113,.F.);
#1051=ORIENTED_EDGE('',*,*,#1114,.T.);
#1052=ORIENTED_EDGE('',*,*,#1469,.T.);
#1053=ORIENTED_EDGE('',*,*,#1104,.T.);
#1054=ORIENTED_EDGE('',*,*,#1468,.F.);
#1055=ORIENTED_EDGE('',*,*,#1243,.F.);
#1056=ORIENTED_EDGE('',*,*,#1320,.F.);
#1057=ORIENTED_EDGE('',*,*,#1470,.F.);
#1058=ORIENTED_EDGE('',*,*,#1108,.F.);
#1059=ORIENTED_EDGE('',*,*,#1470,.T.);
#1060=ORIENTED_EDGE('',*,*,#1319,.F.);
#1061=ORIENTED_EDGE('',*,*,#1471,.F.);
#1062=ORIENTED_EDGE('',*,*,#1109,.F.);
#1063=ORIENTED_EDGE('',*,*,#1471,.T.);
#1064=ORIENTED_EDGE('',*,*,#1318,.F.);
#1065=ORIENTED_EDGE('',*,*,#1472,.F.);
#1066=ORIENTED_EDGE('',*,*,#1110,.F.);
#1067=ORIENTED_EDGE('',*,*,#1472,.T.);
#1068=ORIENTED_EDGE('',*,*,#1317,.F.);
#1069=ORIENTED_EDGE('',*,*,#1473,.F.);
#1070=ORIENTED_EDGE('',*,*,#1111,.F.);
#1071=ORIENTED_EDGE('',*,*,#1473,.T.);
#1072=ORIENTED_EDGE('',*,*,#1316,.F.);
#1073=ORIENTED_EDGE('',*,*,#1244,.F.);
#1074=ORIENTED_EDGE('',*,*,#1112,.F.);
#1075=ORIENTED_EDGE('',*,*,#1474,.T.);
#1076=ORIENTED_EDGE('',*,*,#1475,.F.);
#1077=ORIENTED_EDGE('',*,*,#1474,.F.);
#1078=ORIENTED_EDGE('',*,*,#1475,.T.);
#1079=ORIENTED_EDGE('',*,*,#1476,.T.);
#1080=ORIENTED_EDGE('',*,*,#1477,.F.);
#1081=ORIENTED_EDGE('',*,*,#1476,.F.);
#1082=ORIENTED_EDGE('',*,*,#1477,.T.);
#1083=ORIENTED_EDGE('',*,*,#1478,.T.);
#1084=ORIENTED_EDGE('',*,*,#1479,.F.);
#1085=ORIENTED_EDGE('',*,*,#1478,.F.);
#1086=ORIENTED_EDGE('',*,*,#1479,.T.);
#1087=ORIENTED_EDGE('',*,*,#1480,.F.);
#1088=ORIENTED_EDGE('',*,*,#1481,.T.);
#1089=ORIENTED_EDGE('',*,*,#1480,.T.);
#1090=ORIENTED_EDGE('',*,*,#1481,.F.);
#1091=ORIENTED_EDGE('',*,*,#1482,.F.);
#1092=ORIENTED_EDGE('',*,*,#1483,.T.);
#1093=ORIENTED_EDGE('',*,*,#1482,.T.);
#1094=ORIENTED_EDGE('',*,*,#1483,.F.);
#1095=ORIENTED_EDGE('',*,*,#1484,.F.);
#1096=ORIENTED_EDGE('',*,*,#1485,.T.);
#1097=ORIENTED_EDGE('',*,*,#1484,.T.);
#1098=ORIENTED_EDGE('',*,*,#1485,.F.);
#1099=EDGE_CURVE('',#1486,#1487,#1751,.T.);
#1100=EDGE_CURVE('',#1488,#1487,#1752,.T.);
#1101=EDGE_CURVE('',#1489,#1488,#1753,.T.);
#1102=EDGE_CURVE('',#1489,#1486,#1754,.T.);
#1103=EDGE_CURVE('',#1490,#1491,#1755,.T.);
#1104=EDGE_CURVE('',#1492,#1491,#170,.T.);
#1105=EDGE_CURVE('',#1492,#1493,#1756,.T.);
#1106=EDGE_CURVE('',#1493,#1490,#171,.T.);
#1107=EDGE_CURVE('',#1494,#1495,#1757,.T.);
#1108=EDGE_CURVE('',#1494,#1496,#1758,.F.);
#1109=EDGE_CURVE('',#1496,#1497,#172,.T.);
#1110=EDGE_CURVE('',#1497,#1498,#1759,.F.);
#1111=EDGE_CURVE('',#1498,#1499,#173,.T.);
#1112=EDGE_CURVE('',#1499,#1495,#1760,.F.);
#1113=EDGE_CURVE('',#1500,#1501,#1761,.T.);
#1114=EDGE_CURVE('',#1502,#1501,#174,.F.);
#1115=EDGE_CURVE('',#1502,#1503,#1762,.T.);
#1116=EDGE_CURVE('',#1503,#1500,#175,.T.);
#1117=EDGE_CURVE('',#1504,#1505,#1763,.T.);
#1118=EDGE_CURVE('',#1505,#1506,#176,.T.);
#1119=EDGE_CURVE('',#1507,#1506,#1764,.T.);
#1120=EDGE_CURVE('',#1504,#1507,#42,.T.);
#1121=EDGE_CURVE('',#1508,#1509,#177,.T.);
#1122=EDGE_CURVE('',#1510,#1509,#1765,.T.);
#1123=EDGE_CURVE('',#1511,#1510,#178,.T.);
#1124=EDGE_CURVE('',#1511,#1508,#1766,.T.);
#1125=EDGE_CURVE('',#1512,#1513,#179,.T.);
#1126=EDGE_CURVE('',#1513,#1514,#43,.T.);
#1127=EDGE_CURVE('',#1514,#1512,#1767,.T.);
#1128=EDGE_CURVE('',#1514,#1515,#44,.T.);
#1129=EDGE_CURVE('',#1510,#1515,#180,.T.);
#1130=EDGE_CURVE('',#1509,#1512,#181,.T.);
#1131=EDGE_CURVE('',#1516,#1517,#182,.T.);
#1132=EDGE_CURVE('',#1516,#1517,#45,.T.);
#1133=EDGE_CURVE('',#1518,#1518,#183,.T.);
#1134=EDGE_CURVE('',#1515,#1516,#46,.T.);
#1135=EDGE_CURVE('',#1517,#1519,#47,.T.);
#1136=EDGE_CURVE('',#1519,#1511,#1768,.T.);
#1137=EDGE_CURVE('',#1508,#1520,#1769,.T.);
#1138=EDGE_CURVE('',#1520,#1521,#184,.T.);
#1139=EDGE_CURVE('',#1522,#1521,#185,.T.);
#1140=EDGE_CURVE('',#1523,#1522,#186,.T.);
#1141=EDGE_CURVE('',#1524,#1523,#187,.T.);
#1142=EDGE_CURVE('',#1524,#1525,#188,.T.);
#1143=EDGE_CURVE('',#1526,#1525,#189,.T.);
#1144=EDGE_CURVE('',#1527,#1526,#1770,.T.);
#1145=EDGE_CURVE('',#1527,#1513,#48,.F.);
#1146=EDGE_CURVE('',#1528,#1528,#190,.T.);
#1147=EDGE_CURVE('',#1529,#1530,#191,.F.);
#1148=EDGE_CURVE('',#1531,#1529,#192,.F.);
#1149=EDGE_CURVE('',#1532,#1531,#193,.F.);
#1150=EDGE_CURVE('',#1533,#1532,#194,.F.);
#1151=EDGE_CURVE('',#1534,#1533,#195,.F.);
#1152=EDGE_CURVE('',#1535,#1534,#196,.F.);
#1153=EDGE_CURVE('',#1536,#1535,#197,.F.);
#1154=EDGE_CURVE('',#1537,#1536,#198,.F.);
#1155=EDGE_CURVE('',#1538,#1537,#199,.F.);
#1156=EDGE_CURVE('',#1539,#1538,#200,.F.);
#1157=EDGE_CURVE('',#1540,#1539,#201,.F.);
#1158=EDGE_CURVE('',#1541,#1540,#202,.F.);
#1159=EDGE_CURVE('',#1542,#1541,#203,.F.);
#1160=EDGE_CURVE('',#1543,#1542,#204,.F.);
#1161=EDGE_CURVE('',#1544,#1543,#205,.F.);
#1162=EDGE_CURVE('',#1530,#1544,#206,.F.);
#1163=EDGE_CURVE('',#1545,#1546,#49,.T.);
#1164=EDGE_CURVE('',#1547,#1545,#50,.T.);
#1165=EDGE_CURVE('',#1548,#1547,#51,.T.);
#1166=EDGE_CURVE('',#1549,#1548,#52,.T.);
#1167=EDGE_CURVE('',#1549,#1550,#53,.T.);
#1168=EDGE_CURVE('',#1550,#1546,#54,.T.);
#1169=EDGE_CURVE('',#1527,#1551,#55,.F.);
#1170=EDGE_CURVE('',#1551,#1552,#56,.T.);
#1171=EDGE_CURVE('',#1553,#1552,#57,.T.);
#1172=EDGE_CURVE('',#1554,#1553,#58,.T.);
#1173=EDGE_CURVE('',#1554,#1555,#1771,.T.);
#1174=EDGE_CURVE('',#1556,#1555,#207,.T.);
#1175=EDGE_CURVE('',#1556,#1557,#1772,.T.);
#1176=EDGE_CURVE('',#1558,#1557,#208,.T.);
#1177=EDGE_CURVE('',#1558,#1559,#1773,.T.);
#1178=EDGE_CURVE('',#1560,#1559,#209,.T.);
#1179=EDGE_CURVE('',#1560,#1561,#1774,.T.);
#1180=EDGE_CURVE('',#1489,#1561,#210,.T.);
#1181=EDGE_CURVE('',#1562,#1488,#211,.T.);
#1182=EDGE_CURVE('',#1562,#1563,#1775,.T.);
#1183=EDGE_CURVE('',#1564,#1563,#212,.T.);
#1184=EDGE_CURVE('',#1564,#1565,#1776,.T.);
#1185=EDGE_CURVE('',#1566,#1565,#213,.T.);
#1186=EDGE_CURVE('',#1566,#1567,#1777,.T.);
#1187=EDGE_CURVE('',#1568,#1567,#214,.T.);
#1188=EDGE_CURVE('',#1568,#1569,#1778,.T.);
#1189=EDGE_CURVE('',#1570,#1569,#59,.T.);
#1190=EDGE_CURVE('',#1570,#1519,#60,.T.);
#1191=EDGE_CURVE('',#1511,#1571,#1779,.T.);
#1192=EDGE_CURVE('',#1571,#1520,#1780,.T.);
#1193=EDGE_CURVE('',#1572,#1573,#215,.T.);
#1194=EDGE_CURVE('',#1574,#1573,#1781,.T.);
#1195=EDGE_CURVE('',#1575,#1574,#216,.T.);
#1196=EDGE_CURVE('',#1575,#1572,#1782,.T.);
#1197=EDGE_CURVE('',#1572,#1521,#1783,.T.);
#1198=EDGE_CURVE('',#1576,#1575,#217,.T.);
#1199=EDGE_CURVE('',#1576,#1522,#1784,.T.);
#1200=EDGE_CURVE('',#1577,#1576,#218,.T.);
#1201=EDGE_CURVE('',#1577,#1523,#1785,.T.);
#1202=EDGE_CURVE('',#1574,#1577,#219,.T.);
#1203=EDGE_CURVE('',#1573,#1524,#1786,.T.);
#1204=EDGE_CURVE('',#1578,#1578,#220,.T.);
#1205=EDGE_CURVE('',#1573,#1579,#221,.T.);
#1206=EDGE_CURVE('',#1580,#1579,#1787,.F.);
#1207=EDGE_CURVE('',#1581,#1580,#222,.F.);
#1208=EDGE_CURVE('',#1525,#1581,#1788,.F.);
#1209=EDGE_CURVE('',#1582,#1583,#1789,.T.);
#1210=EDGE_CURVE('',#1582,#1569,#1790,.T.);
#1211=EDGE_CURVE('',#1568,#1584,#1791,.T.);
#1212=EDGE_CURVE('',#1584,#1585,#1792,.T.);
#1213=EDGE_CURVE('',#1555,#1585,#1793,.T.);
#1214=EDGE_CURVE('',#1554,#1583,#1794,.T.);
#1215=EDGE_CURVE('',#1551,#1586,#1795,.T.);
#1216=EDGE_CURVE('',#1586,#1552,#1796,.T.);
#1217=EDGE_CURVE('',#1506,#1587,#1797,.T.);
#1218=EDGE_CURVE('',#1587,#1588,#1798,.T.);
#1219=EDGE_CURVE('',#1589,#1588,#1799,.T.);
#1220=EDGE_CURVE('',#1589,#1590,#1800,.T.);
#1221=EDGE_CURVE('',#1590,#1591,#1801,.T.);
#1222=EDGE_CURVE('',#1592,#1591,#1802,.T.);
#1223=EDGE_CURVE('',#1592,#1593,#61,.T.);
#1224=EDGE_CURVE('',#1594,#1593,#1803,.T.);
#1225=EDGE_CURVE('',#1595,#1594,#1804,.T.);
#1226=EDGE_CURVE('',#1595,#1596,#1805,.T.);
#1227=EDGE_CURVE('',#1596,#1507,#62,.T.);
#1228=EDGE_CURVE('',#1597,#1487,#223,.T.);
#1229=EDGE_CURVE('',#1486,#1598,#224,.T.);
#1230=EDGE_CURVE('',#1599,#1598,#1806,.T.);
#1231=EDGE_CURVE('',#1599,#1600,#225,.T.);
#1232=EDGE_CURVE('',#1601,#1600,#1807,.T.);
#1233=EDGE_CURVE('',#1601,#1602,#226,.T.);
#1234=EDGE_CURVE('',#1603,#1602,#1808,.T.);
#1235=EDGE_CURVE('',#1603,#1585,#227,.T.);
#1236=EDGE_CURVE('',#1584,#1604,#228,.T.);
#1237=EDGE_CURVE('',#1605,#1604,#1809,.T.);
#1238=EDGE_CURVE('',#1605,#1606,#229,.T.);
#1239=EDGE_CURVE('',#1607,#1606,#1810,.T.);
#1240=EDGE_CURVE('',#1607,#1608,#230,.T.);
#1241=EDGE_CURVE('',#1597,#1608,#1811,.T.);
#1242=EDGE_CURVE('',#1609,#1610,#1812,.T.);
#1243=EDGE_CURVE('',#1610,#1494,#231,.F.);
#1244=EDGE_CURVE('',#1495,#1611,#232,.F.);
#1245=EDGE_CURVE('',#1611,#1612,#1813,.T.);
#1246=EDGE_CURVE('',#1612,#1613,#233,.F.);
#1247=EDGE_CURVE('',#1614,#1613,#234,.T.);
#1248=EDGE_CURVE('',#1614,#1615,#235,.F.);
#1249=EDGE_CURVE('',#1615,#1616,#1814,.T.);
#1250=EDGE_CURVE('',#1617,#1616,#236,.T.);
#1251=EDGE_CURVE('',#1617,#1618,#1815,.T.);
#1252=EDGE_CURVE('',#1618,#1619,#237,.F.);
#1253=EDGE_CURVE('',#1619,#1620,#238,.T.);
#1254=EDGE_CURVE('',#1620,#1621,#239,.F.);
#1255=EDGE_CURVE('',#1621,#1622,#1816,.T.);
#1256=EDGE_CURVE('',#1622,#1623,#240,.F.);
#1257=EDGE_CURVE('',#1623,#1624,#241,.T.);
#1258=EDGE_CURVE('',#1624,#1589,#242,.F.);
#1259=EDGE_CURVE('',#1588,#1625,#243,.F.);
#1260=EDGE_CURVE('',#1626,#1625,#244,.T.);
#1261=EDGE_CURVE('',#1626,#1627,#245,.F.);
#1262=EDGE_CURVE('',#1627,#1628,#1817,.T.);
#1263=EDGE_CURVE('',#1628,#1629,#246,.F.);
#1264=EDGE_CURVE('',#1630,#1629,#247,.T.);
#1265=EDGE_CURVE('',#1630,#1631,#248,.F.);
#1266=EDGE_CURVE('',#1631,#1632,#1818,.T.);
#1267=EDGE_CURVE('',#1633,#1632,#249,.T.);
#1268=EDGE_CURVE('',#1633,#1634,#1819,.T.);
#1269=EDGE_CURVE('',#1634,#1635,#250,.F.);
#1270=EDGE_CURVE('',#1635,#1636,#251,.T.);
#1271=EDGE_CURVE('',#1636,#1609,#252,.F.);
#1272=EDGE_CURVE('',#1637,#1637,#63,.T.);
#1273=EDGE_CURVE('',#1557,#1602,#1820,.T.);
#1274=EDGE_CURVE('',#1556,#1603,#1821,.T.);
#1275=EDGE_CURVE('',#1567,#1604,#1822,.T.);
#1276=EDGE_CURVE('',#1566,#1605,#1823,.T.);
#1277=EDGE_CURVE('',#1565,#1606,#1824,.T.);
#1278=EDGE_CURVE('',#1564,#1607,#1825,.T.);
#1279=EDGE_CURVE('',#1563,#1608,#1826,.T.);
#1280=EDGE_CURVE('',#1562,#1597,#1827,.T.);
#1281=EDGE_CURVE('',#1561,#1598,#1828,.T.);
#1282=EDGE_CURVE('',#1560,#1599,#1829,.T.);
#1283=EDGE_CURVE('',#1559,#1600,#1830,.T.);
#1284=EDGE_CURVE('',#1558,#1601,#1831,.T.);
#1285=EDGE_CURVE('',#1627,#1638,#1832,.F.);
#1286=EDGE_CURVE('',#1638,#1505,#1833,.T.);
#1287=EDGE_CURVE('',#1504,#1639,#64,.T.);
#1288=EDGE_CURVE('',#1639,#1640,#1834,.T.);
#1289=EDGE_CURVE('',#1640,#1641,#1835,.F.);
#1290=EDGE_CURVE('',#1641,#1628,#1836,.T.);
#1291=EDGE_CURVE('',#1591,#1642,#253,.T.);
#1292=EDGE_CURVE('',#1643,#1642,#1837,.T.);
#1293=EDGE_CURVE('',#1592,#1643,#65,.T.);
#1294=EDGE_CURVE('',#1642,#1644,#1838,.T.);
#1295=EDGE_CURVE('',#1644,#1622,#1839,.F.);
#1296=EDGE_CURVE('',#1621,#1645,#1840,.T.);
#1297=EDGE_CURVE('',#1645,#1646,#1841,.F.);
#1298=EDGE_CURVE('',#1647,#1646,#1842,.T.);
#1299=EDGE_CURVE('',#1647,#1643,#66,.T.);
#1300=EDGE_CURVE('',#1646,#1648,#254,.T.);
#1301=EDGE_CURVE('',#1649,#1648,#1843,.T.);
#1302=EDGE_CURVE('',#1647,#1649,#67,.T.);
#1303=EDGE_CURVE('',#1648,#1650,#1844,.T.);
#1304=EDGE_CURVE('',#1650,#1618,#1845,.F.);
#1305=EDGE_CURVE('',#1651,#1617,#1846,.T.);
#1306=EDGE_CURVE('',#1651,#1649,#68,.T.);
#1307=EDGE_CURVE('',#1652,#1616,#1847,.T.);
#1308=EDGE_CURVE('',#1651,#1652,#69,.T.);
#1309=EDGE_CURVE('',#1615,#1653,#1848,.F.);
#1310=EDGE_CURVE('',#1653,#1654,#1849,.T.);
#1311=EDGE_CURVE('',#1655,#1654,#1850,.T.);
#1312=EDGE_CURVE('',#1655,#1652,#70,.T.);
#1313=EDGE_CURVE('',#1654,#1656,#255,.T.);
#1314=EDGE_CURVE('',#1657,#1656,#1851,.T.);
#1315=EDGE_CURVE('',#1655,#1657,#71,.T.);
#1316=EDGE_CURVE('',#1611,#1658,#1852,.F.);
#1317=EDGE_CURVE('',#1658,#1659,#256,.F.);
#1318=EDGE_CURVE('',#1659,#1660,#1853,.F.);
#1319=EDGE_CURVE('',#1660,#1661,#257,.F.);
#1320=EDGE_CURVE('',#1661,#1610,#1854,.T.);
#1321=EDGE_CURVE('',#1609,#1662,#1855,.T.);
#1322=EDGE_CURVE('',#1662,#1663,#1856,.F.);
#1323=EDGE_CURVE('',#1664,#1663,#1857,.F.);
#1324=EDGE_CURVE('',#1664,#1657,#72,.T.);
#1325=EDGE_CURVE('',#1656,#1665,#1858,.F.);
#1326=EDGE_CURVE('',#1665,#1612,#1859,.T.);
#1327=EDGE_CURVE('',#1663,#1666,#258,.T.);
#1328=EDGE_CURVE('',#1667,#1666,#1860,.T.);
#1329=EDGE_CURVE('',#1664,#1667,#73,.T.);
#1330=EDGE_CURVE('',#1666,#1668,#1861,.T.);
#1331=EDGE_CURVE('',#1668,#1634,#1862,.F.);
#1332=EDGE_CURVE('',#1669,#1633,#1863,.T.);
#1333=EDGE_CURVE('',#1669,#1667,#74,.T.);
#1334=EDGE_CURVE('',#1670,#1632,#1864,.T.);
#1335=EDGE_CURVE('',#1669,#1670,#75,.T.);
#1336=EDGE_CURVE('',#1631,#1671,#1865,.F.);
#1337=EDGE_CURVE('',#1671,#1672,#1866,.T.);
#1338=EDGE_CURVE('',#1673,#1672,#1867,.F.);
#1339=EDGE_CURVE('',#1673,#1670,#76,.T.);
#1340=EDGE_CURVE('',#1672,#1640,#259,.T.);
#1341=EDGE_CURVE('',#1673,#1639,#77,.T.);
#1342=EDGE_CURVE('',#1526,#1674,#1868,.F.);
#1343=EDGE_CURVE('',#1674,#1675,#1869,.T.);
#1344=EDGE_CURVE('',#1675,#1586,#1870,.T.);
#1345=EDGE_CURVE('',#1571,#1572,#260,.T.);
#1346=EDGE_CURVE('',#1676,#1570,#1871,.T.);
#1347=EDGE_CURVE('',#1677,#1676,#1872,.T.);
#1348=EDGE_CURVE('',#1677,#1678,#261,.T.);
#1349=EDGE_CURVE('',#1678,#1679,#1873,.T.);
#1350=EDGE_CURVE('',#1679,#1680,#262,.T.);
#1351=EDGE_CURVE('',#1680,#1579,#1874,.T.);
#1352=EDGE_CURVE('',#1681,#1593,#78,.T.);
#1353=EDGE_CURVE('',#1681,#1682,#1875,.T.);
#1354=EDGE_CURVE('',#1682,#1594,#1876,.T.);
#1355=EDGE_CURVE('',#1681,#1683,#79,.T.);
#1356=EDGE_CURVE('',#1683,#1684,#1877,.T.);
#1357=EDGE_CURVE('',#1682,#1684,#263,.T.);
#1358=EDGE_CURVE('',#1683,#1685,#80,.T.);
#1359=EDGE_CURVE('',#1685,#1686,#1878,.T.);
#1360=EDGE_CURVE('',#1684,#1686,#1879,.T.);
#1361=EDGE_CURVE('',#1685,#1687,#81,.T.);
#1362=EDGE_CURVE('',#1687,#1688,#1880,.T.);
#1363=EDGE_CURVE('',#1686,#1688,#264,.T.);
#1364=EDGE_CURVE('',#1687,#1596,#82,.T.);
#1365=EDGE_CURVE('',#1688,#1595,#1881,.T.);
#1366=EDGE_CURVE('',#1583,#1689,#1882,.T.);
#1367=EDGE_CURVE('',#1689,#1690,#1883,.T.);
#1368=EDGE_CURVE('',#1690,#1582,#1884,.T.);
#1369=EDGE_CURVE('',#1581,#1674,#265,.T.);
#1370=EDGE_CURVE('',#1691,#1580,#1885,.T.);
#1371=EDGE_CURVE('',#1691,#1692,#266,.T.);
#1372=EDGE_CURVE('',#1693,#1692,#1886,.T.);
#1373=EDGE_CURVE('',#1693,#1694,#267,.T.);
#1374=EDGE_CURVE('',#1675,#1694,#1887,.T.);
#1375=EDGE_CURVE('',#1678,#1693,#1888,.T.);
#1376=EDGE_CURVE('',#1692,#1679,#1889,.T.);
#1377=EDGE_CURVE('',#1680,#1691,#1890,.T.);
#1378=EDGE_CURVE('',#1676,#1690,#1891,.T.);
#1379=EDGE_CURVE('',#1694,#1677,#1892,.T.);
#1380=EDGE_CURVE('',#1553,#1689,#1893,.T.);
#1381=EDGE_CURVE('',#1695,#1696,#83,.T.);
#1382=EDGE_CURVE('',#1696,#1695,#84,.T.);
#1383=EDGE_CURVE('',#1550,#1697,#1894,.T.);
#1384=EDGE_CURVE('',#1697,#1546,#268,.T.);
#1385=EDGE_CURVE('',#1549,#1698,#1895,.T.);
#1386=EDGE_CURVE('',#1698,#1697,#269,.T.);
#1387=EDGE_CURVE('',#1699,#1699,#85,.T.);
#1388=EDGE_CURVE('',#1700,#1700,#270,.T.);
#1389=EDGE_CURVE('',#1701,#1545,#271,.T.);
#1390=EDGE_CURVE('',#1698,#1702,#272,.T.);
#1391=EDGE_CURVE('',#1702,#1701,#1896,.T.);
#1392=EDGE_CURVE('',#1547,#1701,#1897,.T.);
#1393=EDGE_CURVE('',#1548,#1702,#1898,.T.);
#1394=EDGE_CURVE('',#1703,#1704,#273,.T.);
#1395=EDGE_CURVE('',#1703,#1630,#1899,.T.);
#1396=EDGE_CURVE('',#1629,#1704,#1900,.F.);
#1397=EDGE_CURVE('',#1705,#1706,#274,.F.);
#1398=EDGE_CURVE('',#1706,#1707,#1901,.F.);
#1399=EDGE_CURVE('',#1707,#1703,#275,.T.);
#1400=EDGE_CURVE('',#1704,#1708,#276,.T.);
#1401=EDGE_CURVE('',#1708,#1705,#1902,.T.);
#1402=EDGE_CURVE('',#1635,#1709,#1903,.F.);
#1403=EDGE_CURVE('',#1709,#1710,#277,.T.);
#1404=EDGE_CURVE('',#1710,#1636,#1904,.T.);
#1405=EDGE_CURVE('',#1709,#1711,#278,.T.);
#1406=EDGE_CURVE('',#1711,#1712,#279,.F.);
#1407=EDGE_CURVE('',#1712,#1713,#1905,.T.);
#1408=EDGE_CURVE('',#1713,#1710,#280,.T.);
#1409=EDGE_CURVE('',#1714,#1715,#281,.T.);
#1410=EDGE_CURVE('',#1714,#1614,#1906,.T.);
#1411=EDGE_CURVE('',#1613,#1715,#1907,.F.);
#1412=EDGE_CURVE('',#1716,#1717,#1908,.T.);
#1413=EDGE_CURVE('',#1717,#1718,#282,.F.);
#1414=EDGE_CURVE('',#1718,#1714,#283,.T.);
#1415=EDGE_CURVE('',#1715,#1716,#284,.T.);
#1416=EDGE_CURVE('',#1619,#1719,#1909,.F.);
#1417=EDGE_CURVE('',#1719,#1720,#285,.T.);
#1418=EDGE_CURVE('',#1720,#1620,#1910,.T.);
#1419=EDGE_CURVE('',#1719,#1721,#286,.T.);
#1420=EDGE_CURVE('',#1721,#1722,#1911,.F.);
#1421=EDGE_CURVE('',#1722,#1723,#287,.F.);
#1422=EDGE_CURVE('',#1723,#1724,#1912,.T.);
#1423=EDGE_CURVE('',#1724,#1720,#288,.T.);
#1424=EDGE_CURVE('',#1623,#1725,#1913,.F.);
#1425=EDGE_CURVE('',#1725,#1726,#289,.T.);
#1426=EDGE_CURVE('',#1726,#1624,#1914,.T.);
#1427=EDGE_CURVE('',#1725,#1727,#290,.T.);
#1428=EDGE_CURVE('',#1727,#1728,#291,.F.);
#1429=EDGE_CURVE('',#1728,#1726,#292,.T.);
#1430=EDGE_CURVE('',#1729,#1730,#293,.T.);
#1431=EDGE_CURVE('',#1729,#1626,#1915,.T.);
#1432=EDGE_CURVE('',#1625,#1730,#1916,.F.);
#1433=EDGE_CURVE('',#1730,#1731,#294,.T.);
#1434=EDGE_CURVE('',#1731,#1732,#295,.F.);
#1435=EDGE_CURVE('',#1732,#1729,#296,.T.);
#1436=EDGE_CURVE('',#1644,#1733,#26,.F.);
#1437=EDGE_CURVE('',#1733,#1642,#297,.T.);
#1438=EDGE_CURVE('',#1727,#1733,#86,.T.);
#1439=EDGE_CURVE('',#1734,#1728,#87,.T.);
#1440=EDGE_CURVE('',#1590,#1734,#27,.T.);
#1441=EDGE_CURVE('',#1734,#1591,#298,.T.);
#1442=EDGE_CURVE('',#1587,#1735,#28,.F.);
#1443=EDGE_CURVE('',#1735,#1506,#299,.T.);
#1444=EDGE_CURVE('',#1731,#1735,#88,.T.);
#1445=EDGE_CURVE('',#1736,#1732,#89,.F.);
#1446=EDGE_CURVE('',#1638,#1736,#29,.T.);
#1447=EDGE_CURVE('',#1736,#1505,#300,.T.);
#1448=EDGE_CURVE('',#1716,#1665,#30,.T.);
#1449=EDGE_CURVE('',#1717,#1656,#301,.T.);
#1450=EDGE_CURVE('',#1654,#1737,#302,.T.);
#1451=EDGE_CURVE('',#1737,#1653,#31,.T.);
#1452=EDGE_CURVE('',#1718,#1737,#90,.T.);
#1453=EDGE_CURVE('',#1645,#1724,#32,.T.);
#1454=EDGE_CURVE('',#1646,#1723,#303,.T.);
#1455=EDGE_CURVE('',#1648,#1722,#304,.T.);
#1456=EDGE_CURVE('',#1650,#1721,#33,.F.);
#1457=EDGE_CURVE('',#1662,#1713,#34,.T.);
#1458=EDGE_CURVE('',#1663,#1712,#305,.T.);
#1459=EDGE_CURVE('',#1666,#1738,#306,.T.);
#1460=EDGE_CURVE('',#1738,#1711,#91,.F.);
#1461=EDGE_CURVE('',#1668,#1738,#35,.F.);
#1462=EDGE_CURVE('',#1708,#1641,#36,.T.);
#1463=EDGE_CURVE('',#1705,#1640,#307,.T.);
#1464=EDGE_CURVE('',#1706,#1672,#308,.T.);
#1465=EDGE_CURVE('',#1707,#1671,#37,.T.);
#1466=EDGE_CURVE('',#1503,#1490,#1917,.T.);
#1467=EDGE_CURVE('',#1500,#1493,#1918,.T.);
#1468=EDGE_CURVE('',#1502,#1491,#1919,.T.);
#1469=EDGE_CURVE('',#1501,#1492,#1920,.T.);
#1470=EDGE_CURVE('',#1496,#1661,#309,.T.);
#1471=EDGE_CURVE('',#1497,#1660,#310,.T.);
#1472=EDGE_CURVE('',#1498,#1659,#311,.T.);
#1473=EDGE_CURVE('',#1499,#1658,#312,.T.);
#1474=EDGE_CURVE('',#1739,#1739,#313,.T.);
#1475=EDGE_CURVE('',#1740,#1740,#314,.T.);
#1476=EDGE_CURVE('',#1741,#1741,#315,.T.);
#1477=EDGE_CURVE('',#1742,#1742,#316,.T.);
#1478=EDGE_CURVE('',#1743,#1743,#317,.T.);
#1479=EDGE_CURVE('',#1744,#1744,#318,.T.);
#1480=EDGE_CURVE('',#1745,#1745,#319,.T.);
#1481=EDGE_CURVE('',#1746,#1746,#320,.T.);
#1482=EDGE_CURVE('',#1747,#1747,#321,.T.);
#1483=EDGE_CURVE('',#1748,#1748,#322,.T.);
#1484=EDGE_CURVE('',#1749,#1749,#323,.T.);
#1485=EDGE_CURVE('',#1750,#1750,#324,.T.);
#1486=VERTEX_POINT('',#3769);
#1487=VERTEX_POINT('',#3770);
#1488=VERTEX_POINT('',#3772);
#1489=VERTEX_POINT('',#3774);
#1490=VERTEX_POINT('',#3777);
#1491=VERTEX_POINT('',#3778);
#1492=VERTEX_POINT('',#3780);
#1493=VERTEX_POINT('',#3782);
#1494=VERTEX_POINT('',#3786);
#1495=VERTEX_POINT('',#3787);
#1496=VERTEX_POINT('',#3789);
#1497=VERTEX_POINT('',#3791);
#1498=VERTEX_POINT('',#3793);
#1499=VERTEX_POINT('',#3795);
#1500=VERTEX_POINT('',#3798);
#1501=VERTEX_POINT('',#3799);
#1502=VERTEX_POINT('',#3801);
#1503=VERTEX_POINT('',#3803);
#1504=VERTEX_POINT('',#3807);
#1505=VERTEX_POINT('',#3808);
#1506=VERTEX_POINT('',#3810);
#1507=VERTEX_POINT('',#3812);
#1508=VERTEX_POINT('',#3820);
#1509=VERTEX_POINT('',#3821);
#1510=VERTEX_POINT('',#3823);
#1511=VERTEX_POINT('',#3825);
#1512=VERTEX_POINT('',#3829);
#1513=VERTEX_POINT('',#3830);
#1514=VERTEX_POINT('',#3842);
#1515=VERTEX_POINT('',#3849);
#1516=VERTEX_POINT('',#3854);
#1517=VERTEX_POINT('',#3855);
#1518=VERTEX_POINT('',#3869);
#1519=VERTEX_POINT('',#3881);
#1520=VERTEX_POINT('',#3885);
#1521=VERTEX_POINT('',#3887);
#1522=VERTEX_POINT('',#3889);
#1523=VERTEX_POINT('',#3891);
#1524=VERTEX_POINT('',#3893);
#1525=VERTEX_POINT('',#3895);
#1526=VERTEX_POINT('',#3897);
#1527=VERTEX_POINT('',#3899);
#1528=VERTEX_POINT('',#3912);
#1529=VERTEX_POINT('',#7064);
#1530=VERTEX_POINT('',#7065);
#1531=VERTEX_POINT('',#7067);
#1532=VERTEX_POINT('',#7069);
#1533=VERTEX_POINT('',#7071);
#1534=VERTEX_POINT('',#7073);
#1535=VERTEX_POINT('',#7075);
#1536=VERTEX_POINT('',#7077);
#1537=VERTEX_POINT('',#7079);
#1538=VERTEX_POINT('',#7081);
#1539=VERTEX_POINT('',#7083);
#1540=VERTEX_POINT('',#7085);
#1541=VERTEX_POINT('',#7087);
#1542=VERTEX_POINT('',#7089);
#1543=VERTEX_POINT('',#7091);
#1544=VERTEX_POINT('',#7093);
#1545=VERTEX_POINT('',#7099);
#1546=VERTEX_POINT('',#7100);
#1547=VERTEX_POINT('',#7110);
#1548=VERTEX_POINT('',#7116);
#1549=VERTEX_POINT('',#7127);
#1550=VERTEX_POINT('',#7138);
#1551=VERTEX_POINT('',#7159);
#1552=VERTEX_POINT('',#7164);
#1553=VERTEX_POINT('',#7173);
#1554=VERTEX_POINT('',#7186);
#1555=VERTEX_POINT('',#7188);
#1556=VERTEX_POINT('',#7190);
#1557=VERTEX_POINT('',#7192);
#1558=VERTEX_POINT('',#7194);
#1559=VERTEX_POINT('',#7196);
#1560=VERTEX_POINT('',#7198);
#1561=VERTEX_POINT('',#7200);
#1562=VERTEX_POINT('',#7203);
#1563=VERTEX_POINT('',#7205);
#1564=VERTEX_POINT('',#7207);
#1565=VERTEX_POINT('',#7209);
#1566=VERTEX_POINT('',#7211);
#1567=VERTEX_POINT('',#7213);
#1568=VERTEX_POINT('',#7215);
#1569=VERTEX_POINT('',#7217);
#1570=VERTEX_POINT('',#7225);
#1571=VERTEX_POINT('',#7236);
#1572=VERTEX_POINT('',#7240);
#1573=VERTEX_POINT('',#7241);
#1574=VERTEX_POINT('',#7243);
#1575=VERTEX_POINT('',#7245);
#1576=VERTEX_POINT('',#7250);
#1577=VERTEX_POINT('',#7254);
#1578=VERTEX_POINT('',#7261);
#1579=VERTEX_POINT('',#7265);
#1580=VERTEX_POINT('',#7267);
#1581=VERTEX_POINT('',#7269);
#1582=VERTEX_POINT('',#7273);
#1583=VERTEX_POINT('',#7274);
#1584=VERTEX_POINT('',#7277);
#1585=VERTEX_POINT('',#7279);
#1586=VERTEX_POINT('',#7284);
#1587=VERTEX_POINT('',#7288);
#1588=VERTEX_POINT('',#7290);
#1589=VERTEX_POINT('',#7292);
#1590=VERTEX_POINT('',#7294);
#1591=VERTEX_POINT('',#7296);
#1592=VERTEX_POINT('',#7298);
#1593=VERTEX_POINT('',#7303);
#1594=VERTEX_POINT('',#7305);
#1595=VERTEX_POINT('',#7307);
#1596=VERTEX_POINT('',#7309);
#1597=VERTEX_POINT('',#7321);
#1598=VERTEX_POINT('',#7323);
#1599=VERTEX_POINT('',#7325);
#1600=VERTEX_POINT('',#7327);
#1601=VERTEX_POINT('',#7329);
#1602=VERTEX_POINT('',#7331);
#1603=VERTEX_POINT('',#7333);
#1604=VERTEX_POINT('',#7336);
#1605=VERTEX_POINT('',#7338);
#1606=VERTEX_POINT('',#7340);
#1607=VERTEX_POINT('',#7342);
#1608=VERTEX_POINT('',#7344);
#1609=VERTEX_POINT('',#7347);
#1610=VERTEX_POINT('',#7348);
#1611=VERTEX_POINT('',#7351);
#1612=VERTEX_POINT('',#7353);
#1613=VERTEX_POINT('',#7355);
#1614=VERTEX_POINT('',#7357);
#1615=VERTEX_POINT('',#7359);
#1616=VERTEX_POINT('',#7361);
#1617=VERTEX_POINT('',#7363);
#1618=VERTEX_POINT('',#7365);
#1619=VERTEX_POINT('',#7367);
#1620=VERTEX_POINT('',#7369);
#1621=VERTEX_POINT('',#7371);
#1622=VERTEX_POINT('',#7373);
#1623=VERTEX_POINT('',#7375);
#1624=VERTEX_POINT('',#7377);
#1625=VERTEX_POINT('',#7380);
#1626=VERTEX_POINT('',#7382);
#1627=VERTEX_POINT('',#7384);
#1628=VERTEX_POINT('',#7386);
#1629=VERTEX_POINT('',#7388);
#1630=VERTEX_POINT('',#7390);
#1631=VERTEX_POINT('',#7392);
#1632=VERTEX_POINT('',#7394);
#1633=VERTEX_POINT('',#7396);
#1634=VERTEX_POINT('',#7398);
#1635=VERTEX_POINT('',#7400);
#1636=VERTEX_POINT('',#7402);
#1637=VERTEX_POINT('',#7427);
#1638=VERTEX_POINT('',#7456);
#1639=VERTEX_POINT('',#7469);
#1640=VERTEX_POINT('',#7471);
#1641=VERTEX_POINT('',#7473);
#1642=VERTEX_POINT('',#7477);
#1643=VERTEX_POINT('',#7479);
#1644=VERTEX_POINT('',#7487);
#1645=VERTEX_POINT('',#7490);
#1646=VERTEX_POINT('',#7492);
#1647=VERTEX_POINT('',#7494);
#1648=VERTEX_POINT('',#7510);
#1649=VERTEX_POINT('',#7512);
#1650=VERTEX_POINT('',#7519);
#1651=VERTEX_POINT('',#7522);
#1652=VERTEX_POINT('',#7534);
#1653=VERTEX_POINT('',#7541);
#1654=VERTEX_POINT('',#7543);
#1655=VERTEX_POINT('',#7545);
#1656=VERTEX_POINT('',#7553);
#1657=VERTEX_POINT('',#7555);
#1658=VERTEX_POINT('',#7562);
#1659=VERTEX_POINT('',#7564);
#1660=VERTEX_POINT('',#7566);
#1661=VERTEX_POINT('',#7568);
#1662=VERTEX_POINT('',#7571);
#1663=VERTEX_POINT('',#7573);
#1664=VERTEX_POINT('',#7575);
#1665=VERTEX_POINT('',#7594);
#1666=VERTEX_POINT('',#7598);
#1667=VERTEX_POINT('',#7600);
#1668=VERTEX_POINT('',#7607);
#1669=VERTEX_POINT('',#7610);
#1670=VERTEX_POINT('',#7619);
#1671=VERTEX_POINT('',#7626);
#1672=VERTEX_POINT('',#7628);
#1673=VERTEX_POINT('',#7630);
#1674=VERTEX_POINT('',#7650);
#1675=VERTEX_POINT('',#7652);
#1676=VERTEX_POINT('',#7658);
#1677=VERTEX_POINT('',#7660);
#1678=VERTEX_POINT('',#7662);
#1679=VERTEX_POINT('',#7664);
#1680=VERTEX_POINT('',#7666);
#1681=VERTEX_POINT('',#7676);
#1682=VERTEX_POINT('',#7678);
#1683=VERTEX_POINT('',#7689);
#1684=VERTEX_POINT('',#7691);
#1685=VERTEX_POINT('',#7708);
#1686=VERTEX_POINT('',#7710);
#1687=VERTEX_POINT('',#7718);
#1688=VERTEX_POINT('',#7720);
#1689=VERTEX_POINT('',#7739);
#1690=VERTEX_POINT('',#7741);
#1691=VERTEX_POINT('',#7746);
#1692=VERTEX_POINT('',#7748);
#1693=VERTEX_POINT('',#7750);
#1694=VERTEX_POINT('',#7752);
#1695=VERTEX_POINT('',#7883);
#1696=VERTEX_POINT('',#7884);
#1697=VERTEX_POINT('',#7892);
#1698=VERTEX_POINT('',#7896);
#1699=VERTEX_POINT('',#7916);
#1700=VERTEX_POINT('',#7918);
#1701=VERTEX_POINT('',#7921);
#1702=VERTEX_POINT('',#7923);
#1703=VERTEX_POINT('',#11038);
#1704=VERTEX_POINT('',#11039);
#1705=VERTEX_POINT('',#11044);
#1706=VERTEX_POINT('',#11045);
#1707=VERTEX_POINT('',#11047);
#1708=VERTEX_POINT('',#11050);
#1709=VERTEX_POINT('',#11054);
#1710=VERTEX_POINT('',#11056);
#1711=VERTEX_POINT('',#11060);
#1712=VERTEX_POINT('',#11062);
#1713=VERTEX_POINT('',#11064);
#1714=VERTEX_POINT('',#11068);
#1715=VERTEX_POINT('',#11069);
#1716=VERTEX_POINT('',#11074);
#1717=VERTEX_POINT('',#11075);
#1718=VERTEX_POINT('',#11077);
#1719=VERTEX_POINT('',#11082);
#1720=VERTEX_POINT('',#11084);
#1721=VERTEX_POINT('',#11088);
#1722=VERTEX_POINT('',#11090);
#1723=VERTEX_POINT('',#11092);
#1724=VERTEX_POINT('',#11094);
#1725=VERTEX_POINT('',#11098);
#1726=VERTEX_POINT('',#11100);
#1727=VERTEX_POINT('',#11104);
#1728=VERTEX_POINT('',#11106);
#1729=VERTEX_POINT('',#11110);
#1730=VERTEX_POINT('',#11111);
#1731=VERTEX_POINT('',#11116);
#1732=VERTEX_POINT('',#11118);
#1733=VERTEX_POINT('',#11122);
#1734=VERTEX_POINT('',#11136);
#1735=VERTEX_POINT('',#11143);
#1736=VERTEX_POINT('',#11157);
#1737=VERTEX_POINT('',#11168);
#1738=VERTEX_POINT('',#11191);
#1739=VERTEX_POINT('',#11227);
#1740=VERTEX_POINT('',#11229);
#1741=VERTEX_POINT('',#11234);
#1742=VERTEX_POINT('',#11236);
#1743=VERTEX_POINT('',#11241);
#1744=VERTEX_POINT('',#11243);
#1745=VERTEX_POINT('',#11248);
#1746=VERTEX_POINT('',#11250);
#1747=VERTEX_POINT('',#11255);
#1748=VERTEX_POINT('',#11257);
#1749=VERTEX_POINT('',#11262);
#1750=VERTEX_POINT('',#11264);
#1751=LINE('',#3768,#1921);
#1752=LINE('',#3771,#1922);
#1753=LINE('',#3773,#1923);
#1754=LINE('',#3775,#1924);
#1755=LINE('',#3776,#1925);
#1756=LINE('',#3781,#1926);
#1757=LINE('',#3785,#1927);
#1758=LINE('',#3788,#1928);
#1759=LINE('',#3792,#1929);
#1760=LINE('',#3796,#1930);
#1761=LINE('',#3797,#1931);
#1762=LINE('',#3802,#1932);
#1763=LINE('',#3806,#1933);
#1764=LINE('',#3811,#1934);
#1765=LINE('',#3822,#1935);
#1766=LINE('',#3826,#1936);
#1767=LINE('',#3843,#1937);
#1768=LINE('',#3882,#1938);
#1769=LINE('',#3884,#1939);
#1770=LINE('',#3898,#1940);
#1771=LINE('',#7187,#1941);
#1772=LINE('',#7191,#1942);
#1773=LINE('',#7195,#1943);
#1774=LINE('',#7199,#1944);
#1775=LINE('',#7204,#1945);
#1776=LINE('',#7208,#1946);
#1777=LINE('',#7212,#1947);
#1778=LINE('',#7216,#1948);
#1779=LINE('',#7235,#1949);
#1780=LINE('',#7237,#1950);
#1781=LINE('',#7242,#1951);
#1782=LINE('',#7246,#1952);
#1783=LINE('',#7248,#1953);
#1784=LINE('',#7251,#1954);
#1785=LINE('',#7255,#1955);
#1786=LINE('',#7258,#1956);
#1787=LINE('',#7266,#1957);
#1788=LINE('',#7270,#1958);
#1789=LINE('',#7272,#1959);
#1790=LINE('',#7275,#1960);
#1791=LINE('',#7276,#1961);
#1792=LINE('',#7278,#1962);
#1793=LINE('',#7280,#1963);
#1794=LINE('',#7281,#1964);
#1795=LINE('',#7283,#1965);
#1796=LINE('',#7285,#1966);
#1797=LINE('',#7287,#1967);
#1798=LINE('',#7289,#1968);
#1799=LINE('',#7291,#1969);
#1800=LINE('',#7293,#1970);
#1801=LINE('',#7295,#1971);
#1802=LINE('',#7297,#1972);
#1803=LINE('',#7304,#1973);
#1804=LINE('',#7306,#1974);
#1805=LINE('',#7308,#1975);
#1806=LINE('',#7324,#1976);
#1807=LINE('',#7328,#1977);
#1808=LINE('',#7332,#1978);
#1809=LINE('',#7337,#1979);
#1810=LINE('',#7341,#1980);
#1811=LINE('',#7345,#1981);
#1812=LINE('',#7346,#1982);
#1813=LINE('',#7352,#1983);
#1814=LINE('',#7360,#1984);
#1815=LINE('',#7364,#1985);
#1816=LINE('',#7372,#1986);
#1817=LINE('',#7385,#1987);
#1818=LINE('',#7393,#1988);
#1819=LINE('',#7397,#1989);
#1820=LINE('',#7429,#1990);
#1821=LINE('',#7430,#1991);
#1822=LINE('',#7433,#1992);
#1823=LINE('',#7435,#1993);
#1824=LINE('',#7437,#1994);
#1825=LINE('',#7439,#1995);
#1826=LINE('',#7441,#1996);
#1827=LINE('',#7443,#1997);
#1828=LINE('',#7446,#1998);
#1829=LINE('',#7448,#1999);
#1830=LINE('',#7450,#2000);
#1831=LINE('',#7452,#2001);
#1832=LINE('',#7455,#2002);
#1833=LINE('',#7457,#2003);
#1834=LINE('',#7470,#2004);
#1835=LINE('',#7472,#2005);
#1836=LINE('',#7474,#2006);
#1837=LINE('',#7478,#2007);
#1838=LINE('',#7486,#2008);
#1839=LINE('',#7488,#2009);
#1840=LINE('',#7489,#2010);
#1841=LINE('',#7491,#2011);
#1842=LINE('',#7493,#2012);
#1843=LINE('',#7511,#2013);
#1844=LINE('',#7518,#2014);
#1845=LINE('',#7520,#2015);
#1846=LINE('',#7521,#2016);
#1847=LINE('',#7533,#2017);
#1848=LINE('',#7540,#2018);
#1849=LINE('',#7542,#2019);
#1850=LINE('',#7544,#2020);
#1851=LINE('',#7554,#2021);
#1852=LINE('',#7561,#2022);
#1853=LINE('',#7565,#2023);
#1854=LINE('',#7569,#2024);
#1855=LINE('',#7570,#2025);
#1856=LINE('',#7572,#2026);
#1857=LINE('',#7574,#2027);
#1858=LINE('',#7593,#2028);
#1859=LINE('',#7595,#2029);
#1860=LINE('',#7599,#2030);
#1861=LINE('',#7606,#2031);
#1862=LINE('',#7608,#2032);
#1863=LINE('',#7609,#2033);
#1864=LINE('',#7618,#2034);
#1865=LINE('',#7625,#2035);
#1866=LINE('',#7627,#2036);
#1867=LINE('',#7629,#2037);
#1868=LINE('',#7649,#2038);
#1869=LINE('',#7651,#2039);
#1870=LINE('',#7653,#2040);
#1871=LINE('',#7657,#2041);
#1872=LINE('',#7659,#2042);
#1873=LINE('',#7663,#2043);
#1874=LINE('',#7667,#2044);
#1875=LINE('',#7677,#2045);
#1876=LINE('',#7679,#2046);
#1877=LINE('',#7690,#2047);
#1878=LINE('',#7709,#2048);
#1879=LINE('',#7711,#2049);
#1880=LINE('',#7719,#2050);
#1881=LINE('',#7735,#2051);
#1882=LINE('',#7738,#2052);
#1883=LINE('',#7740,#2053);
#1884=LINE('',#7742,#2054);
#1885=LINE('',#7745,#2055);
#1886=LINE('',#7749,#2056);
#1887=LINE('',#7753,#2057);
#1888=LINE('',#7755,#2058);
#1889=LINE('',#7756,#2059);
#1890=LINE('',#7758,#2060);
#1891=LINE('',#7761,#2061);
#1892=LINE('',#7763,#2062);
#1893=LINE('',#7765,#2063);
#1894=LINE('',#7891,#2064);
#1895=LINE('',#7895,#2065);
#1896=LINE('',#7924,#2066);
#1897=LINE('',#7926,#2067);
#1898=LINE('',#7928,#2068);
#1899=LINE('',#11040,#2069);
#1900=LINE('',#11041,#2070);
#1901=LINE('',#11046,#2071);
#1902=LINE('',#11051,#2072);
#1903=LINE('',#11053,#2073);
#1904=LINE('',#11057,#2074);
#1905=LINE('',#11063,#2075);
#1906=LINE('',#11070,#2076);
#1907=LINE('',#11071,#2077);
#1908=LINE('',#11073,#2078);
#1909=LINE('',#11081,#2079);
#1910=LINE('',#11085,#2080);
#1911=LINE('',#11089,#2081);
#1912=LINE('',#11093,#2082);
#1913=LINE('',#11097,#2083);
#1914=LINE('',#11101,#2084);
#1915=LINE('',#11112,#2085);
#1916=LINE('',#11113,#2086);
#1917=LINE('',#11209,#2087);
#1918=LINE('',#11210,#2088);
#1919=LINE('',#11212,#2089);
#1920=LINE('',#11214,#2090);
#1921=VECTOR('',#2974,1.);
#1922=VECTOR('',#2975,1.);
#1923=VECTOR('',#2976,1.);
#1924=VECTOR('',#2977,1.);
#1925=VECTOR('',#2978,1.);
#1926=VECTOR('',#2981,1.);
#1927=VECTOR('',#2986,1.);
#1928=VECTOR('',#2987,1.);
#1929=VECTOR('',#2990,1.);
#1930=VECTOR('',#2993,1.);
#1931=VECTOR('',#2994,1.);
#1932=VECTOR('',#2997,1.);
#1933=VECTOR('',#3002,1.);
#1934=VECTOR('',#3005,1.);
#1935=VECTOR('',#3010,1.);
#1936=VECTOR('',#3013,1.);
#1937=VECTOR('',#3018,1.);
#1938=VECTOR('',#3033,1.);
#1939=VECTOR('',#3036,1.);
#1940=VECTOR('',#3049,1.);
#1941=VECTOR('',#3084,1.);
#1942=VECTOR('',#3087,1.);
#1943=VECTOR('',#3090,1.);
#1944=VECTOR('',#3093,1.);
#1945=VECTOR('',#3098,1.);
#1946=VECTOR('',#3101,1.);
#1947=VECTOR('',#3104,1.);
#1948=VECTOR('',#3107,1.);
#1949=VECTOR('',#3110,1.);
#1950=VECTOR('',#3111,1.);
#1951=VECTOR('',#3116,1.);
#1952=VECTOR('',#3119,1.);
#1953=VECTOR('',#3122,1.);
#1954=VECTOR('',#3125,1.);
#1955=VECTOR('',#3130,1.);
#1956=VECTOR('',#3135,1.);
#1957=VECTOR('',#3146,1.);
#1958=VECTOR('',#3149,1.);
#1959=VECTOR('',#3152,1.);
#1960=VECTOR('',#3153,1.);
#1961=VECTOR('',#3154,1.);
#1962=VECTOR('',#3155,1.);
#1963=VECTOR('',#3156,1.);
#1964=VECTOR('',#3157,1.);
#1965=VECTOR('',#3160,1.);
#1966=VECTOR('',#3161,1.);
#1967=VECTOR('',#3164,1.);
#1968=VECTOR('',#3165,1.);
#1969=VECTOR('',#3166,1.);
#1970=VECTOR('',#3167,1.);
#1971=VECTOR('',#3168,1.);
#1972=VECTOR('',#3169,1.);
#1973=VECTOR('',#3170,1.);
#1974=VECTOR('',#3171,1.);
#1975=VECTOR('',#3172,1.);
#1976=VECTOR('',#3179,1.);
#1977=VECTOR('',#3182,1.);
#1978=VECTOR('',#3185,1.);
#1979=VECTOR('',#3190,1.);
#1980=VECTOR('',#3193,1.);
#1981=VECTOR('',#3196,1.);
#1982=VECTOR('',#3197,1.);
#1983=VECTOR('',#3202,1.);
#1984=VECTOR('',#3209,1.);
#1985=VECTOR('',#3212,1.);
#1986=VECTOR('',#3219,1.);
#1987=VECTOR('',#3232,1.);
#1988=VECTOR('',#3239,1.);
#1989=VECTOR('',#3242,1.);
#1990=VECTOR('',#3253,1.);
#1991=VECTOR('',#3254,1.);
#1992=VECTOR('',#3259,1.);
#1993=VECTOR('',#3262,1.);
#1994=VECTOR('',#3265,1.);
#1995=VECTOR('',#3268,1.);
#1996=VECTOR('',#3271,1.);
#1997=VECTOR('',#3274,1.);
#1998=VECTOR('',#3279,1.);
#1999=VECTOR('',#3282,1.);
#2000=VECTOR('',#3285,1.);
#2001=VECTOR('',#3288,1.);
#2002=VECTOR('',#3293,1.);
#2003=VECTOR('',#3294,1.);
#2004=VECTOR('',#3295,1.);
#2005=VECTOR('',#3296,1.);
#2006=VECTOR('',#3297,1.);
#2007=VECTOR('',#3302,1.);
#2008=VECTOR('',#3305,1.);
#2009=VECTOR('',#3306,1.);
#2010=VECTOR('',#3307,1.);
#2011=VECTOR('',#3308,1.);
#2012=VECTOR('',#3309,1.);
#2013=VECTOR('',#3314,1.);
#2014=VECTOR('',#3317,1.);
#2015=VECTOR('',#3318,1.);
#2016=VECTOR('',#3319,1.);
#2017=VECTOR('',#3322,1.);
#2018=VECTOR('',#3325,1.);
#2019=VECTOR('',#3326,1.);
#2020=VECTOR('',#3327,1.);
#2021=VECTOR('',#3332,1.);
#2022=VECTOR('',#3335,1.);
#2023=VECTOR('',#3338,1.);
#2024=VECTOR('',#3341,1.);
#2025=VECTOR('',#3342,1.);
#2026=VECTOR('',#3343,1.);
#2027=VECTOR('',#3344,1.);
#2028=VECTOR('',#3345,1.);
#2029=VECTOR('',#3346,1.);
#2030=VECTOR('',#3351,1.);
#2031=VECTOR('',#3354,1.);
#2032=VECTOR('',#3355,1.);
#2033=VECTOR('',#3356,1.);
#2034=VECTOR('',#3359,1.);
#2035=VECTOR('',#3362,1.);
#2036=VECTOR('',#3363,1.);
#2037=VECTOR('',#3364,1.);
#2038=VECTOR('',#3371,1.);
#2039=VECTOR('',#3372,1.);
#2040=VECTOR('',#3373,1.);
#2041=VECTOR('',#3380,1.);
#2042=VECTOR('',#3381,1.);
#2043=VECTOR('',#3384,1.);
#2044=VECTOR('',#3387,1.);
#2045=VECTOR('',#3390,1.);
#2046=VECTOR('',#3391,1.);
#2047=VECTOR('',#3394,1.);
#2048=VECTOR('',#3399,1.);
#2049=VECTOR('',#3400,1.);
#2050=VECTOR('',#3403,1.);
#2051=VECTOR('',#3408,1.);
#2052=VECTOR('',#3413,1.);
#2053=VECTOR('',#3414,1.);
#2054=VECTOR('',#3415,1.);
#2055=VECTOR('',#3420,1.);
#2056=VECTOR('',#3423,1.);
#2057=VECTOR('',#3426,1.);
#2058=VECTOR('',#3429,1.);
#2059=VECTOR('',#3430,1.);
#2060=VECTOR('',#3433,1.);
#2061=VECTOR('',#3438,1.);
#2062=VECTOR('',#3441,1.);
#2063=VECTOR('',#3444,1.);
#2064=VECTOR('',#3451,1.);
#2065=VECTOR('',#3456,1.);
#2066=VECTOR('',#3469,1.);
#2067=VECTOR('',#3472,1.);
#2068=VECTOR('',#3475,1.);
#2069=VECTOR('',#3482,1.);
#2070=VECTOR('',#3483,1.);
#2071=VECTOR('',#3488,1.);
#2072=VECTOR('',#3493,1.);
#2073=VECTOR('',#3496,1.);
#2074=VECTOR('',#3499,1.);
#2075=VECTOR('',#3506,1.);
#2076=VECTOR('',#3513,1.);
#2077=VECTOR('',#3514,1.);
#2078=VECTOR('',#3517,1.);
#2079=VECTOR('',#3526,1.);
#2080=VECTOR('',#3529,1.);
#2081=VECTOR('',#3534,1.);
#2082=VECTOR('',#3537,1.);
#2083=VECTOR('',#3542,1.);
#2084=VECTOR('',#3545,1.);
#2085=VECTOR('',#3558,1.);
#2086=VECTOR('',#3559,1.);
#2087=VECTOR('',#3678,1.);
#2088=VECTOR('',#3679,1.);
#2089=VECTOR('',#3682,1.);
#2090=VECTOR('',#3685,1.);
#2091=EDGE_LOOP('',(#325,#326,#327,#328));
#2092=EDGE_LOOP('',(#329,#330,#331,#332));
#2093=EDGE_LOOP('',(#333,#334,#335,#336,#337,#338));
#2094=EDGE_LOOP('',(#339,#340,#341,#342));
#2095=EDGE_LOOP('',(#343,#344,#345,#346));
#2096=EDGE_LOOP('',(#347,#348,#349,#350));
#2097=EDGE_LOOP('',(#351,#352,#353));
#2098=EDGE_LOOP('',(#354,#355,#356,#357,#358));
#2099=EDGE_LOOP('',(#359,#360));
#2100=EDGE_LOOP('',(#361));
#2101=EDGE_LOOP('',(#362,#363,#364,#365,#366,#367));
#2102=EDGE_LOOP('',(#368,#369,#370,#371,#372,#373,#374,#375,#376,#377,#378,
#379));
#2103=EDGE_LOOP('',(#380));
#2104=EDGE_LOOP('',(#381));
#2105=EDGE_LOOP('',(#382,#383,#384,#385,#386,#387,#388,#389,#390,#391,#392,
#393,#394,#395,#396,#397));
#2106=EDGE_LOOP('',(#398,#399,#400,#401,#402,#403));
#2107=EDGE_LOOP('',(#404,#405,#406,#407,#408,#409,#410,#411,#412,#413,#414,
#415,#416,#417,#418,#419,#420,#421,#422,#423,#424,#425,#426,#427,#428,#429,
#430,#431,#432));
#2108=EDGE_LOOP('',(#433,#434,#435,#436));
#2109=EDGE_LOOP('',(#437,#438,#439,#440));
#2110=EDGE_LOOP('',(#441,#442,#443,#444,#445));
#2111=EDGE_LOOP('',(#446,#447,#448,#449));
#2112=EDGE_LOOP('',(#450,#451,#452,#453,#454));
#2113=EDGE_LOOP('',(#455));
#2114=EDGE_LOOP('',(#456));
#2115=EDGE_LOOP('',(#457,#458,#459,#460));
#2116=EDGE_LOOP('',(#461));
#2117=EDGE_LOOP('',(#462,#463,#464,#465,#466,#467));
#2118=EDGE_LOOP('',(#468,#469,#470,#471,#472,#473,#474,#475));
#2119=EDGE_LOOP('',(#476,#477,#478));
#2120=EDGE_LOOP('',(#479,#480,#481,#482,#483,#484,#485,#486,#487,#488,#489,
#490));
#2121=EDGE_LOOP('',(#491,#492,#493,#494,#495,#496,#497,#498,#499,#500,#501,
#502,#503,#504,#505,#506));
#2122=EDGE_LOOP('',(#507,#508,#509,#510,#511,#512,#513,#514,#515,#516,#517,
#518,#519,#520,#521,#522,#523,#524,#525,#526,#527,#528,#529,#530,#531,#532,
#533,#534,#535,#536,#537,#538));
#2123=EDGE_LOOP('',(#539));
#2124=EDGE_LOOP('',(#540,#541,#542,#543,#544,#545,#546,#547,#548,#549,#550,
#551,#552,#553,#554,#555));
#2125=EDGE_LOOP('',(#556,#557,#558,#559));
#2126=EDGE_LOOP('',(#560,#561,#562,#563));
#2127=EDGE_LOOP('',(#564,#565,#566,#567));
#2128=EDGE_LOOP('',(#568,#569,#570,#571));
#2129=EDGE_LOOP('',(#572,#573,#574,#575));
#2130=EDGE_LOOP('',(#576,#577,#578,#579));
#2131=EDGE_LOOP('',(#580,#581,#582,#583));
#2132=EDGE_LOOP('',(#584,#585,#586,#587));
#2133=EDGE_LOOP('',(#588,#589,#590,#591));
#2134=EDGE_LOOP('',(#592,#593,#594,#595));
#2135=EDGE_LOOP('',(#596,#597,#598,#599));
#2136=EDGE_LOOP('',(#600,#601,#602,#603));
#2137=EDGE_LOOP('',(#604,#605,#606,#607));
#2138=EDGE_LOOP('',(#608,#609,#610,#611));
#2139=EDGE_LOOP('',(#612,#613,#614,#615,#616,#617,#618,#619));
#2140=EDGE_LOOP('',(#620,#621,#622,#623));
#2141=EDGE_LOOP('',(#624,#625,#626,#627,#628,#629,#630,#631));
#2142=EDGE_LOOP('',(#632,#633,#634,#635));
#2143=EDGE_LOOP('',(#636,#637,#638,#639,#640,#641));
#2144=EDGE_LOOP('',(#642,#643,#644,#645));
#2145=EDGE_LOOP('',(#646,#647,#648,#649,#650,#651));
#2146=EDGE_LOOP('',(#652,#653,#654,#655));
#2147=EDGE_LOOP('',(#656,#657,#658,#659,#660,#661,#662,#663,#664,#665,#666,
#667,#668,#669));
#2148=EDGE_LOOP('',(#670,#671,#672,#673));
#2149=EDGE_LOOP('',(#674,#675,#676,#677,#678,#679));
#2150=EDGE_LOOP('',(#680,#681,#682,#683));
#2151=EDGE_LOOP('',(#684,#685,#686,#687,#688,#689));
#2152=EDGE_LOOP('',(#690,#691,#692,#693));
#2153=EDGE_LOOP('',(#694,#695,#696,#697,#698,#699));
#2154=EDGE_LOOP('',(#700,#701,#702,#703));
#2155=EDGE_LOOP('',(#704,#705,#706,#707,#708,#709,#710,#711,#712,#713,#714,
#715));
#2156=EDGE_LOOP('',(#716,#717,#718,#719));
#2157=EDGE_LOOP('',(#720,#721,#722,#723));
#2158=EDGE_LOOP('',(#724,#725,#726,#727));
#2159=EDGE_LOOP('',(#728,#729,#730,#731));
#2160=EDGE_LOOP('',(#732,#733,#734,#735));
#2161=EDGE_LOOP('',(#736,#737,#738,#739,#740,#741));
#2162=EDGE_LOOP('',(#742,#743,#744,#745));
#2163=EDGE_LOOP('',(#746,#747,#748,#749,#750,#751,#752,#753));
#2164=EDGE_LOOP('',(#754,#755,#756,#757));
#2165=EDGE_LOOP('',(#758,#759,#760,#761));
#2166=EDGE_LOOP('',(#762,#763,#764,#765));
#2167=EDGE_LOOP('',(#766,#767,#768,#769,#770));
#2168=EDGE_LOOP('',(#771,#772,#773,#774));
#2169=EDGE_LOOP('',(#775,#776,#777,#778,#779,#780,#781,#782,#783));
#2170=EDGE_LOOP('',(#784,#785,#786,#787));
#2171=EDGE_LOOP('',(#788,#789,#790,#791));
#2172=EDGE_LOOP('',(#792));
#2173=EDGE_LOOP('',(#793,#794));
#2174=EDGE_LOOP('',(#795,#796,#797));
#2175=EDGE_LOOP('',(#798,#799,#800,#801));
#2176=EDGE_LOOP('',(#802));
#2177=EDGE_LOOP('',(#803));
#2178=EDGE_LOOP('',(#804,#805,#806,#807,#808,#809));
#2179=EDGE_LOOP('',(#810));
#2180=EDGE_LOOP('',(#811,#812,#813));
#2181=EDGE_LOOP('',(#814,#815,#816,#817));
#2182=EDGE_LOOP('',(#818,#819,#820,#821));
#2183=EDGE_LOOP('',(#822));
#2184=EDGE_LOOP('',(#823,#824));
#2185=EDGE_LOOP('',(#825,#826,#827,#828,#829,#830,#831,#832,#833,#834,#835,
#836,#837,#838,#839,#840,#841,#842,#843,#844,#845,#846));
#2186=EDGE_LOOP('',(#847,#848,#849,#850));
#2187=EDGE_LOOP('',(#851,#852,#853,#854,#855,#856));
#2188=EDGE_LOOP('',(#857,#858,#859,#860));
#2189=EDGE_LOOP('',(#861,#862,#863,#864,#865));
#2190=EDGE_LOOP('',(#866,#867,#868,#869));
#2191=EDGE_LOOP('',(#870,#871,#872,#873,#874));
#2192=EDGE_LOOP('',(#875,#876,#877,#878));
#2193=EDGE_LOOP('',(#879,#880,#881,#882,#883,#884));
#2194=EDGE_LOOP('',(#885,#886,#887,#888));
#2195=EDGE_LOOP('',(#889,#890,#891,#892));
#2196=EDGE_LOOP('',(#893,#894,#895,#896));
#2197=EDGE_LOOP('',(#897,#898,#899,#900));
#2198=EDGE_LOOP('',(#901,#902,#903));
#2199=EDGE_LOOP('',(#904,#905,#906,#907,#908,#909));
#2200=EDGE_LOOP('',(#910,#911,#912,#913,#914,#915));
#2201=EDGE_LOOP('',(#916,#917,#918,#919,#920,#921));
#2202=EDGE_LOOP('',(#922,#923,#924));
#2203=EDGE_LOOP('',(#925,#926,#927));
#2204=EDGE_LOOP('',(#928,#929,#930,#931,#932,#933));
#2205=EDGE_LOOP('',(#934,#935,#936,#937,#938,#939));
#2206=EDGE_LOOP('',(#940,#941,#942,#943,#944,#945));
#2207=EDGE_LOOP('',(#946,#947,#948));
#2208=EDGE_LOOP('',(#949,#950,#951,#952,#953));
#2209=EDGE_LOOP('',(#954,#955,#956,#957));
#2210=EDGE_LOOP('',(#958,#959,#960));
#2211=EDGE_LOOP('',(#961,#962,#963,#964,#965));
#2212=EDGE_LOOP('',(#966,#967,#968,#969,#970,#971));
#2213=EDGE_LOOP('',(#972,#973,#974,#975,#976));
#2214=EDGE_LOOP('',(#977,#978,#979,#980));
#2215=EDGE_LOOP('',(#981,#982,#983,#984));
#2216=EDGE_LOOP('',(#985,#986,#987,#988));
#2217=EDGE_LOOP('',(#989,#990,#991,#992,#993));
#2218=EDGE_LOOP('',(#994,#995,#996,#997,#998));
#2219=EDGE_LOOP('',(#999,#1000,#1001,#1002));
#2220=EDGE_LOOP('',(#1003,#1004,#1005,#1006,#1007));
#2221=EDGE_LOOP('',(#1008,#1009,#1010));
#2222=EDGE_LOOP('',(#1011,#1012,#1013,#1014,#1015,#1016));
#2223=EDGE_LOOP('',(#1017,#1018,#1019,#1020,#1021));
#2224=EDGE_LOOP('',(#1022,#1023,#1024,#1025));
#2225=EDGE_LOOP('',(#1026,#1027,#1028,#1029));
#2226=EDGE_LOOP('',(#1030,#1031,#1032,#1033));
#2227=EDGE_LOOP('',(#1034,#1035,#1036,#1037,#1038));
#2228=EDGE_LOOP('',(#1039,#1040,#1041,#1042));
#2229=EDGE_LOOP('',(#1043,#1044,#1045,#1046));
#2230=EDGE_LOOP('',(#1047,#1048,#1049,#1050));
#2231=EDGE_LOOP('',(#1051,#1052,#1053,#1054));
#2232=EDGE_LOOP('',(#1055,#1056,#1057,#1058));
#2233=EDGE_LOOP('',(#1059,#1060,#1061,#1062));
#2234=EDGE_LOOP('',(#1063,#1064,#1065,#1066));
#2235=EDGE_LOOP('',(#1067,#1068,#1069,#1070));
#2236=EDGE_LOOP('',(#1071,#1072,#1073,#1074));
#2237=EDGE_LOOP('',(#1075));
#2238=EDGE_LOOP('',(#1076));
#2239=EDGE_LOOP('',(#1077));
#2240=EDGE_LOOP('',(#1078));
#2241=EDGE_LOOP('',(#1079));
#2242=EDGE_LOOP('',(#1080));
#2243=EDGE_LOOP('',(#1081));
#2244=EDGE_LOOP('',(#1082));
#2245=EDGE_LOOP('',(#1083));
#2246=EDGE_LOOP('',(#1084));
#2247=EDGE_LOOP('',(#1085));
#2248=EDGE_LOOP('',(#1086));
#2249=EDGE_LOOP('',(#1087));
#2250=EDGE_LOOP('',(#1088));
#2251=EDGE_LOOP('',(#1089));
#2252=EDGE_LOOP('',(#1090));
#2253=EDGE_LOOP('',(#1091));
#2254=EDGE_LOOP('',(#1092));
#2255=EDGE_LOOP('',(#1093));
#2256=EDGE_LOOP('',(#1094));
#2257=EDGE_LOOP('',(#1095));
#2258=EDGE_LOOP('',(#1096));
#2259=EDGE_LOOP('',(#1097));
#2260=EDGE_LOOP('',(#1098));
#2261=FACE_BOUND('',#2091,.T.);
#2262=FACE_BOUND('',#2092,.T.);
#2263=FACE_BOUND('',#2093,.T.);
#2264=FACE_BOUND('',#2094,.T.);
#2265=FACE_BOUND('',#2095,.T.);
#2266=FACE_BOUND('',#2096,.T.);
#2267=FACE_BOUND('',#2097,.T.);
#2268=FACE_BOUND('',#2098,.T.);
#2269=FACE_BOUND('',#2099,.T.);
#2270=FACE_BOUND('',#2100,.T.);
#2271=FACE_BOUND('',#2101,.T.);
#2272=FACE_BOUND('',#2102,.T.);
#2273=FACE_BOUND('',#2103,.T.);
#2274=FACE_BOUND('',#2104,.T.);
#2275=FACE_BOUND('',#2105,.T.);
#2276=FACE_BOUND('',#2106,.T.);
#2277=FACE_BOUND('',#2107,.T.);
#2278=FACE_BOUND('',#2108,.T.);
#2279=FACE_BOUND('',#2109,.T.);
#2280=FACE_BOUND('',#2110,.T.);
#2281=FACE_BOUND('',#2111,.T.);
#2282=FACE_BOUND('',#2112,.T.);
#2283=FACE_BOUND('',#2113,.T.);
#2284=FACE_BOUND('',#2114,.T.);
#2285=FACE_BOUND('',#2115,.T.);
#2286=FACE_BOUND('',#2116,.T.);
#2287=FACE_BOUND('',#2117,.T.);
#2288=FACE_BOUND('',#2118,.T.);
#2289=FACE_BOUND('',#2119,.T.);
#2290=FACE_BOUND('',#2120,.T.);
#2291=FACE_BOUND('',#2121,.T.);
#2292=FACE_BOUND('',#2122,.T.);
#2293=FACE_BOUND('',#2123,.T.);
#2294=FACE_BOUND('',#2124,.T.);
#2295=FACE_BOUND('',#2125,.T.);
#2296=FACE_BOUND('',#2126,.T.);
#2297=FACE_BOUND('',#2127,.T.);
#2298=FACE_BOUND('',#2128,.T.);
#2299=FACE_BOUND('',#2129,.T.);
#2300=FACE_BOUND('',#2130,.T.);
#2301=FACE_BOUND('',#2131,.T.);
#2302=FACE_BOUND('',#2132,.T.);
#2303=FACE_BOUND('',#2133,.T.);
#2304=FACE_BOUND('',#2134,.T.);
#2305=FACE_BOUND('',#2135,.T.);
#2306=FACE_BOUND('',#2136,.T.);
#2307=FACE_BOUND('',#2137,.T.);
#2308=FACE_BOUND('',#2138,.T.);
#2309=FACE_BOUND('',#2139,.T.);
#2310=FACE_BOUND('',#2140,.T.);
#2311=FACE_BOUND('',#2141,.T.);
#2312=FACE_BOUND('',#2142,.T.);
#2313=FACE_BOUND('',#2143,.T.);
#2314=FACE_BOUND('',#2144,.T.);
#2315=FACE_BOUND('',#2145,.T.);
#2316=FACE_BOUND('',#2146,.T.);
#2317=FACE_BOUND('',#2147,.T.);
#2318=FACE_BOUND('',#2148,.T.);
#2319=FACE_BOUND('',#2149,.T.);
#2320=FACE_BOUND('',#2150,.T.);
#2321=FACE_BOUND('',#2151,.T.);
#2322=FACE_BOUND('',#2152,.T.);
#2323=FACE_BOUND('',#2153,.T.);
#2324=FACE_BOUND('',#2154,.T.);
#2325=FACE_BOUND('',#2155,.T.);
#2326=FACE_BOUND('',#2156,.T.);
#2327=FACE_BOUND('',#2157,.T.);
#2328=FACE_BOUND('',#2158,.T.);
#2329=FACE_BOUND('',#2159,.T.);
#2330=FACE_BOUND('',#2160,.T.);
#2331=FACE_BOUND('',#2161,.T.);
#2332=FACE_BOUND('',#2162,.T.);
#2333=FACE_BOUND('',#2163,.T.);
#2334=FACE_BOUND('',#2164,.T.);
#2335=FACE_BOUND('',#2165,.T.);
#2336=FACE_BOUND('',#2166,.T.);
#2337=FACE_BOUND('',#2167,.T.);
#2338=FACE_BOUND('',#2168,.T.);
#2339=FACE_BOUND('',#2169,.T.);
#2340=FACE_BOUND('',#2170,.T.);
#2341=FACE_BOUND('',#2171,.T.);
#2342=FACE_BOUND('',#2172,.T.);
#2343=FACE_BOUND('',#2173,.T.);
#2344=FACE_BOUND('',#2174,.T.);
#2345=FACE_BOUND('',#2175,.T.);
#2346=FACE_BOUND('',#2176,.T.);
#2347=FACE_BOUND('',#2177,.T.);
#2348=FACE_BOUND('',#2178,.T.);
#2349=FACE_BOUND('',#2179,.T.);
#2350=FACE_BOUND('',#2180,.T.);
#2351=FACE_BOUND('',#2181,.T.);
#2352=FACE_BOUND('',#2182,.T.);
#2353=FACE_BOUND('',#2183,.T.);
#2354=FACE_BOUND('',#2184,.T.);
#2355=FACE_BOUND('',#2185,.T.);
#2356=FACE_BOUND('',#2186,.T.);
#2357=FACE_BOUND('',#2187,.T.);
#2358=FACE_BOUND('',#2188,.T.);
#2359=FACE_BOUND('',#2189,.T.);
#2360=FACE_BOUND('',#2190,.T.);
#2361=FACE_BOUND('',#2191,.T.);
#2362=FACE_BOUND('',#2192,.T.);
#2363=FACE_BOUND('',#2193,.T.);
#2364=FACE_BOUND('',#2194,.T.);
#2365=FACE_BOUND('',#2195,.T.);
#2366=FACE_BOUND('',#2196,.T.);
#2367=FACE_BOUND('',#2197,.T.);
#2368=FACE_BOUND('',#2198,.T.);
#2369=FACE_BOUND('',#2199,.T.);
#2370=FACE_BOUND('',#2200,.T.);
#2371=FACE_BOUND('',#2201,.T.);
#2372=FACE_BOUND('',#2202,.T.);
#2373=FACE_BOUND('',#2203,.T.);
#2374=FACE_BOUND('',#2204,.T.);
#2375=FACE_BOUND('',#2205,.T.);
#2376=FACE_BOUND('',#2206,.T.);
#2377=FACE_BOUND('',#2207,.T.);
#2378=FACE_BOUND('',#2208,.T.);
#2379=FACE_BOUND('',#2209,.T.);
#2380=FACE_BOUND('',#2210,.T.);
#2381=FACE_BOUND('',#2211,.T.);
#2382=FACE_BOUND('',#2212,.T.);
#2383=FACE_BOUND('',#2213,.T.);
#2384=FACE_BOUND('',#2214,.T.);
#2385=FACE_BOUND('',#2215,.T.);
#2386=FACE_BOUND('',#2216,.T.);
#2387=FACE_BOUND('',#2217,.T.);
#2388=FACE_BOUND('',#2218,.T.);
#2389=FACE_BOUND('',#2219,.T.);
#2390=FACE_BOUND('',#2220,.T.);
#2391=FACE_BOUND('',#2221,.T.);
#2392=FACE_BOUND('',#2222,.T.);
#2393=FACE_BOUND('',#2223,.T.);
#2394=FACE_BOUND('',#2224,.T.);
#2395=FACE_BOUND('',#2225,.T.);
#2396=FACE_BOUND('',#2226,.T.);
#2397=FACE_BOUND('',#2227,.T.);
#2398=FACE_BOUND('',#2228,.T.);
#2399=FACE_BOUND('',#2229,.T.);
#2400=FACE_BOUND('',#2230,.T.);
#2401=FACE_BOUND('',#2231,.T.);
#2402=FACE_BOUND('',#2232,.T.);
#2403=FACE_BOUND('',#2233,.T.);
#2404=FACE_BOUND('',#2234,.T.);
#2405=FACE_BOUND('',#2235,.T.);
#2406=FACE_BOUND('',#2236,.T.);
#2407=FACE_BOUND('',#2237,.T.);
#2408=FACE_BOUND('',#2238,.T.);
#2409=FACE_BOUND('',#2239,.T.);
#2410=FACE_BOUND('',#2240,.T.);
#2411=FACE_BOUND('',#2241,.T.);
#2412=FACE_BOUND('',#2242,.T.);
#2413=FACE_BOUND('',#2243,.T.);
#2414=FACE_BOUND('',#2244,.T.);
#2415=FACE_BOUND('',#2245,.T.);
#2416=FACE_BOUND('',#2246,.T.);
#2417=FACE_BOUND('',#2247,.T.);
#2418=FACE_BOUND('',#2248,.T.);
#2419=FACE_BOUND('',#2249,.T.);
#2420=FACE_BOUND('',#2250,.T.);
#2421=FACE_BOUND('',#2251,.T.);
#2422=FACE_BOUND('',#2252,.T.);
#2423=FACE_BOUND('',#2253,.T.);
#2424=FACE_BOUND('',#2254,.T.);
#2425=FACE_BOUND('',#2255,.T.);
#2426=FACE_BOUND('',#2256,.T.);
#2427=FACE_BOUND('',#2257,.T.);
#2428=FACE_BOUND('',#2258,.T.);
#2429=FACE_BOUND('',#2259,.T.);
#2430=FACE_BOUND('',#2260,.T.);
#2431=PLANE('',#2658);
#2432=PLANE('',#2661);
#2433=PLANE('',#2679);
#2434=PLANE('',#2680);
#2435=PLANE('',#2712);
#2436=PLANE('',#2724);
#2437=PLANE('',#2728);
#2438=PLANE('',#2729);
#2439=PLANE('',#2730);
#2440=PLANE('',#2731);
#2441=PLANE('',#2762);
#2442=PLANE('',#2763);
#2443=PLANE('',#2766);
#2444=PLANE('',#2768);
#2445=PLANE('',#2770);
#2446=PLANE('',#2773);
#2447=PLANE('',#2775);
#2448=PLANE('',#2777);
#2449=PLANE('',#2780);
#2450=PLANE('',#2783);
#2451=PLANE('',#2785);
#2452=PLANE('',#2788);
#2453=PLANE('',#2793);
#2454=PLANE('',#2795);
#2455=PLANE('',#2798);
#2456=PLANE('',#2801);
#2457=PLANE('',#2804);
#2458=PLANE('',#2807);
#2459=PLANE('',#2810);
#2460=PLANE('',#2811);
#2461=PLANE('',#2812);
#2462=PLANE('',#2813);
#2463=PLANE('',#2817);
#2464=PLANE('',#2820);
#2465=PLANE('',#2822);
#2466=PLANE('',#2823);
#2467=PLANE('',#2824);
#2468=PLANE('',#2831);
#2469=PLANE('',#2835);
#2470=PLANE('',#2839);
#2471=PLANE('',#2845);
#2472=PLANE('',#2851);
#2473=PLANE('',#2857);
#2474=PLANE('',#2863);
#2475=PLANE('',#2869);
#2476=PLANE('',#2928);
#2477=PLANE('',#2929);
#2478=PLANE('',#2943);
#2479=PLANE('',#2944);
#2480=PLANE('',#2948);
#2481=PLANE('',#2949);
#2482=PLANE('',#2953);
#2483=PLANE('',#2954);
#2484=PLANE('',#2958);
#2485=PLANE('',#2959);
#2486=PLANE('',#2963);
#2487=PLANE('',#2964);
#2488=PLANE('',#2968);
#2489=PLANE('',#2969);
#2490=ADVANCED_FACE('',(#2261,#2262),#2431,.F.);
#2491=ADVANCED_FACE('',(#2263,#2264),#2432,.F.);
#2492=ADVANCED_FACE('',(#2265),#92,.F.);
#2493=ADVANCED_FACE('',(#2266),#93,.F.);
#2494=ADVANCED_FACE('',(#2267),#94,.F.);
#2495=ADVANCED_FACE('',(#2268),#95,.T.);
#2496=ADVANCED_FACE('',(#2269,#2270),#96,.F.);
#2497=ADVANCED_FACE('',(#2271),#2433,.F.);
#2498=ADVANCED_FACE('',(#2272,#2273,#2274),#2434,.T.);
#2499=ADVANCED_FACE('',(#2275,#2276,#2277),#39,.T.);
#2500=ADVANCED_FACE('',(#2278),#2435,.T.);
#2501=ADVANCED_FACE('',(#2279),#97,.F.);
#2502=ADVANCED_FACE('',(#2280),#98,.F.);
#2503=ADVANCED_FACE('',(#2281),#99,.T.);
#2504=ADVANCED_FACE('',(#2282),#100,.F.);
#2505=ADVANCED_FACE('',(#2283,#2284),#101,.F.);
#2506=ADVANCED_FACE('',(#2285,#2286),#2436,.F.);
#2507=ADVANCED_FACE('',(#2287),#102,.T.);
#2508=ADVANCED_FACE('',(#2288),#2437,.F.);
#2509=ADVANCED_FACE('',(#2289),#2438,.F.);
#2510=ADVANCED_FACE('',(#2290),#2439,.T.);
#2511=ADVANCED_FACE('',(#2291,#2292),#2440,.T.);
#2512=ADVANCED_FACE('',(#2293,#2294),#2441,.F.);
#2513=ADVANCED_FACE('',(#2295),#2442,.F.);
#2514=ADVANCED_FACE('',(#2296),#103,.T.);
#2515=ADVANCED_FACE('',(#2297),#104,.T.);
#2516=ADVANCED_FACE('',(#2298),#2443,.F.);
#2517=ADVANCED_FACE('',(#2299),#105,.T.);
#2518=ADVANCED_FACE('',(#2300),#2444,.F.);
#2519=ADVANCED_FACE('',(#2301),#106,.T.);
#2520=ADVANCED_FACE('',(#2302),#2445,.F.);
#2521=ADVANCED_FACE('',(#2303),#107,.T.);
#2522=ADVANCED_FACE('',(#2304),#108,.T.);
#2523=ADVANCED_FACE('',(#2305),#2446,.F.);
#2524=ADVANCED_FACE('',(#2306),#109,.T.);
#2525=ADVANCED_FACE('',(#2307),#2447,.F.);
#2526=ADVANCED_FACE('',(#2308),#110,.T.);
#2527=ADVANCED_FACE('',(#2309),#2448,.T.);
#2528=ADVANCED_FACE('',(#2310),#111,.F.);
#2529=ADVANCED_FACE('',(#2311),#2449,.T.);
#2530=ADVANCED_FACE('',(#2312),#112,.F.);
#2531=ADVANCED_FACE('',(#2313),#2450,.T.);
#2532=ADVANCED_FACE('',(#2314),#113,.F.);
#2533=ADVANCED_FACE('',(#2315),#2451,.T.);
#2534=ADVANCED_FACE('',(#2316),#114,.F.);
#2535=ADVANCED_FACE('',(#2317),#2452,.T.);
#2536=ADVANCED_FACE('',(#2318),#115,.F.);
#2537=ADVANCED_FACE('',(#2319),#2453,.T.);
#2538=ADVANCED_FACE('',(#2320),#116,.F.);
#2539=ADVANCED_FACE('',(#2321),#2454,.T.);
#2540=ADVANCED_FACE('',(#2322),#117,.F.);
#2541=ADVANCED_FACE('',(#2323),#2455,.F.);
#2542=ADVANCED_FACE('',(#2324),#118,.T.);
#2543=ADVANCED_FACE('',(#2325),#2456,.F.);
#2544=ADVANCED_FACE('',(#2326),#2457,.F.);
#2545=ADVANCED_FACE('',(#2327),#119,.T.);
#2546=ADVANCED_FACE('',(#2328),#2458,.T.);
#2547=ADVANCED_FACE('',(#2329),#120,.T.);
#2548=ADVANCED_FACE('',(#2330),#2459,.T.);
#2549=ADVANCED_FACE('',(#2331),#2460,.T.);
#2550=ADVANCED_FACE('',(#2332),#2461,.T.);
#2551=ADVANCED_FACE('',(#2333),#2462,.F.);
#2552=ADVANCED_FACE('',(#2334),#2463,.F.);
#2553=ADVANCED_FACE('',(#2335),#121,.F.);
#2554=ADVANCED_FACE('',(#2336),#122,.F.);
#2555=ADVANCED_FACE('',(#2337),#2464,.F.);
#2556=ADVANCED_FACE('',(#2338),#123,.F.);
#2557=ADVANCED_FACE('',(#2339),#2465,.F.);
#2558=ADVANCED_FACE('',(#2340),#2466,.F.);
#2559=ADVANCED_FACE('',(#2341),#2467,.F.);
#2560=ADVANCED_FACE('',(#2342,#2343),#38,.T.);
#2561=ADVANCED_FACE('',(#2344),#124,.F.);
#2562=ADVANCED_FACE('',(#2345),#125,.F.);
#2563=ADVANCED_FACE('',(#2346,#2347),#126,.F.);
#2564=ADVANCED_FACE('',(#2348,#2349),#2468,.T.);
#2565=ADVANCED_FACE('',(#2350),#127,.T.);
#2566=ADVANCED_FACE('',(#2351),#2469,.T.);
#2567=ADVANCED_FACE('',(#2352),#128,.T.);
#2568=ADVANCED_FACE('',(#2353),#40,.T.);
#2569=ADVANCED_FACE('',(#2354,#2355),#41,.F.);
#2570=ADVANCED_FACE('',(#2356),#129,.T.);
#2571=ADVANCED_FACE('',(#2357),#2470,.F.);
#2572=ADVANCED_FACE('',(#2358),#130,.T.);
#2573=ADVANCED_FACE('',(#2359),#2471,.F.);
#2574=ADVANCED_FACE('',(#2360),#131,.T.);
#2575=ADVANCED_FACE('',(#2361),#2472,.F.);
#2576=ADVANCED_FACE('',(#2362),#132,.T.);
#2577=ADVANCED_FACE('',(#2363),#2473,.F.);
#2578=ADVANCED_FACE('',(#2364),#133,.T.);
#2579=ADVANCED_FACE('',(#2365),#2474,.F.);
#2580=ADVANCED_FACE('',(#2366),#134,.T.);
#2581=ADVANCED_FACE('',(#2367),#2475,.F.);
#2582=ADVANCED_FACE('',(#2368),#135,.F.);
#2583=ADVANCED_FACE('',(#2369),#136,.F.);
#2584=ADVANCED_FACE('',(#2370),#137,.F.);
#2585=ADVANCED_FACE('',(#2371),#18,.F.);
#2586=ADVANCED_FACE('',(#2372),#138,.F.);
#2587=ADVANCED_FACE('',(#2373),#139,.F.);
#2588=ADVANCED_FACE('',(#2374),#140,.F.);
#2589=ADVANCED_FACE('',(#2375),#141,.F.);
#2590=ADVANCED_FACE('',(#2376),#19,.F.);
#2591=ADVANCED_FACE('',(#2377),#142,.F.);
#2592=ADVANCED_FACE('',(#2378),#143,.F.);
#2593=ADVANCED_FACE('',(#2379),#144,.F.);
#2594=ADVANCED_FACE('',(#2380),#145,.F.);
#2595=ADVANCED_FACE('',(#2381),#20,.F.);
#2596=ADVANCED_FACE('',(#2382),#146,.F.);
#2597=ADVANCED_FACE('',(#2383),#147,.F.);
#2598=ADVANCED_FACE('',(#2384),#148,.F.);
#2599=ADVANCED_FACE('',(#2385),#21,.F.);
#2600=ADVANCED_FACE('',(#2386),#149,.F.);
#2601=ADVANCED_FACE('',(#2387),#150,.F.);
#2602=ADVANCED_FACE('',(#2388),#151,.F.);
#2603=ADVANCED_FACE('',(#2389),#152,.F.);
#2604=ADVANCED_FACE('',(#2390),#22,.F.);
#2605=ADVANCED_FACE('',(#2391),#153,.F.);
#2606=ADVANCED_FACE('',(#2392),#154,.F.);
#2607=ADVANCED_FACE('',(#2393),#155,.F.);
#2608=ADVANCED_FACE('',(#2394),#156,.F.);
#2609=ADVANCED_FACE('',(#2395),#23,.F.);
#2610=ADVANCED_FACE('',(#2396),#157,.F.);
#2611=ADVANCED_FACE('',(#2397),#158,.F.);
#2612=ADVANCED_FACE('',(#2398),#159,.F.);
#2613=ADVANCED_FACE('',(#2399),#2476,.T.);
#2614=ADVANCED_FACE('',(#2400),#2477,.T.);
#2615=ADVANCED_FACE('',(#2401),#160,.F.);
#2616=ADVANCED_FACE('',(#2402),#161,.F.);
#2617=ADVANCED_FACE('',(#2403),#24,.F.);
#2618=ADVANCED_FACE('',(#2404),#162,.F.);
#2619=ADVANCED_FACE('',(#2405),#25,.F.);
#2620=ADVANCED_FACE('',(#2406),#163,.F.);
#2621=ADVANCED_FACE('',(#2407,#2408),#164,.F.);
#2622=ADVANCED_FACE('',(#2409),#2478,.T.);
#2623=ADVANCED_FACE('',(#2410),#2479,.F.);
#2624=ADVANCED_FACE('',(#2411,#2412),#165,.F.);
#2625=ADVANCED_FACE('',(#2413),#2480,.T.);
#2626=ADVANCED_FACE('',(#2414),#2481,.F.);
#2627=ADVANCED_FACE('',(#2415,#2416),#166,.F.);
#2628=ADVANCED_FACE('',(#2417),#2482,.T.);
#2629=ADVANCED_FACE('',(#2418),#2483,.F.);
#2630=ADVANCED_FACE('',(#2419,#2420),#167,.F.);
#2631=ADVANCED_FACE('',(#2421),#2484,.T.);
#2632=ADVANCED_FACE('',(#2422),#2485,.F.);
#2633=ADVANCED_FACE('',(#2423,#2424),#168,.F.);
#2634=ADVANCED_FACE('',(#2425),#2486,.T.);
#2635=ADVANCED_FACE('',(#2426),#2487,.F.);
#2636=ADVANCED_FACE('',(#2427,#2428),#169,.F.);
#2637=ADVANCED_FACE('',(#2429),#2488,.T.);
#2638=ADVANCED_FACE('',(#2430),#2489,.F.);
#2639=CLOSED_SHELL('',(#2490,#2491,#2492,#2493,#2494,#2495,#2496,#2497,
#2498,#2499,#2500,#2501,#2502,#2503,#2504,#2505,#2506,#2507,#2508,#2509,
#2510,#2511,#2512,#2513,#2514,#2515,#2516,#2517,#2518,#2519,#2520,#2521,
#2522,#2523,#2524,#2525,#2526,#2527,#2528,#2529,#2530,#2531,#2532,#2533,
#2534,#2535,#2536,#2537,#2538,#2539,#2540,#2541,#2542,#2543,#2544,#2545,
#2546,#2547,#2548,#2549,#2550,#2551,#2552,#2553,#2554,#2555,#2556,#2557,
#2558,#2559,#2560,#2561,#2562,#2563,#2564,#2565,#2566,#2567,#2568,#2569,
#2570,#2571,#2572,#2573,#2574,#2575,#2576,#2577,#2578,#2579,#2580,#2581,
#2582,#2583,#2584,#2585,#2586,#2587,#2588,#2589,#2590,#2591,#2592,#2593,
#2594,#2595,#2596,#2597,#2598,#2599,#2600,#2601,#2602,#2603,#2604,#2605,
#2606,#2607,#2608,#2609,#2610,#2611,#2612,#2613,#2614,#2615,#2616,#2617,
#2618,#2619,#2620));
#2640=CLOSED_SHELL('',(#2621,#2622,#2623));
#2641=CLOSED_SHELL('',(#2624,#2625,#2626));
#2642=CLOSED_SHELL('',(#2627,#2628,#2629));
#2643=CLOSED_SHELL('',(#2630,#2631,#2632));
#2644=CLOSED_SHELL('',(#2633,#2634,#2635));
#2645=CLOSED_SHELL('',(#2636,#2637,#2638));
#2646=STYLED_ITEM('',(#2647),#2654);
#2647=PRESENTATION_STYLE_ASSIGNMENT((#2648));
#2648=SURFACE_STYLE_USAGE(.BOTH.,#2649);
#2649=SURFACE_SIDE_STYLE('',(#2650));
#2650=SURFACE_STYLE_FILL_AREA(#2651);
#2651=FILL_AREA_STYLE('',(#2652));
#2652=FILL_AREA_STYLE_COLOUR('',#2653);
#2653=COLOUR_RGB('',0.498039215686275,0.498039215686275,0.498039215686275);
#2654=BREP_WITH_VOIDS('Container',#2639,(#12,#13,#14,#15,#16,#17));
#2655=SHAPE_DEFINITION_REPRESENTATION(#11273,#2656);
#2656=SHAPE_REPRESENTATION('Container',(#2657),#11268);
#2657=AXIS2_PLACEMENT_3D('',#3766,#2970,#2971);
#2658=AXIS2_PLACEMENT_3D('',#3767,#2972,#2973);
#2659=AXIS2_PLACEMENT_3D('',#3779,#2979,#2980);
#2660=AXIS2_PLACEMENT_3D('',#3783,#2982,#2983);
#2661=AXIS2_PLACEMENT_3D('',#3784,#2984,#2985);
#2662=AXIS2_PLACEMENT_3D('',#3790,#2988,#2989);
#2663=AXIS2_PLACEMENT_3D('',#3794,#2991,#2992);
#2664=AXIS2_PLACEMENT_3D('',#3800,#2995,#2996);
#2665=AXIS2_PLACEMENT_3D('',#3804,#2998,#2999);
#2666=AXIS2_PLACEMENT_3D('',#3805,#3000,#3001);
#2667=AXIS2_PLACEMENT_3D('',#3809,#3003,#3004);
#2668=AXIS2_PLACEMENT_3D('',#3818,#3006,#3007);
#2669=AXIS2_PLACEMENT_3D('',#3819,#3008,#3009);
#2670=AXIS2_PLACEMENT_3D('',#3824,#3011,#3012);
#2671=AXIS2_PLACEMENT_3D('',#3827,#3014,#3015);
#2672=AXIS2_PLACEMENT_3D('',#3828,#3016,#3017);
#2673=AXIS2_PLACEMENT_3D('',#3844,#3019,#3020);
#2674=AXIS2_PLACEMENT_3D('',#3850,#3021,#3022);
#2675=AXIS2_PLACEMENT_3D('',#3851,#3023,#3024);
#2676=AXIS2_PLACEMENT_3D('',#3852,#3025,#3026);
#2677=AXIS2_PLACEMENT_3D('',#3853,#3027,#3028);
#2678=AXIS2_PLACEMENT_3D('',#3868,#3029,#3030);
#2679=AXIS2_PLACEMENT_3D('',#3870,#3031,#3032);
#2680=AXIS2_PLACEMENT_3D('',#3883,#3034,#3035);
#2681=AXIS2_PLACEMENT_3D('',#3886,#3037,#3038);
#2682=AXIS2_PLACEMENT_3D('',#3888,#3039,#3040);
#2683=AXIS2_PLACEMENT_3D('',#3890,#3041,#3042);
#2684=AXIS2_PLACEMENT_3D('',#3892,#3043,#3044);
#2685=AXIS2_PLACEMENT_3D('',#3894,#3045,#3046);
#2686=AXIS2_PLACEMENT_3D('',#3896,#3047,#3048);
#2687=AXIS2_PLACEMENT_3D('',#3911,#3050,#3051);
#2688=AXIS2_PLACEMENT_3D('',#7063,#3052,#3053);
#2689=AXIS2_PLACEMENT_3D('',#7066,#3054,#3055);
#2690=AXIS2_PLACEMENT_3D('',#7068,#3056,#3057);
#2691=AXIS2_PLACEMENT_3D('',#7070,#3058,#3059);
#2692=AXIS2_PLACEMENT_3D('',#7072,#3060,#3061);
#2693=AXIS2_PLACEMENT_3D('',#7074,#3062,#3063);
#2694=AXIS2_PLACEMENT_3D('',#7076,#3064,#3065);
#2695=AXIS2_PLACEMENT_3D('',#7078,#3066,#3067);
#2696=AXIS2_PLACEMENT_3D('',#7080,#3068,#3069);
#2697=AXIS2_PLACEMENT_3D('',#7082,#3070,#3071);
#2698=AXIS2_PLACEMENT_3D('',#7084,#3072,#3073);
#2699=AXIS2_PLACEMENT_3D('',#7086,#3074,#3075);
#2700=AXIS2_PLACEMENT_3D('',#7088,#3076,#3077);
#2701=AXIS2_PLACEMENT_3D('',#7090,#3078,#3079);
#2702=AXIS2_PLACEMENT_3D('',#7092,#3080,#3081);
#2703=AXIS2_PLACEMENT_3D('',#7094,#3082,#3083);
#2704=AXIS2_PLACEMENT_3D('',#7189,#3085,#3086);
#2705=AXIS2_PLACEMENT_3D('',#7193,#3088,#3089);
#2706=AXIS2_PLACEMENT_3D('',#7197,#3091,#3092);
#2707=AXIS2_PLACEMENT_3D('',#7201,#3094,#3095);
#2708=AXIS2_PLACEMENT_3D('',#7202,#3096,#3097);
#2709=AXIS2_PLACEMENT_3D('',#7206,#3099,#3100);
#2710=AXIS2_PLACEMENT_3D('',#7210,#3102,#3103);
#2711=AXIS2_PLACEMENT_3D('',#7214,#3105,#3106);
#2712=AXIS2_PLACEMENT_3D('',#7234,#3108,#3109);
#2713=AXIS2_PLACEMENT_3D('',#7238,#3112,#3113);
#2714=AXIS2_PLACEMENT_3D('',#7239,#3114,#3115);
#2715=AXIS2_PLACEMENT_3D('',#7244,#3117,#3118);
#2716=AXIS2_PLACEMENT_3D('',#7247,#3120,#3121);
#2717=AXIS2_PLACEMENT_3D('',#7249,#3123,#3124);
#2718=AXIS2_PLACEMENT_3D('',#7252,#3126,#3127);
#2719=AXIS2_PLACEMENT_3D('',#7253,#3128,#3129);
#2720=AXIS2_PLACEMENT_3D('',#7256,#3131,#3132);
#2721=AXIS2_PLACEMENT_3D('',#7257,#3133,#3134);
#2722=AXIS2_PLACEMENT_3D('',#7259,#3136,#3137);
#2723=AXIS2_PLACEMENT_3D('',#7260,#3138,#3139);
#2724=AXIS2_PLACEMENT_3D('',#7262,#3140,#3141);
#2725=AXIS2_PLACEMENT_3D('',#7263,#3142,#3143);
#2726=AXIS2_PLACEMENT_3D('',#7264,#3144,#3145);
#2727=AXIS2_PLACEMENT_3D('',#7268,#3147,#3148);
#2728=AXIS2_PLACEMENT_3D('',#7271,#3150,#3151);
#2729=AXIS2_PLACEMENT_3D('',#7282,#3158,#3159);
#2730=AXIS2_PLACEMENT_3D('',#7286,#3162,#3163);
#2731=AXIS2_PLACEMENT_3D('',#7319,#3173,#3174);
#2732=AXIS2_PLACEMENT_3D('',#7320,#3175,#3176);
#2733=AXIS2_PLACEMENT_3D('',#7322,#3177,#3178);
#2734=AXIS2_PLACEMENT_3D('',#7326,#3180,#3181);
#2735=AXIS2_PLACEMENT_3D('',#7330,#3183,#3184);
#2736=AXIS2_PLACEMENT_3D('',#7334,#3186,#3187);
#2737=AXIS2_PLACEMENT_3D('',#7335,#3188,#3189);
#2738=AXIS2_PLACEMENT_3D('',#7339,#3191,#3192);
#2739=AXIS2_PLACEMENT_3D('',#7343,#3194,#3195);
#2740=AXIS2_PLACEMENT_3D('',#7349,#3198,#3199);
#2741=AXIS2_PLACEMENT_3D('',#7350,#3200,#3201);
#2742=AXIS2_PLACEMENT_3D('',#7354,#3203,#3204);
#2743=AXIS2_PLACEMENT_3D('',#7356,#3205,#3206);
#2744=AXIS2_PLACEMENT_3D('',#7358,#3207,#3208);
#2745=AXIS2_PLACEMENT_3D('',#7362,#3210,#3211);
#2746=AXIS2_PLACEMENT_3D('',#7366,#3213,#3214);
#2747=AXIS2_PLACEMENT_3D('',#7368,#3215,#3216);
#2748=AXIS2_PLACEMENT_3D('',#7370,#3217,#3218);
#2749=AXIS2_PLACEMENT_3D('',#7374,#3220,#3221);
#2750=AXIS2_PLACEMENT_3D('',#7376,#3222,#3223);
#2751=AXIS2_PLACEMENT_3D('',#7378,#3224,#3225);
#2752=AXIS2_PLACEMENT_3D('',#7379,#3226,#3227);
#2753=AXIS2_PLACEMENT_3D('',#7381,#3228,#3229);
#2754=AXIS2_PLACEMENT_3D('',#7383,#3230,#3231);
#2755=AXIS2_PLACEMENT_3D('',#7387,#3233,#3234);
#2756=AXIS2_PLACEMENT_3D('',#7389,#3235,#3236);
#2757=AXIS2_PLACEMENT_3D('',#7391,#3237,#3238);
#2758=AXIS2_PLACEMENT_3D('',#7395,#3240,#3241);
#2759=AXIS2_PLACEMENT_3D('',#7399,#3243,#3244);
#2760=AXIS2_PLACEMENT_3D('',#7401,#3245,#3246);
#2761=AXIS2_PLACEMENT_3D('',#7403,#3247,#3248);
#2762=AXIS2_PLACEMENT_3D('',#7404,#3249,#3250);
#2763=AXIS2_PLACEMENT_3D('',#7428,#3251,#3252);
#2764=AXIS2_PLACEMENT_3D('',#7431,#3255,#3256);
#2765=AXIS2_PLACEMENT_3D('',#7432,#3257,#3258);
#2766=AXIS2_PLACEMENT_3D('',#7434,#3260,#3261);
#2767=AXIS2_PLACEMENT_3D('',#7436,#3263,#3264);
#2768=AXIS2_PLACEMENT_3D('',#7438,#3266,#3267);
#2769=AXIS2_PLACEMENT_3D('',#7440,#3269,#3270);
#2770=AXIS2_PLACEMENT_3D('',#7442,#3272,#3273);
#2771=AXIS2_PLACEMENT_3D('',#7444,#3275,#3276);
#2772=AXIS2_PLACEMENT_3D('',#7445,#3277,#3278);
#2773=AXIS2_PLACEMENT_3D('',#7447,#3280,#3281);
#2774=AXIS2_PLACEMENT_3D('',#7449,#3283,#3284);
#2775=AXIS2_PLACEMENT_3D('',#7451,#3286,#3287);
#2776=AXIS2_PLACEMENT_3D('',#7453,#3289,#3290);
#2777=AXIS2_PLACEMENT_3D('',#7454,#3291,#3292);
#2778=AXIS2_PLACEMENT_3D('',#7475,#3298,#3299);
#2779=AXIS2_PLACEMENT_3D('',#7476,#3300,#3301);
#2780=AXIS2_PLACEMENT_3D('',#7485,#3303,#3304);
#2781=AXIS2_PLACEMENT_3D('',#7508,#3310,#3311);
#2782=AXIS2_PLACEMENT_3D('',#7509,#3312,#3313);
#2783=AXIS2_PLACEMENT_3D('',#7517,#3315,#3316);
#2784=AXIS2_PLACEMENT_3D('',#7532,#3320,#3321);
#2785=AXIS2_PLACEMENT_3D('',#7539,#3323,#3324);
#2786=AXIS2_PLACEMENT_3D('',#7551,#3328,#3329);
#2787=AXIS2_PLACEMENT_3D('',#7552,#3330,#3331);
#2788=AXIS2_PLACEMENT_3D('',#7560,#3333,#3334);
#2789=AXIS2_PLACEMENT_3D('',#7563,#3336,#3337);
#2790=AXIS2_PLACEMENT_3D('',#7567,#3339,#3340);
#2791=AXIS2_PLACEMENT_3D('',#7596,#3347,#3348);
#2792=AXIS2_PLACEMENT_3D('',#7597,#3349,#3350);
#2793=AXIS2_PLACEMENT_3D('',#7605,#3352,#3353);
#2794=AXIS2_PLACEMENT_3D('',#7617,#3357,#3358);
#2795=AXIS2_PLACEMENT_3D('',#7624,#3360,#3361);
#2796=AXIS2_PLACEMENT_3D('',#7642,#3365,#3366);
#2797=AXIS2_PLACEMENT_3D('',#7643,#3367,#3368);
#2798=AXIS2_PLACEMENT_3D('',#7648,#3369,#3370);
#2799=AXIS2_PLACEMENT_3D('',#7654,#3374,#3375);
#2800=AXIS2_PLACEMENT_3D('',#7655,#3376,#3377);
#2801=AXIS2_PLACEMENT_3D('',#7656,#3378,#3379);
#2802=AXIS2_PLACEMENT_3D('',#7661,#3382,#3383);
#2803=AXIS2_PLACEMENT_3D('',#7665,#3385,#3386);
#2804=AXIS2_PLACEMENT_3D('',#7668,#3388,#3389);
#2805=AXIS2_PLACEMENT_3D('',#7680,#3392,#3393);
#2806=AXIS2_PLACEMENT_3D('',#7692,#3395,#3396);
#2807=AXIS2_PLACEMENT_3D('',#7693,#3397,#3398);
#2808=AXIS2_PLACEMENT_3D('',#7712,#3401,#3402);
#2809=AXIS2_PLACEMENT_3D('',#7721,#3404,#3405);
#2810=AXIS2_PLACEMENT_3D('',#7722,#3406,#3407);
#2811=AXIS2_PLACEMENT_3D('',#7736,#3409,#3410);
#2812=AXIS2_PLACEMENT_3D('',#7737,#3411,#3412);
#2813=AXIS2_PLACEMENT_3D('',#7743,#3416,#3417);
#2814=AXIS2_PLACEMENT_3D('',#7744,#3418,#3419);
#2815=AXIS2_PLACEMENT_3D('',#7747,#3421,#3422);
#2816=AXIS2_PLACEMENT_3D('',#7751,#3424,#3425);
#2817=AXIS2_PLACEMENT_3D('',#7754,#3427,#3428);
#2818=AXIS2_PLACEMENT_3D('',#7757,#3431,#3432);
#2819=AXIS2_PLACEMENT_3D('',#7759,#3434,#3435);
#2820=AXIS2_PLACEMENT_3D('',#7760,#3436,#3437);
#2821=AXIS2_PLACEMENT_3D('',#7762,#3439,#3440);
#2822=AXIS2_PLACEMENT_3D('',#7764,#3442,#3443);
#2823=AXIS2_PLACEMENT_3D('',#7766,#3445,#3446);
#2824=AXIS2_PLACEMENT_3D('',#7767,#3447,#3448);
#2825=AXIS2_PLACEMENT_3D('',#7890,#3449,#3450);
#2826=AXIS2_PLACEMENT_3D('',#7893,#3452,#3453);
#2827=AXIS2_PLACEMENT_3D('',#7894,#3454,#3455);
#2828=AXIS2_PLACEMENT_3D('',#7897,#3457,#3458);
#2829=AXIS2_PLACEMENT_3D('',#7898,#3459,#3460);
#2830=AXIS2_PLACEMENT_3D('',#7917,#3461,#3462);
#2831=AXIS2_PLACEMENT_3D('',#7919,#3463,#3464);
#2832=AXIS2_PLACEMENT_3D('',#7920,#3465,#3466);
#2833=AXIS2_PLACEMENT_3D('',#7922,#3467,#3468);
#2834=AXIS2_PLACEMENT_3D('',#7925,#3470,#3471);
#2835=AXIS2_PLACEMENT_3D('',#7927,#3473,#3474);
#2836=AXIS2_PLACEMENT_3D('',#7929,#3476,#3477);
#2837=AXIS2_PLACEMENT_3D('',#11036,#3478,#3479);
#2838=AXIS2_PLACEMENT_3D('',#11037,#3480,#3481);
#2839=AXIS2_PLACEMENT_3D('',#11042,#3484,#3485);
#2840=AXIS2_PLACEMENT_3D('',#11043,#3486,#3487);
#2841=AXIS2_PLACEMENT_3D('',#11048,#3489,#3490);
#2842=AXIS2_PLACEMENT_3D('',#11049,#3491,#3492);
#2843=AXIS2_PLACEMENT_3D('',#11052,#3494,#3495);
#2844=AXIS2_PLACEMENT_3D('',#11055,#3497,#3498);
#2845=AXIS2_PLACEMENT_3D('',#11058,#3500,#3501);
#2846=AXIS2_PLACEMENT_3D('',#11059,#3502,#3503);
#2847=AXIS2_PLACEMENT_3D('',#11061,#3504,#3505);
#2848=AXIS2_PLACEMENT_3D('',#11065,#3507,#3508);
#2849=AXIS2_PLACEMENT_3D('',#11066,#3509,#3510);
#2850=AXIS2_PLACEMENT_3D('',#11067,#3511,#3512);
#2851=AXIS2_PLACEMENT_3D('',#11072,#3515,#3516);
#2852=AXIS2_PLACEMENT_3D('',#11076,#3518,#3519);
#2853=AXIS2_PLACEMENT_3D('',#11078,#3520,#3521);
#2854=AXIS2_PLACEMENT_3D('',#11079,#3522,#3523);
#2855=AXIS2_PLACEMENT_3D('',#11080,#3524,#3525);
#2856=AXIS2_PLACEMENT_3D('',#11083,#3527,#3528);
#2857=AXIS2_PLACEMENT_3D('',#11086,#3530,#3531);
#2858=AXIS2_PLACEMENT_3D('',#11087,#3532,#3533);
#2859=AXIS2_PLACEMENT_3D('',#11091,#3535,#3536);
#2860=AXIS2_PLACEMENT_3D('',#11095,#3538,#3539);
#2861=AXIS2_PLACEMENT_3D('',#11096,#3540,#3541);
#2862=AXIS2_PLACEMENT_3D('',#11099,#3543,#3544);
#2863=AXIS2_PLACEMENT_3D('',#11102,#3546,#3547);
#2864=AXIS2_PLACEMENT_3D('',#11103,#3548,#3549);
#2865=AXIS2_PLACEMENT_3D('',#11105,#3550,#3551);
#2866=AXIS2_PLACEMENT_3D('',#11107,#3552,#3553);
#2867=AXIS2_PLACEMENT_3D('',#11108,#3554,#3555);
#2868=AXIS2_PLACEMENT_3D('',#11109,#3556,#3557);
#2869=AXIS2_PLACEMENT_3D('',#11114,#3560,#3561);
#2870=AXIS2_PLACEMENT_3D('',#11115,#3562,#3563);
#2871=AXIS2_PLACEMENT_3D('',#11117,#3564,#3565);
#2872=AXIS2_PLACEMENT_3D('',#11119,#3566,#3567);
#2873=AXIS2_PLACEMENT_3D('',#11120,#3568,#3569);
#2874=AXIS2_PLACEMENT_3D('',#11121,#3570,#3571);
#2875=AXIS2_PLACEMENT_3D('',#11123,#3572,#3573);
#2876=AXIS2_PLACEMENT_3D('',#11124,#3574,#3575);
#2877=AXIS2_PLACEMENT_3D('',#11130,#3576,#3577);
#2878=AXIS2_PLACEMENT_3D('',#11137,#3578,#3579);
#2879=AXIS2_PLACEMENT_3D('',#11138,#3580,#3581);
#2880=AXIS2_PLACEMENT_3D('',#11139,#3582,#3583);
#2881=AXIS2_PLACEMENT_3D('',#11140,#3584,#3585);
#2882=AXIS2_PLACEMENT_3D('',#11141,#3586,#3587);
#2883=AXIS2_PLACEMENT_3D('',#11142,#3588,#3589);
#2884=AXIS2_PLACEMENT_3D('',#11144,#3590,#3591);
#2885=AXIS2_PLACEMENT_3D('',#11145,#3592,#3593);
#2886=AXIS2_PLACEMENT_3D('',#11151,#3594,#3595);
#2887=AXIS2_PLACEMENT_3D('',#11158,#3596,#3597);
#2888=AXIS2_PLACEMENT_3D('',#11159,#3598,#3599);
#2889=AXIS2_PLACEMENT_3D('',#11160,#3600,#3601);
#2890=AXIS2_PLACEMENT_3D('',#11161,#3602,#3603);
#2891=AXIS2_PLACEMENT_3D('',#11162,#3604,#3605);
#2892=AXIS2_PLACEMENT_3D('',#11163,#3606,#3607);
#2893=AXIS2_PLACEMENT_3D('',#11164,#3608,#3609);
#2894=AXIS2_PLACEMENT_3D('',#11165,#3610,#3611);
#2895=AXIS2_PLACEMENT_3D('',#11166,#3612,#3613);
#2896=AXIS2_PLACEMENT_3D('',#11167,#3614,#3615);
#2897=AXIS2_PLACEMENT_3D('',#11169,#3616,#3617);
#2898=AXIS2_PLACEMENT_3D('',#11170,#3618,#3619);
#2899=AXIS2_PLACEMENT_3D('',#11175,#3620,#3621);
#2900=AXIS2_PLACEMENT_3D('',#11176,#3622,#3623);
#2901=AXIS2_PLACEMENT_3D('',#11177,#3624,#3625);
#2902=AXIS2_PLACEMENT_3D('',#11178,#3626,#3627);
#2903=AXIS2_PLACEMENT_3D('',#11179,#3628,#3629);
#2904=AXIS2_PLACEMENT_3D('',#11180,#3630,#3631);
#2905=AXIS2_PLACEMENT_3D('',#11181,#3632,#3633);
#2906=AXIS2_PLACEMENT_3D('',#11182,#3634,#3635);
#2907=AXIS2_PLACEMENT_3D('',#11183,#3636,#3637);
#2908=AXIS2_PLACEMENT_3D('',#11184,#3638,#3639);
#2909=AXIS2_PLACEMENT_3D('',#11185,#3640,#3641);
#2910=AXIS2_PLACEMENT_3D('',#11186,#3642,#3643);
#2911=AXIS2_PLACEMENT_3D('',#11187,#3644,#3645);
#2912=AXIS2_PLACEMENT_3D('',#11188,#3646,#3647);
#2913=AXIS2_PLACEMENT_3D('',#11189,#3648,#3649);
#2914=AXIS2_PLACEMENT_3D('',#11190,#3650,#3651);
#2915=AXIS2_PLACEMENT_3D('',#11196,#3652,#3653);
#2916=AXIS2_PLACEMENT_3D('',#11197,#3654,#3655);
#2917=AXIS2_PLACEMENT_3D('',#11198,#3656,#3657);
#2918=AXIS2_PLACEMENT_3D('',#11199,#3658,#3659);
#2919=AXIS2_PLACEMENT_3D('',#11200,#3660,#3661);
#2920=AXIS2_PLACEMENT_3D('',#11201,#3662,#3663);
#2921=AXIS2_PLACEMENT_3D('',#11202,#3664,#3665);
#2922=AXIS2_PLACEMENT_3D('',#11203,#3666,#3667);
#2923=AXIS2_PLACEMENT_3D('',#11204,#3668,#3669);
#2924=AXIS2_PLACEMENT_3D('',#11205,#3670,#3671);
#2925=AXIS2_PLACEMENT_3D('',#11206,#3672,#3673);
#2926=AXIS2_PLACEMENT_3D('',#11207,#3674,#3675);
#2927=AXIS2_PLACEMENT_3D('',#11208,#3676,#3677);
#2928=AXIS2_PLACEMENT_3D('',#11211,#3680,#3681);
#2929=AXIS2_PLACEMENT_3D('',#11213,#3683,#3684);
#2930=AXIS2_PLACEMENT_3D('',#11215,#3686,#3687);
#2931=AXIS2_PLACEMENT_3D('',#11216,#3688,#3689);
#2932=AXIS2_PLACEMENT_3D('',#11217,#3690,#3691);
#2933=AXIS2_PLACEMENT_3D('',#11218,#3692,#3693);
#2934=AXIS2_PLACEMENT_3D('',#11219,#3694,#3695);
#2935=AXIS2_PLACEMENT_3D('',#11220,#3696,#3697);
#2936=AXIS2_PLACEMENT_3D('',#11221,#3698,#3699);
#2937=AXIS2_PLACEMENT_3D('',#11222,#3700,#3701);
#2938=AXIS2_PLACEMENT_3D('',#11223,#3702,#3703);
#2939=AXIS2_PLACEMENT_3D('',#11224,#3704,#3705);
#2940=AXIS2_PLACEMENT_3D('',#11225,#3706,#3707);
#2941=AXIS2_PLACEMENT_3D('',#11226,#3708,#3709);
#2942=AXIS2_PLACEMENT_3D('',#11228,#3710,#3711);
#2943=AXIS2_PLACEMENT_3D('',#11230,#3712,#3713);
#2944=AXIS2_PLACEMENT_3D('',#11231,#3714,#3715);
#2945=AXIS2_PLACEMENT_3D('',#11232,#3716,#3717);
#2946=AXIS2_PLACEMENT_3D('',#11233,#3718,#3719);
#2947=AXIS2_PLACEMENT_3D('',#11235,#3720,#3721);
#2948=AXIS2_PLACEMENT_3D('',#11237,#3722,#3723);
#2949=AXIS2_PLACEMENT_3D('',#11238,#3724,#3725);
#2950=AXIS2_PLACEMENT_3D('',#11239,#3726,#3727);
#2951=AXIS2_PLACEMENT_3D('',#11240,#3728,#3729);
#2952=AXIS2_PLACEMENT_3D('',#11242,#3730,#3731);
#2953=AXIS2_PLACEMENT_3D('',#11244,#3732,#3733);
#2954=AXIS2_PLACEMENT_3D('',#11245,#3734,#3735);
#2955=AXIS2_PLACEMENT_3D('',#11246,#3736,#3737);
#2956=AXIS2_PLACEMENT_3D('',#11247,#3738,#3739);
#2957=AXIS2_PLACEMENT_3D('',#11249,#3740,#3741);
#2958=AXIS2_PLACEMENT_3D('',#11251,#3742,#3743);
#2959=AXIS2_PLACEMENT_3D('',#11252,#3744,#3745);
#2960=AXIS2_PLACEMENT_3D('',#11253,#3746,#3747);
#2961=AXIS2_PLACEMENT_3D('',#11254,#3748,#3749);
#2962=AXIS2_PLACEMENT_3D('',#11256,#3750,#3751);
#2963=AXIS2_PLACEMENT_3D('',#11258,#3752,#3753);
#2964=AXIS2_PLACEMENT_3D('',#11259,#3754,#3755);
#2965=AXIS2_PLACEMENT_3D('',#11260,#3756,#3757);
#2966=AXIS2_PLACEMENT_3D('',#11261,#3758,#3759);
#2967=AXIS2_PLACEMENT_3D('',#11263,#3760,#3761);
#2968=AXIS2_PLACEMENT_3D('',#11265,#3762,#3763);
#2969=AXIS2_PLACEMENT_3D('',#11266,#3764,#3765);
#2970=DIRECTION('',(0.,0.,1.));
#2971=DIRECTION('',(1.,0.,0.));
#2972=DIRECTION('',(0.,-1.,0.));
#2973=DIRECTION('',(0.,0.,-1.));
#2974=DIRECTION('',(1.,0.,0.));
#2975=DIRECTION('',(0.,0.,1.));
#2976=DIRECTION('',(1.,0.,0.));
#2977=DIRECTION('',(0.,0.,1.));
#2978=DIRECTION('',(-1.23908819712629E-16,0.,-1.));
#2979=DIRECTION('',(0.,1.,0.));
#2980=DIRECTION('',(0.,0.,1.));
#2981=DIRECTION('',(-1.23908819712629E-16,0.,1.));
#2982=DIRECTION('',(0.,-1.,0.));
#2983=DIRECTION('',(0.,0.,1.));
#2984=DIRECTION('',(0.,1.,0.));
#2985=DIRECTION('',(-1.,0.,0.));
#2986=DIRECTION('',(1.,0.,0.));
#2987=DIRECTION('',(8.32795438261598E-17,0.,1.));
#2988=DIRECTION('',(0.,-1.,0.));
#2989=DIRECTION('',(0.,0.,-1.));
#2990=DIRECTION('',(-1.,0.,0.));
#2991=DIRECTION('',(0.,-1.,0.));
#2992=DIRECTION('',(0.,0.,-1.));
#2993=DIRECTION('',(-8.32795438261598E-17,0.,-1.));
#2994=DIRECTION('',(1.23908819712629E-16,0.,-1.));
#2995=DIRECTION('',(0.,1.,0.));
#2996=DIRECTION('',(0.,0.,1.));
#2997=DIRECTION('',(1.23908819712629E-16,0.,1.));
#2998=DIRECTION('',(0.,1.,0.));
#2999=DIRECTION('',(0.,0.,1.));
#3000=DIRECTION('',(0.,0.,1.));
#3001=DIRECTION('',(1.,0.,0.));
#3002=DIRECTION('',(0.,0.,1.));
#3003=DIRECTION('',(0.,0.,1.));
#3004=DIRECTION('',(1.,0.,0.));
#3005=DIRECTION('',(0.,0.,1.));
#3006=DIRECTION('',(0.,-0.258819045102521,-0.965925826289068));
#3007=DIRECTION('',(0.,0.965925826289068,-0.258819045102521));
#3008=DIRECTION('',(0.,-0.258819045102521,-0.965925826289068));
#3009=DIRECTION('',(0.,0.965925826289068,-0.258819045102521));
#3010=DIRECTION('',(0.,-0.258819045102521,-0.965925826289068));
#3011=DIRECTION('',(0.,-0.258819045102521,-0.965925826289068));
#3012=DIRECTION('',(0.,0.965925826289068,-0.258819045102521));
#3013=DIRECTION('',(0.,-0.258819045102521,-0.965925826289068));
#3014=DIRECTION('',(0.,-0.258819045102521,-0.965925826289068));
#3015=DIRECTION('',(0.,0.965925826289068,-0.258819045102521));
#3016=DIRECTION('',(0.,-0.258819045102521,-0.965925826289068));
#3017=DIRECTION('',(0.,0.965925826289068,-0.258819045102521));
#3018=DIRECTION('',(0.,-0.258819045102521,-0.965925826289068));
#3019=DIRECTION('',(0.,-0.258819045102521,-0.965925826289068));
#3020=DIRECTION('',(0.,0.965925826289068,-0.258819045102521));
#3021=DIRECTION('',(0.,0.258819045102521,0.965925826289068));
#3022=DIRECTION('',(0.,0.965925826289068,-0.258819045102521));
#3023=DIRECTION('',(0.,0.258819045102521,0.965925826289068));
#3024=DIRECTION('',(0.,0.965925826289068,-0.258819045102521));
#3025=DIRECTION('',(0.,-0.258819045102521,-0.965925826289068));
#3026=DIRECTION('',(0.,0.965925826289068,-0.258819045102521));
#3027=DIRECTION('',(0.,-0.258819045102521,-0.965925826289068));
#3028=DIRECTION('',(0.,0.965925826289068,-0.258819045102521));
#3029=DIRECTION('',(0.,-0.258819045102521,-0.965925826289068));
#3030=DIRECTION('',(0.,0.965925826289068,-0.258819045102521));
#3031=DIRECTION('',(0.,-0.258819045102521,-0.965925826289068));
#3032=DIRECTION('',(1.,0.,0.));
#3033=DIRECTION('',(0.,-0.965925826289068,0.258819045102521));
#3034=DIRECTION('',(0.,-0.258819045102521,-0.965925826289068));
#3035=DIRECTION('',(1.,0.,0.));
#3036=DIRECTION('',(0.,-0.965925826289068,0.258819045102521));
#3037=DIRECTION('',(0.,-0.258819045102521,-0.965925826289068));
#3038=DIRECTION('',(0.,0.965925826289068,-0.258819045102521));
#3039=DIRECTION('',(0.,-0.258819045102521,-0.965925826289068));
#3040=DIRECTION('',(0.,0.965925826289068,-0.258819045102521));
#3041=DIRECTION('',(0.,0.258819045102521,0.965925826289068));
#3042=DIRECTION('',(0.,0.965925826289068,-0.258819045102521));
#3043=DIRECTION('',(0.,-0.258819045102521,-0.965925826289068));
#3044=DIRECTION('',(0.,0.965925826289068,-0.258819045102521));
#3045=DIRECTION('',(0.,-0.258819045102521,-0.965925826289068));
#3046=DIRECTION('',(0.,0.965925826289068,-0.258819045102521));
#3047=DIRECTION('',(0.,-0.258819045102521,-0.965925826289068));
#3048=DIRECTION('',(0.,0.965925826289068,-0.258819045102521));
#3049=DIRECTION('',(0.,-0.965925826289068,0.258819045102521));
#3050=DIRECTION('',(0.,-0.258819045102521,-0.965925826289068));
#3051=DIRECTION('',(0.,0.965925826289068,-0.258819045102521));
#3052=DIRECTION('',(0.,0.258819045102521,0.965925826289068));
#3053=DIRECTION('',(0.,-0.965925826289068,0.258819045102521));
#3054=DIRECTION('',(0.,0.258819045102521,0.965925826289068));
#3055=DIRECTION('',(0.,-0.965925826289068,0.258819045102521));
#3056=DIRECTION('',(0.,0.258819045102521,0.965925826289068));
#3057=DIRECTION('',(0.,-0.965925826289068,0.258819045102521));
#3058=DIRECTION('',(0.,0.258819045102521,0.965925826289068));
#3059=DIRECTION('',(0.,-0.965925826289068,0.258819045102521));
#3060=DIRECTION('',(0.,0.258819045102521,0.965925826289068));
#3061=DIRECTION('',(0.,-0.965925826289068,0.258819045102521));
#3062=DIRECTION('',(0.,0.258819045102521,0.965925826289068));
#3063=DIRECTION('',(0.,-0.965925826289068,0.258819045102521));
#3064=DIRECTION('',(0.,0.258819045102521,0.965925826289068));
#3065=DIRECTION('',(0.,-0.965925826289068,0.258819045102521));
#3066=DIRECTION('',(0.,0.258819045102521,0.965925826289068));
#3067=DIRECTION('',(0.,-0.965925826289068,0.258819045102521));
#3068=DIRECTION('',(0.,0.258819045102521,0.965925826289068));
#3069=DIRECTION('',(0.,-0.965925826289068,0.258819045102521));
#3070=DIRECTION('',(0.,0.258819045102521,0.965925826289068));
#3071=DIRECTION('',(0.,-0.965925826289068,0.258819045102521));
#3072=DIRECTION('',(0.,0.258819045102521,0.965925826289068));
#3073=DIRECTION('',(0.,-0.965925826289068,0.258819045102521));
#3074=DIRECTION('',(0.,0.258819045102521,0.965925826289068));
#3075=DIRECTION('',(0.,-0.965925826289068,0.258819045102521));
#3076=DIRECTION('',(0.,0.258819045102521,0.965925826289068));
#3077=DIRECTION('',(0.,-0.965925826289068,0.258819045102521));
#3078=DIRECTION('',(0.,0.258819045102521,0.965925826289068));
#3079=DIRECTION('',(0.,-0.965925826289068,0.258819045102521));
#3080=DIRECTION('',(0.,0.258819045102521,0.965925826289068));
#3081=DIRECTION('',(0.,-0.965925826289068,0.258819045102521));
#3082=DIRECTION('',(0.,0.258819045102521,0.965925826289068));
#3083=DIRECTION('',(0.,-0.965925826289068,0.258819045102521));
#3084=DIRECTION('',(-1.,-1.20024319773301E-16,0.));
#3085=DIRECTION('',(0.,0.,1.));
#3086=DIRECTION('',(1.,0.,0.));
#3087=DIRECTION('',(-0.5,0.866025403784439,0.));
#3088=DIRECTION('',(0.,0.,1.));
#3089=DIRECTION('',(1.,0.,0.));
#3090=DIRECTION('',(0.,1.,0.));
#3091=DIRECTION('',(0.,0.,1.));
#3092=DIRECTION('',(1.,0.,0.));
#3093=DIRECTION('',(0.707106781186547,0.707106781186549,0.));
#3094=DIRECTION('',(0.,0.,1.));
#3095=DIRECTION('',(1.,0.,0.));
#3096=DIRECTION('',(0.,0.,1.));
#3097=DIRECTION('',(1.,0.,0.));
#3098=DIRECTION('',(0.707106781186552,-0.707106781186544,0.));
#3099=DIRECTION('',(0.,0.,1.));
#3100=DIRECTION('',(1.,0.,0.));
#3101=DIRECTION('',(0.,-1.,0.));
#3102=DIRECTION('',(0.,0.,1.));
#3103=DIRECTION('',(1.,0.,0.));
#3104=DIRECTION('',(-0.5,-0.86602540378444,0.));
#3105=DIRECTION('',(0.,0.,1.));
#3106=DIRECTION('',(1.,0.,0.));
#3107=DIRECTION('',(-1.,-1.20024319773301E-16,0.));
#3108=DIRECTION('',(1.,0.,0.));
#3109=DIRECTION('',(0.,0.,-1.));
#3110=DIRECTION('',(0.,-0.965925826289068,0.258819045102521));
#3111=DIRECTION('',(0.,-0.258819045102521,-0.965925826289068));
#3112=DIRECTION('',(0.,-0.258819045102521,-0.965925826289068));
#3113=DIRECTION('',(0.,0.965925826289068,-0.258819045102521));
#3114=DIRECTION('',(0.,-0.258819045102521,-0.965925826289068));
#3115=DIRECTION('',(0.,0.965925826289068,-0.258819045102521));
#3116=DIRECTION('',(0.,-0.258819045102521,-0.965925826289068));
#3117=DIRECTION('',(0.,-0.258819045102521,-0.965925826289068));
#3118=DIRECTION('',(0.,0.965925826289068,-0.258819045102521));
#3119=DIRECTION('',(0.,-0.258819045102521,-0.965925826289068));
#3120=DIRECTION('',(0.,-0.258819045102521,-0.965925826289068));
#3121=DIRECTION('',(0.,0.965925826289068,-0.258819045102521));
#3122=DIRECTION('',(0.,-0.258819045102521,-0.965925826289068));
#3123=DIRECTION('',(0.,-0.258819045102521,-0.965925826289068));
#3124=DIRECTION('',(0.,0.965925826289068,-0.258819045102521));
#3125=DIRECTION('',(0.,-0.258819045102521,-0.965925826289068));
#3126=DIRECTION('',(0.,-0.258819045102521,-0.965925826289068));
#3127=DIRECTION('',(0.,0.965925826289068,-0.258819045102521));
#3128=DIRECTION('',(0.,0.258819045102521,0.965925826289068));
#3129=DIRECTION('',(0.,0.965925826289068,-0.258819045102521));
#3130=DIRECTION('',(0.,-0.258819045102521,-0.965925826289068));
#3131=DIRECTION('',(0.,-0.258819045102521,-0.965925826289068));
#3132=DIRECTION('',(0.,0.965925826289068,-0.258819045102521));
#3133=DIRECTION('',(0.,-0.258819045102521,-0.965925826289068));
#3134=DIRECTION('',(0.,0.965925826289068,-0.258819045102521));
#3135=DIRECTION('',(0.,-0.258819045102521,-0.965925826289068));
#3136=DIRECTION('',(0.,-0.258819045102521,-0.965925826289068));
#3137=DIRECTION('',(0.,0.965925826289068,-0.258819045102521));
#3138=DIRECTION('',(0.,-0.258819045102521,-0.965925826289068));
#3139=DIRECTION('',(0.,0.965925826289068,-0.258819045102521));
#3140=DIRECTION('',(0.,-0.258819045102521,-0.965925826289068));
#3141=DIRECTION('',(1.,0.,0.));
#3142=DIRECTION('',(0.,-0.258819045102521,-0.965925826289068));
#3143=DIRECTION('',(0.,0.965925826289068,-0.258819045102521));
#3144=DIRECTION('',(0.,-0.258819045102521,-0.965925826289068));
#3145=DIRECTION('',(0.,0.965925826289068,-0.258819045102521));
#3146=DIRECTION('',(0.,-0.258819045102521,-0.965925826289068));
#3147=DIRECTION('',(2.77555756156289E-17,-0.258819045102521,-0.965925826289069));
#3148=DIRECTION('',(0.,0.965925826289068,-0.258819045102521));
#3149=DIRECTION('',(2.77555756156289E-17,-0.258819045102521,-0.965925826289069));
#3150=DIRECTION('',(-1.20024319773301E-16,1.,0.));
#3151=DIRECTION('',(-1.,-1.20024319773301E-16,0.));
#3152=DIRECTION('',(-1.,-1.20024319773301E-16,3.42573324691933E-18));
#3153=DIRECTION('',(2.77555756156289E-17,3.33134408318228E-33,-1.));
#3154=DIRECTION('',(0.,0.,1.));
#3155=DIRECTION('',(-1.,-1.20024319773301E-16,0.));
#3156=DIRECTION('',(0.,0.,1.));
#3157=DIRECTION('',(-2.77555756156289E-17,-3.33134408318228E-33,1.));
#3158=DIRECTION('',(0.,-0.258819045102521,-0.965925826289068));
#3159=DIRECTION('',(1.,0.,0.));
#3160=DIRECTION('',(0.,-0.965925826289068,0.258819045102521));
#3161=DIRECTION('',(1.,0.,0.));
#3162=DIRECTION('',(-1.20024319773301E-16,1.,0.));
#3163=DIRECTION('',(-1.,-1.20024319773301E-16,0.));
#3164=DIRECTION('',(1.,1.20024319773301E-16,0.));
#3165=DIRECTION('',(0.,0.,1.));
#3166=DIRECTION('',(-1.,-1.20024319773301E-16,0.));
#3167=DIRECTION('',(0.,0.,-1.));
#3168=DIRECTION('',(1.,1.20024319773301E-16,0.));
#3169=DIRECTION('',(0.,0.,1.));
#3170=DIRECTION('',(-5.60568294032971E-17,-6.72818281777873E-33,-1.));
#3171=DIRECTION('',(1.,1.20024319773301E-16,-3.42573324691933E-18));
#3172=DIRECTION('',(-6.7894923219576E-17,-8.14904197549012E-33,-1.));
#3173=DIRECTION('',(0.,0.,1.));
#3174=DIRECTION('',(1.,0.,0.));
#3175=DIRECTION('',(0.,0.,1.));
#3176=DIRECTION('',(1.,0.,0.));
#3177=DIRECTION('',(0.,0.,1.));
#3178=DIRECTION('',(1.,0.,0.));
#3179=DIRECTION('',(0.707106781186547,0.707106781186549,0.));
#3180=DIRECTION('',(0.,0.,1.));
#3181=DIRECTION('',(1.,0.,0.));
#3182=DIRECTION('',(0.,1.,0.));
#3183=DIRECTION('',(0.,0.,1.));
#3184=DIRECTION('',(1.,0.,0.));
#3185=DIRECTION('',(-0.5,0.866025403784439,0.));
#3186=DIRECTION('',(0.,0.,1.));
#3187=DIRECTION('',(1.,0.,0.));
#3188=DIRECTION('',(0.,0.,1.));
#3189=DIRECTION('',(1.,0.,0.));
#3190=DIRECTION('',(-0.5,-0.86602540378444,0.));
#3191=DIRECTION('',(0.,0.,1.));
#3192=DIRECTION('',(1.,0.,0.));
#3193=DIRECTION('',(0.,-1.,0.));
#3194=DIRECTION('',(0.,0.,1.));
#3195=DIRECTION('',(1.,0.,0.));
#3196=DIRECTION('',(0.707106781186552,-0.707106781186544,0.));
#3197=DIRECTION('',(1.,0.,0.));
#3198=DIRECTION('',(0.,0.,1.));
#3199=DIRECTION('',(1.,0.,0.));
#3200=DIRECTION('',(0.,0.,1.));
#3201=DIRECTION('',(1.,0.,0.));
#3202=DIRECTION('',(1.,0.,0.));
#3203=DIRECTION('',(0.,0.,1.));
#3204=DIRECTION('',(1.,0.,0.));
#3205=DIRECTION('',(0.,0.,-1.));
#3206=DIRECTION('',(1.,0.,0.));
#3207=DIRECTION('',(0.,0.,1.));
#3208=DIRECTION('',(1.,0.,0.));
#3209=DIRECTION('',(0.707106781186552,-0.707106781186544,0.));
#3210=DIRECTION('',(0.,0.,1.));
#3211=DIRECTION('',(1.,0.,0.));
#3212=DIRECTION('',(0.,-1.,0.));
#3213=DIRECTION('',(0.,0.,1.));
#3214=DIRECTION('',(1.,0.,0.));
#3215=DIRECTION('',(0.,0.,1.));
#3216=DIRECTION('',(1.,0.,0.));
#3217=DIRECTION('',(0.,0.,1.));
#3218=DIRECTION('',(1.,0.,0.));
#3219=DIRECTION('',(-0.5,-0.86602540378444,0.));
#3220=DIRECTION('',(0.,0.,1.));
#3221=DIRECTION('',(1.,0.,0.));
#3222=DIRECTION('',(0.,0.,1.));
#3223=DIRECTION('',(1.,0.,0.));
#3224=DIRECTION('',(0.,0.,1.));
#3225=DIRECTION('',(1.,0.,0.));
#3226=DIRECTION('',(0.,0.,1.));
#3227=DIRECTION('',(1.,0.,0.));
#3228=DIRECTION('',(0.,0.,-1.));
#3229=DIRECTION('',(1.,0.,0.));
#3230=DIRECTION('',(0.,0.,1.));
#3231=DIRECTION('',(1.,0.,0.));
#3232=DIRECTION('',(-0.5,0.866025403784439,0.));
#3233=DIRECTION('',(0.,0.,1.));
#3234=DIRECTION('',(1.,0.,0.));
#3235=DIRECTION('',(0.,0.,-1.));
#3236=DIRECTION('',(1.,0.,0.));
#3237=DIRECTION('',(0.,0.,1.));
#3238=DIRECTION('',(1.,0.,0.));
#3239=DIRECTION('',(0.,1.,0.));
#3240=DIRECTION('',(0.,0.,1.));
#3241=DIRECTION('',(1.,0.,0.));
#3242=DIRECTION('',(0.707106781186547,0.707106781186549,0.));
#3243=DIRECTION('',(0.,0.,1.));
#3244=DIRECTION('',(1.,0.,0.));
#3245=DIRECTION('',(0.,0.,1.));
#3246=DIRECTION('',(1.,0.,0.));
#3247=DIRECTION('',(0.,0.,1.));
#3248=DIRECTION('',(1.,0.,0.));
#3249=DIRECTION('',(0.,0.258819045102521,0.965925826289068));
#3250=DIRECTION('',(1.,0.,0.));
#3251=DIRECTION('',(0.866025403784439,0.5,0.));
#3252=DIRECTION('',(-0.5,0.866025403784439,0.));
#3253=DIRECTION('',(0.,0.,1.));
#3254=DIRECTION('',(0.,0.,1.));
#3255=DIRECTION('',(0.,0.,1.));
#3256=DIRECTION('',(1.,0.,0.));
#3257=DIRECTION('',(0.,0.,1.));
#3258=DIRECTION('',(1.,0.,0.));
#3259=DIRECTION('',(0.,0.,1.));
#3260=DIRECTION('',(-0.86602540378444,0.5,0.));
#3261=DIRECTION('',(-0.5,-0.86602540378444,0.));
#3262=DIRECTION('',(0.,0.,1.));
#3263=DIRECTION('',(0.,0.,1.));
#3264=DIRECTION('',(1.,0.,0.));
#3265=DIRECTION('',(0.,0.,1.));
#3266=DIRECTION('',(-1.,0.,0.));
#3267=DIRECTION('',(0.,0.,1.));
#3268=DIRECTION('',(0.,0.,1.));
#3269=DIRECTION('',(0.,0.,1.));
#3270=DIRECTION('',(1.,0.,0.));
#3271=DIRECTION('',(0.,0.,1.));
#3272=DIRECTION('',(-0.707106781186544,-0.707106781186552,0.));
#3273=DIRECTION('',(0.707106781186552,-0.707106781186544,0.));
#3274=DIRECTION('',(0.,0.,1.));
#3275=DIRECTION('',(0.,0.,1.));
#3276=DIRECTION('',(1.,0.,0.));
#3277=DIRECTION('',(0.,0.,1.));
#3278=DIRECTION('',(1.,0.,0.));
#3279=DIRECTION('',(0.,0.,1.));
#3280=DIRECTION('',(0.707106781186549,-0.707106781186547,0.));
#3281=DIRECTION('',(0.707106781186547,0.707106781186549,0.));
#3282=DIRECTION('',(0.,0.,1.));
#3283=DIRECTION('',(0.,0.,1.));
#3284=DIRECTION('',(1.,0.,0.));
#3285=DIRECTION('',(0.,0.,1.));
#3286=DIRECTION('',(1.,0.,0.));
#3287=DIRECTION('',(0.,0.,-1.));
#3288=DIRECTION('',(0.,0.,1.));
#3289=DIRECTION('',(0.,0.,1.));
#3290=DIRECTION('',(1.,0.,0.));
#3291=DIRECTION('',(0.866025403784439,0.5,0.));
#3292=DIRECTION('',(-0.5,0.866025403784439,0.));
#3293=DIRECTION('',(0.,0.,1.));
#3294=DIRECTION('',(0.5,-0.866025403784439,0.));
#3295=DIRECTION('',(0.,0.,1.));
#3296=DIRECTION('',(-0.5,0.866025403784439,0.));
#3297=DIRECTION('',(0.,0.,1.));
#3298=DIRECTION('',(0.,0.,1.));
#3299=DIRECTION('',(1.,0.,0.));
#3300=DIRECTION('',(0.,0.,1.));
#3301=DIRECTION('',(1.,0.,0.));
#3302=DIRECTION('',(0.,0.,1.));
#3303=DIRECTION('',(-0.86602540378444,0.5,0.));
#3304=DIRECTION('',(-0.5,-0.86602540378444,0.));
#3305=DIRECTION('',(0.5,0.86602540378444,0.));
#3306=DIRECTION('',(0.,0.,-1.));
#3307=DIRECTION('',(0.,0.,-1.));
#3308=DIRECTION('',(-0.5,-0.86602540378444,0.));
#3309=DIRECTION('',(0.,0.,1.));
#3310=DIRECTION('',(0.,0.,1.));
#3311=DIRECTION('',(1.,0.,0.));
#3312=DIRECTION('',(0.,0.,1.));
#3313=DIRECTION('',(1.,0.,0.));
#3314=DIRECTION('',(0.,0.,1.));
#3315=DIRECTION('',(-1.,0.,0.));
#3316=DIRECTION('',(0.,0.,1.));
#3317=DIRECTION('',(0.,1.,0.));
#3318=DIRECTION('',(0.,0.,-1.));
#3319=DIRECTION('',(0.,0.,1.));
#3320=DIRECTION('',(0.,0.,1.));
#3321=DIRECTION('',(1.,0.,0.));
#3322=DIRECTION('',(0.,0.,1.));
#3323=DIRECTION('',(-0.707106781186544,-0.707106781186552,0.));
#3324=DIRECTION('',(0.707106781186552,-0.707106781186544,0.));
#3325=DIRECTION('',(0.,0.,1.));
#3326=DIRECTION('',(-0.707106781186552,0.707106781186544,0.));
#3327=DIRECTION('',(0.,0.,1.));
#3328=DIRECTION('',(0.,0.,1.));
#3329=DIRECTION('',(1.,0.,0.));
#3330=DIRECTION('',(0.,0.,1.));
#3331=DIRECTION('',(1.,0.,0.));
#3332=DIRECTION('',(0.,0.,1.));
#3333=DIRECTION('',(0.,-1.,0.));
#3334=DIRECTION('',(0.,0.,-1.));
#3335=DIRECTION('',(8.32795438261598E-17,0.,1.));
#3336=DIRECTION('',(0.,-1.,0.));
#3337=DIRECTION('',(0.,0.,-1.));
#3338=DIRECTION('',(1.,0.,0.));
#3339=DIRECTION('',(0.,-1.,0.));
#3340=DIRECTION('',(0.,0.,-1.));
#3341=DIRECTION('',(8.32795438261598E-17,0.,1.));
#3342=DIRECTION('',(0.,0.,-1.));
#3343=DIRECTION('',(1.,0.,0.));
#3344=DIRECTION('',(0.,0.,-1.));
#3345=DIRECTION('',(1.,0.,0.));
#3346=DIRECTION('',(0.,0.,1.));
#3347=DIRECTION('',(0.,0.,1.));
#3348=DIRECTION('',(1.,0.,0.));
#3349=DIRECTION('',(0.,0.,1.));
#3350=DIRECTION('',(1.,0.,0.));
#3351=DIRECTION('',(0.,0.,1.));
#3352=DIRECTION('',(0.707106781186549,-0.707106781186547,0.));
#3353=DIRECTION('',(0.707106781186547,0.707106781186549,0.));
#3354=DIRECTION('',(-0.707106781186547,-0.707106781186549,0.));
#3355=DIRECTION('',(0.,0.,-1.));
#3356=DIRECTION('',(0.,0.,1.));
#3357=DIRECTION('',(0.,0.,1.));
#3358=DIRECTION('',(1.,0.,0.));
#3359=DIRECTION('',(0.,0.,1.));
#3360=DIRECTION('',(1.,0.,0.));
#3361=DIRECTION('',(0.,0.,-1.));
#3362=DIRECTION('',(0.,0.,1.));
#3363=DIRECTION('',(0.,-1.,0.));
#3364=DIRECTION('',(0.,0.,-1.));
#3365=DIRECTION('',(0.,0.,1.));
#3366=DIRECTION('',(1.,0.,0.));
#3367=DIRECTION('',(0.,0.,1.));
#3368=DIRECTION('',(1.,0.,0.));
#3369=DIRECTION('',(1.,0.,0.));
#3370=DIRECTION('',(0.,0.,-1.));
#3371=DIRECTION('',(2.77555756156289E-17,-0.258819045102521,-0.965925826289069));
#3372=DIRECTION('',(0.,0.965925826289068,-0.258819045102521));
#3373=DIRECTION('',(0.,0.258819045102521,0.965925826289068));
#3374=DIRECTION('',(0.,-0.258819045102521,-0.965925826289068));
#3375=DIRECTION('',(0.,0.965925826289068,-0.258819045102521));
#3376=DIRECTION('',(0.,-0.258819045102521,-0.965925826289068));
#3377=DIRECTION('',(0.,0.965925826289068,-0.258819045102521));
#3378=DIRECTION('',(0.,-0.258819045102521,-0.965925826289068));
#3379=DIRECTION('',(1.,0.,0.));
#3380=DIRECTION('',(-4.3911202732029E-32,-0.965925826289068,0.258819045102521));
#3381=DIRECTION('',(1.,-9.89439980058666E-34,2.65119643615785E-34));
#3382=DIRECTION('',(0.,-0.258819045102521,-0.965925826289068));
#3383=DIRECTION('',(0.,0.965925826289068,-0.258819045102521));
#3384=DIRECTION('',(-7.18367157710788E-18,-0.965925826289068,0.258819045102521));
#3385=DIRECTION('',(0.,-0.258819045102521,-0.965925826289068));
#3386=DIRECTION('',(0.,0.965925826289068,-0.258819045102521));
#3387=DIRECTION('',(-1.,0.,0.));
#3388=DIRECTION('',(-1.,-3.16446244686946E-16,5.60568294032971E-17));
#3389=DIRECTION('',(3.16446244686946E-16,-1.,0.));
#3390=DIRECTION('',(-2.77555756156289E-17,0.258819045102521,0.965925826289068));
#3391=DIRECTION('',(3.20172175432948E-16,-0.965925826289068,0.258819045102521));
#3392=DIRECTION('',(-2.77555756156289E-17,0.258819045102521,0.965925826289068));
#3393=DIRECTION('',(0.,-0.965925826289068,0.258819045102521));
#3394=DIRECTION('',(-2.77555756156289E-17,0.258819045102521,0.965925826289068));
#3395=DIRECTION('',(-2.77555756156289E-17,0.258819045102521,0.965925826289068));
#3396=DIRECTION('',(0.,-0.965925826289068,0.258819045102521));
#3397=DIRECTION('',(0.,0.965925826289068,-0.258819045102521));
#3398=DIRECTION('',(0.,0.258819045102521,0.965925826289068));
#3399=DIRECTION('',(-2.77555756156289E-17,0.258819045102521,0.965925826289068));
#3400=DIRECTION('',(-1.,-7.18367157710788E-18,-2.6809827310655E-17));
#3401=DIRECTION('',(-2.77555756156289E-17,0.258819045102521,0.965925826289068));
#3402=DIRECTION('',(0.,-0.965925826289068,0.258819045102521));
#3403=DIRECTION('',(-2.77555756156289E-17,0.258819045102521,0.965925826289068));
#3404=DIRECTION('',(-2.77555756156289E-17,0.258819045102521,0.965925826289068));
#3405=DIRECTION('',(0.,-0.965925826289068,0.258819045102521));
#3406=DIRECTION('',(-1.,-3.60626612274066E-16,6.7894923219576E-17));
#3407=DIRECTION('',(3.60626612274066E-16,-1.,0.));
#3408=DIRECTION('',(3.65911057637655E-16,-0.965925826289068,0.258819045102521));
#3409=DIRECTION('',(-2.77555756156289E-17,0.258819045102521,0.965925826289068));
#3410=DIRECTION('',(1.,7.18367157710788E-18,2.6809827310655E-17));
#3411=DIRECTION('',(2.77555756156289E-17,-0.258819045102521,-0.965925826289069));
#3412=DIRECTION('',(1.,0.,2.77555756156289E-17));
#3413=DIRECTION('',(0.,0.965925826289068,-0.258819045102521));
#3414=DIRECTION('',(1.,0.,2.77555756156289E-17));
#3415=DIRECTION('',(0.,-0.965925826289068,0.258819045102521));
#3416=DIRECTION('',(2.77555756156289E-17,-0.258819045102521,-0.965925826289069));
#3417=DIRECTION('',(1.,0.,2.77555756156289E-17));
#3418=DIRECTION('',(-2.77555756156289E-17,0.258819045102521,0.965925826289069));
#3419=DIRECTION('',(0.,-0.965925826289068,0.258819045102521));
#3420=DIRECTION('',(-1.,0.,-2.77555756156289E-17));
#3421=DIRECTION('',(-2.77555756156289E-17,0.258819045102521,0.965925826289069));
#3422=DIRECTION('',(0.707106781186548,-0.68301270189222,0.18301270189222));
#3423=DIRECTION('',(0.,-0.965925826289068,0.258819045102521));
#3424=DIRECTION('',(-2.77555756156289E-17,0.258819045102521,0.965925826289069));
#3425=DIRECTION('',(0.707106781186548,0.68301270189222,-0.18301270189222));
#3426=DIRECTION('',(1.,0.,2.77555756156289E-17));
#3427=DIRECTION('',(1.,0.,2.77555756156289E-17));
#3428=DIRECTION('',(0.,-0.965925826289068,0.258819045102521));
#3429=DIRECTION('',(2.77555756156289E-17,-0.258819045102521,-0.965925826289069));
#3430=DIRECTION('',(-2.77555756156289E-17,0.258819045102521,0.965925826289069));
#3431=DIRECTION('',(2.77555756156289E-17,-0.258819045102521,-0.965925826289069));
#3432=DIRECTION('',(0.707106781186548,-0.68301270189222,0.18301270189222));
#3433=DIRECTION('',(2.77555756156289E-17,-0.258819045102521,-0.965925826289069));
#3434=DIRECTION('',(2.77555756156289E-17,-0.258819045102521,-0.965925826289069));
#3435=DIRECTION('',(1.,1.80411241501588E-16,-2.77555756156289E-17));
#3436=DIRECTION('',(1.,0.,2.77555756156289E-17));
#3437=DIRECTION('',(0.,-0.965925826289068,0.258819045102521));
#3438=DIRECTION('',(-2.77555756156289E-17,0.258819045102521,0.965925826289068));
#3439=DIRECTION('',(2.77555756156289E-17,-0.258819045102521,-0.965925826289069));
#3440=DIRECTION('',(0.707106781186548,0.68301270189222,-0.18301270189222));
#3441=DIRECTION('',(-2.77555756156289E-17,0.258819045102521,0.965925826289069));
#3442=DIRECTION('',(0.,0.965925826289068,-0.258819045102521));
#3443=DIRECTION('',(1.,0.,2.77555756156289E-17));
#3444=DIRECTION('',(-2.77555756156289E-17,0.258819045102521,0.965925826289068));
#3445=DIRECTION('',(-1.,0.,-2.77555756156289E-17));
#3446=DIRECTION('',(0.,0.965925826289068,-0.258819045102521));
#3447=DIRECTION('',(0.,-0.965925826289068,0.258819045102521));
#3448=DIRECTION('',(-1.,0.,-2.77555756156289E-17));
#3449=DIRECTION('',(0.,-0.258819045102521,-0.965925826289068));
#3450=DIRECTION('',(0.,0.965925826289068,-0.258819045102521));
#3451=DIRECTION('',(0.,-0.258819045102521,-0.965925826289068));
#3452=DIRECTION('',(0.,-0.258819045102521,-0.965925826289068));
#3453=DIRECTION('',(0.,0.965925826289068,-0.258819045102521));
#3454=DIRECTION('',(0.,-0.258819045102521,-0.965925826289068));
#3455=DIRECTION('',(0.,0.965925826289068,-0.258819045102521));
#3456=DIRECTION('',(0.,-0.258819045102521,-0.965925826289068));
#3457=DIRECTION('',(0.,-0.258819045102521,-0.965925826289068));
#3458=DIRECTION('',(0.,0.965925826289068,-0.258819045102521));
#3459=DIRECTION('',(0.,-0.258819045102521,-0.965925826289068));
#3460=DIRECTION('',(0.,0.965925826289068,-0.258819045102521));
#3461=DIRECTION('',(0.,-0.258819045102521,-0.965925826289068));
#3462=DIRECTION('',(0.,0.965925826289068,-0.258819045102521));
#3463=DIRECTION('',(0.,-0.258819045102521,-0.965925826289068));
#3464=DIRECTION('',(1.,0.,0.));
#3465=DIRECTION('',(0.,-0.258819045102521,-0.965925826289068));
#3466=DIRECTION('',(0.,0.965925826289068,-0.258819045102521));
#3467=DIRECTION('',(0.,-0.258819045102521,-0.965925826289068));
#3468=DIRECTION('',(0.,0.965925826289068,-0.258819045102521));
#3469=DIRECTION('',(1.,0.,0.));
#3470=DIRECTION('',(0.,-0.258819045102521,-0.965925826289068));
#3471=DIRECTION('',(0.,0.965925826289068,-0.258819045102521));
#3472=DIRECTION('',(0.,-0.258819045102521,-0.965925826289068));
#3473=DIRECTION('',(0.,0.965925826289068,-0.258819045102521));
#3474=DIRECTION('',(0.,0.258819045102521,0.965925826289068));
#3475=DIRECTION('',(0.,-0.258819045102521,-0.965925826289068));
#3476=DIRECTION('',(0.,-0.258819045102521,-0.965925826289068));
#3477=DIRECTION('',(0.,0.965925826289068,-0.258819045102521));
#3478=DIRECTION('',(0.,0.,1.));
#3479=DIRECTION('',(1.,0.,0.));
#3480=DIRECTION('',(0.,0.,-1.));
#3481=DIRECTION('',(1.,0.,0.));
#3482=DIRECTION('',(0.,0.,1.));
#3483=DIRECTION('',(0.,0.,1.));
#3484=DIRECTION('',(0.,0.,1.));
#3485=DIRECTION('',(1.,0.,0.));
#3486=DIRECTION('',(0.,0.,1.));
#3487=DIRECTION('',(1.,0.,0.));
#3488=DIRECTION('',(0.,-1.,0.));
#3489=DIRECTION('',(0.,0.,1.));
#3490=DIRECTION('',(1.,0.,0.));
#3491=DIRECTION('',(0.,0.,1.));
#3492=DIRECTION('',(1.,0.,0.));
#3493=DIRECTION('',(-0.5,0.866025403784439,0.));
#3494=DIRECTION('',(0.,0.,1.));
#3495=DIRECTION('',(1.,0.,0.));
#3496=DIRECTION('',(0.,0.,1.));
#3497=DIRECTION('',(0.,0.,1.));
#3498=DIRECTION('',(1.,0.,0.));
#3499=DIRECTION('',(0.,0.,1.));
#3500=DIRECTION('',(0.,0.,1.));
#3501=DIRECTION('',(1.,0.,0.));
#3502=DIRECTION('',(0.,0.,1.));
#3503=DIRECTION('',(1.,0.,0.));
#3504=DIRECTION('',(0.,0.,1.));
#3505=DIRECTION('',(1.,0.,0.));
#3506=DIRECTION('',(1.,0.,0.));
#3507=DIRECTION('',(0.,0.,1.));
#3508=DIRECTION('',(1.,0.,0.));
#3509=DIRECTION('',(0.,0.,1.));
#3510=DIRECTION('',(1.,0.,0.));
#3511=DIRECTION('',(0.,0.,-1.));
#3512=DIRECTION('',(1.,0.,0.));
#3513=DIRECTION('',(0.,0.,1.));
#3514=DIRECTION('',(0.,0.,1.));
#3515=DIRECTION('',(0.,0.,1.));
#3516=DIRECTION('',(1.,0.,0.));
#3517=DIRECTION('',(1.,0.,0.));
#3518=DIRECTION('',(0.,0.,1.));
#3519=DIRECTION('',(1.,0.,0.));
#3520=DIRECTION('',(0.,0.,1.));
#3521=DIRECTION('',(1.,0.,0.));
#3522=DIRECTION('',(0.,0.,1.));
#3523=DIRECTION('',(1.,0.,0.));
#3524=DIRECTION('',(0.,0.,1.));
#3525=DIRECTION('',(1.,0.,0.));
#3526=DIRECTION('',(0.,0.,1.));
#3527=DIRECTION('',(0.,0.,1.));
#3528=DIRECTION('',(1.,0.,0.));
#3529=DIRECTION('',(0.,0.,1.));
#3530=DIRECTION('',(0.,0.,1.));
#3531=DIRECTION('',(1.,0.,0.));
#3532=DIRECTION('',(0.,0.,1.));
#3533=DIRECTION('',(1.,0.,0.));
#3534=DIRECTION('',(0.,1.,0.));
#3535=DIRECTION('',(0.,0.,1.));
#3536=DIRECTION('',(1.,0.,0.));
#3537=DIRECTION('',(-0.5,-0.86602540378444,0.));
#3538=DIRECTION('',(0.,0.,1.));
#3539=DIRECTION('',(1.,0.,0.));
#3540=DIRECTION('',(0.,0.,1.));
#3541=DIRECTION('',(1.,0.,0.));
#3542=DIRECTION('',(0.,0.,1.));
#3543=DIRECTION('',(0.,0.,1.));
#3544=DIRECTION('',(1.,0.,0.));
#3545=DIRECTION('',(0.,0.,1.));
#3546=DIRECTION('',(0.,0.,1.));
#3547=DIRECTION('',(1.,0.,0.));
#3548=DIRECTION('',(0.,0.,1.));
#3549=DIRECTION('',(1.,0.,0.));
#3550=DIRECTION('',(0.,0.,1.));
#3551=DIRECTION('',(1.,0.,0.));
#3552=DIRECTION('',(0.,0.,1.));
#3553=DIRECTION('',(1.,0.,0.));
#3554=DIRECTION('',(0.,0.,1.));
#3555=DIRECTION('',(1.,0.,0.));
#3556=DIRECTION('',(0.,0.,-1.));
#3557=DIRECTION('',(1.,0.,0.));
#3558=DIRECTION('',(0.,0.,1.));
#3559=DIRECTION('',(0.,0.,1.));
#3560=DIRECTION('',(0.,0.,1.));
#3561=DIRECTION('',(1.,0.,0.));
#3562=DIRECTION('',(0.,0.,1.));
#3563=DIRECTION('',(1.,0.,0.));
#3564=DIRECTION('',(0.,0.,1.));
#3565=DIRECTION('',(1.,0.,0.));
#3566=DIRECTION('',(0.,0.,1.));
#3567=DIRECTION('',(1.,0.,0.));
#3568=DIRECTION('',(0.5,0.86602540378444,0.));
#3569=DIRECTION('',(-0.86602540378444,0.5,0.));
#3570=DIRECTION('',(0.353553390593273,0.612372435695795,0.707106781186548));
#3571=DIRECTION('',(-0.353553390593273,-0.612372435695795,0.707106781186548));
#3572=DIRECTION('',(0.5,0.866025403784439,0.));
#3573=DIRECTION('',(-0.86602540378444,0.5,0.));
#3574=DIRECTION('',(0.,0.,1.));
#3575=DIRECTION('',(1.,0.,0.));
#3576=DIRECTION('',(0.,0.,1.));
#3577=DIRECTION('',(1.,0.,0.));
#3578=DIRECTION('',(-0.707106781186548,-8.48700104190039E-17,0.707106781186548));
#3579=DIRECTION('',(0.707106781186548,8.48700104190039E-17,0.707106781186548));
#3580=DIRECTION('',(0.,0.,1.));
#3581=DIRECTION('',(1.,0.,0.));
#3582=DIRECTION('',(1.,0.,0.));
#3583=DIRECTION('',(0.,0.,-1.));
#3584=DIRECTION('',(1.,1.20024319773301E-16,0.));
#3585=DIRECTION('',(-1.20024319773301E-16,1.,0.));
#3586=DIRECTION('',(1.,1.20024319773301E-16,0.));
#3587=DIRECTION('',(-1.20024319773301E-16,1.,0.));
#3588=DIRECTION('',(0.707106781186548,8.48700104190039E-17,0.707106781186548));
#3589=DIRECTION('',(-0.707106781186548,-8.48700104190039E-17,0.707106781186548));
#3590=DIRECTION('',(1.,0.,0.));
#3591=DIRECTION('',(0.,0.,-1.));
#3592=DIRECTION('',(0.,0.,1.));
#3593=DIRECTION('',(1.,0.,0.));
#3594=DIRECTION('',(0.,0.,1.));
#3595=DIRECTION('',(1.,0.,0.));
#3596=DIRECTION('',(-0.353553390593274,0.612372435695795,0.707106781186548));
#3597=DIRECTION('',(0.353553390593274,-0.612372435695795,0.707106781186548));
#3598=DIRECTION('',(0.,0.,1.));
#3599=DIRECTION('',(1.,0.,0.));
#3600=DIRECTION('',(0.5,-0.866025403784438,0.));
#3601=DIRECTION('',(0.866025403784438,0.5,0.));
#3602=DIRECTION('',(0.5,-0.866025403784439,0.));
#3603=DIRECTION('',(0.866025403784439,0.5,0.));
#3604=DIRECTION('',(0.,0.,1.));
#3605=DIRECTION('',(1.,0.,0.));
#3606=DIRECTION('',(-0.707106781186548,0.,0.707106781186548));
#3607=DIRECTION('',(0.707106781186548,0.,0.707106781186548));
#3608=DIRECTION('',(1.,0.,0.));
#3609=DIRECTION('',(0.,0.,-1.));
#3610=DIRECTION('',(-1.,0.,0.));
#3611=DIRECTION('',(0.,0.,1.));
#3612=DIRECTION('',(-0.707106781186552,0.707106781186544,0.));
#3613=DIRECTION('',(-0.707106781186544,-0.707106781186552,0.));
#3614=DIRECTION('',(0.707106781186551,-0.707106781186544,3.06658683336673E-15));
#3615=DIRECTION('',(0.707106781186544,0.707106781186551,0.));
#3616=DIRECTION('',(-0.5,0.5,-0.707106781186548));
#3617=DIRECTION('',(-0.5,0.5,0.707106781186548));
#3618=DIRECTION('',(0.,0.,1.));
#3619=DIRECTION('',(1.,0.,0.));
#3620=DIRECTION('',(0.,0.,1.));
#3621=DIRECTION('',(1.,0.,0.));
#3622=DIRECTION('',(0.,0.,1.));
#3623=DIRECTION('',(1.,0.,0.));
#3624=DIRECTION('',(-0.353553390593273,-0.612372435695795,0.707106781186548));
#3625=DIRECTION('',(0.353553390593273,0.612372435695795,0.707106781186548));
#3626=DIRECTION('',(-0.5,-0.86602540378444,0.));
#3627=DIRECTION('',(0.86602540378444,-0.5,0.));
#3628=DIRECTION('',(-0.5,-0.866025403784441,0.));
#3629=DIRECTION('',(0.866025403784441,-0.5,0.));
#3630=DIRECTION('',(0.,0.,1.));
#3631=DIRECTION('',(1.,0.,0.));
#3632=DIRECTION('',(-3.46944695195361E-15,-1.,0.));
#3633=DIRECTION('',(1.,-3.46944695195361E-15,0.));
#3634=DIRECTION('',(0.,1.,0.));
#3635=DIRECTION('',(0.,0.,1.));
#3636=DIRECTION('',(0.,0.707106781186548,0.707106781186548));
#3637=DIRECTION('',(0.,0.707106781186548,-0.707106781186548));
#3638=DIRECTION('',(0.,0.,1.));
#3639=DIRECTION('',(1.,0.,0.));
#3640=DIRECTION('',(0.,0.,1.));
#3641=DIRECTION('',(1.,0.,0.));
#3642=DIRECTION('',(0.707106781186548,0.,0.707106781186548));
#3643=DIRECTION('',(-0.707106781186548,0.,0.707106781186548));
#3644=DIRECTION('',(1.,0.,0.));
#3645=DIRECTION('',(0.,0.,-1.));
#3646=DIRECTION('',(1.,0.,0.));
#3647=DIRECTION('',(0.,0.,-1.));
#3648=DIRECTION('',(0.,0.,1.));
#3649=DIRECTION('',(1.,0.,0.));
#3650=DIRECTION('',(0.707106781186549,0.707106781186546,0.));
#3651=DIRECTION('',(-0.707106781186546,0.707106781186549,0.));
#3652=DIRECTION('',(-0.707106781186547,-0.707106781186549,0.));
#3653=DIRECTION('',(0.707106781186549,-0.707106781186547,0.));
#3654=DIRECTION('',(-0.5,-0.5,0.707106781186548));
#3655=DIRECTION('',(-0.5,-0.5,-0.707106781186548));
#3656=DIRECTION('',(0.,0.,1.));
#3657=DIRECTION('',(1.,0.,0.));
#3658=DIRECTION('',(0.,0.,1.));
#3659=DIRECTION('',(1.,0.,0.));
#3660=DIRECTION('',(0.353553390593274,-0.612372435695795,0.707106781186548));
#3661=DIRECTION('',(-0.353553390593274,0.612372435695795,0.707106781186548));
#3662=DIRECTION('',(-0.5,0.866025403784439,0.));
#3663=DIRECTION('',(-0.866025403784439,-0.5,0.));
#3664=DIRECTION('',(0.5,-0.866025403784439,0.));
#3665=DIRECTION('',(0.866025403784439,0.5,0.));
#3666=DIRECTION('',(0.,0.,1.));
#3667=DIRECTION('',(1.,0.,0.));
#3668=DIRECTION('',(0.,-1.,0.));
#3669=DIRECTION('',(0.,0.,-1.));
#3670=DIRECTION('',(0.,-1.,0.));
#3671=DIRECTION('',(0.,0.,-1.));
#3672=DIRECTION('',(0.,-0.707106781186548,-0.707106781186548));
#3673=DIRECTION('',(0.,-0.707106781186548,0.707106781186548));
#3674=DIRECTION('',(0.,0.,1.));
#3675=DIRECTION('',(1.,0.,0.));
#3676=DIRECTION('',(0.,1.,0.));
#3677=DIRECTION('',(0.,0.,1.));
#3678=DIRECTION('',(0.,1.,0.));
#3679=DIRECTION('',(0.,1.,0.));
#3680=DIRECTION('',(1.,0.,-1.23908819712629E-16));
#3681=DIRECTION('',(-1.23908819712629E-16,0.,-1.));
#3682=DIRECTION('',(0.,1.,0.));
#3683=DIRECTION('',(-1.,0.,-1.23908819712629E-16));
#3684=DIRECTION('',(-1.23908819712629E-16,0.,1.));
#3685=DIRECTION('',(0.,1.,0.));
#3686=DIRECTION('',(0.,1.,0.));
#3687=DIRECTION('',(0.,0.,1.));
#3688=DIRECTION('',(8.32795438261598E-17,0.,1.));
#3689=DIRECTION('',(1.,0.,-8.32795438261598E-17));
#3690=DIRECTION('',(0.,0.,1.));
#3691=DIRECTION('',(1.,0.,0.));
#3692=DIRECTION('',(0.,-1.,0.));
#3693=DIRECTION('',(0.,0.,-1.));
#3694=DIRECTION('',(-1.,0.,0.));
#3695=DIRECTION('',(0.,0.,1.));
#3696=DIRECTION('',(-1.,0.,0.));
#3697=DIRECTION('',(0.,0.,1.));
#3698=DIRECTION('',(-1.,0.,0.));
#3699=DIRECTION('',(0.,0.,1.));
#3700=DIRECTION('',(0.,-1.,0.));
#3701=DIRECTION('',(0.,0.,-1.));
#3702=DIRECTION('',(0.,0.,-1.));
#3703=DIRECTION('',(-1.,0.,0.));
#3704=DIRECTION('',(-8.32795438261598E-17,0.,-1.));
#3705=DIRECTION('',(-1.,0.,8.32795438261598E-17));
#3706=DIRECTION('',(0.,0.,1.));
#3707=DIRECTION('',(1.,0.,0.));
#3708=DIRECTION('',(0.,0.,-1.));
#3709=DIRECTION('',(1.,0.,0.));
#3710=DIRECTION('',(0.,0.,-1.));
#3711=DIRECTION('',(1.,0.,0.));
#3712=DIRECTION('',(0.,0.,1.));
#3713=DIRECTION('',(1.,0.,0.));
#3714=DIRECTION('',(0.,0.,1.));
#3715=DIRECTION('',(1.,0.,0.));
#3716=DIRECTION('',(0.,0.,1.));
#3717=DIRECTION('',(1.,0.,0.));
#3718=DIRECTION('',(0.,0.,-1.));
#3719=DIRECTION('',(1.,0.,0.));
#3720=DIRECTION('',(0.,0.,-1.));
#3721=DIRECTION('',(1.,0.,0.));
#3722=DIRECTION('',(0.,0.,1.));
#3723=DIRECTION('',(1.,0.,0.));
#3724=DIRECTION('',(0.,0.,1.));
#3725=DIRECTION('',(1.,0.,0.));
#3726=DIRECTION('',(0.,0.,1.));
#3727=DIRECTION('',(1.,0.,0.));
#3728=DIRECTION('',(0.,0.,-1.));
#3729=DIRECTION('',(1.,0.,0.));
#3730=DIRECTION('',(0.,0.,-1.));
#3731=DIRECTION('',(1.,0.,0.));
#3732=DIRECTION('',(0.,0.,1.));
#3733=DIRECTION('',(1.,0.,0.));
#3734=DIRECTION('',(0.,0.,1.));
#3735=DIRECTION('',(1.,0.,0.));
#3736=DIRECTION('',(0.,0.,1.));
#3737=DIRECTION('',(1.,0.,0.));
#3738=DIRECTION('',(0.,0.,1.));
#3739=DIRECTION('',(1.,0.,0.));
#3740=DIRECTION('',(0.,0.,1.));
#3741=DIRECTION('',(1.,0.,0.));
#3742=DIRECTION('',(0.,0.,1.));
#3743=DIRECTION('',(1.,0.,0.));
#3744=DIRECTION('',(0.,0.,1.));
#3745=DIRECTION('',(1.,0.,0.));
#3746=DIRECTION('',(0.,0.,1.));
#3747=DIRECTION('',(1.,0.,0.));
#3748=DIRECTION('',(0.,0.,1.));
#3749=DIRECTION('',(1.,0.,0.));
#3750=DIRECTION('',(0.,0.,1.));
#3751=DIRECTION('',(1.,0.,0.));
#3752=DIRECTION('',(0.,0.,1.));
#3753=DIRECTION('',(1.,0.,0.));
#3754=DIRECTION('',(0.,0.,1.));
#3755=DIRECTION('',(1.,0.,0.));
#3756=DIRECTION('',(0.,0.,1.));
#3757=DIRECTION('',(1.,0.,0.));
#3758=DIRECTION('',(0.,0.,1.));
#3759=DIRECTION('',(1.,0.,0.));
#3760=DIRECTION('',(0.,0.,1.));
#3761=DIRECTION('',(1.,0.,0.));
#3762=DIRECTION('',(0.,0.,1.));
#3763=DIRECTION('',(1.,0.,0.));
#3764=DIRECTION('',(0.,0.,1.));
#3765=DIRECTION('',(1.,0.,0.));
#3766=CARTESIAN_POINT('',(0.,0.,0.));
#3767=CARTESIAN_POINT('',(-6.93889390390723E-18,0.,0.16));
#3768=CARTESIAN_POINT('',(-6.93889390390723E-18,0.,0.24));
#3769=CARTESIAN_POINT('',(-0.0393933982822019,0.,0.24));
#3770=CARTESIAN_POINT('',(0.0393933982822019,0.,0.24));
#3771=CARTESIAN_POINT('',(0.0393933982822019,0.,0.16));
#3772=CARTESIAN_POINT('',(0.0393933982822019,-8.67361737988404E-19,0.16));
#3773=CARTESIAN_POINT('',(-6.93889390390723E-18,0.,0.16));
#3774=CARTESIAN_POINT('',(-0.0393933982822019,-8.67361737988404E-19,0.16));
#3775=CARTESIAN_POINT('',(-0.0393933982822019,0.,0.16));
#3776=CARTESIAN_POINT('',(-0.0025,0.,0.229));
#3777=CARTESIAN_POINT('',(-0.0025,0.,0.2325));
#3778=CARTESIAN_POINT('',(-0.0025,0.,0.2255));
#3779=CARTESIAN_POINT('',(2.21779162067916E-17,0.,0.221169872981078));
#3780=CARTESIAN_POINT('',(0.0025,0.,0.2255));
#3781=CARTESIAN_POINT('',(0.0025,0.,0.229));
#3782=CARTESIAN_POINT('',(0.0025,0.,0.2325));
#3783=CARTESIAN_POINT('',(0.,0.,0.2325));
#3784=CARTESIAN_POINT('',(-6.93889390390723E-18,-0.004,0.2));
#3785=CARTESIAN_POINT('',(-6.93889390390723E-18,-0.004,0.24));
#3786=CARTESIAN_POINT('',(-0.0101842431943322,-0.004,0.24));
#3787=CARTESIAN_POINT('',(0.0101842431943322,-0.004,0.24));
#3788=CARTESIAN_POINT('',(-0.0101842431943322,-0.004,0.24));
#3789=CARTESIAN_POINT('',(-0.0101842431943322,-0.004,0.219169872981078));
#3790=CARTESIAN_POINT('',(-0.002,-0.004,0.219169872981078));
#3791=CARTESIAN_POINT('',(-0.002,-0.004,0.210985629786746));
#3792=CARTESIAN_POINT('',(-0.002,-0.004,0.210985629786746));
#3793=CARTESIAN_POINT('',(0.002,-0.004,0.210985629786746));
#3794=CARTESIAN_POINT('',(0.002,-0.004,0.219169872981078));
#3795=CARTESIAN_POINT('',(0.0101842431943322,-0.004,0.219169872981078));
#3796=CARTESIAN_POINT('',(0.0101842431943322,-0.004,0.219169872981078));
#3797=CARTESIAN_POINT('',(0.0025,-0.004,0.229));
#3798=CARTESIAN_POINT('',(0.0025,-0.004,0.2325));
#3799=CARTESIAN_POINT('',(0.0025,-0.004,0.2255));
#3800=CARTESIAN_POINT('',(2.21779162067916E-17,-0.004,0.221169872981078));
#3801=CARTESIAN_POINT('',(-0.0025,-0.004,0.2255));
#3802=CARTESIAN_POINT('',(-0.0025,-0.004,0.229));
#3803=CARTESIAN_POINT('',(-0.0025,-0.004,0.2325));
#3804=CARTESIAN_POINT('',(0.,-0.004,0.2325));
#3805=CARTESIAN_POINT('',(-0.0289061996644232,-0.038,0.16));
#3806=CARTESIAN_POINT('',(-0.0365272232177262,-0.0424,0.16));
#3807=CARTESIAN_POINT('',(-0.0365272232177262,-0.0424,0.16));
#3808=CARTESIAN_POINT('',(-0.0365272232177262,-0.0424,0.235));
#3809=CARTESIAN_POINT('',(-0.0289061996644232,-0.038,0.235));
#3810=CARTESIAN_POINT('',(-0.0289061996644232,-0.0468,0.235));
#3811=CARTESIAN_POINT('',(-0.0289061996644232,-0.0468,0.16));
#3812=CARTESIAN_POINT('',(-0.0289061996644232,-0.0468,0.16));
#3813=CARTESIAN_POINT('',(-0.0365272232177262,-0.0424,0.16));
#3814=CARTESIAN_POINT('',(-0.0357592783468487,-0.0437301195337718,0.16));
#3815=CARTESIAN_POINT('',(-0.0335117154523329,-0.0459769873397202,0.16));
#3816=CARTESIAN_POINT('',(-0.0304420894061782,-0.0468,0.16));
#3817=CARTESIAN_POINT('',(-0.0289061996644232,-0.0468,0.16));
#3818=CARTESIAN_POINT('',(0.0121999945652158,-0.0457599144442219,0.140127557709212));
#3819=CARTESIAN_POINT('',(0.0121999945652158,-0.0470540096697345,0.135297928577767));
#3820=CARTESIAN_POINT('',(0.00919999456521579,-0.0470540096697345,0.135297928577767));
#3821=CARTESIAN_POINT('',(0.0120444390096602,-0.0441601303161023,0.134522515941968));
#3822=CARTESIAN_POINT('',(0.0120444390096602,-0.0428660350905896,0.139352145073413));
#3823=CARTESIAN_POINT('',(0.0120444390096602,-0.0428660350905896,0.139352145073413));
#3824=CARTESIAN_POINT('',(0.0121999945652158,-0.0457599144442219,0.140127557709212));
#3825=CARTESIAN_POINT('',(0.00919999456521579,-0.0457612085394474,0.140122728080081));
#3826=CARTESIAN_POINT('',(0.00919999456521579,-0.0457599144442219,0.140127557709212));
#3827=CARTESIAN_POINT('',(0.0106999945652158,-0.0343007314426502,0.137057078878021));
#3828=CARTESIAN_POINT('',(0.0106999945652158,-0.0355948266681628,0.132227449746575));
#3829=CARTESIAN_POINT('',(0.0110285659937872,-0.0370085279412768,0.132606249861045));
#3830=CARTESIAN_POINT('',(0.0092000058784266,-0.0355853363669247,0.132224906828023));
#3831=CARTESIAN_POINT('',(0.00919999456521578,-0.0355948266681628,0.132227449746575));
#3832=CARTESIAN_POINT('',(0.00919999456521578,-0.0356302324048278,0.132253270353791));
#3833=CARTESIAN_POINT('',(0.00920193853855945,-0.0356564888398963,0.132335205378739));
#3834=CARTESIAN_POINT('',(0.00921243403113035,-0.035746368763273,0.132472917122236));
#3835=CARTESIAN_POINT('',(0.00924803138691337,-0.0358785316419832,0.1327279078659));
#3836=CARTESIAN_POINT('',(0.00934221339165388,-0.0360549098057794,0.133083148166271));
#3837=CARTESIAN_POINT('',(0.00951885775294383,-0.036226214892386,0.133515244517145));
#3838=CARTESIAN_POINT('',(0.00981974197232809,-0.0363929621297609,0.13406738229929));
#3839=CARTESIAN_POINT('',(0.0103123494081698,-0.0364775941785676,0.134728976741745));
#3840=CARTESIAN_POINT('',(0.0107842257486473,-0.0363751301423576,0.135182063491642));
#3841=CARTESIAN_POINT('',(0.0110285659937873,-0.0362660303732059,0.135377288509582));
#3842=CARTESIAN_POINT('',(0.0110285659937872,-0.0362660303732059,0.135377288509582));
#3843=CARTESIAN_POINT('',(0.0110285659937872,-0.0357144327157642,0.13743587899249));
#3844=CARTESIAN_POINT('',(0.0118499945652158,-0.0392486858985493,0.138382879278665));
#3845=CARTESIAN_POINT('',(0.0110285659937872,-0.036266030373206,0.135377288509582));
#3846=CARTESIAN_POINT('',(0.011859747701578,-0.0358949014484924,0.136041393040221));
#3847=CARTESIAN_POINT('',(0.0127534997664927,-0.0358067757384459,0.136748580258009));
#3848=CARTESIAN_POINT('',(0.0135499739943446,-0.0360200407233555,0.137517766411325));
#3849=CARTESIAN_POINT('',(0.0135499739943446,-0.0360200407233554,0.137517766411325));
#3850=CARTESIAN_POINT('',(0.0118499945652158,-0.0392486858985493,0.138382879278665));
#3851=CARTESIAN_POINT('',(0.0118499945652158,-0.0405427811240619,0.133553250147219));
#3852=CARTESIAN_POINT('',(0.0118499945652158,-0.0392486858985493,0.138382879278665));
#3853=CARTESIAN_POINT('',(0.0118499945652158,-0.0392486858985493,0.138382879278665));
#3854=CARTESIAN_POINT('',(0.0130014453367685,-0.0374948824034453,0.137912949048469));
#3855=CARTESIAN_POINT('',(0.011559328198133,-0.0413063602724888,0.138934231465448));
#3856=CARTESIAN_POINT('',(0.0130014453367685,-0.0374948824034453,0.137912949048469));
#3857=CARTESIAN_POINT('',(0.0127522245322818,-0.0374039846145933,0.13764152869789));
#3858=CARTESIAN_POINT('',(0.0122079355417689,-0.037334419721535,0.13711575335839));
#3859=CARTESIAN_POINT('',(0.0113317118556271,-0.0375475194726021,0.136425315689026));
#3860=CARTESIAN_POINT('',(0.010604918235999,-0.0380144280805388,0.135988995338764));
#3861=CARTESIAN_POINT('',(0.0101014992002614,-0.0385831627185308,0.13586878229267));
#3862=CARTESIAN_POINT('',(0.0097273773702935,-0.0392469800927906,0.136016618438738));
#3863=CARTESIAN_POINT('',(0.00964070784847605,-0.0400343235290247,0.136613188129719));
#3864=CARTESIAN_POINT('',(0.00999462895134207,-0.0407622004189317,0.137426206435154));
#3865=CARTESIAN_POINT('',(0.0106633410418103,-0.0412223026110937,0.138241917858051));
#3866=CARTESIAN_POINT('',(0.0112459167275066,-0.0413195720955485,0.138719697441383));
#3867=CARTESIAN_POINT('',(0.0115593281981322,-0.0413063602724907,0.138934231465449));
#3868=CARTESIAN_POINT('',(0.0118499945652158,-0.0405427811240619,0.133553250147219));
#3869=CARTESIAN_POINT('',(0.0118499945652158,-0.0384660405975404,0.132996789200249));
#3870=CARTESIAN_POINT('',(3.46944695195361E-18,-0.0448375617749971,0.139880414056357));
#3871=CARTESIAN_POINT('',(0.0135499739943447,-0.0360200407233555,0.137517766411325));
#3872=CARTESIAN_POINT('',(0.0134010552144069,-0.0365227625057353,0.137652470306931));
#3873=CARTESIAN_POINT('',(0.0132094091600943,-0.0370114939467679,0.137783425501872));
#3874=CARTESIAN_POINT('',(0.0130014453367685,-0.0374948824034453,0.137912949048469));
#3875=CARTESIAN_POINT('',(0.0115593281981278,-0.0413063602725011,0.138934231465451));
#3876=CARTESIAN_POINT('',(0.0114445110507788,-0.0415719282110883,0.139005390180131));
#3877=CARTESIAN_POINT('',(0.011208288928183,-0.0421097133567357,0.139149489275609));
#3878=CARTESIAN_POINT('',(0.0104734614279747,-0.0429969038030238,0.139387211239225));
#3879=CARTESIAN_POINT('',(0.00973122501951815,-0.0434989985726542,0.139521747127271));
#3880=CARTESIAN_POINT('',(0.00919999456521573,-0.0437608481135681,0.139591909500297));
#3881=CARTESIAN_POINT('',(0.00919999465078416,-0.0437548250457692,0.139588839190683));
#3882=CARTESIAN_POINT('',(0.00919999456521579,-0.0425866573547034,0.139266933272895));
#3883=CARTESIAN_POINT('',(3.46944695195361E-18,-0.0461316570005097,0.135050784924911));
#3884=CARTESIAN_POINT('',(0.00919999456521579,-0.043878164389765,0.134446963399713));
#3885=CARTESIAN_POINT('',(0.00919999456521579,-0.0521802968667196,0.136671513092369));
#3886=CARTESIAN_POINT('',(0.,-0.0521802968667196,0.136671513092369));
#3887=CARTESIAN_POINT('',(0.00495104809181297,-0.0596702418593358,0.138678437804494));
#3888=CARTESIAN_POINT('',(0.00656552124939473,-0.0621126166692954,0.139332870162437));
#3889=CARTESIAN_POINT('',(0.0036475118052193,-0.0627854593312293,0.139513157810335));
#3890=CARTESIAN_POINT('',(2.71050576399831E-18,-0.0636265126586466,0.139738517370208));
#3891=CARTESIAN_POINT('',(-0.00364751180521929,-0.0627854593312293,0.139513157810335));
#3892=CARTESIAN_POINT('',(-0.00656552124939473,-0.0621126166692954,0.139332870162437));
#3893=CARTESIAN_POINT('',(-0.00495104809181297,-0.0596702418593358,0.138678437804494));
#3894=CARTESIAN_POINT('',(0.,-0.0521802968667196,0.136671513092369));
#3895=CARTESIAN_POINT('',(-0.00907122025811496,-0.0536638533611631,0.137061266285984));
#3896=CARTESIAN_POINT('',(-0.00919999456288405,-0.0512503033356003,0.136422322076739));
#3897=CARTESIAN_POINT('',(-0.00919999456521579,-0.0488367828651031,0.135770444834852));
#3898=CARTESIAN_POINT('',(-0.00919999456521579,-0.043878164389765,0.134446963399713));
#3899=CARTESIAN_POINT('',(-0.00919999614849005,-0.035594343588106,0.132227320305664));
#3900=CARTESIAN_POINT('',(0.00919999517346123,-0.0355946420622589,0.132227400281572));
#3901=CARTESIAN_POINT('',(0.00919615182582445,-0.0367649366060692,0.132540979759493));
#3902=CARTESIAN_POINT('',(0.00870828097107229,-0.0390798754337074,0.133161265748886));
#3903=CARTESIAN_POINT('',(0.0066625270760313,-0.0420211021394213,0.133949365069439));
#3904=CARTESIAN_POINT('',(0.00362181556367774,-0.0439868228961259,0.134476078358743));
#3905=CARTESIAN_POINT('',(-1.28976398181195E-5,-0.0446853816401829,0.134663256610079));
#3906=CARTESIAN_POINT('',(-0.00360815597556684,-0.0439890801123064,0.134476683177996));
#3907=CARTESIAN_POINT('',(-0.00666607840254061,-0.0420221924679539,0.133949657222089));
#3908=CARTESIAN_POINT('',(-0.00871203102178005,-0.0390691180231186,0.133158383309406));
#3909=CARTESIAN_POINT('',(-0.00919613102959036,-0.0367636193244398,0.132540626794944));
#3910=CARTESIAN_POINT('',(-0.00919999456521575,-0.035594826668172,0.132227449746578));
#3911=CARTESIAN_POINT('',(0.,-0.0636265126586466,0.139738517370208));
#3912=CARTESIAN_POINT('',(0.,-0.0615497721321251,0.139182056423238));
#3913=CARTESIAN_POINT('',(-0.0396295560206144,-1.7347234759768E-18,0.16));
#3914=CARTESIAN_POINT('',(-0.0396295560206144,-1.7347234759768E-18,0.151340621022239));
#3915=CARTESIAN_POINT('',(-0.00318183433856634,-0.0255961009244447,0.136076575863771));
#3916=CARTESIAN_POINT('',(-0.00318183433856634,-0.027230758266287,0.12997595161105));
#3917=CARTESIAN_POINT('',(-0.00318183433856634,-0.0272471048397054,0.129914945368523));
#3918=CARTESIAN_POINT('',(-0.00318183433856634,-0.0272634514131237,0.129853939125995));
#3919=CARTESIAN_POINT('',(-0.00318183433856634,-0.0272797979865422,0.129792932883468));
#3920=CARTESIAN_POINT('',(-0.0382561411526498,-1.7347234759768E-18,0.16));
#3921=CARTESIAN_POINT('',(-0.0382561411526498,-1.7347234759768E-18,0.151357431695966));
#3922=CARTESIAN_POINT('',(-0.00297683776113571,-0.0255274996505396,0.136044318152107));
#3923=CARTESIAN_POINT('',(-0.00297683776113571,-0.0271586879784517,0.129956640435626));
#3924=CARTESIAN_POINT('',(-0.00297683776113571,-0.0271749998617307,0.129895763658461));
#3925=CARTESIAN_POINT('',(-0.00297683776113571,-0.0271913117450099,0.129834886881296));
#3926=CARTESIAN_POINT('',(-0.00297683776113571,-0.027207623628289,0.129774010104132));
#3927=CARTESIAN_POINT('',(-0.0370243588108089,0.,0.16));
#3928=CARTESIAN_POINT('',(-0.0370243588108089,0.,0.151373216706055));
#3929=CARTESIAN_POINT('',(-0.00281354473562466,-0.0254786220138012,0.136018845130206));
#3930=CARTESIAN_POINT('',(-0.00281354473562466,-0.0271067162670609,0.12994271465753));
#3931=CARTESIAN_POINT('',(-0.00281354473562466,-0.0271229972095936,0.129881953352803));
#3932=CARTESIAN_POINT('',(-0.00281354473562466,-0.0271392781521262,0.129821192048076));
#3933=CARTESIAN_POINT('',(-0.00281354473562466,-0.0271555590946587,0.129760430743349));
#3934=CARTESIAN_POINT('',(-0.0343953750056221,0.,0.16));
#3935=CARTESIAN_POINT('',(-0.0343953750056221,0.,0.15140726971395));
#3936=CARTESIAN_POINT('',(-0.00249917591087474,-0.0253935064535219,0.13597019404237));
#3937=CARTESIAN_POINT('',(-0.00249917591087474,-0.0270151395962327,0.129918176762536));
#3938=CARTESIAN_POINT('',(-0.00249917591087474,-0.0270313559276598,0.129857656589737));
#3939=CARTESIAN_POINT('',(-0.00249917591087474,-0.0270475722590869,0.129797136416939));
#3940=CARTESIAN_POINT('',(-0.00249917591087474,-0.027063788590514,0.129736616244141));
#3941=CARTESIAN_POINT('',(-0.0329981735422761,0.,0.16));
#3942=CARTESIAN_POINT('',(-0.0329981735422761,0.,0.151425540678857));
#3943=CARTESIAN_POINT('',(-0.00234809533049539,-0.0253572705171181,0.13594701455988));
#3944=CARTESIAN_POINT('',(-0.00234809533049539,-0.0269755361366806,0.129907565047531));
#3945=CARTESIAN_POINT('',(-0.00234809533049539,-0.0269917187928762,0.129847170552408));
#3946=CARTESIAN_POINT('',(-0.00234809533049539,-0.0270079014490718,0.129786776057284));
#3947=CARTESIAN_POINT('',(-0.00234809533049539,-0.0270240841052675,0.129726381562161));
#3948=CARTESIAN_POINT('',(-0.0300619827971512,0.,0.16));
#3949=CARTESIAN_POINT('',(-0.0300619827971512,0.,0.151463220242146));
#3950=CARTESIAN_POINT('',(-0.00205699933875066,-0.025294754770138,0.135902998121256));
#3951=CARTESIAN_POINT('',(-0.00205699933875066,-0.0269062040410239,0.129888987568491));
#3952=CARTESIAN_POINT('',(-0.00205699933875066,-0.0269223185337327,0.129828847462963));
#3953=CARTESIAN_POINT('',(-0.00205699933875066,-0.0269384330264416,0.129768707357435));
#3954=CARTESIAN_POINT('',(-0.00205699933875066,-0.0269545475191504,0.129708567251908));
#3955=CARTESIAN_POINT('',(-0.0285229935153722,0.,0.16));
#3956=CARTESIAN_POINT('',(-0.0285229935153722,0.,0.151482627877553));
#3957=CARTESIAN_POINT('',(-0.00191698027427698,-0.025268476522945,0.135882162279404));
#3958=CARTESIAN_POINT('',(-0.00191698027427698,-0.0268764771421462,0.129881022269943));
#3959=CARTESIAN_POINT('',(-0.00191698027427698,-0.0268925571483382,0.129821010869848));
#3960=CARTESIAN_POINT('',(-0.00191698027427698,-0.0269086371545302,0.129760999469754));
#3961=CARTESIAN_POINT('',(-0.00191698027427698,-0.0269247171607222,0.129700988069659));
#3962=CARTESIAN_POINT('',(-0.0253268584364532,0.,0.16));
#3963=CARTESIAN_POINT('',(-0.0253268584364532,0.,0.151521111852554));
#3964=CARTESIAN_POINT('',(-0.00164653292572635,-0.0252236692454288,0.135843109445731));
#3965=CARTESIAN_POINT('',(-0.00164653292572635,-0.0268249081746681,0.129867204406753));
#3966=CARTESIAN_POINT('',(-0.00164653292572635,-0.0268409205639605,0.129807445356363));
#3967=CARTESIAN_POINT('',(-0.00164653292572635,-0.026856932953253,0.129747686305973));
#3968=CARTESIAN_POINT('',(-0.00164653292572635,-0.0268729453425453,0.129687927255583));
#3969=CARTESIAN_POINT('',(-0.0236697126393134,0.,0.16));
#3970=CARTESIAN_POINT('',(-0.0236697126393134,0.,0.151540184873093));
#3971=CARTESIAN_POINT('',(-0.0015161018906605,-0.0252051413812448,0.135824894985572));
#3972=CARTESIAN_POINT('',(-0.0015161018906605,-0.0268030678270057,0.129861352303234));
#3973=CARTESIAN_POINT('',(-0.0015161018906605,-0.0268190470914633,0.129801716876411));
#3974=CARTESIAN_POINT('',(-0.0015161018906605,-0.0268350263559209,0.129742081449587));
#3975=CARTESIAN_POINT('',(-0.0015161018906605,-0.0268510056203785,0.129682446022764));
#3976=CARTESIAN_POINT('',(-0.0202608958327451,0.,0.16));
#3977=CARTESIAN_POINT('',(-0.0202608958327451,0.,0.151576445666264));
#3978=CARTESIAN_POINT('',(-0.00126312906690353,-0.0251740586883781,0.13579155035524));
#3979=CARTESIAN_POINT('',(-0.00126312906690353,-0.0267657311221691,0.129851347963325));
#3980=CARTESIAN_POINT('',(-0.00126312906690353,-0.0267816478465071,0.129791945939406));
#3981=CARTESIAN_POINT('',(-0.00126312906690353,-0.026797564570845,0.129732543915487));
#3982=CARTESIAN_POINT('',(-0.00126312906690353,-0.0268134812951829,0.129673141891567));
#3983=CARTESIAN_POINT('',(-0.0185092248233165,0.,0.16));
#3984=CARTESIAN_POINT('',(-0.0185092248233165,0.,0.15159362630152));
#3985=CARTESIAN_POINT('',(-0.00114058521985791,-0.0251615042210716,0.135776424963862));
#3986=CARTESIAN_POINT('',(-0.00114058521985791,-0.0267502362968622,0.129847196137397));
#3987=CARTESIAN_POINT('',(-0.00114058521985791,-0.0267661236176201,0.129787903849132));
#3988=CARTESIAN_POINT('',(-0.00114058521985791,-0.0267820109383781,0.129728611560868));
#3989=CARTESIAN_POINT('',(-0.00114058521985791,-0.0267978982591359,0.129669319272603));
#3990=CARTESIAN_POINT('',(-0.0149349888952429,0.,0.16));
#3991=CARTESIAN_POINT('',(-0.0149349888952429,0.,0.151624551280019));
#3992=CARTESIAN_POINT('',(-0.000901529431049801,-0.0251409881987085,0.135749844786421));
#3993=CARTESIAN_POINT('',(-0.000901529431049801,-0.0267244495430447,0.129840286597536));
#3994=CARTESIAN_POINT('',(-0.000901529431049801,-0.0267402841564881,0.129781191015647));
#3995=CARTESIAN_POINT('',(-0.000901529431049801,-0.0267561187699315,0.129722095433759));
#3996=CARTESIAN_POINT('',(-0.000901529431049801,-0.0267719533833748,0.12966299985187));
#3997=CARTESIAN_POINT('',(-0.0131124239765979,0.,0.16));
#3998=CARTESIAN_POINT('',(-0.0131124239765979,0.,0.15163828440455));
#3999=CARTESIAN_POINT('',(-0.000785015937004354,-0.0251330260219445,0.135738397235486));
#4000=CARTESIAN_POINT('',(-0.000785015937004354,-0.0267141588432556,0.129837529212838));
#4001=CARTESIAN_POINT('',(-0.000785015937004354,-0.0267299701714688,0.129778520532612));
#4002=CARTESIAN_POINT('',(-0.000785015937004354,-0.0267457814996819,0.129719511852385));
#4003=CARTESIAN_POINT('',(-0.000785015937004354,-0.026761592827895,0.129660503172159));
#4004=CARTESIAN_POINT('',(-0.010343129644022,0.,0.16));
#4005=CARTESIAN_POINT('',(-0.010343129644022,0.,0.151655269046358));
#4006=CARTESIAN_POINT('',(-0.000613299850975288,-0.02512377836982,0.135724424957675));
#4007=CARTESIAN_POINT('',(-0.000613299850975288,-0.026702037596908,0.129834281334668));
#4008=CARTESIAN_POINT('',(-0.000613299850975288,-0.0267178201891789,0.129775379898438));
#4009=CARTESIAN_POINT('',(-0.000613299850975288,-0.0267336027814498,0.129716478462208));
#4010=CARTESIAN_POINT('',(-0.000613299850975288,-0.0267493853737207,0.129657577025978));
#4011=CARTESIAN_POINT('',(-0.0094141237073954,0.,0.16));
#4012=CARTESIAN_POINT('',(-0.0094141237073954,0.,0.151660328584374));
#4013=CARTESIAN_POINT('',(-0.000556569878994985,-0.0251211447687559,0.135720302751224));
#4014=CARTESIAN_POINT('',(-0.000556569878994985,-0.0266985498620507,0.12983334679893));
#4015=CARTESIAN_POINT('',(-0.000556569878994985,-0.0267143239129837,0.129774477239407));
#4016=CARTESIAN_POINT('',(-0.000556569878994985,-0.0267300979639166,0.129715607679884));
#4017=CARTESIAN_POINT('',(-0.000556569878994985,-0.0267458720148496,0.129656738120361));
#4018=CARTESIAN_POINT('',(-0.00754725009549005,0.,0.16));
#4019=CARTESIAN_POINT('',(-0.00754725009549005,0.,0.151669109608307));
#4020=CARTESIAN_POINT('',(-0.000443875028462343,-0.0251166993628524,0.135713183590296));
#4021=CARTESIAN_POINT('',(-0.000443875028462343,-0.0266926224516459,0.129831758554099));
#4022=CARTESIAN_POINT('',(-0.000443875028462343,-0.0267083816825338,0.129772944303737));
#4023=CARTESIAN_POINT('',(-0.000443875028462343,-0.0267241409134217,0.129714130053375));
#4024=CARTESIAN_POINT('',(-0.000443875028462343,-0.0267399001443096,0.129655315803013));
#4025=CARTESIAN_POINT('',(-0.00660938242021134,0.,0.16));
#4026=CARTESIAN_POINT('',(-0.00660938242021134,0.,0.151672830131154));
#4027=CARTESIAN_POINT('',(-0.000387910149910004,-0.0251148875580132,0.135710186635819));
#4028=CARTESIAN_POINT('',(-0.000387910149910004,-0.0266901827760981,0.129831104845006));
#4029=CARTESIAN_POINT('',(-0.000387910149910004,-0.026705935728279,0.129772314027098));
#4030=CARTESIAN_POINT('',(-0.000387910149910004,-0.0267216886804599,0.129713523209189));
#4031=CARTESIAN_POINT('',(-0.000387910149910004,-0.0267374416326407,0.129654732391281));
#4032=CARTESIAN_POINT('',(-0.00472773924388587,0.,0.16));
#4033=CARTESIAN_POINT('',(-0.00472773924388587,0.,0.151678827816097));
#4034=CARTESIAN_POINT('',(-0.000276493132935815,-0.025112009641497,0.135705372791837));
#4035=CARTESIAN_POINT('',(-0.000276493132935815,-0.0266862941824381,0.129830062899475));
#4036=CARTESIAN_POINT('',(-0.000276493132935815,-0.0267020370278475,0.129771309800551));
#4037=CARTESIAN_POINT('',(-0.000276493132935815,-0.0267177798732568,0.129712556701628));
#4038=CARTESIAN_POINT('',(-0.000276493132935815,-0.0267335227186663,0.129653803602704));
#4039=CARTESIAN_POINT('',(-0.00378396374283912,0.,0.16));
#4040=CARTESIAN_POINT('',(-0.00378396374283913,0.,0.151681103824157));
#4041=CARTESIAN_POINT('',(-0.000221040741377234,-0.0251109432536574,0.135703556648959));
#4042=CARTESIAN_POINT('',(-0.000221040741377234,-0.0266848453734058,0.129829674692265));
#4043=CARTESIAN_POINT('',(-0.000221040741377234,-0.0267005843946033,0.129770935872698));
#4044=CARTESIAN_POINT('',(-0.000221040741377234,-0.0267163234158008,0.129712197053131));
#4045=CARTESIAN_POINT('',(-0.000221040741377234,-0.0267320624369983,0.129653458233564));
#4046=CARTESIAN_POINT('',(-0.0018934588278616,0.,0.16));
#4047=CARTESIAN_POINT('',(-0.0018934588278616,0.,0.151684146599079));
#4048=CARTESIAN_POINT('',(-0.000110392193706459,-0.0251095299690173,0.135701128500097));
#4049=CARTESIAN_POINT('',(-0.000110392193706459,-0.0266829199037564,0.129829158764227));
#4050=CARTESIAN_POINT('',(-0.000110392193706459,-0.0266986538031038,0.129770439066868));
#4051=CARTESIAN_POINT('',(-0.000110392193706459,-0.0267143877024512,0.12971171936951));
#4052=CARTESIAN_POINT('',(-0.000110392193706459,-0.0267301216017986,0.129652999672151));
#4053=CARTESIAN_POINT('',(-0.000946729413930829,0.,0.16));
#4054=CARTESIAN_POINT('',(-0.000946729413930829,0.,0.151684914262624));
#4055=CARTESIAN_POINT('',(-5.51960375942659E-5,-0.0251091830722169,0.135700516494112));
#4056=CARTESIAN_POINT('',(-5.51960375942659E-5,-0.0266824432431392,0.1298290310434));
#4057=CARTESIAN_POINT('',(-5.51960375942659E-5,-0.0266981758448485,0.129770316188892));
#4058=CARTESIAN_POINT('',(-5.51960375942659E-5,-0.0267139084465576,0.129711601334385));
#4059=CARTESIAN_POINT('',(-5.51960375942659E-5,-0.0267296410482668,0.129652886479878));
#4060=CARTESIAN_POINT('',(0.000946729413930718,0.,0.16));
#4061=CARTESIAN_POINT('',(0.000946729413930718,0.,0.151684911709736));
#4062=CARTESIAN_POINT('',(5.51960375943747E-5,-0.0251091831198579,0.135700519197702));
#4063=CARTESIAN_POINT('',(5.51960375943747E-5,-0.0266824432431392,0.1298290310434));
#4064=CARTESIAN_POINT('',(5.51960375943747E-5,-0.026698175844372,0.129770316161857));
#4065=CARTESIAN_POINT('',(5.51960375943747E-5,-0.0267139084456048,0.129711601280314));
#4066=CARTESIAN_POINT('',(5.51960375943747E-5,-0.0267296410468376,0.129652886398771));
#4067=CARTESIAN_POINT('',(0.00189345882786149,0.,0.16));
#4068=CARTESIAN_POINT('',(0.00189345882786149,0.,0.151684146599079));
#4069=CARTESIAN_POINT('',(0.000110392193706564,-0.0251095308259311,0.135701126742745));
#4070=CARTESIAN_POINT('',(0.000110392193706564,-0.0266829199037564,0.129829158764227));
#4071=CARTESIAN_POINT('',(0.000110392193706564,-0.0266986537945347,0.129770439084442));
#4072=CARTESIAN_POINT('',(0.000110392193706564,-0.0267143876853129,0.129711719404657));
#4073=CARTESIAN_POINT('',(0.000110392193706564,-0.0267301215760911,0.129652999724871));
#4074=CARTESIAN_POINT('',(0.00378396374283903,0.,0.16));
#4075=CARTESIAN_POINT('',(0.00378396374283903,0.,0.151681103824157));
#4076=CARTESIAN_POINT('',(0.00022104074137733,-0.0251109440607179,0.135703554357315));
#4077=CARTESIAN_POINT('',(0.00022104074137733,-0.0266848453734058,0.129829674692265));
#4078=CARTESIAN_POINT('',(0.00022104074137733,-0.0267005843865327,0.129770935895614));
#4079=CARTESIAN_POINT('',(0.00022104074137733,-0.0267163233996596,0.129712197098964));
#4080=CARTESIAN_POINT('',(0.00022104074137733,-0.0267320624127864,0.129653458302313));
#4081=CARTESIAN_POINT('',(0.00472773924388578,0.,0.16));
#4082=CARTESIAN_POINT('',(0.00472773924388578,0.,0.151678827602386));
#4083=CARTESIAN_POINT('',(0.000276493132935907,-0.0251120096433836,0.135705372784796));
#4084=CARTESIAN_POINT('',(0.000276493132935907,-0.0266862941824381,0.129830062899475));
#4085=CARTESIAN_POINT('',(0.000276493132935907,-0.0267020370278286,0.129771309800622));
#4086=CARTESIAN_POINT('',(0.000276493132935907,-0.0267177798732192,0.129712556701768));
#4087=CARTESIAN_POINT('',(0.000276493132935907,-0.0267335227186097,0.129653803602915));
#4088=CARTESIAN_POINT('',(0.00660938242021125,0.,0.16));
#4089=CARTESIAN_POINT('',(0.00660938242021125,0.,0.151672830344866));
#4090=CARTESIAN_POINT('',(0.000387910149910096,-0.0251148875561267,0.13571018664286));
#4091=CARTESIAN_POINT('',(0.000387910149910096,-0.0266901827760981,0.129831104845006));
#4092=CARTESIAN_POINT('',(0.000387910149910096,-0.0267059357282979,0.129772314027027));
#4093=CARTESIAN_POINT('',(0.000387910149910096,-0.0267216886804976,0.129713523209049));
#4094=CARTESIAN_POINT('',(0.000387910149910096,-0.0267374416326973,0.12965473239107));
#4095=CARTESIAN_POINT('',(0.00754725009548996,0.,0.16));
#4096=CARTESIAN_POINT('',(0.00754725009548996,0.,0.151669109608307));
#4097=CARTESIAN_POINT('',(0.000443875028462436,-0.0251166993609659,0.135713183597337));
#4098=CARTESIAN_POINT('',(0.000443875028462436,-0.0266926224516459,0.129831758554099));
#4099=CARTESIAN_POINT('',(0.000443875028462436,-0.0267083816825526,0.129772944303666));
#4100=CARTESIAN_POINT('',(0.000443875028462436,-0.0267241409134594,0.129714130053234));
#4101=CARTESIAN_POINT('',(0.000443875028462436,-0.0267399001443662,0.129655315802801));
#4102=CARTESIAN_POINT('',(0.00941412370739532,0.,0.16));
#4103=CARTESIAN_POINT('',(0.00941412370739532,0.,0.151660328584374));
#4104=CARTESIAN_POINT('',(0.000556569878995078,-0.0251211447678126,0.135720302754745));
#4105=CARTESIAN_POINT('',(0.000556569878995078,-0.0266985498620507,0.12983334679893));
#4106=CARTESIAN_POINT('',(0.000556569878995078,-0.0267143239129932,0.129774477239372));
#4107=CARTESIAN_POINT('',(0.000556569878995078,-0.0267300979639356,0.129715607679813));
#4108=CARTESIAN_POINT('',(0.000556569878995078,-0.0267458720148779,0.129656738120255));
#4109=CARTESIAN_POINT('',(0.010343129644022,0.,0.16));
#4110=CARTESIAN_POINT('',(0.010343129644022,0.,0.151655269046358));
#4111=CARTESIAN_POINT('',(0.00061329985097538,-0.02512377836982,0.135724424957675));
#4112=CARTESIAN_POINT('',(0.00061329985097538,-0.026702037596908,0.129834281334668));
#4113=CARTESIAN_POINT('',(0.00061329985097538,-0.0267178201891789,0.129775379898438));
#4114=CARTESIAN_POINT('',(0.00061329985097538,-0.0267336027814498,0.129716478462208));
#4115=CARTESIAN_POINT('',(0.00061329985097538,-0.0267493853737207,0.129657577025978));
#4116=CARTESIAN_POINT('',(0.0131124239765978,0.,0.16));
#4117=CARTESIAN_POINT('',(0.0131124239765978,0.,0.15163828440455));
#4118=CARTESIAN_POINT('',(0.000785015937004445,-0.0251330260219445,0.135738397235486));
#4119=CARTESIAN_POINT('',(0.000785015937004445,-0.0267141588432556,0.129837529212838));
#4120=CARTESIAN_POINT('',(0.000785015937004445,-0.0267299701714688,0.129778520532612));
#4121=CARTESIAN_POINT('',(0.000785015937004445,-0.0267457814996819,0.129719511852385));
#4122=CARTESIAN_POINT('',(0.000785015937004445,-0.026761592827895,0.129660503172159));
#4123=CARTESIAN_POINT('',(0.0149349888952428,0.,0.16));
#4124=CARTESIAN_POINT('',(0.0149349888952428,0.,0.151624551280019));
#4125=CARTESIAN_POINT('',(0.00090152943104989,-0.0251409881987085,0.135749844786421));
#4126=CARTESIAN_POINT('',(0.00090152943104989,-0.0267244495430447,0.129840286597536));
#4127=CARTESIAN_POINT('',(0.00090152943104989,-0.0267402841564881,0.129781191015647));
#4128=CARTESIAN_POINT('',(0.00090152943104989,-0.0267561187699315,0.129722095433759));
#4129=CARTESIAN_POINT('',(0.00090152943104989,-0.0267719533833748,0.12966299985187));
#4130=CARTESIAN_POINT('',(0.0185092248233164,0.,0.16));
#4131=CARTESIAN_POINT('',(0.0185092248233164,0.,0.15159362630152));
#4132=CARTESIAN_POINT('',(0.001140585219858,-0.0251615042210716,0.135776424963862));
#4133=CARTESIAN_POINT('',(0.001140585219858,-0.0267502362968623,0.129847196137397));
#4134=CARTESIAN_POINT('',(0.001140585219858,-0.0267661236176201,0.129787903849132));
#4135=CARTESIAN_POINT('',(0.001140585219858,-0.0267820109383781,0.129728611560868));
#4136=CARTESIAN_POINT('',(0.001140585219858,-0.0267978982591359,0.129669319272603));
#4137=CARTESIAN_POINT('',(0.020260895832745,0.,0.16));
#4138=CARTESIAN_POINT('',(0.020260895832745,0.,0.151576445666264));
#4139=CARTESIAN_POINT('',(0.00126312906690361,-0.0251740586883782,0.13579155035524));
#4140=CARTESIAN_POINT('',(0.00126312906690361,-0.0267657311221691,0.129851347963325));
#4141=CARTESIAN_POINT('',(0.00126312906690361,-0.0267816478465071,0.129791945939406));
#4142=CARTESIAN_POINT('',(0.00126312906690361,-0.026797564570845,0.129732543915487));
#4143=CARTESIAN_POINT('',(0.00126312906690361,-0.0268134812951829,0.129673141891567));
#4144=CARTESIAN_POINT('',(0.0236697126393134,0.,0.16));
#4145=CARTESIAN_POINT('',(0.0236697126393134,0.,0.151540184873093));
#4146=CARTESIAN_POINT('',(0.00151610189066058,-0.0252051413812448,0.135824894985572));
#4147=CARTESIAN_POINT('',(0.00151610189066058,-0.0268030678270057,0.129861352303234));
#4148=CARTESIAN_POINT('',(0.00151610189066058,-0.0268190470914633,0.129801716876411));
#4149=CARTESIAN_POINT('',(0.00151610189066058,-0.0268350263559209,0.129742081449587));
#4150=CARTESIAN_POINT('',(0.00151610189066058,-0.0268510056203785,0.129682446022764));
#4151=CARTESIAN_POINT('',(0.0253268584364532,0.,0.16));
#4152=CARTESIAN_POINT('',(0.0253268584364532,0.,0.151521111852554));
#4153=CARTESIAN_POINT('',(0.00164653292572644,-0.0252236692454288,0.135843109445731));
#4154=CARTESIAN_POINT('',(0.00164653292572644,-0.0268249081746681,0.129867204406753));
#4155=CARTESIAN_POINT('',(0.00164653292572644,-0.0268409205639605,0.129807445356363));
#4156=CARTESIAN_POINT('',(0.00164653292572644,-0.026856932953253,0.129747686305973));
#4157=CARTESIAN_POINT('',(0.00164653292572644,-0.0268729453425453,0.129687927255583));
#4158=CARTESIAN_POINT('',(0.0285229935153721,0.,0.16));
#4159=CARTESIAN_POINT('',(0.0285229935153721,0.,0.151482627877553));
#4160=CARTESIAN_POINT('',(0.00191698027427706,-0.025268476522945,0.135882162279404));
#4161=CARTESIAN_POINT('',(0.00191698027427706,-0.0268764771421462,0.129881022269943));
#4162=CARTESIAN_POINT('',(0.00191698027427706,-0.0268925571483382,0.129821010869848));
#4163=CARTESIAN_POINT('',(0.00191698027427706,-0.0269086371545302,0.129760999469754));
#4164=CARTESIAN_POINT('',(0.00191698027427706,-0.0269247171607222,0.129700988069659));
#4165=CARTESIAN_POINT('',(0.0300619827971511,0.,0.16));
#4166=CARTESIAN_POINT('',(0.0300619827971511,0.,0.151463220242146));
#4167=CARTESIAN_POINT('',(0.00205699933875075,-0.0252947547701381,0.135902998121256));
#4168=CARTESIAN_POINT('',(0.00205699933875075,-0.0269062040410239,0.129888987568491));
#4169=CARTESIAN_POINT('',(0.00205699933875075,-0.0269223185337327,0.129828847462963));
#4170=CARTESIAN_POINT('',(0.00205699933875075,-0.0269384330264416,0.129768707357435));
#4171=CARTESIAN_POINT('',(0.00205699933875075,-0.0269545475191504,0.129708567251908));
#4172=CARTESIAN_POINT('',(0.0329981735422761,0.,0.16));
#4173=CARTESIAN_POINT('',(0.0329981735422761,0.,0.151425540678857));
#4174=CARTESIAN_POINT('',(0.00234809533049547,-0.0253572705171181,0.13594701455988));
#4175=CARTESIAN_POINT('',(0.00234809533049547,-0.0269755361366806,0.129907565047531));
#4176=CARTESIAN_POINT('',(0.00234809533049547,-0.0269917187928762,0.129847170552408));
#4177=CARTESIAN_POINT('',(0.00234809533049547,-0.0270079014490718,0.129786776057284));
#4178=CARTESIAN_POINT('',(0.00234809533049547,-0.0270240841052675,0.129726381562161));
#4179=CARTESIAN_POINT('',(0.0343953750056221,0.,0.16));
#4180=CARTESIAN_POINT('',(0.0343953750056221,0.,0.15140726971395));
#4181=CARTESIAN_POINT('',(0.00249917591087482,-0.0253935064535219,0.13597019404237));
#4182=CARTESIAN_POINT('',(0.00249917591087482,-0.0270151395962327,0.129918176762536));
#4183=CARTESIAN_POINT('',(0.00249917591087482,-0.0270313559276598,0.129857656589737));
#4184=CARTESIAN_POINT('',(0.00249917591087482,-0.0270475722590869,0.129797136416939));
#4185=CARTESIAN_POINT('',(0.00249917591087482,-0.027063788590514,0.129736616244141));
#4186=CARTESIAN_POINT('',(0.0370243588108089,0.,0.16));
#4187=CARTESIAN_POINT('',(0.0370243588108089,0.,0.151373216706055));
#4188=CARTESIAN_POINT('',(0.00281354473562474,-0.0254786220138012,0.136018845130206));
#4189=CARTESIAN_POINT('',(0.00281354473562474,-0.027106716267061,0.12994271465753));
#4190=CARTESIAN_POINT('',(0.00281354473562474,-0.0271229972095936,0.129881953352803));
#4191=CARTESIAN_POINT('',(0.00281354473562474,-0.0271392781521262,0.129821192048076));
#4192=CARTESIAN_POINT('',(0.00281354473562474,-0.0271555590946588,0.129760430743349));
#4193=CARTESIAN_POINT('',(0.0382561411526498,-1.7347234759768E-18,0.16));
#4194=CARTESIAN_POINT('',(0.0382561411526498,-1.7347234759768E-18,0.151357431695966));
#4195=CARTESIAN_POINT('',(0.00297683776113579,-0.0255274996505397,0.136044318152107));
#4196=CARTESIAN_POINT('',(0.00297683776113579,-0.0271586879784517,0.129956640435626));
#4197=CARTESIAN_POINT('',(0.00297683776113579,-0.0271749998617307,0.129895763658461));
#4198=CARTESIAN_POINT('',(0.00297683776113579,-0.0271913117450099,0.129834886881297));
#4199=CARTESIAN_POINT('',(0.00297683776113579,-0.027207623628289,0.129774010104132));
#4200=CARTESIAN_POINT('',(0.0396295560206144,-1.7347234759768E-18,0.16));
#4201=CARTESIAN_POINT('',(0.0396295560206144,-1.7347234759768E-18,0.151340621022239));
#4202=CARTESIAN_POINT('',(0.00318183433856641,-0.0255961009244448,0.136076575863771));
#4203=CARTESIAN_POINT('',(0.00318183433856641,-0.027230758266287,0.12997595161105));
#4204=CARTESIAN_POINT('',(0.00318183433856641,-0.0272471048397054,0.129914945368523));
#4205=CARTESIAN_POINT('',(0.00318183433856641,-0.0272634514131238,0.129853939125996));
#4206=CARTESIAN_POINT('',(0.00318183433856641,-0.0272797979865422,0.129792932883468));
#4207=CARTESIAN_POINT('',(0.0398646771853674,-8.38409261662688E-6,0.16));
#4208=CARTESIAN_POINT('',(0.0398646771853674,-8.38409261662688E-6,0.15133795332867));
#4209=CARTESIAN_POINT('',(0.00321964892278699,-0.0256091432122057,0.136082020534277));
#4210=CARTESIAN_POINT('',(0.00321964892278699,-0.0272442880540562,0.129979576906756));
#4211=CARTESIAN_POINT('',(0.00321964892278699,-0.0272606395024747,0.129918552470481));
#4212=CARTESIAN_POINT('',(0.00321964892278699,-0.0272769909508932,0.129857528034206));
#4213=CARTESIAN_POINT('',(0.00321964892278699,-0.0272933423993117,0.129796503597931));
#4214=CARTESIAN_POINT('',(0.0403303898400956,-4.12581584980708E-5,0.16));
#4215=CARTESIAN_POINT('',(0.0403303898400956,-4.12581584980709E-5,0.151333093009594));
#4216=CARTESIAN_POINT('',(0.00329998487552182,-0.0256377843993567,0.136092742044999));
#4217=CARTESIAN_POINT('',(0.00329998487552182,-0.0272736910231459,0.129987455408579));
#4218=CARTESIAN_POINT('',(0.00329998487552182,-0.0272900500893838,0.129926402542215));
#4219=CARTESIAN_POINT('',(0.00329998487552182,-0.0273064091556217,0.129865349675851));
#4220=CARTESIAN_POINT('',(0.00329998487552182,-0.0273227682218595,0.129804296809486));
#4221=CARTESIAN_POINT('',(0.0405609791860427,-6.57471504432247E-5,0.16));
#4222=CARTESIAN_POINT('',(0.0405609791860427,-6.57471504432247E-5,0.151330900384088));
#4223=CARTESIAN_POINT('',(0.00334250620470814,-0.0256533835055563,0.136098018940629));
#4224=CARTESIAN_POINT('',(0.00334250620470814,-0.0272895644112758,0.12999170867011));
#4225=CARTESIAN_POINT('',(0.00334250620470814,-0.027305926220333,0.129930645567404));
#4226=CARTESIAN_POINT('',(0.00334250620470814,-0.0273222880293902,0.129869582464699));
#4227=CARTESIAN_POINT('',(0.00334250620470814,-0.0273386498384473,0.129808519361994));
#4228=CARTESIAN_POINT('',(0.0410152968518837,-0.000129738105014401,0.16));
#4229=CARTESIAN_POINT('',(0.0410152968518837,-0.000129738105014401,0.151327019488855));
#4230=CARTESIAN_POINT('',(0.00343182316072147,-0.0256872063916297,0.136108442222795));
#4231=CARTESIAN_POINT('',(0.00343182316072147,-0.0273237274141384,0.130000862619138));
#4232=CARTESIAN_POINT('',(0.00343182316072147,-0.0273400926243634,0.129939786823101));
#4233=CARTESIAN_POINT('',(0.00343182316072147,-0.0273564578345886,0.129878711027065));
#4234=CARTESIAN_POINT('',(0.00343182316072147,-0.0273728230448137,0.129817635231028));
#4235=CARTESIAN_POINT('',(0.0412390233360616,-0.000169238675582885,0.16));
#4236=CARTESIAN_POINT('',(0.0412390233360616,-0.000169238675582885,0.151325331170639));
#4237=CARTESIAN_POINT('',(0.00347861874241635,-0.0257054301464711,0.136113589469062));
#4238=CARTESIAN_POINT('',(0.00347861874241635,-0.0273420172204484,0.130005763357968));
#4239=CARTESIAN_POINT('',(0.00347861874241635,-0.0273583830911882,0.129944685096857));
#4240=CARTESIAN_POINT('',(0.00347861874241635,-0.0273747489619279,0.129883606835746));
#4241=CARTESIAN_POINT('',(0.00347861874241635,-0.0273911148326678,0.129822528574635));
#4242=CARTESIAN_POINT('',(0.0416774738987886,-0.000261766143966126,0.16));
#4243=CARTESIAN_POINT('',(0.0416774738987886,-0.000261766143966126,0.151322471835928));
#4244=CARTESIAN_POINT('',(0.00357604490471054,-0.0257445572983568,0.136123830522999));
#4245=CARTESIAN_POINT('',(0.00357604490471054,-0.0273810836136308,0.130016231166473));
#4246=CARTESIAN_POINT('',(0.00357604490471054,-0.0273974488767835,0.129955155172907));
#4247=CARTESIAN_POINT('',(0.00357604490471054,-0.0274138141399362,0.129894079179342));
#4248=CARTESIAN_POINT('',(0.00357604490471054,-0.027430179403089,0.129833003185777));
#4249=CARTESIAN_POINT('',(0.0418921965409621,-0.00031479131576652,0.16));
#4250=CARTESIAN_POINT('',(0.0418921965409621,-0.00031479131576652,0.151321300819433));
#4251=CARTESIAN_POINT('',(0.00362667543286357,-0.0257654608708369,0.136128924377675));
#4252=CARTESIAN_POINT('',(0.00362667543286357,-0.0274018603759388,0.130021798283154));
#4253=CARTESIAN_POINT('',(0.00362667543286357,-0.0274182243709899,0.129960727022209));
#4254=CARTESIAN_POINT('',(0.00362667543286357,-0.0274345883660409,0.129899655761264));
#4255=CARTESIAN_POINT('',(0.00362667543286357,-0.0274509523610919,0.129838584500319));
#4256=CARTESIAN_POINT('',(0.0423107374305719,-0.000432534698859763,0.16));
#4257=CARTESIAN_POINT('',(0.0423107374305719,-0.000432534698859763,0.15131948913108));
#4258=CARTESIAN_POINT('',(0.00373132683566214,-0.0258099952719045,0.136139132015383));
#4259=CARTESIAN_POINT('',(0.00373132683566214,-0.0274459634472329,0.130033615665491));
#4260=CARTESIAN_POINT('',(0.00373132683566214,-0.0274623231289862,0.129972560501992));
#4261=CARTESIAN_POINT('',(0.00373132683566214,-0.0274786828107395,0.129911505338494));
#4262=CARTESIAN_POINT('',(0.00373132683566214,-0.0274950424924928,0.129850450174995));
#4263=CARTESIAN_POINT('',(0.0425145547097084,-0.000497250941417255,0.16));
#4264=CARTESIAN_POINT('',(0.0425145547097084,-0.000497250941417255,0.151318848486457));
#4265=CARTESIAN_POINT('',(0.00378534764970823,-0.0258336259769219,0.136144246893222));
#4266=CARTESIAN_POINT('',(0.00378534764970823,-0.0274692899146285,0.130039865973592));
#4267=CARTESIAN_POINT('',(0.00378534764970823,-0.0274856465540056,0.129978822164396));
#4268=CARTESIAN_POINT('',(0.00378534764970823,-0.0275020031933827,0.1299177783552));
#4269=CARTESIAN_POINT('',(0.00378534764970823,-0.0275183598327597,0.129856734546003));
#4270=CARTESIAN_POINT('',(0.0429096585913482,-0.000636252323258441,0.16));
#4271=CARTESIAN_POINT('',(0.0429096585913482,-0.000636252323258441,0.151318094012831));
#4272=CARTESIAN_POINT('',(0.00389633131121477,-0.0258836406755839,0.136154599291181));
#4273=CARTESIAN_POINT('',(0.00389633131121477,-0.0275185423632513,0.130053063127426));
#4274=CARTESIAN_POINT('',(0.00389633131121477,-0.027534891380128,0.129992047765788));
#4275=CARTESIAN_POINT('',(0.00389633131121477,-0.0275512403970047,0.129931032404151));
#4276=CARTESIAN_POINT('',(0.00389633131121477,-0.0275675894138814,0.129870017042513));
#4277=CARTESIAN_POINT('',(0.043100944737476,-0.000710535349446315,0.16));
#4278=CARTESIAN_POINT('',(0.043100944737476,-0.000710535349446315,0.151317980183828));
#4279=CARTESIAN_POINT('',(0.00395329408970733,-0.0259100248097782,0.136159836848962));
#4280=CARTESIAN_POINT('',(0.00395329408970733,-0.0275444684850282,0.130060010010819));
#4281=CARTESIAN_POINT('',(0.00395329408970733,-0.0275608129217806,0.129999011742438));
#4282=CARTESIAN_POINT('',(0.00395329408970733,-0.0275771573585331,0.129938013474056));
#4283=CARTESIAN_POINT('',(0.00395329408970733,-0.0275935017952856,0.129877015205675));
#4284=CARTESIAN_POINT('',(0.043469657296076,-0.000866316916834072,0.16));
#4285=CARTESIAN_POINT('',(0.043469657296076,-0.000866316916834072,0.151318275757955));
#4286=CARTESIAN_POINT('',(0.00406971164959781,-0.0259655556767148,0.136170530584086));
#4287=CARTESIAN_POINT('',(0.00406971164959781,-0.0275989529230083,0.130074609071976));
#4288=CARTESIAN_POINT('',(0.00406971164959781,-0.0276152868954712,0.130013649856855));
#4289=CARTESIAN_POINT('',(0.00406971164959781,-0.0276316208679342,0.129952690641734));
#4290=CARTESIAN_POINT('',(0.00406971164959781,-0.027647954840397,0.129891731426612));
#4291=CARTESIAN_POINT('',(0.0436470837824271,-0.000947813298273457,0.16));
#4292=CARTESIAN_POINT('',(0.0436470837824271,-0.000947813298273457,0.151318684941203));
#4293=CARTESIAN_POINT('',(0.0041291663540155,-0.0259947021879316,0.13617598807594));
#4294=CARTESIAN_POINT('',(0.0041291663540155,-0.0276275113611528,0.130082261282414));
#4295=CARTESIAN_POINT('',(0.0041291663540155,-0.027643839452885,0.130021324014478));
#4296=CARTESIAN_POINT('',(0.0041291663540155,-0.0276601675446172,0.129960386746543));
#4297=CARTESIAN_POINT('',(0.0041291663540155,-0.0276764956363495,0.129899449478608));
#4298=CARTESIAN_POINT('',(0.0439870509746089,-0.00111550342679548,0.16));
#4299=CARTESIAN_POINT('',(0.0439870509746089,-0.00111550342679548,0.151320006755815));
#4300=CARTESIAN_POINT('',(0.00425011820895449,-0.0260557397838328,0.136187234765083));
#4301=CARTESIAN_POINT('',(0.00425011820895449,-0.0276872718857073,0.130098274066707));
#4302=CARTESIAN_POINT('',(0.00425011820895449,-0.0277035872067261,0.130037384459724));
#4303=CARTESIAN_POINT('',(0.00425011820895449,-0.0277199025277448,0.12997649485274));
#4304=CARTESIAN_POINT('',(0.00425011820895449,-0.0277362178487635,0.129915605245756));
#4305=CARTESIAN_POINT('',(0.0441495922786099,-0.00120169505681698,0.16));
#4306=CARTESIAN_POINT('',(0.0441495922786099,-0.00120169505681698,0.151320919387179));
#4307=CARTESIAN_POINT('',(0.00431161527535315,-0.0260876309712271,0.136193023989893));
#4308=CARTESIAN_POINT('',(0.00431161527535315,-0.0277184740748272,0.130106634668084));
#4309=CARTESIAN_POINT('',(0.00431161527535315,-0.0277347825058631,0.130045770774866));
#4310=CARTESIAN_POINT('',(0.00431161527535315,-0.0277510909368992,0.129984906881648));
#4311=CARTESIAN_POINT('',(0.00431161527535315,-0.0277673993679351,0.12992404298843));
#4312=CARTESIAN_POINT('',(0.0444590559432473,-0.00137615725643151,0.16));
#4313=CARTESIAN_POINT('',(0.0444590559432473,-0.00137615725643151,0.151323228753768));
#4314=CARTESIAN_POINT('',(0.00443620519157863,-0.0261541159825121,0.136205038075912));
#4315=CARTESIAN_POINT('',(0.00443620519157863,-0.0277835089563463,0.130124060712067));
#4316=CARTESIAN_POINT('',(0.00443620519157863,-0.0277998028860846,0.130063250938429));
#4317=CARTESIAN_POINT('',(0.00443620519157863,-0.0278160968158229,0.13000244116479));
#4318=CARTESIAN_POINT('',(0.00443620519157863,-0.0278323907455613,0.129941631391152));
#4319=CARTESIAN_POINT('',(0.044605979398876,-0.00146442582566547,0.16));
#4320=CARTESIAN_POINT('',(0.044605979398876,-0.00146442582566547,0.151324625061081));
#4321=CARTESIAN_POINT('',(0.00449929795146122,-0.026188709537527,0.13621126427267));
#4322=CARTESIAN_POINT('',(0.00449929795146122,-0.0278173417317683,0.130133126176919));
#4323=CARTESIAN_POINT('',(0.00449929795146122,-0.0278336280537107,0.130072344795962));
#4324=CARTESIAN_POINT('',(0.00449929795146122,-0.0278499143756532,0.130011563415004));
#4325=CARTESIAN_POINT('',(0.00449929795146122,-0.0278662006975955,0.129950782034047));
#4326=CARTESIAN_POINT('',(0.0448837415640586,-0.0016403852343039,0.16));
#4327=CARTESIAN_POINT('',(0.0448837415640586,-0.0016403852343039,0.15132786869125));
#4328=CARTESIAN_POINT('',(0.00462663810269243,-0.026260526931084,0.136224260201915));
#4329=CARTESIAN_POINT('',(0.00462663810269243,-0.027887597254485,0.130151951087495));
#4330=CARTESIAN_POINT('',(0.00462663810269243,-0.0279038679577191,0.130091227996351));
#4331=CARTESIAN_POINT('',(0.00462663810269243,-0.0279201386609531,0.130030504905206));
#4332=CARTESIAN_POINT('',(0.00462663810269243,-0.0279364093641871,0.129969781814062));
#4333=CARTESIAN_POINT('',(0.0450145818203298,-0.0017280742427022,0.16));
#4334=CARTESIAN_POINT('',(0.0450145818203298,-0.0017280742427022,0.151329716014104));
#4335=CARTESIAN_POINT('',(0.00469088539997912,-0.0262977508327125,0.136231029951307));
#4336=CARTESIAN_POINT('',(0.00469088539997912,-0.0279240200648663,0.130161710550123));
#4337=CARTESIAN_POINT('',(0.00469088539997912,-0.0279402827571879,0.130101017356111));
#4338=CARTESIAN_POINT('',(0.00469088539997912,-0.0279565454495094,0.130040324162099));
#4339=CARTESIAN_POINT('',(0.00469088539997912,-0.0279728081418309,0.129979630968087));
#4340=CARTESIAN_POINT('',(0.0452599393270371,-0.00190023727058436,0.16));
#4341=CARTESIAN_POINT('',(0.0452599393270371,-0.00190023727058436,0.151333829442865));
#4342=CARTESIAN_POINT('',(0.00482010175188265,-0.026374727691508,0.136245210332922));
#4343=CARTESIAN_POINT('',(0.00482010175188265,-0.0279993855472781,0.130181904670272));
#4344=CARTESIAN_POINT('',(0.00482010175188265,-0.0280156321258358,0.130121271613645));
#4345=CARTESIAN_POINT('',(0.00482010175188265,-0.0280318787043935,0.130060638557019));
#4346=CARTESIAN_POINT('',(0.00482010175188265,-0.0280481252829512,0.130000005500392));
#4347=CARTESIAN_POINT('',(0.0453744585175705,-0.00198470965502507,0.16));
#4348=CARTESIAN_POINT('',(0.0453744585175705,-0.00198470965502507,0.151336094473253));
#4349=CARTESIAN_POINT('',(0.00488507071033482,-0.0264144803661173,0.136252622192238));
#4350=CARTESIAN_POINT('',(0.00488507071033482,-0.0280383282624518,0.130192339339354));
#4351=CARTESIAN_POINT('',(0.00488507071033482,-0.0280545667414152,0.130131736510825));
#4352=CARTESIAN_POINT('',(0.00488507071033482,-0.0280708052203785,0.130071133682296));
#4353=CARTESIAN_POINT('',(0.00488507071033482,-0.0280870436993419,0.130010530853767));
#4354=CARTESIAN_POINT('',(0.0455871106344408,-0.0021478736541572,0.16));
#4355=CARTESIAN_POINT('',(0.0455871106344408,-0.0021478736541572,0.151341001999143));
#4356=CARTESIAN_POINT('',(0.00501530864982916,-0.0264963823902263,0.136268175715951));
#4357=CARTESIAN_POINT('',(0.00501530864982916,-0.0281186322721843,0.130213856733911));
#4358=CARTESIAN_POINT('',(0.00501530864982916,-0.0281348547710039,0.13015331354409));
#4359=CARTESIAN_POINT('',(0.00501530864982916,-0.0281510772698235,0.13009277035427));
#4360=CARTESIAN_POINT('',(0.00501530864982916,-0.028167299768643,0.130032227164449));
#4361=CARTESIAN_POINT('',(0.0456852458268794,-0.00222656382707145,0.16));
#4362=CARTESIAN_POINT('',(0.0456852458268794,-0.00222656382707145,0.151343644494645));
#4363=CARTESIAN_POINT('',(0.00508057753485469,-0.026538531763189,0.136276317386634));
#4364=CARTESIAN_POINT('',(0.00508057753485469,-0.0281599935902062,0.130224939465672));
#4365=CARTESIAN_POINT('',(0.00508057753485469,-0.0281762082084763,0.130164425686463));
#4366=CARTESIAN_POINT('',(0.00508057753485469,-0.0281924228267464,0.130103911907253));
#4367=CARTESIAN_POINT('',(0.00508057753485469,-0.0282086374450167,0.130043398128044));
#4368=CARTESIAN_POINT('',(0.0458651783264751,-0.00237571521265074,0.16));
#4369=CARTESIAN_POINT('',(0.0458651783264751,-0.00237571521265074,0.151349267783858));
#4370=CARTESIAN_POINT('',(0.00521100762389396,-0.0266250632849289,0.136293408404384));
#4371=CARTESIAN_POINT('',(0.00521100762389396,-0.028245001353541,0.130247717227208));
#4372=CARTESIAN_POINT('',(0.00521100762389396,-0.0282612007342271,0.130187260315437));
#4373=CARTESIAN_POINT('',(0.00521100762389396,-0.0282774001149132,0.130126803403665));
#4374=CARTESIAN_POINT('',(0.00521100762389396,-0.0282935994955994,0.130066346491893));
#4375=CARTESIAN_POINT('',(0.0459469781526909,-0.00244617514295842,0.16));
#4376=CARTESIAN_POINT('',(0.0459469781526909,-0.00244617514295842,0.151352245948128));
#4377=CARTESIAN_POINT('',(0.00527616873444868,-0.026669445142688,0.136302358854884));
#4378=CARTESIAN_POINT('',(0.00527616873444868,-0.0282886478031888,0.130259412258144));
#4379=CARTESIAN_POINT('',(0.00527616873444868,-0.0283048398297937,0.130198982792177));
#4380=CARTESIAN_POINT('',(0.00527616873444868,-0.0283210318563988,0.130138553326209));
#4381=CARTESIAN_POINT('',(0.00527616873444868,-0.0283372238830038,0.130078123860242));
#4382=CARTESIAN_POINT('',(0.0460943278676358,-0.00257657614164495,0.16));
#4383=CARTESIAN_POINT('',(0.0460943278676358,-0.00257657614164495,0.151358493302492));
#4384=CARTESIAN_POINT('',(0.00540599245379014,-0.0267602479510789,0.136321126121099));
#4385=CARTESIAN_POINT('',(0.00540599245379014,-0.0283780597933387,0.130283370128698));
#4386=CARTESIAN_POINT('',(0.00540599245379014,-0.0283942379117613,0.130222992568774));
#4387=CARTESIAN_POINT('',(0.00540599245379014,-0.0284104160301839,0.13016261500885));
#4388=CARTESIAN_POINT('',(0.00540599245379014,-0.0284265941486065,0.130102237448926));
#4389=CARTESIAN_POINT('',(0.0461598804514843,-0.00263651602160416,0.16));
#4390=CARTESIAN_POINT('',(0.0461598804514843,-0.00263651602160416,0.151361762492585));
#4391=CARTESIAN_POINT('',(0.00547065497416682,-0.0268066688877661,0.136330942933077));
#4392=CARTESIAN_POINT('',(0.00547065497416682,-0.0284238253198963,0.130295632964581));
#4393=CARTESIAN_POINT('',(0.00547065497416682,-0.0284399968842176,0.130235279864896));
#4394=CARTESIAN_POINT('',(0.00547065497416682,-0.0284561684485389,0.130174926765211));
#4395=CARTESIAN_POINT('',(0.00547065497416682,-0.0284723400128602,0.130114573665526));
#4396=CARTESIAN_POINT('',(0.0462747846801347,-0.00274378208088711,0.16));
#4397=CARTESIAN_POINT('',(0.0462747846801347,-0.00274378208088711,0.151368549885089));
#4398=CARTESIAN_POINT('',(0.00559911031309794,-0.0269013243252042,0.136351490715184));
#4399=CARTESIAN_POINT('',(0.00559911031309794,-0.028517276990856,0.130320673264346));
#4400=CARTESIAN_POINT('',(0.00559911031309794,-0.0285334365175125,0.130260365089837));
#4401=CARTESIAN_POINT('',(0.00559911031309794,-0.0285495960441691,0.130200056915329));
#4402=CARTESIAN_POINT('',(0.00559911031309794,-0.0285657555708256,0.130139748740821));
#4403=CARTESIAN_POINT('',(0.0463241391150267,-0.00279110706940764,0.16));
#4404=CARTESIAN_POINT('',(0.0463241391150267,-0.00279110706940764,0.151372068087501));
#4405=CARTESIAN_POINT('',(0.00566290305078909,-0.026949558596169,0.136362222418561));
#4406=CARTESIAN_POINT('',(0.00566290305078909,-0.0285649631041767,0.1303334507199));
#4407=CARTESIAN_POINT('',(0.00566290305078909,-0.0285811171492568,0.130273163002914));
#4408=CARTESIAN_POINT('',(0.00566290305078909,-0.0285972711943369,0.130212875285927));
#4409=CARTESIAN_POINT('',(0.00566290305078909,-0.028613425239417,0.13015258756894));
#4410=CARTESIAN_POINT('',(0.0464065744927797,-0.00287127885130058,0.16));
#4411=CARTESIAN_POINT('',(0.0464065744927797,-0.00287127885130058,0.151379311491137));
#4412=CARTESIAN_POINT('',(0.00578926979387159,-0.0270475886812406,0.13638461962064));
#4413=CARTESIAN_POINT('',(0.00578926979387159,-0.0286620257192358,0.13035945856922));
#4414=CARTESIAN_POINT('',(0.00578926979387159,-0.0286781700896157,0.130299206958706));
#4415=CARTESIAN_POINT('',(0.00578926979387159,-0.0286943144599958,0.130238955348192));
#4416=CARTESIAN_POINT('',(0.00578926979387159,-0.0287104588303757,0.130178703737678));
#4417=CARTESIAN_POINT('',(0.0464396582323529,-0.00290412432642012,0.16));
#4418=CARTESIAN_POINT('',(0.0464396582323529,-0.00290412432642012,0.151383036692362));
#4419=CARTESIAN_POINT('',(0.00585184372837917,-0.0270973844485497,0.136396285106802));
#4420=CARTESIAN_POINT('',(0.00585184372837917,-0.0287114021741763,0.130372688950447));
#4421=CARTESIAN_POINT('',(0.00585184372837917,-0.0287275423514326,0.130312452988883));
#4422=CARTESIAN_POINT('',(0.00585184372837917,-0.0287436825286889,0.13025221702732));
#4423=CARTESIAN_POINT('',(0.00585184372837917,-0.0287598227059452,0.130191981065756));
#4424=CARTESIAN_POINT('',(0.0464985874406935,-0.00296305353476073,0.16));
#4425=CARTESIAN_POINT('',(0.0464985874406935,-0.00296305353476073,0.151392081582586));
#4426=CARTESIAN_POINT('',(0.00599865039472514,-0.0272171900305745,0.136425116500454));
#4427=CARTESIAN_POINT('',(0.00599865039472514,-0.028830390152376,0.130404571683114));
#4428=CARTESIAN_POINT('',(0.00599865039472514,-0.0288465221535941,0.130344366234941));
#4429=CARTESIAN_POINT('',(0.00599865039472514,-0.0288626541548121,0.130284160786768));
#4430=CARTESIAN_POINT('',(0.00599865039472514,-0.0288787861560301,0.130223955338594));
#4431=CARTESIAN_POINT('',(0.0465293914341754,-0.00299385752824272,0.16));
#4432=CARTESIAN_POINT('',(0.0465293914341754,-0.00299385752824272,0.151397825568755));
#4433=CARTESIAN_POINT('',(0.00608891897077528,-0.0272933583494095,0.136443722441337));
#4434=CARTESIAN_POINT('',(0.00608891897077528,-0.0289061076465516,0.130424860124532));
#4435=CARTESIAN_POINT('',(0.00608891897077528,-0.0289222351395229,0.130364671501364));
#4436=CARTESIAN_POINT('',(0.00608891897077528,-0.0289383626324944,0.130304482878196));
#4437=CARTESIAN_POINT('',(0.00608891897077528,-0.0289544901254658,0.130244294255028));
#4438=CARTESIAN_POINT('',(0.0465860233914229,-0.00305048948549029,0.16));
#4439=CARTESIAN_POINT('',(0.0465860233914229,-0.00305048948549029,0.151410122733417));
#4440=CARTESIAN_POINT('',(0.00627547801652487,-0.0274577271061698,0.136484336177575));
#4441=CARTESIAN_POINT('',(0.00627547801652487,-0.0290696192184627,0.130468672918178));
#4442=CARTESIAN_POINT('',(0.00627547801652487,-0.0290857381395856,0.130408516285585));
#4443=CARTESIAN_POINT('',(0.00627547801652487,-0.0291018570607085,0.130348359652991));
#4444=CARTESIAN_POINT('',(0.00627547801652487,-0.0291179759818315,0.130288203020397));
#4445=CARTESIAN_POINT('',(0.0466118513551886,-0.00307631744925591,0.16));
#4446=CARTESIAN_POINT('',(0.0466118513551886,-0.00307631744925591,0.151416675911909));
#4447=CARTESIAN_POINT('',(0.006371763309946,-0.0275459313232955,0.136506344434979));
#4448=CARTESIAN_POINT('',(0.006371763309946,-0.0291574169377525,0.130492198246159));
#4449=CARTESIAN_POINT('',(0.006371763309946,-0.029173531793897,0.130432056784271));
#4450=CARTESIAN_POINT('',(0.006371763309946,-0.0291896466500416,0.130371915322383));
#4451=CARTESIAN_POINT('',(0.006371763309946,-0.0292057615061861,0.130311773860495));
#4452=CARTESIAN_POINT('',(0.0466601899295756,-0.00312465602364296,0.16));
#4453=CARTESIAN_POINT('',(0.0466601899295756,-0.00312465602364296,0.151430387073891));
#4454=CARTESIAN_POINT('',(0.00656611208735218,-0.0277323444709111,0.13655320352352));
#4455=CARTESIAN_POINT('',(0.00656611208735219,-0.0293430575444128,0.130541940496797));
#4456=CARTESIAN_POINT('',(0.00656611208735219,-0.0293591646751478,0.130481827866529));
#4457=CARTESIAN_POINT('',(0.00656611208735219,-0.0293752718058828,0.130421715236262));
#4458=CARTESIAN_POINT('',(0.00656611208735219,-0.0293913789366179,0.130361602605995));
#4459=CARTESIAN_POINT('',(0.046682700540197,-0.00314716663426438,0.16));
#4460=CARTESIAN_POINT('',(0.046682700540197,-0.00314716663426438,0.151437545097829));
#4461=CARTESIAN_POINT('',(0.00666417096238431,-0.0278305542568251,0.136578056555675));
#4462=CARTESIAN_POINT('',(0.00666417096238431,-0.0294409017801593,0.130568157780749));
#4463=CARTESIAN_POINT('',(0.00666417096238431,-0.0294570052553926,0.130508058793));
#4464=CARTESIAN_POINT('',(0.00666417096238431,-0.029473108730626,0.13044795980525));
#4465=CARTESIAN_POINT('',(0.00666417096238431,-0.0294892122058594,0.130387860817501));
#4466=CARTESIAN_POINT('',(0.0467260630848678,-0.00319052917893511,0.16));
#4467=CARTESIAN_POINT('',(0.0467260630848677,-0.00319052917893511,0.151452225912082));
#4468=CARTESIAN_POINT('',(0.00685824506153657,-0.0280344008434638,0.136629888060364));
#4469=CARTESIAN_POINT('',(0.00685824506153657,-0.0296440511109027,0.130622591479864));
#4470=CARTESIAN_POINT('',(0.00685824506153657,-0.0296601476135771,0.130562518514059));
#4471=CARTESIAN_POINT('',(0.00685824506153657,-0.0296762441162515,0.130502445548255));
#4472=CARTESIAN_POINT('',(0.00685824506153657,-0.0296923406189259,0.13044237258245));
#4473=CARTESIAN_POINT('',(0.0467469150189171,-0.00321138111298443,0.16));
#4474=CARTESIAN_POINT('',(0.0467469150189171,-0.00321138111298443,0.151459748702396));
#4475=CARTESIAN_POINT('',(0.00695425670893045,-0.0281400369408378,0.136656866344435));
#4476=CARTESIAN_POINT('',(0.00695425670893045,-0.0297493555025489,0.130650807706565));
#4477=CARTESIAN_POINT('',(0.00695425670893045,-0.029765448688166,0.130590747120187));
#4478=CARTESIAN_POINT('',(0.00695425670893045,-0.029781541873783,0.130530686533808));
#4479=CARTESIAN_POINT('',(0.00695425670893045,-0.0297976350594002,0.130470625947429));
#4480=CARTESIAN_POINT('',(0.0467886188870157,-0.00325308498108306,0.16));
#4481=CARTESIAN_POINT('',(0.0467886188870157,-0.00325308498108305,0.15147491892988));
#4482=CARTESIAN_POINT('',(0.00714096104445872,-0.0283555979734622,0.136712077096254));
#4483=CARTESIAN_POINT('',(0.00714096104445872,-0.0299642793719752,0.130708396383812));
#4484=CARTESIAN_POINT('',(0.00714096104445872,-0.0299803661859603,0.130648359576688));
#4485=CARTESIAN_POINT('',(0.00714096104445872,-0.0299964529999455,0.130588322769564));
#4486=CARTESIAN_POINT('',(0.00714096104445872,-0.0300125398139306,0.130528285962439));
#4487=CARTESIAN_POINT('',(0.046809470821065,-0.00327393691513237,0.16));
#4488=CARTESIAN_POINT('',(0.046809470821065,-0.00327393691513237,0.15148256415639));
#4489=CARTESIAN_POINT('',(0.00723165167969324,-0.0284655204951566,0.136740309118769));
#4490=CARTESIAN_POINT('',(0.00723165167969324,-0.030073896486569,0.130737768201144));
#4491=CARTESIAN_POINT('',(0.00723165167969324,-0.0300899802464831,0.130677742791968));
#4492=CARTESIAN_POINT('',(0.00723165167969324,-0.0301060640063972,0.130617717382792));
#4493=CARTESIAN_POINT('',(0.00723165167969324,-0.0301221477663113,0.130557691973616));
#4494=CARTESIAN_POINT('',(0.0468528333657357,-0.0033172994598031,0.16));
#4495=CARTESIAN_POINT('',(0.0468528333657357,-0.0033172994598031,0.151497710995692));
#4496=CARTESIAN_POINT('',(0.00740507156172748,-0.0286860087857766,0.136796994571885));
#4497=CARTESIAN_POINT('',(0.00740507156172748,-0.0302937862256149,0.130796687479146));
#4498=CARTESIAN_POINT('',(0.00740507156172748,-0.0303098640000133,0.130736684408218));
#4499=CARTESIAN_POINT('',(0.00740507156172748,-0.0303259417744117,0.130676681337291));
#4500=CARTESIAN_POINT('',(0.00740507156172748,-0.0303420195488101,0.130616678266364));
#4501=CARTESIAN_POINT('',(0.0468753439763572,-0.00333981007042452,0.16));
#4502=CARTESIAN_POINT('',(0.0468753439763572,-0.00333981007042452,0.151505212608483));
#4503=CARTESIAN_POINT('',(0.0074878007125193,-0.028796571030201,0.1368254470581));
#4504=CARTESIAN_POINT('',(0.0074878007125193,-0.0304040553255663,0.130826233995428));
#4505=CARTESIAN_POINT('',(0.0074878007125193,-0.0304201301685199,0.130766241864801));
#4506=CARTESIAN_POINT('',(0.0074878007125193,-0.0304362050114736,0.130706249734174));
#4507=CARTESIAN_POINT('',(0.0074878007125193,-0.0304522798544272,0.130646257603548));
#4508=CARTESIAN_POINT('',(0.0469236825507442,-0.00338814864481156,0.16));
#4509=CARTESIAN_POINT('',(0.0469236825507442,-0.00338814864481156,0.151519808381092));
#4510=CARTESIAN_POINT('',(0.0076433219123967,-0.0290142698119342,0.13688142682011));
#4511=CARTESIAN_POINT('',(0.0076433219123967,-0.0306211659946122,0.130884408623867));
#4512=CARTESIAN_POINT('',(0.0076433219123967,-0.0306372349564391,0.130824438441904));
#4513=CARTESIAN_POINT('',(0.0076433219123967,-0.0306533039182658,0.130764468259942));
#4514=CARTESIAN_POINT('',(0.0076433219123967,-0.0306693728800926,0.13070449807798));
#4515=CARTESIAN_POINT('',(0.0469495105145098,-0.00341397660857719,0.16));
#4516=CARTESIAN_POINT('',(0.0469495105145098,-0.00341397660857719,0.151526899408927));
#4517=CARTESIAN_POINT('',(0.00771611613655261,-0.0291214026939635,0.136908951137077));
#4518=CARTESIAN_POINT('',(0.00771611613655261,-0.0307280034135777,0.130913035624));
#4519=CARTESIAN_POINT('',(0.00771611613655261,-0.0307440694207739,0.130853076468869));
#4520=CARTESIAN_POINT('',(0.00771611613655261,-0.03076013542797,0.130793117313739));
#4521=CARTESIAN_POINT('',(0.00771611613655261,-0.0307762014351662,0.130733158158608));
#4522=CARTESIAN_POINT('',(0.0470061424717574,-0.00347060856582476,0.16));
#4523=CARTESIAN_POINT('',(0.0470061424717574,-0.00347060856582476,0.15154040332869));
#4524=CARTESIAN_POINT('',(0.00785042839581753,-0.0293278729522936,0.13696182568502));
#4525=CARTESIAN_POINT('',(0.00785042839581753,-0.0309338614241484,0.130968195111688));
#4526=CARTESIAN_POINT('',(0.00785042839581753,-0.030949921308867,0.130908258805955));
#4527=CARTESIAN_POINT('',(0.00785042839581753,-0.0309659811935856,0.130848322500221));
#4528=CARTESIAN_POINT('',(0.00785042839581753,-0.0309820410783041,0.130788386194488));
#4529=CARTESIAN_POINT('',(0.0470369464652393,-0.00350141255930671,0.16));
#4530=CARTESIAN_POINT('',(0.0470369464652393,-0.00350141255930671,0.151546816220618));
#4531=CARTESIAN_POINT('',(0.00791195104251721,-0.0294272058513377,0.136987175458978));
#4532=CARTESIAN_POINT('',(0.00791195104251721,-0.0310328777241617,0.130994726449314));
#4533=CARTESIAN_POINT('',(0.00791195104251721,-0.03104893444289,0.130934801959217));
#4534=CARTESIAN_POINT('',(0.00791195104251721,-0.0310649911616183,0.130874877469121));
#4535=CARTESIAN_POINT('',(0.00791195104251721,-0.0310810478803465,0.130814952979024));
#4536=CARTESIAN_POINT('',(0.0470958756735799,-0.00356034176764731,0.16));
#4537=CARTESIAN_POINT('',(0.0470958756735799,-0.00356034176764731,0.151557077674893));
#4538=CARTESIAN_POINT('',(0.0080077722887025,-0.029588102009816,0.137027951098222));
#4539=CARTESIAN_POINT('',(0.0080077722887025,-0.0311931897935187,0.131037681938835));
#4540=CARTESIAN_POINT('',(0.0080077722887025,-0.0312092406713558,0.130977779247241));
#4541=CARTESIAN_POINT('',(0.0080077722887025,-0.0312252915491927,0.130917876555648));
#4542=CARTESIAN_POINT('',(0.0080077722887025,-0.0312413424270298,0.130857973864054));
#4543=CARTESIAN_POINT('',(0.0471318407316281,-0.00359652796785652,0.16));
#4544=CARTESIAN_POINT('',(0.0471318407316281,-0.00359652796785652,0.151561251317473));
#4545=CARTESIAN_POINT('',(0.00804634722175689,-0.0296550318741254,0.137044501059522));
#4546=CARTESIAN_POINT('',(0.00804634722175689,-0.0312597736973802,0.131055523042104));
#4547=CARTESIAN_POINT('',(0.00804634722175689,-0.0312758211156127,0.13099563326193));
#4548=CARTESIAN_POINT('',(0.00804634722175689,-0.0312918685338454,0.130935743481755));
#4549=CARTESIAN_POINT('',(0.00804634722175689,-0.0313079159520779,0.130875853701581));
#4550=CARTESIAN_POINT('',(0.0472230140748574,-0.00369050788707677,0.16));
#4551=CARTESIAN_POINT('',(0.0472230140748574,-0.00369050788707677,0.151569373364693));
#4552=CARTESIAN_POINT('',(0.00812031412765884,-0.0297873835356669,0.13707640027702));
#4553=CARTESIAN_POINT('',(0.00812031412765884,-0.0313912342830895,0.131090747799881));
#4554=CARTESIAN_POINT('',(0.00812031412765884,-0.0314072727905638,0.13103089127511));
#4555=CARTESIAN_POINT('',(0.00812031412765884,-0.031423311298038,0.130971034750338));
#4556=CARTESIAN_POINT('',(0.00812031412765884,-0.0314393498055122,0.130911178225567));
#4557=CARTESIAN_POINT('',(0.0472782175857046,-0.0037483090918238,0.16));
#4558=CARTESIAN_POINT('',(0.0472782175857046,-0.0037483090918238,0.151573321769334));
#4559=CARTESIAN_POINT('',(0.00815570607340864,-0.0298528054616467,0.137091749567717));
#4560=CARTESIAN_POINT('',(0.00815570607340864,-0.0314561110936852,0.131108131488888));
#4561=CARTESIAN_POINT('',(0.00815570607340864,-0.0314721441500056,0.1310482953081));
#4562=CARTESIAN_POINT('',(0.00815570607340864,-0.0314881772063259,0.130988459127311));
#4563=CARTESIAN_POINT('',(0.00815570607340864,-0.0315042102626463,0.130928622946523));
#4564=CARTESIAN_POINT('',(0.0474043670638115,-0.00388469891035605,0.16));
#4565=CARTESIAN_POINT('',(0.0474043670638115,-0.00388469891035605,0.151581060497144));
#4566=CARTESIAN_POINT('',(0.00822362222501596,-0.0299822691926786,0.13712128568461));
#4567=CARTESIAN_POINT('',(0.00822362222501596,-0.0315842864283956,0.131142475966313));
#4568=CARTESIAN_POINT('',(0.00822362222501596,-0.0316003066007528,0.13108268786913));
#4569=CARTESIAN_POINT('',(0.00822362222501596,-0.03161632677311,0.131022899771947));
#4570=CARTESIAN_POINT('',(0.00822362222501596,-0.0316323469454671,0.130963111674764));
#4571=CARTESIAN_POINT('',(0.0474753086240711,-0.0039632943546397,0.16));
#4572=CARTESIAN_POINT('',(0.0474753086240711,-0.0039632943546397,0.151584850820314));
#4573=CARTESIAN_POINT('',(0.00825614640084049,-0.030046312125615,0.137135468754925));
#4574=CARTESIAN_POINT('',(0.00825614640084049,-0.0316475850658706,0.131159436785106));
#4575=CARTESIAN_POINT('',(0.00825614640084049,-0.0316635977952731,0.131099676465408));
#4576=CARTESIAN_POINT('',(0.00825614640084049,-0.0316796105246757,0.13103991614571));
#4577=CARTESIAN_POINT('',(0.00825614640084049,-0.0316956232540783,0.130980155826012));
#4578=CARTESIAN_POINT('',(0.0476291509986301,-0.00414054984771486,0.16));
#4579=CARTESIAN_POINT('',(0.0476291509986301,-0.00414054984771486,0.151592340541652));
#4580=CARTESIAN_POINT('',(0.00831861404186962,-0.030173174946043,0.137162700156941));
#4581=CARTESIAN_POINT('',(0.00831861404186962,-0.0317727575392317,0.131192976648258));
#4582=CARTESIAN_POINT('',(0.00831861404186962,-0.0317887533651635,0.131133279413171));
#4583=CARTESIAN_POINT('',(0.00831861404186962,-0.0318047491910954,0.131073582178084));
#4584=CARTESIAN_POINT('',(0.00831861404186962,-0.0318207450170273,0.131013884942998));
#4585=CARTESIAN_POINT('',(0.0477120474335128,-0.0042392157427969,0.16));
#4586=CARTESIAN_POINT('',(0.0477120474335128,-0.0042392157427969,0.151596039939821));
#4587=CARTESIAN_POINT('',(0.00834855747640604,-0.0302359949330037,0.137175748515293));
#4588=CARTESIAN_POINT('',(0.00834855747640604,-0.0318346314745867,0.131209555719269));
#4589=CARTESIAN_POINT('',(0.00834855747640604,-0.0318506178400026,0.131149893791309));
#4590=CARTESIAN_POINT('',(0.00834855747640604,-0.0318666042054184,0.131090231863349));
#4591=CARTESIAN_POINT('',(0.00834855747640604,-0.0318825905708342,0.131030569935388));
#4592=CARTESIAN_POINT('',(0.0478858645588025,-0.00445579527216701,0.16));
#4593=CARTESIAN_POINT('',(0.0478858645588025,-0.00445579527216701,0.151603414967624));
#4594=CARTESIAN_POINT('',(0.00840612339227922,-0.0303605882707155,0.137200751515922));
#4595=CARTESIAN_POINT('',(0.00840612339227922,-0.0319571293914001,0.131242378937154));
#4596=CARTESIAN_POINT('',(0.00840612339227922,-0.031973094802607,0.131182795211366));
#4597=CARTESIAN_POINT('',(0.00840612339227922,-0.0319890602138139,0.131123211485578));
#4598=CARTESIAN_POINT('',(0.00840612339227922,-0.0320050256250207,0.131063627759791));
#4599=CARTESIAN_POINT('',(0.0479767807344449,-0.00457371351682948,0.16));
#4600=CARTESIAN_POINT('',(0.0479767807344449,-0.00457371351682948,0.151607096473577));
#4601=CARTESIAN_POINT('',(0.00843374584425472,-0.0304223625643435,0.137212702987594));
#4602=CARTESIAN_POINT('',(0.00843374584425472,-0.0320177534599236,0.131258623107356));
#4603=CARTESIAN_POINT('',(0.00843374584425472,-0.0320337073688794,0.131199082308554));
#4604=CARTESIAN_POINT('',(0.00843374584425472,-0.0320496612778352,0.131139541509752));
#4605=CARTESIAN_POINT('',(0.00843374584425472,-0.032065615186791,0.131080000710949));
#4606=CARTESIAN_POINT('',(0.0481626834822238,-0.00482772905093409,0.16));
#4607=CARTESIAN_POINT('',(0.0481626834822238,-0.00482772905093409,0.151614508746068));
#4608=CARTESIAN_POINT('',(0.0084869031883317,-0.030545055167238,0.137235574365685));
#4609=CARTESIAN_POINT('',(0.0084869031883317,-0.0321379450613751,0.131290828349902));
#4610=CARTESIAN_POINT('',(0.0084869031883317,-0.0321538739603165,0.131231380889745));
#4611=CARTESIAN_POINT('',(0.0084869031883317,-0.0321698028592578,0.131171933429587));
#4612=CARTESIAN_POINT('',(0.0084869031883317,-0.0321857317581992,0.131112485969429));
#4613=CARTESIAN_POINT('',(0.0482576654020218,-0.00496382953805155,0.16));
#4614=CARTESIAN_POINT('',(0.0482576654020218,-0.00496382953805155,0.151618239512604));
#4615=CARTESIAN_POINT('',(0.00851243805401213,-0.0306059735526249,0.1372464942925));
#4616=CARTESIAN_POINT('',(0.00851243805401213,-0.0321975126704235,0.131306789442642));
#4617=CARTESIAN_POINT('',(0.00851243805401213,-0.0322134280616015,0.131247392394143));
#4618=CARTESIAN_POINT('',(0.00851243805401213,-0.0322293434527795,0.131187995345645));
#4619=CARTESIAN_POINT('',(0.00851243805401213,-0.0322452588439575,0.131128598297146));
#4620=CARTESIAN_POINT('',(0.0484478645564896,-0.00525277129468272,0.16));
#4621=CARTESIAN_POINT('',(0.0484478645564896,-0.00525277129468272,0.151625811582738));
#4622=CARTESIAN_POINT('',(0.0085616280976107,-0.0307271594077862,0.137267375441188));
#4623=CARTESIAN_POINT('',(0.0085616280976107,-0.0323158008997507,0.131338484678164));
#4624=CARTESIAN_POINT('',(0.0085616280976107,-0.0323316873146703,0.131279195770534));
#4625=CARTESIAN_POINT('',(0.0085616280976107,-0.0323475737295899,0.131219906862904));
#4626=CARTESIAN_POINT('',(0.0085616280976107,-0.0323634601445096,0.131160617955274));
#4627=CARTESIAN_POINT('',(0.0485430771321817,-0.00540561425610095,0.16));
#4628=CARTESIAN_POINT('',(0.0485430771321817,-0.00540561425610095,0.151629655065751));
#4629=CARTESIAN_POINT('',(0.00858528325341605,-0.0307874273513437,0.137277335161268));
#4630=CARTESIAN_POINT('',(0.00858528325341605,-0.0323745215866268,0.131354218838792));
#4631=CARTESIAN_POINT('',(0.00858528325341605,-0.0323903925289796,0.131294987675567));
#4632=CARTESIAN_POINT('',(0.00858528325341605,-0.0324062634713324,0.131235756512342));
#4633=CARTESIAN_POINT('',(0.00858528325341605,-0.0324221344136853,0.131176525349117));
#4634=CARTESIAN_POINT('',(0.048730161586011,-0.00572615950983432,0.16));
#4635=CARTESIAN_POINT('',(0.048730161586011,-0.00572615950983432,0.15163750370273));
#4636=CARTESIAN_POINT('',(0.00863089696131249,-0.0309075205556847,0.137296412921472));
#4637=CARTESIAN_POINT('',(0.00863089696131249,-0.032491339511739,0.131385520107487));
#4638=CARTESIAN_POINT('',(0.00863089696131249,-0.0325071777012995,0.131326411179347));
#4639=CARTESIAN_POINT('',(0.00863089696131249,-0.03252301589086,0.131267302251207));
#4640=CARTESIAN_POINT('',(0.00863089696131249,-0.0325388540804206,0.131208193323068));
#4641=CARTESIAN_POINT('',(0.0488220290261095,-0.00589386199095327,0.16));
#4642=CARTESIAN_POINT('',(0.0488220290261095,-0.00589386199095327,0.151641508856695));
#4643=CARTESIAN_POINT('',(0.00865285549673987,-0.0309673458749254,0.13730553097726));
#4644=CARTESIAN_POINT('',(0.00865285549673987,-0.0325494368084321,0.131401087231218));
#4645=CARTESIAN_POINT('',(0.00865285549673987,-0.0325652577177672,0.131342042793758));
#4646=CARTESIAN_POINT('',(0.00865285549673987,-0.0325810786271022,0.131282998356298));
#4647=CARTESIAN_POINT('',(0.00865285549673987,-0.0325968995364373,0.131223953918837));
#4648=CARTESIAN_POINT('',(0.0489992436830346,-0.00624177354204328,0.16));
#4649=CARTESIAN_POINT('',(0.0489992436830346,-0.00624177354204328,0.151649727610631));
#4650=CARTESIAN_POINT('',(0.00869523484579545,-0.0310867733719808,0.137323048721456));
#4651=CARTESIAN_POINT('',(0.00869523484579545,-0.0326652436161891,0.131432117571835));
#4652=CARTESIAN_POINT('',(0.00869523484579545,-0.0326810283186312,0.131373208260339));
#4653=CARTESIAN_POINT('',(0.00869523484579545,-0.0326968130210733,0.131314298948842));
#4654=CARTESIAN_POINT('',(0.00869523484579545,-0.0327125977235154,0.131255389637346));
#4655=CARTESIAN_POINT('',(0.0490845869645251,-0.00642198140464953,0.16));
#4656=CARTESIAN_POINT('',(0.0490845869645251,-0.00642198140464953,0.151653941851458));
#4657=CARTESIAN_POINT('',(0.00871565564915516,-0.0311463755445191,0.137331448636217));
#4658=CARTESIAN_POINT('',(0.00871565564915516,-0.0327229531789179,0.131447580802564));
#4659=CARTESIAN_POINT('',(0.00871565564915516,-0.0327387189552619,0.131388742124227));
#4660=CARTESIAN_POINT('',(0.00871565564915516,-0.0327544847316059,0.131329903445891));
#4661=CARTESIAN_POINT('',(0.00871565564915516,-0.03277025050795,0.131271064767554));
#4662=CARTESIAN_POINT('',(0.0492460969980385,-0.00679209548709162,0.16));
#4663=CARTESIAN_POINT('',(0.0492460969980385,-0.00679209548709162,0.151662601322835));
#4664=CARTESIAN_POINT('',(0.0087550946213869,-0.0312655735029824,0.137347705715707));
#4665=CARTESIAN_POINT('',(0.0087550946213869,-0.0328382306580765,0.13147846931001));
#4666=CARTESIAN_POINT('',(0.0087550946213869,-0.0328539572296273,0.131419776945953));
#4667=CARTESIAN_POINT('',(0.0087550946213869,-0.0328696838011783,0.131361084581896));
#4668=CARTESIAN_POINT('',(0.0087550946213869,-0.0328854103727293,0.131302392217839));
#4669=CARTESIAN_POINT('',(0.0493222606089342,-0.00698199931462308,0.16));
#4670=CARTESIAN_POINT('',(0.0493222606089342,-0.00698199931462308,0.151667046553384));
#4671=CARTESIAN_POINT('',(0.00877411278716414,-0.0313251693351033,0.137355562892815));
#4672=CARTESIAN_POINT('',(0.00877411278716414,-0.0328957986207019,0.131493894599105));
#4673=CARTESIAN_POINT('',(0.00877411278716414,-0.032911504913558,0.131435277916168));
#4674=CARTESIAN_POINT('',(0.00877411278716414,-0.032927211206414,0.131376661233231));
#4675=CARTESIAN_POINT('',(0.00877411278716414,-0.0329429174992699,0.131318044550294));
#4676=CARTESIAN_POINT('',(0.0494633854898883,-0.00736829652653522,0.16));
#4677=CARTESIAN_POINT('',(0.0494633854898883,-0.00736829652653522,0.151676189266211));
#4678=CARTESIAN_POINT('',(0.00881085798029876,-0.031444580495017,0.137370912104512));
#4679=CARTESIAN_POINT('',(0.00881085798029876,-0.0330110480525736,0.131524775591303));
#4680=CARTESIAN_POINT('',(0.00881085798029876,-0.0330267127281491,0.131466314226171));
#4681=CARTESIAN_POINT('',(0.00881085798029876,-0.0330423774037247,0.131407852861039));
#4682=CARTESIAN_POINT('',(0.00881085798029876,-0.0330580420793002,0.131349391495907));
#4683=CARTESIAN_POINT('',(0.0495283446725348,-0.00756468663802415,0.16));
#4684=CARTESIAN_POINT('',(0.0495283446725348,-0.00756468663802415,0.151680886814187));
#4685=CARTESIAN_POINT('',(0.0088285850123675,-0.031504395442605,0.137378405726202));
#4686=CARTESIAN_POINT('',(0.0088285850123675,-0.0330687295638585,0.13154023130567));
#4687=CARTESIAN_POINT('',(0.0088285850123675,-0.033084372905071,0.131481849561465));
#4688=CARTESIAN_POINT('',(0.0088285850123675,-0.0331000162462836,0.13142346781726));
#4689=CARTESIAN_POINT('',(0.0088285850123675,-0.0331156595874961,0.131365086073054));
#4690=CARTESIAN_POINT('',(0.0496457447746497,-0.00796043330035056,0.16));
#4691=CARTESIAN_POINT('',(0.0496457447746497,-0.00796043330035056,0.151690526920153));
#4692=CARTESIAN_POINT('',(0.00886283582101548,-0.0316244666506326,0.137393251386641));
#4693=CARTESIAN_POINT('',(0.00886283582101548,-0.0331844689411896,0.131571243578359));
#4694=CARTESIAN_POINT('',(0.00886283582101548,-0.0332000689640952,0.131513023500276));
#4695=CARTESIAN_POINT('',(0.00886283582101548,-0.0332156689870008,0.131454803422193));
#4696=CARTESIAN_POINT('',(0.00886283582101548,-0.0332312690099063,0.13139658334411));
#4697=CARTESIAN_POINT('',(0.0496981848537234,-0.00815978607251275,0.16));
#4698=CARTESIAN_POINT('',(0.0496981848537234,-0.00815978607251275,0.151695469478144));
#4699=CARTESIAN_POINT('',(0.00887935961061498,-0.0316847229502721,0.137400603435894));
#4700=CARTESIAN_POINT('',(0.00887935961061498,-0.0332425268464355,0.131586800147183));
#4701=CARTESIAN_POINT('',(0.00887935961061498,-0.0332581048853971,0.131528662114296));
#4702=CARTESIAN_POINT('',(0.00887935961061498,-0.0332736829243588,0.131470524081409));
#4703=CARTESIAN_POINT('',(0.00887935961061498,-0.0332892609633205,0.131412386048522));
#4704=CARTESIAN_POINT('',(0.0497899853119848,-0.00855772791735928,0.16));
#4705=CARTESIAN_POINT('',(0.0497899853119848,-0.00855772791735928,0.151705592231029));
#4706=CARTESIAN_POINT('',(0.00891126794000072,-0.0318059060059055,0.137415388096169));
#4707=CARTESIAN_POINT('',(0.00891126794000072,-0.0333592883416642,0.131618086295537));
#4708=CARTESIAN_POINT('',(0.00891126794000072,-0.0333748221650218,0.131560113277531));
#4709=CARTESIAN_POINT('',(0.00891126794000072,-0.0333903559883795,0.131502140259524));
#4710=CARTESIAN_POINT('',(0.00891126794000072,-0.033405889811737,0.131444167241518));
#4711=CARTESIAN_POINT('',(0.0498293462024326,-0.00875631311864547,0.16));
#4712=CARTESIAN_POINT('',(0.0498293462024326,-0.00875631311864547,0.151710771945986));
#4713=CARTESIAN_POINT('',(0.00892665250150007,-0.0318668322098858,0.137422822918146));
#4714=CARTESIAN_POINT('',(0.00892665250150007,-0.0334179919693504,0.131633815885168));
#4715=CARTESIAN_POINT('',(0.00892665250150007,-0.033433503566945,0.131575925814839));
#4716=CARTESIAN_POINT('',(0.00892665250150007,-0.0334490151645397,0.131518035744509));
#4717=CARTESIAN_POINT('',(0.00892665250150007,-0.0334645267621343,0.131460145674179));
#4718=CARTESIAN_POINT('',(0.0498951865874004,-0.00914889904991215,0.16));
#4719=CARTESIAN_POINT('',(0.0498951865874004,-0.00914889904991215,0.15172133392477));
#4720=CARTESIAN_POINT('',(0.00895632198350541,-0.0319895820896822,0.137438024544872));
#4721=CARTESIAN_POINT('',(0.00895632198350541,-0.0335363195730375,0.131665521671019));
#4722=CARTESIAN_POINT('',(0.00895632198350541,-0.0335517869478711,0.13160779664228));
#4723=CARTESIAN_POINT('',(0.00895632198350541,-0.0335672543227047,0.131550071613542));
#4724=CARTESIAN_POINT('',(0.00895632198350541,-0.0335827216975382,0.131492346584803));
#4725=CARTESIAN_POINT('',(0.0499216679529175,-0.00934289622906706,0.16));
#4726=CARTESIAN_POINT('',(0.0499216679529175,-0.00934289622906706,0.151726716188598));
#4727=CARTESIAN_POINT('',(0.00897060693468798,-0.0320514058030939,0.137445791359694));
#4728=CARTESIAN_POINT('',(0.00897060693468798,-0.0335959435866343,0.131681497877311));
#4729=CARTESIAN_POINT('',(0.00897060693468798,-0.0336113889644697,0.131623854942488));
#4730=CARTESIAN_POINT('',(0.00897060693468798,-0.0336268343423051,0.131566212007664));
#4731=CARTESIAN_POINT('',(0.00897060693468798,-0.0336422797201405,0.13150856907284));
#4732=CARTESIAN_POINT('',(0.0499626715392863,-0.00972250764446924,0.16));
#4733=CARTESIAN_POINT('',(0.0499626715392863,-0.00972250764446924,0.151737649136969));
#4734=CARTESIAN_POINT('',(0.00899809162313268,-0.0321761831062984,0.137461905119371));
#4735=CARTESIAN_POINT('',(0.00899809162313268,-0.0337163908353512,0.131713771620336));
#4736=CARTESIAN_POINT('',(0.00899809162313268,-0.0337317929126418,0.131656290285345));
#4737=CARTESIAN_POINT('',(0.00899809162313268,-0.0337471949899322,0.131598808950355));
#4738=CARTESIAN_POINT('',(0.00899809162313268,-0.0337625970672228,0.131541327615365));
#4739=CARTESIAN_POINT('',(0.0499771969099692,-0.00990811902472028,0.16));
#4740=CARTESIAN_POINT('',(0.0499771969099692,-0.00990811902472028,0.151743198871439));
#4741=CARTESIAN_POINT('',(0.009011291400192,-0.032239136216288,0.137470254010658));
#4742=CARTESIAN_POINT('',(0.009011291400192,-0.0337772141094169,0.131730069167503));
#4743=CARTESIAN_POINT('',(0.009011291400192,-0.0337925948883481,0.131672667319071));
#4744=CARTESIAN_POINT('',(0.009011291400192,-0.0338079756672795,0.131615265470639));
#4745=CARTESIAN_POINT('',(0.009011291400192,-0.0338233564462107,0.131557863622208));
#4746=CARTESIAN_POINT('',(0.0499958590000526,-0.010267280183121,0.16));
#4747=CARTESIAN_POINT('',(0.0499958590000526,-0.010267280183121,0.151754410294122));
#4748=CARTESIAN_POINT('',(0.00903659392911481,-0.0323664055218714,0.137487789336695));
#4749=CARTESIAN_POINT('',(0.00903659392911481,-0.0339003418195964,0.131763061138011));
#4750=CARTESIAN_POINT('',(0.00903659392911481,-0.0339156811825737,0.131705813856024));
#4751=CARTESIAN_POINT('',(0.00903659392911481,-0.033931020545551,0.131648566574037));
#4752=CARTESIAN_POINT('',(0.00903659392911481,-0.0339463599085282,0.131591319292051));
#4753=CARTESIAN_POINT('',(0.05,-0.0104408280992625,0.16));
#4754=CARTESIAN_POINT('',(0.05,-0.0104408280992625,0.151760071982334));
#4755=CARTESIAN_POINT('',(0.00904869672993346,-0.0324307217593089,0.137496975782657));
#4756=CARTESIAN_POINT('',(0.00904869672993346,-0.033962646297554,0.131779755572565));
#4757=CARTESIAN_POINT('',(0.00904869672993346,-0.0339779655429365,0.131722583370464));
#4758=CARTESIAN_POINT('',(0.00904869672993346,-0.033993284788319,0.131665411168363));
#4759=CARTESIAN_POINT('',(0.00904869672993346,-0.0340086040337014,0.131608238966262));
#4760=CARTESIAN_POINT('',(0.05,-0.0109429497333976,0.16));
#4761=CARTESIAN_POINT('',(0.05,-0.0109429497333976,0.15177730791992));
#4762=CARTESIAN_POINT('',(0.00908363456344981,-0.0326279550071681,0.137526454340253));
#4763=CARTESIAN_POINT('',(0.00908363456344981,-0.0341540370624412,0.131831038573455));
#4764=CARTESIAN_POINT('',(0.00908363456344981,-0.034169297882994,0.131774084415787));
#4765=CARTESIAN_POINT('',(0.00908363456344981,-0.0341845587035467,0.131717130258119));
#4766=CARTESIAN_POINT('',(0.00908363456344981,-0.0341998195240994,0.131660176100451));
#4767=CARTESIAN_POINT('',(0.05,-0.0112864687539449,0.16));
#4768=CARTESIAN_POINT('',(0.05,-0.0112864687539449,0.15178879955874));
#4769=CARTESIAN_POINT('',(0.00910387759574788,-0.032759267848542,0.137545694861028));
#4770=CARTESIAN_POINT('',(0.00910387759574788,-0.0342813637415583,0.131865155654299));
#4771=CARTESIAN_POINT('',(0.00910387759574788,-0.0342965847004885,0.131808350262232));
#4772=CARTESIAN_POINT('',(0.00910387759574788,-0.0343118056594187,0.131751544870165));
#4773=CARTESIAN_POINT('',(0.00910387759574788,-0.0343270266183488,0.131694739478097));
#4774=CARTESIAN_POINT('',(0.05,-0.0119828846921524,0.16));
#4775=CARTESIAN_POINT('',(0.05,-0.0119828846921524,0.151811655963133));
#4776=CARTESIAN_POINT('',(0.00913846378805004,-0.0330208827189211,0.137583565302844));
#4777=CARTESIAN_POINT('',(0.00913846378805004,-0.0345349213490797,0.131933096210469));
#4778=CARTESIAN_POINT('',(0.00913846378805004,-0.0345500617353814,0.131876591519546));
#4779=CARTESIAN_POINT('',(0.00913846378805004,-0.0345652021216829,0.131820086828622));
#4780=CARTESIAN_POINT('',(0.00913846378805004,-0.0345803425079845,0.131763582137698));
#4781=CARTESIAN_POINT('',(0.05,-0.0123357816098126,0.16));
#4782=CARTESIAN_POINT('',(0.05,-0.0123357816098126,0.151823020161261));
#4783=CARTESIAN_POINT('',(0.00915280687848728,-0.0331511853675335,0.137602195389908));
#4784=CARTESIAN_POINT('',(0.00915280687848728,-0.0346611528970913,0.131966919851818));
#4785=CARTESIAN_POINT('',(0.00915280687848728,-0.0346762525723869,0.131910567096438));
#4786=CARTESIAN_POINT('',(0.00915280687848728,-0.0346913522476825,0.131854214341057));
#4787=CARTESIAN_POINT('',(0.00915280687848728,-0.0347064519229781,0.131797861585676));
#4788=CARTESIAN_POINT('',(0.05,-0.013045989229463,0.16));
#4789=CARTESIAN_POINT('',(0.05,-0.013045989229463,0.151845601891123));
#4790=CARTESIAN_POINT('',(0.0091758536895446,-0.0334114204911591,0.13763925729869));
#4791=CARTESIAN_POINT('',(0.0091758536895446,-0.0349132210501081,0.132034461309857));
#4792=CARTESIAN_POINT('',(0.0091758536895446,-0.0349282390556976,0.131978413349969));
#4793=CARTESIAN_POINT('',(0.0091758536895446,-0.0349432570612871,0.13192236539008));
#4794=CARTESIAN_POINT('',(0.0091758536895446,-0.0349582750668765,0.131866317430192));
#4795=CARTESIAN_POINT('',(0.05,-0.0134032999314534,0.16));
#4796=CARTESIAN_POINT('',(0.05,-0.0134032999314534,0.151856819119879));
#4797=CARTESIAN_POINT('',(0.00918455738925295,-0.0335413534627395,0.137657689582744));
#4798=CARTESIAN_POINT('',(0.00918455738925295,-0.0350390582340008,0.132068179281659));
#4799=CARTESIAN_POINT('',(0.00918455738925295,-0.0350540352817134,0.132012284178648));
#4800=CARTESIAN_POINT('',(0.00918455738925295,-0.035069012329426,0.131956389075637));
#4801=CARTESIAN_POINT('',(0.00918455738925295,-0.0350839893771386,0.131900493972626));
#4802=CARTESIAN_POINT('',(0.05,-0.014117371006981,0.16));
#4803=CARTESIAN_POINT('',(0.05,-0.014117371006981,0.15187909332388));
#4804=CARTESIAN_POINT('',(0.0091964274999235,-0.0338015134348789,0.137694772522475));
#4805=CARTESIAN_POINT('',(0.0091964274999235,-0.0352910615274636,0.132135703360632));
#4806=CARTESIAN_POINT('',(0.0091964274999235,-0.0353059570083894,0.132080112669014));
#4807=CARTESIAN_POINT('',(0.0091964274999235,-0.0353208524893152,0.132024521977395));
#4808=CARTESIAN_POINT('',(0.0091964274999235,-0.035335747970241,0.131968931285777));
#4809=CARTESIAN_POINT('',(0.05,-0.0144741313805182,0.16));
#4810=CARTESIAN_POINT('',(0.05,-0.0144741313805182,0.151890150299125));
#4811=CARTESIAN_POINT('',(0.00919959394479277,-0.0339317410005763,0.13771342332958));
#4812=CARTESIAN_POINT('',(0.00919959394479277,-0.0354172282021719,0.132169509619232));
#4813=CARTESIAN_POINT('',(0.00919959394479277,-0.0354320830741879,0.132114070482128));
#4814=CARTESIAN_POINT('',(0.00919959394479277,-0.0354469379462039,0.132058631345025));
#4815=CARTESIAN_POINT('',(0.00919959394479277,-0.0354617928182198,0.132003192207921));
#4816=CARTESIAN_POINT('',(0.05,-0.0151821376863571,0.16));
#4817=CARTESIAN_POINT('',(0.05,-0.0151821376863571,0.151912091014939));
#4818=CARTESIAN_POINT('',(0.0092003330296201,-0.0341931605347566,0.137751360947393));
#4819=CARTESIAN_POINT('',(0.0092003330296201,-0.0356706203525381,0.132237405841291));
#4820=CARTESIAN_POINT('',(0.0092003330296201,-0.0356853949507159,0.13218226629023));
#4821=CARTESIAN_POINT('',(0.0092003330296201,-0.0357001695488937,0.132127126739169));
#4822=CARTESIAN_POINT('',(0.0092003330296201,-0.0357149441470715,0.132071987188108));
#4823=CARTESIAN_POINT('',(0.05,-0.0155333836186586,0.16));
#4824=CARTESIAN_POINT('',(0.05,-0.0155333836186586,0.151922975348356));
#4825=CARTESIAN_POINT('',(0.00919790575922054,-0.0343243530931766,0.137770647870432));
#4826=CARTESIAN_POINT('',(0.00919790575922054,-0.0357978464066976,0.132271495959759));
#4827=CARTESIAN_POINT('',(0.00919790575922054,-0.0358125813398328,0.132216504440652));
#4828=CARTESIAN_POINT('',(0.00919790575922054,-0.035827316272968,0.132161512921546));
#4829=CARTESIAN_POINT('',(0.00919790575922054,-0.0358420512061032,0.132106521402439));
#4830=CARTESIAN_POINT('',(0.05,-0.0162253969292428,0.16));
#4831=CARTESIAN_POINT('',(0.05,-0.0162253969292428,0.151944563455408));
#4832=CARTESIAN_POINT('',(0.0091872404454585,-0.0345883629258973,0.13781026873436));
#4833=CARTESIAN_POINT('',(0.0091872404454585,-0.0360540761500323,0.132340152512562));
#4834=CARTESIAN_POINT('',(0.0091872404454585,-0.0360687332822737,0.132285451350345));
#4835=CARTESIAN_POINT('',(0.0091872404454585,-0.036083390414515,0.132230750188127));
#4836=CARTESIAN_POINT('',(0.0091872404454585,-0.0360980475467563,0.132176049025909));
#4837=CARTESIAN_POINT('',(0.05,-0.0165661643075255,0.16));
#4838=CARTESIAN_POINT('',(0.05,-0.0165661643075255,0.151955267229043));
#4839=CARTESIAN_POINT('',(0.00917900254312607,-0.0347211808195802,0.137830602841211));
#4840=CARTESIAN_POINT('',(0.00917900254312607,-0.0361830804585897,0.132374719112861));
#4841=CARTESIAN_POINT('',(0.00917900254312607,-0.0361976994549798,0.132320160275577));
#4842=CARTESIAN_POINT('',(0.00917900254312607,-0.0362123184513699,0.132265601438294));
#4843=CARTESIAN_POINT('',(0.00917900254312607,-0.0362269374477599,0.13221104260101));
#4844=CARTESIAN_POINT('',(0.05,-0.0172322563972891,0.16));
#4845=CARTESIAN_POINT('',(0.05,-0.0172322563972891,0.151976485705733));
#4846=CARTESIAN_POINT('',(0.00915633506316212,-0.0349890727122315,0.137872721428412));
#4847=CARTESIAN_POINT('',(0.00915633506316212,-0.0364435566439676,0.13244451349638));
#4848=CARTESIAN_POINT('',(0.00915633506316212,-0.0364581014832849,0.13239023141706));
#4849=CARTESIAN_POINT('',(0.00915633506316212,-0.0364726463226023,0.13233594933774));
#4850=CARTESIAN_POINT('',(0.00915633506316212,-0.0364871911619196,0.132281667258419));
#4851=CARTESIAN_POINT('',(0.05,-0.0175575811087702,0.16));
#4852=CARTESIAN_POINT('',(0.05,-0.0175575811087702,0.151986999892419));
#4853=CARTESIAN_POINT('',(0.00914190566797817,-0.0351241471367278,0.137894507074312));
#4854=CARTESIAN_POINT('',(0.00914190566797817,-0.0365750292091984,0.132479741464061));
#4855=CARTESIAN_POINT('',(0.00914190566797817,-0.0365895380299231,0.132425593807958));
#4856=CARTESIAN_POINT('',(0.00914190566797817,-0.0366040468506478,0.132371446151856));
#4857=CARTESIAN_POINT('',(0.00914190566797817,-0.0366185556713725,0.132317298495753));
#4858=CARTESIAN_POINT('',(0.05,-0.0181878237521474,0.16));
#4859=CARTESIAN_POINT('',(0.05,-0.0181878237521474,0.152007831479583));
#4860=CARTESIAN_POINT('',(0.00910630546857328,-0.0353971361141845,0.137939915242723));
#4861=CARTESIAN_POINT('',(0.00910630546857328,-0.0368410834347449,0.132551030478939));
#4862=CARTESIAN_POINT('',(0.00910630546857328,-0.0368555229079505,0.132497141631301));
#4863=CARTESIAN_POINT('',(0.00910630546857328,-0.0368699623811561,0.132443252783663));
#4864=CARTESIAN_POINT('',(0.00910630546857328,-0.0368844018543616,0.132389363936025));
#4865=CARTESIAN_POINT('',(0.05,-0.0184927416840437,0.16));
#4866=CARTESIAN_POINT('',(0.05,-0.0184927416840437,0.152018148880062));
#4867=CARTESIAN_POINT('',(0.00908513487192056,-0.0355350514534599,0.137963537975925));
#4868=CARTESIAN_POINT('',(0.00908513487192056,-0.0369756658813752,0.132587091736829));
#4869=CARTESIAN_POINT('',(0.00908513487192056,-0.0369900720256543,0.132533327274438));
#4870=CARTESIAN_POINT('',(0.00908513487192056,-0.0370044781699334,0.132479562812047));
#4871=CARTESIAN_POINT('',(0.00908513487192056,-0.0370188843142126,0.132425798349656));
#4872=CARTESIAN_POINT('',(0.05,-0.0189121734154693,0.16));
#4873=CARTESIAN_POINT('',(0.05,-0.0189121734154693,0.152032811091343));
#4874=CARTESIAN_POINT('',(0.00904939162920601,-0.0357354039632955,0.137999023536756));
#4875=CARTESIAN_POINT('',(0.00904939162920601,-0.0371714687081155,0.132639556946129));
#4876=CARTESIAN_POINT('',(0.00904939162920601,-0.0371858293555637,0.132585962280223));
#4877=CARTESIAN_POINT('',(0.00904939162920601,-0.0372001900030118,0.132532367614317));
#4878=CARTESIAN_POINT('',(0.00904939162920601,-0.0372145506504601,0.132478772948411));
#4879=CARTESIAN_POINT('',(0.049997587847871,-0.0190336230095704,0.16));
#4880=CARTESIAN_POINT('',(0.049997587847871,-0.0190336230095704,0.152037316956234));
#4881=CARTESIAN_POINT('',(0.00903763428111309,-0.0357975851384391,0.138010420971376));
#4882=CARTESIAN_POINT('',(0.00903763428111309,-0.0372323338929979,0.132655865723266));
#4883=CARTESIAN_POINT('',(0.00903763428111309,-0.0372466813805435,0.132602320170785));
#4884=CARTESIAN_POINT('',(0.00903763428111309,-0.0372610288680891,0.132548774618304));
#4885=CARTESIAN_POINT('',(0.00903763428111309,-0.0372753763556347,0.132495229065823));
#4886=CARTESIAN_POINT('',(0.049989074759572,-0.0192666114493779,0.16));
#4887=CARTESIAN_POINT('',(0.049989074759572,-0.0192666114493779,0.152046412719134));
#4888=CARTESIAN_POINT('',(0.00901219561400603,-0.035924249635297,0.138034276601795));
#4889=CARTESIAN_POINT('',(0.00901219561400603,-0.0373564773850501,0.132689129871707));
#4890=CARTESIAN_POINT('',(0.00901219561400603,-0.0373707996625475,0.132635678404406));
#4891=CARTESIAN_POINT('',(0.00901219561400603,-0.0373851219400451,0.132582226937105));
#4892=CARTESIAN_POINT('',(0.00901219561400603,-0.0373994442175426,0.132528775469804));
#4893=CARTESIAN_POINT('',(0.0499829722330767,-0.0193781514428667,0.16));
#4894=CARTESIAN_POINT('',(0.0499829722330767,-0.0193781514428667,0.152051002617142));
#4895=CARTESIAN_POINT('',(0.00899851413889207,-0.0359887328759676,0.138046734775879));
#4896=CARTESIAN_POINT('',(0.00899851413889207,-0.0374197556111758,0.132706085221296));
#4897=CARTESIAN_POINT('',(0.00899851413889207,-0.0374340658385279,0.13265267872575));
#4898=CARTESIAN_POINT('',(0.00899851413889207,-0.03744837606588,0.132599272230204));
#4899=CARTESIAN_POINT('',(0.00899851413889207,-0.037462686293232,0.132545865734658));
#4900=CARTESIAN_POINT('',(0.0499678850933718,-0.0195929720961474,0.16));
#4901=CARTESIAN_POINT('',(0.0499678850933718,-0.0195929720961474,0.152060231840315));
#4902=CARTESIAN_POINT('',(0.00896917642319663,-0.0361194609429665,0.138072500765723));
#4903=CARTESIAN_POINT('',(0.00896917642319663,-0.0375481680556407,0.132740493232088));
#4904=CARTESIAN_POINT('',(0.00896917642319663,-0.0375624551267674,0.132687173156752));
#4905=CARTESIAN_POINT('',(0.00896917642319663,-0.0375767421978941,0.132633853081415));
#4906=CARTESIAN_POINT('',(0.00896917642319663,-0.0375910292690209,0.132580533006079));
#4907=CARTESIAN_POINT('',(0.0499588991214659,-0.0196962535779363,0.16));
#4908=CARTESIAN_POINT('',(0.0499588991214659,-0.0196962535779363,0.15206487067675));
#4909=CARTESIAN_POINT('',(0.00895352006133401,-0.0361857056748123,0.138085808565604));
#4910=CARTESIAN_POINT('',(0.00895352006133401,-0.0376133021818565,0.132757945868607));
#4911=CARTESIAN_POINT('',(0.00895352006133401,-0.037627578146927,0.132704667241637));
#4912=CARTESIAN_POINT('',(0.00895352006133401,-0.0376418541119974,0.132651388614667));
#4913=CARTESIAN_POINT('',(0.00895352006133401,-0.0376561300770678,0.132598109987697));
#4914=CARTESIAN_POINT('',(0.0499385709184898,-0.0198962392009061,0.16));
#4915=CARTESIAN_POINT('',(0.0499385709184898,-0.0198962392009061,0.152074172492218));
#4916=CARTESIAN_POINT('',(0.00892022419852889,-0.0363194206128866,0.138113055320702));
#4917=CARTESIAN_POINT('',(0.00892022419852889,-0.0377448716062869,0.132793199789632));
#4918=CARTESIAN_POINT('',(0.00892022419852889,-0.0377591261162208,0.132740001234321));
#4919=CARTESIAN_POINT('',(0.00892022419852889,-0.0377733806261549,0.132686802679011));
#4920=CARTESIAN_POINT('',(0.00892022419852889,-0.0377876351360889,0.1326336041237));
#4921=CARTESIAN_POINT('',(0.0499272275897503,-0.01999294393925,0.16));
#4922=CARTESIAN_POINT('',(0.0499272275897503,-0.01999294393925,0.152078835471251));
#4923=CARTESIAN_POINT('',(0.00890258461155451,-0.0363868907196055,0.138126994249255));
#4924=CARTESIAN_POINT('',(0.00890258461155451,-0.037811306804992,0.132811001047474));
#4925=CARTESIAN_POINT('',(0.00890258461155451,-0.0378255509658458,0.132757841115456));
#4926=CARTESIAN_POINT('',(0.00890258461155451,-0.0378397951266996,0.132704681183439));
#4927=CARTESIAN_POINT('',(0.00890258461155451,-0.0378540392875535,0.132651521251421));
#4928=CARTESIAN_POINT('',(0.0499024665762573,-0.0201814677389563,0.16));
#4929=CARTESIAN_POINT('',(0.0499024665762573,-0.0201814677389563,0.152088161264815));
#4930=CARTESIAN_POINT('',(0.00886535945686367,-0.0365225255002921,0.138155286150925));
#4931=CARTESIAN_POINT('',(0.00886535945686367,-0.0379449287536085,0.132846804940697));
#4932=CARTESIAN_POINT('',(0.00886535945686367,-0.0379591527861417,0.132793720128595));
#4933=CARTESIAN_POINT('',(0.00886535945686367,-0.0379733768186749,0.132740635316492));
#4934=CARTESIAN_POINT('',(0.00886535945686367,-0.037987600851208,0.13268755050439));
#4935=CARTESIAN_POINT('',(0.0498890480701035,-0.0202732872570221,0.16));
#4936=CARTESIAN_POINT('',(0.0498890480701035,-0.0202732872570221,0.152092824181204));
#4937=CARTESIAN_POINT('',(0.00884577383838481,-0.0365906901690698,0.138169638732687));
#4938=CARTESIAN_POINT('',(0.00884577383838481,-0.0380121154008388,0.132864807548565));
#4939=CARTESIAN_POINT('',(0.00884577383838481,-0.0380263296531565,0.132811759236723));
#4940=CARTESIAN_POINT('',(0.00884577383838481,-0.0380405439054742,0.132758710924882));
#4941=CARTESIAN_POINT('',(0.00884577383838481,-0.0380547581577919,0.132705662613041));
#4942=CARTESIAN_POINT('',(0.0498602035158166,-0.0204537264597087,0.16));
#4943=CARTESIAN_POINT('',(0.0498602035158166,-0.0204537264597087,0.152102136806481));
#4944=CARTESIAN_POINT('',(0.00880474136253174,-0.0367271931420934,0.138198536598436));
#4945=CARTESIAN_POINT('',(0.00880474136253174,-0.0381466988749532,0.132900869081768));
#4946=CARTESIAN_POINT('',(0.00880474136253174,-0.0381608939322818,0.132847892406601));
#4947=CARTESIAN_POINT('',(0.00880474136253174,-0.0381750889896104,0.132794915731435));
#4948=CARTESIAN_POINT('',(0.00880474136253174,-0.038189284046939,0.132741939056268));
#4949=CARTESIAN_POINT('',(0.0498447769280556,-0.0205423465316576,0.16));
#4950=CARTESIAN_POINT('',(0.0498447769280556,-0.0205423465316576,0.152106786515367));
#4951=CARTESIAN_POINT('',(0.00878329448921821,-0.0367955313450503,0.138213081855284));
#4952=CARTESIAN_POINT('',(0.00878329448921821,-0.0382140956005483,0.132918927979964));
#4953=CARTESIAN_POINT('',(0.00878329448921821,-0.0382282812431033,0.132865986441211));
#4954=CARTESIAN_POINT('',(0.00878329448921821,-0.0382424668856583,0.132813044902457));
#4955=CARTESIAN_POINT('',(0.00878329448921821,-0.0382566525282133,0.132760103363704));
#4956=CARTESIAN_POINT('',(0.0498117883650164,-0.0207180544737477,0.16));
#4957=CARTESIAN_POINT('',(0.0498117883650164,-0.0207180544737477,0.152116059478922));
#4958=CARTESIAN_POINT('',(0.00873867282735218,-0.0369318715866237,0.1382421474916));
#4959=CARTESIAN_POINT('',(0.00873867282735218,-0.0383485691867946,0.132954960068802));
#4960=CARTESIAN_POINT('',(0.00873867282735218,-0.0383627361627963,0.132902088194574));
#4961=CARTESIAN_POINT('',(0.00873867282735218,-0.0383769031387979,0.132849216320346));
#4962=CARTESIAN_POINT('',(0.00873867282735218,-0.0383910701147996,0.132796344446118));
#4963=CARTESIAN_POINT('',(0.049794226130306,-0.020805142723375,0.16));
#4964=CARTESIAN_POINT('',(0.049794226130306,-0.020805142723375,0.152120682756354));
#4965=CARTESIAN_POINT('',(0.00871549805674448,-0.0369998736022474,0.138256667576254));
#4966=CARTESIAN_POINT('',(0.00871549805674448,-0.0384156459522891,0.132972933233947));
#4967=CARTESIAN_POINT('',(0.00871549805674448,-0.0384298036757895,0.132920095890524));
#4968=CARTESIAN_POINT('',(0.00871549805674448,-0.0384439613992899,0.132867258547101));
#4969=CARTESIAN_POINT('',(0.00871549805674448,-0.0384581191227903,0.132814421203678));
#4970=CARTESIAN_POINT('',(0.0497566557421047,-0.0209794251732319,0.16));
#4971=CARTESIAN_POINT('',(0.0497566557421047,-0.0209794251732319,0.152129900199912));
#4972=CARTESIAN_POINT('',(0.00866760247150874,-0.0371350469200266,0.138285465541569));
#4973=CARTESIAN_POINT('',(0.00866760247150874,-0.0385489638660629,0.133008655661279));
#4974=CARTESIAN_POINT('',(0.00866760247150874,-0.0385631030355233,0.132955887562476));
#4975=CARTESIAN_POINT('',(0.00866760247150874,-0.0385772422049836,0.132903119463673));
#4976=CARTESIAN_POINT('',(0.00866760247150874,-0.0385913813744439,0.132850351364871));
#4977=CARTESIAN_POINT('',(0.049736647601928,-0.0210666198009953,0.16));
#4978=CARTESIAN_POINT('',(0.049736647601928,-0.0210666198009953,0.152134494366037));
#4979=CARTESIAN_POINT('',(0.00864288170728509,-0.037202218137903,0.138299743399649));
#4980=CARTESIAN_POINT('',(0.00864288170728509,-0.0386152049300631,0.133026404900884));
#4981=CARTESIAN_POINT('',(0.00864288170728509,-0.0386293347979847,0.132973671515896));
#4982=CARTESIAN_POINT('',(0.00864288170728509,-0.0386434646659063,0.132920938130909));
#4983=CARTESIAN_POINT('',(0.00864288170728509,-0.0386575945338279,0.132868204745921));
#4984=CARTESIAN_POINT('',(0.0496936958428335,-0.0212427117914957,0.16));
#4985=CARTESIAN_POINT('',(0.0496936958428335,-0.0212427117914957,0.152143650884359));
#4986=CARTESIAN_POINT('',(0.00859212352231527,-0.0373352521691406,0.138327844679622));
#4987=CARTESIAN_POINT('',(0.00859212352231527,-0.0387463526909851,0.133061545837512));
#4988=CARTESIAN_POINT('',(0.00859212352231527,-0.0387604636962035,0.133008882849091));
#4989=CARTESIAN_POINT('',(0.00859212352231527,-0.038774574701422,0.13295621986067));
#4990=CARTESIAN_POINT('',(0.00859212352231527,-0.0387886857066404,0.132903556872249));
#4991=CARTESIAN_POINT('',(0.0496707524966188,-0.0213316096839313,0.16));
#4992=CARTESIAN_POINT('',(0.0496707524966188,-0.0213316096839313,0.152148213214026));
#4993=CARTESIAN_POINT('',(0.00856608618256424,-0.0374011149953839,0.138341667778178));
#4994=CARTESIAN_POINT('',(0.00856608618256424,-0.0388112593190915,0.133078937516097));
#4995=CARTESIAN_POINT('',(0.00856608618256424,-0.0388253607623286,0.133026310213476));
#4996=CARTESIAN_POINT('',(0.00856608618256424,-0.0388394622055657,0.132973682910855));
#4997=CARTESIAN_POINT('',(0.00856608618256424,-0.0388535636488027,0.132921055608234));
#4998=CARTESIAN_POINT('',(0.0496212573878497,-0.021512649474785,0.16));
#4999=CARTESIAN_POINT('',(0.0496212573878497,-0.021512649474785,0.152157313884204));
#5000=CARTESIAN_POINT('',(0.00851296977159267,-0.0375310741951521,0.138368651265183));
#5001=CARTESIAN_POINT('',(0.00851296977159267,-0.0389392587749541,0.133113234866927));
#5002=CARTESIAN_POINT('',(0.00851296977159267,-0.0389533406207521,0.133060680702944));
#5003=CARTESIAN_POINT('',(0.00851296977159267,-0.0389674224665501,0.133008126538962));
#5004=CARTESIAN_POINT('',(0.00851296977159267,-0.0389815043123482,0.132955572374979));
#5005=CARTESIAN_POINT('',(0.0495947061369457,-0.0216047920610749,0.16));
#5006=CARTESIAN_POINT('',(0.0495947061369457,-0.0216047920610749,0.152161852224715));
#5007=CARTESIAN_POINT('',(0.00848589080971935,-0.0375951705196,0.138381811640481));
#5008=CARTESIAN_POINT('',(0.00848589080971935,-0.0390023515536332,0.133130140526022));
#5009=CARTESIAN_POINT('',(0.00848589080971935,-0.0390164233639735,0.133077623814877));
#5010=CARTESIAN_POINT('',(0.00848589080971935,-0.0390304951743139,0.133025107103733));
#5011=CARTESIAN_POINT('',(0.00848589080971935,-0.0390445669846542,0.132972590392588));
#5012=CARTESIAN_POINT('',(0.0495371270499395,-0.0217937889576513,0.16));
#5013=CARTESIAN_POINT('',(0.0495371270499395,-0.0217937889576513,0.152170912786409));
#5014=CARTESIAN_POINT('',(0.00843100875288333,-0.0377211596055587,0.138407267670945));
#5015=CARTESIAN_POINT('',(0.00843100875288333,-0.0391262649787485,0.133163343028213));
#5016=CARTESIAN_POINT('',(0.00843100875288333,-0.0391403160324804,0.133110903781786));
#5017=CARTESIAN_POINT('',(0.00843100875288333,-0.0391543670862123,0.133058464535358));
#5018=CARTESIAN_POINT('',(0.00843100875288333,-0.0391684181399442,0.133006025288931));
#5019=CARTESIAN_POINT('',(0.0495060999345963,-0.0218906441751496,0.16));
#5020=CARTESIAN_POINT('',(0.0495060999345963,-0.0218906441751496,0.152175434984116));
#5021=CARTESIAN_POINT('',(0.00840320579311701,-0.037783052469445,0.138419562841983));
#5022=CARTESIAN_POINT('',(0.00840320579311701,-0.0391870855996703,0.133179639864472));
#5023=CARTESIAN_POINT('',(0.00840320579311701,-0.0392011259309725,0.133127240634697));
#5024=CARTESIAN_POINT('',(0.00840320579311701,-0.0392151662622747,0.133074841404922));
#5025=CARTESIAN_POINT('',(0.00840320579311701,-0.039229206593577,0.133022442175147));
#5026=CARTESIAN_POINT('',(0.0494384871042621,-0.0220904368199171,0.16));
#5027=CARTESIAN_POINT('',(0.0494384871042622,-0.0220904368199171,0.152184481894574));
#5028=CARTESIAN_POINT('',(0.00834723233403652,-0.03790421928526,0.138443094179059));
#5029=CARTESIAN_POINT('',(0.00834723233403652,-0.0393060186121426,0.133211507869117));
#5030=CARTESIAN_POINT('',(0.00834723233403652,-0.0393200366054114,0.133159192006018));
#5031=CARTESIAN_POINT('',(0.00834723233403652,-0.0393340545986802,0.133106876142919));
#5032=CARTESIAN_POINT('',(0.00834723233403652,-0.0393480725919491,0.133054560279819));
#5033=CARTESIAN_POINT('',(0.0494019022763606,-0.0221933754426901,0.16));
#5034=CARTESIAN_POINT('',(0.0494019022763606,-0.0221933754426901,0.152189006607325));
#5035=CARTESIAN_POINT('',(0.00831906199313358,-0.0379634932384902,0.138454330345447));
#5036=CARTESIAN_POINT('',(0.00831906199313358,-0.0393641310049947,0.133227079037852));
#5037=CARTESIAN_POINT('',(0.00831906199313358,-0.0393781373826597,0.133174806524776));
#5038=CARTESIAN_POINT('',(0.00831906199313358,-0.0393921437603248,0.133122534011701));
#5039=CARTESIAN_POINT('',(0.00831906199313358,-0.0394061501379898,0.133070261498625));
#5040=CARTESIAN_POINT('',(0.0493218538598991,-0.0224065768904113,0.16));
#5041=CARTESIAN_POINT('',(0.0493218538598991,-0.0224065768904113,0.152198077229196));
#5042=CARTESIAN_POINT('',(0.00826274494598315,-0.0380790292383162,0.138475556401306));
#5043=CARTESIAN_POINT('',(0.00826274494598315,-0.0394772340743229,0.13325738491394));
#5044=CARTESIAN_POINT('',(0.00826274494598315,-0.0394912161226829,0.133205203199067));
#5045=CARTESIAN_POINT('',(0.00826274494598315,-0.039505198171043,0.133153021484193));
#5046=CARTESIAN_POINT('',(0.00826274494598315,-0.039519180219403,0.133100839769319));
#5047=CARTESIAN_POINT('',(0.049278391264113,-0.0225168412775335,0.16));
#5048=CARTESIAN_POINT('',(0.049278391264113,-0.0225168412775335,0.152202623183377));
#5049=CARTESIAN_POINT('',(0.00823459841875111,-0.0381352915374419,0.138485545471116));
#5050=CARTESIAN_POINT('',(0.00823459841875111,-0.0395322247814973,0.133272119629519));
#5051=CARTESIAN_POINT('',(0.00823459841875111,-0.0395461941139379,0.133219985371103));
#5052=CARTESIAN_POINT('',(0.00823459841875111,-0.0395601634463785,0.133167851112687));
#5053=CARTESIAN_POINT('',(0.00823459841875111,-0.039574132778819,0.133115716854271));
#5054=CARTESIAN_POINT('',(0.0491830005472538,-0.0227457667052491,0.16));
#5055=CARTESIAN_POINT('',(0.0491830005472538,-0.0227457667052491,0.152211765836955));
#5056=CARTESIAN_POINT('',(0.00817874968227521,-0.0382444315905082,0.138504102650046));
#5057=CARTESIAN_POINT('',(0.00817874968227521,-0.039638693132026,0.133300647738063));
#5058=CARTESIAN_POINT('',(0.00817874968227521,-0.0396526357474411,0.133248613188943));
#5059=CARTESIAN_POINT('',(0.00817874968227521,-0.0396665783628564,0.133196578639823));
#5060=CARTESIAN_POINT('',(0.00817874968227521,-0.0396805209782716,0.133144544090703));
#5061=CARTESIAN_POINT('',(0.0491310734396236,-0.0228644297626503,0.16));
#5062=CARTESIAN_POINT('',(0.0491310734396236,-0.0228644297626503,0.152216362536351));
#5063=CARTESIAN_POINT('',(0.0081510476702354,-0.0382973094063692,0.138512670775758));
#5064=CARTESIAN_POINT('',(0.0081510476702354,-0.0396901708373006,0.133314441147619));
#5065=CARTESIAN_POINT('',(0.0081510476702354,-0.0397040994516098,0.133262458851338));
#5066=CARTESIAN_POINT('',(0.0081510476702354,-0.0397180280659192,0.133210476555056));
#5067=CARTESIAN_POINT('',(0.0081510476702354,-0.0397319566802285,0.133158494258775));
#5068=CARTESIAN_POINT('',(0.0490168698754303,-0.0231110021104603,0.16));
#5069=CARTESIAN_POINT('',(0.0490168698754303,-0.0231110021104603,0.152225636139074));
#5070=CARTESIAN_POINT('',(0.00809653250411984,-0.0383993281673711,0.138528218600228));
#5071=CARTESIAN_POINT('',(0.00809653250411984,-0.039789242593264,0.133340987344622));
#5072=CARTESIAN_POINT('',(0.00809653250411984,-0.039803141737523,0.133289115032066));
#5073=CARTESIAN_POINT('',(0.00809653250411984,-0.0398170408817819,0.13323724271951));
#5074=CARTESIAN_POINT('',(0.00809653250411984,-0.0398309400260408,0.133185370406954));
#5075=CARTESIAN_POINT('',(0.0489545943353585,-0.0232389139678393,0.16));
#5076=CARTESIAN_POINT('',(0.0489545943353585,-0.0232389139678393,0.152230313689425));
#5077=CARTESIAN_POINT('',(0.00806971956339688,-0.0384484695185093,0.138535197160365));
#5078=CARTESIAN_POINT('',(0.00806971956339688,-0.0398368367380985,0.133353740157295));
#5079=CARTESIAN_POINT('',(0.00806971956339688,-0.0398507204102943,0.133301925587264));
#5080=CARTESIAN_POINT('',(0.00806971956339688,-0.0398646040824902,0.133250111017234));
#5081=CARTESIAN_POINT('',(0.00806971956339688,-0.0398784877546862,0.133198296447203));
#5082=CARTESIAN_POINT('',(0.0488174835753355,-0.0235045422468657,0.16));
#5083=CARTESIAN_POINT('',(0.0488174835753355,-0.0235045422468657,0.152239788169811));
#5084=CARTESIAN_POINT('',(0.00801744477064151,-0.0385426774501166,0.138547418225625));
#5085=CARTESIAN_POINT('',(0.00801744477064151,-0.039927789201222,0.133378110796339));
#5086=CARTESIAN_POINT('',(0.00801744477064151,-0.039941640318733,0.133326417722046));
#5087=CARTESIAN_POINT('',(0.00801744477064151,-0.0399554914362441,0.133274724647753));
#5088=CARTESIAN_POINT('',(0.00801744477064151,-0.0399693425537552,0.13322303157346));
#5089=CARTESIAN_POINT('',(0.0487426490146852,-0.0236422618835793,0.16));
#5090=CARTESIAN_POINT('',(0.0487426490146852,-0.0236422618835793,0.152244585099847));
#5091=CARTESIAN_POINT('',(0.0079919831466296,-0.0385877441570852,0.138552660764643));
#5092=CARTESIAN_POINT('',(0.0079919831466296,-0.0399711476460106,0.133389728656605));
#5093=CARTESIAN_POINT('',(0.0079919831466296,-0.0399849816808998,0.133338099335525));
#5094=CARTESIAN_POINT('',(0.0079919831466296,-0.0399988157157891,0.133286470014444));
#5095=CARTESIAN_POINT('',(0.0079919831466296,-0.0400126497506784,0.133234840693364));
#5096=CARTESIAN_POINT('',(0.0485072630808899,-0.0240499622802999,0.16));
#5097=CARTESIAN_POINT('',(0.0485072630808899,-0.0240499622802999,0.152258513599612));
#5098=CARTESIAN_POINT('',(0.00792185034056601,-0.0387102083385486,0.138564956102906));
#5099=CARTESIAN_POINT('',(0.00792185034056601,-0.0400884821174088,0.13342116833346));
#5100=CARTESIAN_POINT('',(0.00792185034056601,-0.0401022648551973,0.133369730455766));
#5101=CARTESIAN_POINT('',(0.00792185034056601,-0.040116047592986,0.133318292578071));
#5102=CARTESIAN_POINT('',(0.00792185034056601,-0.0401298303307746,0.133266854700377));
#5103=CARTESIAN_POINT('',(0.0483420855881073,-0.0243360580900663,0.16));
#5104=CARTESIAN_POINT('',(0.0483420855881072,-0.0243360580900663,0.152267770166931));
#5105=CARTESIAN_POINT('',(0.00787705881891223,-0.0387861603078016,0.138570829071236));
#5106=CARTESIAN_POINT('',(0.00787705881891223,-0.040160814511538,0.133440549740054));
#5107=CARTESIAN_POINT('',(0.00787705881891223,-0.0401745610535753,0.133389246946742));
#5108=CARTESIAN_POINT('',(0.00787705881891223,-0.0401883075956126,0.13333794415343));
#5109=CARTESIAN_POINT('',(0.00787705881891223,-0.0402020541376501,0.133286641360118));
#5110=CARTESIAN_POINT('',(0.0479900963126796,-0.0249457213988263,0.16));
#5111=CARTESIAN_POINT('',(0.0479900963126796,-0.0249457213988263,0.152286612765654));
#5112=CARTESIAN_POINT('',(0.00778917681698844,-0.0389317058132286,0.138578866848497));
#5113=CARTESIAN_POINT('',(0.00778917681698844,-0.0402986197611201,0.133477474545392));
#5114=CARTESIAN_POINT('',(0.00778917681698844,-0.040312288900599,0.133426460622361));
#5115=CARTESIAN_POINT('',(0.00778917681698844,-0.0403259580400779,0.13337544669933));
#5116=CARTESIAN_POINT('',(0.00778917681698844,-0.0403396271795568,0.133324432776299));
#5117=CARTESIAN_POINT('',(0.0478032845300346,-0.02526928889782,0.16));
#5118=CARTESIAN_POINT('',(0.0478032845300346,-0.02526928889782,0.152296198797058));
#5119=CARTESIAN_POINT('',(0.00774608556949521,-0.0390012993900978,0.138581031668333));
#5120=CARTESIAN_POINT('',(0.00774608556949521,-0.0403640926572679,0.133495017955041));
#5121=CARTESIAN_POINT('',(0.00774608556949521,-0.0403777205899397,0.133444157817908));
#5122=CARTESIAN_POINT('',(0.00774608556949521,-0.0403913485226114,0.133393297680775));
#5123=CARTESIAN_POINT('',(0.00774608556949521,-0.040404976455283,0.133342437543642));
#5124=CARTESIAN_POINT('',(0.0474107654566765,-0.0259491518758161,0.16));
#5125=CARTESIAN_POINT('',(0.0474107654566765,-0.0259491518758161,0.152315622531462));
#5126=CARTESIAN_POINT('',(0.0076615809884534,-0.0391350118157592,0.138582169348898));
#5127=CARTESIAN_POINT('',(0.0076615809884534,-0.0404891324689521,0.133528522271604));
#5128=CARTESIAN_POINT('',(0.0076615809884534,-0.0405026736754839,0.133477985800831));
#5129=CARTESIAN_POINT('',(0.0076615809884534,-0.0405162148820159,0.133427449330058));
#5130=CARTESIAN_POINT('',(0.0076615809884534,-0.0405297560885478,0.133376912859285));
#5131=CARTESIAN_POINT('',(0.0472050581659634,-0.0263054473548185,0.16));
#5132=CARTESIAN_POINT('',(0.0472050581659634,-0.0263054473548185,0.152325459556656));
#5133=CARTESIAN_POINT('',(0.00762016700137781,-0.0391991304157285,0.138581143061571));
#5134=CARTESIAN_POINT('',(0.00762016700137781,-0.0405486993653193,0.133544483173381));
#5135=CARTESIAN_POINT('',(0.00762016700137781,-0.0405621950548152,0.133494116574499));
#5136=CARTESIAN_POINT('',(0.00762016700137781,-0.0405756907443111,0.133443749975617));
#5137=CARTESIAN_POINT('',(0.00762016700137781,-0.040589186433807,0.133393383376735));
#5138=CARTESIAN_POINT('',(0.046777486858263,-0.0270460225836143,0.16));
#5139=CARTESIAN_POINT('',(0.046777486858263,-0.0270460225836143,0.152345297302826));
#5140=CARTESIAN_POINT('',(0.00753887641264439,-0.039322727405052,0.138576408200093));
#5141=CARTESIAN_POINT('',(0.00753887641264439,-0.0406628332109044,0.133575065245134));
#5142=CARTESIAN_POINT('',(0.00753887641264439,-0.040676234268963,0.133525051815585));
#5143=CARTESIAN_POINT('',(0.00753887641264439,-0.0406896353270214,0.133475038386035));
#5144=CARTESIAN_POINT('',(0.00753887641264439,-0.04070303638508,0.133425024956486));
#5145=CARTESIAN_POINT('',(0.0465556228412757,-0.0274303023334077,0.16));
#5146=CARTESIAN_POINT('',(0.0465556228412757,-0.0274303023334077,0.152355298023802));
#5147=CARTESIAN_POINT('',(0.00749899926499266,-0.0393822057422994,0.138572699611981));
#5148=CARTESIAN_POINT('',(0.00749899926499266,-0.0407174001080154,0.133589686401149));
#5149=CARTESIAN_POINT('',(0.00749899926499266,-0.0407307520516726,0.13353985626904));
#5150=CARTESIAN_POINT('',(0.00749899926499266,-0.0407441039953298,0.133490026136932));
#5151=CARTESIAN_POINT('',(0.00749899926499266,-0.0407574559389869,0.133440196004824));
#5152=CARTESIAN_POINT('',(0.0460984768628211,-0.0282221023945667,0.16));
#5153=CARTESIAN_POINT('',(0.0460984768628211,-0.0282221023945667,0.152375376541335));
#5154=CARTESIAN_POINT('',(0.00742054239299803,-0.0394973108280539,0.138563095686296));
#5155=CARTESIAN_POINT('',(0.00742054239299803,-0.0408223936336557,0.133617819331555));
#5156=CARTESIAN_POINT('',(0.00742054239299803,-0.0408356444617117,0.133568366568007));
#5157=CARTESIAN_POINT('',(0.00742054239299803,-0.0408488952897677,0.13351891380446));
#5158=CARTESIAN_POINT('',(0.00742054239299803,-0.0408621461178238,0.133469461040912));
#5159=CARTESIAN_POINT('',(0.0458631949013539,-0.0286296227059324,0.16));
#5160=CARTESIAN_POINT('',(0.0458631949013539,-0.0286296227059324,0.152385451492198));
#5161=CARTESIAN_POINT('',(0.00738196222318526,-0.039552937326133,0.138557201030635));
#5162=CARTESIAN_POINT('',(0.00738196222318526,-0.0408728201990098,0.133631331089018));
#5163=CARTESIAN_POINT('',(0.00738196222318526,-0.0408860190277387,0.133582072389602));
#5164=CARTESIAN_POINT('',(0.00738196222318526,-0.0408992178564674,0.133532813690186));
#5165=CARTESIAN_POINT('',(0.00738196222318526,-0.0409124166851961,0.13348355499077));
#5166=CARTESIAN_POINT('',(0.0453819518157334,-0.0294631601810184,0.16));
#5167=CARTESIAN_POINT('',(0.0453819518157334,-0.0294631601810184,0.152405584197188));
#5168=CARTESIAN_POINT('',(0.00730577475520991,-0.039661083023658,0.138543707779354));
#5169=CARTESIAN_POINT('',(0.00730577475520991,-0.0409703481956355,0.133657463636954));
#5170=CARTESIAN_POINT('',(0.00730577475520991,-0.0409834408473553,0.13360860119553));
#5171=CARTESIAN_POINT('',(0.00730577475520991,-0.040996533499075,0.133559738754106));
#5172=CARTESIAN_POINT('',(0.00730577475520991,-0.0410096261507948,0.133510876312682));
#5173=CARTESIAN_POINT('',(0.0451359906915801,-0.0298891773447387,0.16));
#5174=CARTESIAN_POINT('',(0.0451359906915801,-0.0298891773447387,0.152415641951317));
#5175=CARTESIAN_POINT('',(0.00726816710485523,-0.0397136021665776,0.138536109168589));
#5176=CARTESIAN_POINT('',(0.00726816710485523,-0.0410174495703807,0.133670084412279));
#5177=CARTESIAN_POINT('',(0.00726816710485523,-0.0410304880444188,0.133621424164716));
#5178=CARTESIAN_POINT('',(0.00726816710485523,-0.0410435265184568,0.133572763917153));
#5179=CARTESIAN_POINT('',(0.00726816710485523,-0.0410565649924949,0.13352410366959));
#5180=CARTESIAN_POINT('',(0.0443861967477825,-0.0311878585506034,0.16));
#5181=CARTESIAN_POINT('',(0.0443861967477825,-0.0311878585506034,0.152445656547216));
#5182=CARTESIAN_POINT('',(0.00715620765415521,-0.0398675516206635,0.138511462389016));
#5183=CARTESIAN_POINT('',(0.00715620765415521,-0.041154924671599,0.13370692075463));
#5184=CARTESIAN_POINT('',(0.00715620765415521,-0.0411677984021083,0.133658875338286));
#5185=CARTESIAN_POINT('',(0.00715620765415521,-0.0411806721326177,0.133610829921942));
#5186=CARTESIAN_POINT('',(0.00715620765415521,-0.0411935458631271,0.133562784505598));
#5187=CARTESIAN_POINT('',(0.0438704533568005,-0.0320811523074523,0.16));
#5188=CARTESIAN_POINT('',(0.0438704533568005,-0.0320811523074523,0.152465447549651));
#5189=CARTESIAN_POINT('',(0.00708274687494899,-0.0399653933990975,0.138492571556985));
#5190=CARTESIAN_POINT('',(0.00708274687494899,-0.0412414895856459,0.133730115753442));
#5191=CARTESIAN_POINT('',(0.00708274687494899,-0.0412542505475114,0.133682491195406));
#5192=CARTESIAN_POINT('',(0.00708274687494899,-0.0412670115093769,0.133634866637371));
#5193=CARTESIAN_POINT('',(0.00708274687494899,-0.0412797724712423,0.133587242079335));
#5194=CARTESIAN_POINT('',(0.0428291153056215,-0.033884802719949,0.16));
#5195=CARTESIAN_POINT('',(0.0428291153056215,-0.033884802719949,0.152503940251871));
#5196=CARTESIAN_POINT('',(0.00693427296081436,-0.0401566358303464,0.138453432632979));
#5197=CARTESIAN_POINT('',(0.00693427296081436,-0.0414101364721403,0.133775304550484));
#5198=CARTESIAN_POINT('',(0.00693427296081436,-0.0414226714785582,0.133728523269659));
#5199=CARTESIAN_POINT('',(0.00693427296081436,-0.0414352064849761,0.133681741988834));
#5200=CARTESIAN_POINT('',(0.00693427296081436,-0.0414477414913941,0.133634960708009));
#5201=CARTESIAN_POINT('',(0.0423035206454246,-0.0347951593755969,0.16));
#5202=CARTESIAN_POINT('',(0.0423035206454246,-0.0347951593755969,0.152522637947244));
#5203=CARTESIAN_POINT('',(0.00685925611668872,-0.0402500371863619,0.13843318725599));
#5204=CARTESIAN_POINT('',(0.00685925611668872,-0.0414922197794296,0.133797298706384));
#5205=CARTESIAN_POINT('',(0.00685925611668872,-0.0415046416053603,0.133750939820888));
#5206=CARTESIAN_POINT('',(0.00685925611668872,-0.0415170634312909,0.133704580935392));
#5207=CARTESIAN_POINT('',(0.00685925611668872,-0.0415294852572217,0.133658222049896));
#5208=CARTESIAN_POINT('',(0.0412643903101688,-0.0365949859119461,0.16));
#5209=CARTESIAN_POINT('',(0.0412643903101688,-0.0365949859119461,0.15255842456796));
#5210=CARTESIAN_POINT('',(0.00670290950552693,-0.0404369066692432,0.138394617407748));
#5211=CARTESIAN_POINT('',(0.00670290950552693,-0.0416569289184934,0.133841432387182));
#5212=CARTESIAN_POINT('',(0.00670290950552693,-0.0416691291409859,0.133795900536976));
#5213=CARTESIAN_POINT('',(0.00670290950552693,-0.0416813293634784,0.133750368686771));
#5214=CARTESIAN_POINT('',(0.00670290950552693,-0.0416935295859709,0.133704836836565));
#5215=CARTESIAN_POINT('',(0.0407508546351098,-0.0374844557926475,0.16));
#5216=CARTESIAN_POINT('',(0.0407508546351098,-0.0374844557926475,0.152575512063667));
#5217=CARTESIAN_POINT('',(0.00662157993006362,-0.0405303793746662,0.138376295488498));
#5218=CARTESIAN_POINT('',(0.00662157993006362,-0.0417395596601206,0.133863573227671));
#5219=CARTESIAN_POINT('',(0.00662157993006362,-0.0417516514629752,0.133818446005063));
#5220=CARTESIAN_POINT('',(0.00662157993006362,-0.0417637432658298,0.133773318782455));
#5221=CARTESIAN_POINT('',(0.00662157993006362,-0.0417758350686843,0.133728191559846));
#5222=CARTESIAN_POINT('',(0.0400060280521392,-0.0387745332771805,0.16));
#5223=CARTESIAN_POINT('',(0.0400060280521392,-0.0387745332771805,0.152599693093432));
#5224=CARTESIAN_POINT('',(0.00649069211374797,-0.0406734872020764,0.138352451072801));
#5225=CARTESIAN_POINT('',(0.00649069211374797,-0.0418671199769104,0.133897752911541));
#5226=CARTESIAN_POINT('',(0.00649069211374797,-0.0418790563046588,0.133853205929929));
#5227=CARTESIAN_POINT('',(0.00649069211374797,-0.0418909926324071,0.133808658948316));
#5228=CARTESIAN_POINT('',(0.00649069211374797,-0.0419029289601554,0.133764111966703));
#5229=CARTESIAN_POINT('',(0.0397619986794187,-0.0391972045492716,0.16));
#5230=CARTESIAN_POINT('',(0.0397619986794187,-0.0391972045492716,0.152607512558371));
#5231=CARTESIAN_POINT('',(0.00644557440922237,-0.0407216666792408,0.138345107447744));
#5232=CARTESIAN_POINT('',(0.00644557440922237,-0.0419102361348111,0.133909305851231));
#5233=CARTESIAN_POINT('',(0.00644557440922237,-0.0419221218293668,0.133864947835266));
#5234=CARTESIAN_POINT('',(0.00644557440922237,-0.0419340075239225,0.133820589819301));
#5235=CARTESIAN_POINT('',(0.00644557440922237,-0.0419458932184782,0.133776231803336));
#5236=CARTESIAN_POINT('',(0.0392851710256443,-0.0400230942720626,0.16));
#5237=CARTESIAN_POINT('',(0.0392851710256443,-0.0400230942720626,0.152622653116964));
#5238=CARTESIAN_POINT('',(0.00635159137655977,-0.0408193713621266,0.138331952610198));
#5239=CARTESIAN_POINT('',(0.00635159137655977,-0.0419981071355914,0.133932850814929));
#5240=CARTESIAN_POINT('',(0.00635159137655977,-0.042009894493326,0.133888859796976));
#5241=CARTESIAN_POINT('',(0.00635159137655977,-0.0420216818510607,0.133844868779023));
#5242=CARTESIAN_POINT('',(0.00635159137655977,-0.0420334692087953,0.133800877761071));
#5243=CARTESIAN_POINT('',(0.0390523727445904,-0.0404263127227627,0.16));
#5244=CARTESIAN_POINT('',(0.0390523727445904,-0.0404263127227627,0.152629974210618));
#5245=CARTESIAN_POINT('',(0.00630272616735965,-0.0408688969491082,0.138326141499867));
#5246=CARTESIAN_POINT('',(0.00630272616735965,-0.042042862359731,0.133944842941094));
#5247=CARTESIAN_POINT('',(0.00630272616735965,-0.0420546020138373,0.133901029955506));
#5248=CARTESIAN_POINT('',(0.00630272616735965,-0.0420663416679435,0.133857216969918));
#5249=CARTESIAN_POINT('',(0.00630272616735965,-0.0420780813220497,0.133813403984331));
#5250=CARTESIAN_POINT('',(0.0386007460559435,-0.0412085530935531,0.16));
#5251=CARTESIAN_POINT('',(0.0386007460559435,-0.0412085530935531,0.152644101411987));
#5252=CARTESIAN_POINT('',(0.00620042196801791,-0.0409696162700449,0.138316356435001));
#5253=CARTESIAN_POINT('',(0.00620042196801791,-0.0421343884992744,0.133969367296271));
#5254=CARTESIAN_POINT('',(0.00620042196801791,-0.0421460362215667,0.133925897404884));
#5255=CARTESIAN_POINT('',(0.00620042196801791,-0.0421576839438589,0.133882427513496));
#5256=CARTESIAN_POINT('',(0.00620042196801791,-0.0421693316661512,0.133838957622109));
#5257=CARTESIAN_POINT('',(0.0383819176483506,-0.0415875750136436,0.16));
#5258=CARTESIAN_POINT('',(0.0383819176483506,-0.0415875750136436,0.152650908898124));
#5259=CARTESIAN_POINT('',(0.00614698310638118,-0.041020810795469,0.13831238142732));
#5260=CARTESIAN_POINT('',(0.00614698310638118,-0.0421811598898424,0.133981899652603));
#5261=CARTESIAN_POINT('',(0.00614698310638118,-0.0421927633807861,0.133938594834855));
#5262=CARTESIAN_POINT('',(0.00614698310638118,-0.0422043668717299,0.133895290017108));
#5263=CARTESIAN_POINT('',(0.00614698310638118,-0.0422159703626736,0.133851985199361));
#5264=CARTESIAN_POINT('',(0.0379609694884194,-0.042316678613997,0.16));
#5265=CARTESIAN_POINT('',(0.0379609694884194,-0.042316678613997,0.152664010323246));
#5266=CARTESIAN_POINT('',(0.00603464608212037,-0.0411251117560115,0.138306534949761));
#5267=CARTESIAN_POINT('',(0.00603464608212037,-0.0422770123914583,0.134007583253003));
#5268=CARTESIAN_POINT('',(0.00603464608212037,-0.0422885313978128,0.133964593736035));
#5269=CARTESIAN_POINT('',(0.00603464608212037,-0.0423000504041672,0.133921604219068));
#5270=CARTESIAN_POINT('',(0.00603464608212037,-0.0423115694105217,0.1338786147021));
#5271=CARTESIAN_POINT('',(0.0377588497360812,-0.0426667602942599,0.16));
#5272=CARTESIAN_POINT('',(0.0377588497360812,-0.0426667602942599,0.15267030426223));
#5273=CARTESIAN_POINT('',(0.00597574803791902,-0.04117821876976,0.138304663634926));
#5274=CARTESIAN_POINT('',(0.00597574803791902,-0.0423260940811364,0.134020734652115));
#5275=CARTESIAN_POINT('',(0.00597574803791902,-0.0423375728342502,0.133977895362287));
#5276=CARTESIAN_POINT('',(0.00597574803791902,-0.0423490515873639,0.133935056072459));
#5277=CARTESIAN_POINT('',(0.00597574803791902,-0.0423605303404777,0.133892216782631));
#5278=CARTESIAN_POINT('',(0.0374354147602972,-0.0432269661052627,0.16));
#5279=CARTESIAN_POINT('',(0.0374354147602972,-0.0432269661052627,0.152680452170455));
#5280=CARTESIAN_POINT('',(0.00587134896178491,-0.0412692248263886,0.138303489555303));
#5281=CARTESIAN_POINT('',(0.00587134896178491,-0.0424107103680142,0.134043407517851));
#5282=CARTESIAN_POINT('',(0.00587134896178491,-0.0424221252234305,0.134000806697476));
#5283=CARTESIAN_POINT('',(0.00587134896178491,-0.0424335400788468,0.133958205877102));
#5284=CARTESIAN_POINT('',(0.00587134896178491,-0.042444954934263,0.133915605056727));
#5285=CARTESIAN_POINT('',(0.0373000193993358,-0.0434409465495431,0.16));
#5286=CARTESIAN_POINT('',(0.0373000193993358,-0.0434409465495431,0.152684652879417));
#5287=CARTESIAN_POINT('',(0.0058268394352237,-0.0413071326120384,0.138303804218176));
#5288=CARTESIAN_POINT('',(0.0058268394352237,-0.0424461574792445,0.134052905542679));
#5289=CARTESIAN_POINT('',(0.0058268394352237,-0.0424575477279166,0.134010396555924));
#5290=CARTESIAN_POINT('',(0.0058268394352237,-0.0424689379765887,0.133967887569169));
#5291=CARTESIAN_POINT('',(0.0058268394352237,-0.0424803282252608,0.133925378582414));
#5292=CARTESIAN_POINT('',(0.0370233017551426,-0.0438457474069645,0.16));
#5293=CARTESIAN_POINT('',(0.0370233017551426,-0.0438457474069645,0.15269317346641));
#5294=CARTESIAN_POINT('',(0.00573374943515286,-0.0413844404438437,0.138305758093465));
#5295=CARTESIAN_POINT('',(0.00573374943515286,-0.0425187751370967,0.134072363385457));
#5296=CARTESIAN_POINT('',(0.00573374943515286,-0.0425301184840292,0.134030029438377));
#5297=CARTESIAN_POINT('',(0.00573374943515286,-0.0425414618309617,0.133987695491297));
#5298=CARTESIAN_POINT('',(0.00573374943515286,-0.0425528051778942,0.133945361544216));
#5299=CARTESIAN_POINT('',(0.0368819743301045,-0.0440365724966859,0.16));
#5300=CARTESIAN_POINT('',(0.0368819743301045,-0.0440365724966859,0.15269749334444));
#5301=CARTESIAN_POINT('',(0.00568516878312304,-0.0414238402388479,0.138307397238584));
#5302=CARTESIAN_POINT('',(0.00568516878312304,-0.0425559454325675,0.134082323136111));
#5303=CARTESIAN_POINT('',(0.00568516878312304,-0.0425672664845047,0.134040072395086));
#5304=CARTESIAN_POINT('',(0.00568516878312304,-0.0425785875364418,0.133997821654061));
#5305=CARTESIAN_POINT('',(0.00568516878312304,-0.042589908588379,0.133955570913036));
#5306=CARTESIAN_POINT('',(0.036595202510774,-0.044397845282146,0.16));
#5307=CARTESIAN_POINT('',(0.036595202510774,-0.044397845282146,0.152706192824402));
#5308=CARTESIAN_POINT('',(0.00558431865441711,-0.041503569162518,0.13831174893247));
#5309=CARTESIAN_POINT('',(0.00558431865441711,-0.0426314214545313,0.134102546875244));
#5310=CARTESIAN_POINT('',(0.00558431865441711,-0.0426426999774514,0.134060454854671));
#5311=CARTESIAN_POINT('',(0.00558431865441711,-0.0426539785003716,0.134018362834099));
#5312=CARTESIAN_POINT('',(0.00558431865441711,-0.0426652570232917,0.133976270813527));
#5313=CARTESIAN_POINT('',(0.0364497534184844,-0.0445682962192802,0.16));
#5314=CARTESIAN_POINT('',(0.0364497534184844,-0.0445682962192802,0.15271057269729));
#5315=CARTESIAN_POINT('',(0.00553204905240242,-0.0415438980568974,0.13831446141846));
#5316=CARTESIAN_POINT('',(0.00553204905240242,-0.042669726946738,0.134112810800946));
#5317=CARTESIAN_POINT('',(0.00553204905240242,-0.0426809852356363,0.134070794294771));
#5318=CARTESIAN_POINT('',(0.00553204905240242,-0.0426922435245347,0.134028777788596));
#5319=CARTESIAN_POINT('',(0.00553204905240242,-0.0427035018134332,0.133986761282421));
#5320=CARTESIAN_POINT('',(0.0361557313502422,-0.044891444609146,0.16));
#5321=CARTESIAN_POINT('',(0.0361557313502422,-0.044891444609146,0.152719359811897));
#5322=CARTESIAN_POINT('',(0.00542423627635147,-0.0416249486678222,0.138320715726163));
#5323=CARTESIAN_POINT('',(0.00542423627635147,-0.0427469117731527,0.134133492412852));
#5324=CARTESIAN_POINT('',(0.00542423627635147,-0.0427581314042061,0.134091620179719));
#5325=CARTESIAN_POINT('',(0.00542423627635147,-0.0427693510352593,0.134049747946586));
#5326=CARTESIAN_POINT('',(0.00542423627635147,-0.0427805706663127,0.134007875713453));
#5327=CARTESIAN_POINT('',(0.0360071542301532,-0.0450441443066471,0.16));
#5328=CARTESIAN_POINT('',(0.0360071542301532,-0.0450441443066471,0.152723767053617));
#5329=CARTESIAN_POINT('',(0.00536869302858684,-0.0416656701705015,0.138324257490572));
#5330=CARTESIAN_POINT('',(0.00536869302858684,-0.0427857908934947,0.13414391004175));
#5331=CARTESIAN_POINT('',(0.00536869302858684,-0.0427969921007246,0.134102106567262));
#5332=CARTESIAN_POINT('',(0.00536869302858684,-0.0428081933079545,0.134060303092774));
#5333=CARTESIAN_POINT('',(0.00536869302858684,-0.0428193945151845,0.134018499618285));
#5334=CARTESIAN_POINT('',(0.0357071852847105,-0.0453341747558996,0.16));
#5335=CARTESIAN_POINT('',(0.0357071852847105,-0.0453341747558997,0.152732576008903));
#5336=CARTESIAN_POINT('',(0.00525478432255129,-0.0417470026389947,0.138331935170364));
#5337=CARTESIAN_POINT('',(0.00525478432255129,-0.0428635945396234,0.134164757465898));
#5338=CARTESIAN_POINT('',(0.00525478432255129,-0.0428747604586297,0.134123085688854));
#5339=CARTESIAN_POINT('',(0.00525478432255129,-0.042885926377636,0.134081413911809));
#5340=CARTESIAN_POINT('',(0.00525478432255129,-0.0428970922966422,0.134039742134764));
#5341=CARTESIAN_POINT('',(0.0355557898848739,-0.0454715071188479,0.16));
#5342=CARTESIAN_POINT('',(0.0355557898848739,-0.0454715071188479,0.152736978102255));
#5343=CARTESIAN_POINT('',(0.00519641883930893,-0.041787614572985,0.138336066715945));
#5344=CARTESIAN_POINT('',(0.00519641883930893,-0.0429025188762798,0.134175187210471));
#5345=CARTESIAN_POINT('',(0.00519641883930893,-0.0429136679193127,0.134133578415417));
#5346=CARTESIAN_POINT('',(0.00519641883930893,-0.0429248169623457,0.134091969620362));
#5347=CARTESIAN_POINT('',(0.00519641883930893,-0.0429359660053786,0.134050360825307));
#5348=CARTESIAN_POINT('',(0.0352499254222743,-0.0457328915831069,0.16));
#5349=CARTESIAN_POINT('',(0.0352499254222743,-0.0457328915831069,0.152745768124627));
#5350=CARTESIAN_POINT('',(0.0050773546008237,-0.0418682628051487,0.138344702844352));
#5351=CARTESIAN_POINT('',(0.0050773546008237,-0.0429799237333755,0.13419592777942));
#5352=CARTESIAN_POINT('',(0.0050773546008237,-0.0429910403426578,0.134154440028771));
#5353=CARTESIAN_POINT('',(0.0050773546008237,-0.04300215695194,0.134112952278122));
#5354=CARTESIAN_POINT('',(0.0050773546008237,-0.0430132735612223,0.134071464527472));
#5355=CARTESIAN_POINT('',(0.0350954533069835,-0.0458569449549017,0.16));
#5356=CARTESIAN_POINT('',(0.0350954533069835,-0.0458569449549017,0.152750156053647));
#5357=CARTESIAN_POINT('',(0.00501665586532297,-0.0419082989436683,0.1383492073844));
#5358=CARTESIAN_POINT('',(0.00501665586532297,-0.043018404094161,0.134206238561017));
#5359=CARTESIAN_POINT('',(0.00501665586532297,-0.0430295051456659,0.134164808872783));
#5360=CARTESIAN_POINT('',(0.00501665586532297,-0.0430406061971708,0.13412337918455));
#5361=CARTESIAN_POINT('',(0.00501665586532297,-0.0430517072486757,0.134081949496316));
#5362=CARTESIAN_POINT('',(0.0347827074901296,-0.0460935221288827,0.16));
#5363=CARTESIAN_POINT('',(0.0347827074901296,-0.0460935221288827,0.152758908351609));
#5364=CARTESIAN_POINT('',(0.00489345169929695,-0.0419873726368197,0.13835838894076));
#5365=CARTESIAN_POINT('',(0.00489345169929695,-0.0430944762433468,0.134226622031958));
#5366=CARTESIAN_POINT('',(0.00489345169929695,-0.0431055472794121,0.13418530436287));
#5367=CARTESIAN_POINT('',(0.00489345169929695,-0.0431166183154773,0.134143986693782));
#5368=CARTESIAN_POINT('',(0.00489345169929695,-0.0431276893515425,0.134102669024694));
#5369=CARTESIAN_POINT('',(0.0346244311668762,-0.0462060470918367,0.16));
#5370=CARTESIAN_POINT('',(0.0346244311668762,-0.0462060470918367,0.152763273080279));
#5371=CARTESIAN_POINT('',(0.00483094632812539,-0.0420264105506903,0.138363064115061));
#5372=CARTESIAN_POINT('',(0.00483094632812539,-0.0431320679064187,0.13423669468772));
#5373=CARTESIAN_POINT('',(0.00483094632812539,-0.043143124479976,0.134195430993447));
#5374=CARTESIAN_POINT('',(0.00483094632812539,-0.0431541810535332,0.134154167299174));
#5375=CARTESIAN_POINT('',(0.00483094632812539,-0.0431652376270906,0.1341129036049));
#5376=CARTESIAN_POINT('',(0.0343029647668175,-0.046420944532454,0.16));
#5377=CARTESIAN_POINT('',(0.0343029647668175,-0.046420944532454,0.15277199065813));
#5378=CARTESIAN_POINT('',(0.00470469189880041,-0.0421031100866068,0.138372412577275));
#5379=CARTESIAN_POINT('',(0.00470469189880041,-0.0432059666632114,0.134256495799925));
#5380=CARTESIAN_POINT('',(0.00470469189880041,-0.0432169952289775,0.134215336632151));
#5381=CARTESIAN_POINT('',(0.00470469189880041,-0.0432280237947436,0.134174177464378));
#5382=CARTESIAN_POINT('',(0.00470469189880041,-0.0432390523605096,0.134133018296604));
#5383=CARTESIAN_POINT('',(0.0341397723762112,-0.0465233182387733,0.16));
#5384=CARTESIAN_POINT('',(0.0341397723762112,-0.0465233182387733,0.152776343507313));
#5385=CARTESIAN_POINT('',(0.0046409429336276,-0.0421407716223218,0.138377085842055));
#5386=CARTESIAN_POINT('',(0.0046409429336276,-0.0432422736706014,0.134266224233234));
#5387=CARTESIAN_POINT('',(0.0046409429336276,-0.0432532886910842,0.134225115617146));
#5388=CARTESIAN_POINT('',(0.0046409429336276,-0.043264303711567,0.134184007001058));
#5389=CARTESIAN_POINT('',(0.0046409429336276,-0.0432753187320498,0.13414289838497));
#5390=CARTESIAN_POINT('',(0.0338070509529677,-0.0467188814521445,0.16));
#5391=CARTESIAN_POINT('',(0.0338070509529677,-0.0467188814521445,0.152785048287325));
#5392=CARTESIAN_POINT('',(0.00451279844615725,-0.0422143916769759,0.138386273659964));
#5393=CARTESIAN_POINT('',(0.00451279844615725,-0.0433132590711848,0.134285244713995));
#5394=CARTESIAN_POINT('',(0.00451279844615725,-0.0433242477451269,0.134244234424535));
#5395=CARTESIAN_POINT('',(0.00451279844615725,-0.043335236419069,0.134203224135076));
#5396=CARTESIAN_POINT('',(0.00451279844615725,-0.0433462250930111,0.134162213845616));
#5397=CARTESIAN_POINT('',(0.0336375197647912,-0.0468120723866619,0.16));
#5398=CARTESIAN_POINT('',(0.0336375197647912,-0.0468120723866619,0.152789400672492));
#5399=CARTESIAN_POINT('',(0.00444840304382001,-0.042250350432789,0.13839078715674));
#5400=CARTESIAN_POINT('',(0.00444840304382001,-0.0433479374212969,0.134294536749902));
#5401=CARTESIAN_POINT('',(0.00444840304382001,-0.0433589132911819,0.134253574245834));
#5402=CARTESIAN_POINT('',(0.00444840304382001,-0.043369889161067,0.134212611741766));
#5403=CARTESIAN_POINT('',(0.00444840304382001,-0.0433808650309521,0.134171649237697));
#5404=CARTESIAN_POINT('',(0.0332904535642667,-0.0469897901745047,0.16));
#5405=CARTESIAN_POINT('',(0.0332904535642667,-0.0469897901745047,0.152798133294434));
#5406=CARTESIAN_POINT('',(0.00431959371297729,-0.042320285228631,0.138399538748095));
#5407=CARTESIAN_POINT('',(0.00431959371297729,-0.0434153753719603,0.134312606694322));
#5408=CARTESIAN_POINT('',(0.00431959371297729,-0.0434263262733936,0.134271737373784));
#5409=CARTESIAN_POINT('',(0.00431959371297729,-0.0434372771748269,0.134230868053247));
#5410=CARTESIAN_POINT('',(0.00431959371297729,-0.0434482280762601,0.134189998732709));
#5411=CARTESIAN_POINT('',(0.0331129163788786,-0.0470743187419443,0.16));
#5412=CARTESIAN_POINT('',(0.0331129163788786,-0.0470743187419443,0.15280251353121));
#5413=CARTESIAN_POINT('',(0.00425517992436402,-0.0423542612724667,0.138403776843693));
#5414=CARTESIAN_POINT('',(0.00425517992436402,-0.0434481349763186,0.134321384603854));
#5415=CARTESIAN_POINT('',(0.00425517992436402,-0.0434590737133571,0.134280560681456));
#5416=CARTESIAN_POINT('',(0.00425517992436402,-0.0434700124503956,0.134239736759057));
#5417=CARTESIAN_POINT('',(0.00425517992436402,-0.0434809511874341,0.134198912836659));
#5418=CARTESIAN_POINT('',(0.0327479909200375,-0.0472347369261049,0.16));
#5419=CARTESIAN_POINT('',(0.0327479909200375,-0.0472347369261049,0.152811329717659));
#5420=CARTESIAN_POINT('',(0.00412698882733695,-0.0424200048976503,0.138411877638265));
#5421=CARTESIAN_POINT('',(0.00412698882733695,-0.0435114998123263,0.134338363160491));
#5422=CARTESIAN_POINT('',(0.00412698882733695,-0.0435224147614731,0.134297628015713));
#5423=CARTESIAN_POINT('',(0.00412698882733695,-0.0435333297106199,0.134256892870935));
#5424=CARTESIAN_POINT('',(0.00412698882733695,-0.0435442446597666,0.134216157726158));
#5425=CARTESIAN_POINT('',(0.0325606002517595,-0.0473106285877569,0.16));
#5426=CARTESIAN_POINT('',(0.0325606002517595,-0.0473106285877569,0.152815766390803));
#5427=CARTESIAN_POINT('',(0.0040632116715959,-0.0424517729097807,0.13841573894388));
#5428=CARTESIAN_POINT('',(0.0040632116715959,-0.0435421050975617,0.134346563821954));
#5429=CARTESIAN_POINT('',(0.0040632116715959,-0.0435530084194395,0.134305872070735));
#5430=CARTESIAN_POINT('',(0.0040632116715959,-0.0435639117413172,0.134265180319515));
#5431=CARTESIAN_POINT('',(0.0040632116715959,-0.0435748150631951,0.134224488568296));
#5432=CARTESIAN_POINT('',(0.0321740081672571,-0.0474532468464907,0.16));
#5433=CARTESIAN_POINT('',(0.0321740081672571,-0.0474532468464907,0.152824736639759));
#5434=CARTESIAN_POINT('',(0.00393697140561475,-0.0425129188317067,0.138423036202641));
#5435=CARTESIAN_POINT('',(0.00393697140561475,-0.0436009793340777,0.134362339126083));
#5436=CARTESIAN_POINT('',(0.00393697140561475,-0.0436118599391014,0.134321732155318));
#5437=CARTESIAN_POINT('',(0.00393697140561475,-0.0436227405441251,0.134281125184552));
#5438=CARTESIAN_POINT('',(0.00393697140561475,-0.0436336211491489,0.134240518213787));
#5439=CARTESIAN_POINT('',(0.0319748038979763,-0.0475199758140335,0.16));
#5440=CARTESIAN_POINT('',(0.0319748038979763,-0.0475199758140335,0.152829270215568));
#5441=CARTESIAN_POINT('',(0.00387450845389731,-0.042542296846933,0.138426472184037));
#5442=CARTESIAN_POINT('',(0.00387450845389731,-0.0436292483907893,0.134369913797));
#5443=CARTESIAN_POINT('',(0.00387450845389731,-0.0436401179062278,0.13432934821313));
#5444=CARTESIAN_POINT('',(0.00387450845389731,-0.0436509874216665,0.134288782629259));
#5445=CARTESIAN_POINT('',(0.00387450845389731,-0.043661856937105,0.134248217045389));
#5446=CARTESIAN_POINT('',(0.0315625903117474,-0.047643125021007,0.16));
#5447=CARTESIAN_POINT('',(0.0315625903117474,-0.047643125021007,0.152838474012678));
#5448=CARTESIAN_POINT('',(0.00375159202545577,-0.0425985316647624,0.138432885395447));
#5449=CARTESIAN_POINT('',(0.00375159202545577,-0.0436833194929652,0.134384402105162));
#5450=CARTESIAN_POINT('',(0.00375159202545577,-0.0436941673712472,0.134343917272259));
#5451=CARTESIAN_POINT('',(0.00375159202545577,-0.0437050152495293,0.134303432439356));
#5452=CARTESIAN_POINT('',(0.00375159202545577,-0.0437158631278113,0.134262947606453));
#5453=CARTESIAN_POINT('',(0.0313495774119069,-0.0476995478896855,0.16));
#5454=CARTESIAN_POINT('',(0.0313495774119069,-0.0476995478896855,0.152843145502248));
#5455=CARTESIAN_POINT('',(0.00369113870673591,-0.0426253880791456,0.138435864708315));
#5456=CARTESIAN_POINT('',(0.00369113870673591,-0.0437091216969289,0.134391315784877));
#5457=CARTESIAN_POINT('',(0.00369113870673591,-0.0437199590331068,0.134350870295643));
#5458=CARTESIAN_POINT('',(0.00369113870673591,-0.0437307963692846,0.134310424806408));
#5459=CARTESIAN_POINT('',(0.00369113870673591,-0.0437416337054624,0.134269979317174));
#5460=CARTESIAN_POINT('',(0.0309078130624974,-0.047800248358376,0.16));
#5461=CARTESIAN_POINT('',(0.0309078130624974,-0.047800248358376,0.152852670764832));
#5462=CARTESIAN_POINT('',(0.00357295006580501,-0.0426764844639543,0.138441386597699));
#5463=CARTESIAN_POINT('',(0.00357295006580501,-0.0437581757453223,0.134404459777529));
#5464=CARTESIAN_POINT('',(0.00357295006580501,-0.0437689926581359,0.134364090509328));
#5465=CARTESIAN_POINT('',(0.00357295006580501,-0.0437798095709496,0.134323721241126));
#5466=CARTESIAN_POINT('',(0.00357295006580501,-0.0437906264837633,0.134283351972924));
#5467=CARTESIAN_POINT('',(0.0306790569934899,-0.0478445286990023,0.16));
#5468=CARTESIAN_POINT('',(0.0306790569934899,-0.0478445286990023,0.152857524537847));
#5469=CARTESIAN_POINT('',(0.0035152148956235,-0.0427007247435334,0.138443928868381));
#5470=CARTESIAN_POINT('',(0.0035152148956235,-0.0437814278017375,0.134410690147268));
#5471=CARTESIAN_POINT('',(0.0035152148956235,-0.0437922348323195,0.134370357760057));
#5472=CARTESIAN_POINT('',(0.0035152148956235,-0.0438030418629015,0.134330025372846));
#5473=CARTESIAN_POINT('',(0.0035152148956235,-0.0438138488934835,0.134289692985635));
#5474=CARTESIAN_POINT('',(0.0302040553998218,-0.0479183334741679,0.16));
#5475=CARTESIAN_POINT('',(0.0302040553998218,-0.0479183334741679,0.152867457468736));
#5476=CARTESIAN_POINT('',(0.00340317949445792,-0.0427465285861559,0.138448635311103));
#5477=CARTESIAN_POINT('',(0.00340317949445792,-0.0438253399793802,0.134422456379806));
#5478=CARTESIAN_POINT('',(0.00340317949445792,-0.0438361280933125,0.134382194590493));
#5479=CARTESIAN_POINT('',(0.00340317949445792,-0.0438469162072447,0.13434193280118));
#5480=CARTESIAN_POINT('',(0.00340317949445792,-0.043857704321177,0.134301671011867));
#5481=CARTESIAN_POINT('',(0.0299578038836946,-0.0479478605053464,0.16));
#5482=CARTESIAN_POINT('',(0.0299578038836946,-0.0479478605053464,0.152872539051617));
#5483=CARTESIAN_POINT('',(0.00334887940533329,-0.0427680924672793,0.138450799356705));
#5484=CARTESIAN_POINT('',(0.00334887940533329,-0.043846000365771,0.134427992313654));
#5485=CARTESIAN_POINT('',(0.00334887940533329,-0.043856779444756,0.134387764243224));
#5486=CARTESIAN_POINT('',(0.00334887940533329,-0.0438675585237409,0.134347536172793));
#5487=CARTESIAN_POINT('',(0.00334887940533329,-0.0438783376027258,0.134307308102363));
#5488=CARTESIAN_POINT('',(0.0294464009116756,-0.0479886927413094,0.16));
#5489=CARTESIAN_POINT('',(0.0294464009116756,-0.0479886927413094,0.152882963260961));
#5490=CARTESIAN_POINT('',(0.00324443510674975,-0.0428085079483791,0.138454854229796));
#5491=CARTESIAN_POINT('',(0.00324443510674975,-0.0438847222412629,0.134438367808922));
#5492=CARTESIAN_POINT('',(0.00324443510674975,-0.0438954843841918,0.134398202944713));
#5493=CARTESIAN_POINT('',(0.00324443510674975,-0.0439062465271207,0.134358038080504));
#5494=CARTESIAN_POINT('',(0.00324443510674975,-0.0439170086700495,0.134317873216295));
#5495=CARTESIAN_POINT('',(0.02918124174506,-0.048,0.16));
#5496=CARTESIAN_POINT('',(0.02918124174506,-0.048,0.152888305887424));
#5497=CARTESIAN_POINT('',(0.00319429102638574,-0.0428273599490495,0.138456744831546));
#5498=CARTESIAN_POINT('',(0.00319429102638574,-0.0439027840477818,0.134443207455392));
#5499=CARTESIAN_POINT('',(0.00319429102638574,-0.0439135382887692,0.134403072081631));
#5500=CARTESIAN_POINT('',(0.00319429102638574,-0.0439242925297565,0.134362936707869));
#5501=CARTESIAN_POINT('',(0.00319429102638574,-0.0439350467707438,0.134322801334108));
#5502=CARTESIAN_POINT('',(0.0279508375998885,-0.048,0.16));
#5503=CARTESIAN_POINT('',(0.0279508375998885,-0.048,0.152912858995314));
#5504=CARTESIAN_POINT('',(0.00298087895330691,-0.0429055806334702,0.138464936898714));
#5505=CARTESIAN_POINT('',(0.00298087895330691,-0.0439778129566891,0.134463311390943));
#5506=CARTESIAN_POINT('',(0.00298087895330691,-0.0439885352799212,0.134423295135865));
#5507=CARTESIAN_POINT('',(0.00298087895330691,-0.0439992576031534,0.134383278880788));
#5508=CARTESIAN_POINT('',(0.00298087895330691,-0.0440099799263856,0.13434326262571));
#5509=CARTESIAN_POINT('',(0.0269487762375758,-0.048,0.16));
#5510=CARTESIAN_POINT('',(0.0269487762375758,-0.048,0.152932073669546));
#5511=CARTESIAN_POINT('',(0.00282095202452634,-0.0429591987302015,0.138468996437394));
#5512=CARTESIAN_POINT('',(0.00282095202452634,-0.0440288542066608,0.134476987852654));
#5513=CARTESIAN_POINT('',(0.00282095202452634,-0.0440395507614254,0.134437067766806));
#5514=CARTESIAN_POINT('',(0.00282095202452634,-0.0440502473161899,0.134397147680959));
#5515=CARTESIAN_POINT('',(0.00282095202452634,-0.0440609438709545,0.134357227595111));
#5516=CARTESIAN_POINT('',(0.0248629297418388,-0.048,0.16));
#5517=CARTESIAN_POINT('',(0.0248629297418388,-0.048,0.152970337038509));
#5518=CARTESIAN_POINT('',(0.0025120303455262,-0.0430548127776468,0.138473618009264));
#5519=CARTESIAN_POINT('',(0.0025120303455262,-0.0441192187203741,0.134501200951128));
#5520=CARTESIAN_POINT('',(0.0025120303455262,-0.0441298627798014,0.134461476780546));
#5521=CARTESIAN_POINT('',(0.0025120303455262,-0.0441405068392286,0.134421752609965));
#5522=CARTESIAN_POINT('',(0.0025120303455262,-0.0441511508986559,0.134382028439383));
#5523=CARTESIAN_POINT('',(0.0237791446084145,-0.048,0.16));
#5524=CARTESIAN_POINT('',(0.0237791446084145,-0.048,0.152989389051909));
#5525=CARTESIAN_POINT('',(0.00236303158529883,-0.0430968076971394,0.138474179154325));
#5526=CARTESIAN_POINT('',(0.00236303158529883,-0.0441585407999409,0.134511737270592));
#5527=CARTESIAN_POINT('',(0.00236303158529883,-0.0441691581309689,0.134472112851755));
#5528=CARTESIAN_POINT('',(0.00236303158529883,-0.0441797754619969,0.134432488432917));
#5529=CARTESIAN_POINT('',(0.00236303158529883,-0.0441903927930249,0.13439286401408));
#5530=CARTESIAN_POINT('',(0.0215415253948988,-0.048,0.16));
#5531=CARTESIAN_POINT('',(0.0215415253948988,-0.048,0.1530267469289));
#5532=CARTESIAN_POINT('',(0.00207493753729234,-0.0431712920183071,0.138472842633813));
#5533=CARTESIAN_POINT('',(0.00207493753729234,-0.0442277014875542,0.134530268820986));
#5534=CARTESIAN_POINT('',(0.00207493753729234,-0.0442382655822466,0.134490843082858));
#5535=CARTESIAN_POINT('',(0.00207493753729234,-0.0442488296769391,0.13445141734473));
#5536=CARTESIAN_POINT('',(0.00207493753729234,-0.0442593937716316,0.134411991606601));
#5537=CARTESIAN_POINT('',(0.0203876913148073,-0.048,0.16));
#5538=CARTESIAN_POINT('',(0.0203876913148073,-0.048,0.153045052441744));
#5539=CARTESIAN_POINT('',(0.00193583914446507,-0.0432037800002447,0.13847094475746));
#5540=CARTESIAN_POINT('',(0.00193583914446507,-0.0442575387182726,0.134538263682861));
#5541=CARTESIAN_POINT('',(0.00193583914446507,-0.044268076305453,0.134498936872115));
#5542=CARTESIAN_POINT('',(0.00193583914446507,-0.0442786138926332,0.13445961006137));
#5543=CARTESIAN_POINT('',(0.00193583914446507,-0.0442891514798135,0.134420283250624));
#5544=CARTESIAN_POINT('',(0.0180216490324019,-0.048,0.16));
#5545=CARTESIAN_POINT('',(0.0180216490324019,-0.048,0.153080192293753));
#5546=CARTESIAN_POINT('',(0.001666231325668,-0.0432609106645858,0.138465678912848));
#5547=CARTESIAN_POINT('',(0.001666231325668,-0.0443095258926174,0.134552193604244));
#5548=CARTESIAN_POINT('',(0.001666231325668,-0.0443200120448977,0.134513058751158));
#5549=CARTESIAN_POINT('',(0.001666231325668,-0.044330498197178,0.134473923898072));
#5550=CARTESIAN_POINT('',(0.001666231325668,-0.0443409843494583,0.134434789044986));
#5551=CARTESIAN_POINT('',(0.0168094408300879,-0.048,0.16));
#5552=CARTESIAN_POINT('',(0.0168094408300879,-0.048,0.153097024666457));
#5553=CARTESIAN_POINT('',(0.0015357195239833,-0.043285551673211,0.138462311711493));
#5554=CARTESIAN_POINT('',(0.0015357195239833,-0.0443316744663132,0.134558128296679));
#5555=CARTESIAN_POINT('',(0.0015357195239833,-0.0443421356942443,0.134519086462531));
#5556=CARTESIAN_POINT('',(0.0015357195239833,-0.0443525969221752,0.134480044628383));
#5557=CARTESIAN_POINT('',(0.0015357195239833,-0.0443630581501063,0.134441002794235));
#5558=CARTESIAN_POINT('',(0.0143383251276819,-0.048,0.16));
#5559=CARTESIAN_POINT('',(0.0143383251276819,-0.048,0.153128373198506));
#5560=CARTESIAN_POINT('',(0.00128176611163627,-0.0433282369192086,0.138455046785272));
#5561=CARTESIAN_POINT('',(0.00128176611163627,-0.0443696841114571,0.1345683129504));
#5562=CARTESIAN_POINT('',(0.00128176611163627,-0.0443800985833796,0.134529445612051));
#5563=CARTESIAN_POINT('',(0.00128176611163627,-0.0443905130553022,0.134490578273703));
#5564=CARTESIAN_POINT('',(0.00128176611163627,-0.0444009275272246,0.134451710935354));
#5565=CARTESIAN_POINT('',(0.0130794176275899,-0.048,0.16));
#5566=CARTESIAN_POINT('',(0.0130794176275899,-0.048,0.15314288459116));
#5567=CARTESIAN_POINT('',(0.00115832268996554,-0.043346279174499,0.138451151562665));
#5568=CARTESIAN_POINT('',(0.00115832268996554,-0.0443855439591621,0.134572562583785));
#5569=CARTESIAN_POINT('',(0.00115832268996554,-0.0443959366070087,0.134533776693996));
#5570=CARTESIAN_POINT('',(0.00115832268996554,-0.0444063292548553,0.134494990804207));
#5571=CARTESIAN_POINT('',(0.00115832268996554,-0.044416721902702,0.134456204914418));
#5572=CARTESIAN_POINT('',(0.0105265781540723,-0.048,0.16));
#5573=CARTESIAN_POINT('',(0.0105265781540723,-0.048,0.153168683716651));
#5574=CARTESIAN_POINT('',(0.000916845160275848,-0.0433766520624264,0.138443698320425));
#5575=CARTESIAN_POINT('',(0.000916845160275848,-0.0444120189388317,0.134579656533207));
#5576=CARTESIAN_POINT('',(0.000916845160275848,-0.0444223726075958,0.134541016115335));
#5577=CARTESIAN_POINT('',(0.000916845160275848,-0.0444327262763598,0.134502375697462));
#5578=CARTESIAN_POINT('',(0.000916845160275848,-0.0444430799451239,0.13446373527959));
#5579=CARTESIAN_POINT('',(0.00923264618064685,-0.048,0.16));
#5580=CARTESIAN_POINT('',(0.00923264618064685,-0.048,0.15317996333469));
#5581=CARTESIAN_POINT('',(0.000798809657284706,-0.0433889804082419,0.138440144897741));
#5582=CARTESIAN_POINT('',(0.000798809657284706,-0.0444226330863999,0.134582500585476));
#5583=CARTESIAN_POINT('',(0.000798809657284706,-0.0444329696131814,0.134543924142353));
#5584=CARTESIAN_POINT('',(0.000798809657284706,-0.044443306139963,0.134505347699231));
#5585=CARTESIAN_POINT('',(0.000798809657284706,-0.0444536426667446,0.134466771256108));
#5586=CARTESIAN_POINT('',(0.00662143258490668,-0.048,0.16));
#5587=CARTESIAN_POINT('',(0.00662143258490668,-0.048,0.15319844467436));
#5588=CARTESIAN_POINT('',(0.00056639250786007,-0.0434084990527027,0.138434111603927));
#5589=CARTESIAN_POINT('',(0.00056639250786007,-0.0444393359061518,0.13458697609254));
#5590=CARTESIAN_POINT('',(0.00056639250786007,-0.0444496442746863,0.134548504737426));
#5591=CARTESIAN_POINT('',(0.00056639250786007,-0.0444599526432208,0.134510033382312));
#5592=CARTESIAN_POINT('',(0.00056639250786007,-0.0444702610117552,0.134471562027198));
#5593=CARTESIAN_POINT('',(0.00530415096259204,-0.048,0.16));
#5594=CARTESIAN_POINT('',(0.00530415096259204,-0.048,0.153205636591291));
#5595=CARTESIAN_POINT('',(0.000452009749982032,-0.043415687087171,0.138431637441974));
#5596=CARTESIAN_POINT('',(0.000452009749982032,-0.0444454238931242,0.134588607363733));
#5597=CARTESIAN_POINT('',(0.000452009749982032,-0.0444557212611838,0.13455017706295));
#5598=CARTESIAN_POINT('',(0.000452009749982032,-0.0444660186292433,0.134511746762168));
#5599=CARTESIAN_POINT('',(0.000452009749982032,-0.0444763159973028,0.134473316461386));
#5600=CARTESIAN_POINT('',(0.00331947241078676,-0.048,0.16));
#5601=CARTESIAN_POINT('',(0.00331947241078676,-0.048,0.15321289224219));
#5602=CARTESIAN_POINT('',(0.000281816295435531,-0.0434228513867329,0.138429114249193));
#5603=CARTESIAN_POINT('',(0.000281816295435531,-0.0444514774774203,0.134590229416756));
#5604=CARTESIAN_POINT('',(0.000281816295435531,-0.0444617637383271,0.134551840568432));
#5605=CARTESIAN_POINT('',(0.000281816295435531,-0.044472049999234,0.134513451720107));
#5606=CARTESIAN_POINT('',(0.000281816295435531,-0.0444823362601409,0.134475062871783));
#5607=CARTESIAN_POINT('',(0.00265645354046272,-0.048,0.16));
#5608=CARTESIAN_POINT('',(0.00265645354046272,-0.048,0.153214723705746));
#5609=CARTESIAN_POINT('',(0.000225315020855285,-0.0434246359942147,0.138428471591881));
#5610=CARTESIAN_POINT('',(0.000225315020855285,-0.0444529821851377,0.134590632601974));
#5611=CARTESIAN_POINT('',(0.000225315020855285,-0.044463265647047,0.134552254212075));
#5612=CARTESIAN_POINT('',(0.000225315020855285,-0.0444735491089562,0.134513875822176));
#5613=CARTESIAN_POINT('',(0.000225315020855285,-0.0444838325708654,0.134475497432277));
#5614=CARTESIAN_POINT('',(0.00132895644675908,-0.048,0.16));
#5615=CARTESIAN_POINT('',(0.00132895644675908,-0.048,0.153217170765269));
#5616=CARTESIAN_POINT('',(0.000112542460295032,-0.0434270113199317,0.138427607452109));
#5617=CARTESIAN_POINT('',(0.000112542460295032,-0.0444549826698566,0.134591168630239));
#5618=CARTESIAN_POINT('',(0.000112542460295032,-0.0444652623833559,0.13455280424202));
#5619=CARTESIAN_POINT('',(0.000112542460295032,-0.0444755420968551,0.134514439853801));
#5620=CARTESIAN_POINT('',(0.000112542460295032,-0.0444858218103543,0.134476075465583));
#5621=CARTESIAN_POINT('',(0.000664478223379484,-0.048,0.16));
#5622=CARTESIAN_POINT('',(0.000664478223379484,-0.048,0.153217786000679));
#5623=CARTESIAN_POINT('',(5.62711743150241E-5,-0.0434276020381668,0.138427385969648));
#5624=CARTESIAN_POINT('',(5.62711743150241E-5,-0.0444554784468581,0.134591301473286));
#5625=CARTESIAN_POINT('',(5.62711743150241E-5,-0.044465757210945,0.134552940628322));
#5626=CARTESIAN_POINT('',(5.62711743150241E-5,-0.0444760359750319,0.134514579783359));
#5627=CARTESIAN_POINT('',(5.62711743150241E-5,-0.0444863147391188,0.134476218938395));
#5628=CARTESIAN_POINT('',(-0.00066447822337963,-0.048,0.16));
#5629=CARTESIAN_POINT('',(-0.00066447822337963,-0.048,0.153217786000679));
#5630=CARTESIAN_POINT('',(-5.62711743150232E-5,-0.0434276026808875,0.138427388540531));
#5631=CARTESIAN_POINT('',(-5.62711743150232E-5,-0.0444554784468581,0.134591301473286));
#5632=CARTESIAN_POINT('',(-5.62711743150232E-5,-0.0444657572045177,0.134552940602614));
#5633=CARTESIAN_POINT('',(-5.62711743150232E-5,-0.0444760359621775,0.134514579731941));
#5634=CARTESIAN_POINT('',(-5.62711743150232E-5,-0.0444863147198372,0.134476218861269));
#5635=CARTESIAN_POINT('',(-0.00132895644675914,-0.048,0.16));
#5636=CARTESIAN_POINT('',(-0.00132895644675914,-0.048,0.153217170765269));
#5637=CARTESIAN_POINT('',(-0.000112542460295019,-0.0434270119626525,0.138427610022992));
#5638=CARTESIAN_POINT('',(-0.000112542460295019,-0.0444549826698566,0.134591168630239));
#5639=CARTESIAN_POINT('',(-0.000112542460295019,-0.0444652623769287,0.134552804216311));
#5640=CARTESIAN_POINT('',(-0.000112542460295019,-0.0444755420840007,0.134514439802384));
#5641=CARTESIAN_POINT('',(-0.000112542460295019,-0.0444858217910727,0.134476075388456));
#5642=CARTESIAN_POINT('',(-0.00265645354046261,-0.048,0.16));
#5643=CARTESIAN_POINT('',(-0.00265645354046261,-0.048,0.153214723705746));
#5644=CARTESIAN_POINT('',(-0.000225315020855249,-0.0434246363155751,0.138428472877323));
#5645=CARTESIAN_POINT('',(-0.000225315020855249,-0.0444529821851377,0.134590632601974));
#5646=CARTESIAN_POINT('',(-0.000225315020855249,-0.0444632656438333,0.13455225419922));
#5647=CARTESIAN_POINT('',(-0.000225315020855249,-0.044473549102529,0.134513875796467));
#5648=CARTESIAN_POINT('',(-0.000225315020855249,-0.0444838325612246,0.134475497393713));
#5649=CARTESIAN_POINT('',(-0.00331947241078656,-0.048,0.16));
#5650=CARTESIAN_POINT('',(-0.00331947241078656,-0.048,0.15321289224219));
#5651=CARTESIAN_POINT('',(-0.000281816295435484,-0.0434228513867329,0.138429114249193));
#5652=CARTESIAN_POINT('',(-0.000281816295435484,-0.0444514774774203,0.134590229416756));
#5653=CARTESIAN_POINT('',(-0.000281816295435484,-0.0444617637383271,0.134551840568432));
#5654=CARTESIAN_POINT('',(-0.000281816295435484,-0.044472049999234,0.134513451720107));
#5655=CARTESIAN_POINT('',(-0.000281816295435484,-0.0444823362601409,0.134475062871783));
#5656=CARTESIAN_POINT('',(-0.00530415096259185,-0.048,0.16));
#5657=CARTESIAN_POINT('',(-0.00530415096259185,-0.048,0.153205636591291));
#5658=CARTESIAN_POINT('',(-0.000452009749981983,-0.043415687087171,0.138431637441974));
#5659=CARTESIAN_POINT('',(-0.000452009749981983,-0.0444454238931242,0.134588607363733));
#5660=CARTESIAN_POINT('',(-0.000452009749981983,-0.0444557212611838,0.13455017706295));
#5661=CARTESIAN_POINT('',(-0.000452009749981983,-0.0444660186292433,0.134511746762168));
#5662=CARTESIAN_POINT('',(-0.000452009749981983,-0.0444763159973028,0.134473316461386));
#5663=CARTESIAN_POINT('',(-0.00662143258490636,-0.048,0.16));
#5664=CARTESIAN_POINT('',(-0.00662143258490636,-0.048,0.15319844467436));
#5665=CARTESIAN_POINT('',(-0.000566392507860039,-0.0434084990527027,0.138434111603927));
#5666=CARTESIAN_POINT('',(-0.000566392507860039,-0.0444393359061518,0.13458697609254));
#5667=CARTESIAN_POINT('',(-0.000566392507860039,-0.0444496442746863,0.134548504737426));
#5668=CARTESIAN_POINT('',(-0.000566392507860039,-0.0444599526432208,0.134510033382312));
#5669=CARTESIAN_POINT('',(-0.000566392507860039,-0.0444702610117552,0.134471562027198));
#5670=CARTESIAN_POINT('',(-0.00923264618064653,-0.048,0.16));
#5671=CARTESIAN_POINT('',(-0.00923264618064653,-0.048,0.15317996333469));
#5672=CARTESIAN_POINT('',(-0.000798809657284674,-0.0433889804082419,0.138440144897741));
#5673=CARTESIAN_POINT('',(-0.000798809657284674,-0.0444226330863999,0.134582500585476));
#5674=CARTESIAN_POINT('',(-0.000798809657284674,-0.0444329696131814,0.134543924142353));
#5675=CARTESIAN_POINT('',(-0.000798809657284674,-0.044443306139963,0.134505347699231));
#5676=CARTESIAN_POINT('',(-0.000798809657284674,-0.0444536426667446,0.134466771256108));
#5677=CARTESIAN_POINT('',(-0.0105265781540722,-0.048,0.16));
#5678=CARTESIAN_POINT('',(-0.0105265781540722,-0.048,0.153168683716651));
#5679=CARTESIAN_POINT('',(-0.000916845160275833,-0.0433766520624264,0.138443698320425));
#5680=CARTESIAN_POINT('',(-0.000916845160275833,-0.0444120189388317,0.134579656533207));
#5681=CARTESIAN_POINT('',(-0.000916845160275833,-0.0444223726075958,0.134541016115335));
#5682=CARTESIAN_POINT('',(-0.000916845160275833,-0.0444327262763598,0.134502375697462));
#5683=CARTESIAN_POINT('',(-0.000916845160275833,-0.0444430799451239,0.13446373527959));
#5684=CARTESIAN_POINT('',(-0.0130794176275898,-0.048,0.16));
#5685=CARTESIAN_POINT('',(-0.0130794176275898,-0.048,0.15314288459116));
#5686=CARTESIAN_POINT('',(-0.00115832268996553,-0.043346279174499,0.138451151562665));
#5687=CARTESIAN_POINT('',(-0.00115832268996553,-0.0443855439591621,0.134572562583785));
#5688=CARTESIAN_POINT('',(-0.00115832268996553,-0.0443959366070087,0.134533776693996));
#5689=CARTESIAN_POINT('',(-0.00115832268996553,-0.0444063292548553,0.134494990804207));
#5690=CARTESIAN_POINT('',(-0.00115832268996553,-0.044416721902702,0.134456204914418));
#5691=CARTESIAN_POINT('',(-0.0143383251276819,-0.048,0.16));
#5692=CARTESIAN_POINT('',(-0.0143383251276819,-0.048,0.153128373198506));
#5693=CARTESIAN_POINT('',(-0.00128176611163628,-0.0433282369192086,0.138455046785272));
#5694=CARTESIAN_POINT('',(-0.00128176611163628,-0.0443696841114571,0.1345683129504));
#5695=CARTESIAN_POINT('',(-0.00128176611163628,-0.0443800985833796,0.134529445612051));
#5696=CARTESIAN_POINT('',(-0.00128176611163628,-0.0443905130553022,0.134490578273703));
#5697=CARTESIAN_POINT('',(-0.00128176611163628,-0.0444009275272246,0.134451710935354));
#5698=CARTESIAN_POINT('',(-0.0168094408300879,-0.048,0.16));
#5699=CARTESIAN_POINT('',(-0.0168094408300879,-0.048,0.153097024666457));
#5700=CARTESIAN_POINT('',(-0.00153571952398331,-0.043285551673211,0.138462311711493));
#5701=CARTESIAN_POINT('',(-0.00153571952398331,-0.0443316744663132,0.134558128296679));
#5702=CARTESIAN_POINT('',(-0.00153571952398331,-0.0443421356942443,0.134519086462531));
#5703=CARTESIAN_POINT('',(-0.00153571952398331,-0.0443525969221752,0.134480044628383));
#5704=CARTESIAN_POINT('',(-0.00153571952398331,-0.0443630581501063,0.134441002794235));
#5705=CARTESIAN_POINT('',(-0.0180216490324018,-0.048,0.16));
#5706=CARTESIAN_POINT('',(-0.0180216490324018,-0.048,0.153080192293753));
#5707=CARTESIAN_POINT('',(-0.00166623132566797,-0.0432609106645858,0.138465678912848));
#5708=CARTESIAN_POINT('',(-0.00166623132566797,-0.0443095258926174,0.134552193604244));
#5709=CARTESIAN_POINT('',(-0.00166623132566797,-0.0443200120448977,0.134513058751158));
#5710=CARTESIAN_POINT('',(-0.00166623132566797,-0.044330498197178,0.134473923898072));
#5711=CARTESIAN_POINT('',(-0.00166623132566797,-0.0443409843494583,0.134434789044986));
#5712=CARTESIAN_POINT('',(-0.0203876913148072,-0.048,0.16));
#5713=CARTESIAN_POINT('',(-0.0203876913148072,-0.048,0.153045052441744));
#5714=CARTESIAN_POINT('',(-0.00193583914446504,-0.0432037800002447,0.13847094475746));
#5715=CARTESIAN_POINT('',(-0.00193583914446504,-0.0442575387182726,0.134538263682861));
#5716=CARTESIAN_POINT('',(-0.00193583914446504,-0.044268076305453,0.134498936872116));
#5717=CARTESIAN_POINT('',(-0.00193583914446504,-0.0442786138926332,0.13445961006137));
#5718=CARTESIAN_POINT('',(-0.00193583914446504,-0.0442891514798135,0.134420283250624));
#5719=CARTESIAN_POINT('',(-0.0215415253948985,-0.048,0.16));
#5720=CARTESIAN_POINT('',(-0.0215415253948985,-0.048,0.1530267469289));
#5721=CARTESIAN_POINT('',(-0.00207493753729231,-0.0431712920183071,0.138472842633813));
#5722=CARTESIAN_POINT('',(-0.00207493753729231,-0.0442277014875542,0.134530268820986));
#5723=CARTESIAN_POINT('',(-0.00207493753729231,-0.0442382655822466,0.134490843082858));
#5724=CARTESIAN_POINT('',(-0.00207493753729231,-0.0442488296769391,0.13445141734473));
#5725=CARTESIAN_POINT('',(-0.00207493753729231,-0.0442593937716316,0.134411991606601));
#5726=CARTESIAN_POINT('',(-0.0237791446084142,-0.048,0.16));
#5727=CARTESIAN_POINT('',(-0.0237791446084142,-0.048,0.152989389051909));
#5728=CARTESIAN_POINT('',(-0.0023630315852988,-0.0430968076971394,0.138474179154325));
#5729=CARTESIAN_POINT('',(-0.0023630315852988,-0.0441585407999409,0.134511737270592));
#5730=CARTESIAN_POINT('',(-0.0023630315852988,-0.0441691581309689,0.134472112851755));
#5731=CARTESIAN_POINT('',(-0.0023630315852988,-0.0441797754619969,0.134432488432917));
#5732=CARTESIAN_POINT('',(-0.0023630315852988,-0.0441903927930249,0.13439286401408));
#5733=CARTESIAN_POINT('',(-0.0248629297418386,-0.048,0.16));
#5734=CARTESIAN_POINT('',(-0.0248629297418386,-0.048,0.152970337038509));
#5735=CARTESIAN_POINT('',(-0.00251203034552618,-0.0430548127776468,0.138473618009264));
#5736=CARTESIAN_POINT('',(-0.00251203034552618,-0.0441192187203741,0.134501200951128));
#5737=CARTESIAN_POINT('',(-0.00251203034552618,-0.0441298627798014,0.134461476780546));
#5738=CARTESIAN_POINT('',(-0.00251203034552618,-0.0441405068392287,0.134421752609965));
#5739=CARTESIAN_POINT('',(-0.00251203034552618,-0.0441511508986559,0.134382028439383));
#5740=CARTESIAN_POINT('',(-0.0269487762375757,-0.048,0.16));
#5741=CARTESIAN_POINT('',(-0.0269487762375757,-0.048,0.152932073669546));
#5742=CARTESIAN_POINT('',(-0.00282095202452632,-0.0429591987302015,0.138468996437394));
#5743=CARTESIAN_POINT('',(-0.00282095202452632,-0.0440288542066608,0.134476987852654));
#5744=CARTESIAN_POINT('',(-0.00282095202452632,-0.0440395507614254,0.134437067766806));
#5745=CARTESIAN_POINT('',(-0.00282095202452632,-0.0440502473161899,0.134397147680959));
#5746=CARTESIAN_POINT('',(-0.00282095202452632,-0.0440609438709545,0.134357227595111));
#5747=CARTESIAN_POINT('',(-0.0279508375998885,-0.048,0.16));
#5748=CARTESIAN_POINT('',(-0.0279508375998885,-0.048,0.152912858995314));
#5749=CARTESIAN_POINT('',(-0.0029808789533069,-0.0429055806334702,0.138464936898713));
#5750=CARTESIAN_POINT('',(-0.0029808789533069,-0.0439778129566891,0.134463311390943));
#5751=CARTESIAN_POINT('',(-0.0029808789533069,-0.0439885352799212,0.134423295135865));
#5752=CARTESIAN_POINT('',(-0.0029808789533069,-0.0439992576031534,0.134383278880788));
#5753=CARTESIAN_POINT('',(-0.0029808789533069,-0.0440099799263856,0.13434326262571));
#5754=CARTESIAN_POINT('',(-0.02918124174506,-0.048,0.16));
#5755=CARTESIAN_POINT('',(-0.02918124174506,-0.048,0.152888305887424));
#5756=CARTESIAN_POINT('',(-0.00319429102638574,-0.0428273599490495,0.138456744831546));
#5757=CARTESIAN_POINT('',(-0.00319429102638574,-0.0439027840477818,0.134443207455392));
#5758=CARTESIAN_POINT('',(-0.00319429102638574,-0.0439135382887692,0.134403072081631));
#5759=CARTESIAN_POINT('',(-0.00319429102638574,-0.0439242925297565,0.134362936707869));
#5760=CARTESIAN_POINT('',(-0.00319429102638574,-0.0439350467707438,0.134322801334108));
#5761=CARTESIAN_POINT('',(-0.0294464009116755,-0.0479886927413094,0.16));
#5762=CARTESIAN_POINT('',(-0.0294464009116755,-0.0479886927413094,0.152882963260961));
#5763=CARTESIAN_POINT('',(-0.00324443510674975,-0.0428085079483791,0.138454854229796));
#5764=CARTESIAN_POINT('',(-0.00324443510674975,-0.0438847222412629,0.134438367808922));
#5765=CARTESIAN_POINT('',(-0.00324443510674975,-0.0438954843841918,0.134398202944713));
#5766=CARTESIAN_POINT('',(-0.00324443510674975,-0.0439062465271207,0.134358038080504));
#5767=CARTESIAN_POINT('',(-0.00324443510674975,-0.0439170086700495,0.134317873216295));
#5768=CARTESIAN_POINT('',(-0.0299578038836945,-0.0479478605053464,0.16));
#5769=CARTESIAN_POINT('',(-0.0299578038836945,-0.0479478605053464,0.152872539051617));
#5770=CARTESIAN_POINT('',(-0.00334887940533329,-0.0427680924672793,0.138450799356705));
#5771=CARTESIAN_POINT('',(-0.00334887940533329,-0.043846000365771,0.134427992313654));
#5772=CARTESIAN_POINT('',(-0.00334887940533329,-0.043856779444756,0.134387764243224));
#5773=CARTESIAN_POINT('',(-0.00334887940533329,-0.0438675585237409,0.134347536172793));
#5774=CARTESIAN_POINT('',(-0.00334887940533329,-0.0438783376027258,0.134307308102363));
#5775=CARTESIAN_POINT('',(-0.0302040553998217,-0.0479183334741679,0.16));
#5776=CARTESIAN_POINT('',(-0.0302040553998217,-0.0479183334741679,0.152867457468736));
#5777=CARTESIAN_POINT('',(-0.0034031794944579,-0.042746528586156,0.138448635311103));
#5778=CARTESIAN_POINT('',(-0.0034031794944579,-0.0438253399793802,0.134422456379806));
#5779=CARTESIAN_POINT('',(-0.0034031794944579,-0.0438361280933125,0.134382194590493));
#5780=CARTESIAN_POINT('',(-0.0034031794944579,-0.0438469162072447,0.13434193280118));
#5781=CARTESIAN_POINT('',(-0.0034031794944579,-0.043857704321177,0.134301671011867));
#5782=CARTESIAN_POINT('',(-0.0306790569934898,-0.0478445286990024,0.16));
#5783=CARTESIAN_POINT('',(-0.0306790569934898,-0.0478445286990024,0.152857524537847));
#5784=CARTESIAN_POINT('',(-0.00351521489562349,-0.0427007247435334,0.138443928868381));
#5785=CARTESIAN_POINT('',(-0.00351521489562349,-0.0437814278017375,0.134410690147268));
#5786=CARTESIAN_POINT('',(-0.00351521489562349,-0.0437922348323195,0.134370357760057));
#5787=CARTESIAN_POINT('',(-0.00351521489562349,-0.0438030418629015,0.134330025372846));
#5788=CARTESIAN_POINT('',(-0.00351521489562349,-0.0438138488934836,0.134289692985635));
#5789=CARTESIAN_POINT('',(-0.0309078130624974,-0.047800248358376,0.16));
#5790=CARTESIAN_POINT('',(-0.0309078130624974,-0.047800248358376,0.152852670764832));
#5791=CARTESIAN_POINT('',(-0.00357295006580502,-0.0426764844639543,0.138441386597699));
#5792=CARTESIAN_POINT('',(-0.00357295006580502,-0.0437581757453223,0.134404459777529));
#5793=CARTESIAN_POINT('',(-0.00357295006580502,-0.0437689926581359,0.134364090509328));
#5794=CARTESIAN_POINT('',(-0.00357295006580502,-0.0437798095709496,0.134323721241126));
#5795=CARTESIAN_POINT('',(-0.00357295006580502,-0.0437906264837633,0.134283351972924));
#5796=CARTESIAN_POINT('',(-0.0313495774119068,-0.0476995478896855,0.16));
#5797=CARTESIAN_POINT('',(-0.0313495774119068,-0.0476995478896855,0.152843145502248));
#5798=CARTESIAN_POINT('',(-0.00369113870673592,-0.0426253880791456,0.138435864708315));
#5799=CARTESIAN_POINT('',(-0.00369113870673592,-0.0437091216969289,0.134391315784877));
#5800=CARTESIAN_POINT('',(-0.00369113870673592,-0.0437199590331068,0.134350870295643));
#5801=CARTESIAN_POINT('',(-0.00369113870673592,-0.0437307963692846,0.134310424806408));
#5802=CARTESIAN_POINT('',(-0.00369113870673592,-0.0437416337054624,0.134269979317174));
#5803=CARTESIAN_POINT('',(-0.0315625903117474,-0.047643125021007,0.16));
#5804=CARTESIAN_POINT('',(-0.0315625903117474,-0.047643125021007,0.152838474012678));
#5805=CARTESIAN_POINT('',(-0.00375159202545574,-0.0425985316647624,0.138432885395447));
#5806=CARTESIAN_POINT('',(-0.00375159202545574,-0.0436833194929652,0.134384402105162));
#5807=CARTESIAN_POINT('',(-0.00375159202545574,-0.0436941673712473,0.134343917272259));
#5808=CARTESIAN_POINT('',(-0.00375159202545574,-0.0437050152495293,0.134303432439356));
#5809=CARTESIAN_POINT('',(-0.00375159202545574,-0.0437158631278113,0.134262947606453));
#5810=CARTESIAN_POINT('',(-0.0319748038979762,-0.0475199758140335,0.16));
#5811=CARTESIAN_POINT('',(-0.0319748038979762,-0.0475199758140335,0.152829270215568));
#5812=CARTESIAN_POINT('',(-0.00387450845389729,-0.042542296846933,0.138426472184037));
#5813=CARTESIAN_POINT('',(-0.00387450845389729,-0.0436292483907893,0.134369913797));
#5814=CARTESIAN_POINT('',(-0.00387450845389729,-0.0436401179062279,0.13432934821313));
#5815=CARTESIAN_POINT('',(-0.00387450845389729,-0.0436509874216665,0.134288782629259));
#5816=CARTESIAN_POINT('',(-0.00387450845389729,-0.043661856937105,0.134248217045389));
#5817=CARTESIAN_POINT('',(-0.0321740081672572,-0.0474532468464907,0.16));
#5818=CARTESIAN_POINT('',(-0.0321740081672572,-0.0474532468464907,0.152824736639759));
#5819=CARTESIAN_POINT('',(-0.0039369714056148,-0.0425129188317067,0.138423036202641));
#5820=CARTESIAN_POINT('',(-0.0039369714056148,-0.0436009793340777,0.134362339126083));
#5821=CARTESIAN_POINT('',(-0.0039369714056148,-0.0436118599391014,0.134321732155318));
#5822=CARTESIAN_POINT('',(-0.0039369714056148,-0.0436227405441251,0.134281125184552));
#5823=CARTESIAN_POINT('',(-0.0039369714056148,-0.0436336211491489,0.134240518213787));
#5824=CARTESIAN_POINT('',(-0.0325606002517596,-0.0473106285877569,0.16));
#5825=CARTESIAN_POINT('',(-0.0325606002517596,-0.0473106285877569,0.152815766390803));
#5826=CARTESIAN_POINT('',(-0.00406321167159595,-0.0424517729097807,0.13841573894388));
#5827=CARTESIAN_POINT('',(-0.00406321167159595,-0.0435421050975617,0.134346563821954));
#5828=CARTESIAN_POINT('',(-0.00406321167159595,-0.0435530084194395,0.134305872070735));
#5829=CARTESIAN_POINT('',(-0.00406321167159595,-0.0435639117413172,0.134265180319515));
#5830=CARTESIAN_POINT('',(-0.00406321167159595,-0.0435748150631951,0.134224488568296));
#5831=CARTESIAN_POINT('',(-0.0327479909200373,-0.0472347369261049,0.16));
#5832=CARTESIAN_POINT('',(-0.0327479909200373,-0.0472347369261049,0.152811329717659));
#5833=CARTESIAN_POINT('',(-0.00412698882733694,-0.0424200048976503,0.138411877638265));
#5834=CARTESIAN_POINT('',(-0.00412698882733694,-0.0435114998123263,0.134338363160491));
#5835=CARTESIAN_POINT('',(-0.00412698882733694,-0.0435224147614731,0.134297628015713));
#5836=CARTESIAN_POINT('',(-0.00412698882733694,-0.0435333297106199,0.134256892870935));
#5837=CARTESIAN_POINT('',(-0.00412698882733694,-0.0435442446597666,0.134216157726158));
#5838=CARTESIAN_POINT('',(-0.0331129163788786,-0.0470743187419443,0.16));
#5839=CARTESIAN_POINT('',(-0.0331129163788786,-0.0470743187419443,0.15280251353121));
#5840=CARTESIAN_POINT('',(-0.00425517992436402,-0.0423542612724667,0.138403776843693));
#5841=CARTESIAN_POINT('',(-0.00425517992436402,-0.0434481349763186,0.134321384603854));
#5842=CARTESIAN_POINT('',(-0.00425517992436402,-0.0434590737133571,0.134280560681456));
#5843=CARTESIAN_POINT('',(-0.00425517992436402,-0.0434700124503957,0.134239736759057));
#5844=CARTESIAN_POINT('',(-0.00425517992436402,-0.0434809511874341,0.134198912836659));
#5845=CARTESIAN_POINT('',(-0.0332904535642666,-0.0469897901745048,0.16));
#5846=CARTESIAN_POINT('',(-0.0332904535642666,-0.0469897901745048,0.152798133294434));
#5847=CARTESIAN_POINT('',(-0.00431959371297725,-0.042320285228631,0.138399538748095));
#5848=CARTESIAN_POINT('',(-0.00431959371297725,-0.0434153753719603,0.134312606694322));
#5849=CARTESIAN_POINT('',(-0.00431959371297725,-0.0434263262733936,0.134271737373784));
#5850=CARTESIAN_POINT('',(-0.00431959371297725,-0.0434372771748269,0.134230868053247));
#5851=CARTESIAN_POINT('',(-0.00431959371297725,-0.0434482280762602,0.134189998732709));
#5852=CARTESIAN_POINT('',(-0.033637519764791,-0.046812072386662,0.16));
#5853=CARTESIAN_POINT('',(-0.033637519764791,-0.0468120723866619,0.152789400672492));
#5854=CARTESIAN_POINT('',(-0.00444840304381997,-0.042250350432789,0.13839078715674));
#5855=CARTESIAN_POINT('',(-0.00444840304381997,-0.0433479374212969,0.134294536749902));
#5856=CARTESIAN_POINT('',(-0.00444840304381997,-0.043358913291182,0.134253574245834));
#5857=CARTESIAN_POINT('',(-0.00444840304381997,-0.043369889161067,0.134212611741766));
#5858=CARTESIAN_POINT('',(-0.00444840304381997,-0.0433808650309521,0.134171649237697));
#5859=CARTESIAN_POINT('',(-0.0338070509529677,-0.0467188814521444,0.16));
#5860=CARTESIAN_POINT('',(-0.0338070509529677,-0.0467188814521444,0.152785048287325));
#5861=CARTESIAN_POINT('',(-0.00451279844615726,-0.0422143916769759,0.138386273659964));
#5862=CARTESIAN_POINT('',(-0.00451279844615726,-0.0433132590711848,0.134285244713995));
#5863=CARTESIAN_POINT('',(-0.00451279844615726,-0.0433242477451269,0.134244234424535));
#5864=CARTESIAN_POINT('',(-0.00451279844615726,-0.043335236419069,0.134203224135076));
#5865=CARTESIAN_POINT('',(-0.00451279844615726,-0.0433462250930111,0.134162213845616));
#5866=CARTESIAN_POINT('',(-0.0341397723762112,-0.0465233182387733,0.16));
#5867=CARTESIAN_POINT('',(-0.0341397723762112,-0.0465233182387733,0.152776343507313));
#5868=CARTESIAN_POINT('',(-0.00464094293362762,-0.0421407716223218,0.138377085842055));
#5869=CARTESIAN_POINT('',(-0.00464094293362762,-0.0432422736706014,0.134266224233234));
#5870=CARTESIAN_POINT('',(-0.00464094293362762,-0.0432532886910842,0.134225115617146));
#5871=CARTESIAN_POINT('',(-0.00464094293362762,-0.043264303711567,0.134184007001058));
#5872=CARTESIAN_POINT('',(-0.00464094293362762,-0.0432753187320498,0.13414289838497));
#5873=CARTESIAN_POINT('',(-0.0343029647668176,-0.0464209445324539,0.16));
#5874=CARTESIAN_POINT('',(-0.0343029647668176,-0.0464209445324539,0.15277199065813));
#5875=CARTESIAN_POINT('',(-0.00470469189880045,-0.0421031100866068,0.138372412577275));
#5876=CARTESIAN_POINT('',(-0.00470469189880045,-0.0432059666632114,0.134256495799925));
#5877=CARTESIAN_POINT('',(-0.00470469189880045,-0.0432169952289775,0.134215336632151));
#5878=CARTESIAN_POINT('',(-0.00470469189880045,-0.0432280237947436,0.134174177464378));
#5879=CARTESIAN_POINT('',(-0.00470469189880045,-0.0432390523605096,0.134133018296604));
#5880=CARTESIAN_POINT('',(-0.0346244311668762,-0.0462060470918367,0.16));
#5881=CARTESIAN_POINT('',(-0.0346244311668762,-0.0462060470918367,0.152763273080279));
#5882=CARTESIAN_POINT('',(-0.00483094632812542,-0.0420264105506903,0.138363064115061));
#5883=CARTESIAN_POINT('',(-0.00483094632812542,-0.0431320679064187,0.13423669468772));
#5884=CARTESIAN_POINT('',(-0.00483094632812542,-0.043143124479976,0.134195430993447));
#5885=CARTESIAN_POINT('',(-0.00483094632812542,-0.0431541810535332,0.134154167299174));
#5886=CARTESIAN_POINT('',(-0.00483094632812542,-0.0431652376270905,0.1341129036049));
#5887=CARTESIAN_POINT('',(-0.0347827074901295,-0.0460935221288827,0.16));
#5888=CARTESIAN_POINT('',(-0.0347827074901295,-0.0460935221288827,0.152758908351609));
#5889=CARTESIAN_POINT('',(-0.00489345169929694,-0.0419873726368197,0.13835838894076));
#5890=CARTESIAN_POINT('',(-0.00489345169929694,-0.0430944762433468,0.134226622031958));
#5891=CARTESIAN_POINT('',(-0.00489345169929694,-0.0431055472794121,0.13418530436287));
#5892=CARTESIAN_POINT('',(-0.00489345169929694,-0.0431166183154773,0.134143986693782));
#5893=CARTESIAN_POINT('',(-0.00489345169929694,-0.0431276893515426,0.134102669024694));
#5894=CARTESIAN_POINT('',(-0.0350954533069834,-0.0458569449549018,0.16));
#5895=CARTESIAN_POINT('',(-0.0350954533069834,-0.0458569449549018,0.152750156053647));
#5896=CARTESIAN_POINT('',(-0.00501665586532296,-0.0419082989436683,0.1383492073844));
#5897=CARTESIAN_POINT('',(-0.00501665586532296,-0.043018404094161,0.134206238561017));
#5898=CARTESIAN_POINT('',(-0.00501665586532296,-0.0430295051456659,0.134164808872783));
#5899=CARTESIAN_POINT('',(-0.00501665586532296,-0.0430406061971708,0.13412337918455));
#5900=CARTESIAN_POINT('',(-0.00501665586532296,-0.0430517072486757,0.134081949496316));
#5901=CARTESIAN_POINT('',(-0.0352499254222743,-0.0457328915831069,0.16));
#5902=CARTESIAN_POINT('',(-0.0352499254222743,-0.0457328915831069,0.152745768124627));
#5903=CARTESIAN_POINT('',(-0.00507735460082372,-0.0418682628051487,0.138344702844352));
#5904=CARTESIAN_POINT('',(-0.00507735460082372,-0.0429799237333755,0.13419592777942));
#5905=CARTESIAN_POINT('',(-0.00507735460082372,-0.0429910403426578,0.134154440028771));
#5906=CARTESIAN_POINT('',(-0.00507735460082372,-0.04300215695194,0.134112952278122));
#5907=CARTESIAN_POINT('',(-0.00507735460082372,-0.0430132735612223,0.134071464527472));
#5908=CARTESIAN_POINT('',(-0.0355557898848739,-0.0454715071188479,0.16));
#5909=CARTESIAN_POINT('',(-0.0355557898848739,-0.0454715071188479,0.152736978102255));
#5910=CARTESIAN_POINT('',(-0.00519641883930895,-0.041787614572985,0.138336066715945));
#5911=CARTESIAN_POINT('',(-0.00519641883930895,-0.0429025188762798,0.134175187210471));
#5912=CARTESIAN_POINT('',(-0.00519641883930895,-0.0429136679193127,0.134133578415417));
#5913=CARTESIAN_POINT('',(-0.00519641883930895,-0.0429248169623457,0.134091969620362));
#5914=CARTESIAN_POINT('',(-0.00519641883930895,-0.0429359660053786,0.134050360825307));
#5915=CARTESIAN_POINT('',(-0.0357071852847104,-0.0453341747558997,0.16));
#5916=CARTESIAN_POINT('',(-0.0357071852847104,-0.0453341747558997,0.152732576008903));
#5917=CARTESIAN_POINT('',(-0.00525478432255129,-0.0417470026389948,0.138331935170364));
#5918=CARTESIAN_POINT('',(-0.00525478432255129,-0.0428635945396234,0.134164757465898));
#5919=CARTESIAN_POINT('',(-0.00525478432255129,-0.0428747604586297,0.134123085688854));
#5920=CARTESIAN_POINT('',(-0.00525478432255129,-0.042885926377636,0.134081413911809));
#5921=CARTESIAN_POINT('',(-0.00525478432255129,-0.0428970922966423,0.134039742134764));
#5922=CARTESIAN_POINT('',(-0.0360071542301532,-0.0450441443066471,0.16));
#5923=CARTESIAN_POINT('',(-0.0360071542301532,-0.0450441443066471,0.152723767053617));
#5924=CARTESIAN_POINT('',(-0.00536869302858684,-0.0416656701705015,0.138324257490572));
#5925=CARTESIAN_POINT('',(-0.00536869302858684,-0.0427857908934947,0.13414391004175));
#5926=CARTESIAN_POINT('',(-0.00536869302858684,-0.0427969921007246,0.134102106567262));
#5927=CARTESIAN_POINT('',(-0.00536869302858684,-0.0428081933079546,0.134060303092774));
#5928=CARTESIAN_POINT('',(-0.00536869302858684,-0.0428193945151845,0.134018499618285));
#5929=CARTESIAN_POINT('',(-0.036155731350242,-0.0448914446091461,0.16));
#5930=CARTESIAN_POINT('',(-0.036155731350242,-0.0448914446091461,0.152719359811897));
#5931=CARTESIAN_POINT('',(-0.00542423627635144,-0.0416249486678222,0.138320715726163));
#5932=CARTESIAN_POINT('',(-0.00542423627635144,-0.0427469117731528,0.134133492412852));
#5933=CARTESIAN_POINT('',(-0.00542423627635144,-0.0427581314042061,0.134091620179719));
#5934=CARTESIAN_POINT('',(-0.00542423627635144,-0.0427693510352594,0.134049747946586));
#5935=CARTESIAN_POINT('',(-0.00542423627635144,-0.0427805706663127,0.134007875713453));
#5936=CARTESIAN_POINT('',(-0.0364497534184842,-0.0445682962192804,0.16));
#5937=CARTESIAN_POINT('',(-0.0364497534184842,-0.0445682962192804,0.15271057269729));
#5938=CARTESIAN_POINT('',(-0.00553204905240239,-0.0415438980568974,0.13831446141846));
#5939=CARTESIAN_POINT('',(-0.00553204905240239,-0.042669726946738,0.134112810800946));
#5940=CARTESIAN_POINT('',(-0.00553204905240239,-0.0426809852356363,0.134070794294771));
#5941=CARTESIAN_POINT('',(-0.00553204905240239,-0.0426922435245348,0.134028777788596));
#5942=CARTESIAN_POINT('',(-0.00553204905240239,-0.0427035018134332,0.133986761282421));
#5943=CARTESIAN_POINT('',(-0.0365952025107739,-0.0443978452821461,0.16));
#5944=CARTESIAN_POINT('',(-0.0365952025107739,-0.0443978452821461,0.152706192824402));
#5945=CARTESIAN_POINT('',(-0.00558431865441711,-0.041503569162518,0.13831174893247));
#5946=CARTESIAN_POINT('',(-0.00558431865441711,-0.0426314214545314,0.134102546875244));
#5947=CARTESIAN_POINT('',(-0.00558431865441711,-0.0426426999774514,0.134060454854671));
#5948=CARTESIAN_POINT('',(-0.00558431865441711,-0.0426539785003716,0.134018362834099));
#5949=CARTESIAN_POINT('',(-0.00558431865441711,-0.0426652570232917,0.133976270813527));
#5950=CARTESIAN_POINT('',(-0.0368819743301044,-0.044036572496686,0.16));
#5951=CARTESIAN_POINT('',(-0.0368819743301044,-0.044036572496686,0.15269749334444));
#5952=CARTESIAN_POINT('',(-0.00568516878312304,-0.041423840238848,0.138307397238584));
#5953=CARTESIAN_POINT('',(-0.00568516878312304,-0.0425559454325675,0.134082323136111));
#5954=CARTESIAN_POINT('',(-0.00568516878312304,-0.0425672664845047,0.134040072395086));
#5955=CARTESIAN_POINT('',(-0.00568516878312304,-0.0425785875364419,0.133997821654061));
#5956=CARTESIAN_POINT('',(-0.00568516878312304,-0.042589908588379,0.133955570913036));
#5957=CARTESIAN_POINT('',(-0.0370233017551426,-0.0438457474069645,0.16));
#5958=CARTESIAN_POINT('',(-0.0370233017551426,-0.0438457474069645,0.15269317346641));
#5959=CARTESIAN_POINT('',(-0.00573374943515289,-0.0413844404438437,0.138305758093465));
#5960=CARTESIAN_POINT('',(-0.00573374943515289,-0.0425187751370967,0.134072363385457));
#5961=CARTESIAN_POINT('',(-0.00573374943515289,-0.0425301184840292,0.134030029438377));
#5962=CARTESIAN_POINT('',(-0.00573374943515289,-0.0425414618309617,0.133987695491297));
#5963=CARTESIAN_POINT('',(-0.00573374943515289,-0.0425528051778942,0.133945361544216));
#5964=CARTESIAN_POINT('',(-0.0373000193993358,-0.0434409465495431,0.16));
#5965=CARTESIAN_POINT('',(-0.0373000193993358,-0.0434409465495431,0.152684652879417));
#5966=CARTESIAN_POINT('',(-0.00582683943522373,-0.0413071326120384,0.138303804218176));
#5967=CARTESIAN_POINT('',(-0.00582683943522373,-0.0424461574792445,0.134052905542679));
#5968=CARTESIAN_POINT('',(-0.00582683943522373,-0.0424575477279166,0.134010396555924));
#5969=CARTESIAN_POINT('',(-0.00582683943522373,-0.0424689379765887,0.133967887569169));
#5970=CARTESIAN_POINT('',(-0.00582683943522373,-0.0424803282252608,0.133925378582414));
#5971=CARTESIAN_POINT('',(-0.0374354147602971,-0.0432269661052628,0.16));
#5972=CARTESIAN_POINT('',(-0.0374354147602971,-0.0432269661052628,0.152680452170455));
#5973=CARTESIAN_POINT('',(-0.00587134896178492,-0.0412692248263886,0.138303489555303));
#5974=CARTESIAN_POINT('',(-0.00587134896178492,-0.0424107103680142,0.134043407517851));
#5975=CARTESIAN_POINT('',(-0.00587134896178492,-0.0424221252234305,0.134000806697476));
#5976=CARTESIAN_POINT('',(-0.00587134896178492,-0.0424335400788468,0.133958205877102));
#5977=CARTESIAN_POINT('',(-0.00587134896178492,-0.042444954934263,0.133915605056727));
#5978=CARTESIAN_POINT('',(-0.0377588497360812,-0.04266676029426,0.16));
#5979=CARTESIAN_POINT('',(-0.0377588497360812,-0.04266676029426,0.15267030426223));
#5980=CARTESIAN_POINT('',(-0.00597574803791902,-0.04117821876976,0.138304663634926));
#5981=CARTESIAN_POINT('',(-0.00597574803791902,-0.0423260940811364,0.134020734652115));
#5982=CARTESIAN_POINT('',(-0.00597574803791902,-0.0423375728342502,0.133977895362287));
#5983=CARTESIAN_POINT('',(-0.00597574803791902,-0.0423490515873639,0.133935056072459));
#5984=CARTESIAN_POINT('',(-0.00597574803791902,-0.0423605303404777,0.133892216782631));
#5985=CARTESIAN_POINT('',(-0.0379609694884193,-0.0423166786139971,0.16));
#5986=CARTESIAN_POINT('',(-0.0379609694884193,-0.0423166786139971,0.152664010323246));
#5987=CARTESIAN_POINT('',(-0.00603464608212036,-0.0411251117560115,0.138306534949761));
#5988=CARTESIAN_POINT('',(-0.00603464608212036,-0.0422770123914583,0.134007583253003));
#5989=CARTESIAN_POINT('',(-0.00603464608212036,-0.0422885313978128,0.133964593736035));
#5990=CARTESIAN_POINT('',(-0.00603464608212036,-0.0423000504041672,0.133921604219068));
#5991=CARTESIAN_POINT('',(-0.00603464608212036,-0.0423115694105217,0.1338786147021));
#5992=CARTESIAN_POINT('',(-0.0383819176483505,-0.0415875750136437,0.16));
#5993=CARTESIAN_POINT('',(-0.0383819176483505,-0.0415875750136437,0.152650908898124));
#5994=CARTESIAN_POINT('',(-0.00614698310638117,-0.041020810795469,0.13831238142732));
#5995=CARTESIAN_POINT('',(-0.00614698310638117,-0.0421811598898424,0.133981899652603));
#5996=CARTESIAN_POINT('',(-0.00614698310638117,-0.0421927633807861,0.133938594834855));
#5997=CARTESIAN_POINT('',(-0.00614698310638117,-0.0422043668717299,0.133895290017108));
#5998=CARTESIAN_POINT('',(-0.00614698310638117,-0.0422159703626737,0.133851985199361));
#5999=CARTESIAN_POINT('',(-0.0386007460559435,-0.0412085530935532,0.16));
#6000=CARTESIAN_POINT('',(-0.0386007460559435,-0.0412085530935532,0.152644101411987));
#6001=CARTESIAN_POINT('',(-0.0062004219680179,-0.0409696162700449,0.138316356435));
#6002=CARTESIAN_POINT('',(-0.00620042196801791,-0.0421343884992744,0.133969367296271));
#6003=CARTESIAN_POINT('',(-0.00620042196801791,-0.0421460362215667,0.133925897404884));
#6004=CARTESIAN_POINT('',(-0.00620042196801791,-0.042157683943859,0.133882427513496));
#6005=CARTESIAN_POINT('',(-0.00620042196801791,-0.0421693316661512,0.133838957622109));
#6006=CARTESIAN_POINT('',(-0.0390523727445903,-0.0404263127227628,0.16));
#6007=CARTESIAN_POINT('',(-0.0390523727445903,-0.0404263127227628,0.152629974210618));
#6008=CARTESIAN_POINT('',(-0.00630272616735965,-0.0408688969491082,0.138326141499867));
#6009=CARTESIAN_POINT('',(-0.00630272616735965,-0.042042862359731,0.133944842941094));
#6010=CARTESIAN_POINT('',(-0.00630272616735965,-0.0420546020138373,0.133901029955506));
#6011=CARTESIAN_POINT('',(-0.00630272616735965,-0.0420663416679435,0.133857216969918));
#6012=CARTESIAN_POINT('',(-0.00630272616735965,-0.0420780813220497,0.133813403984331));
#6013=CARTESIAN_POINT('',(-0.0392851710256442,-0.0400230942720627,0.16));
#6014=CARTESIAN_POINT('',(-0.0392851710256442,-0.0400230942720627,0.152622653116964));
#6015=CARTESIAN_POINT('',(-0.00635159137655976,-0.0408193713621267,0.138331952610198));
#6016=CARTESIAN_POINT('',(-0.00635159137655976,-0.0419981071355914,0.133932850814929));
#6017=CARTESIAN_POINT('',(-0.00635159137655976,-0.042009894493326,0.133888859796976));
#6018=CARTESIAN_POINT('',(-0.00635159137655976,-0.0420216818510607,0.133844868779023));
#6019=CARTESIAN_POINT('',(-0.00635159137655976,-0.0420334692087954,0.133800877761071));
#6020=CARTESIAN_POINT('',(-0.0397619986794186,-0.0391972045492717,0.16));
#6021=CARTESIAN_POINT('',(-0.0397619986794186,-0.0391972045492717,0.152607512558371));
#6022=CARTESIAN_POINT('',(-0.00644557440922236,-0.0407216666792408,0.138345107447744));
#6023=CARTESIAN_POINT('',(-0.00644557440922236,-0.0419102361348111,0.133909305851231));
#6024=CARTESIAN_POINT('',(-0.00644557440922236,-0.0419221218293668,0.133864947835266));
#6025=CARTESIAN_POINT('',(-0.00644557440922236,-0.0419340075239225,0.133820589819301));
#6026=CARTESIAN_POINT('',(-0.00644557440922236,-0.0419458932184782,0.133776231803336));
#6027=CARTESIAN_POINT('',(-0.0400060280521392,-0.0387745332771805,0.16));
#6028=CARTESIAN_POINT('',(-0.0400060280521392,-0.0387745332771805,0.152599693093432));
#6029=CARTESIAN_POINT('',(-0.00649069211374798,-0.0406734872020764,0.138352451072801));
#6030=CARTESIAN_POINT('',(-0.00649069211374798,-0.0418671199769104,0.133897752911541));
#6031=CARTESIAN_POINT('',(-0.00649069211374798,-0.0418790563046588,0.133853205929929));
#6032=CARTESIAN_POINT('',(-0.00649069211374798,-0.0418909926324071,0.133808658948316));
#6033=CARTESIAN_POINT('',(-0.00649069211374798,-0.0419029289601554,0.133764111966703));
#6034=CARTESIAN_POINT('',(-0.0407508546351098,-0.0374844557926475,0.16));
#6035=CARTESIAN_POINT('',(-0.0407508546351098,-0.0374844557926475,0.152575512063667));
#6036=CARTESIAN_POINT('',(-0.00662157993006362,-0.0405303793746662,0.138376295488498));
#6037=CARTESIAN_POINT('',(-0.00662157993006362,-0.0417395596601206,0.133863573227671));
#6038=CARTESIAN_POINT('',(-0.00662157993006362,-0.0417516514629752,0.133818446005063));
#6039=CARTESIAN_POINT('',(-0.00662157993006362,-0.0417637432658298,0.133773318782455));
#6040=CARTESIAN_POINT('',(-0.00662157993006362,-0.0417758350686843,0.133728191559846));
#6041=CARTESIAN_POINT('',(-0.0412643903101687,-0.0365949859119463,0.16));
#6042=CARTESIAN_POINT('',(-0.0412643903101687,-0.0365949859119463,0.15255842456796));
#6043=CARTESIAN_POINT('',(-0.00670290950552692,-0.0404369066692432,0.138394617407748));
#6044=CARTESIAN_POINT('',(-0.00670290950552692,-0.0416569289184934,0.133841432387182));
#6045=CARTESIAN_POINT('',(-0.00670290950552692,-0.0416691291409859,0.133795900536976));
#6046=CARTESIAN_POINT('',(-0.00670290950552692,-0.0416813293634784,0.133750368686771));
#6047=CARTESIAN_POINT('',(-0.00670290950552692,-0.0416935295859709,0.133704836836565));
#6048=CARTESIAN_POINT('',(-0.0423035206454246,-0.034795159375597,0.16));
#6049=CARTESIAN_POINT('',(-0.0423035206454246,-0.034795159375597,0.152522637947244));
#6050=CARTESIAN_POINT('',(-0.00685925611668871,-0.0402500371863619,0.13843318725599));
#6051=CARTESIAN_POINT('',(-0.00685925611668871,-0.0414922197794296,0.133797298706384));
#6052=CARTESIAN_POINT('',(-0.00685925611668871,-0.0415046416053603,0.133750939820888));
#6053=CARTESIAN_POINT('',(-0.00685925611668871,-0.0415170634312909,0.133704580935392));
#6054=CARTESIAN_POINT('',(-0.00685925611668871,-0.0415294852572217,0.133658222049896));
#6055=CARTESIAN_POINT('',(-0.0428291153056215,-0.0338848027199489,0.16));
#6056=CARTESIAN_POINT('',(-0.0428291153056215,-0.0338848027199489,0.152503940251871));
#6057=CARTESIAN_POINT('',(-0.00693427296081438,-0.0401566358303464,0.138453432632979));
#6058=CARTESIAN_POINT('',(-0.00693427296081438,-0.0414101364721402,0.133775304550484));
#6059=CARTESIAN_POINT('',(-0.00693427296081438,-0.0414226714785582,0.133728523269659));
#6060=CARTESIAN_POINT('',(-0.00693427296081438,-0.0414352064849761,0.133681741988834));
#6061=CARTESIAN_POINT('',(-0.00693427296081438,-0.041447741491394,0.133634960708009));
#6062=CARTESIAN_POINT('',(-0.0438704533568005,-0.0320811523074522,0.16));
#6063=CARTESIAN_POINT('',(-0.0438704533568005,-0.0320811523074522,0.152465447549651));
#6064=CARTESIAN_POINT('',(-0.00708274687494901,-0.0399653933990975,0.138492571556985));
#6065=CARTESIAN_POINT('',(-0.00708274687494901,-0.0412414895856459,0.133730115753442));
#6066=CARTESIAN_POINT('',(-0.00708274687494901,-0.0412542505475113,0.133682491195406));
#6067=CARTESIAN_POINT('',(-0.00708274687494901,-0.0412670115093769,0.133634866637371));
#6068=CARTESIAN_POINT('',(-0.00708274687494901,-0.0412797724712423,0.133587242079335));
#6069=CARTESIAN_POINT('',(-0.0443861967477824,-0.0311878585506036,0.16));
#6070=CARTESIAN_POINT('',(-0.0443861967477824,-0.0311878585506036,0.152445656547216));
#6071=CARTESIAN_POINT('',(-0.00715620765415521,-0.0398675516206635,0.138511462389016));
#6072=CARTESIAN_POINT('',(-0.00715620765415521,-0.041154924671599,0.13370692075463));
#6073=CARTESIAN_POINT('',(-0.00715620765415521,-0.0411677984021083,0.133658875338286));
#6074=CARTESIAN_POINT('',(-0.00715620765415521,-0.0411806721326177,0.133610829921942));
#6075=CARTESIAN_POINT('',(-0.00715620765415521,-0.0411935458631271,0.133562784505598));
#6076=CARTESIAN_POINT('',(-0.04513599069158,-0.0298891773447388,0.16));
#6077=CARTESIAN_POINT('',(-0.04513599069158,-0.0298891773447388,0.152415641951317));
#6078=CARTESIAN_POINT('',(-0.00726816710485522,-0.0397136021665776,0.138536109168589));
#6079=CARTESIAN_POINT('',(-0.00726816710485522,-0.0410174495703807,0.133670084412279));
#6080=CARTESIAN_POINT('',(-0.00726816710485522,-0.0410304880444188,0.133621424164716));
#6081=CARTESIAN_POINT('',(-0.00726816710485522,-0.0410435265184568,0.133572763917153));
#6082=CARTESIAN_POINT('',(-0.00726816710485522,-0.0410565649924949,0.13352410366959));
#6083=CARTESIAN_POINT('',(-0.0453819518157333,-0.0294631601810185,0.16));
#6084=CARTESIAN_POINT('',(-0.0453819518157333,-0.0294631601810185,0.152405584197188));
#6085=CARTESIAN_POINT('',(-0.0073057747552099,-0.039661083023658,0.138543707779354));
#6086=CARTESIAN_POINT('',(-0.0073057747552099,-0.0409703481956355,0.133657463636954));
#6087=CARTESIAN_POINT('',(-0.0073057747552099,-0.0409834408473553,0.13360860119553));
#6088=CARTESIAN_POINT('',(-0.0073057747552099,-0.040996533499075,0.133559738754106));
#6089=CARTESIAN_POINT('',(-0.0073057747552099,-0.0410096261507948,0.133510876312682));
#6090=CARTESIAN_POINT('',(-0.0458631949013538,-0.0286296227059326,0.16));
#6091=CARTESIAN_POINT('',(-0.0458631949013538,-0.0286296227059326,0.152385451492198));
#6092=CARTESIAN_POINT('',(-0.00738196222318525,-0.039552937326133,0.138557201030635));
#6093=CARTESIAN_POINT('',(-0.00738196222318525,-0.0408728201990099,0.133631331089018));
#6094=CARTESIAN_POINT('',(-0.00738196222318525,-0.0408860190277387,0.133582072389602));
#6095=CARTESIAN_POINT('',(-0.00738196222318525,-0.0408992178564674,0.133532813690186));
#6096=CARTESIAN_POINT('',(-0.00738196222318525,-0.0409124166851961,0.13348355499077));
#6097=CARTESIAN_POINT('',(-0.0460984768628212,-0.0282221023945667,0.16));
#6098=CARTESIAN_POINT('',(-0.0460984768628212,-0.0282221023945667,0.152375376541335));
#6099=CARTESIAN_POINT('',(-0.00742054239299804,-0.0394973108280538,0.138563095686296));
#6100=CARTESIAN_POINT('',(-0.00742054239299804,-0.0408223936336556,0.133617819331555));
#6101=CARTESIAN_POINT('',(-0.00742054239299804,-0.0408356444617117,0.133568366568007));
#6102=CARTESIAN_POINT('',(-0.00742054239299804,-0.0408488952897677,0.13351891380446));
#6103=CARTESIAN_POINT('',(-0.00742054239299804,-0.0408621461178237,0.133469461040912));
#6104=CARTESIAN_POINT('',(-0.0465556228412757,-0.0274303023334076,0.16));
#6105=CARTESIAN_POINT('',(-0.0465556228412757,-0.0274303023334076,0.152355298023802));
#6106=CARTESIAN_POINT('',(-0.00749899926499267,-0.0393822057422993,0.138572699611981));
#6107=CARTESIAN_POINT('',(-0.00749899926499267,-0.0407174001080154,0.133589686401149));
#6108=CARTESIAN_POINT('',(-0.00749899926499267,-0.0407307520516726,0.13353985626904));
#6109=CARTESIAN_POINT('',(-0.00749899926499267,-0.0407441039953297,0.133490026136932));
#6110=CARTESIAN_POINT('',(-0.00749899926499267,-0.0407574559389869,0.133440196004824));
#6111=CARTESIAN_POINT('',(-0.0467774868582629,-0.0270460225836144,0.16));
#6112=CARTESIAN_POINT('',(-0.0467774868582629,-0.0270460225836144,0.152345297302826));
#6113=CARTESIAN_POINT('',(-0.00753887641264439,-0.039322727405052,0.138576408200093));
#6114=CARTESIAN_POINT('',(-0.00753887641264439,-0.0406628332109044,0.133575065245134));
#6115=CARTESIAN_POINT('',(-0.00753887641264439,-0.040676234268963,0.133525051815585));
#6116=CARTESIAN_POINT('',(-0.00753887641264439,-0.0406896353270214,0.133475038386035));
#6117=CARTESIAN_POINT('',(-0.00753887641264439,-0.04070303638508,0.133425024956486));
#6118=CARTESIAN_POINT('',(-0.0472050581659634,-0.0263054473548186,0.16));
#6119=CARTESIAN_POINT('',(-0.0472050581659634,-0.0263054473548186,0.152325459556656));
#6120=CARTESIAN_POINT('',(-0.0076201670013778,-0.0391991304157285,0.138581143061571));
#6121=CARTESIAN_POINT('',(-0.0076201670013778,-0.0405486993653193,0.133544483173381));
#6122=CARTESIAN_POINT('',(-0.0076201670013778,-0.0405621950548152,0.133494116574499));
#6123=CARTESIAN_POINT('',(-0.0076201670013778,-0.0405756907443111,0.133443749975617));
#6124=CARTESIAN_POINT('',(-0.0076201670013778,-0.040589186433807,0.133393383376735));
#6125=CARTESIAN_POINT('',(-0.0474107654566765,-0.0259491518758161,0.16));
#6126=CARTESIAN_POINT('',(-0.0474107654566765,-0.0259491518758161,0.152315622531462));
#6127=CARTESIAN_POINT('',(-0.00766158098845339,-0.0391350118157592,0.138582169348898));
#6128=CARTESIAN_POINT('',(-0.00766158098845339,-0.0404891324689521,0.133528522271604));
#6129=CARTESIAN_POINT('',(-0.00766158098845339,-0.0405026736754839,0.133477985800831));
#6130=CARTESIAN_POINT('',(-0.00766158098845339,-0.0405162148820159,0.133427449330058));
#6131=CARTESIAN_POINT('',(-0.00766158098845339,-0.0405297560885478,0.133376912859285));
#6132=CARTESIAN_POINT('',(-0.0478032845300346,-0.0252692888978201,0.16));
#6133=CARTESIAN_POINT('',(-0.0478032845300346,-0.0252692888978201,0.152296198797058));
#6134=CARTESIAN_POINT('',(-0.0077460855694952,-0.0390012993900978,0.138581031668333));
#6135=CARTESIAN_POINT('',(-0.0077460855694952,-0.0403640926572679,0.133495017955041));
#6136=CARTESIAN_POINT('',(-0.0077460855694952,-0.0403777205899397,0.133444157817908));
#6137=CARTESIAN_POINT('',(-0.0077460855694952,-0.0403913485226114,0.133393297680775));
#6138=CARTESIAN_POINT('',(-0.0077460855694952,-0.040404976455283,0.133342437543642));
#6139=CARTESIAN_POINT('',(-0.0479900963126796,-0.0249457213988265,0.16));
#6140=CARTESIAN_POINT('',(-0.0479900963126796,-0.0249457213988265,0.152286612765654));
#6141=CARTESIAN_POINT('',(-0.00778917681698843,-0.0389317058132286,0.138578866848497));
#6142=CARTESIAN_POINT('',(-0.00778917681698843,-0.0402986197611201,0.133477474545392));
#6143=CARTESIAN_POINT('',(-0.00778917681698843,-0.040312288900599,0.133426460622361));
#6144=CARTESIAN_POINT('',(-0.00778917681698843,-0.0403259580400779,0.13337544669933));
#6145=CARTESIAN_POINT('',(-0.00778917681698843,-0.0403396271795568,0.133324432776299));
#6146=CARTESIAN_POINT('',(-0.0483420855881072,-0.0243360580900664,0.16));
#6147=CARTESIAN_POINT('',(-0.0483420855881072,-0.0243360580900664,0.152267770166931));
#6148=CARTESIAN_POINT('',(-0.00787705881891222,-0.0387861603078016,0.138570829071236));
#6149=CARTESIAN_POINT('',(-0.00787705881891222,-0.040160814511538,0.133440549740054));
#6150=CARTESIAN_POINT('',(-0.00787705881891222,-0.0401745610535753,0.133389246946742));
#6151=CARTESIAN_POINT('',(-0.00787705881891222,-0.0401883075956127,0.13333794415343));
#6152=CARTESIAN_POINT('',(-0.00787705881891222,-0.0402020541376501,0.133286641360118));
#6153=CARTESIAN_POINT('',(-0.0485072630808899,-0.0240499622803,0.16));
#6154=CARTESIAN_POINT('',(-0.0485072630808899,-0.0240499622803,0.152258513599612));
#6155=CARTESIAN_POINT('',(-0.00792185034056601,-0.0387102083385486,0.138564956102906));
#6156=CARTESIAN_POINT('',(-0.00792185034056601,-0.0400884821174088,0.13342116833346));
#6157=CARTESIAN_POINT('',(-0.00792185034056601,-0.0401022648551973,0.133369730455766));
#6158=CARTESIAN_POINT('',(-0.00792185034056601,-0.040116047592986,0.133318292578071));
#6159=CARTESIAN_POINT('',(-0.00792185034056601,-0.0401298303307746,0.133266854700377));
#6160=CARTESIAN_POINT('',(-0.0487426490146852,-0.0236422618835794,0.16));
#6161=CARTESIAN_POINT('',(-0.0487426490146852,-0.0236422618835794,0.152244585099847));
#6162=CARTESIAN_POINT('',(-0.0079919831466296,-0.0385877441570852,0.138552660764643));
#6163=CARTESIAN_POINT('',(-0.0079919831466296,-0.0399711476460106,0.133389728656605));
#6164=CARTESIAN_POINT('',(-0.0079919831466296,-0.0399849816808998,0.133338099335525));
#6165=CARTESIAN_POINT('',(-0.0079919831466296,-0.0399988157157891,0.133286470014444));
#6166=CARTESIAN_POINT('',(-0.0079919831466296,-0.0400126497506784,0.133234840693364));
#6167=CARTESIAN_POINT('',(-0.0488174835753355,-0.0235045422468659,0.16));
#6168=CARTESIAN_POINT('',(-0.0488174835753355,-0.0235045422468659,0.152239788169811));
#6169=CARTESIAN_POINT('',(-0.00801744477064149,-0.0385426774501166,0.138547418225625));
#6170=CARTESIAN_POINT('',(-0.00801744477064149,-0.039927789201222,0.133378110796339));
#6171=CARTESIAN_POINT('',(-0.00801744477064149,-0.039941640318733,0.133326417722046));
#6172=CARTESIAN_POINT('',(-0.00801744477064149,-0.0399554914362441,0.133274724647753));
#6173=CARTESIAN_POINT('',(-0.00801744477064149,-0.0399693425537552,0.13322303157346));
#6174=CARTESIAN_POINT('',(-0.0489545943353585,-0.0232389139678394,0.16));
#6175=CARTESIAN_POINT('',(-0.0489545943353585,-0.0232389139678394,0.152230313689425));
#6176=CARTESIAN_POINT('',(-0.00806971956339686,-0.0384484695185093,0.138535197160365));
#6177=CARTESIAN_POINT('',(-0.00806971956339686,-0.0398368367380985,0.133353740157295));
#6178=CARTESIAN_POINT('',(-0.00806971956339686,-0.0398507204102944,0.133301925587264));
#6179=CARTESIAN_POINT('',(-0.00806971956339686,-0.0398646040824903,0.133250111017234));
#6180=CARTESIAN_POINT('',(-0.00806971956339686,-0.0398784877546862,0.133198296447203));
#6181=CARTESIAN_POINT('',(-0.0490168698754303,-0.0231110021104603,0.16));
#6182=CARTESIAN_POINT('',(-0.0490168698754303,-0.0231110021104603,0.152225636139074));
#6183=CARTESIAN_POINT('',(-0.00809653250411984,-0.0383993281673711,0.138528218600228));
#6184=CARTESIAN_POINT('',(-0.00809653250411984,-0.039789242593264,0.133340987344622));
#6185=CARTESIAN_POINT('',(-0.00809653250411984,-0.039803141737523,0.133289115032066));
#6186=CARTESIAN_POINT('',(-0.00809653250411984,-0.0398170408817819,0.13323724271951));
#6187=CARTESIAN_POINT('',(-0.00809653250411984,-0.0398309400260408,0.133185370406954));
#6188=CARTESIAN_POINT('',(-0.0491310734396236,-0.0228644297626504,0.16));
#6189=CARTESIAN_POINT('',(-0.0491310734396236,-0.0228644297626504,0.152216362536351));
#6190=CARTESIAN_POINT('',(-0.00815104767023539,-0.0382973094063692,0.138512670775758));
#6191=CARTESIAN_POINT('',(-0.00815104767023539,-0.0396901708373006,0.133314441147619));
#6192=CARTESIAN_POINT('',(-0.00815104767023539,-0.0397040994516098,0.133262458851338));
#6193=CARTESIAN_POINT('',(-0.00815104767023539,-0.0397180280659192,0.133210476555056));
#6194=CARTESIAN_POINT('',(-0.00815104767023539,-0.0397319566802285,0.133158494258775));
#6195=CARTESIAN_POINT('',(-0.0491830005472537,-0.0227457667052492,0.16));
#6196=CARTESIAN_POINT('',(-0.0491830005472537,-0.0227457667052492,0.152211765836955));
#6197=CARTESIAN_POINT('',(-0.00817874968227519,-0.0382444315905082,0.138504102650046));
#6198=CARTESIAN_POINT('',(-0.00817874968227519,-0.039638693132026,0.133300647738063));
#6199=CARTESIAN_POINT('',(-0.00817874968227519,-0.0396526357474412,0.133248613188943));
#6200=CARTESIAN_POINT('',(-0.00817874968227519,-0.0396665783628564,0.133196578639823));
#6201=CARTESIAN_POINT('',(-0.00817874968227519,-0.0396805209782716,0.133144544090703));
#6202=CARTESIAN_POINT('',(-0.049278391264113,-0.0225168412775335,0.16));
#6203=CARTESIAN_POINT('',(-0.049278391264113,-0.0225168412775335,0.152202623183377));
#6204=CARTESIAN_POINT('',(-0.00823459841875109,-0.038135291537442,0.138485545471116));
#6205=CARTESIAN_POINT('',(-0.00823459841875109,-0.0395322247814974,0.133272119629519));
#6206=CARTESIAN_POINT('',(-0.00823459841875109,-0.0395461941139379,0.133219985371103));
#6207=CARTESIAN_POINT('',(-0.00823459841875109,-0.0395601634463785,0.133167851112687));
#6208=CARTESIAN_POINT('',(-0.00823459841875109,-0.039574132778819,0.133115716854271));
#6209=CARTESIAN_POINT('',(-0.0493218538598991,-0.0224065768904113,0.16));
#6210=CARTESIAN_POINT('',(-0.0493218538598991,-0.0224065768904113,0.152198077229196));
#6211=CARTESIAN_POINT('',(-0.00826274494598314,-0.0380790292383162,0.138475556401306));
#6212=CARTESIAN_POINT('',(-0.00826274494598314,-0.0394772340743229,0.13325738491394));
#6213=CARTESIAN_POINT('',(-0.00826274494598314,-0.0394912161226829,0.133205203199067));
#6214=CARTESIAN_POINT('',(-0.00826274494598314,-0.039505198171043,0.133153021484193));
#6215=CARTESIAN_POINT('',(-0.00826274494598314,-0.0395191802194031,0.133100839769319));
#6216=CARTESIAN_POINT('',(-0.0494019022763606,-0.0221933754426902,0.16));
#6217=CARTESIAN_POINT('',(-0.0494019022763606,-0.0221933754426902,0.152189006607325));
#6218=CARTESIAN_POINT('',(-0.00831906199313358,-0.0379634932384903,0.138454330345447));
#6219=CARTESIAN_POINT('',(-0.00831906199313358,-0.0393641310049947,0.133227079037852));
#6220=CARTESIAN_POINT('',(-0.00831906199313358,-0.0393781373826597,0.133174806524776));
#6221=CARTESIAN_POINT('',(-0.00831906199313358,-0.0393921437603248,0.133122534011701));
#6222=CARTESIAN_POINT('',(-0.00831906199313358,-0.0394061501379898,0.133070261498625));
#6223=CARTESIAN_POINT('',(-0.0494384871042622,-0.0220904368199171,0.16));
#6224=CARTESIAN_POINT('',(-0.0494384871042622,-0.0220904368199171,0.152184481894574));
#6225=CARTESIAN_POINT('',(-0.00834723233403653,-0.03790421928526,0.138443094179059));
#6226=CARTESIAN_POINT('',(-0.00834723233403653,-0.0393060186121425,0.133211507869117));
#6227=CARTESIAN_POINT('',(-0.00834723233403653,-0.0393200366054113,0.133159192006018));
#6228=CARTESIAN_POINT('',(-0.00834723233403653,-0.0393340545986802,0.133106876142919));
#6229=CARTESIAN_POINT('',(-0.00834723233403653,-0.039348072591949,0.133054560279819));
#6230=CARTESIAN_POINT('',(-0.0495060999345963,-0.0218906441751496,0.16));
#6231=CARTESIAN_POINT('',(-0.0495060999345963,-0.0218906441751496,0.152175434984116));
#6232=CARTESIAN_POINT('',(-0.00840320579311703,-0.037783052469445,0.138419562841983));
#6233=CARTESIAN_POINT('',(-0.00840320579311703,-0.0391870855996702,0.133179639864472));
#6234=CARTESIAN_POINT('',(-0.00840320579311703,-0.0392011259309724,0.133127240634697));
#6235=CARTESIAN_POINT('',(-0.00840320579311703,-0.0392151662622747,0.133074841404922));
#6236=CARTESIAN_POINT('',(-0.00840320579311703,-0.039229206593577,0.133022442175147));
#6237=CARTESIAN_POINT('',(-0.0495371270499395,-0.0217937889576513,0.16));
#6238=CARTESIAN_POINT('',(-0.0495371270499395,-0.0217937889576513,0.152170912786409));
#6239=CARTESIAN_POINT('',(-0.00843100875288333,-0.0377211596055587,0.138407267670945));
#6240=CARTESIAN_POINT('',(-0.00843100875288333,-0.0391262649787485,0.133163343028213));
#6241=CARTESIAN_POINT('',(-0.00843100875288333,-0.0391403160324804,0.133110903781786));
#6242=CARTESIAN_POINT('',(-0.00843100875288333,-0.0391543670862123,0.133058464535358));
#6243=CARTESIAN_POINT('',(-0.00843100875288333,-0.0391684181399442,0.133006025288931));
#6244=CARTESIAN_POINT('',(-0.0495947061369457,-0.0216047920610749,0.16));
#6245=CARTESIAN_POINT('',(-0.0495947061369457,-0.0216047920610749,0.152161852224715));
#6246=CARTESIAN_POINT('',(-0.00848589080971935,-0.0375951705196,0.138381811640481));
#6247=CARTESIAN_POINT('',(-0.00848589080971935,-0.0390023515536332,0.133130140526022));
#6248=CARTESIAN_POINT('',(-0.00848589080971935,-0.0390164233639735,0.133077623814877));
#6249=CARTESIAN_POINT('',(-0.00848589080971935,-0.0390304951743139,0.133025107103733));
#6250=CARTESIAN_POINT('',(-0.00848589080971935,-0.0390445669846542,0.132972590392588));
#6251=CARTESIAN_POINT('',(-0.0496212573878497,-0.0215126494747851,0.16));
#6252=CARTESIAN_POINT('',(-0.0496212573878497,-0.0215126494747851,0.152157313884204));
#6253=CARTESIAN_POINT('',(-0.00851296977159266,-0.0375310741951521,0.138368651265183));
#6254=CARTESIAN_POINT('',(-0.00851296977159266,-0.0389392587749541,0.133113234866927));
#6255=CARTESIAN_POINT('',(-0.00851296977159266,-0.0389533406207522,0.133060680702944));
#6256=CARTESIAN_POINT('',(-0.00851296977159266,-0.0389674224665502,0.133008126538962));
#6257=CARTESIAN_POINT('',(-0.00851296977159266,-0.0389815043123482,0.132955572374979));
#6258=CARTESIAN_POINT('',(-0.0496707524966187,-0.0213316096839314,0.16));
#6259=CARTESIAN_POINT('',(-0.0496707524966188,-0.0213316096839314,0.152148213214026));
#6260=CARTESIAN_POINT('',(-0.00856608618256422,-0.0374011149953839,0.138341667778178));
#6261=CARTESIAN_POINT('',(-0.00856608618256422,-0.0388112593190916,0.133078937516097));
#6262=CARTESIAN_POINT('',(-0.00856608618256422,-0.0388253607623286,0.133026310213476));
#6263=CARTESIAN_POINT('',(-0.00856608618256422,-0.0388394622055658,0.132973682910855));
#6264=CARTESIAN_POINT('',(-0.00856608618256422,-0.0388535636488028,0.132921055608234));
#6265=CARTESIAN_POINT('',(-0.0496936958428335,-0.0212427117914957,0.16));
#6266=CARTESIAN_POINT('',(-0.0496936958428335,-0.0212427117914957,0.152143650884359));
#6267=CARTESIAN_POINT('',(-0.00859212352231526,-0.0373352521691407,0.138327844679622));
#6268=CARTESIAN_POINT('',(-0.00859212352231526,-0.0387463526909851,0.133061545837512));
#6269=CARTESIAN_POINT('',(-0.00859212352231526,-0.0387604636962035,0.133008882849091));
#6270=CARTESIAN_POINT('',(-0.00859212352231526,-0.038774574701422,0.13295621986067));
#6271=CARTESIAN_POINT('',(-0.00859212352231526,-0.0387886857066404,0.132903556872249));
#6272=CARTESIAN_POINT('',(-0.0497366476019279,-0.0210666198009954,0.16));
#6273=CARTESIAN_POINT('',(-0.0497366476019279,-0.0210666198009954,0.152134494366037));
#6274=CARTESIAN_POINT('',(-0.00864288170728508,-0.037202218137903,0.138299743399649));
#6275=CARTESIAN_POINT('',(-0.00864288170728508,-0.0386152049300632,0.133026404900884));
#6276=CARTESIAN_POINT('',(-0.00864288170728508,-0.0386293347979847,0.132973671515896));
#6277=CARTESIAN_POINT('',(-0.00864288170728508,-0.0386434646659064,0.132920938130909));
#6278=CARTESIAN_POINT('',(-0.00864288170728508,-0.038657594533828,0.132868204745921));
#6279=CARTESIAN_POINT('',(-0.0497566557421046,-0.020979425173232,0.16));
#6280=CARTESIAN_POINT('',(-0.0497566557421046,-0.020979425173232,0.152129900199912));
#6281=CARTESIAN_POINT('',(-0.00866760247150872,-0.0371350469200266,0.138285465541569));
#6282=CARTESIAN_POINT('',(-0.00866760247150872,-0.0385489638660629,0.133008655661279));
#6283=CARTESIAN_POINT('',(-0.00866760247150872,-0.0385631030355233,0.132955887562476));
#6284=CARTESIAN_POINT('',(-0.00866760247150872,-0.0385772422049837,0.132903119463673));
#6285=CARTESIAN_POINT('',(-0.00866760247150872,-0.038591381374444,0.132850351364871));
#6286=CARTESIAN_POINT('',(-0.049794226130306,-0.0208051427233752,0.16));
#6287=CARTESIAN_POINT('',(-0.049794226130306,-0.0208051427233752,0.152120682756354));
#6288=CARTESIAN_POINT('',(-0.00871549805674446,-0.0369998736022474,0.138256667576254));
#6289=CARTESIAN_POINT('',(-0.00871549805674446,-0.0384156459522891,0.132972933233947));
#6290=CARTESIAN_POINT('',(-0.00871549805674446,-0.0384298036757895,0.132920095890524));
#6291=CARTESIAN_POINT('',(-0.00871549805674446,-0.03844396139929,0.132867258547101));
#6292=CARTESIAN_POINT('',(-0.00871549805674446,-0.0384581191227904,0.132814421203678));
#6293=CARTESIAN_POINT('',(-0.0498117883650164,-0.0207180544737477,0.16));
#6294=CARTESIAN_POINT('',(-0.0498117883650164,-0.0207180544737477,0.152116059478922));
#6295=CARTESIAN_POINT('',(-0.00873867282735218,-0.0369318715866237,0.1382421474916));
#6296=CARTESIAN_POINT('',(-0.00873867282735218,-0.0383485691867946,0.132954960068802));
#6297=CARTESIAN_POINT('',(-0.00873867282735218,-0.0383627361627963,0.132902088194574));
#6298=CARTESIAN_POINT('',(-0.00873867282735218,-0.0383769031387979,0.132849216320346));
#6299=CARTESIAN_POINT('',(-0.00873867282735218,-0.0383910701147996,0.132796344446118));
#6300=CARTESIAN_POINT('',(-0.0498447769280556,-0.0205423465316576,0.16));
#6301=CARTESIAN_POINT('',(-0.0498447769280556,-0.0205423465316576,0.152106786515367));
#6302=CARTESIAN_POINT('',(-0.00878329448921821,-0.0367955313450503,0.138213081855284));
#6303=CARTESIAN_POINT('',(-0.00878329448921821,-0.0382140956005483,0.132918927979964));
#6304=CARTESIAN_POINT('',(-0.00878329448921821,-0.0382282812431033,0.132865986441211));
#6305=CARTESIAN_POINT('',(-0.00878329448921821,-0.0382424668856583,0.132813044902457));
#6306=CARTESIAN_POINT('',(-0.00878329448921821,-0.0382566525282133,0.132760103363704));
#6307=CARTESIAN_POINT('',(-0.0498602035158166,-0.0204537264597088,0.16));
#6308=CARTESIAN_POINT('',(-0.0498602035158166,-0.0204537264597088,0.152102136806481));
#6309=CARTESIAN_POINT('',(-0.00880474136253173,-0.0367271931420934,0.138198536598436));
#6310=CARTESIAN_POINT('',(-0.00880474136253173,-0.0381466988749533,0.132900869081768));
#6311=CARTESIAN_POINT('',(-0.00880474136253173,-0.0381608939322819,0.132847892406601));
#6312=CARTESIAN_POINT('',(-0.00880474136253173,-0.0381750889896105,0.132794915731435));
#6313=CARTESIAN_POINT('',(-0.00880474136253173,-0.038189284046939,0.132741939056268));
#6314=CARTESIAN_POINT('',(-0.0498890480701035,-0.0202732872570221,0.16));
#6315=CARTESIAN_POINT('',(-0.0498890480701035,-0.0202732872570221,0.152092824181204));
#6316=CARTESIAN_POINT('',(-0.0088457738383848,-0.0365906901690699,0.138169638732687));
#6317=CARTESIAN_POINT('',(-0.0088457738383848,-0.0380121154008388,0.132864807548565));
#6318=CARTESIAN_POINT('',(-0.0088457738383848,-0.0380263296531565,0.132811759236723));
#6319=CARTESIAN_POINT('',(-0.0088457738383848,-0.0380405439054743,0.132758710924882));
#6320=CARTESIAN_POINT('',(-0.0088457738383848,-0.038054758157792,0.132705662613041));
#6321=CARTESIAN_POINT('',(-0.0499024665762573,-0.0201814677389564,0.16));
#6322=CARTESIAN_POINT('',(-0.0499024665762573,-0.0201814677389564,0.152088161264815));
#6323=CARTESIAN_POINT('',(-0.00886535945686366,-0.0365225255002921,0.138155286150925));
#6324=CARTESIAN_POINT('',(-0.00886535945686366,-0.0379449287536085,0.132846804940697));
#6325=CARTESIAN_POINT('',(-0.00886535945686366,-0.0379591527861417,0.132793720128595));
#6326=CARTESIAN_POINT('',(-0.00886535945686366,-0.0379733768186749,0.132740635316492));
#6327=CARTESIAN_POINT('',(-0.00886535945686366,-0.0379876008512081,0.13268755050439));
#6328=CARTESIAN_POINT('',(-0.0499272275897503,-0.01999294393925,0.16));
#6329=CARTESIAN_POINT('',(-0.0499272275897503,-0.01999294393925,0.152078835471251));
#6330=CARTESIAN_POINT('',(-0.00890258461155451,-0.0363868907196055,0.138126994249255));
#6331=CARTESIAN_POINT('',(-0.00890258461155451,-0.037811306804992,0.132811001047474));
#6332=CARTESIAN_POINT('',(-0.00890258461155451,-0.0378255509658458,0.132757841115456));
#6333=CARTESIAN_POINT('',(-0.00890258461155451,-0.0378397951266996,0.132704681183439));
#6334=CARTESIAN_POINT('',(-0.00890258461155451,-0.0378540392875535,0.132651521251421));
#6335=CARTESIAN_POINT('',(-0.0499385709184898,-0.0198962392009061,0.16));
#6336=CARTESIAN_POINT('',(-0.0499385709184898,-0.0198962392009061,0.152074172492218));
#6337=CARTESIAN_POINT('',(-0.00892022419852891,-0.0363194206128865,0.138113055320702));
#6338=CARTESIAN_POINT('',(-0.00892022419852891,-0.0377448716062869,0.132793199789632));
#6339=CARTESIAN_POINT('',(-0.00892022419852891,-0.0377591261162208,0.132740001234321));
#6340=CARTESIAN_POINT('',(-0.00892022419852891,-0.0377733806261549,0.132686802679011));
#6341=CARTESIAN_POINT('',(-0.00892022419852891,-0.0377876351360888,0.1326336041237));
#6342=CARTESIAN_POINT('',(-0.0499588991214659,-0.0196962535779362,0.16));
#6343=CARTESIAN_POINT('',(-0.0499588991214659,-0.0196962535779362,0.15206487067675));
#6344=CARTESIAN_POINT('',(-0.00895352006133403,-0.0361857056748122,0.138085808565604));
#6345=CARTESIAN_POINT('',(-0.00895352006133403,-0.0376133021818565,0.132757945868607));
#6346=CARTESIAN_POINT('',(-0.00895352006133403,-0.0376275781469269,0.132704667241637));
#6347=CARTESIAN_POINT('',(-0.00895352006133403,-0.0376418541119973,0.132651388614667));
#6348=CARTESIAN_POINT('',(-0.00895352006133403,-0.0376561300770678,0.132598109987697));
#6349=CARTESIAN_POINT('',(-0.0499678850933717,-0.0195929720961474,0.16));
#6350=CARTESIAN_POINT('',(-0.0499678850933717,-0.0195929720961474,0.152060231840315));
#6351=CARTESIAN_POINT('',(-0.00896917642319663,-0.0361194609429665,0.138072500765723));
#6352=CARTESIAN_POINT('',(-0.00896917642319663,-0.0375481680556407,0.132740493232088));
#6353=CARTESIAN_POINT('',(-0.00896917642319663,-0.0375624551267674,0.132687173156752));
#6354=CARTESIAN_POINT('',(-0.00896917642319663,-0.0375767421978941,0.132633853081415));
#6355=CARTESIAN_POINT('',(-0.00896917642319663,-0.0375910292690209,0.132580533006079));
#6356=CARTESIAN_POINT('',(-0.0499829722330767,-0.0193781514428667,0.16));
#6357=CARTESIAN_POINT('',(-0.0499829722330767,-0.0193781514428667,0.152051002617142));
#6358=CARTESIAN_POINT('',(-0.00899851413889207,-0.0359887328759676,0.138046734775879));
#6359=CARTESIAN_POINT('',(-0.00899851413889207,-0.0374197556111759,0.132706085221296));
#6360=CARTESIAN_POINT('',(-0.00899851413889207,-0.0374340658385279,0.13265267872575));
#6361=CARTESIAN_POINT('',(-0.00899851413889207,-0.03744837606588,0.132599272230204));
#6362=CARTESIAN_POINT('',(-0.00899851413889207,-0.0374626862932321,0.132545865734658));
#6363=CARTESIAN_POINT('',(-0.049989074759572,-0.019266611449378,0.16));
#6364=CARTESIAN_POINT('',(-0.049989074759572,-0.019266611449378,0.152046412719134));
#6365=CARTESIAN_POINT('',(-0.00901219561400603,-0.035924249635297,0.138034276601795));
#6366=CARTESIAN_POINT('',(-0.00901219561400603,-0.0373564773850501,0.132689129871707));
#6367=CARTESIAN_POINT('',(-0.00901219561400603,-0.0373707996625476,0.132635678404406));
#6368=CARTESIAN_POINT('',(-0.00901219561400603,-0.0373851219400451,0.132582226937105));
#6369=CARTESIAN_POINT('',(-0.00901219561400603,-0.0373994442175426,0.132528775469804));
#6370=CARTESIAN_POINT('',(-0.049997587847871,-0.0190336230095704,0.16));
#6371=CARTESIAN_POINT('',(-0.049997587847871,-0.0190336230095704,0.152037316956234));
#6372=CARTESIAN_POINT('',(-0.00903763428111309,-0.0357975851384391,0.138010420971376));
#6373=CARTESIAN_POINT('',(-0.00903763428111309,-0.037232333892998,0.132655865723266));
#6374=CARTESIAN_POINT('',(-0.00903763428111309,-0.0372466813805436,0.132602320170785));
#6375=CARTESIAN_POINT('',(-0.00903763428111309,-0.0372610288680892,0.132548774618304));
#6376=CARTESIAN_POINT('',(-0.00903763428111309,-0.0372753763556347,0.132495229065823));
#6377=CARTESIAN_POINT('',(-0.05,-0.0189121734154693,0.16));
#6378=CARTESIAN_POINT('',(-0.05,-0.0189121734154693,0.152032811091343));
#6379=CARTESIAN_POINT('',(-0.00904939162920601,-0.0357354039632956,0.137999023536756));
#6380=CARTESIAN_POINT('',(-0.00904939162920601,-0.0371714687081155,0.132639556946129));
#6381=CARTESIAN_POINT('',(-0.00904939162920601,-0.0371858293555637,0.132585962280223));
#6382=CARTESIAN_POINT('',(-0.00904939162920601,-0.0372001900030118,0.132532367614317));
#6383=CARTESIAN_POINT('',(-0.00904939162920601,-0.0372145506504601,0.132478772948411));
#6384=CARTESIAN_POINT('',(-0.05,-0.0184927416840437,0.16));
#6385=CARTESIAN_POINT('',(-0.05,-0.0184927416840437,0.152018148880062));
#6386=CARTESIAN_POINT('',(-0.00908513487192055,-0.0355350514534599,0.137963537975925));
#6387=CARTESIAN_POINT('',(-0.00908513487192055,-0.0369756658813752,0.132587091736829));
#6388=CARTESIAN_POINT('',(-0.00908513487192055,-0.0369900720256543,0.132533327274438));
#6389=CARTESIAN_POINT('',(-0.00908513487192055,-0.0370044781699334,0.132479562812047));
#6390=CARTESIAN_POINT('',(-0.00908513487192055,-0.0370188843142127,0.132425798349656));
#6391=CARTESIAN_POINT('',(-0.05,-0.0181878237521474,0.16));
#6392=CARTESIAN_POINT('',(-0.05,-0.0181878237521474,0.152007831479583));
#6393=CARTESIAN_POINT('',(-0.00910630546857328,-0.0353971361141845,0.137939915242723));
#6394=CARTESIAN_POINT('',(-0.00910630546857328,-0.0368410834347449,0.132551030478939));
#6395=CARTESIAN_POINT('',(-0.00910630546857328,-0.0368555229079505,0.132497141631301));
#6396=CARTESIAN_POINT('',(-0.00910630546857328,-0.0368699623811561,0.132443252783663));
#6397=CARTESIAN_POINT('',(-0.00910630546857328,-0.0368844018543617,0.132389363936025));
#6398=CARTESIAN_POINT('',(-0.05,-0.0175575811087702,0.16));
#6399=CARTESIAN_POINT('',(-0.05,-0.0175575811087702,0.151986999892419));
#6400=CARTESIAN_POINT('',(-0.00914190566797816,-0.0351241471367278,0.137894507074312));
#6401=CARTESIAN_POINT('',(-0.00914190566797816,-0.0365750292091984,0.132479741464061));
#6402=CARTESIAN_POINT('',(-0.00914190566797816,-0.0365895380299231,0.132425593807958));
#6403=CARTESIAN_POINT('',(-0.00914190566797816,-0.0366040468506478,0.132371446151856));
#6404=CARTESIAN_POINT('',(-0.00914190566797816,-0.0366185556713725,0.132317298495753));
#6405=CARTESIAN_POINT('',(-0.05,-0.0172322563972893,0.16));
#6406=CARTESIAN_POINT('',(-0.05,-0.0172322563972893,0.151976485705733));
#6407=CARTESIAN_POINT('',(-0.00915633506316211,-0.0349890727122316,0.137872721428412));
#6408=CARTESIAN_POINT('',(-0.00915633506316211,-0.0364435566439676,0.13244451349638));
#6409=CARTESIAN_POINT('',(-0.00915633506316211,-0.036458101483285,0.13239023141706));
#6410=CARTESIAN_POINT('',(-0.00915633506316211,-0.0364726463226024,0.13233594933774));
#6411=CARTESIAN_POINT('',(-0.00915633506316211,-0.0364871911619197,0.132281667258419));
#6412=CARTESIAN_POINT('',(-0.05,-0.0165661643075256,0.16));
#6413=CARTESIAN_POINT('',(-0.05,-0.0165661643075256,0.151955267229043));
#6414=CARTESIAN_POINT('',(-0.00917900254312606,-0.0347211808195802,0.137830602841211));
#6415=CARTESIAN_POINT('',(-0.00917900254312606,-0.0361830804585897,0.132374719112861));
#6416=CARTESIAN_POINT('',(-0.00917900254312606,-0.0361976994549798,0.132320160275577));
#6417=CARTESIAN_POINT('',(-0.00917900254312606,-0.0362123184513699,0.132265601438294));
#6418=CARTESIAN_POINT('',(-0.00917900254312606,-0.0362269374477601,0.13221104260101));
#6419=CARTESIAN_POINT('',(-0.05,-0.0162253969292429,0.16));
#6420=CARTESIAN_POINT('',(-0.05,-0.0162253969292429,0.151944563455408));
#6421=CARTESIAN_POINT('',(-0.00918724044545849,-0.0345883629258973,0.13781026873436));
#6422=CARTESIAN_POINT('',(-0.00918724044545849,-0.0360540761500324,0.132340152512563));
#6423=CARTESIAN_POINT('',(-0.00918724044545849,-0.0360687332822737,0.132285451350345));
#6424=CARTESIAN_POINT('',(-0.00918724044545849,-0.036083390414515,0.132230750188127));
#6425=CARTESIAN_POINT('',(-0.00918724044545849,-0.0360980475467564,0.132176049025909));
#6426=CARTESIAN_POINT('',(-0.05,-0.0155333836186587,0.16));
#6427=CARTESIAN_POINT('',(-0.05,-0.0155333836186587,0.151922975348356));
#6428=CARTESIAN_POINT('',(-0.00919790575922054,-0.0343243530931767,0.137770647870432));
#6429=CARTESIAN_POINT('',(-0.00919790575922054,-0.0357978464066976,0.132271495959759));
#6430=CARTESIAN_POINT('',(-0.00919790575922054,-0.0358125813398329,0.132216504440652));
#6431=CARTESIAN_POINT('',(-0.00919790575922054,-0.035827316272968,0.132161512921546));
#6432=CARTESIAN_POINT('',(-0.00919790575922054,-0.0358420512061033,0.132106521402439));
#6433=CARTESIAN_POINT('',(-0.05,-0.0151821376863571,0.16));
#6434=CARTESIAN_POINT('',(-0.05,-0.0151821376863571,0.151912091014939));
#6435=CARTESIAN_POINT('',(-0.00920033302962009,-0.0341931605347566,0.137751360947393));
#6436=CARTESIAN_POINT('',(-0.00920033302962009,-0.0356706203525381,0.132237405841291));
#6437=CARTESIAN_POINT('',(-0.00920033302962009,-0.035685394950716,0.13218226629023));
#6438=CARTESIAN_POINT('',(-0.00920033302962009,-0.0357001695488937,0.132127126739169));
#6439=CARTESIAN_POINT('',(-0.00920033302962009,-0.0357149441470715,0.132071987188108));
#6440=CARTESIAN_POINT('',(-0.05,-0.0144741313805183,0.16));
#6441=CARTESIAN_POINT('',(-0.05,-0.0144741313805183,0.151890150299125));
#6442=CARTESIAN_POINT('',(-0.00919959394479277,-0.0339317410005764,0.13771342332958));
#6443=CARTESIAN_POINT('',(-0.00919959394479277,-0.0354172282021719,0.132169509619232));
#6444=CARTESIAN_POINT('',(-0.00919959394479277,-0.035432083074188,0.132114070482128));
#6445=CARTESIAN_POINT('',(-0.00919959394479277,-0.0354469379462039,0.132058631345025));
#6446=CARTESIAN_POINT('',(-0.00919959394479277,-0.0354617928182199,0.132003192207921));
#6447=CARTESIAN_POINT('',(-0.05,-0.014117371006981,0.16));
#6448=CARTESIAN_POINT('',(-0.05,-0.014117371006981,0.151879093323881));
#6449=CARTESIAN_POINT('',(-0.0091964274999235,-0.0338015134348789,0.137694772522475));
#6450=CARTESIAN_POINT('',(-0.0091964274999235,-0.0352910615274636,0.132135703360632));
#6451=CARTESIAN_POINT('',(-0.0091964274999235,-0.0353059570083894,0.132080112669014));
#6452=CARTESIAN_POINT('',(-0.0091964274999235,-0.0353208524893152,0.132024521977395));
#6453=CARTESIAN_POINT('',(-0.0091964274999235,-0.0353357479702411,0.131968931285777));
#6454=CARTESIAN_POINT('',(-0.05,-0.0134032999314534,0.16));
#6455=CARTESIAN_POINT('',(-0.05,-0.0134032999314534,0.151856819119879));
#6456=CARTESIAN_POINT('',(-0.00918455738925295,-0.0335413534627395,0.137657689582744));
#6457=CARTESIAN_POINT('',(-0.00918455738925295,-0.0350390582340009,0.132068179281659));
#6458=CARTESIAN_POINT('',(-0.00918455738925295,-0.0350540352817134,0.132012284178648));
#6459=CARTESIAN_POINT('',(-0.00918455738925295,-0.0350690123294261,0.131956389075637));
#6460=CARTESIAN_POINT('',(-0.00918455738925295,-0.0350839893771386,0.131900493972626));
#6461=CARTESIAN_POINT('',(-0.05,-0.0130459892294632,0.16));
#6462=CARTESIAN_POINT('',(-0.05,-0.0130459892294632,0.151845601891123));
#6463=CARTESIAN_POINT('',(-0.0091758536895446,-0.0334114204911592,0.13763925729869));
#6464=CARTESIAN_POINT('',(-0.0091758536895446,-0.0349132210501081,0.132034461309857));
#6465=CARTESIAN_POINT('',(-0.0091758536895446,-0.0349282390556976,0.131978413349969));
#6466=CARTESIAN_POINT('',(-0.0091758536895446,-0.0349432570612871,0.13192236539008));
#6467=CARTESIAN_POINT('',(-0.0091758536895446,-0.0349582750668766,0.131866317430192));
#6468=CARTESIAN_POINT('',(-0.05,-0.0123357816098127,0.16));
#6469=CARTESIAN_POINT('',(-0.05,-0.0123357816098127,0.151823020161261));
#6470=CARTESIAN_POINT('',(-0.00915280687848729,-0.0331511853675336,0.137602195389908));
#6471=CARTESIAN_POINT('',(-0.00915280687848729,-0.0346611528970915,0.131966919851818));
#6472=CARTESIAN_POINT('',(-0.00915280687848729,-0.034676252572387,0.131910567096438));
#6473=CARTESIAN_POINT('',(-0.00915280687848729,-0.0346913522476826,0.131854214341057));
#6474=CARTESIAN_POINT('',(-0.00915280687848729,-0.0347064519229782,0.131797861585676));
#6475=CARTESIAN_POINT('',(-0.05,-0.0119828846921524,0.16));
#6476=CARTESIAN_POINT('',(-0.05,-0.0119828846921524,0.151811655963133));
#6477=CARTESIAN_POINT('',(-0.00913846378805005,-0.0330208827189211,0.137583565302844));
#6478=CARTESIAN_POINT('',(-0.00913846378805005,-0.0345349213490798,0.131933096210469));
#6479=CARTESIAN_POINT('',(-0.00913846378805005,-0.0345500617353814,0.131876591519546));
#6480=CARTESIAN_POINT('',(-0.00913846378805005,-0.034565202121683,0.131820086828622));
#6481=CARTESIAN_POINT('',(-0.00913846378805005,-0.0345803425079846,0.131763582137698));
#6482=CARTESIAN_POINT('',(-0.05,-0.0112864687539449,0.16));
#6483=CARTESIAN_POINT('',(-0.05,-0.0112864687539449,0.15178879955874));
#6484=CARTESIAN_POINT('',(-0.0091038775957479,-0.0327592678485421,0.137545694861028));
#6485=CARTESIAN_POINT('',(-0.0091038775957479,-0.0342813637415584,0.131865155654299));
#6486=CARTESIAN_POINT('',(-0.0091038775957479,-0.0342965847004885,0.131808350262232));
#6487=CARTESIAN_POINT('',(-0.0091038775957479,-0.0343118056594187,0.131751544870165));
#6488=CARTESIAN_POINT('',(-0.0091038775957479,-0.0343270266183488,0.131694739478097));
#6489=CARTESIAN_POINT('',(-0.05,-0.0109429497333976,0.16));
#6490=CARTESIAN_POINT('',(-0.05,-0.0109429497333976,0.15177730791992));
#6491=CARTESIAN_POINT('',(-0.00908363456344983,-0.0326279550071681,0.137526454340253));
#6492=CARTESIAN_POINT('',(-0.00908363456344983,-0.0341540370624412,0.131831038573455));
#6493=CARTESIAN_POINT('',(-0.00908363456344983,-0.034169297882994,0.131774084415787));
#6494=CARTESIAN_POINT('',(-0.00908363456344983,-0.0341845587035467,0.131717130258119));
#6495=CARTESIAN_POINT('',(-0.00908363456344983,-0.0341998195240995,0.131660176100451));
#6496=CARTESIAN_POINT('',(-0.05,-0.0104408280992625,0.16));
#6497=CARTESIAN_POINT('',(-0.05,-0.0104408280992625,0.151760071982334));
#6498=CARTESIAN_POINT('',(-0.00904869672993347,-0.032430721759309,0.137496975782657));
#6499=CARTESIAN_POINT('',(-0.00904869672993347,-0.0339626462975541,0.131779755572565));
#6500=CARTESIAN_POINT('',(-0.00904869672993347,-0.0339779655429365,0.131722583370464));
#6501=CARTESIAN_POINT('',(-0.00904869672993347,-0.033993284788319,0.131665411168363));
#6502=CARTESIAN_POINT('',(-0.00904869672993347,-0.0340086040337014,0.131608238966262));
#6503=CARTESIAN_POINT('',(-0.0499958590000526,-0.0102672801831209,0.16));
#6504=CARTESIAN_POINT('',(-0.0499958590000526,-0.0102672801831209,0.151754410294122));
#6505=CARTESIAN_POINT('',(-0.00903659392911482,-0.0323664055218714,0.137487789336695));
#6506=CARTESIAN_POINT('',(-0.00903659392911482,-0.0339003418195965,0.131763061138011));
#6507=CARTESIAN_POINT('',(-0.00903659392911482,-0.0339156811825738,0.131705813856024));
#6508=CARTESIAN_POINT('',(-0.00903659392911482,-0.033931020545551,0.131648566574037));
#6509=CARTESIAN_POINT('',(-0.00903659392911482,-0.0339463599085282,0.131591319292051));
#6510=CARTESIAN_POINT('',(-0.0499771969099692,-0.00990811902472022,0.16));
#6511=CARTESIAN_POINT('',(-0.0499771969099692,-0.00990811902472022,0.151743198871439));
#6512=CARTESIAN_POINT('',(-0.00901129140019201,-0.032239136216288,0.137470254010658));
#6513=CARTESIAN_POINT('',(-0.00901129140019201,-0.0337772141094169,0.131730069167503));
#6514=CARTESIAN_POINT('',(-0.00901129140019201,-0.0337925948883481,0.131672667319071));
#6515=CARTESIAN_POINT('',(-0.00901129140019201,-0.0338079756672795,0.131615265470639));
#6516=CARTESIAN_POINT('',(-0.00901129140019201,-0.0338233564462107,0.131557863622208));
#6517=CARTESIAN_POINT('',(-0.0499626715392863,-0.0097225076444693,0.16));
#6518=CARTESIAN_POINT('',(-0.0499626715392863,-0.0097225076444693,0.151737649136969));
#6519=CARTESIAN_POINT('',(-0.0089980916231327,-0.0321761831062984,0.137461905119371));
#6520=CARTESIAN_POINT('',(-0.0089980916231327,-0.0337163908353513,0.131713771620336));
#6521=CARTESIAN_POINT('',(-0.0089980916231327,-0.0337317929126418,0.131656290285345));
#6522=CARTESIAN_POINT('',(-0.0089980916231327,-0.0337471949899324,0.131598808950355));
#6523=CARTESIAN_POINT('',(-0.0089980916231327,-0.0337625970672229,0.131541327615365));
#6524=CARTESIAN_POINT('',(-0.0499216679529175,-0.00934289622906713,0.16));
#6525=CARTESIAN_POINT('',(-0.0499216679529175,-0.00934289622906713,0.151726716188598));
#6526=CARTESIAN_POINT('',(-0.00897060693468799,-0.032051405803094,0.137445791359694));
#6527=CARTESIAN_POINT('',(-0.00897060693468799,-0.0335959435866344,0.131681497877311));
#6528=CARTESIAN_POINT('',(-0.00897060693468799,-0.0336113889644697,0.131623854942488));
#6529=CARTESIAN_POINT('',(-0.00897060693468799,-0.0336268343423052,0.131566212007664));
#6530=CARTESIAN_POINT('',(-0.00897060693468799,-0.0336422797201406,0.13150856907284));
#6531=CARTESIAN_POINT('',(-0.0498951865874004,-0.00914889904991208,0.16));
#6532=CARTESIAN_POINT('',(-0.0498951865874004,-0.00914889904991208,0.15172133392477));
#6533=CARTESIAN_POINT('',(-0.00895632198350541,-0.0319895820896822,0.137438024544872));
#6534=CARTESIAN_POINT('',(-0.00895632198350541,-0.0335363195730375,0.131665521671019));
#6535=CARTESIAN_POINT('',(-0.00895632198350541,-0.0335517869478711,0.13160779664228));
#6536=CARTESIAN_POINT('',(-0.00895632198350541,-0.0335672543227047,0.131550071613542));
#6537=CARTESIAN_POINT('',(-0.00895632198350541,-0.0335827216975382,0.131492346584803));
#6538=CARTESIAN_POINT('',(-0.0498293462024326,-0.00875631311864539,0.16));
#6539=CARTESIAN_POINT('',(-0.0498293462024326,-0.00875631311864539,0.151710771945986));
#6540=CARTESIAN_POINT('',(-0.00892665250150008,-0.0318668322098858,0.137422822918146));
#6541=CARTESIAN_POINT('',(-0.00892665250150008,-0.0334179919693504,0.131633815885168));
#6542=CARTESIAN_POINT('',(-0.00892665250150008,-0.033433503566945,0.131575925814839));
#6543=CARTESIAN_POINT('',(-0.00892665250150008,-0.0334490151645397,0.131518035744509));
#6544=CARTESIAN_POINT('',(-0.00892665250150008,-0.0334645267621343,0.131460145674179));
#6545=CARTESIAN_POINT('',(-0.0497899853119849,-0.00855772791735932,0.16));
#6546=CARTESIAN_POINT('',(-0.0497899853119848,-0.00855772791735932,0.151705592231029));
#6547=CARTESIAN_POINT('',(-0.00891126794000074,-0.0318059060059056,0.137415388096169));
#6548=CARTESIAN_POINT('',(-0.00891126794000074,-0.0333592883416643,0.131618086295537));
#6549=CARTESIAN_POINT('',(-0.00891126794000074,-0.0333748221650219,0.131560113277531));
#6550=CARTESIAN_POINT('',(-0.00891126794000074,-0.0333903559883795,0.131502140259524));
#6551=CARTESIAN_POINT('',(-0.00891126794000074,-0.033405889811737,0.131444167241518));
#6552=CARTESIAN_POINT('',(-0.0496981848537234,-0.00815978607251279,0.16));
#6553=CARTESIAN_POINT('',(-0.0496981848537234,-0.00815978607251279,0.151695469478144));
#6554=CARTESIAN_POINT('',(-0.008879359610615,-0.0316847229502721,0.137400603435894));
#6555=CARTESIAN_POINT('',(-0.008879359610615,-0.0332425268464355,0.131586800147184));
#6556=CARTESIAN_POINT('',(-0.008879359610615,-0.0332581048853972,0.131528662114296));
#6557=CARTESIAN_POINT('',(-0.008879359610615,-0.0332736829243588,0.131470524081409));
#6558=CARTESIAN_POINT('',(-0.008879359610615,-0.0332892609633205,0.131412386048522));
#6559=CARTESIAN_POINT('',(-0.0496457447746497,-0.00796043330035047,0.16));
#6560=CARTESIAN_POINT('',(-0.0496457447746497,-0.00796043330035047,0.151690526920153));
#6561=CARTESIAN_POINT('',(-0.00886283582101548,-0.0316244666506326,0.137393251386641));
#6562=CARTESIAN_POINT('',(-0.00886283582101548,-0.0331844689411896,0.131571243578359));
#6563=CARTESIAN_POINT('',(-0.00886283582101548,-0.0332000689640952,0.131513023500276));
#6564=CARTESIAN_POINT('',(-0.00886283582101548,-0.0332156689870008,0.131454803422193));
#6565=CARTESIAN_POINT('',(-0.00886283582101548,-0.0332312690099063,0.13139658334411));
#6566=CARTESIAN_POINT('',(-0.0495283446725348,-0.00756468663802406,0.16));
#6567=CARTESIAN_POINT('',(-0.0495283446725348,-0.00756468663802406,0.151680886814187));
#6568=CARTESIAN_POINT('',(-0.0088285850123675,-0.031504395442605,0.137378405726202));
#6569=CARTESIAN_POINT('',(-0.0088285850123675,-0.0330687295638585,0.13154023130567));
#6570=CARTESIAN_POINT('',(-0.0088285850123675,-0.033084372905071,0.131481849561465));
#6571=CARTESIAN_POINT('',(-0.0088285850123675,-0.0331000162462836,0.13142346781726));
#6572=CARTESIAN_POINT('',(-0.0088285850123675,-0.0331156595874961,0.131365086073054));
#6573=CARTESIAN_POINT('',(-0.0494633854898883,-0.00736829652653527,0.16));
#6574=CARTESIAN_POINT('',(-0.0494633854898883,-0.00736829652653527,0.151676189266211));
#6575=CARTESIAN_POINT('',(-0.00881085798029877,-0.0314445804950171,0.137370912104512));
#6576=CARTESIAN_POINT('',(-0.00881085798029877,-0.0330110480525736,0.131524775591303));
#6577=CARTESIAN_POINT('',(-0.00881085798029877,-0.0330267127281492,0.131466314226171));
#6578=CARTESIAN_POINT('',(-0.00881085798029877,-0.0330423774037247,0.131407852861039));
#6579=CARTESIAN_POINT('',(-0.00881085798029877,-0.0330580420793003,0.131349391495907));
#6580=CARTESIAN_POINT('',(-0.0493222606089342,-0.00698199931462313,0.16));
#6581=CARTESIAN_POINT('',(-0.0493222606089342,-0.00698199931462313,0.151667046553384));
#6582=CARTESIAN_POINT('',(-0.00877411278716416,-0.0313251693351033,0.137355562892815));
#6583=CARTESIAN_POINT('',(-0.00877411278716416,-0.032895798620702,0.131493894599105));
#6584=CARTESIAN_POINT('',(-0.00877411278716416,-0.032911504913558,0.131435277916168));
#6585=CARTESIAN_POINT('',(-0.00877411278716416,-0.032927211206414,0.131376661233231));
#6586=CARTESIAN_POINT('',(-0.00877411278716416,-0.03294291749927,0.131318044550294));
#6587=CARTESIAN_POINT('',(-0.0492460969980385,-0.0067920954870917,0.16));
#6588=CARTESIAN_POINT('',(-0.0492460969980385,-0.0067920954870917,0.151662601322835));
#6589=CARTESIAN_POINT('',(-0.00875509462138692,-0.0312655735029824,0.137347705715707));
#6590=CARTESIAN_POINT('',(-0.00875509462138692,-0.0328382306580765,0.13147846931001));
#6591=CARTESIAN_POINT('',(-0.00875509462138692,-0.0328539572296274,0.131419776945953));
#6592=CARTESIAN_POINT('',(-0.00875509462138692,-0.0328696838011783,0.131361084581896));
#6593=CARTESIAN_POINT('',(-0.00875509462138692,-0.0328854103727293,0.131302392217839));
#6594=CARTESIAN_POINT('',(-0.0490845869645251,-0.00642198140464961,0.16));
#6595=CARTESIAN_POINT('',(-0.0490845869645251,-0.00642198140464962,0.151653941851458));
#6596=CARTESIAN_POINT('',(-0.00871565564915518,-0.0311463755445191,0.137331448636217));
#6597=CARTESIAN_POINT('',(-0.00871565564915518,-0.032722953178918,0.131447580802564));
#6598=CARTESIAN_POINT('',(-0.00871565564915518,-0.032738718955262,0.131388742124227));
#6599=CARTESIAN_POINT('',(-0.00871565564915518,-0.032754484731606,0.131329903445891));
#6600=CARTESIAN_POINT('',(-0.00871565564915518,-0.03277025050795,0.131271064767554));
#6601=CARTESIAN_POINT('',(-0.0489992436830346,-0.00624177354204328,0.16));
#6602=CARTESIAN_POINT('',(-0.0489992436830346,-0.00624177354204328,0.151649727610631));
#6603=CARTESIAN_POINT('',(-0.00869523484579546,-0.0310867733719808,0.137323048721456));
#6604=CARTESIAN_POINT('',(-0.00869523484579546,-0.0326652436161892,0.131432117571835));
#6605=CARTESIAN_POINT('',(-0.00869523484579546,-0.0326810283186312,0.131373208260339));
#6606=CARTESIAN_POINT('',(-0.00869523484579546,-0.0326968130210733,0.131314298948843));
#6607=CARTESIAN_POINT('',(-0.00869523484579546,-0.0327125977235154,0.131255389637346));
#6608=CARTESIAN_POINT('',(-0.0488220290261095,-0.00589386199095326,0.16));
#6609=CARTESIAN_POINT('',(-0.0488220290261095,-0.00589386199095326,0.151641508856695));
#6610=CARTESIAN_POINT('',(-0.00865285549673988,-0.0309673458749254,0.13730553097726));
#6611=CARTESIAN_POINT('',(-0.00865285549673988,-0.0325494368084321,0.131401087231218));
#6612=CARTESIAN_POINT('',(-0.00865285549673988,-0.0325652577177672,0.131342042793758));
#6613=CARTESIAN_POINT('',(-0.00865285549673988,-0.0325810786271023,0.131282998356298));
#6614=CARTESIAN_POINT('',(-0.00865285549673988,-0.0325968995364373,0.131223953918837));
#6615=CARTESIAN_POINT('',(-0.048730161586011,-0.00572615950983425,0.16));
#6616=CARTESIAN_POINT('',(-0.048730161586011,-0.00572615950983425,0.15163750370273));
#6617=CARTESIAN_POINT('',(-0.00863089696131249,-0.0309075205556847,0.137296412921472));
#6618=CARTESIAN_POINT('',(-0.00863089696131249,-0.032491339511739,0.131385520107487));
#6619=CARTESIAN_POINT('',(-0.00863089696131249,-0.0325071777012995,0.131326411179347));
#6620=CARTESIAN_POINT('',(-0.00863089696131249,-0.03252301589086,0.131267302251207));
#6621=CARTESIAN_POINT('',(-0.00863089696131249,-0.0325388540804206,0.131208193323068));
#6622=CARTESIAN_POINT('',(-0.0485430771321817,-0.00540561425610089,0.16));
#6623=CARTESIAN_POINT('',(-0.0485430771321817,-0.00540561425610089,0.151629655065751));
#6624=CARTESIAN_POINT('',(-0.00858528325341605,-0.0307874273513437,0.137277335161268));
#6625=CARTESIAN_POINT('',(-0.00858528325341605,-0.0323745215866268,0.131354218838792));
#6626=CARTESIAN_POINT('',(-0.00858528325341605,-0.0323903925289796,0.131294987675567));
#6627=CARTESIAN_POINT('',(-0.00858528325341605,-0.0324062634713324,0.131235756512342));
#6628=CARTESIAN_POINT('',(-0.00858528325341605,-0.0324221344136852,0.131176525349117));
#6629=CARTESIAN_POINT('',(-0.0484478645564896,-0.00525277129468275,0.16));
#6630=CARTESIAN_POINT('',(-0.0484478645564896,-0.00525277129468275,0.151625811582738));
#6631=CARTESIAN_POINT('',(-0.00856162809761071,-0.0307271594077862,0.137267375441188));
#6632=CARTESIAN_POINT('',(-0.00856162809761071,-0.0323158008997507,0.131338484678164));
#6633=CARTESIAN_POINT('',(-0.00856162809761071,-0.0323316873146703,0.131279195770534));
#6634=CARTESIAN_POINT('',(-0.00856162809761071,-0.0323475737295899,0.131219906862904));
#6635=CARTESIAN_POINT('',(-0.00856162809761071,-0.0323634601445096,0.131160617955274));
#6636=CARTESIAN_POINT('',(-0.0482576654020218,-0.00496382953805159,0.16));
#6637=CARTESIAN_POINT('',(-0.0482576654020218,-0.00496382953805159,0.151618239512604));
#6638=CARTESIAN_POINT('',(-0.00851243805401214,-0.0306059735526249,0.1372464942925));
#6639=CARTESIAN_POINT('',(-0.00851243805401214,-0.0321975126704235,0.131306789442642));
#6640=CARTESIAN_POINT('',(-0.00851243805401214,-0.0322134280616016,0.131247392394143));
#6641=CARTESIAN_POINT('',(-0.00851243805401214,-0.0322293434527795,0.131187995345645));
#6642=CARTESIAN_POINT('',(-0.00851243805401214,-0.0322452588439575,0.131128598297146));
#6643=CARTESIAN_POINT('',(-0.0481626834822238,-0.00482772905093405,0.16));
#6644=CARTESIAN_POINT('',(-0.0481626834822238,-0.00482772905093405,0.151614508746068));
#6645=CARTESIAN_POINT('',(-0.0084869031883317,-0.0305450551672379,0.137235574365685));
#6646=CARTESIAN_POINT('',(-0.0084869031883317,-0.0321379450613751,0.131290828349902));
#6647=CARTESIAN_POINT('',(-0.0084869031883317,-0.0321538739603165,0.131231380889745));
#6648=CARTESIAN_POINT('',(-0.0084869031883317,-0.0321698028592578,0.131171933429587));
#6649=CARTESIAN_POINT('',(-0.0084869031883317,-0.0321857317581992,0.131112485969429));
#6650=CARTESIAN_POINT('',(-0.0479767807344448,-0.00457371351682944,0.16));
#6651=CARTESIAN_POINT('',(-0.0479767807344448,-0.00457371351682944,0.151607096473577));
#6652=CARTESIAN_POINT('',(-0.00843374584425472,-0.0304223625643435,0.137212702987594));
#6653=CARTESIAN_POINT('',(-0.00843374584425472,-0.0320177534599236,0.131258623107356));
#6654=CARTESIAN_POINT('',(-0.00843374584425472,-0.0320337073688794,0.131199082308554));
#6655=CARTESIAN_POINT('',(-0.00843374584425472,-0.0320496612778352,0.131139541509752));
#6656=CARTESIAN_POINT('',(-0.00843374584425472,-0.032065615186791,0.131080000710949));
#6657=CARTESIAN_POINT('',(-0.0478858645588025,-0.00445579527216703,0.16));
#6658=CARTESIAN_POINT('',(-0.0478858645588025,-0.00445579527216703,0.151603414967624));
#6659=CARTESIAN_POINT('',(-0.00840612339227923,-0.0303605882707155,0.137200751515922));
#6660=CARTESIAN_POINT('',(-0.00840612339227923,-0.0319571293914001,0.131242378937154));
#6661=CARTESIAN_POINT('',(-0.00840612339227923,-0.031973094802607,0.131182795211366));
#6662=CARTESIAN_POINT('',(-0.00840612339227923,-0.0319890602138139,0.131123211485578));
#6663=CARTESIAN_POINT('',(-0.00840612339227923,-0.0320050256250207,0.131063627759791));
#6664=CARTESIAN_POINT('',(-0.0477120474335128,-0.00423921574279691,0.16));
#6665=CARTESIAN_POINT('',(-0.0477120474335128,-0.00423921574279691,0.151596039939821));
#6666=CARTESIAN_POINT('',(-0.00834855747640605,-0.0302359949330037,0.137175748515293));
#6667=CARTESIAN_POINT('',(-0.00834855747640605,-0.0318346314745868,0.131209555719269));
#6668=CARTESIAN_POINT('',(-0.00834855747640605,-0.0318506178400026,0.131149893791309));
#6669=CARTESIAN_POINT('',(-0.00834855747640605,-0.0318666042054184,0.131090231863349));
#6670=CARTESIAN_POINT('',(-0.00834855747640605,-0.0318825905708342,0.131030569935388));
#6671=CARTESIAN_POINT('',(-0.0476291509986301,-0.00414054984771482,0.16));
#6672=CARTESIAN_POINT('',(-0.0476291509986301,-0.00414054984771482,0.151592340541652));
#6673=CARTESIAN_POINT('',(-0.00831861404186961,-0.030173174946043,0.137162700156941));
#6674=CARTESIAN_POINT('',(-0.00831861404186961,-0.0317727575392316,0.131192976648258));
#6675=CARTESIAN_POINT('',(-0.00831861404186961,-0.0317887533651635,0.131133279413171));
#6676=CARTESIAN_POINT('',(-0.00831861404186961,-0.0318047491910954,0.131073582178084));
#6677=CARTESIAN_POINT('',(-0.00831861404186961,-0.0318207450170272,0.131013884942998));
#6678=CARTESIAN_POINT('',(-0.047475308624071,-0.00396329435463966,0.16));
#6679=CARTESIAN_POINT('',(-0.047475308624071,-0.00396329435463966,0.151584850820314));
#6680=CARTESIAN_POINT('',(-0.00825614640084047,-0.030046312125615,0.137135468754925));
#6681=CARTESIAN_POINT('',(-0.00825614640084047,-0.0316475850658706,0.131159436785106));
#6682=CARTESIAN_POINT('',(-0.00825614640084047,-0.0316635977952731,0.131099676465408));
#6683=CARTESIAN_POINT('',(-0.00825614640084047,-0.0316796105246757,0.13103991614571));
#6684=CARTESIAN_POINT('',(-0.00825614640084047,-0.0316956232540783,0.130980155826012));
#6685=CARTESIAN_POINT('',(-0.0474043670638115,-0.00388469891035607,0.16));
#6686=CARTESIAN_POINT('',(-0.0474043670638115,-0.00388469891035607,0.151581060497144));
#6687=CARTESIAN_POINT('',(-0.00822362222501598,-0.0299822691926786,0.13712128568461));
#6688=CARTESIAN_POINT('',(-0.00822362222501598,-0.0315842864283956,0.131142475966313));
#6689=CARTESIAN_POINT('',(-0.00822362222501598,-0.0316003066007528,0.13108268786913));
#6690=CARTESIAN_POINT('',(-0.00822362222501598,-0.03161632677311,0.131022899771947));
#6691=CARTESIAN_POINT('',(-0.00822362222501598,-0.0316323469454671,0.130963111674764));
#6692=CARTESIAN_POINT('',(-0.0472782175857046,-0.00374830909182381,0.16));
#6693=CARTESIAN_POINT('',(-0.0472782175857046,-0.00374830909182381,0.151573321769334));
#6694=CARTESIAN_POINT('',(-0.00815570607340866,-0.0298528054616468,0.137091749567717));
#6695=CARTESIAN_POINT('',(-0.00815570607340866,-0.0314561110936852,0.131108131488888));
#6696=CARTESIAN_POINT('',(-0.00815570607340866,-0.0314721441500056,0.1310482953081));
#6697=CARTESIAN_POINT('',(-0.00815570607340866,-0.0314881772063259,0.130988459127311));
#6698=CARTESIAN_POINT('',(-0.00815570607340866,-0.0315042102626464,0.130928622946523));
#6699=CARTESIAN_POINT('',(-0.0472230140748574,-0.00369050788707674,0.16));
#6700=CARTESIAN_POINT('',(-0.0472230140748574,-0.00369050788707674,0.151569373364693));
#6701=CARTESIAN_POINT('',(-0.00812031412765883,-0.0297873835356668,0.13707640027702));
#6702=CARTESIAN_POINT('',(-0.00812031412765883,-0.0313912342830895,0.131090747799881));
#6703=CARTESIAN_POINT('',(-0.00812031412765883,-0.0314072727905638,0.13103089127511));
#6704=CARTESIAN_POINT('',(-0.00812031412765883,-0.031423311298038,0.130971034750338));
#6705=CARTESIAN_POINT('',(-0.00812031412765883,-0.0314393498055122,0.130911178225567));
#6706=CARTESIAN_POINT('',(-0.0471318407316281,-0.0035965279678565,0.16));
#6707=CARTESIAN_POINT('',(-0.0471318407316281,-0.0035965279678565,0.151561251317473));
#6708=CARTESIAN_POINT('',(-0.00804634722175687,-0.0296550318741254,0.137044501059522));
#6709=CARTESIAN_POINT('',(-0.00804634722175687,-0.0312597736973802,0.131055523042104));
#6710=CARTESIAN_POINT('',(-0.00804634722175687,-0.0312758211156127,0.13099563326193));
#6711=CARTESIAN_POINT('',(-0.00804634722175687,-0.0312918685338453,0.130935743481755));
#6712=CARTESIAN_POINT('',(-0.00804634722175687,-0.0313079159520778,0.130875853701581));
#6713=CARTESIAN_POINT('',(-0.0470958756735799,-0.0035603417676473,0.16));
#6714=CARTESIAN_POINT('',(-0.0470958756735799,-0.0035603417676473,0.151557077674893));
#6715=CARTESIAN_POINT('',(-0.00800777228870251,-0.029588102009816,0.137027951098222));
#6716=CARTESIAN_POINT('',(-0.00800777228870251,-0.0311931897935187,0.131037681938835));
#6717=CARTESIAN_POINT('',(-0.00800777228870251,-0.0312092406713558,0.130977779247241));
#6718=CARTESIAN_POINT('',(-0.00800777228870251,-0.0312252915491927,0.130917876555648));
#6719=CARTESIAN_POINT('',(-0.00800777228870251,-0.0312413424270298,0.130857973864054));
#6720=CARTESIAN_POINT('',(-0.0470369464652393,-0.0035014125593067,0.16));
#6721=CARTESIAN_POINT('',(-0.0470369464652393,-0.0035014125593067,0.151546816220618));
#6722=CARTESIAN_POINT('',(-0.00791195104251721,-0.0294272058513376,0.136987175458978));
#6723=CARTESIAN_POINT('',(-0.00791195104251721,-0.0310328777241617,0.130994726449314));
#6724=CARTESIAN_POINT('',(-0.00791195104251721,-0.03104893444289,0.130934801959217));
#6725=CARTESIAN_POINT('',(-0.00791195104251721,-0.0310649911616183,0.130874877469121));
#6726=CARTESIAN_POINT('',(-0.00791195104251721,-0.0310810478803465,0.130814952979024));
#6727=CARTESIAN_POINT('',(-0.0470061424717574,-0.00347060856582477,0.16));
#6728=CARTESIAN_POINT('',(-0.0470061424717574,-0.00347060856582477,0.15154040332869));
#6729=CARTESIAN_POINT('',(-0.00785042839581757,-0.0293278729522936,0.13696182568502));
#6730=CARTESIAN_POINT('',(-0.00785042839581757,-0.0309338614241485,0.130968195111688));
#6731=CARTESIAN_POINT('',(-0.00785042839581757,-0.030949921308867,0.130908258805955));
#6732=CARTESIAN_POINT('',(-0.00785042839581757,-0.0309659811935856,0.130848322500221));
#6733=CARTESIAN_POINT('',(-0.00785042839581757,-0.0309820410783041,0.130788386194488));
#6734=CARTESIAN_POINT('',(-0.0469495105145098,-0.0034139766085772,0.16));
#6735=CARTESIAN_POINT('',(-0.0469495105145098,-0.0034139766085772,0.151526899408927));
#6736=CARTESIAN_POINT('',(-0.00771611613655265,-0.0291214026939636,0.136908951137077));
#6737=CARTESIAN_POINT('',(-0.00771611613655265,-0.0307280034135778,0.130913035624));
#6738=CARTESIAN_POINT('',(-0.00771611613655265,-0.0307440694207739,0.130853076468869));
#6739=CARTESIAN_POINT('',(-0.00771611613655265,-0.0307601354279701,0.130793117313739));
#6740=CARTESIAN_POINT('',(-0.00771611613655265,-0.0307762014351662,0.130733158158608));
#6741=CARTESIAN_POINT('',(-0.0469236825507442,-0.00338814864481157,0.16));
#6742=CARTESIAN_POINT('',(-0.0469236825507442,-0.00338814864481157,0.151519808381092));
#6743=CARTESIAN_POINT('',(-0.00764332191239673,-0.0290142698119342,0.13688142682011));
#6744=CARTESIAN_POINT('',(-0.00764332191239673,-0.0306211659946123,0.130884408623867));
#6745=CARTESIAN_POINT('',(-0.00764332191239673,-0.0306372349564391,0.130824438441904));
#6746=CARTESIAN_POINT('',(-0.00764332191239673,-0.0306533039182659,0.130764468259942));
#6747=CARTESIAN_POINT('',(-0.00764332191239673,-0.0306693728800927,0.13070449807798));
#6748=CARTESIAN_POINT('',(-0.0468753439763572,-0.00333981007042452,0.16));
#6749=CARTESIAN_POINT('',(-0.0468753439763572,-0.00333981007042452,0.151505212608483));
#6750=CARTESIAN_POINT('',(-0.00748780071251933,-0.0287965710302011,0.1368254470581));
#6751=CARTESIAN_POINT('',(-0.00748780071251933,-0.0304040553255663,0.130826233995428));
#6752=CARTESIAN_POINT('',(-0.00748780071251933,-0.0304201301685199,0.130766241864801));
#6753=CARTESIAN_POINT('',(-0.00748780071251933,-0.0304362050114736,0.130706249734174));
#6754=CARTESIAN_POINT('',(-0.00748780071251933,-0.0304522798544272,0.130646257603548));
#6755=CARTESIAN_POINT('',(-0.0468528333657357,-0.00331729945980309,0.16));
#6756=CARTESIAN_POINT('',(-0.0468528333657357,-0.00331729945980309,0.151497710995692));
#6757=CARTESIAN_POINT('',(-0.00740507156172748,-0.0286860087857766,0.136796994571885));
#6758=CARTESIAN_POINT('',(-0.00740507156172748,-0.0302937862256149,0.130796687479146));
#6759=CARTESIAN_POINT('',(-0.00740507156172748,-0.0303098640000133,0.130736684408218));
#6760=CARTESIAN_POINT('',(-0.00740507156172748,-0.0303259417744117,0.130676681337291));
#6761=CARTESIAN_POINT('',(-0.00740507156172748,-0.0303420195488101,0.130616678266364));
#6762=CARTESIAN_POINT('',(-0.046809470821065,-0.00327393691513236,0.16));
#6763=CARTESIAN_POINT('',(-0.046809470821065,-0.00327393691513236,0.15148256415639));
#6764=CARTESIAN_POINT('',(-0.00723165167969323,-0.0284655204951566,0.136740309118769));
#6765=CARTESIAN_POINT('',(-0.00723165167969323,-0.030073896486569,0.130737768201144));
#6766=CARTESIAN_POINT('',(-0.00723165167969323,-0.0300899802464831,0.130677742791968));
#6767=CARTESIAN_POINT('',(-0.00723165167969323,-0.0301060640063972,0.130617717382792));
#6768=CARTESIAN_POINT('',(-0.00723165167969323,-0.0301221477663113,0.130557691973616));
#6769=CARTESIAN_POINT('',(-0.0467886188870157,-0.00325308498108305,0.16));
#6770=CARTESIAN_POINT('',(-0.0467886188870157,-0.00325308498108305,0.15147491892988));
#6771=CARTESIAN_POINT('',(-0.00714096104445873,-0.0283555979734622,0.136712077096254));
#6772=CARTESIAN_POINT('',(-0.00714096104445873,-0.0299642793719752,0.130708396383812));
#6773=CARTESIAN_POINT('',(-0.00714096104445873,-0.0299803661859604,0.130648359576688));
#6774=CARTESIAN_POINT('',(-0.00714096104445873,-0.0299964529999455,0.130588322769564));
#6775=CARTESIAN_POINT('',(-0.00714096104445873,-0.0300125398139306,0.130528285962439));
#6776=CARTESIAN_POINT('',(-0.0467469150189171,-0.00321138111298443,0.16));
#6777=CARTESIAN_POINT('',(-0.0467469150189171,-0.00321138111298443,0.151459748702396));
#6778=CARTESIAN_POINT('',(-0.00695425670893047,-0.0281400369408379,0.136656866344435));
#6779=CARTESIAN_POINT('',(-0.00695425670893047,-0.0297493555025489,0.130650807706565));
#6780=CARTESIAN_POINT('',(-0.00695425670893047,-0.029765448688166,0.130590747120187));
#6781=CARTESIAN_POINT('',(-0.00695425670893047,-0.029781541873783,0.130530686533808));
#6782=CARTESIAN_POINT('',(-0.00695425670893047,-0.0297976350594002,0.130470625947429));
#6783=CARTESIAN_POINT('',(-0.0467260630848678,-0.00319052917893512,0.16));
#6784=CARTESIAN_POINT('',(-0.0467260630848677,-0.00319052917893512,0.151452225912082));
#6785=CARTESIAN_POINT('',(-0.00685824506153663,-0.0280344008434638,0.136629888060364));
#6786=CARTESIAN_POINT('',(-0.00685824506153663,-0.0296440511109028,0.130622591479864));
#6787=CARTESIAN_POINT('',(-0.00685824506153663,-0.0296601476135771,0.130562518514059));
#6788=CARTESIAN_POINT('',(-0.00685824506153663,-0.0296762441162515,0.130502445548255));
#6789=CARTESIAN_POINT('',(-0.00685824506153663,-0.0296923406189259,0.13044237258245));
#6790=CARTESIAN_POINT('',(-0.046682700540197,-0.00314716663426439,0.16));
#6791=CARTESIAN_POINT('',(-0.046682700540197,-0.00314716663426439,0.151437545097829));
#6792=CARTESIAN_POINT('',(-0.00666417096238436,-0.0278305542568251,0.136578056555675));
#6793=CARTESIAN_POINT('',(-0.00666417096238436,-0.0294409017801594,0.130568157780749));
#6794=CARTESIAN_POINT('',(-0.00666417096238436,-0.0294570052553927,0.130508058793));
#6795=CARTESIAN_POINT('',(-0.00666417096238436,-0.0294731087306261,0.13044795980525));
#6796=CARTESIAN_POINT('',(-0.00666417096238436,-0.0294892122058594,0.130387860817501));
#6797=CARTESIAN_POINT('',(-0.0466601899295756,-0.00312465602364296,0.16));
#6798=CARTESIAN_POINT('',(-0.0466601899295756,-0.00312465602364296,0.151430387073891));
#6799=CARTESIAN_POINT('',(-0.00656611208735222,-0.0277323444709112,0.13655320352352));
#6800=CARTESIAN_POINT('',(-0.00656611208735222,-0.0293430575444128,0.130541940496797));
#6801=CARTESIAN_POINT('',(-0.00656611208735222,-0.0293591646751479,0.130481827866529));
#6802=CARTESIAN_POINT('',(-0.00656611208735222,-0.0293752718058829,0.130421715236262));
#6803=CARTESIAN_POINT('',(-0.00656611208735222,-0.0293913789366179,0.130361602605995));
#6804=CARTESIAN_POINT('',(-0.0466118513551886,-0.00307631744925592,0.16));
#6805=CARTESIAN_POINT('',(-0.0466118513551886,-0.00307631744925592,0.151416675911909));
#6806=CARTESIAN_POINT('',(-0.00637176330994604,-0.0275459313232955,0.136506344434979));
#6807=CARTESIAN_POINT('',(-0.00637176330994604,-0.0291574169377525,0.130492198246159));
#6808=CARTESIAN_POINT('',(-0.00637176330994604,-0.0291735317938971,0.130432056784271));
#6809=CARTESIAN_POINT('',(-0.00637176330994604,-0.0291896466500416,0.130371915322383));
#6810=CARTESIAN_POINT('',(-0.00637176330994604,-0.0292057615061862,0.130311773860495));
#6811=CARTESIAN_POINT('',(-0.0465860233914229,-0.00305048948549028,0.16));
#6812=CARTESIAN_POINT('',(-0.0465860233914229,-0.00305048948549028,0.151410122733417));
#6813=CARTESIAN_POINT('',(-0.00627547801652487,-0.0274577271061698,0.136484336177575));
#6814=CARTESIAN_POINT('',(-0.00627547801652487,-0.0290696192184627,0.130468672918178));
#6815=CARTESIAN_POINT('',(-0.00627547801652487,-0.0290857381395856,0.130408516285585));
#6816=CARTESIAN_POINT('',(-0.00627547801652487,-0.0291018570607085,0.130348359652991));
#6817=CARTESIAN_POINT('',(-0.00627547801652487,-0.0291179759818315,0.130288203020397));
#6818=CARTESIAN_POINT('',(-0.0465293914341753,-0.00299385752824272,0.16));
#6819=CARTESIAN_POINT('',(-0.0465293914341753,-0.00299385752824272,0.151397825568755));
#6820=CARTESIAN_POINT('',(-0.00608891897077528,-0.0272933583494095,0.136443722441337));
#6821=CARTESIAN_POINT('',(-0.00608891897077528,-0.0289061076465516,0.130424860124532));
#6822=CARTESIAN_POINT('',(-0.00608891897077528,-0.0289222351395229,0.130364671501364));
#6823=CARTESIAN_POINT('',(-0.00608891897077528,-0.0289383626324944,0.130304482878196));
#6824=CARTESIAN_POINT('',(-0.00608891897077528,-0.0289544901254658,0.130244294255028));
#6825=CARTESIAN_POINT('',(-0.0464985874406935,-0.00296305353476073,0.16));
#6826=CARTESIAN_POINT('',(-0.0464985874406935,-0.00296305353476073,0.151392081582586));
#6827=CARTESIAN_POINT('',(-0.00599865039472515,-0.0272171900305745,0.136425116500454));
#6828=CARTESIAN_POINT('',(-0.00599865039472515,-0.0288303901523761,0.130404571683114));
#6829=CARTESIAN_POINT('',(-0.00599865039472515,-0.0288465221535941,0.130344366234941));
#6830=CARTESIAN_POINT('',(-0.00599865039472515,-0.0288626541548121,0.130284160786768));
#6831=CARTESIAN_POINT('',(-0.00599865039472515,-0.0288787861560301,0.130223955338594));
#6832=CARTESIAN_POINT('',(-0.0464396582323529,-0.00290412432642012,0.16));
#6833=CARTESIAN_POINT('',(-0.0464396582323529,-0.00290412432642012,0.151383036692362));
#6834=CARTESIAN_POINT('',(-0.00585184372837919,-0.0270973844485497,0.136396285106802));
#6835=CARTESIAN_POINT('',(-0.00585184372837919,-0.0287114021741764,0.130372688950447));
#6836=CARTESIAN_POINT('',(-0.00585184372837919,-0.0287275423514326,0.130312452988883));
#6837=CARTESIAN_POINT('',(-0.00585184372837919,-0.0287436825286889,0.13025221702732));
#6838=CARTESIAN_POINT('',(-0.00585184372837919,-0.0287598227059452,0.130191981065756));
#6839=CARTESIAN_POINT('',(-0.0464065744927798,-0.0028712788513006,0.16));
#6840=CARTESIAN_POINT('',(-0.0464065744927798,-0.0028712788513006,0.151379311491137));
#6841=CARTESIAN_POINT('',(-0.00578926979387163,-0.0270475886812406,0.13638461962064));
#6842=CARTESIAN_POINT('',(-0.00578926979387163,-0.0286620257192358,0.13035945856922));
#6843=CARTESIAN_POINT('',(-0.00578926979387163,-0.0286781700896158,0.130299206958706));
#6844=CARTESIAN_POINT('',(-0.00578926979387163,-0.0286943144599958,0.130238955348192));
#6845=CARTESIAN_POINT('',(-0.00578926979387163,-0.0287104588303757,0.130178703737678));
#6846=CARTESIAN_POINT('',(-0.0463241391150267,-0.00279110706940767,0.16));
#6847=CARTESIAN_POINT('',(-0.0463241391150267,-0.00279110706940767,0.151372068087501));
#6848=CARTESIAN_POINT('',(-0.00566290305078913,-0.0269495585961691,0.136362222418561));
#6849=CARTESIAN_POINT('',(-0.00566290305078913,-0.0285649631041768,0.1303334507199));
#6850=CARTESIAN_POINT('',(-0.00566290305078913,-0.0285811171492568,0.130273163002914));
#6851=CARTESIAN_POINT('',(-0.00566290305078913,-0.0285972711943369,0.130212875285927));
#6852=CARTESIAN_POINT('',(-0.00566290305078913,-0.028613425239417,0.13015258756894));
#6853=CARTESIAN_POINT('',(-0.0462747846801347,-0.00274378208088712,0.16));
#6854=CARTESIAN_POINT('',(-0.0462747846801347,-0.00274378208088712,0.151368549885089));
#6855=CARTESIAN_POINT('',(-0.00559911031309796,-0.0269013243252042,0.136351490715184));
#6856=CARTESIAN_POINT('',(-0.00559911031309796,-0.028517276990856,0.130320673264346));
#6857=CARTESIAN_POINT('',(-0.00559911031309796,-0.0285334365175125,0.130260365089837));
#6858=CARTESIAN_POINT('',(-0.00559911031309796,-0.0285495960441691,0.130200056915329));
#6859=CARTESIAN_POINT('',(-0.00559911031309796,-0.0285657555708256,0.130139748740821));
#6860=CARTESIAN_POINT('',(-0.0461598804514843,-0.00263651602160418,0.16));
#6861=CARTESIAN_POINT('',(-0.0461598804514843,-0.00263651602160418,0.151361762492585));
#6862=CARTESIAN_POINT('',(-0.00547065497416684,-0.0268066688877661,0.136330942933077));
#6863=CARTESIAN_POINT('',(-0.00547065497416684,-0.0284238253198963,0.130295632964581));
#6864=CARTESIAN_POINT('',(-0.00547065497416684,-0.0284399968842176,0.130235279864896));
#6865=CARTESIAN_POINT('',(-0.00547065497416684,-0.0284561684485389,0.130174926765211));
#6866=CARTESIAN_POINT('',(-0.00547065497416684,-0.0284723400128602,0.130114573665526));
#6867=CARTESIAN_POINT('',(-0.0460943278676358,-0.00257657614164493,0.16));
#6868=CARTESIAN_POINT('',(-0.0460943278676358,-0.00257657614164493,0.151358493302492));
#6869=CARTESIAN_POINT('',(-0.00540599245379012,-0.0267602479510789,0.136321126121099));
#6870=CARTESIAN_POINT('',(-0.00540599245379012,-0.0283780597933387,0.130283370128698));
#6871=CARTESIAN_POINT('',(-0.00540599245379012,-0.0283942379117613,0.130222992568774));
#6872=CARTESIAN_POINT('',(-0.00540599245379012,-0.0284104160301839,0.13016261500885));
#6873=CARTESIAN_POINT('',(-0.00540599245379012,-0.0284265941486065,0.130102237448926));
#6874=CARTESIAN_POINT('',(-0.0459469781526909,-0.00244617514295839,0.16));
#6875=CARTESIAN_POINT('',(-0.0459469781526909,-0.00244617514295839,0.151352245948128));
#6876=CARTESIAN_POINT('',(-0.00527616873444866,-0.026669445142688,0.136302358854884));
#6877=CARTESIAN_POINT('',(-0.00527616873444866,-0.0282886478031888,0.130259412258144));
#6878=CARTESIAN_POINT('',(-0.00527616873444866,-0.0283048398297937,0.130198982792177));
#6879=CARTESIAN_POINT('',(-0.00527616873444866,-0.0283210318563988,0.130138553326209));
#6880=CARTESIAN_POINT('',(-0.00527616873444866,-0.0283372238830037,0.130078123860242));
#6881=CARTESIAN_POINT('',(-0.0458651783264751,-0.00237571521265077,0.16));
#6882=CARTESIAN_POINT('',(-0.0458651783264751,-0.00237571521265077,0.151349267783858));
#6883=CARTESIAN_POINT('',(-0.00521100762389397,-0.0266250632849289,0.136293408404384));
#6884=CARTESIAN_POINT('',(-0.00521100762389397,-0.028245001353541,0.130247717227208));
#6885=CARTESIAN_POINT('',(-0.00521100762389397,-0.0282612007342271,0.130187260315437));
#6886=CARTESIAN_POINT('',(-0.00521100762389397,-0.0282774001149133,0.130126803403665));
#6887=CARTESIAN_POINT('',(-0.00521100762389397,-0.0282935994955994,0.130066346491893));
#6888=CARTESIAN_POINT('',(-0.0456852458268794,-0.00222656382707149,0.16));
#6889=CARTESIAN_POINT('',(-0.0456852458268794,-0.00222656382707149,0.151343644494645));
#6890=CARTESIAN_POINT('',(-0.00508057753485471,-0.026538531763189,0.136276317386634));
#6891=CARTESIAN_POINT('',(-0.00508057753485471,-0.0281599935902062,0.130224939465672));
#6892=CARTESIAN_POINT('',(-0.00508057753485471,-0.0281762082084763,0.130164425686463));
#6893=CARTESIAN_POINT('',(-0.00508057753485471,-0.0281924228267465,0.130103911907253));
#6894=CARTESIAN_POINT('',(-0.00508057753485471,-0.0282086374450167,0.130043398128044));
#6895=CARTESIAN_POINT('',(-0.0455871106344408,-0.00214787365415718,0.16));
#6896=CARTESIAN_POINT('',(-0.0455871106344408,-0.00214787365415718,0.151341001999143));
#6897=CARTESIAN_POINT('',(-0.00501530864982913,-0.0264963823902262,0.136268175715951));
#6898=CARTESIAN_POINT('',(-0.00501530864982913,-0.0281186322721843,0.130213856733911));
#6899=CARTESIAN_POINT('',(-0.00501530864982913,-0.0281348547710039,0.13015331354409));
#6900=CARTESIAN_POINT('',(-0.00501530864982913,-0.0281510772698234,0.13009277035427));
#6901=CARTESIAN_POINT('',(-0.00501530864982913,-0.028167299768643,0.130032227164449));
#6902=CARTESIAN_POINT('',(-0.0453744585175704,-0.00198470965502505,0.16));
#6903=CARTESIAN_POINT('',(-0.0453744585175704,-0.00198470965502505,0.151336094473253));
#6904=CARTESIAN_POINT('',(-0.00488507071033479,-0.0264144803661173,0.136252622192238));
#6905=CARTESIAN_POINT('',(-0.00488507071033479,-0.0280383282624518,0.130192339339354));
#6906=CARTESIAN_POINT('',(-0.00488507071033479,-0.0280545667414151,0.130131736510825));
#6907=CARTESIAN_POINT('',(-0.00488507071033479,-0.0280708052203785,0.130071133682296));
#6908=CARTESIAN_POINT('',(-0.00488507071033479,-0.0280870436993419,0.130010530853767));
#6909=CARTESIAN_POINT('',(-0.0452599393270371,-0.00190023727058439,0.16));
#6910=CARTESIAN_POINT('',(-0.0452599393270371,-0.00190023727058439,0.151333829442865));
#6911=CARTESIAN_POINT('',(-0.00482010175188265,-0.026374727691508,0.136245210332922));
#6912=CARTESIAN_POINT('',(-0.00482010175188265,-0.0279993855472781,0.130181904670272));
#6913=CARTESIAN_POINT('',(-0.00482010175188265,-0.0280156321258358,0.130121271613645));
#6914=CARTESIAN_POINT('',(-0.00482010175188265,-0.0280318787043935,0.130060638557019));
#6915=CARTESIAN_POINT('',(-0.00482010175188265,-0.0280481252829512,0.130000005500392));
#6916=CARTESIAN_POINT('',(-0.0450145818203298,-0.00172807424270223,0.16));
#6917=CARTESIAN_POINT('',(-0.0450145818203298,-0.00172807424270223,0.151329716014104));
#6918=CARTESIAN_POINT('',(-0.00469088539997912,-0.0262977508327125,0.136231029951307));
#6919=CARTESIAN_POINT('',(-0.00469088539997912,-0.0279240200648663,0.130161710550123));
#6920=CARTESIAN_POINT('',(-0.00469088539997912,-0.0279402827571879,0.130101017356111));
#6921=CARTESIAN_POINT('',(-0.00469088539997912,-0.0279565454495094,0.130040324162099));
#6922=CARTESIAN_POINT('',(-0.00469088539997912,-0.0279728081418309,0.129979630968087));
#6923=CARTESIAN_POINT('',(-0.0448837415640587,-0.00164038523430395,0.16));
#6924=CARTESIAN_POINT('',(-0.0448837415640587,-0.00164038523430395,0.15132786869125));
#6925=CARTESIAN_POINT('',(-0.00462663810269244,-0.026260526931084,0.136224260201915));
#6926=CARTESIAN_POINT('',(-0.00462663810269244,-0.027887597254485,0.130151951087495));
#6927=CARTESIAN_POINT('',(-0.00462663810269244,-0.0279038679577191,0.130091227996351));
#6928=CARTESIAN_POINT('',(-0.00462663810269244,-0.0279201386609531,0.130030504905206));
#6929=CARTESIAN_POINT('',(-0.00462663810269244,-0.0279364093641871,0.129969781814062));
#6930=CARTESIAN_POINT('',(-0.0446059793988761,-0.00146442582566552,0.16));
#6931=CARTESIAN_POINT('',(-0.0446059793988761,-0.00146442582566552,0.151324625061081));
#6932=CARTESIAN_POINT('',(-0.00449929795146123,-0.026188709537527,0.13621126427267));
#6933=CARTESIAN_POINT('',(-0.00449929795146123,-0.0278173417317683,0.130133126176919));
#6934=CARTESIAN_POINT('',(-0.00449929795146123,-0.0278336280537108,0.130072344795962));
#6935=CARTESIAN_POINT('',(-0.00449929795146123,-0.0278499143756532,0.130011563415004));
#6936=CARTESIAN_POINT('',(-0.00449929795146123,-0.0278662006975955,0.129950782034047));
#6937=CARTESIAN_POINT('',(-0.0444590559432472,-0.00137615725643149,0.16));
#6938=CARTESIAN_POINT('',(-0.0444590559432472,-0.00137615725643149,0.151323228753768));
#6939=CARTESIAN_POINT('',(-0.00443620519157858,-0.0261541159825121,0.136205038075912));
#6940=CARTESIAN_POINT('',(-0.00443620519157858,-0.0277835089563463,0.130124060712067));
#6941=CARTESIAN_POINT('',(-0.00443620519157858,-0.0277998028860846,0.130063250938429));
#6942=CARTESIAN_POINT('',(-0.00443620519157858,-0.0278160968158229,0.13000244116479));
#6943=CARTESIAN_POINT('',(-0.00443620519157858,-0.0278323907455613,0.129941631391152));
#6944=CARTESIAN_POINT('',(-0.0441495922786098,-0.00120169505681695,0.16));
#6945=CARTESIAN_POINT('',(-0.0441495922786098,-0.00120169505681695,0.151320919387179));
#6946=CARTESIAN_POINT('',(-0.00431161527535309,-0.0260876309712271,0.136193023989893));
#6947=CARTESIAN_POINT('',(-0.00431161527535309,-0.0277184740748272,0.130106634668084));
#6948=CARTESIAN_POINT('',(-0.00431161527535309,-0.0277347825058631,0.130045770774866));
#6949=CARTESIAN_POINT('',(-0.00431161527535309,-0.0277510909368992,0.129984906881648));
#6950=CARTESIAN_POINT('',(-0.00431161527535309,-0.0277673993679351,0.12992404298843));
#6951=CARTESIAN_POINT('',(-0.0439870509746088,-0.00111550342679545,0.16));
#6952=CARTESIAN_POINT('',(-0.0439870509746088,-0.00111550342679545,0.151320006755815));
#6953=CARTESIAN_POINT('',(-0.00425011820895444,-0.0260557397838328,0.136187234765083));
#6954=CARTESIAN_POINT('',(-0.00425011820895444,-0.0276872718857073,0.130098274066707));
#6955=CARTESIAN_POINT('',(-0.00425011820895444,-0.027703587206726,0.130037384459724));
#6956=CARTESIAN_POINT('',(-0.00425011820895444,-0.0277199025277448,0.12997649485274));
#6957=CARTESIAN_POINT('',(-0.00425011820895444,-0.0277362178487635,0.129915605245756));
#6958=CARTESIAN_POINT('',(-0.043647083782427,-0.00094781329827343,0.16));
#6959=CARTESIAN_POINT('',(-0.043647083782427,-0.00094781329827343,0.151318684941203));
#6960=CARTESIAN_POINT('',(-0.00412916635401544,-0.0259947021879316,0.13617598807594));
#6961=CARTESIAN_POINT('',(-0.00412916635401544,-0.0276275113611528,0.130082261282414));
#6962=CARTESIAN_POINT('',(-0.00412916635401544,-0.027643839452885,0.130021324014478));
#6963=CARTESIAN_POINT('',(-0.00412916635401544,-0.0276601675446172,0.129960386746543));
#6964=CARTESIAN_POINT('',(-0.00412916635401544,-0.0276764956363494,0.129899449478608));
#6965=CARTESIAN_POINT('',(-0.0434696572960761,-0.000866316916834092,0.16));
#6966=CARTESIAN_POINT('',(-0.0434696572960761,-0.000866316916834092,0.151318275757955));
#6967=CARTESIAN_POINT('',(-0.00406971164959778,-0.0259655556767148,0.136170530584086));
#6968=CARTESIAN_POINT('',(-0.00406971164959778,-0.0275989529230083,0.130074609071976));
#6969=CARTESIAN_POINT('',(-0.00406971164959778,-0.0276152868954712,0.130013649856855));
#6970=CARTESIAN_POINT('',(-0.00406971164959778,-0.0276316208679342,0.129952690641734));
#6971=CARTESIAN_POINT('',(-0.00406971164959778,-0.027647954840397,0.129891731426612));
#6972=CARTESIAN_POINT('',(-0.043100944737476,-0.000710535349446334,0.16));
#6973=CARTESIAN_POINT('',(-0.043100944737476,-0.000710535349446334,0.151317980183828));
#6974=CARTESIAN_POINT('',(-0.0039532940897073,-0.0259100248097782,0.136159836848962));
#6975=CARTESIAN_POINT('',(-0.0039532940897073,-0.0275444684850282,0.130060010010819));
#6976=CARTESIAN_POINT('',(-0.0039532940897073,-0.0275608129217806,0.129999011742438));
#6977=CARTESIAN_POINT('',(-0.0039532940897073,-0.0275771573585331,0.129938013474056));
#6978=CARTESIAN_POINT('',(-0.0039532940897073,-0.0275935017952856,0.129877015205675));
#6979=CARTESIAN_POINT('',(-0.0429096585913481,-0.00063625232325842,0.16));
#6980=CARTESIAN_POINT('',(-0.0429096585913481,-0.00063625232325842,0.151318094012831));
#6981=CARTESIAN_POINT('',(-0.0038963313112147,-0.0258836406755839,0.136154599291181));
#6982=CARTESIAN_POINT('',(-0.0038963313112147,-0.0275185423632513,0.130053063127426));
#6983=CARTESIAN_POINT('',(-0.0038963313112147,-0.027534891380128,0.129992047765788));
#6984=CARTESIAN_POINT('',(-0.0038963313112147,-0.0275512403970047,0.129931032404151));
#6985=CARTESIAN_POINT('',(-0.0038963313112147,-0.0275675894138813,0.129870017042513));
#6986=CARTESIAN_POINT('',(-0.0425145547097083,-0.000497250941417234,0.16));
#6987=CARTESIAN_POINT('',(-0.0425145547097083,-0.000497250941417234,0.151318848486457));
#6988=CARTESIAN_POINT('',(-0.00378534764970816,-0.0258336259769218,0.136144246893222));
#6989=CARTESIAN_POINT('',(-0.00378534764970816,-0.0274692899146285,0.130039865973592));
#6990=CARTESIAN_POINT('',(-0.00378534764970816,-0.0274856465540056,0.129978822164396));
#6991=CARTESIAN_POINT('',(-0.00378534764970816,-0.0275020031933826,0.1299177783552));
#6992=CARTESIAN_POINT('',(-0.00378534764970816,-0.0275183598327597,0.129856734546003));
#6993=CARTESIAN_POINT('',(-0.0423107374305719,-0.000432534698859782,0.16));
#6994=CARTESIAN_POINT('',(-0.0423107374305719,-0.000432534698859782,0.15131948913108));
#6995=CARTESIAN_POINT('',(-0.00373132683566211,-0.0258099952719045,0.136139132015383));
#6996=CARTESIAN_POINT('',(-0.00373132683566211,-0.0274459634472329,0.130033615665491));
#6997=CARTESIAN_POINT('',(-0.00373132683566211,-0.0274623231289862,0.129972560501992));
#6998=CARTESIAN_POINT('',(-0.00373132683566211,-0.0274786828107395,0.129911505338494));
#6999=CARTESIAN_POINT('',(-0.00373132683566211,-0.0274950424924927,0.129850450174995));
#7000=CARTESIAN_POINT('',(-0.0418921965409621,-0.000314791315766538,0.16));
#7001=CARTESIAN_POINT('',(-0.0418921965409621,-0.000314791315766538,0.151321300819433));
#7002=CARTESIAN_POINT('',(-0.00362667543286354,-0.0257654608708369,0.136128924377675));
#7003=CARTESIAN_POINT('',(-0.00362667543286354,-0.0274018603759388,0.130021798283154));
#7004=CARTESIAN_POINT('',(-0.00362667543286354,-0.0274182243709898,0.129960727022209));
#7005=CARTESIAN_POINT('',(-0.00362667543286354,-0.0274345883660409,0.129899655761264));
#7006=CARTESIAN_POINT('',(-0.00362667543286354,-0.0274509523610919,0.129838584500319));
#7007=CARTESIAN_POINT('',(-0.0416774738987887,-0.000261766143966157,0.16));
#7008=CARTESIAN_POINT('',(-0.0416774738987887,-0.000261766143966157,0.151322471835928));
#7009=CARTESIAN_POINT('',(-0.00357604490471051,-0.0257445572983568,0.136123830522998));
#7010=CARTESIAN_POINT('',(-0.00357604490471051,-0.0273810836136308,0.130016231166473));
#7011=CARTESIAN_POINT('',(-0.00357604490471051,-0.0273974488767835,0.129955155172907));
#7012=CARTESIAN_POINT('',(-0.00357604490471051,-0.0274138141399362,0.129894079179342));
#7013=CARTESIAN_POINT('',(-0.00357604490471051,-0.027430179403089,0.129833003185777));
#7014=CARTESIAN_POINT('',(-0.0412390233360618,-0.000169238675582911,0.16));
#7015=CARTESIAN_POINT('',(-0.0412390233360618,-0.000169238675582911,0.151325331170639));
#7016=CARTESIAN_POINT('',(-0.00347861874241631,-0.025705430146471,0.136113589469062));
#7017=CARTESIAN_POINT('',(-0.00347861874241631,-0.0273420172204484,0.130005763357968));
#7018=CARTESIAN_POINT('',(-0.00347861874241631,-0.0273583830911882,0.129944685096857));
#7019=CARTESIAN_POINT('',(-0.00347861874241631,-0.0273747489619279,0.129883606835746));
#7020=CARTESIAN_POINT('',(-0.00347861874241631,-0.0273911148326677,0.129822528574635));
#7021=CARTESIAN_POINT('',(-0.0410152968518837,-0.000129738105014408,0.16));
#7022=CARTESIAN_POINT('',(-0.0410152968518837,-0.000129738105014408,0.151327019488855));
#7023=CARTESIAN_POINT('',(-0.00343182316072141,-0.0256872063916296,0.136108442222795));
#7024=CARTESIAN_POINT('',(-0.00343182316072141,-0.0273237274141384,0.130000862619138));
#7025=CARTESIAN_POINT('',(-0.00343182316072141,-0.0273400926243634,0.129939786823101));
#7026=CARTESIAN_POINT('',(-0.00343182316072141,-0.0273564578345886,0.129878711027065));
#7027=CARTESIAN_POINT('',(-0.00343182316072141,-0.0273728230448137,0.129817635231028));
#7028=CARTESIAN_POINT('',(-0.0405609791860427,-6.57471504432287E-5,0.16));
#7029=CARTESIAN_POINT('',(-0.0405609791860427,-6.57471504432287E-5,0.151330900384088));
#7030=CARTESIAN_POINT('',(-0.00334250620470808,-0.0256533835055562,0.136098018940629));
#7031=CARTESIAN_POINT('',(-0.00334250620470808,-0.0272895644112758,0.12999170867011));
#7032=CARTESIAN_POINT('',(-0.00334250620470808,-0.027305926220333,0.129930645567404));
#7033=CARTESIAN_POINT('',(-0.00334250620470808,-0.0273222880293902,0.129869582464699));
#7034=CARTESIAN_POINT('',(-0.00334250620470808,-0.0273386498384473,0.129808519361994));
#7035=CARTESIAN_POINT('',(-0.0403303898400955,-4.12581584980639E-5,0.16));
#7036=CARTESIAN_POINT('',(-0.0403303898400955,-4.12581584980639E-5,0.151333093009594));
#7037=CARTESIAN_POINT('',(-0.00329998487552174,-0.0256377843993567,0.136092742044999));
#7038=CARTESIAN_POINT('',(-0.00329998487552174,-0.0272736910231458,0.129987455408579));
#7039=CARTESIAN_POINT('',(-0.00329998487552174,-0.0272900500893838,0.129926402542215));
#7040=CARTESIAN_POINT('',(-0.00329998487552174,-0.0273064091556217,0.129865349675851));
#7041=CARTESIAN_POINT('',(-0.00329998487552174,-0.0273227682218595,0.129804296809486));
#7042=CARTESIAN_POINT('',(-0.0398646771853673,-8.38409261662397E-6,0.16));
#7043=CARTESIAN_POINT('',(-0.0398646771853673,-8.38409261662397E-6,0.15133795332867));
#7044=CARTESIAN_POINT('',(-0.0032196489227869,-0.0256091432122056,0.136082020534277));
#7045=CARTESIAN_POINT('',(-0.0032196489227869,-0.0272442880540561,0.129979576906756));
#7046=CARTESIAN_POINT('',(-0.0032196489227869,-0.0272606395024747,0.129918552470481));
#7047=CARTESIAN_POINT('',(-0.0032196489227869,-0.0272769909508932,0.129857528034206));
#7048=CARTESIAN_POINT('',(-0.0032196489227869,-0.0272933423993117,0.129796503597931));
#7049=CARTESIAN_POINT('',(-0.0396295560206144,-1.7347234759768E-18,0.16));
#7050=CARTESIAN_POINT('',(-0.0396295560206144,-1.7347234759768E-18,0.151340621022239));
#7051=CARTESIAN_POINT('',(-0.00318183433856634,-0.0255961009244447,0.136076575863771));
#7052=CARTESIAN_POINT('',(-0.00318183433856634,-0.027230758266287,0.12997595161105));
#7053=CARTESIAN_POINT('',(-0.00318183433856634,-0.0272471048397054,0.129914945368523));
#7054=CARTESIAN_POINT('',(-0.00318183433856634,-0.0272634514131237,0.129853939125995));
#7055=CARTESIAN_POINT('',(-0.00318183433856634,-0.0272797979865422,0.129792932883468));
#7056=CARTESIAN_POINT('',(-0.0382561411526498,-1.7347234759768E-18,0.16));
#7057=CARTESIAN_POINT('',(-0.0382561411526498,-1.7347234759768E-18,0.151357431695966));
#7058=CARTESIAN_POINT('',(-0.00297683776113571,-0.0255274996505396,0.136044318152107));
#7059=CARTESIAN_POINT('',(-0.00297683776113571,-0.0271586879784517,0.129956640435626));
#7060=CARTESIAN_POINT('',(-0.00297683776113571,-0.0271749998617307,0.129895763658461));
#7061=CARTESIAN_POINT('',(-0.00297683776113571,-0.0271913117450099,0.129834886881296));
#7062=CARTESIAN_POINT('',(-0.00297683776113571,-0.027207623628289,0.129774010104132));
#7063=CARTESIAN_POINT('',(-3.90312782094781E-18,-0.0355689608449987,0.132210166258343));
#7064=CARTESIAN_POINT('',(-0.00314658531859609,-0.0272183658300472,0.129972631067767));
#7065=CARTESIAN_POINT('',(0.00314658531859616,-0.0272183658300473,0.129972631067767));
#7066=CARTESIAN_POINT('',(4.20670442924376E-17,-0.0355689608449987,0.132210166258343));
#7067=CARTESIAN_POINT('',(-0.00591364600911612,-0.0287614934174152,0.130386110858621));
#7068=CARTESIAN_POINT('',(-4.7271214720368E-17,-0.0355689608449985,0.132210166258343));
#7069=CARTESIAN_POINT('',(-0.00796743371481683,-0.0311257020440689,0.131019598650871));
#7070=CARTESIAN_POINT('',(-1.57859836313889E-16,-0.0355689608449986,0.132210166258343));
#7071=CARTESIAN_POINT('',(-0.00906023132771232,-0.0340258332576307,0.131796686467489));
#7072=CARTESIAN_POINT('',(7.80625564189563E-17,-0.0355689608449987,0.132210166258343));
#7073=CARTESIAN_POINT('',(-0.00906023132771231,-0.0371120884323667,0.132623646049196));
#7074=CARTESIAN_POINT('',(-3.98986399474665E-17,-0.0355689608449986,0.132210166258343));
#7075=CARTESIAN_POINT('',(-0.00796743371481684,-0.0400122196459284,0.133400733865814));
#7076=CARTESIAN_POINT('',(1.66099772824779E-16,-0.0355689608449984,0.132210166258343));
#7077=CARTESIAN_POINT('',(-0.00591364600911611,-0.0423764282725821,0.134034221658065));
#7078=CARTESIAN_POINT('',(-6.72205346941013E-17,-0.0355689608449987,0.132210166258343));
#7079=CARTESIAN_POINT('',(-0.00314658531859617,-0.04391955585995,0.134447701448918));
#7080=CARTESIAN_POINT('',(4.33680868994202E-19,-0.0355689608449985,0.132210166258343));
#7081=CARTESIAN_POINT('',(0.00314658531859617,-0.04391955585995,0.134447701448918));
#7082=CARTESIAN_POINT('',(-2.21610924056037E-16,-0.0355689608449983,0.132210166258343));
#7083=CARTESIAN_POINT('',(0.0059136460091161,-0.0423764282725821,0.134034221658065));
#7084=CARTESIAN_POINT('',(-1.69135538907738E-16,-0.0355689608449984,0.132210166258343));
#7085=CARTESIAN_POINT('',(0.00796743371481684,-0.0400122196459284,0.133400733865814));
#7086=CARTESIAN_POINT('',(8.23993651088983E-17,-0.0355689608449987,0.132210166258343));
#7087=CARTESIAN_POINT('',(0.00906023132771231,-0.0371120884323667,0.132623646049196));
#7088=CARTESIAN_POINT('',(3.74700270810991E-16,-0.0355689608449987,0.132210166258343));
#7089=CARTESIAN_POINT('',(0.00906023132771231,-0.0340258332576307,0.131796686467489));
#7090=CARTESIAN_POINT('',(-3.81639164714897E-17,-0.0355689608449987,0.132210166258343));
#7091=CARTESIAN_POINT('',(0.00796743371481683,-0.0311257020440689,0.131019598650871));
#7092=CARTESIAN_POINT('',(5.42101086242752E-17,-0.0355689608449985,0.132210166258343));
#7093=CARTESIAN_POINT('',(0.00591364600911611,-0.0287614934174152,0.130386110858621));
#7094=CARTESIAN_POINT('',(-1.55691431968918E-16,-0.0355689608449989,0.132210166258343));
#7095=CARTESIAN_POINT('',(0.00429939653721046,-0.0277072129789802,0.130124322790154));
#7096=CARTESIAN_POINT('',(0.00428354336603511,-0.0276991189426049,0.130122153999644));
#7097=CARTESIAN_POINT('',(0.00426767266776953,-0.0276910731947523,0.130119998148004));
#7098=CARTESIAN_POINT('',(0.004251784485425,-0.0276830756169231,0.130117855203484));
#7099=CARTESIAN_POINT('',(0.00429939653720829,-0.0277072129789861,0.130124322790156));
#7100=CARTESIAN_POINT('',(0.00425178448542506,-0.0276830756169229,0.130117855203484));
#7101=CARTESIAN_POINT('',(-0.00684999456521578,-0.0235865540976761,0.134721944393272));
#7102=CARTESIAN_POINT('',(-0.00579978003506865,-0.0236530986371146,0.134473596791121));
#7103=CARTESIAN_POINT('',(-0.00373502339634647,-0.0239385432215695,0.133948934791348));
#7104=CARTESIAN_POINT('',(-0.00131655874237759,-0.0247031422742063,0.132962001894673));
#7105=CARTESIAN_POINT('',(0.000422197397590836,-0.0255028658305671,0.131943976575968));
#7106=CARTESIAN_POINT('',(0.00165403757130544,-0.026174917227145,0.131116801475246));
#7107=CARTESIAN_POINT('',(0.00293716044901323,-0.0269004698465275,0.130474371331676));
#7108=CARTESIAN_POINT('',(0.00384786469164736,-0.0274282901239014,0.130233715024172));
#7109=CARTESIAN_POINT('',(0.00429939653585857,-0.027707212978289,0.130124322789972));
#7110=CARTESIAN_POINT('',(-0.00684999456521578,-0.0235865540976761,0.134721944393272));
#7111=CARTESIAN_POINT('',(-0.0118499945652158,-0.0231125028911663,0.136491127581355));
#7112=CARTESIAN_POINT('',(-0.0110340117492817,-0.0232035298703508,0.136151410270179));
#7113=CARTESIAN_POINT('',(-0.00939354670689783,-0.023379027812019,0.13549644303525));
#7114=CARTESIAN_POINT('',(-0.00771413479195611,-0.0235317997482091,0.134926290407418));
#7115=CARTESIAN_POINT('',(-0.00684999456521578,-0.0235865540976758,0.134721944393272));
#7116=CARTESIAN_POINT('',(-0.0118499945652158,-0.0231125028911663,0.136491127581355));
#7117=CARTESIAN_POINT('',(-0.0120444390096602,-0.0312084464343912,0.135234939105328));
#7118=CARTESIAN_POINT('',(-0.0128926358038997,-0.0309980141611533,0.135850126252519));
#7119=CARTESIAN_POINT('',(-0.0141333571647445,-0.0302756363962656,0.136637026164482));
#7120=CARTESIAN_POINT('',(-0.0152699492629912,-0.02857785537404,0.13730957598443));
#7121=CARTESIAN_POINT('',(-0.0156785133556604,-0.0270549464146382,0.137638523114393));
#7122=CARTESIAN_POINT('',(-0.0155282474127456,-0.0254349505332996,0.137767184583848));
#7123=CARTESIAN_POINT('',(-0.0147042663098326,-0.0240345268872959,0.137449255734765));
#7124=CARTESIAN_POINT('',(-0.013370716685718,-0.0231720702881215,0.137046027637183));
#7125=CARTESIAN_POINT('',(-0.0123438513771362,-0.0230574106847364,0.136696734494853));
#7126=CARTESIAN_POINT('',(-0.0118499945652158,-0.0231125028911664,0.136491127581355));
#7127=CARTESIAN_POINT('',(-0.0120444390096602,-0.0312084464343912,0.135234939105328));
#7128=CARTESIAN_POINT('',(-0.0120444390096602,-0.0312084464343912,0.135234939105328));
#7129=CARTESIAN_POINT('',(-0.0116439709817509,-0.031307800025497,0.134944484360269));
#7130=CARTESIAN_POINT('',(-0.0108964373451368,-0.0316634070640048,0.134378317231866));
#7131=CARTESIAN_POINT('',(-0.0101407949613834,-0.032407676550053,0.133696862928659));
#7132=CARTESIAN_POINT('',(-0.0096791937409546,-0.0331434696999349,0.133184711196932));
#7133=CARTESIAN_POINT('',(-0.00941885876283584,-0.0337429644909034,0.132832023300551));
#7134=CARTESIAN_POINT('',(-0.0092747202465282,-0.0342877837279066,0.132553330550029));
#7135=CARTESIAN_POINT('',(-0.0092125910040946,-0.0347475143399521,0.13235955051557));
#7136=CARTESIAN_POINT('',(-0.0091999945652158,-0.034979730413531,0.132265949180383));
#7137=CARTESIAN_POINT('',(-0.00919999456521578,-0.0351091258302785,0.132252922830367));
#7138=CARTESIAN_POINT('',(-0.00919999456521574,-0.035109125830279,0.132252922830367));
#7139=CARTESIAN_POINT('',(-0.00919999456521578,-0.035109125830279,0.132252922830367));
#7140=CARTESIAN_POINT('',(-0.00912788802813367,-0.033611035183157,0.131858623008569));
#7141=CARTESIAN_POINT('',(-0.00820229050580137,-0.0306965556211788,0.131089798845262));
#7142=CARTESIAN_POINT('',(-0.00534890302579631,-0.0280162660415773,0.130368200076964));
#7143=CARTESIAN_POINT('',(-0.00250899497234316,-0.0268670117373176,0.130069740938976));
#7144=CARTESIAN_POINT('',(-0.000188273227962413,-0.0265326572619716,0.129988796251911));
#7145=CARTESIAN_POINT('',(0.00175229071931625,-0.026753644247088,0.129982961793808));
#7146=CARTESIAN_POINT('',(0.00320733555933644,-0.0271954955647617,0.130041073309582));
#7147=CARTESIAN_POINT('',(0.00390931543106487,-0.0274999284357624,0.130109740901536));
#7148=CARTESIAN_POINT('',(0.00425178448542575,-0.0276830756169169,0.130117855203507));
#7149=CARTESIAN_POINT('',(-0.0091999945652158,-0.0437519275573595,0.139579165059326));
#7150=CARTESIAN_POINT('',(-0.0091999945652158,-0.0434871581830108,0.139201657858374));
#7151=CARTESIAN_POINT('',(-0.00919999456521579,-0.0429083246999635,0.138488587409033));
#7152=CARTESIAN_POINT('',(-0.0091999945652158,-0.0419111235360926,0.137556503089882));
#7153=CARTESIAN_POINT('',(-0.00919999456521578,-0.0407888547924962,0.136752537644611));
#7154=CARTESIAN_POINT('',(-0.00919999456521581,-0.0397262595237098,0.135879934296218));
#7155=CARTESIAN_POINT('',(-0.00919999456521577,-0.0387926185189858,0.13485631018933));
#7156=CARTESIAN_POINT('',(-0.00919999456521582,-0.0374589400169661,0.133590822179686));
#7157=CARTESIAN_POINT('',(-0.00919999456521579,-0.036339793534632,0.132771491055569));
#7158=CARTESIAN_POINT('',(-0.00919999456521579,-0.0355944498720888,0.132227174768784));
#7159=CARTESIAN_POINT('',(-0.0092,-0.0437519260889615,0.139579166089205));
#7160=CARTESIAN_POINT('',(-0.0092,-0.0437519260889615,0.139579166089205));
#7161=CARTESIAN_POINT('',(-0.00883238144775324,-0.0439344030772027,0.139628060650842));
#7162=CARTESIAN_POINT('',(-0.00845184645032267,-0.0440777581676378,0.139666472531555));
#7163=CARTESIAN_POINT('',(-0.00805220452139791,-0.0441632413427998,0.139689377679306));
#7164=CARTESIAN_POINT('',(-0.00805220452139939,-0.0441632413428043,0.139689377679307));
#7165=CARTESIAN_POINT('',(-0.0211999945628841,-0.0425592445657457,0.145675575146466));
#7166=CARTESIAN_POINT('',(-0.0201411925705784,-0.0427134914395736,0.145099917976432));
#7167=CARTESIAN_POINT('',(-0.0180081576281645,-0.0430146335208638,0.14397604042876));
#7168=CARTESIAN_POINT('',(-0.0147542921464244,-0.0434404533380338,0.142386859236212));
#7169=CARTESIAN_POINT('',(-0.0120043202388942,-0.0437695772162168,0.141158552200848));
#7170=CARTESIAN_POINT('',(-0.00976958897015058,-0.0440100861774824,0.14026096053773));
#7171=CARTESIAN_POINT('',(-0.00863592597573899,-0.044119602200627,0.139852241175111));
#7172=CARTESIAN_POINT('',(-0.00805220452139706,-0.0441632413428028,0.139689377679313));
#7173=CARTESIAN_POINT('',(-0.0211999945628841,-0.0425592445657457,0.145675575146466));
#7174=CARTESIAN_POINT('',(-0.0211999945628846,-0.048,0.16));
#7175=CARTESIAN_POINT('',(-0.0211999945628846,-0.048,0.158653289163905));
#7176=CARTESIAN_POINT('',(-0.0211999945628839,-0.0477716334831777,0.156653937787604));
#7177=CARTESIAN_POINT('',(-0.0211999945628841,-0.0473284921800738,0.154003891595476));
#7178=CARTESIAN_POINT('',(-0.021199994562884,-0.04700300245489,0.152357422643674));
#7179=CARTESIAN_POINT('',(-0.0211999945628841,-0.0467046129834965,0.151049227242965));
#7180=CARTESIAN_POINT('',(-0.0211999945628841,-0.0464901780460465,0.150061439743755));
#7181=CARTESIAN_POINT('',(-0.021199994562884,-0.0461468341554276,0.149126133098742));
#7182=CARTESIAN_POINT('',(-0.021199994562884,-0.0454498880958063,0.147955557929504));
#7183=CARTESIAN_POINT('',(-0.0211999945628841,-0.0443018653577349,0.146731977555102));
#7184=CARTESIAN_POINT('',(-0.0211999945628841,-0.0431609083131711,0.145969854394201));
#7185=CARTESIAN_POINT('',(-0.0211999945628841,-0.0425592445657457,0.145675575146466));
#7186=CARTESIAN_POINT('',(-0.0211999945628841,-0.048,0.16));
#7187=CARTESIAN_POINT('',(1.7347234759768E-17,-0.048,0.16));
#7188=CARTESIAN_POINT('',(-0.0289061996644232,-0.048,0.16));
#7189=CARTESIAN_POINT('',(-0.0289061996644232,-0.038,0.16));
#7190=CARTESIAN_POINT('',(-0.0375664537022675,-0.043,0.16));
#7191=CARTESIAN_POINT('',(-0.0431133538700559,-0.0333924870848781,0.16));
#7192=CARTESIAN_POINT('',(-0.0486602540378444,-0.0237849741697562,0.16));
#7193=CARTESIAN_POINT('',(-0.04,-0.0187849741697562,0.16));
#7194=CARTESIAN_POINT('',(-0.05,-0.0187849741697561,0.16));
#7195=CARTESIAN_POINT('',(-0.05,-0.0146957879437772,0.16));
#7196=CARTESIAN_POINT('',(-0.05,-0.0106066017177983,0.16));
#7197=CARTESIAN_POINT('',(-0.04,-0.0106066017177983,0.16));
#7198=CARTESIAN_POINT('',(-0.0470710678118655,-0.00353553390593284,0.16));
#7199=CARTESIAN_POINT('',(-0.0467677669529664,-0.00323223304703374,0.16));
#7200=CARTESIAN_POINT('',(-0.0464644660940674,-0.00292893218813456,0.16));
#7201=CARTESIAN_POINT('',(-0.0393933982822019,-0.01,0.16));
#7202=CARTESIAN_POINT('',(0.0393933982822019,-0.01,0.16));
#7203=CARTESIAN_POINT('',(0.0464644660940674,-0.00292893218813456,0.16));
#7204=CARTESIAN_POINT('',(0.0467677669529664,-0.00323223304703375,0.16));
#7205=CARTESIAN_POINT('',(0.0470710678118655,-0.00353553390593285,0.16));
#7206=CARTESIAN_POINT('',(0.04,-0.0106066017177983,0.16));
#7207=CARTESIAN_POINT('',(0.05,-0.0106066017177983,0.16));
#7208=CARTESIAN_POINT('',(0.05,-0.0146957879437772,0.16));
#7209=CARTESIAN_POINT('',(0.05,-0.0187849741697561,0.16));
#7210=CARTESIAN_POINT('',(0.04,-0.0187849741697561,0.16));
#7211=CARTESIAN_POINT('',(0.0486602540378444,-0.0237849741697562,0.16));
#7212=CARTESIAN_POINT('',(0.0431133538700559,-0.033392487084878,0.16));
#7213=CARTESIAN_POINT('',(0.0375664537022675,-0.043,0.16));
#7214=CARTESIAN_POINT('',(0.0289061996644232,-0.038,0.16));
#7215=CARTESIAN_POINT('',(0.0289061996644232,-0.048,0.16));
#7216=CARTESIAN_POINT('',(1.7347234759768E-17,-0.048,0.16));
#7217=CARTESIAN_POINT('',(0.00180000543711592,-0.048,0.16));
#7218=CARTESIAN_POINT('',(0.00180000543711592,-0.0446451393427273,0.13981850185922));
#7219=CARTESIAN_POINT('',(0.00180000543711592,-0.0449124980206369,0.141504471080065));
#7220=CARTESIAN_POINT('',(0.00180000543711589,-0.045559628276668,0.144857057621935));
#7221=CARTESIAN_POINT('',(0.00180000543711592,-0.0465998005335399,0.149870683457866));
#7222=CARTESIAN_POINT('',(0.00180000543711591,-0.0475426876962792,0.154905860886458));
#7223=CARTESIAN_POINT('',(0.00180000543711591,-0.048,0.158283574401007));
#7224=CARTESIAN_POINT('',(0.00180000543711591,-0.048,0.16));
#7225=CARTESIAN_POINT('',(0.00180000543711592,-0.0446451393427273,0.13981850185922));
#7226=CARTESIAN_POINT('',(0.00180000543711605,-0.0446451393427273,0.13981850185922));
#7227=CARTESIAN_POINT('',(0.00242633726833427,-0.0446325884684272,0.139815138862587));
#7228=CARTESIAN_POINT('',(0.00367891807880468,-0.044593649017748,0.139804705068224));
#7229=CARTESIAN_POINT('',(0.0055530170642192,-0.0444819991384483,0.139774788573231));
#7230=CARTESIAN_POINT('',(0.00710854826789145,-0.0443179042502509,0.139730819480456));
#7231=CARTESIAN_POINT('',(0.00834884426352855,-0.0441268096503073,0.139679615836723));
#7232=CARTESIAN_POINT('',(0.00892075542421711,-0.0438905360424987,0.139616306514318));
#7233=CARTESIAN_POINT('',(0.00919999517346123,-0.0437519284847363,0.139579166731151));
#7234=CARTESIAN_POINT('',(0.00919999456521579,-0.0425866573547034,0.139266933272895));
#7235=CARTESIAN_POINT('',(0.00919999456521579,-0.0425866573547034,0.139266933272895));
#7236=CARTESIAN_POINT('',(0.00919999456521579,-0.050888789831658,0.141491482965551));
#7237=CARTESIAN_POINT('',(0.00919999456521579,-0.050888789831658,0.141491482965551));
#7238=CARTESIAN_POINT('',(0.,-0.050886201641207,0.141501142223814));
#7239=CARTESIAN_POINT('',(0.,-0.050888789831658,0.141491482965551));
#7240=CARTESIAN_POINT('',(0.00495104809181298,-0.0583787348242742,0.143498407677677));
#7241=CARTESIAN_POINT('',(-0.00495104809181297,-0.0583787348242742,0.143498407677677));
#7242=CARTESIAN_POINT('',(-0.00495104809181297,-0.0583761466338232,0.143508066935939));
#7243=CARTESIAN_POINT('',(-0.00495104809181297,-0.0583761466338232,0.143508066935939));
#7244=CARTESIAN_POINT('',(0.,-0.050886201641207,0.141501142223814));
#7245=CARTESIAN_POINT('',(0.00495104809181297,-0.0583761466338232,0.143508066935939));
#7246=CARTESIAN_POINT('',(0.00495104809181297,-0.0583761466338232,0.143508066935939));
#7247=CARTESIAN_POINT('',(0.00656552124939473,-0.0608185214437828,0.144162499293882));
#7248=CARTESIAN_POINT('',(0.00495104809181297,-0.0583761466338232,0.143508066935939));
#7249=CARTESIAN_POINT('',(0.00656552124939473,-0.0608185214437828,0.144162499293882));
#7250=CARTESIAN_POINT('',(0.0036475118052193,-0.0614913641057167,0.144342786941781));
#7251=CARTESIAN_POINT('',(0.0036475118052193,-0.0614913641057167,0.144342786941781));
#7252=CARTESIAN_POINT('',(2.71050576399831E-18,-0.062332417433134,0.144568146501654));
#7253=CARTESIAN_POINT('',(2.71050576399831E-18,-0.062332417433134,0.144568146501654));
#7254=CARTESIAN_POINT('',(-0.00364751180521929,-0.0614913641057167,0.144342786941781));
#7255=CARTESIAN_POINT('',(-0.00364751180521929,-0.0614913641057167,0.144342786941781));
#7256=CARTESIAN_POINT('',(-0.00656552124939473,-0.0608185214437828,0.144162499293882));
#7257=CARTESIAN_POINT('',(-0.00656552124939473,-0.0608185214437828,0.144162499293882));
#7258=CARTESIAN_POINT('',(-0.00495104809181297,-0.0583761466338232,0.143508066935939));
#7259=CARTESIAN_POINT('',(0.,-0.062332417433134,0.144568146501654));
#7260=CARTESIAN_POINT('',(0.,-0.062332417433134,0.144568146501654));
#7261=CARTESIAN_POINT('',(0.,-0.0602556769066125,0.144011685554683));
#7262=CARTESIAN_POINT('',(3.46944695195361E-18,-0.0448375617749971,0.139880414056357));
#7263=CARTESIAN_POINT('',(0.,-0.050888789831658,0.141491482965551));
#7264=CARTESIAN_POINT('',(0.,-0.050888789831658,0.141491482965551));
#7265=CARTESIAN_POINT('',(-0.00769847502290194,-0.0557543512582731,0.142795206220537));
#7266=CARTESIAN_POINT('',(-0.00769847502290194,-0.0557543512582731,0.142795206220537));
#7267=CARTESIAN_POINT('',(-0.00769847502290194,-0.0558837607808244,0.142312243307393));
#7268=CARTESIAN_POINT('',(0.,-0.0510181993542093,0.141008520052407));
#7269=CARTESIAN_POINT('',(-0.00907122418445272,-0.0524998149015143,0.141405517741801));
#7270=CARTESIAN_POINT('',(-0.00907122418445272,-0.053082157752995,0.13923218463265));
#7271=CARTESIAN_POINT('',(1.7347234759768E-17,-0.048,0.16));
#7272=CARTESIAN_POINT('',(1.73645224632798E-17,-0.048,0.165046424302693));
#7273=CARTESIAN_POINT('',(0.00180000543711592,-0.048,0.165046424302693));
#7274=CARTESIAN_POINT('',(-0.0211999945628841,-0.048,0.165046424302693));
#7275=CARTESIAN_POINT('',(0.00180000543711592,-0.048,0.16));
#7276=CARTESIAN_POINT('',(0.0289061996644232,-0.048,0.16));
#7277=CARTESIAN_POINT('',(0.0289061996644232,-0.048,0.24));
#7278=CARTESIAN_POINT('',(1.7347234759768E-17,-0.048,0.24));
#7279=CARTESIAN_POINT('',(-0.0289061996644232,-0.048,0.24));
#7280=CARTESIAN_POINT('',(-0.0289061996644232,-0.048,0.16));
#7281=CARTESIAN_POINT('',(-0.0211999945628841,-0.048,0.16));
#7282=CARTESIAN_POINT('',(0.,-0.042581074105986,0.13926543724591));
#7283=CARTESIAN_POINT('',(-0.00919999456521579,-0.0425866573547034,0.139266933272895));
#7284=CARTESIAN_POINT('',(-0.00919999456521579,-0.0441632413428043,0.139689377679307));
#7285=CARTESIAN_POINT('',(0.,-0.0441632413428043,0.139689377679307));
#7286=CARTESIAN_POINT('',(1.72032055760401E-17,-0.0468,0.16));
#7287=CARTESIAN_POINT('',(1.72032055760401E-17,-0.0468,0.235));
#7288=CARTESIAN_POINT('',(-0.028457779551527,-0.0468,0.235));
#7289=CARTESIAN_POINT('',(-0.028457779551527,-0.0468,0.16));
#7290=CARTESIAN_POINT('',(-0.028457779551527,-0.0468,0.24));
#7291=CARTESIAN_POINT('',(2.73655449083126E-18,-0.0468,0.24));
#7292=CARTESIAN_POINT('',(0.0284577795515271,-0.0468,0.24));
#7293=CARTESIAN_POINT('',(0.0284577795515271,-0.0468,0.236));
#7294=CARTESIAN_POINT('',(0.0284577795515271,-0.0468,0.235));
#7295=CARTESIAN_POINT('',(1.72032055760401E-17,-0.0468,0.235));
#7296=CARTESIAN_POINT('',(0.0289061996644232,-0.0468,0.235));
#7297=CARTESIAN_POINT('',(0.0289061996644232,-0.0468,0.16));
#7298=CARTESIAN_POINT('',(0.0289061996644232,-0.0468,0.16));
#7299=CARTESIAN_POINT('',(0.0289061996644229,-0.0468,0.16));
#7300=CARTESIAN_POINT('',(0.0218867236765993,-0.0468,0.16));
#7301=CARTESIAN_POINT('',(0.0123461843852822,-0.0468,0.16));
#7302=CARTESIAN_POINT('',(0.00260000543711589,-0.0468,0.16));
#7303=CARTESIAN_POINT('',(0.00260000543711592,-0.0468,0.16));
#7304=CARTESIAN_POINT('',(0.00260000543711592,-0.0468,0.136136598558381));
#7305=CARTESIAN_POINT('',(0.00260000543711592,-0.0468,0.165760161452185));
#7306=CARTESIAN_POINT('',(1.72229383526345E-17,-0.0468,0.165760161452185));
#7307=CARTESIAN_POINT('',(-0.0219999945628841,-0.0468,0.165760161452185));
#7308=CARTESIAN_POINT('',(-0.0219999945628841,-0.0468,0.136136598558381));
#7309=CARTESIAN_POINT('',(-0.0219999945628841,-0.0468,0.16));
#7310=CARTESIAN_POINT('',(-0.021999994562884,-0.0468,0.16));
#7311=CARTESIAN_POINT('',(-0.0226214928983485,-0.0468,0.16));
#7312=CARTESIAN_POINT('',(-0.0238437900536975,-0.0468,0.16));
#7313=CARTESIAN_POINT('',(-0.0256118931218598,-0.0468,0.16));
#7314=CARTESIAN_POINT('',(-0.0270196639330546,-0.0468,0.16));
#7315=CARTESIAN_POINT('',(-0.0279803655299937,-0.0468,0.16));
#7316=CARTESIAN_POINT('',(-0.0285040730872301,-0.0468,0.16));
#7317=CARTESIAN_POINT('',(-0.0287907790206266,-0.0468,0.16));
#7318=CARTESIAN_POINT('',(-0.0289061996644231,-0.0468,0.16));
#7319=CARTESIAN_POINT('',(0.,-0.024,0.24));
#7320=CARTESIAN_POINT('',(0.0393933982822019,-0.01,0.24));
#7321=CARTESIAN_POINT('',(0.0464644660940674,-0.00292893218813453,0.24));
#7322=CARTESIAN_POINT('',(-0.0393933982822019,-0.01,0.24));
#7323=CARTESIAN_POINT('',(-0.0464644660940674,-0.00292893218813453,0.24));
#7324=CARTESIAN_POINT('',(-0.0467677669529664,-0.00323223304703374,0.24));
#7325=CARTESIAN_POINT('',(-0.0470710678118655,-0.00353553390593284,0.24));
#7326=CARTESIAN_POINT('',(-0.04,-0.0106066017177983,0.24));
#7327=CARTESIAN_POINT('',(-0.05,-0.0106066017177983,0.24));
#7328=CARTESIAN_POINT('',(-0.05,-0.0146957879437772,0.24));
#7329=CARTESIAN_POINT('',(-0.05,-0.0187849741697562,0.24));
#7330=CARTESIAN_POINT('',(-0.04,-0.0187849741697562,0.24));
#7331=CARTESIAN_POINT('',(-0.0486602540378444,-0.0237849741697562,0.24));
#7332=CARTESIAN_POINT('',(-0.0431133538700559,-0.0333924870848781,0.24));
#7333=CARTESIAN_POINT('',(-0.0375664537022675,-0.043,0.24));
#7334=CARTESIAN_POINT('',(-0.0289061996644232,-0.038,0.24));
#7335=CARTESIAN_POINT('',(0.0289061996644232,-0.038,0.24));
#7336=CARTESIAN_POINT('',(0.0375664537022675,-0.043,0.24));
#7337=CARTESIAN_POINT('',(0.0431133538700559,-0.033392487084878,0.24));
#7338=CARTESIAN_POINT('',(0.0486602540378444,-0.0237849741697562,0.24));
#7339=CARTESIAN_POINT('',(0.04,-0.0187849741697561,0.24));
#7340=CARTESIAN_POINT('',(0.05,-0.0187849741697561,0.24));
#7341=CARTESIAN_POINT('',(0.05,-0.0146957879437772,0.24));
#7342=CARTESIAN_POINT('',(0.05,-0.0106066017177983,0.24));
#7343=CARTESIAN_POINT('',(0.04,-0.0106066017177983,0.24));
#7344=CARTESIAN_POINT('',(0.0470710678118655,-0.00353553390593285,0.24));
#7345=CARTESIAN_POINT('',(0.0467677669529664,-0.00323223304703375,0.24));
#7346=CARTESIAN_POINT('',(0.,-0.0012,0.24));
#7347=CARTESIAN_POINT('',(-0.0375477387274179,-0.0012,0.24));
#7348=CARTESIAN_POINT('',(-0.014,-0.0012,0.24));
#7349=CARTESIAN_POINT('',(-0.014,-0.0052,0.24));
#7350=CARTESIAN_POINT('',(0.014,-0.0052,0.24));
#7351=CARTESIAN_POINT('',(0.014,-0.0012,0.24));
#7352=CARTESIAN_POINT('',(0.,-0.0012,0.24));
#7353=CARTESIAN_POINT('',(0.0375477387274179,-0.0012,0.24));
#7354=CARTESIAN_POINT('',(0.0375477387274179,-0.0022,0.24));
#7355=CARTESIAN_POINT('',(0.0384952025758566,-0.00251986287046437,0.24));
#7356=CARTESIAN_POINT('',(0.0415270868908605,-0.00354342405595034,0.24));
#7357=CARTESIAN_POINT('',(0.0445197405237679,-0.00467657198691358,0.24));
#7358=CARTESIAN_POINT('',(0.0454549447840514,-0.0050306807153396,0.24));
#7359=CARTESIAN_POINT('',(0.046162051565238,-0.00432357393415304,0.24));
#7360=CARTESIAN_POINT('',(0.0329192388155422,0.00891923881554258,0.24));
#7361=CARTESIAN_POINT('',(0.0462225396744416,-0.00438406204335671,0.24));
#7362=CARTESIAN_POINT('',(0.04,-0.0106066017177983,0.24));
#7363=CARTESIAN_POINT('',(0.0488,-0.0106066017177983,0.24));
#7364=CARTESIAN_POINT('',(0.0488,-0.024,0.24));
#7365=CARTESIAN_POINT('',(0.0488,-0.0169958308580175,0.24));
#7366=CARTESIAN_POINT('',(0.0478,-0.0169958308580175,0.24));
#7367=CARTESIAN_POINT('',(0.0474760919682678,-0.0179419194304986,0.24));
#7368=CARTESIAN_POINT('',(0.0464395862667246,-0.0209694028624382,0.24));
#7369=CARTESIAN_POINT('',(0.0456449104896198,-0.0240691593705018,0.24));
#7370=CARTESIAN_POINT('',(0.0453965743092746,-0.0250378332792716,0.24));
#7371=CARTESIAN_POINT('',(0.046262599713059,-0.0255378332792716,0.24));
#7372=CARTESIAN_POINT('',(0.0353628511281115,-0.0444167516181278,0.24));
#7373=CARTESIAN_POINT('',(0.0366427067569101,-0.0421999766426956,0.24));
#7374=CARTESIAN_POINT('',(0.0357766813531257,-0.0416999766426956,0.24));
#7375=CARTESIAN_POINT('',(0.0349303061178443,-0.0422325636882595,0.24));
#7376=CARTESIAN_POINT('',(0.032221905364944,-0.0439368422340638,0.24));
#7377=CARTESIAN_POINT('',(0.029353999983293,-0.0453563910081104,0.24));
#7378=CARTESIAN_POINT('',(0.0284577795515271,-0.0458,0.24));
#7379=CARTESIAN_POINT('',(-0.028457779551527,-0.0458,0.24));
#7380=CARTESIAN_POINT('',(-0.029353999983293,-0.0453563910081104,0.24));
#7381=CARTESIAN_POINT('',(-0.032221905364944,-0.0439368422340638,0.24));
#7382=CARTESIAN_POINT('',(-0.0349303061178443,-0.0422325636882595,0.24));
#7383=CARTESIAN_POINT('',(-0.0357766813531257,-0.0416999766426956,0.24));
#7384=CARTESIAN_POINT('',(-0.0366427067569101,-0.0421999766426956,0.24));
#7385=CARTESIAN_POINT('',(-0.0353628511281115,-0.0444167516181278,0.24));
#7386=CARTESIAN_POINT('',(-0.046262599713059,-0.0255378332792717,0.24));
#7387=CARTESIAN_POINT('',(-0.0453965743092746,-0.0250378332792717,0.24));
#7388=CARTESIAN_POINT('',(-0.0456449104896198,-0.0240691593705018,0.24));
#7389=CARTESIAN_POINT('',(-0.0464395862667246,-0.0209694028624382,0.24));
#7390=CARTESIAN_POINT('',(-0.0474760919682678,-0.0179419194304986,0.24));
#7391=CARTESIAN_POINT('',(-0.0478,-0.0169958308580175,0.24));
#7392=CARTESIAN_POINT('',(-0.0488,-0.0169958308580175,0.24));
#7393=CARTESIAN_POINT('',(-0.0488,-0.024,0.24));
#7394=CARTESIAN_POINT('',(-0.0488,-0.0106066017177983,0.24));
#7395=CARTESIAN_POINT('',(-0.04,-0.0106066017177983,0.24));
#7396=CARTESIAN_POINT('',(-0.0462225396744416,-0.0043840620433567,0.24));
#7397=CARTESIAN_POINT('',(-0.0329192388155426,0.00891923881554243,0.24));
#7398=CARTESIAN_POINT('',(-0.046162051565238,-0.00432357393415307,0.24));
#7399=CARTESIAN_POINT('',(-0.0454549447840514,-0.00503068071533962,0.24));
#7400=CARTESIAN_POINT('',(-0.0445197405237679,-0.00467657198691361,0.24));
#7401=CARTESIAN_POINT('',(-0.0415270868908605,-0.00354342405595037,0.24));
#7402=CARTESIAN_POINT('',(-0.0384952025758566,-0.00251986287046437,0.24));
#7403=CARTESIAN_POINT('',(-0.0375477387274179,-0.0022,0.24));
#7404=CARTESIAN_POINT('',(0.,-0.0437793303684558,0.134410128141714));
#7405=CARTESIAN_POINT('',(0.00764344146684938,-0.0401609420837115,0.133440583922915));
#7406=CARTESIAN_POINT('',(0.00871289327314589,-0.0381348813741645,0.132897702591975));
#7407=CARTESIAN_POINT('',(0.0092068589303069,-0.0352920538365191,0.132135969249042));
#7408=CARTESIAN_POINT('',(0.0083941131744443,-0.0319322858006307,0.13123572211707));
#7409=CARTESIAN_POINT('',(0.00631828278006834,-0.0291172951788591,0.130481447653265));
#7410=CARTESIAN_POINT('',(0.00327933853408373,-0.0273044453190737,0.129995695997337));
#7411=CARTESIAN_POINT('',(-0.000283915959018127,-0.0267845014798668,0.129856377465512));
#7412=CARTESIAN_POINT('',(-0.00378685945603383,-0.0275002759596335,0.130048168659328));
#7413=CARTESIAN_POINT('',(-0.00670996306465048,-0.0294951727127979,0.130582699633322));
#7414=CARTESIAN_POINT('',(-0.00860776961491036,-0.0324217059884719,0.131366861861161));
#7415=CARTESIAN_POINT('',(-0.00920908950645651,-0.0358451781337228,0.132284178457792));
#7416=CARTESIAN_POINT('',(-0.00852825253867163,-0.0386415050803997,0.133033452004927));
#7417=CARTESIAN_POINT('',(-0.00733644076552573,-0.0405998118034458,0.1335581787099));
#7418=CARTESIAN_POINT('',(-0.00583417975473145,-0.0423435523426353,0.134025412579185));
#7419=CARTESIAN_POINT('',(-0.0032787286939157,-0.0438605462791227,0.13443188987939));
#7420=CARTESIAN_POINT('',(0.000278496292096343,-0.0443274001248913,0.134556982990347));
#7421=CARTESIAN_POINT('',(0.00320735114280902,-0.0437826733783953,0.134411023898527));
#7422=CARTESIAN_POINT('',(0.0052769887324168,-0.0426559709100807,0.134109124882033));
#7423=CARTESIAN_POINT('',(0.00657512280483604,-0.0415335834267108,0.133808382062269));
#7424=CARTESIAN_POINT('',(0.00764344146684938,-0.0401609420837115,0.133440583922915));
#7425=CARTESIAN_POINT('',(0.00871289327314589,-0.0381348813741645,0.132897702591975));
#7426=CARTESIAN_POINT('',(0.0092068589303069,-0.0352920538365191,0.132135969249042));
#7427=CARTESIAN_POINT('',(0.00838934038152445,-0.0386207131081705,0.13302788081276));
#7428=CARTESIAN_POINT('',(-0.0431133538700559,-0.0333924870848781,0.16));
#7429=CARTESIAN_POINT('',(-0.0486602540378444,-0.0237849741697562,0.16));
#7430=CARTESIAN_POINT('',(-0.0375664537022675,-0.043,0.16));
#7431=CARTESIAN_POINT('',(-0.0289061996644232,-0.038,0.16));
#7432=CARTESIAN_POINT('',(0.0289061996644232,-0.038,0.16));
#7433=CARTESIAN_POINT('',(0.0375664537022675,-0.043,0.16));
#7434=CARTESIAN_POINT('',(0.0431133538700559,-0.033392487084878,0.16));
#7435=CARTESIAN_POINT('',(0.0486602540378444,-0.0237849741697562,0.16));
#7436=CARTESIAN_POINT('',(0.04,-0.0187849741697561,0.16));
#7437=CARTESIAN_POINT('',(0.05,-0.0187849741697561,0.16));
#7438=CARTESIAN_POINT('',(0.05,-0.0146957879437772,0.16));
#7439=CARTESIAN_POINT('',(0.05,-0.0106066017177983,0.16));
#7440=CARTESIAN_POINT('',(0.04,-0.0106066017177983,0.16));
#7441=CARTESIAN_POINT('',(0.0470710678118655,-0.00353553390593285,0.16));
#7442=CARTESIAN_POINT('',(0.0467677669529664,-0.00323223304703375,0.16));
#7443=CARTESIAN_POINT('',(0.0464644660940674,-0.00292893218813453,0.16));
#7444=CARTESIAN_POINT('',(0.0393933982822019,-0.01,0.16));
#7445=CARTESIAN_POINT('',(-0.0393933982822019,-0.01,0.16));
#7446=CARTESIAN_POINT('',(-0.0464644660940674,-0.00292893218813453,0.16));
#7447=CARTESIAN_POINT('',(-0.0467677669529664,-0.00323223304703374,0.16));
#7448=CARTESIAN_POINT('',(-0.0470710678118655,-0.00353553390593284,0.16));
#7449=CARTESIAN_POINT('',(-0.04,-0.0106066017177983,0.16));
#7450=CARTESIAN_POINT('',(-0.05,-0.0106066017177983,0.16));
#7451=CARTESIAN_POINT('',(-0.05,-0.0146957879437772,0.16));
#7452=CARTESIAN_POINT('',(-0.05,-0.0187849741697562,0.16));
#7453=CARTESIAN_POINT('',(-0.04,-0.0187849741697562,0.16));
#7454=CARTESIAN_POINT('',(-0.0420741233855147,-0.0327924870848781,0.16));
#7455=CARTESIAN_POINT('',(-0.0366427067569101,-0.0421999766426956,0.16));
#7456=CARTESIAN_POINT('',(-0.0366427067569101,-0.0421999766426956,0.235));
#7457=CARTESIAN_POINT('',(-0.0420741233855147,-0.0327924870848781,0.235));
#7458=CARTESIAN_POINT('',(-0.0365272232177262,-0.0424,0.16));
#7459=CARTESIAN_POINT('',(-0.0372968073529809,-0.0410670411770399,0.16));
#7460=CARTESIAN_POINT('',(-0.0391471030024031,-0.037862235103217,0.16));
#7461=CARTESIAN_POINT('',(-0.0417998230284388,-0.0332675892398677,0.16));
#7462=CARTESIAN_POINT('',(-0.0438625594883388,-0.0296948248886961,0.16));
#7463=CARTESIAN_POINT('',(-0.0453152282578677,-0.0271787287733035,0.16));
#7464=CARTESIAN_POINT('',(-0.0463887411140053,-0.0253193499638948,0.16));
#7465=CARTESIAN_POINT('',(-0.047046621025203,-0.0241798685324216,0.16));
#7466=CARTESIAN_POINT('',(-0.0473813221916071,-0.023600149106857,0.16));
#7467=CARTESIAN_POINT('',(-0.0475536575678303,-0.023301655479297,0.16));
#7468=CARTESIAN_POINT('',(-0.047621023553303,-0.0231849741697563,0.16));
#7469=CARTESIAN_POINT('',(-0.0476210235533031,-0.0231849741697561,0.16));
#7470=CARTESIAN_POINT('',(-0.0476210235533031,-0.0231849741697561,0.16));
#7471=CARTESIAN_POINT('',(-0.0476210235533031,-0.0231849741697561,0.235));
#7472=CARTESIAN_POINT('',(-0.0420741233855147,-0.0327924870848781,0.235));
#7473=CARTESIAN_POINT('',(-0.046262599713059,-0.0255378332792717,0.235));
#7474=CARTESIAN_POINT('',(-0.046262599713059,-0.0255378332792717,0.16));
#7475=CARTESIAN_POINT('',(0.0289061996644232,-0.038,0.16));
#7476=CARTESIAN_POINT('',(0.0289061996644232,-0.038,0.235));
#7477=CARTESIAN_POINT('',(0.0365272232177263,-0.0424,0.235));
#7478=CARTESIAN_POINT('',(0.0365272232177263,-0.0424,0.16));
#7479=CARTESIAN_POINT('',(0.0365272232177263,-0.0424,0.16));
#7480=CARTESIAN_POINT('',(0.0289061996644232,-0.0468,0.16));
#7481=CARTESIAN_POINT('',(0.0304420894061782,-0.0468,0.16));
#7482=CARTESIAN_POINT('',(0.0335117154523329,-0.0459769873397202,0.16));
#7483=CARTESIAN_POINT('',(0.0357592783468487,-0.0437301195337717,0.16));
#7484=CARTESIAN_POINT('',(0.0365272232177262,-0.0424,0.16));
#7485=CARTESIAN_POINT('',(0.0420741233855147,-0.0327924870848781,0.16));
#7486=CARTESIAN_POINT('',(0.0420741233855147,-0.0327924870848781,0.235));
#7487=CARTESIAN_POINT('',(0.0366427067569101,-0.0421999766426956,0.235));
#7488=CARTESIAN_POINT('',(0.0366427067569101,-0.0421999766426956,0.24));
#7489=CARTESIAN_POINT('',(0.046262599713059,-0.0255378332792716,0.236));
#7490=CARTESIAN_POINT('',(0.046262599713059,-0.0255378332792716,0.235));
#7491=CARTESIAN_POINT('',(0.0420741233855147,-0.0327924870848781,0.235));
#7492=CARTESIAN_POINT('',(0.0476210235533031,-0.0231849741697561,0.235));
#7493=CARTESIAN_POINT('',(0.0476210235533031,-0.0231849741697561,0.16));
#7494=CARTESIAN_POINT('',(0.0476210235533031,-0.0231849741697561,0.16));
#7495=CARTESIAN_POINT('',(0.047621023553303,-0.0231849741697563,0.16));
#7496=CARTESIAN_POINT('',(0.0470090597254849,-0.0242449266119317,0.16));
#7497=CARTESIAN_POINT('',(0.0453951667340824,-0.0270402712710199,0.16));
#7498=CARTESIAN_POINT('',(0.0428410636619527,-0.0314641075597165,0.16));
#7499=CARTESIAN_POINT('',(0.0407387136016778,-0.0351054846794081,0.16));
#7500=CARTESIAN_POINT('',(0.0394548017718938,-0.0373292852010327,0.16));
#7501=CARTESIAN_POINT('',(0.0384788333760195,-0.0390197120492685,0.16));
#7502=CARTESIAN_POINT('',(0.037779983030938,-0.0402301563538366,0.16));
#7503=CARTESIAN_POINT('',(0.0372343371673085,-0.0411752427125828,0.16));
#7504=CARTESIAN_POINT('',(0.0368707734220784,-0.0418049535911114,0.16));
#7505=CARTESIAN_POINT('',(0.0366753321283873,-0.0421434678416812,0.16));
#7506=CARTESIAN_POINT('',(0.0365695711423008,-0.0423266512430417,0.16));
#7507=CARTESIAN_POINT('',(0.0365272232177262,-0.0424,0.16));
#7508=CARTESIAN_POINT('',(0.04,-0.0187849741697561,0.16));
#7509=CARTESIAN_POINT('',(0.04,-0.0187849741697561,0.235));
#7510=CARTESIAN_POINT('',(0.0488,-0.0187849741697561,0.235));
#7511=CARTESIAN_POINT('',(0.0488,-0.0187849741697561,0.16));
#7512=CARTESIAN_POINT('',(0.0488,-0.0187849741697561,0.16));
#7513=CARTESIAN_POINT('',(0.0476210235533031,-0.0231849741697561,0.16));
#7514=CARTESIAN_POINT('',(0.0483889684241806,-0.0218548546359843,0.16));
#7515=CARTESIAN_POINT('',(0.0488,-0.0203208639115111,0.16));
#7516=CARTESIAN_POINT('',(0.0488,-0.0187849741697562,0.16));
#7517=CARTESIAN_POINT('',(0.0488,-0.0146957879437772,0.16));
#7518=CARTESIAN_POINT('',(0.0488,-0.0146957879437772,0.235));
#7519=CARTESIAN_POINT('',(0.0488,-0.0169958308580175,0.235));
#7520=CARTESIAN_POINT('',(0.0488,-0.0169958308580175,0.24));
#7521=CARTESIAN_POINT('',(0.0488,-0.0106066017177983,0.16));
#7522=CARTESIAN_POINT('',(0.0488,-0.0106066017177983,0.16));
#7523=CARTESIAN_POINT('',(0.0488,-0.0106066017177983,0.16));
#7524=CARTESIAN_POINT('',(0.0488,-0.0112792977489969,0.16));
#7525=CARTESIAN_POINT('',(0.0488,-0.0126817431411055,0.16));
#7526=CARTESIAN_POINT('',(0.0488,-0.0148402649004622,0.16));
#7527=CARTESIAN_POINT('',(0.0488,-0.0165783811981369,0.16));
#7528=CARTESIAN_POINT('',(0.0488,-0.0177247280801897,0.16));
#7529=CARTESIAN_POINT('',(0.0488,-0.01833241497129,0.16));
#7530=CARTESIAN_POINT('',(0.0488,-0.0186562849860739,0.16));
#7531=CARTESIAN_POINT('',(0.0488,-0.0187849741697561,0.16));
#7532=CARTESIAN_POINT('',(0.04,-0.0106066017177983,0.16));
#7533=CARTESIAN_POINT('',(0.0462225396744416,-0.00438406204335671,0.16));
#7534=CARTESIAN_POINT('',(0.0462225396744416,-0.00438406204335671,0.16));
#7535=CARTESIAN_POINT('',(0.0488,-0.0106066017177983,0.16));
#7536=CARTESIAN_POINT('',(0.0488,-0.00830276710516581,0.16));
#7537=CARTESIAN_POINT('',(0.0478515967517663,-0.00601311912068145,0.16));
#7538=CARTESIAN_POINT('',(0.0462225396744416,-0.00438406204335672,0.16));
#7539=CARTESIAN_POINT('',(0.0459192388155425,-0.00408076118445761,0.16));
#7540=CARTESIAN_POINT('',(0.046162051565238,-0.00432357393415304,0.16));
#7541=CARTESIAN_POINT('',(0.046162051565238,-0.00432357393415304,0.235));
#7542=CARTESIAN_POINT('',(0.0459192388155425,-0.00408076118445761,0.235));
#7543=CARTESIAN_POINT('',(0.0456159379566434,-0.00377746032555849,0.235));
#7544=CARTESIAN_POINT('',(0.0456159379566434,-0.00377746032555849,0.16));
#7545=CARTESIAN_POINT('',(0.0456159379566434,-0.00377746032555849,0.16));
#7546=CARTESIAN_POINT('',(0.0456159379566432,-0.0037774603255581,0.16));
#7547=CARTESIAN_POINT('',(0.0457524233431453,-0.00391394571206026,0.16));
#7548=CARTESIAN_POINT('',(0.0459123030558691,-0.00407382542478417,0.16));
#7549=CARTESIAN_POINT('',(0.0460999258072852,-0.00426144817620033,0.16));
#7550=CARTESIAN_POINT('',(0.0462225396744417,-0.0043840620433568,0.16));
#7551=CARTESIAN_POINT('',(0.0393933982822019,-0.01,0.16));
#7552=CARTESIAN_POINT('',(0.0393933982822019,-0.01,0.235));
#7553=CARTESIAN_POINT('',(0.0393933982822019,-0.0012,0.235));
#7554=CARTESIAN_POINT('',(0.0393933982822019,-0.0012,0.16));
#7555=CARTESIAN_POINT('',(0.0393933982822019,-0.0012,0.16));
#7556=CARTESIAN_POINT('',(0.0456159379566435,-0.00377746032555838,0.16));
#7557=CARTESIAN_POINT('',(0.0439868808793188,-0.00214840324823365,0.16));
#7558=CARTESIAN_POINT('',(0.0416972328948344,-0.0012,0.16));
#7559=CARTESIAN_POINT('',(0.0393933982822019,-0.0012,0.16));
#7560=CARTESIAN_POINT('',(-6.93889390390723E-18,-0.0012,0.16));
#7561=CARTESIAN_POINT('',(0.014,-0.0012,0.219169872981078));
#7562=CARTESIAN_POINT('',(0.014,-0.0012,0.219169872981078));
#7563=CARTESIAN_POINT('',(0.002,-0.0012,0.219169872981078));
#7564=CARTESIAN_POINT('',(0.002,-0.0012,0.207169872981078));
#7565=CARTESIAN_POINT('',(-0.002,-0.0012,0.207169872981078));
#7566=CARTESIAN_POINT('',(-0.002,-0.0012,0.207169872981078));
#7567=CARTESIAN_POINT('',(-0.002,-0.0012,0.219169872981078));
#7568=CARTESIAN_POINT('',(-0.014,-0.0012,0.219169872981078));
#7569=CARTESIAN_POINT('',(-0.014,-0.0012,0.16));
#7570=CARTESIAN_POINT('',(-0.0375477387274179,-0.0012,0.236));
#7571=CARTESIAN_POINT('',(-0.0375477387274179,-0.0012,0.235));
#7572=CARTESIAN_POINT('',(-6.93889390390723E-18,-0.0012,0.235));
#7573=CARTESIAN_POINT('',(-0.0393933982822019,-0.0012,0.235));
#7574=CARTESIAN_POINT('',(-0.0393933982822019,-0.0012,0.16));
#7575=CARTESIAN_POINT('',(-0.0393933982822019,-0.0012,0.16));
#7576=CARTESIAN_POINT('',(-0.0393933982822019,-0.0012,0.16));
#7577=CARTESIAN_POINT('',(-0.0348443697639934,-0.0012,0.16));
#7578=CARTESIAN_POINT('',(-0.0257522220112645,-0.0012,0.16));
#7579=CARTESIAN_POINT('',(-0.0113607527679824,-0.0012,0.16));
#7580=CARTESIAN_POINT('',(-7.56910449321876E-10,-0.0012,0.16));
#7581=CARTESIAN_POINT('',(0.00946729637020128,-0.0012,0.16));
#7582=CARTESIAN_POINT('',(0.0167575499496613,-0.0012,0.16));
#7583=CARTESIAN_POINT('',(0.0220125815919657,-0.0012,0.16));
#7584=CARTESIAN_POINT('',(0.0269839490986505,-0.0012,0.16));
#7585=CARTESIAN_POINT('',(0.0308316397405317,-0.0012,0.16));
#7586=CARTESIAN_POINT('',(0.0336964931564536,-0.0012,0.16));
#7587=CARTESIAN_POINT('',(0.0357316173208913,-0.0012,0.16));
#7588=CARTESIAN_POINT('',(0.0373188020612104,-0.0012,0.16));
#7589=CARTESIAN_POINT('',(0.0383822050222242,-0.0012,0.16));
#7590=CARTESIAN_POINT('',(0.0389562543961345,-0.0012,0.16));
#7591=CARTESIAN_POINT('',(0.0392683377655044,-0.0012,0.16));
#7592=CARTESIAN_POINT('',(0.0393933982822019,-0.0012,0.16));
#7593=CARTESIAN_POINT('',(-6.93889390390723E-18,-0.0012,0.235));
#7594=CARTESIAN_POINT('',(0.0375477387274179,-0.0012,0.235));
#7595=CARTESIAN_POINT('',(0.0375477387274179,-0.0012,0.16));
#7596=CARTESIAN_POINT('',(-0.0393933982822019,-0.01,0.16));
#7597=CARTESIAN_POINT('',(-0.0393933982822019,-0.01,0.235));
#7598=CARTESIAN_POINT('',(-0.0456159379566435,-0.00377746032555843,0.235));
#7599=CARTESIAN_POINT('',(-0.0456159379566435,-0.00377746032555838,0.16));
#7600=CARTESIAN_POINT('',(-0.0456159379566435,-0.00377746032555838,0.16));
#7601=CARTESIAN_POINT('',(-0.0393933982822019,-0.0012,0.16));
#7602=CARTESIAN_POINT('',(-0.0416972328948344,-0.0012,0.16));
#7603=CARTESIAN_POINT('',(-0.0439868808793188,-0.00214840324823364,0.16));
#7604=CARTESIAN_POINT('',(-0.0456159379566435,-0.00377746032555838,0.16));
#7605=CARTESIAN_POINT('',(-0.0459192388155425,-0.00408076118445759,0.16));
#7606=CARTESIAN_POINT('',(-0.0459192388155425,-0.00408076118445759,0.235));
#7607=CARTESIAN_POINT('',(-0.046162051565238,-0.00432357393415307,0.235));
#7608=CARTESIAN_POINT('',(-0.046162051565238,-0.00432357393415307,0.24));
#7609=CARTESIAN_POINT('',(-0.0462225396744416,-0.0043840620433567,0.16));
#7610=CARTESIAN_POINT('',(-0.0462225396744416,-0.0043840620433567,0.16));
#7611=CARTESIAN_POINT('',(-0.0462225396744416,-0.00438406204335674,0.16));
#7612=CARTESIAN_POINT('',(-0.0460860542879359,-0.00424757665685095,0.16));
#7613=CARTESIAN_POINT('',(-0.0459589046548652,-0.00412042702378025,0.16));
#7614=CARTESIAN_POINT('',(-0.0457975239258732,-0.00395904629478827,0.16));
#7615=CARTESIAN_POINT('',(-0.0456767078777153,-0.00383823024663027,0.16));
#7616=CARTESIAN_POINT('',(-0.0456159379566436,-0.00377746032555858,0.16));
#7617=CARTESIAN_POINT('',(-0.04,-0.0106066017177983,0.16));
#7618=CARTESIAN_POINT('',(-0.0488,-0.0106066017177983,0.16));
#7619=CARTESIAN_POINT('',(-0.0488,-0.0106066017177983,0.16));
#7620=CARTESIAN_POINT('',(-0.0462225396744416,-0.00438406204335672,0.16));
#7621=CARTESIAN_POINT('',(-0.0478515967517663,-0.00601311912068145,0.16));
#7622=CARTESIAN_POINT('',(-0.0488,-0.00830276710516581,0.16));
#7623=CARTESIAN_POINT('',(-0.0488,-0.0106066017177983,0.16));
#7624=CARTESIAN_POINT('',(-0.0488,-0.0146957879437772,0.16));
#7625=CARTESIAN_POINT('',(-0.0488,-0.0169958308580175,0.16));
#7626=CARTESIAN_POINT('',(-0.0488,-0.0169958308580175,0.235));
#7627=CARTESIAN_POINT('',(-0.0488,-0.0146957879437772,0.235));
#7628=CARTESIAN_POINT('',(-0.0488,-0.0187849741697561,0.235));
#7629=CARTESIAN_POINT('',(-0.0488,-0.0187849741697561,0.16));
#7630=CARTESIAN_POINT('',(-0.0488,-0.0187849741697561,0.16));
#7631=CARTESIAN_POINT('',(-0.0488,-0.0187849741697562,0.16));
#7632=CARTESIAN_POINT('',(-0.0488,-0.0182005091983312,0.16));
#7633=CARTESIAN_POINT('',(-0.0488,-0.0169301307873971,0.16));
#7634=CARTESIAN_POINT('',(-0.0488,-0.0151875555987818,0.16));
#7635=CARTESIAN_POINT('',(-0.0488,-0.0137607773650266,0.16));
#7636=CARTESIAN_POINT('',(-0.0488,-0.0126880423148541,0.16));
#7637=CARTESIAN_POINT('',(-0.0488,-0.01180831196363,0.16));
#7638=CARTESIAN_POINT('',(-0.0488,-0.0111985666456399,0.16));
#7639=CARTESIAN_POINT('',(-0.0488,-0.0108643354482994,0.16));
#7640=CARTESIAN_POINT('',(-0.0488,-0.0106805520996092,0.16));
#7641=CARTESIAN_POINT('',(-0.0488,-0.0106066017177984,0.16));
#7642=CARTESIAN_POINT('',(-0.04,-0.0187849741697562,0.16));
#7643=CARTESIAN_POINT('',(-0.04,-0.0187849741697562,0.235));
#7644=CARTESIAN_POINT('',(-0.0488,-0.0187849741697562,0.16));
#7645=CARTESIAN_POINT('',(-0.0488,-0.0203208639115112,0.16));
#7646=CARTESIAN_POINT('',(-0.0483889684241806,-0.0218548546359844,0.16));
#7647=CARTESIAN_POINT('',(-0.0476210235533031,-0.0231849741697562,0.16));
#7648=CARTESIAN_POINT('',(-0.00919999456521579,-0.0425866573547034,0.139266933272895));
#7649=CARTESIAN_POINT('',(-0.00919999456521579,-0.0476733912573673,0.140112281424021));
#7650=CARTESIAN_POINT('',(-0.00919999456521579,-0.0476733912573673,0.140112281424021));
#7651=CARTESIAN_POINT('',(-0.00919999456521579,-0.0427160668772546,0.138783970359751));
#7652=CARTESIAN_POINT('',(-0.00919999456521579,-0.0442926508653555,0.139206414766162));
#7653=CARTESIAN_POINT('',(-0.00919999456521579,-0.0441632413428043,0.139689377679307));
#7654=CARTESIAN_POINT('',(0.,-0.050888789831658,0.141491482965551));
#7655=CARTESIAN_POINT('',(0.,-0.050888789831658,0.141491482965551));
#7656=CARTESIAN_POINT('',(0.,-0.042581074105986,0.13926543724591));
#7657=CARTESIAN_POINT('',(0.00180000543711592,-0.049364225907929,0.141082977293379));
#7658=CARTESIAN_POINT('',(0.00180000543711592,-0.0441632413428043,0.139689377679307));
#7659=CARTESIAN_POINT('',(-0.00969999456288408,-0.0441632413428043,0.139689377679307));
#7660=CARTESIAN_POINT('',(0.00080000543711592,-0.0441632413428043,0.139689377679307));
#7661=CARTESIAN_POINT('',(0.00080000543711592,-0.0451291671690934,0.139948196724409));
#7662=CARTESIAN_POINT('',(0.00180000543711592,-0.0451291671690934,0.139948196724409));
#7663=CARTESIAN_POINT('',(0.00180000543711592,-0.042581074105986,0.13926543724591));
#7664=CARTESIAN_POINT('',(0.00180000543711592,-0.054788425431984,0.142536387175435));
#7665=CARTESIAN_POINT('',(0.00080000543711592,-0.054788425431984,0.142536387175435));
#7666=CARTESIAN_POINT('',(0.00080000543711592,-0.0557543512582731,0.142795206220537));
#7667=CARTESIAN_POINT('',(0.,-0.0557543512582731,0.142795206220537));
#7668=CARTESIAN_POINT('',(0.00260000543711592,-0.0502303330878314,0.136136598558381));
#7669=CARTESIAN_POINT('',(0.00260000543711589,-0.0437752010312921,0.141910304498286));
#7670=CARTESIAN_POINT('',(0.00260000543711589,-0.0440523726247939,0.143415276906466));
#7671=CARTESIAN_POINT('',(0.00260000543711597,-0.0446551346404041,0.146415671482924));
#7672=CARTESIAN_POINT('',(0.00260000543711577,-0.0455818440566786,0.150912056699562));
#7673=CARTESIAN_POINT('',(0.00260000543711599,-0.0464050176265679,0.155427792294874));
#7674=CARTESIAN_POINT('',(0.00260000543711589,-0.0468,0.158467083919319));
#7675=CARTESIAN_POINT('',(0.00260000543711589,-0.0468,0.16));
#7676=CARTESIAN_POINT('',(0.00260000543711592,-0.0437752010312921,0.141910304498286));
#7677=CARTESIAN_POINT('',(0.00260000543711592,-0.0456510393716649,0.134909580505229));
#7678=CARTESIAN_POINT('',(0.00260000543711592,-0.0380153599030503,0.163406324232409));
#7679=CARTESIAN_POINT('',(0.00260000543711592,-0.0425946536192168,0.164633342285561));
#7680=CARTESIAN_POINT('',(0.00160000543711592,-0.0456510393716649,0.134909580505229));
#7681=CARTESIAN_POINT('',(0.00260000543711592,-0.0437752010312921,0.141910304498286));
#7682=CARTESIAN_POINT('',(0.00260000543711593,-0.0437326968589263,0.141679517476301));
#7683=CARTESIAN_POINT('',(0.0025699490783696,-0.0436501689236736,0.141222349729565));
#7684=CARTESIAN_POINT('',(0.00243538181200176,-0.0435359121967845,0.140554745870585));
#7685=CARTESIAN_POINT('',(0.00221971815682806,-0.0434495595770728,0.140005076176405));
#7686=CARTESIAN_POINT('',(0.00193597027687691,-0.0433972631423067,0.139627986371912));
#7687=CARTESIAN_POINT('',(0.00171960136275943,-0.043384140210532,0.139506060045056));
#7688=CARTESIAN_POINT('',(0.0016000054371154,-0.0433857662023333,0.139499991761041));
#7689=CARTESIAN_POINT('',(0.00160000543711592,-0.0433857662023333,0.139499991761041));
#7690=CARTESIAN_POINT('',(0.00160000543711592,-0.0446851135453758,0.134650761460127));
#7691=CARTESIAN_POINT('',(0.00160000543711592,-0.0370494340767612,0.163147505187307));
#7692=CARTESIAN_POINT('',(0.00160000543711592,-0.0380153599030503,0.163406324232409));
#7693=CARTESIAN_POINT('',(-0.00969999456288407,-0.0446851135453758,0.134650761460127));
#7694=CARTESIAN_POINT('',(0.00160000543711593,-0.0433857662023333,0.139499991761041));
#7695=CARTESIAN_POINT('',(0.000591111426705431,-0.0433994828350733,0.139448800590747));
#7696=CARTESIAN_POINT('',(-0.00143572357990095,-0.0434009964176815,0.139443151823552));
#7697=CARTESIAN_POINT('',(-0.00392806219797262,-0.043337838391832,0.139678860784928));
#7698=CARTESIAN_POINT('',(-0.00589366683452037,-0.0432570519373444,0.139980359937638));
#7699=CARTESIAN_POINT('',(-0.00711073850753503,-0.0431925808530661,0.140220969299785));
#7700=CARTESIAN_POINT('',(-0.008085471800928,-0.0431423622896631,0.140408387529888));
#7701=CARTESIAN_POINT('',(-0.00903674738166926,-0.0430642343902555,0.140699964819964));
#7702=CARTESIAN_POINT('',(-0.0106692832859241,-0.04288915985265,0.141353351889431));
#7703=CARTESIAN_POINT('',(-0.0129808963002589,-0.0426150753182311,0.142376249297438));
#7704=CARTESIAN_POINT('',(-0.0156933910915922,-0.0422588474343678,0.143705709859093));
#7705=CARTESIAN_POINT('',(-0.0183634992111205,-0.0418810989544727,0.145115486378538));
#7706=CARTESIAN_POINT('',(-0.0201216962666599,-0.0416186895300118,0.146094811683012));
#7707=CARTESIAN_POINT('',(-0.0209999945628842,-0.0414870748302213,0.146586004429654));
#7708=CARTESIAN_POINT('',(-0.0209999945628841,-0.0414870748302217,0.146586004429654));
#7709=CARTESIAN_POINT('',(-0.020999994562884,-0.0446851135453758,0.134650761460127));
#7710=CARTESIAN_POINT('',(-0.020999994562884,-0.0370494340767613,0.163147505187307));
#7711=CARTESIAN_POINT('',(-0.00969999456288407,-0.0370494340767612,0.163147505187307));
#7712=CARTESIAN_POINT('',(-0.020999994562884,-0.0456510393716649,0.134909580505229));
#7713=CARTESIAN_POINT('',(-0.020999994562884,-0.0414870748302219,0.146586004429654));
#7714=CARTESIAN_POINT('',(-0.021253945041386,-0.0414490198594524,0.146728027514046));
#7715=CARTESIAN_POINT('',(-0.0217416492843141,-0.0415481049187088,0.147076349070117));
#7716=CARTESIAN_POINT('',(-0.021999994562884,-0.042000055869917,0.147420680530966));
#7717=CARTESIAN_POINT('',(-0.0219999945628839,-0.0422633539909983,0.147552594465937));
#7718=CARTESIAN_POINT('',(-0.0219999945628841,-0.0422633539909978,0.147552594465937));
#7719=CARTESIAN_POINT('',(-0.0219999945628841,-0.0456510393716649,0.134909580505229));
#7720=CARTESIAN_POINT('',(-0.0219999945628841,-0.0380153599030503,0.163406324232409));
#7721=CARTESIAN_POINT('',(-0.020999994562884,-0.0380153599030503,0.163406324232409));
#7722=CARTESIAN_POINT('',(-0.0219999945628841,-0.0502303330878314,0.136136598558381));
#7723=CARTESIAN_POINT('',(-0.021999994562884,-0.0422633539909979,0.147552594465937));
#7724=CARTESIAN_POINT('',(-0.021999994562884,-0.0427814935899863,0.147812185507022));
#7725=CARTESIAN_POINT('',(-0.0219999945628838,-0.0437500812100209,0.148462659741632));
#7726=CARTESIAN_POINT('',(-0.0219999945628844,-0.0447473089819937,0.14953839214506));
#7727=CARTESIAN_POINT('',(-0.0219999945628838,-0.0453241413185575,0.150565676873192));
#7728=CARTESIAN_POINT('',(-0.0219999945628842,-0.0455503429477402,0.151401029109928));
#7729=CARTESIAN_POINT('',(-0.021999994562884,-0.0457372773955846,0.152253006954324));
#7730=CARTESIAN_POINT('',(-0.0219999945628841,-0.0459790993114037,0.153387734076528));
#7731=CARTESIAN_POINT('',(-0.021999994562884,-0.0462500212777149,0.154812916645434));
#7732=CARTESIAN_POINT('',(-0.0219999945628841,-0.0466142938484309,0.157106972030326));
#7733=CARTESIAN_POINT('',(-0.0219999945628841,-0.0468,0.158835886685516));
#7734=CARTESIAN_POINT('',(-0.0219999945628841,-0.0468,0.16));
#7735=CARTESIAN_POINT('',(-0.0219999945628841,-0.0425946536192168,0.164633342285561));
#7736=CARTESIAN_POINT('',(-0.00969999456288407,-0.0432328381308887,0.164804343310086));
#7737=CARTESIAN_POINT('',(-0.00969999456288408,-0.0438765487406294,0.163941548867715));
#7738=CARTESIAN_POINT('',(-0.0211999945628841,-0.0496721036983639,0.16549446313833));
#7739=CARTESIAN_POINT('',(-0.0211999945628841,-0.0380809937828951,0.1623886345971));
#7740=CARTESIAN_POINT('',(-0.0211999945628841,-0.0380809937828951,0.1623886345971));
#7741=CARTESIAN_POINT('',(0.00180000543711592,-0.0380809937828951,0.1623886345971));
#7742=CARTESIAN_POINT('',(0.00180000543711592,-0.0380809937828951,0.1623886345971));
#7743=CARTESIAN_POINT('',(-0.00969999456288405,-0.05008820582309,0.140759329036777));
#7744=CARTESIAN_POINT('',(-0.00919999456288405,-0.05008820582309,0.140759329036777));
#7745=CARTESIAN_POINT('',(0.00180000543711595,-0.0558837607808244,0.142312243307393));
#7746=CARTESIAN_POINT('',(0.000800005437115947,-0.0558837607808244,0.142312243307393));
#7747=CARTESIAN_POINT('',(0.000800005437115947,-0.0549178349545353,0.14205342426229));
#7748=CARTESIAN_POINT('',(0.00180000543711595,-0.0549178349545353,0.14205342426229));
#7749=CARTESIAN_POINT('',(0.00180000543711595,-0.0442926508653555,0.139206414766162));
#7750=CARTESIAN_POINT('',(0.00180000543711595,-0.0452585766916446,0.139465233811265));
#7751=CARTESIAN_POINT('',(0.000800005437115947,-0.0452585766916446,0.139465233811265));
#7752=CARTESIAN_POINT('',(0.000800005437115947,-0.0442926508653555,0.139206414766162));
#7753=CARTESIAN_POINT('',(-0.0211999945628841,-0.0442926508653555,0.139206414766162));
#7754=CARTESIAN_POINT('',(0.00180000543711592,-0.0380809937828951,0.1623886345971));
#7755=CARTESIAN_POINT('',(0.00180000543711592,-0.0390469196091841,0.162647453642202));
#7756=CARTESIAN_POINT('',(0.00180000543711592,-0.0487061778720748,0.165235644093227));
#7757=CARTESIAN_POINT('',(0.000800005437115919,-0.0487061778720748,0.165235644093227));
#7758=CARTESIAN_POINT('',(0.000800005437115919,-0.0496721036983639,0.16549446313833));
#7759=CARTESIAN_POINT('',(-0.00919999456288405,-0.05008820582309,0.140759329036777));
#7760=CARTESIAN_POINT('',(0.00180000543711592,-0.0380809937828951,0.1623886345971));
#7761=CARTESIAN_POINT('',(0.00180000543711592,-0.0441637589808945,0.139687445827654));
#7762=CARTESIAN_POINT('',(0.000800005437115919,-0.0390469196091841,0.162647453642202));
#7763=CARTESIAN_POINT('',(0.000800005437115919,-0.0380809937828951,0.1623886345971));
#7764=CARTESIAN_POINT('',(-0.0211999945628841,-0.0380809937828951,0.1623886345971));
#7765=CARTESIAN_POINT('',(-0.0211999945628841,-0.0441637589808945,0.139687445827654));
#7766=CARTESIAN_POINT('',(-0.0211999945628841,-0.0496721036983639,0.16549446313833));
#7767=CARTESIAN_POINT('',(0.00180000543711592,-0.0496721036983639,0.16549446313833));
#7768=CARTESIAN_POINT('',(0.00844571023299979,-0.0384759218439217,0.132989084110433));
#7769=CARTESIAN_POINT('',(0.00734715061180909,-0.0380878305420564,0.132885095359509));
#7770=CARTESIAN_POINT('',(0.00774552445892274,-0.0379464249371835,0.133975766938427));
#7771=CARTESIAN_POINT('',(0.0082445351883515,-0.0390057455956157,0.13313104995683));
#7772=CARTESIAN_POINT('',(0.00718676867248465,-0.0385508670113546,0.133009165607523));
#7773=CARTESIAN_POINT('',(0.00755867216651685,-0.0384318801444389,0.134096633827653));
#7774=CARTESIAN_POINT('',(0.00772972633600567,-0.040028452749327,0.133405083512761));
#7775=CARTESIAN_POINT('',(0.00678046024125967,-0.0394567685385348,0.133251901190153));
#7776=CARTESIAN_POINT('',(0.00708103461418539,-0.0393695198181875,0.134321166628097));
#7777=CARTESIAN_POINT('',(0.00668188758778764,-0.0414147678290269,0.133776545518821));
#7778=CARTESIAN_POINT('',(0.00577716408546587,-0.0407030281841349,0.133585835455751));
#7779=CARTESIAN_POINT('',(0.00611005278866741,-0.0406609987014724,0.134696726062841));
#7780=CARTESIAN_POINT('',(0.00540987877536288,-0.0425645047676924,0.134084616603045));
#7781=CARTESIAN_POINT('',(0.00468761827687268,-0.041612919015059,0.133829639969098));
#7782=CARTESIAN_POINT('',(0.00497188504602111,-0.0416976152117973,0.135004828722939));
#7783=CARTESIAN_POINT('',(0.00387029796360921,-0.0434374096630678,0.13431851076483));
#7784=CARTESIAN_POINT('',(0.00342452607767616,-0.0424018279987041,0.134041027494167));
#7785=CARTESIAN_POINT('',(0.00355306435257895,-0.0424951308687428,0.135183681480004));
#7786=CARTESIAN_POINT('',(0.00220571241235456,-0.0439663186066363,0.134460231489129));
#7787=CARTESIAN_POINT('',(0.00203312891542311,-0.0429881989167593,0.134198145108125));
#7788=CARTESIAN_POINT('',(0.00203719187626168,-0.0429702742333705,0.135218841842951));
#7789=CARTESIAN_POINT('',(0.000433628739836416,-0.0441837017490522,0.134518479126587));
#7790=CARTESIAN_POINT('',(0.00040874561171332,-0.0432767778956339,0.134275469612467));
#7791=CARTESIAN_POINT('',(0.000401632276261938,-0.0431784255062858,0.135206841408216));
#7792=CARTESIAN_POINT('',(-0.00133428315945688,-0.0441109187008526,0.134498976967599));
#7793=CARTESIAN_POINT('',(-0.0012477101623966,-0.0431773042114867,0.134248815719132));
#7794=CARTESIAN_POINT('',(-0.00123382975380687,-0.0431074101551589,0.135212071604917));
#7795=CARTESIAN_POINT('',(-0.00306457632225727,-0.0437416687034263,0.134400036728984));
#7796=CARTESIAN_POINT('',(-0.00276786847418482,-0.0427180226167262,0.134125751586717));
#7797=CARTESIAN_POINT('',(-0.00282479675648764,-0.0427656495613756,0.135217530574783));
#7798=CARTESIAN_POINT('',(-0.00466528289428758,-0.0430363169378244,0.134211038293011));
#7799=CARTESIAN_POINT('',(-0.00408394136855579,-0.0420282507639471,0.133940927775803));
#7800=CARTESIAN_POINT('',(-0.00428462876326286,-0.0421289655012986,0.135103225837297));
#7801=CARTESIAN_POINT('',(-0.00609529706686554,-0.0420147604028553,0.133937313044443));
#7802=CARTESIAN_POINT('',(-0.00524082057653596,-0.041173505933454,0.133711899588738));
#7803=CARTESIAN_POINT('',(-0.00558676460534686,-0.0412052114155214,0.134874490733966));
#7804=CARTESIAN_POINT('',(-0.00724102116583802,-0.0407279450178223,0.133592511901216));
#7805=CARTESIAN_POINT('',(-0.00632967710187628,-0.0401078852608253,0.133426367390069));
#7806=CARTESIAN_POINT('',(-0.00662423821105485,-0.040021245575535,0.134492553368331));
#7807=CARTESIAN_POINT('',(-0.00816080721024512,-0.0392723428449714,0.1332024844745));
#7808=CARTESIAN_POINT('',(-0.00713383248210852,-0.03876238274819,0.133065841078395));
#7809=CARTESIAN_POINT('',(-0.00748137424823868,-0.0386752547432156,0.134158068593863));
#7810=CARTESIAN_POINT('',(-0.00876571142303179,-0.0376691860062251,0.132772919894217));
#7811=CARTESIAN_POINT('',(-0.00760164743392341,-0.0373748717533307,0.132694058627833));
#7812=CARTESIAN_POINT('',(-0.0080433344665862,-0.0372066702628412,0.133792115185241));
#7813=CARTESIAN_POINT('',(-0.00911114091306802,-0.0354337156326008,0.132173927412901));
#7814=CARTESIAN_POINT('',(-0.00788641481329158,-0.0354540360184273,0.132179372243873));
#7815=CARTESIAN_POINT('',(-0.00836295029613576,-0.0351584347804197,0.133250684363335));
#7816=CARTESIAN_POINT('',(-0.00866635559080205,-0.0325719261945726,0.131407113244073));
#7817=CARTESIAN_POINT('',(-0.00752415189509052,-0.0329892105451714,0.13151892424883));
#7818=CARTESIAN_POINT('',(-0.00795178066735875,-0.0325378390894783,0.1325380662308));
#7819=CARTESIAN_POINT('',(-0.00682358664516708,-0.0296115730856988,0.130613889019239));
#7820=CARTESIAN_POINT('',(-0.0059486394172787,-0.0304092475498257,0.130827625247725));
#7821=CARTESIAN_POINT('',(-0.00625693830664677,-0.0298252825574248,0.131799854345226));
#7822=CARTESIAN_POINT('',(-0.00441154058750831,-0.0279066972899934,0.130157068926584));
#7823=CARTESIAN_POINT('',(-0.00392042147822003,-0.0288905380804773,0.130420688271875));
#7824=CARTESIAN_POINT('',(-0.00404060176185075,-0.0282865184874263,0.131352577828251));
#7825=CARTESIAN_POINT('',(-0.00220172508299366,-0.0271757083055548,0.129961201018528));
#7826=CARTESIAN_POINT('',(-0.00199760896901584,-0.028145695397617,0.130221108276515));
#7827=CARTESIAN_POINT('',(-0.00202302717821547,-0.0276559781360268,0.131114195585537));
#7828=CARTESIAN_POINT('',(-0.000435529920372162,-0.0269446679575683,0.129899293943866));
#7829=CARTESIAN_POINT('',(-0.000403297162443695,-0.0278762558608262,0.130148912170223));
#7830=CARTESIAN_POINT('',(-0.000401615209865385,-0.0274634249979059,0.131016446022381));
#7831=CARTESIAN_POINT('',(0.0013366646332142,-0.0270218872151452,0.129919984781574));
#7832=CARTESIAN_POINT('',(0.00122768615778993,-0.0279702490735351,0.130174097575662));
#7833=CARTESIAN_POINT('',(0.00123031023198316,-0.0275273766587486,0.131051404041603));
#7834=CARTESIAN_POINT('',(0.00306533710332148,-0.0274154017635319,0.130025426687024));
#7835=CARTESIAN_POINT('',(0.00274472189814407,-0.0283982459903679,0.13028877900389));
#7836=CARTESIAN_POINT('',(0.00281272409554554,-0.02785970427748,0.131199554614356));
#7837=CARTESIAN_POINT('',(0.00465427809289576,-0.0281277618995357,0.130216303010187));
#7838=CARTESIAN_POINT('',(0.00409823156928002,-0.0290684337977314,0.130468355285651));
#7839=CARTESIAN_POINT('',(0.00426476865633471,-0.0284891817285893,0.13140525989635));
#7840=CARTESIAN_POINT('',(0.00655763991651565,-0.0294757792719054,0.130577503176496));
#7841=CARTESIAN_POINT('',(0.0057273426101446,-0.0302884252045117,0.13079525099787));
#7842=CARTESIAN_POINT('',(0.00601332092528181,-0.0297035810064028,0.131765461332322));
#7843=CARTESIAN_POINT('',(0.00832428451225583,-0.0317899119105999,0.131197573148213));
#7844=CARTESIAN_POINT('',(0.00723459492422212,-0.0323018287877052,0.131334740862025));
#7845=CARTESIAN_POINT('',(0.00763429945433022,-0.0318217628956494,0.132338767158553));
#7846=CARTESIAN_POINT('',(0.00905393685668247,-0.0345741378395501,0.131943604237421));
#7847=CARTESIAN_POINT('',(0.00784137564379278,-0.034713488666034,0.131980943178842));
#7848=CARTESIAN_POINT('',(0.00830995619472438,-0.0343687153221885,0.133037569465734));
#7849=CARTESIAN_POINT('',(0.00893677660389543,-0.0368495102391632,0.132553288434377));
#7850=CARTESIAN_POINT('',(0.00773935497386286,-0.0366741854080977,0.13250631028748));
#7851=CARTESIAN_POINT('',(0.00820214836862073,-0.036456788574655,0.133595965292736));
#7852=CARTESIAN_POINT('',(0.00864688527764809,-0.0379460980922278,0.132847118264036));
#7853=CARTESIAN_POINT('',(0.00751034035979492,-0.0376166876873726,0.132758853012076));
#7854=CARTESIAN_POINT('',(0.00793237675132863,-0.0374609697299281,0.1338549000492));
#7855=CARTESIAN_POINT('',(0.00844571023299979,-0.0384759218439217,0.132989084110433));
#7856=CARTESIAN_POINT('',(0.00734715061180909,-0.0380878305420564,0.132885095359509));
#7857=CARTESIAN_POINT('',(0.00774552445892274,-0.0379464249371835,0.133975766938427));
#7858=CARTESIAN_POINT('',(-0.00295072661166392,-0.0426682651199536,0.13519291955728));
#7859=CARTESIAN_POINT('',(-0.00339854044826954,-0.0425180636055793,0.135183661670045));
#7860=CARTESIAN_POINT('',(-0.00426699290655686,-0.0421243490073598,0.135094890462907));
#7861=CARTESIAN_POINT('',(-0.00544527382008468,-0.0413153100741074,0.134906531447143));
#7862=CARTESIAN_POINT('',(-0.00639083258019459,-0.0403067731295892,0.134581321564036));
#7863=CARTESIAN_POINT('',(-0.00719854641802405,-0.0391602324133069,0.134274640635486));
#7864=CARTESIAN_POINT('',(-0.00780202917094341,-0.0379176462920361,0.13397124121872));
#7865=CARTESIAN_POINT('',(-0.00829391817468426,-0.0361246387196429,0.13351081356954));
#7866=CARTESIAN_POINT('',(-0.00826646217391675,-0.0338102602980584,0.132889022021029));
#7867=CARTESIAN_POINT('',(-0.00724444959320266,-0.03120279128182,0.1321712171015));
#7868=CARTESIAN_POINT('',(-0.00537536287012004,-0.0290858046560273,0.131592012567626));
#7869=CARTESIAN_POINT('',(-0.002849884946645,-0.0277512766245471,0.131175361430564));
#7870=CARTESIAN_POINT('',(1.23209309390045E-5,-0.0273697033996858,0.130963384960437));
#7871=CARTESIAN_POINT('',(0.0028815664918302,-0.0277605374425469,0.1311792411003));
#7872=CARTESIAN_POINT('',(0.00539887795858072,-0.0291043267128373,0.131597241798441));
#7873=CARTESIAN_POINT('',(0.00726064912830162,-0.0312311121504218,0.13217883391595));
#7874=CARTESIAN_POINT('',(0.00827159120243147,-0.0338329922092625,0.132895146462135));
#7875=CARTESIAN_POINT('',(0.00828815382213461,-0.036155476135539,0.133518962658442));
#7876=CARTESIAN_POINT('',(0.0077998906456446,-0.0379230462673746,0.133972572259548));
#7877=CARTESIAN_POINT('',(0.00718702065564195,-0.039180250193163,0.134279490231381));
#7878=CARTESIAN_POINT('',(0.00638195409314296,-0.0403175550211657,0.134584865158825));
#7879=CARTESIAN_POINT('',(0.00543466776024674,-0.041322979407816,0.134908531958406));
#7880=CARTESIAN_POINT('',(0.00427744621842087,-0.0421179762865792,0.135093377433507));
#7881=CARTESIAN_POINT('',(0.00339854044832813,-0.0425180636056595,0.135183661671576));
#7882=CARTESIAN_POINT('',(0.00295072661166394,-0.0426682651199536,0.135192919557279));
#7883=CARTESIAN_POINT('',(-0.00295072661166392,-0.0426682651199536,0.13519291955728));
#7884=CARTESIAN_POINT('',(0.00295072661166394,-0.0426682651199536,0.135192919557279));
#7885=CARTESIAN_POINT('',(0.00295072661166394,-0.0426682651199536,0.135192919557279));
#7886=CARTESIAN_POINT('',(0.00200097282267105,-0.0429876661484273,0.135225498654639));
#7887=CARTESIAN_POINT('',(-1.74876452709118E-5,-0.0432926577027894,0.135193066961914));
#7888=CARTESIAN_POINT('',(-0.00200097282255102,-0.0429876661483128,0.135225498652264));
#7889=CARTESIAN_POINT('',(-0.00295072661166392,-0.0426682651199536,0.13519291955728));
#7890=CARTESIAN_POINT('',(-9.94506731475308E-6,0.0774392740248045,0.553942059551597));
#7891=CARTESIAN_POINT('',(-0.00919999456521574,0.0778524715626747,0.55383134360501));
#7892=CARTESIAN_POINT('',(-0.00919999456521574,-0.0351454416975945,0.132117390168425));
#7893=CARTESIAN_POINT('',(-9.94506731475308E-6,-0.0355586392354646,0.132228106115012));
#7894=CARTESIAN_POINT('',(-0.0121999945652158,0.0778524715626747,0.55383134360501));
#7895=CARTESIAN_POINT('',(-0.0120444390096602,0.080746350916307,0.553055930969212));
#7896=CARTESIAN_POINT('',(-0.0120444390096602,-0.0322515623439622,0.131341977532626));
#7897=CARTESIAN_POINT('',(-0.0121999945652158,-0.0351454416975945,0.132117390168425));
#7898=CARTESIAN_POINT('',(-0.0118499945652158,0.0843637001083473,0.552086665174463));
#7899=CARTESIAN_POINT('',(-0.0127339372203727,-0.024927252468992,0.136343293919017));
#7900=CARTESIAN_POINT('',(-0.0115322712957937,-0.0248405139507697,0.13579127585648));
#7901=CARTESIAN_POINT('',(-0.0105382868305426,-0.0254651284345765,0.135150283701448));
#7902=CARTESIAN_POINT('',(-0.00992484595990361,-0.0264289443493589,0.134549941490072));
#7903=CARTESIAN_POINT('',(-0.00967517904820765,-0.0272839827417836,0.134168242872824));
#7904=CARTESIAN_POINT('',(-0.00969926868067861,-0.0282467598569749,0.133928085909848));
#7905=CARTESIAN_POINT('',(-0.0101595068191343,-0.0291425783664685,0.13406907580732));
#7906=CARTESIAN_POINT('',(-0.0109212465948709,-0.0295874831359961,0.134554706363324));
#7907=CARTESIAN_POINT('',(-0.0119946561456665,-0.029657900567061,0.135277898953696));
#7908=CARTESIAN_POINT('',(-0.0130196524592256,-0.0291372843553259,0.135964641367429));
#7909=CARTESIAN_POINT('',(-0.013732392042363,-0.0281805422257555,0.136467613033491));
#7910=CARTESIAN_POINT('',(-0.0140304661256228,-0.0272936929935166,0.136733522395109));
#7911=CARTESIAN_POINT('',(-0.013994785250822,-0.0263075438014358,0.136824377355522));
#7912=CARTESIAN_POINT('',(-0.0135291140517028,-0.0254396418039707,0.136654640581637));
#7913=CARTESIAN_POINT('',(-0.0127339372203727,-0.024927252468992,0.136343293919017));
#7914=CARTESIAN_POINT('',(-0.0115322712957937,-0.0248405139507697,0.13579127585648));
#7915=CARTESIAN_POINT('',(-0.0105382868305426,-0.0254651284345765,0.135150283701448));
#7916=CARTESIAN_POINT('',(-0.0118499945652158,-0.0249214779971611,0.135921865864406));
#7917=CARTESIAN_POINT('',(-0.0118499945652158,-0.0286342131519218,0.130372711737877));
#7918=CARTESIAN_POINT('',(-0.0118499945652158,-0.0265574726254003,0.129816250790907));
#7919=CARTESIAN_POINT('',(3.46944695195361E-18,-0.0461290688100587,0.135060444183174));
#7920=CARTESIAN_POINT('',(-0.00684999456521578,-0.0478757921062188,0.135528477279781));
#7921=CARTESIAN_POINT('',(-0.00684999456521578,-0.0250119913033379,0.129402140318743));
#7922=CARTESIAN_POINT('',(-0.0118499945652158,-0.0286342131519218,0.130372711737877));
#7923=CARTESIAN_POINT('',(-0.0118499945652158,-0.0250119913033378,0.129402140318743));
#7924=CARTESIAN_POINT('',(-0.0105249945652158,-0.0250119913033378,0.129402140318743));
#7925=CARTESIAN_POINT('',(-0.00684999456521578,0.0651221211540503,0.557242430716366));
#7926=CARTESIAN_POINT('',(-0.00684999456521578,0.0879859219569312,0.551116093755328));
#7927=CARTESIAN_POINT('',(-0.0105249945652158,0.0879859219569313,0.551116093755328));
#7928=CARTESIAN_POINT('',(-0.0118499945652158,0.0879859219569313,0.551116093755328));
#7929=CARTESIAN_POINT('',(-0.0118499945652158,0.0843637001083473,0.552086665174463));
#7930=CARTESIAN_POINT('',(-0.0148650113202812,-0.0277760863281992,0.137144620334623));
#7931=CARTESIAN_POINT('',(-0.0132877210643307,-0.0288535440630797,0.136177157582528));
#7932=CARTESIAN_POINT('',(-0.011933752519078,-0.029804879543459,0.135263300063115));
#7933=CARTESIAN_POINT('',(-0.0108964322941424,-0.0305737341728786,0.134419782869993));
#7934=CARTESIAN_POINT('',(-0.0148418644647456,-0.0277214438201114,0.137136768544931));
#7935=CARTESIAN_POINT('',(-0.0132665099212942,-0.0288020919370761,0.13616886799857));
#7936=CARTESIAN_POINT('',(-0.0119142030193735,-0.0297561872363501,0.135254561053638));
#7937=CARTESIAN_POINT('',(-0.0108781558345251,-0.0305271882660588,0.134410582132746));
#7938=CARTESIAN_POINT('',(-0.0148181488888099,-0.0276672451111212,0.13712882875098));
#7939=CARTESIAN_POINT('',(-0.0132447709506766,-0.0287509449271138,0.136160490802716));
#7940=CARTESIAN_POINT('',(-0.0118941607950694,-0.0297076802693738,0.13524573739557));
#7941=CARTESIAN_POINT('',(-0.010859413543867,-0.0304807348325875,0.134401303096099));
#7942=CARTESIAN_POINT('',(-0.01476019236435,-0.0275386818775887,0.137109579990177));
#7943=CARTESIAN_POINT('',(-0.0131915845813701,-0.0286293076115021,0.136140196366574));
#7944=CARTESIAN_POINT('',(-0.0118450691952635,-0.0295920352669962,0.135224382220765));
#7945=CARTESIAN_POINT('',(-0.0108134590828331,-0.0303697518886385,0.134378874499532));
#7946=CARTESIAN_POINT('',(-0.0147254790263698,-0.027464764524478,0.137098173407694));
#7947=CARTESIAN_POINT('',(-0.0131596803455667,-0.0285591162969322,0.136128181925219));
#7948=CARTESIAN_POINT('',(-0.0118155763329999,-0.0295250682905294,0.135211756519153));
#7949=CARTESIAN_POINT('',(-0.0107858136538437,-0.0303052943160666,0.134365637172783));
#7950=CARTESIAN_POINT('',(-0.0146544980288945,-0.0273188842961752,0.137074875033996));
#7951=CARTESIAN_POINT('',(-0.0130942348886533,-0.0284199936221585,0.136103669938372));
#7952=CARTESIAN_POINT('',(-0.0117548826633834,-0.0293917948131859,0.135186035886294));
#7953=CARTESIAN_POINT('',(-0.0107287604861318,-0.0301765753864724,0.134338722421585));
#7954=CARTESIAN_POINT('',(-0.0146182311080736,-0.0272469209317893,0.137062983564107));
#7955=CARTESIAN_POINT('',(-0.0130606942241899,-0.028351061844754,0.136091172754357));
#7956=CARTESIAN_POINT('',(-0.011723682256422,-0.0293254879637118,0.135172941329581));
#7957=CARTESIAN_POINT('',(-0.0106993530280885,-0.03011231374371,0.134325045344782));
#7958=CARTESIAN_POINT('',(-0.0145445598486077,-0.0271049958035435,0.137038653056249));
#7959=CARTESIAN_POINT('',(-0.0129922341001044,-0.0282144404883495,0.136065633144519));
#7960=CARTESIAN_POINT('',(-0.0116596954455796,-0.0291934612304819,0.135146221387485));
#7961=CARTESIAN_POINT('',(-0.0106387933709386,-0.0299838703562843,0.134297190299406));
#7962=CARTESIAN_POINT('',(-0.0145071562512537,-0.0270350334811713,0.137026214001035));
#7963=CARTESIAN_POINT('',(-0.0129573152001753,-0.028146750473379,0.13605259070065));
#7964=CARTESIAN_POINT('',(-0.0116269094455052,-0.0291277410159471,0.13513259598337));
#7965=CARTESIAN_POINT('',(-0.0106076414562091,-0.0299196883614326,0.134283012311574));
#7966=CARTESIAN_POINT('',(-0.0144316253632812,-0.0268971144006699,0.137000728944776));
#7967=CARTESIAN_POINT('',(-0.0128863479413266,-0.0280125668591706,0.136025901503002));
#7968=CARTESIAN_POINT('',(-0.0115598596712557,-0.0289967989920866,0.135104755935353));
#7969=CARTESIAN_POINT('',(-0.0105435929968865,-0.0297912828225442,0.13425409800243));
#7970=CARTESIAN_POINT('',(-0.0143934987951793,-0.0268291564961594,0.13698768345072));
#7971=CARTESIAN_POINT('',(-0.012850300128842,-0.0279460723083323,0.136012255383614));
#7972=CARTESIAN_POINT('',(-0.0115255962923642,-0.028931576412663,0.13509054199257));
#7973=CARTESIAN_POINT('',(-0.0105106967317752,-0.0297270586691087,0.134239362356746));
#7974=CARTESIAN_POINT('',(-0.0143169104878217,-0.0266952236837704,0.136960940071234));
#7975=CARTESIAN_POINT('',(-0.0127772988843392,-0.027814218093245,0.135984313890416));
#7976=CARTESIAN_POINT('',(-0.011455674233989,-0.0288015347394356,0.135061480292808));
#7977=CARTESIAN_POINT('',(-0.0104431337400546,-0.0295984483947163,0.134209288187989));
#7978=CARTESIAN_POINT('',(-0.0142784494512715,-0.0266292477883333,0.13694724216327));
#7979=CARTESIAN_POINT('',(-0.0127403459843094,-0.0277488576670382,0.135970018493025));
#7980=CARTESIAN_POINT('',(-0.0114200159399475,-0.028736715077333,0.135046632511352));
#7981=CARTESIAN_POINT('',(-0.0104084672866137,-0.029534061853829,0.134193949639749));
#7982=CARTESIAN_POINT('',(-0.0142015341667427,-0.026499260597533,0.136919152297236));
#7983=CARTESIAN_POINT('',(-0.0126657167431357,-0.027619218859719,0.135940737254221));
#7984=CARTESIAN_POINT('',(-0.0113473490711298,-0.028607396855318,0.135016262372642));
#7985=CARTESIAN_POINT('',(-0.0103373038563662,-0.0294050218275395,0.134162629132362));
#7986=CARTESIAN_POINT('',(-0.0141630806251953,-0.0264352477236492,0.136904761907525));
#7987=CARTESIAN_POINT('',(-0.0126280409365978,-0.0275549391841811,0.135925752903832));
#7988=CARTESIAN_POINT('',(-0.0113103408834626,-0.028542897261803,0.13500074137676));
#7989=CARTESIAN_POINT('',(-0.0103008071536664,-0.0293403675340181,0.134146648339497));
#7990=CARTESIAN_POINT('',(-0.014086454708965,-0.0263092040927121,0.136875250161402));
#7991=CARTESIAN_POINT('',(-0.0125520904868758,-0.0274274421093213,0.135895057609002));
#7992=CARTESIAN_POINT('',(-0.0112349702638652,-0.0284141674189334,0.134968989375032));
#7993=CARTESIAN_POINT('',(-0.0102258807611651,-0.0292107157627743,0.13411400840657));
#7994=CARTESIAN_POINT('',(-0.0140482830949979,-0.0262471720699931,0.136860128775823));
#7995=CARTESIAN_POINT('',(-0.0125138164180469,-0.0273642237331441,0.13587934663404));
#7996=CARTESIAN_POINT('',(-0.0111966082463157,-0.0283499364406425,0.134952758337501));
#7997=CARTESIAN_POINT('',(-0.0101874513631827,-0.0291457177460547,0.134097349233933));
#7998=CARTESIAN_POINT('',(-0.013958162988903,-0.0261022813749834,0.136823300833245));
#7999=CARTESIAN_POINT('',(-0.0124222480553774,-0.0272153648365405,0.135841124803083));
#8000=CARTESIAN_POINT('',(-0.0111037966794609,-0.0281976809425589,0.134913322292155));
#8001=CARTESIAN_POINT('',(-0.0100936873363542,-0.0289908747710165,0.134056935076543));
#8002=CARTESIAN_POINT('',(-0.013901387473444,-0.0260136730268899,0.13680047433919));
#8003=CARTESIAN_POINT('',(-0.0123642666295354,-0.027124085071152,0.135817443147678));
#8004=CARTESIAN_POINT('',(-0.0110447800828755,-0.0281041132843877,0.134888898524371));
#8005=CARTESIAN_POINT('',(-0.0100338776611169,-0.0288955622893467,0.134031917411332));
#8006=CARTESIAN_POINT('',(-0.0137790796007607,-0.0258306180210321,0.136752921260298));
#8007=CARTESIAN_POINT('',(-0.0122389092910407,-0.0269351842681487,0.135768121225228));
#8008=CARTESIAN_POINT('',(-0.0109168050392547,-0.0279102045954978,0.134838044687093));
#8009=CARTESIAN_POINT('',(-0.00990389710674799,-0.0286978323772154,0.13397984170001));
#8010=CARTESIAN_POINT('',(-0.0137135433446014,-0.0257361750698214,0.136728195355965));
#8011=CARTESIAN_POINT('',(-0.0121715292984178,-0.0268375671018271,0.135742481697765));
#8012=CARTESIAN_POINT('',(-0.0108478423568457,-0.0278098675743847,0.134811615419469));
#8013=CARTESIAN_POINT('',(-0.00983372187318292,-0.0285954190576297,0.133952784521018));
#8014=CARTESIAN_POINT('',(-0.0135745856960723,-0.0255448981294062,0.136677903181124));
#8015=CARTESIAN_POINT('',(-0.0120283640226844,-0.0266396765674464,0.135690339903349));
#8016=CARTESIAN_POINT('',(-0.0107010651936597,-0.0276063096630557,0.134757875870259));
#8017=CARTESIAN_POINT('',(-0.00968417752318306,-0.0283875340546787,0.133897775706983));
#8018=CARTESIAN_POINT('',(-0.0135011624647582,-0.025448067440652,0.136652339064267));
#8019=CARTESIAN_POINT('',(-0.011952576815244,-0.0265394066727094,0.135663839693935));
#8020=CARTESIAN_POINT('',(-0.0106232487152562,-0.027503092402826,0.13473056752713));
#8021=CARTESIAN_POINT('',(-0.00960480635296685,-0.0282820661338406,0.133869825870237));
#8022=CARTESIAN_POINT('',(-0.0133478410956666,-0.0252552054758238,0.136601357010758));
#8023=CARTESIAN_POINT('',(-0.0117941498351609,-0.0263396268848758,0.135610996061756));
#8024=CARTESIAN_POINT('',(-0.0104604390055767,-0.0272973842579034,0.13467611622987));
#8025=CARTESIAN_POINT('',(-0.00943863888873202,-0.0280718312157601,0.133814097120581));
#8026=CARTESIAN_POINT('',(-0.0132679430390602,-0.0251591771795892,0.136575939872551));
#8027=CARTESIAN_POINT('',(-0.0117115101474584,-0.0262401201099785,0.13558465347451));
#8028=CARTESIAN_POINT('',(-0.0103754458624763,-0.0271948966101799,0.134648974143083));
#8029=CARTESIAN_POINT('',(-0.00935184268536758,-0.027967067546481,0.133786319099396));
#8030=CARTESIAN_POINT('',(-0.0131036464648348,-0.0249707537489224,0.136526140206229));
#8031=CARTESIAN_POINT('',(-0.0115415213455179,-0.0260449094620242,0.13553304233279));
#8032=CARTESIAN_POINT('',(-0.0102005707707427,-0.0269938703641207,0.134595795980577));
#8033=CARTESIAN_POINT('',(-0.0091732240449045,-0.0277616018921851,0.133731890995571));
#8034=CARTESIAN_POINT('',(-0.013019249682869,-0.0248783606336856,0.136501758442047));
#8035=CARTESIAN_POINT('',(-0.0114541740475233,-0.0259492076999205,0.13550777449845));
#8036=CARTESIAN_POINT('',(-0.0101106907075324,-0.0268953339546627,0.134569760586499));
#8037=CARTESIAN_POINT('',(-0.00908140354622943,-0.0276609021544726,0.13370524156827));
#8038=CARTESIAN_POINT('',(-0.0128484659123499,-0.0246996105297451,0.13645478873977));
#8039=CARTESIAN_POINT('',(-0.011277473851336,-0.02576419892978,0.135459096627706));
#8040=CARTESIAN_POINT('',(-0.00992891176681811,-0.0267049643063351,0.134519599733868));
#8041=CARTESIAN_POINT('',(-0.00889573361082876,-0.0274664429937218,0.133653889140693));
#8042=CARTESIAN_POINT('',(-0.0127620819477905,-0.0246132541356993,0.136432200961014));
#8043=CARTESIAN_POINT('',(-0.0111881241175477,-0.0256748925440124,0.13543568675804));
#8044=CARTESIAN_POINT('',(-0.00983701617424857,-0.0266131317134364,0.134495474448403));
#8045=CARTESIAN_POINT('',(-0.00880188755137961,-0.0273726842348131,0.133629186318371));
#8046=CARTESIAN_POINT('',(-0.0125902969719708,-0.0244485063611588,0.136389450971065));
#8047=CARTESIAN_POINT('',(-0.0110106072752104,-0.0255047702926652,0.135391375346927));
#8048=CARTESIAN_POINT('',(-0.00965457901560224,-0.0264384088426854,0.134449799559593));
#8049=CARTESIAN_POINT('',(-0.00861568077516105,-0.0271944562151431,0.133582403618008));
#8050=CARTESIAN_POINT('',(-0.0125048998574151,-0.0243701140481969,0.136369287674242));
#8051=CARTESIAN_POINT('',(-0.010922444244298,-0.025423953431772,0.135370472743991));
#8052=CARTESIAN_POINT('',(-0.00956404168247657,-0.0263555175073346,0.134428248946294));
#8053=CARTESIAN_POINT('',(-0.00852332441033439,-0.0271099858367741,0.133560322816054));
#8054=CARTESIAN_POINT('',(-0.0124109497729441,-0.0242869567433687,0.136348177752972));
#8055=CARTESIAN_POINT('',(-0.0108256157942419,-0.0253384380764435,0.135348583292868));
#8056=CARTESIAN_POINT('',(-0.00946474240217905,-0.0262679860504653,0.13440567284562));
#8057=CARTESIAN_POINT('',(-0.00842213214501086,-0.0270209220117213,0.133537179907498));
#8058=CARTESIAN_POINT('',(-0.0124002757938305,-0.0242775552913978,0.136345795501298));
#8059=CARTESIAN_POINT('',(-0.0108146172719015,-0.0253287733687696,0.13534611298373));
#8060=CARTESIAN_POINT('',(-0.0094534652872847,-0.026258096287864,0.134403124917757));
#8061=CARTESIAN_POINT('',(-0.00841064159111772,-0.0270108612309957,0.133534567829427));
#8062=CARTESIAN_POINT('',(-0.0123896413739876,-0.0242682329641001,0.136343437813144));
#8063=CARTESIAN_POINT('',(-0.0108036621399889,-0.025319193468653,0.135343668052779));
#8064=CARTESIAN_POINT('',(-0.00944223485153839,-0.0262482962172512,0.134400603031778));
#8065=CARTESIAN_POINT('',(-0.00839920023597024,-0.02700089389371,0.133531982262015));
#8066=CARTESIAN_POINT('',(-0.0396184840755365,-0.00120184024907089,0.16));
#8067=CARTESIAN_POINT('',(-0.03961851659092,-0.00120109300538612,0.159561526487099));
#8068=CARTESIAN_POINT('',(-0.0393054935735274,-0.0013613181078341,0.158685125051536));
#8069=CARTESIAN_POINT('',(-0.0381407219798638,-0.0020794086109164,0.157103155044503));
#8070=CARTESIAN_POINT('',(-0.0363169442433228,-0.00327352345948641,0.155248826563184));
#8071=CARTESIAN_POINT('',(-0.0332105636374572,-0.00538513601975939,0.152705144779378));
#8072=CARTESIAN_POINT('',(-0.0283656490144425,-0.00875605582216061,0.14933624737361));
#8073=CARTESIAN_POINT('',(-0.0221092613297778,-0.0131826666413859,0.145419513979367));
#8074=CARTESIAN_POINT('',(-0.0157571683143846,-0.0177513106544772,0.14157433998593));
#8075=CARTESIAN_POINT('',(-0.0106688023667724,-0.0214860934834255,0.138371457062806));
#8076=CARTESIAN_POINT('',(-0.00725735666543012,-0.0240646116359647,0.135996425273017));
#8077=CARTESIAN_POINT('',(-0.00512032717229643,-0.0257621141905173,0.134250988170508));
#8078=CARTESIAN_POINT('',(-0.00360576353633705,-0.0270774439598371,0.132687015578657));
#8079=CARTESIAN_POINT('',(-0.00302072485247926,-0.027740094676205,0.131679439937072));
#8080=CARTESIAN_POINT('',(-0.00286207856811801,-0.0280387311560883,0.131035761936726));
#8081=CARTESIAN_POINT('',(-0.0394026707131804,-0.00119950774309705,0.16));
#8082=CARTESIAN_POINT('',(-0.0394026776903109,-0.00119884337927901,0.159553111013141));
#8083=CARTESIAN_POINT('',(-0.0390894854523346,-0.00136462965003063,0.158667020862682));
#8084=CARTESIAN_POINT('',(-0.0379281741861065,-0.00208955102353423,0.157081078390871));
#8085=CARTESIAN_POINT('',(-0.0361121022739128,-0.00328791700306146,0.15522649255903));
#8086=CARTESIAN_POINT('',(-0.0330212601420404,-0.00540147837668991,0.152684250204588));
#8087=CARTESIAN_POINT('',(-0.0282025904696685,-0.00877214790449313,0.149317124540038));
#8088=CARTESIAN_POINT('',(-0.0219811729179045,-0.0131967591659376,0.14540196064691));
#8089=CARTESIAN_POINT('',(-0.0156644722514228,-0.0177622486245532,0.141558440564117));
#8090=CARTESIAN_POINT('',(-0.0106032155648955,-0.0214930276362207,0.138357714060955));
#8091=CARTESIAN_POINT('',(-0.0072080718042334,-0.0240669518206821,0.135985084779895));
#8092=CARTESIAN_POINT('',(-0.00507948756709913,-0.0257597506541627,0.134241782519736));
#8093=CARTESIAN_POINT('',(-0.00356951811710466,-0.0270702248689375,0.13267978558398));
#8094=CARTESIAN_POINT('',(-0.00298564286082887,-0.0277300562747682,0.131673353373137));
#8095=CARTESIAN_POINT('',(-0.00282746863164519,-0.028027559080015,0.131030798741027));
#8096=CARTESIAN_POINT('',(-0.0391312227649533,-0.00120012877854092,0.16));
#8097=CARTESIAN_POINT('',(-0.0391312364557863,-0.00119944020621313,0.159555608404363));
#8098=CARTESIAN_POINT('',(-0.0388205367142753,-0.00136364163461035,0.158672329531975));
#8099=CARTESIAN_POINT('',(-0.0376673626925508,-0.00208637210466633,0.157087485566146));
#8100=CARTESIAN_POINT('',(-0.0358633934555895,-0.00328299500551703,0.155232765264391));
#8101=CARTESIAN_POINT('',(-0.0327924953310781,-0.00539496162726715,0.152689534876138));
#8102=CARTESIAN_POINT('',(-0.0280043959700399,-0.00876402002228694,0.149320718533828));
#8103=CARTESIAN_POINT('',(-0.0218222365925806,-0.0131871050678551,0.145403312852036));
#8104=CARTESIAN_POINT('',(-0.0155455817193693,-0.017751612850432,0.141557347075412));
#8105=CARTESIAN_POINT('',(-0.0105168455358159,-0.0214822828284147,0.138354469555869));
#8106=CARTESIAN_POINT('',(-0.007143892329164,-0.0240566666041595,0.135980358777952));
#8107=CARTESIAN_POINT('',(-0.00502943864458873,-0.0257499335991257,0.134236214921104));
#8108=CARTESIAN_POINT('',(-0.00352967799941039,-0.0270605943985393,0.13267383149624));
#8109=CARTESIAN_POINT('',(-0.00295012078684921,-0.0277198797379801,0.131667585666489));
#8110=CARTESIAN_POINT('',(-0.00279330555226216,-0.0280166550834705,0.131026022949762));
#8111=CARTESIAN_POINT('',(-0.0387832497372942,-0.00119992659747205,0.16));
#8112=CARTESIAN_POINT('',(-0.0387832611324471,-0.00119924301001372,0.159555144315845));
#8113=CARTESIAN_POINT('',(-0.0384750047226461,-0.00136382485355854,0.158671270956205));
#8114=CARTESIAN_POINT('',(-0.0373312298492548,-0.00208678940018832,0.157086143656907));
#8115=CARTESIAN_POINT('',(-0.0355421475688262,-0.00328319353148228,0.155231220643341));
#8116=CARTESIAN_POINT('',(-0.0324967885342816,-0.00539429502766955,0.152687541530238));
#8117=CARTESIAN_POINT('',(-0.0277486950609175,-0.00876171789394522,0.149317702723227));
#8118=CARTESIAN_POINT('',(-0.0216183560682063,-0.0131826478435875,0.14539865979709));
#8119=CARTESIAN_POINT('',(-0.0153944583227807,-0.0177451302280153,0.141550875409114));
#8120=CARTESIAN_POINT('',(-0.0104079964000094,-0.0214743379455528,0.138346624031631));
#8121=CARTESIAN_POINT('',(-0.00706313605365401,-0.0240476242203812,0.135971869876002));
#8122=CARTESIAN_POINT('',(-0.00496590439733835,-0.0257397653323433,0.134227624444124));
#8123=CARTESIAN_POINT('',(-0.00347805387492739,-0.0270489612194842,0.132665543831442));
#8124=CARTESIAN_POINT('',(-0.00290323659232132,-0.0277067382221036,0.131659891772989));
#8125=CARTESIAN_POINT('',(-0.00274793709099629,-0.0280024084361024,0.131019699549774));
#8126=CARTESIAN_POINT('',(-0.0381545801218602,-0.00120005278307688,0.16));
#8127=CARTESIAN_POINT('',(-0.0381545927456592,-0.00119936034041566,0.159556129917908));
#8128=CARTESIAN_POINT('',(-0.0378511398590035,-0.00136344838683656,0.158673280906458));
#8129=CARTESIAN_POINT('',(-0.0367249285705363,-0.00208537289963316,0.157088521750765));
#8130=CARTESIAN_POINT('',(-0.0349631698595559,-0.00328044864367848,0.155233301172436));
#8131=CARTESIAN_POINT('',(-0.0319641695063671,-0.00538951008419027,0.152688484330058));
#8132=CARTESIAN_POINT('',(-0.027288268997724,-0.00875392476049195,0.149316339954707));
#8133=CARTESIAN_POINT('',(-0.0212512187826347,-0.0131712490494897,0.145393856633233));
#8134=CARTESIAN_POINT('',(-0.0151223343070526,-0.0177306205639225,0.141542250069616));
#8135=CARTESIAN_POINT('',(-0.0102122981954761,-0.0214579795613733,0.138334882534653));
#8136=CARTESIAN_POINT('',(-0.00691864918718923,-0.0240302628345454,0.135958329421468));
#8137=CARTESIAN_POINT('',(-0.00485319184545847,-0.0257213756604933,0.134213387949872));
#8138=CARTESIAN_POINT('',(-0.00338759935239301,-0.0270289147064724,0.132651440636063));
#8139=CARTESIAN_POINT('',(-0.00282175155759776,-0.0276844483950058,0.131646693359902));
#8140=CARTESIAN_POINT('',(-0.00266927393079118,-0.0279782651595431,0.131008880045426));
#8141=CARTESIAN_POINT('',(-0.0372295333501416,-0.00119998209752267,0.16));
#8142=CARTESIAN_POINT('',(-0.0372295450006461,-0.00119928559618801,0.159556680668308));
#8143=CARTESIAN_POINT('',(-0.0369330111993261,-0.00136328084180416,0.158674328832964));
#8144=CARTESIAN_POINT('',(-0.0358325493310574,-0.00208453549889134,0.157089779177091));
#8145=CARTESIAN_POINT('',(-0.0341111066482114,-0.00327830857946953,0.155234229789959));
#8146=CARTESIAN_POINT('',(-0.0311807811892663,-0.00538490617206662,0.152688114819751));
#8147=CARTESIAN_POINT('',(-0.026612044743679,-0.00874536473534111,0.149313105989576));
#8148=CARTESIAN_POINT('',(-0.0207135645911582,-0.0131577641251553,0.145386163742244));
#8149=CARTESIAN_POINT('',(-0.0147257528441645,-0.017712743026833,0.14152953397051));
#8150=CARTESIAN_POINT('',(-0.00992907264860742,-0.0214373424840029,0.138318063584283));
#8151=CARTESIAN_POINT('',(-0.00671130428760718,-0.0240080233252638,0.135939159246276));
#8152=CARTESIAN_POINT('',(-0.00469285878494712,-0.0256975114011576,0.134193374614943));
#8153=CARTESIAN_POINT('',(-0.00326007736310297,-0.0270025099428662,0.132631775096448));
#8154=CARTESIAN_POINT('',(-0.00270725448603166,-0.0276547337103489,0.131628459370862));
#8155=CARTESIAN_POINT('',(-0.00255880601883486,-0.0279459183452627,0.130994052475315));
#8156=CARTESIAN_POINT('',(-0.0360693176935677,-0.00120000468972158,0.16));
#8157=CARTESIAN_POINT('',(-0.0360693293619679,-0.0011992986918538,0.159557838067663));
#8158=CARTESIAN_POINT('',(-0.0357816278095321,-0.0013629311036938,0.158676673869891));
#8159=CARTESIAN_POINT('',(-0.0347138476823226,-0.0020831291915288,0.157092721857803));
#8160=CARTESIAN_POINT('',(-0.0330434715488962,-0.00327525247309399,0.15523693343239));
#8161=CARTESIAN_POINT('',(-0.0302000226869534,-0.00537899427194146,0.152689345242536));
#8162=CARTESIAN_POINT('',(-0.0257667497672471,-0.00873500349626333,0.149310970707596));
#8163=CARTESIAN_POINT('',(-0.0200433448760485,-0.013141919108935,0.145378743144837));
#8164=CARTESIAN_POINT('',(-0.0142337137320328,-0.0176920555852005,0.141516099134896));
#8165=CARTESIAN_POINT('',(-0.0095802677108519,-0.021413758943053,0.138299578630844));
#8166=CARTESIAN_POINT('',(-0.00645860536403269,-0.0239830137139299,0.135917589856276));
#8167=CARTESIAN_POINT('',(-0.00449993518891543,-0.0256711085580159,0.134170541559966));
#8168=CARTESIAN_POINT('',(-0.00310897907454901,-0.0269736068367297,0.132609193418536));
#8169=CARTESIAN_POINT('',(-0.00257261724575786,-0.0276221019190237,0.131607628025486));
#8170=CARTESIAN_POINT('',(-0.00242913950454349,-0.0279102447815012,0.130977264153966));
#8171=CARTESIAN_POINT('',(-0.0344613294789224,-0.00119999729488082,0.16));
#8172=CARTESIAN_POINT('',(-0.0344613407725784,-0.00119927910807881,0.159559361354964));
#8173=CARTESIAN_POINT('',(-0.0341859393131862,-0.00136252941523332,0.158679784473483));
#8174=CARTESIAN_POINT('',(-0.0331637525638466,-0.00208152940500236,0.157096757187386));
#8175=CARTESIAN_POINT('',(-0.0315646642607217,-0.0032716969934109,0.155240828562776));
#8176=CARTESIAN_POINT('',(-0.0288425397593948,-0.00537197030697431,0.152691515129687));
#8177=CARTESIAN_POINT('',(-0.0245984670594349,-0.00872251056681938,0.149308940156292));
#8178=CARTESIAN_POINT('',(-0.0191195545844129,-0.0131226341090649,0.145369975475356));
#8179=CARTESIAN_POINT('',(-0.0135586520574066,-0.0176667280323105,0.141499596514381));
#8180=CARTESIAN_POINT('',(-0.00910508739620527,-0.0213848304178222,0.138276491518105));
#8181=CARTESIAN_POINT('',(-0.00611763655057855,-0.0239524427996513,0.135890340388698));
#8182=CARTESIAN_POINT('',(-0.00424259788740589,-0.0256390198098815,0.13414148084759));
#8183=CARTESIAN_POINT('',(-0.00291020821094441,-0.0269385631336683,0.132580382127088));
#8184=CARTESIAN_POINT('',(-0.00239667566857398,-0.0275822930534856,0.131581222278146));
#8185=CARTESIAN_POINT('',(-0.00225994761703974,-0.0278665291332737,0.130956166289179));
#8186=CARTESIAN_POINT('',(-0.0323403814383802,-0.00120000089746474,0.16));
#8187=CARTESIAN_POINT('',(-0.0323403923945313,-0.00119926553486894,0.159561507095183));
#8188=CARTESIAN_POINT('',(-0.0320813809839158,-0.00136202739866409,0.158684235766766));
#8189=CARTESIAN_POINT('',(-0.0311199445463993,-0.00207966304269968,0.157102702841939));
#8190=CARTESIAN_POINT('',(-0.02961584302749,-0.00326766268908207,0.155246897600746));
#8191=CARTESIAN_POINT('',(-0.0270553724176729,-0.00536411876781952,0.152695766123785));
#8192=CARTESIAN_POINT('',(-0.0230633656425996,-0.00870863313002755,0.149308341642901));
#8193=CARTESIAN_POINT('',(-0.0179100969154934,-0.0131012424416819,0.145361399813691));
#8194=CARTESIAN_POINT('',(-0.0126803182671806,-0.0176386232797862,0.141481768612188));
#8195=CARTESIAN_POINT('',(-0.0084927625227498,-0.0213528031040175,0.138250644967852));
#8196=CARTESIAN_POINT('',(-0.00568413221306185,-0.0239189160962244,0.135859164135722));
#8197=CARTESIAN_POINT('',(-0.00392089055802404,-0.0256043040120958,0.13410774528951));
#8198=CARTESIAN_POINT('',(-0.00266702659015306,-0.0269009859869677,0.13254670215474));
#8199=CARTESIAN_POINT('',(-0.00218385212841877,-0.0275392333713677,0.131550618198235));
#8200=CARTESIAN_POINT('',(-0.00205586783297616,-0.0278188550507832,0.130932066904323));
#8201=CARTESIAN_POINT('',(-0.0287318820096249,-0.0011999994818811,0.16));
#8202=CARTESIAN_POINT('',(-0.0287318922954655,-0.00119923453600347,0.159565204791453));
#8203=CARTESIAN_POINT('',(-0.0285010587975088,-0.00136127589788502,0.158692000098291));
#8204=CARTESIAN_POINT('',(-0.0276441115638964,-0.00207707987799271,0.157113346437511));
#8205=CARTESIAN_POINT('',(-0.0263034142527022,-0.003262200928191,0.155258232038373));
#8206=CARTESIAN_POINT('',(-0.0240210570242917,-0.0053535745116482,0.152704813827074));
#8207=CARTESIAN_POINT('',(-0.0204626850976283,-0.00869001049738525,0.149310432229022));
#8208=CARTESIAN_POINT('',(-0.0158694727794147,-0.0130724613191022,0.145351692043001));
#8209=CARTESIAN_POINT('',(-0.011208814491883,-0.0176006584835914,0.141458281012808));
#8210=CARTESIAN_POINT('',(-0.00747808228918367,-0.0213094496403611,0.138215119646096));
#8211=CARTESIAN_POINT('',(-0.00497658986553214,-0.0238737602022939,0.135815317696239));
#8212=CARTESIAN_POINT('',(-0.00340584363815194,-0.0255580996195131,0.134059512442141));
#8213=CARTESIAN_POINT('',(-0.00228762324326565,-0.0268514919092084,0.132498082327803));
#8214=CARTESIAN_POINT('',(-0.00185645031438617,-0.0274820413972498,0.131506843086063));
#8215=CARTESIAN_POINT('',(-0.00174300391457409,-0.0277549899382894,0.130898131681424));
#8216=CARTESIAN_POINT('',(-0.0238574919663599,-0.00120000017574643,0.16));
#8217=CARTESIAN_POINT('',(-0.023857501230424,-0.00119919534324272,0.159570141550413));
#8218=CARTESIAN_POINT('',(-0.023665219246662,-0.00136041568260235,0.158702487569358));
#8219=CARTESIAN_POINT('',(-0.0229512810207263,-0.00207447101433233,0.157128056744485));
#8220=CARTESIAN_POINT('',(-0.0218342593040538,-0.00325694114546687,0.1552744806701));
#8221=CARTESIAN_POINT('',(-0.019932621086789,-0.0053436479949131,0.152719140922359));
#8222=CARTESIAN_POINT('',(-0.016967824774839,-0.00867260117033822,0.149317397412944));
#8223=CARTESIAN_POINT('',(-0.0131410113989281,-0.0130455286132826,0.145345638715561));
#8224=CARTESIAN_POINT('',(-0.00925860513143529,-0.0175649635654308,0.141436936429304));
#8225=CARTESIAN_POINT('',(-0.00615186997816417,-0.0212685410701983,0.138180423782674));
#8226=CARTESIAN_POINT('',(-0.00406973538294619,-0.0238313679151841,0.135771076764688));
#8227=CARTESIAN_POINT('',(-0.00276245942431919,-0.025515437376855,0.134009672030114));
#8228=CARTESIAN_POINT('',(-0.00183085657250886,-0.0268066506906992,0.132446969448411));
#8229=CARTESIAN_POINT('',(-0.00147096510367276,-0.0274296267550285,0.131461311928352));
#8230=CARTESIAN_POINT('',(-0.0013768145507342,-0.027695561644356,0.13086368994334));
#8231=CARTESIAN_POINT('',(-0.0175530359662828,-0.00119999995390625,0.16));
#8232=CARTESIAN_POINT('',(-0.0175530434435708,-0.00119914878671711,0.159575743697468));
#8233=CARTESIAN_POINT('',(-0.0174112000653254,-0.0013595528338115,0.15871447128524));
#8234=CARTESIAN_POINT('',(-0.0168844520850779,-0.002072195768113,0.15714511770581));
#8235=CARTESIAN_POINT('',(-0.0160602578880614,-0.00325263077616035,0.155293760336887));
#8236=CARTESIAN_POINT('',(-0.0146570854186089,-0.00533577085529441,0.152737114671207));
#8237=CARTESIAN_POINT('',(-0.0124694192531032,-0.00865893679195152,0.149328511715371));
#8238=CARTESIAN_POINT('',(-0.009645781843755,-0.013024387336125,0.145344117817642));
#8239=CARTESIAN_POINT('',(-0.00678145344195097,-0.0175367835928166,0.141420563234891));
#8240=CARTESIAN_POINT('',(-0.00449001492521804,-0.0212360075571792,0.13815130326034));
#8241=CARTESIAN_POINT('',(-0.00295500012513879,-0.0237975623074627,0.135732877183428));
#8242=CARTESIAN_POINT('',(-0.00199156229382165,-0.0254816855786737,0.133965807374505));
#8243=CARTESIAN_POINT('',(-0.00130456883614087,-0.026771791508936,0.132401136611265));
#8244=CARTESIAN_POINT('',(-0.00103847733723595,-0.0273886365797965,0.131420702016463));
#8245=CARTESIAN_POINT('',(-0.000969107411911503,-0.0276483599978316,0.130833692317241));
#8246=CARTESIAN_POINT('',(-0.010920116834009,-0.00120000000862856,0.16));
#8247=CARTESIAN_POINT('',(-0.0109201218535995,-0.00119911114976503,0.159580193554786));
#8248=CARTESIAN_POINT('',(-0.0108317289810852,-0.0013589134744744,0.158724019238079));
#8249=CARTESIAN_POINT('',(-0.0105034292507197,-0.0020706800546058,0.157158813806215));
#8250=CARTESIAN_POINT('',(-0.00998971895305714,-0.00324991923088415,0.155309416004242));
#8251=CARTESIAN_POINT('',(-0.009115112219144,-0.00533097874151028,0.152752102919715));
#8252=CARTESIAN_POINT('',(-0.00775151117303219,-0.00865073341127266,0.149338687655218));
#8253=CARTESIAN_POINT('',(-0.00599152826440679,-0.0130117196830158,0.145345170090743));
#8254=CARTESIAN_POINT('',(-0.00420630054221631,-0.0175198338016728,0.141410892259101));
#8255=CARTESIAN_POINT('',(-0.00277837531538051,-0.0212163184304786,0.138132579297614));
#8256=CARTESIAN_POINT('',(-0.00182212961004501,-0.0237770117633183,0.135707827626421));
#8257=CARTESIAN_POINT('',(-0.00122214841095188,-0.0254612042257207,0.133936753271634));
#8258=CARTESIAN_POINT('',(-0.000794225106173992,-0.0267508534423535,0.132370418213085));
#8259=CARTESIAN_POINT('',(-0.000628118798727638,-0.0273639545660251,0.131393507866476));
#8260=CARTESIAN_POINT('',(-0.000584877731567389,-0.027619569389473,0.130813951478601));
#8261=CARTESIAN_POINT('',(-0.00180728074184589,-0.00120000001256314,0.16));
#8262=CARTESIAN_POINT('',(-0.00180728168242701,-0.00119908132170689,0.159583647682145));
#8263=CARTESIAN_POINT('',(-0.00179261518856052,-0.00135843619004368,0.158731440515198));
#8264=CARTESIAN_POINT('',(-0.00173812935931173,-0.00206962857333185,0.157169502998652));
#8265=CARTESIAN_POINT('',(-0.00165286490163561,-0.00324812109034069,0.155321710394175));
#8266=CARTESIAN_POINT('',(-0.00150769193528775,-0.00532789154624821,0.152764037671239));
#8267=CARTESIAN_POINT('',(-0.00128134757570082,-0.00864551466638669,0.14934715914777));
#8268=CARTESIAN_POINT('',(-0.000989212982312523,-0.0130036831641289,0.145346949198988));
#8269=CARTESIAN_POINT('',(-0.000692915670316832,-0.0175090560588515,0.141404806743674));
#8270=CARTESIAN_POINT('',(-0.000455979494215152,-0.0212037409414828,0.13811993454691));
#8271=CARTESIAN_POINT('',(-0.000297388538171158,-0.0237638257236558,0.135690688348884));
#8272=CARTESIAN_POINT('',(-0.000197939575505143,-0.0254480464703731,0.133916782642468));
#8273=CARTESIAN_POINT('',(-0.000126994357873535,-0.0267374628253445,0.132349172607768));
#8274=CARTESIAN_POINT('',(-9.93543085527074E-5,-0.0273481535304304,0.13137468711968));
#8275=CARTESIAN_POINT('',(-9.21697634156094E-5,-0.0276009592601278,0.13080044917008));
#8276=CARTESIAN_POINT('',(0.00745547897322112,-0.00119999987754376,0.16));
#8277=CARTESIAN_POINT('',(0.00745548261519274,-0.00119909358252839,0.159582233323104));
#8278=CARTESIAN_POINT('',(0.0073950540379842,-0.00135862595625898,0.158728398884838));
#8279=CARTESIAN_POINT('',(0.00717059056384791,-0.00207002177757481,0.157165109056597));
#8280=CARTESIAN_POINT('',(0.00681934477419363,-0.00324876554433952,0.155316634079746));
#8281=CARTESIAN_POINT('',(0.00622132336146079,-0.00532896577189161,0.152759061097511));
#8282=CARTESIAN_POINT('',(0.00528893810806413,-0.00864730610192474,0.149343518740694));
#8283=CARTESIAN_POINT('',(0.00408553328179858,-0.0130064330258608,0.145345931602526));
#8284=CARTESIAN_POINT('',(0.00286492886138208,-0.0175127522717794,0.141406870886925));
#8285=CARTESIAN_POINT('',(0.00188875032815027,-0.0212080751925724,0.138124542878014));
#8286=CARTESIAN_POINT('',(0.00123519788896476,-0.023768391321096,0.135697010174886));
#8287=CARTESIAN_POINT('',(0.000825252968317678,-0.0254526097831545,0.133924177336484));
#8288=CARTESIAN_POINT('',(0.000532829171229276,-0.0267420878027656,0.132357080902802));
#8289=CARTESIAN_POINT('',(0.000419117916571599,-0.0273536162648056,0.131381697410466));
#8290=CARTESIAN_POINT('',(0.000389545325323473,-0.0276074563226656,0.130805425473938));
#8291=CARTESIAN_POINT('',(0.0163611614737875,-0.00120000021115764,0.16));
#8292=CARTESIAN_POINT('',(0.016361168552812,-0.00119914132885866,0.159576663337003));
#8293=CARTESIAN_POINT('',(0.0162289067719171,-0.00135941769324115,0.158716442858647));
#8294=CARTESIAN_POINT('',(0.0157377272205841,-0.00207186283345668,0.157147938931931));
#8295=CARTESIAN_POINT('',(0.0149691787765055,-0.00325202255127414,0.155296973454027));
#8296=CARTESIAN_POINT('',(0.0136607340803806,-0.00533468254868408,0.152740165565496));
#8297=CARTESIAN_POINT('',(0.0116207528986646,-0.0086570645561917,0.149330526709085));
#8298=CARTESIAN_POINT('',(0.00898774380111793,-0.0130214939337281,0.145344188298467));
#8299=CARTESIAN_POINT('',(0.00631683104652473,-0.0175329169576684,0.141418348248623));
#8300=CARTESIAN_POINT('',(0.00418020331039461,-0.021231525423383,0.138147147256006));
#8301=CARTESIAN_POINT('',(0.00274899229584034,-0.0237928919081744,0.135727353657727));
#8302=CARTESIAN_POINT('',(0.00185075969377995,-0.0254770298582896,0.133959419374751));
#8303=CARTESIAN_POINT('',(0.00121021353958924,-0.0267670171979333,0.132394407772029));
#8304=CARTESIAN_POINT('',(0.000961994129213476,-0.0273830129478375,0.1314147461441));
#8305=CARTESIAN_POINT('',(0.000897307447435567,-0.0276418320962743,0.130829341978133));
#8306=CARTESIAN_POINT('',(0.0227351495153651,-0.00119999919442222,0.16));
#8307=CARTESIAN_POINT('',(0.0227351584943688,-0.0011991855885061,0.159571213295121));
#8308=CARTESIAN_POINT('',(0.0225518197236144,-0.00136024427058098,0.158704775727436));
#8309=CARTESIAN_POINT('',(0.0218710668839241,-0.00207399721280224,0.157131301029152));
#8310=CARTESIAN_POINT('',(0.0208059551633969,-0.00325602139510458,0.155278123114046));
#8311=CARTESIAN_POINT('',(0.0189926780801354,-0.00534194361758221,0.152722483077128));
#8312=CARTESIAN_POINT('',(0.0161656415688877,-0.00866962819258156,0.149319338957321));
#8313=CARTESIAN_POINT('',(0.0125166704301208,-0.013040924746229,0.145345035247533));
#8314=CARTESIAN_POINT('',(0.00881478291591301,-0.0175588358868352,0.141433341519411));
#8315=CARTESIAN_POINT('',(0.00585267053077833,-0.0212614829732776,0.138174243530787));
#8316=CARTESIAN_POINT('',(0.00386764449721429,-0.0238240422466731,0.135763045520612));
#8317=CARTESIAN_POINT('',(0.00262140452592389,-0.0255081079767333,0.134000502580502));
#8318=CARTESIAN_POINT('',(0.00173316262479019,-0.0267990373445886,0.132437448015751));
#8319=CARTESIAN_POINT('',(0.00138985593062759,-0.0274206884980546,0.131452866631204));
#8320=CARTESIAN_POINT('',(0.00130011880968835,-0.0276853268977842,0.130857400103084));
#8321=CARTESIAN_POINT('',(0.0276867426689076,-0.0012000023750316,0.16));
#8322=CARTESIAN_POINT('',(0.027686752764147,-0.00119922876347218,0.159566280772429));
#8323=CARTESIAN_POINT('',(0.0274641559738627,-0.00136107995525746,0.158694279314841));
#8324=CARTESIAN_POINT('',(0.0266377570140872,-0.00207645922510211,0.157116522209996));
#8325=CARTESIAN_POINT('',(0.0253448355953401,-0.0032609329592433,0.155261706129462));
#8326=CARTESIAN_POINT('',(0.0231437947411283,-0.00535116989630586,0.152707805320509));
#8327=CARTESIAN_POINT('',(0.0197122037556652,-0.00868579140454345,0.149311715529859));
#8328=CARTESIAN_POINT('',(0.0152826992740712,-0.0130659440369829,0.145349993494355));
#8329=CARTESIAN_POINT('',(0.0107883176874093,-0.017592042205615,0.141453082724958));
#8330=CARTESIAN_POINT('',(0.00719095932497905,-0.0212995992661087,0.138206856009892));
#8331=CARTESIAN_POINT('',(0.00477913393611543,-0.0238635573732742,0.135804873165066));
#8332=CARTESIAN_POINT('',(0.00326470428071314,-0.0255478003838858,0.13404782226328));
#8333=CARTESIAN_POINT('',(0.00218632254091141,-0.0268406120987809,0.132486157266976));
#8334=CARTESIAN_POINT('',(0.00177038324284372,-0.027469354806298,0.131496190795545));
#8335=CARTESIAN_POINT('',(0.00166110044307278,-0.0277406617290278,0.13089001962908));
#8336=CARTESIAN_POINT('',(0.0313687056619593,-0.00119999588605868,0.16));
#8337=CARTESIAN_POINT('',(0.031368716413404,-0.00119925267682424,0.159562491277302));
#8338=CARTESIAN_POINT('',(0.0311172669548815,-0.00136181943296074,0.158686295214995));
#8339=CARTESIAN_POINT('',(0.0301838736390769,-0.00207893359456181,0.157105510844668));
#8340=CARTESIAN_POINT('',(0.0287236278940219,-0.00326610175503484,0.155249857654796));
#8341=CARTESIAN_POINT('',(0.0262378010580485,-0.005361083253902,0.152698052808851));
#8342=CARTESIAN_POINT('',(0.0223621831684205,-0.00870325391359165,0.149308658747191));
#8343=CARTESIAN_POINT('',(0.0173592473394244,-0.0130929204313431,0.145358404639071));
#8344=CARTESIAN_POINT('',(0.0122822598385049,-0.0176276469325573,0.141474911655663));
#8345=CARTESIAN_POINT('',(0.0082173731878881,-0.0213402667699432,0.138240420683047));
#8346=CARTESIAN_POINT('',(0.00549121159166768,-0.0239058305255185,0.135846637269519));
#8347=CARTESIAN_POINT('',(0.00377961266864415,-0.0255908572129231,0.134094038422885));
#8348=CARTESIAN_POINT('',(0.0025620899093765,-0.026886524039247,0.132532933199587));
#8349=CARTESIAN_POINT('',(0.00209286324348964,-0.0275225648282976,0.131538190490519));
#8350=CARTESIAN_POINT('',(0.00196880916420317,-0.0278002992557848,0.130922381941401));
#8351=CARTESIAN_POINT('',(0.0339744212403791,-0.00120001570297691,0.16));
#8352=CARTESIAN_POINT('',(0.0339744325672237,-0.00119929329779277,0.159559878717945));
#8353=CARTESIAN_POINT('',(0.0337027746387391,-0.00136239930029832,0.158680850495426));
#8354=CARTESIAN_POINT('',(0.032694442338003,-0.00208101286632336,0.157098144753759));
#8355=CARTESIAN_POINT('',(0.031117004220877,-0.00327058916822231,0.155242196213217));
#8356=CARTESIAN_POINT('',(0.0284317132690261,-0.00536984431835448,0.152692381011683));
#8357=CARTESIAN_POINT('',(0.0242450691970506,-0.00871879568883237,0.14930856320998));
#8358=CARTESIAN_POINT('',(0.0188403588769604,-0.0131169528719906,0.145367596284329));
#8359=CARTESIAN_POINT('',(0.0133549397688028,-0.0176593051185152,0.141494908444914));
#8360=CARTESIAN_POINT('',(0.00896204809751076,-0.0213763948793461,0.138269816097953));
#8361=CARTESIAN_POINT('',(0.00601537452221123,-0.0239435945230134,0.13588237920923));
#8362=CARTESIAN_POINT('',(0.00416578471851878,-0.0256298062912652,0.1341329383503));
#8363=CARTESIAN_POINT('',(0.00285123789330138,-0.0269285516694675,0.132571890218849));
#8364=CARTESIAN_POINT('',(0.00234465137966334,-0.0275708878869383,0.131573458936549));
#8365=CARTESIAN_POINT('',(0.00220996430833386,-0.0278539651674332,0.130949995632297));
#8366=CARTESIAN_POINT('',(0.0360037238504415,-0.00119995370219088,0.16));
#8367=CARTESIAN_POINT('',(0.0360037351823651,-0.00119924831194041,0.159557785719432));
#8368=CARTESIAN_POINT('',(0.0357164972225706,-0.00136292793221088,0.158676549200025));
#8369=CARTESIAN_POINT('',(0.0346504843741773,-0.0020831346376533,0.157092557655578));
#8370=CARTESIAN_POINT('',(0.0329828984548564,-0.0032751874823073,0.155236726778107));
#8371=CARTESIAN_POINT('',(0.0301442269305773,-0.00537873876397058,0.152689037610037));
#8372=CARTESIAN_POINT('',(0.0257184303092145,-0.00873441191286287,0.149310445078918));
#8373=CARTESIAN_POINT('',(0.0200047080509423,-0.013140895820585,0.14537787676999));
#8374=CARTESIAN_POINT('',(0.0142049413746242,-0.0176906367754778,0.141514853243278));
#8375=CARTESIAN_POINT('',(0.00955941202272009,-0.0214120694241523,0.138298039159018));
#8376=CARTESIAN_POINT('',(0.00644301797981706,-0.0239811318513286,0.135915907520592));
#8377=CARTESIAN_POINT('',(0.00448757755253161,-0.0256690235017311,0.134168832016101));
#8378=CARTESIAN_POINT('',(0.00309885608048306,-0.0269712455753745,0.13260753903467));
#8379=CARTESIAN_POINT('',(0.00256339472401228,-0.0276194460909263,0.131606085274822));
#8380=CARTESIAN_POINT('',(0.00242021025688677,-0.0279073683044442,0.130975993081901));
#8381=CARTESIAN_POINT('',(0.037532000993338,-0.00120008019546103,0.16));
#8382=CARTESIAN_POINT('',(0.0375320133682614,-0.00119938375304914,0.159556624876228));
#8383=CARTESIAN_POINT('',(0.0372332387653974,-0.00136332059777579,0.158674249006154));
#8384=CARTESIAN_POINT('',(0.0361243704672128,-0.00208467390557129,0.157089673981813));
#8385=CARTESIAN_POINT('',(0.0343897282986831,-0.00327878070444815,0.155234214660757));
#8386=CARTESIAN_POINT('',(0.0314368796806078,-0.00538610513277992,0.152688469874795));
#8387=CARTESIAN_POINT('',(0.0268329661056956,-0.00874778425085788,0.149314321978744));
#8388=CARTESIAN_POINT('',(0.0208889873510884,-0.0131617307284145,0.145388750764508));
#8389=CARTESIAN_POINT('',(0.0148548646932944,-0.0177181107999572,0.141533676097024));
#8390=CARTESIAN_POINT('',(0.0100209905222916,-0.0214436127539343,0.138323476849687));
#8391=CARTESIAN_POINT('',(0.00677833495297956,-0.0240148325856875,0.135945299636878));
#8392=CARTESIAN_POINT('',(0.00474447779869241,-0.0257048638732839,0.134199767585009));
#8393=CARTESIAN_POINT('',(0.00330095467246607,-0.0270107014292146,0.132638036380403));
#8394=CARTESIAN_POINT('',(0.00274389576709338,-0.0276640032223413,0.131634240492364));
#8395=CARTESIAN_POINT('',(0.00259414764831995,-0.0279560318722218,0.130998736382123));
#8396=CARTESIAN_POINT('',(0.0384500518930167,-0.00119975827644972,0.16));
#8397=CARTESIAN_POINT('',(0.0384500626044574,-0.00119907430877825,0.159555234506696));
#8398=CARTESIAN_POINT('',(0.0381442537215175,-0.00136367556953498,0.158671408869714));
#8399=CARTESIAN_POINT('',(0.0370096367798745,-0.00208643274921076,0.157086272248433));
#8400=CARTESIAN_POINT('',(0.035234919232649,-0.00328234956095279,0.155231176138009));
#8401=CARTESIAN_POINT('',(0.0322140561553466,-0.00539247841841035,0.152686968294458));
#8402=CARTESIAN_POINT('',(0.02750421235574,-0.00875831705424427,0.149316008451393));
#8403=CARTESIAN_POINT('',(0.0214233551213004,-0.0131772685219591,0.145395245511292));
#8404=CARTESIAN_POINT('',(0.0152498465476808,-0.0177379762142078,0.141545550981336));
#8405=CARTESIAN_POINT('',(0.0103038473830373,-0.0214660206678332,0.138339789678085));
#8406=CARTESIAN_POINT('',(0.00698599888010929,-0.0240385446467021,0.135964228419099));
#8407=CARTESIAN_POINT('',(0.00490543776098385,-0.0257299013809989,0.134219732640483));
#8408=CARTESIAN_POINT('',(0.00342920222785689,-0.0270379832027682,0.132657817657859));
#8409=CARTESIAN_POINT('',(0.00285904682924525,-0.0276944552125563,0.131652682254404));
#8410=CARTESIAN_POINT('',(0.00270522718945107,-0.0279891051763796,0.131013777749041));
#8411=CARTESIAN_POINT('',(0.0390633957812,-0.00120033646494223,0.16));
#8412=CARTESIAN_POINT('',(0.0390634100014342,-0.00119964582129448,0.159555815101966));
#8413=CARTESIAN_POINT('',(0.0387532534000997,-0.00136372090397841,0.158672756408436));
#8414=CARTESIAN_POINT('',(0.0376020012593089,-0.00208624567082401,0.157087982422906));
#8415=CARTESIAN_POINT('',(0.035800986644238,-0.00328265686708639,0.155233215063582));
#8416=CARTESIAN_POINT('',(0.0327350657331851,-0.00539434694947193,0.152689822221174));
#8417=CARTESIAN_POINT('',(0.0279546892636105,-0.00876302810921998,0.149320705962651));
#8418=CARTESIAN_POINT('',(0.0217824968095259,-0.013185676260868,0.14540287377163));
#8419=CARTESIAN_POINT('',(0.0155159969993854,-0.0177498180199532,0.141556442379979));
#8420=CARTESIAN_POINT('',(0.0104954403527419,-0.0214802822543502,0.138353186744384));
#8421=CARTESIAN_POINT('',(0.00712797623684852,-0.0240545646667823,0.135978856328536));
#8422=CARTESIAN_POINT('',(0.00501693491920163,-0.0257477298504639,0.13423462189776));
#8423=CARTESIAN_POINT('',(0.00351957405789892,-0.0270582215828743,0.132672240174836));
#8424=CARTESIAN_POINT('',(0.00294099761637805,-0.0277172672566203,0.131666083873547));
#8425=CARTESIAN_POINT('',(0.0027844955191477,-0.028013836769201,0.13102478334013));
#8426=CARTESIAN_POINT('',(0.0394184870420049,-0.00119940966847161,0.16));
#8427=CARTESIAN_POINT('',(0.0394184959725496,-0.00119873864618929,0.159553808607045));
#8428=CARTESIAN_POINT('',(0.0391053209342328,-0.00136407104442041,0.158668527780227));
#8429=CARTESIAN_POINT('',(0.0379437617830049,-0.00208842812633079,0.157082931051376));
#8430=CARTESIAN_POINT('',(0.0361271249176566,-0.00328644153826536,0.15522837725727));
#8431=CARTESIAN_POINT('',(0.0330351312547898,-0.0053998455572066,0.152686019115537));
#8432=CARTESIAN_POINT('',(0.0282145059044592,-0.00877055055112626,0.149318741664444));
#8433=CARTESIAN_POINT('',(0.0219904770400835,-0.0131953530756601,0.145403435703034));
#8434=CARTESIAN_POINT('',(0.0156711365867725,-0.0177611337705139,0.141559762334958));
#8435=CARTESIAN_POINT('',(0.0106078712198716,-0.0214922714916635,0.138358839416941));
#8436=CARTESIAN_POINT('',(0.00721154119367459,-0.0240665983714663,0.135985994421597));
#8437=CARTESIAN_POINT('',(0.00508236714314423,-0.0257598051192326,0.134242501737206));
#8438=CARTESIAN_POINT('',(0.00357210266641705,-0.0270706976078517,0.132680330828677));
#8439=CARTESIAN_POINT('',(0.00298817209237032,-0.0277307659331777,0.131673801592798));
#8440=CARTESIAN_POINT('',(0.00282997208649471,-0.0280283582344177,0.131031161298547));
#8441=CARTESIAN_POINT('',(0.0397090477241989,-0.00120333754869849,0.16));
#8442=CARTESIAN_POINT('',(0.0397090895226788,-0.00120256101754105,0.159564448508983));
#8443=CARTESIAN_POINT('',(0.0393960394450579,-0.00136083684458726,0.158691398861136));
#8444=CARTESIAN_POINT('',(0.0382296807723608,-0.00207655675150993,0.157110772989183));
#8445=CARTESIAN_POINT('',(0.0364025925423178,-0.00326921157039024,0.155256516467081));
#8446=CARTESIAN_POINT('',(0.0332897088932188,-0.00538017026894349,0.152712345543545));
#8447=CARTESIAN_POINT('',(0.0284339358305137,-0.00875119660475988,0.149342882714969));
#8448=CARTESIAN_POINT('',(0.0221631400746988,-0.0131785100766473,0.145425690118129));
#8449=CARTESIAN_POINT('',(0.0157964478002412,-0.0177482413226169,0.141580042987443));
#8450=CARTESIAN_POINT('',(0.0106968090557653,-0.0214843931757242,0.138376501135932));
#8451=CARTESIAN_POINT('',(0.00727844981993749,-0.0240644845160797,0.136000698029752));
#8452=CARTESIAN_POINT('',(0.00513769696896862,-0.0257636086546097,0.134254557160331));
#8453=CARTESIAN_POINT('',(0.00362096708802602,-0.0270806287404738,0.13268991544417));
#8454=CARTESIAN_POINT('',(0.00303527902572866,-0.027744295917778,0.131681930996012));
#8455=CARTESIAN_POINT('',(0.00287638942781808,-0.0280433709826616,0.131037802680728));
#8456=CARTESIAN_POINT('',(0.0400913094279526,-0.00122382844805355,0.16));
#8457=CARTESIAN_POINT('',(0.0400913888336321,-0.00122295196866645,0.159573191162801));
#8458=CARTESIAN_POINT('',(0.0397781267562181,-0.00137504476489561,0.158709823986104));
#8459=CARTESIAN_POINT('',(0.0386049484791813,-0.00208363471521529,0.157132357661386));
#8460=CARTESIAN_POINT('',(0.0367639955854839,-0.00327196475814019,0.155277796297315));
#8461=CARTESIAN_POINT('',(0.0336243313146374,-0.00538073669192256,0.152732040704732));
#8462=CARTESIAN_POINT('',(0.0287242893777641,-0.00875125231827057,0.149361214191963));
#8463=CARTESIAN_POINT('',(0.0223949885163376,-0.0131792381951658,0.145443342096726));
#8464=CARTESIAN_POINT('',(0.0159688636538987,-0.0177505520405403,0.141597183585177));
#8465=CARTESIAN_POINT('',(0.0108227140022123,-0.021489286468288,0.138392620534611));
#8466=CARTESIAN_POINT('',(0.00737484584968641,-0.0240728670063863,0.136015358149289));
#8467=CARTESIAN_POINT('',(0.00521711065616473,-0.0257758865506664,0.134267772955673));
#8468=CARTESIAN_POINT('',(0.00368940996486837,-0.0270971756455903,0.132701616144462));
#8469=CARTESIAN_POINT('',(0.00309965939681367,-0.0277637638183199,0.131692506961345));
#8470=CARTESIAN_POINT('',(0.00293934828669603,-0.0280644037120137,0.131046627717433));
#8471=CARTESIAN_POINT('',(0.0406818268332869,-0.00128606491879492,0.16));
#8472=CARTESIAN_POINT('',(0.0406819932790463,-0.00128498575906936,0.15958909275076));
#8473=CARTESIAN_POINT('',(0.0403702105085879,-0.00142553464031582,0.158742748670077));
#8474=CARTESIAN_POINT('',(0.0391888707652158,-0.00212119552585753,0.157169866676677));
#8475=CARTESIAN_POINT('',(0.0373282832816609,-0.00330137134576522,0.155314074950188));
#8476=CARTESIAN_POINT('',(0.034148675738751,-0.00540486191748876,0.152765064292544));
#8477=CARTESIAN_POINT('',(0.029181414568507,-0.00877159817559286,0.14939149262811));
#8478=CARTESIAN_POINT('',(0.0227627437864503,-0.013196663921836,0.145472093140047));
#8479=CARTESIAN_POINT('',(0.0162457692394207,-0.0177665060082618,0.141624806604963));
#8480=CARTESIAN_POINT('',(0.0110286596076685,-0.0215063563749874,0.138418506979672));
#8481=CARTESIAN_POINT('',(0.00753584657205166,-0.0240935915626561,0.136039038708378));
#8482=CARTESIAN_POINT('',(0.00535217090484843,-0.0258015623353257,0.134289405519861));
#8483=CARTESIAN_POINT('',(0.00380753340955952,-0.0271286236046902,0.132721155078459));
#8484=CARTESIAN_POINT('',(0.00321126513701854,-0.02779938594976,0.131710487781856));
#8485=CARTESIAN_POINT('',(0.00304860653789884,-0.0281024216427877,0.131061873561461));
#8486=CARTESIAN_POINT('',(0.0414008609346251,-0.00141765553598239,0.16));
#8487=CARTESIAN_POINT('',(0.0414011787083616,-0.00141629419736392,0.159607074171614));
#8488=CARTESIAN_POINT('',(0.041093432479833,-0.00154324026571816,0.158778618092896));
#8489=CARTESIAN_POINT('',(0.0399046894681737,-0.00222473316679318,0.157208425381298));
#8490=CARTESIAN_POINT('',(0.0380222117917307,-0.00339541626795963,0.155350060574583));
#8491=CARTESIAN_POINT('',(0.0347962625306475,-0.00549055713291218,0.15279717364822));
#8492=CARTESIAN_POINT('',(0.029750317456458,-0.00884746587171975,0.149421021346107));
#8493=CARTESIAN_POINT('',(0.0232267787810643,-0.0132609475680956,0.145500839751496));
#8494=CARTESIAN_POINT('',(0.0166029495415267,-0.0178201724703792,0.141653552907889));
#8495=CARTESIAN_POINT('',(0.011301825874785,-0.0215536750329119,0.138446860548511));
#8496=CARTESIAN_POINT('',(0.00775490393931763,-0.0241393380545937,0.136066534009789));
#8497=CARTESIAN_POINT('',(0.00553897394051392,-0.0258486906551058,0.134316031647571));
#8498=CARTESIAN_POINT('',(0.00397225057710285,-0.0271787832053411,0.132746709306712));
#8499=CARTESIAN_POINT('',(0.00336666829186478,-0.0278528947277887,0.131734930724955));
#8500=CARTESIAN_POINT('',(0.00320061647053981,-0.0281585503859183,0.131083088545671));
#8501=CARTESIAN_POINT('',(0.0424768781935239,-0.00172582365074034,0.16));
#8502=CARTESIAN_POINT('',(0.0424775488924314,-0.00172395599897354,0.159633412555233));
#8503=CARTESIAN_POINT('',(0.0421805670343159,-0.00183129493172725,0.15882890392093));
#8504=CARTESIAN_POINT('',(0.0409854014513995,-0.00249360000886598,0.157259675909196));
#8505=CARTESIAN_POINT('',(0.0390738276015571,-0.00364948972508716,0.155396766207878));
#8506=CARTESIAN_POINT('',(0.0357828114948266,-0.00572707890253345,0.152838713330898));
#8507=CARTESIAN_POINT('',(0.0306251260995237,-0.00905836927090999,0.14945999599257));
#8508=CARTESIAN_POINT('',(0.0239521809048288,-0.0134388189094725,0.145540177135265));
#8509=CARTESIAN_POINT('',(0.0171757784862158,-0.0179654132192751,0.141694656783836));
#8510=CARTESIAN_POINT('',(0.011754122068826,-0.0216753121020544,0.138489422938289));
#8511=CARTESIAN_POINT('',(0.00812870313775669,-0.0242483137523143,0.136109887988071));
#8512=CARTESIAN_POINT('',(0.00586497035423481,-0.0259524511387579,0.13435995290718));
#8513=CARTESIAN_POINT('',(0.00426443040109559,-0.0272812798747761,0.132790813740449));
#8514=CARTESIAN_POINT('',(0.00364345130503162,-0.0279580511818905,0.131778467785574));
#8515=CARTESIAN_POINT('',(0.00347153493908661,-0.0282673009080047,0.131121812365804));
#8516=CARTESIAN_POINT('',(0.0436487882893669,-0.0022541914444499,0.16));
#8517=CARTESIAN_POINT('',(0.0436501091080821,-0.00225168876321015,0.159660109479121));
#8518=CARTESIAN_POINT('',(0.0433720711573448,-0.00234171434831594,0.15887654710822));
#8519=CARTESIAN_POINT('',(0.0421761765461447,-0.00298776549317419,0.157305282830075));
#8520=CARTESIAN_POINT('',(0.0402385432305445,-0.00412640495772987,0.155437916481658));
#8521=CARTESIAN_POINT('',(0.0368845009126844,-0.00617593020887746,0.152876452940053));
#8522=CARTESIAN_POINT('',(0.0316171321429661,-0.00946089458255925,0.149497844039577));
#8523=CARTESIAN_POINT('',(0.0247969645252678,-0.0137793500390336,0.145581468065234));
#8524=CARTESIAN_POINT('',(0.0178697337760882,-0.0182427985695946,0.141741071215567));
#8525=CARTESIAN_POINT('',(0.0123280850408328,-0.0219037775356981,0.138540802581796));
#8526=CARTESIAN_POINT('',(0.00862331082607325,-0.0244461710138638,0.136165357898747));
#8527=CARTESIAN_POINT('',(0.00630981412201509,-0.0261329472661844,0.13441891158259));
#8528=CARTESIAN_POINT('',(0.00467242573188903,-0.027451250896564,0.132852746228732));
#8529=CARTESIAN_POINT('',(0.00403261684261143,-0.0281272416919565,0.131841575082708));
#8530=CARTESIAN_POINT('',(0.00385290663703129,-0.0284399990354044,0.131179520188888));
#8531=CARTESIAN_POINT('',(0.0445269086881651,-0.00283723694539628,0.16));
#8532=CARTESIAN_POINT('',(0.04452896714336,-0.002834334613581,0.15967832956082));
#8533=CARTESIAN_POINT('',(0.0442699822394461,-0.00291755018550353,0.158907696893533));
#8534=CARTESIAN_POINT('',(0.0430786959082178,-0.0035556148389164,0.157335700653026));
#8535=CARTESIAN_POINT('',(0.041128327530355,-0.0046802501208229,0.155467559066473));
#8536=CARTESIAN_POINT('',(0.0377383820938413,-0.00670187646309131,0.152907063978421));
#8537=CARTESIAN_POINT('',(0.0324067967108622,-0.00993875443504046,0.149532546711597));
#8538=CARTESIAN_POINT('',(0.0254996231715877,-0.0141922062256539,0.145622895607798));
#8539=CARTESIAN_POINT('',(0.0184828147362888,-0.0185887994162055,0.141790327761582));
#8540=CARTESIAN_POINT('',(0.012869446369081,-0.0221968760317181,0.138597388878149));
#8541=CARTESIAN_POINT('',(0.0091165101658312,-0.0247047290730547,0.136228067047901));
#8542=CARTESIAN_POINT('',(0.00677161941818645,-0.0263704620161621,0.134486845704427));
#8543=CARTESIAN_POINT('',(0.0051092384179452,-0.0276744810036169,0.132925388537622));
#8544=CARTESIAN_POINT('',(0.00445369731620903,-0.0283471105811544,0.1319167942036));
#8545=CARTESIAN_POINT('',(0.00426629341121375,-0.028662493498553,0.131249957070513));
#8546=CARTESIAN_POINT('',(0.0450442047942977,-0.00324914041377986,0.16));
#8547=CARTESIAN_POINT('',(0.0450467553155235,-0.00324607693445083,0.159688611856448));
#8548=CARTESIAN_POINT('',(0.0448002391009338,-0.00332783750132912,0.158925533686973));
#8549=CARTESIAN_POINT('',(0.043614501616598,-0.00396316215183471,0.15735470692542));
#8550=CARTESIAN_POINT('',(0.0416611959361732,-0.00508045372992519,0.155488114686073));
#8551=CARTESIAN_POINT('',(0.0382580804249254,-0.0070859102687818,0.15293075062465));
#8552=CARTESIAN_POINT('',(0.0329013951059423,-0.0102944041891568,0.149561702059929));
#8553=CARTESIAN_POINT('',(0.0259597053393918,-0.0145095734244927,0.145659266171937));
#8554=CARTESIAN_POINT('',(0.0189074182014135,-0.0188672278968665,0.141834314490477));
#8555=CARTESIAN_POINT('',(0.0132657290550105,-0.0224448263883706,0.13864816255265));
#8556=CARTESIAN_POINT('',(0.00949349806084774,-0.0249327370508014,0.136284321924827));
#8557=CARTESIAN_POINT('',(0.0071352167066427,-0.0265860012963899,0.134547631451656));
#8558=CARTESIAN_POINT('',(0.00546080956717896,-0.0278811231181575,0.132990190035613));
#8559=CARTESIAN_POINT('',(0.00479525542772376,-0.0285511999979681,0.131983889653066));
#8560=CARTESIAN_POINT('',(0.00460204562744717,-0.0288684045899368,0.13131346359114));
#8561=CARTESIAN_POINT('',(0.0453395662898222,-0.00350988704244166,0.16));
#8562=CARTESIAN_POINT('',(0.045342410088014,-0.00350676340926269,0.15969443615217));
#8563=CARTESIAN_POINT('',(0.0451032474220941,-0.00358841816631804,0.158936003464486));
#8564=CARTESIAN_POINT('',(0.0439219920649601,-0.00422275615983685,0.157367021513465));
#8565=CARTESIAN_POINT('',(0.0419695281109945,-0.00533647486493267,0.1555026239041));
#8566=CARTESIAN_POINT('',(0.0385636931843042,-0.00733393457290941,0.152948671983282));
#8567=CARTESIAN_POINT('',(0.0332006964961754,-0.0105287106569586,0.149584703890611));
#8568=CARTESIAN_POINT('',(0.0262501233853995,-0.0147259018893492,0.14568850316338));
#8569=CARTESIAN_POINT('',(0.0191889595935506,-0.0190659297936773,0.141869848106403));
#8570=CARTESIAN_POINT('',(0.013540382455647,-0.0226302228088702,0.138689141629961));
#8571=CARTESIAN_POINT('',(0.0097632413121818,-0.0251095178322817,0.136329578665022));
#8572=CARTESIAN_POINT('',(0.00740080234449855,-0.0267572071350431,0.134596319586215));
#8573=CARTESIAN_POINT('',(0.00572144774024966,-0.0280480689696313,0.13304184443644));
#8574=CARTESIAN_POINT('',(0.00504981832199697,-0.0287167175129236,0.13203723293804));
#8575=CARTESIAN_POINT('',(0.00485252009317833,-0.0290352064189249,0.131364216533773));
#8576=CARTESIAN_POINT('',(0.0455459453547252,-0.00370703645810329,0.16));
#8577=CARTESIAN_POINT('',(0.0455490083024847,-0.00370388885027252,0.159698898455999));
#8578=CARTESIAN_POINT('',(0.0453155392870284,-0.00378600292672662,0.158944495772113));
#8579=CARTESIAN_POINT('',(0.0441392405324032,-0.00442053652016879,0.157378264729522));
#8580=CARTESIAN_POINT('',(0.042190340300015,-0.00553296382241835,0.155517052330284));
#8581=CARTESIAN_POINT('',(0.0387879062217858,-0.00752696700238564,0.15296761156222));
#8582=CARTESIAN_POINT('',(0.0334294237354472,-0.010716294746665,0.149609699902787));
#8583=CARTESIAN_POINT('',(0.0264855238677704,-0.0149083816091767,0.145720382849616));
#8584=CARTESIAN_POINT('',(0.0194325928151645,-0.0192460210037534,0.141908456521908));
#8585=CARTESIAN_POINT('',(0.0137912685630745,-0.0228100181033873,0.138733500478957));
#8586=CARTESIAN_POINT('',(0.0100186953325114,-0.0252894355353051,0.136378340245948));
#8587=CARTESIAN_POINT('',(0.00765797317248966,-0.0269368479041564,0.134648477066635));
#8588=CARTESIAN_POINT('',(0.0059777869951008,-0.0282269540293438,0.133096818274238));
#8589=CARTESIAN_POINT('',(0.00530161480959001,-0.028895061828,0.13209375066546));
#8590=CARTESIAN_POINT('',(0.00510055390280294,-0.0292148163060469,0.131418216585668));
#8591=CARTESIAN_POINT('',(0.0456873067715094,-0.00384907810400626,0.16));
#8592=CARTESIAN_POINT('',(0.0456904526249761,-0.00384596555817512,0.15970210843855));
#8593=CARTESIAN_POINT('',(0.0454554337080259,-0.00392303482579857,0.158952651568281));
#8594=CARTESIAN_POINT('',(0.0442779155106452,-0.00454802544411302,0.157392722236336));
#8595=CARTESIAN_POINT('',(0.0423314946872272,-0.00565294825926977,0.155537287922917));
#8596=CARTESIAN_POINT('',(0.0389396487997524,-0.00764529919623184,0.152994176534092));
#8597=CARTESIAN_POINT('',(0.0336054888840278,-0.0108461577271292,0.149643773931976));
#8598=CARTESIAN_POINT('',(0.0266988926906917,-0.0150643634882546,0.145763545234291));
#8599=CARTESIAN_POINT('',(0.0196858169109489,-0.0194328420423744,0.141961195999222));
#8600=CARTESIAN_POINT('',(0.0140761195781243,-0.023021836408694,0.138794389760196));
#8601=CARTESIAN_POINT('',(0.0103236696363284,-0.0255172463310087,0.136445167191064));
#8602=CARTESIAN_POINT('',(0.00797377709692903,-0.0271736037033617,0.134719585714771));
#8603=CARTESIAN_POINT('',(0.00629850055267878,-0.0284688657058013,0.133171231619618));
#8604=CARTESIAN_POINT('',(0.0056187692062287,-0.0291380042956786,0.132169799846566));
#8605=CARTESIAN_POINT('',(0.0054134456672947,-0.0294594824148711,0.131491084033192));
#8606=CARTESIAN_POINT('',(0.0458268878159921,-0.003988325840354,0.16));
#8607=CARTESIAN_POINT('',(0.0458300087157795,-0.00398529522297867,0.159704826986247));
#8608=CARTESIAN_POINT('',(0.0455893976121181,-0.00405524691593297,0.158961808701904));
#8609=CARTESIAN_POINT('',(0.0444119718629904,-0.00467201576007416,0.157411365332157));
#8610=CARTESIAN_POINT('',(0.0424763386955621,-0.00577849738366241,0.155564192513927));
#8611=CARTESIAN_POINT('',(0.0391131640485759,-0.00779059419237331,0.15303089353057));
#8612=CARTESIAN_POINT('',(0.0338300886096983,-0.011034783530558,0.149694338157021));
#8613=CARTESIAN_POINT('',(0.0269903469219059,-0.0153117285018736,0.145831568877867));
#8614=CARTESIAN_POINT('',(0.0200436954026844,-0.0197379575560666,0.142046418920436));
#8615=CARTESIAN_POINT('',(0.0144854811450713,-0.0233710825978459,0.13889327019749));
#8616=CARTESIAN_POINT('',(0.0107654936393549,-0.025893982715988,0.136553443513147));
#8617=CARTESIAN_POINT('',(0.00843302567615335,-0.0275652359488181,0.13483426075387));
#8618=CARTESIAN_POINT('',(0.00676574392098834,-0.028868399147547,0.133290588111802));
#8619=CARTESIAN_POINT('',(0.00608073447338746,-0.0295376704578192,0.132291285107206));
#8620=CARTESIAN_POINT('',(0.00586891273764768,-0.0298604528962752,0.131608223226538));
#8621=CARTESIAN_POINT('',(0.0459536728065393,-0.0041152169284583,0.16));
#8622=CARTESIAN_POINT('',(0.0459568971301724,-0.00411227065388714,0.159710567944073));
#8623=CARTESIAN_POINT('',(0.0457133283079073,-0.00417582855418372,0.158977087612333));
#8624=CARTESIAN_POINT('',(0.0445404408251248,-0.00479042984094798,0.157437624313261));
#8625=CARTESIAN_POINT('',(0.042621712198364,-0.00590954630974824,0.155600463108176));
#8626=CARTESIAN_POINT('',(0.0392960933103462,-0.00796007795823162,0.15308109992042));
#8627=CARTESIAN_POINT('',(0.034076632128249,-0.0112749524871857,0.149765619407439));
#8628=CARTESIAN_POINT('',(0.027320513736145,-0.0156464518899912,0.14592904273993));
#8629=CARTESIAN_POINT('',(0.0204583993056537,-0.020168349674477,0.142169358693826));
#8630=CARTESIAN_POINT('',(0.0149664709694767,-0.0238762846110314,0.1390360998823));
#8631=CARTESIAN_POINT('',(0.0112887040492686,-0.0264466985809417,0.136709483610246));
#8632=CARTESIAN_POINT('',(0.00897935440765909,-0.028144263483921,0.134998673383102));
#8633=CARTESIAN_POINT('',(0.00732342876842835,-0.0294616363848907,0.133460575054363));
#8634=CARTESIAN_POINT('',(0.0066331235972601,-0.0301300766936633,0.132463066496799));
#8635=CARTESIAN_POINT('',(0.00641384423740021,-0.0304519610653663,0.131775622323951));
#8636=CARTESIAN_POINT('',(0.0460601058932536,-0.00422163169982263,0.16));
#8637=CARTESIAN_POINT('',(0.046063417331788,-0.00421851474216567,0.159715445032078));
#8638=CARTESIAN_POINT('',(0.0458285464065193,-0.00428949242632783,0.158987317878881));
#8639=CARTESIAN_POINT('',(0.0446685862084324,-0.00492419433472818,0.157455437121271));
#8640=CARTESIAN_POINT('',(0.0427628282380993,-0.00606490579579786,0.155628549039358));
#8641=CARTESIAN_POINT('',(0.0394555000959207,-0.00814380447732387,0.153122615967617));
#8642=CARTESIAN_POINT('',(0.0342660537161961,-0.0115028523886411,0.149823733384184));
#8643=CARTESIAN_POINT('',(0.0275521427322094,-0.0159365528271336,0.14600649972503));
#8644=CARTESIAN_POINT('',(0.0207346885303332,-0.0205246859203291,0.142265720651529));
#8645=CARTESIAN_POINT('',(0.0152784334051778,-0.0242856753114617,0.139147229929531));
#8646=CARTESIAN_POINT('',(0.0116234331472599,-0.0268900424945551,0.136830250232516));
#8647=CARTESIAN_POINT('',(0.00932634667825266,-0.0286062067325005,0.135125215017157));
#8648=CARTESIAN_POINT('',(0.00767605874915955,-0.0299330115707601,0.13359063266195));
#8649=CARTESIAN_POINT('',(0.00698219919388927,-0.0305991171014166,0.132593606238473));
#8650=CARTESIAN_POINT('',(0.00675849378836702,-0.0309183239625896,0.131903985933952));
#8651=CARTESIAN_POINT('',(0.0461496454297542,-0.00431116402758252,0.16));
#8652=CARTESIAN_POINT('',(0.0461530097102116,-0.00430792626564147,0.159718559836348));
#8653=CARTESIAN_POINT('',(0.0459247842239471,-0.0043847903862766,0.158993536543078));
#8654=CARTESIAN_POINT('',(0.0447747841740952,-0.00503598422442168,0.15746591257899));
#8655=CARTESIAN_POINT('',(0.0428779853880704,-0.00619465616208948,0.155645698332211));
#8656=CARTESIAN_POINT('',(0.0395797602703555,-0.00829373500942095,0.153149434601363));
#8657=CARTESIAN_POINT('',(0.0344013295628936,-0.0116766802365613,0.149861937676875));
#8658=CARTESIAN_POINT('',(0.0277021019978646,-0.0161404874316234,0.146056368334171));
#8659=CARTESIAN_POINT('',(0.0209008174648079,-0.0207608897192064,0.142326329212862));
#8660=CARTESIAN_POINT('',(0.0154577742069299,-0.024548093404649,0.13921611941499));
#8661=CARTESIAN_POINT('',(0.0118111245365712,-0.0271691947672322,0.13690449245365));
#8662=CARTESIAN_POINT('',(0.00951821638085115,-0.0288942058846682,0.135202576155219));
#8663=CARTESIAN_POINT('',(0.0078692513613021,-0.0302248835870967,0.133669783350074));
#8664=CARTESIAN_POINT('',(0.00717288827060232,-0.0308885460735738,0.132672749069352));
#8665=CARTESIAN_POINT('',(0.00694675780130729,-0.031205470900363,0.13198208826237));
#8666=CARTESIAN_POINT('',(0.0461911155862853,-0.00435265003590558,0.16));
#8667=CARTESIAN_POINT('',(0.0461945048065164,-0.00434936515210796,0.159719842392869));
#8668=CARTESIAN_POINT('',(0.0459690746174019,-0.00442867686501518,0.158996054490804));
#8669=CARTESIAN_POINT('',(0.0448232922736154,-0.00508687171820808,0.15747000483852));
#8670=CARTESIAN_POINT('',(0.0429303200484654,-0.00625343479677252,0.155652359047645));
#8671=CARTESIAN_POINT('',(0.0396357410372086,-0.00836150316159566,0.153160069005275));
#8672=CARTESIAN_POINT('',(0.0344608354395697,-0.0117541843245164,0.149877472283792));
#8673=CARTESIAN_POINT('',(0.0277654874292534,-0.0162287333051549,0.146076775442682));
#8674=CARTESIAN_POINT('',(0.0209682988497576,-0.0208599922389281,0.142350951448181));
#8675=CARTESIAN_POINT('',(0.0155285777020999,-0.0246558607062892,0.139243871370016));
#8676=CARTESIAN_POINT('',(0.0118839535773764,-0.0272823911900508,0.136934222991962));
#8677=CARTESIAN_POINT('',(0.00959191308848322,-0.0290101314703881,0.135233432590724));
#8678=CARTESIAN_POINT('',(0.00794294403505777,-0.0303417680794383,0.133701258913101));
#8679=CARTESIAN_POINT('',(0.0072454589569821,-0.0310042027822118,0.132704167165715));
#8680=CARTESIAN_POINT('',(0.00701839023702375,-0.0313201107460517,0.132013134212131));
#8681=CARTESIAN_POINT('',(0.0462261079236858,-0.00438760930154885,0.16));
#8682=CARTESIAN_POINT('',(0.046229509158369,-0.00438428532155987,0.159720750294572));
#8683=CARTESIAN_POINT('',(0.0460061429307203,-0.00446551915051448,0.158997843392036));
#8684=CARTESIAN_POINT('',(0.0448635102204198,-0.00512921993762955,0.15747301088554));
#8685=CARTESIAN_POINT('',(0.0429732798131032,-0.00630189891530137,0.155657413929247));
#8686=CARTESIAN_POINT('',(0.0396809839700956,-0.00841660330051139,0.153168320637953));
#8687=CARTESIAN_POINT('',(0.034507800743422,-0.0118158928426412,0.149889550087556));
#8688=CARTESIAN_POINT('',(0.0278142410695582,-0.0162975398204347,0.146092459402475));
#8689=CARTESIAN_POINT('',(0.0210191793572822,-0.0209362429181362,0.142369700783346));
#8690=CARTESIAN_POINT('',(0.0155812930123035,-0.0247382156522693,0.139264920538676));
#8691=CARTESIAN_POINT('',(0.0119377858302467,-0.0273686087342014,0.136956739890237));
#8692=CARTESIAN_POINT('',(0.00964616164297957,-0.0290982744883435,0.135256785628696));
#8693=CARTESIAN_POINT('',(0.00799703803714863,-0.0304305338573697,0.133725067636348));
#8694=CARTESIAN_POINT('',(0.00729867755619152,-0.031091974335329,0.132727915758983));
#8695=CARTESIAN_POINT('',(0.00707091475509261,-0.0314070645826158,0.132036619926076));
#8696=CARTESIAN_POINT('',(0.0462631220002894,-0.00442477430645362,0.16));
#8697=CARTESIAN_POINT('',(0.0462665935794605,-0.00442137445081806,0.15972230336973));
#8698=CARTESIAN_POINT('',(0.0460507656987996,-0.00450926768235757,0.158999879065381));
#8699=CARTESIAN_POINT('',(0.0449192212943267,-0.00518909516582561,0.157475017821505));
#8700=CARTESIAN_POINT('',(0.0430385725025396,-0.00637871074099766,0.155661356842831));
#8701=CARTESIAN_POINT('',(0.0397536920994142,-0.00850989833773273,0.153176919491931));
#8702=CARTESIAN_POINT('',(0.0345828222974978,-0.0119194705212412,0.149904633836634));
#8703=CARTESIAN_POINT('',(0.0278859839705721,-0.0164025130837225,0.146112776200728));
#8704=CARTESIAN_POINT('',(0.0210855800343748,-0.0210380754761992,0.142392661180435));
#8705=CARTESIAN_POINT('',(0.0156430532185873,-0.0248364505971782,0.139288900243913));
#8706=CARTESIAN_POINT('',(0.0119961775230429,-0.0274638187847746,0.136980990561124));
#8707=CARTESIAN_POINT('',(0.00970205300525198,-0.029190855763225,0.135280982071463));
#8708=CARTESIAN_POINT('',(0.00805059204732861,-0.0305202725415151,0.133748999646613));
#8709=CARTESIAN_POINT('',(0.00735039451902479,-0.0311791387994225,0.132751441508754));
#8710=CARTESIAN_POINT('',(0.00712166106516747,-0.031492938184668,0.132059785633986));
#8711=CARTESIAN_POINT('',(0.0463578367119492,-0.00452131134098388,0.16));
#8712=CARTESIAN_POINT('',(0.0463614319101002,-0.00451787700169083,0.159724844161845));
#8713=CARTESIAN_POINT('',(0.0461509515239723,-0.00460938985126501,0.159004440573955));
#8714=CARTESIAN_POINT('',(0.0450261054456563,-0.00529896170077277,0.157480769679879));
#8715=CARTESIAN_POINT('',(0.0431515482483809,-0.00650053413624372,0.155669204900091));
#8716=CARTESIAN_POINT('',(0.0398726516359691,-0.00864757931390202,0.153188930598709));
#8717=CARTESIAN_POINT('',(0.034705629817724,-0.0120745798311731,0.149923941186661));
#8718=CARTESIAN_POINT('',(0.0280070110493669,-0.0165696541159236,0.146141037684975));
#8719=CARTESIAN_POINT('',(0.0211995834672368,-0.0212082524898285,0.142427864563221));
#8720=CARTESIAN_POINT('',(0.0157489695843935,-0.0250042681043463,0.139327838238037));
#8721=CARTESIAN_POINT('',(0.012095503648266,-0.0276276760073679,0.137021523603708));
#8722=CARTESIAN_POINT('',(0.00979638050545211,-0.0293505305479754,0.135322042683489));
#8723=CARTESIAN_POINT('',(0.00814038351920774,-0.0306751677262026,0.133790032520561));
#8724=CARTESIAN_POINT('',(0.00743689441381739,-0.0313296644321,0.132791971580399));
#8725=CARTESIAN_POINT('',(0.00720648065438354,-0.0316412766637951,0.132099761161686));
#8726=CARTESIAN_POINT('',(0.0465570274611247,-0.0047326861154549,0.16));
#8727=CARTESIAN_POINT('',(0.0465608728444218,-0.00472923300679342,0.159728992995027));
#8728=CARTESIAN_POINT('',(0.046358261494636,-0.00482550549774333,0.159011739768186));
#8729=CARTESIAN_POINT('',(0.0452396782319397,-0.00552477627243809,0.157489754956573));
#8730=CARTESIAN_POINT('',(0.0433679379719456,-0.00673610599282413,0.155681010842877));
#8731=CARTESIAN_POINT('',(0.0400880146400617,-0.00889382408721982,0.153205769694536));
#8732=CARTESIAN_POINT('',(0.0349145428269393,-0.0123311611921081,0.149948849868824));
#8733=CARTESIAN_POINT('',(0.0282026058106001,-0.0168324786243861,0.146176546874103));
#8734=CARTESIAN_POINT('',(0.0213760037341821,-0.0214685842714425,0.142473632733154));
#8735=CARTESIAN_POINT('',(0.0159054694498287,-0.0252546913325389,0.139380294384077));
#8736=CARTESIAN_POINT('',(0.0122359974300678,-0.0278664007395397,0.137077095443079));
#8737=CARTESIAN_POINT('',(0.00992518673677154,-0.0295786045633357,0.135378724141845));
#8738=CARTESIAN_POINT('',(0.008259353554011,-0.0308926485790342,0.133846844951474));
#8739=CARTESIAN_POINT('',(0.00754992190139641,-0.0315393000495321,0.132848152316162));
#8740=CARTESIAN_POINT('',(0.00731682515157912,-0.031847385962126,0.132155200225308));
#8741=CARTESIAN_POINT('',(0.0469782884507129,-0.00522487124323913,0.16));
#8742=CARTESIAN_POINT('',(0.0469826104909941,-0.00522151131772213,0.159735411569553));
#8743=CARTESIAN_POINT('',(0.0467911451790387,-0.00532479606935575,0.159023201513407));
#8744=CARTESIAN_POINT('',(0.0456758981315157,-0.00603100955592246,0.157504128166683));
#8745=CARTESIAN_POINT('',(0.0437989262681394,-0.00724436622875655,0.155699479952398));
#8746=CARTESIAN_POINT('',(0.0405024229834955,-0.00939794578453321,0.153230905564835));
#8747=CARTESIAN_POINT('',(0.035298199105003,-0.0128229473093861,0.149984342306264));
#8748=CARTESIAN_POINT('',(0.0285429202866144,-0.0173034410841704,0.146225719079843));
#8749=CARTESIAN_POINT('',(0.0216682234915603,-0.021912171276149,0.142537446708026));
#8750=CARTESIAN_POINT('',(0.016154125905771,-0.025667893593879,0.139455787425354));
#8751=CARTESIAN_POINT('',(0.0124512590849044,-0.0282514641803933,0.137159404523795));
#8752=CARTESIAN_POINT('',(0.0101166301665051,-0.0299401746129843,0.135464254422259));
#8753=CARTESIAN_POINT('',(0.00843138341880032,-0.0312323037246811,0.133933738707596));
#8754=CARTESIAN_POINT('',(0.00771122818952949,-0.031864458212483,0.132934674912988));
#8755=CARTESIAN_POINT('',(0.00747360375514085,-0.0321664737409581,0.132240782042876));
#8756=CARTESIAN_POINT('',(0.0476129489409405,-0.00611226523561608,0.16));
#8757=CARTESIAN_POINT('',(0.0476178957845123,-0.00610931848455827,0.159741251256973));
#8758=CARTESIAN_POINT('',(0.047439683324049,-0.00622587572764509,0.159034027346936));
#8759=CARTESIAN_POINT('',(0.0463237680348867,-0.00693496898982092,0.157518962615109));
#8760=CARTESIAN_POINT('',(0.0444316581512178,-0.00813594218958952,0.155719455617093));
#8761=CARTESIAN_POINT('',(0.0410990315273207,-0.0102550392566114,0.153258528110669));
#8762=CARTESIAN_POINT('',(0.0358324734705505,-0.0136175478531989,0.150022916413431));
#8763=CARTESIAN_POINT('',(0.0289939537534536,-0.0180128644305718,0.146278045082088));
#8764=CARTESIAN_POINT('',(0.0220337388642008,-0.02253277013402,0.142604743034112));
#8765=CARTESIAN_POINT('',(0.016449314726104,-0.0262133436138342,0.139536755276921));
#8766=CARTESIAN_POINT('',(0.0126963683404497,-0.0287404220277489,0.137250370587236));
#8767=CARTESIAN_POINT('',(0.0103274754667783,-0.0303874259921432,0.135561428120381));
#8768=CARTESIAN_POINT('',(0.0086151514813737,-0.0316436684412166,0.13403493488331));
#8769=CARTESIAN_POINT('',(0.007880957288592,-0.0322546916360067,0.133036931954607));
#8770=CARTESIAN_POINT('',(0.0076376446365191,-0.0325484202069824,0.132342512267));
#8771=CARTESIAN_POINT('',(0.0481798939830233,-0.00728518002050818,0.16));
#8772=CARTESIAN_POINT('',(0.048185019222341,-0.00728309520852756,0.159739724830018));
#8773=CARTESIAN_POINT('',(0.0480123496479188,-0.00741968315215274,0.159034241734517));
#8774=CARTESIAN_POINT('',(0.0468927081782248,-0.00812708424669296,0.157525574460477));
#8775=CARTESIAN_POINT('',(0.0449849365962103,-0.00930187198615705,0.155732630158591));
#8776=CARTESIAN_POINT('',(0.0416177353488352,-0.0113586449335496,0.153279779776072));
#8777=CARTESIAN_POINT('',(0.0362920755234858,-0.01461305748136,0.150054150668561));
#8778=CARTESIAN_POINT('',(0.0293748199428748,-0.018863197806278,0.146320931274724));
#8779=CARTESIAN_POINT('',(0.0223345037435101,-0.0232338504415913,0.142660055215402));
#8780=CARTESIAN_POINT('',(0.0166865392583727,-0.0267940442331196,0.139603967207477));
#8781=CARTESIAN_POINT('',(0.0128910945526896,-0.029238734614522,0.137327689538695));
#8782=CARTESIAN_POINT('',(0.0104949048191763,-0.0308312632862208,0.135646727685776));
#8783=CARTESIAN_POINT('',(0.00876197966848254,-0.0320449808045832,0.134127232898695));
#8784=CARTESIAN_POINT('',(0.00801738610499298,-0.0326338508676938,0.133132873437688));
#8785=CARTESIAN_POINT('',(0.0077697019186372,-0.0329190147405434,0.132439393790224));
#8786=CARTESIAN_POINT('',(0.0485051602518777,-0.00830142313240467,0.16));
#8787=CARTESIAN_POINT('',(0.0485100245819823,-0.0083000895321998,0.15973333148647));
#8788=CARTESIAN_POINT('',(0.0483347559253335,-0.00845380892577028,0.159026762907187));
#8789=CARTESIAN_POINT('',(0.0472113859271115,-0.00915862011482421,0.157525008164337));
#8790=CARTESIAN_POINT('',(0.0452948660361613,-0.0103089048381642,0.15573870371332));
#8791=CARTESIAN_POINT('',(0.0419093779816006,-0.0123085746932518,0.153293275671409));
#8792=CARTESIAN_POINT('',(0.0365522193258493,-0.0154644654851423,0.150075866955845));
#8793=CARTESIAN_POINT('',(0.0295927816819936,-0.0195824502025726,0.146351581307317));
#8794=CARTESIAN_POINT('',(0.0225096091663727,-0.0238172904204833,0.142699974246764));
#8795=CARTESIAN_POINT('',(0.016828165703391,-0.0272686271991742,0.139652866250383));
#8796=CARTESIAN_POINT('',(0.0130111568726732,-0.0296404485547814,0.137384614269063));
#8797=CARTESIAN_POINT('',(0.0106018414486366,-0.0311867390893834,0.135710580693361));
#8798=CARTESIAN_POINT('',(0.00885946061197129,-0.0323660903797259,0.134197862560964));
#8799=CARTESIAN_POINT('',(0.00811005098467952,-0.0329381686740161,0.133207584951263));
#8800=CARTESIAN_POINT('',(0.0078601776515999,-0.0332166318343453,0.132515824545052));
#8801=CARTESIAN_POINT('',(0.0486768604765039,-0.0090727284580079,0.16));
#8802=CARTESIAN_POINT('',(0.0486813669426283,-0.00907191687617679,0.159726342010531));
#8803=CARTESIAN_POINT('',(0.048500875843675,-0.00923783154808153,0.15901770580329));
#8804=CARTESIAN_POINT('',(0.0473744027021981,-0.00994025429538986,0.157521860112263));
#8805=CARTESIAN_POINT('',(0.045453545106727,-0.0110716572776554,0.155741217753619));
#8806=CARTESIAN_POINT('',(0.0420597719282506,-0.013027711021229,0.153301925125219));
#8807=CARTESIAN_POINT('',(0.0366881813626144,-0.0161084377773563,0.150090993797009));
#8808=CARTESIAN_POINT('',(0.0297092501981672,-0.0201255819756182,0.146373469898336));
#8809=CARTESIAN_POINT('',(0.0226063180145293,-0.024256775461921,0.142728707878684));
#8810=CARTESIAN_POINT('',(0.0169097915133663,-0.0276252851776499,0.139688215123953));
#8811=CARTESIAN_POINT('',(0.0130835734845221,-0.0299422244164774,0.137426002966944));
#8812=CARTESIAN_POINT('',(0.0106690603316809,-0.0314543192570598,0.135757362642636));
#8813=CARTESIAN_POINT('',(0.00892316577592748,-0.0326087928339043,0.134250113987873));
#8814=CARTESIAN_POINT('',(0.0081718735845959,-0.033168996593557,0.133263244728032));
#8815=CARTESIAN_POINT('',(0.00792104599905762,-0.0334425444096803,0.132573194418567));
#8816=CARTESIAN_POINT('',(0.0487586094736093,-0.00969591330650777,0.16));
#8817=CARTESIAN_POINT('',(0.048762723122331,-0.00969546690724397,0.159718949868083));
#8818=CARTESIAN_POINT('',(0.0485755221085235,-0.00987045445549931,0.159007476730547));
#8819=CARTESIAN_POINT('',(0.0474462089769515,-0.010570982611237,0.157516984589459));
#8820=CARTESIAN_POINT('',(0.0455236200468408,-0.0116875079486348,0.155741614151615));
#8821=CARTESIAN_POINT('',(0.0421275575142687,-0.0136090618418095,0.153307988064381));
#8822=CARTESIAN_POINT('',(0.0367518034676052,-0.0166301507720004,0.150102882654062));
#8823=CARTESIAN_POINT('',(0.0297670525228811,-0.0205671649333957,0.146391260881817));
#8824=CARTESIAN_POINT('',(0.0226583177128512,-0.0246160066221974,0.142752321341969));
#8825=CARTESIAN_POINT('',(0.0169578394689214,-0.0279189634628641,0.139717403468487));
#8826=CARTESIAN_POINT('',(0.0131298400813268,-0.0301928922859716,0.137460324806843));
#8827=CARTESIAN_POINT('',(0.0107148151515612,-0.0316785737748028,0.135796320049265));
#8828=CARTESIAN_POINT('',(0.0089688455686895,-0.0328140969509348,0.134293823644154));
#8829=CARTESIAN_POINT('',(0.00821734499975298,-0.0333652859693396,0.133309912888614));
#8830=CARTESIAN_POINT('',(0.00796629877613328,-0.033634891133142,0.132621578485264));
#8831=CARTESIAN_POINT('',(0.0487913153201345,-0.0101692310918506,0.16));
#8832=CARTESIAN_POINT('',(0.0487951093189403,-0.0101690157252825,0.159712827622063));
#8833=CARTESIAN_POINT('',(0.0486019512049,-0.0103499818487672,0.158998756877736));
#8834=CARTESIAN_POINT('',(0.0474703916607652,-0.0110488500670888,0.157512564504738));
#8835=CARTESIAN_POINT('',(0.0455474181443743,-0.0121544000693328,0.155741587206321));
#8836=CARTESIAN_POINT('',(0.0421518923813126,-0.0140507063799027,0.153312745915243));
#8837=CARTESIAN_POINT('',(0.0367768867029257,-0.017028163841468,0.150112582763025));
#8838=CARTESIAN_POINT('',(0.0297929240014248,-0.0209065460259013,0.146405942624146));
#8839=CARTESIAN_POINT('',(0.0226851302204052,-0.0248951721004108,0.142771849928264));
#8840=CARTESIAN_POINT('',(0.0169859689538871,-0.0281503336599485,0.139741508144807));
#8841=CARTESIAN_POINT('',(0.013159524114471,-0.0303930442998571,0.137488592270533));
#8842=CARTESIAN_POINT('',(0.0107459354897143,-0.0318596111874829,0.135828281984818));
#8843=CARTESIAN_POINT('',(0.00900122387957051,-0.0329813874924897,0.134329516342294));
#8844=CARTESIAN_POINT('',(0.00825019057777679,-0.0335258719492295,0.133347854148462));
#8845=CARTESIAN_POINT('',(0.00799928086533173,-0.0337923873991004,0.132660994047966));
#8846=CARTESIAN_POINT('',(0.0487999205914658,-0.0104474268159847,0.16));
#8847=CARTESIAN_POINT('',(0.048803491489007,-0.0104473452840603,0.159708356750067));
#8848=CARTESIAN_POINT('',(0.0486059187170813,-0.0106321144630739,0.15899215066949));
#8849=CARTESIAN_POINT('',(0.0474726987513605,-0.0113305982464088,0.157508738013984));
#8850=CARTESIAN_POINT('',(0.0455497384536478,-0.0124302503030493,0.155740693417141));
#8851=CARTESIAN_POINT('',(0.0421553675626612,-0.0143123072117869,0.153315056455228));
#8852=CARTESIAN_POINT('',(0.0367822831537762,-0.0172647817697683,0.15011817474582));
#8853=CARTESIAN_POINT('',(0.0298007743318079,-0.0211094477396925,0.146414803707016));
#8854=CARTESIAN_POINT('',(0.0226956318125363,-0.0250635135557405,0.142783858946498));
#8855=CARTESIAN_POINT('',(0.016999035147708,-0.0282914801829056,0.139756491480696));
#8856=CARTESIAN_POINT('',(0.0131748014028762,-0.0305166818316816,0.137506298331818));
#8857=CARTESIAN_POINT('',(0.0107629330131296,-0.0319726926325013,0.135848401798634));
#8858=CARTESIAN_POINT('',(0.0090196317136821,-0.0330869541118399,0.134352058904638));
#8859=CARTESIAN_POINT('',(0.00826920138676942,-0.0336277222383384,0.133371833686345));
#8860=CARTESIAN_POINT('',(0.00801851587775479,-0.0338924201610526,0.132685957576165));
#8861=CARTESIAN_POINT('',(0.0488000146222384,-0.0106672422777251,0.16));
#8862=CARTESIAN_POINT('',(0.0488034651735744,-0.0106672266232639,0.159706041129899));
#8863=CARTESIAN_POINT('',(0.0486034328982639,-0.0108535760961284,0.1589888795993));
#8864=CARTESIAN_POINT('',(0.0474694361193717,-0.011550539675089,0.15750742349177));
#8865=CARTESIAN_POINT('',(0.0455468542164035,-0.0126450369604424,0.155741480333598));
#8866=CARTESIAN_POINT('',(0.0421538628480035,-0.014516083077277,0.153318227697929));
#8867=CARTESIAN_POINT('',(0.0367830619359654,-0.0174498930250392,0.150123916448765));
#8868=CARTESIAN_POINT('',(0.02980451084039,-0.0212696381351852,0.146423196745841));
#8869=CARTESIAN_POINT('',(0.0227024498522558,-0.0251981528572115,0.14279482474247));
#8870=CARTESIAN_POINT('',(0.017008525934424,-0.0284057966051455,0.139769816462906));
#8871=CARTESIAN_POINT('',(0.0131863000052341,-0.0306176000649307,0.137521662020153));
#8872=CARTESIAN_POINT('',(0.0107758241120199,-0.0320652377607595,0.135865462458215));
#8873=CARTESIAN_POINT('',(0.00903357688401684,-0.0331732814148987,0.134370746866952));
#8874=CARTESIAN_POINT('',(0.00828359442692122,-0.0337107960824376,0.133391415437646));
#8875=CARTESIAN_POINT('',(0.00803312577833231,-0.0339739132899261,0.132706277848255));
#8876=CARTESIAN_POINT('',(0.0487999916751036,-0.0109164363570909,0.16));
#8877=CARTESIAN_POINT('',(0.0488034862648126,-0.0109164046596764,0.159707570167155));
#8878=CARTESIAN_POINT('',(0.0486044051872683,-0.0111007579739792,0.158991951413041));
#8879=CARTESIAN_POINT('',(0.0474712776967696,-0.0117921284981732,0.157511723005591));
#8880=CARTESIAN_POINT('',(0.0455495953436325,-0.0128785535386799,0.155747039767438));
#8881=CARTESIAN_POINT('',(0.0421579307419881,-0.0147363827843444,0.153325418103131));
#8882=CARTESIAN_POINT('',(0.0367891578018551,-0.0176498665648863,0.150133215300309));
#8883=CARTESIAN_POINT('',(0.0298131695333165,-0.0214433381307481,0.146434928297681));
#8884=CARTESIAN_POINT('',(0.0227135455469505,-0.0253447433858043,0.142809000508493));
#8885=CARTESIAN_POINT('',(0.0170212895514942,-0.0285298752392294,0.13978606701047));
#8886=CARTESIAN_POINT('',(0.0131998863607786,-0.0307256854965167,0.137539410377191));
#8887=CARTESIAN_POINT('',(0.0107896967831016,-0.0321624224696863,0.135884203612896));
#8888=CARTESIAN_POINT('',(0.00904747424537894,-0.0332617456309151,0.134390277524265));
#8889=CARTESIAN_POINT('',(0.00829743998621539,-0.0337945051713298,0.133411230676967));
#8890=CARTESIAN_POINT('',(0.00804708591967866,-0.0340555414750873,0.132726647767368));
#8891=CARTESIAN_POINT('',(0.0488000058679835,-0.0113441783334019,0.16));
#8892=CARTESIAN_POINT('',(0.0488035020502193,-0.0113441566771573,0.159708472812589));
#8893=CARTESIAN_POINT('',(0.0486044930622578,-0.0115266261257651,0.15899439302722));
#8894=CARTESIAN_POINT('',(0.0474720457690719,-0.0122099067920264,0.157516629141192));
#8895=CARTESIAN_POINT('',(0.0455515695555335,-0.0132832577274218,0.155754514571499));
#8896=CARTESIAN_POINT('',(0.0421620352093769,-0.0151184678406824,0.153336060116532));
#8897=CARTESIAN_POINT('',(0.0367965956024024,-0.0179963529406849,0.150147714210304));
#8898=CARTESIAN_POINT('',(0.029824849954257,-0.0217434455600158,0.146453735387413));
#8899=CARTESIAN_POINT('',(0.0227293695559665,-0.0255970966379369,0.142832105841046));
#8900=CARTESIAN_POINT('',(0.0170401801091094,-0.0287430298291126,0.139812916229759));
#8901=CARTESIAN_POINT('',(0.013220573358191,-0.0309115169290857,0.137569127166759));
#8902=CARTESIAN_POINT('',(0.010811299597262,-0.0323300215429931,0.135915986696966));
#8903=CARTESIAN_POINT('',(0.00906955637632352,-0.0334150228023316,0.134423838762772));
#8904=CARTESIAN_POINT('',(0.00831969248154113,-0.0339400918026825,0.133445586058378));
#8905=CARTESIAN_POINT('',(0.00806961719676758,-0.0341977124100096,0.132762079066007));
#8906=CARTESIAN_POINT('',(0.0487999961833682,-0.012224225985952,0.16));
#8907=CARTESIAN_POINT('',(0.0488035529754094,-0.0122241973617497,0.159711595810052));
#8908=CARTESIAN_POINT('',(0.0486057963499077,-0.0124015645314134,0.15900142413416));
#8909=CARTESIAN_POINT('',(0.0474750134588432,-0.0130667682119298,0.157528279751568));
#8910=CARTESIAN_POINT('',(0.0455567208997623,-0.014112152762243,0.155770943912469));
#8911=CARTESIAN_POINT('',(0.0421707393498895,-0.0158999509735004,0.153358468693737));
#8912=CARTESIAN_POINT('',(0.0368108128890932,-0.0187038475425087,0.150177551573025));
#8913=CARTESIAN_POINT('',(0.0298460600326895,-0.0223548544933748,0.146491979317015));
#8914=CARTESIAN_POINT('',(0.0227573101567744,-0.0261095862366113,0.142878801623716));
#8915=CARTESIAN_POINT('',(0.017072908762069,-0.0291741266023022,0.139866961987418));
#8916=CARTESIAN_POINT('',(0.0132558976651515,-0.0312856381819384,0.137628729552836));
#8917=CARTESIAN_POINT('',(0.0108477897012439,-0.0326659728509444,0.135979512569158));
#8918=CARTESIAN_POINT('',(0.00910654674747312,-0.0337209485139907,0.134490688694207));
#8919=CARTESIAN_POINT('',(0.00835695258795422,-0.0342300268683821,0.133513886599456));
#8920=CARTESIAN_POINT('',(0.00810748894094927,-0.0344806799313118,0.132832526780387));
#8921=CARTESIAN_POINT('',(0.0487999980921861,-0.0135067439411431,0.16));
#8922=CARTESIAN_POINT('',(0.0488036206677646,-0.0135067202277874,0.159715502073856));
#8923=CARTESIAN_POINT('',(0.0486069965121377,-0.0136771102090702,0.159010487211309));
#8924=CARTESIAN_POINT('',(0.0474776177125958,-0.0143160470403879,0.157543893939622));
#8925=CARTESIAN_POINT('',(0.0455612072465094,-0.0153201967394101,0.155793337631381));
#8926=CARTESIAN_POINT('',(0.0421783337445013,-0.0170376139455092,0.153389294550807));
#8927=CARTESIAN_POINT('',(0.0368232608321481,-0.0197313868383478,0.15021878526731));
#8928=CARTESIAN_POINT('',(0.0298646497669409,-0.0232392917803746,0.146544968324496));
#8929=CARTESIAN_POINT('',(0.0227817541511426,-0.0268468693465493,0.142943657577844));
#8930=CARTESIAN_POINT('',(0.0171014573407428,-0.0297907600069784,0.139942248761373));
#8931=CARTESIAN_POINT('',(0.0132866489210144,-0.0318183335452329,0.137712029243972));
#8932=CARTESIAN_POINT('',(0.0108795807349184,-0.0331428944199962,0.136068583671695));
#8933=CARTESIAN_POINT('',(0.00913894226976353,-0.0341544153461296,0.134584753532734));
#8934=CARTESIAN_POINT('',(0.00839011770158916,-0.0346407885569881,0.133610275121747));
#8935=CARTESIAN_POINT('',(0.00814180544379432,-0.0348816798881775,0.132932157872535));
#8936=CARTESIAN_POINT('',(0.0488000118296512,-0.0150523780171492,0.16));
#8937=CARTESIAN_POINT('',(0.0488037407749918,-0.0150523522090931,0.159720726913892));
#8938=CARTESIAN_POINT('',(0.0486087259321842,-0.0152139099652624,0.159022182691871));
#8939=CARTESIAN_POINT('',(0.0474801520181398,-0.0158206343041523,0.157563200474426));
#8940=CARTESIAN_POINT('',(0.0455642990389761,-0.0167746136825552,0.155820549235766));
#8941=CARTESIAN_POINT('',(0.0421821188793795,-0.0184067230841708,0.153426437374222));
#8942=CARTESIAN_POINT('',(0.0368281298294491,-0.0209672234192209,0.150268317905109));
#8943=CARTESIAN_POINT('',(0.0298708102663289,-0.0243020227397787,0.146608571522936));
#8944=CARTESIAN_POINT('',(0.0227888920572912,-0.027731625519247,0.143021447357343));
#8945=CARTESIAN_POINT('',(0.0171089636202596,-0.0305298037361404,0.140032446247634));
#8946=CARTESIAN_POINT('',(0.0132941485381747,-0.0324564044616218,0.137811747833412));
#8947=CARTESIAN_POINT('',(0.0108870997495508,-0.0337143019276417,0.136175207476048));
#8948=CARTESIAN_POINT('',(0.00914678607496907,-0.0346742750231786,0.134697430540972));
#8949=CARTESIAN_POINT('',(0.00839935300776807,-0.0351340824592215,0.133725884973758));
#8950=CARTESIAN_POINT('',(0.00815281087875231,-0.0353636491575631,0.133051819001018));
#8951=CARTESIAN_POINT('',(0.0487999545892093,-0.0165542150772693,0.16));
#8952=CARTESIAN_POINT('',(0.0488037845473273,-0.0165541977358371,0.159725776981721));
#8953=CARTESIAN_POINT('',(0.048610013873348,-0.0167076085408051,0.159033573861042));
#8954=CARTESIAN_POINT('',(0.0474810527465958,-0.0172837614439778,0.157582167657974));
#8955=CARTESIAN_POINT('',(0.0455639098851329,-0.0181898409815479,0.155847471767511));
#8956=CARTESIAN_POINT('',(0.0421792928469224,-0.019740287072764,0.153463458808706));
#8957=CARTESIAN_POINT('',(0.0368215284290836,-0.0221730574722864,0.150318032995132));
#8958=CARTESIAN_POINT('',(0.0298592898480853,-0.0253418312992268,0.146672694659435));
#8959=CARTESIAN_POINT('',(0.0227722528106187,-0.0286007710631083,0.143099915781509));
#8960=CARTESIAN_POINT('',(0.0170882650653105,-0.0312596729444232,0.140123282437061));
#8961=CARTESIAN_POINT('',(0.0132710418375811,-0.0330904841541096,0.137912083414235));
#8962=CARTESIAN_POINT('',(0.0108630327405161,-0.0342857479554241,0.136282550797853));
#8963=CARTESIAN_POINT('',(0.0091228675159636,-0.0351976678821142,0.134811046223753));
#8964=CARTESIAN_POINT('',(0.00837742791024776,-0.0356327899455878,0.133842643681089));
#8965=CARTESIAN_POINT('',(0.00813313118114609,-0.0358516909284252,0.133172875712646));
#8966=CARTESIAN_POINT('',(0.0488001339427946,-0.0177430144089467,0.16));
#8967=CARTESIAN_POINT('',(0.0488040989181716,-0.0177429782308878,0.15973102166545));
#8968=CARTESIAN_POINT('',(0.0486120957451568,-0.0178891185918411,0.159044756390346));
#8969=CARTESIAN_POINT('',(0.0474822076248784,-0.0184409230429522,0.157599499717632));
#8970=CARTESIAN_POINT('',(0.0455624659884966,-0.0193099307563297,0.155871382524069));
#8971=CARTESIAN_POINT('',(0.0421729673896687,-0.0207980305351861,0.153495965502902));
#8972=CARTESIAN_POINT('',(0.0368075847893958,-0.0231338007505247,0.15036162072224));
#8973=CARTESIAN_POINT('',(0.0298355038658679,-0.026176625607324,0.146728942731045));
#8974=CARTESIAN_POINT('',(0.0227384765800872,-0.029305974952182,0.143168525933992));
#8975=CARTESIAN_POINT('',(0.0170467860391714,-0.0318591453351189,0.140202154349509));
#8976=CARTESIAN_POINT('',(0.0132250155942165,-0.0336174890795864,0.137998589698084));
#8977=CARTESIAN_POINT('',(0.0108149749759754,-0.0347655724540221,0.136374588604553));
#8978=CARTESIAN_POINT('',(0.00907446630115731,-0.0356413206705853,0.134908006001348));
#8979=CARTESIAN_POINT('',(0.00833117125766722,-0.0360576533704152,0.133942021367617));
#8980=CARTESIAN_POINT('',(0.00808924788526902,-0.0362682267415586,0.133276044414116));
#8981=CARTESIAN_POINT('',(0.0487998366021903,-0.0184483197658981,0.16));
#8982=CARTESIAN_POINT('',(0.0488038205909663,-0.0184483195012741,0.15973296641561));
#8983=CARTESIAN_POINT('',(0.0486115809065013,-0.0185919727484563,0.159049671530032));
#8984=CARTESIAN_POINT('',(0.0474799355277934,-0.0191315238678245,0.15760867191132));
#8985=CARTESIAN_POINT('',(0.0455573681279869,-0.0199803648686906,0.155885161948642));
#8986=CARTESIAN_POINT('',(0.0421630818857701,-0.0214333578905008,0.153515699643087));
#8987=CARTESIAN_POINT('',(0.0367903256515723,-0.0237137833645964,0.150388877424483));
#8988=CARTESIAN_POINT('',(0.029808864557723,-0.0266845168457914,0.146764591547507));
#8989=CARTESIAN_POINT('',(0.0227026876464177,-0.0297401724426732,0.143212151730653));
#8990=CARTESIAN_POINT('',(0.0170044266441634,-0.032234394057569,0.140252462035206));
#8991=CARTESIAN_POINT('',(0.0131791190453389,-0.0339535018274869,0.138054204162158));
#8992=CARTESIAN_POINT('',(0.0107676862116137,-0.0350767057829081,0.136434351000513));
#8993=CARTESIAN_POINT('',(0.00902713976962944,-0.0359336040999078,0.13497163057023));
#8994=CARTESIAN_POINT('',(0.008285644699663,-0.0363399042236093,0.134007639042517));
#8995=CARTESIAN_POINT('',(0.00804557759008163,-0.0365456980647813,0.133344487727369));
#8996=CARTESIAN_POINT('',(0.0488001343959506,-0.0187774537419245,0.16));
#8997=CARTESIAN_POINT('',(0.0488042060856586,-0.0187774201670071,0.159735520353132));
#8998=CARTESIAN_POINT('',(0.0486132918341796,-0.0189180682853545,0.159054620958313));
#8999=CARTESIAN_POINT('',(0.0474813638408622,-0.0194502504155596,0.157615312689104));
#9000=CARTESIAN_POINT('',(0.0455575074751366,-0.020288964420012,0.155893672484004));
#9001=CARTESIAN_POINT('',(0.0421606693987624,-0.0217258211801626,0.153526808528331));
#9002=CARTESIAN_POINT('',(0.0367839124711544,-0.0239817194364896,0.150403515901062));
#9003=CARTESIAN_POINT('',(0.029797303583292,-0.0269208526684448,0.146783328710406));
#9004=CARTESIAN_POINT('',(0.0226859232901037,-0.0299439711558797,0.143234798120008));
#9005=CARTESIAN_POINT('',(0.0169836054486703,-0.0324115143099059,0.140278162375211));
#9006=CARTESIAN_POINT('',(0.0131557891991644,-0.0341121876756956,0.138081990533234));
#9007=CARTESIAN_POINT('',(0.0107430906982181,-0.0352232332017514,0.136463495430293));
#9008=CARTESIAN_POINT('',(0.00900209701242422,-0.0360706282736111,0.135001880328857));
#9009=CARTESIAN_POINT('',(0.00826140852190616,-0.0364718002352249,0.134038339572794));
#9010=CARTESIAN_POINT('',(0.00802228822907479,-0.0366752363999926,0.133376420648316));
#9011=CARTESIAN_POINT('',(0.0487992577575189,-0.0189553547157401,0.16));
#9012=CARTESIAN_POINT('',(0.0488031961176748,-0.0189554225786741,0.159733186589184));
#9013=CARTESIAN_POINT('',(0.0486096129183189,-0.0190988838989554,0.159051394535663));
#9014=CARTESIAN_POINT('',(0.047475872829162,-0.0196313477664612,0.157613885004984));
#9015=CARTESIAN_POINT('',(0.0455505735632392,-0.0204669041334732,0.155894162440531));
#9016=CARTESIAN_POINT('',(0.0421519400862508,-0.0218955842342488,0.15352950097679));
#9017=CARTESIAN_POINT('',(0.0367725538412872,-0.0241369885550075,0.150408582576117));
#9018=CARTESIAN_POINT('',(0.0297827448725351,-0.0270566964939819,0.14679072471444));
#9019=CARTESIAN_POINT('',(0.0226686370948466,-0.0300606237055931,0.1432442934714));
#9020=CARTESIAN_POINT('',(0.0169649695897274,-0.0325144149136859,0.140289776056727));
#9021=CARTESIAN_POINT('',(0.0131369810284195,-0.0342075170413899,0.138095929925238));
#9022=CARTESIAN_POINT('',(0.0107246525169665,-0.0353147611543011,0.136479756319042));
#9023=CARTESIAN_POINT('',(0.00898429966533998,-0.0361597809706312,0.135020580385013));
#9024=CARTESIAN_POINT('',(0.00824438189365718,-0.0365596281055163,0.134058498438285));
#9025=CARTESIAN_POINT('',(0.00800585713676917,-0.0367621215281766,0.133397735566216));
#9026=CARTESIAN_POINT('',(0.0487899411373475,-0.0192598815191495,0.16));
#9027=CARTESIAN_POINT('',(0.0487937084096983,-0.0192600697811432,0.15973041436309));
#9028=CARTESIAN_POINT('',(0.0485965268070893,-0.0194066493969571,0.159047857926664));
#9029=CARTESIAN_POINT('',(0.0474601372659744,-0.0199383926282696,0.157613327168969));
#9030=CARTESIAN_POINT('',(0.0455326586239751,-0.0207683915468888,0.155896846815001));
#9031=CARTESIAN_POINT('',(0.0421313126142275,-0.0221841641911173,0.153536061414717));
#9032=CARTESIAN_POINT('',(0.0367480413667348,-0.0244033429043619,0.150419555660693));
#9033=CARTESIAN_POINT('',(0.0297535876774802,-0.0272936308522312,0.146806268012615));
#9034=CARTESIAN_POINT('',(0.0226355353488042,-0.0302685814511903,0.143264146872012));
#9035=CARTESIAN_POINT('',(0.0169297740477682,-0.0327011871445355,0.140313760415539));
#9036=CARTESIAN_POINT('',(0.0131012521875944,-0.0343818134630854,0.138123846370183));
#9037=CARTESIAN_POINT('',(0.0106892133907499,-0.0354819659507924,0.136511107466769));
#9038=CARTESIAN_POINT('',(0.00894968922795692,-0.0363218423798379,0.135055245271576));
#9039=CARTESIAN_POINT('',(0.00821122932257547,-0.0367185625679854,0.134094949984879));
#9040=CARTESIAN_POINT('',(0.00797396675269777,-0.0369191048196752,0.133436144854138));
#9041=CARTESIAN_POINT('',(0.0487614451739656,-0.019646120002994,0.16));
#9042=CARTESIAN_POINT('',(0.048764946071473,-0.0196464628928319,0.159725938673308));
#9043=CARTESIAN_POINT('',(0.0485620280851232,-0.0197977031846606,0.159041938108475));
#9044=CARTESIAN_POINT('',(0.04742156655848,-0.0203302029610914,0.157611840405319));
#9045=CARTESIAN_POINT('',(0.0454910762983378,-0.0211552328007916,0.155900293143825));
#9046=CARTESIAN_POINT('',(0.0420863852233712,-0.0225577493811866,0.153545477213097));
#9047=CARTESIAN_POINT('',(0.0366986035828648,-0.0247534457918701,0.150435861096554));
#9048=CARTESIAN_POINT('',(0.029699011961457,-0.027612753430566,0.146829875895143));
#9049=CARTESIAN_POINT('',(0.0225768484071587,-0.0305578237521469,0.143294868781314));
#9050=CARTESIAN_POINT('',(0.0168690553815781,-0.0329690099916482,0.140351192734187));
#9051=CARTESIAN_POINT('',(0.0130401194649928,-0.0346369441515018,0.138167139383445));
#9052=CARTESIAN_POINT('',(0.0106285999665217,-0.0357295168621784,0.136559018408592));
#9053=CARTESIAN_POINT('',(0.00889039809260008,-0.0365633658678625,0.135107271831983));
#9054=CARTESIAN_POINT('',(0.00815448383196162,-0.036955840279456,0.134148962871002));
#9055=CARTESIAN_POINT('',(0.0079194699893344,-0.0371535659110516,0.133493155927637));
#9056=CARTESIAN_POINT('',(0.0486925130436938,-0.0202016956622531,0.16));
#9057=CARTESIAN_POINT('',(0.0486956275742326,-0.0202022116502449,0.159719361563125));
#9058=CARTESIAN_POINT('',(0.0484838515377762,-0.020359586376999,0.159033313611942));
#9059=CARTESIAN_POINT('',(0.0473368559973605,-0.0208945560511218,0.15761037814358));
#9060=CARTESIAN_POINT('',(0.0454017056921805,-0.0217154410142999,0.155907041286166));
#9061=CARTESIAN_POINT('',(0.0419921523357678,-0.0231045501033309,0.153562431809009));
#9062=CARTESIAN_POINT('',(0.0365980972777883,-0.025275628516721,0.150464983358243));
#9063=CARTESIAN_POINT('',(0.0295914558737565,-0.0281023353053064,0.146872329514027));
#9064=CARTESIAN_POINT('',(0.0224633976317986,-0.0310158720646624,0.143350408039575));
#9065=CARTESIAN_POINT('',(0.0167521161868004,-0.0334036477294323,0.140418195403762));
#9066=CARTESIAN_POINT('',(0.0129218356685269,-0.0350564900588365,0.138242920802477));
#9067=CARTESIAN_POINT('',(0.0105106291422205,-0.0361388952253938,0.136640797179015));
#9068=CARTESIAN_POINT('',(0.00877441632757085,-0.0369636292919897,0.135193825201011));
#9069=CARTESIAN_POINT('',(0.00804341766591329,-0.0373490978854408,0.134237447305105));
#9070=CARTESIAN_POINT('',(0.00781282511660672,-0.037542173888627,0.133586837055068));
#9071=CARTESIAN_POINT('',(0.0485719071632144,-0.0208226493531095,0.16));
#9072=CARTESIAN_POINT('',(0.0485745524645528,-0.0208232989062438,0.15971077652447));
#9073=CARTESIAN_POINT('',(0.0483510795339418,-0.0209877716681936,0.159021757697744));
#9074=CARTESIAN_POINT('',(0.0471953227078184,-0.0215290664500338,0.157608301134392));
#9075=CARTESIAN_POINT('',(0.0452543702105625,-0.022350888355585,0.15591619765422));
#9076=CARTESIAN_POINT('',(0.041839275954275,-0.0237338626095337,0.153585823524606));
#9077=CARTESIAN_POINT('',(0.0364381746713072,-0.0258899075698475,0.150505628602493));
#9078=CARTESIAN_POINT('',(0.0294231142857174,-0.0286941477699823,0.146931923138974));
#9079=CARTESIAN_POINT('',(0.0222870089076418,-0.0315834496851999,0.143427759393026));
#9080=CARTESIAN_POINT('',(0.016569922100023,-0.0339506708720326,0.140509420207428));
#9081=CARTESIAN_POINT('',(0.0127366373160546,-0.0355881981628042,0.138343263622779));
#9082=CARTESIAN_POINT('',(0.0103251456260701,-0.0366589282611473,0.136746301523663));
#9083=CARTESIAN_POINT('',(0.0085914956460418,-0.0374723418817753,0.135302798409011));
#9084=CARTESIAN_POINT('',(0.00786809341494844,-0.0378490738001518,0.134347547309144));
#9085=CARTESIAN_POINT('',(0.00764418882812004,-0.0380364437538639,0.133704352534369));
#9086=CARTESIAN_POINT('',(0.04838734469654,-0.0214796396501223,0.16));
#9087=CARTESIAN_POINT('',(0.0483894847082454,-0.0214803375571493,0.159699181781385));
#9088=CARTESIAN_POINT('',(0.0481513598163643,-0.0216506673305626,0.159004364844838));
#9089=CARTESIAN_POINT('',(0.0469851574724229,-0.0221985797109541,0.157601113116717));
#9090=CARTESIAN_POINT('',(0.0450392767979575,-0.0230220500217953,0.155921863901986));
#9091=CARTESIAN_POINT('',(0.0416221559365027,-0.0243990329537873,0.153607754596008));
#9092=CARTESIAN_POINT('',(0.0362199852057169,-0.0265377696970167,0.150546885747519));
#9093=CARTESIAN_POINT('',(0.02920350343576,-0.0293125521240166,0.146993728818483));
#9094=CARTESIAN_POINT('',(0.0220651022596146,-0.0321650623753977,0.143507190921397));
#9095=CARTESIAN_POINT('',(0.0163458577668967,-0.034496989208454,0.140600285873663));
#9096=CARTESIAN_POINT('',(0.0125117748996889,-0.0361067547159628,0.138439764921372));
#9097=CARTESIAN_POINT('',(0.0101016475154484,-0.0371570161659827,0.136844727617615));
#9098=CARTESIAN_POINT('',(0.00837234785079199,-0.0379526540618929,0.135401887022003));
#9099=CARTESIAN_POINT('',(0.00765834196843804,-0.0383189115548989,0.134447158719692));
#9100=CARTESIAN_POINT('',(0.00744181792693432,-0.0385006106950269,0.133812385539287));
#9101=CARTESIAN_POINT('',(0.0481587108196218,-0.0220969630787509,0.16));
#9102=CARTESIAN_POINT('',(0.0481604106060023,-0.0220976501535942,0.159685804683006));
#9103=CARTESIAN_POINT('',(0.0479075830694975,-0.0222699337326575,0.158981884552867));
#9104=CARTESIAN_POINT('',(0.0467314818405915,-0.0228183209870879,0.15758589600094));
#9105=CARTESIAN_POINT('',(0.0447834788664634,-0.0236368626398055,0.155917264845769));
#9106=CARTESIAN_POINT('',(0.0413708987430789,-0.0249989084540302,0.153616631433484));
#9107=CARTESIAN_POINT('',(0.0359792872951882,-0.027108192437529,0.150571294970562));
#9108=CARTESIAN_POINT('',(0.0289773213827592,-0.0298397507302054,0.147034602800263));
#9109=CARTESIAN_POINT('',(0.0218530836279152,-0.0326427740861121,0.143562692283896));
#9110=CARTESIAN_POINT('',(0.0161444125502056,-0.0349286584635663,0.140665275806728));
#9111=CARTESIAN_POINT('',(0.0123174847110598,-0.0365022423315621,0.138508678122663));
#9112=CARTESIAN_POINT('',(0.00991320349209168,-0.0375262238993198,0.136914096883018));
#9113=CARTESIAN_POINT('',(0.00819081995318421,-0.0383002025787619,0.135470632946497));
#9114=CARTESIAN_POINT('',(0.00748565895107032,-0.0386555824859735,0.134516228371661));
#9115=CARTESIAN_POINT('',(0.00727507995010769,-0.0388324414185197,0.13388831532721));
#9116=CARTESIAN_POINT('',(0.0479674980501899,-0.0225308598164735,0.16));
#9117=CARTESIAN_POINT('',(0.0479689095869742,-0.0225315152249839,0.159674750361875));
#9118=CARTESIAN_POINT('',(0.047705293020765,-0.0227031673053233,0.15896197357898));
#9119=CARTESIAN_POINT('',(0.0465220088335301,-0.0232485463656942,0.157569431448929));
#9120=CARTESIAN_POINT('',(0.044573692628383,-0.0240599971040325,0.155907368226721));
#9121=CARTESIAN_POINT('',(0.0411677212474246,-0.0254065224103452,0.153615279327049));
#9122=CARTESIAN_POINT('',(0.0357899095479754,-0.0274881569350012,0.150579522920727));
#9123=CARTESIAN_POINT('',(0.0288071121930601,-0.0301815084248599,0.147052886722484));
#9124=CARTESIAN_POINT('',(0.021702444982232,-0.0329433850066682,0.143590406443154));
#9125=CARTESIAN_POINT('',(0.0160089878667244,-0.0351927288650135,0.140699800635578));
#9126=CARTESIAN_POINT('',(0.0121920634232156,-0.036737954664527,0.138546349014078));
#9127=CARTESIAN_POINT('',(0.00979471956848796,-0.0377412945734382,0.13695226886925));
#9128=CARTESIAN_POINT('',(0.00807888741892331,-0.0384983881056025,0.135508351612736));
#9129=CARTESIAN_POINT('',(0.00737995617898239,-0.0388456952428491,0.134554178827328));
#9130=CARTESIAN_POINT('',(0.00717309016670099,-0.039019327541441,0.133930493636724));
#9131=CARTESIAN_POINT('',(0.0477729167106134,-0.02291604083969,0.16));
#9132=CARTESIAN_POINT('',(0.0477741120755997,-0.0229166601602943,0.159664929414825));
#9133=CARTESIAN_POINT('',(0.0475018078341707,-0.023086400150485,0.158943572584742));
#9134=CARTESIAN_POINT('',(0.0463131401121207,-0.0236265051256632,0.157552805776965));
#9135=CARTESIAN_POINT('',(0.0443660405839228,-0.0244288341870949,0.155895604190251));
#9136=CARTESIAN_POINT('',(0.0409687732139215,-0.0257578420686217,0.15361006688115));
#9137=CARTESIAN_POINT('',(0.0356080369088652,-0.0278099435442508,0.150581528468883));
#9138=CARTESIAN_POINT('',(0.0286488413055423,-0.0304637839443161,0.147062385621253));
#9139=CARTESIAN_POINT('',(0.0215685997177296,-0.0331847092634244,0.143607259616987));
#9140=CARTESIAN_POINT('',(0.0158945091545399,-0.0353993246882903,0.140722611514906));
#9141=CARTESIAN_POINT('',(0.0120903014272333,-0.0369182803396622,0.138572414311235));
#9142=CARTESIAN_POINT('',(0.00970128572706796,-0.0379025015610893,0.136979184126018));
#9143=CARTESIAN_POINT('',(0.00799253328878198,-0.0386439060693651,0.135535056718611));
#9144=CARTESIAN_POINT('',(0.00729913221091131,-0.0389838250836106,0.134581079616123));
#9145=CARTESIAN_POINT('',(0.00709524742071707,-0.039154703997923,0.133960673751916));
#9146=CARTESIAN_POINT('',(0.0476056753760972,-0.0232131220911211,0.16));
#9147=CARTESIAN_POINT('',(0.0476066790658298,-0.0232136977114635,0.159654293326878));
#9148=CARTESIAN_POINT('',(0.0473258482968771,-0.0233808661346121,0.158922769321843));
#9149=CARTESIAN_POINT('',(0.0461311428862738,-0.0239154434053435,0.157531951255475));
#9150=CARTESIAN_POINT('',(0.044184492471468,-0.0247094366582764,0.155878364608325));
#9151=CARTESIAN_POINT('',(0.0407951771345941,-0.0260232821579714,0.153598207683299));
#9152=CARTESIAN_POINT('',(0.0354508976136301,-0.0280502509076585,0.150575527695634));
#9153=CARTESIAN_POINT('',(0.0285148973084479,-0.0306708917046913,0.147062325576896));
#9154=CARTESIAN_POINT('',(0.0214590362406047,-0.033358352414311,0.143613201777253));
#9155=CARTESIAN_POINT('',(0.0158046402614913,-0.0355459369867824,0.14073401923017));
#9156=CARTESIAN_POINT('',(0.0120134771314573,-0.0370452495594196,0.138587563914558));
#9157=CARTESIAN_POINT('',(0.00963276027173707,-0.0380152518650819,0.136996099102246));
#9158=CARTESIAN_POINT('',(0.00793058225123556,-0.0387448152418157,0.135552680725369));
#9159=CARTESIAN_POINT('',(0.00724160198021035,-0.0390790258331806,0.134599146414494));
#9160=CARTESIAN_POINT('',(0.00703993878840416,-0.0392478131738137,0.133981175558258));
#9161=CARTESIAN_POINT('',(0.0473837904087138,-0.023595464299143,0.16));
#9162=CARTESIAN_POINT('',(0.0473848585606735,-0.0235960578984131,0.159658640181271));
#9163=CARTESIAN_POINT('',(0.047108114109268,-0.0237612860370147,0.158931832058978));
#9164=CARTESIAN_POINT('',(0.0459211880061287,-0.0242872326760225,0.157543422963803));
#9165=CARTESIAN_POINT('',(0.043983993456789,-0.0250675453846314,0.155891150783769));
#9166=CARTESIAN_POINT('',(0.0406088629905426,-0.0263582949608131,0.153612192428329));
#9167=CARTESIAN_POINT('',(0.0352856686184499,-0.0283496139979538,0.15059103615065));
#9168=CARTESIAN_POINT('',(0.0283763936735363,-0.0309243599112251,0.147079769714771));
#9169=CARTESIAN_POINT('',(0.0213472937632455,-0.0335646135775081,0.143632870296755));
#9170=CARTESIAN_POINT('',(0.0157138247567533,-0.0357123847161811,0.140755409748898));
#9171=CARTESIAN_POINT('',(0.0119362886010568,-0.0371819955618039,0.138609137317936));
#9172=CARTESIAN_POINT('',(0.0095643310212556,-0.0381306604157748,0.13701629730053));
#9173=CARTESIAN_POINT('',(0.00786935338854946,-0.0388430052924591,0.135570685343943));
#9174=CARTESIAN_POINT('',(0.00718541436124972,-0.0391695198570228,0.134616290564));
#9175=CARTESIAN_POINT('',(0.00698616204680444,-0.0393357760187737,0.134000474508928));
#9176=CARTESIAN_POINT('',(0.0470837220819748,-0.02411584395715,0.16));
#9177=CARTESIAN_POINT('',(0.0470847880763937,-0.0241164410744483,0.159659257356992));
#9178=CARTESIAN_POINT('',(0.0468093213655997,-0.0242784458229136,0.158933536545872));
#9179=CARTESIAN_POINT('',(0.045628737892079,-0.0247923882225829,0.157547338997078));
#9180=CARTESIAN_POINT('',(0.043702233330405,-0.025553854782823,0.155897390825967));
#9181=CARTESIAN_POINT('',(0.040345922694262,-0.0268123862150967,0.1536211008815));
#9182=CARTESIAN_POINT('',(0.0350524808320671,-0.0287533454971428,0.15060290404722));
#9183=CARTESIAN_POINT('',(0.0281818380666769,-0.0312630512015844,0.147094930032446));
#9184=CARTESIAN_POINT('',(0.0211919616609879,-0.0338370850111286,0.143651831894341));
#9185=CARTESIAN_POINT('',(0.0155895541290851,-0.0359302990572619,0.140778035867412));
#9186=CARTESIAN_POINT('',(0.0118323626084625,-0.0373600921150357,0.138633724113481));
#9187=CARTESIAN_POINT('',(0.00947331807978853,-0.0382802872854193,0.137040553123066));
#9188=CARTESIAN_POINT('',(0.00778865429759532,-0.0389695059535412,0.135593184485652));
#9189=CARTESIAN_POINT('',(0.0071115053443412,-0.039285571807736,0.134638077430551));
#9190=CARTESIAN_POINT('',(0.00691537635654929,-0.0394484238140335,0.134025117131848));
#9191=CARTESIAN_POINT('',(0.0466713908093314,-0.0248297079216064,0.16));
#9192=CARTESIAN_POINT('',(0.0466724865848569,-0.0248303181809726,0.159661888123513));
#9193=CARTESIAN_POINT('',(0.0464004331093873,-0.024987824739261,0.158939299553171));
#9194=CARTESIAN_POINT('',(0.045230484470298,-0.0254843261475232,0.157555982023482));
#9195=CARTESIAN_POINT('',(0.0433200513342273,-0.026218365985729,0.155908371276574));
#9196=CARTESIAN_POINT('',(0.0399907830392776,-0.0274301892495515,0.153634422224197));
#9197=CARTESIAN_POINT('',(0.0347394137905574,-0.0292984150596484,0.150618654126185));
#9198=CARTESIAN_POINT('',(0.0279230950633435,-0.0317143781408951,0.147113409411766));
#9199=CARTESIAN_POINT('',(0.0209883087242002,-0.0341932185944659,0.143673901269782));
#9200=CARTESIAN_POINT('',(0.0154296271861146,-0.036208746767384,0.140804196124333));
#9201=CARTESIAN_POINT('',(0.0117011242877,-0.03758270990567,0.138662532162862));
#9202=CARTESIAN_POINT('',(0.00936014481282697,-0.0384633029136348,0.137069236586504));
#9203=CARTESIAN_POINT('',(0.00768967465689353,-0.0391203511093269,0.135619653232707));
#9204=CARTESIAN_POINT('',(0.00702145304369646,-0.0394219420918695,0.134663471179398));
#9205=CARTESIAN_POINT('',(0.00682921395154761,-0.0395802407636923,0.134053861133299));
#9206=CARTESIAN_POINT('',(0.0459529023503316,-0.0260742901122645,0.16));
#9207=CARTESIAN_POINT('',(0.0459540324920579,-0.0260749199831596,0.159665220461349));
#9208=CARTESIAN_POINT('',(0.0456872193207459,-0.026224086727938,0.158946622093813));
#9209=CARTESIAN_POINT('',(0.0445355152770563,-0.0266887237784887,0.157567392387296));
#9210=CARTESIAN_POINT('',(0.0426535368931878,-0.0273727197142801,0.155923100190082));
#9211=CARTESIAN_POINT('',(0.0393728037682553,-0.0284992564851599,0.153652203157512));
#9212=CARTESIAN_POINT('',(0.0341973116311697,-0.0302345508377081,0.15063911966181));
#9213=CARTESIAN_POINT('',(0.0274791506585971,-0.0324791532954477,0.147136671673233));
#9214=CARTESIAN_POINT('',(0.0206441046065359,-0.0347844301611465,0.143701589068014));
#9215=CARTESIAN_POINT('',(0.0151649698771782,-0.0366599153576828,0.140838276025074));
#9216=CARTESIAN_POINT('',(0.0114889248210688,-0.0379353460655151,0.138702200128709));
#9217=CARTESIAN_POINT('',(0.00918072631796004,-0.0387469789319423,0.13711053373879));
#9218=CARTESIAN_POINT('',(0.00753543458512193,-0.0393478957146828,0.135658679384336));
#9219=CARTESIAN_POINT('',(0.0068821606814044,-0.0396240909197256,0.134700884335743));
#9220=CARTESIAN_POINT('',(0.00669604191866979,-0.0397746375518899,0.134096200105411));
#9221=CARTESIAN_POINT('',(0.0449531906146848,-0.0278057810197381,0.16));
#9222=CARTESIAN_POINT('',(0.0449543758544757,-0.0278064410893086,0.159669900855245));
#9223=CARTESIAN_POINT('',(0.0446953981376482,-0.0279434346793921,0.158956556409173));
#9224=CARTESIAN_POINT('',(0.0435702939042883,-0.0283615088380524,0.157581918283507));
#9225=CARTESIAN_POINT('',(0.0417295056819839,-0.0289724053070009,0.155940815835594));
#9226=CARTESIAN_POINT('',(0.0385188010881505,-0.0299744180534346,0.153672115755156));
#9227=CARTESIAN_POINT('',(0.0334526383326702,-0.0315156415048336,0.150659951057702));
#9228=CARTESIAN_POINT('',(0.0268758204140785,-0.0335099914399694,0.147157979665265));
#9229=CARTESIAN_POINT('',(0.0201844317961356,-0.0355619178569755,0.143725651840486));
#9230=CARTESIAN_POINT('',(0.0148202757029784,-0.0372345259616415,0.140869040961308));
#9231=CARTESIAN_POINT('',(0.0112205950657586,-0.0383703998633582,0.138741174725073));
#9232=CARTESIAN_POINT('',(0.0089599255826758,-0.03908653645397,0.137154422963992));
#9233=CARTESIAN_POINT('',(0.00735023630752596,-0.0396098411029129,0.135702293008604));
#9234=CARTESIAN_POINT('',(0.0067167048708234,-0.0398505707716948,0.134742765867438));
#9235=CARTESIAN_POINT('',(0.00653805411276512,-0.0399906485602125,0.134143374835265));
#9236=CARTESIAN_POINT('',(0.0436393503720547,-0.0300814384139591,0.16));
#9237=CARTESIAN_POINT('',(0.0436406064308792,-0.0300821389880285,0.159675473312794));
#9238=CARTESIAN_POINT('',(0.0433920334136659,-0.0302025009041852,0.158968086071304));
#9239=CARTESIAN_POINT('',(0.0423026891418334,-0.0305571248647261,0.157598196639408));
#9240=CARTESIAN_POINT('',(0.0405174497105783,-0.0310684569589992,0.155959875368143));
#9241=CARTESIAN_POINT('',(0.0374012914174446,-0.031900857571958,0.153692124748627));
#9242=CARTESIAN_POINT('',(0.0324827613632587,-0.0331776264897872,0.150678498952274));
#9243=CARTESIAN_POINT('',(0.026096764564185,-0.0348306464960524,0.147173850938424));
#9244=CARTESIAN_POINT('',(0.0195992834516783,-0.0365365321576091,0.143741592806892));
#9245=CARTESIAN_POINT('',(0.0143906116639244,-0.0379324326116671,0.140890762934371));
#9246=CARTESIAN_POINT('',(0.0108950393007763,-0.0388808638347605,0.138772822136651));
#9247=CARTESIAN_POINT('',(0.00869958192388714,-0.039472711574859,0.137195195813639));
#9248=CARTESIAN_POINT('',(0.00713783389702863,-0.0398969727195284,0.135747853791612));
#9249=CARTESIAN_POINT('',(0.0065286328727782,-0.0400922483384446,0.134788324645959));
#9250=CARTESIAN_POINT('',(0.00635836162189251,-0.0402191837942909,0.134194086412225));
#9251=CARTESIAN_POINT('',(0.042257334093645,-0.0324751561951313,0.16));
#9252=CARTESIAN_POINT('',(0.0422586658899751,-0.0324759004825629,0.159681035462643));
#9253=CARTESIAN_POINT('',(0.042021181273397,-0.0325784147293772,0.158979376873463));
#9254=CARTESIAN_POINT('',(0.0409699338271653,-0.0328649930717135,0.157613652775186));
#9255=CARTESIAN_POINT('',(0.0392438564163855,-0.0332695677362875,0.155977358899402));
#9256=CARTESIAN_POINT('',(0.0362283646339593,-0.0339200953457529,0.153709439410827));
#9257=CARTESIAN_POINT('',(0.0314669846854598,-0.0349131982488475,0.150692760015291));
#9258=CARTESIAN_POINT('',(0.0252840589268359,-0.0361997719341358,0.147183455711819));
#9259=CARTESIAN_POINT('',(0.0189928889286736,-0.0375334416692603,0.143749153358309));
#9260=CARTESIAN_POINT('',(0.0139497886403913,-0.0386309790820503,0.140902132106885));
#9261=CARTESIAN_POINT('',(0.010565759202148,-0.0393780055203392,0.138792915533806));
#9262=CARTESIAN_POINT('',(0.00844104962751754,-0.0398393029501217,0.137225380144237));
#9263=CARTESIAN_POINT('',(0.00693128760453005,-0.0401632355426465,0.135786977027021));
#9264=CARTESIAN_POINT('',(0.00634609518461951,-0.0403137233105318,0.134831131955758));
#9265=CARTESIAN_POINT('',(0.00618322572148819,-0.0404277234835724,0.13424136452605));
#9266=CARTESIAN_POINT('',(0.0408537615366825,-0.034906214354625,0.16));
#9267=CARTESIAN_POINT('',(0.0408551704436542,-0.0349070036797737,0.159686418587939));
#9268=CARTESIAN_POINT('',(0.0406289482220682,-0.0349912373646997,0.158990175697585));
#9269=CARTESIAN_POINT('',(0.0396163838588859,-0.0352081290107287,0.157628163596475));
#9270=CARTESIAN_POINT('',(0.0379503648343281,-0.0355033700599579,0.155993439934902));
#9271=CARTESIAN_POINT('',(0.0350370418788575,-0.0359676098443621,0.153724805927418));
#9272=CARTESIAN_POINT('',(0.0304351359855695,-0.0366700534872671,0.150704422836181));
#9273=CARTESIAN_POINT('',(0.0244582772120299,-0.0375808160369929,0.147189699277674));
#9274=CARTESIAN_POINT('',(0.0183765044896017,-0.0385319614222614,0.143752374723405));
#9275=CARTESIAN_POINT('',(0.0135016746308418,-0.0393216876247714,0.140907807316382));
#9276=CARTESIAN_POINT('',(0.0102316965570921,-0.039860468033627,0.138805759579648));
#9277=CARTESIAN_POINT('',(0.00818035399655495,-0.0401887145567174,0.137247799312766));
#9278=CARTESIAN_POINT('',(0.00672493976166671,-0.0404149033512022,0.135820919771508));
#9279=CARTESIAN_POINT('',(0.00616227425150509,-0.0405244920924177,0.134873205567396));
#9280=CARTESIAN_POINT('',(0.00600534887221126,-0.0406265008437921,0.134287651667049));
#9281=CARTESIAN_POINT('',(0.039475179500892,-0.0372939963980349,0.16));
#9282=CARTESIAN_POINT('',(0.039476664355356,-0.0372948307912962,0.159691542622584));
#9283=CARTESIAN_POINT('',(0.0392614084821968,-0.0373611332786042,0.159000405634514));
#9284=CARTESIAN_POINT('',(0.0382863656889479,-0.0375095929177834,0.157641793429323));
#9285=CARTESIAN_POINT('',(0.0366785362441866,-0.0376974357585913,0.156008449582084));
#9286=CARTESIAN_POINT('',(0.0338641500273222,-0.0379786353553405,0.153739058529973));
#9287=CARTESIAN_POINT('',(0.0294166537030463,-0.0383953564589076,0.150715146538795));
#9288=CARTESIAN_POINT('',(0.0236393600775546,-0.0389363167493136,0.147195294530633));
#9289=CARTESIAN_POINT('',(0.017760552362461,-0.0395101538353634,0.143754940151569));
#9290=CARTESIAN_POINT('',(0.0130492641795824,-0.0399948641168744,0.140912046233371));
#9291=CARTESIAN_POINT('',(0.00989100970703931,-0.0403264765463004,0.138815612349045));
#9292=CARTESIAN_POINT('',(0.00791256129500414,-0.0405239727001534,0.137266041149113));
#9293=CARTESIAN_POINT('',(0.00651138507316913,-0.0406587275367508,0.135852008081801));
#9294=CARTESIAN_POINT('',(0.00596865850229878,-0.0407332416995355,0.134916332057872));
#9295=CARTESIAN_POINT('',(0.00581606364829665,-0.0408246286033535,0.13433498462679));
#9296=CARTESIAN_POINT('',(0.0383857107358602,-0.0391809859533288,0.16));
#9297=CARTESIAN_POINT('',(0.0383872577033027,-0.039181857005793,0.159695612718142));
#9298=CARTESIAN_POINT('',(0.0381805546364893,-0.0392341307247846,0.159008550152191));
#9299=CARTESIAN_POINT('',(0.0372343808389782,-0.0393289306510964,0.157652641683251));
#9300=CARTESIAN_POINT('',(0.035671164314248,-0.0394325239489039,0.156020491896324));
#9301=CARTESIAN_POINT('',(0.0329325184098131,-0.03957009559176,0.153750800765311));
#9302=CARTESIAN_POINT('',(0.0286031932306471,-0.0397624957478081,0.150724683758667));
#9303=CARTESIAN_POINT('',(0.0229787078658414,-0.0400127475065338,0.147201534249221));
#9304=CARTESIAN_POINT('',(0.0172556046026141,-0.0402890854830984,0.143759287492744));
#9305=CARTESIAN_POINT('',(0.0126704102640237,-0.0405320635060719,0.1409174784507));
#9306=CARTESIAN_POINT('',(0.00959924578024601,-0.0406991526542437,0.138824513808303));
#9307=CARTESIAN_POINT('',(0.00767826799604957,-0.0407947025152601,0.137280948905627));
#9308=CARTESIAN_POINT('',(0.00631937130349162,-0.0408618421047222,0.135878300181621));
#9309=CARTESIAN_POINT('',(0.00579030799647453,-0.0409123917639646,0.134954679690198));
#9310=CARTESIAN_POINT('',(0.00564016434147383,-0.0409961407186744,0.134376827870367));
#9311=CARTESIAN_POINT('',(0.0375735320660411,-0.0405877732545708,0.16));
#9312=CARTESIAN_POINT('',(0.0375751249200401,-0.0405886732177605,0.159698669572639));
#9313=CARTESIAN_POINT('',(0.0373745918312976,-0.0406306728002088,0.15901472079608));
#9314=CARTESIAN_POINT('',(0.036449073016813,-0.0406859761674395,0.157660957257885));
#9315=CARTESIAN_POINT('',(0.034917713260878,-0.0407274801437223,0.156029903902383));
#9316=CARTESIAN_POINT('',(0.0322331177364431,-0.0407591209036442,0.153760365866329));
#9317=CARTESIAN_POINT('',(0.0279881421976878,-0.0407859346853786,0.150733208083447));
#9318=CARTESIAN_POINT('',(0.0224728489956575,-0.0408212620766457,0.147208309349792));
#9319=CARTESIAN_POINT('',(0.0168613283578211,-0.0408769967187658,0.143765106066899));
#9320=CARTESIAN_POINT('',(0.0123670901770955,-0.0409401240473087,0.140923949491362));
#9321=CARTESIAN_POINT('',(0.00935938463292232,-0.0409853391347717,0.138833014047449));
#9322=CARTESIAN_POINT('',(0.0074803501337917,-0.0410072117674124,0.137293876784382));
#9323=CARTESIAN_POINT('',(0.00615159206502787,-0.0410274496144262,0.135900717583944));
#9324=CARTESIAN_POINT('',(0.00563149544636821,-0.0410619585330279,0.134987162183893));
#9325=CARTESIAN_POINT('',(0.00548288691091251,-0.0411403398734138,0.134412193626503));
#9326=CARTESIAN_POINT('',(0.0370943770044436,-0.0414175603273383,0.16));
#9327=CARTESIAN_POINT('',(0.0370960028126825,-0.04141847768015,0.15970070653876));
#9328=CARTESIAN_POINT('',(0.0368992160664173,-0.0414544579877541,0.159018842236325));
#9329=CARTESIAN_POINT('',(0.0359856320367812,-0.0414866387973925,0.157666454773766));
#9330=CARTESIAN_POINT('',(0.034472437124602,-0.0414918391248159,0.156036141514781));
#9331=CARTESIAN_POINT('',(0.0318184837884194,-0.0414615993707604,0.153766854601019));
#9332=CARTESIAN_POINT('',(0.0276212430929546,-0.0413916998782706,0.150739359210157));
#9333=CARTESIAN_POINT('',(0.0221677622409595,-0.0413013812741509,0.147213762802323));
#9334=CARTESIAN_POINT('',(0.0166195628772145,-0.0412278480533407,0.143770203955254));
#9335=CARTESIAN_POINT('',(0.0121772334503614,-0.0411853653244945,0.140929344202923));
#9336=CARTESIAN_POINT('',(0.00920599857440458,-0.0411593873955554,0.138839368065925));
#9337=CARTESIAN_POINT('',(0.00735101209706044,-0.0411390372957725,0.137302862244082));
#9338=CARTESIAN_POINT('',(0.00603921158596207,-0.0411330378168591,0.135915663317397));
#9339=CARTESIAN_POINT('',(0.00552397695836263,-0.0411586754609835,0.135008315022126));
#9340=CARTESIAN_POINT('',(0.00537623468305589,-0.0412339935084747,0.134435183766763));
#9341=CARTESIAN_POINT('',(0.0367788807998034,-0.0419642561698117,0.16));
#9342=CARTESIAN_POINT('',(0.0367805194543344,-0.0419651865407982,0.159701772085934));
#9343=CARTESIAN_POINT('',(0.0365858187850016,-0.041997341473034,0.159021049370557));
#9344=CARTESIAN_POINT('',(0.0356794931318227,-0.0420145685497399,0.157669583575053));
#9345=CARTESIAN_POINT('',(0.03417761238169,-0.0419961393579498,0.156039865161344));
#9346=CARTESIAN_POINT('',(0.031542960098081,-0.041925451788781,0.153770917258676));
#9347=CARTESIAN_POINT('',(0.0273759364407329,-0.0417921618771858,0.150743412652757));
#9348=CARTESIAN_POINT('',(0.0219617075099244,-0.0416193094599737,0.147217547943125));
#9349=CARTESIAN_POINT('',(0.0164538785123813,-0.0414606976983064,0.143773806030812));
#9350=CARTESIAN_POINT('',(0.0120448523564869,-0.0413488048171797,0.140932995374069));
#9351=CARTESIAN_POINT('',(0.00909712031793896,-0.0412766647541229,0.138843536539809));
#9352=CARTESIAN_POINT('',(0.00725748002206388,-0.0412297434961351,0.137308994423963));
#9353=CARTESIAN_POINT('',(0.00595620375597988,-0.0412077854159989,0.135926287300915));
#9354=CARTESIAN_POINT('',(0.00544380086750354,-0.0412281233542214,0.13502343011178));
#9355=CARTESIAN_POINT('',(0.00529657461279106,-0.04130152393423,0.134451686742975));
#9356=CARTESIAN_POINT('',(0.036601087968508,-0.042271817063519,0.16));
#9357=CARTESIAN_POINT('',(0.0366027493623337,-0.0422727534395269,0.159702912022514));
#9358=CARTESIAN_POINT('',(0.0364097544516793,-0.0423026318799348,0.159023335179233));
#9359=CARTESIAN_POINT('',(0.0355079650856996,-0.0423112725158076,0.157672480324896));
#9360=CARTESIAN_POINT('',(0.0340126069510949,-0.0422794904377665,0.156043061714723));
#9361=CARTESIAN_POINT('',(0.0313886656838561,-0.042186193788763,0.153774246907837));
#9362=CARTESIAN_POINT('',(0.0272381635972307,-0.0420176829702372,0.150746723392814));
#9363=CARTESIAN_POINT('',(0.0218452816323173,-0.0417990742115035,0.147220747368257));
#9364=CARTESIAN_POINT('',(0.0163593841923241,-0.0415932520148965,0.143776961756625));
#9365=CARTESIAN_POINT('',(0.0119684724797254,-0.0414427019257403,0.140936204487819));
#9366=CARTESIAN_POINT('',(0.00903355229405406,-0.0413446794092534,0.138846991524319));
#9367=CARTESIAN_POINT('',(0.00720231299430492,-0.041282649582883,0.137313398672507));
#9368=CARTESIAN_POINT('',(0.00590688498715995,-0.0412513684758797,0.135932891680883));
#9369=CARTESIAN_POINT('',(0.00539623550520128,-0.0412685119103204,0.135032265435993));
#9370=CARTESIAN_POINT('',(0.00524939411669612,-0.0413407938509715,0.134461279077686));
#9371=CARTESIAN_POINT('',(0.0364383986798604,-0.0425551813358935,0.16));
#9372=CARTESIAN_POINT('',(0.0364400245867371,-0.0425561290753202,0.159702038076425));
#9373=CARTESIAN_POINT('',(0.0362465716021791,-0.0425844434297368,0.159021755137907));
#9374=CARTESIAN_POINT('',(0.0353468977154905,-0.0425860114892955,0.157671208895958));
#9375=CARTESIAN_POINT('',(0.0338562974734798,-0.0425424317163209,0.156042295999541));
#9376=CARTESIAN_POINT('',(0.031241591059994,-0.0424282308236228,0.153773975690891));
#9377=CARTESIAN_POINT('',(0.0271062375101257,-0.0422263179633607,0.150746716513408));
#9378=CARTESIAN_POINT('',(0.02173342260983,-0.0419638049697648,0.147220724416619));
#9379=CARTESIAN_POINT('',(0.0162684120778537,-0.0417126477436807,0.143776748289786));
#9380=CARTESIAN_POINT('',(0.0118949256066504,-0.0415256149037604,0.140935767094398));
#9381=CARTESIAN_POINT('',(0.00897232028672764,-0.041404528302756,0.138846815133518));
#9382=CARTESIAN_POINT('',(0.00714882646917235,-0.0413306127226578,0.137314894032918));
#9383=CARTESIAN_POINT('',(0.00585817741508465,-0.0412933234501472,0.135938084406524));
#9384=CARTESIAN_POINT('',(0.00534822705521629,-0.0413087734782228,0.135040860770782));
#9385=CARTESIAN_POINT('',(0.00520139384472028,-0.0413802607570153,0.134470853714413));
#9386=CARTESIAN_POINT('',(0.0362501572794881,-0.0428542902092273,0.16));
#9387=CARTESIAN_POINT('',(0.0362516244470506,-0.042855251777046,0.159696717142338));
#9388=CARTESIAN_POINT('',(0.0360533322081642,-0.0428826652394006,0.159011598883113));
#9389=CARTESIAN_POINT('',(0.0351517398701898,-0.042878250858474,0.157660734943883));
#9390=CARTESIAN_POINT('',(0.033664127671959,-0.0428232501130612,0.156032892305838));
#9391=CARTESIAN_POINT('',(0.0310591383573656,-0.0426870778749165,0.153766005998734));
#9392=CARTESIAN_POINT('',(0.0269418519743263,-0.0424484885396926,0.150739765428688));
#9393=CARTESIAN_POINT('',(0.0215940291820264,-0.0421369026142428,0.147214088127462));
#9394=CARTESIAN_POINT('',(0.0161554761126774,-0.0418353025725746,0.14376981519277));
#9395=CARTESIAN_POINT('',(0.0118041241525945,-0.0416093103989093,0.140928468536182));
#9396=CARTESIAN_POINT('',(0.00889677697675168,-0.0414662993745232,0.138840492559352));
#9397=CARTESIAN_POINT('',(0.00708212815131097,-0.0413837808161071,0.137312324123711));
#9398=CARTESIAN_POINT('',(0.00579600245673322,-0.04134438478763,0.135942552719377));
#9399=CARTESIAN_POINT('',(0.00528572380109437,-0.0413599237705105,0.135051133638992));
#9400=CARTESIAN_POINT('',(0.00513853049098182,-0.0414309228645238,0.134482815385973));
#9401=CARTESIAN_POINT('',(0.0359273229856885,-0.0433179822114054,0.16));
#9402=CARTESIAN_POINT('',(0.035928613751933,-0.0433189434084695,0.159690384126352));
#9403=CARTESIAN_POINT('',(0.0357252375125176,-0.0433437669692163,0.158999424560302));
#9404=CARTESIAN_POINT('',(0.0348232605186552,-0.0433287075335939,0.157648234144276));
#9405=CARTESIAN_POINT('',(0.033342221376976,-0.0432555163167227,0.15602190047232));
#9406=CARTESIAN_POINT('',(0.0307541093160159,-0.0430861168283634,0.153757092995677));
#9407=CARTESIAN_POINT('',(0.0266668190062975,-0.0427933186292205,0.150732499778082));
#9408=CARTESIAN_POINT('',(0.0213598635761023,-0.0424099474030738,0.147207644095163));
#9409=CARTESIAN_POINT('',(0.0159641745485672,-0.0420349276161757,0.143763543285577));
#9410=CARTESIAN_POINT('',(0.0116482120006737,-0.0417521305715054,0.140922569734362));
#9411=CARTESIAN_POINT('',(0.00876487537515978,-0.0415759568688526,0.138836843384693));
#9412=CARTESIAN_POINT('',(0.00696441037764978,-0.0414780351911493,0.137313947655243));
#9413=CARTESIAN_POINT('',(0.00568669973520133,-0.0414315678349377,0.135952740830741));
#9414=CARTESIAN_POINT('',(0.00517805884531948,-0.0414451738232621,0.1350680970315));
#9415=CARTESIAN_POINT('',(0.00503125202548171,-0.0415150242331007,0.13450236438317));
#9416=CARTESIAN_POINT('',(0.035513861177504,-0.0438284499845752,0.16));
#9417=CARTESIAN_POINT('',(0.0355149301928627,-0.0438293859280531,0.159681407240787));
#9418=CARTESIAN_POINT('',(0.0353048096445169,-0.0438505432644902,0.158981921759177));
#9419=CARTESIAN_POINT('',(0.0344015934840357,-0.0438233988375815,0.157629805026401));
#9420=CARTESIAN_POINT('',(0.0329281774130335,-0.0437305482641635,0.156005425990206));
#9421=CARTESIAN_POINT('',(0.0303607987839596,-0.0435257752381841,0.153743650862048));
#9422=CARTESIAN_POINT('',(0.0263109461998217,-0.0431754397352572,0.150721774228527));
#9423=CARTESIAN_POINT('',(0.0210552361286601,-0.0427160802378001,0.147198716661132));
#9424=CARTESIAN_POINT('',(0.0157131819949491,-0.0422640184537356,0.143755723453057));
#9425=CARTESIAN_POINT('',(0.0114410055992495,-0.0419227192008184,0.140916404368592));
#9426=CARTESIAN_POINT('',(0.00858681785705139,-0.0417129792425857,0.13883462701785));
#9427=CARTESIAN_POINT('',(0.00680354028593082,-0.0415991524066397,0.137318451433795));
#9428=CARTESIAN_POINT('',(0.00553664984463069,-0.0415446563710038,0.135966738345499));
#9429=CARTESIAN_POINT('',(0.00503138643497069,-0.0415558097944722,0.13508925789386));
#9430=CARTESIAN_POINT('',(0.00488577737550093,-0.0416243382247258,0.134527097593185));
#9431=CARTESIAN_POINT('',(0.034830024002936,-0.0445386058469127,0.16));
#9432=CARTESIAN_POINT('',(0.0348308009449562,-0.0445394636335832,0.159667131720044));
#9433=CARTESIAN_POINT('',(0.0346115889526146,-0.0445535675683765,0.158953501867735));
#9434=CARTESIAN_POINT('',(0.0337073680019118,-0.0445079071049243,0.157598912680516));
#9435=CARTESIAN_POINT('',(0.0322463312468881,-0.0443876440369234,0.155977329073164));
#9436=CARTESIAN_POINT('',(0.0297118233188806,-0.0441357805243638,0.153720702301734));
#9437=CARTESIAN_POINT('',(0.0257212748433805,-0.0437102550994111,0.150704097050468));
#9438=CARTESIAN_POINT('',(0.0205466618859733,-0.0431525519222742,0.147185368842059));
#9439=CARTESIAN_POINT('',(0.015289047355881,-0.0426018390729852,0.143746094516295));
#9440=CARTESIAN_POINT('',(0.0110850577109444,-0.042186337568359,0.140911599141102));
#9441=CARTESIAN_POINT('',(0.00827594164890585,-0.0419333217698002,0.138837210003994));
#9442=CARTESIAN_POINT('',(0.00651992718413778,-0.0417973462793369,0.137330577204299));
#9443=CARTESIAN_POINT('',(0.00527175841563805,-0.041730012529085,0.135990756902784));
#9444=CARTESIAN_POINT('',(0.00477456665002126,-0.0417370029006038,0.13512222443678));
#9445=CARTESIAN_POINT('',(0.00463217918966061,-0.0418035934826017,0.134566372215202));
#9446=CARTESIAN_POINT('',(0.0339462965691412,-0.0452539468801357,0.16));
#9447=CARTESIAN_POINT('',(0.0339467886292708,-0.0452546652142657,0.159648330269294));
#9448=CARTESIAN_POINT('',(0.0337183901388904,-0.045258588344661,0.158914936939865));
#9449=CARTESIAN_POINT('',(0.0328138403431189,-0.0451912223357561,0.157554778233882));
#9450=CARTESIAN_POINT('',(0.0313679375991257,-0.0450428139321686,0.155935722684045));
#9451=CARTESIAN_POINT('',(0.0288733063605847,-0.0447464366638507,0.153685883503433));
#9452=CARTESIAN_POINT('',(0.024955100986929,-0.0442524484694979,0.150677449567041));
#9453=CARTESIAN_POINT('',(0.0198795561029447,-0.0436068864340604,0.147166688324608));
#9454=CARTESIAN_POINT('',(0.0147246338390399,-0.0429694760936467,0.143735273237576));
#9455=CARTESIAN_POINT('',(0.0106029818784415,-0.0424893225987228,0.140909646128509));
#9456=CARTESIAN_POINT('',(0.00784849586114227,-0.0421976535841994,0.138845145775919));
#9457=CARTESIAN_POINT('',(0.00612670939114486,-0.0420404808417154,0.13734844181374));
#9458=CARTESIAN_POINT('',(0.00490386835423933,-0.0419598080727178,0.136019653976969));
#9459=CARTESIAN_POINT('',(0.00441980250789233,-0.0419628836138307,0.135159966710568));
#9460=CARTESIAN_POINT('',(0.00428290349333728,-0.0420277042641537,0.134613197528574));
#9461=CARTESIAN_POINT('',(0.0328069345681163,-0.0459258906782592,0.16));
#9462=CARTESIAN_POINT('',(0.0328071902697758,-0.0459264189431223,0.159623702278675));
#9463=CARTESIAN_POINT('',(0.0325720294320096,-0.0459167027368689,0.158862327732226));
#9464=CARTESIAN_POINT('',(0.0316715402454563,-0.0458228964104812,0.157489503732948));
#9465=CARTESIAN_POINT('',(0.0302469994946884,-0.0456443464961731,0.155869937407677));
#9466=CARTESIAN_POINT('',(0.0278036852495661,-0.0453061910312773,0.153627018297503));
#9467=CARTESIAN_POINT('',(0.0239773029192364,-0.0447532744356506,0.150629522598593));
#9468=CARTESIAN_POINT('',(0.0190271061502118,-0.0440355843836594,0.147131259300976));
#9469=CARTESIAN_POINT('',(0.0140017112604962,-0.0433289916151898,0.143712988099522));
#9470=CARTESIAN_POINT('',(0.00998385243594969,-0.042797861288223,0.140900706272218));
#9471=CARTESIAN_POINT('',(0.0072988614003744,-0.0424754088156103,0.138848475166872));
#9472=CARTESIAN_POINT('',(0.00562157948985031,-0.0423011364206918,0.137362334325421));
#9473=CARTESIAN_POINT('',(0.0044326796389874,-0.0422099432975922,0.136044723822796));
#9474=CARTESIAN_POINT('',(0.00396691806808364,-0.042211361984573,0.135195212486359));
#9475=CARTESIAN_POINT('',(0.00383748910283852,-0.0422751286990982,0.134661093097735));
#9476=CARTESIAN_POINT('',(0.0317303641882015,-0.0463601839435252,0.16));
#9477=CARTESIAN_POINT('',(0.0317304873515296,-0.0463605461681256,0.159599831884388));
#9478=CARTESIAN_POINT('',(0.0314940592760009,-0.0463387495170295,0.1588093697545));
#9479=CARTESIAN_POINT('',(0.030604679962756,-0.0462212959260559,0.157417736277534));
#9480=CARTESIAN_POINT('',(0.0292063986161723,-0.0460171896791873,0.155791625954105));
#9481=CARTESIAN_POINT('',(0.0268176270295273,-0.0456474112457549,0.153550532216396));
#9482=CARTESIAN_POINT('',(0.0230849133773918,-0.0450552193999571,0.150561013933357));
#9483=CARTESIAN_POINT('',(0.0182607709774806,-0.0442941851394516,0.147074666632027));
#9484=CARTESIAN_POINT('',(0.0133645086507271,-0.0435496938354043,0.143670679714317));
#9485=CARTESIAN_POINT('',(0.00944921200792635,-0.0429935670185482,0.140873362810907));
#9486=CARTESIAN_POINT('',(0.00683223096094601,-0.0426580544835276,0.13883453560338));
#9487=CARTESIAN_POINT('',(0.00519795559540738,-0.0424778886607539,0.137359500805955));
#9488=CARTESIAN_POINT('',(0.00404122962907813,-0.0423842647365829,0.136053224046753));
#9489=CARTESIAN_POINT('',(0.00359179301962843,-0.0423872756611862,0.1352138259153));
#9490=CARTESIAN_POINT('',(0.00346861932157537,-0.0424509722009905,0.134691509450485));
#9491=CARTESIAN_POINT('',(0.0307454587419174,-0.0466177358895457,0.16));
#9492=CARTESIAN_POINT('',(0.0307455117670439,-0.0466179688628623,0.159577918329858));
#9493=CARTESIAN_POINT('',(0.0305116516944482,-0.0465871258110624,0.158759548327664));
#9494=CARTESIAN_POINT('',(0.0296394827245132,-0.0464513654364311,0.157345395504341));
#9495=CARTESIAN_POINT('',(0.0282725684492621,-0.0462274333443484,0.155707251006191));
#9496=CARTESIAN_POINT('',(0.0259424074955995,-0.0458341639591305,0.153461502838389));
#9497=CARTESIAN_POINT('',(0.0223058551633241,-0.0452153701850914,0.150474241749808));
#9498=CARTESIAN_POINT('',(0.0176083708647594,-0.0444282905270889,0.146996366083642));
#9499=CARTESIAN_POINT('',(0.0128398918785429,-0.0436645878046443,0.143606137499948));
#9500=CARTESIAN_POINT('',(0.00902407755986082,-0.0430999373930791,0.140825714644428));
#9501=CARTESIAN_POINT('',(0.00647112342861912,-0.0427640752224395,0.138803313345761));
#9502=CARTESIAN_POINT('',(0.00487569424487409,-0.0425871039440497,0.137342323068056));
#9503=CARTESIAN_POINT('',(0.00374655107426819,-0.0424980268222544,0.136049914712532));
#9504=CARTESIAN_POINT('',(0.00330973716957892,-0.0425050027497512,0.135221180246914));
#9505=CARTESIAN_POINT('',(0.00319116917759462,-0.0425692392312547,0.134709156844765));
#9506=CARTESIAN_POINT('',(0.0300698006038531,-0.0467310647666277,0.16));
#9507=CARTESIAN_POINT('',(0.0300698247030263,-0.046731221568764,0.159562697945038));
#9508=CARTESIAN_POINT('',(0.0298392212861073,-0.0466953826283819,0.158724487775684));
#9509=CARTESIAN_POINT('',(0.0289820386589764,-0.0465494028813609,0.15729237113817));
#9510=CARTESIAN_POINT('',(0.0276402541643562,-0.0463144122853969,0.155642901619317));
#9511=CARTESIAN_POINT('',(0.0253548912304827,-0.0459083927937145,0.153390379558718));
#9512=CARTESIAN_POINT('',(0.0217899922673434,-0.0452761027673836,0.15040136294759));
#9513=CARTESIAN_POINT('',(0.0171855633166967,-0.0444771982718302,0.146927266730462));
#9514=CARTESIAN_POINT('',(0.0125098879927918,-0.0437065762531282,0.143546439363686));
#9515=CARTESIAN_POINT('',(0.00876502599016708,-0.0431417620690946,0.140779562209323));
#9516=CARTESIAN_POINT('',(0.00625632297752215,-0.042810632415454,0.138771395675519));
#9517=CARTESIAN_POINT('',(0.00468651435356543,-0.0426399616558755,0.137322959860567));
#9518=CARTESIAN_POINT('',(0.003574500067524,-0.0425575105493721,0.136042751897112));
#9519=CARTESIAN_POINT('',(0.00314470993232529,-0.0425685578280814,0.135222415301929));
#9520=CARTESIAN_POINT('',(0.00302864976531611,-0.0426334696432086,0.134717274392629));
#9521=CARTESIAN_POINT('',(0.0295593471528925,-0.0467779472056843,0.16));
#9522=CARTESIAN_POINT('',(0.0295593586928089,-0.0467780572063624,0.159551486142337));
#9523=CARTESIAN_POINT('',(0.029331950228423,-0.0467394165914891,0.158698470734019));
#9524=CARTESIAN_POINT('',(0.0284877938038052,-0.0465878234899368,0.157251987279219));
#9525=CARTESIAN_POINT('',(0.0271670561994341,-0.0463468955784352,0.15559258929633));
#9526=CARTESIAN_POINT('',(0.0249183109655806,-0.0459343610275867,0.153332958668137));
#9527=CARTESIAN_POINT('',(0.0214111270497798,-0.045295793456093,0.150340333902101));
#9528=CARTESIAN_POINT('',(0.0168810373922871,-0.0444922061224703,0.146867131043541));
#9529=CARTESIAN_POINT('',(0.0122790437298803,-0.0437199227946244,0.143492449962596));
#9530=CARTESIAN_POINT('',(0.00858980636775609,-0.0431574985754728,0.140736331329803));
#9531=CARTESIAN_POINT('',(0.00611477731437573,-0.0428320192515306,0.138740583127867));
#9532=CARTESIAN_POINT('',(0.00456345653121615,-0.0426680911018161,0.137303587713554));
#9533=CARTESIAN_POINT('',(0.0034628958996999,-0.0425926067210026,0.136034521356847));
#9534=CARTESIAN_POINT('',(0.00303715665809055,-0.0426076048548237,0.135221337210164));
#9535=CARTESIAN_POINT('',(0.00292254116408049,-0.0426732234063821,0.134721331318586));
#9536=CARTESIAN_POINT('',(0.0292587544787522,-0.0467939494711425,0.16));
#9537=CARTESIAN_POINT('',(0.0292587607025727,-0.0467940341187237,0.159544522432931));
#9538=CARTESIAN_POINT('',(0.0290334226949298,-0.0467539809263105,0.158682256292442));
#9539=CARTESIAN_POINT('',(0.0281974227064545,-0.0465996442588806,0.157226506321187));
#9540=CARTESIAN_POINT('',(0.0268897109389385,-0.0463559062689331,0.155560444970881));
#9541=CARTESIAN_POINT('',(0.0246634452508167,-0.0459404721083504,0.153295705990885));
#9542=CARTESIAN_POINT('',(0.0211915090316142,-0.0452994252505375,0.15030003858725));
#9543=CARTESIAN_POINT('',(0.016706674618659,-0.0444944009288911,0.146826677150125));
#9544=CARTESIAN_POINT('',(0.0121493851471229,-0.0437221921663091,0.143455435306442));
#9545=CARTESIAN_POINT('',(0.00849356924599608,-0.043161852239998,0.14070619256887));
#9546=CARTESIAN_POINT('',(0.00603824088923347,-0.0428403213429477,0.138718864262018));
#9547=CARTESIAN_POINT('',(0.00449717457335678,-0.0426811056019182,0.137289839500074));
#9548=CARTESIAN_POINT('',(0.00340244361362923,-0.0426105669136628,0.136028536990104));
#9549=CARTESIAN_POINT('',(0.00297840190611725,-0.0426283116408059,0.135220094485891));
#9550=CARTESIAN_POINT('',(0.00286441431834342,-0.0426944367584859,0.134723160131413));
#9551=CARTESIAN_POINT('',(0.0290622149406594,-0.0467992612658091,0.16));
#9552=CARTESIAN_POINT('',(0.0290622188867594,-0.0467993331326484,0.159540792946582));
#9553=CARTESIAN_POINT('',(0.0288382947756439,-0.0467586193044899,0.15867356601389));
#9554=CARTESIAN_POINT('',(0.028007737365781,-0.0466030642889424,0.157212780252836));
#9555=CARTESIAN_POINT('',(0.0267086486639292,-0.0463581494801313,0.15554303105762));
#9556=CARTESIAN_POINT('',(0.0244971850472646,-0.0459416394732948,0.153275364455379));
#9557=CARTESIAN_POINT('',(0.0210483959856012,-0.0452999142140702,0.150277795370544));
#9558=CARTESIAN_POINT('',(0.0165932907680866,-0.0444948491845845,0.146804023144726));
#9559=CARTESIAN_POINT('',(0.0120655057583043,-0.0437232781073429,0.143434329507884));
#9560=CARTESIAN_POINT('',(0.00843197360361689,-0.0431644096960533,0.140688657608922));
#9561=CARTESIAN_POINT('',(0.0059899843993191,-0.0428452298022306,0.138705971154022));
#9562=CARTESIAN_POINT('',(0.00445600094976588,-0.0426887919857937,0.137281493628039));
#9563=CARTESIAN_POINT('',(0.00336540304025076,-0.0426212160336597,0.136024723080018));
#9564=CARTESIAN_POINT('',(0.0029426216442614,-0.0426406623830262,0.13521914234353));
#9565=CARTESIAN_POINT('',(0.00282907915362967,-0.0427071058101559,0.134724129028619));
#9566=CARTESIAN_POINT('',(0.0289116147261684,-0.0468001359753966,0.16));
#9567=CARTESIAN_POINT('',(0.0289116166822215,-0.0468001938977204,0.159536111193038));
#9568=CARTESIAN_POINT('',(0.0286888459364595,-0.0467587733762708,0.158662624130564));
#9569=CARTESIAN_POINT('',(0.0278627340836868,-0.0466019126774458,0.157195372207203));
#9570=CARTESIAN_POINT('',(0.0265706894930536,-0.0463557316924737,0.155520803954083));
#9571=CARTESIAN_POINT('',(0.0243713115780593,-0.0459380564285797,0.153249234346397));
#9572=CARTESIAN_POINT('',(0.0209413875030698,-0.0452955819980324,0.150249090379769));
#9573=CARTESIAN_POINT('',(0.016510390168663,-0.0444904316186264,0.146774761959179));
#9574=CARTESIAN_POINT('',(0.0120061896704529,-0.0437194725827412,0.143407165043106));
#9575=CARTESIAN_POINT('',(0.008389781274471,-0.0431621589317418,0.14066629106039));
#9576=CARTESIAN_POINT('',(0.00595712076990768,-0.0428456738195157,0.13868981223291));
#9577=CARTESIAN_POINT('',(0.00442719432578808,-0.0426925673055611,0.13727134753226));
#9578=CARTESIAN_POINT('',(0.00333813608092354,-0.0426285925558151,0.13602037648045));
#9579=CARTESIAN_POINT('',(0.00291525233043878,-0.042649976700245,0.135218026567228));
#9580=CARTESIAN_POINT('',(0.00280173505015703,-0.0427167884902866,0.134724707827194));
#9581=CARTESIAN_POINT('',(0.0287244576210627,-0.0467999225582051,0.16));
#9582=CARTESIAN_POINT('',(0.0287244600581568,-0.0467999835635638,0.159537445110182));
#9583=CARTESIAN_POINT('',(0.0285030212341201,-0.0467588379812728,0.158665778802696));
#9584=CARTESIAN_POINT('',(0.0276818084543599,-0.0466026972483898,0.157200421404241));
#9585=CARTESIAN_POINT('',(0.0263974058693567,-0.0463574609275322,0.155527231143174));
#9586=CARTESIAN_POINT('',(0.0242110207046819,-0.0459411518522766,0.153256646898573));
#9587=CARTESIAN_POINT('',(0.0208013780563004,-0.0453005146866938,0.15025682065752));
#9588=CARTESIAN_POINT('',(0.0163967014471959,-0.0444974129786973,0.146781828691165));
#9589=CARTESIAN_POINT('',(0.0119195569775498,-0.0437281316132944,0.143412544099468));
#9590=CARTESIAN_POINT('',(0.00832529796391516,-0.0431716375253289,0.140669430702789));
#9591=CARTESIAN_POINT('',(0.00590790522692016,-0.0428552196651145,0.138690930066943));
#9592=CARTESIAN_POINT('',(0.00438786162085365,-0.042701940528506,0.137271077836148));
#9593=CARTESIAN_POINT('',(0.00330614175325763,-0.0426378847677242,0.136019351318777));
#9594=CARTESIAN_POINT('',(0.0028865469785839,-0.0426596188771638,0.135217490083037));
#9595=CARTESIAN_POINT('',(0.00277405294044829,-0.0427264973444748,0.134725450967093));
#9596=CARTESIAN_POINT('',(0.0284109584230618,-0.0468000549155577,0.16));
#9597=CARTESIAN_POINT('',(0.0284109605804367,-0.0468001136143931,0.159537058861617));
#9598=CARTESIAN_POINT('',(0.0281917955158041,-0.0467590014494974,0.158664923337072));
#9599=CARTESIAN_POINT('',(0.0273790389780791,-0.0466031915238867,0.157199098911138));
#9600=CARTESIAN_POINT('',(0.0261078771725704,-0.0463585890345466,0.15552551685132));
#9601=CARTESIAN_POINT('',(0.0239440533461563,-0.0459434945070639,0.15325444723854));
#9602=CARTESIAN_POINT('',(0.0205696271843776,-0.0453048572876244,0.150253873665464));
#9603=CARTESIAN_POINT('',(0.0162104805993298,-0.0445043234715969,0.146777778824814));
#9604=CARTESIAN_POINT('',(0.0117795924504194,-0.0437374535189821,0.143407258947899));
#9605=CARTESIAN_POINT('',(0.00822221651488871,-0.0431826969171555,0.140663394115534));
#9606=CARTESIAN_POINT('',(0.00582913593365707,-0.0428675566707559,0.138685043360726));
#9607=CARTESIAN_POINT('',(0.00432393225827825,-0.0427155299950717,0.137266082230522));
#9608=CARTESIAN_POINT('',(0.00325255304539327,-0.042652968608872,0.136015986098414));
#9609=CARTESIAN_POINT('',(0.0028372083331733,-0.042676011588732,0.135216226945763));
#9610=CARTESIAN_POINT('',(0.00272605230398513,-0.0427431334718076,0.134726604120955));
#9611=CARTESIAN_POINT('',(0.0277639270650226,-0.046799960547667,0.16));
#9612=CARTESIAN_POINT('',(0.0277639294558595,-0.0468000201503292,0.159538231157706));
#9613=CARTESIAN_POINT('',(0.0275494477283887,-0.0467592813706095,0.158667766480044));
#9614=CARTESIAN_POINT('',(0.0267540401029182,-0.0466047492484839,0.157203705570109));
#9615=CARTESIAN_POINT('',(0.0255100063074527,-0.0463620704357635,0.155531339467524));
#9616=CARTESIAN_POINT('',(0.0233923689377279,-0.0459501274347851,0.153260880096015));
#9617=CARTESIAN_POINT('',(0.0200900323814069,-0.045316185928747,0.1502597593978));
#9618=CARTESIAN_POINT('',(0.0158242041537672,-0.0445213158824314,0.14678145354255));
#9619=CARTESIAN_POINT('',(0.0114885204173534,-0.0437594805486812,0.143407263575364));
#9620=CARTESIAN_POINT('',(0.00800782564377852,-0.0432078714648715,0.140659580527126));
#9621=CARTESIAN_POINT('',(0.00566620030617789,-0.0428943512980566,0.138678768841705));
#9622=CARTESIAN_POINT('',(0.00419314409086283,-0.0427436043080784,0.137259113201591));
#9623=CARTESIAN_POINT('',(0.00314471221151892,-0.0426827496921475,0.136010121426821));
#9624=CARTESIAN_POINT('',(0.00273905212527373,-0.042707825991547,0.135213698687924));
#9625=CARTESIAN_POINT('',(0.00263088953384073,-0.0427753057276535,0.134728734379869));
#9626=CARTESIAN_POINT('',(0.0268217702263573,-0.0468000130875721,0.16));
#9627=CARTESIAN_POINT('',(0.0268217725276224,-0.0468000712372249,0.159538926964053));
#9628=CARTESIAN_POINT('',(0.0266141785335472,-0.0467596745511985,0.158669525185478));
#9629=CARTESIAN_POINT('',(0.0258443214131087,-0.0466065256083806,0.157206607820092));
#9630=CARTESIAN_POINT('',(0.0246402584388456,-0.0463660642585646,0.155534959177055));
#9631=CARTESIAN_POINT('',(0.0225906881791882,-0.0459579320935278,0.153264577697454));
#9632=CARTESIAN_POINT('',(0.0193945812646077,-0.0453298681680288,0.150262240988693));
#9633=CARTESIAN_POINT('',(0.0152661750174456,-0.0445422670031611,0.146780885082722));
#9634=CARTESIAN_POINT('',(0.0110704703135181,-0.0437870608237786,0.143402161283419));
#9635=CARTESIAN_POINT('',(0.0077022186523234,-0.0432398176694151,0.140650096281136));
#9636=CARTESIAN_POINT('',(0.0054357570055634,-0.0429288164433525,0.138666849355128));
#9637=CARTESIAN_POINT('',(0.00400937021334314,-0.0427802171807104,0.137247162963684));
#9638=CARTESIAN_POINT('',(0.00299391854446983,-0.0427221354300144,0.136000688718305));
#9639=CARTESIAN_POINT('',(0.0026018014851665,-0.0427501570297623,0.135209505500659));
#9640=CARTESIAN_POINT('',(0.00249774007567833,-0.042818104626756,0.134731126872774));
#9641=CARTESIAN_POINT('',(0.0252626447875674,-0.0467999924508434,0.16));
#9642=CARTESIAN_POINT('',(0.025262647161222,-0.0468000500846138,0.159540656091844));
#9643=CARTESIAN_POINT('',(0.0250665503708146,-0.0467602406538253,0.158673764237503));
#9644=CARTESIAN_POINT('',(0.0243393220643561,-0.0466092938108316,0.15721350116621));
#9645=CARTESIAN_POINT('',(0.0232019339331327,-0.0463722736685611,0.155543611104083));
#9646=CARTESIAN_POINT('',(0.0212658863392059,-0.0459699503876199,0.153273856586219));
#9647=CARTESIAN_POINT('',(0.0182469223596161,-0.0453507471293911,0.150269947399679));
#9648=CARTESIAN_POINT('',(0.0143476482472505,-0.0445740497889579,0.1467839123181));
#9649=CARTESIAN_POINT('',(0.0103853890934742,-0.0438287824241269,0.143397838089035));
#9650=CARTESIAN_POINT('',(0.00720495556272938,-0.0432879951460577,0.140638097467279));
#9651=CARTESIAN_POINT('',(0.00506453447995993,-0.0429804156287612,0.138649777240504));
#9652=CARTESIAN_POINT('',(0.00371675321497071,-0.0428344829457022,0.137228863224276));
#9653=CARTESIAN_POINT('',(0.00275691407329772,-0.0427799611324011,0.135985449424068));
#9654=CARTESIAN_POINT('',(0.00238729870995226,-0.0428120548618096,0.135202282610829));
#9655=CARTESIAN_POINT('',(0.00228986635604067,-0.0428805355570643,0.134733981773596));
#9656=CARTESIAN_POINT('',(0.0232289563507239,-0.0468000025045488,0.16));
#9657=CARTESIAN_POINT('',(0.0232289587024916,-0.0468000592939093,0.159542700535136));
#9658=CARTESIAN_POINT('',(0.0230480525602028,-0.0467608615440426,0.158678757351186));
#9659=CARTESIAN_POINT('',(0.0223771540737041,-0.0466122513952188,0.157221590110599));
#9660=CARTESIAN_POINT('',(0.0213278707865266,-0.0463789117689297,0.15555372632179));
#9661=CARTESIAN_POINT('',(0.0195418238176041,-0.0459828431497485,0.153284643693683));
#9662=CARTESIAN_POINT('',(0.0167568793987838,-0.0453732387168321,0.150278813571633));
#9663=CARTESIAN_POINT('',(0.0131601891944755,-0.0446084349671623,0.146787265984995));
#9664=CARTESIAN_POINT('',(0.00950603737146283,-0.043874134915327,0.143392604242823));
#9665=CARTESIAN_POINT('',(0.00657350461297724,-0.0433405847774329,0.140623632087131));
#9666=CARTESIAN_POINT('',(0.00459977478649482,-0.0430367689562345,0.138628666967347));
#9667=CARTESIAN_POINT('',(0.00335621764895955,-0.0428935575770576,0.137205601909945));
#9668=CARTESIAN_POINT('',(0.00247002310098147,-0.0428426635992322,0.13596547932051));
#9669=CARTESIAN_POINT('',(0.00212954614498176,-0.0428790090042387,0.135192114699706));
#9670=CARTESIAN_POINT('',(0.0020404126962387,-0.0429478409377849,0.134735709645678));
#9671=CARTESIAN_POINT('',(0.0198110616236218,-0.0467999985540873,0.16));
#9672=CARTESIAN_POINT('',(0.019811063909771,-0.0468000548689573,0.159546139654279));
#9673=CARTESIAN_POINT('',(0.0196560453943088,-0.0467616855832991,0.158687081177466));
#9674=CARTESIAN_POINT('',(0.0190811392471033,-0.0466162024310549,0.157234988373569));
#9675=CARTESIAN_POINT('',(0.0181819888700434,-0.0463877730625417,0.155570443795813));
#9676=CARTESIAN_POINT('',(0.0166515206734519,-0.0460000372329165,0.153302549295324));
#9677=CARTESIAN_POINT('',(0.01426522573944,-0.0454032257134228,0.150293948205944));
#9678=CARTESIAN_POINT('',(0.0111837708584111,-0.0446543214003127,0.14679430847359));
#9679=CARTESIAN_POINT('',(0.00805390992625389,-0.0439348182189079,0.143387119814928));
#9680=CARTESIAN_POINT('',(0.00554309032505077,-0.0434112054934051,0.14060437244018));
#9681=CARTESIAN_POINT('',(0.00385341138943288,-0.0431125120887478,0.13859858775579));
#9682=CARTESIAN_POINT('',(0.00278809548397679,-0.0429726198342021,0.137170874840318));
#9683=CARTESIAN_POINT('',(0.00202798645656142,-0.0429259248862308,0.135934351605301));
#9684=CARTESIAN_POINT('',(0.00173644217610288,-0.0429673017935002,0.135175296526081));
#9685=CARTESIAN_POINT('',(0.00166076576687746,-0.0430361382104747,0.134735982124853));
#9686=CARTESIAN_POINT('',(0.0152700583698222,-0.0468000004904705,0.16));
#9687=CARTESIAN_POINT('',(0.0152700604035017,-0.0468000568979904,0.15955030864085));
#9688=CARTESIAN_POINT('',(0.0151500176231348,-0.0467624448625513,0.158697085608403));
#9689=CARTESIAN_POINT('',(0.0147048076572898,-0.0466198080289333,0.157250973454313));
#9690=CARTESIAN_POINT('',(0.0140084980491061,-0.0463958499735716,0.155590298092405));
#9691=CARTESIAN_POINT('',(0.0128233043370665,-0.0460157117770149,0.153323779394865));
#9692=CARTESIAN_POINT('',(0.0109754423092185,-0.0454305902759103,0.150312089712182));
#9693=CARTESIAN_POINT('',(0.00858954442392014,-0.0446962762088689,0.14680365283523));
#9694=CARTESIAN_POINT('',(0.00616680089158938,-0.0439905069331186,0.143383297214259));
#9695=CARTESIAN_POINT('',(0.00422415504644289,-0.0434763843970318,0.140586143258756));
#9696=CARTESIAN_POINT('',(0.00291741716390392,-0.0431827324873294,0.138568207660146));
#9697=CARTESIAN_POINT('',(0.00209327865736126,-0.0430457772136999,0.137133926308125));
#9698=CARTESIAN_POINT('',(0.00150436235707425,-0.0430022145540161,0.135899348576773));
#9699=CARTESIAN_POINT('',(0.00127826382231038,-0.0430471538270076,0.135154957124297));
#9700=CARTESIAN_POINT('',(0.00121993802660689,-0.043115255484574,0.134733172725766));
#9701=CARTESIAN_POINT('',(0.00951036905741707,-0.0467999998713074,0.16));
#9702=CARTESIAN_POINT('',(0.0095103705071058,-0.0468000569548229,0.159554432516627));
#9703=CARTESIAN_POINT('',(0.00943534413411635,-0.0467630173080336,0.158706915795422));
#9704=CARTESIAN_POINT('',(0.00915707661754092,-0.0466225080131483,0.157266584424915));
#9705=CARTESIAN_POINT('',(0.00872186042390743,-0.0464018847150264,0.155609607035613));
#9706=CARTESIAN_POINT('',(0.00798107660088969,-0.0460274066080179,0.153344372781143));
#9707=CARTESIAN_POINT('',(0.00682613346414269,-0.0454509896205324,0.150329778772806));
#9708=CARTESIAN_POINT('',(0.00533502147644217,-0.0447275426774197,0.146813336822508));
#9709=CARTESIAN_POINT('',(0.00382116762129726,-0.0440320449176561,0.143381527194225));
#9710=CARTESIAN_POINT('',(0.00260777190548857,-0.0435251500867236,0.140572353953458));
#9711=CARTESIAN_POINT('',(0.00179199539394879,-0.0432355132146166,0.138544171156359));
#9712=CARTESIAN_POINT('',(0.00127755970360768,-0.0431008585612633,0.137103583470082));
#9713=CARTESIAN_POINT('',(0.000909570875327129,-0.0430592747911733,0.135869133044942));
#9714=CARTESIAN_POINT('',(0.000767951808831414,-0.0431059278224835,0.135136238653169));
#9715=CARTESIAN_POINT('',(0.0007315278060755,-0.0431728435865582,0.13472881494949));
#9716=CARTESIAN_POINT('',(0.00356009083015524,-0.0468000000242998,0.16));
#9717=CARTESIAN_POINT('',(0.00356009141772092,-0.0468000576739392,0.159556881465793));
#9718=CARTESIAN_POINT('',(0.00353195590841355,-0.0467633040760549,0.158712732895805));
#9719=CARTESIAN_POINT('',(0.00342759995031044,-0.0466238500722176,0.157275791483486));
#9720=CARTESIAN_POINT('',(0.00326438347863598,-0.0464048785859056,0.155620966015881));
#9721=CARTESIAN_POINT('',(0.00298657098486159,-0.0460332017421518,0.153356458768609));
#9722=CARTESIAN_POINT('',(0.00255344213264671,-0.0454610891452949,0.150340158276895));
#9723=CARTESIAN_POINT('',(0.0019942606659858,-0.0447430103763462,0.146819128923748));
#9724=CARTESIAN_POINT('',(0.0014266003630092,-0.0440525866436976,0.143380951047932));
#9725=CARTESIAN_POINT('',(0.000971692317522309,-0.0435492847059612,0.14056534146278));
#9726=CARTESIAN_POINT('',(0.000665943342559074,-0.0432616887959665,0.138531770196935));
#9727=CARTESIAN_POINT('',(0.000473162100195445,-0.0431282153363267,0.137087724961067));
#9728=CARTESIAN_POINT('',(0.00033519109459041,-0.0430875405672874,0.135852935326533));
#9729=CARTESIAN_POINT('',(0.000281993660436105,-0.043134730421886,0.135125802382141));
#9730=CARTESIAN_POINT('',(0.00026832220122363,-0.0432008317009318,0.134725895550745));
#9731=CARTESIAN_POINT('',(-0.00246103217656763,-0.0468000000314932,0.16));
#9732=CARTESIAN_POINT('',(-0.00246103258561202,-0.0468000577368784,0.159557097654605));
#9733=CARTESIAN_POINT('',(-0.00244158007969954,-0.046763327847397,0.158713245853119));
#9734=CARTESIAN_POINT('',(-0.00236942957891243,-0.0466239609437071,0.157276602623346));
#9735=CARTESIAN_POINT('',(-0.00225658349054763,-0.04640512565404,0.155621966129651));
#9736=CARTESIAN_POINT('',(-0.00206450687844675,-0.0460336796122489,0.153357522521317));
#9737=CARTESIAN_POINT('',(-0.00176504632817013,-0.0454619214091617,0.150341072652211));
#9738=CARTESIAN_POINT('',(-0.00137843526102929,-0.0447442842376513,0.146819643987572));
#9739=CARTESIAN_POINT('',(-0.000985964563857235,-0.0440542776176366,0.1433809173131));
#9740=CARTESIAN_POINT('',(-0.00067145338973166,-0.0435512714271583,0.14056476127354));
#9741=CARTESIAN_POINT('',(-0.000460071421088145,-0.0432638447870738,0.138530737410217));
#9742=CARTESIAN_POINT('',(-0.000326791622665581,-0.0431304698318812,0.137086398801624));
#9743=CARTESIAN_POINT('',(-0.000231400273671131,-0.0430898680992098,0.135851568741828));
#9744=CARTESIAN_POINT('',(-0.000194613188930959,-0.0431370921623029,0.135124908966473));
#9745=CARTESIAN_POINT('',(-0.000185159692623715,-0.0432031188826064,0.134725632456483));
#9746=CARTESIAN_POINT('',(-0.00843321254594646,-0.0467999998497273,0.16));
#9747=CARTESIAN_POINT('',(-0.00843321385672433,-0.0468000570591447,0.159555026104294));
#9748=CARTESIAN_POINT('',(-0.00836665501821107,-0.0467630899269928,0.158708327012007));
#9749=CARTESIAN_POINT('',(-0.0081197911436002,-0.0466228488466752,0.157268819818567));
#9750=CARTESIAN_POINT('',(-0.0077336900648093,-0.0464026456213819,0.155612366500848));
#9751=CARTESIAN_POINT('',(-0.00707650503024628,-0.0460288801938037,0.153347310260261));
#9752=CARTESIAN_POINT('',(-0.00605190199487107,-0.0454535587282825,0.150332300943686));
#9753=CARTESIAN_POINT('',(-0.00472907991423704,-0.0447314786853845,0.146814736310167));
#9754=CARTESIAN_POINT('',(-0.00338611427948315,-0.0440372732641932,0.143381356011619));
#9755=CARTESIAN_POINT('',(-0.00230974527915491,-0.0435312924030829,0.140570578157507));
#9756=CARTESIAN_POINT('',(-0.00158614921668111,-0.0432421719083626,0.138541042203972));
#9757=CARTESIAN_POINT('',(-0.00112986170270766,-0.0431078149955371,0.137099592357132));
#9758=CARTESIAN_POINT('',(-0.000803430591049897,-0.0430664662331577,0.135865080280606));
#9759=CARTESIAN_POINT('',(-0.000677755029255464,-0.0431132765726138,0.135133652386336));
#9760=CARTESIAN_POINT('',(-0.000645440266328552,-0.0431800003406816,0.134728118138684));
#9761=CARTESIAN_POINT('',(-0.0142366836292117,-0.0468000005695974,0.16));
#9762=CARTESIAN_POINT('',(-0.0142366855788441,-0.0468000570855378,0.15955115428644));
#9763=CARTESIAN_POINT('',(-0.0141246798075821,-0.0467625732067185,0.15869910540559));
#9764=CARTESIAN_POINT('',(-0.0137092736489048,-0.0466204141007556,0.157254187190093));
#9765=CARTESIAN_POINT('',(-0.013059576025147,-0.0463972051670637,0.15559427896232));
#9766=CARTESIAN_POINT('',(-0.0119537218445409,-0.0460183387089758,0.153328030884358));
#9767=CARTESIAN_POINT('',(-0.0102295706391347,-0.0454351733407343,0.150315742104049));
#9768=CARTESIAN_POINT('',(-0.00800344258630786,-0.0447033019120109,0.146805630537703));
#9769=CARTESIAN_POINT('',(-0.00574303151776737,-0.0439998402400248,0.143382840450267));
#9770=CARTESIAN_POINT('',(-0.00393070015069899,-0.0434873349508295,0.140583087749675));
#9771=CARTESIAN_POINT('',(-0.00271174291090903,-0.04319457017356,0.138562928551306));
#9772=CARTESIAN_POINT('',(-0.00194296290613441,-0.0430581219571617,0.137127320483588));
#9773=CARTESIAN_POINT('',(-0.0013934670205452,-0.0430150234125578,0.135892867257825));
#9774=CARTESIAN_POINT('',(-0.00118241173377816,-0.043060416373442,0.135151027821966));
#9775=CARTESIAN_POINT('',(-0.00112800910018407,-0.0431283005769936,0.134732370448473));
#9776=CARTESIAN_POINT('',(-0.0188324797605961,-0.046799998321502,0.16));
#9777=CARTESIAN_POINT('',(-0.0188324820013026,-0.0468000546001151,0.159547064768251));
#9778=CARTESIAN_POINT('',(-0.0186849643565564,-0.0467618686279485,0.158689306861422));
#9779=CARTESIAN_POINT('',(-0.0181378725876705,-0.0466170771069694,0.157238552174531));
#9780=CARTESIAN_POINT('',(-0.0172822234146088,-0.0463897350886056,0.155574875538002));
#9781=CARTESIAN_POINT('',(-0.0158258047301608,-0.046003847472933,0.153307288348646));
#9782=CARTESIAN_POINT('',(-0.0135549927881294,-0.0454098794337159,0.150297979238805));
#9783=CARTESIAN_POINT('',(-0.0106227424715148,-0.0446645214765891,0.146796312177708));
#9784=CARTESIAN_POINT('',(-0.00764461102322596,-0.0439483473056755,0.143386052661111));
#9785=CARTESIAN_POINT('',(-0.00525575856871972,-0.0434270156622495,0.140599922339415));
#9786=CARTESIAN_POINT('',(-0.00364829172716301,-0.0431295166009989,0.13859132512959));
#9787=CARTESIAN_POINT('',(-0.00263471000377864,-0.042990334730103,0.137162177884621));
#9788=CARTESIAN_POINT('',(-0.00191127940807362,-0.0429444494546008,0.135926248511898));
#9789=CARTESIAN_POINT('',(-0.00163380329705165,-0.042986782427193,0.13517067504787));
#9790=CARTESIAN_POINT('',(-0.00156189362606128,-0.0430554986723996,0.134735502170528));
#9791=CARTESIAN_POINT('',(-0.0223050247805737,-0.046800002907377,0.16));
#9792=CARTESIAN_POINT('',(-0.0223050271230129,-0.0468000595356232,0.159543647338064));
#9793=CARTESIAN_POINT('',(-0.0221310902734398,-0.046761103345227,0.158681053466793));
#9794=CARTESIAN_POINT('',(-0.0214860339303827,-0.0466134049348489,0.157225292315822));
#9795=CARTESIAN_POINT('',(-0.020477168235618,-0.0463814964599915,0.155558350703663));
#9796=CARTESIAN_POINT('',(-0.0187599276861393,-0.0459878553462217,0.153289599262874));
#9797=CARTESIAN_POINT('',(-0.0160823128662575,-0.0453819753360253,0.150282993715359));
#9798=CARTESIAN_POINT('',(-0.0126243571039264,-0.0446217954845271,0.146789168850833));
#9799=CARTESIAN_POINT('',(-0.00911140683285,-0.0438917877592939,0.143390962536894));
#9800=CARTESIAN_POINT('',(-0.00629246640315269,-0.0433611046622844,0.14061810361035));
#9801=CARTESIAN_POINT('',(-0.00439521841111397,-0.0430587642981349,0.138620148100432));
#9802=CARTESIAN_POINT('',(-0.00319960111946373,-0.0429165357594806,0.137195879686062));
#9803=CARTESIAN_POINT('',(-0.00234729433140388,-0.0428669121369725,0.135956872556744));
#9804=CARTESIAN_POINT('',(-0.00202002718046396,-0.0429047761982659,0.135187554083862));
#9805=CARTESIAN_POINT('',(-0.0019345606871699,-0.0429736516641297,0.134735994322994));
#9806=CARTESIAN_POINT('',(-0.0247922771881481,-0.0467999889025215,0.16));
#9807=CARTESIAN_POINT('',(-0.0247922795574495,-0.0468000462346104,0.15954111795882));
#9808=CARTESIAN_POINT('',(-0.0245996637229187,-0.0467603962476209,0.158674900346996));
#9809=CARTESIAN_POINT('',(-0.0238853439782833,-0.0466100634704621,0.157215350349244));
#9810=CARTESIAN_POINT('',(-0.0227681467706731,-0.0463740126518884,0.155545926045239));
#9811=CARTESIAN_POINT('',(-0.0208664772014179,-0.0459733384384654,0.153276313401094));
#9812=CARTESIAN_POINT('',(-0.0179011549331665,-0.0453566657510181,0.150271914161372));
#9813=CARTESIAN_POINT('',(-0.0140712571794928,-0.0445830984615801,0.146784499720404));
#9814=CARTESIAN_POINT('',(-0.0101796673031731,-0.0438407020756988,0.143396280822204));
#9815=CARTESIAN_POINT('',(-0.00705608994619878,-0.0433017938756619,0.140634285839122));
#9816=CARTESIAN_POINT('',(-0.00495383667866892,-0.0429952077677424,0.138644451982376));
#9817=CARTESIAN_POINT('',(-0.00362985640233772,-0.0428500411942814,0.137223172978972));
#9818=CARTESIAN_POINT('',(-0.00268682888814415,-0.0427965513428203,0.135980703879093));
#9819=CARTESIAN_POINT('',(-0.00232396148706364,-0.0428298267780852,0.135199974344472));
#9820=CARTESIAN_POINT('',(-0.00222849748802581,-0.042898447377448,0.13473466896203));
#9821=CARTESIAN_POINT('',(-0.0267553497888242,-0.0468000327192012,0.16));
#9822=CARTESIAN_POINT('',(-0.0267553521058737,-0.0468000908813308,0.159539030862494));
#9823=CARTESIAN_POINT('',(-0.026548227108777,-0.0467597371568463,0.158669781288631));
#9824=CARTESIAN_POINT('',(-0.0257801082231738,-0.0466067427965535,0.157207027104999));
#9825=CARTESIAN_POINT('',(-0.0245787639649157,-0.0463665186476712,0.155535489884523));
#9826=CARTESIAN_POINT('',(-0.0225338238044705,-0.0459587805068969,0.153265156259171));
#9827=CARTESIAN_POINT('',(-0.019344946780209,-0.0453313085041475,0.150262740653595));
#9828=CARTESIAN_POINT('',(-0.0152259048969995,-0.0445444228447133,0.146781121248615));
#9829=CARTESIAN_POINT('',(-0.0110397565805857,-0.0437898502564018,0.143401981585979));
#9830=CARTESIAN_POINT('',(-0.00767918475680165,-0.043243007611375,0.140649525468759));
#9831=CARTESIAN_POINT('',(-0.00541784103304932,-0.0429322361984002,0.138666083723352));
#9832=CARTESIAN_POINT('',(-0.00399463072324821,-0.0427838403585095,0.137246399574874));
#9833=CARTESIAN_POINT('',(-0.00298145356917321,-0.0427260175170162,0.136000105008234));
#9834=CARTESIAN_POINT('',(-0.00259034118844787,-0.0427543201805714,0.135209305256551));
#9835=CARTESIAN_POINT('',(-0.00248661011218548,-0.0428223284715213,0.134731481572471));
#9836=CARTESIAN_POINT('',(-0.0279709572216999,-0.0467999600863588,0.16));
#9837=CARTESIAN_POINT('',(-0.0279709595393599,-0.0468000193785084,0.159537847620976));
#9838=CARTESIAN_POINT('',(-0.0277549766788057,-0.0467591628918049,0.15866683765237));
#9839=CARTESIAN_POINT('',(-0.0269540081446424,-0.046604229813227,0.157202201275106));
#9840=CARTESIAN_POINT('',(-0.025701278876815,-0.0463609484336849,0.155529437040412));
#9841=CARTESIAN_POINT('',(-0.0235688372163472,-0.045948019488174,0.153258773082791));
#9842=CARTESIAN_POINT('',(-0.0202433939593769,-0.0453126098748693,0.15025781668326));
#9843=CARTESIAN_POINT('',(-0.015947655319402,-0.0445159688588635,0.146780206181748));
#9844=CARTESIAN_POINT('',(-0.0115814552331344,-0.0437525580734302,0.143407183200379));
#9845=CARTESIAN_POINT('',(-0.00807617248924103,-0.0431999669132006,0.140660732524802));
#9846=CARTESIAN_POINT('',(-0.00571803425197075,-0.042885951805528,0.138680736363989));
#9847=CARTESIAN_POINT('',(-0.00423465329323867,-0.0427348212658492,0.1372613318981));
#9848=CARTESIAN_POINT('',(-0.00317885135162685,-0.0426734483031863,0.136012010582834));
#9849=CARTESIAN_POINT('',(-0.00277009128652666,-0.0426978946980126,0.13521453114481));
#9850=CARTESIAN_POINT('',(-0.00266097612364727,-0.0427652668880963,0.13472809457594));
#9851=CARTESIAN_POINT('',(-0.0285206510498912,-0.0468000328292579,0.16));
#9852=CARTESIAN_POINT('',(-0.0285206533065228,-0.0468000923607328,0.159537205877067));
#9853=CARTESIAN_POINT('',(-0.028300692006031,-0.0467589698422363,0.158665250575133));
#9854=CARTESIAN_POINT('',(-0.0274849741437523,-0.0466030468314483,0.157199606636046));
#9855=CARTESIAN_POINT('',(-0.0262091754729796,-0.0463582253757311,0.155526174744735));
#9856=CARTESIAN_POINT('',(-0.0240374507862517,-0.0459427089072217,0.153255285835));
#9857=CARTESIAN_POINT('',(-0.0206506922477726,-0.0453033746892723,0.150254980958087));
#9858=CARTESIAN_POINT('',(-0.0162756025145823,-0.0445019443103959,0.14677927328594));
#9859=CARTESIAN_POINT('',(-0.0118285192639545,-0.0437342312299087,0.143409179404557));
#9860=CARTESIAN_POINT('',(-0.00825823436396179,-0.0431788650440991,0.140665564335136));
#9861=CARTESIAN_POINT('',(-0.00585665021487328,-0.0428632730759091,0.138687144646432));
#9862=CARTESIAN_POINT('',(-0.00434626137370442,-0.0427108014444439,0.137267855882955));
#9863=CARTESIAN_POINT('',(-0.00327127380916818,-0.0426477095481771,0.136017174432011));
#9864=CARTESIAN_POINT('',(-0.00285444944841256,-0.0426702912554893,0.135216673109969));
#9865=CARTESIAN_POINT('',(-0.00274282776298112,-0.0427373274746196,0.134726204278784));
#9866=CARTESIAN_POINT('',(-0.0287465543531451,-0.0467998989925096,0.16));
#9867=CARTESIAN_POINT('',(-0.0287465566722404,-0.0467999591594443,0.159537113077342));
#9868=CARTESIAN_POINT('',(-0.028524963853004,-0.0467587552369527,0.158664997326713));
#9869=CARTESIAN_POINT('',(-0.0277031898285789,-0.0466024779937819,0.157199172346814));
#9870=CARTESIAN_POINT('',(-0.0264179145166741,-0.0463570758572092,0.155525637140952));
#9871=CARTESIAN_POINT('',(-0.0242300481960295,-0.0459405468064852,0.153254790300924));
#9872=CARTESIAN_POINT('',(-0.0208180928624692,-0.0452996381407809,0.150254835495331));
#9873=CARTESIAN_POINT('',(-0.0164104033159232,-0.0444962557402756,0.146779915269655));
#9874=CARTESIAN_POINT('',(-0.0119301254001564,-0.0437267641192974,0.143410929732219));
#9875=CARTESIAN_POINT('',(-0.00833323349231026,-0.0431702049000772,0.14066828005821));
#9876=CARTESIAN_POINT('',(-0.00591394715067863,-0.0428538612955673,0.138690260313895));
#9877=CARTESIAN_POINT('',(-0.0043926136964358,-0.0427007110272411,0.137270795232477));
#9878=CARTESIAN_POINT('',(-0.00330988822547985,-0.0426367809468802,0.136019359805346));
#9879=CARTESIAN_POINT('',(-0.00288981734789518,-0.0426585274337048,0.135217530461522));
#9880=CARTESIAN_POINT('',(-0.00277717719626415,-0.042725408495898,0.134725361629204));
#9881=CARTESIAN_POINT('',(-0.0289286099786298,-0.0468001752476312,0.16));
#9882=CARTESIAN_POINT('',(-0.0289286121405102,-0.0468002347013363,0.159536639171531));
#9883=CARTESIAN_POINT('',(-0.0287057096367797,-0.0467588901906825,0.158663858458808));
#9884=CARTESIAN_POINT('',(-0.0278790919051108,-0.0466021677578681,0.157197338518381));
#9885=CARTESIAN_POINT('',(-0.0265862468216457,-0.0463561183933293,0.155523318008274));
#9886=CARTESIAN_POINT('',(-0.02438549677128,-0.0459385592519453,0.153252195057753));
#9887=CARTESIAN_POINT('',(-0.0209534319870645,-0.0452961498320938,0.150252350014704));
#9888=CARTESIAN_POINT('',(-0.0165196992574042,-0.0444909887236878,0.146778093689773));
#9889=CARTESIAN_POINT('',(-0.0120128220312908,-0.0437199459317438,0.14341026809342));
#9890=CARTESIAN_POINT('',(-0.00839447070644707,-0.0431624511766506,0.140668854802849));
#9891=CARTESIAN_POINT('',(-0.00596075566266393,-0.0428456602462736,0.13869166950663));
#9892=CARTESIAN_POINT('',(-0.00443037679776858,-0.0426921742297561,0.137272515910709));
#9893=CARTESIAN_POINT('',(-0.00334115456187274,-0.0426277866749226,0.13602087876021));
#9894=CARTESIAN_POINT('',(-0.0029182901432071,-0.0426489477314598,0.135218158739793));
#9895=CARTESIAN_POINT('',(-0.00280477243893562,-0.0427157169200076,0.134724648125279));
#9896=CARTESIAN_POINT('',(-0.0290801365302692,-0.0467988929622986,0.16));
#9897=CARTESIAN_POINT('',(-0.0290801406523933,-0.0467989658650912,0.15954109923301));
#9898=CARTESIAN_POINT('',(-0.0288560865758822,-0.0467583039086732,0.158674279669121));
#9899=CARTESIAN_POINT('',(-0.028025031917684,-0.0466028420139392,0.157213908741735));
#9900=CARTESIAN_POINT('',(-0.0267251570370658,-0.0463580142092925,0.155544464872779));
#9901=CARTESIAN_POINT('',(-0.0245123457469348,-0.0459415777419826,0.153277043323815));
#9902=CARTESIAN_POINT('',(-0.0210614504178307,-0.045299887153966,0.150279638128232));
#9903=CARTESIAN_POINT('',(-0.0166036386596668,-0.0444948011034994,0.146805910453989));
#9904=CARTESIAN_POINT('',(-0.0120731613036609,-0.0437231570843761,0.143436101146917));
#9905=CARTESIAN_POINT('',(-0.00843758491672943,-0.0431641552843928,0.140690142596102));
#9906=CARTESIAN_POINT('',(-0.00599436080001605,-0.0428447742137233,0.13870707330957));
#9907=CARTESIAN_POINT('',(-0.00445971267312886,-0.0426880997895948,0.137282214789489));
#9908=CARTESIAN_POINT('',(-0.00336871940036704,-0.0426202697935066,0.136025059800829));
#9909=CARTESIAN_POINT('',(-0.00294581273979588,-0.0426395674742304,0.135219230714697));
#9910=CARTESIAN_POINT('',(-0.0028322268722848,-0.0427059830115806,0.134724045897988));
#9911=CARTESIAN_POINT('',(-0.0293536381297359,-0.0467910059062152,0.16));
#9912=CARTESIAN_POINT('',(-0.029353645593397,-0.046791097389643,0.159546519502794));
#9913=CARTESIAN_POINT('',(-0.0291276271585937,-0.0467514040892699,0.15868691092775));
#9914=CARTESIAN_POINT('',(-0.0282889950099533,-0.0465977417107386,0.157233856615291));
#9915=CARTESIAN_POINT('',(-0.0269771059605686,-0.0463546673542166,0.155569765533984));
#9916=CARTESIAN_POINT('',(-0.0247436620671234,-0.0459398649969614,0.153306581925552));
#9917=CARTESIAN_POINT('',(-0.0212604967574775,-0.0452992655429086,0.150311906414558));
#9918=CARTESIAN_POINT('',(-0.016761249500579,-0.0444943652082583,0.146838721038208));
#9919=CARTESIAN_POINT('',(-0.0121896926662425,-0.043721906239725,0.143466597498801));
#9920=CARTESIAN_POINT('',(-0.00852316707761527,-0.0431608395434207,0.140715405390328));
#9921=CARTESIAN_POINT('',(-0.00606150273015909,-0.0428380914394225,0.138725586643297));
#9922=CARTESIAN_POINT('',(-0.00451713681814776,-0.0426774283950099,0.137294149242213));
#9923=CARTESIAN_POINT('',(-0.00342053712558962,-0.0426053517636755,0.136030467812652));
#9924=CARTESIAN_POINT('',(-0.00299596301163749,-0.0426222288917505,0.135220559669783));
#9925=CARTESIAN_POINT('',(-0.00288178206828295,-0.0426881919274354,0.134722676352868));
#9926=CARTESIAN_POINT('',(-0.0297240045496888,-0.0467655267079897,0.16));
#9927=CARTESIAN_POINT('',(-0.0297240195610577,-0.0467656511514502,0.159555134901726));
#9928=CARTESIAN_POINT('',(-0.0294955319605107,-0.0467278511996102,0.158706951187889));
#9929=CARTESIAN_POINT('',(-0.0286470553173626,-0.0465779269202985,0.157265225950792));
#9930=CARTESIAN_POINT('',(-0.0273193799877055,-0.0463387472155079,0.155609177283949));
#9931=CARTESIAN_POINT('',(-0.0250586149375475,-0.0459280943495135,0.153352022571716));
#9932=CARTESIAN_POINT('',(-0.0215325357828828,-0.0452912736893256,0.150360756608663));
#9933=CARTESIAN_POINT('',(-0.0169781459811989,-0.0444888996360182,0.146887422899568));
#9934=CARTESIAN_POINT('',(-0.0123521007408012,-0.0437169144682392,0.143510819575044));
#9935=CARTESIAN_POINT('',(-0.00864477080155482,-0.0431535614877234,0.140751148086405));
#9936=CARTESIAN_POINT('',(-0.00615888937992678,-0.0428261172025812,0.138751200190007));
#9937=CARTESIAN_POINT('',(-0.00460171394586321,-0.042659855839524,0.137310294584473));
#9938=CARTESIAN_POINT('',(-0.00349762230729781,-0.0425819530292598,0.136037419184529));
#9939=CARTESIAN_POINT('',(-0.00307070249726802,-0.0425955946115221,0.135221833597932));
#9940=CARTESIAN_POINT('',(-0.00295566286611151,-0.0426609673432859,0.134720165296471));
#9941=CARTESIAN_POINT('',(-0.0302919477700768,-0.0466981977379754,0.16));
#9942=CARTESIAN_POINT('',(-0.0302919802592748,-0.0466983785590466,0.159567706420584));
#9943=CARTESIAN_POINT('',(-0.0300602161332503,-0.0466640837899772,0.158736050165963));
#9944=CARTESIAN_POINT('',(-0.0291979003547088,-0.046521256855889,0.157309988120677));
#9945=CARTESIAN_POINT('',(-0.027847607450084,-0.0462896685125894,0.155664440642212));
#9946=CARTESIAN_POINT('',(-0.0255471887179759,-0.0458875393308319,0.153414399343633));
#9947=CARTESIAN_POINT('',(-0.0219583148669398,-0.0452592959207688,0.15042622018369));
#9948=CARTESIAN_POINT('',(-0.0173228312370434,-0.0444638324144126,0.146951070875284));
#9949=CARTESIAN_POINT('',(-0.0126162538356998,-0.04369507484512,0.143567198889654));
#9950=CARTESIAN_POINT('',(-0.00884786016860484,-0.043129979018456,0.140795744961599));
#9951=CARTESIAN_POINT('',(-0.00632459724993578,-0.0427969969742719,0.138782671094777));
#9952=CARTESIAN_POINT('',(-0.0047464664151165,-0.0426239883554342,0.137329870300661));
#9953=CARTESIAN_POINT('',(-0.00362898445062529,-0.0425391142471562,0.136045427887415));
#9954=CARTESIAN_POINT('',(-0.00319702382498941,-0.042548722818356,0.135222239872949));
#9955=CARTESIAN_POINT('',(-0.00308019042763122,-0.0426133903643347,0.134714846955843));
#9956=CARTESIAN_POINT('',(-0.030950751477432,-0.0465708387357583,0.16));
#9957=CARTESIAN_POINT('',(-0.0309508168374609,-0.0465710972963435,0.159582472654054));
#9958=CARTESIAN_POINT('',(-0.0307162486596943,-0.0465420158359667,0.158769955066949));
#9959=CARTESIAN_POINT('',(-0.0298401427076108,-0.0464098462412439,0.157360732624737));
#9960=CARTESIAN_POINT('',(-0.0284663080141983,-0.0461898084869499,0.155725395486855));
#9961=CARTESIAN_POINT('',(-0.0261234608902664,-0.0458011140760056,0.153480962155007));
#9962=CARTESIAN_POINT('',(-0.0224662953844565,-0.0451873856761535,0.150493538451311));
#9963=CARTESIAN_POINT('',(-0.0177417971519814,-0.044405092859666,0.147014079036522));
#9964=CARTESIAN_POINT('',(-0.0129461670571286,-0.0436447006004909,0.143620985395608));
#9965=CARTESIAN_POINT('',(-0.00910932760326816,-0.0430811881219823,0.140836877583237));
#9966=CARTESIAN_POINT('',(-0.00654295847090061,-0.0427448601667281,0.138810809933697));
#9967=CARTESIAN_POINT('',(-0.0049394915132636,-0.0425668011159516,0.137346655066117));
#9968=CARTESIAN_POINT('',(-0.0038047317305401,-0.0424764299066889,0.136051137827786));
#9969=CARTESIAN_POINT('',(-0.00336542474095363,-0.0424824486329858,0.135220092179871));
#9970=CARTESIAN_POINT('',(-0.00324595661480107,-0.0425465422242744,0.134705944713905));
#9971=CARTESIAN_POINT('',(-0.0316715414772579,-0.0463647657381857,0.16));
#9972=CARTESIAN_POINT('',(-0.0316716642880727,-0.0463651221601777,0.159598529935512));
#9973=CARTESIAN_POINT('',(-0.0314356762573115,-0.0463429562884158,0.158806319509574));
#9974=CARTESIAN_POINT('',(-0.030547881350416,-0.0462246987278728,0.157412941912873));
#9975=CARTESIAN_POINT('',(-0.0291520633724998,-0.0460197115011047,0.155785640312239));
#9976=CARTESIAN_POINT('',(-0.0267675003675915,-0.0456489686433432,0.153543757407613));
#9977=CARTESIAN_POINT('',(-0.0230413832838711,-0.0450559070601194,0.150553949919998));
#9978=CARTESIAN_POINT('',(-0.0182257285716684,-0.0442943442418616,0.14706788675856));
#9979=CARTESIAN_POINT('',(-0.0133378821389157,-0.0435498625765903,0.143664754659094));
#9980=CARTESIAN_POINT('',(-0.00942898299846373,-0.0429943051514426,0.140868695794042));
#9981=CARTESIAN_POINT('',(-0.00681596447384772,-0.0426596588154539,0.138831189768402));
#9982=CARTESIAN_POINT('',(-0.00518395774611285,-0.0424803530164915,0.137357318133831));
#9983=CARTESIAN_POINT('',(-0.00402871659386148,-0.042387535123808,0.136052165594231));
#9984=CARTESIAN_POINT('',(-0.00357984032255798,-0.0423909809898884,0.13521352443984));
#9985=CARTESIAN_POINT('',(-0.00345685091789855,-0.0424547566543933,0.13469178300261));
#9986=CARTESIAN_POINT('',(-0.0325544553406552,-0.0460314385402474,0.16));
#9987=CARTESIAN_POINT('',(-0.0325546789458625,-0.0460319268800853,0.15961811038523));
#9988=CARTESIAN_POINT('',(-0.0323191013702782,-0.0460192880652318,0.158849957234723));
#9989=CARTESIAN_POINT('',(-0.0314209400955113,-0.0459198169832476,0.157472918584663));
#9990=CARTESIAN_POINT('',(-0.0300022410049866,-0.045735196040165,0.155852061100101));
#9991=CARTESIAN_POINT('',(-0.0275713221749812,-0.0453895632389048,0.153609839597223));
#9992=CARTESIAN_POINT('',(-0.0237664208322558,-0.0448273357719279,0.15061443992013));
#9993=CARTESIAN_POINT('',(-0.0188452539402061,-0.0440992920272521,0.147119089899185));
#9994=CARTESIAN_POINT('',(-0.0138496855005772,-0.0433835305888325,0.143704151422393));
#9995=CARTESIAN_POINT('',(-0.00985560781598439,-0.0428461926263406,0.140895240063457));
#9996=CARTESIAN_POINT('',(-0.00718647774388661,-0.0425203282128331,0.138845953780339));
#9997=CARTESIAN_POINT('',(-0.00551930604623039,-0.0423443811550988,0.137362218961317));
#9998=CARTESIAN_POINT('',(-0.00433804515100661,-0.0422523765088548,0.136047077956615));
#9999=CARTESIAN_POINT('',(-0.0038762297530333,-0.0422540907724781,0.135199862682061));
#10000=CARTESIAN_POINT('',(-0.00374832208231641,-0.0423178266872213,0.134668545380294));
#10001=CARTESIAN_POINT('',(-0.0335422164251072,-0.0455181597828627,0.16));
#10002=CARTESIAN_POINT('',(-0.0335426116253838,-0.0455188102798491,0.159639647151339));
#10003=CARTESIAN_POINT('',(-0.0333112132386994,-0.0455178933894244,0.158896627740053));
#10004=CARTESIAN_POINT('',(-0.0324074294150467,-0.0454410333208395,0.157532686079523));
#10005=CARTESIAN_POINT('',(-0.0309686706949252,-0.0452814626527316,0.155913995155077));
#10006=CARTESIAN_POINT('',(-0.0284919368303037,-0.0449689590284208,0.153666946933014));
#10007=CARTESIAN_POINT('',(-0.024606026231888,-0.0444514703294819,0.150662462989908));
#10008=CARTESIAN_POINT('',(-0.0195746648885705,-0.0437765710576495,0.147155982385411));
#10009=CARTESIAN_POINT('',(-0.0144654538335917,-0.0431106566171188,0.143728976910649));
#10010=CARTESIAN_POINT('',(-0.0103804519178833,-0.0426092979819421,0.140907904553686));
#10011=CARTESIAN_POINT('',(-0.00765048613545994,-0.0423047429929215,0.138847742786345));
#10012=CARTESIAN_POINT('',(-0.00594437079255325,-0.0421403604989813,0.1373548922793));
#10013=CARTESIAN_POINT('',(-0.0047334552570853,-0.0420551659524953,0.136030232309801));
#10014=CARTESIAN_POINT('',(-0.00425584504005493,-0.0420572797927027,0.135174201010142));
#10015=CARTESIAN_POINT('',(-0.00412162147210302,-0.042121601820364,0.134631870063602));
#10016=CARTESIAN_POINT('',(-0.0346244959282912,-0.0447357643215198,0.16));
#10017=CARTESIAN_POINT('',(-0.0346251912791414,-0.0447365929707567,0.159662833529586));
#10018=CARTESIAN_POINT('',(-0.0344033558337927,-0.0447484487705546,0.158944900971108));
#10019=CARTESIAN_POINT('',(-0.0334987883994987,-0.0446974725813476,0.157589524896756));
#10020=CARTESIAN_POINT('',(-0.0320413289631675,-0.0445696972580179,0.155968808849257));
#10021=CARTESIAN_POINT('',(-0.029516447181043,-0.044305200262794,0.153713814450768));
#10022=CARTESIAN_POINT('',(-0.0255433430203914,-0.0438596473701637,0.150698930192466));
#10023=CARTESIAN_POINT('',(-0.0203926034680449,-0.0432758673724821,0.147181687076814));
#10024=CARTESIAN_POINT('',(-0.0151597853015679,-0.0426991972235281,0.143743781905014));
#10025=CARTESIAN_POINT('',(-0.0109756918658468,-0.0422643415368569,0.140911047238235));
#10026=CARTESIAN_POINT('',(-0.00817965807225605,-0.0419999343415913,0.138839048378544));
#10027=CARTESIAN_POINT('',(-0.00643164498174627,-0.0418578380440002,0.137335119812862));
#10028=CARTESIAN_POINT('',(-0.00518918771872416,-0.0417866722175782,0.135998395603478));
#10029=CARTESIAN_POINT('',(-0.00469475989558603,-0.0417923624388918,0.135132160363975));
#10030=CARTESIAN_POINT('',(-0.00455352104339346,-0.0418583907831237,0.134578254802003));
#10031=CARTESIAN_POINT('',(-0.0354852186527009,-0.0438844943444876,0.16));
#10032=CARTESIAN_POINT('',(-0.0354862615400594,-0.0438854348454931,0.159680706504518));
#10033=CARTESIAN_POINT('',(-0.0352753912077616,-0.0439065010151176,0.15898063488786));
#10034=CARTESIAN_POINT('',(-0.0343719627878316,-0.043878277060902,0.157628570450592));
#10035=CARTESIAN_POINT('',(-0.0328991237004231,-0.0437832502564419,0.156004370532177));
#10036=CARTESIAN_POINT('',(-0.030333395621453,-0.0435742316591402,0.15374276959618));
#10037=CARTESIAN_POINT('',(-0.0262865184667337,-0.0432167924526219,0.150720956910797));
#10038=CARTESIAN_POINT('',(-0.0210348893578874,-0.042747909734303,0.147197820487022));
#10039=CARTESIAN_POINT('',(-0.015697175466836,-0.0422860071940464,0.143754620191561));
#10040=CARTESIAN_POINT('',(-0.0114286761755186,-0.0419370730367435,0.140915075443401));
#10041=CARTESIAN_POINT('',(-0.00857702038074162,-0.0417230361466199,0.138833387751956));
#10042=CARTESIAN_POINT('',(-0.00679514873209709,-0.0416074637236456,0.137317885235305));
#10043=CARTESIAN_POINT('',(-0.00552889485257302,-0.0415524064684991,0.135967432933721));
#10044=CARTESIAN_POINT('',(-0.00502345845918227,-0.041563459497313,0.135090941824075));
#10045=CARTESIAN_POINT('',(-0.00487772721869157,-0.0416318703220292,0.134528980466855));
#10046=CARTESIAN_POINT('',(-0.036058321715312,-0.043140981751317,0.16));
#10047=CARTESIAN_POINT('',(-0.0360596873282004,-0.0431419462777233,0.159693188988489));
#10048=CARTESIAN_POINT('',(-0.0358585395036295,-0.0431678367739517,0.159004844601026));
#10049=CARTESIAN_POINT('',(-0.0349569440072025,-0.0431568352355461,0.157653862196131));
#10050=CARTESIAN_POINT('',(-0.0334734072602661,-0.0430905055974193,0.156026895161693));
#10051=CARTESIAN_POINT('',(-0.0308785739733545,-0.0429336348249331,0.153761172053693));
#10052=CARTESIAN_POINT('',(-0.0267791988035583,-0.0426613095572513,0.150735816769379));
#10053=CARTESIAN_POINT('',(-0.02145571802451,-0.0423050528009815,0.147210531753714));
#10054=CARTESIAN_POINT('',(-0.016042695661297,-0.0419576694219698,0.143766263499261));
#10055=CARTESIAN_POINT('',(-0.0117124833031603,-0.0416960457614038,0.140925000913243));
#10056=CARTESIAN_POINT('',(-0.00881957161094736,-0.0415320520588353,0.138838194352753));
#10057=CARTESIAN_POINT('',(-0.00701348976629478,-0.0414397448440879,0.137313088725623));
#10058=CARTESIAN_POINT('',(-0.00573239944366638,-0.0413958980419059,0.13594850596123));
#10059=CARTESIAN_POINT('',(-0.00522296180253219,-0.0414102471644497,0.135061261843686));
#10060=CARTESIAN_POINT('',(-0.00507591785657153,-0.0414805374031063,0.134494436175756));
#10061=CARTESIAN_POINT('',(-0.0363369460777451,-0.0427180738035312,0.16));
#10062=CARTESIAN_POINT('',(-0.0363384690395851,-0.0427190311232855,0.159698586142117));
#10063=CARTESIAN_POINT('',(-0.0361417934271452,-0.042747021167742,0.159015163109587));
#10064=CARTESIAN_POINT('',(-0.0352404879663545,-0.0427455760339057,0.157664368518978));
#10065=CARTESIAN_POINT('',(-0.0337511681539313,-0.0426959082204107,0.1560360974225));
#10066=CARTESIAN_POINT('',(-0.0311415929404983,-0.0425696821075825,0.15376865201938));
#10067=CARTESIAN_POINT('',(-0.0270160881224577,-0.0423474523719148,0.150742010070123));
#10068=CARTESIAN_POINT('',(-0.0216570334946547,-0.0420576200476141,0.147216194831708));
#10069=CARTESIAN_POINT('',(-0.0162066560582516,-0.0417783678940981,0.143772001101494));
#10070=CARTESIAN_POINT('',(-0.0118454551033741,-0.0415697719655544,0.140930735208559));
#10071=CARTESIAN_POINT('',(-0.00893132934669175,-0.0414368715922464,0.138842308115332));
#10072=CARTESIAN_POINT('',(-0.00711268418167112,-0.0413587864165606,0.137312637447967));
#10073=CARTESIAN_POINT('',(-0.00582434678396036,-0.0413210655682757,0.135940133717314));
#10074=CARTESIAN_POINT('',(-0.00531393862633334,-0.0413369265352323,0.135046470514251));
#10075=CARTESIAN_POINT('',(-0.00516679497190212,-0.0414082163481119,0.134477450624672));
#10076=CARTESIAN_POINT('',(-0.0364864192074012,-0.0424718126326218,0.16));
#10077=CARTESIAN_POINT('',(-0.0364880660044277,-0.0424727561791687,0.159702657339741));
#10078=CARTESIAN_POINT('',(-0.036295121225662,-0.0425014413588154,0.159022915613841));
#10079=CARTESIAN_POINT('',(-0.0353951917633111,-0.0425049457387717,0.15767232931081));
#10080=CARTESIAN_POINT('',(-0.0339033948577055,-0.0424647510257618,0.156043226660916));
#10081=CARTESIAN_POINT('',(-0.0312860357512182,-0.0423567195360356,0.153774693592488));
#10082=CARTESIAN_POINT('',(-0.0271461535715786,-0.0421648129074684,0.150747307202193));
#10083=CARTESIAN_POINT('',(-0.0217672508469795,-0.0419155369345027,0.147221306168171));
#10084=CARTESIAN_POINT('',(-0.0162958620366754,-0.0416780445005424,0.143777410751327));
#10085=CARTESIAN_POINT('',(-0.0119170351046836,-0.0415018926796853,0.140936532966469));
#10086=CARTESIAN_POINT('',(-0.00899066588314688,-0.0413874598881096,0.138847483284274));
#10087=CARTESIAN_POINT('',(-0.00716485922311529,-0.0413167075566156,0.137314923447887));
#10088=CARTESIAN_POINT('',(-0.00587288091454397,-0.0412807650585574,0.135936737416089));
#10089=CARTESIAN_POINT('',(-0.00536286862583481,-0.041296509182852,0.135038283480406));
#10090=CARTESIAN_POINT('',(-0.00521608942396185,-0.0413681918545565,0.134467939646485));
#10091=CARTESIAN_POINT('',(-0.0366534106592239,-0.042180780512525,0.16));
#10092=CARTESIAN_POINT('',(-0.0366550700666697,-0.0421817144733172,0.159702732362876));
#10093=CARTESIAN_POINT('',(-0.0364617435597848,-0.0422122153600206,0.159022959244815));
#10094=CARTESIAN_POINT('',(-0.0355587997086575,-0.0422233180172683,0.157671941653279));
#10095=CARTESIAN_POINT('',(-0.0340616422160792,-0.0421954375711421,0.156042412685202));
#10096=CARTESIAN_POINT('',(-0.0314346309297657,-0.0421088298048503,0.153773524044458));
#10097=CARTESIAN_POINT('',(-0.0272793195774812,-0.041950813603194,0.150745977656819));
#10098=CARTESIAN_POINT('',(-0.0218801810537574,-0.0417458876527622,0.147220022814922));
#10099=CARTESIAN_POINT('',(-0.0163878270804453,-0.0415541943234646,0.143776263820053));
#10100=CARTESIAN_POINT('',(-0.0119915581882877,-0.041415158381715,0.14093552377045));
#10101=CARTESIAN_POINT('',(-0.00905284382220728,-0.0413247070360416,0.138846244935766));
#10102=CARTESIAN_POINT('',(-0.00721914905385188,-0.0412669322424864,0.137312299754367));
#10103=CARTESIAN_POINT('',(-0.00592207502247683,-0.0412381418460087,0.135930981839752));
#10104=CARTESIAN_POINT('',(-0.00541100377975426,-0.0412561034648908,0.135029566382535));
#10105=CARTESIAN_POINT('',(-0.00526408238935371,-0.0413286923566726,0.134458327778904));
#10106=CARTESIAN_POINT('',(-0.0368780615765155,-0.0417925479171148,0.16));
#10107=CARTESIAN_POINT('',(-0.0368796951540592,-0.0417934742885722,0.15970140048031));
#10108=CARTESIAN_POINT('',(-0.0366843071886809,-0.0418268372612105,0.15902028377575));
#10109=CARTESIAN_POINT('',(-0.0357756867074342,-0.0418487654322975,0.157668519423464));
#10110=CARTESIAN_POINT('',(-0.0342702660845528,-0.0418377501644982,0.156038612255177));
#10111=CARTESIAN_POINT('',(-0.0316296027340756,-0.0417797369570694,0.153769554747062));
#10112=CARTESIAN_POINT('',(-0.0274531837038332,-0.0416662979868369,0.15074204388688));
#10113=CARTESIAN_POINT('',(-0.0220267546723917,-0.0415192897115437,0.147216250387391));
#10114=CARTESIAN_POINT('',(-0.0165063725030276,-0.0413873300261641,0.143772557631498));
#10115=CARTESIAN_POINT('',(-0.0120869791429442,-0.0412971887748132,0.14093173525552));
#10116=CARTESIAN_POINT('',(-0.00913192404495606,-0.041239502791828,0.138842122582041));
#10117=CARTESIAN_POINT('',(-0.00728750561669338,-0.0412008869412999,0.137306968340788));
#10118=CARTESIAN_POINT('',(-0.0059829556214502,-0.0411839184941431,0.135922858974049));
#10119=CARTESIAN_POINT('',(-0.0054696583211375,-0.041205918814664,0.135018603847942));
#10120=CARTESIAN_POINT('',(-0.00532226012268451,-0.0412799212918613,0.134446416038488));
#10121=CARTESIAN_POINT('',(-0.0372467245400255,-0.0411536614268797,0.16));
#10122=CARTESIAN_POINT('',(-0.037248339738313,-0.0411545731620689,0.159700050695279));
#10123=CARTESIAN_POINT('',(-0.0370503648131704,-0.0411924609735363,0.159017513321935));
#10124=CARTESIAN_POINT('',(-0.0361330159237472,-0.0412319776072582,0.157664680570266));
#10125=CARTESIAN_POINT('',(-0.0346140993525913,-0.041248697659558,0.156034123536639));
#10126=CARTESIAN_POINT('',(-0.031950500122572,-0.0412380951754014,0.153764743125426));
#10127=CARTESIAN_POINT('',(-0.0277382346430853,-0.0411988907160927,0.150737334181706));
#10128=CARTESIAN_POINT('',(-0.0222652937685751,-0.0411484612917315,0.147211936521089));
#10129=CARTESIAN_POINT('',(-0.0166971455181673,-0.0411159874601041,0.143768479079264));
#10130=CARTESIAN_POINT('',(-0.0122384401484761,-0.0411070531617583,0.140927534880751));
#10131=CARTESIAN_POINT('',(-0.00925568558685698,-0.041103641373443,0.138837266768899));
#10132=CARTESIAN_POINT('',(-0.00739311693520321,-0.0410966012896842,0.137299908195889));
#10133=CARTESIAN_POINT('',(-0.00607600146466903,-0.0410988241095289,0.135910769610879));
#10134=CARTESIAN_POINT('',(-0.0055592631181107,-0.0411272382893994,0.135001420753432));
#10135=CARTESIAN_POINT('',(-0.00541125275509312,-0.0412035225180334,0.134427696897047));
#10136=CARTESIAN_POINT('',(-0.0377339650928222,-0.0403099044028672,0.16));
#10137=CARTESIAN_POINT('',(-0.0377355488870851,-0.0403107985680922,0.159698063152419));
#10138=CARTESIAN_POINT('',(-0.0375338084414051,-0.040354817273138,0.159013493492647));
#10139=CARTESIAN_POINT('',(-0.0366042596201912,-0.040417893356898,0.157659297858514));
#10140=CARTESIAN_POINT('',(-0.0350666885283995,-0.040471620102751,0.156028015468499));
#10141=CARTESIAN_POINT('',(-0.0323715567079422,-0.0405241183236599,0.153758425270969));
#10142=CARTESIAN_POINT('',(-0.0281101373311574,-0.0405835432301948,0.150731438775722));
#10143=CARTESIAN_POINT('',(-0.0225735498743066,-0.0406612171797779,0.147206846094058));
#10144=CARTESIAN_POINT('',(-0.0169402491203341,-0.0407604529128937,0.143763807694075));
#10145=CARTESIAN_POINT('',(-0.012428222166138,-0.0408590709611261,0.14092253261613));
#10146=CARTESIAN_POINT('',(-0.00940807293098827,-0.0409282921465751,0.138831224848898));
#10147=CARTESIAN_POINT('',(-0.00752081738447844,-0.0409645713183234,0.137291208918897));
#10148=CARTESIAN_POINT('',(-0.0061861938721044,-0.040993883482574,0.135896119203939));
#10149=CARTESIAN_POINT('',(-0.00566438601137136,-0.0410314730899446,0.134980525975149));
#10150=CARTESIAN_POINT('',(-0.00551548448709182,-0.0411108991907899,0.134404970067841));
#10151=CARTESIAN_POINT('',(-0.0383516682657503,-0.0392399573131594,0.16));
#10152=CARTESIAN_POINT('',(-0.0383532169683308,-0.03924082974363,0.159695738442745));
#10153=CARTESIAN_POINT('',(-0.0381467475435033,-0.039292691776111,0.159008809687282));
#10154=CARTESIAN_POINT('',(-0.0372013515764323,-0.0393858867197403,0.157653003475226));
#10155=CARTESIAN_POINT('',(-0.0356393336834594,-0.0394869474401539,0.156020920416451));
#10156=CARTESIAN_POINT('',(-0.0329027221621834,-0.0396201879920122,0.153751272888316));
#10157=CARTESIAN_POINT('',(-0.0285765762587562,-0.0398058022948402,0.150725170367354));
#10158=CARTESIAN_POINT('',(-0.0229562197865052,-0.040047213396456,0.147202014783661));
#10159=CARTESIAN_POINT('',(-0.0172373685002006,-0.0403144155721114,0.143759770202672));
#10160=CARTESIAN_POINT('',(-0.0126556988144731,-0.040549894924646,0.140917973207537));
#10161=CARTESIAN_POINT('',(-0.00958705320236854,-0.0407119644125514,0.138825043844165));
#10162=CARTESIAN_POINT('',(-0.00766774109037713,-0.0408046604199462,0.1372816668974));
#10163=CARTESIAN_POINT('',(-0.00630996811833512,-0.0408701677818364,0.135879515670899));
#10164=CARTESIAN_POINT('',(-0.00578116640290483,-0.0409202099848793,0.134956414662727));
#10165=CARTESIAN_POINT('',(-0.00563106173241752,-0.0410037631216074,0.134378710679756));
#10166=CARTESIAN_POINT('',(-0.0392127590653683,-0.0377485218957209,0.16));
#10167=CARTESIAN_POINT('',(-0.0392142587320779,-0.0377493650820638,0.15969251439323));
#10168=CARTESIAN_POINT('',(-0.0390010647680804,-0.0378122825781625,0.159002347827464));
#10169=CARTESIAN_POINT('',(-0.0380330019441972,-0.037947798191504,0.157644377784208));
#10170=CARTESIAN_POINT('',(-0.0364359668184451,-0.0381153181458447,0.156011311480252));
#10171=CARTESIAN_POINT('',(-0.0336399116132805,-0.0383618711517953,0.153741832285703));
#10172=CARTESIAN_POINT('',(-0.0292210171967719,-0.0387244822399931,0.150717365078));
#10173=CARTESIAN_POINT('',(-0.0234807056885409,-0.0391953272042002,0.147196690564817));
#10174=CARTESIAN_POINT('',(-0.0176395697071915,-0.0396974300432429,0.14375585984933));
#10175=CARTESIAN_POINT('',(-0.012958768276906,-0.0401238671006328,0.140913226208266));
#10176=CARTESIAN_POINT('',(-0.0098215510180782,-0.040415793587674,0.138817639838718));
#10177=CARTESIAN_POINT('',(-0.0078569901492545,-0.0405886447270061,0.13726951553436));
#10178=CARTESIAN_POINT('',(-0.00646605724505638,-0.0407070363029705,0.135858217217463));
#10179=CARTESIAN_POINT('',(-0.00592662351844815,-0.0407757748126184,0.134925463788999));
#10180=CARTESIAN_POINT('',(-0.0057745993300723,-0.0408653251920694,0.134344938959752));
#10181=CARTESIAN_POINT('',(-0.0403443180942052,-0.0357885957123939,0.16));
#10182=CARTESIAN_POINT('',(-0.040345755038696,-0.0357894015726045,0.159688325890512));
#10183=CARTESIAN_POINT('',(-0.0401236024120606,-0.0358669973722992,0.158993985316656));
#10184=CARTESIAN_POINT('',(-0.0391249867853094,-0.0360585706122021,0.157633245300321));
#10185=CARTESIAN_POINT('',(-0.037480610364122,-0.0363140822473212,0.155999034942782));
#10186=CARTESIAN_POINT('',(-0.0346040929641675,-0.0367106179897106,0.153730104408371));
#10187=CARTESIAN_POINT('',(-0.0300596310533871,-0.0373073942226055,0.150708370959417));
#10188=CARTESIAN_POINT('',(-0.0241570067814752,-0.0380814437262557,0.147191688917711));
#10189=CARTESIAN_POINT('',(-0.0181507033614633,-0.0388932187242794,0.143753214310161));
#10190=CARTESIAN_POINT('',(-0.0133366145595637,-0.0395704595076434,0.14090932853967));
#10191=CARTESIAN_POINT('',(-0.0101080089952281,-0.040032945664986,0.138809521231636));
#10192=CARTESIAN_POINT('',(-0.00808353319723563,-0.0403128539547885,0.137254802940717));
#10193=CARTESIAN_POINT('',(-0.00664809225585839,-0.0405047112555145,0.135832550361672));
#10194=CARTESIAN_POINT('',(-0.00609302115969022,-0.0406007564850842,0.134888870433464));
#10195=CARTESIAN_POINT('',(-0.00593783447574472,-0.0406987147732739,0.134304824700046));
#10196=CARTESIAN_POINT('',(-0.0417441598434951,-0.0333640006811276,0.16));
#10197=CARTESIAN_POINT('',(-0.0417455198001864,-0.033364761363942,0.159683029356897));
#10198=CARTESIAN_POINT('',(-0.0415121575253665,-0.0334606004827633,0.158983387807995));
#10199=CARTESIAN_POINT('',(-0.0404750778869739,-0.0337217348249234,0.157619066411891));
#10200=CARTESIAN_POINT('',(-0.0387710015696741,-0.0340863908057164,0.155983385453353));
#10201=CARTESIAN_POINT('',(-0.0357929415597606,-0.0346689066961555,0.153715240615662));
#10202=CARTESIAN_POINT('',(-0.0310899909941051,-0.0355559059315307,0.150697237060027));
#10203=CARTESIAN_POINT('',(-0.0249825642969352,-0.0367053314433934,0.14718598135852));
#10204=CARTESIAN_POINT('',(-0.0187681025883315,-0.0378995007049717,0.143750633268552));
#10205=CARTESIAN_POINT('',(-0.0137866096652164,-0.0388849392687987,0.140904635615943));
#10206=CARTESIAN_POINT('',(-0.010444249045428,-0.0395562201872501,0.138798229663348));
#10207=CARTESIAN_POINT('',(-0.00834621894204478,-0.0399689438097066,0.13723431611729));
#10208=CARTESIAN_POINT('',(-0.00685615773856523,-0.040256658559906,0.135799922122072));
#10209=CARTESIAN_POINT('',(-0.00627941886995378,-0.040391609145496,0.134846541878164));
#10210=CARTESIAN_POINT('',(-0.00611890126821358,-0.0405010857859555,0.134258317833558));
#10211=CARTESIAN_POINT('',(-0.04313946087184,-0.0309472705482834,0.16));
#10212=CARTESIAN_POINT('',(-0.04314074421048,-0.030947986824418,0.159677515503833));
#10213=CARTESIAN_POINT('',(-0.0428961716363864,-0.0310619217079546,0.158972252074401));
#10214=CARTESIAN_POINT('',(-0.041820576462303,-0.0313920400950876,0.157603945725999));
#10215=CARTESIAN_POINT('',(-0.0400566917463727,-0.0318649244758927,0.155966437079875));
#10216=CARTESIAN_POINT('',(-0.036976873481106,-0.0326318270961158,0.153698723367807));
#10217=CARTESIAN_POINT('',(-0.0321150779550988,-0.0338064504227514,0.150684114254329));
#10218=CARTESIAN_POINT('',(-0.0258023983187922,-0.0353275525506454,0.147177926372793));
#10219=CARTESIAN_POINT('',(-0.0193794061191971,-0.036899528068955,0.143745103320061));
#10220=CARTESIAN_POINT('',(-0.0142304975623692,-0.0381881979683827,0.140895862052151));
#10221=CARTESIAN_POINT('',(-0.0107751139172772,-0.0390642364251826,0.138781275267391));
#10222=CARTESIAN_POINT('',(-0.00860503958861317,-0.0396088749892296,0.137207310337711));
#10223=CARTESIAN_POINT('',(-0.00706192066987803,-0.0399963645528499,0.135762814582623));
#10224=CARTESIAN_POINT('',(-0.00646162093151034,-0.0401749915210994,0.13480412928458));
#10225=CARTESIAN_POINT('',(-0.00629421103619356,-0.0402971281507907,0.134211593916282));
#10226=CARTESIAN_POINT('',(-0.0444835737012718,-0.0286191882751334,0.16));
#10227=CARTESIAN_POINT('',(-0.0444847844380475,-0.0286198627601985,0.159671952085829));
#10228=CARTESIAN_POINT('',(-0.0442295196669167,-0.0287509676649698,0.158960830351252));
#10229=CARTESIAN_POINT('',(-0.0431171326013191,-0.0291465601436216,0.157588009234486));
#10230=CARTESIAN_POINT('',(-0.0412960816134156,-0.0297221745817377,0.155948027733676));
#10231=CARTESIAN_POINT('',(-0.0381189599811019,-0.0306640839027095,0.153679836704015));
#10232=CARTESIAN_POINT('',(-0.0331052337189128,-0.0321116079909101,0.150667379257677));
#10233=CARTESIAN_POINT('',(-0.0265961958430883,-0.0339850561575408,0.14716473415507));
#10234=CARTESIAN_POINT('',(-0.0199736890217806,-0.0359144794541152,0.143732744528746));
#10235=CARTESIAN_POINT('',(-0.0146647464185962,-0.0374891579867784,0.14087849913659));
#10236=CARTESIAN_POINT('',(-0.0111019525973917,-0.0385585038325821,0.138754339505247));
#10237=CARTESIAN_POINT('',(-0.00886431169092554,-0.0392301187719547,0.137170672091512));
#10238=CARTESIAN_POINT('',(-0.00727160743648547,-0.0397176161298484,0.13571971432054));
#10239=CARTESIAN_POINT('',(-0.00664695155667279,-0.0399418750414011,0.134759848056696));
#10240=CARTESIAN_POINT('',(-0.00647145191248889,-0.0400771737592793,0.13416245736648));
#10241=CARTESIAN_POINT('',(-0.0457305639265885,-0.0264593779541166,0.16));
#10242=CARTESIAN_POINT('',(-0.0457317051469483,-0.0264600140891997,0.159666251863215));
#10243=CARTESIAN_POINT('',(-0.0454665504739616,-0.0266065539718603,0.158948862318848));
#10244=CARTESIAN_POINT('',(-0.0443205781303164,-0.0270611536008593,0.157570812366277));
#10245=CARTESIAN_POINT('',(-0.0424475209573618,-0.0277293890180072,0.155927436023958));
#10246=CARTESIAN_POINT('',(-0.0391819913337476,-0.0288290723764336,0.153657322010021));
#10247=CARTESIAN_POINT('',(-0.0340302599774144,-0.0305225189121827,0.150644845351612));
#10248=CARTESIAN_POINT('',(-0.0273428358237561,-0.0327131886620168,0.147142995381586));
#10249=CARTESIAN_POINT('',(-0.0205390375286887,-0.0349639040686715,0.143709040411282));
#10250=CARTESIAN_POINT('',(-0.0150848659198461,-0.0367955690823246,0.140847615999101));
#10251=CARTESIAN_POINT('',(-0.0114252988889189,-0.0380403985655913,0.13871339717085));
#10252=CARTESIAN_POINT('',(-0.00912734967546853,-0.0388306514709152,0.137122417414699));
#10253=CARTESIAN_POINT('',(-0.00748987192827105,-0.039414101706815,0.135669941532047));
#10254=CARTESIAN_POINT('',(-0.006841161357785,-0.0396823850373171,0.134711616549519));
#10255=CARTESIAN_POINT('',(-0.0066568661022949,-0.0398305478495333,0.134108352220244));
#10256=CARTESIAN_POINT('',(-0.0466482445659822,-0.0248697835768765,0.16));
#10257=CARTESIAN_POINT('',(-0.0466493448569251,-0.0248703951464622,0.159662240496254));
#10258=CARTESIAN_POINT('',(-0.0463776012939184,-0.0250277282732872,0.158940066475206));
#10259=CARTESIAN_POINT('',(-0.0452083073299016,-0.0255234747850929,0.157557056771883));
#10260=CARTESIAN_POINT('',(-0.0432987181361077,-0.0262563140243437,0.155909690753647));
#10261=CARTESIAN_POINT('',(-0.0399707604634023,-0.0274660995412458,0.153636025526618));
#10262=CARTESIAN_POINT('',(-0.0347213679789559,-0.0293311688172135,0.150620624601432));
#10263=CARTESIAN_POINT('',(-0.0279075687567025,-0.0317430622833773,0.14711582495476));
#10264=CARTESIAN_POINT('',(-0.0209753023248171,-0.0342176855581408,0.143676783767076));
#10265=CARTESIAN_POINT('',(-0.0154185609562358,-0.0362295129252161,0.140807396141986));
#10266=CARTESIAN_POINT('',(-0.0116912967327123,-0.0376005118329685,0.138665717276291));
#10267=CARTESIAN_POINT('',(-0.00935113886343317,-0.0384788918331903,0.137072150294907));
#10268=CARTESIAN_POINT('',(-0.00768139527370218,-0.0391341700552882,0.135622236811155));
#10269=CARTESIAN_POINT('',(-0.00701375488103678,-0.0394349804591622,0.134665966749136));
#10270=CARTESIAN_POINT('',(-0.00682182633206861,-0.0395929983865548,0.134056671560809));
#10271=CARTESIAN_POINT('',(-0.0472100021930062,-0.0238970136820801,0.16));
#10272=CARTESIAN_POINT('',(-0.0472110604199073,-0.0238976071457966,0.159658500027129));
#10273=CARTESIAN_POINT('',(-0.0469346248282456,-0.0240609505076372,0.158931842039741));
#10274=CARTESIAN_POINT('',(-0.0457509030481155,-0.0245800716305674,0.157544687778511));
#10275=CARTESIAN_POINT('',(-0.0438196019379027,-0.0253496874188561,0.155893912171109));
#10276=CARTESIAN_POINT('',(-0.0404551809403372,-0.0266221097957475,0.153616743902729));
#10277=CARTESIAN_POINT('',(-0.0351490993753385,-0.0285847148223413,0.150597587217109));
#10278=CARTESIAN_POINT('',(-0.0282621286909743,-0.0311223348885725,0.14708852508558));
#10279=CARTESIAN_POINT('',(-0.0212557047996161,-0.0337247704038465,0.143644098891881));
#10280=CARTESIAN_POINT('',(-0.015640195416383,-0.0358413232909153,0.140768946340642));
#10281=CARTESIAN_POINT('',(-0.0118744245365217,-0.037288070747794,0.138623886041233));
#10282=CARTESIAN_POINT('',(-0.00950995100714432,-0.0382203553741969,0.137030879051391));
#10283=CARTESIAN_POINT('',(-0.00782097367846466,-0.0389193838663053,0.135584280687261));
#10284=CARTESIAN_POINT('',(-0.00714103227160949,-0.0392398629547456,0.134629506567396));
#10285=CARTESIAN_POINT('',(-0.00694364726048239,-0.0394041288396802,0.1340154299403));
#10286=CARTESIAN_POINT('',(-0.0474637176678477,-0.0234572531586857,0.16));
#10287=CARTESIAN_POINT('',(-0.047464781560715,-0.0234578448219226,0.15965818998422));
#10288=CARTESIAN_POINT('',(-0.047187480351252,-0.0236238784372523,0.158930794893864));
#10289=CARTESIAN_POINT('',(-0.0459986798695938,-0.0241529142435714,0.157541701479562));
#10290=CARTESIAN_POINT('',(-0.044058581295213,-0.0249380815714557,0.155888784813782));
#10291=CARTESIAN_POINT('',(-0.0406785075660677,-0.026237107333602,0.153609089405042));
#10292=CARTESIAN_POINT('',(-0.0353475894599592,-0.0282413326932444,0.150587078055851));
#10293=CARTESIAN_POINT('',(-0.0284283324699863,-0.030832748386793,0.147074836537141));
#10294=CARTESIAN_POINT('',(-0.0213891347855328,-0.0334900552690438,0.143626854817194));
#10295=CARTESIAN_POINT('',(-0.0157477064361588,-0.0356520456522281,0.140748457503605));
#10296=CARTESIAN_POINT('',(-0.0119649670217982,-0.0371321731843434,0.138601805227622));
#10297=CARTESIAN_POINT('',(-0.00958968123531666,-0.0380883907806441,0.137009204448816));
#10298=CARTESIAN_POINT('',(-0.00789200280365124,-0.0388068606939995,0.135564172766087));
#10299=CARTESIAN_POINT('',(-0.00720621473157117,-0.0391361421179705,0.134609997459254));
#10300=CARTESIAN_POINT('',(-0.00700608179279544,-0.0393033172918435,0.133993365238409));
#10301=CARTESIAN_POINT('',(-0.0476077280295264,-0.0232083236535679,0.16));
#10302=CARTESIAN_POINT('',(-0.0476087548205355,-0.0232089046588218,0.159655603426701));
#10303=CARTESIAN_POINT('',(-0.04732902490266,-0.0233761873194323,0.158925358367834));
#10304=CARTESIAN_POINT('',(-0.0461354148477673,-0.0239107230083052,0.157534677036457));
#10305=CARTESIAN_POINT('',(-0.0441893385748324,-0.0247046205037082,0.155880802936472));
#10306=CARTESIAN_POINT('',(-0.0408001807159538,-0.0260184207302425,0.153600176529898));
#10307=CARTESIAN_POINT('',(-0.0354556896334878,-0.0280454959786542,0.150576995756431));
#10308=CARTESIAN_POINT('',(-0.0285191983501785,-0.0306663644803871,0.147063307490997));
#10309=CARTESIAN_POINT('',(-0.0214627388554266,-0.0333540106983822,0.143613716062203));
#10310=CARTESIAN_POINT('',(-0.0158078202596487,-0.0355416659140649,0.140734105391002));
#10311=CARTESIAN_POINT('',(-0.0120162974804756,-0.0370410026606452,0.138587309696525));
#10312=CARTESIAN_POINT('',(-0.00963535336835015,-0.0380110376587574,0.136995601059774));
#10313=CARTESIAN_POINT('',(-0.00793300444678729,-0.0387406617234859,0.135551985245086));
#10314=CARTESIAN_POINT('',(-0.00724390881164864,-0.0390749400956772,0.134598354898115));
#10315=CARTESIAN_POINT('',(-0.00704217498446074,-0.0392437734730114,0.133980273942486));
#10316=CARTESIAN_POINT('',(-0.0477240542669667,-0.0230047767692558,0.16));
#10317=CARTESIAN_POINT('',(-0.0477251975709075,-0.0230053848431717,0.159662158978043));
#10318=CARTESIAN_POINT('',(-0.0474506340045431,-0.0231744404907939,0.158938202168082));
#10319=CARTESIAN_POINT('',(-0.0462604620355022,-0.0237129666790102,0.157547545217502));
#10320=CARTESIAN_POINT('',(-0.0443136321379068,-0.0245128473730162,0.155891394359227));
#10321=CARTESIAN_POINT('',(-0.0409187085787198,-0.0258373738332141,0.153607372451136));
#10322=CARTESIAN_POINT('',(-0.0355626778187452,-0.0278820523782268,0.150580486174437));
#10323=CARTESIAN_POINT('',(-0.0286100562454965,-0.0305260797423471,0.147063029746896));
#10324=CARTESIAN_POINT('',(-0.02153669161185,-0.0332370535808852,0.143609603134766));
#10325=CARTESIAN_POINT('',(-0.0158681296133404,-0.0354435307261033,0.140726467099358));
#10326=CARTESIAN_POINT('',(-0.0120675728870975,-0.0369565053057513,0.138577251616398));
#10327=CARTESIAN_POINT('',(-0.00968089147006611,-0.0379363902547067,0.13698442961183));
#10328=CARTESIAN_POINT('',(-0.00797401497720933,-0.0386742043176772,0.135540416327298));
#10329=CARTESIAN_POINT('',(-0.00728191303565334,-0.0390124132732915,0.134586535402766));
#10330=CARTESIAN_POINT('',(-0.00707868746812642,-0.0391826688447995,0.133966847564183));
#10331=CARTESIAN_POINT('',(-0.0478543316974046,-0.0227577001731637,0.16));
#10332=CARTESIAN_POINT('',(-0.0478556106769449,-0.0227583340068202,0.159668792839079));
#10333=CARTESIAN_POINT('',(-0.0475866805663048,-0.0229289214296401,0.158950832293688));
#10334=CARTESIAN_POINT('',(-0.0464000204111805,-0.0234713541380254,0.157559386055207));
#10335=CARTESIAN_POINT('',(-0.0444522536878831,-0.0242776178489414,0.155900273130395));
#10336=CARTESIAN_POINT('',(-0.0410512154699762,-0.0256140665001862,0.153612154841712));
#10337=CARTESIAN_POINT('',(-0.0356831968043504,-0.0276786131341696,0.150580777356219));
#10338=CARTESIAN_POINT('',(-0.0287139688831644,-0.0303490337351202,0.147058687785989));
#10339=CARTESIAN_POINT('',(-0.0216233448880719,-0.0330870775992991,0.143600649142474));
#10340=CARTESIAN_POINT('',(-0.015941012644359,-0.035316138385349,0.140713608982312));
#10341=CARTESIAN_POINT('',(-0.0121313944749278,-0.0368459846560886,0.138562089911173));
#10342=CARTESIAN_POINT('',(-0.00973885280605691,-0.0378381285290639,0.136968518390511));
#10343=CARTESIAN_POINT('',(-0.00802713155479909,-0.0385860336413271,0.135524492725578));
#10344=CARTESIAN_POINT('',(-0.00733146218369901,-0.0389290038507787,0.13457044836302));
#10345=CARTESIAN_POINT('',(-0.00712637240628779,-0.0391010071063862,0.133948728658134));
#10346=CARTESIAN_POINT('',(-0.048032941824065,-0.0223880518781424,0.16));
#10347=CARTESIAN_POINT('',(-0.0480344488315262,-0.0223887197616116,0.159678664384259));
#10348=CARTESIAN_POINT('',(-0.0477745227987606,-0.022560743249859,0.158969147635902));
#10349=CARTESIAN_POINT('',(-0.0465937369042081,-0.0231073611944158,0.15757563919211));
#10350=CARTESIAN_POINT('',(-0.0446455013010554,-0.0239213966370184,0.15591146264265));
#10351=CARTESIAN_POINT('',(-0.0412371153542068,-0.0252733687544886,0.153616581907416));
#10352=CARTESIAN_POINT('',(-0.0358542515699231,-0.0273645783059789,0.150577715728313));
#10353=CARTESIAN_POINT('',(-0.0288644031159558,-0.0300710429869626,0.14704783237011));
#10354=CARTESIAN_POINT('',(-0.0217524808697103,-0.0328468606537127,0.14358226736462));
#10355=CARTESIAN_POINT('',(-0.0160533353310632,-0.0351084036029012,0.140689345928715));
#10356=CARTESIAN_POINT('',(-0.0122326719853821,-0.0366630313491391,0.138534745961427));
#10357=CARTESIAN_POINT('',(-0.00983279085234362,-0.0376732211838648,0.136940412757855));
#10358=CARTESIAN_POINT('',(-0.00811465227720853,-0.038435929951325,0.135496586914055));
#10359=CARTESIAN_POINT('',(-0.0074136612499557,-0.0387859172906998,0.134542321552472));
#10360=CARTESIAN_POINT('',(-0.00720559992654211,-0.0389606032485471,0.133917281492459));
#10361=CARTESIAN_POINT('',(-0.0482802960900426,-0.0217985220350418,0.16));
#10362=CARTESIAN_POINT('',(-0.0482821985264349,-0.0217992232735593,0.159692706637337));
#10363=CARTESIAN_POINT('',(-0.0480365336952768,-0.0219712975574064,0.158993906787629));
#10364=CARTESIAN_POINT('',(-0.0468651627346501,-0.0225207110086569,0.15759496569748));
#10365=CARTESIAN_POINT('',(-0.0449176632252499,-0.0233430295184512,0.155921559726166));
#10366=CARTESIAN_POINT('',(-0.041501586834549,-0.024714243581937,0.153614825450461));
#10367=CARTESIAN_POINT('',(-0.0361025206680202,-0.026840449012788,0.150562558356315));
#10368=CARTESIAN_POINT('',(-0.0290902658795736,-0.0295959176070106,0.147018536547419));
#10369=CARTESIAN_POINT('',(-0.0219557074107752,-0.032425399969579,0.143539924057423));
#10370=CARTESIAN_POINT('',(-0.0162391552822523,-0.0347353812573096,0.140637964746653));
#10371=CARTESIAN_POINT('',(-0.0124070149414482,-0.0363278288950389,0.138479461504881));
#10372=CARTESIAN_POINT('',(-0.00999891027474846,-0.0373655142773214,0.136884709066456));
#10373=CARTESIAN_POINT('',(-0.00827258627003632,-0.0381507005123383,0.135441640313809));
#10374=CARTESIAN_POINT('',(-0.0075631622298605,-0.0385115133700975,0.134487097412782));
#10375=CARTESIAN_POINT('',(-0.0073499014855193,-0.0386906367847852,0.133856104485002));
#10376=CARTESIAN_POINT('',(-0.0485027687730325,-0.0210982319602274,0.16));
#10377=CARTESIAN_POINT('',(-0.0485052033396595,-0.0210989126674303,0.159706387278169));
#10378=CARTESIAN_POINT('',(-0.0482759324699787,-0.0212662260270797,0.159015488014545));
#10379=CARTESIAN_POINT('',(-0.047115937524464,-0.0218107736278832,0.157606468754432));
#10380=CARTESIAN_POINT('',(-0.0451726246245343,-0.0226338338367612,0.155919800131581));
#10381=CARTESIAN_POINT('',(-0.0417558373569981,-0.0240151824334008,0.153596325132247));
#10382=CARTESIAN_POINT('',(-0.0363528090617046,-0.0261654304879958,0.150524411546493));
#10383=CARTESIAN_POINT('',(-0.0293352313186205,-0.0289594033986074,0.146959563748288));
#10384=CARTESIAN_POINT('',(-0.0221963337667491,-0.0318358509346927,0.143463105367522));
#10385=CARTESIAN_POINT('',(-0.0164770184157998,-0.0341908953145176,0.14055003803525));
#10386=CARTESIAN_POINT('',(-0.0126425755032879,-0.0358188776190285,0.138386792261821));
#10387=CARTESIAN_POINT('',(-0.0102311528433673,-0.0368824344025668,0.136791093601984));
#10388=CARTESIAN_POINT('',(-0.00849897197933984,-0.0376893506580066,0.135348231314894));
#10389=CARTESIAN_POINT('',(-0.00777943748166116,-0.0380618612798035,0.13439324012881));
#10390=CARTESIAN_POINT('',(-0.00755872909241876,-0.0382467595725551,0.133753638717991));
#10391=CARTESIAN_POINT('',(-0.0486699560974302,-0.0203538930691113,0.16));
#10392=CARTESIAN_POINT('',(-0.0486729526779686,-0.0203544577766765,0.15971735434167));
#10393=CARTESIAN_POINT('',(-0.0484584764224044,-0.0205137336709493,0.15903067188075));
#10394=CARTESIAN_POINT('',(-0.0473094761605041,-0.0210499006599463,0.157609886530048));
#10395=CARTESIAN_POINT('',(-0.0453728899759194,-0.0218703290361515,0.15590903048315));
#10396=CARTESIAN_POINT('',(-0.0419618426599037,-0.0232568412458788,0.153567530898503));
#10397=CARTESIAN_POINT('',(-0.0365658843194914,-0.0254228799675998,0.150473838681411));
#10398=CARTESIAN_POINT('',(-0.0295571301199629,-0.0282429895272099,0.146885382709682));
#10399=CARTESIAN_POINT('',(-0.0224272826086811,-0.031150340962252,0.143367657936374));
#10400=CARTESIAN_POINT('',(-0.0167148692749866,-0.0335335711082041,0.140439081332983));
#10401=CARTESIAN_POINT('',(-0.0128840815383446,-0.035183378129336,0.138266481330695));
#10402=CARTESIAN_POINT('',(-0.0104728979107027,-0.0362635599160707,0.13666608787724));
#10403=CARTESIAN_POINT('',(-0.00873725651545247,-0.0370860697964017,0.135220417796159));
#10404=CARTESIAN_POINT('',(-0.00800782240636093,-0.0374695856183533,0.13426449454212));
#10405=CARTESIAN_POINT('',(-0.0077786607402223,-0.0376612885273653,0.133615488196405));
#10406=CARTESIAN_POINT('',(-0.0487624188244423,-0.0196901372522824,0.16));
#10407=CARTESIAN_POINT('',(-0.0487659130199025,-0.0196904897653386,0.159725911769916));
#10408=CARTESIAN_POINT('',(-0.0485628590207825,-0.0198417797387242,0.159042007077086));
#10409=CARTESIAN_POINT('',(-0.0474222483631411,-0.0203736109578778,0.157612179550814));
#10410=CARTESIAN_POINT('',(-0.0454915704175243,-0.0211973162895799,0.155900908944621));
#10411=CARTESIAN_POINT('',(-0.0420865798184839,-0.0225973669420411,0.153546423592184));
#10412=CARTESIAN_POINT('',(-0.0366983380026511,-0.0247890835648506,0.150437184234968));
#10413=CARTESIAN_POINT('',(-0.0296981817871606,-0.0276431986061707,0.146831571299066));
#10414=CARTESIAN_POINT('',(-0.0225755402687037,-0.0305831167488476,0.143296902383069));
#10415=CARTESIAN_POINT('',(-0.0168674970711152,-0.0329904523305704,0.140353597296265));
#10416=CARTESIAN_POINT('',(-0.0130384847550274,-0.0346560233526465,0.138169958301328));
#10417=CARTESIAN_POINT('',(-0.0106269651599373,-0.035747194068338,0.136562230117134));
#10418=CARTESIAN_POINT('',(-0.00888879826730636,-0.0365800287912958,0.13511087366483));
#10419=CARTESIAN_POINT('',(-0.0081529474696839,-0.0369719687942862,0.13415277808013));
#10420=CARTESIAN_POINT('',(-0.00791799739581734,-0.0371694288111992,0.133497120139074));
#10421=CARTESIAN_POINT('',(-0.0487969595076869,-0.0191223033575363,0.16));
#10422=CARTESIAN_POINT('',(-0.0488007853909381,-0.0191224550769524,0.159731267948036));
#10423=CARTESIAN_POINT('',(-0.0486049161975525,-0.0192681884161848,0.159048807190011));
#10424=CARTESIAN_POINT('',(-0.0474695789163807,-0.0198006442123109,0.157612958297081));
#10425=CARTESIAN_POINT('',(-0.0455429889202207,-0.0206331844661154,0.155895018826403));
#10426=CARTESIAN_POINT('',(-0.0421427442098363,-0.0220543924210501,0.153532436774933));
#10427=CARTESIAN_POINT('',(-0.0367610136736832,-0.0242826983007407,0.150413808359721));
#10428=CARTESIAN_POINT('',(-0.0297683668028385,-0.0271849283937558,0.14679824527235));
#10429=CARTESIAN_POINT('',(-0.0226518424148023,-0.0301716051406001,0.143253918674778));
#10430=CARTESIAN_POINT('',(-0.0169469490972536,-0.0326129502680292,0.140301483693636));
#10431=CARTESIAN_POINT('',(-0.0131187450569026,-0.0342990315645783,0.138109806518486));
#10432=CARTESIAN_POINT('',(-0.0107066860632645,-0.0354025751934066,0.1364956985603));
#10433=CARTESIAN_POINT('',(-0.00896687016653021,-0.0362451321615742,0.135038630851229));
#10434=CARTESIAN_POINT('',(-0.00822769411438062,-0.0366435543563376,0.134077768456786));
#10435=CARTESIAN_POINT('',(-0.00798977118244072,-0.0368450949128277,0.133418078167326));
#10436=CARTESIAN_POINT('',(-0.0488005606446627,-0.0187722467695743,0.16));
#10437=CARTESIAN_POINT('',(-0.0488046561849685,-0.0187721975157848,0.159735995484698));
#10438=CARTESIAN_POINT('',(-0.0486141985841965,-0.0189122807524338,0.159055358646511));
#10439=CARTESIAN_POINT('',(-0.0474825160731849,-0.0194439713940077,0.157615890352406));
#10440=CARTESIAN_POINT('',(-0.045558793261135,-0.0202824911340634,0.155894080945954));
#10441=CARTESIAN_POINT('',(-0.0421620640158187,-0.0217194648962393,0.153527045599109));
#10442=CARTESIAN_POINT('',(-0.0367854472402439,-0.0239758186230695,0.15040360629641));
#10443=CARTESIAN_POINT('',(-0.0297989883281331,-0.0269156325822653,0.146783308199542));
#10444=CARTESIAN_POINT('',(-0.0226876841034199,-0.0299393268122322,0.143234686232766));
#10445=CARTESIAN_POINT('',(-0.0169853172289379,-0.0324070626034716,0.140277907905891));
#10446=CARTESIAN_POINT('',(-0.0131573826223775,-0.0341076119689527,0.138081517444254));
#10447=CARTESIAN_POINT('',(-0.0107445635105948,-0.0352184265864482,0.136462774835599));
#10448=CARTESIAN_POINT('',(-0.00900345595625964,-0.0360655747998686,0.135000890273905));
#10449=CARTESIAN_POINT('',(-0.00826269637876688,-0.0364666333164792,0.134037182380814));
#10450=CARTESIAN_POINT('',(-0.00802353635432841,-0.0366700678051357,0.133375166844188));
#10451=CARTESIAN_POINT('',(-0.0487996766243366,-0.0183277326217363,0.16));
#10452=CARTESIAN_POINT('',(-0.0488036488379163,-0.018327731185462,0.159732455401083));
#10453=CARTESIAN_POINT('',(-0.0486112950216717,-0.0184719969727766,0.159048541639808));
#10454=CARTESIAN_POINT('',(-0.0474799027200137,-0.0190138104944146,0.157606843922638));
#10455=CARTESIAN_POINT('',(-0.045557835706196,-0.0198661691251245,0.155882574064866));
#10456=CARTESIAN_POINT('',(-0.042164439763011,-0.0213251315906706,0.153512109511107));
#10457=CARTESIAN_POINT('',(-0.0367930645447599,-0.023614874168514,0.150383994502029));
#10458=CARTESIAN_POINT('',(-0.0298133680477395,-0.0265977104660837,0.14675825120249));
#10459=CARTESIAN_POINT('',(-0.0227089322950989,-0.0296657631655609,0.143204430137541));
#10460=CARTESIAN_POINT('',(-0.0170119544729959,-0.032169959635755,0.140243610920441));
#10461=CARTESIAN_POINT('',(-0.0131873704566051,-0.0338957604703035,0.138044488983014));
#10462=CARTESIAN_POINT('',(-0.0107762519467975,-0.035023244047796,0.13642398356788));
#10463=CARTESIAN_POINT('',(-0.00903576031632603,-0.035883407776669,0.13496066784772));
#10464=CARTESIAN_POINT('',(-0.00829395649718959,-0.0362914533082815,0.133996378860192));
#10465=CARTESIAN_POINT('',(-0.00805355926120023,-0.0364980738171206,0.133332747269251));
#10466=CARTESIAN_POINT('',(-0.0488001071576572,-0.0177771552987267,0.16));
#10467=CARTESIAN_POINT('',(-0.0488040625051824,-0.0177771287327472,0.159730909246309));
#10468=CARTESIAN_POINT('',(-0.0486118344221491,-0.0179234480616886,0.159044681856192));
#10469=CARTESIAN_POINT('',(-0.0474816888675467,-0.0184749957776054,0.157599718519157));
#10470=CARTESIAN_POINT('',(-0.0455616453050761,-0.0193432819522122,0.15587192285584));
#10471=CARTESIAN_POINT('',(-0.0421716835752269,-0.0208299066370862,0.153496907563797));
#10472=CARTESIAN_POINT('',(-0.0368055973760883,-0.0231632217205665,0.150363044119518));
#10473=CARTESIAN_POINT('',(-0.0298326348806077,-0.0262028060107812,0.146730873661226));
#10474=CARTESIAN_POINT('',(-0.0227347840247808,-0.0293289158137863,0.143170912585663));
#10475=CARTESIAN_POINT('',(-0.0170425539308742,-0.0318796763644513,0.140204937220108));
#10476=CARTESIAN_POINT('',(-0.0132205350630146,-0.0336365997310985,0.138001739117429));
#10477=CARTESIAN_POINT('',(-0.0108104249472485,-0.0347838920822422,0.136378067743797));
#10478=CARTESIAN_POINT('',(-0.00906995123693613,-0.0356590825806554,0.134911815486876));
#10479=CARTESIAN_POINT('',(-0.00832681368531487,-0.036075084139755,0.133946014478896));
#10480=CARTESIAN_POINT('',(-0.00808503660973973,-0.0362854483061155,0.13328025339249));
#10481=CARTESIAN_POINT('',(-0.0487999387497128,-0.0168394214608513,0.16));
#10482=CARTESIAN_POINT('',(-0.0488037958494541,-0.0168394027135168,0.159726922554525));
#10483=CARTESIAN_POINT('',(-0.0486103560085097,-0.0169911819077824,0.159036070448224));
#10484=CARTESIAN_POINT('',(-0.0474811502010702,-0.0175615803313181,0.157586149033207));
#10485=CARTESIAN_POINT('',(-0.045563404141643,-0.0184587816969203,0.155853037474934));
#10486=CARTESIAN_POINT('',(-0.0421776753263275,-0.019994202028276,0.153471080703558));
#10487=CARTESIAN_POINT('',(-0.0368181796046203,-0.0224035350027442,0.150328288217296));
#10488=CARTESIAN_POINT('',(-0.0298537056874449,-0.0255418538429633,0.146685950530443));
#10489=CARTESIAN_POINT('',(-0.0227644048939641,-0.0287694704739814,0.143116107955868));
#10490=CARTESIAN_POINT('',(-0.0170786836929949,-0.0314028482226185,0.140141931631364));
#10491=CARTESIAN_POINT('',(-0.0132604525292223,-0.0332161987549008,0.137932583025883));
#10492=CARTESIAN_POINT('',(-0.0108520086558884,-0.0344001220332616,0.136304410099385));
#10493=CARTESIAN_POINT('',(-0.00911179242490114,-0.0353033713707441,0.134834127887614));
#10494=CARTESIAN_POINT('',(-0.0083668571953252,-0.0357340079803894,0.133866337693611));
#10495=CARTESIAN_POINT('',(-0.00812311038925571,-0.0359509253934162,0.133197471149177));
#10496=CARTESIAN_POINT('',(-0.048800015464299,-0.0156093319712654,0.16));
#10497=CARTESIAN_POINT('',(-0.0488037838391774,-0.0156093068316144,0.159722632106441));
#10498=CARTESIAN_POINT('',(-0.048609299922427,-0.0157677391762677,0.159026443028357));
#10499=CARTESIAN_POINT('',(-0.0474807406325259,-0.0163629657590189,0.157570223930235));
#10500=CARTESIAN_POINT('',(-0.0455646407266285,-0.017299007660756,0.155830461846625));
#10501=CARTESIAN_POINT('',(-0.0421819422178561,-0.0189005950989979,0.153440006122521));
#10502=CARTESIAN_POINT('',(-0.0368271494085898,-0.0214133947596798,0.150286474255772));
#10503=CARTESIAN_POINT('',(-0.0298687657331007,-0.0246862147212473,0.146631941081051));
#10504=CARTESIAN_POINT('',(-0.022785689470075,-0.0280520943328862,0.143050035788384));
#10505=CARTESIAN_POINT('',(-0.0171047833461904,-0.0307981873909968,0.140065556527112));
#10506=CARTESIAN_POINT('',(-0.0132893525714389,-0.0326888494635908,0.137848323367187));
#10507=CARTESIAN_POINT('',(-0.0108820545746589,-0.033923158120571,0.136214317613576));
#10508=CARTESIAN_POINT('',(-0.00914180734615857,-0.0348649841917074,0.134738789845952));
#10509=CARTESIAN_POINT('',(-0.00839503101552791,-0.0353154710597748,0.133768357678108));
#10510=CARTESIAN_POINT('',(-0.00814925344873248,-0.0355410393770479,0.13309582890437));
#10511=CARTESIAN_POINT('',(-0.0488000147360083,-0.0140734811723908,0.16));
#10512=CARTESIAN_POINT('',(-0.0488036728425639,-0.0140734578329537,0.159717346599186));
#10513=CARTESIAN_POINT('',(-0.0486076038611053,-0.0142406576320353,0.159014661041317));
#10514=CARTESIAN_POINT('',(-0.0474786194938511,-0.0148678215337549,0.157550875584176));
#10515=CARTESIAN_POINT('',(-0.0455626093740302,-0.0158535814110397,0.155803228983255));
#10516=CARTESIAN_POINT('',(-0.0421803413229723,-0.0175396857843245,0.153402825605374));
#10517=CARTESIAN_POINT('',(-0.0368262147085854,-0.0201845139730967,0.150236837857848));
#10518=CARTESIAN_POINT('',(-0.0298687821120826,-0.0236288400687596,0.146568147275609));
#10519=CARTESIAN_POINT('',(-0.0227869477603424,-0.0271710563756515,0.142972015344606));
#10520=CARTESIAN_POINT('',(-0.0171073156249638,-0.0300614192000517,0.139975155080673));
#10521=CARTESIAN_POINT('',(-0.0132928106857627,-0.0320518572056433,0.137748435161513));
#10522=CARTESIAN_POINT('',(-0.0108858888358955,-0.0333518543923732,0.136107526062644));
#10523=CARTESIAN_POINT('',(-0.00914541143084581,-0.0343443443134404,0.134625912424824));
#10524=CARTESIAN_POINT('',(-0.00839703605936417,-0.0348208864425764,0.133652499751341));
#10525=CARTESIAN_POINT('',(-0.00814932054127456,-0.0350575879326167,0.132975844510106));
#10526=CARTESIAN_POINT('',(-0.0487999404490578,-0.0127854114333247,0.16));
#10527=CARTESIAN_POINT('',(-0.0488035297670242,-0.0127853826263174,0.15971339997355));
#10528=CARTESIAN_POINT('',(-0.0486063635899352,-0.0129596150309089,0.15900555425534));
#10529=CARTESIAN_POINT('',(-0.0474762989843052,-0.0136132730155731,0.157535279727755));
#10530=CARTESIAN_POINT('',(-0.0455589468958335,-0.0146406251354458,0.155780912707035));
#10531=CARTESIAN_POINT('',(-0.0421745033706716,-0.0163977176737151,0.153372137142382));
#10532=CARTESIAN_POINT('',(-0.0368169733887008,-0.019153615098432,0.150195796985787));
#10533=CARTESIAN_POINT('',(-0.0298552549441166,-0.0227422661273927,0.146515399323829));
#10534=CARTESIAN_POINT('',(-0.0227694029958227,-0.0264328608308634,0.142907442647026));
#10535=CARTESIAN_POINT('',(-0.0170870356992344,-0.0294447684985097,0.139900180724827));
#10536=CARTESIAN_POINT('',(-0.0132711113310351,-0.0315196039274247,0.137665449188649));
#10537=CARTESIAN_POINT('',(-0.0108635018646437,-0.0328755172552673,0.136018738656209));
#10538=CARTESIAN_POINT('',(-0.00912252173993987,-0.0339114207712236,0.13453207058489));
#10539=CARTESIAN_POINT('',(-0.00837322761689668,-0.0344104914299508,0.133556254888979));
#10540=CARTESIAN_POINT('',(-0.00812424664517506,-0.0346568310130635,0.132876301996048));
#10541=CARTESIAN_POINT('',(-0.0488001042444944,-0.011767250971158,0.16));
#10542=CARTESIAN_POINT('',(-0.0488036194460597,-0.0117672310963315,0.159709747333996));
#10543=CARTESIAN_POINT('',(-0.0486050131468433,-0.0119474647889679,0.158997408605592));
#10544=CARTESIAN_POINT('',(-0.047473297176538,-0.0126222885743343,0.157521931706167));
#10545=CARTESIAN_POINT('',(-0.0455538859845046,-0.0136823467049991,0.1557621879384));
#10546=CARTESIAN_POINT('',(-0.0421661407625967,-0.0154948519048367,0.153346681461248));
#10547=CARTESIAN_POINT('',(-0.0368034865138172,-0.0183371943146979,0.150161969030687));
#10548=CARTESIAN_POINT('',(-0.0298352779535276,-0.0220380772143808,0.14647208240225));
#10549=CARTESIAN_POINT('',(-0.0227432205150954,-0.0258441597377103,0.142854559019052));
#10550=CARTESIAN_POINT('',(-0.0170565035639866,-0.0289509973840213,0.139838947588154));
#10551=CARTESIAN_POINT('',(-0.0132382798463822,-0.0310921707730312,0.137597881176535));
#10552=CARTESIAN_POINT('',(-0.0108296629891912,-0.0324924146862737,0.135946681363809));
#10553=CARTESIAN_POINT('',(-0.00908823198844819,-0.0335630723420641,0.134456190727308));
#10554=CARTESIAN_POINT('',(-0.00833851610364574,-0.0340804991381217,0.133478673231725));
#10555=CARTESIAN_POINT('',(-0.00808873195548357,-0.0343347752356183,0.132796210776502));
#10556=CARTESIAN_POINT('',(-0.0487996853941704,-0.011150513711256,0.16));
#10557=CARTESIAN_POINT('',(-0.0488032137753768,-0.0111504703117257,0.15970882548591));
#10558=CARTESIAN_POINT('',(-0.0486048588588612,-0.011333095141776,0.158994536331584));
#10559=CARTESIAN_POINT('',(-0.0474724582792343,-0.012019361430587,0.157515497581194));
#10560=CARTESIAN_POINT('',(-0.0455515866871379,-0.0130982847048532,0.155752041938032));
#10561=CARTESIAN_POINT('',(-0.0421611613674457,-0.0149437125621807,0.153331993765332));
#10562=CARTESIAN_POINT('',(-0.0367942954053732,-0.0178380443530156,0.150141800289887));
#10563=CARTESIAN_POINT('',(-0.0298207234556329,-0.0216067256063086,0.146445816658639));
#10564=CARTESIAN_POINT('',(-0.0227234124157912,-0.0254825656927508,0.14282220018655));
#10565=CARTESIAN_POINT('',(-0.0170327683973423,-0.0286465181024439,0.139801239159827));
#10566=CARTESIAN_POINT('',(-0.0132121948311221,-0.0308273361409951,0.137556023556234));
#10567=CARTESIAN_POINT('',(-0.0108023294822292,-0.0322538931887464,0.135901788110542));
#10568=CARTESIAN_POINT('',(-0.0090601848772463,-0.0333450971312288,0.134408647170117));
#10569=CARTESIAN_POINT('',(-0.00831013677403802,-0.0338734385336777,0.133429897548046));
#10570=CARTESIAN_POINT('',(-0.00805990456790695,-0.0341325343837108,0.132745851204115));
#10571=CARTESIAN_POINT('',(-0.0488005454415944,-0.0106477303388989,0.16));
#10572=CARTESIAN_POINT('',(-0.0488039565700735,-0.0106477348928962,0.159705099432137));
#10573=CARTESIAN_POINT('',(-0.0486031147519823,-0.0108350138749067,0.158987300550077));
#10574=CARTESIAN_POINT('',(-0.0474687028795043,-0.0115331867397172,0.157505940498408));
#10575=CARTESIAN_POINT('',(-0.0455459415062267,-0.0126287439087866,0.155740111906439));
#10576=CARTESIAN_POINT('',(-0.0421528549951981,-0.0145009330070423,0.153316930444491));
#10577=CARTESIAN_POINT('',(-0.0367819394204068,-0.0174361030472305,0.150122596326397));
#10578=CARTESIAN_POINT('',(-0.0298032535787886,-0.0212574222232657,0.146421780302995));
#10579=CARTESIAN_POINT('',(-0.0227011164135883,-0.0251875938390574,0.142793291833179));
#10580=CARTESIAN_POINT('',(-0.0170072548631993,-0.0283968133924658,0.139768224186323));
#10581=CARTESIAN_POINT('',(-0.0131852017743436,-0.0306099734039537,0.137520102800828));
#10582=CARTESIAN_POINT('',(-0.0107749289588293,-0.0320587124621334,0.135864004503833));
#10583=CARTESIAN_POINT('',(-0.00903289046098607,-0.0331677528148318,0.134369434133547));
#10584=CARTESIAN_POINT('',(-0.00828301212082079,-0.0337058512767564,0.133390226958637));
#10585=CARTESIAN_POINT('',(-0.00803255398315192,-0.0339691933234611,0.132705098231083));
#10586=CARTESIAN_POINT('',(-0.0487970419562634,-0.0102214884705195,0.16));
#10587=CARTESIAN_POINT('',(-0.0488008103604662,-0.0102212973776003,0.159712404791621));
#10588=CARTESIAN_POINT('',(-0.0486072418319911,-0.0104027959186094,0.158998221010755));
#10589=CARTESIAN_POINT('',(-0.047475536630157,-0.011101268712595,0.157512426252259));
#10590=CARTESIAN_POINT('',(-0.0455524784062522,-0.0122054119997085,0.155741825931676));
#10591=CARTESIAN_POINT('',(-0.0421568284041083,-0.0140987208028645,0.153313388477089));
#10592=CARTESIAN_POINT('',(-0.0367815759641772,-0.0170711176810603,0.150113645568655));
#10593=CARTESIAN_POINT('',(-0.0297972534774352,-0.0209427438731209,0.146407435779002));
#10594=CARTESIAN_POINT('',(-0.0226890839775755,-0.0249244042781821,0.142773768576108));
#10595=CARTESIAN_POINT('',(-0.0169896483877346,-0.0281739594086667,0.139743827960969));
#10596=CARTESIAN_POINT('',(-0.0131630647603363,-0.0304129321166694,0.137491275551422));
#10597=CARTESIAN_POINT('',(-0.010749422782889,-0.0318771650353231,0.135831292742453));
#10598=CARTESIAN_POINT('',(-0.00900468725580973,-0.0329972454958283,0.134332865718359));
#10599=CARTESIAN_POINT('',(-0.00825362671763611,-0.0335409263098885,0.133351417034293));
#10600=CARTESIAN_POINT('',(-0.00800269742641059,-0.0338071046586429,0.132664687171217));
#10601=CARTESIAN_POINT('',(-0.048739036161647,-0.00938377522343484,0.16));
#10602=CARTESIAN_POINT('',(-0.048743364102029,-0.00938317970646277,0.159723012082805));
#10603=CARTESIAN_POINT('',(-0.0485601585257344,-0.0095542824375285,0.159013264034339));
#10604=CARTESIAN_POINT('',(-0.0474323139482183,-0.0102559625489328,0.157519932964486));
#10605=CARTESIAN_POINT('',(-0.0455099061062708,-0.0113797911593706,0.155741674865844));
#10606=CARTESIAN_POINT('',(-0.0421133371042315,-0.0133180893691107,0.153304916537965));
#10607=CARTESIAN_POINT('',(-0.03673684129842,-0.0163680939213392,0.150096590799107));
#10608=CARTESIAN_POINT('',(-0.0297512504924931,-0.0203439644860427,0.146381734499867));
#10609=CARTESIAN_POINT('',(-0.0226415802745809,-0.0244327324817222,0.142739654233095));
#10610=CARTESIAN_POINT('',(-0.0169399909506514,-0.0277674026829518,0.139701770988167));
#10611=CARTESIAN_POINT('',(-0.0131108050968055,-0.0300620485798172,0.137441985237998));
#10612=CARTESIAN_POINT('',(-0.0106947290458361,-0.0315604022939463,0.135775564399741));
#10613=CARTESIAN_POINT('',(-0.00894785273596914,-0.0327050192759014,0.134270615851555));
#10614=CARTESIAN_POINT('',(-0.00819601098822831,-0.0332606171452673,0.133285217405001));
#10615=CARTESIAN_POINT('',(-0.00794486522912522,-0.0335322470327472,0.13259590863268));
#10616=CARTESIAN_POINT('',(-0.0484837540435831,-0.00808661504500205,0.16));
#10617=CARTESIAN_POINT('',(-0.0484887871918782,-0.00808514290994201,0.159736169959071));
#10618=CARTESIAN_POINT('',(-0.0483162554547753,-0.00823551543451993,0.159030658151455));
#10619=CARTESIAN_POINT('',(-0.0471938612376535,-0.00894103000956895,0.157526995261923));
#10620=CARTESIAN_POINT('',(-0.0452777445284371,-0.0100966950738656,0.155738898732497));
#10621=CARTESIAN_POINT('',(-0.0418926042359053,-0.0121087796049643,0.153291615529768));
#10622=CARTESIAN_POINT('',(-0.0365361594590631,-0.0152860766668073,0.150072379188684));
#10623=CARTESIAN_POINT('',(-0.0295777866359598,-0.0194327972024137,0.146346295562643));
#10624=CARTESIAN_POINT('',(-0.0224956672970987,-0.0236971755368759,0.142692922976842));
#10625=CARTESIAN_POINT('',(-0.0168148227977134,-0.0271720257434513,0.139644097805255));
#10626=CARTESIAN_POINT('',(-0.0129978653262176,-0.029559205165628,0.13737421558366));
#10627=CARTESIAN_POINT('',(-0.0105882953900691,-0.0311147887566011,0.135698639651014));
#10628=CARTESIAN_POINT('',(-0.00884555776806848,-0.0323006395990584,0.134184263119934));
#10629=CARTESIAN_POINT('',(-0.00809601963888042,-0.0328756526585755,0.133192887123129));
#10630=CARTESIAN_POINT('',(-0.00784616395463773,-0.033155386106953,0.132500502604749));
#10631=CARTESIAN_POINT('',(-0.0478829976290932,-0.0065947258798105,0.16));
#10632=CARTESIAN_POINT('',(-0.0478881125088214,-0.00659210865563865,0.159741768518553));
#10633=CARTESIAN_POINT('',(-0.0477137703341706,-0.0067167006179851,0.159035810746146));
#10634=CARTESIAN_POINT('',(-0.0465964474881258,-0.00742550821010317,0.157523138188202));
#10635=CARTESIAN_POINT('',(-0.0446969483290802,-0.00861646446747952,0.155726236073144));
#10636=CARTESIAN_POINT('',(-0.0413477671559438,-0.0107112460874086,0.153268707558297));
#10637=CARTESIAN_POINT('',(-0.0360529461156083,-0.0140313424382659,0.15003752586636));
#10638=CARTESIAN_POINT('',(-0.0291768185848715,-0.018369608696117,0.146297972853535));
#10639=CARTESIAN_POINT('',(-0.0221783270311592,-0.0228308260973532,0.142630386553805));
#10640=CARTESIAN_POINT('',(-0.016563361055325,-0.0264638236346667,0.139567824455694));
#10641=CARTESIAN_POINT('',(-0.0127896870545937,-0.0289578172380941,0.137285908804467));
#10642=CARTESIAN_POINT('',(-0.0104072208509407,-0.0305823643137505,0.135600301492631));
#10643=CARTESIAN_POINT('',(-0.00868448705774194,-0.0318205753546021,0.134076525353428));
#10644=CARTESIAN_POINT('',(-0.00794501451777518,-0.0324218552698766,0.133079773827011));
#10645=CARTESIAN_POINT('',(-0.00769952839123313,-0.0327118303838777,0.132385537030316));
#10646=CARTESIAN_POINT('',(-0.0472502828281956,-0.00559033601962685,0.16));
#10647=CARTESIAN_POINT('',(-0.0472548821221199,-0.00558712458882327,0.15973825863211));
#10648=CARTESIAN_POINT('',(-0.0470694121147176,-0.00569577586152059,0.159028383909804));
#10649=CARTESIAN_POINT('',(-0.0459542886530448,-0.006403773370419,0.15751099943989));
#10650=CARTESIAN_POINT('',(-0.0440712899137731,-0.00761299947361112,0.155708589165766));
#10651=CARTESIAN_POINT('',(-0.0407599566511004,-0.00975395182585293,0.153243423163065));
#10652=CARTESIAN_POINT('',(-0.0355299409327539,-0.0131555305956663,0.150001815166518));
#10653=CARTESIAN_POINT('',(-0.0287400708458744,-0.0176037764853483,0.146249463540955));
#10654=CARTESIAN_POINT('',(-0.0218295903656858,-0.0221784700777301,0.142568017168368));
#10655=CARTESIAN_POINT('',(-0.0162856778980756,-0.0259046953863236,0.139492480528976));
#10656=CARTESIAN_POINT('',(-0.0125612684674063,-0.0284654170279826,0.137200402404174));
#10657=CARTESIAN_POINT('',(-0.0102117568673864,-0.0301368671606479,0.13550778807376));
#10658=CARTESIAN_POINT('',(-0.00851467836206867,-0.0314139159352368,0.133978809783922));
#10659=CARTESIAN_POINT('',(-0.00778833537839939,-0.0320370122644118,0.132980053467906));
#10660=CARTESIAN_POINT('',(-0.00754819594811326,-0.0323354411776509,0.132285861434573));
#10661=CARTESIAN_POINT('',(-0.0467824409026454,-0.00499186152438359,0.16));
#10662=CARTESIAN_POINT('',(-0.0467865442917393,-0.00498845046472167,0.159732561345856));
#10663=CARTESIAN_POINT('',(-0.0465900353476296,-0.00508842886740624,0.159018111220371));
#10664=CARTESIAN_POINT('',(-0.0454734953739462,-0.00579175704308658,0.157497723133942));
#10665=CARTESIAN_POINT('',(-0.0435992988907338,-0.00700481118570173,0.155691234073734));
#10666=CARTESIAN_POINT('',(-0.0403110375583296,-0.00916145416243473,0.153219685855825));
#10667=CARTESIAN_POINT('',(-0.0351218693814765,-0.012593926589216,0.149968538633295));
#10668=CARTESIAN_POINT('',(-0.0283875714134368,-0.0170861666733537,0.146203890814325));
#10669=CARTESIAN_POINT('',(-0.0215358066274732,-0.0217093403167331,0.142509150021186));
#10670=CARTESIAN_POINT('',(-0.0160421631636508,-0.0254801546719644,0.139422231486007));
#10671=CARTESIAN_POINT('',(-0.0123548426342733,-0.0280772487064797,0.137122690933385));
#10672=CARTESIAN_POINT('',(-0.0100312567933973,-0.0297770785963724,0.135425999556071));
#10673=CARTESIAN_POINT('',(-0.00835497648972239,-0.0310794766169485,0.133894787962957));
#10674=CARTESIAN_POINT('',(-0.00763972575123794,-0.0317183184630342,0.132895842255346));
#10675=CARTESIAN_POINT('',(-0.0074041563759711,-0.0320231074383009,0.132202353395562));
#10676=CARTESIAN_POINT('',(-0.0464839759905323,-0.00465293073204842,0.16));
#10677=CARTESIAN_POINT('',(-0.0464877326916863,-0.00464947513090044,0.159727636626199));
#10678=CARTESIAN_POINT('',(-0.0462827214569256,-0.0047443520532818,0.159009340112412));
#10679=CARTESIAN_POINT('',(-0.0451627596952565,-0.00544133293970227,0.157486790053261));
#10680=CARTESIAN_POINT('',(-0.0432910302254006,-0.00665075840182435,0.155677174373648));
#10681=CARTESIAN_POINT('',(-0.040012818541097,-0.00880689391166213,0.153200443859306));
#10682=CARTESIAN_POINT('',(-0.0348432343676077,-0.0122432894638709,0.149941192701617));
#10683=CARTESIAN_POINT('',(-0.028137365858994,-0.0167448326161872,0.146165819647621));
#10684=CARTESIAN_POINT('',(-0.0213182272738468,-0.0213831203971743,0.142459718121747));
#10685=CARTESIAN_POINT('',(-0.0158550138545265,-0.0251732248317395,0.139364072519433));
#10686=CARTESIAN_POINT('',(-0.0121913519833668,-0.0277892983278408,0.137059690580681));
#10687=CARTESIAN_POINT('',(-0.00988475255400395,-0.0295053828313185,0.135360841249329));
#10688=CARTESIAN_POINT('',(-0.00822241403179982,-0.0308232020663224,0.133828832520477));
#10689=CARTESIAN_POINT('',(-0.00751500850605396,-0.031472528540141,0.132830299007258));
#10690=CARTESIAN_POINT('',(-0.00728279925679076,-0.0317817834418228,0.132137569942524));
#10691=CARTESIAN_POINT('',(-0.0463234815861209,-0.0044861373203813,0.16));
#10692=CARTESIAN_POINT('',(-0.0463270346311529,-0.00448271078158047,0.159724017677866));
#10693=CARTESIAN_POINT('',(-0.046115054317237,-0.004573308895011,0.159002930266381));
#10694=CARTESIAN_POINT('',(-0.044988570594449,-0.00526045619646734,0.157478849284664));
#10695=CARTESIAN_POINT('',(-0.0431126327165686,-0.00645901678067029,0.155666662510726));
#10696=CARTESIAN_POINT('',(-0.0398324334239518,-0.00860185649083515,0.153185232363906));
#10697=CARTESIAN_POINT('',(-0.0346646380690181,-0.0120237892148792,0.149918157300854));
#10698=CARTESIAN_POINT('',(-0.0279668971747642,-0.0165150216564762,0.146132440213619));
#10699=CARTESIAN_POINT('',(-0.0211621896893716,-0.0211527754775959,0.1424168987422));
#10700=CARTESIAN_POINT('',(-0.0157147516267791,-0.0249499820881579,0.139315575404145));
#10701=CARTESIAN_POINT('',(-0.0120638804768935,-0.0275751212259814,0.137008724100766));
#10702=CARTESIAN_POINT('',(-0.00976669156550163,-0.0292996722443207,0.135309078182764));
#10703=CARTESIAN_POINT('',(-0.00811239168095236,-0.0306261220758526,0.133777087399862));
#10704=CARTESIAN_POINT('',(-0.00741004536475899,-0.0312821338053011,0.13277919103785));
#10705=CARTESIAN_POINT('',(-0.00718018795178187,-0.0315944740077976,0.132087155946872));
#10706=CARTESIAN_POINT('',(-0.0462513624544026,-0.00441295205381991,0.16));
#10707=CARTESIAN_POINT('',(-0.0462548129876326,-0.00440957183155585,0.159721838640677));
#10708=CARTESIAN_POINT('',(-0.0460369710498979,-0.00449572235302015,0.158999224414885));
#10709=CARTESIAN_POINT('',(-0.0449024731605838,-0.00517126509997514,0.157474326749979));
#10710=CARTESIAN_POINT('',(-0.04301923090432,-0.0063562871128505,0.155660121067718));
#10711=CARTESIAN_POINT('',(-0.0397322533394577,-0.00848280623302736,0.153174394832123));
#10712=CARTESIAN_POINT('',(-0.0345605926953278,-0.0118891551652558,0.149900247405946));
#10713=CARTESIAN_POINT('',(-0.0278645306182713,-0.0163713690148374,0.14610678897069));
#10714=CARTESIAN_POINT('',(-0.0210655695149261,-0.0210075105286912,0.142385798777912));
#10715=CARTESIAN_POINT('',(-0.0156243443512843,-0.0248067357646315,0.139281665041448));
#10716=CARTESIAN_POINT('',(-0.0119784321802762,-0.027434882378815,0.136973631061011));
#10717=CARTESIAN_POINT('',(-0.00968503238403502,-0.0291626354684151,0.135273612530706));
#10718=CARTESIAN_POINT('',(-0.0080342562566928,-0.0304928574275668,0.133741690767809));
#10719=CARTESIAN_POINT('',(-0.00733460563305556,-0.0311524815356162,0.132744247325841));
#10720=CARTESIAN_POINT('',(-0.00710616424791652,-0.0314666666415668,0.132052698692802));
#10721=CARTESIAN_POINT('',(-0.0462244111917226,-0.00438591641539175,0.16));
#10722=CARTESIAN_POINT('',(-0.0462278089884932,-0.00438259952544996,0.159720664069944));
#10723=CARTESIAN_POINT('',(-0.046003833245615,-0.00446325760380714,0.158997763871734));
#10724=CARTESIAN_POINT('',(-0.0448603004544327,-0.00512561919874654,0.157472953320257));
#10725=CARTESIAN_POINT('',(-0.0429693382963494,-0.00629698477491805,0.155657198469768));
#10726=CARTESIAN_POINT('',(-0.0396765664975409,-0.00841059835002186,0.153167741809876));
#10727=CARTESIAN_POINT('',(-0.0345033534906682,-0.0118094624669229,0.149888543178444));
#10728=CARTESIAN_POINT('',(-0.0278101134958487,-0.0162913171056896,0.146091187751821));
#10729=CARTESIAN_POINT('',(-0.0210154172004812,-0.0209303842407928,0.142368334412975));
#10730=CARTESIAN_POINT('',(-0.0155778050819415,-0.0247326417011602,0.139263532194073));
#10731=CARTESIAN_POINT('',(-0.0119344833937686,-0.0273632359386662,0.136955355291814));
#10732=CARTESIAN_POINT('',(-0.00964299416388666,-0.0290930619725832,0.135255414487072));
#10733=CARTESIAN_POINT('',(-0.00799399768133319,-0.0304254882353723,0.133723718605934));
#10734=CARTESIAN_POINT('',(-0.00729573979292243,-0.0310870767183943,0.132726592917081));
#10735=CARTESIAN_POINT('',(-0.00706803164394463,-0.0314022407840778,0.132035318307679));
#10736=CARTESIAN_POINT('',(-0.0461978610721784,-0.00435938784819264,0.16));
#10737=CARTESIAN_POINT('',(-0.046201253203117,-0.00435609410153708,0.159720025638529));
#10738=CARTESIAN_POINT('',(-0.0459763473786697,-0.00443589820667576,0.158996392462328));
#10739=CARTESIAN_POINT('',(-0.0448313582440666,-0.00509542417257215,0.157470555041347));
#10740=CARTESIAN_POINT('',(-0.0429390612502937,-0.00626341968238421,0.155653317643329));
#10741=CARTESIAN_POINT('',(-0.0396450041640543,-0.00837295064557994,0.153161695337969));
#10742=CARTESIAN_POINT('',(-0.0344703974347145,-0.0117669077771696,0.149879893981407));
#10743=CARTESIAN_POINT('',(-0.0277752671078415,-0.0162426530097472,0.146079907519744));
#10744=CARTESIAN_POINT('',(-0.0209783484055077,-0.0208751350994385,0.142354652994616));
#10745=CARTESIAN_POINT('',(-0.0155388735307532,-0.0246720135994329,0.139247988125945));
#10746=CARTESIAN_POINT('',(-0.0118943946336006,-0.0272991786950904,0.136938600482301));
#10747=CARTESIAN_POINT('',(-0.00960239006846244,-0.0290272197779078,0.135237955764798));
#10748=CARTESIAN_POINT('',(-0.00795335843916589,-0.0303589233895112,0.133705857652836));
#10749=CARTESIAN_POINT('',(-0.00725569034172536,-0.0310211416425778,0.132708748210524));
#10750=CARTESIAN_POINT('',(-0.0070284839387154,-0.0313368838915142,0.13201766318367));
#10751=CARTESIAN_POINT('',(-0.0461472953534507,-0.00430881234896566,0.16));
#10752=CARTESIAN_POINT('',(-0.0461506574528683,-0.00430557765909635,0.159718496909457));
#10753=CARTESIAN_POINT('',(-0.0459221653262817,-0.00438220104409696,0.158993444241055));
#10754=CARTESIAN_POINT('',(-0.0447717646409648,-0.00503277913788293,0.157465802725992));
#10755=CARTESIAN_POINT('',(-0.0428746198139134,-0.00619078097253138,0.155645491714535));
#10756=CARTESIAN_POINT('',(-0.039576148706158,-0.00828919080800347,0.153149010920869));
#10757=CARTESIAN_POINT('',(-0.0343977112405138,-0.0116717252103463,0.149861216796131));
#10758=CARTESIAN_POINT('',(-0.0276987225849182,-0.016135486136953,0.146055410641278));
#10759=CARTESIAN_POINT('',(-0.0208977469751417,-0.020756005938955,0.142325244318196));
#10760=CARTESIAN_POINT('',(-0.0154549581453444,-0.0245433358360603,0.139214974454596));
#10761=CARTESIAN_POINT('',(-0.0118084872173479,-0.0271645446451969,0.1369033225905));
#10762=CARTESIAN_POINT('',(-0.00951570673169149,-0.0288896556224404,0.135201400012544));
#10763=CARTESIAN_POINT('',(-0.00786685594309203,-0.0302204499767188,0.133668612981183));
#10764=CARTESIAN_POINT('',(-0.00717057649239489,-0.0308842297317594,0.13267159635698));
#10765=CARTESIAN_POINT('',(-0.0069444881988873,-0.0312012184762412,0.13198094928672));
#10766=CARTESIAN_POINT('',(-0.0460806666303006,-0.00424219069684025,0.16));
#10767=CARTESIAN_POINT('',(-0.0460839907827597,-0.00423904603404253,0.159716168515201));
#10768=CARTESIAN_POINT('',(-0.0458506615051144,-0.00431137876013379,0.158988762671726));
#10769=CARTESIAN_POINT('',(-0.0446930140342529,-0.0049498643037687,0.15745786685751));
#10770=CARTESIAN_POINT('',(-0.0427893607266676,-0.00609470395961207,0.155632511255865));
#10771=CARTESIAN_POINT('',(-0.0394842266662613,-0.00817829466111906,0.153128798877335));
#10772=CARTESIAN_POINT('',(-0.0342974630055765,-0.0115429407187667,0.149832558093497));
#10773=CARTESIAN_POINT('',(-0.0275870771519799,-0.0159836337200913,0.146018038712781));
#10774=CARTESIAN_POINT('',(-0.0207734644125089,-0.0205792054788371,0.142279742451849));
#10775=CARTESIAN_POINT('',(-0.0153203359023042,-0.0243462192987938,0.139163157356234));
#10776=CARTESIAN_POINT('',(-0.0116673083800851,-0.0269544235596575,0.136847406933171));
#10777=CARTESIAN_POINT('',(-0.00937120716019042,-0.0286726083110216,0.135143088030739));
#10778=CARTESIAN_POINT('',(-0.00772122828482843,-0.030000286569288,0.133608916058295));
#10779=CARTESIAN_POINT('',(-0.00702677071265892,-0.0306658160974365,0.132611888157484));
#10780=CARTESIAN_POINT('',(-0.00680248635447367,-0.0309844990074299,0.131922014217464));
#10781=CARTESIAN_POINT('',(-0.0459804255741387,-0.0041419486303924,0.16));
#10782=CARTESIAN_POINT('',(-0.0459836720102228,-0.00413895410564367,0.159711846252666));
#10783=CARTESIAN_POINT('',(-0.0457424519208146,-0.00420460611567596,0.158979771471259));
#10784=CARTESIAN_POINT('',(-0.0445729600113754,-0.00482458171800325,0.157442352100357));
#10785=CARTESIAN_POINT('',(-0.0426576316519311,-0.00594929037390048,0.155607930157635));
#10786=CARTESIAN_POINT('',(-0.0393370424120743,-0.00800734698484751,0.153092102994954));
#10787=CARTESIAN_POINT('',(-0.0341261465690896,-0.011334503180107,0.149781084066674));
#10788=CARTESIAN_POINT('',(-0.0273821381816974,-0.0157235151534579,0.145949829604974));
#10789=CARTESIAN_POINT('',(-0.0205327919935155,-0.0202640148445865,0.142195375914021));
#10790=CARTESIAN_POINT('',(-0.0150510412894108,-0.023986815844925,0.139066199782888));
#10791=CARTESIAN_POINT('',(-0.0113797727799097,-0.0265667418403695,0.136742244261505));
#10792=CARTESIAN_POINT('',(-0.00907394130760505,-0.0282695320697843,0.13503302805643));
#10793=CARTESIAN_POINT('',(-0.00741966768278147,-0.0295895827488361,0.133495901498238));
#10794=CARTESIAN_POINT('',(-0.00672841968172993,-0.0302574213547859,0.132498532705112));
#10795=CARTESIAN_POINT('',(-0.00650792381193723,-0.0305785839975683,0.131810492233877));
#10796=CARTESIAN_POINT('',(-0.0458738535498752,-0.00403536124461958,0.16));
#10797=CARTESIAN_POINT('',(-0.0458770165056291,-0.00403238935973409,0.159706938605649));
#10798=CARTESIAN_POINT('',(-0.0456340526956709,-0.00409834016101238,0.158967680427307));
#10799=CARTESIAN_POINT('',(-0.0444569660852908,-0.00471119892432737,0.157421423222698));
#10800=CARTESIAN_POINT('',(-0.0425271426020698,-0.00582013983744199,0.155577652194454));
#10801=CARTESIAN_POINT('',(-0.039178361132302,-0.00784527605623508,0.153048981717334));
#10802=CARTESIAN_POINT('',(-0.0339200231734597,-0.0111150210780625,0.149719654194092));
#10803=CARTESIAN_POINT('',(-0.0271126456264193,-0.0154261993201815,0.145866016439422));
#10804=CARTESIAN_POINT('',(-0.0201985414797608,-0.0198868480194376,0.142089804219408));
#10805=CARTESIAN_POINT('',(-0.0146657808561128,-0.0235467762822343,0.138943684521957));
#10806=CARTESIAN_POINT('',(-0.0109620015954935,-0.0260866793834381,0.13660857632609));
#10807=CARTESIAN_POINT('',(-0.00863842967148097,-0.0277673855387219,0.134892448525737));
#10808=CARTESIAN_POINT('',(-0.00697555449229992,-0.0290757556209205,0.133350868433316));
#10809=CARTESIAN_POINT('',(-0.00628856707353842,-0.0297450261118026,0.132352341450925));
#10810=CARTESIAN_POINT('',(-0.00607391487496232,-0.0300678417273826,0.131667523517736));
#10811=CARTESIAN_POINT('',(-0.0457547551628707,-0.00391632086695898,0.16));
#10812=CARTESIAN_POINT('',(-0.045757856480038,-0.00391322937870082,0.159702749781803));
#10813=CARTESIAN_POINT('',(-0.0455205655556885,-0.00398815463977789,0.158955520980651));
#10814=CARTESIAN_POINT('',(-0.0443435537378945,-0.00461114518822196,0.157399544863156));
#10815=CARTESIAN_POINT('',(-0.0424018784124898,-0.00571751564764652,0.155547812338122));
#10816=CARTESIAN_POINT('',(-0.0390218832191521,-0.00771787585439227,0.153009130875446));
#10817=CARTESIAN_POINT('',(-0.033708508627946,-0.0109353744445016,0.149664734374018));
#10818=CARTESIAN_POINT('',(-0.0268288769216045,-0.0151756101589608,0.145791895565616));
#10819=CARTESIAN_POINT('',(-0.0198424194978306,-0.019565342786316,0.141996730574352));
#10820=CARTESIAN_POINT('',(-0.0142532694323335,-0.0231703824597541,0.138835599283114));
#10821=CARTESIAN_POINT('',(-0.0105136929912003,-0.0256756419826988,0.136490293215091));
#10822=CARTESIAN_POINT('',(-0.00817059031280465,-0.0273371827130416,0.134767409944548));
#10823=CARTESIAN_POINT('',(-0.00649822780688259,-0.0286350140721345,0.133221061556178));
#10824=CARTESIAN_POINT('',(-0.00581600587269931,-0.0293040091820879,0.132220572949641));
#10825=CARTESIAN_POINT('',(-0.00560784796469766,-0.0296260838815623,0.13153996367471));
#10826=CARTESIAN_POINT('',(-0.0456397803453701,-0.00380124244626394,0.16));
#10827=CARTESIAN_POINT('',(-0.0456429206566411,-0.00379812332945364,0.159701391805562));
#10828=CARTESIAN_POINT('',(-0.0454084756767344,-0.0038763990798581,0.158950616102209));
#10829=CARTESIAN_POINT('',(-0.0442310643106887,-0.00450356551581122,0.157388704870272));
#10830=CARTESIAN_POINT('',(-0.0422835341660636,-0.00561010851038493,0.155531339146887));
#10831=CARTESIAN_POINT('',(-0.0388880775424032,-0.00760251730738135,0.152986030228491));
#10832=CARTESIAN_POINT('',(-0.0335462008525732,-0.0107998898735305,0.149633034379387));
#10833=CARTESIAN_POINT('',(-0.0266280603502,-0.0150106728938153,0.145749769296232));
#10834=CARTESIAN_POINT('',(-0.0196027438635074,-0.019370491949094,0.141944313963036));
#10835=CARTESIAN_POINT('',(-0.0139833618095861,-0.0229525093514864,0.138774901100635));
#10836=CARTESIAN_POINT('',(-0.010224784574771,-0.0254435092581879,0.136423785696485));
#10837=CARTESIAN_POINT('',(-0.00787164819255231,-0.0270974667886738,0.134696834014286));
#10838=CARTESIAN_POINT('',(-0.00619499082120183,-0.0283914232354219,0.133147414849005));
#10839=CARTESIAN_POINT('',(-0.00551651721301357,-0.0290603636333569,0.132145447591651));
#10840=CARTESIAN_POINT('',(-0.00531260408193756,-0.0293813060354665,0.131467765610624));
#10841=CARTESIAN_POINT('',(-0.0455680732954611,-0.00372970139996196,0.16));
#10842=CARTESIAN_POINT('',(-0.0455711481053738,-0.00372655916707504,0.159699416866206));
#10843=CARTESIAN_POINT('',(-0.0453374574177827,-0.00380792343804667,0.158945838238562));
#10844=CARTESIAN_POINT('',(-0.0441610961531681,-0.0044410663429657,0.157380709953733));
#10845=CARTESIAN_POINT('',(-0.0422127878319084,-0.0055524397369595,0.155520543413795));
#10846=CARTESIAN_POINT('',(-0.0388123671015181,-0.00754635353571784,0.152972274894714));
#10847=CARTESIAN_POINT('',(-0.0334583252754611,-0.0107378296877032,0.149615733983735));
#10848=CARTESIAN_POINT('',(-0.0265212573202755,-0.0149347189283649,0.145728024146467));
#10849=CARTESIAN_POINT('',(-0.0194757078244323,-0.0192781491270082,0.14191777613822));
#10850=CARTESIAN_POINT('',(-0.0138402777201308,-0.0228468959125854,0.138744249597492));
#10851=CARTESIAN_POINT('',(-0.0100714706333909,-0.0253293694652306,0.136390128210287));
#10852=CARTESIAN_POINT('',(-0.00771279575473212,-0.0269785025416915,0.134661009678919));
#10853=CARTESIAN_POINT('',(-0.00603357586994196,-0.0282696112872822,0.133109921085734));
#10854=CARTESIAN_POINT('',(-0.00535682261234561,-0.0289379200405211,0.132107132685112));
#10855=CARTESIAN_POINT('',(-0.00515502587356915,-0.0292579704654562,0.131431046277133));
#10856=CARTESIAN_POINT('',(-0.0454598547652842,-0.00362428075228071,0.16));
#10857=CARTESIAN_POINT('',(-0.0454628236828419,-0.00362114392919742,0.159696978741187));
#10858=CARTESIAN_POINT('',(-0.0452267990386561,-0.0037029190807371,0.158940841827834));
#10859=CARTESIAN_POINT('',(-0.0440481509738018,-0.00433707659870454,0.157373394066008));
#10860=CARTESIAN_POINT('',(-0.0420974868658207,-0.00544978509091514,0.15551073970477));
#10861=CARTESIAN_POINT('',(-0.0386933206201107,-0.00744504725357128,0.152959243131733));
#10862=CARTESIAN_POINT('',(-0.0333325235824261,-0.0106365069419397,0.149598610327364));
#10863=CARTESIAN_POINT('',(-0.0263851357271475,-0.0148303356421783,0.145706260754778));
#10864=CARTESIAN_POINT('',(-0.0193278659916332,-0.0191682556438838,0.141891384010015));
#10865=CARTESIAN_POINT('',(-0.013682723727356,-0.0227316711448874,0.138713901136332));
#10866=CARTESIAN_POINT('',(-0.00990771260272928,-0.0252105464036477,0.136356809747463));
#10867=CARTESIAN_POINT('',(-0.0075459645630165,-0.0268577812300393,0.134625464391152));
#10868=CARTESIAN_POINT('',(-0.00586594760881148,-0.0281480198600312,0.133072583742219));
#10869=CARTESIAN_POINT('',(-0.00519168755353769,-0.028816315344582,0.132068851128216));
#10870=CARTESIAN_POINT('',(-0.00499225589337058,-0.0291355199449941,0.131394413600354));
#10871=CARTESIAN_POINT('',(-0.045269631405311,-0.00344601589346522,0.16));
#10872=CARTESIAN_POINT('',(-0.0452724057794052,-0.00344290307378793,0.159693051675755));
#10873=CARTESIAN_POINT('',(-0.0450315573889579,-0.00352460261595658,0.158933449371864));
#10874=CARTESIAN_POINT('',(-0.0438491764064174,-0.00415925317647945,0.157363860486332));
#10875=CARTESIAN_POINT('',(-0.0418962668604801,-0.00527382851392402,0.15549877532579));
#10876=CARTESIAN_POINT('',(-0.0384904970105361,-0.00727300335802262,0.152943822099514));
#10877=CARTESIAN_POINT('',(-0.0331279437708985,-0.0104705165852632,0.14957841762994));
#10878=CARTESIAN_POINT('',(-0.0261780261385534,-0.0146711467165065,0.145680476001111));
#10879=CARTESIAN_POINT('',(-0.0191174465643412,-0.0190144296496072,0.14186008016927));
#10880=CARTESIAN_POINT('',(-0.0134692693530654,-0.0225810944026938,0.138677882817818));
#10881=CARTESIAN_POINT('',(-0.0096924835065488,-0.0250619105678525,0.136317162054772));
#10882=CARTESIAN_POINT('',(-0.00733056626560889,-0.0267106213304059,0.134582986867684));
#10883=CARTESIAN_POINT('',(-0.00565212410345114,-0.0280023155419112,0.13302772992752));
#10884=CARTESIAN_POINT('',(-0.00498196957395371,-0.0286712715583632,0.132022677125975));
#10885=CARTESIAN_POINT('',(-0.00478573355628289,-0.0289894196383036,0.131350345515342));
#10886=CARTESIAN_POINT('',(-0.0448420661000135,-0.00307788737296147,0.16));
#10887=CARTESIAN_POINT('',(-0.0448444182545557,-0.00307487442874928,0.159684623504953));
#10888=CARTESIAN_POINT('',(-0.0445928582995385,-0.0031568245889953,0.158918505917604));
#10889=CARTESIAN_POINT('',(-0.043404386205573,-0.00379286181544177,0.157346833991076));
#10890=CARTESIAN_POINT('',(-0.0414512728981752,-0.0049127224901987,0.155479184444576));
#10891=CARTESIAN_POINT('',(-0.0380516009094941,-0.00692410949099832,0.152920021633054));
#10892=CARTESIAN_POINT('',(-0.032701971484076,-0.0101430699558462,0.149548142697558));
#10893=CARTESIAN_POINT('',(-0.025770090314069,-0.0143722447501709,0.145642150916632));
#10894=CARTESIAN_POINT('',(-0.0187277973516026,-0.0187439248229124,0.141813551094681));
#10895=CARTESIAN_POINT('',(-0.0130940133718561,-0.0223323323206564,0.138624204990245));
#10896=CARTESIAN_POINT('',(-0.0093272394384239,-0.0248272823978244,0.136257823223282));
#10897=CARTESIAN_POINT('',(-0.0069730025638419,-0.0264850101956936,0.134519064743859));
#10898=CARTESIAN_POINT('',(-0.00530264605179195,-0.0277834128115685,0.1329598127776));
#10899=CARTESIAN_POINT('',(-0.00464113982623489,-0.0284545091142829,0.131952475800761));
#10900=CARTESIAN_POINT('',(-0.00445047248466547,-0.0287709229019434,0.131283637330782));
#10901=CARTESIAN_POINT('',(-0.0440769165146802,-0.00251190793778876,0.16));
#10902=CARTESIAN_POINT('',(-0.0440785669869262,-0.00250918832153502,0.159669247948023));
#10903=CARTESIAN_POINT('',(-0.0438092741080549,-0.00259492594403127,0.158892244640174));
#10904=CARTESIAN_POINT('',(-0.0426148353031903,-0.00323646513449569,0.157320310812051));
#10905=CARTESIAN_POINT('',(-0.0406697988153157,-0.00436829720471069,0.155452074588919));
#10906=CARTESIAN_POINT('',(-0.0372961937368995,-0.0064048705880288,0.152890451195105));
#10907=CARTESIAN_POINT('',(-0.0319942498553612,-0.00966771240756424,0.149513104361528));
#10908=CARTESIAN_POINT('',(-0.0251274307563167,-0.0139563365139478,0.145599232871602));
#10909=CARTESIAN_POINT('',(-0.0181522538589844,-0.0183891564489127,0.141761920910317));
#10910=CARTESIAN_POINT('',(-0.0125722780540665,-0.0220259673857639,0.138564596794578));
#10911=CARTESIAN_POINT('',(-0.00884188449959425,-0.0245526870822772,0.136191631902039));
#10912=CARTESIAN_POINT('',(-0.00651191922471331,-0.0262300413036418,0.134447317531799));
#10913=CARTESIAN_POINT('',(-0.00486177556305782,-0.0275420880830942,0.132883067210265));
#10914=CARTESIAN_POINT('',(-0.00421453928156967,-0.028216785182581,0.131872896967113));
#10915=CARTESIAN_POINT('',(-0.00403140748350688,-0.028530790438798,0.131208672641794));
#10916=CARTESIAN_POINT('',(-0.0430080598836146,-0.00194646193006688,0.16));
#10917=CARTESIAN_POINT('',(-0.0430089967268254,-0.00194431148956161,0.159645671576797));
#10918=CARTESIAN_POINT('',(-0.0427199383256738,-0.00204333076210961,0.158851066164712));
#10919=CARTESIAN_POINT('',(-0.0415238983210961,-0.00269784834177309,0.157281070171119));
#10920=CARTESIAN_POINT('',(-0.039599980319339,-0.00384609300021903,0.155416018996523));
#10921=CARTESIAN_POINT('',(-0.0362796083314267,-0.00591187676420611,0.152856178783297));
#10922=CARTESIAN_POINT('',(-0.0310709770582889,-0.00922395893894714,0.149477229714784));
#10923=CARTESIAN_POINT('',(-0.0243297066215692,-0.0135787909916119,0.145558688968099));
#10924=CARTESIAN_POINT('',(-0.0174833486246295,-0.018079374462129,0.141715205266363));
#10925=CARTESIAN_POINT('',(-0.0120061076716843,-0.0217692770317408,0.138511932206865));
#10926=CARTESIAN_POINT('',(-0.00834402736880574,-0.0243299610759183,0.136133980326807));
#10927=CARTESIAN_POINT('',(-0.00605742785508798,-0.0260272909152904,0.134385383274769));
#10928=CARTESIAN_POINT('',(-0.00444010644250497,-0.02735216847469,0.132817351728798));
#10929=CARTESIAN_POINT('',(-0.00381076016103925,-0.0280289132892563,0.131805374296336));
#10930=CARTESIAN_POINT('',(-0.00363544765829202,-0.0283397822193058,0.131146297475782));
#10931=CARTESIAN_POINT('',(-0.0419970057259441,-0.00158039073269794,0.16));
#10932=CARTESIAN_POINT('',(-0.0419975092890604,-0.00157875343768843,0.159621776185195));
#10933=CARTESIAN_POINT('',(-0.0416954156133511,-0.00169469644143664,0.158806852280991));
#10934=CARTESIAN_POINT('',(-0.0405028303747555,-0.00236534684076125,0.157237389828763));
#10935=CARTESIAN_POINT('',(-0.0386039942814896,-0.00352785114167359,0.15537651894263));
#10936=CARTESIAN_POINT('',(-0.0353416814254718,-0.00561362060204352,0.152820687372414));
#10937=CARTESIAN_POINT('',(-0.0302333533137951,-0.00895710629584383,0.149442990306541));
#10938=CARTESIAN_POINT('',(-0.0236264270390092,-0.013353395740716,0.145522874404881));
#10939=CARTESIAN_POINT('',(-0.0169174669850487,-0.017895729334573,0.141676419309732));
#10940=CARTESIAN_POINT('',(-0.0115491355707975,-0.0216171623734749,0.138470374321079));
#10941=CARTESIAN_POINT('',(-0.00795851070365608,-0.0241965523059322,0.136090329725164));
#10942=CARTESIAN_POINT('',(-0.00571604130314425,-0.0259035409564678,0.134340003455626));
#10943=CARTESIAN_POINT('',(-0.00413062238994046,-0.0272333516405794,0.13277065145759));
#10944=CARTESIAN_POINT('',(-0.00351661244128903,-0.0279091068468144,0.131758477802114));
#10945=CARTESIAN_POINT('',(-0.00334737078262885,-0.0282167763032532,0.131103969810142));
#10946=CARTESIAN_POINT('',(-0.0411741881612974,-0.00136742685008575,0.16));
#10947=CARTESIAN_POINT('',(-0.0411744488235577,-0.00136616232015855,0.159601381147398));
#10948=CARTESIAN_POINT('',(-0.0408650317658204,-0.00149741898982051,0.158767442709311));
#10949=CARTESIAN_POINT('',(-0.0396782053920592,-0.00218328619840114,0.157196661715289));
#10950=CARTESIAN_POINT('',(-0.0378023114473111,-0.00335703188006474,0.155339198529799));
#10951=CARTESIAN_POINT('',(-0.0345906333142335,-0.00545520869939656,0.152787519352083));
#10952=CARTESIAN_POINT('',(-0.0295690527485004,-0.00881607908159113,0.149412107071016));
#10953=CARTESIAN_POINT('',(-0.0230780391041855,-0.0132344562421392,0.145492073404281));
#10954=CARTESIAN_POINT('',(-0.0164873801724599,-0.017798351490314,0.141644664195519));
#10955=CARTESIAN_POINT('',(-0.0112123795621605,-0.0215349627016355,0.138437945628657));
#10956=CARTESIAN_POINT('',(-0.00768234883782533,-0.0241219246441876,0.136057732235933));
#10957=CARTESIAN_POINT('',(-0.00547656635638654,-0.0258314060128512,0.134307360396085));
#10958=CARTESIAN_POINT('',(-0.0039168748696782,-0.0271609903339342,0.132738238590072));
#10959=CARTESIAN_POINT('',(-0.00331434142901834,-0.0278342248204229,0.131726727374728));
#10960=CARTESIAN_POINT('',(-0.00314941719414214,-0.0281390792277776,0.131075900646553));
#10961=CARTESIAN_POINT('',(-0.0404450059815082,-0.00125418770527978,0.16));
#10962=CARTESIAN_POINT('',(-0.0404451330808956,-0.00125319264626093,0.159583030451579));
#10963=CARTESIAN_POINT('',(-0.0401325134731264,-0.00139825074768252,0.158730378977259));
#10964=CARTESIAN_POINT('',(-0.0389541537621547,-0.00209881026601762,0.157156119763319));
#10965=CARTESIAN_POINT('',(-0.037101195194154,-0.00328212567493105,0.155300993733723));
#10966=CARTESIAN_POINT('',(-0.0339373086496721,-0.00538791572611264,0.152753275263315));
#10967=CARTESIAN_POINT('',(-0.0289965747898436,-0.00875678912750239,0.149380682993507));
#10968=CARTESIAN_POINT('',(-0.0226131961899951,-0.0131840252691805,0.14546172237846));
#10969=CARTESIAN_POINT('',(-0.0161321344323025,-0.0177555796655865,0.141614665811473));
#10970=CARTESIAN_POINT('',(-0.0109431688289848,-0.0214959890854848,0.138408781719437));
#10971=CARTESIAN_POINT('',(-0.00746833652204978,-0.0240825810577993,0.136029897937209));
#10972=CARTESIAN_POINT('',(-0.00529521548348693,-0.0257892343831965,0.134280820279634));
#10973=CARTESIAN_POINT('',(-0.00375764387952362,-0.0271145799804423,0.132713171094798));
#10974=CARTESIAN_POINT('',(-0.00316422372481859,-0.0277839389932912,0.131703007172149));
#10975=CARTESIAN_POINT('',(-0.00300259028663906,-0.028086063512101,0.131055470014567));
#10976=CARTESIAN_POINT('',(-0.0399240930270636,-0.00121374407358806,0.16));
#10977=CARTESIAN_POINT('',(-0.0399241536481167,-0.00121291774693828,0.159568791868944));
#10978=CARTESIAN_POINT('',(-0.0396108224325864,-0.00136811078690205,0.158700553169586));
#10979=CARTESIAN_POINT('',(-0.0384404017979115,-0.00208029546886965,0.157121490184886));
#10980=CARTESIAN_POINT('',(-0.0366053595313258,-0.00327083365792592,0.15526708742416));
#10981=CARTESIAN_POINT('',(-0.0334773445631605,-0.00538077363832401,0.152722163814785));
#10982=CARTESIAN_POINT('',(-0.0285967198185031,-0.00875165426550666,0.149352107119292));
#10983=CARTESIAN_POINT('',(-0.0222931568271947,-0.0131794329196374,0.145434709337507));
#10984=CARTESIAN_POINT('',(-0.0158931678154611,-0.0177500646989479,0.141588956809946));
#10985=CARTESIAN_POINT('',(-0.010767395080262,-0.0214875729231185,0.13838502715699));
#10986=CARTESIAN_POINT('',(-0.00733235354655331,-0.0240694465689101,0.136008567129821));
#10987=CARTESIAN_POINT('',(-0.00518191041406242,-0.0257705575000753,0.134261736070529));
#10988=CARTESIAN_POINT('',(-0.00365884829861142,-0.0270897724123028,0.132696338106106));
#10989=CARTESIAN_POINT('',(-0.00307077875247726,-0.0277549832673345,0.131687760929434));
#10990=CARTESIAN_POINT('',(-0.00291106582207531,-0.0280549137793392,0.1310426636092));
#10991=CARTESIAN_POINT('',(-0.0396184840755365,-0.00120184024907089,0.16));
#10992=CARTESIAN_POINT('',(-0.03961851659092,-0.00120109300538612,0.159561526487099));
#10993=CARTESIAN_POINT('',(-0.0393054935735274,-0.0013613181078341,0.158685125051536));
#10994=CARTESIAN_POINT('',(-0.0381407219798638,-0.0020794086109164,0.157103155044503));
#10995=CARTESIAN_POINT('',(-0.0363169442433228,-0.00327352345948641,0.155248826563184));
#10996=CARTESIAN_POINT('',(-0.0332105636374572,-0.00538513601975939,0.152705144779378));
#10997=CARTESIAN_POINT('',(-0.0283656490144425,-0.00875605582216061,0.14933624737361));
#10998=CARTESIAN_POINT('',(-0.0221092613297778,-0.0131826666413859,0.145419513979367));
#10999=CARTESIAN_POINT('',(-0.0157571683143846,-0.0177513106544772,0.14157433998593));
#11000=CARTESIAN_POINT('',(-0.0106688023667724,-0.0214860934834255,0.138371457062806));
#11001=CARTESIAN_POINT('',(-0.00725735666543012,-0.0240646116359647,0.135996425273017));
#11002=CARTESIAN_POINT('',(-0.00512032717229643,-0.0257621141905173,0.134250988170508));
#11003=CARTESIAN_POINT('',(-0.00360576353633705,-0.0270774439598371,0.132687015578657));
#11004=CARTESIAN_POINT('',(-0.00302072485247926,-0.027740094676205,0.131679439937072));
#11005=CARTESIAN_POINT('',(-0.00286207856811801,-0.0280387311560883,0.131035761936726));
#11006=CARTESIAN_POINT('',(-0.0394026707131804,-0.00119950774309705,0.16));
#11007=CARTESIAN_POINT('',(-0.0394026776903109,-0.00119884337927901,0.159553111013141));
#11008=CARTESIAN_POINT('',(-0.0390894854523346,-0.00136462965003063,0.158667020862682));
#11009=CARTESIAN_POINT('',(-0.0379281741861065,-0.00208955102353423,0.157081078390871));
#11010=CARTESIAN_POINT('',(-0.0361121022739128,-0.00328791700306146,0.15522649255903));
#11011=CARTESIAN_POINT('',(-0.0330212601420404,-0.00540147837668991,0.152684250204588));
#11012=CARTESIAN_POINT('',(-0.0282025904696685,-0.00877214790449313,0.149317124540038));
#11013=CARTESIAN_POINT('',(-0.0219811729179045,-0.0131967591659376,0.14540196064691));
#11014=CARTESIAN_POINT('',(-0.0156644722514228,-0.0177622486245532,0.141558440564117));
#11015=CARTESIAN_POINT('',(-0.0106032155648955,-0.0214930276362207,0.138357714060955));
#11016=CARTESIAN_POINT('',(-0.0072080718042334,-0.0240669518206821,0.135985084779895));
#11017=CARTESIAN_POINT('',(-0.00507948756709913,-0.0257597506541627,0.134241782519736));
#11018=CARTESIAN_POINT('',(-0.00356951811710466,-0.0270702248689375,0.13267978558398));
#11019=CARTESIAN_POINT('',(-0.00298564286082887,-0.0277300562747682,0.131673353373137));
#11020=CARTESIAN_POINT('',(-0.00282746863164519,-0.028027559080015,0.131030798741027));
#11021=CARTESIAN_POINT('',(-0.0391312227649533,-0.00120012877854092,0.16));
#11022=CARTESIAN_POINT('',(-0.0391312364557863,-0.00119944020621313,0.159555608404363));
#11023=CARTESIAN_POINT('',(-0.0388205367142753,-0.00136364163461035,0.158672329531975));
#11024=CARTESIAN_POINT('',(-0.0376673626925508,-0.00208637210466633,0.157087485566146));
#11025=CARTESIAN_POINT('',(-0.0358633934555895,-0.00328299500551703,0.155232765264391));
#11026=CARTESIAN_POINT('',(-0.0327924953310781,-0.00539496162726715,0.152689534876138));
#11027=CARTESIAN_POINT('',(-0.0280043959700399,-0.00876402002228694,0.149320718533828));
#11028=CARTESIAN_POINT('',(-0.0218222365925806,-0.0131871050678551,0.145403312852036));
#11029=CARTESIAN_POINT('',(-0.0155455817193693,-0.017751612850432,0.141557347075412));
#11030=CARTESIAN_POINT('',(-0.0105168455358159,-0.0214822828284147,0.138354469555869));
#11031=CARTESIAN_POINT('',(-0.007143892329164,-0.0240566666041595,0.135980358777952));
#11032=CARTESIAN_POINT('',(-0.00502943864458873,-0.0257499335991257,0.134236214921104));
#11033=CARTESIAN_POINT('',(-0.00352967799941039,-0.0270605943985393,0.13267383149624));
#11034=CARTESIAN_POINT('',(-0.00295012078684921,-0.0277198797379801,0.131667585666489));
#11035=CARTESIAN_POINT('',(-0.00279330555226216,-0.0280166550834705,0.131026022949762));
#11036=CARTESIAN_POINT('',(-0.0464395862667246,-0.0209694028624382,0.236));
#11037=CARTESIAN_POINT('',(-0.0464395862667246,-0.0209694028624382,0.236));
#11038=CARTESIAN_POINT('',(-0.0474760919682678,-0.0179419194304986,0.236));
#11039=CARTESIAN_POINT('',(-0.0456449104896198,-0.0240691593705018,0.236));
#11040=CARTESIAN_POINT('',(-0.0474760919682678,-0.0179419194304986,0.236));
#11041=CARTESIAN_POINT('',(-0.0456449104896198,-0.0240691593705018,0.236));
#11042=CARTESIAN_POINT('',(0.,-0.024,0.236));
#11043=CARTESIAN_POINT('',(-0.04,-0.0187849741697562,0.236));
#11044=CARTESIAN_POINT('',(-0.0467549981495186,-0.0226849741697562,0.236));
#11045=CARTESIAN_POINT('',(-0.0478,-0.0187849741697561,0.236));
#11046=CARTESIAN_POINT('',(-0.0478,-0.024,0.236));
#11047=CARTESIAN_POINT('',(-0.0478,-0.0179958308580175,0.236));
#11048=CARTESIAN_POINT('',(-0.0478,-0.0169958308580175,0.236));
#11049=CARTESIAN_POINT('',(-0.0453965743092746,-0.0250378332792717,0.236));
#11050=CARTESIAN_POINT('',(-0.0458965743092746,-0.0241718078754872,0.236));
#11051=CARTESIAN_POINT('',(-0.034496825724327,-0.0439167516181278,0.236));
#11052=CARTESIAN_POINT('',(-0.0415270868908605,-0.00354342405595037,0.236));
#11053=CARTESIAN_POINT('',(-0.0445197405237679,-0.00467657198691361,0.236));
#11054=CARTESIAN_POINT('',(-0.0445197405237679,-0.00467657198691361,0.236));
#11055=CARTESIAN_POINT('',(-0.0415270868908605,-0.00354342405595037,0.236));
#11056=CARTESIAN_POINT('',(-0.0384952025758566,-0.00251986287046437,0.236));
#11057=CARTESIAN_POINT('',(-0.0384952025758566,-0.00251986287046437,0.236));
#11058=CARTESIAN_POINT('',(0.,-0.024,0.236));
#11059=CARTESIAN_POINT('',(-0.0454549447840514,-0.00503068071533962,0.236));
#11060=CARTESIAN_POINT('',(-0.044745491859773,-0.00432592788758173,0.236));
#11061=CARTESIAN_POINT('',(-0.0393933982822019,-0.01,0.236));
#11062=CARTESIAN_POINT('',(-0.0393933982822019,-0.0022,0.236));
#11063=CARTESIAN_POINT('',(0.,-0.0022,0.236));
#11064=CARTESIAN_POINT('',(-0.0385477387274179,-0.0022,0.236));
#11065=CARTESIAN_POINT('',(-0.0375477387274179,-0.0022,0.236));
#11066=CARTESIAN_POINT('',(0.0415270868908605,-0.00354342405595034,0.236));
#11067=CARTESIAN_POINT('',(0.0415270868908605,-0.00354342405595034,0.236));
#11068=CARTESIAN_POINT('',(0.0445197405237679,-0.00467657198691358,0.236));
#11069=CARTESIAN_POINT('',(0.0384952025758566,-0.00251986287046437,0.236));
#11070=CARTESIAN_POINT('',(0.0445197405237679,-0.00467657198691359,0.236));
#11071=CARTESIAN_POINT('',(0.0384952025758566,-0.00251986287046436,0.236));
#11072=CARTESIAN_POINT('',(0.,-0.024,0.236));
#11073=CARTESIAN_POINT('',(0.,-0.0022,0.236));
#11074=CARTESIAN_POINT('',(0.0385477387274179,-0.0022,0.236));
#11075=CARTESIAN_POINT('',(0.0393933982822019,-0.0022,0.236));
#11076=CARTESIAN_POINT('',(0.0393933982822019,-0.01,0.236));
#11077=CARTESIAN_POINT('',(0.044745491859773,-0.00432592788758171,0.236));
#11078=CARTESIAN_POINT('',(0.0454549447840514,-0.0050306807153396,0.236));
#11079=CARTESIAN_POINT('',(0.0375477387274179,-0.0022,0.236));
#11080=CARTESIAN_POINT('',(0.0464395862667246,-0.0209694028624382,0.236));
#11081=CARTESIAN_POINT('',(0.0474760919682678,-0.0179419194304986,0.236));
#11082=CARTESIAN_POINT('',(0.0474760919682678,-0.0179419194304986,0.236));
#11083=CARTESIAN_POINT('',(0.0464395862667246,-0.0209694028624382,0.236));
#11084=CARTESIAN_POINT('',(0.0456449104896198,-0.0240691593705018,0.236));
#11085=CARTESIAN_POINT('',(0.0456449104896198,-0.0240691593705018,0.236));
#11086=CARTESIAN_POINT('',(0.,-0.024,0.236));
#11087=CARTESIAN_POINT('',(0.0478,-0.0169958308580175,0.236));
#11088=CARTESIAN_POINT('',(0.0478,-0.0179958308580174,0.236));
#11089=CARTESIAN_POINT('',(0.0478,-0.024,0.236));
#11090=CARTESIAN_POINT('',(0.0478,-0.0187849741697561,0.236));
#11091=CARTESIAN_POINT('',(0.04,-0.0187849741697561,0.236));
#11092=CARTESIAN_POINT('',(0.0467549981495186,-0.0226849741697562,0.236));
#11093=CARTESIAN_POINT('',(0.0344968257243271,-0.0439167516181278,0.236));
#11094=CARTESIAN_POINT('',(0.0458965743092746,-0.0241718078754872,0.236));
#11095=CARTESIAN_POINT('',(0.0453965743092746,-0.0250378332792716,0.236));
#11096=CARTESIAN_POINT('',(0.032221905364944,-0.0439368422340638,0.236));
#11097=CARTESIAN_POINT('',(0.0349303061178443,-0.0422325636882595,0.236));
#11098=CARTESIAN_POINT('',(0.0349303061178443,-0.0422325636882595,0.236));
#11099=CARTESIAN_POINT('',(0.032221905364944,-0.0439368422340638,0.236));
#11100=CARTESIAN_POINT('',(0.029353999983293,-0.0453563910081104,0.236));
#11101=CARTESIAN_POINT('',(0.029353999983293,-0.0453563910081104,0.236));
#11102=CARTESIAN_POINT('',(0.,-0.024,0.236));
#11103=CARTESIAN_POINT('',(0.0357766813531257,-0.0416999766426956,0.236));
#11104=CARTESIAN_POINT('',(0.0352441908509826,-0.0425464126208578,0.236));
#11105=CARTESIAN_POINT('',(0.0289061996644232,-0.038,0.236));
#11106=CARTESIAN_POINT('',(0.0294575891443873,-0.0457804864656001,0.236));
#11107=CARTESIAN_POINT('',(0.0284577795515271,-0.0458,0.236));
#11108=CARTESIAN_POINT('',(-0.032221905364944,-0.0439368422340638,0.236));
#11109=CARTESIAN_POINT('',(-0.032221905364944,-0.0439368422340638,0.236));
#11110=CARTESIAN_POINT('',(-0.0349303061178443,-0.0422325636882595,0.236));
#11111=CARTESIAN_POINT('',(-0.029353999983293,-0.0453563910081104,0.236));
#11112=CARTESIAN_POINT('',(-0.0349303061178443,-0.0422325636882595,0.236));
#11113=CARTESIAN_POINT('',(-0.029353999983293,-0.0453563910081104,0.236));
#11114=CARTESIAN_POINT('',(0.,-0.024,0.236));
#11115=CARTESIAN_POINT('',(-0.028457779551527,-0.0458,0.236));
#11116=CARTESIAN_POINT('',(-0.0294575891443872,-0.0457804864656001,0.236));
#11117=CARTESIAN_POINT('',(-0.0289061996644232,-0.038,0.236));
#11118=CARTESIAN_POINT('',(-0.0352441908509826,-0.0425464126208578,0.236));
#11119=CARTESIAN_POINT('',(-0.0357766813531257,-0.0416999766426956,0.236));
#11120=CARTESIAN_POINT('',(0.0412080979817302,-0.0322924870848781,0.235));
#11121=CARTESIAN_POINT('',(0.0357766813531257,-0.0416999766426956,0.235));
#11122=CARTESIAN_POINT('',(0.0365038072469146,-0.0423864807829466,0.235230967078366));
#11123=CARTESIAN_POINT('',(0.0356611978139418,-0.0419,0.235));
#11124=CARTESIAN_POINT('',(0.0357766813531257,-0.0416999766426956,0.236));
#11125=CARTESIAN_POINT('',(0.0352441908509827,-0.0425464126208578,0.236));
#11126=CARTESIAN_POINT('',(0.0354747722108845,-0.0426914707082817,0.236));
#11127=CARTESIAN_POINT('',(0.0360106699808524,-0.0427541355848005,0.235771933326904));
#11128=CARTESIAN_POINT('',(0.0363709079208369,-0.0425272440145024,0.235419321275851));
#11129=CARTESIAN_POINT('',(0.0365038072469146,-0.0423864807829466,0.235230967078366));
#11130=CARTESIAN_POINT('',(0.0284577795515271,-0.0458,0.236));
#11131=CARTESIAN_POINT('',(0.0289061996644231,-0.0466938229144245,0.235448420112896));
#11132=CARTESIAN_POINT('',(0.0290479085750152,-0.0466227292730996,0.235590129023488));
#11133=CARTESIAN_POINT('',(0.0293209978108324,-0.0464053127022364,0.235853396632383));
#11134=CARTESIAN_POINT('',(0.0294618111846342,-0.0459968099800304,0.236));
#11135=CARTESIAN_POINT('',(0.0294575891443873,-0.0457804864656001,0.236));
#11136=CARTESIAN_POINT('',(0.0289061996644232,-0.0466938229144245,0.235448420112896));
#11137=CARTESIAN_POINT('',(0.0284577795515271,-0.0458,0.235));
#11138=CARTESIAN_POINT('',(0.0289061996644232,-0.038,0.235));
#11139=CARTESIAN_POINT('',(0.0289061996644232,-0.0458,0.235));
#11140=CARTESIAN_POINT('',(1.70831812562668E-17,-0.0458,0.235));
#11141=CARTESIAN_POINT('',(1.70831812562668E-17,-0.0458,0.235));
#11142=CARTESIAN_POINT('',(-0.028457779551527,-0.0458,0.235));
#11143=CARTESIAN_POINT('',(-0.0289061996644232,-0.0466938229144245,0.235448420112896));
#11144=CARTESIAN_POINT('',(-0.0289061996644232,-0.0458,0.235));
#11145=CARTESIAN_POINT('',(-0.028457779551527,-0.0458,0.236));
#11146=CARTESIAN_POINT('',(-0.0294575891443872,-0.0457804864656001,0.236));
#11147=CARTESIAN_POINT('',(-0.0294618114361416,-0.0459968228664508,0.236));
#11148=CARTESIAN_POINT('',(-0.0293215005513512,-0.0464045753292496,0.235853894909619));
#11149=CARTESIAN_POINT('',(-0.0290478718059526,-0.0466227477196922,0.235590092254426));
#11150=CARTESIAN_POINT('',(-0.0289061996644231,-0.0466938229144245,0.235448420112896));
#11151=CARTESIAN_POINT('',(-0.0357766813531257,-0.0416999766426956,0.236));
#11152=CARTESIAN_POINT('',(-0.0352441908509826,-0.0425464126208578,0.236));
#11153=CARTESIAN_POINT('',(-0.0354747722108844,-0.0426914707082817,0.236));
#11154=CARTESIAN_POINT('',(-0.0360106699808524,-0.0427541355848005,0.235771933326904));
#11155=CARTESIAN_POINT('',(-0.0363709079208368,-0.0425272440145024,0.235419321275851));
#11156=CARTESIAN_POINT('',(-0.0365038072469146,-0.0423864807829465,0.235230967078366));
#11157=CARTESIAN_POINT('',(-0.0365038072469146,-0.0423864807829466,0.235230967078366));
#11158=CARTESIAN_POINT('',(-0.0357766813531257,-0.0416999766426956,0.235));
#11159=CARTESIAN_POINT('',(-0.0289061996644232,-0.038,0.235));
#11160=CARTESIAN_POINT('',(-0.0356611978139418,-0.0419,0.235));
#11161=CARTESIAN_POINT('',(-0.0412080979817302,-0.0322924870848781,0.235));
#11162=CARTESIAN_POINT('',(0.0375477387274179,-0.0022,0.236));
#11163=CARTESIAN_POINT('',(0.0375477387274179,-0.0022,0.235));
#11164=CARTESIAN_POINT('',(0.,-0.0022,0.235));
#11165=CARTESIAN_POINT('',(0.0393933982822019,-0.0022,0.235));
#11166=CARTESIAN_POINT('',(0.045212132034356,-0.00478786796564416,0.235));
#11167=CARTESIAN_POINT('',(0.0449088311754569,-0.00448456710674504,0.235));
#11168=CARTESIAN_POINT('',(0.0453580081188854,-0.00403539016331647,0.235772321271871));
#11169=CARTESIAN_POINT('',(0.0454549447840514,-0.0050306807153396,0.235));
#11170=CARTESIAN_POINT('',(0.0393933982822019,-0.01,0.235));
#11171=CARTESIAN_POINT('',(0.044745491859773,-0.00432592788758171,0.236));
#11172=CARTESIAN_POINT('',(0.044920920528933,-0.00414932925975661,0.236));
#11173=CARTESIAN_POINT('',(0.0451525271952579,-0.00405540304844955,0.235903466979584));
#11174=CARTESIAN_POINT('',(0.0453580081188854,-0.00403539016331647,0.235772321271871));
#11175=CARTESIAN_POINT('',(0.0454549447840514,-0.0050306807153396,0.236));
#11176=CARTESIAN_POINT('',(0.0453965743092746,-0.0250378332792716,0.236));
#11177=CARTESIAN_POINT('',(0.0453965743092746,-0.0250378332792716,0.235));
#11178=CARTESIAN_POINT('',(0.0344968257243271,-0.0439167516181278,0.235));
#11179=CARTESIAN_POINT('',(0.0467549981495186,-0.0226849741697562,0.235));
#11180=CARTESIAN_POINT('',(0.04,-0.0187849741697561,0.235));
#11181=CARTESIAN_POINT('',(0.0478,-0.0187849741697561,0.235));
#11182=CARTESIAN_POINT('',(0.0478,-0.0146957879437772,0.235));
#11183=CARTESIAN_POINT('',(0.0478,-0.0169958308580175,0.235));
#11184=CARTESIAN_POINT('',(0.0478,-0.0169958308580175,0.236));
#11185=CARTESIAN_POINT('',(-0.0375477387274179,-0.0022,0.236));
#11186=CARTESIAN_POINT('',(-0.0375477387274179,-0.0022,0.235));
#11187=CARTESIAN_POINT('',(0.,-0.0022,0.235));
#11188=CARTESIAN_POINT('',(-0.0393933982822019,-0.0022,0.235));
#11189=CARTESIAN_POINT('',(-0.0393933982822019,-0.01,0.235));
#11190=CARTESIAN_POINT('',(-0.044908831175457,-0.00448456710674493,0.235));
#11191=CARTESIAN_POINT('',(-0.0453580081188853,-0.00403539016331651,0.235772321271871));
#11192=CARTESIAN_POINT('',(-0.044745491859773,-0.00432592788758173,0.236));
#11193=CARTESIAN_POINT('',(-0.0449209205289331,-0.00414932925975667,0.236));
#11194=CARTESIAN_POINT('',(-0.0451525271952579,-0.00405540304844959,0.235903466979584));
#11195=CARTESIAN_POINT('',(-0.0453580081188854,-0.0040353901633165,0.235772321271871));
#11196=CARTESIAN_POINT('',(-0.045212132034356,-0.00478786796564414,0.235));
#11197=CARTESIAN_POINT('',(-0.0454549447840514,-0.00503068071533962,0.235));
#11198=CARTESIAN_POINT('',(-0.0454549447840514,-0.00503068071533962,0.236));
#11199=CARTESIAN_POINT('',(-0.0453965743092746,-0.0250378332792717,0.236));
#11200=CARTESIAN_POINT('',(-0.0453965743092746,-0.0250378332792717,0.235));
#11201=CARTESIAN_POINT('',(-0.034496825724327,-0.0439167516181278,0.235));
#11202=CARTESIAN_POINT('',(-0.0467549981495186,-0.0226849741697562,0.235));
#11203=CARTESIAN_POINT('',(-0.04,-0.0187849741697562,0.235));
#11204=CARTESIAN_POINT('',(-0.0478,-0.0187849741697561,0.235));
#11205=CARTESIAN_POINT('',(-0.0478,-0.0146957879437772,0.235));
#11206=CARTESIAN_POINT('',(-0.0478,-0.0169958308580175,0.235));
#11207=CARTESIAN_POINT('',(-0.0478,-0.0169958308580175,0.236));
#11208=CARTESIAN_POINT('',(0.,-0.0672507345072306,0.2325));
#11209=CARTESIAN_POINT('',(-0.0025,-0.0672507345072306,0.2325));
#11210=CARTESIAN_POINT('',(0.0025,-0.0672507345072306,0.2325));
#11211=CARTESIAN_POINT('',(-0.0025,-0.0672507345072306,0.229));
#11212=CARTESIAN_POINT('',(-0.0025,-0.0672507345072306,0.2255));
#11213=CARTESIAN_POINT('',(0.0025,-0.0672507345072306,0.229));
#11214=CARTESIAN_POINT('',(0.0025,-0.0672507345072306,0.2255));
#11215=CARTESIAN_POINT('',(2.21779162067916E-17,-0.0672507345072306,0.221169872981078));
#11216=CARTESIAN_POINT('',(-0.014,-0.0052,0.16));
#11217=CARTESIAN_POINT('',(-0.014,-0.0052,0.219169872981078));
#11218=CARTESIAN_POINT('',(-0.002,-0.0052,0.219169872981078));
#11219=CARTESIAN_POINT('',(-0.002,-0.0052,0.207169872981078));
#11220=CARTESIAN_POINT('',(-4.33680868994202E-19,-0.0052,0.207169872981078));
#11221=CARTESIAN_POINT('',(0.002,-0.0052,0.207169872981078));
#11222=CARTESIAN_POINT('',(0.002,-0.0052,0.219169872981078));
#11223=CARTESIAN_POINT('',(0.014,-0.0052,0.219169872981078));
#11224=CARTESIAN_POINT('',(0.014,-0.0052,0.229584936490539));
#11225=CARTESIAN_POINT('',(0.0415270868908605,-0.00354342405595033,0.2376));
#11226=CARTESIAN_POINT('',(0.0415270868908605,-0.00354342405595033,0.2376));
#11227=CARTESIAN_POINT('',(0.0435270868908605,-0.00354342405595033,0.2376));
#11228=CARTESIAN_POINT('',(0.0415270868908605,-0.00354342405595033,0.2396));
#11229=CARTESIAN_POINT('',(0.0435270868908605,-0.00354342405595033,0.2396));
#11230=CARTESIAN_POINT('',(0.,-0.024,0.2376));
#11231=CARTESIAN_POINT('',(0.,-0.024,0.2396));
#11232=CARTESIAN_POINT('',(0.0464395862667246,-0.0209694028624382,0.2376));
#11233=CARTESIAN_POINT('',(0.0464395862667246,-0.0209694028624382,0.2376));
#11234=CARTESIAN_POINT('',(0.0484395862667246,-0.0209694028624382,0.2376));
#11235=CARTESIAN_POINT('',(0.0464395862667246,-0.0209694028624382,0.2396));
#11236=CARTESIAN_POINT('',(0.0484395862667246,-0.0209694028624382,0.2396));
#11237=CARTESIAN_POINT('',(0.,-0.024,0.2376));
#11238=CARTESIAN_POINT('',(0.,-0.024,0.2396));
#11239=CARTESIAN_POINT('',(0.032221905364944,-0.0439368422340638,0.2376));
#11240=CARTESIAN_POINT('',(0.032221905364944,-0.0439368422340638,0.2376));
#11241=CARTESIAN_POINT('',(0.034221905364944,-0.0439368422340638,0.2376));
#11242=CARTESIAN_POINT('',(0.032221905364944,-0.0439368422340638,0.2396));
#11243=CARTESIAN_POINT('',(0.034221905364944,-0.0439368422340638,0.2396));
#11244=CARTESIAN_POINT('',(0.,-0.024,0.2376));
#11245=CARTESIAN_POINT('',(0.,-0.024,0.2396));
#11246=CARTESIAN_POINT('',(-0.032221905364944,-0.0439368422340638,0.2376));
#11247=CARTESIAN_POINT('',(-0.032221905364944,-0.0439368422340638,0.2376));
#11248=CARTESIAN_POINT('',(-0.030221905364944,-0.0439368422340638,0.2376));
#11249=CARTESIAN_POINT('',(-0.032221905364944,-0.0439368422340638,0.2396));
#11250=CARTESIAN_POINT('',(-0.030221905364944,-0.0439368422340638,0.2396));
#11251=CARTESIAN_POINT('',(0.,-0.024,0.2376));
#11252=CARTESIAN_POINT('',(0.,-0.024,0.2396));
#11253=CARTESIAN_POINT('',(-0.0464395862667246,-0.0209694028624382,0.2376));
#11254=CARTESIAN_POINT('',(-0.0464395862667246,-0.0209694028624382,0.2376));
#11255=CARTESIAN_POINT('',(-0.0444395862667246,-0.0209694028624382,0.2376));
#11256=CARTESIAN_POINT('',(-0.0464395862667246,-0.0209694028624382,0.2396));
#11257=CARTESIAN_POINT('',(-0.0444395862667246,-0.0209694028624382,0.2396));
#11258=CARTESIAN_POINT('',(0.,-0.024,0.2376));
#11259=CARTESIAN_POINT('',(0.,-0.024,0.2396));
#11260=CARTESIAN_POINT('',(-0.0415270868908605,-0.00354342405595037,0.2376));
#11261=CARTESIAN_POINT('',(-0.0415270868908605,-0.00354342405595037,0.2376));
#11262=CARTESIAN_POINT('',(-0.0395270868908605,-0.00354342405595037,0.2376));
#11263=CARTESIAN_POINT('',(-0.0415270868908605,-0.00354342405595037,0.2396));
#11264=CARTESIAN_POINT('',(-0.0395270868908605,-0.00354342405595037,0.2396));
#11265=CARTESIAN_POINT('',(0.,-0.024,0.2376));
#11266=CARTESIAN_POINT('',(0.,-0.024,0.2396));
#11267=MECHANICAL_DESIGN_GEOMETRIC_PRESENTATION_REPRESENTATION('',(#2646),
#11268);
#11268=(
GEOMETRIC_REPRESENTATION_CONTEXT(3)
GLOBAL_UNCERTAINTY_ASSIGNED_CONTEXT((#11269))
GLOBAL_UNIT_ASSIGNED_CONTEXT((#11272,#11271,#11270))
REPRESENTATION_CONTEXT('Container','TOP_LEVEL_ASSEMBLY_PART')
);
#11269=UNCERTAINTY_MEASURE_WITH_UNIT(LENGTH_MEASURE(4.50000013739553E-5),
#11272,'DISTANCE_ACCURACY_VALUE','Maximum Tolerance applied to model');
#11270=(
NAMED_UNIT(*)
SI_UNIT($,.STERADIAN.)
SOLID_ANGLE_UNIT()
);
#11271=(
NAMED_UNIT(*)
PLANE_ANGLE_UNIT()
SI_UNIT($,.RADIAN.)
);
#11272=(
LENGTH_UNIT()
NAMED_UNIT(*)
SI_UNIT($,.METRE.)
);
#11273=PRODUCT_DEFINITION_SHAPE('','',#11274);
#11274=PRODUCT_DEFINITION('','',#11276,#11275);
#11275=PRODUCT_DEFINITION_CONTEXT('',#11282,'design');
#11276=PRODUCT_DEFINITION_FORMATION_WITH_SPECIFIED_SOURCE('','',#11278,
 .NOT_KNOWN.);
#11277=PRODUCT_RELATED_PRODUCT_CATEGORY('','',(#11278));
#11278=PRODUCT('Container','Container','Container',(#11280));
#11279=PRODUCT_CATEGORY('','');
#11280=PRODUCT_CONTEXT('',#11282,'mechanical');
#11281=APPLICATION_PROTOCOL_DEFINITION('international standard',
'ap242_managed_model_based_3d_engineering',2020,#11282);
#11282=APPLICATION_CONTEXT('managed model based 3d engineering');
ENDSEC;
END-ISO-10303-21;
