ISO-10303-21;
HEADER;
/* Generated by software containing ST-Developer
 * from STEP Tools, Inc. (www.steptools.com) 
 */
/* OPTION: using custom renumber hook */

FILE_DESCRIPTION(
/* description */ ('STEP AP242 Edition 2',
'CAx-IF Rec.Pracs.---Representation and Presentation of Product Manufa
cturing Information (PMI)---4.0---2014-10-13',
'CAx-IF Rec.Pracs.---3D Tessellated Geometry---0.4---2014-09-14','2;1',
'CAx-IF Rec.Pracs.---User Defined Attributes---1.5---2016-08-15'),
/* implementation_level */ '2;1');

FILE_NAME(
/* name */ 'Candy launcher - Base',
/* time_stamp */ '2026-08-31T07:11:54Z',
/* author */ (''),
/* organization */ (''),
/* preprocessor_version */ 'ST-DEVELOPER v20',
/* originating_system */ 'ONSHAPE BY PTC INC, 1.220',
/* authorisation */ '  ');

FILE_SCHEMA (('AP242_MANAGED_MODEL_BASED_3D_ENGINEERING_MIM_LF { 1 0 10303 442 3 1 4 }'));
ENDSEC;

DATA;
#10=SHAPE_REPRESENTATION_RELATIONSHIP('','',#2023,#11);
#11=ADVANCED_BREP_SHAPE_REPRESENTATION('',(#2021),#5138);
#12=B_SPLINE_SURFACE_WITH_KNOTS('',3,3,((#3631,#3632,#3633,#3634,#3635),
(#3636,#3637,#3638,#3639,#3640),(#3641,#3642,#3643,#3644,#3645),(#3646,
#3647,#3648,#3649,#3650),(#3651,#3652,#3653,#3654,#3655),(#3656,#3657,#3658,
#3659,#3660),(#3661,#3662,#3663,#3664,#3665),(#3666,#3667,#3668,#3669,#3670),
(#3671,#3672,#3673,#3674,#3675),(#3676,#3677,#3678,#3679,#3680),(#3681,
#3682,#3683,#3684,#3685),(#3686,#3687,#3688,#3689,#3690),(#3691,#3692,#3693,
#3694,#3695),(#3696,#3697,#3698,#3699,#3700),(#3701,#3702,#3703,#3704,#3705),
(#3706,#3707,#3708,#3709,#3710),(#3711,#3712,#3713,#3714,#3715),(#3716,
#3717,#3718,#3719,#3720),(#3721,#3722,#3723,#3724,#3725),(#3726,#3727,#3728,
#3729,#3730),(#3731,#3732,#3733,#3734,#3735),(#3736,#3737,#3738,#3739,#3740),
(#3741,#3742,#3743,#3744,#3745),(#3746,#3747,#3748,#3749,#3750),(#3751,
#3752,#3753,#3754,#3755),(#3756,#3757,#3758,#3759,#3760),(#3761,#3762,#3763,
#3764,#3765),(#3766,#3767,#3768,#3769,#3770),(#3771,#3772,#3773,#3774,#3775),
(#3776,#3777,#3778,#3779,#3780),(#3781,#3782,#3783,#3784,#3785),(#3786,
#3787,#3788,#3789,#3790),(#3791,#3792,#3793,#3794,#3795),(#3796,#3797,#3798,
#3799,#3800),(#3801,#3802,#3803,#3804,#3805),(#3806,#3807,#3808,#3809,#3810),
(#3811,#3812,#3813,#3814,#3815),(#3816,#3817,#3818,#3819,#3820),(#3821,
#3822,#3823,#3824,#3825),(#3826,#3827,#3828,#3829,#3830),(#3831,#3832,#3833,
#3834,#3835),(#3836,#3837,#3838,#3839,#3840),(#3841,#3842,#3843,#3844,#3845),
(#3846,#3847,#3848,#3849,#3850),(#3851,#3852,#3853,#3854,#3855),(#3856,
#3857,#3858,#3859,#3860),(#3861,#3862,#3863,#3864,#3865),(#3866,#3867,#3868,
#3869,#3870),(#3871,#3872,#3873,#3874,#3875),(#3876,#3877,#3878,#3879,#3880),
(#3881,#3882,#3883,#3884,#3885),(#3886,#3887,#3888,#3889,#3890),(#3891,
#3892,#3893,#3894,#3895),(#3896,#3897,#3898,#3899,#3900),(#3901,#3902,#3903,
#3904,#3905),(#3906,#3907,#3908,#3909,#3910),(#3911,#3912,#3913,#3914,#3915),
(#3916,#3917,#3918,#3919,#3920),(#3921,#3922,#3923,#3924,#3925),(#3926,
#3927,#3928,#3929,#3930),(#3931,#3932,#3933,#3934,#3935),(#3936,#3937,#3938,
#3939,#3940),(#3941,#3942,#3943,#3944,#3945),(#3946,#3947,#3948,#3949,#3950),
(#3951,#3952,#3953,#3954,#3955),(#3956,#3957,#3958,#3959,#3960),(#3961,
#3962,#3963,#3964,#3965),(#3966,#3967,#3968,#3969,#3970),(#3971,#3972,#3973,
#3974,#3975),(#3976,#3977,#3978,#3979,#3980),(#3981,#3982,#3983,#3984,#3985),
(#3986,#3987,#3988,#3989,#3990),(#3991,#3992,#3993,#3994,#3995),(#3996,
#3997,#3998,#3999,#4000),(#4001,#4002,#4003,#4004,#4005),(#4006,#4007,#4008,
#4009,#4010),(#4011,#4012,#4013,#4014,#4015),(#4016,#4017,#4018,#4019,#4020),
(#4021,#4022,#4023,#4024,#4025),(#4026,#4027,#4028,#4029,#4030),(#4031,
#4032,#4033,#4034,#4035),(#4036,#4037,#4038,#4039,#4040),(#4041,#4042,#4043,
#4044,#4045),(#4046,#4047,#4048,#4049,#4050),(#4051,#4052,#4053,#4054,#4055),
(#4056,#4057,#4058,#4059,#4060)),.UNSPECIFIED.,.F.,.F.,.F.,(4,1,1,1,1,1,
1,1,1,1,1,1,1,1,1,1,1,1,1,1,1,1,1,1,1,1,1,1,1,1,1,1,1,1,1,1,1,1,1,1,1,1,
1,1,1,1,1,1,1,1,1,1,1,1,1,1,1,1,1,1,1,1,1,1,1,1,1,1,1,1,1,1,1,1,1,1,1,1,
1,1,1,1,1,4),(4,1,4),(-0.00673417691141149,0.0117586149880904,0.0249677520591632,
0.0408187165444505,0.0540278536155233,0.0645951632723815,0.0751624729292398,
0.0883716100003125,0.101580747071385,0.112148056728244,0.122715366385102,
0.13328267604196,0.143849985698818,0.154417295355676,0.167626432426749,
0.183477396912037,0.199328361397324,0.215179325882611,0.231030290367899,
0.246881254853186,0.262732219338473,0.278583183823761,0.291792320894833,
0.302359630551692,0.31292694020855,0.326136077279623,0.34198704176491,0.355196178835983,
0.365763488492841,0.373688970735485,0.381614452978128,0.389539935220772,
0.397465417463416,0.405390899706059,0.413316381948703,0.421241864191347,
0.42916734643399,0.439734656090849,0.450301965747707,0.460869275404565,
0.468794757647209,0.476720239889852,0.487287549546711,0.500496686617783,
0.516347651103071,0.529556788174144,0.540124097831002,0.55069140748786,
0.563900544558933,0.57975150904422,0.595602473529507,0.60881161060058,0.619378920257438,
0.629946229914296,0.643155366985369,0.659006331470657,0.674857295955944,
0.690708260441231,0.706559224926519,0.722410189411806,0.738261153897093,
0.754112118382381,0.769963082867668,0.785814047352956,0.801665011838243,
0.81751597632353,0.830725113394603,0.841292423051461,0.849217905294105,
0.857143387536749,0.867710697193607,0.88091983426468,0.896770798749967,
0.912621763235254,0.925830900306327,0.936398209963185,0.944323692205829,
0.952249174448473,0.960174656691116,0.96810013893376,0.976025621176404,
0.983951103419047,0.991876585661691,1.00772755014698),(-4.10904862433551E-16,
0.168600041483368,0.337200082966736),.UNSPECIFIED.);
#13=B_SPLINE_SURFACE_WITH_KNOTS('',3,3,((#4093,#4094,#4095,#4096),(#4097,
#4098,#4099,#4100),(#4101,#4102,#4103,#4104),(#4105,#4106,#4107,#4108)),
 .UNSPECIFIED.,.F.,.F.,.F.,(4,4),(4,4),(0.99933688417954,1.05030461321769),
(-2.95939983793692E-42,0.0647378193330316),.UNSPECIFIED.);
#14=B_SPLINE_SURFACE_WITH_KNOTS('',3,3,((#4109,#4110,#4111,#4112),(#4113,
#4114,#4115,#4116),(#4117,#4118,#4119,#4120),(#4121,#4122,#4123,#4124)),
 .UNSPECIFIED.,.F.,.F.,.F.,(4,4),(4,4),(0.998853453089706,1.05030504898753),
(-4.73851697581915E-17,0.0647207622690669),.UNSPECIFIED.);
#15=B_SPLINE_SURFACE_WITH_KNOTS('',3,3,((#4125,#4126,#4127,#4128,#4129),
(#4130,#4131,#4132,#4133,#4134),(#4135,#4136,#4137,#4138,#4139),(#4140,
#4141,#4142,#4143,#4144),(#4145,#4146,#4147,#4148,#4149),(#4150,#4151,#4152,
#4153,#4154),(#4155,#4156,#4157,#4158,#4159),(#4160,#4161,#4162,#4163,#4164),
(#4165,#4166,#4167,#4168,#4169),(#4170,#4171,#4172,#4173,#4174),(#4175,
#4176,#4177,#4178,#4179),(#4180,#4181,#4182,#4183,#4184),(#4185,#4186,#4187,
#4188,#4189),(#4190,#4191,#4192,#4193,#4194),(#4195,#4196,#4197,#4198,#4199),
(#4200,#4201,#4202,#4203,#4204),(#4205,#4206,#4207,#4208,#4209),(#4210,
#4211,#4212,#4213,#4214),(#4215,#4216,#4217,#4218,#4219),(#4220,#4221,#4222,
#4223,#4224),(#4225,#4226,#4227,#4228,#4229),(#4230,#4231,#4232,#4233,#4234),
(#4235,#4236,#4237,#4238,#4239),(#4240,#4241,#4242,#4243,#4244),(#4245,
#4246,#4247,#4248,#4249),(#4250,#4251,#4252,#4253,#4254),(#4255,#4256,#4257,
#4258,#4259),(#4260,#4261,#4262,#4263,#4264),(#4265,#4266,#4267,#4268,#4269),
(#4270,#4271,#4272,#4273,#4274),(#4275,#4276,#4277,#4278,#4279),(#4280,
#4281,#4282,#4283,#4284),(#4285,#4286,#4287,#4288,#4289),(#4290,#4291,#4292,
#4293,#4294),(#4295,#4296,#4297,#4298,#4299),(#4300,#4301,#4302,#4303,#4304),
(#4305,#4306,#4307,#4308,#4309),(#4310,#4311,#4312,#4313,#4314),(#4315,
#4316,#4317,#4318,#4319),(#4320,#4321,#4322,#4323,#4324),(#4325,#4326,#4327,
#4328,#4329),(#4330,#4331,#4332,#4333,#4334),(#4335,#4336,#4337,#4338,#4339),
(#4340,#4341,#4342,#4343,#4344),(#4345,#4346,#4347,#4348,#4349),(#4350,
#4351,#4352,#4353,#4354),(#4355,#4356,#4357,#4358,#4359),(#4360,#4361,#4362,
#4363,#4364),(#4365,#4366,#4367,#4368,#4369),(#4370,#4371,#4372,#4373,#4374),
(#4375,#4376,#4377,#4378,#4379),(#4380,#4381,#4382,#4383,#4384),(#4385,
#4386,#4387,#4388,#4389),(#4390,#4391,#4392,#4393,#4394),(#4395,#4396,#4397,
#4398,#4399),(#4400,#4401,#4402,#4403,#4404),(#4405,#4406,#4407,#4408,#4409),
(#4410,#4411,#4412,#4413,#4414),(#4415,#4416,#4417,#4418,#4419),(#4420,
#4421,#4422,#4423,#4424),(#4425,#4426,#4427,#4428,#4429),(#4430,#4431,#4432,
#4433,#4434),(#4435,#4436,#4437,#4438,#4439),(#4440,#4441,#4442,#4443,#4444),
(#4445,#4446,#4447,#4448,#4449),(#4450,#4451,#4452,#4453,#4454),(#4455,
#4456,#4457,#4458,#4459),(#4460,#4461,#4462,#4463,#4464),(#4465,#4466,#4467,
#4468,#4469),(#4470,#4471,#4472,#4473,#4474),(#4475,#4476,#4477,#4478,#4479),
(#4480,#4481,#4482,#4483,#4484),(#4485,#4486,#4487,#4488,#4489),(#4490,
#4491,#4492,#4493,#4494),(#4495,#4496,#4497,#4498,#4499),(#4500,#4501,#4502,
#4503,#4504),(#4505,#4506,#4507,#4508,#4509),(#4510,#4511,#4512,#4513,#4514),
(#4515,#4516,#4517,#4518,#4519),(#4520,#4521,#4522,#4523,#4524),(#4525,
#4526,#4527,#4528,#4529),(#4530,#4531,#4532,#4533,#4534),(#4535,#4536,#4537,
#4538,#4539),(#4540,#4541,#4542,#4543,#4544),(#4545,#4546,#4547,#4548,#4549),
(#4550,#4551,#4552,#4553,#4554)),.UNSPECIFIED.,.F.,.F.,.F.,(4,1,1,1,1,1,
1,1,1,1,1,1,1,1,1,1,1,1,1,1,1,1,1,1,1,1,1,1,1,1,1,1,1,1,1,1,1,1,1,1,1,1,
1,1,1,1,1,1,1,1,1,1,1,1,1,1,1,1,1,1,1,1,1,1,1,1,1,1,1,1,1,1,1,1,1,1,1,1,
1,1,1,1,1,4),(4,1,4),(-0.00673417691141142,0.0117586149880905,0.0249677520591632,
0.0408187165444506,0.0540278536155233,0.0645951632723816,0.0751624729292398,
0.0883716100003126,0.101580747071385,0.112148056728244,0.122715366385102,
0.13328267604196,0.143849985698818,0.154417295355676,0.167626432426749,
0.183477396912037,0.199328361397324,0.215179325882611,0.231030290367899,
0.246881254853186,0.262732219338473,0.278583183823761,0.291792320894833,
0.302359630551692,0.31292694020855,0.326136077279623,0.34198704176491,0.355196178835983,
0.365763488492841,0.373688970735485,0.381614452978128,0.389539935220772,
0.397465417463416,0.405390899706059,0.413316381948703,0.421241864191347,
0.42916734643399,0.439734656090848,0.450301965747707,0.460869275404565,
0.468794757647209,0.476720239889852,0.48728754954671,0.500496686617783,
0.516347651103071,0.529556788174143,0.540124097831001,0.55069140748786,
0.563900544558932,0.57975150904422,0.595602473529507,0.60881161060058,0.619378920257438,
0.629946229914296,0.643155366985369,0.659006331470656,0.674857295955944,
0.690708260441231,0.706559224926518,0.722410189411806,0.738261153897093,
0.75411211838238,0.769963082867668,0.785814047352955,0.801665011838243,
0.81751597632353,0.830725113394603,0.841292423051461,0.849217905294104,
0.857143387536748,0.867710697193606,0.880919834264679,0.896770798749966,
0.912621763235254,0.925830900306327,0.936398209963185,0.944323692205828,
0.952249174448472,0.960174656691116,0.968100138933759,0.976025621176403,
0.983951103419047,0.99187658566169,1.00772755014698),(-1.0842021724855E-18,
0.16859917575805,0.3371983515161),.UNSPECIFIED.);
#16=B_SPLINE_SURFACE_WITH_KNOTS('',3,3,((#4587,#4588,#4589,#4590),(#4591,
#4592,#4593,#4594),(#4595,#4596,#4597,#4598),(#4599,#4600,#4601,#4602)),
 .UNSPECIFIED.,.F.,.F.,.F.,(4,4),(4,4),(0.999336884179534,1.05030461321771),
(4.31408103747389E-35,0.0647378193330316),.UNSPECIFIED.);
#17=B_SPLINE_SURFACE_WITH_KNOTS('',3,3,((#4603,#4604,#4605,#4606),(#4607,
#4608,#4609,#4610),(#4611,#4612,#4613,#4614),(#4615,#4616,#4617,#4618)),
 .UNSPECIFIED.,.F.,.F.,.F.,(4,4),(4,4),(0.998853453089708,1.05030504898757),
(-2.31664048741449E-18,0.0647207622690669),.UNSPECIFIED.);
#18=B_SPLINE_SURFACE_WITH_KNOTS('',3,3,((#4623,#4624,#4625,#4626,#4627),
(#4628,#4629,#4630,#4631,#4632),(#4633,#4634,#4635,#4636,#4637),(#4638,
#4639,#4640,#4641,#4642),(#4643,#4644,#4645,#4646,#4647),(#4648,#4649,#4650,
#4651,#4652),(#4653,#4654,#4655,#4656,#4657),(#4658,#4659,#4660,#4661,#4662),
(#4663,#4664,#4665,#4666,#4667),(#4668,#4669,#4670,#4671,#4672),(#4673,
#4674,#4675,#4676,#4677),(#4678,#4679,#4680,#4681,#4682),(#4683,#4684,#4685,
#4686,#4687),(#4688,#4689,#4690,#4691,#4692),(#4693,#4694,#4695,#4696,#4697),
(#4698,#4699,#4700,#4701,#4702),(#4703,#4704,#4705,#4706,#4707),(#4708,
#4709,#4710,#4711,#4712),(#4713,#4714,#4715,#4716,#4717),(#4718,#4719,#4720,
#4721,#4722),(#4723,#4724,#4725,#4726,#4727),(#4728,#4729,#4730,#4731,#4732),
(#4733,#4734,#4735,#4736,#4737),(#4738,#4739,#4740,#4741,#4742),(#4743,
#4744,#4745,#4746,#4747),(#4748,#4749,#4750,#4751,#4752),(#4753,#4754,#4755,
#4756,#4757),(#4758,#4759,#4760,#4761,#4762),(#4763,#4764,#4765,#4766,#4767),
(#4768,#4769,#4770,#4771,#4772),(#4773,#4774,#4775,#4776,#4777),(#4778,
#4779,#4780,#4781,#4782),(#4783,#4784,#4785,#4786,#4787),(#4788,#4789,#4790,
#4791,#4792),(#4793,#4794,#4795,#4796,#4797),(#4798,#4799,#4800,#4801,#4802),
(#4803,#4804,#4805,#4806,#4807),(#4808,#4809,#4810,#4811,#4812),(#4813,
#4814,#4815,#4816,#4817),(#4818,#4819,#4820,#4821,#4822),(#4823,#4824,#4825,
#4826,#4827),(#4828,#4829,#4830,#4831,#4832),(#4833,#4834,#4835,#4836,#4837),
(#4838,#4839,#4840,#4841,#4842),(#4843,#4844,#4845,#4846,#4847),(#4848,
#4849,#4850,#4851,#4852),(#4853,#4854,#4855,#4856,#4857),(#4858,#4859,#4860,
#4861,#4862),(#4863,#4864,#4865,#4866,#4867),(#4868,#4869,#4870,#4871,#4872),
(#4873,#4874,#4875,#4876,#4877),(#4878,#4879,#4880,#4881,#4882),(#4883,
#4884,#4885,#4886,#4887),(#4888,#4889,#4890,#4891,#4892),(#4893,#4894,#4895,
#4896,#4897),(#4898,#4899,#4900,#4901,#4902),(#4903,#4904,#4905,#4906,#4907),
(#4908,#4909,#4910,#4911,#4912),(#4913,#4914,#4915,#4916,#4917),(#4918,
#4919,#4920,#4921,#4922),(#4923,#4924,#4925,#4926,#4927),(#4928,#4929,#4930,
#4931,#4932),(#4933,#4934,#4935,#4936,#4937),(#4938,#4939,#4940,#4941,#4942),
(#4943,#4944,#4945,#4946,#4947),(#4948,#4949,#4950,#4951,#4952),(#4953,
#4954,#4955,#4956,#4957),(#4958,#4959,#4960,#4961,#4962),(#4963,#4964,#4965,
#4966,#4967),(#4968,#4969,#4970,#4971,#4972),(#4973,#4974,#4975,#4976,#4977),
(#4978,#4979,#4980,#4981,#4982),(#4983,#4984,#4985,#4986,#4987),(#4988,
#4989,#4990,#4991,#4992),(#4993,#4994,#4995,#4996,#4997),(#4998,#4999,#5000,
#5001,#5002),(#5003,#5004,#5005,#5006,#5007),(#5008,#5009,#5010,#5011,#5012),
(#5013,#5014,#5015,#5016,#5017),(#5018,#5019,#5020,#5021,#5022),(#5023,
#5024,#5025,#5026,#5027),(#5028,#5029,#5030,#5031,#5032),(#5033,#5034,#5035,
#5036,#5037),(#5038,#5039,#5040,#5041,#5042),(#5043,#5044,#5045,#5046,#5047),
(#5048,#5049,#5050,#5051,#5052)),.UNSPECIFIED.,.F.,.F.,.F.,(4,1,1,1,1,1,
1,1,1,1,1,1,1,1,1,1,1,1,1,1,1,1,1,1,1,1,1,1,1,1,1,1,1,1,1,1,1,1,1,1,1,1,
1,1,1,1,1,1,1,1,1,1,1,1,1,1,1,1,1,1,1,1,1,1,1,1,1,1,1,1,1,1,1,1,1,1,1,1,
1,1,1,1,1,4),(4,1,4),(-0.00673417691141134,0.0117586149880905,0.0249677520591633,
0.0408187165444506,0.0540278536155234,0.0645951632723816,0.0751624729292398,
0.0883716100003126,0.101580747071385,0.112148056728244,0.122715366385102,
0.13328267604196,0.143849985698818,0.154417295355676,0.167626432426749,
0.183477396912037,0.199328361397324,0.215179325882611,0.231030290367899,
0.246881254853186,0.262732219338473,0.278583183823761,0.291792320894833,
0.302359630551692,0.31292694020855,0.326136077279623,0.34198704176491,0.355196178835983,
0.365763488492841,0.373688970735484,0.381614452978128,0.389539935220772,
0.397465417463416,0.405390899706059,0.413316381948703,0.421241864191346,
0.42916734643399,0.439734656090848,0.450301965747707,0.460869275404565,
0.468794757647208,0.476720239889852,0.48728754954671,0.500496686617783,
0.51634765110307,0.529556788174143,0.540124097831001,0.55069140748786,0.563900544558932,
0.57975150904422,0.595602473529507,0.60881161060058,0.619378920257438,0.629946229914296,
0.643155366985369,0.659006331470656,0.674857295955944,0.690708260441231,
0.706559224926518,0.722410189411806,0.738261153897093,0.75411211838238,
0.769963082867668,0.785814047352955,0.801665011838242,0.817515976323529,
0.830725113394602,0.841292423051461,0.849217905294104,0.857143387536748,
0.867710697193606,0.880919834264679,0.896770798749966,0.912621763235254,
0.925830900306326,0.936398209963185,0.944323692205828,0.952249174448472,
0.960174656691116,0.968100138933759,0.976025621176403,0.983951103419047,
0.99187658566169,1.00772755014698),(-2.42806461253277E-18,0.168600082069926,
0.337200164139852),.UNSPECIFIED.);
#19=B_SPLINE_SURFACE_WITH_KNOTS('',3,3,((#5085,#5086,#5087,#5088),(#5089,
#5090,#5091,#5092),(#5093,#5094,#5095,#5096),(#5097,#5098,#5099,#5100)),
 .UNSPECIFIED.,.F.,.F.,.F.,(4,4),(4,4),(0.999336884179536,1.05030461321769),
(-8.97021003247483E-18,0.0647378193330315),.UNSPECIFIED.);
#20=B_SPLINE_SURFACE_WITH_KNOTS('',3,3,((#5101,#5102,#5103,#5104),(#5105,
#5106,#5107,#5108),(#5109,#5110,#5111,#5112),(#5113,#5114,#5115,#5116)),
 .UNSPECIFIED.,.F.,.F.,.F.,(4,4),(4,4),(0.998853453089716,1.05030504898754),
(-2.42913341629689E-17,0.0647207622690669),.UNSPECIFIED.);
#21=ELLIPSE('',#2070,0.0100381983754335,0.01);
#22=ELLIPSE('',#2072,0.0100381983754335,0.01);
#23=ELLIPSE('',#2074,0.0100381983754335,0.01);
#24=ELLIPSE('',#2127,0.00217346590648191,0.00215);
#25=ELLIPSE('',#2128,0.00217346590648191,0.00215);
#26=ELLIPSE('',#2135,0.00217346590648191,0.00215);
#27=ELLIPSE('',#2136,0.00217346590648191,0.00215);
#28=ELLIPSE('',#2142,0.00217346590648191,0.00215);
#29=ELLIPSE('',#2143,0.00217346590648191,0.00215);
#30=CYLINDRICAL_SURFACE('',#2069,0.01);
#31=CYLINDRICAL_SURFACE('',#2071,0.01);
#32=CYLINDRICAL_SURFACE('',#2073,0.01);
#33=CYLINDRICAL_SURFACE('',#2075,0.005);
#34=CYLINDRICAL_SURFACE('',#2078,0.0025);
#35=CYLINDRICAL_SURFACE('',#2081,0.005);
#36=CYLINDRICAL_SURFACE('',#2084,0.003);
#37=CYLINDRICAL_SURFACE('',#2087,0.003);
#38=CYLINDRICAL_SURFACE('',#2090,0.00249999999999997);
#39=CYLINDRICAL_SURFACE('',#2092,0.0025);
#40=CYLINDRICAL_SURFACE('',#2095,0.003);
#41=CYLINDRICAL_SURFACE('',#2098,0.003);
#42=CYLINDRICAL_SURFACE('',#2101,0.0025);
#43=CYLINDRICAL_SURFACE('',#2103,0.0025);
#44=CYLINDRICAL_SURFACE('',#2106,0.003);
#45=CYLINDRICAL_SURFACE('',#2109,0.003);
#46=CYLINDRICAL_SURFACE('',#2112,0.0025);
#47=CYLINDRICAL_SURFACE('',#2114,0.0025);
#48=CYLINDRICAL_SURFACE('',#2116,0.0025);
#49=CYLINDRICAL_SURFACE('',#2123,0.0025);
#50=CYLINDRICAL_SURFACE('',#2131,0.0025);
#51=CYLINDRICAL_SURFACE('',#2139,0.0025);
#52=CYLINDRICAL_SURFACE('',#2152,0.00215);
#53=CYLINDRICAL_SURFACE('',#2155,0.00215);
#54=CYLINDRICAL_SURFACE('',#2158,0.00215);
#55=CYLINDRICAL_SURFACE('',#2161,0.00215);
#56=CYLINDRICAL_SURFACE('',#2164,0.00215);
#57=CYLINDRICAL_SURFACE('',#2167,0.00215);
#58=CYLINDRICAL_SURFACE('',#2170,0.00215);
#59=CYLINDRICAL_SURFACE('',#2173,0.00215);
#60=CYLINDRICAL_SURFACE('',#2176,0.00215);
#61=CYLINDRICAL_SURFACE('',#2179,0.00215);
#62=CYLINDRICAL_SURFACE('',#2182,0.00215);
#63=CYLINDRICAL_SURFACE('',#2185,0.00215);
#64=CYLINDRICAL_SURFACE('',#2190,0.00215);
#65=CYLINDRICAL_SURFACE('',#2193,0.00215);
#66=CYLINDRICAL_SURFACE('',#2196,0.00215);
#67=CYLINDRICAL_SURFACE('',#2199,0.00215);
#68=CYLINDRICAL_SURFACE('',#2202,0.00215);
#69=CYLINDRICAL_SURFACE('',#2205,0.00215);
#70=B_SPLINE_CURVE_WITH_KNOTS('',3,(#2763,#2764,#2765,#2766,#2767,#2768,
#2769,#2770,#2771,#2772,#2773,#2774,#2775,#2776,#2777,#2778,#2779,#2780,
#2781,#2782,#2783,#2784,#2785,#2786,#2787,#2788,#2789),.UNSPECIFIED.,.F.,
 .F.,(4,1,1,1,1,1,1,1,1,1,1,1,1,1,1,1,1,1,1,1,1,1,1,1,4),(0.041801672900549,
0.0466413793722182,0.0514810858438875,0.0539009390797221,0.0551108656976394,
0.0563207923155568,0.0587406455513914,0.061160498787226,0.0635803520230607,
0.0660002052588953,0.0684200584947299,0.0708399117305645,0.0732597649663992,
0.0756796182022338,0.0780994714380684,0.0805193246739031,0.0829391779097377,
0.0853590311455723,0.087778884381407,0.0901987376172416,0.0950384440889109,
0.0998781505605801,0.104717857032249,0.109557563503919,0.119236976447257),
 .UNSPECIFIED.);
#71=B_SPLINE_CURVE_WITH_KNOTS('',3,(#2797,#2798,#2799,#2800),
 .UNSPECIFIED.,.F.,.F.,(4,4),(0.128987832826702,0.131071849134789),
 .UNSPECIFIED.);
#72=B_SPLINE_CURVE_WITH_KNOTS('',3,(#2802,#2803,#2804,#2805),
 .UNSPECIFIED.,.F.,.F.,(4,4),(0.00211280813823551,0.00221353603006818),
 .UNSPECIFIED.);
#73=B_SPLINE_CURVE_WITH_KNOTS('',3,(#2821,#2822,#2823,#2824),
 .UNSPECIFIED.,.F.,.F.,(4,4),(1.58285987757872E-5,0.000117510275480075),
 .UNSPECIFIED.);
#74=B_SPLINE_CURVE_WITH_KNOTS('',3,(#2826,#2827,#2828,#2829,#2830,#2831,
#2832),.UNSPECIFIED.,.F.,.F.,(4,1,1,1,4),(0.000957382909792366,0.00718474825454176,
0.00874158959072911,0.0102984309269165,0.0134121135992912),
 .UNSPECIFIED.);
#75=B_SPLINE_CURVE_WITH_KNOTS('',3,(#2840,#2841,#2842,#2843,#2844,#2845,
#2846,#2847,#2848,#2849,#2850,#2851,#2852,#2853,#2854,#2855,#2856,#2857,
#2858,#2859,#2860,#2861,#2862,#2863,#2864,#2865,#2866),.UNSPECIFIED.,.F.,
 .F.,(4,1,1,1,1,1,1,1,1,1,1,1,1,1,1,1,1,1,1,1,1,1,1,1,4),(0.0418016729005553,
0.046641379372226,0.0514810858438968,0.0539009390797322,0.0551108656976499,
0.0563207923155676,0.058740645551403,0.0611604987872383,0.0635803520230737,
0.0660002052589091,0.0684200584947445,0.0708399117305799,0.0732597649664153,
0.0756796182022507,0.078099471438086,0.0805193246739214,0.0829391779097568,
0.0853590311455922,0.0877788843814276,0.090198737617263,0.0950384440889337,
0.0998781505606045,0.104717857032275,0.109557563503946,0.119236976447288),
 .UNSPECIFIED.);
#76=B_SPLINE_CURVE_WITH_KNOTS('',3,(#2874,#2875,#2876,#2877),
 .UNSPECIFIED.,.F.,.F.,(4,4),(0.128987832826736,0.131071849134823),
 .UNSPECIFIED.);
#77=B_SPLINE_CURVE_WITH_KNOTS('',3,(#2879,#2880,#2881,#2882),
 .UNSPECIFIED.,.F.,.F.,(4,4),(0.00211280813823551,0.00221353603006813),
 .UNSPECIFIED.);
#78=B_SPLINE_CURVE_WITH_KNOTS('',3,(#2898,#2899,#2900,#2901),
 .UNSPECIFIED.,.F.,.F.,(4,4),(1.58285987758663E-5,0.000117510275480107),
 .UNSPECIFIED.);
#79=B_SPLINE_CURVE_WITH_KNOTS('',3,(#2903,#2904,#2905,#2906,#2907,#2908,
#2909),.UNSPECIFIED.,.F.,.F.,(4,1,1,1,4),(0.000957382909792364,0.00718474825454163,
0.00874158959072895,0.0102984309269163,0.0134121135992909),
 .UNSPECIFIED.);
#80=B_SPLINE_CURVE_WITH_KNOTS('',3,(#2917,#2918,#2919,#2920,#2921,#2922,
#2923,#2924,#2925,#2926,#2927,#2928,#2929,#2930,#2931,#2932,#2933,#2934,
#2935,#2936,#2937,#2938,#2939,#2940,#2941,#2942,#2943),.UNSPECIFIED.,.F.,
 .F.,(4,1,1,1,1,1,1,1,1,1,1,1,1,1,1,1,1,1,1,1,1,1,1,1,4),(0.0418016729005478,
0.0466413793722165,0.0514810858438853,0.0539009390797197,0.0551108656976369,
0.0563207923155541,0.0587406455513885,0.0611604987872229,0.0635803520230573,
0.0660002052588917,0.0684200584947261,0.0708399117305605,0.0732597649663949,
0.0756796182022293,0.0780994714380637,0.0805193246738981,0.0829391779097325,
0.0853590311455669,0.0877788843814013,0.0901987376172357,0.0950384440889044,
0.0998781505605732,0.104717857032242,0.109557563503911,0.119236976447248),
 .UNSPECIFIED.);
#81=B_SPLINE_CURVE_WITH_KNOTS('',3,(#2951,#2952,#2953,#2954),
 .UNSPECIFIED.,.F.,.F.,(4,4),(0.128987832826692,0.131071849134779),
 .UNSPECIFIED.);
#82=B_SPLINE_CURVE_WITH_KNOTS('',3,(#2956,#2957,#2958,#2959),
 .UNSPECIFIED.,.F.,.F.,(4,4),(0.00211280813823554,0.00221353603006814),
 .UNSPECIFIED.);
#83=B_SPLINE_CURVE_WITH_KNOTS('',3,(#2975,#2976,#2977,#2978),
 .UNSPECIFIED.,.F.,.F.,(4,4),(1.58285987757364E-5,0.000117510275480031),
 .UNSPECIFIED.);
#84=B_SPLINE_CURVE_WITH_KNOTS('',3,(#2980,#2981,#2982,#2983,#2984,#2985,
#2986),.UNSPECIFIED.,.F.,.F.,(4,1,1,1,4),(0.000957382909792394,0.00718474825454167,
0.00874158959072899,0.0102984309269163,0.013412113599291),.UNSPECIFIED.);
#85=B_SPLINE_CURVE_WITH_KNOTS('',3,(#2995,#2996,#2997,#2998,#2999,#3000,
#3001,#3002,#3003),.UNSPECIFIED.,.F.,.F.,(4,1,1,1,1,1,4),(0.,0.00233300448580924,
0.00466600897161848,0.00699901345742771,0.00933201794323695,0.0139980269148554,
0.0186640358864739),.UNSPECIFIED.);
#86=B_SPLINE_CURVE_WITH_KNOTS('',3,(#3013,#3014,#3015,#3016),
 .UNSPECIFIED.,.F.,.F.,(4,4),(0.,0.0200149507698507),.UNSPECIFIED.);
#87=B_SPLINE_CURVE_WITH_KNOTS('',3,(#3019,#3020,#3021,#3022),
 .UNSPECIFIED.,.F.,.F.,(4,4),(0.,0.010005362470912),.UNSPECIFIED.);
#88=B_SPLINE_CURVE_WITH_KNOTS('',3,(#3031,#3032,#3033,#3034,#3035,#3036,
#3037,#3038,#3039),.UNSPECIFIED.,.F.,.F.,(4,1,1,1,1,1,4),(0.00279268531339692,
0.0051029488903888,0.00741321246738067,0.00972347604437254,0.0120337396213644,
0.0166542667753482,0.0212747939293319),.UNSPECIFIED.);
#89=B_SPLINE_CURVE_WITH_KNOTS('',3,(#3049,#3050,#3051,#3052),
 .UNSPECIFIED.,.F.,.F.,(4,4),(0.,0.0200149507698507),.UNSPECIFIED.);
#90=B_SPLINE_CURVE_WITH_KNOTS('',3,(#3055,#3056,#3057,#3058),
 .UNSPECIFIED.,.F.,.F.,(4,4),(0.,0.010005362470912),.UNSPECIFIED.);
#91=B_SPLINE_CURVE_WITH_KNOTS('',3,(#3067,#3068,#3069,#3070,#3071,#3072,
#3073,#3074,#3075),.UNSPECIFIED.,.F.,.F.,(4,1,1,1,1,1,4),(0.000660677542336106,
0.00299202981831787,0.00532338209429964,0.0076547343702814,0.00998608664626317,
0.0146487911982267,0.0193114957501902),.UNSPECIFIED.);
#92=B_SPLINE_CURVE_WITH_KNOTS('',3,(#3085,#3086,#3087,#3088),
 .UNSPECIFIED.,.F.,.F.,(4,4),(2.42861286636753E-17,0.0200149507698507),
 .UNSPECIFIED.);
#93=B_SPLINE_CURVE_WITH_KNOTS('',3,(#3091,#3092,#3093,#3094),
 .UNSPECIFIED.,.F.,.F.,(4,4),(0.,0.010005362470912),.UNSPECIFIED.);
#94=B_SPLINE_CURVE_WITH_KNOTS('',3,(#3103,#3104,#3105,#3106),
 .UNSPECIFIED.,.F.,.F.,(4,4),(0.,0.00600007306183779),.UNSPECIFIED.);
#95=B_SPLINE_CURVE_WITH_KNOTS('',3,(#3109,#3110,#3111,#3112),
 .UNSPECIFIED.,.F.,.F.,(4,4),(1.73472347597681E-18,0.0060000382521919),
 .UNSPECIFIED.);
#96=B_SPLINE_CURVE_WITH_KNOTS('',3,(#3118,#3119,#3120,#3121,#3122,#3123,
#3124,#3125,#3126),.UNSPECIFIED.,.F.,.F.,(4,1,1,1,1,1,4),(0.000177757788208195,
0.0026620720409313,0.0051463862936544,0.00638854342001595,0.00763070054637751,
0.00887285767273906,0.0101150147991006),.UNSPECIFIED.);
#97=B_SPLINE_CURVE_WITH_KNOTS('',3,(#3132,#3133,#3134,#3135),
 .UNSPECIFIED.,.F.,.F.,(4,4),(0.,0.00600007306183779),.UNSPECIFIED.);
#98=B_SPLINE_CURVE_WITH_KNOTS('',3,(#3138,#3139,#3140,#3141),
 .UNSPECIFIED.,.F.,.F.,(4,4),(1.73472347597681E-18,0.0060000382521919),
 .UNSPECIFIED.);
#99=B_SPLINE_CURVE_WITH_KNOTS('',3,(#3147,#3148,#3149,#3150,#3151,#3152,
#3153,#3154,#3155),.UNSPECIFIED.,.F.,.F.,(4,1,1,1,1,1,4),(0.00037178536291258,
0.00285630876354922,0.00534083216418586,0.00658309386450417,0.00782535556482249,
0.00906761726514081,0.0103098789654591),.UNSPECIFIED.);
#100=B_SPLINE_CURVE_WITH_KNOTS('',3,(#3161,#3162,#3163,#3164),
 .UNSPECIFIED.,.F.,.F.,(4,4),(2.08166817117217E-17,0.00600007306183779),
 .UNSPECIFIED.);
#101=B_SPLINE_CURVE_WITH_KNOTS('',3,(#3167,#3168,#3169,#3170),
 .UNSPECIFIED.,.F.,.F.,(4,4),(1.73472347597681E-18,0.00600003825219189),
 .UNSPECIFIED.);
#102=B_SPLINE_CURVE_WITH_KNOTS('',3,(#3176,#3177,#3178,#3179,#3180,#3181,
#3182,#3183,#3184),.UNSPECIFIED.,.F.,.F.,(4,1,1,1,1,1,4),(9.27594825881616E-5,
0.00257700513648459,0.00506125079038103,0.00630337361732924,0.00754549644427746,
0.00878761927122568,0.0100297420981739),.UNSPECIFIED.);
#103=B_SPLINE_CURVE_WITH_KNOTS('',3,(#3187,#3188,#3189,#3190,#3191,#3192,
#3193),.UNSPECIFIED.,.F.,.F.,(4,1,1,1,4),(0.,0.00392389485993368,0.00784778971986735,
0.011771684579801,0.0156955794397347),.UNSPECIFIED.);
#104=B_SPLINE_CURVE_WITH_KNOTS('',3,(#3196,#3197,#3198,#3199,#3200,#3201,
#3202),.UNSPECIFIED.,.F.,.F.,(4,1,1,1,4),(0.,0.0039238948599338,0.00784778971986761,
0.0117716845798014,0.0156955794397352),.UNSPECIFIED.);
#105=B_SPLINE_CURVE_WITH_KNOTS('',3,(#3205,#3206,#3207,#3208,#3209,#3210,
#3211),.UNSPECIFIED.,.F.,.F.,(4,1,1,1,4),(2.10502814823453E-17,0.00392389485993386,
0.00784778971986769,0.0117716845798015,0.0156955794397354),
 .UNSPECIFIED.);
#106=B_SPLINE_CURVE_WITH_KNOTS('',3,(#3262,#3263,#3264,#3265),
 .UNSPECIFIED.,.F.,.F.,(4,4),(3.24525180716905E-19,0.0040000001541437),
 .UNSPECIFIED.);
#107=B_SPLINE_CURVE_WITH_KNOTS('',3,(#3267,#3268,#3269,#3270),
 .UNSPECIFIED.,.F.,.F.,(4,4),(0.,0.00400000048212935),.UNSPECIFIED.);
#108=B_SPLINE_CURVE_WITH_KNOTS('',3,(#3298,#3299,#3300,#3301),
 .UNSPECIFIED.,.F.,.F.,(4,4),(1.75697266886901E-19,0.0040000001541437),
 .UNSPECIFIED.);
#109=B_SPLINE_CURVE_WITH_KNOTS('',3,(#3303,#3304,#3305,#3306),
 .UNSPECIFIED.,.F.,.F.,(4,4),(0.,0.00400000048212935),.UNSPECIFIED.);
#110=B_SPLINE_CURVE_WITH_KNOTS('',3,(#3334,#3335,#3336,#3337),
 .UNSPECIFIED.,.F.,.F.,(4,4),(2.13789007440385E-19,0.0040000001541437),
 .UNSPECIFIED.);
#111=B_SPLINE_CURVE_WITH_KNOTS('',3,(#3339,#3340,#3341,#3342),
 .UNSPECIFIED.,.F.,.F.,(4,4),(0.,0.00400000048212935),.UNSPECIFIED.);
#112=B_SPLINE_CURVE_WITH_KNOTS('',3,(#3354,#3355,#3356,#3357),
 .UNSPECIFIED.,.F.,.F.,(4,4),(0.00211550661018899,0.00221350580954834),
 .UNSPECIFIED.);
#113=B_SPLINE_CURVE_WITH_KNOTS('',3,(#3359,#3360,#3361,#3362,#3363,#3364,
#3365,#3366,#3367,#3368,#3369,#3370,#3371,#3372,#3373,#3374,#3375,#3376,
#3377,#3378,#3379,#3380,#3381,#3382,#3383,#3384,#3385,#3386,#3387,#3388,
#3389,#3390,#3391,#3392,#3393,#3394,#3395,#3396,#3397,#3398),
 .UNSPECIFIED.,.F.,.F.,(4,1,1,1,1,1,1,1,1,1,1,1,1,1,1,1,1,1,1,1,1,1,1,1,
1,1,1,1,1,1,1,1,1,1,1,1,1,4),(0.000960244790745308,0.00502424175814235,
0.00908823872553939,0.0111202372092379,0.0131522356929364,0.015184234176635,
0.0172162326603335,0.019248231144032,0.0212802296277305,0.0253442265951276,
0.0294082235625246,0.0334722205299216,0.0375362174973187,0.0416002144647157,
0.0456642114321128,0.0497282083995098,0.0517602068832083,0.0537922053669069,
0.0558242038506054,0.0578562023343039,0.0598882008180024,0.0619201993017009,
0.0639521977853995,0.065984196269098,0.070048193236495,0.0741121902038921,
0.0781761871712891,0.0822401841386862,0.0842721826223847,0.0863041811060832,
0.0903681780734802,0.0944321750408773,0.0984961720082743,0.102560168975671,
0.106624165943068,0.114752159877862,0.122880153812657,0.131008147747451),
 .UNSPECIFIED.);
#114=B_SPLINE_CURVE_WITH_KNOTS('',3,(#3400,#3401,#3402,#3403),
 .UNSPECIFIED.,.F.,.F.,(4,4),(1.58245376969053E-5,0.000113823737072594),
 .UNSPECIFIED.);
#115=B_SPLINE_CURVE_WITH_KNOTS('',3,(#3404,#3405,#3406,#3407),
 .UNSPECIFIED.,.F.,.F.,(4,4),(0.002115506610189,0.00221350580954841),
 .UNSPECIFIED.);
#116=B_SPLINE_CURVE_WITH_KNOTS('',3,(#3409,#3410,#3411,#3412,#3413,#3414,
#3415,#3416,#3417,#3418,#3419,#3420,#3421,#3422,#3423,#3424,#3425,#3426,
#3427,#3428,#3429,#3430,#3431,#3432,#3433,#3434,#3435,#3436,#3437,#3438,
#3439,#3440,#3441,#3442,#3443,#3444,#3445,#3446,#3447,#3448),
 .UNSPECIFIED.,.F.,.F.,(4,1,1,1,1,1,1,1,1,1,1,1,1,1,1,1,1,1,1,1,1,1,1,1,
1,1,1,1,1,1,1,1,1,1,1,1,1,4),(0.000960244790745338,0.00502424175814212,
0.00908823872553889,0.0111202372092373,0.0131522356929357,0.0151842341766341,
0.0172162326603325,0.0192482311440308,0.0212802296277292,0.025344226595126,
0.0294082235625228,0.0334722205299196,0.0375362174973164,0.0416002144647131,
0.0456642114321099,0.0497282083995067,0.0517602068832051,0.0537922053669035,
0.0558242038506019,0.0578562023343002,0.0598882008179986,0.061920199301697,
0.0639521977853954,0.0659841962690938,0.0700481932364906,0.0741121902038874,
0.0781761871712841,0.0822401841386809,0.0842721826223793,0.0863041811060777,
0.0903681780734745,0.0944321750408713,0.098496172008268,0.102560168975665,
0.106624165943062,0.114752159877855,0.122880153812649,0.131008147747442),
 .UNSPECIFIED.);
#117=B_SPLINE_CURVE_WITH_KNOTS('',3,(#3450,#3451,#3452,#3453),
 .UNSPECIFIED.,.F.,.F.,(4,4),(1.58245376969046E-5,0.000113823737085661),
 .UNSPECIFIED.);
#118=B_SPLINE_CURVE_WITH_KNOTS('',3,(#3454,#3455,#3456,#3457),
 .UNSPECIFIED.,.F.,.F.,(4,4),(0.00211550661018903,0.00221350580954837),
 .UNSPECIFIED.);
#119=B_SPLINE_CURVE_WITH_KNOTS('',3,(#3459,#3460,#3461,#3462,#3463,#3464,
#3465,#3466,#3467,#3468,#3469,#3470,#3471,#3472,#3473,#3474,#3475,#3476,
#3477,#3478,#3479,#3480,#3481,#3482,#3483,#3484,#3485,#3486,#3487,#3488,
#3489,#3490,#3491,#3492,#3493,#3494,#3495,#3496,#3497,#3498),
 .UNSPECIFIED.,.F.,.F.,(4,1,1,1,1,1,1,1,1,1,1,1,1,1,1,1,1,1,1,1,1,1,1,1,
1,1,1,1,1,1,1,1,1,1,1,1,1,4),(0.000960244790745317,0.00502424175814344,
0.00908823872554157,0.0111202372092406,0.0131522356929397,0.0151842341766388,
0.0172162326603378,0.0192482311440369,0.0212802296277359,0.0253442265951341,
0.0294082235625322,0.0334722205299303,0.0375362174973284,0.0416002144647266,
0.0456642114321247,0.0497282083995228,0.0517602068832219,0.0537922053669209,
0.05582420385062,0.0578562023343191,0.0598882008180181,0.0619201993017172,
0.0639521977854162,0.0659841962691153,0.0700481932365134,0.0741121902039115,
0.0781761871713097,0.0822401841387078,0.0842721826224069,0.0863041811061059,
0.0903681780735041,0.0944321750409022,0.0984961720083003,0.102560168975698,
0.106624165943097,0.114752159877893,0.122880153812689,0.131008147747485),
 .UNSPECIFIED.);
#120=B_SPLINE_CURVE_WITH_KNOTS('',3,(#3500,#3501,#3502,#3503),
 .UNSPECIFIED.,.F.,.F.,(4,4),(1.58245376969192E-5,0.000113823737075686),
 .UNSPECIFIED.);
#121=B_SPLINE_CURVE_WITH_KNOTS('',3,(#4061,#4062,#4063,#4064,#4065,#4066,
#4067,#4068,#4069,#4070,#4071),.UNSPECIFIED.,.T.,.F.,(1,1,1,1,1,1,1,1,1,
1,1,1,1,1,1),(-0.00504085484523138,-0.00336056989682092,-0.00168028494841045,
1.4029844227403E-17,0.00168028494841048,0.00336056989682095,0.00504085484523141,
0.00672113979364188,0.00840142474205234,0.0100817096904628,0.0117619946388733,
0.0134422795872837,0.0151225645356942,0.0168028494841047,0.0184831344325151),
 .UNSPECIFIED.);
#122=B_SPLINE_CURVE_WITH_KNOTS('',3,(#4073,#4074,#4075,#4076,#4077,#4078,
#4079,#4080,#4081,#4082,#4083),.UNSPECIFIED.,.T.,.F.,(1,1,1,1,1,1,1,1,1,
1,1,1,1,1,1),(-0.00504103016124013,-0.00336068677416009,-0.00168034338708004,
0.,0.00168034338708004,0.00336068677416009,0.00504103016124013,0.00672137354832018,
0.00840171693540022,0.0100820603224803,0.0117624037095603,0.0134427470966404,
0.0151230904837204,0.0168034338708004,0.0184837772578805),.UNSPECIFIED.);
#123=B_SPLINE_CURVE_WITH_KNOTS('',3,(#4085,#4086,#4087,#4088),
 .UNSPECIFIED.,.F.,.F.,(4,4),(9.99999733987344E-5,0.00410000116603885),
 .UNSPECIFIED.);
#124=B_SPLINE_CURVE_WITH_KNOTS('',3,(#4089,#4090,#4091,#4092),
 .UNSPECIFIED.,.F.,.F.,(4,4),(9.99999594631502E-5,0.00410000177387912),
 .UNSPECIFIED.);
#125=B_SPLINE_CURVE_WITH_KNOTS('',3,(#4555,#4556,#4557,#4558,#4559,#4560,
#4561,#4562,#4563,#4564,#4565),.UNSPECIFIED.,.T.,.F.,(1,1,1,1,1,1,1,1,1,
1,1,1,1,1,1),(-0.00504103016124016,-0.0033606867741601,-0.00168034338708004,
9.69739903612216E-18,0.00168034338708006,0.00336068677416012,0.00504103016124018,
0.00672137354832023,0.00840171693540029,0.0100820603224803,0.0117624037095604,
0.0134427470966405,0.0151230904837205,0.0168034338708006,0.0184837772578806),
 .UNSPECIFIED.);
#126=B_SPLINE_CURVE_WITH_KNOTS('',3,(#4567,#4568,#4569,#4570,#4571,#4572,
#4573,#4574,#4575,#4576,#4577),.UNSPECIFIED.,.T.,.F.,(1,1,1,1,1,1,1,1,1,
1,1,1,1,1,1),(-0.00504085484523139,-0.00336056989682093,-0.00168028494841046,
0.,0.00168028494841046,0.00336056989682093,0.00504085484523139,0.00672113979364185,
0.00840142474205231,0.0100817096904628,0.0117619946388732,0.0134422795872837,
0.0151225645356942,0.0168028494841046,0.0184831344325151),.UNSPECIFIED.);
#127=B_SPLINE_CURVE_WITH_KNOTS('',3,(#4579,#4580,#4581,#4582),
 .UNSPECIFIED.,.F.,.F.,(4,4),(9.99999733987344E-5,0.00410000116603886),
 .UNSPECIFIED.);
#128=B_SPLINE_CURVE_WITH_KNOTS('',3,(#4583,#4584,#4585,#4586),
 .UNSPECIFIED.,.F.,.F.,(4,4),(9.99999594631502E-5,0.00410000177387912),
 .UNSPECIFIED.);
#129=B_SPLINE_CURVE_WITH_KNOTS('',3,(#5053,#5054,#5055,#5056,#5057,#5058,
#5059,#5060,#5061,#5062,#5063),.UNSPECIFIED.,.T.,.F.,(1,1,1,1,1,1,1,1,1,
1,1,1,1,1,1),(-0.00504103016124016,-0.00336068677416011,-0.00168034338708005,
0.,0.00168034338708005,0.00336068677416011,0.00504103016124016,0.00672137354832021,
0.00840171693540027,0.0100820603224803,0.0117624037095604,0.0134427470966404,
0.0151230904837205,0.0168034338708005,0.0184837772578806),.UNSPECIFIED.);
#130=B_SPLINE_CURVE_WITH_KNOTS('',3,(#5065,#5066,#5067,#5068,#5069,#5070,
#5071,#5072,#5073,#5074,#5075),.UNSPECIFIED.,.T.,.F.,(1,1,1,1,1,1,1,1,1,
1,1,1,1,1,1),(-0.00504085484523152,-0.00336056989682101,-0.00168028494841051,
0.,0.00168028494841051,0.00336056989682101,0.00504085484523151,0.00672113979364202,
0.00840142474205252,0.010081709690463,0.0117619946388735,0.013442279587284,
0.0151225645356945,0.016802849484105,0.0184831344325156),.UNSPECIFIED.);
#131=B_SPLINE_CURVE_WITH_KNOTS('',3,(#5077,#5078,#5079,#5080),
 .UNSPECIFIED.,.F.,.F.,(4,4),(9.99999733987344E-5,0.00410000116603885),
 .UNSPECIFIED.);
#132=B_SPLINE_CURVE_WITH_KNOTS('',3,(#5081,#5082,#5083,#5084),
 .UNSPECIFIED.,.F.,.F.,(4,4),(9.99999594631502E-5,0.00410000177387912),
 .UNSPECIFIED.);
#133=CIRCLE('',#2026,0.005);
#134=CIRCLE('',#2027,0.0025);
#135=CIRCLE('',#2028,0.005);
#136=CIRCLE('',#2029,0.0025);
#137=CIRCLE('',#2030,0.0025);
#138=CIRCLE('',#2031,0.0025);
#139=CIRCLE('',#2032,0.0025);
#140=CIRCLE('',#2033,0.0025);
#141=CIRCLE('',#2034,0.003);
#142=CIRCLE('',#2035,0.003);
#143=CIRCLE('',#2036,0.0025);
#144=CIRCLE('',#2037,0.0025);
#145=CIRCLE('',#2038,0.003);
#146=CIRCLE('',#2039,0.003);
#147=CIRCLE('',#2040,0.00249999999999997);
#148=CIRCLE('',#2041,0.0025);
#149=CIRCLE('',#2042,0.003);
#150=CIRCLE('',#2043,0.003);
#151=CIRCLE('',#2044,0.0025);
#152=CIRCLE('',#2047,0.00215);
#153=CIRCLE('',#2048,0.00215);
#154=CIRCLE('',#2052,0.00215);
#155=CIRCLE('',#2053,0.00215);
#156=CIRCLE('',#2057,0.00215);
#157=CIRCLE('',#2058,0.00215);
#158=CIRCLE('',#2076,0.005);
#159=CIRCLE('',#2079,0.0025);
#160=CIRCLE('',#2082,0.005);
#161=CIRCLE('',#2085,0.003);
#162=CIRCLE('',#2088,0.003);
#163=CIRCLE('',#2091,0.00249999999999997);
#164=CIRCLE('',#2093,0.0025);
#165=CIRCLE('',#2096,0.003);
#166=CIRCLE('',#2099,0.003);
#167=CIRCLE('',#2102,0.0025);
#168=CIRCLE('',#2104,0.0025);
#169=CIRCLE('',#2107,0.003);
#170=CIRCLE('',#2110,0.003);
#171=CIRCLE('',#2113,0.0025);
#172=CIRCLE('',#2115,0.0025);
#173=CIRCLE('',#2117,0.0025);
#174=CIRCLE('',#2124,0.0025);
#175=CIRCLE('',#2132,0.0025);
#176=CIRCLE('',#2140,0.0025);
#177=CIRCLE('',#2153,0.00215);
#178=CIRCLE('',#2156,0.00215);
#179=CIRCLE('',#2159,0.00215);
#180=CIRCLE('',#2162,0.00215);
#181=CIRCLE('',#2165,0.00215);
#182=CIRCLE('',#2168,0.00215);
#183=CIRCLE('',#2171,0.00215);
#184=CIRCLE('',#2174,0.00215);
#185=CIRCLE('',#2177,0.00215);
#186=CIRCLE('',#2180,0.00215);
#187=CIRCLE('',#2183,0.00215);
#188=CIRCLE('',#2186,0.00215);
#189=CIRCLE('',#2189,0.00215);
#190=CIRCLE('',#2192,0.00215);
#191=CIRCLE('',#2195,0.00215);
#192=CIRCLE('',#2198,0.00215);
#193=CIRCLE('',#2201,0.00215);
#194=CIRCLE('',#2204,0.00215);
#195=ORIENTED_EDGE('',*,*,#747,.F.);
#196=ORIENTED_EDGE('',*,*,#748,.T.);
#197=ORIENTED_EDGE('',*,*,#749,.F.);
#198=ORIENTED_EDGE('',*,*,#750,.F.);
#199=ORIENTED_EDGE('',*,*,#751,.F.);
#200=ORIENTED_EDGE('',*,*,#752,.T.);
#201=ORIENTED_EDGE('',*,*,#753,.T.);
#202=ORIENTED_EDGE('',*,*,#754,.T.);
#203=ORIENTED_EDGE('',*,*,#755,.T.);
#204=ORIENTED_EDGE('',*,*,#756,.T.);
#205=ORIENTED_EDGE('',*,*,#757,.T.);
#206=ORIENTED_EDGE('',*,*,#758,.F.);
#207=ORIENTED_EDGE('',*,*,#759,.F.);
#208=ORIENTED_EDGE('',*,*,#760,.T.);
#209=ORIENTED_EDGE('',*,*,#761,.T.);
#210=ORIENTED_EDGE('',*,*,#762,.F.);
#211=ORIENTED_EDGE('',*,*,#763,.F.);
#212=ORIENTED_EDGE('',*,*,#764,.F.);
#213=ORIENTED_EDGE('',*,*,#765,.T.);
#214=ORIENTED_EDGE('',*,*,#766,.T.);
#215=ORIENTED_EDGE('',*,*,#767,.F.);
#216=ORIENTED_EDGE('',*,*,#768,.F.);
#217=ORIENTED_EDGE('',*,*,#769,.F.);
#218=ORIENTED_EDGE('',*,*,#770,.T.);
#219=ORIENTED_EDGE('',*,*,#771,.T.);
#220=ORIENTED_EDGE('',*,*,#772,.T.);
#221=ORIENTED_EDGE('',*,*,#773,.T.);
#222=ORIENTED_EDGE('',*,*,#774,.T.);
#223=ORIENTED_EDGE('',*,*,#775,.T.);
#224=ORIENTED_EDGE('',*,*,#776,.F.);
#225=ORIENTED_EDGE('',*,*,#777,.T.);
#226=ORIENTED_EDGE('',*,*,#778,.F.);
#227=ORIENTED_EDGE('',*,*,#779,.F.);
#228=ORIENTED_EDGE('',*,*,#780,.F.);
#229=ORIENTED_EDGE('',*,*,#781,.F.);
#230=ORIENTED_EDGE('',*,*,#782,.F.);
#231=ORIENTED_EDGE('',*,*,#783,.T.);
#232=ORIENTED_EDGE('',*,*,#784,.F.);
#233=ORIENTED_EDGE('',*,*,#785,.T.);
#234=ORIENTED_EDGE('',*,*,#786,.F.);
#235=ORIENTED_EDGE('',*,*,#787,.T.);
#236=ORIENTED_EDGE('',*,*,#788,.T.);
#237=ORIENTED_EDGE('',*,*,#789,.T.);
#238=ORIENTED_EDGE('',*,*,#790,.T.);
#239=ORIENTED_EDGE('',*,*,#791,.T.);
#240=ORIENTED_EDGE('',*,*,#792,.T.);
#241=ORIENTED_EDGE('',*,*,#793,.T.);
#242=ORIENTED_EDGE('',*,*,#794,.F.);
#243=ORIENTED_EDGE('',*,*,#795,.T.);
#244=ORIENTED_EDGE('',*,*,#796,.F.);
#245=ORIENTED_EDGE('',*,*,#797,.F.);
#246=ORIENTED_EDGE('',*,*,#798,.F.);
#247=ORIENTED_EDGE('',*,*,#799,.F.);
#248=ORIENTED_EDGE('',*,*,#800,.F.);
#249=ORIENTED_EDGE('',*,*,#801,.T.);
#250=ORIENTED_EDGE('',*,*,#802,.F.);
#251=ORIENTED_EDGE('',*,*,#803,.T.);
#252=ORIENTED_EDGE('',*,*,#804,.F.);
#253=ORIENTED_EDGE('',*,*,#805,.T.);
#254=ORIENTED_EDGE('',*,*,#806,.T.);
#255=ORIENTED_EDGE('',*,*,#807,.T.);
#256=ORIENTED_EDGE('',*,*,#808,.T.);
#257=ORIENTED_EDGE('',*,*,#809,.T.);
#258=ORIENTED_EDGE('',*,*,#810,.T.);
#259=ORIENTED_EDGE('',*,*,#811,.T.);
#260=ORIENTED_EDGE('',*,*,#812,.F.);
#261=ORIENTED_EDGE('',*,*,#813,.T.);
#262=ORIENTED_EDGE('',*,*,#814,.F.);
#263=ORIENTED_EDGE('',*,*,#815,.F.);
#264=ORIENTED_EDGE('',*,*,#816,.F.);
#265=ORIENTED_EDGE('',*,*,#817,.F.);
#266=ORIENTED_EDGE('',*,*,#818,.F.);
#267=ORIENTED_EDGE('',*,*,#819,.T.);
#268=ORIENTED_EDGE('',*,*,#820,.F.);
#269=ORIENTED_EDGE('',*,*,#821,.T.);
#270=ORIENTED_EDGE('',*,*,#822,.F.);
#271=ORIENTED_EDGE('',*,*,#823,.T.);
#272=ORIENTED_EDGE('',*,*,#824,.T.);
#273=ORIENTED_EDGE('',*,*,#825,.T.);
#274=ORIENTED_EDGE('',*,*,#826,.F.);
#275=ORIENTED_EDGE('',*,*,#827,.F.);
#276=ORIENTED_EDGE('',*,*,#828,.T.);
#277=ORIENTED_EDGE('',*,*,#829,.T.);
#278=ORIENTED_EDGE('',*,*,#830,.F.);
#279=ORIENTED_EDGE('',*,*,#824,.F.);
#280=ORIENTED_EDGE('',*,*,#831,.T.);
#281=ORIENTED_EDGE('',*,*,#804,.T.);
#282=ORIENTED_EDGE('',*,*,#826,.T.);
#283=ORIENTED_EDGE('',*,*,#832,.T.);
#284=ORIENTED_EDGE('',*,*,#833,.T.);
#285=ORIENTED_EDGE('',*,*,#834,.F.);
#286=ORIENTED_EDGE('',*,*,#835,.T.);
#287=ORIENTED_EDGE('',*,*,#836,.T.);
#288=ORIENTED_EDGE('',*,*,#837,.F.);
#289=ORIENTED_EDGE('',*,*,#838,.F.);
#290=ORIENTED_EDGE('',*,*,#839,.T.);
#291=ORIENTED_EDGE('',*,*,#840,.T.);
#292=ORIENTED_EDGE('',*,*,#841,.F.);
#293=ORIENTED_EDGE('',*,*,#835,.F.);
#294=ORIENTED_EDGE('',*,*,#842,.T.);
#295=ORIENTED_EDGE('',*,*,#822,.T.);
#296=ORIENTED_EDGE('',*,*,#837,.T.);
#297=ORIENTED_EDGE('',*,*,#843,.T.);
#298=ORIENTED_EDGE('',*,*,#844,.T.);
#299=ORIENTED_EDGE('',*,*,#845,.F.);
#300=ORIENTED_EDGE('',*,*,#846,.T.);
#301=ORIENTED_EDGE('',*,*,#847,.T.);
#302=ORIENTED_EDGE('',*,*,#848,.F.);
#303=ORIENTED_EDGE('',*,*,#849,.F.);
#304=ORIENTED_EDGE('',*,*,#850,.T.);
#305=ORIENTED_EDGE('',*,*,#851,.T.);
#306=ORIENTED_EDGE('',*,*,#852,.F.);
#307=ORIENTED_EDGE('',*,*,#846,.F.);
#308=ORIENTED_EDGE('',*,*,#853,.T.);
#309=ORIENTED_EDGE('',*,*,#786,.T.);
#310=ORIENTED_EDGE('',*,*,#848,.T.);
#311=ORIENTED_EDGE('',*,*,#854,.T.);
#312=ORIENTED_EDGE('',*,*,#855,.T.);
#313=ORIENTED_EDGE('',*,*,#856,.F.);
#314=ORIENTED_EDGE('',*,*,#857,.T.);
#315=ORIENTED_EDGE('',*,*,#858,.T.);
#316=ORIENTED_EDGE('',*,*,#774,.F.);
#317=ORIENTED_EDGE('',*,*,#859,.F.);
#318=ORIENTED_EDGE('',*,*,#772,.F.);
#319=ORIENTED_EDGE('',*,*,#860,.T.);
#320=ORIENTED_EDGE('',*,*,#861,.T.);
#321=ORIENTED_EDGE('',*,*,#862,.T.);
#322=ORIENTED_EDGE('',*,*,#861,.F.);
#323=ORIENTED_EDGE('',*,*,#863,.T.);
#324=ORIENTED_EDGE('',*,*,#857,.F.);
#325=ORIENTED_EDGE('',*,*,#864,.F.);
#326=ORIENTED_EDGE('',*,*,#865,.T.);
#327=ORIENTED_EDGE('',*,*,#866,.T.);
#328=ORIENTED_EDGE('',*,*,#810,.F.);
#329=ORIENTED_EDGE('',*,*,#867,.F.);
#330=ORIENTED_EDGE('',*,*,#808,.F.);
#331=ORIENTED_EDGE('',*,*,#868,.T.);
#332=ORIENTED_EDGE('',*,*,#869,.T.);
#333=ORIENTED_EDGE('',*,*,#870,.T.);
#334=ORIENTED_EDGE('',*,*,#869,.F.);
#335=ORIENTED_EDGE('',*,*,#871,.T.);
#336=ORIENTED_EDGE('',*,*,#865,.F.);
#337=ORIENTED_EDGE('',*,*,#872,.F.);
#338=ORIENTED_EDGE('',*,*,#873,.T.);
#339=ORIENTED_EDGE('',*,*,#874,.T.);
#340=ORIENTED_EDGE('',*,*,#792,.F.);
#341=ORIENTED_EDGE('',*,*,#875,.F.);
#342=ORIENTED_EDGE('',*,*,#790,.F.);
#343=ORIENTED_EDGE('',*,*,#876,.T.);
#344=ORIENTED_EDGE('',*,*,#877,.T.);
#345=ORIENTED_EDGE('',*,*,#878,.T.);
#346=ORIENTED_EDGE('',*,*,#877,.F.);
#347=ORIENTED_EDGE('',*,*,#879,.T.);
#348=ORIENTED_EDGE('',*,*,#873,.F.);
#349=ORIENTED_EDGE('',*,*,#880,.F.);
#350=ORIENTED_EDGE('',*,*,#881,.F.);
#351=ORIENTED_EDGE('',*,*,#788,.F.);
#352=ORIENTED_EDGE('',*,*,#882,.F.);
#353=ORIENTED_EDGE('',*,*,#855,.F.);
#354=ORIENTED_EDGE('',*,*,#883,.F.);
#355=ORIENTED_EDGE('',*,*,#770,.F.);
#356=ORIENTED_EDGE('',*,*,#884,.F.);
#357=ORIENTED_EDGE('',*,*,#844,.F.);
#358=ORIENTED_EDGE('',*,*,#885,.F.);
#359=ORIENTED_EDGE('',*,*,#806,.F.);
#360=ORIENTED_EDGE('',*,*,#886,.F.);
#361=ORIENTED_EDGE('',*,*,#833,.F.);
#362=ORIENTED_EDGE('',*,*,#887,.F.);
#363=ORIENTED_EDGE('',*,*,#888,.F.);
#364=ORIENTED_EDGE('',*,*,#751,.T.);
#365=ORIENTED_EDGE('',*,*,#889,.T.);
#366=ORIENTED_EDGE('',*,*,#890,.T.);
#367=ORIENTED_EDGE('',*,*,#891,.F.);
#368=ORIENTED_EDGE('',*,*,#752,.F.);
#369=ORIENTED_EDGE('',*,*,#888,.T.);
#370=ORIENTED_EDGE('',*,*,#892,.T.);
#371=ORIENTED_EDGE('',*,*,#893,.F.);
#372=ORIENTED_EDGE('',*,*,#753,.F.);
#373=ORIENTED_EDGE('',*,*,#891,.T.);
#374=ORIENTED_EDGE('',*,*,#894,.F.);
#375=ORIENTED_EDGE('',*,*,#895,.F.);
#376=ORIENTED_EDGE('',*,*,#747,.T.);
#377=ORIENTED_EDGE('',*,*,#896,.T.);
#378=ORIENTED_EDGE('',*,*,#897,.T.);
#379=ORIENTED_EDGE('',*,*,#898,.F.);
#380=ORIENTED_EDGE('',*,*,#748,.F.);
#381=ORIENTED_EDGE('',*,*,#895,.T.);
#382=ORIENTED_EDGE('',*,*,#899,.F.);
#383=ORIENTED_EDGE('',*,*,#900,.F.);
#384=ORIENTED_EDGE('',*,*,#749,.T.);
#385=ORIENTED_EDGE('',*,*,#898,.T.);
#386=ORIENTED_EDGE('',*,*,#901,.F.);
#387=ORIENTED_EDGE('',*,*,#902,.F.);
#388=ORIENTED_EDGE('',*,*,#797,.T.);
#389=ORIENTED_EDGE('',*,*,#903,.T.);
#390=ORIENTED_EDGE('',*,*,#904,.F.);
#391=ORIENTED_EDGE('',*,*,#905,.F.);
#392=ORIENTED_EDGE('',*,*,#798,.T.);
#393=ORIENTED_EDGE('',*,*,#902,.T.);
#394=ORIENTED_EDGE('',*,*,#906,.F.);
#395=ORIENTED_EDGE('',*,*,#907,.F.);
#396=ORIENTED_EDGE('',*,*,#799,.T.);
#397=ORIENTED_EDGE('',*,*,#905,.T.);
#398=ORIENTED_EDGE('',*,*,#908,.F.);
#399=ORIENTED_EDGE('',*,*,#909,.F.);
#400=ORIENTED_EDGE('',*,*,#800,.T.);
#401=ORIENTED_EDGE('',*,*,#907,.T.);
#402=ORIENTED_EDGE('',*,*,#910,.T.);
#403=ORIENTED_EDGE('',*,*,#911,.T.);
#404=ORIENTED_EDGE('',*,*,#801,.F.);
#405=ORIENTED_EDGE('',*,*,#909,.T.);
#406=ORIENTED_EDGE('',*,*,#813,.F.);
#407=ORIENTED_EDGE('',*,*,#912,.T.);
#408=ORIENTED_EDGE('',*,*,#913,.T.);
#409=ORIENTED_EDGE('',*,*,#914,.F.);
#410=ORIENTED_EDGE('',*,*,#915,.F.);
#411=ORIENTED_EDGE('',*,*,#916,.F.);
#412=ORIENTED_EDGE('',*,*,#814,.T.);
#413=ORIENTED_EDGE('',*,*,#914,.T.);
#414=ORIENTED_EDGE('',*,*,#917,.F.);
#415=ORIENTED_EDGE('',*,*,#918,.F.);
#416=ORIENTED_EDGE('',*,*,#815,.T.);
#417=ORIENTED_EDGE('',*,*,#916,.T.);
#418=ORIENTED_EDGE('',*,*,#919,.F.);
#419=ORIENTED_EDGE('',*,*,#920,.F.);
#420=ORIENTED_EDGE('',*,*,#816,.T.);
#421=ORIENTED_EDGE('',*,*,#918,.T.);
#422=ORIENTED_EDGE('',*,*,#921,.F.);
#423=ORIENTED_EDGE('',*,*,#922,.F.);
#424=ORIENTED_EDGE('',*,*,#817,.T.);
#425=ORIENTED_EDGE('',*,*,#920,.T.);
#426=ORIENTED_EDGE('',*,*,#923,.F.);
#427=ORIENTED_EDGE('',*,*,#924,.F.);
#428=ORIENTED_EDGE('',*,*,#818,.T.);
#429=ORIENTED_EDGE('',*,*,#922,.T.);
#430=ORIENTED_EDGE('',*,*,#925,.T.);
#431=ORIENTED_EDGE('',*,*,#926,.T.);
#432=ORIENTED_EDGE('',*,*,#819,.F.);
#433=ORIENTED_EDGE('',*,*,#924,.T.);
#434=ORIENTED_EDGE('',*,*,#777,.F.);
#435=ORIENTED_EDGE('',*,*,#927,.T.);
#436=ORIENTED_EDGE('',*,*,#928,.T.);
#437=ORIENTED_EDGE('',*,*,#929,.F.);
#438=ORIENTED_EDGE('',*,*,#930,.F.);
#439=ORIENTED_EDGE('',*,*,#931,.F.);
#440=ORIENTED_EDGE('',*,*,#778,.T.);
#441=ORIENTED_EDGE('',*,*,#929,.T.);
#442=ORIENTED_EDGE('',*,*,#932,.F.);
#443=ORIENTED_EDGE('',*,*,#933,.F.);
#444=ORIENTED_EDGE('',*,*,#779,.T.);
#445=ORIENTED_EDGE('',*,*,#931,.T.);
#446=ORIENTED_EDGE('',*,*,#934,.F.);
#447=ORIENTED_EDGE('',*,*,#935,.F.);
#448=ORIENTED_EDGE('',*,*,#780,.T.);
#449=ORIENTED_EDGE('',*,*,#933,.T.);
#450=ORIENTED_EDGE('',*,*,#936,.F.);
#451=ORIENTED_EDGE('',*,*,#937,.F.);
#452=ORIENTED_EDGE('',*,*,#781,.T.);
#453=ORIENTED_EDGE('',*,*,#935,.T.);
#454=ORIENTED_EDGE('',*,*,#938,.F.);
#455=ORIENTED_EDGE('',*,*,#939,.F.);
#456=ORIENTED_EDGE('',*,*,#782,.T.);
#457=ORIENTED_EDGE('',*,*,#937,.T.);
#458=ORIENTED_EDGE('',*,*,#940,.T.);
#459=ORIENTED_EDGE('',*,*,#941,.T.);
#460=ORIENTED_EDGE('',*,*,#783,.F.);
#461=ORIENTED_EDGE('',*,*,#939,.T.);
#462=ORIENTED_EDGE('',*,*,#795,.F.);
#463=ORIENTED_EDGE('',*,*,#942,.T.);
#464=ORIENTED_EDGE('',*,*,#943,.T.);
#465=ORIENTED_EDGE('',*,*,#944,.F.);
#466=ORIENTED_EDGE('',*,*,#945,.F.);
#467=ORIENTED_EDGE('',*,*,#896,.F.);
#468=ORIENTED_EDGE('',*,*,#750,.T.);
#469=ORIENTED_EDGE('',*,*,#900,.T.);
#470=ORIENTED_EDGE('',*,*,#946,.F.);
#471=ORIENTED_EDGE('',*,*,#903,.F.);
#472=ORIENTED_EDGE('',*,*,#796,.T.);
#473=ORIENTED_EDGE('',*,*,#944,.T.);
#474=ORIENTED_EDGE('',*,*,#947,.T.);
#475=ORIENTED_EDGE('',*,*,#889,.F.);
#476=ORIENTED_EDGE('',*,*,#754,.F.);
#477=ORIENTED_EDGE('',*,*,#893,.T.);
#478=ORIENTED_EDGE('',*,*,#928,.F.);
#479=ORIENTED_EDGE('',*,*,#948,.T.);
#480=ORIENTED_EDGE('',*,*,#949,.F.);
#481=ORIENTED_EDGE('',*,*,#950,.T.);
#482=ORIENTED_EDGE('',*,*,#925,.F.);
#483=ORIENTED_EDGE('',*,*,#923,.T.);
#484=ORIENTED_EDGE('',*,*,#921,.T.);
#485=ORIENTED_EDGE('',*,*,#919,.T.);
#486=ORIENTED_EDGE('',*,*,#917,.T.);
#487=ORIENTED_EDGE('',*,*,#915,.T.);
#488=ORIENTED_EDGE('',*,*,#913,.F.);
#489=ORIENTED_EDGE('',*,*,#951,.T.);
#490=ORIENTED_EDGE('',*,*,#952,.F.);
#491=ORIENTED_EDGE('',*,*,#953,.T.);
#492=ORIENTED_EDGE('',*,*,#910,.F.);
#493=ORIENTED_EDGE('',*,*,#908,.T.);
#494=ORIENTED_EDGE('',*,*,#906,.T.);
#495=ORIENTED_EDGE('',*,*,#904,.T.);
#496=ORIENTED_EDGE('',*,*,#901,.T.);
#497=ORIENTED_EDGE('',*,*,#946,.T.);
#498=ORIENTED_EDGE('',*,*,#943,.F.);
#499=ORIENTED_EDGE('',*,*,#954,.T.);
#500=ORIENTED_EDGE('',*,*,#955,.F.);
#501=ORIENTED_EDGE('',*,*,#956,.T.);
#502=ORIENTED_EDGE('',*,*,#940,.F.);
#503=ORIENTED_EDGE('',*,*,#938,.T.);
#504=ORIENTED_EDGE('',*,*,#936,.T.);
#505=ORIENTED_EDGE('',*,*,#934,.T.);
#506=ORIENTED_EDGE('',*,*,#932,.T.);
#507=ORIENTED_EDGE('',*,*,#930,.T.);
#508=ORIENTED_EDGE('',*,*,#887,.T.);
#509=ORIENTED_EDGE('',*,*,#947,.F.);
#510=ORIENTED_EDGE('',*,*,#892,.F.);
#511=ORIENTED_EDGE('',*,*,#890,.F.);
#512=ORIENTED_EDGE('',*,*,#894,.T.);
#513=ORIENTED_EDGE('',*,*,#945,.T.);
#514=ORIENTED_EDGE('',*,*,#899,.T.);
#515=ORIENTED_EDGE('',*,*,#897,.F.);
#516=ORIENTED_EDGE('',*,*,#756,.F.);
#517=ORIENTED_EDGE('',*,*,#957,.F.);
#518=ORIENTED_EDGE('',*,*,#958,.F.);
#519=ORIENTED_EDGE('',*,*,#959,.T.);
#520=ORIENTED_EDGE('',*,*,#755,.F.);
#521=ORIENTED_EDGE('',*,*,#960,.F.);
#522=ORIENTED_EDGE('',*,*,#961,.F.);
#523=ORIENTED_EDGE('',*,*,#957,.T.);
#524=ORIENTED_EDGE('',*,*,#960,.T.);
#525=ORIENTED_EDGE('',*,*,#769,.T.);
#526=ORIENTED_EDGE('',*,*,#962,.F.);
#527=ORIENTED_EDGE('',*,*,#963,.T.);
#528=ORIENTED_EDGE('',*,*,#962,.T.);
#529=ORIENTED_EDGE('',*,*,#768,.T.);
#530=ORIENTED_EDGE('',*,*,#964,.F.);
#531=ORIENTED_EDGE('',*,*,#965,.T.);
#532=ORIENTED_EDGE('',*,*,#966,.F.);
#533=ORIENTED_EDGE('',*,*,#967,.F.);
#534=ORIENTED_EDGE('',*,*,#964,.T.);
#535=ORIENTED_EDGE('',*,*,#767,.T.);
#536=ORIENTED_EDGE('',*,*,#968,.F.);
#537=ORIENTED_EDGE('',*,*,#969,.T.);
#538=ORIENTED_EDGE('',*,*,#766,.F.);
#539=ORIENTED_EDGE('',*,*,#970,.F.);
#540=ORIENTED_EDGE('',*,*,#971,.F.);
#541=ORIENTED_EDGE('',*,*,#968,.T.);
#542=ORIENTED_EDGE('',*,*,#765,.F.);
#543=ORIENTED_EDGE('',*,*,#972,.F.);
#544=ORIENTED_EDGE('',*,*,#973,.F.);
#545=ORIENTED_EDGE('',*,*,#970,.T.);
#546=ORIENTED_EDGE('',*,*,#972,.T.);
#547=ORIENTED_EDGE('',*,*,#764,.T.);
#548=ORIENTED_EDGE('',*,*,#974,.F.);
#549=ORIENTED_EDGE('',*,*,#975,.T.);
#550=ORIENTED_EDGE('',*,*,#974,.T.);
#551=ORIENTED_EDGE('',*,*,#763,.T.);
#552=ORIENTED_EDGE('',*,*,#976,.F.);
#553=ORIENTED_EDGE('',*,*,#977,.T.);
#554=ORIENTED_EDGE('',*,*,#978,.F.);
#555=ORIENTED_EDGE('',*,*,#979,.F.);
#556=ORIENTED_EDGE('',*,*,#976,.T.);
#557=ORIENTED_EDGE('',*,*,#762,.T.);
#558=ORIENTED_EDGE('',*,*,#980,.F.);
#559=ORIENTED_EDGE('',*,*,#981,.T.);
#560=ORIENTED_EDGE('',*,*,#761,.F.);
#561=ORIENTED_EDGE('',*,*,#982,.F.);
#562=ORIENTED_EDGE('',*,*,#983,.F.);
#563=ORIENTED_EDGE('',*,*,#980,.T.);
#564=ORIENTED_EDGE('',*,*,#760,.F.);
#565=ORIENTED_EDGE('',*,*,#984,.F.);
#566=ORIENTED_EDGE('',*,*,#985,.F.);
#567=ORIENTED_EDGE('',*,*,#982,.T.);
#568=ORIENTED_EDGE('',*,*,#984,.T.);
#569=ORIENTED_EDGE('',*,*,#759,.T.);
#570=ORIENTED_EDGE('',*,*,#986,.F.);
#571=ORIENTED_EDGE('',*,*,#987,.T.);
#572=ORIENTED_EDGE('',*,*,#988,.T.);
#573=ORIENTED_EDGE('',*,*,#989,.T.);
#574=ORIENTED_EDGE('',*,*,#757,.F.);
#575=ORIENTED_EDGE('',*,*,#959,.F.);
#576=ORIENTED_EDGE('',*,*,#990,.F.);
#577=ORIENTED_EDGE('',*,*,#991,.T.);
#578=ORIENTED_EDGE('',*,*,#986,.T.);
#579=ORIENTED_EDGE('',*,*,#758,.T.);
#580=ORIENTED_EDGE('',*,*,#991,.F.);
#581=ORIENTED_EDGE('',*,*,#992,.T.);
#582=ORIENTED_EDGE('',*,*,#992,.F.);
#583=ORIENTED_EDGE('',*,*,#990,.T.);
#584=ORIENTED_EDGE('',*,*,#958,.T.);
#585=ORIENTED_EDGE('',*,*,#961,.T.);
#586=ORIENTED_EDGE('',*,*,#963,.F.);
#587=ORIENTED_EDGE('',*,*,#965,.F.);
#588=ORIENTED_EDGE('',*,*,#969,.F.);
#589=ORIENTED_EDGE('',*,*,#971,.T.);
#590=ORIENTED_EDGE('',*,*,#973,.T.);
#591=ORIENTED_EDGE('',*,*,#975,.F.);
#592=ORIENTED_EDGE('',*,*,#977,.F.);
#593=ORIENTED_EDGE('',*,*,#981,.F.);
#594=ORIENTED_EDGE('',*,*,#983,.T.);
#595=ORIENTED_EDGE('',*,*,#985,.T.);
#596=ORIENTED_EDGE('',*,*,#987,.F.);
#597=ORIENTED_EDGE('',*,*,#834,.T.);
#598=ORIENTED_EDGE('',*,*,#886,.T.);
#599=ORIENTED_EDGE('',*,*,#805,.F.);
#600=ORIENTED_EDGE('',*,*,#831,.F.);
#601=ORIENTED_EDGE('',*,*,#827,.T.);
#602=ORIENTED_EDGE('',*,*,#845,.T.);
#603=ORIENTED_EDGE('',*,*,#884,.T.);
#604=ORIENTED_EDGE('',*,*,#823,.F.);
#605=ORIENTED_EDGE('',*,*,#842,.F.);
#606=ORIENTED_EDGE('',*,*,#838,.T.);
#607=ORIENTED_EDGE('',*,*,#856,.T.);
#608=ORIENTED_EDGE('',*,*,#882,.T.);
#609=ORIENTED_EDGE('',*,*,#787,.F.);
#610=ORIENTED_EDGE('',*,*,#853,.F.);
#611=ORIENTED_EDGE('',*,*,#849,.T.);
#612=ORIENTED_EDGE('',*,*,#859,.T.);
#613=ORIENTED_EDGE('',*,*,#773,.F.);
#614=ORIENTED_EDGE('',*,*,#862,.F.);
#615=ORIENTED_EDGE('',*,*,#864,.T.);
#616=ORIENTED_EDGE('',*,*,#867,.T.);
#617=ORIENTED_EDGE('',*,*,#809,.F.);
#618=ORIENTED_EDGE('',*,*,#870,.F.);
#619=ORIENTED_EDGE('',*,*,#872,.T.);
#620=ORIENTED_EDGE('',*,*,#875,.T.);
#621=ORIENTED_EDGE('',*,*,#791,.F.);
#622=ORIENTED_EDGE('',*,*,#878,.F.);
#623=ORIENTED_EDGE('',*,*,#880,.T.);
#624=ORIENTED_EDGE('',*,*,#993,.F.);
#625=ORIENTED_EDGE('',*,*,#828,.F.);
#626=ORIENTED_EDGE('',*,*,#993,.T.);
#627=ORIENTED_EDGE('',*,*,#994,.F.);
#628=ORIENTED_EDGE('',*,*,#829,.F.);
#629=ORIENTED_EDGE('',*,*,#994,.T.);
#630=ORIENTED_EDGE('',*,*,#979,.T.);
#631=ORIENTED_EDGE('',*,*,#995,.F.);
#632=ORIENTED_EDGE('',*,*,#995,.T.);
#633=ORIENTED_EDGE('',*,*,#978,.T.);
#634=ORIENTED_EDGE('',*,*,#996,.F.);
#635=ORIENTED_EDGE('',*,*,#996,.T.);
#636=ORIENTED_EDGE('',*,*,#997,.F.);
#637=ORIENTED_EDGE('',*,*,#850,.F.);
#638=ORIENTED_EDGE('',*,*,#997,.T.);
#639=ORIENTED_EDGE('',*,*,#998,.F.);
#640=ORIENTED_EDGE('',*,*,#851,.F.);
#641=ORIENTED_EDGE('',*,*,#998,.T.);
#642=ORIENTED_EDGE('',*,*,#967,.T.);
#643=ORIENTED_EDGE('',*,*,#999,.F.);
#644=ORIENTED_EDGE('',*,*,#999,.T.);
#645=ORIENTED_EDGE('',*,*,#966,.T.);
#646=ORIENTED_EDGE('',*,*,#1000,.F.);
#647=ORIENTED_EDGE('',*,*,#1000,.T.);
#648=ORIENTED_EDGE('',*,*,#1001,.F.);
#649=ORIENTED_EDGE('',*,*,#839,.F.);
#650=ORIENTED_EDGE('',*,*,#1001,.T.);
#651=ORIENTED_EDGE('',*,*,#1002,.F.);
#652=ORIENTED_EDGE('',*,*,#840,.F.);
#653=ORIENTED_EDGE('',*,*,#1002,.T.);
#654=ORIENTED_EDGE('',*,*,#1003,.F.);
#655=ORIENTED_EDGE('',*,*,#989,.F.);
#656=ORIENTED_EDGE('',*,*,#1003,.T.);
#657=ORIENTED_EDGE('',*,*,#1004,.F.);
#658=ORIENTED_EDGE('',*,*,#988,.F.);
#659=ORIENTED_EDGE('',*,*,#1004,.T.);
#660=ORIENTED_EDGE('',*,*,#1005,.T.);
#661=ORIENTED_EDGE('',*,*,#1006,.T.);
#662=ORIENTED_EDGE('',*,*,#952,.T.);
#663=ORIENTED_EDGE('',*,*,#1007,.T.);
#664=ORIENTED_EDGE('',*,*,#811,.F.);
#665=ORIENTED_EDGE('',*,*,#866,.F.);
#666=ORIENTED_EDGE('',*,*,#871,.F.);
#667=ORIENTED_EDGE('',*,*,#868,.F.);
#668=ORIENTED_EDGE('',*,*,#807,.F.);
#669=ORIENTED_EDGE('',*,*,#885,.T.);
#670=ORIENTED_EDGE('',*,*,#832,.F.);
#671=ORIENTED_EDGE('',*,*,#825,.F.);
#672=ORIENTED_EDGE('',*,*,#830,.T.);
#673=ORIENTED_EDGE('',*,*,#803,.F.);
#674=ORIENTED_EDGE('',*,*,#1008,.F.);
#675=ORIENTED_EDGE('',*,*,#812,.T.);
#676=ORIENTED_EDGE('',*,*,#1007,.F.);
#677=ORIENTED_EDGE('',*,*,#951,.F.);
#678=ORIENTED_EDGE('',*,*,#912,.F.);
#679=ORIENTED_EDGE('',*,*,#802,.T.);
#680=ORIENTED_EDGE('',*,*,#911,.F.);
#681=ORIENTED_EDGE('',*,*,#953,.F.);
#682=ORIENTED_EDGE('',*,*,#1008,.T.);
#683=ORIENTED_EDGE('',*,*,#1009,.T.);
#684=ORIENTED_EDGE('',*,*,#1010,.T.);
#685=ORIENTED_EDGE('',*,*,#949,.T.);
#686=ORIENTED_EDGE('',*,*,#1011,.T.);
#687=ORIENTED_EDGE('',*,*,#775,.F.);
#688=ORIENTED_EDGE('',*,*,#858,.F.);
#689=ORIENTED_EDGE('',*,*,#863,.F.);
#690=ORIENTED_EDGE('',*,*,#860,.F.);
#691=ORIENTED_EDGE('',*,*,#771,.F.);
#692=ORIENTED_EDGE('',*,*,#883,.T.);
#693=ORIENTED_EDGE('',*,*,#843,.F.);
#694=ORIENTED_EDGE('',*,*,#836,.F.);
#695=ORIENTED_EDGE('',*,*,#841,.T.);
#696=ORIENTED_EDGE('',*,*,#821,.F.);
#697=ORIENTED_EDGE('',*,*,#1012,.F.);
#698=ORIENTED_EDGE('',*,*,#776,.T.);
#699=ORIENTED_EDGE('',*,*,#1011,.F.);
#700=ORIENTED_EDGE('',*,*,#948,.F.);
#701=ORIENTED_EDGE('',*,*,#927,.F.);
#702=ORIENTED_EDGE('',*,*,#820,.T.);
#703=ORIENTED_EDGE('',*,*,#926,.F.);
#704=ORIENTED_EDGE('',*,*,#950,.F.);
#705=ORIENTED_EDGE('',*,*,#1012,.T.);
#706=ORIENTED_EDGE('',*,*,#1013,.T.);
#707=ORIENTED_EDGE('',*,*,#1013,.F.);
#708=ORIENTED_EDGE('',*,*,#1009,.F.);
#709=ORIENTED_EDGE('',*,*,#1014,.T.);
#710=ORIENTED_EDGE('',*,*,#1015,.T.);
#711=ORIENTED_EDGE('',*,*,#955,.T.);
#712=ORIENTED_EDGE('',*,*,#1016,.T.);
#713=ORIENTED_EDGE('',*,*,#793,.F.);
#714=ORIENTED_EDGE('',*,*,#874,.F.);
#715=ORIENTED_EDGE('',*,*,#879,.F.);
#716=ORIENTED_EDGE('',*,*,#876,.F.);
#717=ORIENTED_EDGE('',*,*,#789,.F.);
#718=ORIENTED_EDGE('',*,*,#881,.T.);
#719=ORIENTED_EDGE('',*,*,#854,.F.);
#720=ORIENTED_EDGE('',*,*,#847,.F.);
#721=ORIENTED_EDGE('',*,*,#852,.T.);
#722=ORIENTED_EDGE('',*,*,#785,.F.);
#723=ORIENTED_EDGE('',*,*,#1017,.F.);
#724=ORIENTED_EDGE('',*,*,#794,.T.);
#725=ORIENTED_EDGE('',*,*,#1016,.F.);
#726=ORIENTED_EDGE('',*,*,#954,.F.);
#727=ORIENTED_EDGE('',*,*,#942,.F.);
#728=ORIENTED_EDGE('',*,*,#784,.T.);
#729=ORIENTED_EDGE('',*,*,#941,.F.);
#730=ORIENTED_EDGE('',*,*,#956,.F.);
#731=ORIENTED_EDGE('',*,*,#1017,.T.);
#732=ORIENTED_EDGE('',*,*,#1018,.T.);
#733=ORIENTED_EDGE('',*,*,#1018,.F.);
#734=ORIENTED_EDGE('',*,*,#1014,.F.);
#735=ORIENTED_EDGE('',*,*,#1019,.T.);
#736=ORIENTED_EDGE('',*,*,#1019,.F.);
#737=ORIENTED_EDGE('',*,*,#1005,.F.);
#738=ORIENTED_EDGE('',*,*,#1020,.T.);
#739=ORIENTED_EDGE('',*,*,#1020,.F.);
#740=ORIENTED_EDGE('',*,*,#1006,.F.);
#741=ORIENTED_EDGE('',*,*,#1021,.T.);
#742=ORIENTED_EDGE('',*,*,#1021,.F.);
#743=ORIENTED_EDGE('',*,*,#1010,.F.);
#744=ORIENTED_EDGE('',*,*,#1022,.T.);
#745=ORIENTED_EDGE('',*,*,#1022,.F.);
#746=ORIENTED_EDGE('',*,*,#1015,.F.);
#747=EDGE_CURVE('',#1023,#1024,#1219,.T.);
#748=EDGE_CURVE('',#1023,#1025,#133,.T.);
#749=EDGE_CURVE('',#1026,#1025,#1220,.T.);
#750=EDGE_CURVE('',#1024,#1026,#134,.T.);
#751=EDGE_CURVE('',#1027,#1028,#135,.T.);
#752=EDGE_CURVE('',#1027,#1029,#1221,.T.);
#753=EDGE_CURVE('',#1029,#1030,#136,.T.);
#754=EDGE_CURVE('',#1030,#1028,#1222,.T.);
#755=EDGE_CURVE('',#1031,#1032,#1223,.T.);
#756=EDGE_CURVE('',#1032,#1033,#1224,.T.);
#757=EDGE_CURVE('',#1033,#1034,#1225,.T.);
#758=EDGE_CURVE('',#1035,#1034,#1226,.T.);
#759=EDGE_CURVE('',#1036,#1035,#137,.F.);
#760=EDGE_CURVE('',#1036,#1037,#1227,.T.);
#761=EDGE_CURVE('',#1037,#1038,#1228,.T.);
#762=EDGE_CURVE('',#1039,#1038,#1229,.T.);
#763=EDGE_CURVE('',#1040,#1039,#1230,.T.);
#764=EDGE_CURVE('',#1041,#1040,#138,.F.);
#765=EDGE_CURVE('',#1041,#1042,#1231,.T.);
#766=EDGE_CURVE('',#1042,#1043,#1232,.T.);
#767=EDGE_CURVE('',#1044,#1043,#1233,.T.);
#768=EDGE_CURVE('',#1045,#1044,#1234,.T.);
#769=EDGE_CURVE('',#1031,#1045,#139,.F.);
#770=EDGE_CURVE('',#1046,#1047,#1235,.T.);
#771=EDGE_CURVE('',#1047,#1048,#70,.T.);
#772=EDGE_CURVE('',#1048,#1049,#1236,.T.);
#773=EDGE_CURVE('',#1049,#1050,#1237,.T.);
#774=EDGE_CURVE('',#1050,#1051,#1238,.T.);
#775=EDGE_CURVE('',#1051,#1052,#71,.T.);
#776=EDGE_CURVE('',#1053,#1052,#72,.T.);
#777=EDGE_CURVE('',#1053,#1054,#140,.T.);
#778=EDGE_CURVE('',#1055,#1054,#1239,.T.);
#779=EDGE_CURVE('',#1056,#1055,#141,.T.);
#780=EDGE_CURVE('',#1057,#1056,#1240,.T.);
#781=EDGE_CURVE('',#1058,#1057,#142,.T.);
#782=EDGE_CURVE('',#1059,#1058,#1241,.T.);
#783=EDGE_CURVE('',#1059,#1060,#143,.T.);
#784=EDGE_CURVE('',#1061,#1060,#73,.T.);
#785=EDGE_CURVE('',#1061,#1062,#74,.T.);
#786=EDGE_CURVE('',#1063,#1062,#1242,.T.);
#787=EDGE_CURVE('',#1063,#1064,#1243,.T.);
#788=EDGE_CURVE('',#1064,#1065,#1244,.T.);
#789=EDGE_CURVE('',#1065,#1066,#75,.T.);
#790=EDGE_CURVE('',#1066,#1067,#1245,.T.);
#791=EDGE_CURVE('',#1067,#1068,#1246,.T.);
#792=EDGE_CURVE('',#1068,#1069,#1247,.T.);
#793=EDGE_CURVE('',#1069,#1070,#76,.T.);
#794=EDGE_CURVE('',#1071,#1070,#77,.T.);
#795=EDGE_CURVE('',#1071,#1072,#144,.T.);
#796=EDGE_CURVE('',#1073,#1072,#1248,.T.);
#797=EDGE_CURVE('',#1074,#1073,#145,.T.);
#798=EDGE_CURVE('',#1075,#1074,#1249,.T.);
#799=EDGE_CURVE('',#1076,#1075,#146,.T.);
#800=EDGE_CURVE('',#1077,#1076,#1250,.T.);
#801=EDGE_CURVE('',#1077,#1078,#147,.T.);
#802=EDGE_CURVE('',#1079,#1078,#78,.T.);
#803=EDGE_CURVE('',#1079,#1080,#79,.T.);
#804=EDGE_CURVE('',#1081,#1080,#1251,.T.);
#805=EDGE_CURVE('',#1081,#1082,#1252,.T.);
#806=EDGE_CURVE('',#1082,#1083,#1253,.T.);
#807=EDGE_CURVE('',#1083,#1084,#80,.T.);
#808=EDGE_CURVE('',#1084,#1085,#1254,.T.);
#809=EDGE_CURVE('',#1085,#1086,#1255,.T.);
#810=EDGE_CURVE('',#1086,#1087,#1256,.T.);
#811=EDGE_CURVE('',#1087,#1088,#81,.T.);
#812=EDGE_CURVE('',#1089,#1088,#82,.T.);
#813=EDGE_CURVE('',#1089,#1090,#148,.T.);
#814=EDGE_CURVE('',#1091,#1090,#1257,.T.);
#815=EDGE_CURVE('',#1092,#1091,#149,.T.);
#816=EDGE_CURVE('',#1093,#1092,#1258,.T.);
#817=EDGE_CURVE('',#1094,#1093,#150,.T.);
#818=EDGE_CURVE('',#1095,#1094,#1259,.T.);
#819=EDGE_CURVE('',#1095,#1096,#151,.T.);
#820=EDGE_CURVE('',#1097,#1096,#83,.T.);
#821=EDGE_CURVE('',#1097,#1098,#84,.T.);
#822=EDGE_CURVE('',#1099,#1098,#1260,.T.);
#823=EDGE_CURVE('',#1099,#1046,#1261,.T.);
#824=EDGE_CURVE('',#1100,#1101,#1262,.T.);
#825=EDGE_CURVE('',#1101,#1102,#85,.T.);
#826=EDGE_CURVE('',#1103,#1102,#1263,.T.);
#827=EDGE_CURVE('',#1100,#1103,#1264,.T.);
#828=EDGE_CURVE('',#1104,#1104,#152,.T.);
#829=EDGE_CURVE('',#1105,#1105,#153,.T.);
#830=EDGE_CURVE('',#1101,#1080,#86,.T.);
#831=EDGE_CURVE('',#1100,#1081,#1265,.T.);
#832=EDGE_CURVE('',#1102,#1106,#87,.T.);
#833=EDGE_CURVE('',#1106,#1107,#1266,.F.);
#834=EDGE_CURVE('',#1103,#1107,#1267,.T.);
#835=EDGE_CURVE('',#1108,#1109,#1268,.T.);
#836=EDGE_CURVE('',#1109,#1110,#88,.T.);
#837=EDGE_CURVE('',#1111,#1110,#1269,.T.);
#838=EDGE_CURVE('',#1108,#1111,#1270,.T.);
#839=EDGE_CURVE('',#1112,#1112,#154,.T.);
#840=EDGE_CURVE('',#1113,#1113,#155,.T.);
#841=EDGE_CURVE('',#1109,#1098,#89,.T.);
#842=EDGE_CURVE('',#1108,#1099,#1271,.T.);
#843=EDGE_CURVE('',#1110,#1114,#90,.T.);
#844=EDGE_CURVE('',#1114,#1115,#1272,.F.);
#845=EDGE_CURVE('',#1111,#1115,#1273,.T.);
#846=EDGE_CURVE('',#1116,#1117,#1274,.T.);
#847=EDGE_CURVE('',#1117,#1118,#91,.T.);
#848=EDGE_CURVE('',#1119,#1118,#1275,.T.);
#849=EDGE_CURVE('',#1116,#1119,#1276,.T.);
#850=EDGE_CURVE('',#1120,#1120,#156,.T.);
#851=EDGE_CURVE('',#1121,#1121,#157,.T.);
#852=EDGE_CURVE('',#1117,#1062,#92,.T.);
#853=EDGE_CURVE('',#1116,#1063,#1277,.T.);
#854=EDGE_CURVE('',#1118,#1122,#93,.T.);
#855=EDGE_CURVE('',#1122,#1123,#1278,.F.);
#856=EDGE_CURVE('',#1119,#1123,#1279,.T.);
#857=EDGE_CURVE('',#1124,#1125,#1280,.T.);
#858=EDGE_CURVE('',#1125,#1051,#94,.T.);
#859=EDGE_CURVE('',#1124,#1050,#1281,.T.);
#860=EDGE_CURVE('',#1048,#1126,#95,.T.);
#861=EDGE_CURVE('',#1126,#1127,#1282,.T.);
#862=EDGE_CURVE('',#1127,#1049,#1283,.T.);
#863=EDGE_CURVE('',#1126,#1125,#96,.T.);
#864=EDGE_CURVE('',#1127,#1124,#1284,.T.);
#865=EDGE_CURVE('',#1128,#1129,#1285,.T.);
#866=EDGE_CURVE('',#1129,#1087,#97,.T.);
#867=EDGE_CURVE('',#1128,#1086,#1286,.T.);
#868=EDGE_CURVE('',#1084,#1130,#98,.T.);
#869=EDGE_CURVE('',#1130,#1131,#1287,.T.);
#870=EDGE_CURVE('',#1131,#1085,#1288,.T.);
#871=EDGE_CURVE('',#1130,#1129,#99,.T.);
#872=EDGE_CURVE('',#1131,#1128,#1289,.T.);
#873=EDGE_CURVE('',#1132,#1133,#1290,.T.);
#874=EDGE_CURVE('',#1133,#1069,#100,.T.);
#875=EDGE_CURVE('',#1132,#1068,#1291,.T.);
#876=EDGE_CURVE('',#1066,#1134,#101,.T.);
#877=EDGE_CURVE('',#1134,#1135,#1292,.T.);
#878=EDGE_CURVE('',#1135,#1067,#1293,.T.);
#879=EDGE_CURVE('',#1134,#1133,#102,.T.);
#880=EDGE_CURVE('',#1135,#1132,#1294,.T.);
#881=EDGE_CURVE('',#1065,#1122,#103,.T.);
#882=EDGE_CURVE('',#1123,#1064,#21,.F.);
#883=EDGE_CURVE('',#1047,#1114,#104,.T.);
#884=EDGE_CURVE('',#1115,#1046,#22,.F.);
#885=EDGE_CURVE('',#1083,#1106,#105,.T.);
#886=EDGE_CURVE('',#1107,#1082,#23,.F.);
#887=EDGE_CURVE('',#1136,#1137,#158,.T.);
#888=EDGE_CURVE('',#1027,#1136,#1295,.T.);
#889=EDGE_CURVE('',#1028,#1137,#1296,.T.);
#890=EDGE_CURVE('',#1136,#1138,#1297,.T.);
#891=EDGE_CURVE('',#1029,#1138,#1298,.T.);
#892=EDGE_CURVE('',#1138,#1139,#159,.T.);
#893=EDGE_CURVE('',#1030,#1139,#1299,.T.);
#894=EDGE_CURVE('',#1140,#1141,#1300,.T.);
#895=EDGE_CURVE('',#1023,#1140,#1301,.T.);
#896=EDGE_CURVE('',#1024,#1141,#1302,.T.);
#897=EDGE_CURVE('',#1140,#1142,#160,.T.);
#898=EDGE_CURVE('',#1025,#1142,#1303,.T.);
#899=EDGE_CURVE('',#1143,#1142,#1304,.T.);
#900=EDGE_CURVE('',#1026,#1143,#1305,.T.);
#901=EDGE_CURVE('',#1144,#1145,#161,.T.);
#902=EDGE_CURVE('',#1074,#1144,#1306,.T.);
#903=EDGE_CURVE('',#1073,#1145,#1307,.T.);
#904=EDGE_CURVE('',#1146,#1144,#1308,.T.);
#905=EDGE_CURVE('',#1075,#1146,#1309,.T.);
#906=EDGE_CURVE('',#1147,#1146,#162,.T.);
#907=EDGE_CURVE('',#1076,#1147,#1310,.T.);
#908=EDGE_CURVE('',#1148,#1147,#1311,.T.);
#909=EDGE_CURVE('',#1077,#1148,#1312,.T.);
#910=EDGE_CURVE('',#1148,#1149,#163,.T.);
#911=EDGE_CURVE('',#1149,#1078,#106,.T.);
#912=EDGE_CURVE('',#1089,#1150,#107,.T.);
#913=EDGE_CURVE('',#1150,#1151,#164,.T.);
#914=EDGE_CURVE('',#1090,#1151,#1313,.T.);
#915=EDGE_CURVE('',#1152,#1151,#1314,.T.);
#916=EDGE_CURVE('',#1091,#1152,#1315,.T.);
#917=EDGE_CURVE('',#1153,#1152,#165,.T.);
#918=EDGE_CURVE('',#1092,#1153,#1316,.T.);
#919=EDGE_CURVE('',#1154,#1153,#1317,.T.);
#920=EDGE_CURVE('',#1093,#1154,#1318,.T.);
#921=EDGE_CURVE('',#1155,#1154,#166,.T.);
#922=EDGE_CURVE('',#1094,#1155,#1319,.T.);
#923=EDGE_CURVE('',#1156,#1155,#1320,.T.);
#924=EDGE_CURVE('',#1095,#1156,#1321,.T.);
#925=EDGE_CURVE('',#1156,#1157,#167,.T.);
#926=EDGE_CURVE('',#1157,#1096,#108,.T.);
#927=EDGE_CURVE('',#1053,#1158,#109,.T.);
#928=EDGE_CURVE('',#1158,#1159,#168,.T.);
#929=EDGE_CURVE('',#1054,#1159,#1322,.T.);
#930=EDGE_CURVE('',#1160,#1159,#1323,.T.);
#931=EDGE_CURVE('',#1055,#1160,#1324,.T.);
#932=EDGE_CURVE('',#1161,#1160,#169,.T.);
#933=EDGE_CURVE('',#1056,#1161,#1325,.T.);
#934=EDGE_CURVE('',#1162,#1161,#1326,.T.);
#935=EDGE_CURVE('',#1057,#1162,#1327,.T.);
#936=EDGE_CURVE('',#1163,#1162,#170,.T.);
#937=EDGE_CURVE('',#1058,#1163,#1328,.T.);
#938=EDGE_CURVE('',#1164,#1163,#1329,.T.);
#939=EDGE_CURVE('',#1059,#1164,#1330,.T.);
#940=EDGE_CURVE('',#1164,#1165,#171,.T.);
#941=EDGE_CURVE('',#1165,#1060,#110,.T.);
#942=EDGE_CURVE('',#1071,#1166,#111,.T.);
#943=EDGE_CURVE('',#1166,#1167,#172,.T.);
#944=EDGE_CURVE('',#1072,#1167,#1331,.T.);
#945=EDGE_CURVE('',#1141,#1143,#173,.T.);
#946=EDGE_CURVE('',#1145,#1167,#1332,.T.);
#947=EDGE_CURVE('',#1139,#1137,#1333,.T.);
#948=EDGE_CURVE('',#1158,#1168,#112,.T.);
#949=EDGE_CURVE('',#1169,#1168,#113,.T.);
#950=EDGE_CURVE('',#1169,#1157,#114,.T.);
#951=EDGE_CURVE('',#1150,#1170,#115,.T.);
#952=EDGE_CURVE('',#1171,#1170,#116,.T.);
#953=EDGE_CURVE('',#1171,#1149,#117,.T.);
#954=EDGE_CURVE('',#1166,#1172,#118,.T.);
#955=EDGE_CURVE('',#1173,#1172,#119,.T.);
#956=EDGE_CURVE('',#1173,#1165,#120,.T.);
#957=EDGE_CURVE('',#1174,#1032,#1334,.T.);
#958=EDGE_CURVE('',#1175,#1174,#1335,.T.);
#959=EDGE_CURVE('',#1175,#1033,#1336,.T.);
#960=EDGE_CURVE('',#1176,#1031,#1337,.T.);
#961=EDGE_CURVE('',#1174,#1176,#1338,.T.);
#962=EDGE_CURVE('',#1177,#1045,#1339,.T.);
#963=EDGE_CURVE('',#1177,#1176,#174,.T.);
#964=EDGE_CURVE('',#1178,#1044,#1340,.T.);
#965=EDGE_CURVE('',#1178,#1177,#1341,.T.);
#966=EDGE_CURVE('',#1179,#1179,#24,.T.);
#967=EDGE_CURVE('',#1180,#1180,#25,.T.);
#968=EDGE_CURVE('',#1181,#1043,#1342,.T.);
#969=EDGE_CURVE('',#1181,#1178,#1343,.T.);
#970=EDGE_CURVE('',#1182,#1042,#1344,.T.);
#971=EDGE_CURVE('',#1181,#1182,#1345,.T.);
#972=EDGE_CURVE('',#1183,#1041,#1346,.T.);
#973=EDGE_CURVE('',#1182,#1183,#1347,.T.);
#974=EDGE_CURVE('',#1184,#1040,#1348,.T.);
#975=EDGE_CURVE('',#1184,#1183,#175,.T.);
#976=EDGE_CURVE('',#1185,#1039,#1349,.T.);
#977=EDGE_CURVE('',#1185,#1184,#1350,.T.);
#978=EDGE_CURVE('',#1186,#1186,#26,.T.);
#979=EDGE_CURVE('',#1187,#1187,#27,.T.);
#980=EDGE_CURVE('',#1188,#1038,#1351,.T.);
#981=EDGE_CURVE('',#1188,#1185,#1352,.T.);
#982=EDGE_CURVE('',#1189,#1037,#1353,.T.);
#983=EDGE_CURVE('',#1188,#1189,#1354,.T.);
#984=EDGE_CURVE('',#1190,#1036,#1355,.T.);
#985=EDGE_CURVE('',#1189,#1190,#1356,.T.);
#986=EDGE_CURVE('',#1191,#1035,#1357,.T.);
#987=EDGE_CURVE('',#1191,#1190,#176,.T.);
#988=EDGE_CURVE('',#1192,#1192,#28,.T.);
#989=EDGE_CURVE('',#1193,#1193,#29,.T.);
#990=EDGE_CURVE('',#1194,#1175,#1358,.T.);
#991=EDGE_CURVE('',#1194,#1034,#1359,.T.);
#992=EDGE_CURVE('',#1194,#1191,#1360,.T.);
#993=EDGE_CURVE('',#1195,#1195,#177,.T.);
#994=EDGE_CURVE('',#1196,#1196,#178,.T.);
#995=EDGE_CURVE('',#1197,#1197,#179,.T.);
#996=EDGE_CURVE('',#1198,#1198,#180,.T.);
#997=EDGE_CURVE('',#1199,#1199,#181,.T.);
#998=EDGE_CURVE('',#1200,#1200,#182,.T.);
#999=EDGE_CURVE('',#1201,#1201,#183,.T.);
#1000=EDGE_CURVE('',#1202,#1202,#184,.T.);
#1001=EDGE_CURVE('',#1203,#1203,#185,.T.);
#1002=EDGE_CURVE('',#1204,#1204,#186,.T.);
#1003=EDGE_CURVE('',#1205,#1205,#187,.T.);
#1004=EDGE_CURVE('',#1206,#1206,#188,.T.);
#1005=EDGE_CURVE('',#1207,#1207,#121,.T.);
#1006=EDGE_CURVE('',#1208,#1208,#122,.T.);
#1007=EDGE_CURVE('',#1170,#1088,#123,.T.);
#1008=EDGE_CURVE('',#1171,#1079,#124,.T.);
#1009=EDGE_CURVE('',#1209,#1209,#125,.T.);
#1010=EDGE_CURVE('',#1210,#1210,#126,.T.);
#1011=EDGE_CURVE('',#1168,#1052,#127,.T.);
#1012=EDGE_CURVE('',#1169,#1097,#128,.T.);
#1013=EDGE_CURVE('',#1211,#1211,#189,.T.);
#1014=EDGE_CURVE('',#1212,#1212,#129,.T.);
#1015=EDGE_CURVE('',#1213,#1213,#130,.T.);
#1016=EDGE_CURVE('',#1172,#1070,#131,.T.);
#1017=EDGE_CURVE('',#1173,#1061,#132,.T.);
#1018=EDGE_CURVE('',#1214,#1214,#190,.T.);
#1019=EDGE_CURVE('',#1215,#1215,#191,.T.);
#1020=EDGE_CURVE('',#1216,#1216,#192,.T.);
#1021=EDGE_CURVE('',#1217,#1217,#193,.T.);
#1022=EDGE_CURVE('',#1218,#1218,#194,.T.);
#1023=VERTEX_POINT('',#2715);
#1024=VERTEX_POINT('',#2716);
#1025=VERTEX_POINT('',#2718);
#1026=VERTEX_POINT('',#2720);
#1027=VERTEX_POINT('',#2723);
#1028=VERTEX_POINT('',#2724);
#1029=VERTEX_POINT('',#2726);
#1030=VERTEX_POINT('',#2728);
#1031=VERTEX_POINT('',#2731);
#1032=VERTEX_POINT('',#2732);
#1033=VERTEX_POINT('',#2734);
#1034=VERTEX_POINT('',#2736);
#1035=VERTEX_POINT('',#2738);
#1036=VERTEX_POINT('',#2740);
#1037=VERTEX_POINT('',#2742);
#1038=VERTEX_POINT('',#2744);
#1039=VERTEX_POINT('',#2746);
#1040=VERTEX_POINT('',#2748);
#1041=VERTEX_POINT('',#2750);
#1042=VERTEX_POINT('',#2752);
#1043=VERTEX_POINT('',#2754);
#1044=VERTEX_POINT('',#2756);
#1045=VERTEX_POINT('',#2758);
#1046=VERTEX_POINT('',#2761);
#1047=VERTEX_POINT('',#2762);
#1048=VERTEX_POINT('',#2790);
#1049=VERTEX_POINT('',#2792);
#1050=VERTEX_POINT('',#2794);
#1051=VERTEX_POINT('',#2796);
#1052=VERTEX_POINT('',#2801);
#1053=VERTEX_POINT('',#2806);
#1054=VERTEX_POINT('',#2808);
#1055=VERTEX_POINT('',#2810);
#1056=VERTEX_POINT('',#2812);
#1057=VERTEX_POINT('',#2814);
#1058=VERTEX_POINT('',#2816);
#1059=VERTEX_POINT('',#2818);
#1060=VERTEX_POINT('',#2820);
#1061=VERTEX_POINT('',#2825);
#1062=VERTEX_POINT('',#2833);
#1063=VERTEX_POINT('',#2835);
#1064=VERTEX_POINT('',#2837);
#1065=VERTEX_POINT('',#2839);
#1066=VERTEX_POINT('',#2867);
#1067=VERTEX_POINT('',#2869);
#1068=VERTEX_POINT('',#2871);
#1069=VERTEX_POINT('',#2873);
#1070=VERTEX_POINT('',#2878);
#1071=VERTEX_POINT('',#2883);
#1072=VERTEX_POINT('',#2885);
#1073=VERTEX_POINT('',#2887);
#1074=VERTEX_POINT('',#2889);
#1075=VERTEX_POINT('',#2891);
#1076=VERTEX_POINT('',#2893);
#1077=VERTEX_POINT('',#2895);
#1078=VERTEX_POINT('',#2897);
#1079=VERTEX_POINT('',#2902);
#1080=VERTEX_POINT('',#2910);
#1081=VERTEX_POINT('',#2912);
#1082=VERTEX_POINT('',#2914);
#1083=VERTEX_POINT('',#2916);
#1084=VERTEX_POINT('',#2944);
#1085=VERTEX_POINT('',#2946);
#1086=VERTEX_POINT('',#2948);
#1087=VERTEX_POINT('',#2950);
#1088=VERTEX_POINT('',#2955);
#1089=VERTEX_POINT('',#2960);
#1090=VERTEX_POINT('',#2962);
#1091=VERTEX_POINT('',#2964);
#1092=VERTEX_POINT('',#2966);
#1093=VERTEX_POINT('',#2968);
#1094=VERTEX_POINT('',#2970);
#1095=VERTEX_POINT('',#2972);
#1096=VERTEX_POINT('',#2974);
#1097=VERTEX_POINT('',#2979);
#1098=VERTEX_POINT('',#2987);
#1099=VERTEX_POINT('',#2989);
#1100=VERTEX_POINT('',#2993);
#1101=VERTEX_POINT('',#2994);
#1102=VERTEX_POINT('',#3004);
#1103=VERTEX_POINT('',#3006);
#1104=VERTEX_POINT('',#3010);
#1105=VERTEX_POINT('',#3012);
#1106=VERTEX_POINT('',#3023);
#1107=VERTEX_POINT('',#3025);
#1108=VERTEX_POINT('',#3029);
#1109=VERTEX_POINT('',#3030);
#1110=VERTEX_POINT('',#3040);
#1111=VERTEX_POINT('',#3042);
#1112=VERTEX_POINT('',#3046);
#1113=VERTEX_POINT('',#3048);
#1114=VERTEX_POINT('',#3059);
#1115=VERTEX_POINT('',#3061);
#1116=VERTEX_POINT('',#3065);
#1117=VERTEX_POINT('',#3066);
#1118=VERTEX_POINT('',#3076);
#1119=VERTEX_POINT('',#3078);
#1120=VERTEX_POINT('',#3082);
#1121=VERTEX_POINT('',#3084);
#1122=VERTEX_POINT('',#3095);
#1123=VERTEX_POINT('',#3097);
#1124=VERTEX_POINT('',#3101);
#1125=VERTEX_POINT('',#3102);
#1126=VERTEX_POINT('',#3113);
#1127=VERTEX_POINT('',#3115);
#1128=VERTEX_POINT('',#3130);
#1129=VERTEX_POINT('',#3131);
#1130=VERTEX_POINT('',#3142);
#1131=VERTEX_POINT('',#3144);
#1132=VERTEX_POINT('',#3159);
#1133=VERTEX_POINT('',#3160);
#1134=VERTEX_POINT('',#3171);
#1135=VERTEX_POINT('',#3173);
#1136=VERTEX_POINT('',#3215);
#1137=VERTEX_POINT('',#3216);
#1138=VERTEX_POINT('',#3221);
#1139=VERTEX_POINT('',#3225);
#1140=VERTEX_POINT('',#3229);
#1141=VERTEX_POINT('',#3230);
#1142=VERTEX_POINT('',#3235);
#1143=VERTEX_POINT('',#3239);
#1144=VERTEX_POINT('',#3243);
#1145=VERTEX_POINT('',#3244);
#1146=VERTEX_POINT('',#3249);
#1147=VERTEX_POINT('',#3253);
#1148=VERTEX_POINT('',#3257);
#1149=VERTEX_POINT('',#3261);
#1150=VERTEX_POINT('',#3271);
#1151=VERTEX_POINT('',#3273);
#1152=VERTEX_POINT('',#3277);
#1153=VERTEX_POINT('',#3281);
#1154=VERTEX_POINT('',#3285);
#1155=VERTEX_POINT('',#3289);
#1156=VERTEX_POINT('',#3293);
#1157=VERTEX_POINT('',#3297);
#1158=VERTEX_POINT('',#3307);
#1159=VERTEX_POINT('',#3309);
#1160=VERTEX_POINT('',#3313);
#1161=VERTEX_POINT('',#3317);
#1162=VERTEX_POINT('',#3321);
#1163=VERTEX_POINT('',#3325);
#1164=VERTEX_POINT('',#3329);
#1165=VERTEX_POINT('',#3333);
#1166=VERTEX_POINT('',#3343);
#1167=VERTEX_POINT('',#3345);
#1168=VERTEX_POINT('',#3358);
#1169=VERTEX_POINT('',#3399);
#1170=VERTEX_POINT('',#3408);
#1171=VERTEX_POINT('',#3449);
#1172=VERTEX_POINT('',#3458);
#1173=VERTEX_POINT('',#3499);
#1174=VERTEX_POINT('',#3506);
#1175=VERTEX_POINT('',#3508);
#1176=VERTEX_POINT('',#3512);
#1177=VERTEX_POINT('',#3516);
#1178=VERTEX_POINT('',#3520);
#1179=VERTEX_POINT('',#3524);
#1180=VERTEX_POINT('',#3526);
#1181=VERTEX_POINT('',#3528);
#1182=VERTEX_POINT('',#3532);
#1183=VERTEX_POINT('',#3536);
#1184=VERTEX_POINT('',#3540);
#1185=VERTEX_POINT('',#3544);
#1186=VERTEX_POINT('',#3548);
#1187=VERTEX_POINT('',#3550);
#1188=VERTEX_POINT('',#3552);
#1189=VERTEX_POINT('',#3556);
#1190=VERTEX_POINT('',#3560);
#1191=VERTEX_POINT('',#3564);
#1192=VERTEX_POINT('',#3568);
#1193=VERTEX_POINT('',#3570);
#1194=VERTEX_POINT('',#3572);
#1195=VERTEX_POINT('',#3585);
#1196=VERTEX_POINT('',#3589);
#1197=VERTEX_POINT('',#3593);
#1198=VERTEX_POINT('',#3597);
#1199=VERTEX_POINT('',#3601);
#1200=VERTEX_POINT('',#3605);
#1201=VERTEX_POINT('',#3609);
#1202=VERTEX_POINT('',#3613);
#1203=VERTEX_POINT('',#3617);
#1204=VERTEX_POINT('',#3621);
#1205=VERTEX_POINT('',#3625);
#1206=VERTEX_POINT('',#3629);
#1207=VERTEX_POINT('',#4072);
#1208=VERTEX_POINT('',#4084);
#1209=VERTEX_POINT('',#4566);
#1210=VERTEX_POINT('',#4578);
#1211=VERTEX_POINT('',#4621);
#1212=VERTEX_POINT('',#5064);
#1213=VERTEX_POINT('',#5076);
#1214=VERTEX_POINT('',#5119);
#1215=VERTEX_POINT('',#5123);
#1216=VERTEX_POINT('',#5127);
#1217=VERTEX_POINT('',#5131);
#1218=VERTEX_POINT('',#5135);
#1219=LINE('',#2714,#1361);
#1220=LINE('',#2719,#1362);
#1221=LINE('',#2725,#1363);
#1222=LINE('',#2729,#1364);
#1223=LINE('',#2730,#1365);
#1224=LINE('',#2733,#1366);
#1225=LINE('',#2735,#1367);
#1226=LINE('',#2737,#1368);
#1227=LINE('',#2741,#1369);
#1228=LINE('',#2743,#1370);
#1229=LINE('',#2745,#1371);
#1230=LINE('',#2747,#1372);
#1231=LINE('',#2751,#1373);
#1232=LINE('',#2753,#1374);
#1233=LINE('',#2755,#1375);
#1234=LINE('',#2757,#1376);
#1235=LINE('',#2760,#1377);
#1236=LINE('',#2791,#1378);
#1237=LINE('',#2793,#1379);
#1238=LINE('',#2795,#1380);
#1239=LINE('',#2809,#1381);
#1240=LINE('',#2813,#1382);
#1241=LINE('',#2817,#1383);
#1242=LINE('',#2834,#1384);
#1243=LINE('',#2836,#1385);
#1244=LINE('',#2838,#1386);
#1245=LINE('',#2868,#1387);
#1246=LINE('',#2870,#1388);
#1247=LINE('',#2872,#1389);
#1248=LINE('',#2886,#1390);
#1249=LINE('',#2890,#1391);
#1250=LINE('',#2894,#1392);
#1251=LINE('',#2911,#1393);
#1252=LINE('',#2913,#1394);
#1253=LINE('',#2915,#1395);
#1254=LINE('',#2945,#1396);
#1255=LINE('',#2947,#1397);
#1256=LINE('',#2949,#1398);
#1257=LINE('',#2963,#1399);
#1258=LINE('',#2967,#1400);
#1259=LINE('',#2971,#1401);
#1260=LINE('',#2988,#1402);
#1261=LINE('',#2990,#1403);
#1262=LINE('',#2992,#1404);
#1263=LINE('',#3005,#1405);
#1264=LINE('',#3007,#1406);
#1265=LINE('',#3017,#1407);
#1266=LINE('',#3024,#1408);
#1267=LINE('',#3026,#1409);
#1268=LINE('',#3028,#1410);
#1269=LINE('',#3041,#1411);
#1270=LINE('',#3043,#1412);
#1271=LINE('',#3053,#1413);
#1272=LINE('',#3060,#1414);
#1273=LINE('',#3062,#1415);
#1274=LINE('',#3064,#1416);
#1275=LINE('',#3077,#1417);
#1276=LINE('',#3079,#1418);
#1277=LINE('',#3089,#1419);
#1278=LINE('',#3096,#1420);
#1279=LINE('',#3098,#1421);
#1280=LINE('',#3100,#1422);
#1281=LINE('',#3107,#1423);
#1282=LINE('',#3114,#1424);
#1283=LINE('',#3116,#1425);
#1284=LINE('',#3127,#1426);
#1285=LINE('',#3129,#1427);
#1286=LINE('',#3136,#1428);
#1287=LINE('',#3143,#1429);
#1288=LINE('',#3145,#1430);
#1289=LINE('',#3156,#1431);
#1290=LINE('',#3158,#1432);
#1291=LINE('',#3165,#1433);
#1292=LINE('',#3172,#1434);
#1293=LINE('',#3174,#1435);
#1294=LINE('',#3185,#1436);
#1295=LINE('',#3217,#1437);
#1296=LINE('',#3218,#1438);
#1297=LINE('',#3220,#1439);
#1298=LINE('',#3222,#1440);
#1299=LINE('',#3226,#1441);
#1300=LINE('',#3228,#1442);
#1301=LINE('',#3231,#1443);
#1302=LINE('',#3232,#1444);
#1303=LINE('',#3236,#1445);
#1304=LINE('',#3238,#1446);
#1305=LINE('',#3240,#1447);
#1306=LINE('',#3245,#1448);
#1307=LINE('',#3246,#1449);
#1308=LINE('',#3248,#1450);
#1309=LINE('',#3250,#1451);
#1310=LINE('',#3254,#1452);
#1311=LINE('',#3256,#1453);
#1312=LINE('',#3258,#1454);
#1313=LINE('',#3274,#1455);
#1314=LINE('',#3276,#1456);
#1315=LINE('',#3278,#1457);
#1316=LINE('',#3282,#1458);
#1317=LINE('',#3284,#1459);
#1318=LINE('',#3286,#1460);
#1319=LINE('',#3290,#1461);
#1320=LINE('',#3292,#1462);
#1321=LINE('',#3294,#1463);
#1322=LINE('',#3310,#1464);
#1323=LINE('',#3312,#1465);
#1324=LINE('',#3314,#1466);
#1325=LINE('',#3318,#1467);
#1326=LINE('',#3320,#1468);
#1327=LINE('',#3322,#1469);
#1328=LINE('',#3326,#1470);
#1329=LINE('',#3328,#1471);
#1330=LINE('',#3330,#1472);
#1331=LINE('',#3346,#1473);
#1332=LINE('',#3350,#1474);
#1333=LINE('',#3352,#1475);
#1334=LINE('',#3505,#1476);
#1335=LINE('',#3507,#1477);
#1336=LINE('',#3509,#1478);
#1337=LINE('',#3511,#1479);
#1338=LINE('',#3513,#1480);
#1339=LINE('',#3515,#1481);
#1340=LINE('',#3519,#1482);
#1341=LINE('',#3521,#1483);
#1342=LINE('',#3527,#1484);
#1343=LINE('',#3529,#1485);
#1344=LINE('',#3531,#1486);
#1345=LINE('',#3533,#1487);
#1346=LINE('',#3535,#1488);
#1347=LINE('',#3537,#1489);
#1348=LINE('',#3539,#1490);
#1349=LINE('',#3543,#1491);
#1350=LINE('',#3545,#1492);
#1351=LINE('',#3551,#1493);
#1352=LINE('',#3553,#1494);
#1353=LINE('',#3555,#1495);
#1354=LINE('',#3557,#1496);
#1355=LINE('',#3559,#1497);
#1356=LINE('',#3561,#1498);
#1357=LINE('',#3563,#1499);
#1358=LINE('',#3571,#1500);
#1359=LINE('',#3573,#1501);
#1360=LINE('',#3575,#1502);
#1361=VECTOR('',#2210,1.);
#1362=VECTOR('',#2213,1.);
#1363=VECTOR('',#2218,1.);
#1364=VECTOR('',#2221,1.);
#1365=VECTOR('',#2222,1.);
#1366=VECTOR('',#2223,1.);
#1367=VECTOR('',#2224,1.);
#1368=VECTOR('',#2225,1.);
#1369=VECTOR('',#2228,1.);
#1370=VECTOR('',#2229,1.);
#1371=VECTOR('',#2230,1.);
#1372=VECTOR('',#2231,1.);
#1373=VECTOR('',#2234,1.);
#1374=VECTOR('',#2235,1.);
#1375=VECTOR('',#2236,1.);
#1376=VECTOR('',#2237,1.);
#1377=VECTOR('',#2240,1.);
#1378=VECTOR('',#2241,1.);
#1379=VECTOR('',#2242,1.);
#1380=VECTOR('',#2243,1.);
#1381=VECTOR('',#2246,1.);
#1382=VECTOR('',#2249,1.);
#1383=VECTOR('',#2252,1.);
#1384=VECTOR('',#2255,1.);
#1385=VECTOR('',#2256,1.);
#1386=VECTOR('',#2257,1.);
#1387=VECTOR('',#2258,1.);
#1388=VECTOR('',#2259,1.);
#1389=VECTOR('',#2260,1.);
#1390=VECTOR('',#2263,1.);
#1391=VECTOR('',#2266,1.);
#1392=VECTOR('',#2269,1.);
#1393=VECTOR('',#2272,1.);
#1394=VECTOR('',#2273,1.);
#1395=VECTOR('',#2274,1.);
#1396=VECTOR('',#2275,1.);
#1397=VECTOR('',#2276,1.);
#1398=VECTOR('',#2277,1.);
#1399=VECTOR('',#2280,1.);
#1400=VECTOR('',#2283,1.);
#1401=VECTOR('',#2286,1.);
#1402=VECTOR('',#2289,1.);
#1403=VECTOR('',#2290,1.);
#1404=VECTOR('',#2293,1.);
#1405=VECTOR('',#2294,1.);
#1406=VECTOR('',#2295,1.);
#1407=VECTOR('',#2302,1.);
#1408=VECTOR('',#2305,1.);
#1409=VECTOR('',#2306,1.);
#1410=VECTOR('',#2309,1.);
#1411=VECTOR('',#2310,1.);
#1412=VECTOR('',#2311,1.);
#1413=VECTOR('',#2318,1.);
#1414=VECTOR('',#2321,1.);
#1415=VECTOR('',#2322,1.);
#1416=VECTOR('',#2325,1.);
#1417=VECTOR('',#2326,1.);
#1418=VECTOR('',#2327,1.);
#1419=VECTOR('',#2334,1.);
#1420=VECTOR('',#2337,1.);
#1421=VECTOR('',#2338,1.);
#1422=VECTOR('',#2341,1.);
#1423=VECTOR('',#2342,1.);
#1424=VECTOR('',#2345,1.);
#1425=VECTOR('',#2346,1.);
#1426=VECTOR('',#2349,1.);
#1427=VECTOR('',#2352,1.);
#1428=VECTOR('',#2353,1.);
#1429=VECTOR('',#2356,1.);
#1430=VECTOR('',#2357,1.);
#1431=VECTOR('',#2360,1.);
#1432=VECTOR('',#2363,1.);
#1433=VECTOR('',#2364,1.);
#1434=VECTOR('',#2367,1.);
#1435=VECTOR('',#2368,1.);
#1436=VECTOR('',#2371,1.);
#1437=VECTOR('',#2388,1.);
#1438=VECTOR('',#2389,1.);
#1439=VECTOR('',#2392,1.);
#1440=VECTOR('',#2393,1.);
#1441=VECTOR('',#2398,1.);
#1442=VECTOR('',#2401,1.);
#1443=VECTOR('',#2402,1.);
#1444=VECTOR('',#2403,1.);
#1445=VECTOR('',#2408,1.);
#1446=VECTOR('',#2411,1.);
#1447=VECTOR('',#2412,1.);
#1448=VECTOR('',#2417,1.);
#1449=VECTOR('',#2418,1.);
#1450=VECTOR('',#2421,1.);
#1451=VECTOR('',#2422,1.);
#1452=VECTOR('',#2427,1.);
#1453=VECTOR('',#2430,1.);
#1454=VECTOR('',#2431,1.);
#1455=VECTOR('',#2440,1.);
#1456=VECTOR('',#2443,1.);
#1457=VECTOR('',#2444,1.);
#1458=VECTOR('',#2449,1.);
#1459=VECTOR('',#2452,1.);
#1460=VECTOR('',#2453,1.);
#1461=VECTOR('',#2458,1.);
#1462=VECTOR('',#2461,1.);
#1463=VECTOR('',#2462,1.);
#1464=VECTOR('',#2471,1.);
#1465=VECTOR('',#2474,1.);
#1466=VECTOR('',#2475,1.);
#1467=VECTOR('',#2480,1.);
#1468=VECTOR('',#2483,1.);
#1469=VECTOR('',#2484,1.);
#1470=VECTOR('',#2489,1.);
#1471=VECTOR('',#2492,1.);
#1472=VECTOR('',#2493,1.);
#1473=VECTOR('',#2502,1.);
#1474=VECTOR('',#2509,1.);
#1475=VECTOR('',#2512,1.);
#1476=VECTOR('',#2517,1.);
#1477=VECTOR('',#2518,1.);
#1478=VECTOR('',#2519,1.);
#1479=VECTOR('',#2522,1.);
#1480=VECTOR('',#2523,1.);
#1481=VECTOR('',#2526,1.);
#1482=VECTOR('',#2531,1.);
#1483=VECTOR('',#2532,1.);
#1484=VECTOR('',#2539,1.);
#1485=VECTOR('',#2540,1.);
#1486=VECTOR('',#2543,1.);
#1487=VECTOR('',#2544,1.);
#1488=VECTOR('',#2547,1.);
#1489=VECTOR('',#2548,1.);
#1490=VECTOR('',#2551,1.);
#1491=VECTOR('',#2556,1.);
#1492=VECTOR('',#2557,1.);
#1493=VECTOR('',#2564,1.);
#1494=VECTOR('',#2565,1.);
#1495=VECTOR('',#2568,1.);
#1496=VECTOR('',#2569,1.);
#1497=VECTOR('',#2572,1.);
#1498=VECTOR('',#2573,1.);
#1499=VECTOR('',#2576,1.);
#1500=VECTOR('',#2585,1.);
#1501=VECTOR('',#2586,1.);
#1502=VECTOR('',#2589,1.);
#1503=EDGE_LOOP('',(#195,#196,#197,#198));
#1504=EDGE_LOOP('',(#199,#200,#201,#202));
#1505=EDGE_LOOP('',(#203,#204,#205,#206,#207,#208,#209,#210,#211,#212,#213,
#214,#215,#216,#217));
#1506=EDGE_LOOP('',(#218,#219,#220,#221,#222,#223,#224,#225,#226,#227,#228,
#229,#230,#231,#232,#233,#234,#235,#236,#237,#238,#239,#240,#241,#242,#243,
#244,#245,#246,#247,#248,#249,#250,#251,#252,#253,#254,#255,#256,#257,#258,
#259,#260,#261,#262,#263,#264,#265,#266,#267,#268,#269,#270,#271));
#1507=EDGE_LOOP('',(#272,#273,#274,#275));
#1508=EDGE_LOOP('',(#276));
#1509=EDGE_LOOP('',(#277));
#1510=EDGE_LOOP('',(#278,#279,#280,#281));
#1511=EDGE_LOOP('',(#282,#283,#284,#285));
#1512=EDGE_LOOP('',(#286,#287,#288,#289));
#1513=EDGE_LOOP('',(#290));
#1514=EDGE_LOOP('',(#291));
#1515=EDGE_LOOP('',(#292,#293,#294,#295));
#1516=EDGE_LOOP('',(#296,#297,#298,#299));
#1517=EDGE_LOOP('',(#300,#301,#302,#303));
#1518=EDGE_LOOP('',(#304));
#1519=EDGE_LOOP('',(#305));
#1520=EDGE_LOOP('',(#306,#307,#308,#309));
#1521=EDGE_LOOP('',(#310,#311,#312,#313));
#1522=EDGE_LOOP('',(#314,#315,#316,#317));
#1523=EDGE_LOOP('',(#318,#319,#320,#321));
#1524=EDGE_LOOP('',(#322,#323,#324,#325));
#1525=EDGE_LOOP('',(#326,#327,#328,#329));
#1526=EDGE_LOOP('',(#330,#331,#332,#333));
#1527=EDGE_LOOP('',(#334,#335,#336,#337));
#1528=EDGE_LOOP('',(#338,#339,#340,#341));
#1529=EDGE_LOOP('',(#342,#343,#344,#345));
#1530=EDGE_LOOP('',(#346,#347,#348,#349));
#1531=EDGE_LOOP('',(#350,#351,#352,#353));
#1532=EDGE_LOOP('',(#354,#355,#356,#357));
#1533=EDGE_LOOP('',(#358,#359,#360,#361));
#1534=EDGE_LOOP('',(#362,#363,#364,#365));
#1535=EDGE_LOOP('',(#366,#367,#368,#369));
#1536=EDGE_LOOP('',(#370,#371,#372,#373));
#1537=EDGE_LOOP('',(#374,#375,#376,#377));
#1538=EDGE_LOOP('',(#378,#379,#380,#381));
#1539=EDGE_LOOP('',(#382,#383,#384,#385));
#1540=EDGE_LOOP('',(#386,#387,#388,#389));
#1541=EDGE_LOOP('',(#390,#391,#392,#393));
#1542=EDGE_LOOP('',(#394,#395,#396,#397));
#1543=EDGE_LOOP('',(#398,#399,#400,#401));
#1544=EDGE_LOOP('',(#402,#403,#404,#405));
#1545=EDGE_LOOP('',(#406,#407,#408,#409));
#1546=EDGE_LOOP('',(#410,#411,#412,#413));
#1547=EDGE_LOOP('',(#414,#415,#416,#417));
#1548=EDGE_LOOP('',(#418,#419,#420,#421));
#1549=EDGE_LOOP('',(#422,#423,#424,#425));
#1550=EDGE_LOOP('',(#426,#427,#428,#429));
#1551=EDGE_LOOP('',(#430,#431,#432,#433));
#1552=EDGE_LOOP('',(#434,#435,#436,#437));
#1553=EDGE_LOOP('',(#438,#439,#440,#441));
#1554=EDGE_LOOP('',(#442,#443,#444,#445));
#1555=EDGE_LOOP('',(#446,#447,#448,#449));
#1556=EDGE_LOOP('',(#450,#451,#452,#453));
#1557=EDGE_LOOP('',(#454,#455,#456,#457));
#1558=EDGE_LOOP('',(#458,#459,#460,#461));
#1559=EDGE_LOOP('',(#462,#463,#464,#465));
#1560=EDGE_LOOP('',(#466,#467,#468,#469));
#1561=EDGE_LOOP('',(#470,#471,#472,#473));
#1562=EDGE_LOOP('',(#474,#475,#476,#477));
#1563=EDGE_LOOP('',(#478,#479,#480,#481,#482,#483,#484,#485,#486,#487,#488,
#489,#490,#491,#492,#493,#494,#495,#496,#497,#498,#499,#500,#501,#502,#503,
#504,#505,#506,#507));
#1564=EDGE_LOOP('',(#508,#509,#510,#511));
#1565=EDGE_LOOP('',(#512,#513,#514,#515));
#1566=EDGE_LOOP('',(#516,#517,#518,#519));
#1567=EDGE_LOOP('',(#520,#521,#522,#523));
#1568=EDGE_LOOP('',(#524,#525,#526,#527));
#1569=EDGE_LOOP('',(#528,#529,#530,#531));
#1570=EDGE_LOOP('',(#532));
#1571=EDGE_LOOP('',(#533));
#1572=EDGE_LOOP('',(#534,#535,#536,#537));
#1573=EDGE_LOOP('',(#538,#539,#540,#541));
#1574=EDGE_LOOP('',(#542,#543,#544,#545));
#1575=EDGE_LOOP('',(#546,#547,#548,#549));
#1576=EDGE_LOOP('',(#550,#551,#552,#553));
#1577=EDGE_LOOP('',(#554));
#1578=EDGE_LOOP('',(#555));
#1579=EDGE_LOOP('',(#556,#557,#558,#559));
#1580=EDGE_LOOP('',(#560,#561,#562,#563));
#1581=EDGE_LOOP('',(#564,#565,#566,#567));
#1582=EDGE_LOOP('',(#568,#569,#570,#571));
#1583=EDGE_LOOP('',(#572));
#1584=EDGE_LOOP('',(#573));
#1585=EDGE_LOOP('',(#574,#575,#576,#577));
#1586=EDGE_LOOP('',(#578,#579,#580,#581));
#1587=EDGE_LOOP('',(#582,#583,#584,#585,#586,#587,#588,#589,#590,#591,#592,
#593,#594,#595,#596));
#1588=EDGE_LOOP('',(#597,#598,#599,#600,#601));
#1589=EDGE_LOOP('',(#602,#603,#604,#605,#606));
#1590=EDGE_LOOP('',(#607,#608,#609,#610,#611));
#1591=EDGE_LOOP('',(#612,#613,#614,#615));
#1592=EDGE_LOOP('',(#616,#617,#618,#619));
#1593=EDGE_LOOP('',(#620,#621,#622,#623));
#1594=EDGE_LOOP('',(#624));
#1595=EDGE_LOOP('',(#625));
#1596=EDGE_LOOP('',(#626));
#1597=EDGE_LOOP('',(#627));
#1598=EDGE_LOOP('',(#628));
#1599=EDGE_LOOP('',(#629));
#1600=EDGE_LOOP('',(#630));
#1601=EDGE_LOOP('',(#631));
#1602=EDGE_LOOP('',(#632));
#1603=EDGE_LOOP('',(#633));
#1604=EDGE_LOOP('',(#634));
#1605=EDGE_LOOP('',(#635));
#1606=EDGE_LOOP('',(#636));
#1607=EDGE_LOOP('',(#637));
#1608=EDGE_LOOP('',(#638));
#1609=EDGE_LOOP('',(#639));
#1610=EDGE_LOOP('',(#640));
#1611=EDGE_LOOP('',(#641));
#1612=EDGE_LOOP('',(#642));
#1613=EDGE_LOOP('',(#643));
#1614=EDGE_LOOP('',(#644));
#1615=EDGE_LOOP('',(#645));
#1616=EDGE_LOOP('',(#646));
#1617=EDGE_LOOP('',(#647));
#1618=EDGE_LOOP('',(#648));
#1619=EDGE_LOOP('',(#649));
#1620=EDGE_LOOP('',(#650));
#1621=EDGE_LOOP('',(#651));
#1622=EDGE_LOOP('',(#652));
#1623=EDGE_LOOP('',(#653));
#1624=EDGE_LOOP('',(#654));
#1625=EDGE_LOOP('',(#655));
#1626=EDGE_LOOP('',(#656));
#1627=EDGE_LOOP('',(#657));
#1628=EDGE_LOOP('',(#658));
#1629=EDGE_LOOP('',(#659));
#1630=EDGE_LOOP('',(#660));
#1631=EDGE_LOOP('',(#661));
#1632=EDGE_LOOP('',(#662,#663,#664,#665,#666,#667,#668,#669,#670,#671,#672,
#673,#674));
#1633=EDGE_LOOP('',(#675,#676,#677,#678));
#1634=EDGE_LOOP('',(#679,#680,#681,#682));
#1635=EDGE_LOOP('',(#683));
#1636=EDGE_LOOP('',(#684));
#1637=EDGE_LOOP('',(#685,#686,#687,#688,#689,#690,#691,#692,#693,#694,#695,
#696,#697));
#1638=EDGE_LOOP('',(#698,#699,#700,#701));
#1639=EDGE_LOOP('',(#702,#703,#704,#705));
#1640=EDGE_LOOP('',(#706));
#1641=EDGE_LOOP('',(#707));
#1642=EDGE_LOOP('',(#708));
#1643=EDGE_LOOP('',(#709));
#1644=EDGE_LOOP('',(#710));
#1645=EDGE_LOOP('',(#711,#712,#713,#714,#715,#716,#717,#718,#719,#720,#721,
#722,#723));
#1646=EDGE_LOOP('',(#724,#725,#726,#727));
#1647=EDGE_LOOP('',(#728,#729,#730,#731));
#1648=EDGE_LOOP('',(#732));
#1649=EDGE_LOOP('',(#733));
#1650=EDGE_LOOP('',(#734));
#1651=EDGE_LOOP('',(#735));
#1652=EDGE_LOOP('',(#736));
#1653=EDGE_LOOP('',(#737));
#1654=EDGE_LOOP('',(#738));
#1655=EDGE_LOOP('',(#739));
#1656=EDGE_LOOP('',(#740));
#1657=EDGE_LOOP('',(#741));
#1658=EDGE_LOOP('',(#742));
#1659=EDGE_LOOP('',(#743));
#1660=EDGE_LOOP('',(#744));
#1661=EDGE_LOOP('',(#745));
#1662=EDGE_LOOP('',(#746));
#1663=FACE_BOUND('',#1503,.T.);
#1664=FACE_BOUND('',#1504,.T.);
#1665=FACE_BOUND('',#1505,.T.);
#1666=FACE_BOUND('',#1506,.T.);
#1667=FACE_BOUND('',#1507,.T.);
#1668=FACE_BOUND('',#1508,.T.);
#1669=FACE_BOUND('',#1509,.T.);
#1670=FACE_BOUND('',#1510,.T.);
#1671=FACE_BOUND('',#1511,.T.);
#1672=FACE_BOUND('',#1512,.T.);
#1673=FACE_BOUND('',#1513,.T.);
#1674=FACE_BOUND('',#1514,.T.);
#1675=FACE_BOUND('',#1515,.T.);
#1676=FACE_BOUND('',#1516,.T.);
#1677=FACE_BOUND('',#1517,.T.);
#1678=FACE_BOUND('',#1518,.T.);
#1679=FACE_BOUND('',#1519,.T.);
#1680=FACE_BOUND('',#1520,.T.);
#1681=FACE_BOUND('',#1521,.T.);
#1682=FACE_BOUND('',#1522,.T.);
#1683=FACE_BOUND('',#1523,.T.);
#1684=FACE_BOUND('',#1524,.T.);
#1685=FACE_BOUND('',#1525,.T.);
#1686=FACE_BOUND('',#1526,.T.);
#1687=FACE_BOUND('',#1527,.T.);
#1688=FACE_BOUND('',#1528,.T.);
#1689=FACE_BOUND('',#1529,.T.);
#1690=FACE_BOUND('',#1530,.T.);
#1691=FACE_BOUND('',#1531,.T.);
#1692=FACE_BOUND('',#1532,.T.);
#1693=FACE_BOUND('',#1533,.T.);
#1694=FACE_BOUND('',#1534,.T.);
#1695=FACE_BOUND('',#1535,.T.);
#1696=FACE_BOUND('',#1536,.T.);
#1697=FACE_BOUND('',#1537,.T.);
#1698=FACE_BOUND('',#1538,.T.);
#1699=FACE_BOUND('',#1539,.T.);
#1700=FACE_BOUND('',#1540,.T.);
#1701=FACE_BOUND('',#1541,.T.);
#1702=FACE_BOUND('',#1542,.T.);
#1703=FACE_BOUND('',#1543,.T.);
#1704=FACE_BOUND('',#1544,.T.);
#1705=FACE_BOUND('',#1545,.T.);
#1706=FACE_BOUND('',#1546,.T.);
#1707=FACE_BOUND('',#1547,.T.);
#1708=FACE_BOUND('',#1548,.T.);
#1709=FACE_BOUND('',#1549,.T.);
#1710=FACE_BOUND('',#1550,.T.);
#1711=FACE_BOUND('',#1551,.T.);
#1712=FACE_BOUND('',#1552,.T.);
#1713=FACE_BOUND('',#1553,.T.);
#1714=FACE_BOUND('',#1554,.T.);
#1715=FACE_BOUND('',#1555,.T.);
#1716=FACE_BOUND('',#1556,.T.);
#1717=FACE_BOUND('',#1557,.T.);
#1718=FACE_BOUND('',#1558,.T.);
#1719=FACE_BOUND('',#1559,.T.);
#1720=FACE_BOUND('',#1560,.T.);
#1721=FACE_BOUND('',#1561,.T.);
#1722=FACE_BOUND('',#1562,.T.);
#1723=FACE_BOUND('',#1563,.T.);
#1724=FACE_BOUND('',#1564,.T.);
#1725=FACE_BOUND('',#1565,.T.);
#1726=FACE_BOUND('',#1566,.T.);
#1727=FACE_BOUND('',#1567,.T.);
#1728=FACE_BOUND('',#1568,.T.);
#1729=FACE_BOUND('',#1569,.T.);
#1730=FACE_BOUND('',#1570,.T.);
#1731=FACE_BOUND('',#1571,.T.);
#1732=FACE_BOUND('',#1572,.T.);
#1733=FACE_BOUND('',#1573,.T.);
#1734=FACE_BOUND('',#1574,.T.);
#1735=FACE_BOUND('',#1575,.T.);
#1736=FACE_BOUND('',#1576,.T.);
#1737=FACE_BOUND('',#1577,.T.);
#1738=FACE_BOUND('',#1578,.T.);
#1739=FACE_BOUND('',#1579,.T.);
#1740=FACE_BOUND('',#1580,.T.);
#1741=FACE_BOUND('',#1581,.T.);
#1742=FACE_BOUND('',#1582,.T.);
#1743=FACE_BOUND('',#1583,.T.);
#1744=FACE_BOUND('',#1584,.T.);
#1745=FACE_BOUND('',#1585,.T.);
#1746=FACE_BOUND('',#1586,.T.);
#1747=FACE_BOUND('',#1587,.T.);
#1748=FACE_BOUND('',#1588,.T.);
#1749=FACE_BOUND('',#1589,.T.);
#1750=FACE_BOUND('',#1590,.T.);
#1751=FACE_BOUND('',#1591,.T.);
#1752=FACE_BOUND('',#1592,.T.);
#1753=FACE_BOUND('',#1593,.T.);
#1754=FACE_BOUND('',#1594,.T.);
#1755=FACE_BOUND('',#1595,.T.);
#1756=FACE_BOUND('',#1596,.T.);
#1757=FACE_BOUND('',#1597,.T.);
#1758=FACE_BOUND('',#1598,.T.);
#1759=FACE_BOUND('',#1599,.T.);
#1760=FACE_BOUND('',#1600,.T.);
#1761=FACE_BOUND('',#1601,.T.);
#1762=FACE_BOUND('',#1602,.T.);
#1763=FACE_BOUND('',#1603,.T.);
#1764=FACE_BOUND('',#1604,.T.);
#1765=FACE_BOUND('',#1605,.T.);
#1766=FACE_BOUND('',#1606,.T.);
#1767=FACE_BOUND('',#1607,.T.);
#1768=FACE_BOUND('',#1608,.T.);
#1769=FACE_BOUND('',#1609,.T.);
#1770=FACE_BOUND('',#1610,.T.);
#1771=FACE_BOUND('',#1611,.T.);
#1772=FACE_BOUND('',#1612,.T.);
#1773=FACE_BOUND('',#1613,.T.);
#1774=FACE_BOUND('',#1614,.T.);
#1775=FACE_BOUND('',#1615,.T.);
#1776=FACE_BOUND('',#1616,.T.);
#1777=FACE_BOUND('',#1617,.T.);
#1778=FACE_BOUND('',#1618,.T.);
#1779=FACE_BOUND('',#1619,.T.);
#1780=FACE_BOUND('',#1620,.T.);
#1781=FACE_BOUND('',#1621,.T.);
#1782=FACE_BOUND('',#1622,.T.);
#1783=FACE_BOUND('',#1623,.T.);
#1784=FACE_BOUND('',#1624,.T.);
#1785=FACE_BOUND('',#1625,.T.);
#1786=FACE_BOUND('',#1626,.T.);
#1787=FACE_BOUND('',#1627,.T.);
#1788=FACE_BOUND('',#1628,.T.);
#1789=FACE_BOUND('',#1629,.T.);
#1790=FACE_BOUND('',#1630,.T.);
#1791=FACE_BOUND('',#1631,.T.);
#1792=FACE_BOUND('',#1632,.T.);
#1793=FACE_BOUND('',#1633,.T.);
#1794=FACE_BOUND('',#1634,.T.);
#1795=FACE_BOUND('',#1635,.T.);
#1796=FACE_BOUND('',#1636,.T.);
#1797=FACE_BOUND('',#1637,.T.);
#1798=FACE_BOUND('',#1638,.T.);
#1799=FACE_BOUND('',#1639,.T.);
#1800=FACE_BOUND('',#1640,.T.);
#1801=FACE_BOUND('',#1641,.T.);
#1802=FACE_BOUND('',#1642,.T.);
#1803=FACE_BOUND('',#1643,.T.);
#1804=FACE_BOUND('',#1644,.T.);
#1805=FACE_BOUND('',#1645,.T.);
#1806=FACE_BOUND('',#1646,.T.);
#1807=FACE_BOUND('',#1647,.T.);
#1808=FACE_BOUND('',#1648,.T.);
#1809=FACE_BOUND('',#1649,.T.);
#1810=FACE_BOUND('',#1650,.T.);
#1811=FACE_BOUND('',#1651,.T.);
#1812=FACE_BOUND('',#1652,.T.);
#1813=FACE_BOUND('',#1653,.T.);
#1814=FACE_BOUND('',#1654,.T.);
#1815=FACE_BOUND('',#1655,.T.);
#1816=FACE_BOUND('',#1656,.T.);
#1817=FACE_BOUND('',#1657,.T.);
#1818=FACE_BOUND('',#1658,.T.);
#1819=FACE_BOUND('',#1659,.T.);
#1820=FACE_BOUND('',#1660,.T.);
#1821=FACE_BOUND('',#1661,.T.);
#1822=FACE_BOUND('',#1662,.T.);
#1823=PLANE('',#2025);
#1824=PLANE('',#2045);
#1825=PLANE('',#2046);
#1826=PLANE('',#2049);
#1827=PLANE('',#2050);
#1828=PLANE('',#2051);
#1829=PLANE('',#2054);
#1830=PLANE('',#2055);
#1831=PLANE('',#2056);
#1832=PLANE('',#2059);
#1833=PLANE('',#2060);
#1834=PLANE('',#2061);
#1835=PLANE('',#2062);
#1836=PLANE('',#2063);
#1837=PLANE('',#2064);
#1838=PLANE('',#2065);
#1839=PLANE('',#2066);
#1840=PLANE('',#2067);
#1841=PLANE('',#2068);
#1842=PLANE('',#2077);
#1843=PLANE('',#2080);
#1844=PLANE('',#2083);
#1845=PLANE('',#2086);
#1846=PLANE('',#2089);
#1847=PLANE('',#2094);
#1848=PLANE('',#2097);
#1849=PLANE('',#2100);
#1850=PLANE('',#2105);
#1851=PLANE('',#2108);
#1852=PLANE('',#2111);
#1853=PLANE('',#2118);
#1854=PLANE('',#2119);
#1855=PLANE('',#2120);
#1856=PLANE('',#2121);
#1857=PLANE('',#2122);
#1858=PLANE('',#2125);
#1859=PLANE('',#2126);
#1860=PLANE('',#2129);
#1861=PLANE('',#2130);
#1862=PLANE('',#2133);
#1863=PLANE('',#2134);
#1864=PLANE('',#2137);
#1865=PLANE('',#2138);
#1866=PLANE('',#2141);
#1867=PLANE('',#2144);
#1868=PLANE('',#2145);
#1869=PLANE('',#2146);
#1870=PLANE('',#2147);
#1871=PLANE('',#2148);
#1872=PLANE('',#2149);
#1873=PLANE('',#2150);
#1874=PLANE('',#2151);
#1875=PLANE('',#2154);
#1876=PLANE('',#2157);
#1877=PLANE('',#2160);
#1878=PLANE('',#2163);
#1879=PLANE('',#2166);
#1880=PLANE('',#2169);
#1881=PLANE('',#2172);
#1882=PLANE('',#2175);
#1883=PLANE('',#2178);
#1884=PLANE('',#2181);
#1885=PLANE('',#2184);
#1886=PLANE('',#2187);
#1887=PLANE('',#2188);
#1888=PLANE('',#2191);
#1889=PLANE('',#2194);
#1890=PLANE('',#2197);
#1891=PLANE('',#2200);
#1892=PLANE('',#2203);
#1893=ADVANCED_FACE('',(#1663,#1664,#1665,#1666),#1823,.T.);
#1894=ADVANCED_FACE('',(#1667),#1824,.T.);
#1895=ADVANCED_FACE('',(#1668,#1669,#1670),#1825,.F.);
#1896=ADVANCED_FACE('',(#1671),#1826,.T.);
#1897=ADVANCED_FACE('',(#1672),#1827,.T.);
#1898=ADVANCED_FACE('',(#1673,#1674,#1675),#1828,.F.);
#1899=ADVANCED_FACE('',(#1676),#1829,.T.);
#1900=ADVANCED_FACE('',(#1677),#1830,.T.);
#1901=ADVANCED_FACE('',(#1678,#1679,#1680),#1831,.F.);
#1902=ADVANCED_FACE('',(#1681),#1832,.T.);
#1903=ADVANCED_FACE('',(#1682),#1833,.T.);
#1904=ADVANCED_FACE('',(#1683),#1834,.T.);
#1905=ADVANCED_FACE('',(#1684),#1835,.T.);
#1906=ADVANCED_FACE('',(#1685),#1836,.T.);
#1907=ADVANCED_FACE('',(#1686),#1837,.T.);
#1908=ADVANCED_FACE('',(#1687),#1838,.T.);
#1909=ADVANCED_FACE('',(#1688),#1839,.T.);
#1910=ADVANCED_FACE('',(#1689),#1840,.T.);
#1911=ADVANCED_FACE('',(#1690),#1841,.T.);
#1912=ADVANCED_FACE('',(#1691),#30,.F.);
#1913=ADVANCED_FACE('',(#1692),#31,.F.);
#1914=ADVANCED_FACE('',(#1693),#32,.F.);
#1915=ADVANCED_FACE('',(#1694),#33,.F.);
#1916=ADVANCED_FACE('',(#1695),#1842,.F.);
#1917=ADVANCED_FACE('',(#1696),#34,.F.);
#1918=ADVANCED_FACE('',(#1697),#1843,.T.);
#1919=ADVANCED_FACE('',(#1698),#35,.F.);
#1920=ADVANCED_FACE('',(#1699),#1844,.T.);
#1921=ADVANCED_FACE('',(#1700),#36,.F.);
#1922=ADVANCED_FACE('',(#1701),#1845,.T.);
#1923=ADVANCED_FACE('',(#1702),#37,.F.);
#1924=ADVANCED_FACE('',(#1703),#1846,.T.);
#1925=ADVANCED_FACE('',(#1704),#38,.T.);
#1926=ADVANCED_FACE('',(#1705),#39,.T.);
#1927=ADVANCED_FACE('',(#1706),#1847,.T.);
#1928=ADVANCED_FACE('',(#1707),#40,.F.);
#1929=ADVANCED_FACE('',(#1708),#1848,.T.);
#1930=ADVANCED_FACE('',(#1709),#41,.F.);
#1931=ADVANCED_FACE('',(#1710),#1849,.T.);
#1932=ADVANCED_FACE('',(#1711),#42,.T.);
#1933=ADVANCED_FACE('',(#1712),#43,.T.);
#1934=ADVANCED_FACE('',(#1713),#1850,.T.);
#1935=ADVANCED_FACE('',(#1714),#44,.F.);
#1936=ADVANCED_FACE('',(#1715),#1851,.T.);
#1937=ADVANCED_FACE('',(#1716),#45,.F.);
#1938=ADVANCED_FACE('',(#1717),#1852,.T.);
#1939=ADVANCED_FACE('',(#1718),#46,.T.);
#1940=ADVANCED_FACE('',(#1719),#47,.T.);
#1941=ADVANCED_FACE('',(#1720),#48,.F.);
#1942=ADVANCED_FACE('',(#1721),#1853,.T.);
#1943=ADVANCED_FACE('',(#1722),#1854,.F.);
#1944=ADVANCED_FACE('',(#1723,#1724,#1725),#1855,.F.);
#1945=ADVANCED_FACE('',(#1726),#1856,.F.);
#1946=ADVANCED_FACE('',(#1727),#1857,.F.);
#1947=ADVANCED_FACE('',(#1728),#49,.F.);
#1948=ADVANCED_FACE('',(#1729),#1858,.T.);
#1949=ADVANCED_FACE('',(#1730,#1731,#1732),#1859,.T.);
#1950=ADVANCED_FACE('',(#1733),#1860,.F.);
#1951=ADVANCED_FACE('',(#1734),#1861,.F.);
#1952=ADVANCED_FACE('',(#1735),#50,.F.);
#1953=ADVANCED_FACE('',(#1736),#1862,.T.);
#1954=ADVANCED_FACE('',(#1737,#1738,#1739),#1863,.T.);
#1955=ADVANCED_FACE('',(#1740),#1864,.F.);
#1956=ADVANCED_FACE('',(#1741),#1865,.F.);
#1957=ADVANCED_FACE('',(#1742),#51,.F.);
#1958=ADVANCED_FACE('',(#1743,#1744,#1745),#1866,.F.);
#1959=ADVANCED_FACE('',(#1746),#1867,.T.);
#1960=ADVANCED_FACE('',(#1747),#1868,.T.);
#1961=ADVANCED_FACE('',(#1748),#1869,.T.);
#1962=ADVANCED_FACE('',(#1749),#1870,.T.);
#1963=ADVANCED_FACE('',(#1750),#1871,.T.);
#1964=ADVANCED_FACE('',(#1751),#1872,.T.);
#1965=ADVANCED_FACE('',(#1752),#1873,.T.);
#1966=ADVANCED_FACE('',(#1753),#1874,.T.);
#1967=ADVANCED_FACE('',(#1754,#1755),#52,.F.);
#1968=ADVANCED_FACE('',(#1756),#1875,.T.);
#1969=ADVANCED_FACE('',(#1757,#1758),#53,.F.);
#1970=ADVANCED_FACE('',(#1759),#1876,.T.);
#1971=ADVANCED_FACE('',(#1760,#1761),#54,.F.);
#1972=ADVANCED_FACE('',(#1762),#1877,.T.);
#1973=ADVANCED_FACE('',(#1763,#1764),#55,.F.);
#1974=ADVANCED_FACE('',(#1765),#1878,.T.);
#1975=ADVANCED_FACE('',(#1766,#1767),#56,.F.);
#1976=ADVANCED_FACE('',(#1768),#1879,.T.);
#1977=ADVANCED_FACE('',(#1769,#1770),#57,.F.);
#1978=ADVANCED_FACE('',(#1771),#1880,.T.);
#1979=ADVANCED_FACE('',(#1772,#1773),#58,.F.);
#1980=ADVANCED_FACE('',(#1774),#1881,.T.);
#1981=ADVANCED_FACE('',(#1775,#1776),#59,.F.);
#1982=ADVANCED_FACE('',(#1777),#1882,.T.);
#1983=ADVANCED_FACE('',(#1778,#1779),#60,.F.);
#1984=ADVANCED_FACE('',(#1780),#1883,.T.);
#1985=ADVANCED_FACE('',(#1781,#1782),#61,.F.);
#1986=ADVANCED_FACE('',(#1783),#1884,.T.);
#1987=ADVANCED_FACE('',(#1784,#1785),#62,.F.);
#1988=ADVANCED_FACE('',(#1786),#1885,.T.);
#1989=ADVANCED_FACE('',(#1787,#1788),#63,.F.);
#1990=ADVANCED_FACE('',(#1789),#1886,.T.);
#1991=ADVANCED_FACE('',(#1790,#1791,#1792),#12,.T.);
#1992=ADVANCED_FACE('',(#1793),#13,.F.);
#1993=ADVANCED_FACE('',(#1794),#14,.T.);
#1994=ADVANCED_FACE('',(#1795,#1796,#1797),#15,.T.);
#1995=ADVANCED_FACE('',(#1798),#16,.F.);
#1996=ADVANCED_FACE('',(#1799),#17,.T.);
#1997=ADVANCED_FACE('',(#1800),#1887,.T.);
#1998=ADVANCED_FACE('',(#1801,#1802),#64,.F.);
#1999=ADVANCED_FACE('',(#1803,#1804,#1805),#18,.T.);
#2000=ADVANCED_FACE('',(#1806),#19,.F.);
#2001=ADVANCED_FACE('',(#1807),#20,.T.);
#2002=ADVANCED_FACE('',(#1808),#1888,.T.);
#2003=ADVANCED_FACE('',(#1809,#1810),#65,.F.);
#2004=ADVANCED_FACE('',(#1811),#1889,.T.);
#2005=ADVANCED_FACE('',(#1812,#1813),#66,.F.);
#2006=ADVANCED_FACE('',(#1814),#1890,.T.);
#2007=ADVANCED_FACE('',(#1815,#1816),#67,.F.);
#2008=ADVANCED_FACE('',(#1817),#1891,.T.);
#2009=ADVANCED_FACE('',(#1818,#1819),#68,.F.);
#2010=ADVANCED_FACE('',(#1820),#1892,.T.);
#2011=ADVANCED_FACE('',(#1821,#1822),#69,.F.);
#2012=CLOSED_SHELL('',(#1893,#1894,#1895,#1896,#1897,#1898,#1899,#1900,
#1901,#1902,#1903,#1904,#1905,#1906,#1907,#1908,#1909,#1910,#1911,#1912,
#1913,#1914,#1915,#1916,#1917,#1918,#1919,#1920,#1921,#1922,#1923,#1924,
#1925,#1926,#1927,#1928,#1929,#1930,#1931,#1932,#1933,#1934,#1935,#1936,
#1937,#1938,#1939,#1940,#1941,#1942,#1943,#1944,#1945,#1946,#1947,#1948,
#1949,#1950,#1951,#1952,#1953,#1954,#1955,#1956,#1957,#1958,#1959,#1960,
#1961,#1962,#1963,#1964,#1965,#1966,#1967,#1968,#1969,#1970,#1971,#1972,
#1973,#1974,#1975,#1976,#1977,#1978,#1979,#1980,#1981,#1982,#1983,#1984,
#1985,#1986,#1987,#1988,#1989,#1990,#1991,#1992,#1993,#1994,#1995,#1996,
#1997,#1998,#1999,#2000,#2001,#2002,#2003,#2004,#2005,#2006,#2007,#2008,
#2009,#2010,#2011));
#2013=STYLED_ITEM('',(#2014),#2021);
#2014=PRESENTATION_STYLE_ASSIGNMENT((#2015));
#2015=SURFACE_STYLE_USAGE(.BOTH.,#2016);
#2016=SURFACE_SIDE_STYLE('',(#2017));
#2017=SURFACE_STYLE_FILL_AREA(#2018);
#2018=FILL_AREA_STYLE('',(#2019));
#2019=FILL_AREA_STYLE_COLOUR('',#2020);
#2020=COLOUR_RGB('',0.231372549019608,0.380392156862745,0.705882352941177);
#2021=MANIFOLD_SOLID_BREP('Base',#2012);
#2022=SHAPE_DEFINITION_REPRESENTATION(#5143,#2023);
#2023=SHAPE_REPRESENTATION('Base',(#2024),#5138);
#2024=AXIS2_PLACEMENT_3D('',#2712,#2206,#2207);
#2025=AXIS2_PLACEMENT_3D('',#2713,#2208,#2209);
#2026=AXIS2_PLACEMENT_3D('',#2717,#2211,#2212);
#2027=AXIS2_PLACEMENT_3D('',#2721,#2214,#2215);
#2028=AXIS2_PLACEMENT_3D('',#2722,#2216,#2217);
#2029=AXIS2_PLACEMENT_3D('',#2727,#2219,#2220);
#2030=AXIS2_PLACEMENT_3D('',#2739,#2226,#2227);
#2031=AXIS2_PLACEMENT_3D('',#2749,#2232,#2233);
#2032=AXIS2_PLACEMENT_3D('',#2759,#2238,#2239);
#2033=AXIS2_PLACEMENT_3D('',#2807,#2244,#2245);
#2034=AXIS2_PLACEMENT_3D('',#2811,#2247,#2248);
#2035=AXIS2_PLACEMENT_3D('',#2815,#2250,#2251);
#2036=AXIS2_PLACEMENT_3D('',#2819,#2253,#2254);
#2037=AXIS2_PLACEMENT_3D('',#2884,#2261,#2262);
#2038=AXIS2_PLACEMENT_3D('',#2888,#2264,#2265);
#2039=AXIS2_PLACEMENT_3D('',#2892,#2267,#2268);
#2040=AXIS2_PLACEMENT_3D('',#2896,#2270,#2271);
#2041=AXIS2_PLACEMENT_3D('',#2961,#2278,#2279);
#2042=AXIS2_PLACEMENT_3D('',#2965,#2281,#2282);
#2043=AXIS2_PLACEMENT_3D('',#2969,#2284,#2285);
#2044=AXIS2_PLACEMENT_3D('',#2973,#2287,#2288);
#2045=AXIS2_PLACEMENT_3D('',#2991,#2291,#2292);
#2046=AXIS2_PLACEMENT_3D('',#3008,#2296,#2297);
#2047=AXIS2_PLACEMENT_3D('',#3009,#2298,#2299);
#2048=AXIS2_PLACEMENT_3D('',#3011,#2300,#2301);
#2049=AXIS2_PLACEMENT_3D('',#3018,#2303,#2304);
#2050=AXIS2_PLACEMENT_3D('',#3027,#2307,#2308);
#2051=AXIS2_PLACEMENT_3D('',#3044,#2312,#2313);
#2052=AXIS2_PLACEMENT_3D('',#3045,#2314,#2315);
#2053=AXIS2_PLACEMENT_3D('',#3047,#2316,#2317);
#2054=AXIS2_PLACEMENT_3D('',#3054,#2319,#2320);
#2055=AXIS2_PLACEMENT_3D('',#3063,#2323,#2324);
#2056=AXIS2_PLACEMENT_3D('',#3080,#2328,#2329);
#2057=AXIS2_PLACEMENT_3D('',#3081,#2330,#2331);
#2058=AXIS2_PLACEMENT_3D('',#3083,#2332,#2333);
#2059=AXIS2_PLACEMENT_3D('',#3090,#2335,#2336);
#2060=AXIS2_PLACEMENT_3D('',#3099,#2339,#2340);
#2061=AXIS2_PLACEMENT_3D('',#3108,#2343,#2344);
#2062=AXIS2_PLACEMENT_3D('',#3117,#2347,#2348);
#2063=AXIS2_PLACEMENT_3D('',#3128,#2350,#2351);
#2064=AXIS2_PLACEMENT_3D('',#3137,#2354,#2355);
#2065=AXIS2_PLACEMENT_3D('',#3146,#2358,#2359);
#2066=AXIS2_PLACEMENT_3D('',#3157,#2361,#2362);
#2067=AXIS2_PLACEMENT_3D('',#3166,#2365,#2366);
#2068=AXIS2_PLACEMENT_3D('',#3175,#2369,#2370);
#2069=AXIS2_PLACEMENT_3D('',#3186,#2372,#2373);
#2070=AXIS2_PLACEMENT_3D('',#3194,#2374,#2375);
#2071=AXIS2_PLACEMENT_3D('',#3195,#2376,#2377);
#2072=AXIS2_PLACEMENT_3D('',#3203,#2378,#2379);
#2073=AXIS2_PLACEMENT_3D('',#3204,#2380,#2381);
#2074=AXIS2_PLACEMENT_3D('',#3212,#2382,#2383);
#2075=AXIS2_PLACEMENT_3D('',#3213,#2384,#2385);
#2076=AXIS2_PLACEMENT_3D('',#3214,#2386,#2387);
#2077=AXIS2_PLACEMENT_3D('',#3219,#2390,#2391);
#2078=AXIS2_PLACEMENT_3D('',#3223,#2394,#2395);
#2079=AXIS2_PLACEMENT_3D('',#3224,#2396,#2397);
#2080=AXIS2_PLACEMENT_3D('',#3227,#2399,#2400);
#2081=AXIS2_PLACEMENT_3D('',#3233,#2404,#2405);
#2082=AXIS2_PLACEMENT_3D('',#3234,#2406,#2407);
#2083=AXIS2_PLACEMENT_3D('',#3237,#2409,#2410);
#2084=AXIS2_PLACEMENT_3D('',#3241,#2413,#2414);
#2085=AXIS2_PLACEMENT_3D('',#3242,#2415,#2416);
#2086=AXIS2_PLACEMENT_3D('',#3247,#2419,#2420);
#2087=AXIS2_PLACEMENT_3D('',#3251,#2423,#2424);
#2088=AXIS2_PLACEMENT_3D('',#3252,#2425,#2426);
#2089=AXIS2_PLACEMENT_3D('',#3255,#2428,#2429);
#2090=AXIS2_PLACEMENT_3D('',#3259,#2432,#2433);
#2091=AXIS2_PLACEMENT_3D('',#3260,#2434,#2435);
#2092=AXIS2_PLACEMENT_3D('',#3266,#2436,#2437);
#2093=AXIS2_PLACEMENT_3D('',#3272,#2438,#2439);
#2094=AXIS2_PLACEMENT_3D('',#3275,#2441,#2442);
#2095=AXIS2_PLACEMENT_3D('',#3279,#2445,#2446);
#2096=AXIS2_PLACEMENT_3D('',#3280,#2447,#2448);
#2097=AXIS2_PLACEMENT_3D('',#3283,#2450,#2451);
#2098=AXIS2_PLACEMENT_3D('',#3287,#2454,#2455);
#2099=AXIS2_PLACEMENT_3D('',#3288,#2456,#2457);
#2100=AXIS2_PLACEMENT_3D('',#3291,#2459,#2460);
#2101=AXIS2_PLACEMENT_3D('',#3295,#2463,#2464);
#2102=AXIS2_PLACEMENT_3D('',#3296,#2465,#2466);
#2103=AXIS2_PLACEMENT_3D('',#3302,#2467,#2468);
#2104=AXIS2_PLACEMENT_3D('',#3308,#2469,#2470);
#2105=AXIS2_PLACEMENT_3D('',#3311,#2472,#2473);
#2106=AXIS2_PLACEMENT_3D('',#3315,#2476,#2477);
#2107=AXIS2_PLACEMENT_3D('',#3316,#2478,#2479);
#2108=AXIS2_PLACEMENT_3D('',#3319,#2481,#2482);
#2109=AXIS2_PLACEMENT_3D('',#3323,#2485,#2486);
#2110=AXIS2_PLACEMENT_3D('',#3324,#2487,#2488);
#2111=AXIS2_PLACEMENT_3D('',#3327,#2490,#2491);
#2112=AXIS2_PLACEMENT_3D('',#3331,#2494,#2495);
#2113=AXIS2_PLACEMENT_3D('',#3332,#2496,#2497);
#2114=AXIS2_PLACEMENT_3D('',#3338,#2498,#2499);
#2115=AXIS2_PLACEMENT_3D('',#3344,#2500,#2501);
#2116=AXIS2_PLACEMENT_3D('',#3347,#2503,#2504);
#2117=AXIS2_PLACEMENT_3D('',#3348,#2505,#2506);
#2118=AXIS2_PLACEMENT_3D('',#3349,#2507,#2508);
#2119=AXIS2_PLACEMENT_3D('',#3351,#2510,#2511);
#2120=AXIS2_PLACEMENT_3D('',#3353,#2513,#2514);
#2121=AXIS2_PLACEMENT_3D('',#3504,#2515,#2516);
#2122=AXIS2_PLACEMENT_3D('',#3510,#2520,#2521);
#2123=AXIS2_PLACEMENT_3D('',#3514,#2524,#2525);
#2124=AXIS2_PLACEMENT_3D('',#3517,#2527,#2528);
#2125=AXIS2_PLACEMENT_3D('',#3518,#2529,#2530);
#2126=AXIS2_PLACEMENT_3D('',#3522,#2533,#2534);
#2127=AXIS2_PLACEMENT_3D('',#3523,#2535,#2536);
#2128=AXIS2_PLACEMENT_3D('',#3525,#2537,#2538);
#2129=AXIS2_PLACEMENT_3D('',#3530,#2541,#2542);
#2130=AXIS2_PLACEMENT_3D('',#3534,#2545,#2546);
#2131=AXIS2_PLACEMENT_3D('',#3538,#2549,#2550);
#2132=AXIS2_PLACEMENT_3D('',#3541,#2552,#2553);
#2133=AXIS2_PLACEMENT_3D('',#3542,#2554,#2555);
#2134=AXIS2_PLACEMENT_3D('',#3546,#2558,#2559);
#2135=AXIS2_PLACEMENT_3D('',#3547,#2560,#2561);
#2136=AXIS2_PLACEMENT_3D('',#3549,#2562,#2563);
#2137=AXIS2_PLACEMENT_3D('',#3554,#2566,#2567);
#2138=AXIS2_PLACEMENT_3D('',#3558,#2570,#2571);
#2139=AXIS2_PLACEMENT_3D('',#3562,#2574,#2575);
#2140=AXIS2_PLACEMENT_3D('',#3565,#2577,#2578);
#2141=AXIS2_PLACEMENT_3D('',#3566,#2579,#2580);
#2142=AXIS2_PLACEMENT_3D('',#3567,#2581,#2582);
#2143=AXIS2_PLACEMENT_3D('',#3569,#2583,#2584);
#2144=AXIS2_PLACEMENT_3D('',#3574,#2587,#2588);
#2145=AXIS2_PLACEMENT_3D('',#3576,#2590,#2591);
#2146=AXIS2_PLACEMENT_3D('',#3577,#2592,#2593);
#2147=AXIS2_PLACEMENT_3D('',#3578,#2594,#2595);
#2148=AXIS2_PLACEMENT_3D('',#3579,#2596,#2597);
#2149=AXIS2_PLACEMENT_3D('',#3580,#2598,#2599);
#2150=AXIS2_PLACEMENT_3D('',#3581,#2600,#2601);
#2151=AXIS2_PLACEMENT_3D('',#3582,#2602,#2603);
#2152=AXIS2_PLACEMENT_3D('',#3583,#2604,#2605);
#2153=AXIS2_PLACEMENT_3D('',#3584,#2606,#2607);
#2154=AXIS2_PLACEMENT_3D('',#3586,#2608,#2609);
#2155=AXIS2_PLACEMENT_3D('',#3587,#2610,#2611);
#2156=AXIS2_PLACEMENT_3D('',#3588,#2612,#2613);
#2157=AXIS2_PLACEMENT_3D('',#3590,#2614,#2615);
#2158=AXIS2_PLACEMENT_3D('',#3591,#2616,#2617);
#2159=AXIS2_PLACEMENT_3D('',#3592,#2618,#2619);
#2160=AXIS2_PLACEMENT_3D('',#3594,#2620,#2621);
#2161=AXIS2_PLACEMENT_3D('',#3595,#2622,#2623);
#2162=AXIS2_PLACEMENT_3D('',#3596,#2624,#2625);
#2163=AXIS2_PLACEMENT_3D('',#3598,#2626,#2627);
#2164=AXIS2_PLACEMENT_3D('',#3599,#2628,#2629);
#2165=AXIS2_PLACEMENT_3D('',#3600,#2630,#2631);
#2166=AXIS2_PLACEMENT_3D('',#3602,#2632,#2633);
#2167=AXIS2_PLACEMENT_3D('',#3603,#2634,#2635);
#2168=AXIS2_PLACEMENT_3D('',#3604,#2636,#2637);
#2169=AXIS2_PLACEMENT_3D('',#3606,#2638,#2639);
#2170=AXIS2_PLACEMENT_3D('',#3607,#2640,#2641);
#2171=AXIS2_PLACEMENT_3D('',#3608,#2642,#2643);
#2172=AXIS2_PLACEMENT_3D('',#3610,#2644,#2645);
#2173=AXIS2_PLACEMENT_3D('',#3611,#2646,#2647);
#2174=AXIS2_PLACEMENT_3D('',#3612,#2648,#2649);
#2175=AXIS2_PLACEMENT_3D('',#3614,#2650,#2651);
#2176=AXIS2_PLACEMENT_3D('',#3615,#2652,#2653);
#2177=AXIS2_PLACEMENT_3D('',#3616,#2654,#2655);
#2178=AXIS2_PLACEMENT_3D('',#3618,#2656,#2657);
#2179=AXIS2_PLACEMENT_3D('',#3619,#2658,#2659);
#2180=AXIS2_PLACEMENT_3D('',#3620,#2660,#2661);
#2181=AXIS2_PLACEMENT_3D('',#3622,#2662,#2663);
#2182=AXIS2_PLACEMENT_3D('',#3623,#2664,#2665);
#2183=AXIS2_PLACEMENT_3D('',#3624,#2666,#2667);
#2184=AXIS2_PLACEMENT_3D('',#3626,#2668,#2669);
#2185=AXIS2_PLACEMENT_3D('',#3627,#2670,#2671);
#2186=AXIS2_PLACEMENT_3D('',#3628,#2672,#2673);
#2187=AXIS2_PLACEMENT_3D('',#3630,#2674,#2675);
#2188=AXIS2_PLACEMENT_3D('',#4619,#2676,#2677);
#2189=AXIS2_PLACEMENT_3D('',#4620,#2678,#2679);
#2190=AXIS2_PLACEMENT_3D('',#4622,#2680,#2681);
#2191=AXIS2_PLACEMENT_3D('',#5117,#2682,#2683);
#2192=AXIS2_PLACEMENT_3D('',#5118,#2684,#2685);
#2193=AXIS2_PLACEMENT_3D('',#5120,#2686,#2687);
#2194=AXIS2_PLACEMENT_3D('',#5121,#2688,#2689);
#2195=AXIS2_PLACEMENT_3D('',#5122,#2690,#2691);
#2196=AXIS2_PLACEMENT_3D('',#5124,#2692,#2693);
#2197=AXIS2_PLACEMENT_3D('',#5125,#2694,#2695);
#2198=AXIS2_PLACEMENT_3D('',#5126,#2696,#2697);
#2199=AXIS2_PLACEMENT_3D('',#5128,#2698,#2699);
#2200=AXIS2_PLACEMENT_3D('',#5129,#2700,#2701);
#2201=AXIS2_PLACEMENT_3D('',#5130,#2702,#2703);
#2202=AXIS2_PLACEMENT_3D('',#5132,#2704,#2705);
#2203=AXIS2_PLACEMENT_3D('',#5133,#2706,#2707);
#2204=AXIS2_PLACEMENT_3D('',#5134,#2708,#2709);
#2205=AXIS2_PLACEMENT_3D('',#5136,#2710,#2711);
#2206=DIRECTION('',(0.,0.,1.));
#2207=DIRECTION('',(1.,0.,0.));
#2208=DIRECTION('',(0.,-1.,0.));
#2209=DIRECTION('',(0.5,0.,0.866025403784439));
#2210=DIRECTION('',(-1.22124532708767E-15,0.,1.));
#2211=DIRECTION('',(0.,1.,0.));
#2212=DIRECTION('',(0.866025403784439,0.,-0.5));
#2213=DIRECTION('',(9.43689570931383E-16,0.,-1.));
#2214=DIRECTION('',(0.,-1.,0.));
#2215=DIRECTION('',(0.866025403784439,0.,-0.5));
#2216=DIRECTION('',(0.,-1.,0.));
#2217=DIRECTION('',(0.866025403784439,0.,-0.5));
#2218=DIRECTION('',(1.11022302462516E-16,0.,1.));
#2219=DIRECTION('',(0.,1.,0.));
#2220=DIRECTION('',(0.866025403784439,0.,-0.5));
#2221=DIRECTION('',(4.9960036108132E-16,0.,-1.));
#2222=DIRECTION('',(-0.866025403784439,0.,-0.5));
#2223=DIRECTION('',(-3.33066907387547E-16,0.,1.));
#2224=DIRECTION('',(0.146548661089462,0.,0.989203462353871));
#2225=DIRECTION('',(-1.,0.,-4.9960036108132E-16));
#2226=DIRECTION('',(0.,-1.,0.));
#2227=DIRECTION('',(0.866025403784439,0.,-0.5));
#2228=DIRECTION('',(-2.77555756156289E-16,0.,1.));
#2229=DIRECTION('',(0.866025403784439,0.,-0.5));
#2230=DIRECTION('',(-0.783400997365245,0.,0.621516594571006));
#2231=DIRECTION('',(0.5,0.,0.866025403784439));
#2232=DIRECTION('',(0.,-1.,0.));
#2233=DIRECTION('',(0.866025403784439,0.,-0.5));
#2234=DIRECTION('',(0.866025403784439,0.,-0.5));
#2235=DIRECTION('',(-0.866025403784439,0.,-0.5));
#2236=DIRECTION('',(0.929949658454707,0.,0.367686867782865));
#2237=DIRECTION('',(0.5,0.,-0.866025403784438));
#2238=DIRECTION('',(0.,-1.,0.));
#2239=DIRECTION('',(0.866025403784439,0.,-0.5));
#2240=DIRECTION('',(-0.0871557427476586,0.,0.996194698091746));
#2241=DIRECTION('',(0.965925826289068,0.,0.258819045102521));
#2242=DIRECTION('',(0.5,0.,-0.866025403784438));
#2243=DIRECTION('',(-0.707106781186549,0.,-0.707106781186546));
#2244=DIRECTION('',(0.,-1.,0.));
#2245=DIRECTION('',(0.866025403784439,0.,-0.5));
#2246=DIRECTION('',(-0.866025403784438,0.,-0.5));
#2247=DIRECTION('',(0.,-1.,0.));
#2248=DIRECTION('',(0.866025403784439,0.,-0.5));
#2249=DIRECTION('',(-0.5,0.,0.866025403784438));
#2250=DIRECTION('',(0.,-1.,0.));
#2251=DIRECTION('',(0.866025403784439,0.,-0.5));
#2252=DIRECTION('',(0.866025403784438,0.,0.5));
#2253=DIRECTION('',(0.,-1.,0.));
#2254=DIRECTION('',(0.866025403784439,0.,-0.5));
#2255=DIRECTION('',(-0.866025403784438,0.,-0.5));
#2256=DIRECTION('',(0.5,0.,-0.866025403784438));
#2257=DIRECTION('',(-0.819152044288991,0.,-0.573576436351047));
#2258=DIRECTION('',(-0.707106781186548,0.,0.707106781186547));
#2259=DIRECTION('',(0.5,0.,0.866025403784439));
#2260=DIRECTION('',(0.965925826289068,0.,-0.258819045102524));
#2261=DIRECTION('',(0.,-1.,0.));
#2262=DIRECTION('',(0.866025403784439,0.,-0.5));
#2263=DIRECTION('',(0.866025403784439,0.,-0.5));
#2264=DIRECTION('',(0.,-1.,0.));
#2265=DIRECTION('',(0.866025403784439,0.,-0.5));
#2266=DIRECTION('',(-0.5,0.,-0.866025403784439));
#2267=DIRECTION('',(0.,-1.,0.));
#2268=DIRECTION('',(0.866025403784439,0.,-0.5));
#2269=DIRECTION('',(-0.866025403784439,0.,0.5));
#2270=DIRECTION('',(0.,-1.,0.));
#2271=DIRECTION('',(0.866025403784439,0.,-0.5));
#2272=DIRECTION('',(0.866025403784439,0.,-0.5));
#2273=DIRECTION('',(0.5,0.,0.866025403784439));
#2274=DIRECTION('',(0.906307787036651,0.,-0.422618261740698));
#2275=DIRECTION('',(-0.25881904510252,0.,-0.965925826289068));
#2276=DIRECTION('',(-1.,0.,-4.9960036108132E-16));
#2277=DIRECTION('',(-0.258819045102518,0.,0.965925826289069));
#2278=DIRECTION('',(0.,-1.,0.));
#2279=DIRECTION('',(0.866025403784439,0.,-0.5));
#2280=DIRECTION('',(-4.44089209850063E-16,0.,1.));
#2281=DIRECTION('',(0.,-1.,0.));
#2282=DIRECTION('',(0.866025403784439,0.,-0.5));
#2283=DIRECTION('',(1.,0.,8.88178419700125E-16));
#2284=DIRECTION('',(0.,-1.,0.));
#2285=DIRECTION('',(0.866025403784439,0.,-0.5));
#2286=DIRECTION('',(7.21644966006352E-16,0.,-1.));
#2287=DIRECTION('',(0.,-1.,0.));
#2288=DIRECTION('',(0.866025403784439,0.,-0.5));
#2289=DIRECTION('',(-7.7715611723761E-16,0.,1.));
#2290=DIRECTION('',(-1.,0.,-4.44089209850063E-16));
#2291=DIRECTION('',(0.,-1.,0.));
#2292=DIRECTION('',(0.866025403784439,0.,-0.5));
#2293=DIRECTION('',(0.866025403784439,0.,-0.5));
#2294=DIRECTION('',(0.906307787036651,0.,-0.422618261740698));
#2295=DIRECTION('',(0.5,0.,0.866025403784439));
#2296=DIRECTION('',(0.5,0.,0.866025403784439));
#2297=DIRECTION('',(0.866025403784439,0.,-0.5));
#2298=DIRECTION('',(0.5,0.,0.866025403784439));
#2299=DIRECTION('',(0.866025403784439,0.,-0.5));
#2300=DIRECTION('',(0.5,0.,0.866025403784439));
#2301=DIRECTION('',(0.866025403784439,0.,-0.5));
#2302=DIRECTION('',(0.,1.,0.));
#2303=DIRECTION('',(0.422618261740698,0.,0.906307787036651));
#2304=DIRECTION('',(0.906307787036651,0.,-0.422618261740698));
#2305=DIRECTION('',(0.906307787036651,0.,-0.422618261740698));
#2306=DIRECTION('',(0.,1.,0.));
#2307=DIRECTION('',(0.,-1.,0.));
#2308=DIRECTION('',(0.866025403784439,0.,-0.5));
#2309=DIRECTION('',(-7.7715611723761E-16,0.,1.));
#2310=DIRECTION('',(-0.0871557427476586,0.,0.996194698091746));
#2311=DIRECTION('',(-1.,0.,-3.88578058618805E-16));
#2312=DIRECTION('',(-1.,0.,-7.7715611723761E-16));
#2313=DIRECTION('',(-7.7715611723761E-16,0.,1.));
#2314=DIRECTION('',(-1.,0.,-7.7715611723761E-16));
#2315=DIRECTION('',(-7.7715611723761E-16,0.,1.));
#2316=DIRECTION('',(-1.,0.,-7.7715611723761E-16));
#2317=DIRECTION('',(-7.7715611723761E-16,0.,1.));
#2318=DIRECTION('',(0.,1.,0.));
#2319=DIRECTION('',(-0.996194698091746,0.,-0.0871557427476587));
#2320=DIRECTION('',(-0.0871557427476586,0.,0.996194698091746));
#2321=DIRECTION('',(-0.0871557427476586,0.,0.996194698091746));
#2322=DIRECTION('',(0.,1.,0.));
#2323=DIRECTION('',(0.,-1.,0.));
#2324=DIRECTION('',(0.866025403784439,0.,-0.5));
#2325=DIRECTION('',(-0.866025403784438,0.,-0.5));
#2326=DIRECTION('',(-0.819152044288991,0.,-0.573576436351047));
#2327=DIRECTION('',(0.5,0.,-0.866025403784438));
#2328=DIRECTION('',(0.5,0.,-0.866025403784438));
#2329=DIRECTION('',(-0.866025403784438,0.,-0.5));
#2330=DIRECTION('',(0.5,0.,-0.866025403784438));
#2331=DIRECTION('',(-0.866025403784438,0.,-0.5));
#2332=DIRECTION('',(0.5,0.,-0.866025403784438));
#2333=DIRECTION('',(-0.866025403784438,0.,-0.5));
#2334=DIRECTION('',(0.,1.,0.));
#2335=DIRECTION('',(0.573576436351047,0.,-0.819152044288991));
#2336=DIRECTION('',(-0.819152044288991,0.,-0.573576436351047));
#2337=DIRECTION('',(-0.819152044288991,0.,-0.573576436351047));
#2338=DIRECTION('',(0.,1.,0.));
#2339=DIRECTION('',(0.707106781186546,0.,-0.707106781186549));
#2340=DIRECTION('',(-0.707106781186549,0.,-0.707106781186546));
#2341=DIRECTION('',(-0.707106781186549,0.,-0.707106781186546));
#2342=DIRECTION('',(0.,1.,0.));
#2343=DIRECTION('',(-0.258819045102521,0.,0.965925826289068));
#2344=DIRECTION('',(0.965925826289068,0.,0.258819045102521));
#2345=DIRECTION('',(0.965925826289068,0.,0.258819045102521));
#2346=DIRECTION('',(0.,1.,0.));
#2347=DIRECTION('',(0.,-1.,0.));
#2348=DIRECTION('',(0.5,0.,0.866025403784439));
#2349=DIRECTION('',(0.5,0.,-0.866025403784438));
#2350=DIRECTION('',(-0.965925826289069,0.,-0.258819045102518));
#2351=DIRECTION('',(-0.258819045102518,0.,0.965925826289069));
#2352=DIRECTION('',(-0.258819045102518,0.,0.965925826289069));
#2353=DIRECTION('',(0.,1.,0.));
#2354=DIRECTION('',(0.965925826289068,0.,-0.25881904510252));
#2355=DIRECTION('',(-0.25881904510252,0.,-0.965925826289068));
#2356=DIRECTION('',(-0.25881904510252,0.,-0.965925826289068));
#2357=DIRECTION('',(0.,1.,0.));
#2358=DIRECTION('',(0.,-1.,0.));
#2359=DIRECTION('',(0.5,0.,0.866025403784439));
#2360=DIRECTION('',(-1.,0.,-4.9960036108132E-16));
#2361=DIRECTION('',(0.258819045102524,0.,0.965925826289068));
#2362=DIRECTION('',(0.965925826289068,0.,-0.258819045102524));
#2363=DIRECTION('',(0.965925826289068,0.,-0.258819045102524));
#2364=DIRECTION('',(0.,1.,0.));
#2365=DIRECTION('',(-0.707106781186547,0.,-0.707106781186548));
#2366=DIRECTION('',(-0.707106781186548,0.,0.707106781186547));
#2367=DIRECTION('',(-0.707106781186548,0.,0.707106781186547));
#2368=DIRECTION('',(0.,1.,0.));
#2369=DIRECTION('',(0.,-1.,0.));
#2370=DIRECTION('',(0.5,0.,0.866025403784439));
#2371=DIRECTION('',(0.5,0.,0.866025403784439));
#2372=DIRECTION('',(0.819152044288991,0.,0.573576436351047));
#2373=DIRECTION('',(0.573576436351047,0.,-0.819152044288991));
#2374=DIRECTION('',(0.866025403784438,0.,0.5));
#2375=DIRECTION('',(-0.5,0.,0.866025403784438));
#2376=DIRECTION('',(0.0871557427476586,0.,-0.996194698091746));
#2377=DIRECTION('',(-0.996194698091746,0.,-0.0871557427476587));
#2378=DIRECTION('',(3.88578058618805E-16,0.,-1.));
#2379=DIRECTION('',(1.,0.,3.88578058618805E-16));
#2380=DIRECTION('',(-0.906307787036651,0.,0.422618261740698));
#2381=DIRECTION('',(0.422618261740698,0.,0.906307787036651));
#2382=DIRECTION('',(-0.866025403784439,0.,0.5));
#2383=DIRECTION('',(-0.5,0.,-0.866025403784439));
#2384=DIRECTION('',(0.,1.,0.));
#2385=DIRECTION('',(-0.866025403784439,0.,0.5));
#2386=DIRECTION('',(0.,-1.,0.));
#2387=DIRECTION('',(0.866025403784439,0.,-0.5));
#2388=DIRECTION('',(0.,1.,0.));
#2389=DIRECTION('',(0.,1.,0.));
#2390=DIRECTION('',(-1.,0.,1.11022302462516E-16));
#2391=DIRECTION('',(1.11022302462516E-16,0.,1.));
#2392=DIRECTION('',(1.11022302462516E-16,0.,1.));
#2393=DIRECTION('',(0.,1.,0.));
#2394=DIRECTION('',(0.,1.,0.));
#2395=DIRECTION('',(-0.866025403784439,0.,0.5));
#2396=DIRECTION('',(0.,1.,0.));
#2397=DIRECTION('',(0.866025403784439,0.,-0.5));
#2398=DIRECTION('',(0.,1.,0.));
#2399=DIRECTION('',(-1.,0.,-1.22124532708767E-15));
#2400=DIRECTION('',(-1.22124532708767E-15,0.,1.));
#2401=DIRECTION('',(-1.22124532708767E-15,0.,1.));
#2402=DIRECTION('',(0.,1.,0.));
#2403=DIRECTION('',(0.,1.,0.));
#2404=DIRECTION('',(0.,1.,0.));
#2405=DIRECTION('',(-0.866025403784439,0.,0.5));
#2406=DIRECTION('',(0.,1.,0.));
#2407=DIRECTION('',(0.866025403784439,0.,-0.5));
#2408=DIRECTION('',(0.,1.,0.));
#2409=DIRECTION('',(1.,0.,9.43689570931383E-16));
#2410=DIRECTION('',(9.43689570931383E-16,0.,-1.));
#2411=DIRECTION('',(9.43689570931383E-16,0.,-1.));
#2412=DIRECTION('',(0.,1.,0.));
#2413=DIRECTION('',(0.,1.,0.));
#2414=DIRECTION('',(-0.866025403784439,0.,0.5));
#2415=DIRECTION('',(0.,-1.,0.));
#2416=DIRECTION('',(0.866025403784439,0.,-0.5));
#2417=DIRECTION('',(0.,1.,0.));
#2418=DIRECTION('',(0.,1.,0.));
#2419=DIRECTION('',(0.866025403784439,0.,-0.5));
#2420=DIRECTION('',(-0.5,0.,-0.866025403784439));
#2421=DIRECTION('',(-0.5,0.,-0.866025403784439));
#2422=DIRECTION('',(0.,1.,0.));
#2423=DIRECTION('',(0.,1.,0.));
#2424=DIRECTION('',(-0.866025403784439,0.,0.5));
#2425=DIRECTION('',(0.,-1.,0.));
#2426=DIRECTION('',(0.866025403784439,0.,-0.5));
#2427=DIRECTION('',(0.,1.,0.));
#2428=DIRECTION('',(-0.5,0.,-0.866025403784439));
#2429=DIRECTION('',(-0.866025403784439,0.,0.5));
#2430=DIRECTION('',(-0.866025403784439,0.,0.5));
#2431=DIRECTION('',(0.,1.,0.));
#2432=DIRECTION('',(0.,1.,0.));
#2433=DIRECTION('',(-0.866025403784439,0.,0.5));
#2434=DIRECTION('',(0.,-1.,0.));
#2435=DIRECTION('',(0.866025403784439,0.,-0.5));
#2436=DIRECTION('',(0.,1.,0.));
#2437=DIRECTION('',(-0.866025403784439,0.,0.5));
#2438=DIRECTION('',(0.,-1.,0.));
#2439=DIRECTION('',(0.866025403784439,0.,-0.5));
#2440=DIRECTION('',(0.,1.,0.));
#2441=DIRECTION('',(-1.,0.,-4.44089209850063E-16));
#2442=DIRECTION('',(-4.44089209850063E-16,0.,1.));
#2443=DIRECTION('',(-4.44089209850063E-16,0.,1.));
#2444=DIRECTION('',(0.,1.,0.));
#2445=DIRECTION('',(0.,1.,0.));
#2446=DIRECTION('',(-0.866025403784439,0.,0.5));
#2447=DIRECTION('',(0.,-1.,0.));
#2448=DIRECTION('',(0.866025403784439,0.,-0.5));
#2449=DIRECTION('',(0.,1.,0.));
#2450=DIRECTION('',(-8.88178419700125E-16,0.,1.));
#2451=DIRECTION('',(1.,0.,8.88178419700125E-16));
#2452=DIRECTION('',(1.,0.,8.88178419700125E-16));
#2453=DIRECTION('',(0.,1.,0.));
#2454=DIRECTION('',(0.,1.,0.));
#2455=DIRECTION('',(-0.866025403784439,0.,0.5));
#2456=DIRECTION('',(0.,-1.,0.));
#2457=DIRECTION('',(0.866025403784439,0.,-0.5));
#2458=DIRECTION('',(0.,1.,0.));
#2459=DIRECTION('',(1.,0.,7.21644966006352E-16));
#2460=DIRECTION('',(7.21644966006352E-16,0.,-1.));
#2461=DIRECTION('',(7.21644966006352E-16,0.,-1.));
#2462=DIRECTION('',(0.,1.,0.));
#2463=DIRECTION('',(0.,1.,0.));
#2464=DIRECTION('',(-0.866025403784439,0.,0.5));
#2465=DIRECTION('',(0.,-1.,0.));
#2466=DIRECTION('',(0.866025403784439,0.,-0.5));
#2467=DIRECTION('',(0.,1.,0.));
#2468=DIRECTION('',(-0.866025403784439,0.,0.5));
#2469=DIRECTION('',(0.,-1.,0.));
#2470=DIRECTION('',(0.866025403784439,0.,-0.5));
#2471=DIRECTION('',(0.,1.,0.));
#2472=DIRECTION('',(0.5,0.,-0.866025403784438));
#2473=DIRECTION('',(-0.866025403784438,0.,-0.5));
#2474=DIRECTION('',(-0.866025403784438,0.,-0.5));
#2475=DIRECTION('',(0.,1.,0.));
#2476=DIRECTION('',(0.,1.,0.));
#2477=DIRECTION('',(-0.866025403784439,0.,0.5));
#2478=DIRECTION('',(0.,-1.,0.));
#2479=DIRECTION('',(0.866025403784439,0.,-0.5));
#2480=DIRECTION('',(0.,1.,0.));
#2481=DIRECTION('',(-0.866025403784438,0.,-0.5));
#2482=DIRECTION('',(-0.5,0.,0.866025403784438));
#2483=DIRECTION('',(-0.5,0.,0.866025403784438));
#2484=DIRECTION('',(0.,1.,0.));
#2485=DIRECTION('',(0.,1.,0.));
#2486=DIRECTION('',(-0.866025403784439,0.,0.5));
#2487=DIRECTION('',(0.,-1.,0.));
#2488=DIRECTION('',(0.866025403784439,0.,-0.5));
#2489=DIRECTION('',(0.,1.,0.));
#2490=DIRECTION('',(-0.5,0.,0.866025403784438));
#2491=DIRECTION('',(0.866025403784438,0.,0.5));
#2492=DIRECTION('',(0.866025403784438,0.,0.5));
#2493=DIRECTION('',(0.,1.,0.));
#2494=DIRECTION('',(0.,1.,0.));
#2495=DIRECTION('',(-0.866025403784439,0.,0.5));
#2496=DIRECTION('',(0.,-1.,0.));
#2497=DIRECTION('',(0.866025403784439,0.,-0.5));
#2498=DIRECTION('',(0.,1.,0.));
#2499=DIRECTION('',(-0.866025403784439,0.,0.5));
#2500=DIRECTION('',(0.,-1.,0.));
#2501=DIRECTION('',(0.866025403784439,0.,-0.5));
#2502=DIRECTION('',(0.,1.,0.));
#2503=DIRECTION('',(0.,1.,0.));
#2504=DIRECTION('',(-0.866025403784439,0.,0.5));
#2505=DIRECTION('',(0.,-1.,0.));
#2506=DIRECTION('',(0.866025403784439,0.,-0.5));
#2507=DIRECTION('',(0.5,0.,0.866025403784439));
#2508=DIRECTION('',(0.866025403784439,0.,-0.5));
#2509=DIRECTION('',(0.866025403784439,0.,-0.5));
#2510=DIRECTION('',(1.,0.,4.44089209850063E-16));
#2511=DIRECTION('',(4.44089209850063E-16,0.,-1.));
#2512=DIRECTION('',(4.9960036108132E-16,0.,-1.));
#2513=DIRECTION('',(0.,-1.,0.));
#2514=DIRECTION('',(0.5,0.,0.866025403784439));
#2515=DIRECTION('',(1.,0.,3.88578058618805E-16));
#2516=DIRECTION('',(3.33066907387547E-16,0.,-1.));
#2517=DIRECTION('',(0.,1.,0.));
#2518=DIRECTION('',(3.33066907387547E-16,0.,-1.));
#2519=DIRECTION('',(0.,1.,0.));
#2520=DIRECTION('',(-0.5,0.,0.866025403784439));
#2521=DIRECTION('',(0.866025403784439,0.,0.5));
#2522=DIRECTION('',(0.,1.,0.));
#2523=DIRECTION('',(0.866025403784439,0.,0.5));
#2524=DIRECTION('',(0.,1.,0.));
#2525=DIRECTION('',(-0.866025403784439,0.,0.5));
#2526=DIRECTION('',(0.,1.,0.));
#2527=DIRECTION('',(0.,-1.,0.));
#2528=DIRECTION('',(0.866025403784439,0.,-0.5));
#2529=DIRECTION('',(-0.866025403784438,0.,-0.5));
#2530=DIRECTION('',(-0.5,0.,0.866025403784438));
#2531=DIRECTION('',(0.,1.,0.));
#2532=DIRECTION('',(-0.5,0.,0.866025403784438));
#2533=DIRECTION('',(0.367686867782865,0.,-0.929949658454706));
#2534=DIRECTION('',(-0.929949658454707,0.,-0.367686867782865));
#2535=DIRECTION('',(0.367686867782865,0.,-0.929949658454706));
#2536=DIRECTION('',(0.929949658454707,0.,0.367686867782865));
#2537=DIRECTION('',(0.367686867782865,0.,-0.929949658454706));
#2538=DIRECTION('',(0.929949658454707,0.,0.367686867782865));
#2539=DIRECTION('',(0.,1.,0.));
#2540=DIRECTION('',(-0.929949658454707,0.,-0.367686867782865));
#2541=DIRECTION('',(-0.5,0.,0.866025403784438));
#2542=DIRECTION('',(0.866025403784439,0.,0.5));
#2543=DIRECTION('',(0.,1.,0.));
#2544=DIRECTION('',(0.866025403784439,0.,0.5));
#2545=DIRECTION('',(-0.5,0.,-0.866025403784439));
#2546=DIRECTION('',(-0.866025403784439,0.,0.5));
#2547=DIRECTION('',(0.,1.,0.));
#2548=DIRECTION('',(-0.866025403784439,0.,0.5));
#2549=DIRECTION('',(0.,1.,0.));
#2550=DIRECTION('',(-0.866025403784439,0.,0.5));
#2551=DIRECTION('',(0.,1.,0.));
#2552=DIRECTION('',(0.,-1.,0.));
#2553=DIRECTION('',(0.866025403784439,0.,-0.5));
#2554=DIRECTION('',(0.866025403784439,0.,-0.5));
#2555=DIRECTION('',(-0.5,0.,-0.866025403784439));
#2556=DIRECTION('',(0.,1.,0.));
#2557=DIRECTION('',(-0.5,0.,-0.866025403784439));
#2558=DIRECTION('',(0.621516594571006,0.,0.783400997365245));
#2559=DIRECTION('',(0.783400997365245,0.,-0.621516594571006));
#2560=DIRECTION('',(0.621516594571006,0.,0.783400997365245));
#2561=DIRECTION('',(-0.783400997365245,0.,0.621516594571006));
#2562=DIRECTION('',(0.621516594571006,0.,0.783400997365245));
#2563=DIRECTION('',(-0.783400997365245,0.,0.621516594571006));
#2564=DIRECTION('',(0.,1.,0.));
#2565=DIRECTION('',(0.783400997365245,0.,-0.621516594571006));
#2566=DIRECTION('',(-0.5,0.,-0.866025403784439));
#2567=DIRECTION('',(-0.866025403784439,0.,0.5));
#2568=DIRECTION('',(0.,1.,0.));
#2569=DIRECTION('',(-0.866025403784439,0.,0.5));
#2570=DIRECTION('',(1.,0.,2.77555756156289E-16));
#2571=DIRECTION('',(2.77555756156289E-16,0.,-1.));
#2572=DIRECTION('',(0.,1.,0.));
#2573=DIRECTION('',(2.77555756156289E-16,0.,-1.));
#2574=DIRECTION('',(0.,1.,0.));
#2575=DIRECTION('',(-0.866025403784439,0.,0.5));
#2576=DIRECTION('',(0.,1.,0.));
#2577=DIRECTION('',(0.,-1.,0.));
#2578=DIRECTION('',(0.866025403784439,0.,-0.5));
#2579=DIRECTION('',(0.989203462353871,0.,-0.146548661089462));
#2580=DIRECTION('',(-0.146548661089462,0.,-0.989203462353871));
#2581=DIRECTION('',(0.989203462353871,0.,-0.146548661089462));
#2582=DIRECTION('',(-0.146548661089462,0.,-0.989203462353871));
#2583=DIRECTION('',(0.989203462353871,0.,-0.146548661089462));
#2584=DIRECTION('',(-0.146548661089462,0.,-0.989203462353871));
#2585=DIRECTION('',(-0.146548661089462,0.,-0.989203462353871));
#2586=DIRECTION('',(0.,1.,0.));
#2587=DIRECTION('',(-4.9960036108132E-16,0.,1.));
#2588=DIRECTION('',(1.,0.,4.9960036108132E-16));
#2589=DIRECTION('',(1.,0.,4.9960036108132E-16));
#2590=DIRECTION('',(0.,-1.,0.));
#2591=DIRECTION('',(0.866025403784439,0.,-0.5));
#2592=DIRECTION('',(-0.866025403784439,0.,0.5));
#2593=DIRECTION('',(0.5,0.,0.866025403784439));
#2594=DIRECTION('',(3.88578058618805E-16,0.,-1.));
#2595=DIRECTION('',(-1.,0.,-3.88578058618805E-16));
#2596=DIRECTION('',(0.866025403784438,0.,0.5));
#2597=DIRECTION('',(0.5,0.,-0.866025403784438));
#2598=DIRECTION('',(0.866025403784438,0.,0.5));
#2599=DIRECTION('',(0.5,0.,-0.866025403784439));
#2600=DIRECTION('',(5.55111512312578E-16,0.,-1.));
#2601=DIRECTION('',(-1.,0.,-4.9960036108132E-16));
#2602=DIRECTION('',(-0.866025403784439,0.,0.5));
#2603=DIRECTION('',(0.5,0.,0.866025403784439));
#2604=DIRECTION('',(-0.5,0.,-0.866025403784439));
#2605=DIRECTION('',(-0.866025403784439,0.,0.5));
#2606=DIRECTION('',(-0.5,0.,-0.866025403784439));
#2607=DIRECTION('',(-0.866025403784439,0.,0.5));
#2608=DIRECTION('',(-0.5,0.,-0.866025403784439));
#2609=DIRECTION('',(0.,-1.,0.));
#2610=DIRECTION('',(-0.5,0.,-0.866025403784439));
#2611=DIRECTION('',(-0.866025403784439,0.,0.5));
#2612=DIRECTION('',(-0.5,0.,-0.866025403784439));
#2613=DIRECTION('',(-0.866025403784439,0.,0.5));
#2614=DIRECTION('',(-0.5,0.,-0.866025403784439));
#2615=DIRECTION('',(0.,-1.,0.));
#2616=DIRECTION('',(0.5,0.,0.866025403784439));
#2617=DIRECTION('',(0.866025403784439,0.,-0.5));
#2618=DIRECTION('',(0.5,0.,0.866025403784439));
#2619=DIRECTION('',(0.866025403784439,0.,-0.5));
#2620=DIRECTION('',(0.5,0.,0.866025403784439));
#2621=DIRECTION('',(0.,1.,0.));
#2622=DIRECTION('',(0.5,0.,0.866025403784439));
#2623=DIRECTION('',(0.866025403784439,0.,-0.5));
#2624=DIRECTION('',(0.5,0.,0.866025403784439));
#2625=DIRECTION('',(0.866025403784439,0.,-0.5));
#2626=DIRECTION('',(0.5,0.,0.866025403784439));
#2627=DIRECTION('',(0.,1.,0.));
#2628=DIRECTION('',(-0.5,0.,0.866025403784439));
#2629=DIRECTION('',(0.866025403784439,0.,0.5));
#2630=DIRECTION('',(-0.5,0.,0.866025403784439));
#2631=DIRECTION('',(0.866025403784439,0.,0.5));
#2632=DIRECTION('',(-0.5,0.,0.866025403784439));
#2633=DIRECTION('',(0.,-1.,0.));
#2634=DIRECTION('',(-0.5,0.,0.866025403784439));
#2635=DIRECTION('',(0.866025403784439,0.,0.5));
#2636=DIRECTION('',(-0.5,0.,0.866025403784439));
#2637=DIRECTION('',(0.866025403784439,0.,0.5));
#2638=DIRECTION('',(-0.5,0.,0.866025403784439));
#2639=DIRECTION('',(0.,-1.,0.));
#2640=DIRECTION('',(0.5,0.,-0.866025403784439));
#2641=DIRECTION('',(-0.866025403784439,0.,-0.5));
#2642=DIRECTION('',(0.5,0.,-0.866025403784439));
#2643=DIRECTION('',(-0.866025403784439,0.,-0.5));
#2644=DIRECTION('',(0.5,0.,-0.866025403784439));
#2645=DIRECTION('',(0.,1.,0.));
#2646=DIRECTION('',(0.5,0.,-0.866025403784439));
#2647=DIRECTION('',(-0.866025403784439,0.,-0.5));
#2648=DIRECTION('',(0.5,0.,-0.866025403784439));
#2649=DIRECTION('',(-0.866025403784439,0.,-0.5));
#2650=DIRECTION('',(0.5,0.,-0.866025403784439));
#2651=DIRECTION('',(0.,1.,0.));
#2652=DIRECTION('',(1.,0.,2.77555756156289E-16));
#2653=DIRECTION('',(2.77555756156289E-16,0.,-1.));
#2654=DIRECTION('',(1.,0.,3.88578058618805E-16));
#2655=DIRECTION('',(3.88578058618805E-16,0.,-1.));
#2656=DIRECTION('',(1.,0.,3.88578058618805E-16));
#2657=DIRECTION('',(0.,-1.,0.));
#2658=DIRECTION('',(1.,0.,2.77555756156289E-16));
#2659=DIRECTION('',(2.77555756156289E-16,0.,-1.));
#2660=DIRECTION('',(1.,0.,3.88578058618805E-16));
#2661=DIRECTION('',(3.88578058618805E-16,0.,-1.));
#2662=DIRECTION('',(1.,0.,3.88578058618805E-16));
#2663=DIRECTION('',(0.,-1.,0.));
#2664=DIRECTION('',(-1.,0.,-2.77555756156289E-16));
#2665=DIRECTION('',(-2.77555756156289E-16,0.,1.));
#2666=DIRECTION('',(-1.,0.,-3.88578058618805E-16));
#2667=DIRECTION('',(-3.88578058618805E-16,0.,1.));
#2668=DIRECTION('',(-1.,0.,-3.88578058618805E-16));
#2669=DIRECTION('',(0.,1.,0.));
#2670=DIRECTION('',(-1.,0.,-2.77555756156289E-16));
#2671=DIRECTION('',(-2.77555756156289E-16,0.,1.));
#2672=DIRECTION('',(-1.,0.,-3.88578058618805E-16));
#2673=DIRECTION('',(-3.88578058618805E-16,0.,1.));
#2674=DIRECTION('',(-1.,0.,-3.88578058618805E-16));
#2675=DIRECTION('',(0.,1.,0.));
#2676=DIRECTION('',(-0.866025403784439,0.,-0.5));
#2677=DIRECTION('',(0.5,0.,-0.866025403784439));
#2678=DIRECTION('',(-0.866025403784439,0.,-0.5));
#2679=DIRECTION('',(-0.5,0.,0.866025403784439));
#2680=DIRECTION('',(-0.866025403784439,0.,-0.5));
#2681=DIRECTION('',(-0.5,0.,0.866025403784439));
#2682=DIRECTION('',(0.866025403784439,0.,-0.5));
#2683=DIRECTION('',(0.5,0.,0.866025403784439));
#2684=DIRECTION('',(0.866025403784439,0.,-0.5));
#2685=DIRECTION('',(-0.5,0.,-0.866025403784439));
#2686=DIRECTION('',(0.866025403784439,0.,-0.5));
#2687=DIRECTION('',(-0.5,0.,-0.866025403784439));
#2688=DIRECTION('',(0.866025403784439,0.,-0.5));
#2689=DIRECTION('',(0.5,0.,0.866025403784439));
#2690=DIRECTION('',(0.866025403784439,0.,-0.5));
#2691=DIRECTION('',(-0.5,0.,-0.866025403784439));
#2692=DIRECTION('',(0.866025403784439,0.,-0.5));
#2693=DIRECTION('',(-0.5,0.,-0.866025403784439));
#2694=DIRECTION('',(-3.88578058618805E-16,0.,1.));
#2695=DIRECTION('',(-1.,0.,-3.88578058618805E-16));
#2696=DIRECTION('',(-3.88578058618805E-16,0.,1.));
#2697=DIRECTION('',(1.,0.,3.88578058618805E-16));
#2698=DIRECTION('',(-2.77555756156289E-16,0.,1.));
#2699=DIRECTION('',(1.,0.,2.77555756156289E-16));
#2700=DIRECTION('',(-3.88578058618805E-16,0.,1.));
#2701=DIRECTION('',(-1.,0.,-3.88578058618805E-16));
#2702=DIRECTION('',(-3.88578058618805E-16,0.,1.));
#2703=DIRECTION('',(1.,0.,3.88578058618805E-16));
#2704=DIRECTION('',(-2.77555756156289E-16,0.,1.));
#2705=DIRECTION('',(1.,0.,2.77555756156289E-16));
#2706=DIRECTION('',(-0.866025403784439,0.,-0.5));
#2707=DIRECTION('',(0.5,0.,-0.866025403784439));
#2708=DIRECTION('',(-0.866025403784439,0.,-0.5));
#2709=DIRECTION('',(-0.5,0.,0.866025403784439));
#2710=DIRECTION('',(-0.866025403784439,0.,-0.5));
#2711=DIRECTION('',(-0.5,0.,0.866025403784439));
#2712=CARTESIAN_POINT('',(0.,0.,0.));
#2713=CARTESIAN_POINT('',(-0.0138775778573537,-0.004,0.00653666993492941));
#2714=CARTESIAN_POINT('',(0.0557989865640095,-0.004,0.0355));
#2715=CARTESIAN_POINT('',(0.0557989865640095,-0.004,0.0315));
#2716=CARTESIAN_POINT('',(0.0557989865640095,-0.004,0.0395));
#2717=CARTESIAN_POINT('',(0.0532989865640096,-0.004,0.0271698729810778));
#2718=CARTESIAN_POINT('',(0.0507989865640095,-0.004,0.0315));
#2719=CARTESIAN_POINT('',(0.0507989865640095,-0.004,0.0355));
#2720=CARTESIAN_POINT('',(0.0507989865640095,-0.004,0.0395));
#2721=CARTESIAN_POINT('',(0.0532989865640095,-0.004,0.0395));
#2722=CARTESIAN_POINT('',(-0.0532989865640096,-0.004,0.0271698729810777));
#2723=CARTESIAN_POINT('',(-0.0557989865640096,-0.004,0.0315));
#2724=CARTESIAN_POINT('',(-0.0507989865640096,-0.004,0.0315));
#2725=CARTESIAN_POINT('',(-0.0557989865640096,-0.004,0.0355));
#2726=CARTESIAN_POINT('',(-0.0557989865640096,-0.004,0.0395));
#2727=CARTESIAN_POINT('',(-0.0532989865640096,-0.004,0.0395));
#2728=CARTESIAN_POINT('',(-0.0507989865640096,-0.004,0.0395));
#2729=CARTESIAN_POINT('',(-0.0507989865640096,-0.004,0.0355));
#2730=CARTESIAN_POINT('',(-0.00613272228311384,-0.004,-0.00687781341693703));
#2731=CARTESIAN_POINT('',(-0.00136958256229942,-0.004,-0.00412781341693701));
#2732=CARTESIAN_POINT('',(-0.01196,-0.004,-0.010242193775424));
#2733=CARTESIAN_POINT('',(-0.01196,-0.004,0.00653666993492941));
#2734=CARTESIAN_POINT('',(-0.01196,-0.004,-0.006));
#2735=CARTESIAN_POINT('',(-0.0101837864332151,-0.004,0.00598944157579778));
#2736=CARTESIAN_POINT('',(-0.01096,-0.004,0.000749999999999987));
#2737=CARTESIAN_POINT('',(-0.0138775778573537,-0.004,0.000749999999999986));
#2738=CARTESIAN_POINT('',(-0.00539,-0.004,0.00074999999999999));
#2739=CARTESIAN_POINT('',(-0.00539,-0.004,0.00325));
#2740=CARTESIAN_POINT('',(-0.00289,-0.004,0.00325));
#2741=CARTESIAN_POINT('',(-0.00289,-0.004,0.00653666993492941));
#2742=CARTESIAN_POINT('',(-0.00289,-0.004,0.0154787607169738));
#2743=CARTESIAN_POINT('',(-0.00725864450291669,-0.004,0.0180009987967266));
#2744=CARTESIAN_POINT('',(0.000783847577293351,-0.004,0.0133576638292619));
#2745=CARTESIAN_POINT('',(-0.00489300070000038,-0.004,0.0178614306371498));
#2746=CARTESIAN_POINT('',(0.00612951905283832,-0.004,0.00911663842547746));
#2747=CARTESIAN_POINT('',(1.05856984013269E-5,-0.004,-0.00148166503253528));
#2748=CARTESIAN_POINT('',(0.00334451905283831,-0.004,0.00429287692639811));
#2749=CARTESIAN_POINT('',(0.00550958256229941,-0.004,0.00304287692639812));
#2750=CARTESIAN_POINT('',(0.0042595825622994,-0.004,0.000877813416937017));
#2751=CARTESIAN_POINT('',(-0.0117936445029167,-0.004,0.0101461483844017));
#2752=CARTESIAN_POINT('',(0.01485,-0.004,-0.0052365669415499));
#2753=CARTESIAN_POINT('',(-0.00159772228311383,-0.004,-0.0147326638292619));
#2754=CARTESIAN_POINT('',(0.0111761524227066,-0.004,-0.00735766382926187));
#2755=CARTESIAN_POINT('',(-0.00573957965281499,-0.004,-0.0140458673105535));
#2756=CARTESIAN_POINT('',(0.00483048094716169,-0.004,-0.00986663842547744));
#2757=CARTESIAN_POINT('',(-0.00694937462707818,-0.004,0.0105366699349294));
#2758=CARTESIAN_POINT('',(0.00204548094716167,-0.004,-0.0050428769263981));
#2759=CARTESIAN_POINT('',(-0.000119582562299423,-0.004,-0.0062928769263981));
#2760=CARTESIAN_POINT('',(-0.0430861265328099,-0.004,0.0491284425725234));
#2761=CARTESIAN_POINT('',(-0.0423968521214741,-0.004,0.04125));
#2762=CARTESIAN_POINT('',(-0.0431533906007341,-0.004,0.0498972743869943));
#2763=CARTESIAN_POINT('',(-0.0431533906007341,-0.004,0.0498972743869943));
#2764=CARTESIAN_POINT('',(-0.0447910914630852,-0.004,0.0498998379959951));
#2765=CARTESIAN_POINT('',(-0.0480667347792424,-0.004,0.0499116666270794));
#2766=CARTESIAN_POINT('',(-0.05216008133923,-0.004,0.0498867004169849));
#2767=CARTESIAN_POINT('',(-0.0550276480472854,-0.004,0.0499121193132864));
#2768=CARTESIAN_POINT('',(-0.0566628587055952,-0.004,0.0498709091710028));
#2769=CARTESIAN_POINT('',(-0.0582841233396468,-0.00400000000000001,0.0496725100751498));
#2770=CARTESIAN_POINT('',(-0.0603099472063943,-0.004,0.0491794632579928));
#2771=CARTESIAN_POINT('',(-0.062555536097912,-0.004,0.0482022127683955));
#2772=CARTESIAN_POINT('',(-0.0646520114356407,-0.004,0.0468417754613073));
#2773=CARTESIAN_POINT('',(-0.0664658246549993,-0.004,0.0451938716732905));
#2774=CARTESIAN_POINT('',(-0.0680089432655606,-0.004,0.0432274313102817));
#2775=CARTESIAN_POINT('',(-0.0691836303679293,-0.004,0.0410758128737809));
#2776=CARTESIAN_POINT('',(-0.0700053007998666,-0.004,0.0387165301059259));
#2777=CARTESIAN_POINT('',(-0.0704159756201294,-0.004,0.0362983481579415));
#2778=CARTESIAN_POINT('',(-0.0704282566651579,-0.004,0.0338017644555882));
#2779=CARTESIAN_POINT('',(-0.0700284496642098,-0.004,0.0313806857763708));
#2780=CARTESIAN_POINT('',(-0.0692376140337168,-0.004,0.0290164143427479));
#2781=CARTESIAN_POINT('',(-0.0680211044814387,-0.004,0.0268642635043818));
#2782=CARTESIAN_POINT('',(-0.0667865804853996,-0.004,0.0247284172077128));
#2783=CARTESIAN_POINT('',(-0.0651428626905061,-0.004,0.0218771243367353));
#2784=CARTESIAN_POINT('',(-0.0630801847692412,-0.004,0.0183182591782262));
#2785=CARTESIAN_POINT('',(-0.0606151408270945,-0.004,0.0140414712925135));
#2786=CARTESIAN_POINT('',(-0.058142450766,-0.004,0.00976916967606684));
#2787=CARTESIAN_POINT('',(-0.0548622060799933,-0.004,0.00406312549477321));
#2788=CARTESIAN_POINT('',(-0.0523889612494759,-0.004,-0.000208849222111441));
#2789=CARTESIAN_POINT('',(-0.0507410382506206,-0.004,-0.00305735983688788));
#2790=CARTESIAN_POINT('',(-0.0507410382506205,-0.004,-0.0030573598368882));
#2791=CARTESIAN_POINT('',(-0.0468426700625999,-0.004,-0.00201279522910894));
#2792=CARTESIAN_POINT('',(-0.0428426700626,-0.004,-0.000940998459384456));
#2793=CARTESIAN_POINT('',(-0.0414144668323244,-0.004,-0.00341471901775565));
#2794=CARTESIAN_POINT('',(-0.0399862636020489,-0.004,-0.00588843957612684));
#2795=CARTESIAN_POINT('',(-0.0429144668323244,-0.004,-0.00881664280640235));
#2796=CARTESIAN_POINT('',(-0.0457682183030777,-0.004,-0.0116703942771556));
#2797=CARTESIAN_POINT('',(-0.0457682183030777,-0.004,-0.0116703942771556));
#2798=CARTESIAN_POINT('',(-0.0454149083112787,-0.004,-0.0122846024895067));
#2799=CARTESIAN_POINT('',(-0.045056275603252,-0.004,-0.0128957197791683));
#2800=CARTESIAN_POINT('',(-0.0447045412395878,-0.004,-0.0135108429651051));
#2801=CARTESIAN_POINT('',(-0.0447045412395878,-0.00399999999998784,-0.013510842965105));
#2802=CARTESIAN_POINT('',(-0.0447919858797893,-0.004,-0.0135608383958273));
#2803=CARTESIAN_POINT('',(-0.0447628376739528,-0.004,-0.0135441732390235));
#2804=CARTESIAN_POINT('',(-0.0447336894605533,-0.004,-0.0135275080954477));
#2805=CARTESIAN_POINT('',(-0.0447045412395879,-0.004,-0.013510842965105));
#2806=CARTESIAN_POINT('',(-0.0447919858797893,-0.004,-0.0135608383958273));
#2807=CARTESIAN_POINT('',(-0.0426776065531388,-0.004,-0.0122268968442467));
#2808=CARTESIAN_POINT('',(-0.0414276065531388,-0.004,-0.0143919603537078));
#2809=CARTESIAN_POINT('',(-0.0374987351409048,-0.004,-0.0121236253862431));
#2810=CARTESIAN_POINT('',(-0.0335698637286709,-0.004,-0.0098552904187784));
#2811=CARTESIAN_POINT('',(-0.0320698637286709,-0.004,-0.0124533666301317));
#2812=CARTESIAN_POINT('',(-0.0294717875173176,-0.004,-0.0109533666301317));
#2813=CARTESIAN_POINT('',(-0.0287217875173176,-0.004,-0.0122524047358084));
#2814=CARTESIAN_POINT('',(-0.0277767875173176,-0.004,-0.0138891927489609));
#2815=CARTESIAN_POINT('',(-0.0303748637286709,-0.004,-0.015389192748961));
#2816=CARTESIAN_POINT('',(-0.0288748637286709,-0.004,-0.0179872689603142));
#2817=CARTESIAN_POINT('',(-0.0328742422103568,-0.004,-0.0202963112033069));
#2818=CARTESIAN_POINT('',(-0.0368736206920428,-0.004,-0.0226053534462995));
#2819=CARTESIAN_POINT('',(-0.0356236206920428,-0.004,-0.0247704169557605));
#2820=CARTESIAN_POINT('',(-0.038105304315983,-0.004,-0.0250724871308305));
#2821=CARTESIAN_POINT('',(-0.0380049451516848,-0.004,-0.0250561408309815));
#2822=CARTESIAN_POINT('',(-0.0380383982058873,-0.004,-0.0250615896010578));
#2823=CARTESIAN_POINT('',(-0.0380718512606535,-0.004,-0.0250670383676737));
#2824=CARTESIAN_POINT('',(-0.0381053043159831,-0.004,-0.0250724871308306));
#2825=CARTESIAN_POINT('',(-0.0380049451516848,-0.00400000000001197,-0.0250561408309815));
#2826=CARTESIAN_POINT('',(-0.0380049451516848,-0.004,-0.0250561408309815));
#2827=CARTESIAN_POINT('',(-0.0376712032016832,-0.004,-0.0271049246364463));
#2828=CARTESIAN_POINT('',(-0.0372610745171705,-0.004,-0.0296677229887548));
#2829=CARTESIAN_POINT('',(-0.0367560333081498,-0.004,-0.0327389603198915));
#2830=CARTESIAN_POINT('',(-0.0364453137898155,-0.004,-0.0347945063361527));
#2831=CARTESIAN_POINT('',(-0.0360492709277262,-0.004,-0.036285675056258));
#2832=CARTESIAN_POINT('',(-0.0357102596692372,-0.004,-0.0372565627909106));
#2833=CARTESIAN_POINT('',(-0.0357102596692372,-0.004,-0.0372565627909106));
#2834=CARTESIAN_POINT('',(-0.0321604003393566,-0.004,-0.0352070505512187));
#2835=CARTESIAN_POINT('',(-0.0285185479061081,-0.004,-0.0331044260685338));
#2836=CARTESIAN_POINT('',(-0.024031384469598,-0.004,-0.0408764211224347));
#2837=CARTESIAN_POINT('',(-0.014525121845371,-0.004,-0.0573417509776887));
#2838=CARTESIAN_POINT('',(-0.0210034160497652,-0.004,-0.0618779014143458));
#2839=CARTESIAN_POINT('',(-0.0216356118983725,-0.004,-0.0623205697131655));
#2840=CARTESIAN_POINT('',(-0.0216356118983726,-0.004,-0.0623205697131655));
#2841=CARTESIAN_POINT('',(-0.020818981617717,-0.004,-0.0637401420682618));
#2842=CARTESIAN_POINT('',(-0.0191914038546493,-0.004,-0.0665828467093331));
#2843=CARTESIAN_POINT('',(-0.0171231092024773,-0.004,-0.0701153057117288));
#2844=CARTESIAN_POINT('',(-0.0157113392583826,-0.004,-0.0726114007761026));
#2845=CARTESIAN_POINT('',(-0.0148580448991165,-0.004,-0.0740069296755961));
#2846=CARTESIAN_POINT('',(-0.0138755939249942,-0.004,-0.0753117864870154));
#2847=CARTESIAN_POINT('',(-0.0124356909227074,-0.004,-0.0768196780106329));
#2848=CARTESIAN_POINT('',(-0.0104665727270963,-0.004,-0.0782757897923446));
#2849=CARTESIAN_POINT('',(-0.00824016179003753,-0.00400000000000001,-0.0794111720396807));
#2850=CARTESIAN_POINT('',(-0.00590612863694298,-0.004,-0.080158028471357));
#2851=CARTESIAN_POINT('',(-0.00343158202226957,-0.004,-0.0805111882076509));
#2852=CARTESIAN_POINT('',(-0.000980882245824521,-0.004,-0.0804526878615497));
#2853=CARTESIAN_POINT('',(0.00147315178181735,-0.004,-0.0799846339452182));
#2854=CARTESIAN_POINT('',(0.00377269618987623,-0.004,-0.079131197798268));
#2855=CARTESIAN_POINT('',(0.00594094162130236,-0.00399999999999999,-0.0778935416440709));
#2856=CARTESIAN_POINT('',(0.00783775376159134,-0.004,-0.0763367592850303));
#2857=CARTESIAN_POINT('',(0.00948985506930387,-0.004,-0.0744697398219942));
#2858=CARTESIAN_POINT('',(0.0107454175919657,-0.004,-0.072340136226592));
#2859=CARTESIAN_POINT('',(0.0119778527454405,-0.004,-0.070203083936106));
#2860=CARTESIAN_POINT('',(0.0136252859078897,-0.004,-0.0673539361335872));
#2861=CARTESIAN_POINT('',(0.0156760145831694,-0.004,-0.0637881720746917));
#2862=CARTESIAN_POINT('',(0.0181472995677207,-0.004,-0.0595149874564917));
#2863=CARTESIAN_POINT('',(0.0206108762696456,-0.004,-0.0552374242396751));
#2864=CARTESIAN_POINT('',(0.0239123331427589,-0.004,-0.0495436269203178));
#2865=CARTESIAN_POINT('',(0.0263753493566471,-0.004,-0.0452657467088688));
#2866=CARTESIAN_POINT('',(0.0280182704125656,-0.004,-0.0424143482209913));
#2867=CARTESIAN_POINT('',(0.0280182704125657,-0.004,-0.0424143482209911));
#2868=CARTESIAN_POINT('',(0.0251644668323244,-0.004,-0.0395605446407498));
#2869=CARTESIAN_POINT('',(0.022236263602049,-0.004,-0.0366323414104743));
#2870=CARTESIAN_POINT('',(0.0236644668323244,-0.004,-0.0341586208521031));
#2871=CARTESIAN_POINT('',(0.0250926700626,-0.004,-0.031684900293732));
#2872=CARTESIAN_POINT('',(0.0290926700626,-0.004,-0.0327566970634565));
#2873=CARTESIAN_POINT('',(0.0329909670677362,-0.004,-0.0338012425978394));
#2874=CARTESIAN_POINT('',(0.0329909670677361,-0.004,-0.0338012425978394));
#2875=CARTESIAN_POINT('',(0.0333462319869458,-0.004,-0.0331881630633551));
#2876=CARTESIAN_POINT('',(0.0336961587304711,-0.004,-0.0325720193827451));
#2877=CARTESIAN_POINT('',(0.0340530038541172,-0.004,-0.0319598468954596));
#2878=CARTESIAN_POINT('',(0.0340530038541172,-0.00399999999998784,-0.0319598468954597));
#2879=CARTESIAN_POINT('',(0.0341400234872965,-0.004,-0.0320105784599377));
#2880=CARTESIAN_POINT('',(0.0341110169352281,-0.004,-0.0319936679516106));
#2881=CARTESIAN_POINT('',(0.034082010390834,-0.004,-0.0319767574301195));
#2882=CARTESIAN_POINT('',(0.0340530038541171,-0.004,-0.0319598468954597));
#2883=CARTESIAN_POINT('',(0.0341400234872965,-0.004,-0.0320105784599377));
#2884=CARTESIAN_POINT('',(0.0319276065531388,-0.004,-0.0308464430256121));
#2885=CARTESIAN_POINT('',(0.0331776065531388,-0.004,-0.028681379516151));
#2886=CARTESIAN_POINT('',(0.0292487351409049,-0.004,-0.0264130445486863));
#2887=CARTESIAN_POINT('',(0.025319863728671,-0.004,-0.0241447095812216));
#2888=CARTESIAN_POINT('',(0.0268198637286709,-0.004,-0.0215466333698683));
#2889=CARTESIAN_POINT('',(0.0242217875173176,-0.004,-0.0200466333698683));
#2890=CARTESIAN_POINT('',(0.0258192875173176,-0.004,-0.017279682204777));
#2891=CARTESIAN_POINT('',(0.0259167875173176,-0.004,-0.017110807251039));
#2892=CARTESIAN_POINT('',(0.028514863728671,-0.004,-0.0186108072510391));
#2893=CARTESIAN_POINT('',(0.030014863728671,-0.004,-0.0160127310396857));
#2894=CARTESIAN_POINT('',(0.0340142422103569,-0.004,-0.0183217732826783));
#2895=CARTESIAN_POINT('',(0.0380136206920428,-0.004,-0.0206308155256709));
#2896=CARTESIAN_POINT('',(0.0392636206920428,-0.004,-0.0184657520162098));
#2897=CARTESIAN_POINT('',(0.0407660629493492,-0.004,-0.0204639179911629));
#2898=CARTESIAN_POINT('',(0.0407017270562729,-0.004,-0.0203851775553026));
#2899=CARTESIAN_POINT('',(0.0407231723566797,-0.004,-0.0204114243650379));
#2900=CARTESIAN_POINT('',(0.0407446176543714,-0.004,-0.0204376711769917));
#2901=CARTESIAN_POINT('',(0.0407660629493492,-0.004,-0.0204639179911628));
#2902=CARTESIAN_POINT('',(0.040701727056273,-0.00400000000001197,-0.0203851775553026));
#2903=CARTESIAN_POINT('',(0.0407017270562729,-0.004,-0.0203851775553025));
#2904=CARTESIAN_POINT('',(0.0423091549036668,-0.004,-0.0190717566455602));
#2905=CARTESIAN_POINT('',(0.0443235390392864,-0.004,-0.0174351756097973));
#2906=CARTESIAN_POINT('',(0.0467307879845915,-0.004,-0.0154621784272591));
#2907=CARTESIAN_POINT('',(0.0483555832941544,-0.004,-0.0141653144227993));
#2908=CARTESIAN_POINT('',(0.0494489518560499,-0.004,-0.01307674688319));
#2909=CARTESIAN_POINT('',(0.0501202596692372,-0.004,-0.012297710653843));
#2910=CARTESIAN_POINT('',(0.0501202596692372,-0.004,-0.012297710653843));
#2911=CARTESIAN_POINT('',(0.0465704003393566,-0.004,-0.0102481984141511));
#2912=CARTESIAN_POINT('',(0.0429285479061081,-0.004,-0.00814557393146621));
#2913=CARTESIAN_POINT('',(0.0474157113426182,-0.004,-0.000373578877565298));
#2914=CARTESIAN_POINT('',(0.0569219739668451,-0.004,0.0160917509776887));
#2915=CARTESIAN_POINT('',(0.0640895425825751,-0.004,0.0127494588418224));
#2916=CARTESIAN_POINT('',(0.0647890024991067,-0.004,0.0124232953261713));
#2917=CARTESIAN_POINT('',(0.0647890024991067,-0.004,0.0124232953261713));
#2918=CARTESIAN_POINT('',(0.0656100730808023,-0.004,0.0138403040722665));
#2919=CARTESIAN_POINT('',(0.0672581386338918,-0.004,0.0166711800822529));
#2920=CARTESIAN_POINT('',(0.0692831905417074,-0.00400000000000001,0.020228605294743));
#2921=CARTESIAN_POINT('',(0.0707389873056682,-0.004,0.0226992814628146));
#2922=CARTESIAN_POINT('',(0.0715209036047121,-0.004,0.0241360205045917));
#2923=CARTESIAN_POINT('',(0.0721597172646413,-0.004,0.0256392764118639));
#2924=CARTESIAN_POINT('',(0.0727456381291023,-0.004,0.0276402147526387));
#2925=CARTESIAN_POINT('',(0.0730221088250092,-0.004,0.0300735770239479));
#2926=CARTESIAN_POINT('',(0.072892173225679,-0.00400000000000001,0.0325693965783725));
#2927=CARTESIAN_POINT('',(0.0723719532919433,-0.00399999999999999,0.0349641567980657));
#2928=CARTESIAN_POINT('',(0.0714405252878312,-0.004,0.0372837568973689));
#2929=CARTESIAN_POINT('',(0.0701645126137549,-0.004,0.0393768749877688));
#2930=CARTESIAN_POINT('',(0.0685321490180501,-0.004,0.0412681038392926));
#2931=CARTESIAN_POINT('',(0.066643279430254,-0.004,0.0428328496403272));
#2932=CARTESIAN_POINT('',(0.0644873150438558,-0.00399999999999999,0.0440917771884835));
#2933=CARTESIAN_POINT('',(0.0621906959026188,-0.004,0.0449560735086601));
#2934=CARTESIAN_POINT('',(0.0597477589644127,-0.004,0.0454533254792468));
#2935=CARTESIAN_POINT('',(0.057275686889473,-0.004,0.0454758727222106));
#2936=CARTESIAN_POINT('',(0.054808727739959,-0.004,0.0454746667283937));
#2937=CARTESIAN_POINT('',(0.0515175767826163,-0.004,0.0454768117968522));
#2938=CARTESIAN_POINT('',(0.0474041701860716,-0.004,0.0454699128964659));
#2939=CARTESIAN_POINT('',(0.0424678412593736,-0.004,0.0454735161639783));
#2940=CARTESIAN_POINT('',(0.0375315744963542,-0.004,0.0454682545636085));
#2941=CARTESIAN_POINT('',(0.0309498729372345,-0.00399999999999999,0.0454805014255447));
#2942=CARTESIAN_POINT('',(0.0260136118928287,-0.004,0.0454745959309804));
#2943=CARTESIAN_POINT('',(0.0227227678380551,-0.004,0.0454717080578793));
#2944=CARTESIAN_POINT('',(0.0227227678380548,-0.004,0.0454717080578793));
#2945=CARTESIAN_POINT('',(0.0216782032302755,-0.004,0.0415733398698588));
#2946=CARTESIAN_POINT('',(0.020606406460551,-0.004,0.0375733398698588));
#2947=CARTESIAN_POINT('',(0.01775,-0.004,0.0375733398698588));
#2948=CARTESIAN_POINT('',(0.0148935935394489,-0.004,0.0375733398698588));
#2949=CARTESIAN_POINT('',(0.0138217967697245,-0.004,0.0415733398698588));
#2950=CARTESIAN_POINT('',(0.0127772512353416,-0.004,0.045471636874995));
#2951=CARTESIAN_POINT('',(0.0127772512353416,-0.004,0.045471636874995));
#2952=CARTESIAN_POINT('',(0.012068676324333,-0.004,0.045472765552862));
#2953=CARTESIAN_POINT('',(0.0113601168727808,-0.004,0.0454677391619137));
#2954=CARTESIAN_POINT('',(0.0106515373854707,-0.004,0.0454706898605647));
#2955=CARTESIAN_POINT('',(0.0106515373854707,-0.00399999999998784,0.0454706898605647));
#2956=CARTESIAN_POINT('',(0.0106519623924927,-0.004,0.045571416855765));
#2957=CARTESIAN_POINT('',(0.0106518207387247,-0.004,0.045537841190634));
#2958=CARTESIAN_POINT('',(0.0106516790697193,-0.004,0.0455042655255672));
#2959=CARTESIAN_POINT('',(0.0106515373854708,-0.004,0.0454706898605647));
#2960=CARTESIAN_POINT('',(0.0106519623924927,-0.004,0.045571416855765));
#2961=CARTESIAN_POINT('',(0.01075,-0.004,0.0430733398698588));
#2962=CARTESIAN_POINT('',(0.00825,-0.004,0.0430733398698588));
#2963=CARTESIAN_POINT('',(0.00825,-0.004,0.0385366699349294));
#2964=CARTESIAN_POINT('',(0.00825,-0.004,0.034));
#2965=CARTESIAN_POINT('',(0.00525,-0.004,0.034));
#2966=CARTESIAN_POINT('',(0.00525,-0.004,0.031));
#2967=CARTESIAN_POINT('',(0.00375,-0.004,0.031));
#2968=CARTESIAN_POINT('',(0.00186,-0.004,0.031));
#2969=CARTESIAN_POINT('',(0.00186,-0.004,0.034));
#2970=CARTESIAN_POINT('',(-0.00114000000000001,-0.004,0.034));
#2971=CARTESIAN_POINT('',(-0.00114000000000002,-0.004,0.0386180844859852));
#2972=CARTESIAN_POINT('',(-0.00114000000000002,-0.004,0.0432361689719703));
#2973=CARTESIAN_POINT('',(-0.00364,-0.004,0.0432361689719703));
#2974=CARTESIAN_POINT('',(-0.00266075863336616,-0.004,0.0455364051219934));
#2975=CARTESIAN_POINT('',(-0.00269678190458811,-0.004,0.045441318386284));
#2976=CARTESIAN_POINT('',(-0.00268477415079235,-0.004,0.0454730139660958));
#2977=CARTESIAN_POINT('',(-0.00267276639371786,-0.004,0.0455047095446654));
#2978=CARTESIAN_POINT('',(-0.00266075863336614,-0.004,0.0455364051219934));
#2979=CARTESIAN_POINT('',(-0.00269678190458811,-0.00400000000001197,0.045441318386284));
#2980=CARTESIAN_POINT('',(-0.0026967819045881,-0.004,0.0454413183862841));
#2981=CARTESIAN_POINT('',(-0.00463795170198359,-0.004,0.0461766812820064));
#2982=CARTESIAN_POINT('',(-0.00706246452211588,-0.00399999999999999,0.047102898598552));
#2983=CARTESIAN_POINT('',(-0.00997475467644168,-0.004,0.0482011387471504));
#2984=CARTESIAN_POINT('',(-0.0119102695043389,-0.004,0.0489598207589519));
#2985=CARTESIAN_POINT('',(-0.0133996809283236,-0.004,0.0493624219394476));
#2986=CARTESIAN_POINT('',(-0.01441,-0.004,0.0495542734447535));
#2987=CARTESIAN_POINT('',(-0.01441,-0.004,0.0495542734447536));
#2988=CARTESIAN_POINT('',(-0.01441,-0.004,0.0454552489653698));
#2989=CARTESIAN_POINT('',(-0.01441,-0.004,0.04125));
#2990=CARTESIAN_POINT('',(-0.0233843268730203,-0.004,0.04125));
#2991=CARTESIAN_POINT('',(0.00807102540378442,-0.024,0.0119794260685338));
#2992=CARTESIAN_POINT('',(0.0465704003393566,-0.024,-0.0102481984141511));
#2993=CARTESIAN_POINT('',(0.0429285479061081,-0.024,-0.00814557393146621));
#2994=CARTESIAN_POINT('',(0.0495816513425862,-0.024,-0.0119867449914632));
#2995=CARTESIAN_POINT('',(0.0495816513425862,-0.024,-0.0119867449914632));
#2996=CARTESIAN_POINT('',(0.0501189941909059,-0.024,-0.0114142418263985));
#2997=CARTESIAN_POINT('',(0.0511334677210888,-0.024,-0.0102266188481032));
#2998=CARTESIAN_POINT('',(0.0522843633941464,-0.024,-0.00818335964816647));
#2999=CARTESIAN_POINT('',(0.053536016486819,-0.024,-0.00621024200475307));
#3000=CARTESIAN_POINT('',(0.0551133614738749,-0.024,-0.00352142375994726));
#3001=CARTESIAN_POINT('',(0.0570083540740587,-0.024,-0.000116231850813659));
#3002=CARTESIAN_POINT('',(0.058603247501799,-0.024,0.00256232843990362));
#3003=CARTESIAN_POINT('',(0.059395993981394,-0.024,0.00390431730885091));
#3004=CARTESIAN_POINT('',(0.059395993981394,-0.024,0.00390431730885089));
#3005=CARTESIAN_POINT('',(0.0558831173721482,-0.024,0.00554239857389576));
#3006=CARTESIAN_POINT('',(0.0519028747791284,-0.024,0.00739841617633562));
#3007=CARTESIAN_POINT('',(0.0474157113426182,-0.024,-0.000373578877565298));
#3008=CARTESIAN_POINT('',(0.0465704003393566,-0.024002,-0.0102481984141511));
#3009=CARTESIAN_POINT('',(0.0468256622231381,-0.0089,-0.0103955739314662));
#3010=CARTESIAN_POINT('',(0.0486876168412746,-0.0089,-0.0114705739314662));
#3011=CARTESIAN_POINT('',(0.0468256622231381,-0.0191,-0.0103955739314662));
#3012=CARTESIAN_POINT('',(0.0486876168412746,-0.0191,-0.0114705739314662));
#3013=CARTESIAN_POINT('',(0.0495816513425862,-0.024,-0.0119867449914632));
#3014=CARTESIAN_POINT('',(0.0499984392790162,-0.0173449587615993,-0.0122273776187561));
#3015=CARTESIAN_POINT('',(0.0501019834655366,-0.0106714170445965,-0.0122871588827167));
#3016=CARTESIAN_POINT('',(0.0501202596692372,-0.004,-0.012297710653843));
#3017=CARTESIAN_POINT('',(0.0429285479061081,-0.024002,-0.00814557393146621));
#3018=CARTESIAN_POINT('',(0.0558831173721482,-0.024002,0.00554239857389576));
#3019=CARTESIAN_POINT('',(0.059395993981394,-0.024,0.0039043173088509));
#3020=CARTESIAN_POINT('',(0.0595426027447048,-0.0206686277968072,0.00383595251976645));
#3021=CARTESIAN_POINT('',(0.0596330001463053,-0.01733469127416,0.00379379951912276));
#3022=CARTESIAN_POINT('',(0.059688870634273,-0.014,0.00376774668271857));
#3023=CARTESIAN_POINT('',(0.0596888706342731,-0.014,0.00376774668271858));
#3024=CARTESIAN_POINT('',(0.0519028747791284,-0.014,0.00739841617633563));
#3025=CARTESIAN_POINT('',(0.0519028747791284,-0.014,0.00739841617633562));
#3026=CARTESIAN_POINT('',(0.0519028747791284,-0.024002,0.00739841617633562));
#3027=CARTESIAN_POINT('',(0.00807102540378442,-0.024,0.0119794260685338));
#3028=CARTESIAN_POINT('',(-0.01441,-0.024,0.0454552489653698));
#3029=CARTESIAN_POINT('',(-0.01441,-0.024,0.04125));
#3030=CARTESIAN_POINT('',(-0.01441,-0.024,0.0489323421199941));
#3031=CARTESIAN_POINT('',(-0.01441,-0.024,0.0489323421199941));
#3032=CARTESIAN_POINT('',(-0.0151603209177124,-0.024,0.0491081273773672));
#3033=CARTESIAN_POINT('',(-0.0166745988668799,-0.024,0.049394003021695));
#3034=CARTESIAN_POINT('',(-0.019028978332798,-0.024,0.0493709756988392));
#3035=CARTESIAN_POINT('',(-0.0213667818889376,-0.024,0.049467927177859));
#3036=CARTESIAN_POINT('',(-0.0244905174711691,-0.024,0.0494907443747482));
#3037=CARTESIAN_POINT('',(-0.0283944165112462,-0.024,0.0494286695410543));
#3038=CARTESIAN_POINT('',(-0.0315176496098385,-0.024,0.0494707067846224));
#3039=CARTESIAN_POINT('',(-0.0330792349645972,-0.024,0.0494862810164894));
#3040=CARTESIAN_POINT('',(-0.0330792349645971,-0.024,0.0494862810164894));
#3041=CARTESIAN_POINT('',(-0.0327414166489665,-0.024,0.045625));
#3042=CARTESIAN_POINT('',(-0.0323586537460405,-0.024,0.04125));
#3043=CARTESIAN_POINT('',(-0.0233843268730203,-0.024,0.04125));
#3044=CARTESIAN_POINT('',(-0.01441,-0.024002,0.0454552489653698));
#3045=CARTESIAN_POINT('',(-0.01441,-0.0089,0.04575));
#3046=CARTESIAN_POINT('',(-0.01441,-0.0089,0.0479));
#3047=CARTESIAN_POINT('',(-0.01441,-0.0191,0.04575));
#3048=CARTESIAN_POINT('',(-0.01441,-0.0191,0.0479));
#3049=CARTESIAN_POINT('',(-0.01441,-0.024,0.0489323421199941));
#3050=CARTESIAN_POINT('',(-0.01441,-0.0173449587615993,0.0494136073745798));
#3051=CARTESIAN_POINT('',(-0.01441,-0.0106714170445965,0.049533169902501));
#3052=CARTESIAN_POINT('',(-0.01441,-0.004,0.0495542734447536));
#3053=CARTESIAN_POINT('',(-0.01441,-0.024002,0.04125));
#3054=CARTESIAN_POINT('',(-0.0327414166489665,-0.024002,0.045625));
#3055=CARTESIAN_POINT('',(-0.0330792349645971,-0.024,0.0494862810164894));
#3056=CARTESIAN_POINT('',(-0.033093333702181,-0.0206686277968072,0.0496474303244762));
#3057=CARTESIAN_POINT('',(-0.0331020268335782,-0.01733469127416,0.0497467932710203));
#3058=CARTESIAN_POINT('',(-0.0331073996593953,-0.014,0.0498082049511242));
#3059=CARTESIAN_POINT('',(-0.0331073996593953,-0.014,0.0498082049511242));
#3060=CARTESIAN_POINT('',(-0.0323586537460405,-0.014,0.04125));
#3061=CARTESIAN_POINT('',(-0.0323586537460405,-0.014,0.04125));
#3062=CARTESIAN_POINT('',(-0.0323586537460405,-0.024002,0.04125));
#3063=CARTESIAN_POINT('',(0.00807102540378442,-0.024,0.0119794260685338));
#3064=CARTESIAN_POINT('',(-0.0321604003393566,-0.024,-0.0352070505512187));
#3065=CARTESIAN_POINT('',(-0.0285185479061081,-0.024,-0.0331044260685338));
#3066=CARTESIAN_POINT('',(-0.0351716513425866,-0.024,-0.0369455971285292));
#3067=CARTESIAN_POINT('',(-0.0351716513425866,-0.024,-0.0369455971285293));
#3068=CARTESIAN_POINT('',(-0.0349451229134883,-0.024,-0.0376952077480403));
#3069=CARTESIAN_POINT('',(-0.0344255418891216,-0.024,-0.0391650069028994));
#3070=CARTESIAN_POINT('',(-0.0332306515857408,-0.024,-0.0411852981309598));
#3071=CARTESIAN_POINT('',(-0.0321474494813219,-0.024,-0.0432561591955855));
#3072=CARTESIAN_POINT('',(-0.0306072475300623,-0.024,-0.0459673622491805));
#3073=CARTESIAN_POINT('',(-0.0286053915207132,-0.024,-0.0493115771290793));
#3074=CARTESIAN_POINT('',(-0.0270827513224155,-0.024,-0.0520327655582885));
#3075=CARTESIAN_POINT('',(-0.0263167590167968,-0.024,-0.0533905983253403));
#3076=CARTESIAN_POINT('',(-0.0263167590167968,-0.024,-0.0533905983253403));
#3077=CARTESIAN_POINT('',(-0.0231417007231818,-0.024,-0.0511673985738957));
#3078=CARTESIAN_POINT('',(-0.0195442210330878,-0.024,-0.0486484161763356));
#3079=CARTESIAN_POINT('',(-0.024031384469598,-0.024,-0.0408764211224347));
#3080=CARTESIAN_POINT('',(-0.0321604003393566,-0.024002,-0.0352070505512187));
#3081=CARTESIAN_POINT('',(-0.032415662223138,-0.0089,-0.0353544260685338));
#3082=CARTESIAN_POINT('',(-0.0342776168412746,-0.0089,-0.0364294260685338));
#3083=CARTESIAN_POINT('',(-0.032415662223138,-0.0191,-0.0353544260685338));
#3084=CARTESIAN_POINT('',(-0.0342776168412746,-0.0191,-0.0364294260685338));
#3085=CARTESIAN_POINT('',(-0.0351716513425862,-0.024,-0.0369455971285308));
#3086=CARTESIAN_POINT('',(-0.0355884392790161,-0.0173449587615993,-0.0371862297558237));
#3087=CARTESIAN_POINT('',(-0.0356919834655366,-0.0106714170445965,-0.0372460110197843));
#3088=CARTESIAN_POINT('',(-0.0357102596692372,-0.004,-0.0372565627909106));
#3089=CARTESIAN_POINT('',(-0.0285185479061081,-0.024002,-0.0331044260685338));
#3090=CARTESIAN_POINT('',(-0.0231417007231818,-0.024002,-0.0511673985738957));
#3091=CARTESIAN_POINT('',(-0.0263167590167968,-0.024,-0.0533905983253403));
#3092=CARTESIAN_POINT('',(-0.0264492690425237,-0.0206686277968072,-0.0534833828442426));
#3093=CARTESIAN_POINT('',(-0.0265309733127272,-0.01733469127416,-0.053540592790143));
#3094=CARTESIAN_POINT('',(-0.0265814709748777,-0.014,-0.0535759516338428));
#3095=CARTESIAN_POINT('',(-0.0265814709748777,-0.014,-0.0535759516338428));
#3096=CARTESIAN_POINT('',(-0.0195442210330878,-0.014,-0.0486484161763356));
#3097=CARTESIAN_POINT('',(-0.0195442210330878,-0.014,-0.0486484161763356));
#3098=CARTESIAN_POINT('',(-0.0195442210330878,-0.024002,-0.0486484161763356));
#3099=CARTESIAN_POINT('',(-0.0429144668323244,-0.01,-0.00881664280640235));
#3100=CARTESIAN_POINT('',(-0.0429144668323244,-0.01,-0.00881664280640235));
#3101=CARTESIAN_POINT('',(-0.0399862636020489,-0.01,-0.00588843957612684));
#3102=CARTESIAN_POINT('',(-0.0457472809275083,-0.01,-0.0116494569015852));
#3103=CARTESIAN_POINT('',(-0.0457472809275079,-0.01,-0.0116494569015858));
#3104=CARTESIAN_POINT('',(-0.0457602732126892,-0.00800004196659637,-0.0116624491867672));
#3105=CARTESIAN_POINT('',(-0.0457660565990027,-0.00600003362138505,-0.0116682325730806));
#3106=CARTESIAN_POINT('',(-0.0457682183030777,-0.004,-0.0116703942771556));
#3107=CARTESIAN_POINT('',(-0.0399862636020489,-0.01,-0.00588843957612684));
#3108=CARTESIAN_POINT('',(-0.0468426700625999,-0.01,-0.00201279522910894));
#3109=CARTESIAN_POINT('',(-0.0507410382506211,-0.004,-0.00305735983688743));
#3110=CARTESIAN_POINT('',(-0.0507386478925548,-0.0060000166648975,-0.00305671934237395));
#3111=CARTESIAN_POINT('',(-0.0507328056226399,-0.00800002056881152,-0.00305515391086924));
#3112=CARTESIAN_POINT('',(-0.0507203433542408,-0.01,-0.00305181465611585));
#3113=CARTESIAN_POINT('',(-0.0507203433542411,-0.01,-0.00305181465611557));
#3114=CARTESIAN_POINT('',(-0.0468426700625999,-0.01,-0.00201279522910894));
#3115=CARTESIAN_POINT('',(-0.0428426700626,-0.01,-0.000940998459384456));
#3116=CARTESIAN_POINT('',(-0.0428426700626,-0.01,-0.000940998459384456));
#3117=CARTESIAN_POINT('',(-0.0138775778573537,-0.01,0.00653666993492941));
#3118=CARTESIAN_POINT('',(-0.050720343354241,-0.01,-0.00305181465611549));
#3119=CARTESIAN_POINT('',(-0.0503031796510821,-0.01,-0.00376735516545998));
#3120=CARTESIAN_POINT('',(-0.0494667535300958,-0.01,-0.00519735186543951));
#3121=CARTESIAN_POINT('',(-0.0484935711007261,-0.01,-0.00702471736148705));
#3122=CARTESIAN_POINT('',(-0.0477111228905491,-0.01,-0.00848532338622756));
#3123=CARTESIAN_POINT('',(-0.047047954300617,-0.01,-0.00953492084449639));
#3124=CARTESIAN_POINT('',(-0.046357549525578,-0.01,-0.0105677924520368));
#3125=CARTESIAN_POINT('',(-0.0459525087136005,-0.00999999999999999,-0.0112900026137039));
#3126=CARTESIAN_POINT('',(-0.0457472809275083,-0.00999999999999999,-0.0116494569015852));
#3127=CARTESIAN_POINT('',(-0.0414144668323244,-0.01,-0.00341471901775565));
#3128=CARTESIAN_POINT('',(0.0138217967697245,-0.01,0.0415733398698588));
#3129=CARTESIAN_POINT('',(0.0138217967697245,-0.01,0.0415733398698588));
#3130=CARTESIAN_POINT('',(0.0148935935394489,-0.01,0.0375733398698588));
#3131=CARTESIAN_POINT('',(0.0127849148466889,-0.01,0.0454430358880781));
#3132=CARTESIAN_POINT('',(0.0127849148466887,-0.01,0.0454430358880781));
#3133=CARTESIAN_POINT('',(0.0127801593402591,-0.00800004196659637,0.045460783679689));
#3134=CARTESIAN_POINT('',(0.0127780424739484,-0.00600003362138505,0.045468683932313));
#3135=CARTESIAN_POINT('',(0.0127772512353415,-0.004,0.045471636874995));
#3136=CARTESIAN_POINT('',(0.0148935935394489,-0.01,0.0375733398698588));
#3137=CARTESIAN_POINT('',(0.0216782032302755,-0.01,0.0415733398698588));
#3138=CARTESIAN_POINT('',(0.0227227678380558,-0.004,0.0454717080578795));
#3139=CARTESIAN_POINT('',(0.0227221273435423,-0.0060000166648975,0.0454693176998133));
#3140=CARTESIAN_POINT('',(0.0227205619120358,-0.00800002056881152,0.0454634754298988));
#3141=CARTESIAN_POINT('',(0.0227172226572824,-0.01,0.0454510131614997));
#3142=CARTESIAN_POINT('',(0.0227172226572828,-0.01,0.0454510131614998));
#3143=CARTESIAN_POINT('',(0.0216782032302755,-0.01,0.0415733398698588));
#3144=CARTESIAN_POINT('',(0.020606406460551,-0.01,0.0375733398698588));
#3145=CARTESIAN_POINT('',(0.020606406460551,-0.01,0.0375733398698588));
#3146=CARTESIAN_POINT('',(-0.0138775778573537,-0.01,0.00653666993492941));
#3147=CARTESIAN_POINT('',(0.0227172226572828,-0.01,0.0454510131614997));
#3148=CARTESIAN_POINT('',(0.0218889069943479,-0.01,0.0454475088082109));
#3149=CARTESIAN_POINT('',(0.0202321876117128,-0.01,0.045438135294662));
#3150=CARTESIAN_POINT('',(0.018162770460718,-0.01,0.0455090492293726));
#3151=CARTESIAN_POINT('',(0.0165066175062458,-0.01,0.045561704237508));
#3152=CARTESIAN_POINT('',(0.0152662355307774,-0.01,0.0455121640990245));
#3153=CARTESIAN_POINT('',(0.014026599745104,-0.01,0.0454307075827346));
#3154=CARTESIAN_POINT('',(0.0131987630660786,-0.01,0.0454410415202914));
#3155=CARTESIAN_POINT('',(0.0127849148466889,-0.01,0.0454430358880781));
#3156=CARTESIAN_POINT('',(0.01775,-0.01,0.0375733398698588));
#3157=CARTESIAN_POINT('',(0.0290926700626,-0.01,-0.0327566970634565));
#3158=CARTESIAN_POINT('',(0.0290926700626,-0.01,-0.0327566970634565));
#3159=CARTESIAN_POINT('',(0.0250926700626,-0.01,-0.031684900293732));
#3160=CARTESIAN_POINT('',(0.0329623660808273,-0.01,-0.0337935789864785));
#3161=CARTESIAN_POINT('',(0.0329623660808192,-0.01,-0.0337935789864923));
#3162=CARTESIAN_POINT('',(0.0329801138724301,-0.00800004196659638,-0.0337983344929219));
#3163=CARTESIAN_POINT('',(0.0329880141250541,-0.00600003362138505,-0.0338004513592325));
#3164=CARTESIAN_POINT('',(0.0329909670677361,-0.004,-0.0338012425978395));
#3165=CARTESIAN_POINT('',(0.0250926700626,-0.01,-0.031684900293732));
#3166=CARTESIAN_POINT('',(0.0251644668323244,-0.01,-0.0395605446407498));
#3167=CARTESIAN_POINT('',(0.0280182704125654,-0.004,-0.042414348220992));
#3168=CARTESIAN_POINT('',(0.0280165205490126,-0.00600001666489749,-0.0424125983574393));
#3169=CARTESIAN_POINT('',(0.0280122437106041,-0.00800002056881152,-0.0424083215190295));
#3170=CARTESIAN_POINT('',(0.0280031206969585,-0.01,-0.0423991985053839));
#3171=CARTESIAN_POINT('',(0.0280031206969583,-0.01,-0.0423991985053842));
#3172=CARTESIAN_POINT('',(0.0251644668323244,-0.01,-0.0395605446407498));
#3173=CARTESIAN_POINT('',(0.022236263602049,-0.01,-0.0366323414104743));
#3174=CARTESIAN_POINT('',(0.022236263602049,-0.01,-0.0366323414104743));
#3175=CARTESIAN_POINT('',(-0.0138775778573537,-0.01,0.00653666993492941));
#3176=CARTESIAN_POINT('',(0.0280031206969583,-0.01,-0.0423991985053841));
#3177=CARTESIAN_POINT('',(0.0284142058260797,-0.01,-0.0416801701140752));
#3178=CARTESIAN_POINT('',(0.0292343933024363,-0.01,-0.0402408315746121));
#3179=CARTESIAN_POINT('',(0.0303302900186802,-0.01,-0.0384844259671794));
#3180=CARTESIAN_POINT('',(0.031203998545261,-0.01,-0.0370765027797602));
#3181=CARTESIAN_POINT('',(0.0317814281792765,-0.01,-0.0359773322254136));
#3182=CARTESIAN_POINT('',(0.0323306910797,-0.01,-0.0348630313378082));
#3183=CARTESIAN_POINT('',(0.0327536643465636,-0.01,-0.0341510712938115));
#3184=CARTESIAN_POINT('',(0.0329623660808273,-0.01,-0.0337935789864785));
#3185=CARTESIAN_POINT('',(0.0236644668323244,-0.01,-0.0341586208521031));
#3186=CARTESIAN_POINT('',(0.0159224270719551,-0.014,-0.036022147705768));
#3187=CARTESIAN_POINT('',(-0.0216356118983725,-0.004,-0.0623205697131655));
#3188=CARTESIAN_POINT('',(-0.0222952896181273,-0.004,-0.0611738325955007));
#3189=CARTESIAN_POINT('',(-0.0236018192770117,-0.00452171093207955,-0.0589089675691424));
#3190=CARTESIAN_POINT('',(-0.0252682555438995,-0.00673766996961675,-0.0560167013564529));
#3191=CARTESIAN_POINT('',(-0.0263675950120362,-0.010059137796006,-0.0540705094789175));
#3192=CARTESIAN_POINT('',(-0.0266015028209573,-0.0126771660413106,-0.0535899780834719));
#3193=CARTESIAN_POINT('',(-0.0265814709748777,-0.014,-0.0535759516338427));
#3194=CARTESIAN_POINT('',(-0.014525121845371,-0.014,-0.0573417509776887));
#3195=CARTESIAN_POINT('',(-0.0391662629389323,-0.014,0.0043241966748141));
#3196=CARTESIAN_POINT('',(-0.0431533906007341,-0.004,0.0498972743869943));
#3197=CARTESIAN_POINT('',(-0.0418304482654964,-0.004,0.0498952034917801));
#3198=CARTESIAN_POINT('',(-0.039215752787085,-0.00452171093207958,0.0498942588539926));
#3199=CARTESIAN_POINT('',(-0.0358777586389445,-0.00673766996961675,0.0498913018885604));
#3200=CARTESIAN_POINT('',(-0.0336426372982917,-0.010059137796006,0.049870261856582));
#3201=CARTESIAN_POINT('',(-0.0331095309980593,-0.0126771660413106,0.0498325662635285));
#3202=CARTESIAN_POINT('',(-0.0331073996593953,-0.014,0.0498082049511242));
#3203=CARTESIAN_POINT('',(-0.042396852121474,-0.014,0.04125));
#3204=CARTESIAN_POINT('',(0.00242746908094676,-0.014,0.041502955933348));
#3205=CARTESIAN_POINT('',(0.0647890024991067,-0.004,0.0124232953261713));
#3206=CARTESIAN_POINT('',(0.0641257378836237,-0.004,0.0112786291037207));
#3207=CARTESIAN_POINT('',(0.0628175720640967,-0.00452171093207958,0.00901470871514966));
#3208=CARTESIAN_POINT('',(0.0611460141828441,-0.00673766996961677,0.0061253994678925));
#3209=CARTESIAN_POINT('',(0.0600102323103279,-0.010059137796006,0.00420024762233551));
#3210=CARTESIAN_POINT('',(0.0597110338190167,-0.0126771660413106,0.00375741181994355));
#3211=CARTESIAN_POINT('',(0.0596888706342731,-0.014,0.00376774668271861));
#3212=CARTESIAN_POINT('',(0.0569219739668451,-0.014,0.0160917509776887));
#3213=CARTESIAN_POINT('',(-0.0532989865640096,-0.004,0.0271698729810777));
#3214=CARTESIAN_POINT('',(-0.0532989865640096,0.,0.0271698729810777));
#3215=CARTESIAN_POINT('',(-0.0557989865640096,0.,0.0315));
#3216=CARTESIAN_POINT('',(-0.0507989865640096,0.,0.0315));
#3217=CARTESIAN_POINT('',(-0.0557989865640096,-0.004,0.0315));
#3218=CARTESIAN_POINT('',(-0.0507989865640096,-0.004,0.0315));
#3219=CARTESIAN_POINT('',(-0.0557989865640096,-0.004,0.0355));
#3220=CARTESIAN_POINT('',(-0.0557989865640096,0.,0.0355));
#3221=CARTESIAN_POINT('',(-0.0557989865640096,0.,0.0395));
#3222=CARTESIAN_POINT('',(-0.0557989865640096,-0.004,0.0395));
#3223=CARTESIAN_POINT('',(-0.0532989865640096,-0.004,0.0395));
#3224=CARTESIAN_POINT('',(-0.0532989865640096,0.,0.0395));
#3225=CARTESIAN_POINT('',(-0.0507989865640096,0.,0.0395));
#3226=CARTESIAN_POINT('',(-0.0507989865640096,-0.004,0.0395));
#3227=CARTESIAN_POINT('',(0.0557989865640095,-0.004,0.0355));
#3228=CARTESIAN_POINT('',(0.0557989865640095,0.,0.0355));
#3229=CARTESIAN_POINT('',(0.0557989865640095,0.,0.0315));
#3230=CARTESIAN_POINT('',(0.0557989865640095,0.,0.0395));
#3231=CARTESIAN_POINT('',(0.0557989865640095,-0.004,0.0315));
#3232=CARTESIAN_POINT('',(0.0557989865640095,-0.004,0.0395));
#3233=CARTESIAN_POINT('',(0.0532989865640096,-0.004,0.0271698729810778));
#3234=CARTESIAN_POINT('',(0.0532989865640096,0.,0.0271698729810778));
#3235=CARTESIAN_POINT('',(0.0507989865640095,0.,0.0315));
#3236=CARTESIAN_POINT('',(0.0507989865640095,-0.004,0.0315));
#3237=CARTESIAN_POINT('',(0.0507989865640095,-0.004,0.0355));
#3238=CARTESIAN_POINT('',(0.0507989865640095,0.,0.0355));
#3239=CARTESIAN_POINT('',(0.0507989865640095,0.,0.0395));
#3240=CARTESIAN_POINT('',(0.0507989865640095,-0.004,0.0395));
#3241=CARTESIAN_POINT('',(0.0268198637286709,-0.004,-0.0215466333698683));
#3242=CARTESIAN_POINT('',(0.0268198637286709,0.,-0.0215466333698683));
#3243=CARTESIAN_POINT('',(0.0242217875173176,0.,-0.0200466333698683));
#3244=CARTESIAN_POINT('',(0.025319863728671,0.,-0.0241447095812216));
#3245=CARTESIAN_POINT('',(0.0242217875173176,-0.004,-0.0200466333698683));
#3246=CARTESIAN_POINT('',(0.025319863728671,-0.004,-0.0241447095812216));
#3247=CARTESIAN_POINT('',(0.0258192875173176,-0.004,-0.017279682204777));
#3248=CARTESIAN_POINT('',(0.0258192875173176,0.,-0.017279682204777));
#3249=CARTESIAN_POINT('',(0.0259167875173176,0.,-0.017110807251039));
#3250=CARTESIAN_POINT('',(0.0259167875173176,-0.004,-0.017110807251039));
#3251=CARTESIAN_POINT('',(0.028514863728671,-0.004,-0.0186108072510391));
#3252=CARTESIAN_POINT('',(0.028514863728671,0.,-0.0186108072510391));
#3253=CARTESIAN_POINT('',(0.030014863728671,0.,-0.0160127310396857));
#3254=CARTESIAN_POINT('',(0.030014863728671,-0.004,-0.0160127310396857));
#3255=CARTESIAN_POINT('',(0.0340142422103569,-0.004,-0.0183217732826783));
#3256=CARTESIAN_POINT('',(0.0340142422103569,0.,-0.0183217732826783));
#3257=CARTESIAN_POINT('',(0.0380136206920428,0.,-0.0206308155256709));
#3258=CARTESIAN_POINT('',(0.0380136206920428,-0.004,-0.0206308155256709));
#3259=CARTESIAN_POINT('',(0.0392636206920428,-0.004,-0.0184657520162098));
#3260=CARTESIAN_POINT('',(0.0392636206920428,0.,-0.0184657520162098));
#3261=CARTESIAN_POINT('',(0.0407651752376588,0.,-0.0204645851624946));
#3262=CARTESIAN_POINT('',(0.0407651752376402,0.,-0.0204645851624718));
#3263=CARTESIAN_POINT('',(0.0407651752376402,-0.0013333334360958,-0.0204645851624718));
#3264=CARTESIAN_POINT('',(0.0407652177309245,-0.0026666668574834,-0.0204645535198895));
#3265=CARTESIAN_POINT('',(0.0407660629493491,-0.004,-0.0204639179911628));
#3266=CARTESIAN_POINT('',(0.01075,-0.004,0.0430733398698588));
#3267=CARTESIAN_POINT('',(0.0106519623924927,-0.004,0.045571416855765));
#3268=CARTESIAN_POINT('',(0.010650087129636,-0.0026666672666787,0.0455713432606417));
#3269=CARTESIAN_POINT('',(0.01065,-0.00133333365475292,0.0455713390692182));
#3270=CARTESIAN_POINT('',(0.01065,0.,0.0455713390692182));
#3271=CARTESIAN_POINT('',(0.01065,0.,0.0455713390692182));
#3272=CARTESIAN_POINT('',(0.01075,0.,0.0430733398698588));
#3273=CARTESIAN_POINT('',(0.00825,0.,0.0430733398698588));
#3274=CARTESIAN_POINT('',(0.00825,-0.004,0.0430733398698588));
#3275=CARTESIAN_POINT('',(0.00825,-0.004,0.0385366699349294));
#3276=CARTESIAN_POINT('',(0.00825,0.,0.0385366699349294));
#3277=CARTESIAN_POINT('',(0.00825,0.,0.034));
#3278=CARTESIAN_POINT('',(0.00825,-0.004,0.034));
#3279=CARTESIAN_POINT('',(0.00525,-0.004,0.034));
#3280=CARTESIAN_POINT('',(0.00525,0.,0.034));
#3281=CARTESIAN_POINT('',(0.00525,0.,0.031));
#3282=CARTESIAN_POINT('',(0.00525,-0.004,0.031));
#3283=CARTESIAN_POINT('',(0.00375,-0.004,0.031));
#3284=CARTESIAN_POINT('',(0.00375,0.,0.031));
#3285=CARTESIAN_POINT('',(0.00186,0.,0.031));
#3286=CARTESIAN_POINT('',(0.00186,-0.004,0.031));
#3287=CARTESIAN_POINT('',(0.00186,-0.004,0.034));
#3288=CARTESIAN_POINT('',(0.00186,0.,0.034));
#3289=CARTESIAN_POINT('',(-0.00114000000000001,0.,0.034));
#3290=CARTESIAN_POINT('',(-0.00114000000000001,-0.004,0.034));
#3291=CARTESIAN_POINT('',(-0.00114000000000002,-0.004,0.0386180844859852));
#3292=CARTESIAN_POINT('',(-0.00114000000000002,0.,0.0386180844859852));
#3293=CARTESIAN_POINT('',(-0.00114000000000002,0.,0.0432361689719703));
#3294=CARTESIAN_POINT('',(-0.00114000000000002,-0.004,0.0432361689719703));
#3295=CARTESIAN_POINT('',(-0.00364,-0.004,0.0432361689719703));
#3296=CARTESIAN_POINT('',(-0.00364,0.,0.0432361689719703));
#3297=CARTESIAN_POINT('',(-0.00265973699020364,0.,0.0455359699267719));
#3298=CARTESIAN_POINT('',(-0.00265973699020943,0.,0.0455359699267567));
#3299=CARTESIAN_POINT('',(-0.00265973699020943,-0.0013333334360958,0.0455359699267567));
#3300=CARTESIAN_POINT('',(-0.00265978564013163,-0.0026666668574834,0.0455359909057293));
#3301=CARTESIAN_POINT('',(-0.00266075863336616,-0.004,0.0455364051219934));
#3302=CARTESIAN_POINT('',(-0.0426776065531388,-0.004,-0.0122268968442467));
#3303=CARTESIAN_POINT('',(-0.0447919858797893,-0.004,-0.0135608383958273));
#3304=CARTESIAN_POINT('',(-0.0447909845131145,-0.0026666672666787,-0.0135624256235384));
#3305=CARTESIAN_POINT('',(-0.0447909373184172,-0.00133333365475292,-0.0135624989843048));
#3306=CARTESIAN_POINT('',(-0.0447909373184172,0.,-0.0135624989843048));
#3307=CARTESIAN_POINT('',(-0.0447909373184172,0.,-0.0135624989843048));
#3308=CARTESIAN_POINT('',(-0.0426776065531388,0.,-0.0122268968442467));
#3309=CARTESIAN_POINT('',(-0.0414276065531388,0.,-0.0143919603537078));
#3310=CARTESIAN_POINT('',(-0.0414276065531388,-0.004,-0.0143919603537078));
#3311=CARTESIAN_POINT('',(-0.0374987351409048,-0.004,-0.0121236253862431));
#3312=CARTESIAN_POINT('',(-0.0374987351409048,0.,-0.0121236253862431));
#3313=CARTESIAN_POINT('',(-0.0335698637286709,0.,-0.0098552904187784));
#3314=CARTESIAN_POINT('',(-0.0335698637286709,-0.004,-0.0098552904187784));
#3315=CARTESIAN_POINT('',(-0.0320698637286709,-0.004,-0.0124533666301317));
#3316=CARTESIAN_POINT('',(-0.0320698637286709,0.,-0.0124533666301317));
#3317=CARTESIAN_POINT('',(-0.0294717875173176,0.,-0.0109533666301317));
#3318=CARTESIAN_POINT('',(-0.0294717875173176,-0.004,-0.0109533666301317));
#3319=CARTESIAN_POINT('',(-0.0287217875173176,-0.004,-0.0122524047358084));
#3320=CARTESIAN_POINT('',(-0.0287217875173176,0.,-0.0122524047358084));
#3321=CARTESIAN_POINT('',(-0.0277767875173176,0.,-0.0138891927489609));
#3322=CARTESIAN_POINT('',(-0.0277767875173176,-0.004,-0.0138891927489609));
#3323=CARTESIAN_POINT('',(-0.0303748637286709,-0.004,-0.015389192748961));
#3324=CARTESIAN_POINT('',(-0.0303748637286709,0.,-0.015389192748961));
#3325=CARTESIAN_POINT('',(-0.0288748637286709,0.,-0.0179872689603142));
#3326=CARTESIAN_POINT('',(-0.0288748637286709,-0.004,-0.0179872689603142));
#3327=CARTESIAN_POINT('',(-0.0328742422103568,-0.004,-0.0202963112033069));
#3328=CARTESIAN_POINT('',(-0.0328742422103568,0.,-0.0202963112033069));
#3329=CARTESIAN_POINT('',(-0.0368736206920428,0.,-0.0226053534462995));
#3330=CARTESIAN_POINT('',(-0.0368736206920428,-0.004,-0.0226053534462995));
#3331=CARTESIAN_POINT('',(-0.0356236206920428,-0.004,-0.0247704169557605));
#3332=CARTESIAN_POINT('',(-0.0356236206920428,0.,-0.0247704169557605));
#3333=CARTESIAN_POINT('',(-0.0381054382474499,0.,-0.025071384764288));
#3334=CARTESIAN_POINT('',(-0.0381054382474308,0.,-0.0250713847642848));
#3335=CARTESIAN_POINT('',(-0.0381054382474308,-0.0013333334360958,-0.0250713847642848));
#3336=CARTESIAN_POINT('',(-0.0381054320907929,-0.0026666668574834,-0.0250714373858397));
#3337=CARTESIAN_POINT('',(-0.038105304315983,-0.004,-0.0250724871308305));
#3338=CARTESIAN_POINT('',(0.0319276065531388,-0.004,-0.0308464430256121));
#3339=CARTESIAN_POINT('',(0.0341400234872965,-0.004,-0.0320105784599377));
#3340=CARTESIAN_POINT('',(0.0341408973834784,-0.0026666672666787,-0.0320089176371033));
#3341=CARTESIAN_POINT('',(0.0341409373184172,-0.00133333365475292,-0.0320088400849133));
#3342=CARTESIAN_POINT('',(0.0341409373184172,0.,-0.0320088400849133));
#3343=CARTESIAN_POINT('',(0.0341409373184172,0.,-0.0320088400849133));
#3344=CARTESIAN_POINT('',(0.0319276065531388,0.,-0.0308464430256121));
#3345=CARTESIAN_POINT('',(0.0331776065531388,0.,-0.028681379516151));
#3346=CARTESIAN_POINT('',(0.0331776065531388,-0.004,-0.028681379516151));
#3347=CARTESIAN_POINT('',(0.0532989865640095,-0.004,0.0395));
#3348=CARTESIAN_POINT('',(0.0532989865640095,0.,0.0395));
#3349=CARTESIAN_POINT('',(0.0292487351409049,-0.004,-0.0264130445486863));
#3350=CARTESIAN_POINT('',(0.0292487351409049,0.,-0.0264130445486863));
#3351=CARTESIAN_POINT('',(-0.0507989865640096,-0.004,0.0355));
#3352=CARTESIAN_POINT('',(-0.0507989865640096,0.,0.0355));
#3353=CARTESIAN_POINT('',(-0.0138775778573537,0.,0.00653666993492941));
#3354=CARTESIAN_POINT('',(-0.0447909373184172,0.,-0.0135624989843048));
#3355=CARTESIAN_POINT('',(-0.044762647386352,0.,-0.0135461657844116));
#3356=CARTESIAN_POINT('',(-0.0447343574542867,0.,-0.0135298325845184));
#3357=CARTESIAN_POINT('',(-0.0447060675222215,0.,-0.0135134993846252));
#3358=CARTESIAN_POINT('',(-0.0447060675222215,0.,-0.0135134993846252));
#3359=CARTESIAN_POINT('',(-0.00269452617471876,0.,0.045444353576053));
#3360=CARTESIAN_POINT('',(-0.0039609602335598,0.,0.0459252525400868));
#3361=CARTESIAN_POINT('',(-0.0064938294268845,-7.03503037984755E-32,0.0468870457304685));
#3362=CARTESIAN_POINT('',(-0.00965991054032678,1.93463335445808E-31,0.0480893109068764));
#3363=CARTESIAN_POINT('',(-0.0121927867253293,-3.34163943042759E-31,0.0490510733022977));
#3364=CARTESIAN_POINT('',(-0.0141454849936826,1.27509925634737E-30,0.0495387723274569));
#3365=CARTESIAN_POINT('',(-0.0161392056661158,-4.76623308234671E-30,0.049845785769824));
#3366=CARTESIAN_POINT('',(-0.0181870284013825,1.77898330730395E-29,0.0499145034807729));
#3367=CARTESIAN_POINT('',(-0.020254608156472,-6.63930992098113E-29,0.0498962003070847));
#3368=CARTESIAN_POINT('',(-0.0230044797026411,3.52507784758211E-28,0.049902193618823));
#3369=CARTESIAN_POINT('',(-0.0264441875404214,-2.84053474384203E-27,0.0498992558951699));
#3370=CARTESIAN_POINT('',(-0.0305708207923528,1.03710226848899E-26,0.0499001952557667));
#3371=CARTESIAN_POINT('',(-0.034697729209794,-3.86435559957174E-26,0.0498999630817631));
#3372=CARTESIAN_POINT('',(-0.0388245531186007,1.4420320129798E-25,0.0498999524171807));
#3373=CARTESIAN_POINT('',(-0.0429514398964359,-5.38169249196202E-25,0.049900227249514));
#3374=CARTESIAN_POINT('',(-0.0470781597067911,2.00847379548683E-24,0.0498991385847634));
#3375=CARTESIAN_POINT('',(-0.0505175970494968,-5.91169264471146E-24,0.0499025384403208));
#3376=CARTESIAN_POINT('',(-0.0532680204056182,1.02393520013833E-23,0.0498956030904699));
#3377=CARTESIAN_POINT('',(-0.0553339149763928,-3.90834765223452E-23,0.0499167830352623));
#3378=CARTESIAN_POINT('',(-0.0573880645914552,1.46094554087997E-22,0.0498372647684808));
#3379=CARTESIAN_POINT('',(-0.0594343961407779,-5.45294739829645E-22,0.0494223893937791));
#3380=CARTESIAN_POINT('',(-0.0613979324551721,2.03508440523058E-21,0.048739680834878));
#3381=CARTESIAN_POINT('',(-0.0632350496278223,-7.59504288109272E-21,0.0477977822550749));
#3382=CARTESIAN_POINT('',(-0.0649511161555955,2.83450871191402E-20,0.0465897032361051));
#3383=CARTESIAN_POINT('',(-0.0669566234948709,-1.50495436500337E-19,0.0447112958158323));
#3384=CARTESIAN_POINT('',(-0.0689660535226465,5.11334565575231E-20,0.0418412283704536));
#3385=CARTESIAN_POINT('',(-0.0703271513661765,-1.37126111181826E-20,0.0378810306245374));
#3386=CARTESIAN_POINT('',(-0.0705439890731456,3.71698791520722E-21,0.0336965249893892));
#3387=CARTESIAN_POINT('',(-0.0697791430075271,-3.43285799670734E-22,0.0303063150534788));
#3388=CARTESIAN_POINT('',(-0.0685877664140903,-1.25483143634121E-22,0.0277870761776545));
#3389=CARTESIAN_POINT('',(-0.0671628054788361,1.09618466147546E-21,0.0254195121892633));
#3390=CARTESIAN_POINT('',(-0.0654548054429959,-9.23824623510856E-21,0.0224118661876374));
#3391=CARTESIAN_POINT('',(-0.0633738229624869,3.3789914099642E-20,0.0188233512061682));
#3392=CARTESIAN_POINT('',(-0.0613012484188168,-1.2592141016346E-19,0.0152293009685901));
#3393=CARTESIAN_POINT('',(-0.0592264245652915,4.69895726554197E-19,0.0116367315349661));
#3394=CARTESIAN_POINT('',(-0.056460778497367,-2.32969725760723E-19,0.00684612167719055));
#3395=CARTESIAN_POINT('',(-0.0530034511612798,-5.31465457056729E-20,0.000858036942161603));
#3396=CARTESIAN_POINT('',(-0.0488547745584838,4.89003639549039E-19,-0.00632774123897077));
#3397=CARTESIAN_POINT('',(-0.0460889680231901,0.,-0.0111182454551358));
#3398=CARTESIAN_POINT('',(-0.0447060675222215,0.,-0.0135134993846252));
#3399=CARTESIAN_POINT('',(-0.00269452617471877,0.,0.045444353576053));
#3400=CARTESIAN_POINT('',(-0.0026945261747188,0.,0.045444353576053));
#3401=CARTESIAN_POINT('',(-0.00268292977988041,0.,0.045474892359626));
#3402=CARTESIAN_POINT('',(-0.00267133338504203,0.,0.0455054311431989));
#3403=CARTESIAN_POINT('',(-0.00265973699020364,0.,0.0455359699267719));
#3404=CARTESIAN_POINT('',(0.01065,0.,0.0455713390692182));
#3405=CARTESIAN_POINT('',(0.01065,0.,0.0455386726694317));
#3406=CARTESIAN_POINT('',(0.01065,0.,0.0455060062696453));
#3407=CARTESIAN_POINT('',(0.01065,0.,0.0454733398698588));
#3408=CARTESIAN_POINT('',(0.01065,0.,0.0454733398698588));
#3409=CARTESIAN_POINT('',(0.0407032277427835,0.,-0.0203886486695579));
#3410=CARTESIAN_POINT('',(0.0417529154917109,0.,-0.0195323340844008));
#3411=CARTESIAN_POINT('',(0.0438522874244305,-1.20011756894184E-19,-0.0178197016137094));
#3412=CARTESIAN_POINT('',(0.046476520166006,3.30032331459007E-19,-0.0156789275272304));
#3413=CARTESIAN_POINT('',(0.0485758689253468,3.52670496572516E-20,-0.0139662736040884));
#3414=CARTESIAN_POINT('',(0.049974577804712,-1.6329800302541E-19,-0.0125190368103483));
#3415=CARTESIAN_POINT('',(0.0512373195813219,6.1792496244439E-19,-0.0109459307811547));
#3416=CARTESIAN_POINT('',(0.0523207422323269,-1.38423864017037E-19,-0.0092068231254408));
#3417=CARTESIAN_POINT('',(0.0533386810964878,5.54768758024851E-20,-0.00740709494633886));
#3418=CARTESIAN_POINT('',(0.0547188072297905,2.98027462504378E-20,-0.00502863298608149));
#3419=CARTESIAN_POINT('',(0.0564361170053678,3.00153131428357E-21,-0.00204828975514085));
#3420=CARTESIAN_POINT('',(0.0585002471414736,1.26626577149646E-20,0.00152500979283486));
#3421=CARTESIAN_POINT('',(0.060563500281609,7.5930104775223E-20,0.00509913340843257));
#3422=CARTESIAN_POINT('',(0.062626903000213,-2.03477399511214E-20,0.00867307308269524));
#3423=CARTESIAN_POINT('',(0.0646905844009129,5.46085502926289E-21,0.0122469244546761));
#3424=CARTESIAN_POINT('',(0.0667530014947605,-1.49568016593011E-21,0.0158213129771194));
#3425=CARTESIAN_POINT('',(0.068475664527395,1.85608001059594E-22,0.0187982531628487));
#3426=CARTESIAN_POINT('',(0.0698448700163007,-3.49583687212483E-23,0.0211836573353372));
#3427=CARTESIAN_POINT('',(0.0708961596719289,9.36706627060986E-24,0.0229621845427721));
#3428=CARTESIAN_POINT('',(0.0718543696403627,-2.50989636119097E-24,0.0247808894259809));
#3429=CARTESIAN_POINT('',(0.072518242801128,6.72519174154047E-25,0.0267605022196108));
#3430=CARTESIAN_POINT('',(0.0729087680029357,-1.80180335425222E-25,0.02880232882858));
#3431=CARTESIAN_POINT('',(0.0730116184913632,4.82021675468368E-26,0.0308642682597252));
#3432=CARTESIAN_POINT('',(0.0728234246350428,-1.26283347621266E-26,0.0329544649768461));
#3433=CARTESIAN_POINT('',(0.0721994297600676,7.29100692293459E-27,0.0356304889902712));
#3434=CARTESIAN_POINT('',(0.0707185934556825,-2.47738849577833E-27,0.0388057401641418));
#3435=CARTESIAN_POINT('',(0.0679695105254746,6.64867976436174E-28,0.0419645843466331));
#3436=CARTESIAN_POINT('',(0.0644540411966415,-1.82083409966368E-28,0.0442446241269412));
#3437=CARTESIAN_POINT('',(0.0611356102351714,2.25408178633534E-29,0.0452773529720861));
#3438=CARTESIAN_POINT('',(0.0583581970737879,-4.15679016076225E-30,0.0455052100146082));
#3439=CARTESIAN_POINT('',(0.0555953460471286,2.39992310122033E-30,0.045454939639473));
#3440=CARTESIAN_POINT('',(0.0521366481862098,-8.15357107171725E-31,0.0454795912195837));
#3441=CARTESIAN_POINT('',(0.0479884118101418,2.18449285788139E-31,0.045471665017367));
#3442=CARTESIAN_POINT('',(0.0438395857300867,-5.84400359808348E-32,0.0454737879301009));
#3443=CARTESIAN_POINT('',(0.0396909174089461,1.53108581352003E-32,0.0454732224813821));
#3444=CARTESIAN_POINT('',(0.0341593045385302,-8.8414814583551E-33,0.0454734076575707));
#3445=CARTESIAN_POINT('',(0.0272448073699373,3.01904244919443E-33,0.0454733167228354));
#3446=CARTESIAN_POINT('',(0.018947402617719,-8.62583556912694E-34,0.0454733464832936));
#3447=CARTESIAN_POINT('',(0.0134158010019366,0.,0.0454733398698599));
#3448=CARTESIAN_POINT('',(0.01065,0.,0.0454733398698588));
#3449=CARTESIAN_POINT('',(0.0407032277427835,0.,-0.020388648669558));
#3450=CARTESIAN_POINT('',(0.0407032277427835,0.,-0.020388648669558));
#3451=CARTESIAN_POINT('',(0.040723876907742,0.,-0.0204139608338702));
#3452=CARTESIAN_POINT('',(0.0407445260727004,0.,-0.0204392729981824));
#3453=CARTESIAN_POINT('',(0.0407651752376588,0.,-0.0204645851624946));
#3454=CARTESIAN_POINT('',(0.0341409373184172,0.,-0.0320088400849134));
#3455=CARTESIAN_POINT('',(0.034112647386352,0.,-0.0319925068850201));
#3456=CARTESIAN_POINT('',(0.0340843574542867,0.,-0.0319761736851269));
#3457=CARTESIAN_POINT('',(0.0340560675222215,0.,-0.0319598404852337));
#3458=CARTESIAN_POINT('',(0.0340560675222215,0.,-0.0319598404852337));
#3459=CARTESIAN_POINT('',(-0.0380087015680647,0.,-0.0250557049064951));
#3460=CARTESIAN_POINT('',(-0.0377919552581511,0.,-0.0263929184556865));
#3461=CARTESIAN_POINT('',(-0.037358457997546,1.17860699603956E-21,-0.0290673441167603));
#3462=CARTESIAN_POINT('',(-0.0368166096256793,-3.24116923910879E-21,-0.0324103833796483));
#3463=CARTESIAN_POINT('',(-0.0363830822000173,5.59838323118791E-21,-0.0350847996982124));
#3464=CARTESIAN_POINT('',(-0.0358290928110289,-2.1362251803217E-20,-0.0370197355171121));
#3465=CARTESIAN_POINT('',(-0.0350981139152052,7.98506239816802E-20,-0.0388998549886731));
#3466=CARTESIAN_POINT('',(-0.0341337138309429,-3.4004185176305E-20,-0.0407076803553358));
#3467=CARTESIAN_POINT('',(-0.0330840729400144,5.61661167235397E-20,-0.0424891053607498));
#3468=CARTESIAN_POINT('',(-0.0317143275271478,-6.012700505369E-20,-0.0448735606327455));
#3469=CARTESIAN_POINT('',(-0.0299919294649448,2.60312461865512E-19,-0.0478509661400334));
#3470=CARTESIAN_POINT('',(-0.0279294263491191,-1.19277986227612E-19,-0.0514252050486061));
#3471=CARTESIAN_POINT('',(-0.0258657710718132,2.16799483044936E-19,-0.0549990964902005));
#3472=CARTESIAN_POINT('',(-0.0238023498816105,-5.76477113481279E-20,-0.058573025499881));
#3473=CARTESIAN_POINT('',(-0.0217391445044751,1.37913623475758E-20,-0.0621471517041953));
#3474=CARTESIAN_POINT('',(-0.0196748417879672,2.4822619578249E-21,-0.0657204515618883));
#3475=CARTESIAN_POINT('',(-0.0179580674778962,-1.9353298156092E-20,-0.0687007916031751));
#3476=CARTESIAN_POINT('',(-0.0165768496106804,3.43394842894006E-20,-0.071079260425813));
#3477=CARTESIAN_POINT('',(-0.0155622446955342,1.43572848443867E-19,-0.0728789675780405));
#3478=CARTESIAN_POINT('',(-0.0144663050489044,-5.89251925198052E-20,-0.0746181541944675));
#3479=CARTESIAN_POINT('',(-0.0130838466603466,9.21279216353533E-20,-0.0761828916133949));
#3480=CARTESIAN_POINT('',(-0.0115108355477594,-3.02784018919946E-20,-0.0775420096634623));
#3481=CARTESIAN_POINT('',(-0.00977656886353642,2.89856859326254E-20,-0.0786620505148038));
#3482=CARTESIAN_POINT('',(-0.00787230847944252,-9.10909634281978E-21,-0.0795441682129538));
#3483=CARTESIAN_POINT('',(-0.00524280626519157,1.29706313658116E-20,-0.0803417848061054));
#3484=CARTESIAN_POINT('',(-0.00175253993303102,-4.70510783218641E-21,-0.0806469685345956));
#3485=CARTESIAN_POINT('',(0.00235764084070642,1.26269502085255E-21,-0.0798456149711696));
#3486=CARTESIAN_POINT('',(0.00608994787650765,-3.45672251223815E-22,-0.0779411491163284));
#3487=CARTESIAN_POINT('',(0.00864353277235844,4.23829448316139E-23,-0.0755836680255627));
#3488=CARTESIAN_POINT('',(0.0102295693403045,-7.1548504521417E-24,-0.0732922861922598));
#3489=CARTESIAN_POINT('',(0.0115674594317094,5.46157881236551E-25,-0.0708744518287338));
#3490=CARTESIAN_POINT('',(0.0133181572567879,3.08588313295795E-23,-0.0678914574072186));
#3491=CARTESIAN_POINT('',(0.0153854111523466,-1.17918948509886E-22,-0.0642950162235331));
#3492=CARTESIAN_POINT('',(0.0174616626887315,4.40816962709964E-22,-0.0607030888986891));
#3493=CARTESIAN_POINT('',(0.0195355071563466,-1.64534890232997E-21,-0.0571099540163465));
#3494=CARTESIAN_POINT('',(0.0223014739588378,8.73588782958989E-21,-0.05231952933476));
#3495=CARTESIAN_POINT('',(0.0257586437913429,-7.03962459546593E-20,-0.0463313536649959));
#3496=CARTESIAN_POINT('',(0.0299073719407654,2.57022669232197E-19,-0.039145605244323));
#3497=CARTESIAN_POINT('',(0.0326731670212532,0.,-0.034355094414723));
#3498=CARTESIAN_POINT('',(0.0340560675222215,0.,-0.0319598404852337));
#3499=CARTESIAN_POINT('',(-0.0380087015680647,0.,-0.0250557049064951));
#3500=CARTESIAN_POINT('',(-0.0380087015680647,0.,-0.0250557049064951));
#3501=CARTESIAN_POINT('',(-0.0380409471278598,0.,-0.0250609315257594));
#3502=CARTESIAN_POINT('',(-0.0380731926876549,0.,-0.0250661581450237));
#3503=CARTESIAN_POINT('',(-0.0381054382474499,0.,-0.025071384764288));
#3504=CARTESIAN_POINT('',(-0.01196,-0.024002,-0.00812109688771198));
#3505=CARTESIAN_POINT('',(-0.01196,-0.024002,-0.010242193775424));
#3506=CARTESIAN_POINT('',(-0.01196,-0.024,-0.010242193775424));
#3507=CARTESIAN_POINT('',(-0.01196,-0.024,-0.00812109688771198));
#3508=CARTESIAN_POINT('',(-0.01196,-0.024,-0.006));
#3509=CARTESIAN_POINT('',(-0.01196,-0.024002,-0.006));
#3510=CARTESIAN_POINT('',(-0.00666479128114971,-0.024002,-0.00718500359618049));
#3511=CARTESIAN_POINT('',(-0.00136958256229942,-0.024002,-0.00412781341693701));
#3512=CARTESIAN_POINT('',(-0.00136958256229942,-0.024,-0.00412781341693701));
#3513=CARTESIAN_POINT('',(-0.00666479128114971,-0.024,-0.00718500359618049));
#3514=CARTESIAN_POINT('',(-0.000119582562299423,-0.024002,-0.0062928769263981));
#3515=CARTESIAN_POINT('',(0.00204548094716167,-0.024002,-0.0050428769263981));
#3516=CARTESIAN_POINT('',(0.00204548094716167,-0.024,-0.0050428769263981));
#3517=CARTESIAN_POINT('',(-0.000119582562299423,-0.024,-0.0062928769263981));
#3518=CARTESIAN_POINT('',(0.00343798094716168,-0.024002,-0.00745475767593777));
#3519=CARTESIAN_POINT('',(0.00483048094716169,-0.024002,-0.00986663842547744));
#3520=CARTESIAN_POINT('',(0.00483048094716169,-0.024,-0.00986663842547744));
#3521=CARTESIAN_POINT('',(0.00343798094716168,-0.024,-0.00745475767593777));
#3522=CARTESIAN_POINT('',(0.00800331668493416,-0.024002,-0.00861215112736966));
#3523=CARTESIAN_POINT('',(0.00906092859752499,-0.0191,-0.00819398869466707));
#3524=CARTESIAN_POINT('',(0.0110821424749208,-0.0191,-0.00739483382327989));
#3525=CARTESIAN_POINT('',(0.00906092859752499,-0.0089,-0.00819398869466707));
#3526=CARTESIAN_POINT('',(0.0110821424749208,-0.0089,-0.00739483382327989));
#3527=CARTESIAN_POINT('',(0.0111761524227066,-0.024002,-0.00735766382926188));
#3528=CARTESIAN_POINT('',(0.0111761524227066,-0.024,-0.00735766382926188));
#3529=CARTESIAN_POINT('',(0.00800331668493416,-0.024,-0.00861215112736966));
#3530=CARTESIAN_POINT('',(0.0130130762113533,-0.024002,-0.0062971153854059));
#3531=CARTESIAN_POINT('',(0.01485,-0.024002,-0.0052365669415499));
#3532=CARTESIAN_POINT('',(0.01485,-0.024,-0.0052365669415499));
#3533=CARTESIAN_POINT('',(0.0130130762113533,-0.024,-0.0062971153854059));
#3534=CARTESIAN_POINT('',(0.0095547912811497,-0.024002,-0.00217937676230643));
#3535=CARTESIAN_POINT('',(0.00425958256229941,-0.024002,0.000877813416937033));
#3536=CARTESIAN_POINT('',(0.00425958256229941,-0.024,0.000877813416937033));
#3537=CARTESIAN_POINT('',(0.0095547912811497,-0.024,-0.00217937676230643));
#3538=CARTESIAN_POINT('',(0.00550958256229941,-0.024002,0.00304287692639812));
#3539=CARTESIAN_POINT('',(0.00334451905283831,-0.024002,0.00429287692639811));
#3540=CARTESIAN_POINT('',(0.00334451905283831,-0.024,0.00429287692639811));
#3541=CARTESIAN_POINT('',(0.00550958256229941,-0.024,0.00304287692639812));
#3542=CARTESIAN_POINT('',(0.00473701905283831,-0.024002,0.00670475767593778));
#3543=CARTESIAN_POINT('',(0.00612951905283832,-0.024002,0.00911663842547746));
#3544=CARTESIAN_POINT('',(0.00612951905283832,-0.024,0.00911663842547746));
#3545=CARTESIAN_POINT('',(0.00473701905283831,-0.024,0.00670475767593778));
#3546=CARTESIAN_POINT('',(0.00345668331506583,-0.024002,0.0112371511273697));
#3547=CARTESIAN_POINT('',(0.00256573806914167,-0.0191,0.0119439886946671));
#3548=CARTESIAN_POINT('',(0.00086304271026439,-0.0191,0.0132948338232799));
#3549=CARTESIAN_POINT('',(0.00256573806914167,-0.0089,0.0119439886946671));
#3550=CARTESIAN_POINT('',(0.000863042710264385,-0.0089,0.0132948338232799));
#3551=CARTESIAN_POINT('',(0.000783847577293351,-0.024002,0.0133576638292619));
#3552=CARTESIAN_POINT('',(0.000783847577293351,-0.024,0.0133576638292619));
#3553=CARTESIAN_POINT('',(0.00345668331506583,-0.024,0.0112371511273697));
#3554=CARTESIAN_POINT('',(-0.00105307621135332,-0.024002,0.0144182122731179));
#3555=CARTESIAN_POINT('',(-0.00289,-0.024002,0.0154787607169738));
#3556=CARTESIAN_POINT('',(-0.00289,-0.024,0.0154787607169738));
#3557=CARTESIAN_POINT('',(-0.00105307621135332,-0.024,0.0144182122731179));
#3558=CARTESIAN_POINT('',(-0.00289,-0.024002,0.00936438035848692));
#3559=CARTESIAN_POINT('',(-0.00289,-0.024002,0.00325));
#3560=CARTESIAN_POINT('',(-0.00289,-0.024,0.00325));
#3561=CARTESIAN_POINT('',(-0.00289,-0.024,0.00936438035848692));
#3562=CARTESIAN_POINT('',(-0.00539,-0.024002,0.00325));
#3563=CARTESIAN_POINT('',(-0.00539,-0.024002,0.000749999999999989));
#3564=CARTESIAN_POINT('',(-0.00539,-0.024,0.000749999999999989));
#3565=CARTESIAN_POINT('',(-0.00539,-0.024,0.00325));
#3566=CARTESIAN_POINT('',(-0.01146,-0.024002,-0.002625));
#3567=CARTESIAN_POINT('',(-0.0116266666666667,-0.0191,-0.00375));
#3568=CARTESIAN_POINT('',(-0.0119451851851852,-0.0191,-0.0059));
#3569=CARTESIAN_POINT('',(-0.0116266666666667,-0.0089,-0.00375));
#3570=CARTESIAN_POINT('',(-0.0119451851851852,-0.0089,-0.0059));
#3571=CARTESIAN_POINT('',(-0.01146,-0.024,-0.002625));
#3572=CARTESIAN_POINT('',(-0.01096,-0.024,0.000749999999999987));
#3573=CARTESIAN_POINT('',(-0.01096,-0.024002,0.000749999999999987));
#3574=CARTESIAN_POINT('',(-0.008175,-0.024002,0.000749999999999988));
#3575=CARTESIAN_POINT('',(-0.008175,-0.024,0.000749999999999988));
#3576=CARTESIAN_POINT('',(0.00807102540378442,-0.024,0.0119794260685338));
#3577=CARTESIAN_POINT('',(0.0474157113426182,-0.024002,-0.000373578877565298));
#3578=CARTESIAN_POINT('',(-0.0233843268730203,-0.024002,0.04125));
#3579=CARTESIAN_POINT('',(-0.024031384469598,-0.024002,-0.0408764211224347));
#3580=CARTESIAN_POINT('',(-0.0414144668323244,-0.01,-0.00341471901775565));
#3581=CARTESIAN_POINT('',(0.01775,-0.01,0.0375733398698588));
#3582=CARTESIAN_POINT('',(0.0236644668323244,-0.01,-0.0341586208521031));
#3583=CARTESIAN_POINT('',(0.0508256622231381,-0.0089,-0.00346737070119069));
#3584=CARTESIAN_POINT('',(0.0508256622231381,-0.0089,-0.00346737070119069));
#3585=CARTESIAN_POINT('',(0.0489637076050016,-0.0089,-0.00239237070119069));
#3586=CARTESIAN_POINT('',(0.0505704003393566,-0.014,-0.00331999518387562));
#3587=CARTESIAN_POINT('',(0.0508256622231381,-0.0191,-0.00346737070119069));
#3588=CARTESIAN_POINT('',(0.0508256622231381,-0.0191,-0.00346737070119069));
#3589=CARTESIAN_POINT('',(0.0489637076050016,-0.0191,-0.00239237070119069));
#3590=CARTESIAN_POINT('',(0.0505704003393566,-0.014,-0.00331999518387562));
#3591=CARTESIAN_POINT('',(-0.00026759526419166,-0.0089,0.00703651140655526));
#3592=CARTESIAN_POINT('',(-0.00026759526419166,-0.0089,0.00703651140655526));
#3593=CARTESIAN_POINT('',(0.00159435935394488,-0.0089,0.00596151140655526));
#3594=CARTESIAN_POINT('',(-0.00214782032302756,-0.014,0.00812205985041124));
#3595=CARTESIAN_POINT('',(-0.000267595264191658,-0.0191,0.00703651140655526));
#3596=CARTESIAN_POINT('',(-0.000267595264191658,-0.0191,0.00703651140655526));
#3597=CARTESIAN_POINT('',(0.00159435935394489,-0.0191,0.00596151140655526));
#3598=CARTESIAN_POINT('',(-0.00214782032302756,-0.014,0.00812205985041124));
#3599=CARTESIAN_POINT('',(-0.0284156622231381,-0.0089,-0.0422826292988093));
#3600=CARTESIAN_POINT('',(-0.0284156622231381,-0.0089,-0.0422826292988093));
#3601=CARTESIAN_POINT('',(-0.0265537076050015,-0.0089,-0.0412076292988093));
#3602=CARTESIAN_POINT('',(-0.0281604003393566,-0.014,-0.0421352537814942));
#3603=CARTESIAN_POINT('',(-0.0284156622231381,-0.0191,-0.0422826292988093));
#3604=CARTESIAN_POINT('',(-0.0284156622231381,-0.0191,-0.0422826292988093));
#3605=CARTESIAN_POINT('',(-0.0265537076050015,-0.0191,-0.0412076292988093));
#3606=CARTESIAN_POINT('',(-0.0281604003393566,-0.014,-0.0421352537814942));
#3607=CARTESIAN_POINT('',(0.00622759526419165,-0.0089,-0.00328651140655524));
#3608=CARTESIAN_POINT('',(0.00622759526419165,-0.0089,-0.00328651140655524));
#3609=CARTESIAN_POINT('',(0.00436564064605511,-0.0089,-0.00436151140655524));
#3610=CARTESIAN_POINT('',(0.00810782032302755,-0.014,-0.00220096296269926));
#3611=CARTESIAN_POINT('',(0.00622759526419165,-0.0191,-0.00328651140655525));
#3612=CARTESIAN_POINT('',(0.00622759526419165,-0.0191,-0.00328651140655525));
#3613=CARTESIAN_POINT('',(0.00436564064605511,-0.0191,-0.00436151140655525));
#3614=CARTESIAN_POINT('',(0.00810782032302755,-0.014,-0.00220096296269926));
#3615=CARTESIAN_POINT('',(-0.02241,-0.0089,0.04575));
#3616=CARTESIAN_POINT('',(-0.02241,-0.0089,0.04575));
#3617=CARTESIAN_POINT('',(-0.02241,-0.0089,0.0436));
#3618=CARTESIAN_POINT('',(-0.02241,-0.014,0.0454552489653698));
#3619=CARTESIAN_POINT('',(-0.02241,-0.0191,0.04575));
#3620=CARTESIAN_POINT('',(-0.02241,-0.0191,0.04575));
#3621=CARTESIAN_POINT('',(-0.02241,-0.0191,0.0436));
#3622=CARTESIAN_POINT('',(-0.02241,-0.014,0.0454552489653698));
#3623=CARTESIAN_POINT('',(-0.00596,-0.0089,-0.00375));
#3624=CARTESIAN_POINT('',(-0.00596,-0.0089,-0.00375));
#3625=CARTESIAN_POINT('',(-0.00596,-0.0089,-0.0016));
#3626=CARTESIAN_POINT('',(-0.00596,-0.014,-0.00592109688771198));
#3627=CARTESIAN_POINT('',(-0.00596,-0.0191,-0.00375));
#3628=CARTESIAN_POINT('',(-0.00596,-0.0191,-0.00375));
#3629=CARTESIAN_POINT('',(-0.00596,-0.0191,-0.0016));
#3630=CARTESIAN_POINT('',(-0.00596,-0.014,-0.00592109688771198));
#3631=CARTESIAN_POINT('',(0.040053605295571,0.,-0.0209185978634606));
#3632=CARTESIAN_POINT('',(0.0400536050844579,-0.00329775580931837,-0.0209185992993745));
#3633=CARTESIAN_POINT('',(0.040064628607456,-0.0109939465585329,-0.0209139321630283));
#3634=CARTESIAN_POINT('',(0.039987637307539,-0.0197741062531849,-0.0206448483392336));
#3635=CARTESIAN_POINT('',(0.0398996275967117,-0.0241555226349717,-0.0203804899199174));
#3636=CARTESIAN_POINT('',(0.0407119365558097,1.64539053064639E-21,-0.0203814963962503));
#3637=CARTESIAN_POINT('',(0.0407119362604581,-0.00329772179063985,-0.0203814979048037));
#3638=CARTESIAN_POINT('',(0.0407139547149896,-0.0109938613866958,-0.0203802991008726));
#3639=CARTESIAN_POINT('',(0.0406112394204531,-0.0197739727862268,-0.0201200882901942));
#3640=CARTESIAN_POINT('',(0.0405065123002107,-0.0241553619359883,-0.0198611352389506));
#3641=CARTESIAN_POINT('',(0.0418704330262315,-5.40628317212386E-21,-0.0194366226364389));
#3642=CARTESIAN_POINT('',(0.0418704328036759,-0.00329766310171923,-0.0194366238482981));
#3643=CARTESIAN_POINT('',(0.0418491031730921,-0.0109937177696789,-0.0194467702099478));
#3644=CARTESIAN_POINT('',(0.0416858634273758,-0.0197737362147832,-0.0192132314630872));
#3645=CARTESIAN_POINT('',(0.0415439536689599,-0.0241550638906295,-0.0189696088488953));
#3646=CARTESIAN_POINT('',(0.0436905188621235,1.7864240047018E-20,-0.017951156508997));
#3647=CARTESIAN_POINT('',(0.0436905196481673,-0.00329782467934218,-0.0179511567769055));
#3648=CARTESIAN_POINT('',(0.0436587062173194,-0.0109940661841772,-0.0179684166298083));
#3649=CARTESIAN_POINT('',(0.0434513269237984,-0.0197740468820919,-0.0177574923541439));
#3650=CARTESIAN_POINT('',(0.0432757931326362,-0.0241552959651757,-0.0175293407141336));
#3651=CARTESIAN_POINT('',(0.0452834952386058,-7.81137401634871E-20,-0.0166544257283934));
#3652=CARTESIAN_POINT('',(0.0452834956885249,-0.00329816652266622,-0.0166544264805927));
#3653=CARTESIAN_POINT('',(0.045277998818083,-0.010994808319112,-0.0166582278998594));
#3654=CARTESIAN_POINT('',(0.0451027097390927,-0.0197748133783806,-0.0164274225867313));
#3655=CARTESIAN_POINT('',(0.0449329586388298,-0.0241560053008553,-0.0161928463869247));
#3656=CARTESIAN_POINT('',(0.0466663030499209,2.17421904719615E-19,-0.0155177736554545));
#3657=CARTESIAN_POINT('',(0.0466663042461716,-0.00329849506151793,-0.0155177739147895));
#3658=CARTESIAN_POINT('',(0.046677152250766,-0.010995532816082,-0.0155120823046062));
#3659=CARTESIAN_POINT('',(0.0465185089220624,-0.0197755680682483,-0.0152660172652689));
#3660=CARTESIAN_POINT('',(0.046349056649454,-0.0241567074936148,-0.0150256785196222));
#3661=CARTESIAN_POINT('',(0.0477568114935695,-9.5851548399586E-20,-0.0146447450433756));
#3662=CARTESIAN_POINT('',(0.0477568108653741,-0.00329871793634763,-0.0146447469974672));
#3663=CARTESIAN_POINT('',(0.0477570714447204,-0.0109960264657794,-0.0146438383021001));
#3664=CARTESIAN_POINT('',(0.0475658411679787,-0.0197760522226037,-0.0144071105606667));
#3665=CARTESIAN_POINT('',(0.0473743543826732,-0.0241571328309789,-0.0141713790164768));
#3666=CARTESIAN_POINT('',(0.0486498431901276,2.13910063078522E-19,-0.0138603896832287));
#3667=CARTESIAN_POINT('',(0.04864984232713,-0.00329880242852832,-0.013860392071555));
#3668=CARTESIAN_POINT('',(0.0486201303099096,-0.0109962077270598,-0.0138811678163425));
#3669=CARTESIAN_POINT('',(0.0483640530770934,-0.0197761906157272,-0.0136836938202607));
#3670=CARTESIAN_POINT('',(0.0481377082725761,-0.0241572272703707,-0.0134655154295904));
#3671=CARTESIAN_POINT('',(0.0494397570918884,-9.82834183870815E-20,-0.0130723567475194));
#3672=CARTESIAN_POINT('',(0.0494397591164366,-0.00329873801193294,-0.0130723554350867));
#3673=CARTESIAN_POINT('',(0.0493936192076501,-0.0109960712326353,-0.0131074305543387));
#3674=CARTESIAN_POINT('',(0.0491062284664479,-0.0197760352620117,-0.0129316925069483));
#3675=CARTESIAN_POINT('',(0.048865012926944,-0.0241570570503179,-0.0127209329548541));
#3676=CARTESIAN_POINT('',(0.0501291368116995,1.05645381157163E-19,-0.0123066901236626));
#3677=CARTESIAN_POINT('',(0.0501291325727292,-0.00329872040835586,-0.01230669765654));
#3678=CARTESIAN_POINT('',(0.050125903488257,-0.010996018371215,-0.0123096250881518));
#3679=CARTESIAN_POINT('',(0.0499291113947174,-0.0197759658888811,-0.0120647666414155));
#3680=CARTESIAN_POINT('',(0.0497356665717359,-0.0241569818641687,-0.011816879758287));
#3681=CARTESIAN_POINT('',(0.0507433842839382,-1.6045142037264E-19,-0.0115530184818696));
#3682=CARTESIAN_POINT('',(0.0507433851411828,-0.00329872734118757,-0.0115530200469529));
#3683=CARTESIAN_POINT('',(0.0507767032410192,-0.0109960279322762,-0.0115282315477979));
#3684=CARTESIAN_POINT('',(0.0506604981814732,-0.0197760268536096,-0.0112244984669153));
#3685=CARTESIAN_POINT('',(0.0505109798298121,-0.0241570711396735,-0.010945673852534));
#3686=CARTESIAN_POINT('',(0.0513187714239216,5.56629285066461E-19,-0.0107751231729141));
#3687=CARTESIAN_POINT('',(0.0513187722795935,-0.00329861178097573,-0.0107751232147264));
#3688=CARTESIAN_POINT('',(0.0513449792608795,-0.0109958104516315,-0.0107545930754213));
#3689=CARTESIAN_POINT('',(0.0512214471953334,-0.019775994626232,-0.0104603575621913));
#3690=CARTESIAN_POINT('',(0.0510717917753831,-0.024157202426165,-0.0101866024542611));
#3691=CARTESIAN_POINT('',(0.0519247454198869,-7.49450945211924E-20,-0.00987184841026418));
#3692=CARTESIAN_POINT('',(0.0519247458398873,-0.00329841497391669,-0.00987184864454658));
#3693=CARTESIAN_POINT('',(0.0519258878354131,-0.0109954469925412,-0.00986893728848786));
#3694=CARTESIAN_POINT('',(0.0517581137952622,-0.0197757165471364,-0.00961555351772808));
#3695=CARTESIAN_POINT('',(0.051589260750098,-0.0241570258805782,-0.00936505223956356));
#3696=CARTESIAN_POINT('',(0.0525641601449518,3.59493343680712E-20,-0.00875388144299268));
#3697=CARTESIAN_POINT('',(0.0525641609968968,-0.00329836080964849,-0.00875388195720671));
#3698=CARTESIAN_POINT('',(0.0525617500157405,-0.0109953831463456,-0.00875770814897153));
#3699=CARTESIAN_POINT('',(0.0523899189342547,-0.0197757119384704,-0.00853065535597888));
#3700=CARTESIAN_POINT('',(0.0522205508829318,-0.0241570509485088,-0.00829980933767845));
#3701=CARTESIAN_POINT('',(0.0533563271757063,-1.99491435260377E-20,-0.00738556381022879));
#3702=CARTESIAN_POINT('',(0.0533563273717545,-0.00329850048176452,-0.00738556588062322));
#3703=CARTESIAN_POINT('',(0.0533748219733952,-0.0109957057167707,-0.00737136773883182));
#3704=CARTESIAN_POINT('',(0.0532439152323365,-0.0197761413957363,-0.00712558987746062));
#3705=CARTESIAN_POINT('',(0.0530945678671454,-0.0241575419961206,-0.00689400705311311));
#3706=CARTESIAN_POINT('',(0.0543575037942956,-2.09919715972904E-20,-0.00564952862633799));
#3707=CARTESIAN_POINT('',(0.0543575046644187,-0.00329879111633245,-0.00564952888946865));
#3708=CARTESIAN_POINT('',(0.054401444155776,-0.0109963895076006,-0.00560927044194303));
#3709=CARTESIAN_POINT('',(0.0543169708794921,-0.0197770279625538,-0.00533445258924118));
#3710=CARTESIAN_POINT('',(0.0541885957533584,-0.0241585176277417,-0.00509991771961144));
#3711=CARTESIAN_POINT('',(0.0555761769276205,3.16709783716106E-19,-0.00353938575469222));
#3712=CARTESIAN_POINT('',(0.055576177372645,-0.0032991854703684,-0.00353938656414171));
#3713=CARTESIAN_POINT('',(0.0556174443869632,-0.0109973626235197,-0.00348976507895111));
#3714=CARTESIAN_POINT('',(0.0555194165021533,-0.0197782397086978,-0.003225273542057));
#3715=CARTESIAN_POINT('',(0.0553801494705074,-0.0241598076692954,-0.00301041827269968));
#3716=CARTESIAN_POINT('',(0.0569003908350463,-7.38844744368717E-20,-0.0012455924746649));
#3717=CARTESIAN_POINT('',(0.0569003911034954,-0.00329984006746992,-0.00124559318792975));
#3718=CARTESIAN_POINT('',(0.0569225099182157,-0.0109989394444085,-0.00121045186460854));
#3719=CARTESIAN_POINT('',(0.056775947810774,-0.0197800823326352,-0.00100616842065187));
#3720=CARTESIAN_POINT('',(0.0566073017382554,-0.0241616825256132,-0.000837029671901742));
#3721=CARTESIAN_POINT('',(0.0581963980278231,3.86548688135565E-20,0.00099910757142642));
#3722=CARTESIAN_POINT('',(0.0581963985988868,-0.00330070111012526,0.0009991075202918));
#3723=CARTESIAN_POINT('',(0.0581973230952783,-0.0110009756147341,0.00100392447142495));
#3724=CARTESIAN_POINT('',(0.0579985557240873,-0.0197824524597837,0.00111858436186187));
#3725=CARTESIAN_POINT('',(0.0577989012857773,-0.0241640903696188,0.00122842799917668));
#3726=CARTESIAN_POINT('',(0.0594097467313814,-5.97103484924805E-21,0.00310070269610128));
#3727=CARTESIAN_POINT('',(0.0594097475042011,-0.00330158940273056,0.003100702759115));
#3728=CARTESIAN_POINT('',(0.059403070732955,-0.011003051793639,0.00308339557772532));
#3729=CARTESIAN_POINT('',(0.0591811251250499,-0.0197848780942649,0.00312933287730305));
#3730=CARTESIAN_POINT('',(0.0589658922996897,-0.0241665625788245,0.00319257618259313));
#3731=CARTESIAN_POINT('',(0.0606220161686783,5.16109143586851E-21,0.00520041112147868));
#3732=CARTESIAN_POINT('',(0.0606220165452374,-0.00330256722127947,0.00520041059878481));
#3733=CARTESIAN_POINT('',(0.0606148510671294,-0.0110053315141578,0.00517405367351825));
#3734=CARTESIAN_POINT('',(0.060383071716152,-0.0197875045063569,0.00517812703388147));
#3735=CARTESIAN_POINT('',(0.0601584842381394,-0.0241692067895856,0.00520854485313361));
#3736=CARTESIAN_POINT('',(0.061832368485797,-1.3892255769405E-21,0.00729680463690839));
#3737=CARTESIAN_POINT('',(0.0618323689257214,-0.00330355771797675,0.00729680434559595));
#3738=CARTESIAN_POINT('',(0.0618315898239839,-0.0110076644847364,0.00729127207948574));
#3739=CARTESIAN_POINT('',(0.0616028711775625,-0.0197901760238708,0.00731376582301569));
#3740=CARTESIAN_POINT('',(0.0613749482286702,-0.0241718792767586,0.00734176692076189));
#3741=CARTESIAN_POINT('',(0.0629881337146269,2.96642180291612E-22,0.00929864552752832));
#3742=CARTESIAN_POINT('',(0.0629881340840367,-0.00330460821683051,0.00929864513880242));
#3743=CARTESIAN_POINT('',(0.0629892407942167,-0.0110101404415876,0.00931181790369321));
#3744=CARTESIAN_POINT('',(0.0627538217574931,-0.0197930107722153,0.00934971859244929));
#3745=CARTESIAN_POINT('',(0.0625173145622404,-0.0241747165471363,0.00937442615476082));
#3746=CARTESIAN_POINT('',(0.064032793340084,-2.99606085252666E-23,0.0111080578358341));
#3747=CARTESIAN_POINT('',(0.0640327933140186,-0.00330576644130022,0.0111080574258704));
#3748=CARTESIAN_POINT('',(0.0640305931961559,-0.0110128430755425,0.0111210084970617));
#3749=CARTESIAN_POINT('',(0.0637778772399735,-0.0197961001118116,0.0111383374748664));
#3750=CARTESIAN_POINT('',(0.0635273857671612,-0.0241778142475899,0.0111427048141303));
#3751=CARTESIAN_POINT('',(0.0649498966713242,7.67190820123236E-24,0.0126965105843137));
#3752=CARTESIAN_POINT('',(0.0649498984860172,-0.00330702567000613,0.0126965116518024));
#3753=CARTESIAN_POINT('',(0.0649508264083493,-0.011015733549957,0.0126946825565663));
#3754=CARTESIAN_POINT('',(0.0646942350492107,-0.0197994502171853,0.0126649551526668));
#3755=CARTESIAN_POINT('',(0.0644367455930215,-0.0241812459004211,0.0126370675673493));
#3756=CARTESIAN_POINT('',(0.0659233472000211,-4.56297838027888E-24,0.0143826271206485));
#3757=CARTESIAN_POINT('',(0.0659233498255194,-0.00330870936707686,0.0143826284446978));
#3758=CARTESIAN_POINT('',(0.0659312173915155,-0.0110195846593547,0.014347482486313));
#3759=CARTESIAN_POINT('',(0.0656765059394909,-0.0198038693559031,0.0142308615436628));
#3760=CARTESIAN_POINT('',(0.0654139641588145,-0.0241856978623491,0.0141494036085142));
#3761=CARTESIAN_POINT('',(0.0670938271587132,-3.14726019013886E-25,0.0164095182780956));
#3762=CARTESIAN_POINT('',(0.0670938272369465,-0.00331088330168696,0.0164095167214659));
#3763=CARTESIAN_POINT('',(0.0671060356759193,-0.0110246001514137,0.0163496029210262));
#3764=CARTESIAN_POINT('',(0.0668444962760076,-0.0198094320122289,0.0161571838029086));
#3765=CARTESIAN_POINT('',(0.0665707762497922,-0.0241910763308182,0.01602465277059));
#3766=CARTESIAN_POINT('',(0.0683545721595742,8.42626078174694E-24,0.018595328063678));
#3767=CARTESIAN_POINT('',(0.0683545733881235,-0.00331305775811889,0.0185953276405942));
#3768=CARTESIAN_POINT('',(0.0683599612176555,-0.0110297362053073,0.018571637090109));
#3769=CARTESIAN_POINT('',(0.068068413255387,-0.0198151764335302,0.0184225165612316));
#3770=CARTESIAN_POINT('',(0.0677714764085182,-0.0241966955974347,0.018297023422897));
#3771=CARTESIAN_POINT('',(0.0695003428913433,-2.45033545195146E-23,0.0205732940409954));
#3772=CARTESIAN_POINT('',(0.0695003431792022,-0.00331517358167021,0.0205732934807785));
#3773=CARTESIAN_POINT('',(0.0695031225052854,-0.0110346937041796,0.0205704405104451));
#3774=CARTESIAN_POINT('',(0.0691918171224411,-0.019820925704062,0.0204377179368279));
#3775=CARTESIAN_POINT('',(0.0688777544827892,-0.0242025476924245,0.0203078286622423));
#3776=CARTESIAN_POINT('',(0.0703547184871853,3.48094935532847E-23,0.0220648000034484));
#3777=CARTESIAN_POINT('',(0.0703547188523629,-0.00331675730305924,0.0220647996197978));
#3778=CARTESIAN_POINT('',(0.0703575308910836,-0.0110383629142457,0.0220623189205204));
#3779=CARTESIAN_POINT('',(0.0700364522644027,-0.0198250943016991,0.0219131307931659));
#3780=CARTESIAN_POINT('',(0.069712584857014,-0.0242067164445994,0.0217664076971422));
#3781=CARTESIAN_POINT('',(0.0710309795815942,-8.96791432082113E-23,0.0232116134507811));
#3782=CARTESIAN_POINT('',(0.0710309799170433,-0.00331780916767903,0.0232116127880179));
#3783=CARTESIAN_POINT('',(0.0710305744228389,-0.0110408525141659,0.0232108000924789));
#3784=CARTESIAN_POINT('',(0.0706961918769469,-0.0198279062898195,0.0230532854782967));
#3785=CARTESIAN_POINT('',(0.0703622321398415,-0.0242094677301963,0.0228965543590397));
#3786=CARTESIAN_POINT('',(0.0715431466448338,3.36355942955711E-22,0.0241858757006675));
#3787=CARTESIAN_POINT('',(0.0715431471999492,-0.00331846002809815,0.0241858753686694));
#3788=CARTESIAN_POINT('',(0.0715392584093414,-0.0110422536911216,0.0241910905692716));
#3789=CARTESIAN_POINT('',(0.071193854458647,-0.019829224013361,0.0240371909200178));
#3790=CARTESIAN_POINT('',(0.0708523668805214,-0.0242105910752388,0.0238780520134446));
#3791=CARTESIAN_POINT('',(0.0719530877573775,-1.25574462861461E-21,0.0251427719165664));
#3792=CARTESIAN_POINT('',(0.0719530880425674,-0.00331891126136779,0.0251427714509856));
#3793=CARTESIAN_POINT('',(0.0719483028912633,-0.0110432262434863,0.0251517177164396));
#3794=CARTESIAN_POINT('',(0.071598929177995,-0.0198302126721267,0.0249983117590161));
#3795=CARTESIAN_POINT('',(0.071254377827287,-0.0242115195111824,0.0248359512077925));
#3796=CARTESIAN_POINT('',(0.0722824422376238,4.68662257150269E-21,0.0260765645575957));
#3797=CARTESIAN_POINT('',(0.0722824441243243,-0.00331925690640787,0.0260765654904595));
#3798=CARTESIAN_POINT('',(0.072281859264283,-0.0110439172352066,0.0260798119260097));
#3799=CARTESIAN_POINT('',(0.0719401505408717,-0.0198309407567928,0.025909620464565));
#3800=CARTESIAN_POINT('',(0.0715990576094042,-0.024212283250969,0.0257361785990248));
#3801=CARTESIAN_POINT('',(0.0725409495811514,-1.74907456573961E-20,0.0269978819436943));
#3802=CARTESIAN_POINT('',(0.0725409521980934,-0.0033195150551395,0.0269978838178715));
#3803=CARTESIAN_POINT('',(0.0725482932159359,-0.0110444192739388,0.0269857706830375));
#3804=CARTESIAN_POINT('',(0.0722225371507191,-0.0198313677292397,0.0267804987088071));
#3805=CARTESIAN_POINT('',(0.0718894780732851,-0.0242126087498815,0.0265873272021297));
#3806=CARTESIAN_POINT('',(0.0727370410595327,6.52763600580812E-20,0.0279155547369946));
#3807=CARTESIAN_POINT('',(0.0727370423197008,-0.00331964324596805,0.0279155545189438));
#3808=CARTESIAN_POINT('',(0.0727504771717459,-0.0110446462657766,0.0278905421470573));
#3809=CARTESIAN_POINT('',(0.0724375248555435,-0.0198313898067876,0.0276553485109322));
#3810=CARTESIAN_POINT('',(0.0721111933318188,-0.0242123944298574,0.0274451661610524));
#3811=CARTESIAN_POINT('',(0.0728749446315381,-1.73828090497045E-20,0.0288415971067652));
#3812=CARTESIAN_POINT('',(0.0728749460883454,-0.00331962986352908,0.0288415968982667));
#3813=CARTESIAN_POINT('',(0.0728877558709945,-0.0110445749839602,0.0288178597031578));
#3814=CARTESIAN_POINT('',(0.0725748981570118,-0.0198310653857796,0.0285811981697494));
#3815=CARTESIAN_POINT('',(0.0722492920773185,-0.0242118452692291,0.0283682578822733));
#3816=CARTESIAN_POINT('',(0.0729646178072548,6.65906338411954E-21,0.0298899964027927));
#3817=CARTESIAN_POINT('',(0.072964619466986,-0.0033195417039355,0.0298899972032318));
#3818=CARTESIAN_POINT('',(0.0729708038860842,-0.011044342690567,0.0298796900866944));
#3819=CARTESIAN_POINT('',(0.0726467319901749,-0.0198306478569512,0.0296650158296807));
#3820=CARTESIAN_POINT('',(0.072316532854025,-0.0242113065656333,0.0294606110229703));
#3821=CARTESIAN_POINT('',(0.0729766645163774,-3.29770614275863E-21,0.0310992077752304));
#3822=CARTESIAN_POINT('',(0.0729766658636816,-0.00331948300891135,0.0310992083627915));
#3823=CARTESIAN_POINT('',(0.0729718195902131,-0.0110441832106354,0.0311056208825063));
#3824=CARTESIAN_POINT('',(0.0726285340831818,-0.0198303539302643,0.0309172202050723));
#3825=CARTESIAN_POINT('',(0.0722901599958809,-0.0242109301569869,0.0307223808688901));
#3826=CARTESIAN_POINT('',(0.0728711217256603,-4.19818518028892E-21,0.0324172634389244));
#3827=CARTESIAN_POINT('',(0.0728711227865391,-0.00331936741738489,0.0324172626940787));
#3828=CARTESIAN_POINT('',(0.0728565759019348,-0.0110438758178033,0.0324387504503357));
#3829=CARTESIAN_POINT('',(0.0724981927040785,-0.0198299303951905,0.0322727648369498));
#3830=CARTESIAN_POINT('',(0.0721544274998191,-0.0242104711159091,0.0320853001527684));
#3831=CARTESIAN_POINT('',(0.072668439523548,8.04441574955063E-21,0.0336111541043127));
#3832=CARTESIAN_POINT('',(0.0726684409093731,-0.00331926488226084,0.0336111558308062));
#3833=CARTESIAN_POINT('',(0.0726576916818637,-0.0110435736104903,0.0336278150999394));
#3834=CARTESIAN_POINT('',(0.0723117936502775,-0.0198295437572425,0.0334459960556831));
#3835=CARTESIAN_POINT('',(0.0719767171855938,-0.0242100978543978,0.0332475500788025));
#3836=CARTESIAN_POINT('',(0.072400723928801,-2.08894822247017E-20,0.0346786805571418));
#3837=CARTESIAN_POINT('',(0.072400725144444,-0.00331911206608458,0.0346786831631193));
#3838=CARTESIAN_POINT('',(0.0724017992163715,-0.0110431725723099,0.0346777853995456));
#3839=CARTESIAN_POINT('',(0.0720846761047886,-0.0198290269548799,0.0344556440443303));
#3840=CARTESIAN_POINT('',(0.0717665543990874,-0.0242095324668193,0.0342344491974521));
#3841=CARTESIAN_POINT('',(0.0720627484432995,8.943983463239E-20,0.0357260433488901));
#3842=CARTESIAN_POINT('',(0.0720627498865464,-0.00331884257026721,0.0357260441027289));
#3843=CARTESIAN_POINT('',(0.0720739517654357,-0.0110425189709073,0.0357100916217795));
#3844=CARTESIAN_POINT('',(0.0717829599418995,-0.0198282142138499,0.0354527586573554));
#3845=CARTESIAN_POINT('',(0.0714808396821415,-0.0242086474911961,0.0352114239399823));
#3846=CARTESIAN_POINT('',(0.0715608547646415,-6.44375446569012E-20,0.0369482386917272));
#3847=CARTESIAN_POINT('',(0.0715608562937199,-0.00331833847867742,0.0369482392525141));
#3848=CARTESIAN_POINT('',(0.0715709908440059,-0.0110413416278076,0.0369344021286548));
#3849=CARTESIAN_POINT('',(0.0712859806223621,-0.0198268268777228,0.0366757776290928));
#3850=CARTESIAN_POINT('',(0.0709909154050229,-0.0242072196684191,0.0364310163954248));
#3851=CARTESIAN_POINT('',(0.0707841862571245,2.31574624121956E-20,0.0384067795312722));
#3852=CARTESIAN_POINT('',(0.0707841875762864,-0.00331752420020845,0.0384067801858688));
#3853=CARTESIAN_POINT('',(0.0707807954926604,-0.0110394626124866,0.0384117966020629));
#3854=CARTESIAN_POINT('',(0.070480373698707,-0.0198247016904061,0.0381849526911886));
#3855=CARTESIAN_POINT('',(0.0701834233342353,-0.0242051061324857,0.0379531210316214));
#3856=CARTESIAN_POINT('',(0.0697720921839642,-5.32514211152828E-21,0.0398513574747207));
#3857=CARTESIAN_POINT('',(0.0697720932465384,-0.00331648515031955,0.0398513585990527));
#3858=CARTESIAN_POINT('',(0.0697549062704538,-0.0110370674992135,0.0398704087761309));
#3859=CARTESIAN_POINT('',(0.0694409174152221,-0.0198220288567074,0.0396671369165654));
#3860=CARTESIAN_POINT('',(0.069144182683338,-0.0242024769454257,0.0394448742289973));
#3861=CARTESIAN_POINT('',(0.0686666543430086,5.38396912843501E-22,0.0410794139843364));
#3862=CARTESIAN_POINT('',(0.0686666548377101,-0.00331535419389943,0.041079415482518));
#3863=CARTESIAN_POINT('',(0.0686671925176425,-0.0110344702568406,0.0410789682311374));
#3864=CARTESIAN_POINT('',(0.0684026761678415,-0.0198191722758186,0.0408347844098484));
#3865=CARTESIAN_POINT('',(0.0681376363431265,-0.0241996941123479,0.0405911499013779));
#3866=CARTESIAN_POINT('',(0.0676076481193864,-1.38660984768044E-22,0.042042761571008));
#3867=CARTESIAN_POINT('',(0.0676076485377769,-0.003314203209828,0.0420427627800128));
#3868=CARTESIAN_POINT('',(0.0676233099353656,-0.0110318513223594,0.0420261650423681));
#3869=CARTESIAN_POINT('',(0.0674019264623607,-0.019816311591825,0.0417494880241674));
#3870=CARTESIAN_POINT('',(0.0671649158525802,-0.0241969253472731,0.0414894792822082));
#3871=CARTESIAN_POINT('',(0.0664687069616439,8.55775186127027E-23,0.0429081945806157));
#3872=CARTESIAN_POINT('',(0.0664687079989392,-0.00331299626373926,0.0429081953928405));
#3873=CARTESIAN_POINT('',(0.0664788049360164,-0.011029109052347,0.0428978748852586));
#3874=CARTESIAN_POINT('',(0.066259940690017,-0.019813327062801,0.0426347034300563));
#3875=CARTESIAN_POINT('',(0.0660310283220485,-0.0241940394284018,0.0423819147915494));
#3876=CARTESIAN_POINT('',(0.0650526262095762,-3.06384251374461E-23,0.0437750063918449));
#3877=CARTESIAN_POINT('',(0.0650526275263303,-0.00331156802162324,0.0437750072784009));
#3878=CARTESIAN_POINT('',(0.0650473234286386,-0.0110258551970262,0.0437805052046123));
#3879=CARTESIAN_POINT('',(0.0648141783523746,-0.0198098034709579,0.0435517462372795));
#3880=CARTESIAN_POINT('',(0.064586371438052,-0.0241906506987632,0.0433175562481211));
#3881=CARTESIAN_POINT('',(0.0634006185624193,8.87257469040811E-24,0.0445287545367403));
#3882=CARTESIAN_POINT('',(0.0634006181985491,-0.00330993690048403,0.0445287557066446));
#3883=CARTESIAN_POINT('',(0.0633807869664958,-0.0110221507640417,0.0445454762748653));
#3884=CARTESIAN_POINT('',(0.0631356885307613,-0.0198058529400814,0.044346504862992));
#3885=CARTESIAN_POINT('',(0.0629104346094618,-0.0241868941718987,0.0441308866029428));
#3886=CARTESIAN_POINT('',(0.0616763481949004,-1.89434872738369E-24,0.0450659375986533));
#3887=CARTESIAN_POINT('',(0.061676348864477,-0.00330818641139874,0.0450659380142215));
#3888=CARTESIAN_POINT('',(0.0616779722401889,-0.0110182251073323,0.0450653496566141));
#3889=CARTESIAN_POINT('',(0.0614921553647928,-0.019801748571448,0.044842157646435));
#3890=CARTESIAN_POINT('',(0.0613046587717614,-0.0241830888684104,0.0446195943053011));
#3891=CARTESIAN_POINT('',(0.0600547670904778,1.90703394576016E-25,0.0453659076335296));
#3892=CARTESIAN_POINT('',(0.0600547668549565,-0.00330662415032153,0.0453659079164983));
#3893=CARTESIAN_POINT('',(0.0600659330948221,-0.0110147371808627,0.0453563921315385));
#3894=CARTESIAN_POINT('',(0.0599145451909077,-0.0197980179737563,0.0451259797492759));
#3895=CARTESIAN_POINT('',(0.0597519856826442,-0.0241795241520213,0.0449051293439289));
#3896=CARTESIAN_POINT('',(0.0585621833529652,-4.79492235828608E-26,0.0454880409935814));
#3897=CARTESIAN_POINT('',(0.0585621836061438,-0.00330534661684322,0.0454880418751888));
#3898=CARTESIAN_POINT('',(0.0585664227404164,-0.0110118954902503,0.045483349665514));
#3899=CARTESIAN_POINT('',(0.0584164272010473,-0.0197950432562986,0.0452727365400604));
#3900=CARTESIAN_POINT('',(0.0582621637741027,-0.0241767254766457,0.0450668686540479));
#3901=CARTESIAN_POINT('',(0.0569620330508782,2.506811154686E-26,0.0454644795163058));
#3902=CARTESIAN_POINT('',(0.0569620337944808,-0.00330412858679125,0.0454644807362966));
#3903=CARTESIAN_POINT('',(0.0569513524384069,-0.0110090863171944,0.0454736421370852));
#3904=CARTESIAN_POINT('',(0.0567891498904447,-0.0197919918612223,0.0453020784958575));
#3905=CARTESIAN_POINT('',(0.0566375895457628,-0.0241737986032723,0.045121394716813));
#3906=CARTESIAN_POINT('',(0.0550125649241866,4.23099664956661E-26,0.0454765111206095));
#3907=CARTESIAN_POINT('',(0.0550125652718769,-0.00330280985499392,0.0454765119355622));
#3908=CARTESIAN_POINT('',(0.0549783138399012,-0.0110060131352391,0.0454984819454912));
#3909=CARTESIAN_POINT('',(0.0547912724709303,-0.0197886102750585,0.0453633339432967));
#3910=CARTESIAN_POINT('',(0.0546384589691406,-0.0241705338729328,0.0452062509590198));
#3911=CARTESIAN_POINT('',(0.0527087936089236,-2.46029875615463E-25,0.045472425743218));
#3912=CARTESIAN_POINT('',(0.0527087934983355,-0.00330136132923273,0.0454724262829375));
#3913=CARTESIAN_POINT('',(0.0526566699151364,-0.0110026859829029,0.0454976602328423));
#3914=CARTESIAN_POINT('',(0.0524609811311633,-0.0197849914092131,0.0453800058586006));
#3915=CARTESIAN_POINT('',(0.0523174116193798,-0.024167061473604,0.045237139111806));
#3916=CARTESIAN_POINT('',(0.0502146776752046,9.24848368783181E-25,0.045473584809354));
#3917=CARTESIAN_POINT('',(0.0502146781814385,-0.00329995480536618,0.0454735852679559));
#3918=CARTESIAN_POINT('',(0.0501651125918408,-0.010999485927472,0.0454896928958986));
#3919=CARTESIAN_POINT('',(0.0500038883283347,-0.0197814726118338,0.0453639036436905));
#3920=CARTESIAN_POINT('',(0.0498922179368581,-0.0241636463553814,0.0452220183772979));
#3921=CARTESIAN_POINT('',(0.0477184415889201,-3.45336359951727E-24,0.0454732742385189));
#3922=CARTESIAN_POINT('',(0.0477184424567653,-0.00329878791266075,0.0454732745007164));
#3923=CARTESIAN_POINT('',(0.0477007904726508,-0.0109968471046322,0.0454760774828783));
#3924=CARTESIAN_POINT('',(0.0476317889164517,-0.0197785483198715,0.0453325661839984));
#3925=CARTESIAN_POINT('',(0.0475804196201875,-0.0241607886507222,0.0451862611541765));
#3926=CARTESIAN_POINT('',(0.0452918159205502,1.28886060292859E-23,0.0454733574557233));
#3927=CARTESIAN_POINT('',(0.0452918153696242,-0.00329800404013031,0.0454733576396921));
#3928=CARTESIAN_POINT('',(0.0453038975613524,-0.0109950717057626,0.0454711447844465));
#3929=CARTESIAN_POINT('',(0.0453200071548644,-0.0197765998003437,0.0453252969333556));
#3930=CARTESIAN_POINT('',(0.0453240119995997,-0.0241588976228898,0.0451816776237798));
#3931=CARTESIAN_POINT('',(0.042905478255358,-4.81010605176268E-23,0.0454733351577405));
#3932=CARTESIAN_POINT('',(0.0429054782033686,-0.00329754644593179,0.0454733354367544));
#3933=CARTESIAN_POINT('',(0.0429307600180023,-0.0109940189744978,0.0454764932882236));
#3934=CARTESIAN_POINT('',(0.0429975212802221,-0.0197754753967949,0.0453476173982507));
#3935=CARTESIAN_POINT('',(0.0430389873339506,-0.0241578348019526,0.0452155966634508));
#3936=CARTESIAN_POINT('',(0.0405236791999582,1.79515636041221E-22,0.0454733411324672));
#3937=CARTESIAN_POINT('',(0.0405236793254243,-0.00329719967209086,0.0454733412843981));
#3938=CARTESIAN_POINT('',(0.0405355856941533,-0.0109932310270119,0.0454767280155174));
#3939=CARTESIAN_POINT('',(0.040599572259178,-0.0197746179053171,0.0453530138597741));
#3940=CARTESIAN_POINT('',(0.0406516564122595,-0.0241570085279457,0.0452259232270301));
#3941=CARTESIAN_POINT('',(0.0381224337735077,-6.69961483647253E-22,0.0454733395315433));
#3942=CARTESIAN_POINT('',(0.0381224337118054,-0.00329691931494373,0.0454733398402946));
#3943=CARTESIAN_POINT('',(0.0381143971585635,-0.0109926117226432,0.0454711554008057));
#3944=CARTESIAN_POINT('',(0.0381628706112099,-0.0197739421408642,0.0453394483787999));
#3945=CARTESIAN_POINT('',(0.0382193921107284,-0.0241563500225779,0.0452099337751977));
#3946=CARTESIAN_POINT('',(0.03567124448948,2.50033029854778E-21,0.0454733399605123));
#3947=CARTESIAN_POINT('',(0.0356712452160153,-0.00329671892578989,0.0454733396687675));
#3948=CARTESIAN_POINT('',(0.0356616736299263,-0.0109921776987194,0.0454620174346287));
#3949=CARTESIAN_POINT('',(0.035732777621226,-0.0197734590521819,0.0453135635887295));
#3950=CARTESIAN_POINT('',(0.0358134514752353,-0.0241558726167448,0.0451764421277716));
#3951=CARTESIAN_POINT('',(0.0331538994715399,-9.3313597105437E-21,0.0454733398455603));
#3952=CARTESIAN_POINT('',(0.0331538953197576,-0.00329694154088762,0.0454733416257103));
#3953=CARTESIAN_POINT('',(0.0331616937580731,-0.0109926185060411,0.0454845151709932));
#3954=CARTESIAN_POINT('',(0.0332946318216089,-0.0197740666029765,0.04538085565438));
#3955=CARTESIAN_POINT('',(0.0334197242106682,-0.0241566228741376,0.0452660274255017));
#3956=CARTESIAN_POINT('',(0.0302884076074973,3.48251085436267E-20,0.0454733398763995));
#3957=CARTESIAN_POINT('',(0.0302884079467515,-0.00329758425485029,0.0454733404350478));
#3958=CARTESIAN_POINT('',(0.0303357847963946,-0.0109940004315394,0.0455246536635507));
#3959=CARTESIAN_POINT('',(0.0305855525047033,-0.0197755874483999,0.0455006471539975));
#3960=CARTESIAN_POINT('',(0.0307879177222091,-0.0241580665991461,0.0454253425377644));
#3961=CARTESIAN_POINT('',(0.0275479025449189,-1.20813842074652E-19,0.0454733398684616));
#3962=CARTESIAN_POINT('',(0.0275479024723653,-0.00329802434215985,0.0454733408626758));
#3963=CARTESIAN_POINT('',(0.0275752442785729,-0.0109950690617855,0.0455110231634643));
#3964=CARTESIAN_POINT('',(0.0278218039990592,-0.0197766583512855,0.045459973880766));
#3965=CARTESIAN_POINT('',(0.028041069594972,-0.0241589786463821,0.0453712559392399));
#3966=CARTESIAN_POINT('',(0.0252840043343953,1.23535734415503E-20,0.0454733398700017));
#3967=CARTESIAN_POINT('',(0.0252840046862752,-0.00329847381810843,0.0454733405599449));
#3968=CARTESIAN_POINT('',(0.0252939839898239,-0.0109961810040875,0.0454905201599392));
#3969=CARTESIAN_POINT('',(0.0255341783778595,-0.0197779365895121,0.0453987269668073));
#3970=CARTESIAN_POINT('',(0.0257644246628208,-0.0241602538499123,0.0452897650569707));
#3971=CARTESIAN_POINT('',(0.0236662830173558,-2.16763881271041E-21,0.0454733398698337));
#3972=CARTESIAN_POINT('',(0.0236662832889982,-0.00329882809879871,0.0454733403223665));
#3973=CARTESIAN_POINT('',(0.0236726894992618,-0.0109970402799836,0.045478615885221));
#3974=CARTESIAN_POINT('',(0.0239227381431921,-0.0197789245328041,0.0453631183272767));
#3975=CARTESIAN_POINT('',(0.0241664000655399,-0.0241612487907566,0.0452423557667892));
#3976=CARTESIAN_POINT('',(0.0225233789639225,5.08962748712906E-22,0.0454733398698647));
#3977=CARTESIAN_POINT('',(0.022523378751714,-0.00329902195950268,0.0454733400960169));
#3978=CARTESIAN_POINT('',(0.0225235323649109,-0.0109975064137532,0.0454726617747131));
#3979=CARTESIAN_POINT('',(0.0227694912371776,-0.0197794871990876,0.0453453619132604));
#3980=CARTESIAN_POINT('',(0.0230153062543316,-0.024161850204152,0.0452187503124028));
#3981=CARTESIAN_POINT('',(0.0215034792928434,-2.07520681283141E-22,0.0454733398698565));
#3982=CARTESIAN_POINT('',(0.0215034793652677,-0.00329913266783707,0.0454733400084746));
#3983=CARTESIAN_POINT('',(0.0214972032730154,-0.0109977661900531,0.0454702723324217));
#3984=CARTESIAN_POINT('',(0.0217350038158945,-0.019779815518065,0.0453380129706843));
#3985=CARTESIAN_POINT('',(0.0219790784235578,-0.0241622140075176,0.0452088323189554));
#3986=CARTESIAN_POINT('',(0.0203495187497443,2.00841026701282E-22,0.0454733398698604));
#3987=CARTESIAN_POINT('',(0.0203495187184366,-0.00329922463750345,0.0454733399814283));
#3988=CARTESIAN_POINT('',(0.0203431168916549,-0.0109979544392954,0.0454735965824268));
#3989=CARTESIAN_POINT('',(0.0205832958679918,-0.0197800968381413,0.0453468489773838));
#3990=CARTESIAN_POINT('',(0.0208298737475356,-0.0241625819676768,0.0452198472511975));
#3991=CARTESIAN_POINT('',(0.0190429921643437,-6.58600618160763E-22,0.0454733398698582));
#3992=CARTESIAN_POINT('',(0.0190429884849536,-0.00329930648345356,0.0454733430676671));
#3993=CARTESIAN_POINT('',(0.0190488161133303,-0.0109980475983723,0.0454924872570948));
#3994=CARTESIAN_POINT('',(0.0193115024536798,-0.0197803743767189,0.0454006221182642));
#3995=CARTESIAN_POINT('',(0.0195684433510438,-0.0241631054133665,0.045289579046638));
#3996=CARTESIAN_POINT('',(0.0177041221858447,2.86512324126687E-21,0.045473339869859));
#3997=CARTESIAN_POINT('',(0.0177041062345018,-0.00329951388734297,0.0454733542133203));
#3998=CARTESIAN_POINT('',(0.0177517811938829,-0.010998356311689,0.0455448792114101));
#3999=CARTESIAN_POINT('',(0.0180900115901561,-0.0197810092177376,0.0455520177266615));
#4000=CARTESIAN_POINT('',(0.0183810238057511,-0.0241640588893704,0.0454874394544165));
#4001=CARTESIAN_POINT('',(0.0164884834284978,-9.84685126648451E-21,0.0454733398698587));
#4002=CARTESIAN_POINT('',(0.0164884955155748,-0.00329944530575534,0.0454733364789108));
#4003=CARTESIAN_POINT('',(0.0165715083737028,-0.0109980857855221,0.0455828575076568));
#4004=CARTESIAN_POINT('',(0.0169730126498916,-0.0197799985116742,0.0456544595680543));
#4005=CARTESIAN_POINT('',(0.0172913138947652,-0.0241621691276476,0.0456167238793214));
#4006=CARTESIAN_POINT('',(0.0154847102676847,2.74953503055457E-20,0.0454733398698588));
#4007=CARTESIAN_POINT('',(0.015484683759671,-0.0032987287081089,0.0454733519463255));
#4008=CARTESIAN_POINT('',(0.0155471649682232,-0.0109964482468307,0.0455521954472674));
#4009=CARTESIAN_POINT('',(0.0158944049564795,-0.0197773587835627,0.0455537331549101));
#4010=CARTESIAN_POINT('',(0.0161793099652861,-0.0241589694889594,0.0454762269359091));
#4011=CARTESIAN_POINT('',(0.0147088580127089,-3.90082383220372E-20,0.0454733398698588));
#4012=CARTESIAN_POINT('',(0.0147088239056317,-0.00329798258700034,0.0454733528680917));
#4013=CARTESIAN_POINT('',(0.014736690716003,-0.0109948326171806,0.045508916485256));
#4014=CARTESIAN_POINT('',(0.015006558358033,-0.0197755348237551,0.0454143913610218));
#4015=CARTESIAN_POINT('',(0.0152487647837547,-0.024157128030988,0.0452839390519692));
#4016=CARTESIAN_POINT('',(0.0140746229568766,1.00479247167697E-19,0.0454733398698588));
#4017=CARTESIAN_POINT('',(0.0140746114530456,-0.0032974453990517,0.0454733506782823));
#4018=CARTESIAN_POINT('',(0.0140789724819555,-0.0109936461398819,0.0454788619560701));
#4019=CARTESIAN_POINT('',(0.0142978497662232,-0.0197742741109116,0.0453143302427188));
#4020=CARTESIAN_POINT('',(0.0145121251894704,-0.0241558846115632,0.0451443230310315));
#4021=CARTESIAN_POINT('',(0.0134987148901981,-3.76857498897725E-19,0.0454733398698588));
#4022=CARTESIAN_POINT('',(0.0134987184275607,-0.00329716272748392,0.0454733379230818));
#4023=CARTESIAN_POINT('',(0.0134977194232391,-0.0109929390048715,0.0454681218067996));
#4024=CARTESIAN_POINT('',(0.0137021574024413,-0.0197737064998338,0.0452718506466302));
#4025=CARTESIAN_POINT('',(0.0139075481345481,-0.0241555618218244,0.0450809272835033));
#4026=CARTESIAN_POINT('',(0.012985518048941,1.29625342573969E-19,0.0454733398698589));
#4027=CARTESIAN_POINT('',(0.0129855197548748,-0.00329705796216035,0.0454733396940041));
#4028=CARTESIAN_POINT('',(0.0129893883462571,-0.0109926117037139,0.0454764187367037));
#4029=CARTESIAN_POINT('',(0.0131956251104477,-0.0197734269144984,0.045288205852971));
#4030=CARTESIAN_POINT('',(0.0133980998536713,-0.0241554401653677,0.045096833171434));
#4031=CARTESIAN_POINT('',(0.0125150426307752,-1.41643871398156E-19,0.0454733398698589));
#4032=CARTESIAN_POINT('',(0.0125150413774622,-0.00329692715861643,0.0454733407000027));
#4033=CARTESIAN_POINT('',(0.0125229082877691,-0.0109922900530924,0.0454812070867949));
#4034=CARTESIAN_POINT('',(0.0127275745785778,-0.0197727114004955,0.0452945718641913));
#4035=CARTESIAN_POINT('',(0.0129241359568358,-0.024154379566953,0.0451002053894148));
#4036=CARTESIAN_POINT('',(0.0120734436321929,4.36950143018647E-19,0.0454733398698589));
#4037=CARTESIAN_POINT('',(0.0120734291986798,-0.00329669314668148,0.0454733453724922));
#4038=CARTESIAN_POINT('',(0.0120731146967942,-0.0109917533475721,0.0454724372168376));
#4039=CARTESIAN_POINT('',(0.0122493254060487,-0.0197719559932357,0.0452621487352584));
#4040=CARTESIAN_POINT('',(0.0124256838650573,-0.0241535285467508,0.0450527592056699));
#4041=CARTESIAN_POINT('',(0.0116447147135071,3.10122498375242E-19,0.0454733398698589));
#4042=CARTESIAN_POINT('',(0.0116447131434911,-0.00329650644820322,0.0454733408585232));
#4043=CARTESIAN_POINT('',(0.0116344650884647,-0.0109913094097369,0.0454642011312994));
#4044=CARTESIAN_POINT('',(0.0117798849656804,-0.0197715203447616,0.0452317828734688));
#4045=CARTESIAN_POINT('',(0.0119353511620416,-0.024153162911326,0.0450085839215109));
#4046=CARTESIAN_POINT('',(0.0110722285367321,-3.52645256992295E-19,0.0454733398698589));
#4047=CARTESIAN_POINT('',(0.0110722325228507,-0.00329643747262302,0.0454733389066525));
#4048=CARTESIAN_POINT('',(0.0110620934758661,-0.0109910911846508,0.0454652806019576));
#4049=CARTESIAN_POINT('',(0.011191352804296,-0.019771383958192,0.0452296086076395));
#4050=CARTESIAN_POINT('',(0.0113308911488903,-0.0241531967979561,0.0450019749241071));
#4051=CARTESIAN_POINT('',(0.0106098903715201,1.94066849072893E-19,0.0454733398698589));
#4052=CARTESIAN_POINT('',(0.0106098870934498,-0.00329655597605434,0.0454733449836273));
#4053=CARTESIAN_POINT('',(0.0106107504320858,-0.0109913226502011,0.0454763296161598));
#4054=CARTESIAN_POINT('',(0.0107495033392736,-0.0197716934623546,0.0452614386021836));
#4055=CARTESIAN_POINT('',(0.0108876937032191,-0.0241536067628896,0.045043496926408));
#4056=CARTESIAN_POINT('',(0.0102970316280003,0.,0.0454733398698588));
#4057=CARTESIAN_POINT('',(0.0102970309981108,-0.00329661803943159,0.0454733428187731));
#4058=CARTESIAN_POINT('',(0.010304638088898,-0.0109914510882438,0.045482625487762));
#4059=CARTESIAN_POINT('',(0.0104499031478566,-0.0197717940049786,0.0452789330119729));
#4060=CARTESIAN_POINT('',(0.0105877826474585,-0.0241536354135756,0.0450659176526837));
#4061=CARTESIAN_POINT('',(0.0583789584197529,-0.00296331938991503,0.00131761758627747));
#4062=CARTESIAN_POINT('',(0.0580264561808385,-0.0046504353104829,0.000713209383352197));
#4063=CARTESIAN_POINT('',(0.0583697866686279,-0.00633493936815336,0.00132227817545421));
#4064=CARTESIAN_POINT('',(0.0592086909953435,-0.00703227804867679,0.00278044625309774));
#4065=CARTESIAN_POINT('',(0.0600566175264451,-0.00633594660400009,0.00423751472984235));
#4066=CARTESIAN_POINT('',(0.0604106097965053,-0.00465032045467199,0.00483945956355979));
#4067=CARTESIAN_POINT('',(0.0600643887702292,-0.00296739216913152,0.00423571040214784));
#4068=CARTESIAN_POINT('',(0.0592225322864366,-0.00226732379697759,0.00277741962474674));
#4069=CARTESIAN_POINT('',(0.0583789584197529,-0.00296331938991503,0.00131761758627747));
#4070=CARTESIAN_POINT('',(0.0580264561808385,-0.0046504353104829,0.000713209383352197));
#4071=CARTESIAN_POINT('',(0.0583697866686279,-0.00633493936815336,0.00132227817545421));
#4072=CARTESIAN_POINT('',(0.0581424283019557,-0.00465,0.000915455549190036));
#4073=CARTESIAN_POINT('',(0.0194334010274154,-0.00331325774111767,0.0454747561069531));
#4074=CARTESIAN_POINT('',(0.0201331791860994,-0.00500043181883647,0.045472840556802));
#4075=CARTESIAN_POINT('',(0.0194338822281869,-0.00668501498353647,0.0454682719290439));
#4076=CARTESIAN_POINT('',(0.0177519274170108,-0.00738222756676381,0.0455089087617048));
#4077=CARTESIAN_POINT('',(0.0160660462017011,-0.00668607248814681,0.045519369824297));
#4078=CARTESIAN_POINT('',(0.015367626566716,-0.00500057301163052,0.0454882452863336));
#4079=CARTESIAN_POINT('',(0.0160634488654013,-0.00331750200859555,0.0454889768029202));
#4080=CARTESIAN_POINT('',(0.0177473400966177,-0.00261731190517297,0.0454791850469379));
#4081=CARTESIAN_POINT('',(0.0194334010274154,-0.00331325774111767,0.0454747561069531));
#4082=CARTESIAN_POINT('',(0.0201331791860994,-0.00500043181883647,0.045472840556802));
#4083=CARTESIAN_POINT('',(0.0194338822281869,-0.00668501498353647,0.0454682719290439));
#4084=CARTESIAN_POINT('',(0.0199,-0.005,0.0454723983772008));
#4085=CARTESIAN_POINT('',(0.01065,0.,0.0454733398698588));
#4086=CARTESIAN_POINT('',(0.01065,-0.00133333408556378,0.0454733398698588));
#4087=CARTESIAN_POINT('',(0.010649932065112,-0.002666669447892,0.0454733494058798));
#4088=CARTESIAN_POINT('',(0.0106515373854708,-0.00399999999998783,0.0454706898605647));
#4089=CARTESIAN_POINT('',(0.0407032277427835,0.,-0.0203886486695579));
#4090=CARTESIAN_POINT('',(0.0407032277427835,-0.00133333447863045,-0.0203886486695579));
#4091=CARTESIAN_POINT('',(0.0407031502157631,-0.00266667042137774,-0.0203885101340365));
#4092=CARTESIAN_POINT('',(0.0407017270562729,-0.00400000000001197,-0.0203851775553025));
#4093=CARTESIAN_POINT('',(0.01065,0.,0.0455746661014998));
#4094=CARTESIAN_POINT('',(0.0106500000626624,-0.00126578229316106,0.0455746660851156));
#4095=CARTESIAN_POINT('',(0.0106500018070002,-0.00261290094895174,0.0455748198750353));
#4096=CARTESIAN_POINT('',(0.0106520008440649,-0.00402551542766856,0.0455719700541977));
#4097=CARTESIAN_POINT('',(0.01065,0.,0.0455406876154744));
#4098=CARTESIAN_POINT('',(0.0106500000628792,-0.00126577453686021,0.04554068759889));
#4099=CARTESIAN_POINT('',(0.0106499495820085,-0.00261286490792639,0.0455408410035383));
#4100=CARTESIAN_POINT('',(0.0106518557010456,-0.0040254317503987,0.0455379916545831));
#4101=CARTESIAN_POINT('',(0.01065,0.,0.0455067091294489));
#4102=CARTESIAN_POINT('',(0.010650000063096,-0.00126576678055936,0.0455067091126644));
#4103=CARTESIAN_POINT('',(0.0106498973570168,-0.00261282886690104,0.0455068621320412));
#4104=CARTESIAN_POINT('',(0.0106517105580263,-0.00402534807312884,0.0455040132549685));
#4105=CARTESIAN_POINT('',(0.01065,0.,0.0454727306434235));
#4106=CARTESIAN_POINT('',(0.0106500000633128,-0.00126575902425851,0.0454727306264388));
#4107=CARTESIAN_POINT('',(0.0106498451320251,-0.00261279282587568,0.0454728832605441));
#4108=CARTESIAN_POINT('',(0.0106515654150069,-0.00402526439585898,0.0454700348553539));
#4109=CARTESIAN_POINT('',(0.0407678895047648,0.,-0.0204679123660455));
#4110=CARTESIAN_POINT('',(0.0407678895008908,-0.00126590974348053,-0.0204679123545239));
#4111=CARTESIAN_POINT('',(0.0407679060114364,-0.00261303229225701,-0.0204679317048545));
#4112=CARTESIAN_POINT('',(0.0407664222969737,-0.0040255496985762,-0.0204643255999351));
#4113=CARTESIAN_POINT('',(0.0407462070318937,0.,-0.0204413335519814));
#4114=CARTESIAN_POINT('',(0.0407462070280201,-0.00126590283820095,-0.0204413335404426));
#4115=CARTESIAN_POINT('',(0.040746216534449,-0.0026129931537313,-0.0204413580608027));
#4116=CARTESIAN_POINT('',(0.0407447187146718,-0.00402545378357454,-0.0204377633037221));
#4117=CARTESIAN_POINT('',(0.0407245245590226,0.,-0.0204147547379173));
#4118=CARTESIAN_POINT('',(0.0407245245551494,-0.00126589593292137,-0.0204147547263613));
#4119=CARTESIAN_POINT('',(0.0407245270574617,-0.00261295401520559,-0.0204147844167509));
#4120=CARTESIAN_POINT('',(0.0407230151323699,-0.00402535786857289,-0.0204112010075092));
#4121=CARTESIAN_POINT('',(0.0407028420861515,0.,-0.0203881759238533));
#4122=CARTESIAN_POINT('',(0.0407028420822788,-0.00126588902764179,-0.0203881759122799));
#4123=CARTESIAN_POINT('',(0.0407028375804744,-0.00261291487667988,-0.0203882107726991));
#4124=CARTESIAN_POINT('',(0.040701311550068,-0.00402526195357124,-0.0203846387112962));
#4125=CARTESIAN_POINT('',(-0.0019107654864777,0.,0.0451467386308497));
#4126=CARTESIAN_POINT('',(-0.00191076413740935,-0.00329773887627386,0.0451467391659705));
#4127=CARTESIAN_POINT('',(-0.00192031765933253,-0.0109938844544686,0.0451539521747022));
#4128=CARTESIAN_POINT('',(-0.00211485258719322,-0.0197739935866561,0.0449527370518726));
#4129=CARTESIAN_POINT('',(-0.00229978608857584,-0.02415538764935,0.0447443424806107));
#4130=CARTESIAN_POINT('',(-0.00270507463161107,6.43976843873992E-42,0.0454483194927167));
#4131=CARTESIAN_POINT('',(-0.00270507317751765,-0.00329770485776568,0.045448319991205));
#4132=CARTESIAN_POINT('',(-0.00270712057830597,-0.0109937992829961,0.0454494686103676));
#4133=CARTESIAN_POINT('',(-0.00288110945497276,-0.0197738601203346,0.0452304125426795));
#4134=CARTESIAN_POINT('',(-0.00305300318935476,-0.0241552269512057,0.0450102430732936));
#4135=CARTESIAN_POINT('',(-0.004102607546188,-2.11592391558597E-41,0.0459791699863908));
#4136=CARTESIAN_POINT('',(-0.00410260638543291,-0.00329764616913759,0.0459791703995771));
#4137=CARTESIAN_POINT('',(-0.00408315476286132,-0.0109936556665779,0.0459657717160784));
#4138=CARTESIAN_POINT('',(-0.00420378321989768,-0.0197736235501527,0.0457076363459467));
#4139=CARTESIAN_POINT('',(-0.00434380935748928,-0.0241549289077472,0.0454629312144618));
#4140=CARTESIAN_POINT('',(-0.00629910186695999,6.99174859063191E-41,0.0468126774936207));
#4141=CARTESIAN_POINT('',(-0.00629910202796058,-0.00329780774593988,0.0468126783082957));
#4142=CARTESIAN_POINT('',(-0.00626824815833965,-0.0109940040799571,0.0467937571898149));
#4143=CARTESIAN_POINT('',(-0.00634722260069668,-0.019773934218222,0.046508703415096));
#4144=CARTESIAN_POINT('',(-0.00645703881299668,-0.0241551609847327,0.0462426147766944));
#4145=CARTESIAN_POINT('',(-0.00821859185307301,-3.05723406794579E-40,0.0475438701129809));
#4146=CARTESIAN_POINT('',(-0.00821859142660999,-0.00329814958752786,0.0475438708787093));
#4147=CARTESIAN_POINT('',(-0.00821255092777403,-0.0109947462124725,0.047541011188317));
#4148=CARTESIAN_POINT('',(-0.0083247878307523,-0.01977470071453,0.0472738078082966));
#4149=CARTESIAN_POINT('',(-0.00844305934495558,-0.0241558703221852,0.0470095149843879));
#4150=CARTESIAN_POINT('',(-0.00989436532915998,8.50951001495093E-40,0.0481730907696621));
#4151=CARTESIAN_POINT('',(-0.00989436570268495,-0.00329847812470418,0.0481730919352944));
#4152=CARTESIAN_POINT('',(-0.00990471867770652,-0.0109954707070245,0.0481796407105782));
#4153=CARTESIAN_POINT('',(-0.0100384936870956,-0.0197754554043375,0.0479192231504405));
#4154=CARTESIAN_POINT('',(-0.010161905215499,-0.0241565725165725,0.0476523079829869));
#4155=CARTESIAN_POINT('',(-0.0111956845072752,-1.37864080207752E-39,0.0486809844788636));
#4156=CARTESIAN_POINT('',(-0.0111956825009262,-0.00329870099839178,0.0486809849118731));
#4157=CARTESIAN_POINT('',(-0.0111965997342825,-0.0109959643550773,0.0486807562348806));
#4158=CARTESIAN_POINT('',(-0.0113059951630714,-0.0197759395590966,0.0483967864573705));
#4159=CARTESIAN_POINT('',(-0.0114143996166591,-0.024156997855745,0.0481130926317308));
#4160=CARTESIAN_POINT('',(-0.012321472023036,5.35293260785374E-39,0.0490621949343942));
#4161=CARTESIAN_POINT('',(-0.0123214695232372,-0.00329878549013121,0.049062195381176));
#4162=CARTESIAN_POINT('',(-0.0122886215289935,-0.0109961456158225,0.0490468520494416));
#4163=CARTESIAN_POINT('',(-0.0123315992420964,-0.0197760779529045,0.0487263503631981));
#4164=CARTESIAN_POINT('',(-0.0124073733646886,-0.0241570922964807,0.0484212453586633));
#4165=CARTESIAN_POINT('',(-0.0133988855152594,-4.9057796894696E-38,0.049352263972267));
#4166=CARTESIAN_POINT('',(-0.0133988876641059,-0.00329872107386348,0.0493522650693425));
#4167=CARTESIAN_POINT('',(-0.0133454423143417,-0.0109960091218166,0.0493298445261528));
#4168=CARTESIAN_POINT('',(-0.0133539396029345,-0.0197759225994342,0.0489930926617165));
#4169=CARTESIAN_POINT('',(-0.0134158534573085,-0.0241569220769019,0.0486788187107797));
#4170=CARTESIAN_POINT('',(-0.0144066621222549,1.71255136213052E-37,0.0495664510105487));
#4171=CARTESIAN_POINT('',(-0.014406653479198,-0.00329870347038701,0.0495664511059336));
#4172=CARTESIAN_POINT('',(-0.0144025037492374,-0.0109959562606391,0.049565118366235));
#4173=CARTESIAN_POINT('',(-0.0145161595229134,-0.0197758532265026,0.0492722666812652));
#4174=CARTESIAN_POINT('',(-0.01463411158738,-0.0241568468909326,0.0489807995841));
#4175=CARTESIAN_POINT('',(-0.0153664846462789,-2.76986425289063E-37,0.0497215691048214));
#4176=CARTESIAN_POINT('',(-0.0153664837195364,-0.00329871040320661,0.0497215706297332));
#4177=CARTESIAN_POINT('',(-0.0154046098477208,-0.010995965821627,0.0497380305320786));
#4178=CARTESIAN_POINT('',(-0.015609545312781,-0.0197759141905395,0.0494855316009907));
#4179=CARTESIAN_POINT('',(-0.0157762531610961,-0.0241569361655708,0.0492166369132025));
#4180=CARTESIAN_POINT('',(-0.0163278553153108,9.71170685058749E-37,0.0498309213305799));
#4181=CARTESIAN_POINT('',(-0.0163278557069064,-0.00329859484358008,0.0498309220925133));
#4182=CARTESIAN_POINT('',(-0.0163587385027331,-0.0109957483414614,0.0498433528067682));
#4183=CARTESIAN_POINT('',(-0.0165517854006692,-0.0197758819603582,0.0495892572488549));
#4184=CARTESIAN_POINT('',(-0.0167140343852283,-0.0241570674470651,0.0493227785312321));
#4185=CARTESIAN_POINT('',(-0.0174131012043456,-7.21653809425655E-36,0.0499040728237938));
#4186=CARTESIAN_POINT('',(-0.0174131012114443,-0.0032983980374867,0.049904073304664));
#4187=CARTESIAN_POINT('',(-0.0174161934858014,-0.0109953848832193,0.0499036066285646));
#4188=CARTESIAN_POINT('',(-0.0175517412075506,-0.0197756038798916,0.0496316223448839));
#4189=CARTESIAN_POINT('',(-0.0176842531451477,-0.0241568908983406,0.049360144855673));
#4190=CARTESIAN_POINT('',(-0.018700996361127,1.42089598765765E-35,0.0498988387356181));
#4191=CARTESIAN_POINT('',(-0.0187009963417798,-0.00329834387349738,0.049898839730514));
#4192=CARTESIAN_POINT('',(-0.0186964773183286,-0.010995321036844,0.0498986648573316));
#4193=CARTESIAN_POINT('',(-0.0188071934892025,-0.0197755992705271,0.0496363324173474));
#4194=CARTESIAN_POINT('',(-0.0189224261582562,-0.0241569159653174,0.0493742364078815));
#4195=CARTESIAN_POINT('',(-0.020282077706924,-5.49383231861014E-35,0.0499007166919101));
#4196=CARTESIAN_POINT('',(-0.0202820760119563,-0.00329848354490489,0.0499007178968721));
#4197=CARTESIAN_POINT('',(-0.0203036190429526,-0.0109956436060825,0.049909635529313));
#4198=CARTESIAN_POINT('',(-0.0204510136054182,-0.0197760287263964,0.0496733818119516));
#4199=CARTESIAN_POINT('',(-0.0205768948133399,-0.0241574070110206,0.0494282556544767));
#4200=CARTESIAN_POINT('',(-0.0222861165873317,5.42961371962403E-34,0.049899743485338));
#4201=CARTESIAN_POINT('',(-0.0222861167945153,-0.00329877417799273,0.0498997443704389));
#4202=CARTESIAN_POINT('',(-0.0223429507947965,-0.0109963273943265,0.0499176676784036));
#4203=CARTESIAN_POINT('',(-0.0225387112584366,-0.0197769152906736,0.0497071062684285));
#4204=CARTESIAN_POINT('',(-0.022677635294175,-0.0241583826398957,0.0494786664155432));
#4205=CARTESIAN_POINT('',(-0.024722890486454,-2.54261738783402E-33,0.0499000739418841));
#4206=CARTESIAN_POINT('',(-0.0247228900079725,-0.00329916852998539,0.0499000747320011));
#4207=CARTESIAN_POINT('',(-0.0247864963286271,-0.0109973005063886,0.0499110021599576));
#4208=CARTESIAN_POINT('',(-0.0249665369827074,-0.0197781270339946,0.0496938652661273));
#4209=CARTESIAN_POINT('',(-0.0250829724477989,-0.0241596726790221,0.0494658324685941));
#4210=CARTESIAN_POINT('',(-0.0273714806917007,9.44600354644446E-33,0.0498999801857459));
#4211=CARTESIAN_POINT('',(-0.0273714802082273,-0.00329982312369555,0.0498999807748536));
#4212=CARTESIAN_POINT('',(-0.0274129724681715,-0.0109988773212668,0.0499015655523977));
#4213=CARTESIAN_POINT('',(-0.0275166051092665,-0.0197799696550676,0.0496725008751093));
#4214=CARTESIAN_POINT('',(-0.0275787599945666,-0.0241615475343319,0.0494418832860091));
#4215=CARTESIAN_POINT('',(-0.0299634515518802,-3.52413967979438E-32,0.0499000053151322));
#4216=CARTESIAN_POINT('',(-0.0299634517931225,-0.00330068416191544,0.0499000058352476));
#4217=CARTESIAN_POINT('',(-0.0299680855958058,-0.0110009134839924,0.0498983980135821));
#4218=CARTESIAN_POINT('',(-0.0299680003607561,-0.0197823397786143,0.0496689339854077));
#4219=CARTESIAN_POINT('',(-0.029963300641657,-0.0241639553771641,0.0494411098436975));
#4220=CARTESIAN_POINT('',(-0.0323901606700972,1.31519583645331E-31,0.0498999985537252));
#4221=CARTESIAN_POINT('',(-0.0323901611110693,-0.00330157244996532,0.0498999991914901));
#4222=CARTESIAN_POINT('',(-0.0323718344549415,-0.011002989655241,0.0499028704992198));
#4223=CARTESIAN_POINT('',(-0.032300645333644,-0.0197847654092738,0.0496876946735501));
#4224=CARTESIAN_POINT('',(-0.0322477998555827,-0.0241664275849302,0.0494696793138322));
#4225=CARTESIAN_POINT('',(-0.0348146962256628,-4.90836937783379E-31,0.0499000004699671));
#4226=CARTESIAN_POINT('',(-0.0348146959612809,-0.00330255026349822,0.0499000010574152));
#4227=CARTESIAN_POINT('',(-0.0347882877265676,-0.0110052693673949,0.0499069739623989));
#4228=CARTESIAN_POINT('',(-0.0346759270087079,-0.0197873918177117,0.0497042137069603));
#4229=CARTESIAN_POINT('',(-0.0345899769266551,-0.0241690717951436,0.0494945096375495));
#4230=CARTESIAN_POINT('',(-0.0372354024249132,1.83182816748819E-30,0.0498999995664064));
#4231=CARTESIAN_POINT('',(-0.0372354023925957,-0.00330354075509657,0.0499000000930409));
#4232=CARTESIAN_POINT('',(-0.0372302218119143,-0.0110076023293155,0.0499020914827482));
#4233=CARTESIAN_POINT('',(-0.0371353440238274,-0.0197900633317556,0.0496927717094836));
#4234=CARTESIAN_POINT('',(-0.0370456335402869,-0.0241717442822815,0.0494813873740937));
#4235=CARTESIAN_POINT('',(-0.0395469301049395,-6.35490329329951E-30,0.0499000011700738));
#4236=CARTESIAN_POINT('',(-0.0395469299530026,-0.00330459124853903,0.0499000016843474));
#4237=CARTESIAN_POINT('',(-0.0395588911342677,-0.0110100782769784,0.0498943737988572));
#4238=CARTESIAN_POINT('',(-0.0394740060671062,-0.0197928980764168,0.0496715479339028));
#4239=CARTESIAN_POINT('',(-0.0393771514610501,-0.024174581552575,0.0494543762006998));
#4240=CARTESIAN_POINT('',(-0.0416362569425811,1.77553572294288E-29,0.0498999967898748));
#4241=CARTESIAN_POINT('',(-0.0416362565745147,-0.00330574946705188,0.0498999969722808));
#4242=CARTESIAN_POINT('',(-0.0416463723683396,-0.0110127809010509,0.049891616164804));
#4243=CARTESIAN_POINT('',(-0.0415350235963702,-0.0197959874119978,0.0496640966135868));
#4244=CARTESIAN_POINT('',(-0.0414135620615899,-0.0241776792527728,0.049444984253888));
#4245=CARTESIAN_POINT('',(-0.0434704490410958,-2.87692157367454E-29,0.0499000051983843));
#4246=CARTESIAN_POINT('',(-0.0434704508728796,-0.00330700868930446,0.0499000062361943));
#4247=CARTESIAN_POINT('',(-0.0434693308027406,-0.0110156713651398,0.0499017243705352));
#4248=CARTESIAN_POINT('',(-0.0433152927916022,-0.0197993375122494,0.049694376657538));
#4249=CARTESIAN_POINT('',(-0.0431623990496965,-0.0241811109030797,0.049485331277537));
#4250=CARTESIAN_POINT('',(-0.0454173940596512,1.11706113585926E-28,0.0498999798173958));
#4251=CARTESIAN_POINT('',(-0.0454173965190142,-0.00330869237778313,0.0498999814290948));
#4252=CARTESIAN_POINT('',(-0.0453908932815654,-0.0110195224607507,0.0499243676699524));
#4253=CARTESIAN_POINT('',(-0.0451625439656379,-0.0198037566449444,0.0497620944284443));
#4254=CARTESIAN_POINT('',(-0.0449607312704424,-0.0241855628640017,0.0495754586695718));
#4255=CARTESIAN_POINT('',(-0.0477579732720525,-1.1048560545385E-27,0.0499001996175202));
#4256=CARTESIAN_POINT('',(-0.0477579719631102,-0.00331086630127546,0.0499002004635751));
#4257=CARTESIAN_POINT('',(-0.0477121897794683,-0.0110245379346395,0.0499407297659072));
#4258=CARTESIAN_POINT('',(-0.0474147841113062,-0.0198093192965049,0.049810442191805));
#4259=CARTESIAN_POINT('',(-0.0471631522635631,-0.0241909413381946,0.0496396622581722));
#4260=CARTESIAN_POINT('',(-0.0502813125746379,4.8046910791734E-27,0.0498991319231689));
#4261=CARTESIAN_POINT('',(-0.05028131282252,-0.00331304074649595,0.0498991331986481));
#4262=CARTESIAN_POINT('',(-0.0502634903017062,-0.0110296739694382,0.049915644301632));
#4263=CARTESIAN_POINT('',(-0.0499885781148641,-0.0198150637122487,0.0497377196194034));
#4264=CARTESIAN_POINT('',(-0.0497314332245952,-0.0241965606086455,0.0495433144996881));
#4265=CARTESIAN_POINT('',(-0.0525671667247007,-1.33694482851944E-26,0.0499024154951349));
#4266=CARTESIAN_POINT('',(-0.0525671663834745,-0.00331515655914697,0.0499024160245286));
#4267=CARTESIAN_POINT('',(-0.0525660853128088,-0.0110346314501079,0.0499062494373503));
#4268=CARTESIAN_POINT('',(-0.0522954956526731,-0.0198208129741467,0.0497030155439795));
#4269=CARTESIAN_POINT('',(-0.0520259810620853,-0.0242024127004558,0.0494959771851948));
#4270=CARTESIAN_POINT('',(-0.0542860365760019,1.89653144365076E-26,0.049896573484281));
#4271=CARTESIAN_POINT('',(-0.0542860364263421,-0.00331674027240171,0.0498965739923519));
#4272=CARTESIAN_POINT('',(-0.0542852941047235,-0.0110383006468962,0.0499002496012399));
#4273=CARTESIAN_POINT('',(-0.0539955585349686,-0.019824981566657,0.0496967846084299));
#4274=CARTESIAN_POINT('',(-0.0537065633470254,-0.0242065814526245,0.0494896719819644));
#4275=CARTESIAN_POINT('',(-0.055617336701998,-4.88510161974155E-26,0.0499088260479638));
#4276=CARTESIAN_POINT('',(-0.0556173362957629,-0.00331779213161744,0.0499088266698437));
#4277=CARTESIAN_POINT('',(-0.0556164297429452,-0.0110407902374626,0.0499088818487976));
#4278=CARTESIAN_POINT('',(-0.0553128314755602,-0.0198277935517784,0.0496980586249653));
#4279=CARTESIAN_POINT('',(-0.0550101231301479,-0.0242093327400921,0.0494872098165488));
#4280=CARTESIAN_POINT('',(-0.0567171560919678,1.83220383416547E-25,0.0498652446107678));
#4281=CARTESIAN_POINT('',(-0.0567171560820095,-0.00331844298870305,0.0498652452575009));
#4282=CARTESIAN_POINT('',(-0.0567197281564833,-0.011042191410026,0.0498592699271457));
#4283=CARTESIAN_POINT('',(-0.0564137499283551,-0.0198291112771603,0.0496370944862679));
#4284=CARTESIAN_POINT('',(-0.0561051925831507,-0.0242104560911306,0.0494209302898005));
#4285=CARTESIAN_POINT('',(-0.0577508230799931,-6.84030517468779E-25,0.0497418159203368));
#4286=CARTESIAN_POINT('',(-0.0577508228193866,-0.00331889421965805,0.0497418164001016));
#4287=CARTESIAN_POINT('',(-0.0577561778818843,-0.0110431639593445,0.0497331992933072));
#4288=CARTESIAN_POINT('',(-0.0574486423889537,-0.019830099936056,0.0495073391073575));
#4289=CARTESIAN_POINT('',(-0.0571357632262196,-0.0242113845289371,0.049290132417237));
#4290=CARTESIAN_POINT('',(-0.0587241884691147,2.55290168645856E-24,0.0495601489465656));
#4291=CARTESIAN_POINT('',(-0.0587241902203184,-0.00331923986293102,0.0495601501140464));
#4292=CARTESIAN_POINT('',(-0.058726709260195,-0.0110438549492706,0.0495580204145519));
#4293=CARTESIAN_POINT('',(-0.058408469710329,-0.0198308280201732,0.0493471909249044));
#4294=CARTESIAN_POINT('',(-0.0580877231497091,-0.024212148267616,0.0491385199061654));
#4295=CARTESIAN_POINT('',(-0.0596513264021882,-9.52757622836537E-24,0.0493233641800762));
#4296=CARTESIAN_POINT('',(-0.059651329333695,-0.00331949801037745,0.0493233655093045));
#4297=CARTESIAN_POINT('',(-0.0596445096303389,-0.0110443569866925,0.0493357794572535));
#4298=CARTESIAN_POINT('',(-0.0593038659954993,-0.0198312549938887,0.0491563053722409));
#4299=CARTESIAN_POINT('',(-0.0589700500970254,-0.0242124737696639,0.0489644565858214));
#4300=CARTESIAN_POINT('',(-0.0605441000927387,3.55574032270031E-23,0.0490343479851696));
#4301=CARTESIAN_POINT('',(-0.0605441005339765,-0.00331962620059229,0.0490343491855154));
#4302=CARTESIAN_POINT('',(-0.0605291567640404,-0.0110445839780224,0.049058490046769));
#4303=CARTESIAN_POINT('',(-0.0601690022599622,-0.0198312770746764,0.0489050649440072));
#4304=CARTESIAN_POINT('',(-0.0598238184071999,-0.0242122594569626,0.0487275477110817));
#4305=CARTESIAN_POINT('',(-0.0614150280959434,-1.32702036679648E-22,0.0486907547969139));
#4306=CARTESIAN_POINT('',(-0.0614150286437766,-0.00331961281823611,0.0486907561627742));
#4307=CARTESIAN_POINT('',(-0.0614008766664731,-0.0110445126966854,0.0487137181217868));
#4308=CARTESIAN_POINT('',(-0.0610394982582738,-0.0198309526574074,0.0485611088648221));
#4309=CARTESIAN_POINT('',(-0.060692288722964,-0.0242117103032649,0.0483855988104446));
#4310=CARTESIAN_POINT('',(-0.0623678051074714,5.65023274621722E-22,0.0482442143971087));
#4311=CARTESIAN_POINT('',(-0.0623678066305236,-0.00331952465908819,0.0482442154342411));
#4312=CARTESIAN_POINT('',(-0.0623619726752506,-0.0110442804043439,0.0482547247486989));
#4313=CARTESIAN_POINT('',(-0.0620140286372192,-0.0198305351311092,0.0480814102142338));
#4314=CARTESIAN_POINT('',(-0.061671914524123,-0.0242111716034004,0.0478976547149067));
#4315=CARTESIAN_POINT('',(-0.0634210362291087,-2.90462413281919E-21,0.0476500414670221));
#4316=CARTESIAN_POINT('',(-0.0634210374115932,-0.00331946596435359,0.0476500423400255));
#4317=CARTESIAN_POINT('',(-0.0634241676477083,-0.0110441209251835,0.0476426391603254));
#4318=CARTESIAN_POINT('',(-0.0630893703270377,-0.0198302412062269,0.0474395485434911));
#4319=CARTESIAN_POINT('',(-0.0627514527060248,-0.0242107951972962,0.0472439305922896));
#4320=CARTESIAN_POINT('',(-0.0645097345221113,2.13581441642016E-20,0.0468996108972278));
#4321=CARTESIAN_POINT('',(-0.0645097344074987,-0.00331935037341069,0.0468996121883775));
#4322=CARTESIAN_POINT('',(-0.0645210697915666,-0.0110438135337574,0.0468762705784257));
#4323=CARTESIAN_POINT('',(-0.0641981355840118,-0.0198298176725156,0.0466488975743088));
#4324=CARTESIAN_POINT('',(-0.0638639090673404,-0.0242103361573203,0.0464449234181187));
#4325=CARTESIAN_POINT('',(-0.0654423330666224,-3.67623125669488E-20,0.0461271376286094));
#4326=CARTESIAN_POINT('',(-0.065442335254683,-0.00331924783881966,0.0461271379655194));
#4327=CARTESIAN_POINT('',(-0.0654513878983876,-0.0110435113279487,0.046109499408012));
#4328=CARTESIAN_POINT('',(-0.0651209842002417,-0.0198294310353892,0.0459008553899486));
#4329=CARTESIAN_POINT('',(-0.0647815920308997,-0.024209962895382,0.0457098964074746));
#4330=CARTESIAN_POINT('',(-0.0662329802966108,9.4352116812296E-20,0.0453615258961546));
#4331=CARTESIAN_POINT('',(-0.0662329831612237,-0.00331909502345504,0.0453615256459519));
#4332=CARTESIAN_POINT('',(-0.0662327427137904,-0.011043110291444,0.0453629046871201));
#4333=CARTESIAN_POINT('',(-0.0658818065030654,-0.0198289142344473,0.0451993412348368));
#4334=CARTESIAN_POINT('',(-0.0655311906911429,-0.024209397509307,0.0450344397332921));
#4335=CARTESIAN_POINT('',(-0.0669710353384926,-4.03547565890435E-19,0.0445451491439799));
#4336=CARTESIAN_POINT('',(-0.0669710367129364,-0.00331882552903942,0.044545150016938));
#4337=CARTESIAN_POINT('',(-0.0669628224830736,-0.0110424566925413,0.0445628271875991));
#4338=CARTESIAN_POINT('',(-0.0665944752343366,-0.0198281014953775,0.0444394895305105));
#4339=CARTESIAN_POINT('',(-0.0662344185693708,-0.024208512535934,0.0442985154217739));
#4340=CARTESIAN_POINT('',(-0.0677785407144476,2.90737960339297E-19,0.0434993987968447));
#4341=CARTESIAN_POINT('',(-0.067778541964626,-0.00331832144003499,0.0434993998406533));
#4342=CARTESIAN_POINT('',(-0.067771626010074,-0.0110412793537768,0.0435150950194763));
#4343=CARTESIAN_POINT('',(-0.0674051510512758,-0.0198267141616057,0.0433975832287914));
#4344=CARTESIAN_POINT('',(-0.0670456544622438,-0.0242070847144106,0.0432644320831082));
#4345=CARTESIAN_POINT('',(-0.0686533398801921,-1.0448494626323E-19,0.0420975137192432));
#4346=CARTESIAN_POINT('',(-0.068653341106655,-0.00331750716573896,0.0420975145343551));
#4347=CARTESIAN_POINT('',(-0.0686559893815575,-0.0110394003452358,0.0420920687516673));
#4348=CARTESIAN_POINT('',(-0.0683093312758277,-0.0198245889767581,0.0419453199782134));
#4349=CARTESIAN_POINT('',(-0.0679600893930682,-0.024204971178119,0.0418040713678341));
#4350=CARTESIAN_POINT('',(-0.0693983340403851,2.40266908884264E-20,0.0404987255691423));
#4351=CARTESIAN_POINT('',(-0.0693983355453481,-0.00331646812118178,0.0404987259271875));
#4352=CARTESIAN_POINT('',(-0.0694062399135201,-0.0110370052405651,0.0404743167314382));
#4353=CARTESIAN_POINT('',(-0.06907321214331,-0.0198219161456929,0.0403040325831581));
#4354=CARTESIAN_POINT('',(-0.0687323649740678,-0.0242023419897113,0.0401581861065054));
#4355=CARTESIAN_POINT('',(-0.0699091432545174,-2.42921191291792E-21,0.0389273600617625));
#4356=CARTESIAN_POINT('',(-0.0699091447993067,-0.00331533717056726,0.0389273597411102));
#4357=CARTESIAN_POINT('',(-0.069909026309529,-0.0110344080074484,0.0389280490041299));
#4358=CARTESIAN_POINT('',(-0.0695653040350008,-0.0198190595670738,0.0388210646949643));
#4359=CARTESIAN_POINT('',(-0.0692217957379443,-0.0241995591543713,0.0387133523948393));
#4360=CARTESIAN_POINT('',(-0.0702139236254382,6.2563001197502E-22,0.0375285599760038));
#4361=CARTESIAN_POINT('',(-0.0702139248816439,-0.00331418619238761,0.0375285597338445));
#4362=CARTESIAN_POINT('',(-0.0702073815852586,-0.0110317890821922,0.0375504215462975));
#4363=CARTESIAN_POINT('',(-0.0698570858175079,-0.0198161988850933,0.0374970375029766));
#4364=CARTESIAN_POINT('',(-0.0695134115625741,-0.0241967903864663,0.037421786048699));
#4365=CARTESIAN_POINT('',(-0.0703939400181609,-3.86123140969689E-22,0.0361094914951794));
#4366=CARTESIAN_POINT('',(-0.0703939412401967,-0.00331297925248662,0.0361094919873802));
#4367=CARTESIAN_POINT('',(-0.0703900519270058,-0.0110290468217817,0.0361233963024322));
#4368=CARTESIAN_POINT('',(-0.0700527117747034,-0.0198132143580663,0.0360654411398967));
#4369=CARTESIAN_POINT('',(-0.0697193393022548,-0.024193904464549,0.0359935927827077));
#4370=CARTESIAN_POINT('',(-0.070436580690952,1.38268324108817E-22,0.034449723684464));
#4371=CARTESIAN_POINT('',(-0.0704365821170862,-0.00331155101769891,0.0344497243815154));
#4372=CARTESIAN_POINT('',(-0.0704386913904332,-0.0110257929778942,0.0344423820105153));
#4373=CARTESIAN_POINT('',(-0.0701240126550036,-0.019809690768309,0.0343548531705374));
#4374=CARTESIAN_POINT('',(-0.069807299617236,-0.024190515730752,0.0342746627501728));
#4375=CARTESIAN_POINT('',(-0.0702633419089083,-4.01718692170123E-23,0.0326421690223322));
#4376=CARTESIAN_POINT('',(-0.0702633427401282,-0.00330991990493371,0.0326421681222739));
#4377=CARTESIAN_POINT('',(-0.070267907514114,-0.0110220885578306,0.0326166337495921));
#4378=CARTESIAN_POINT('',(-0.0699730486112714,-0.0198057402389508,0.032503859327752));
#4379=CARTESIAN_POINT('',(-0.0696736954170357,-0.0241867591979188,0.0324165939220384));
#4380=CARTESIAN_POINT('',(-0.0698664209032482,9.02852968689536E-24,0.0308803155501117));
#4381=CARTESIAN_POINT('',(-0.0698664215979268,-0.00330816942478309,0.0308803159221961));
#4382=CARTESIAN_POINT('',(-0.0698667237500371,-0.0110181629146497,0.0308820159681374));
#4383=CARTESIAN_POINT('',(-0.0695805297749651,-0.0198016358706349,0.0308326906248089));
#4384=CARTESIAN_POINT('',(-0.0692940403872486,-0.0241829538852162,0.0307815962883593));
#4385=CARTESIAN_POINT('',(-0.0693154120216139,-2.20492812809811E-24,0.0293260001019466));
#4386=CARTESIAN_POINT('',(-0.0693154121489101,-0.0033066071716928,0.029325999756498));
#4387=CARTESIAN_POINT('',(-0.0693127543846328,-0.0110146750000484,0.0293404277481871));
#4388=CARTESIAN_POINT('',(-0.0690375216551237,-0.0197979052746438,0.0293245286359165));
#4389=CARTESIAN_POINT('',(-0.0687649840099205,-0.0241793891636833,0.0292941737910463));
#4390=CARTESIAN_POINT('',(-0.0686748907453119,2.39481170629578E-24,0.0279723179879594));
#4391=CARTESIAN_POINT('',(-0.068674891635381,-0.00330532964476384,0.027972317766421));
#4392=CARTESIAN_POINT('',(-0.0686729476497573,-0.0110118333189768,0.0279783350074011));
#4393=CARTESIAN_POINT('',(-0.068415557497971,-0.0197949305576972,0.0279537420942281));
#4394=CARTESIAN_POINT('',(-0.068160142879497,-0.024176590482856,0.0279230805255617));
#4395=CARTESIAN_POINT('',(-0.0678544107563972,-8.57172455023297E-24,0.0265983279151165));
#4396=CARTESIAN_POINT('',(-0.0678544121847209,-0.00330411162098223,0.0265983279491036));
#4397=CARTESIAN_POINT('',(-0.0678570054859367,-0.0110090241559571,0.026584497065013));
#4398=CARTESIAN_POINT('',(-0.0676273293181777,-0.0197918791644961,0.0265298079880471));
#4399=CARTESIAN_POINT('',(-0.0673950760073132,-0.0241736636056276,0.026488895257935));
#4400=CARTESIAN_POINT('',(-0.0668900963680266,8.34710724687795E-23,0.0249040231913816));
#4401=CARTESIAN_POINT('',(-0.0668900972476281,-0.0033027928959714,0.0249040230850165));
#4402=CARTESIAN_POINT('',(-0.0668919980988857,-0.0110059509851991,0.0248633758872617));
#4403=CARTESIAN_POINT('',(-0.0666814390839852,-0.0197884975809102,0.0247689681394939));
#4404=CARTESIAN_POINT('',(-0.0664689977700225,-0.024170398871679,0.0247151696689578));
#4405=CARTESIAN_POINT('',(-0.0657346726697902,-3.90678704862661E-22,0.0229109413965497));
#4406=CARTESIAN_POINT('',(-0.0657346730819002,-0.00330134437764674,0.0229109410309199));
#4407=CARTESIAN_POINT('',(-0.0657304645752012,-0.0110026238447234,0.022853184301921));
#4408=CARTESIAN_POINT('',(-0.0655307315181605,-0.0197848787173348,0.0227425408455848));
#4409=CARTESIAN_POINT('',(-0.0653352234984289,-0.0241669264678219,0.0226896395965981));
#4410=CARTESIAN_POINT('',(-0.0644886184836491,1.45135258360943E-21,0.0207503941048976));
#4411=CARTESIAN_POINT('',(-0.0644886191339177,-0.00329993786097467,0.0207503943140022));
#4412=CARTESIAN_POINT('',(-0.0644777860653935,-0.0109994238005815,0.020699415963838));
#4413=CARTESIAN_POINT('',(-0.0642882399986479,-0.0197813599227391,0.020622686678697));
#4414=CARTESIAN_POINT('',(-0.0641095311994214,-0.0241635113463829,0.0205969197897204));
#4415=CARTESIAN_POINT('',(-0.0632402314782739,-5.41473162957507E-21,0.0185887455257492));
#4416=CARTESIAN_POINT('',(-0.0632402321392567,-0.00329877097422008,0.0185887461462156));
#4417=CARTESIAN_POINT('',(-0.063233833666698,-0.0109967849870007,0.0185720577598841));
#4418=CARTESIAN_POINT('',(-0.0630750508054089,-0.0197784356334113,0.018584055866824));
#4419=CARTESIAN_POINT('',(-0.062922664566537,-0.0241606536396504,0.0186127206536537));
#4420=CARTESIAN_POINT('',(-0.0620269907123022,2.0207573934691E-20,0.0164871844428634));
#4421=CARTESIAN_POINT('',(-0.0620269905961638,-0.0032979871056965,0.0164871838737739));
#4422=CARTESIAN_POINT('',(-0.0620311152607993,-0.0109950095943485,0.0164987536675056));
#4423=CARTESIAN_POINT('',(-0.0619128639985833,-0.0197764871153944,0.0165856277503493));
#4424=CARTESIAN_POINT('',(-0.0617904903777927,-0.0241587626100317,0.0166609046620323));
#4425=CARTESIAN_POINT('',(-0.0608338025690863,-7.54155641091887E-20,0.0144205665517905));
#4426=CARTESIAN_POINT('',(-0.060833802784722,-0.00329752951385501,0.0144205663672633));
#4427=CARTESIAN_POINT('',(-0.06084917831374,-0.0109939568668224,0.0144408819266046));
#4428=CARTESIAN_POINT('',(-0.0607709505920962,-0.0197753627122732,0.0145631352504087));
#4429=CARTESIAN_POINT('',(-0.0606773519084738,-0.0241576997871915,0.0146650549126249));
#4430=CARTESIAN_POINT('',(-0.0596429082156516,2.81454682502062E-19,0.0123578650757413));
#4431=CARTESIAN_POINT('',(-0.0596429084099568,-0.00329718274178994,0.0123578651084301));
#4432=CARTESIAN_POINT('',(-0.0596517944982651,-0.0109931689221023,0.0123664828721677));
#4433=CARTESIAN_POINT('',(-0.0595766494735187,-0.0197745052213579,0.012483752267105));
#4434=CARTESIAN_POINT('',(-0.0594926292189086,-0.0241568735122181,0.012592402198034));
#4435=CARTESIAN_POINT('',(-0.0584422841159855,-7.72525179961187E-20,0.0102783263361759));
#4436=CARTESIAN_POINT('',(-0.0584422843525159,-0.00329690238606978,0.0102783261283645));
#4437=CARTESIAN_POINT('',(-0.0584363743565188,-0.0109925496198168,0.0102724585491074));
#4438=CARTESIAN_POINT('',(-0.0583465507485295,-0.0197738294574118,0.0103802895500138));
#4439=CARTESIAN_POINT('',(-0.0582626497929845,-0.0241562150063109,0.0104939940943567));
#4440=CARTESIAN_POINT('',(-0.0572166898454698,2.75553894824153E-20,0.00815553393223926));
#4441=CARTESIAN_POINT('',(-0.0572166899560775,-0.00329670199792123,0.00815553470729764));
#4442=CARTESIAN_POINT('',(-0.0572020989704914,-0.0109921155973397,0.00815290661468832));
#4443=CARTESIAN_POINT('',(-0.0571090873723169,-0.0197733463692093,0.00828870926790755));
#4444=CARTESIAN_POINT('',(-0.0570306746886646,-0.0241557376003029,0.00842713344618692));
#4445=CARTESIAN_POINT('',(-0.0559580172369483,-6.35511763481053E-21,0.00597544925408898));
#4446=CARTESIAN_POINT('',(-0.0559580167027258,-0.00329692461191643,0.0059754447685447));
#4447=CARTESIAN_POINT('',(-0.0559715923564745,-0.0109925564034345,0.00597661162932044));
#4448=CARTESIAN_POINT('',(-0.0559482901817133,-0.0197739539175818,0.00614356657437601));
#4449=CARTESIAN_POINT('',(-0.0559113929210061,-0.0241564878532796,0.00630931133468015));
#4450=CARTESIAN_POINT('',(-0.0545252713316346,-2.1349189431734E-21,0.00349386049007085));
#4451=CARTESIAN_POINT('',(-0.0545252719850589,-0.00329756732268148,0.00349386050455335));
#4452=CARTESIAN_POINT('',(-0.0545933982696955,-0.0109939383243025,0.00350923328774571));
#4453=CARTESIAN_POINT('',(-0.0546974913226631,-0.0197754747618594,0.00373753844292502));
#4454=CARTESIAN_POINT('',(-0.0547334583663186,-0.0241579315807196,0.00395044104890767));
#4455=CARTESIAN_POINT('',(-0.0531550187934709,1.38210724542345E-21,0.00112051349064695));
#4456=CARTESIAN_POINT('',(-0.0531550196181922,-0.00329800740770282,0.00112051293070533));
#4457=CARTESIAN_POINT('',(-0.0532013238755912,-0.0109950069504479,0.00112535042942075));
#4458=CARTESIAN_POINT('',(-0.0532803932552976,-0.0197765456655442,0.00136439844425513));
#4459=CARTESIAN_POINT('',(-0.0533131940318698,-0.0241588436328505,0.00159864343199775));
#4460=CARTESIAN_POINT('',(-0.052023069689543,-2.56919078393758E-22,-0.000840079872018599));
#4461=CARTESIAN_POINT('',(-0.0520230704629769,-0.00329845688130197,-0.000840079912259225));
#4462=CARTESIAN_POINT('',(-0.0520429378807975,-0.0109961188883901,-0.000840027382375499));
#4463=CARTESIAN_POINT('',(-0.0520835395181555,-0.019777823902109,-0.00058612025452408));
#4464=CARTESIAN_POINT('',(-0.0521042987625739,-0.0241601188364613,-0.000332244078297876));
#4465=CARTESIAN_POINT('',(-0.0512142090308777,1.94256909341981E-22,-0.00224106762873449));
#4466=CARTESIAN_POINT('',(-0.0512142095585939,-0.00329881116014572,-0.00224106761975586));
#4467=CARTESIAN_POINT('',(-0.0512219813554019,-0.0109969781610086,-0.00223815749021492));
#4468=CARTESIAN_POINT('',(-0.0512469815926365,-0.0197788118440648,-0.00196386441399929));
#4469=CARTESIAN_POINT('',(-0.0512642289224636,-0.0241611137770806,-0.00169246987003311));
#4470=CARTESIAN_POINT('',(-0.0506427570041878,-4.44128324778065E-22,-0.00323085157311141));
#4471=CARTESIAN_POINT('',(-0.050642757093935,-0.00329900501983734,-0.00323085186996292));
#4472=CARTESIAN_POINT('',(-0.0506422464623069,-0.0109974442930332,-0.00323037968123331));
#4473=CARTESIAN_POINT('',(-0.0506549807804592,-0.0197793745091812,-0.00295372737326427));
#4474=CARTESIAN_POINT('',(-0.0506682392165848,-0.0241617151892702,-0.00267754377302831));
#4475=CARTESIAN_POINT('',(-0.0501328071686413,1.87834193962232E-21,-0.00411411059757323));
#4476=CARTESIAN_POINT('',(-0.050132807324898,-0.00329911572759429,-0.0041141106041602));
#4477=CARTESIAN_POINT('',(-0.050127012652897,-0.0109977040683988,-0.00411801198139977));
#4478=CARTESIAN_POINT('',(-0.0501313728007319,-0.0197797028272642,-0.00384594524050344));
#4479=CARTESIAN_POINT('',(-0.0501415361622827,-0.0241620789915488,-0.00356998439498048));
#4480=CARTESIAN_POINT('',(-0.049555826897095,-1.0698246266132E-20,-0.0051134697428639));
#4481=CARTESIAN_POINT('',(-0.0495558269780627,-0.00329920769678501,-0.00511346982576004));
#4482=CARTESIAN_POINT('',(-0.0495528483182385,-0.0109978923171348,-0.00511914221263269));
#4483=CARTESIAN_POINT('',(-0.0495631709556842,-0.0197799841459203,-0.0048477715828555));
#4484=CARTESIAN_POINT('',(-0.049576472938726,-0.0241624469490514,-0.00457073233791538));
#4485=CARTESIAN_POINT('',(-0.0489025636043929,1.04616519601611E-19,-0.00624495495653946));
#4486=CARTESIAN_POINT('',(-0.0489025645340611,-0.00329928954232396,-0.00624495974182685));
#4487=CARTESIAN_POINT('',(-0.0489220575025245,-0.0109979854764925,-0.00624948491602275));
#4488=CARTESIAN_POINT('',(-0.0489738426311615,-0.0197802616813238,-0.00597606358416857));
#4489=CARTESIAN_POINT('',(-0.0490061466613801,-0.0241629703871795,-0.0056980290350442));
#4490=CARTESIAN_POINT('',(-0.048233128615144,-3.0296908774518E-20,-0.00740445037028424));
#4491=CARTESIAN_POINT('',(-0.0482331330611591,-0.0032994969452637,-0.00740447135601762));
#4492=CARTESIAN_POINT('',(-0.0483189121257692,-0.0109982941894802,-0.0073989461865504));
#4493=CARTESIAN_POINT('',(-0.048494208079609,-0.0197808965172568,-0.00710960370053975));
#4494=CARTESIAN_POINT('',(-0.0485837872638412,-0.0241639238534276,-0.00682529492451191));
#4495=CARTESIAN_POINT('',(-0.0476253092364704,6.47214590495593E-21,-0.0084572244159715));
#4496=CARTESIAN_POINT('',(-0.0476253123433062,-0.00329942836421774,-0.00845721225294529));
#4497=CARTESIAN_POINT('',(-0.0477616653654234,-0.0109980236643552,-0.00844008169880915));
#4498=CARTESIAN_POINT('',(-0.0480244247591797,-0.0197798858229925,-0.00812817436723601));
#4499=CARTESIAN_POINT('',(-0.048150894767846,-0.0241620341189245,-0.00783365391510886));
#4500=CARTESIAN_POINT('',(-0.0471234226560638,-6.61798145041806E-22,-0.00932651747287279));
#4501=CARTESIAN_POINT('',(-0.0471234198606893,-0.0032987117701279,-0.00932654646731665));
#4502=CARTESIAN_POINT('',(-0.0472229399171825,-0.0109963861319054,-0.00931185805597223));
#4503=CARTESIAN_POINT('',(-0.0473978904441856,-0.0197772461084638,-0.00901191265174951));
#4504=CARTESIAN_POINT('',(-0.0474732204564941,-0.0241588344972725,-0.00872642881875452));
#4505=CARTESIAN_POINT('',(-0.046735496528576,1.16126068469163E-22,-0.00999842523526513));
#4506=CARTESIAN_POINT('',(-0.0467354907320441,-0.00329796565279325,-0.00999846127148394));
#4507=CARTESIAN_POINT('',(-0.0467802226728141,-0.0109947705075484,-0.00999210978103143));
#4508=CARTESIAN_POINT('',(-0.0468332952083496,-0.0197754221509412,-0.00971113921428545));
#4509=CARTESIAN_POINT('',(-0.0468414237437612,-0.0241569930398178,-0.00943616032007955));
#4510=CARTESIAN_POINT('',(-0.0464183790006599,-2.72735060001579E-23,-0.0105476889055866));
#4511=CARTESIAN_POINT('',(-0.0464183826090677,-0.00329742846758796,-0.0105477042720979));
#4512=CARTESIAN_POINT('',(-0.0464253359588025,-0.0109935840341723,-0.0105466831608594));
#4513=CARTESIAN_POINT('',(-0.0463922865736553,-0.0197741614387031,-0.0102748681850119));
#4514=CARTESIAN_POINT('',(-0.0463521944116947,-0.0241557496198884,-0.0100043007745669));
#4515=CARTESIAN_POINT('',(-0.0461304249673205,7.30791297840011E-24,-0.0110464399215746));
#4516=CARTESIAN_POINT('',(-0.0461304250500296,-0.00329714579741941,-0.0110464358848142));
#4517=CARTESIAN_POINT('',(-0.0461254083102649,-0.0109928769022152,-0.0110446930074373));
#4518=CARTESIAN_POINT('',(-0.0460576524553272,-0.0197735938246451,-0.0107695131562908));
#4519=CARTESIAN_POINT('',(-0.0459950042509234,-0.0241554268227862,-0.0104961820735465));
#4520=CARTESIAN_POINT('',(-0.045873826546692,-1.95814591344308E-24,-0.0114908814232451));
#4521=CARTESIAN_POINT('',(-0.0458738272473625,-0.00329704103262777,-0.0114908798580248));
#4522=CARTESIAN_POINT('',(-0.0458784280249859,-0.0109925496028322,-0.0114890690991128));
#4523=CARTESIAN_POINT('',(-0.0458185502617836,-0.0197733142379399,-0.0112163605542677));
#4524=CARTESIAN_POINT('',(-0.0457540550705696,-0.0241553051615135,-0.0109453301001763));
#4525=CARTESIAN_POINT('',(-0.0456385888376091,5.24670675372307E-25,-0.0118983250872329));
#4526=CARTESIAN_POINT('',(-0.0456385889298746,-0.0032969102298162,-0.0118983265876417));
#4527=CARTESIAN_POINT('',(-0.0456493347654876,-0.0109922279532983,-0.0118954468667677));
#4528=CARTESIAN_POINT('',(-0.0455900381458169,-0.019772598729933,-0.0116248871709065));
#4529=CARTESIAN_POINT('',(-0.04551999371957,-0.0241542445736046,-0.0113574808722126));
#4530=CARTESIAN_POINT('',(-0.045417789338318,-1.40536788046155E-25,-0.0122807610382909));
#4531=CARTESIAN_POINT('',(-0.0454177868870483,-0.00329667621906636,-0.0122807762891118));
#4532=CARTESIAN_POINT('',(-0.045416843159638,-0.0109916912497582,-0.0122805945808289));
#4533=CARTESIAN_POINT('',(-0.0453228347813067,-0.0197718433255362,-0.0120228513552678));
#4534=CARTESIAN_POINT('',(-0.0452296787853015,-0.0241533935562812,-0.0117654296474145));
#4535=CARTESIAN_POINT('',(-0.0452034248789751,3.74764768123079E-26,-0.0126520511732098));
#4536=CARTESIAN_POINT('',(-0.0452034249501799,-0.00329648952152876,-0.01265205302715));
#4537=CARTESIAN_POINT('',(-0.045190385820585,-0.0109912473136506,-0.0126563581956389));
#4538=CARTESIAN_POINT('',(-0.0450618174233749,-0.0197714076765448,-0.0124142155544436));
#4539=CARTESIAN_POINT('',(-0.0449462562057942,-0.0241530279187404,-0.0121679822372438));
#4540=CARTESIAN_POINT('',(-0.0449171817905876,-2.49843178748718E-26,-0.0131478387456125));
#4541=CARTESIAN_POINT('',(-0.0449171829494567,-0.00329642054626784,-0.013147834812055));
#4542=CARTESIAN_POINT('',(-0.0449051348532412,-0.0109910290898594,-0.0131525862826051));
#4543=CARTESIAN_POINT('',(-0.044765668545968,-0.019771271288163,-0.0129228120372273));
#4544=CARTESIAN_POINT('',(-0.0446383030031452,-0.024153061800193,-0.0126881551090899));
#4545=CARTESIAN_POINT('',(-0.0446860127079816,1.24921589374359E-26,-0.0135482353418249));
#4546=CARTESIAN_POINT('',(-0.0446860154975227,-0.0032965390491029,-0.0135482407375686));
#4547=CARTESIAN_POINT('',(-0.0446890319037943,-0.0109912605548339,-0.0135489853729616));
#4548=CARTESIAN_POINT('',(-0.0445723091240926,-0.0197715807910899,-0.013321379841677));
#4549=CARTESIAN_POINT('',(-0.0444526631513305,-0.0241534717619875,-0.0130927361724668));
#4550=CARTESIAN_POINT('',(-0.0445295833362217,0.,-0.0138191789615093));
#4551=CARTESIAN_POINT('',(-0.044529585575053,-0.00329660111219068,-0.0138191809814873));
#4552=CARTESIAN_POINT('',(-0.0445414280262408,-0.0109913889924113,-0.0138172344018994));
#4553=CARTESIAN_POINT('',(-0.044437659477553,-0.0197716813343256,-0.0135895884101403));
#4554=CARTESIAN_POINT('',(-0.0443221244153092,-0.0241535004149076,-0.0133636770443193));
#4555=CARTESIAN_POINT('',(-0.0490989945332306,-0.00331325774111765,-0.00590755908180425));
#4556=CARTESIAN_POINT('',(-0.0494472246974795,-0.00500043181883647,-0.00530057564429475));
#4557=CARTESIAN_POINT('',(-0.0490936196708244,-0.00668501498353648,-0.00590390026075716));
#4558=CARTESIAN_POINT('',(-0.04828783479465,-0.00738222756676382,-0.0073808342715836));
#4559=CARTESIAN_POINT('',(-0.0474539537329505,-0.00668607248814682,-0.0088460807631008));
#4560=CARTESIAN_POINT('',(-0.0470777892749007,-0.00500057301163051,-0.00943536764051819));
#4561=CARTESIAN_POINT('',(-0.0474263339361905,-0.00331750200859554,-0.0088331336116302));
#4562=CARTESIAN_POINT('',(-0.0482597996423706,-0.00261731190517298,-0.00736994515019589));
#4563=CARTESIAN_POINT('',(-0.0490989945332306,-0.00331325774111765,-0.00590755908180425));
#4564=CARTESIAN_POINT('',(-0.0494472246974795,-0.00500043181883647,-0.00530057564429475));
#4565=CARTESIAN_POINT('',(-0.0490936196708244,-0.00668501498353648,-0.00590390026075716));
#4566=CARTESIAN_POINT('',(-0.0493302521656621,-0.005,-0.00550229365329008));
#4567=CARTESIAN_POINT('',(-0.0303305695120659,-0.00296331938991501,0.0498988522448428));
#4568=CARTESIAN_POINT('',(-0.0296308855346196,-0.00465043531048291,0.0498957804525146));
#4569=CARTESIAN_POINT('',(-0.030330019825127,-0.00633493936815334,0.0498885789807829));
#4570=CARTESIAN_POINT('',(-0.0320122825867116,-0.0070322780486768,0.0498860074002416));
#4571=CARTESIAN_POINT('',(-0.0336981041681767,-0.0063359466040001,0.049891799078346));
#4572=CARTESIAN_POINT('',(-0.0343963998208829,-0.00465032045467201,0.0498973929601028));
#4573=CARTESIAN_POINT('',(-0.0337004271964486,-0.00296739216913154,0.0498994313367293));
#4574=CARTESIAN_POINT('',(-0.0320165820952184,-0.00226732379697759,0.0498995076241249));
#4575=CARTESIAN_POINT('',(-0.0303305695120659,-0.00296331938991501,0.0498988522448428));
#4576=CARTESIAN_POINT('',(-0.0296308855346196,-0.00465043531048291,0.0498957804525146));
#4577=CARTESIAN_POINT('',(-0.030330019825127,-0.00633493936815334,0.0498885789807829));
#4578=CARTESIAN_POINT('',(-0.0298640219126119,-0.00465,0.049895092172614));
#4579=CARTESIAN_POINT('',(-0.0447060675222215,0.,-0.0135134993846252));
#4580=CARTESIAN_POINT('',(-0.0447060675222215,-0.00133333408556378,-0.0135134993846252));
#4581=CARTESIAN_POINT('',(-0.0447060418132139,-0.002666669447892,-0.0135135629859745));
#4582=CARTESIAN_POINT('',(-0.0447045412395879,-0.00399999999998784,-0.013510842965105));
#4583=CARTESIAN_POINT('',(-0.00269452617471879,0.,0.045444353576053));
#4584=CARTESIAN_POINT('',(-0.00269452617471879,-0.00133333447863045,0.045444353576053));
#4585=CARTESIAN_POINT('',(-0.00269460738648946,-0.00266667042137774,0.0454442171679231));
#4586=CARTESIAN_POINT('',(-0.00269678190458812,-0.00400000000001197,0.045441318386284));
#4587=CARTESIAN_POINT('',(-0.0447938186128923,0.,-0.0135641625004456));
#4588=CARTESIAN_POINT('',(-0.0447938186300343,-0.00126578229316106,-0.0135641624379863));
#4589=CARTESIAN_POINT('',(-0.0447939526881806,-0.00261290094895174,-0.0135642378223053));
#4590=CARTESIAN_POINT('',(-0.0447924841894713,-0.00402551542766856,-0.0135610816950053));
#4591=CARTESIAN_POINT('',(-0.0447643923808121,0.,-0.0135471732574329));
#4592=CARTESIAN_POINT('',(-0.0447643923978892,-0.00126577453686021,-0.0135471731946857));
#4593=CARTESIAN_POINT('',(-0.0447645000097764,-0.00261286490792639,-0.0135472936147263));
#4594=CARTESIAN_POINT('',(-0.0447629854607155,-0.00402543175039871,-0.0135442181927399));
#4595=CARTESIAN_POINT('',(-0.044734966148732,0.,-0.0135301840144202));
#4596=CARTESIAN_POINT('',(-0.0447349661657441,-0.00126576678055936,-0.0135301839513852));
#4597=CARTESIAN_POINT('',(-0.0447350473313721,-0.00261282886690104,-0.0135303494071473));
#4598=CARTESIAN_POINT('',(-0.0447334867319596,-0.00402534807312885,-0.0135273546904746));
#4599=CARTESIAN_POINT('',(-0.0447055399166518,0.,-0.0135131947714075));
#4600=CARTESIAN_POINT('',(-0.0447055399335989,-0.00126575902425851,-0.0135131947080846));
#4601=CARTESIAN_POINT('',(-0.0447055946529679,-0.00261279282587568,-0.0135134051995683));
#4602=CARTESIAN_POINT('',(-0.0447039880032038,-0.00402526439585899,-0.0135104911882092));
#4603=CARTESIAN_POINT('',(-0.00265821268095332,0.,0.045539984152826));
#4604=CARTESIAN_POINT('',(-0.00265821268899428,-0.00126590974348053,0.0455399841437102));
#4605=CARTESIAN_POINT('',(-0.00265820418638924,-0.00261303229225702,0.0455400081174274));
#4606=CARTESIAN_POINT('',(-0.00266058530762681,-0.00402554969857619,0.0455369201305511));
#4607=CARTESIAN_POINT('',(-0.00267038937269973,0.,0.0455079171734707));
#4608=CARTESIAN_POINT('',(-0.00267038938075585,-0.00126590283820095,0.0455079171643467));
#4609=CARTESIAN_POINT('',(-0.00267037289871556,-0.00261299315373131,0.0455079376573357));
#4610=CARTESIAN_POINT('',(-0.00267273713977915,-0.00402545378357454,0.0455048431288181));
#4611=CARTESIAN_POINT('',(-0.00268256606444614,0.,0.0454758501941154));
#4612=CARTESIAN_POINT('',(-0.00268256607251743,-0.00126589593292137,0.0454758501849832));
#4613=CARTESIAN_POINT('',(-0.00268254161104189,-0.00261295401520559,0.045475867197244));
#4614=CARTESIAN_POINT('',(-0.00268488897193148,-0.00402535786857289,0.045472766127085));
#4615=CARTESIAN_POINT('',(-0.00269474275619255,0.,0.0454437832147601));
#4616=CARTESIAN_POINT('',(-0.00269474276427901,-0.00126588902764179,0.0454437832056197));
#4617=CARTESIAN_POINT('',(-0.00269471032336822,-0.00261291487667988,0.0454437967371523));
#4618=CARTESIAN_POINT('',(-0.00269704080408381,-0.00402526195357124,0.045440689125352));
#4619=CARTESIAN_POINT('',(-0.051475528851684,-0.005,0.0100115515778766));
#4620=CARTESIAN_POINT('',(-0.0431465176398933,-0.005,-0.00441471901775563));
#4621=CARTESIAN_POINT('',(-0.0442215176398933,-0.005,-0.00255276439961909));
#4622=CARTESIAN_POINT('',(-0.0431465176398933,-0.005,-0.00441471901775563));
#4623=CARTESIAN_POINT('',(-0.0381428398090933,0.,-0.0242281407673891));
#4624=CARTESIAN_POINT('',(-0.0381428409470755,-0.00329775660316605,-0.0242281398666019));
#4625=CARTESIAN_POINT('',(-0.0381443108506401,-0.0109939494700701,-0.024240020091454));
#4626=CARTESIAN_POINT('',(-0.0378727815763813,-0.0197741115351695,-0.0243078856221773));
#4627=CARTESIAN_POINT('',(-0.037599835416349,-0.0241555289633089,-0.0243638462211588));
#4628=CARTESIAN_POINT('',(-0.0380068619241987,-3.77698397384543E-24,-0.0250668230964664));
#4629=CARTESIAN_POINT('',(-0.0380068630829693,-0.00329772258447954,-0.0250668220864067));
#4630=CARTESIAN_POINT('',(-0.0380068341155592,-0.0109938642982159,-0.025069169522407));
#4631=CARTESIAN_POINT('',(-0.0377301270961008,-0.0197739780681816,-0.0251103209013364));
#4632=CARTESIAN_POINT('',(-0.0374535034154953,-0.0241553682642861,-0.0251491011072261));
#4633=CARTESIAN_POINT('',(-0.0377678254800434,1.24100901997778E-23,-0.026542547349952));
#4634=CARTESIAN_POINT('',(-0.0377678264182673,-0.00329766389554521,-0.0265425465512827));
#4635=CARTESIAN_POINT('',(-0.037765948609013,-0.0109937206811709,-0.0265190013571866));
#4636=CARTESIAN_POINT('',(-0.0374820780449632,-0.0197737414966788,-0.0264944009631498));
#4637=CARTESIAN_POINT('',(-0.0372001395902616,-0.0241550702188383,-0.0264933148249451));
#4638=CARTESIAN_POINT('',(-0.0373914169951636,-4.10072545731789E-23,-0.0288615209846236));
#4639=CARTESIAN_POINT('',(-0.0373914176202014,-0.00329782547320664,-0.0288615215314038));
#4640=CARTESIAN_POINT('',(-0.0373904583753936,-0.0109940690957218,-0.0288253403482348));
#4641=CARTESIAN_POINT('',(-0.0371041027415296,-0.0197740521639519,-0.0287512067222546));
#4642=CARTESIAN_POINT('',(-0.0368187505242039,-0.0241553022932701,-0.028713265809916));
#4643=CARTESIAN_POINT('',(-0.0370649033855327,1.79309616312616E-22,-0.0308894443845875));
#4644=CARTESIAN_POINT('',(-0.0370649042619165,-0.00329816731661207,-0.0308894443981296));
#4645=CARTESIAN_POINT('',(-0.0370654479526108,-0.0109948112307699,-0.0308827832558437));
#4646=CARTESIAN_POINT('',(-0.0367779199405837,-0.0197748186602397,-0.0308463810955216));
#4647=CARTESIAN_POINT('',(-0.0364898952340641,-0.0241560116288665,-0.0308166604120336));
#4648=CARTESIAN_POINT('',(-0.036771937720761,-4.99090662303935E-22,-0.0326553171142075));
#4649=CARTESIAN_POINT('',(-0.0367719385434776,-0.00329849585554232,-0.0326553180205243));
#4650=CARTESIAN_POINT('',(-0.0367724334670039,-0.0109955357278533,-0.0326675584790652));
#4651=CARTESIAN_POINT('',(-0.0364800130160704,-0.0197755733501102,-0.0326532018267335));
#4652=CARTESIAN_POINT('',(-0.0361871472088194,-0.0241567138215498,-0.0326266212016682));
#4653=CARTESIAN_POINT('',(-0.0365611269862942,8.0858562923034E-22,-0.034036239435488));
#4654=CARTESIAN_POINT('',(-0.0365611283644906,-0.00329871873042556,-0.0340362379144074));
#4655=CARTESIAN_POINT('',(-0.0365604717005711,-0.0109960293776278,-0.0340369179307586));
#4656=CARTESIAN_POINT('',(-0.0362598441077159,-0.0197760575044467,-0.0339896714892199));
#4657=CARTESIAN_POINT('',(-0.0359599509931165,-0.024157139158829,-0.0339417048057614));
#4658=CARTESIAN_POINT('',(-0.0363283711670916,-3.13954466923259E-21,-0.0352018052511656));
#4659=CARTESIAN_POINT('',(-0.0363283728039455,-0.00329880322262692,-0.0352018033096226));
#4660=CARTESIAN_POINT('',(-0.0363315091196084,-0.0109962106389333,-0.0351656840581364));
#4661=CARTESIAN_POINT('',(-0.0360324527877809,-0.0197761958975381,-0.0350426516044469));
#4662=CARTESIAN_POINT('',(-0.0357303321369994,-0.0241572335981579,-0.0349557204036628));
#4663=CARTESIAN_POINT('',(-0.0360408715766289,2.87728533139131E-20,-0.0362799072247475));
#4664=CARTESIAN_POINT('',(-0.0360408714523029,-0.0032987388060162,-0.0362799096342755));
#4665=CARTESIAN_POINT('',(-0.0360481774457392,-0.0109960741444891,-0.0362224137138258));
#4666=CARTESIAN_POINT('',(-0.0357522882427305,-0.0197760405438111,-0.0360613949800716));
#4667=CARTESIAN_POINT('',(-0.0354491571243904,-0.0241570633780828,-0.0359578759240414));
#4668=CARTESIAN_POINT('',(-0.0357224746894446,1.14304683975955E-20,-0.0372597608868861));
#4669=CARTESIAN_POINT('',(-0.0357224790936248,-0.00329872120243439,-0.0372597534493877));
#4670=CARTESIAN_POINT('',(-0.0357233997819712,-0.0109960212830575,-0.0372554932623552));
#4671=CARTESIAN_POINT('',(-0.0354129498751322,-0.0197759711706711,-0.0372074955018694));
#4672=CARTESIAN_POINT('',(-0.0351015509002356,-0.0241569881919252,-0.0371639107831981));
#4673=CARTESIAN_POINT('',(-0.0353768996376593,-2.33960899810526E-20,-0.0381685506229517));
#4674=CARTESIAN_POINT('',(-0.0353769014216853,-0.00329872813526668,-0.0381685505828048));
#4675=CARTESIAN_POINT('',(-0.0353720929992905,-0.0109960308441221,-0.0382097991731106));
#4676=CARTESIAN_POINT('',(-0.0350509496770715,-0.019776032135432,-0.0382610291871329));
#4677=CARTESIAN_POINT('',(-0.0347347210759991,-0.0241570774674706,-0.0382709547907273));
#4678=CARTESIAN_POINT('',(-0.0349909161086107,8.48328575557417E-20,-0.039055798157666));
#4679=CARTESIAN_POINT('',(-0.0349909165726568,-0.00329861257502739,-0.0390557988777946));
#4680=CARTESIAN_POINT('',(-0.0349862404388701,-0.010995813363455,-0.03908875987486));
#4681=CARTESIAN_POINT('',(-0.0346696587516859,-0.0197759999081859,-0.0391288957297287));
#4682=CARTESIAN_POINT('',(-0.0343577519408317,-0.0241572087541964,-0.0391361678776506));
#4683=CARTESIAN_POINT('',(-0.0345116442155412,-1.15725090241877E-20,-0.0400322244135296));
#4684=CARTESIAN_POINT('',(-0.0345116446284358,-0.00329841576792308,-0.0400322246601198));
#4685=CARTESIAN_POINT('',(-0.0345096943169545,-0.0109954499043249,-0.0400346693364607));
#4686=CARTESIAN_POINT('',(-0.0342063702968461,-0.0197757218291546,-0.0400160646257796));
#4687=CARTESIAN_POINT('',(-0.0339050030869986,-0.0241570322087567,-0.0399950842219662));
#4688=CARTESIAN_POINT('',(-0.0338631637838247,3.56820476628116E-21,-0.0411449572926254));
#4689=CARTESIAN_POINT('',(-0.0338631646551204,-0.0032983616036418,-0.0411449577733247));
#4690=CARTESIAN_POINT('',(-0.0338652727448222,-0.0109953860581378,-0.0411409567045856));
#4691=CARTESIAN_POINT('',(-0.0335827235117813,-0.0197757172205214,-0.0411056729967666));
#4692=CARTESIAN_POINT('',(-0.0332981207633986,-0.024157057276732,-0.0410744189502585));
#4693=CARTESIAN_POINT('',(-0.0330742494687823,-3.22268627487175E-21,-0.0425151528816813));
#4694=CARTESIAN_POINT('',(-0.0330742513598218,-0.00329850127579106,-0.0425151520162662));
#4695=CARTESIAN_POINT('',(-0.0330712027076924,-0.0109957086286184,-0.0425382678931459));
#4696=CARTESIAN_POINT('',(-0.0327928992667509,-0.0197761466778528,-0.0425477882507313));
#4697=CARTESIAN_POINT('',(-0.0325176687779071,-0.0241575483244333,-0.042534241029787));
#4698=CARTESIAN_POINT('',(-0.0320713872069639,1.27203609882164E-20,-0.0442502148589999));
#4699=CARTESIAN_POINT('',(-0.0320713878699039,-0.00329879191042838,-0.0442502154809837));
#4700=CARTESIAN_POINT('',(-0.0320584927710979,-0.0109963924195696,-0.0443083974485023));
#4701=CARTESIAN_POINT('',(-0.0317782566980396,-0.0197770332447893,-0.0443726503760368));
#4702=CARTESIAN_POINT('',(-0.0315109557929979,-0.0241585239561831,-0.0443787416668085));
#4703=CARTESIAN_POINT('',(-0.0308532864411665,-5.64088860702826E-20,-0.0463606881871919));
#4704=CARTESIAN_POINT('',(-0.0308532873646832,-0.00329918626456012,-0.0463606881678695));
#4705=CARTESIAN_POINT('',(-0.0308309473943357,-0.0109973655356695,-0.0464212372223549));
#4706=CARTESIAN_POINT('',(-0.0305528768772157,-0.0197782449910657,-0.0464685883427457));
#4707=CARTESIAN_POINT('',(-0.0302971730661022,-0.0241598139978506,-0.0464554071514532));
#4708=CARTESIAN_POINT('',(-0.0295289101433458,3.93108038802062E-19,-0.048654387711081));
#4709=CARTESIAN_POINT('',(-0.0295289108952762,-0.00329984086182063,-0.0486543875869321));
#4710=CARTESIAN_POINT('',(-0.0295095370145883,-0.0109989423568401,-0.0486911137217242));
#4711=CARTESIAN_POINT('',(-0.0292593411421368,-0.0197800876151374,-0.0486663288910051));
#4712=CARTESIAN_POINT('',(-0.0290285394953569,-0.0241616888542157,-0.04860484642027));
#4713=CARTESIAN_POINT('',(-0.0282329464759429,-9.82486195799782E-20,-0.0508991128865586));
#4714=CARTESIAN_POINT('',(-0.0282329468057588,-0.00330070190468391,-0.0508991133555474));
#4715=CARTESIAN_POINT('',(-0.028229237450118,-0.011000978527522,-0.050902322470018));
#4716=CARTESIAN_POINT('',(-0.0280305552458051,-0.0197824577424548,-0.0507875147371166));
#4717=CARTESIAN_POINT('',(-0.0278356005072987,-0.0241640966982763,-0.050669530653492));
#4718=CARTESIAN_POINT('',(-0.0270195860612841,-1.13560482149274E-22,-0.0530007012498264));
#4719=CARTESIAN_POINT('',(-0.0270195863931226,-0.00330159019750278,-0.0530007019506153));
#4720=CARTESIAN_POINT('',(-0.0270312364718594,-0.0110030547067858,-0.0529862660994537));
#4721=CARTESIAN_POINT('',(-0.0268804806822066,-0.0197848833771151,-0.0528170241027456));
#4722=CARTESIAN_POINT('',(-0.0267180938376591,-0.0241665689075495,-0.0526622485560957));
#4723=CARTESIAN_POINT('',(-0.0258073199430155,9.87028615085749E-20,-0.0551004115914458));
#4724=CARTESIAN_POINT('',(-0.0258073205839617,-0.00330256801628684,-0.0551004116562087));
#4725=CARTESIAN_POINT('',(-0.0258265636210172,-0.0110053344276968,-0.055081027698171));
#4726=CARTESIAN_POINT('',(-0.0257071462118409,-0.0197875097893784,-0.054882337442843));
#4727=CARTESIAN_POINT('',(-0.0255685097592664,-0.0241692131183362,-0.0547030477710043));
#4728=CARTESIAN_POINT('',(-0.0245969660608838,-2.65579600699852E-20,-0.0571968042033147));
#4729=CARTESIAN_POINT('',(-0.0245969665331304,-0.00330355851322317,-0.0571968044386442));
#4730=CARTESIAN_POINT('',(-0.0246013680673711,-0.0110076673986812,-0.0571933635820361));
#4731=CARTESIAN_POINT('',(-0.0244675284910063,-0.019790181307055,-0.0570065341632405));
#4732=CARTESIAN_POINT('',(-0.024329317252667,-0.0241718856055109,-0.0568231475174884));
#4733=CARTESIAN_POINT('',(-0.0234412036096874,5.63525994684632E-21,-0.0591986466976022));
#4734=CARTESIAN_POINT('',(-0.0234412041310392,-0.00330460901233062,-0.0591986468231575));
#4735=CARTESIAN_POINT('',(-0.0234303495318681,-0.0110101433559632,-0.059206191648366));
#4736=CARTESIAN_POINT('',(-0.0232798169533538,-0.0197930160555721,-0.0590212629874062));
#4737=CARTESIAN_POINT('',(-0.0231401658834919,-0.0241747228758925,-0.0588287953866718));
#4738=CARTESIAN_POINT('',(-0.022396536397503,-4.66777054121198E-22,-0.0610080546257087));
#4739=CARTESIAN_POINT('',(-0.0223965367395095,-0.0033057672370796,-0.0610080543981535));
#4740=CARTESIAN_POINT('',(-0.0223842207179899,-0.0110128459903814,-0.0610126245779894));
#4741=CARTESIAN_POINT('',(-0.0222428553117034,-0.0197961053953567,-0.0608024304737981));
#4742=CARTESIAN_POINT('',(-0.0221138272613119,-0.0241778205763582,-0.0605876820072685));
#4743=CARTESIAN_POINT('',(-0.0214794476302284,-2.5383005719091E-23,-0.0625965157826981));
#4744=CARTESIAN_POINT('',(-0.0214794476131024,-0.00330702646608805,-0.0625965178880143));
#4745=CARTESIAN_POINT('',(-0.0214814956181958,-0.01101573646528,-0.0625964069446487));
#4746=CARTESIAN_POINT('',(-0.0213789445500513,-0.0197994555009705,-0.0623593284361716));
#4747=CARTESIAN_POINT('',(-0.0212743511027766,-0.0241812522293076,-0.0621223920622049));
#4748=CARTESIAN_POINT('',(-0.0205059531403699,5.81000579857103E-22,-0.0642826069380442));
#4749=CARTESIAN_POINT('',(-0.0205059533064587,-0.00330871016356158,-0.0642826098738197));
#4750=CARTESIAN_POINT('',(-0.0205403243988071,-0.011019587575324,-0.0642718504014564));
#4751=CARTESIAN_POINT('',(-0.0205139653278838,-0.0198038746399707,-0.0639929531484153));
#4752=CARTESIAN_POINT('',(-0.0204532390183252,-0.0241857041912828,-0.0637248561408065));
#4753=CARTESIAN_POINT('',(-0.0193358538866608,-6.61567854274614E-21,-0.0663097178956157));
#4754=CARTESIAN_POINT('',(-0.0193358552738593,-0.00331088409869291,-0.0663097171850522));
#4755=CARTESIAN_POINT('',(-0.0193938463944802,-0.0110246030682349,-0.066290333093793));
#4756=CARTESIAN_POINT('',(-0.0194297165230197,-0.0198094372965199,-0.0659676235512619));
#4757=CARTESIAN_POINT('',(-0.0194076317068448,-0.0241910826594836,-0.0656643093291721));
#4758=CARTESIAN_POINT('',(-0.0180732595849364,2.8904599265868E-20,-0.0684944599868468));
#4759=CARTESIAN_POINT('',(-0.0180732605656132,-0.00331305855565045,-0.0684944608392598));
#4760=CARTESIAN_POINT('',(-0.0180964711101001,-0.0110297391230237,-0.0684872815578078));
#4761=CARTESIAN_POINT('',(-0.0180798392664349,-0.0198151817180817,-0.0681602331206151));
#4762=CARTESIAN_POINT('',(-0.0180400510489272,-0.0241967019259203,-0.0678403314711477));
#4763=CARTESIAN_POINT('',(-0.0169331761666426,-8.04496331710438E-20,-0.0704757095361303));
#4764=CARTESIAN_POINT('',(-0.0169331767957347,-0.0033151743797128,-0.0704757095053147));
#4765=CARTESIAN_POINT('',(-0.0169370372054181,-0.0110346966227493,-0.070476689987614));
#4766=CARTESIAN_POINT('',(-0.0168963256022191,-0.0198209309890182,-0.0701407300875957));
#4767=CARTESIAN_POINT('',(-0.016851781659856,-0.0242025540210592,-0.0698037989821955));
#4768=CARTESIAN_POINT('',(-0.0160686819111835,1.50666746502747E-19,-0.0719613734877293));
#4769=CARTESIAN_POINT('',(-0.0160686824260238,-0.00331675810148317,-0.0719613736121572));
#4770=CARTESIAN_POINT('',(-0.0160722367956874,-0.011038365833438,-0.071962568560062));
#4771=CARTESIAN_POINT('',(-0.0160408981653832,-0.0198250995868957,-0.0716099119935235));
#4772=CARTESIAN_POINT('',(-0.0160060303632935,-0.0242067227732344,-0.0712560727871536));
#4773=CARTESIAN_POINT('',(-0.0154136428795961,7.54508218328113E-22,-0.0731204394987448));
#4774=CARTESIAN_POINT('',(-0.015413643621291,-0.00331780996635631,-0.0731204394578703));
#4775=CARTESIAN_POINT('',(-0.01541414468941,-0.0110408554337967,-0.0731196819414552));
#4776=CARTESIAN_POINT('',(-0.0153833650512282,-0.0198279115751567,-0.0727513405895759));
#4777=CARTESIAN_POINT('',(-0.0153521182907323,-0.0242094740587435,-0.0723837571486783));
#4778=CARTESIAN_POINT('',(-0.0148259905528662,-1.76037734169071E-21,-0.0740511203114353));
#4779=CARTESIAN_POINT('',(-0.0148259911179431,-0.00331846082693171,-0.0740511206261804));
#4780=CARTESIAN_POINT('',(-0.0148195302233194,-0.0110422566109583,-0.0740503604346588));
#4781=CARTESIAN_POINT('',(-0.014780109230061,-0.0198292292986119,-0.0736742817431163));
#4782=CARTESIAN_POINT('',(-0.0147471837561784,-0.0242105974035049,-0.0732989751014325));
#4783=CARTESIAN_POINT('',(-0.0142022646773844,6.28700114843479E-21,-0.0748845878369032));
#4784=CARTESIAN_POINT('',(-0.0142022652231844,-0.00331891206030986,-0.0748845878510944));
#4785=CARTESIAN_POINT('',(-0.0141921249494969,-0.0110432291634658,-0.0748849169213893));
#4786=CARTESIAN_POINT('',(-0.0141502915261983,-0.0198302179573715,-0.074505647157436));
#4787=CARTESIAN_POINT('',(-0.0141186241948079,-0.0242115258393612,-0.0741260763849475));
#4788=CARTESIAN_POINT('',(-0.0135582537685091,-2.33876272520487E-20,-0.0756367135041614));
#4789=CARTESIAN_POINT('',(-0.0135582539039756,-0.00331925770543279,-0.0756367156045255));
#4790=CARTESIAN_POINT('',(-0.0135551499768025,-0.0110439201552702,-0.0756378323191789));
#4791=CARTESIAN_POINT('',(-0.0135316857295121,-0.0198309460420633,-0.0752568078773228));
#4792=CARTESIAN_POINT('',(-0.0135113443122353,-0.0242122895791997,-0.0748746915243683));
#4793=CARTESIAN_POINT('',(-0.0128896231789634,8.72635078597603E-20,-0.0763212461237704));
#4794=CARTESIAN_POINT('',(-0.0128896228643489,-0.00331951585422467,-0.0763212493271996));
#4795=CARTESIAN_POINT('',(-0.0129037836625746,-0.0110444221940639,-0.0763215502678603));
#4796=CARTESIAN_POINT('',(-0.0129186763748636,-0.0198313730144508,-0.0759368009747688));
#4797=CARTESIAN_POINT('',(-0.0129194382619736,-0.0242126150779653,-0.0755517773212201));
#4798=CARTESIAN_POINT('',(-0.0121929409667939,4.18107685851775E-21,-0.0769499027221643));
#4799=CARTESIAN_POINT('',(-0.012192941785716,-0.003319644045082,-0.0769499037044774));
#4800=CARTESIAN_POINT('',(-0.0122213205748627,-0.0110446491859255,-0.0769490324412786));
#4801=CARTESIAN_POINT('',(-0.0122685280940555,-0.0198313950918468,-0.0765604106871931));
#4802=CARTESIAN_POINT('',(-0.0122873855865929,-0.0242124007575978,-0.0761727078431137));
#4803=CARTESIAN_POINT('',(-0.0114599165355948,-1.47064966992218E-21,-0.077532351903679));
#4804=CARTESIAN_POINT('',(-0.0114599174445642,-0.00331963066263914,-0.0775323530610626));
#4805=CARTESIAN_POINT('',(-0.0114868793628455,-0.0110445779040865,-0.0775315780603237));
#4806=CARTESIAN_POINT('',(-0.0115354054214644,-0.0198310706706635,-0.07714230428498));
#4807=CARTESIAN_POINT('',(-0.011557014082717,-0.0242118515966446,-0.0767538507244738));
#4808=CARTESIAN_POINT('',(-0.0105968126997834,2.05398532018128E-21,-0.0781342107999014));
#4809=CARTESIAN_POINT('',(-0.0105968128364488,-0.00331954250302466,-0.0781342126374912));
#4810=CARTESIAN_POINT('',(-0.0106088312765433,-0.0110443456106441,-0.0781344149433641));
#4811=CARTESIAN_POINT('',(-0.0106327086972726,-0.0198306531417164,-0.0777464230400054));
#4812=CARTESIAN_POINT('',(-0.010644628887331,-0.0242113128928739,-0.0773582595160379));
#4813=CARTESIAN_POINT('',(-0.00955562828726877,-8.62638066072299E-21,-0.0787492492422525));
#4814=CARTESIAN_POINT('',(-0.00955562845207849,-0.00331948380798695,-0.0787492507028336));
#4815=CARTESIAN_POINT('',(-0.00954765190652629,-0.0110441861306763,-0.0787482599662741));
#4816=CARTESIAN_POINT('',(-0.00953916892539983,-0.019830359214945,-0.0783567653757078));
#4817=CARTESIAN_POINT('',(-0.00953871770009387,-0.0242109364841083,-0.0779663048705585));
#4818=CARTESIAN_POINT('',(-0.00836138720354914,3.06531216595069E-19,-0.0793168743361522));
#4819=CARTESIAN_POINT('',(-0.00836138837904481,-0.00331936821643313,-0.0793168748824776));
#4820=CARTESIAN_POINT('',(-0.00833550598148919,-0.0110438787377783,-0.0793150207880989));
#4821=CARTESIAN_POINT('',(-0.00830006213351733,-0.0198299356798073,-0.0789216587450391));
#4822=CARTESIAN_POINT('',(-0.00829052871579535,-0.0242104774429789,-0.0785302167213738));
#4823=CARTESIAN_POINT('',(-0.00722610645692573,-5.2166956185264E-19,-0.079738291732922));
#4824=CARTESIAN_POINT('',(-0.00722610565465019,-0.00331926568128408,-0.0797382937963302));
#4825=CARTESIAN_POINT('',(-0.00720630368108698,-0.0110435765303948,-0.0797373143263246));
#4826=CARTESIAN_POINT('',(-0.00719081457962199,-0.0198295490418208,-0.0793468480404579));
#4827=CARTESIAN_POINT('',(-0.00719513561720259,-0.0242101041814876,-0.078957440040694));
#4828=CARTESIAN_POINT('',(-0.0061677436321902,1.33262262034738E-19,-0.0800402064532965));
#4829=CARTESIAN_POINT('',(-0.00616774198316747,-0.00331911286506978,-0.0800402088090648));
#4830=CARTESIAN_POINT('',(-0.0061690565058314,-0.0110431754921359,-0.0800406901010774));
#4831=CARTESIAN_POINT('',(-0.00620287503035181,-0.0198290322393916,-0.079654982473829));
#4832=CARTESIAN_POINT('',(-0.00623537455692624,-0.0242095387938386,-0.0792688832927542));
#4833=CARTESIAN_POINT('',(-0.005091713104807,-5.04148694247569E-20,-0.0802711924928699));
#4834=CARTESIAN_POINT('',(-0.00509171317358658,-0.00331884336918669,-0.080271194119679));
#4835=CARTESIAN_POINT('',(-0.00511112937613574,-0.011042521890616,-0.0802729189917183));
#4836=CARTESIAN_POINT('',(-0.00518849039063509,-0.0198282194982697,-0.0798922459218815));
#4837=CARTESIAN_POINT('',(-0.00524643228931187,-0.0242086538181099,-0.0795099344663809));
#4838=CARTESIAN_POINT('',(-0.00378231405019397,2.82793647593861E-20,-0.0804476374885719));
#4839=CARTESIAN_POINT('',(-0.00378231432907789,-0.00331833927747569,-0.0804476390931872));
#4840=CARTESIAN_POINT('',(-0.00379936491320555,-0.0110413445473131,-0.0804494973101517));
#4841=CARTESIAN_POINT('',(-0.00388083523557189,-0.0198268321620322,-0.0800733586951172));
#4842=CARTESIAN_POINT('',(-0.00394527211145741,-0.0242072259952741,-0.0796954438305371));
#4843=CARTESIAN_POINT('',(-0.0021308463769325,-1.07736698327289E-20,-0.0805042932505152));
#4844=CARTESIAN_POINT('',(-0.00213084646961642,-0.00331752499881109,-0.0805042947202422));
#4845=CARTESIAN_POINT('',(-0.0021248060810335,-0.0110394655316742,-0.080503865297537));
#4846=CARTESIAN_POINT('',(-0.00217104781132889,-0.0198247069745997,-0.0801302701672024));
#4847=CARTESIAN_POINT('',(-0.00222334477636417,-0.0242051124593575,-0.0797571875089582));
#4848=CARTESIAN_POINT('',(-0.000373758143579115,2.47015808425196E-21,-0.080350083043863));
#4849=CARTESIAN_POINT('',(-0.000373757701165749,-0.00331648594867222,-0.0803500845262463));
#4850=CARTESIAN_POINT('',(-0.000348666263748245,-0.0110370704179978,-0.0803447252542973));
#4851=CARTESIAN_POINT('',(-0.000367710462261377,-0.0198220341407775,-0.0799711667334835));
#4852=CARTESIAN_POINT('',(-0.000411828273995912,-0.0242024832723607,-0.0796030553105042));
#4853=CARTESIAN_POINT('',(0.00124248891150857,-2.29116001785182E-22,-0.0800067740460989));
#4854=CARTESIAN_POINT('',(0.00124248996162244,-0.00331535499197994,-0.0800067752236143));
#4855=CARTESIAN_POINT('',(0.0012418337902775,-0.011034473175191,-0.0800070172425191));
#4856=CARTESIAN_POINT('',(0.00116262251603066,-0.0198191775597824,-0.0796558471994536));
#4857=CARTESIAN_POINT('',(0.00108414869851393,-0.0241997004393889,-0.0793044984701952));
#4858=CARTESIAN_POINT('',(0.00260627550605191,2.98400239293165E-23,-0.0795713215470117));
#4859=CARTESIAN_POINT('',(0.00260627634388619,-0.00331420400763229,-0.0795713225138515));
#4860=CARTESIAN_POINT('',(0.00258407157195286,-0.0110318542402773,-0.0795765868157321));
#4861=CARTESIAN_POINT('',(0.00245515390499066,-0.0198163168756944,-0.0792465243528715));
#4862=CARTESIAN_POINT('',(0.00234848496782569,-0.0241969316744468,-0.0789112625282507));
#4863=CARTESIAN_POINT('',(0.00392523305651693,9.48358941032549E-23,-0.0790176860757951));
#4864=CARTESIAN_POINT('',(0.00392523324127649,-0.00331299706125345,-0.0790176873802327));
#4865=CARTESIAN_POINT('',(0.00391124694425837,-0.0110291119698148,-0.0790212713321725));
#4866=CARTESIAN_POINT('',(0.00379276582603918,-0.0198133323465767,-0.078700143373065));
#4867=CARTESIAN_POINT('',(0.00368830055860312,-0.0241940457557183,-0.0783755048917903));
#4868=CARTESIAN_POINT('',(0.00538395448137571,-1.31758715998207E-21,-0.0782247300763089));
#4869=CARTESIAN_POINT('',(0.00538395459077865,-0.00331156881879388,-0.0782247316599307));
#4870=CARTESIAN_POINT('',(0.00539136798696088,-0.0110258581139579,-0.0782228871387985));
#4871=CARTESIAN_POINT('',(0.00530982938380198,-0.0198098087546359,-0.0779065978692446));
#4872=CARTESIAN_POINT('',(0.00522091829329333,-0.0241906570262747,-0.077592216073596));
#4873=CARTESIAN_POINT('',(0.00686272334648898,6.23289037241651E-21,-0.0771709235590725));
#4874=CARTESIAN_POINT('',(0.00686272454159182,-0.00330993769726208,-0.0771709238289039));
#4875=CARTESIAN_POINT('',(0.00688712060620559,-0.0110221536803677,-0.0771621097580235));
#4876=CARTESIAN_POINT('',(0.00683735547321376,-0.0198058582236882,-0.076850362361544));
#4877=CARTESIAN_POINT('',(0.00676325147792022,-0.02418690049969,-0.0765474773989155));
#4878=CARTESIAN_POINT('',(0.00819007270834771,-2.15363442055452E-20,-0.075946253148765));
#4879=CARTESIAN_POINT('',(0.00819007273345198,-0.00330818720775792,-0.0759462539364195));
#4880=CARTESIAN_POINT('',(0.00818875151232533,-0.011018228023024,-0.0759473656427582));
#4881=CARTESIAN_POINT('',(0.00808836992775065,-0.0198017538550399,-0.0756748473055099));
#4882=CARTESIAN_POINT('',(0.00798937264608512,-0.0241830951966338,-0.0754011886240686));
#4883=CARTESIAN_POINT('',(0.0092606449311361,6.01564377059232E-20,-0.0746919077354763));
#4884=CARTESIAN_POINT('',(0.00926064529395495,-0.00330662494630626,-0.0746919076729933));
#4885=CARTESIAN_POINT('',(0.00924682125585383,-0.0110147400959981,-0.0746968200302666));
#4886=CARTESIAN_POINT('',(0.00912297215197,-0.0197980232572685,-0.0744505078870916));
#4887=CARTESIAN_POINT('',(0.00901298977189717,-0.0241795304804858,-0.0741993018368685));
#4888=CARTESIAN_POINT('',(0.0101127073923467,-1.54929172520566E-20,-0.0734603589815407));
#4889=CARTESIAN_POINT('',(0.0101127080292524,-0.00330534741252091,-0.0734603596416039));
#4890=CARTESIAN_POINT('',(0.0101065248863584,-0.0110118984049384,-0.0734616847353733));
#4891=CARTESIAN_POINT('',(0.00999912626594107,-0.0197950485397869,-0.0732264780542819));
#4892=CARTESIAN_POINT('',(0.00989797109027186,-0.0241767318053658,-0.0729899478932112));
#4893=CARTESIAN_POINT('',(0.0108923777055189,9.56168992833185E-21,-0.0720628074314223));
#4894=CARTESIAN_POINT('',(0.0108923783902613,-0.00330412938217497,-0.0720628086853972));
#4895=CARTESIAN_POINT('',(0.0109056530805038,-0.011009089231412,-0.0720581390578344));
#4896=CARTESIAN_POINT('',(0.0108381758245058,-0.0197919971446226,-0.0718318855501048));
#4897=CARTESIAN_POINT('',(0.0107574791895136,-0.024173804932173,-0.0716102883940848));
#4898=CARTESIAN_POINT('',(0.0118775314438401,-3.42228511519599E-21,-0.070380534311991));
#4899=CARTESIAN_POINT('',(0.0118775319757651,-0.00330281065005949,-0.0703805350205765));
#4900=CARTESIAN_POINT('',(0.0119136842958769,-0.0110060160489317,-0.0703618574063401));
#4901=CARTESIAN_POINT('',(0.011890163334101,-0.019788615558338,-0.0701323006758647));
#4902=CARTESIAN_POINT('',(0.0118305321696707,-0.0241705402020028,-0.0699214186658288));
#4903=CARTESIAN_POINT('',(0.0130258790608664,9.86560275432625E-22,-0.0683833671397679));
#4904=CARTESIAN_POINT('',(0.0130258795835715,-0.00330136212394967,-0.0683833673138557));
#4905=CARTESIAN_POINT('',(0.0130737946398946,-0.0110026888960394,-0.0683508439259619));
#4906=CARTESIAN_POINT('',(0.0130697473173971,-0.0197849966923862,-0.0681225451393016));
#4907=CARTESIAN_POINT('',(0.0130178057806448,-0.0241670678028863,-0.0679267767957733));
#4908=CARTESIAN_POINT('',(0.0142739408084444,-2.64612140026918E-22,-0.0662239789142515));
#4909=CARTESIAN_POINT('',(0.0142739409524884,-0.00329995559974583,-0.0662239795819643));
#4910=CARTESIAN_POINT('',(0.0143126733809283,-0.0109994888400793,-0.0661891083193999));
#4911=CARTESIAN_POINT('',(0.0142843487763191,-0.0197814778948763,-0.0659865892643237));
#4912=CARTESIAN_POINT('',(0.0142173076598883,-0.0241636526848145,-0.0658189371309663));
#4913=CARTESIAN_POINT('',(0.0155217898893538,7.1888284675041E-23,-0.0640620197642681));
#4914=CARTESIAN_POINT('',(0.0155217896825006,-0.00329878870676141,-0.0640620206469435));
#4915=CARTESIAN_POINT('',(0.0155330431337353,-0.0109968500168055,-0.0640481350646669));
#4916=CARTESIAN_POINT('',(0.0154432594083073,-0.0197785536027906,-0.0639166222297119));
#4917=CARTESIAN_POINT('',(0.0153422401055554,-0.0241607949802525,-0.0637989825209776));
#4918=CARTESIAN_POINT('',(0.0167351747917518,-2.29409986732476E-23,-0.0619605418985868));
#4919=CARTESIAN_POINT('',(0.0167351752265367,-0.00329800483404312,-0.0619605415134548));
#4920=CARTESIAN_POINT('',(0.0167272177379825,-0.0109950746176444,-0.0619698985753086));
#4921=CARTESIAN_POINT('',(0.0165928549058105,-0.0197766050831919,-0.0619109259176398));
#4922=CARTESIAN_POINT('',(0.0164664744254556,-0.0241589039525038,-0.0618425845062639));
#4923=CARTESIAN_POINT('',(0.0179283243137284,1.98757100179494E-23,-0.0598939017095311));
#4924=CARTESIAN_POINT('',(0.0179283245813564,-0.0032975472397341,-0.059893901804014));
#4925=CARTESIAN_POINT('',(0.017918418448863,-0.0109940218862043,-0.0599173754347766));
#4926=CARTESIAN_POINT('',(0.0177734279255483,-0.019775480679623,-0.059910754417127));
#4927=CARTESIAN_POINT('',(0.017638361495761,-0.0241578411316559,-0.059880654672608));
#4928=CARTESIAN_POINT('',(0.0191192290156933,-5.65618413985493E-23,-0.0578312062082086));
#4929=CARTESIAN_POINT('',(0.0191192290845362,-0.00329720046580991,-0.057831206392831));
#4930=CARTESIAN_POINT('',(0.0191162088939029,-0.0109932339385887,-0.0578432109819556));
#4931=CARTESIAN_POINT('',(0.0189770759114111,-0.0197746231881189,-0.0578367678815757));
#4932=CARTESIAN_POINT('',(0.018840970021498,-0.0241570148576943,-0.0578183287458161));
#4933=CARTESIAN_POINT('',(0.0203198503424778,2.06371655576246E-22,-0.0557516658677192));
#4934=CARTESIAN_POINT('',(0.0203198506407155,-0.00329692010859588,-0.0557516659686592));
#4935=CARTESIAN_POINT('',(0.0203219771382696,-0.0109926146341224,-0.0557436138857708));
#4936=CARTESIAN_POINT('',(0.0201836786836207,-0.0197739474236422,-0.0557197396047448));
#4937=CARTESIAN_POINT('',(0.0200432548945468,-0.0241563563523517,-0.0557039313498563));
#4938=CARTESIAN_POINT('',(0.0215454453559897,-7.68924780906433E-22,-0.0536288738927515));
#4939=CARTESIAN_POINT('',(0.0215454447400632,-0.00329671971939492,-0.0536288743760775));
#4940=CARTESIAN_POINT('',(0.0215404251883007,-0.0109921806101308,-0.0536149240155829));
#4941=CARTESIAN_POINT('',(0.0213763082759141,-0.0197734643349375,-0.0536022749563509));
#4942=CARTESIAN_POINT('',(0.0212172205678518,-0.0241558789465269,-0.0536035798405255));
#4943=CARTESIAN_POINT('',(0.0228041177654083,2.86932746804953E-21,-0.0514487890996493));
#4944=CARTESIAN_POINT('',(0.0228041213829575,-0.00329694233454433,-0.0514487863941729));
#4945=CARTESIAN_POINT('',(0.0228098987406362,-0.0109926214175099,-0.051461126818456));
#4946=CARTESIAN_POINT('',(0.0226536578171478,-0.0197740718858457,-0.0515244248370858));
#4947=CARTESIAN_POINT('',(0.0224916673395788,-0.0241566292041267,-0.0515753439402054));
#4948=CARTESIAN_POINT('',(0.0242368637241372,-1.07083850912918E-20,-0.0489672003664704));
#4949=CARTESIAN_POINT('',(0.024236864038314,-0.00329758504865691,-0.0489672009395974));
#4950=CARTESIAN_POINT('',(0.0242576141829151,-0.0109940033432253,-0.0490338871412974));
#4951=CARTESIAN_POINT('',(0.0241119399614467,-0.0197755927313228,-0.0492381891663431));
#4952=CARTESIAN_POINT('',(0.0239455415118722,-0.0241580729290212,-0.049375790344685));
#4953=CARTESIAN_POINT('',(0.025607116248552,3.71490685644286E-20,-0.0465938533591086));
#4954=CARTESIAN_POINT('',(0.0256071171458439,-0.00329802513607375,-0.0465938537933831));
#4955=CARTESIAN_POINT('',(0.0256260800816253,-0.0109950719736636,-0.0466363736630064));
#4956=CARTESIAN_POINT('',(0.025458590111067,-0.0197766636341708,-0.0468243761082216));
#4957=CARTESIAN_POINT('',(0.0252721251781777,-0.0241589849760277,-0.0469699067983552));
#4958=CARTESIAN_POINT('',(0.0267390653551475,-1.0379307555702E-19,-0.0446332599979831));
#4959=CARTESIAN_POINT('',(0.0267390657767161,-0.00329847461213248,-0.0446332606476923));
#4960=CARTESIAN_POINT('',(0.0267489540997246,-0.0109961839161701,-0.0446504927863681));
#4961=CARTESIAN_POINT('',(0.026549361517276,-0.0197779418724754,-0.0448126107363279));
#4962=CARTESIAN_POINT('',(0.0263398744367799,-0.0241602601795542,-0.0449575290096947));
#4963=CARTESIAN_POINT('',(0.0275479260135219,1.42823546548415E-19,-0.0432322722410993));
#4964=CARTESIAN_POINT('',(0.0275479262696055,-0.00329882889290932,-0.0432322727026154));
#4965=CARTESIAN_POINT('',(0.0275492919365825,-0.0109970431922199,-0.0432404584288119));
#4966=CARTESIAN_POINT('',(0.0273242436318504,-0.0197789298158299,-0.0433992582364404));
#4967=CARTESIAN_POINT('',(0.0270978290612988,-0.024161255120409,-0.0435498944757445));
#4968=CARTESIAN_POINT('',(0.0281193780402653,1.03866253215749E-19,-0.0422424882967533));
#4969=CARTESIAN_POINT('',(0.0281193783422233,-0.00329902275366075,-0.0422424882260515));
#4970=CARTESIAN_POINT('',(0.0281187140918237,-0.0109975093260713,-0.0422422820982309));
#4971=CARTESIAN_POINT('',(0.0278854895738242,-0.0197794924821683,-0.0423916389071865));
#4972=CARTESIAN_POINT('',(0.0276529330348655,-0.0241618565338609,-0.0425412152643749));
#4973=CARTESIAN_POINT('',(0.0286293278757978,-1.33133237925821E-20,-0.0413592292722834));
#4974=CARTESIAN_POINT('',(0.0286293279596325,-0.00329913346202222,-0.0413592294043139));
#4975=CARTESIAN_POINT('',(0.0286298093205975,-0.0109977691024149,-0.0413522603076048));
#4976=CARTESIAN_POINT('',(0.0283963689130726,-0.0197798208011876,-0.0414920720439059));
#4977=CARTESIAN_POINT('',(0.0281624577140163,-0.0241622203372774,-0.0416388566380596));
#4978=CARTESIAN_POINT('',(0.0292063081473507,4.27359514082793E-21,-0.0403598701269965));
#4979=CARTESIAN_POINT('',(0.0292063082596252,-0.00329922543171089,-0.0403598701556672));
#4980=CARTESIAN_POINT('',(0.0292097313976476,-0.010997957351681,-0.0403544543089358));
#4981=CARTESIAN_POINT('',(0.0289798750951733,-0.0197801021213304,-0.0404990817097344));
#4982=CARTESIAN_POINT('',(0.0287465992640873,-0.0241625882975612,-0.0406491236653021));
#4983=CARTESIAN_POINT('',(0.0298595714400492,4.86146570147517E-20,-0.0392283849133188));
#4984=CARTESIAN_POINT('',(0.029859576049131,-0.00329930727768029,-0.0392283833257771));
#4985=CARTESIAN_POINT('',(0.0298732415958922,-0.0109980505107447,-0.0392430023017484));
#4986=CARTESIAN_POINT('',(0.0296623407195982,-0.0197803796600568,-0.0394245628968682));
#4987=CARTESIAN_POINT('',(0.0294377039811023,-0.0241631117436054,-0.0395915588190474));
#4988=CARTESIAN_POINT('',(0.0305290064292992,-1.29461443034863E-20,-0.0380688894995748));
#4989=CARTESIAN_POINT('',(0.030529026826786,-0.00329951468161421,-0.0380688828570357));
#4990=CARTESIAN_POINT('',(0.0305671318307529,-0.0109983592240769,-0.0381459331191216));
#4991=CARTESIAN_POINT('',(0.0304041986230127,-0.0197810145013139,-0.0384424186507554));
#4992=CARTESIAN_POINT('',(0.0302027659267545,-0.0241640652200666,-0.0386621536079571));
#4993=CARTESIAN_POINT('',(0.0311368258079725,-1.14546123530234E-21,-0.0370161154538872));
#4994=CARTESIAN_POINT('',(0.0311368168277816,-0.00329944610000119,-0.037016124226135));
#4995=CARTESIAN_POINT('',(0.0311901584175554,-0.0109980886978611,-0.0371427760454456));
#4996=CARTESIAN_POINT('',(0.031051415344008,-0.0197800037946974,-0.0375262901640742));
#4997=CARTESIAN_POINT('',(0.0308595844924893,-0.0241621754570678,-0.0377830794082186));
#4998=CARTESIAN_POINT('',(0.0316387123883791,1.13353801300442E-20,-0.0361468223969861));
#4999=CARTESIAN_POINT('',(0.0316387361009267,-0.003298729502188,-0.0361468054785925));
#5000=CARTESIAN_POINT('',(0.0316757759891851,-0.0109964511588771,-0.0362403375880081));
#5001=CARTESIAN_POINT('',(0.0315034875377948,-0.0197773640659491,-0.0365418252429826));
#5002=CARTESIAN_POINT('',(0.0312939125093815,-0.024158975817581,-0.036749807214022));
#5003=CARTESIAN_POINT('',(0.032026638515867,-1.64662799039218E-20,-0.0354749146345937));
#5004=CARTESIAN_POINT('',(0.0320266668262206,-0.00329798338090253,-0.035474891596095));
#5005=CARTESIAN_POINT('',(0.0320435324250335,-0.0109948355289788,-0.0355168067906336));
#5006=CARTESIAN_POINT('',(0.0318267372764011,-0.0197755401060344,-0.0357032565664459));
#5007=CARTESIAN_POINT('',(0.0315926588724096,-0.0241571343595853,-0.0358477874138405));
#5008=CARTESIAN_POINT('',(0.0323437560437832,4.25416665348142E-20,-0.0349256509642722));
#5009=CARTESIAN_POINT('',(0.0323437711560817,-0.00329744619282526,-0.0349256464058686));
#5010=CARTESIAN_POINT('',(0.0323463635493948,-0.0109936490514963,-0.0349321788097537));
#5011=CARTESIAN_POINT('',(0.0320944360800484,-0.0197742793931625,-0.0350394663142792));
#5012=CARTESIAN_POINT('',(0.0318400676193793,-0.0241558909401841,-0.0351400307377416));
#5013=CARTESIAN_POINT('',(0.0326317100771224,-1.59601180879206E-19,-0.0344268999482843));
#5014=CARTESIAN_POINT('',(0.0326317066224801,-0.00329716352119189,-0.034426902038344));
#5015=CARTESIAN_POINT('',(0.0326276888335054,-0.0109929419163426,-0.0344234288154003));
#5016=CARTESIAN_POINT('',(0.0323554938394908,-0.0197737117822245,-0.0345023417783176));
#5017=CARTESIAN_POINT('',(0.0320874537992721,-0.0241555681507905,-0.0345847537496548));
#5018=CARTESIAN_POINT('',(0.032888308497751,4.27649317996854E-20,-0.0339824584466137));
#5019=CARTESIAN_POINT('',(0.0328883074924858,-0.00329705875584338,-0.0339824598360704));
#5020=CARTESIAN_POINT('',(0.0328890397263628,-0.0109926146151019,-0.0339873496581787));
#5021=CARTESIAN_POINT('',(0.0326229240128826,-0.0197734321969533,-0.0340718495508079));
#5022=CARTESIAN_POINT('',(0.0323559528442524,-0.0241554464945596,-0.034151511536497));
#5023=CARTESIAN_POINT('',(0.0331235462068339,-1.14585463195329E-20,-0.0335750147826259));
#5024=CARTESIAN_POINT('',(0.0331235475524187,-0.00329692795226513,-0.0335750141122956));
#5025=CARTESIAN_POINT('',(0.0331264265894356,-0.0109922929644294,-0.0335857602550476));
#5026=CARTESIAN_POINT('',(0.032862462407344,-0.0197727166826692,-0.0336696889037157));
#5027=CARTESIAN_POINT('',(0.0325958552196518,-0.0241543858956524,-0.0337427328607818));
#5028=CARTESIAN_POINT('',(0.0333443457061251,3.06925347844627E-21,-0.0331925788315679));
#5029=CARTESIAN_POINT('',(0.0333443576883119,-0.00329669394027462,-0.0331925690830861));
#5030=CARTESIAN_POINT('',(0.0333437284530481,-0.0109917562588163,-0.0331918426383234));
#5031=CARTESIAN_POINT('',(0.0330735077366135,-0.0197719612752753,-0.0332393013829001));
#5032=CARTESIAN_POINT('',(0.0328039916608775,-0.0241535348753153,-0.0332873375587538));
#5033=CARTESIAN_POINT('',(0.0335587101654679,-8.18467594252341E-22,-0.0328212886966491));
#5034=CARTESIAN_POINT('',(0.0335587118066868,-0.00329650724175226,-0.0328212878313058));
#5035=CARTESIAN_POINT('',(0.0335559205968845,-0.0109913123209001,-0.0328078428852372));
#5036=CARTESIAN_POINT('',(0.0332819303468679,-0.0197715256268254,-0.0328175710809184));
#5037=CARTESIAN_POINT('',(0.0330109010919188,-0.0241531692399896,-0.0328406093034379));
#5038=CARTESIAN_POINT('',(0.0338449532538555,5.45645062834891E-22,-0.0323255011242464));
#5039=CARTESIAN_POINT('',(0.0338449504266305,-0.00329643826615709,-0.0323255040947273));
#5040=CARTESIAN_POINT('',(0.0338430412526464,-0.0109910940957533,-0.0323126942639354));
#5041=CARTESIAN_POINT('',(0.033574313461661,-0.0197713892403407,-0.0323068001339041));
#5042=CARTESIAN_POINT('',(0.0333074075447974,-0.0241532031268624,-0.0323138270546589));
#5043=CARTESIAN_POINT('',(0.0340761223364613,-2.72822531417445E-22,-0.031925104528034));
#5044=CARTESIAN_POINT('',(0.0340761284041531,-0.00329655676961636,-0.0319251042460283));
#5045=CARTESIAN_POINT('',(0.0340782815034593,-0.0109913255613306,-0.0319273442365494));
#5046=CARTESIAN_POINT('',(0.0338228037866545,-0.0197716987445613,-0.0319400622796422));
#5047=CARTESIAN_POINT('',(0.033564965389511,-0.0241536130919431,-0.0319507678142926));
#5048=CARTESIAN_POINT('',(0.0342325517082213,0.,-0.0316541609083496));
#5049=CARTESIAN_POINT('',(0.0342325545770013,-0.00329661883300719,-0.0316541618373092));
#5050=CARTESIAN_POINT('',(0.0342367900608085,-0.0109914539993951,-0.0316653911110657));
#5051=CARTESIAN_POINT('',(0.0339877544898128,-0.0197717992871566,-0.0316893481137399));
#5052=CARTESIAN_POINT('',(0.0337343378423154,-0.0241536417425244,-0.031702247587429));
#5053=CARTESIAN_POINT('',(0.0296655935058153,-0.00331325774111766,-0.0395671970251489));
#5054=CARTESIAN_POINT('',(0.02931404551138,-0.00500043181883646,-0.0401722649125071));
#5055=CARTESIAN_POINT('',(0.0296597374426375,-0.00668501498353649,-0.0395643716682868));
#5056=CARTESIAN_POINT('',(0.0305359073776392,-0.00738222756676381,-0.0381280744901212));
#5057=CARTESIAN_POINT('',(0.0313879075312494,-0.00668607248814683,-0.0366732890611962));
#5058=CARTESIAN_POINT('',(0.0317101627081847,-0.0050005730116305,-0.0360528776458154));
#5059=CARTESIAN_POINT('',(0.0313628850707893,-0.00331750200859555,-0.03665584319129));
#5060=CARTESIAN_POINT('',(0.0305124595457528,-0.00261731190517297,-0.038109239896742));
#5061=CARTESIAN_POINT('',(0.0296655935058153,-0.00331325774111766,-0.0395671970251489));
#5062=CARTESIAN_POINT('',(0.02931404551138,-0.00500043181883646,-0.0401722649125071));
#5063=CARTESIAN_POINT('',(0.0296597374426375,-0.00668501498353649,-0.0395643716682868));
#5064=CARTESIAN_POINT('',(0.0294302521656621,-0.005,-0.0399701047239107));
#5065=CARTESIAN_POINT('',(-0.028048388907687,-0.00296331938991501,-0.0512164698311202));
#5066=CARTESIAN_POINT('',(-0.0283955706462189,-0.00465043531048291,-0.0506089898358667));
#5067=CARTESIAN_POINT('',(-0.0280397668435008,-0.00633493936815335,-0.0512108571562371));
#5068=CARTESIAN_POINT('',(-0.0271964084086318,-0.00703227804867679,-0.0526664536533393));
#5069=CARTESIAN_POINT('',(-0.0263585133582683,-0.0063359466040001,-0.0541293138081883));
#5070=CARTESIAN_POINT('',(-0.0260142099756223,-0.00465032045467201,-0.0547368525236625));
#5071=CARTESIAN_POINT('',(-0.0263639615737805,-0.00296739216913154,-0.0541351417388772));
#5072=CARTESIAN_POINT('',(-0.0272059501912182,-0.00226732379697759,-0.0526769272488716));
#5073=CARTESIAN_POINT('',(-0.028048388907687,-0.00296331938991501,-0.0512164698311202));
#5074=CARTESIAN_POINT('',(-0.0283955706462189,-0.00465043531048291,-0.0506089898358667));
#5075=CARTESIAN_POINT('',(-0.0280397668435008,-0.00633493936815335,-0.0512108571562371));
#5076=CARTESIAN_POINT('',(-0.0282784063893439,-0.00465,-0.050810547721804));
#5077=CARTESIAN_POINT('',(0.0340560675222215,0.,-0.0319598404852337));
#5078=CARTESIAN_POINT('',(0.0340560675222215,-0.00133333408556378,-0.0319598404852337));
#5079=CARTESIAN_POINT('',(0.0340561097481019,-0.002666669447892,-0.0319597864199053));
#5080=CARTESIAN_POINT('',(0.0340530038541172,-0.00399999999998784,-0.0319598468954597));
#5081=CARTESIAN_POINT('',(-0.0380087015680647,0.,-0.0250557049064951));
#5082=CARTESIAN_POINT('',(-0.0380087015680647,-0.00133333447863045,-0.0250557049064951));
#5083=CARTESIAN_POINT('',(-0.0380085428292736,-0.00266667042137774,-0.0250557070338866));
#5084=CARTESIAN_POINT('',(-0.0380049451516848,-0.00400000000001197,-0.0250561408309815));
#5085=CARTESIAN_POINT('',(0.0341438186128923,0.,-0.0320105036010542));
#5086=CARTESIAN_POINT('',(0.0341438185673718,-0.00126578229316106,-0.0320105036471292));
#5087=CARTESIAN_POINT('',(0.0341439508811805,-0.00261290094895174,-0.0320105820527301));
#5088=CARTESIAN_POINT('',(0.0341404833454064,-0.00402551542766856,-0.0320108883591924));
#5089=CARTESIAN_POINT('',(0.0341143923808121,0.,-0.0319935143580415));
#5090=CARTESIAN_POINT('',(0.0341143923350099,-0.00126577453686021,-0.0319935144042041));
#5091=CARTESIAN_POINT('',(0.0341145504277679,-0.00261286490792639,-0.031993547388812));
#5092=CARTESIAN_POINT('',(0.0341111297596699,-0.0040254317503987,-0.0319937734618431));
#5093=CARTESIAN_POINT('',(0.034084966148732,0.,-0.0319765251150287));
#5094=CARTESIAN_POINT('',(0.034084966102648,-0.00126576678055936,-0.0319765251612791));
#5095=CARTESIAN_POINT('',(0.0340851499743554,-0.00261282886690104,-0.031976512724894));
#5096=CARTESIAN_POINT('',(0.0340817761739334,-0.00402534807312884,-0.0319766585644939));
#5097=CARTESIAN_POINT('',(0.0340555399166518,0.,-0.031959535872016));
#5098=CARTESIAN_POINT('',(0.0340555398702862,-0.00126575902425851,-0.031959535918354));
#5099=CARTESIAN_POINT('',(0.0340557495209429,-0.00261279282587568,-0.0319594780609759));
#5100=CARTESIAN_POINT('',(0.0340524225881969,-0.00402526439585898,-0.0319595436671447));
#5101=CARTESIAN_POINT('',(-0.0381096768238114,0.,-0.0250720717867805));
#5102=CARTESIAN_POINT('',(-0.0381096768118964,-0.00126590974348053,-0.0250720717891863));
#5103=CARTESIAN_POINT('',(-0.0381097018250471,-0.00261303229225702,-0.025072076412573));
#5104=CARTESIAN_POINT('',(-0.0381058369893469,-0.00402554969857619,-0.025072594530616));
#5105=CARTESIAN_POINT('',(-0.0380758176591939,0.,-0.0250665836214893));
#5106=CARTESIAN_POINT('',(-0.0380758176472642,-0.00126590283820095,-0.0250665836239041));
#5107=CARTESIAN_POINT('',(-0.0380758436357335,-0.00261299315373131,-0.0250665795965331));
#5108=CARTESIAN_POINT('',(-0.0380719815748927,-0.00402545378357454,-0.025067079825096));
#5109=CARTESIAN_POINT('',(-0.0380419584945764,0.,-0.0250610954561981));
#5110=CARTESIAN_POINT('',(-0.038041958482632,-0.00126589593292137,-0.025061095458622));
#5111=CARTESIAN_POINT('',(-0.0380419854464198,-0.00261295401520559,-0.0250610827804931));
#5112=CARTESIAN_POINT('',(-0.0380381261604384,-0.00402535786857289,-0.0250615651195759));
#5113=CARTESIAN_POINT('',(-0.0380080993299589,0.,-0.0250556072909069));
#5114=CARTESIAN_POINT('',(-0.0380080993179998,-0.00126588902764179,-0.0250556072933398));
#5115=CARTESIAN_POINT('',(-0.0380081272571062,-0.00261291487667988,-0.0250555859644532));
#5116=CARTESIAN_POINT('',(-0.0380042707459842,-0.00402526195357124,-0.0250560504140558));
#5117=CARTESIAN_POINT('',(0.0170675064281027,-0.005,-0.0495848914477355));
#5118=CARTESIAN_POINT('',(0.0253965176398934,-0.005,-0.0351586208521032));
#5119=CARTESIAN_POINT('',(0.0243215176398934,-0.005,-0.0370205754702397));
#5120=CARTESIAN_POINT('',(0.0253965176398934,-0.005,-0.0351586208521032));
#5121=CARTESIAN_POINT('',(0.0565025566867615,-0.012,0.00986529893901152));
#5122=CARTESIAN_POINT('',(0.0541121287228212,-0.00465,0.00572495625363362));
#5123=CARTESIAN_POINT('',(0.0530371287228212,-0.00465,0.00386300163549708));
#5124=CARTESIAN_POINT('',(0.0541121287228212,-0.00465,0.00572495625363362));
#5125=CARTESIAN_POINT('',(0.0344080224235814,-0.005,0.0395733398698589));
#5126=CARTESIAN_POINT('',(0.01775,-0.005,0.0395733398698588));
#5127=CARTESIAN_POINT('',(0.0199,-0.005,0.0395733398698588));
#5128=CARTESIAN_POINT('',(0.01775,-0.005,0.0395733398698588));
#5129=CARTESIAN_POINT('',(-0.0367948778404924,-0.012,0.044));
#5130=CARTESIAN_POINT('',(-0.0320140219126119,-0.00465,0.044));
#5131=CARTESIAN_POINT('',(-0.0298640219126119,-0.00465,0.044));
#5132=CARTESIAN_POINT('',(-0.0320140219126119,-0.00465,0.044));
#5133=CARTESIAN_POINT('',(-0.0197076788462691,-0.012,-0.0538652989390115));
#5134=CARTESIAN_POINT('',(-0.0220981068102094,-0.00465,-0.0497249562536336));
#5135=CARTESIAN_POINT('',(-0.0231731068102093,-0.00465,-0.0478630016354971));
#5136=CARTESIAN_POINT('',(-0.0220981068102094,-0.00465,-0.0497249562536336));
#5137=MECHANICAL_DESIGN_GEOMETRIC_PRESENTATION_REPRESENTATION('',(#2013),
#5138);
#5138=(
GEOMETRIC_REPRESENTATION_CONTEXT(3)
GLOBAL_UNCERTAINTY_ASSIGNED_CONTEXT((#5139))
GLOBAL_UNIT_ASSIGNED_CONTEXT((#5142,#5141,#5140))
REPRESENTATION_CONTEXT('Base','TOP_LEVEL_ASSEMBLY_PART')
);
#5139=UNCERTAINTY_MEASURE_WITH_UNIT(LENGTH_MEASURE(2.E-5),#5142,
'DISTANCE_ACCURACY_VALUE','Maximum Tolerance applied to model');
#5140=(
NAMED_UNIT(*)
SI_UNIT($,.STERADIAN.)
SOLID_ANGLE_UNIT()
);
#5141=(
NAMED_UNIT(*)
PLANE_ANGLE_UNIT()
SI_UNIT($,.RADIAN.)
);
#5142=(
LENGTH_UNIT()
NAMED_UNIT(*)
SI_UNIT($,.METRE.)
);
#5143=PRODUCT_DEFINITION_SHAPE('','',#5144);
#5144=PRODUCT_DEFINITION('','',#5146,#5145);
#5145=PRODUCT_DEFINITION_CONTEXT('',#5152,'design');
#5146=PRODUCT_DEFINITION_FORMATION_WITH_SPECIFIED_SOURCE('','',#5148,
 .NOT_KNOWN.);
#5147=PRODUCT_RELATED_PRODUCT_CATEGORY('','',(#5148));
#5148=PRODUCT('Base','Base','Base',(#5150));
#5149=PRODUCT_CATEGORY('','');
#5150=PRODUCT_CONTEXT('',#5152,'mechanical');
#5151=APPLICATION_PROTOCOL_DEFINITION('international standard',
'ap242_managed_model_based_3d_engineering',2020,#5152);
#5152=APPLICATION_CONTEXT('managed model based 3d engineering');
ENDSEC;
END-ISO-10303-21;
