ISO-10303-21;
HEADER;
/* Generated by software containing ST-Developer
 * from STEP Tools, Inc. (www.steptools.com) 
 */
/* OPTION: using custom renumber hook */

FILE_DESCRIPTION(
/* description */ ('STEP AP242 Edition 2',
'CAx-IF Rec.Pracs.---Representation and Presentation of Product Manufa
cturing Information (PMI)---4.0---2014-10-13',
'CAx-IF Rec.Pracs.---3D Tessellated Geometry---0.4---2014-09-14','2;1',
'CAx-IF Rec.Pracs.---User Defined Attributes---1.5---2016-08-15'),
/* implementation_level */ '2;1');

FILE_NAME(
/* name */ 'Candy launcher - Cover 1',
/* time_stamp */ '2026-08-31T07:11:54Z',
/* author */ (''),
/* organization */ (''),
/* preprocessor_version */ 'ST-DEVELOPER v20',
/* originating_system */ 'ONSHAPE BY PTC INC, 1.220',
/* authorisation */ '  ');

FILE_SCHEMA (('AP242_MANAGED_MODEL_BASED_3D_ENGINEERING_MIM_LF { 1 0 10303 442 3 1 4 }'));
ENDSEC;

DATA;
#10=SHAPE_REPRESENTATION_RELATIONSHIP('','',#337,#11);
#11=ADVANCED_BREP_SHAPE_REPRESENTATION('',(#335),#4277);
#12=PLANE('',#348);
#13=PLANE('',#350);
#14=PLANE('',#352);
#15=PLANE('',#353);
#16=CYLINDRICAL_SURFACE('',#346,0.0156715578546136);
#17=CYLINDRICAL_SURFACE('',#347,0.0216630547396052);
#18=CYLINDRICAL_SURFACE('',#349,0.0159999605333033);
#19=CYLINDRICAL_SURFACE('',#351,0.0216630599594437);
#20=CYLINDRICAL_SURFACE('',#354,0.00215);
#21=CYLINDRICAL_SURFACE('',#355,0.00215);
#22=CIRCLE('',#339,0.0156602540378444);
#23=CIRCLE('',#340,0.0216602540378443);
#24=CIRCLE('',#341,0.016);
#25=CIRCLE('',#342,0.0216602540378445);
#26=CIRCLE('',#343,0.0156602540378444);
#27=CIRCLE('',#344,0.015);
#28=CIRCLE('',#345,0.02);
#29=LINE('',#3888,#35);
#30=LINE('',#3896,#36);
#31=LINE('',#3902,#37);
#32=LINE('',#3906,#38);
#33=LINE('',#3917,#39);
#34=LINE('',#3921,#40);
#35=VECTOR('',#358,1.);
#36=VECTOR('',#359,1.);
#37=VECTOR('',#364,1.);
#38=VECTOR('',#367,1.);
#39=VECTOR('',#372,1.);
#40=VECTOR('',#375,1.);
#41=ORIENTED_EDGE('',*,*,#135,.T.);
#42=ORIENTED_EDGE('',*,*,#136,.T.);
#43=ORIENTED_EDGE('',*,*,#137,.T.);
#44=ORIENTED_EDGE('',*,*,#138,.T.);
#45=ORIENTED_EDGE('',*,*,#139,.T.);
#46=ORIENTED_EDGE('',*,*,#140,.T.);
#47=ORIENTED_EDGE('',*,*,#141,.T.);
#48=ORIENTED_EDGE('',*,*,#142,.T.);
#49=ORIENTED_EDGE('',*,*,#143,.F.);
#50=ORIENTED_EDGE('',*,*,#144,.F.);
#51=ORIENTED_EDGE('',*,*,#145,.F.);
#52=ORIENTED_EDGE('',*,*,#146,.F.);
#53=ORIENTED_EDGE('',*,*,#147,.F.);
#54=ORIENTED_EDGE('',*,*,#148,.F.);
#55=ORIENTED_EDGE('',*,*,#149,.F.);
#56=ORIENTED_EDGE('',*,*,#150,.F.);
#57=ORIENTED_EDGE('',*,*,#151,.F.);
#58=ORIENTED_EDGE('',*,*,#152,.F.);
#59=ORIENTED_EDGE('',*,*,#153,.T.);
#60=ORIENTED_EDGE('',*,*,#154,.T.);
#61=ORIENTED_EDGE('',*,*,#155,.T.);
#62=ORIENTED_EDGE('',*,*,#156,.T.);
#63=ORIENTED_EDGE('',*,*,#157,.T.);
#64=ORIENTED_EDGE('',*,*,#158,.T.);
#65=ORIENTED_EDGE('',*,*,#159,.T.);
#66=ORIENTED_EDGE('',*,*,#160,.T.);
#67=ORIENTED_EDGE('',*,*,#161,.T.);
#68=ORIENTED_EDGE('',*,*,#162,.F.);
#69=ORIENTED_EDGE('',*,*,#163,.F.);
#70=ORIENTED_EDGE('',*,*,#164,.F.);
#71=ORIENTED_EDGE('',*,*,#165,.F.);
#72=ORIENTED_EDGE('',*,*,#166,.F.);
#73=ORIENTED_EDGE('',*,*,#167,.F.);
#74=ORIENTED_EDGE('',*,*,#168,.F.);
#75=ORIENTED_EDGE('',*,*,#169,.F.);
#76=ORIENTED_EDGE('',*,*,#162,.T.);
#77=ORIENTED_EDGE('',*,*,#170,.T.);
#78=ORIENTED_EDGE('',*,*,#142,.F.);
#79=ORIENTED_EDGE('',*,*,#170,.F.);
#80=ORIENTED_EDGE('',*,*,#161,.F.);
#81=ORIENTED_EDGE('',*,*,#171,.T.);
#82=ORIENTED_EDGE('',*,*,#143,.T.);
#83=ORIENTED_EDGE('',*,*,#171,.F.);
#84=ORIENTED_EDGE('',*,*,#160,.F.);
#85=ORIENTED_EDGE('',*,*,#172,.T.);
#86=ORIENTED_EDGE('',*,*,#144,.T.);
#87=ORIENTED_EDGE('',*,*,#172,.F.);
#88=ORIENTED_EDGE('',*,*,#159,.F.);
#89=ORIENTED_EDGE('',*,*,#173,.T.);
#90=ORIENTED_EDGE('',*,*,#145,.T.);
#91=ORIENTED_EDGE('',*,*,#173,.F.);
#92=ORIENTED_EDGE('',*,*,#158,.F.);
#93=ORIENTED_EDGE('',*,*,#174,.T.);
#94=ORIENTED_EDGE('',*,*,#146,.T.);
#95=ORIENTED_EDGE('',*,*,#174,.F.);
#96=ORIENTED_EDGE('',*,*,#157,.F.);
#97=ORIENTED_EDGE('',*,*,#175,.T.);
#98=ORIENTED_EDGE('',*,*,#147,.T.);
#99=ORIENTED_EDGE('',*,*,#175,.F.);
#100=ORIENTED_EDGE('',*,*,#156,.F.);
#101=ORIENTED_EDGE('',*,*,#176,.T.);
#102=ORIENTED_EDGE('',*,*,#148,.T.);
#103=ORIENTED_EDGE('',*,*,#176,.F.);
#104=ORIENTED_EDGE('',*,*,#155,.F.);
#105=ORIENTED_EDGE('',*,*,#177,.T.);
#106=ORIENTED_EDGE('',*,*,#149,.T.);
#107=ORIENTED_EDGE('',*,*,#177,.F.);
#108=ORIENTED_EDGE('',*,*,#154,.F.);
#109=ORIENTED_EDGE('',*,*,#178,.T.);
#110=ORIENTED_EDGE('',*,*,#150,.T.);
#111=ORIENTED_EDGE('',*,*,#178,.F.);
#112=ORIENTED_EDGE('',*,*,#153,.F.);
#113=ORIENTED_EDGE('',*,*,#179,.T.);
#114=ORIENTED_EDGE('',*,*,#151,.T.);
#115=ORIENTED_EDGE('',*,*,#166,.T.);
#116=ORIENTED_EDGE('',*,*,#165,.T.);
#117=ORIENTED_EDGE('',*,*,#164,.T.);
#118=ORIENTED_EDGE('',*,*,#163,.T.);
#119=ORIENTED_EDGE('',*,*,#169,.T.);
#120=ORIENTED_EDGE('',*,*,#141,.F.);
#121=ORIENTED_EDGE('',*,*,#140,.F.);
#122=ORIENTED_EDGE('',*,*,#139,.F.);
#123=ORIENTED_EDGE('',*,*,#138,.F.);
#124=ORIENTED_EDGE('',*,*,#137,.F.);
#125=ORIENTED_EDGE('',*,*,#179,.F.);
#126=ORIENTED_EDGE('',*,*,#152,.T.);
#127=ORIENTED_EDGE('',*,*,#180,.T.);
#128=ORIENTED_EDGE('',*,*,#167,.T.);
#129=ORIENTED_EDGE('',*,*,#181,.T.);
#130=ORIENTED_EDGE('',*,*,#168,.T.);
#131=ORIENTED_EDGE('',*,*,#181,.F.);
#132=ORIENTED_EDGE('',*,*,#135,.F.);
#133=ORIENTED_EDGE('',*,*,#180,.F.);
#134=ORIENTED_EDGE('',*,*,#136,.F.);
#135=EDGE_CURVE('',#182,#182,#218,.F.);
#136=EDGE_CURVE('',#183,#183,#219,.F.);
#137=EDGE_CURVE('',#184,#185,#220,.T.);
#138=EDGE_CURVE('',#185,#186,#221,.T.);
#139=EDGE_CURVE('',#186,#187,#222,.T.);
#140=EDGE_CURVE('',#187,#188,#223,.T.);
#141=EDGE_CURVE('',#188,#189,#224,.T.);
#142=EDGE_CURVE('',#189,#190,#225,.T.);
#143=EDGE_CURVE('',#191,#190,#226,.T.);
#144=EDGE_CURVE('',#192,#191,#227,.T.);
#145=EDGE_CURVE('',#193,#192,#228,.T.);
#146=EDGE_CURVE('',#194,#193,#229,.T.);
#147=EDGE_CURVE('',#195,#194,#230,.T.);
#148=EDGE_CURVE('',#196,#195,#231,.T.);
#149=EDGE_CURVE('',#197,#196,#232,.T.);
#150=EDGE_CURVE('',#198,#197,#233,.T.);
#151=EDGE_CURVE('',#184,#198,#234,.T.);
#152=EDGE_CURVE('',#199,#200,#29,.F.);
#153=EDGE_CURVE('',#199,#201,#235,.T.);
#154=EDGE_CURVE('',#201,#202,#30,.T.);
#155=EDGE_CURVE('',#202,#203,#22,.F.);
#156=EDGE_CURVE('',#203,#204,#23,.T.);
#157=EDGE_CURVE('',#204,#205,#31,.T.);
#158=EDGE_CURVE('',#205,#206,#24,.T.);
#159=EDGE_CURVE('',#206,#207,#32,.T.);
#160=EDGE_CURVE('',#207,#208,#25,.T.);
#161=EDGE_CURVE('',#208,#209,#26,.F.);
#162=EDGE_CURVE('',#210,#209,#236,.T.);
#163=EDGE_CURVE('',#211,#210,#33,.F.);
#164=EDGE_CURVE('',#212,#211,#27,.F.);
#165=EDGE_CURVE('',#213,#212,#34,.F.);
#166=EDGE_CURVE('',#200,#213,#28,.F.);
#167=EDGE_CURVE('',#214,#214,#237,.T.);
#168=EDGE_CURVE('',#215,#215,#238,.T.);
#169=EDGE_CURVE('',#210,#189,#239,.T.);
#170=EDGE_CURVE('',#209,#190,#240,.F.);
#171=EDGE_CURVE('',#208,#191,#241,.T.);
#172=EDGE_CURVE('',#207,#192,#242,.F.);
#173=EDGE_CURVE('',#206,#193,#243,.T.);
#174=EDGE_CURVE('',#205,#194,#244,.F.);
#175=EDGE_CURVE('',#204,#195,#245,.T.);
#176=EDGE_CURVE('',#203,#196,#246,.T.);
#177=EDGE_CURVE('',#202,#197,#247,.F.);
#178=EDGE_CURVE('',#201,#198,#248,.T.);
#179=EDGE_CURVE('',#199,#184,#249,.F.);
#180=EDGE_CURVE('',#216,#216,#250,.T.);
#181=EDGE_CURVE('',#217,#217,#251,.T.);
#182=VERTEX_POINT('',#2624);
#183=VERTEX_POINT('',#2638);
#184=VERTEX_POINT('',#2648);
#185=VERTEX_POINT('',#2649);
#186=VERTEX_POINT('',#2660);
#187=VERTEX_POINT('',#2680);
#188=VERTEX_POINT('',#2701);
#189=VERTEX_POINT('',#2723);
#190=VERTEX_POINT('',#2736);
#191=VERTEX_POINT('',#2741);
#192=VERTEX_POINT('',#2746);
#193=VERTEX_POINT('',#2751);
#194=VERTEX_POINT('',#2759);
#195=VERTEX_POINT('',#2764);
#196=VERTEX_POINT('',#2769);
#197=VERTEX_POINT('',#2774);
#198=VERTEX_POINT('',#2779);
#199=VERTEX_POINT('',#3889);
#200=VERTEX_POINT('',#3890);
#201=VERTEX_POINT('',#3895);
#202=VERTEX_POINT('',#3897);
#203=VERTEX_POINT('',#3899);
#204=VERTEX_POINT('',#3901);
#205=VERTEX_POINT('',#3903);
#206=VERTEX_POINT('',#3905);
#207=VERTEX_POINT('',#3907);
#208=VERTEX_POINT('',#3909);
#209=VERTEX_POINT('',#3911);
#210=VERTEX_POINT('',#3916);
#211=VERTEX_POINT('',#3918);
#212=VERTEX_POINT('',#3920);
#213=VERTEX_POINT('',#3922);
#214=VERTEX_POINT('',#3935);
#215=VERTEX_POINT('',#3947);
#216=VERTEX_POINT('',#4145);
#217=VERTEX_POINT('',#4187);
#218=B_SPLINE_CURVE_WITH_KNOTS('',3,(#2607,#2608,#2609,#2610,#2611,#2612,
#2613,#2614,#2615,#2616,#2617,#2618,#2619,#2620,#2621,#2622,#2623),
 .UNSPECIFIED.,.T.,.F.,(1,1,1,1,1,1,1,1,1,1,1,1,1,1,1,1,1,1,1,1,1),(-0.25,
-0.125,-0.0625,0.,0.0625,0.125,0.1875,0.25,0.3125,0.375,0.4375,0.5,0.5625,
0.625,0.75,0.875,0.9375,1.,1.0625,1.125,1.1875),.UNSPECIFIED.);
#219=B_SPLINE_CURVE_WITH_KNOTS('',3,(#2625,#2626,#2627,#2628,#2629,#2630,
#2631,#2632,#2633,#2634,#2635,#2636,#2637),.UNSPECIFIED.,.T.,.F.,(1,1,1,
1,1,1,1,1,1,1,1,1,1,1,1,1,1),(-0.375,-0.25,-0.125,0.,0.125,0.25,0.375,0.4375,
0.5,0.5625,0.625,0.75,0.875,1.,1.125,1.25,1.375),.UNSPECIFIED.);
#220=B_SPLINE_CURVE_WITH_KNOTS('',3,(#2639,#2640,#2641,#2642,#2643,#2644,
#2645,#2646,#2647),.UNSPECIFIED.,.F.,.F.,(4,1,1,1,1,1,4),(0.,0.0157886843139537,
0.0315773686279074,0.0473660529418612,0.055260395098838,0.0592075661773265,
0.0631547372558149),.UNSPECIFIED.);
#221=B_SPLINE_CURVE_WITH_KNOTS('',3,(#2650,#2651,#2652,#2653,#2654,#2655,
#2656,#2657,#2658,#2659),.UNSPECIFIED.,.F.,.F.,(4,1,1,1,1,1,1,4),(0.0631547372558149,
0.0820403244445843,0.100925911633354,0.110368705227738,0.119811498822123,
0.129254292416508,0.1339756892137,0.138697086010892),.UNSPECIFIED.);
#222=B_SPLINE_CURVE_WITH_KNOTS('',3,(#2661,#2662,#2663,#2664,#2665,#2666,
#2667,#2668,#2669,#2670,#2671,#2672,#2673,#2674,#2675,#2676,#2677,#2678,
#2679),.UNSPECIFIED.,.F.,.F.,(4,1,1,1,1,1,1,1,1,1,1,1,1,1,1,1,4),(0.138697086010892,
0.167992801454746,0.1972885168986,0.211936374620527,0.226584232342454,0.255879947786308,
0.285175663230162,0.299823520952088,0.314471378674015,0.329119236395942,
0.343767094117869,0.351091022978833,0.358414951839796,0.36573888070076,
0.369400845131241,0.371231827346482,0.373062809561723),.UNSPECIFIED.);
#223=B_SPLINE_CURVE_WITH_KNOTS('',3,(#2681,#2682,#2683,#2684,#2685,#2686,
#2687,#2688,#2689,#2690,#2691,#2692,#2693,#2694,#2695,#2696,#2697,#2698,
#2699,#2700),.UNSPECIFIED.,.F.,.F.,(4,1,1,1,1,1,1,1,1,1,1,1,1,1,1,1,1,4),
(0.373062809561723,0.404292459048993,0.419907283792628,0.435522108536263,
0.451136933279898,0.466751758023533,0.497981407510803,0.529211056998074,
0.544825881741709,0.560440706485344,0.576055531228979,0.591670355972614,
0.599477768344431,0.607285180716249,0.615092593088066,0.618996299273975,
0.62094815236693,0.622900005459884),.UNSPECIFIED.);
#224=B_SPLINE_CURVE_WITH_KNOTS('',3,(#2702,#2703,#2704,#2705,#2706,#2707,
#2708,#2709,#2710,#2711,#2712,#2713,#2714,#2715,#2716,#2717,#2718,#2719,
#2720,#2721,#2722),.UNSPECIFIED.,.F.,.F.,(4,1,1,1,1,1,1,1,1,1,1,1,1,1,1,
1,1,1,4),(0.622900005459884,0.670037504777399,0.693606254436156,0.717175004094913,
0.74074375375367,0.764312503412428,0.787881253071185,0.811450002729942,
0.823234377559321,0.835018752388699,0.846803127218078,0.858587502047456,
0.882156251706214,0.905725001364971,0.929293751023728,0.941078125853107,
0.952862500682486,0.976431250341243,1.),.UNSPECIFIED.);
#225=B_SPLINE_CURVE_WITH_KNOTS('',3,(#2724,#2725,#2726,#2727,#2728,#2729,
#2730,#2731,#2732,#2733,#2734,#2735),.UNSPECIFIED.,.F.,.F.,(4,1,1,1,1,1,
1,1,1,4),(0.,0.25,0.375,0.5,0.625,0.75,0.8125,0.875,0.9375,1.),
 .UNSPECIFIED.);
#226=B_SPLINE_CURVE_WITH_KNOTS('',3,(#2737,#2738,#2739,#2740),
 .UNSPECIFIED.,.F.,.F.,(4,4),(1.56303177835001E-7,1.),.UNSPECIFIED.);
#227=B_SPLINE_CURVE_WITH_KNOTS('',3,(#2742,#2743,#2744,#2745),
 .UNSPECIFIED.,.F.,.F.,(4,4),(0.,1.),.UNSPECIFIED.);
#228=B_SPLINE_CURVE_WITH_KNOTS('',3,(#2747,#2748,#2749,#2750),
 .UNSPECIFIED.,.F.,.F.,(4,4),(0.777882072107006,0.848911011681099),
 .UNSPECIFIED.);
#229=B_SPLINE_CURVE_WITH_KNOTS('',3,(#2752,#2753,#2754,#2755,#2756,#2757,
#2758),.UNSPECIFIED.,.F.,.F.,(4,1,1,1,4),(0.,0.25,0.5,0.75,1.),
 .UNSPECIFIED.);
#230=B_SPLINE_CURVE_WITH_KNOTS('',3,(#2760,#2761,#2762,#2763),
 .UNSPECIFIED.,.F.,.F.,(4,4),(0.299583648763052,0.373062806175096),
 .UNSPECIFIED.);
#231=B_SPLINE_CURVE_WITH_KNOTS('',3,(#2765,#2766,#2767,#2768),
 .UNSPECIFIED.,.F.,.F.,(4,4),(0.,1.),.UNSPECIFIED.);
#232=B_SPLINE_CURVE_WITH_KNOTS('',3,(#2770,#2771,#2772,#2773),
 .UNSPECIFIED.,.F.,.F.,(4,4),(0.,1.),.UNSPECIFIED.);
#233=B_SPLINE_CURVE_WITH_KNOTS('',3,(#2775,#2776,#2777,#2778),
 .UNSPECIFIED.,.F.,.F.,(4,4),(0.,0.0631547372558288),.UNSPECIFIED.);
#234=B_SPLINE_CURVE_WITH_KNOTS('',3,(#2780,#2781,#2782,#2783,#2784,#2785,
#2786,#2787,#2788,#2789,#2790,#2791),.UNSPECIFIED.,.F.,.F.,(4,1,1,1,1,1,
1,1,1,4),(0.,0.25,0.375,0.5,0.625,0.75,0.8125,0.875,0.9375,1.),
 .UNSPECIFIED.);
#235=B_SPLINE_CURVE_WITH_KNOTS('',3,(#3891,#3892,#3893,#3894),
 .UNSPECIFIED.,.F.,.F.,(4,4),(0.,1.),.PIECEWISE_BEZIER_KNOTS.);
#236=B_SPLINE_CURVE_WITH_KNOTS('',3,(#3912,#3913,#3914,#3915),
 .UNSPECIFIED.,.F.,.F.,(4,4),(0.,1.),.PIECEWISE_BEZIER_KNOTS.);
#237=B_SPLINE_CURVE_WITH_KNOTS('',3,(#3924,#3925,#3926,#3927,#3928,#3929,
#3930,#3931,#3932,#3933,#3934),.UNSPECIFIED.,.T.,.F.,(1,1,1,1,1,1,1,1,1,
1,1,1,1,1,1),(-0.00504085539563743,-0.00336057026375828,-0.00168028513187914,
1.73472347597681E-18,0.00168028513187915,0.00336057026375829,0.00504085539563743,
0.00672114052751658,0.00840142565939572,0.0100817107912749,0.011761995923154,
0.0134422810550331,0.0151225661869123,0.0168028513187914,0.0184831364506706),
 .UNSPECIFIED.);
#238=B_SPLINE_CURVE_WITH_KNOTS('',3,(#3936,#3937,#3938,#3939,#3940,#3941,
#3942,#3943,#3944,#3945,#3946),.UNSPECIFIED.,.T.,.F.,(1,1,1,1,1,1,1,1,1,
1,1,1,1,1,1),(-0.00504103094572086,-0.00336068729714724,-0.00168034364857362,
0.,0.00168034364857362,0.00336068729714724,0.00504103094572086,0.00672137459429448,
0.00840171824286811,0.0100820618914417,0.0117624055400153,0.013442749188589,
0.0151230928371626,0.0168034364857362,0.0184837801343098),.UNSPECIFIED.);
#239=B_SPLINE_CURVE_WITH_KNOTS('',3,(#4000,#4001,#4002,#4003),
 .UNSPECIFIED.,.F.,.F.,(4,4),(0.,1.),.UNSPECIFIED.);
#240=B_SPLINE_CURVE_WITH_KNOTS('',3,(#4004,#4005,#4006,#4007),
 .UNSPECIFIED.,.F.,.F.,(4,4),(0.,1.),.UNSPECIFIED.);
#241=B_SPLINE_CURVE_WITH_KNOTS('',3,(#4009,#4010,#4011,#4012),
 .UNSPECIFIED.,.F.,.F.,(4,4),(1.24999399719884E-7,0.999999874998852),
 .UNSPECIFIED.);
#242=B_SPLINE_CURVE_WITH_KNOTS('',3,(#4014,#4015,#4016,#4017),
 .UNSPECIFIED.,.F.,.F.,(4,4),(1.25000142181555E-7,0.999999875000087),
 .UNSPECIFIED.);
#243=B_SPLINE_CURVE_WITH_KNOTS('',3,(#4019,#4020,#4021,#4022),
 .UNSPECIFIED.,.F.,.F.,(4,4),(1.24999920136924E-7,0.999999875000076),
 .UNSPECIFIED.);
#244=B_SPLINE_CURVE_WITH_KNOTS('',3,(#4024,#4025,#4026,#4027),
 .UNSPECIFIED.,.F.,.F.,(4,4),(1.24999906259137E-7,0.999999875000094),
 .UNSPECIFIED.);
#245=B_SPLINE_CURVE_WITH_KNOTS('',3,(#4029,#4030,#4031,#4032),
 .UNSPECIFIED.,.F.,.F.,(4,4),(1.24999864625775E-7,0.999999875000118),
 .UNSPECIFIED.);
#246=B_SPLINE_CURVE_WITH_KNOTS('',3,(#4034,#4035,#4036,#4037),
 .UNSPECIFIED.,.F.,.F.,(4,4),(0.,1.),.UNSPECIFIED.);
#247=B_SPLINE_CURVE_WITH_KNOTS('',3,(#4050,#4051,#4052,#4053),
 .UNSPECIFIED.,.F.,.F.,(4,4),(0.,1.),.UNSPECIFIED.);
#248=B_SPLINE_CURVE_WITH_KNOTS('',3,(#4055,#4056,#4057,#4058),
 .UNSPECIFIED.,.F.,.F.,(4,4),(0.,1.),.UNSPECIFIED.);
#249=B_SPLINE_CURVE_WITH_KNOTS('',3,(#4111,#4112,#4113,#4114),
 .UNSPECIFIED.,.F.,.F.,(4,4),(0.,1.),.UNSPECIFIED.);
#250=B_SPLINE_CURVE_WITH_KNOTS('',3,(#4117,#4118,#4119,#4120,#4121,#4122,
#4123,#4124,#4125,#4126,#4127,#4128,#4129,#4130,#4131,#4132,#4133,#4134,
#4135,#4136,#4137,#4138,#4139,#4140,#4141,#4142,#4143,#4144),
 .UNSPECIFIED.,.T.,.F.,(1,1,1,1,1,1,1,1,1,1,1,1,1,1,1,1,1,1,1,1,1,1,1,1,
1,1,1,1,1,1,1,1),(-0.0656170272827148,-0.0328085136413574,-0.0164042568206787,
0.,0.000115966796875,0.00753702640533447,0.0149580860137939,0.0298002052307129,
0.0594844436645508,0.0891686820983887,0.118852920532227,0.178221397399902,
0.237589874267578,0.296958351135254,0.35632682800293,0.415695304870605,
0.475063781738281,0.49146803855896,0.499670166969299,0.507872295379639,
0.540680809020996,0.606297836303711,0.737531890869141,0.803148918151855,
0.86876594543457,0.934382972717285,0.967191486358643,0.983595743179321,
1.,1.00011596679688,1.00753702640533,1.01495808601379),.UNSPECIFIED.);
#251=B_SPLINE_CURVE_WITH_KNOTS('',3,(#4147,#4148,#4149,#4150,#4151,#4152,
#4153,#4154,#4155,#4156,#4157,#4158,#4159,#4160,#4161,#4162,#4163,#4164,
#4165,#4166,#4167,#4168,#4169,#4170,#4171,#4172,#4173,#4174,#4175,#4176,
#4177,#4178,#4179,#4180,#4181,#4182,#4183,#4184,#4185,#4186),
 .UNSPECIFIED.,.T.,.F.,(1,1,1,1,1,1,1,1,1,1,1,1,1,1,1,1,1,1,1,1,1,1,1,1,
1,1,1,1,1,1,1,1,1,1,1,1,1,1,1,1,1,1,1,1),(-0.163272411304932,-0.0896457770892334,
-0.0160191428735352,0.,0.01484375,0.0296875,0.059375,0.0749609375,0.090546875,
0.1061328125,0.12171875,0.137341796875,0.15296484375,0.1842109375,0.2154607421875,
0.246710546875,0.307648037109375,0.338116782226562,0.353351154785156,0.36858552734375,
0.376388261657715,0.38419099597168,0.399796464599609,0.431007401855469,
0.462218339111328,0.493429276367187,0.505682091610718,0.517934906854248,
0.542440537341309,0.59145179831543,0.640463059289551,0.664968689776611,
0.689474320263672,0.698677649540634,0.707880978817596,0.726287637371521,
0.76310095447937,0.836727588695068,0.910354222910767,0.983980857126465,
1.,1.01484375,1.0296875,1.059375),.UNSPECIFIED.);
#252=EDGE_LOOP('',(#41));
#253=EDGE_LOOP('',(#42));
#254=EDGE_LOOP('',(#43,#44,#45,#46,#47,#48,#49,#50,#51,#52,#53,#54,#55,
#56,#57));
#255=EDGE_LOOP('',(#58,#59,#60,#61,#62,#63,#64,#65,#66,#67,#68,#69,#70,
#71,#72));
#256=EDGE_LOOP('',(#73));
#257=EDGE_LOOP('',(#74));
#258=EDGE_LOOP('',(#75,#76,#77,#78));
#259=EDGE_LOOP('',(#79,#80,#81,#82));
#260=EDGE_LOOP('',(#83,#84,#85,#86));
#261=EDGE_LOOP('',(#87,#88,#89,#90));
#262=EDGE_LOOP('',(#91,#92,#93,#94));
#263=EDGE_LOOP('',(#95,#96,#97,#98));
#264=EDGE_LOOP('',(#99,#100,#101,#102));
#265=EDGE_LOOP('',(#103,#104,#105,#106));
#266=EDGE_LOOP('',(#107,#108,#109,#110));
#267=EDGE_LOOP('',(#111,#112,#113,#114));
#268=EDGE_LOOP('',(#115,#116,#117,#118,#119,#120,#121,#122,#123,#124,#125,
#126));
#269=EDGE_LOOP('',(#127));
#270=EDGE_LOOP('',(#128));
#271=EDGE_LOOP('',(#129));
#272=EDGE_LOOP('',(#130));
#273=EDGE_LOOP('',(#131));
#274=EDGE_LOOP('',(#132));
#275=EDGE_LOOP('',(#133));
#276=EDGE_LOOP('',(#134));
#277=FACE_BOUND('',#252,.T.);
#278=FACE_BOUND('',#253,.T.);
#279=FACE_BOUND('',#254,.T.);
#280=FACE_BOUND('',#255,.T.);
#281=FACE_BOUND('',#256,.T.);
#282=FACE_BOUND('',#257,.T.);
#283=FACE_BOUND('',#258,.T.);
#284=FACE_BOUND('',#259,.T.);
#285=FACE_BOUND('',#260,.T.);
#286=FACE_BOUND('',#261,.T.);
#287=FACE_BOUND('',#262,.T.);
#288=FACE_BOUND('',#263,.T.);
#289=FACE_BOUND('',#264,.T.);
#290=FACE_BOUND('',#265,.T.);
#291=FACE_BOUND('',#266,.T.);
#292=FACE_BOUND('',#267,.T.);
#293=FACE_BOUND('',#268,.T.);
#294=FACE_BOUND('',#269,.T.);
#295=FACE_BOUND('',#270,.T.);
#296=FACE_BOUND('',#271,.T.);
#297=FACE_BOUND('',#272,.T.);
#298=FACE_BOUND('',#273,.T.);
#299=FACE_BOUND('',#274,.T.);
#300=FACE_BOUND('',#275,.T.);
#301=FACE_BOUND('',#276,.T.);
#302=B_SPLINE_SURFACE_WITH_KNOTS('',3,3,((#399,#400,#401,#402,#403,#404,
#405,#406,#407,#408,#409,#410,#411,#412,#413,#414),(#415,#416,#417,#418,
#419,#420,#421,#422,#423,#424,#425,#426,#427,#428,#429,#430),(#431,#432,
#433,#434,#435,#436,#437,#438,#439,#440,#441,#442,#443,#444,#445,#446),
(#447,#448,#449,#450,#451,#452,#453,#454,#455,#456,#457,#458,#459,#460,
#461,#462),(#463,#464,#465,#466,#467,#468,#469,#470,#471,#472,#473,#474,
#475,#476,#477,#478),(#479,#480,#481,#482,#483,#484,#485,#486,#487,#488,
#489,#490,#491,#492,#493,#494),(#495,#496,#497,#498,#499,#500,#501,#502,
#503,#504,#505,#506,#507,#508,#509,#510),(#511,#512,#513,#514,#515,#516,
#517,#518,#519,#520,#521,#522,#523,#524,#525,#526),(#527,#528,#529,#530,
#531,#532,#533,#534,#535,#536,#537,#538,#539,#540,#541,#542),(#543,#544,
#545,#546,#547,#548,#549,#550,#551,#552,#553,#554,#555,#556,#557,#558),
(#559,#560,#561,#562,#563,#564,#565,#566,#567,#568,#569,#570,#571,#572,
#573,#574),(#575,#576,#577,#578,#579,#580,#581,#582,#583,#584,#585,#586,
#587,#588,#589,#590),(#591,#592,#593,#594,#595,#596,#597,#598,#599,#600,
#601,#602,#603,#604,#605,#606),(#607,#608,#609,#610,#611,#612,#613,#614,
#615,#616,#617,#618,#619,#620,#621,#622),(#623,#624,#625,#626,#627,#628,
#629,#630,#631,#632,#633,#634,#635,#636,#637,#638),(#639,#640,#641,#642,
#643,#644,#645,#646,#647,#648,#649,#650,#651,#652,#653,#654),(#655,#656,
#657,#658,#659,#660,#661,#662,#663,#664,#665,#666,#667,#668,#669,#670),
(#671,#672,#673,#674,#675,#676,#677,#678,#679,#680,#681,#682,#683,#684,
#685,#686),(#687,#688,#689,#690,#691,#692,#693,#694,#695,#696,#697,#698,
#699,#700,#701,#702),(#703,#704,#705,#706,#707,#708,#709,#710,#711,#712,
#713,#714,#715,#716,#717,#718),(#719,#720,#721,#722,#723,#724,#725,#726,
#727,#728,#729,#730,#731,#732,#733,#734),(#735,#736,#737,#738,#739,#740,
#741,#742,#743,#744,#745,#746,#747,#748,#749,#750),(#751,#752,#753,#754,
#755,#756,#757,#758,#759,#760,#761,#762,#763,#764,#765,#766),(#767,#768,
#769,#770,#771,#772,#773,#774,#775,#776,#777,#778,#779,#780,#781,#782),
(#783,#784,#785,#786,#787,#788,#789,#790,#791,#792,#793,#794,#795,#796,
#797,#798),(#799,#800,#801,#802,#803,#804,#805,#806,#807,#808,#809,#810,
#811,#812,#813,#814),(#815,#816,#817,#818,#819,#820,#821,#822,#823,#824,
#825,#826,#827,#828,#829,#830),(#831,#832,#833,#834,#835,#836,#837,#838,
#839,#840,#841,#842,#843,#844,#845,#846),(#847,#848,#849,#850,#851,#852,
#853,#854,#855,#856,#857,#858,#859,#860,#861,#862),(#863,#864,#865,#866,
#867,#868,#869,#870,#871,#872,#873,#874,#875,#876,#877,#878),(#879,#880,
#881,#882,#883,#884,#885,#886,#887,#888,#889,#890,#891,#892,#893,#894),
(#895,#896,#897,#898,#899,#900,#901,#902,#903,#904,#905,#906,#907,#908,
#909,#910),(#911,#912,#913,#914,#915,#916,#917,#918,#919,#920,#921,#922,
#923,#924,#925,#926),(#927,#928,#929,#930,#931,#932,#933,#934,#935,#936,
#937,#938,#939,#940,#941,#942),(#943,#944,#945,#946,#947,#948,#949,#950,
#951,#952,#953,#954,#955,#956,#957,#958),(#959,#960,#961,#962,#963,#964,
#965,#966,#967,#968,#969,#970,#971,#972,#973,#974),(#975,#976,#977,#978,
#979,#980,#981,#982,#983,#984,#985,#986,#987,#988,#989,#990),(#991,#992,
#993,#994,#995,#996,#997,#998,#999,#1000,#1001,#1002,#1003,#1004,#1005,
#1006),(#1007,#1008,#1009,#1010,#1011,#1012,#1013,#1014,#1015,#1016,#1017,
#1018,#1019,#1020,#1021,#1022),(#1023,#1024,#1025,#1026,#1027,#1028,#1029,
#1030,#1031,#1032,#1033,#1034,#1035,#1036,#1037,#1038),(#1039,#1040,#1041,
#1042,#1043,#1044,#1045,#1046,#1047,#1048,#1049,#1050,#1051,#1052,#1053,
#1054),(#1055,#1056,#1057,#1058,#1059,#1060,#1061,#1062,#1063,#1064,#1065,
#1066,#1067,#1068,#1069,#1070),(#1071,#1072,#1073,#1074,#1075,#1076,#1077,
#1078,#1079,#1080,#1081,#1082,#1083,#1084,#1085,#1086),(#1087,#1088,#1089,
#1090,#1091,#1092,#1093,#1094,#1095,#1096,#1097,#1098,#1099,#1100,#1101,
#1102),(#1103,#1104,#1105,#1106,#1107,#1108,#1109,#1110,#1111,#1112,#1113,
#1114,#1115,#1116,#1117,#1118),(#1119,#1120,#1121,#1122,#1123,#1124,#1125,
#1126,#1127,#1128,#1129,#1130,#1131,#1132,#1133,#1134),(#1135,#1136,#1137,
#1138,#1139,#1140,#1141,#1142,#1143,#1144,#1145,#1146,#1147,#1148,#1149,
#1150),(#1151,#1152,#1153,#1154,#1155,#1156,#1157,#1158,#1159,#1160,#1161,
#1162,#1163,#1164,#1165,#1166),(#1167,#1168,#1169,#1170,#1171,#1172,#1173,
#1174,#1175,#1176,#1177,#1178,#1179,#1180,#1181,#1182),(#1183,#1184,#1185,
#1186,#1187,#1188,#1189,#1190,#1191,#1192,#1193,#1194,#1195,#1196,#1197,
#1198),(#1199,#1200,#1201,#1202,#1203,#1204,#1205,#1206,#1207,#1208,#1209,
#1210,#1211,#1212,#1213,#1214),(#1215,#1216,#1217,#1218,#1219,#1220,#1221,
#1222,#1223,#1224,#1225,#1226,#1227,#1228,#1229,#1230),(#1231,#1232,#1233,
#1234,#1235,#1236,#1237,#1238,#1239,#1240,#1241,#1242,#1243,#1244,#1245,
#1246),(#1247,#1248,#1249,#1250,#1251,#1252,#1253,#1254,#1255,#1256,#1257,
#1258,#1259,#1260,#1261,#1262),(#1263,#1264,#1265,#1266,#1267,#1268,#1269,
#1270,#1271,#1272,#1273,#1274,#1275,#1276,#1277,#1278),(#1279,#1280,#1281,
#1282,#1283,#1284,#1285,#1286,#1287,#1288,#1289,#1290,#1291,#1292,#1293,
#1294),(#1295,#1296,#1297,#1298,#1299,#1300,#1301,#1302,#1303,#1304,#1305,
#1306,#1307,#1308,#1309,#1310),(#1311,#1312,#1313,#1314,#1315,#1316,#1317,
#1318,#1319,#1320,#1321,#1322,#1323,#1324,#1325,#1326),(#1327,#1328,#1329,
#1330,#1331,#1332,#1333,#1334,#1335,#1336,#1337,#1338,#1339,#1340,#1341,
#1342),(#1343,#1344,#1345,#1346,#1347,#1348,#1349,#1350,#1351,#1352,#1353,
#1354,#1355,#1356,#1357,#1358),(#1359,#1360,#1361,#1362,#1363,#1364,#1365,
#1366,#1367,#1368,#1369,#1370,#1371,#1372,#1373,#1374),(#1375,#1376,#1377,
#1378,#1379,#1380,#1381,#1382,#1383,#1384,#1385,#1386,#1387,#1388,#1389,
#1390),(#1391,#1392,#1393,#1394,#1395,#1396,#1397,#1398,#1399,#1400,#1401,
#1402,#1403,#1404,#1405,#1406),(#1407,#1408,#1409,#1410,#1411,#1412,#1413,
#1414,#1415,#1416,#1417,#1418,#1419,#1420,#1421,#1422),(#1423,#1424,#1425,
#1426,#1427,#1428,#1429,#1430,#1431,#1432,#1433,#1434,#1435,#1436,#1437,
#1438),(#1439,#1440,#1441,#1442,#1443,#1444,#1445,#1446,#1447,#1448,#1449,
#1450,#1451,#1452,#1453,#1454),(#1455,#1456,#1457,#1458,#1459,#1460,#1461,
#1462,#1463,#1464,#1465,#1466,#1467,#1468,#1469,#1470),(#1471,#1472,#1473,
#1474,#1475,#1476,#1477,#1478,#1479,#1480,#1481,#1482,#1483,#1484,#1485,
#1486),(#1487,#1488,#1489,#1490,#1491,#1492,#1493,#1494,#1495,#1496,#1497,
#1498,#1499,#1500,#1501,#1502),(#1503,#1504,#1505,#1506,#1507,#1508,#1509,
#1510,#1511,#1512,#1513,#1514,#1515,#1516,#1517,#1518),(#1519,#1520,#1521,
#1522,#1523,#1524,#1525,#1526,#1527,#1528,#1529,#1530,#1531,#1532,#1533,
#1534),(#1535,#1536,#1537,#1538,#1539,#1540,#1541,#1542,#1543,#1544,#1545,
#1546,#1547,#1548,#1549,#1550),(#1551,#1552,#1553,#1554,#1555,#1556,#1557,
#1558,#1559,#1560,#1561,#1562,#1563,#1564,#1565,#1566),(#1567,#1568,#1569,
#1570,#1571,#1572,#1573,#1574,#1575,#1576,#1577,#1578,#1579,#1580,#1581,
#1582),(#1583,#1584,#1585,#1586,#1587,#1588,#1589,#1590,#1591,#1592,#1593,
#1594,#1595,#1596,#1597,#1598),(#1599,#1600,#1601,#1602,#1603,#1604,#1605,
#1606,#1607,#1608,#1609,#1610,#1611,#1612,#1613,#1614),(#1615,#1616,#1617,
#1618,#1619,#1620,#1621,#1622,#1623,#1624,#1625,#1626,#1627,#1628,#1629,
#1630),(#1631,#1632,#1633,#1634,#1635,#1636,#1637,#1638,#1639,#1640,#1641,
#1642,#1643,#1644,#1645,#1646),(#1647,#1648,#1649,#1650,#1651,#1652,#1653,
#1654,#1655,#1656,#1657,#1658,#1659,#1660,#1661,#1662),(#1663,#1664,#1665,
#1666,#1667,#1668,#1669,#1670,#1671,#1672,#1673,#1674,#1675,#1676,#1677,
#1678),(#1679,#1680,#1681,#1682,#1683,#1684,#1685,#1686,#1687,#1688,#1689,
#1690,#1691,#1692,#1693,#1694),(#1695,#1696,#1697,#1698,#1699,#1700,#1701,
#1702,#1703,#1704,#1705,#1706,#1707,#1708,#1709,#1710),(#1711,#1712,#1713,
#1714,#1715,#1716,#1717,#1718,#1719,#1720,#1721,#1722,#1723,#1724,#1725,
#1726),(#1727,#1728,#1729,#1730,#1731,#1732,#1733,#1734,#1735,#1736,#1737,
#1738,#1739,#1740,#1741,#1742),(#1743,#1744,#1745,#1746,#1747,#1748,#1749,
#1750,#1751,#1752,#1753,#1754,#1755,#1756,#1757,#1758),(#1759,#1760,#1761,
#1762,#1763,#1764,#1765,#1766,#1767,#1768,#1769,#1770,#1771,#1772,#1773,
#1774),(#1775,#1776,#1777,#1778,#1779,#1780,#1781,#1782,#1783,#1784,#1785,
#1786,#1787,#1788,#1789,#1790),(#1791,#1792,#1793,#1794,#1795,#1796,#1797,
#1798,#1799,#1800,#1801,#1802,#1803,#1804,#1805,#1806),(#1807,#1808,#1809,
#1810,#1811,#1812,#1813,#1814,#1815,#1816,#1817,#1818,#1819,#1820,#1821,
#1822),(#1823,#1824,#1825,#1826,#1827,#1828,#1829,#1830,#1831,#1832,#1833,
#1834,#1835,#1836,#1837,#1838),(#1839,#1840,#1841,#1842,#1843,#1844,#1845,
#1846,#1847,#1848,#1849,#1850,#1851,#1852,#1853,#1854),(#1855,#1856,#1857,
#1858,#1859,#1860,#1861,#1862,#1863,#1864,#1865,#1866,#1867,#1868,#1869,
#1870),(#1871,#1872,#1873,#1874,#1875,#1876,#1877,#1878,#1879,#1880,#1881,
#1882,#1883,#1884,#1885,#1886),(#1887,#1888,#1889,#1890,#1891,#1892,#1893,
#1894,#1895,#1896,#1897,#1898,#1899,#1900,#1901,#1902),(#1903,#1904,#1905,
#1906,#1907,#1908,#1909,#1910,#1911,#1912,#1913,#1914,#1915,#1916,#1917,
#1918),(#1919,#1920,#1921,#1922,#1923,#1924,#1925,#1926,#1927,#1928,#1929,
#1930,#1931,#1932,#1933,#1934),(#1935,#1936,#1937,#1938,#1939,#1940,#1941,
#1942,#1943,#1944,#1945,#1946,#1947,#1948,#1949,#1950),(#1951,#1952,#1953,
#1954,#1955,#1956,#1957,#1958,#1959,#1960,#1961,#1962,#1963,#1964,#1965,
#1966),(#1967,#1968,#1969,#1970,#1971,#1972,#1973,#1974,#1975,#1976,#1977,
#1978,#1979,#1980,#1981,#1982),(#1983,#1984,#1985,#1986,#1987,#1988,#1989,
#1990,#1991,#1992,#1993,#1994,#1995,#1996,#1997,#1998),(#1999,#2000,#2001,
#2002,#2003,#2004,#2005,#2006,#2007,#2008,#2009,#2010,#2011,#2012,#2013,
#2014),(#2015,#2016,#2017,#2018,#2019,#2020,#2021,#2022,#2023,#2024,#2025,
#2026,#2027,#2028,#2029,#2030),(#2031,#2032,#2033,#2034,#2035,#2036,#2037,
#2038,#2039,#2040,#2041,#2042,#2043,#2044,#2045,#2046),(#2047,#2048,#2049,
#2050,#2051,#2052,#2053,#2054,#2055,#2056,#2057,#2058,#2059,#2060,#2061,
#2062),(#2063,#2064,#2065,#2066,#2067,#2068,#2069,#2070,#2071,#2072,#2073,
#2074,#2075,#2076,#2077,#2078),(#2079,#2080,#2081,#2082,#2083,#2084,#2085,
#2086,#2087,#2088,#2089,#2090,#2091,#2092,#2093,#2094),(#2095,#2096,#2097,
#2098,#2099,#2100,#2101,#2102,#2103,#2104,#2105,#2106,#2107,#2108,#2109,
#2110),(#2111,#2112,#2113,#2114,#2115,#2116,#2117,#2118,#2119,#2120,#2121,
#2122,#2123,#2124,#2125,#2126),(#2127,#2128,#2129,#2130,#2131,#2132,#2133,
#2134,#2135,#2136,#2137,#2138,#2139,#2140,#2141,#2142),(#2143,#2144,#2145,
#2146,#2147,#2148,#2149,#2150,#2151,#2152,#2153,#2154,#2155,#2156,#2157,
#2158),(#2159,#2160,#2161,#2162,#2163,#2164,#2165,#2166,#2167,#2168,#2169,
#2170,#2171,#2172,#2173,#2174),(#2175,#2176,#2177,#2178,#2179,#2180,#2181,
#2182,#2183,#2184,#2185,#2186,#2187,#2188,#2189,#2190),(#2191,#2192,#2193,
#2194,#2195,#2196,#2197,#2198,#2199,#2200,#2201,#2202,#2203,#2204,#2205,
#2206),(#2207,#2208,#2209,#2210,#2211,#2212,#2213,#2214,#2215,#2216,#2217,
#2218,#2219,#2220,#2221,#2222),(#2223,#2224,#2225,#2226,#2227,#2228,#2229,
#2230,#2231,#2232,#2233,#2234,#2235,#2236,#2237,#2238),(#2239,#2240,#2241,
#2242,#2243,#2244,#2245,#2246,#2247,#2248,#2249,#2250,#2251,#2252,#2253,
#2254),(#2255,#2256,#2257,#2258,#2259,#2260,#2261,#2262,#2263,#2264,#2265,
#2266,#2267,#2268,#2269,#2270),(#2271,#2272,#2273,#2274,#2275,#2276,#2277,
#2278,#2279,#2280,#2281,#2282,#2283,#2284,#2285,#2286),(#2287,#2288,#2289,
#2290,#2291,#2292,#2293,#2294,#2295,#2296,#2297,#2298,#2299,#2300,#2301,
#2302),(#2303,#2304,#2305,#2306,#2307,#2308,#2309,#2310,#2311,#2312,#2313,
#2314,#2315,#2316,#2317,#2318),(#2319,#2320,#2321,#2322,#2323,#2324,#2325,
#2326,#2327,#2328,#2329,#2330,#2331,#2332,#2333,#2334),(#2335,#2336,#2337,
#2338,#2339,#2340,#2341,#2342,#2343,#2344,#2345,#2346,#2347,#2348,#2349,
#2350),(#2351,#2352,#2353,#2354,#2355,#2356,#2357,#2358,#2359,#2360,#2361,
#2362,#2363,#2364,#2365,#2366),(#2367,#2368,#2369,#2370,#2371,#2372,#2373,
#2374,#2375,#2376,#2377,#2378,#2379,#2380,#2381,#2382),(#2383,#2384,#2385,
#2386,#2387,#2388,#2389,#2390,#2391,#2392,#2393,#2394,#2395,#2396,#2397,
#2398),(#2399,#2400,#2401,#2402,#2403,#2404,#2405,#2406,#2407,#2408,#2409,
#2410,#2411,#2412,#2413,#2414),(#2415,#2416,#2417,#2418,#2419,#2420,#2421,
#2422,#2423,#2424,#2425,#2426,#2427,#2428,#2429,#2430),(#2431,#2432,#2433,
#2434,#2435,#2436,#2437,#2438,#2439,#2440,#2441,#2442,#2443,#2444,#2445,
#2446),(#2447,#2448,#2449,#2450,#2451,#2452,#2453,#2454,#2455,#2456,#2457,
#2458,#2459,#2460,#2461,#2462),(#2463,#2464,#2465,#2466,#2467,#2468,#2469,
#2470,#2471,#2472,#2473,#2474,#2475,#2476,#2477,#2478),(#2479,#2480,#2481,
#2482,#2483,#2484,#2485,#2486,#2487,#2488,#2489,#2490,#2491,#2492,#2493,
#2494),(#2495,#2496,#2497,#2498,#2499,#2500,#2501,#2502,#2503,#2504,#2505,
#2506,#2507,#2508,#2509,#2510),(#2511,#2512,#2513,#2514,#2515,#2516,#2517,
#2518,#2519,#2520,#2521,#2522,#2523,#2524,#2525,#2526),(#2527,#2528,#2529,
#2530,#2531,#2532,#2533,#2534,#2535,#2536,#2537,#2538,#2539,#2540,#2541,
#2542),(#2543,#2544,#2545,#2546,#2547,#2548,#2549,#2550,#2551,#2552,#2553,
#2554,#2555,#2556,#2557,#2558),(#2559,#2560,#2561,#2562,#2563,#2564,#2565,
#2566,#2567,#2568,#2569,#2570,#2571,#2572,#2573,#2574),(#2575,#2576,#2577,
#2578,#2579,#2580,#2581,#2582,#2583,#2584,#2585,#2586,#2587,#2588,#2589,
#2590),(#2591,#2592,#2593,#2594,#2595,#2596,#2597,#2598,#2599,#2600,#2601,
#2602,#2603,#2604,#2605,#2606)),.UNSPECIFIED.,.F.,.F.,.F.,(4,1,1,1,1,1,
1,1,1,1,1,1,1,1,1,1,1,1,1,1,1,1,1,1,1,1,1,1,1,1,1,1,1,1,1,1,1,1,1,1,1,1,
1,1,1,1,1,1,1,1,1,1,1,1,1,1,1,1,1,1,1,1,1,1,1,1,1,1,1,1,1,1,1,1,1,1,1,1,
1,1,1,1,1,1,1,1,1,1,1,1,1,1,1,1,1,1,1,1,1,1,1,1,1,1,1,1,1,1,1,1,1,1,1,1,
1,1,1,1,1,1,1,1,1,1,1,1,1,1,1,1,1,1,1,1,1,4),(4,1,1,1,1,1,1,1,1,1,1,1,1,
4),(0.,0.015625,0.0234375,0.03125,0.0390625,0.046875,0.0533854166666667,
0.05859375,0.0625,0.06640625,0.0716145833333333,0.078125,0.0859375,0.09375,
0.1015625,0.109375,0.1171875,0.125,0.131510416666667,0.136067708333333,
0.138671875,0.141276041666667,0.14453125,0.149739583333333,0.158854166666667,
0.171875,0.1875,0.203125,0.21875,0.234375,0.25,0.265625,0.278645833333333,
0.2890625,0.295572916666667,0.30078125,0.305989583333333,0.3125,0.3203125,
0.328125,0.3359375,0.34375,0.3515625,0.358072916666667,0.36328125,0.3671875,
0.370442708333333,0.373046875,0.375651041666667,0.37890625,0.384114583333333,
0.390625,0.3984375,0.40625,0.412760416666667,0.41796875,0.423177083333333,
0.4296875,0.4375,0.4453125,0.453125,0.4609375,0.46875,0.4765625,0.484375,
0.4921875,0.502604166666667,0.515625,0.528645833333333,0.5390625,0.549479166666667,
0.5625,0.575520833333333,0.5859375,0.59375,0.6015625,0.609375,0.615885416666667,
0.620442708333333,0.623046875,0.625651041666667,0.62890625,0.634114583333333,
0.640625,0.6484375,0.658854166666667,0.671875,0.6875,0.703125,0.71875,0.734375,
0.747395833333333,0.7578125,0.765625,0.772135416666667,0.77734375,0.782552083333333,
0.7890625,0.796875,0.8046875,0.8125,0.8203125,0.828125,0.8359375,0.842447916666667,
0.84765625,0.852864583333333,0.859375,0.8671875,0.873697916666667,0.87890625,
0.884114583333333,0.890625,0.8984375,0.90625,0.912760416666667,0.91796875,
0.923177083333333,0.9296875,0.936197916666667,0.94140625,0.944661458333333,
0.947265625,0.94921875,0.951171875,0.953776041666667,0.95703125,0.9609375,
0.964192708333333,0.966796875,0.969401041666667,0.97265625,0.9765625,0.98046875,
0.985677083333333,1.),(-1.85700942404857E-14,0.250000000000009,0.375000000000022,
0.500000000000036,0.604166666666714,0.687500000000056,0.750000000000063,
0.802083333333402,0.843750000000073,0.875000000000076,0.90625000000008,
0.937500000000083,0.963541666666753,1.00000000000009),.UNSPECIFIED.);
#303=B_SPLINE_SURFACE_WITH_KNOTS('',3,3,((#2792,#2793,#2794,#2795),(#2796,
#2797,#2798,#2799),(#2800,#2801,#2802,#2803),(#2804,#2805,#2806,#2807),
(#2808,#2809,#2810,#2811),(#2812,#2813,#2814,#2815),(#2816,#2817,#2818,
#2819),(#2820,#2821,#2822,#2823),(#2824,#2825,#2826,#2827),(#2828,#2829,
#2830,#2831),(#2832,#2833,#2834,#2835),(#2836,#2837,#2838,#2839),(#2840,
#2841,#2842,#2843),(#2844,#2845,#2846,#2847),(#2848,#2849,#2850,#2851),
(#2852,#2853,#2854,#2855),(#2856,#2857,#2858,#2859),(#2860,#2861,#2862,
#2863),(#2864,#2865,#2866,#2867),(#2868,#2869,#2870,#2871),(#2872,#2873,
#2874,#2875),(#2876,#2877,#2878,#2879),(#2880,#2881,#2882,#2883),(#2884,
#2885,#2886,#2887),(#2888,#2889,#2890,#2891),(#2892,#2893,#2894,#2895),
(#2896,#2897,#2898,#2899),(#2900,#2901,#2902,#2903),(#2904,#2905,#2906,
#2907),(#2908,#2909,#2910,#2911),(#2912,#2913,#2914,#2915),(#2916,#2917,
#2918,#2919),(#2920,#2921,#2922,#2923),(#2924,#2925,#2926,#2927),(#2928,
#2929,#2930,#2931),(#2932,#2933,#2934,#2935),(#2936,#2937,#2938,#2939),
(#2940,#2941,#2942,#2943),(#2944,#2945,#2946,#2947),(#2948,#2949,#2950,
#2951),(#2952,#2953,#2954,#2955),(#2956,#2957,#2958,#2959),(#2960,#2961,
#2962,#2963),(#2964,#2965,#2966,#2967),(#2968,#2969,#2970,#2971),(#2972,
#2973,#2974,#2975),(#2976,#2977,#2978,#2979),(#2980,#2981,#2982,#2983),
(#2984,#2985,#2986,#2987),(#2988,#2989,#2990,#2991),(#2992,#2993,#2994,
#2995),(#2996,#2997,#2998,#2999),(#3000,#3001,#3002,#3003),(#3004,#3005,
#3006,#3007),(#3008,#3009,#3010,#3011),(#3012,#3013,#3014,#3015),(#3016,
#3017,#3018,#3019),(#3020,#3021,#3022,#3023),(#3024,#3025,#3026,#3027),
(#3028,#3029,#3030,#3031),(#3032,#3033,#3034,#3035),(#3036,#3037,#3038,
#3039),(#3040,#3041,#3042,#3043),(#3044,#3045,#3046,#3047),(#3048,#3049,
#3050,#3051),(#3052,#3053,#3054,#3055),(#3056,#3057,#3058,#3059),(#3060,
#3061,#3062,#3063),(#3064,#3065,#3066,#3067),(#3068,#3069,#3070,#3071),
(#3072,#3073,#3074,#3075),(#3076,#3077,#3078,#3079),(#3080,#3081,#3082,
#3083),(#3084,#3085,#3086,#3087),(#3088,#3089,#3090,#3091),(#3092,#3093,
#3094,#3095),(#3096,#3097,#3098,#3099),(#3100,#3101,#3102,#3103),(#3104,
#3105,#3106,#3107),(#3108,#3109,#3110,#3111),(#3112,#3113,#3114,#3115),
(#3116,#3117,#3118,#3119),(#3120,#3121,#3122,#3123),(#3124,#3125,#3126,
#3127),(#3128,#3129,#3130,#3131),(#3132,#3133,#3134,#3135),(#3136,#3137,
#3138,#3139),(#3140,#3141,#3142,#3143),(#3144,#3145,#3146,#3147),(#3148,
#3149,#3150,#3151),(#3152,#3153,#3154,#3155),(#3156,#3157,#3158,#3159),
(#3160,#3161,#3162,#3163),(#3164,#3165,#3166,#3167),(#3168,#3169,#3170,
#3171),(#3172,#3173,#3174,#3175),(#3176,#3177,#3178,#3179),(#3180,#3181,
#3182,#3183),(#3184,#3185,#3186,#3187),(#3188,#3189,#3190,#3191),(#3192,
#3193,#3194,#3195),(#3196,#3197,#3198,#3199),(#3200,#3201,#3202,#3203),
(#3204,#3205,#3206,#3207),(#3208,#3209,#3210,#3211),(#3212,#3213,#3214,
#3215),(#3216,#3217,#3218,#3219),(#3220,#3221,#3222,#3223),(#3224,#3225,
#3226,#3227),(#3228,#3229,#3230,#3231),(#3232,#3233,#3234,#3235),(#3236,
#3237,#3238,#3239),(#3240,#3241,#3242,#3243),(#3244,#3245,#3246,#3247),
(#3248,#3249,#3250,#3251),(#3252,#3253,#3254,#3255),(#3256,#3257,#3258,
#3259),(#3260,#3261,#3262,#3263),(#3264,#3265,#3266,#3267),(#3268,#3269,
#3270,#3271),(#3272,#3273,#3274,#3275),(#3276,#3277,#3278,#3279),(#3280,
#3281,#3282,#3283),(#3284,#3285,#3286,#3287),(#3288,#3289,#3290,#3291),
(#3292,#3293,#3294,#3295),(#3296,#3297,#3298,#3299),(#3300,#3301,#3302,
#3303),(#3304,#3305,#3306,#3307),(#3308,#3309,#3310,#3311),(#3312,#3313,
#3314,#3315),(#3316,#3317,#3318,#3319),(#3320,#3321,#3322,#3323),(#3324,
#3325,#3326,#3327),(#3328,#3329,#3330,#3331),(#3332,#3333,#3334,#3335),
(#3336,#3337,#3338,#3339),(#3340,#3341,#3342,#3343),(#3344,#3345,#3346,
#3347),(#3348,#3349,#3350,#3351),(#3352,#3353,#3354,#3355),(#3356,#3357,
#3358,#3359),(#3360,#3361,#3362,#3363),(#3364,#3365,#3366,#3367),(#3368,
#3369,#3370,#3371),(#3372,#3373,#3374,#3375),(#3376,#3377,#3378,#3379),
(#3380,#3381,#3382,#3383),(#3384,#3385,#3386,#3387),(#3388,#3389,#3390,
#3391),(#3392,#3393,#3394,#3395),(#3396,#3397,#3398,#3399),(#3400,#3401,
#3402,#3403),(#3404,#3405,#3406,#3407),(#3408,#3409,#3410,#3411),(#3412,
#3413,#3414,#3415),(#3416,#3417,#3418,#3419),(#3420,#3421,#3422,#3423),
(#3424,#3425,#3426,#3427),(#3428,#3429,#3430,#3431),(#3432,#3433,#3434,
#3435),(#3436,#3437,#3438,#3439),(#3440,#3441,#3442,#3443),(#3444,#3445,
#3446,#3447),(#3448,#3449,#3450,#3451),(#3452,#3453,#3454,#3455),(#3456,
#3457,#3458,#3459),(#3460,#3461,#3462,#3463),(#3464,#3465,#3466,#3467),
(#3468,#3469,#3470,#3471),(#3472,#3473,#3474,#3475),(#3476,#3477,#3478,
#3479),(#3480,#3481,#3482,#3483),(#3484,#3485,#3486,#3487),(#3488,#3489,
#3490,#3491),(#3492,#3493,#3494,#3495),(#3496,#3497,#3498,#3499),(#3500,
#3501,#3502,#3503),(#3504,#3505,#3506,#3507),(#3508,#3509,#3510,#3511),
(#3512,#3513,#3514,#3515),(#3516,#3517,#3518,#3519),(#3520,#3521,#3522,
#3523),(#3524,#3525,#3526,#3527),(#3528,#3529,#3530,#3531),(#3532,#3533,
#3534,#3535),(#3536,#3537,#3538,#3539),(#3540,#3541,#3542,#3543),(#3544,
#3545,#3546,#3547),(#3548,#3549,#3550,#3551),(#3552,#3553,#3554,#3555),
(#3556,#3557,#3558,#3559),(#3560,#3561,#3562,#3563),(#3564,#3565,#3566,
#3567),(#3568,#3569,#3570,#3571),(#3572,#3573,#3574,#3575),(#3576,#3577,
#3578,#3579),(#3580,#3581,#3582,#3583),(#3584,#3585,#3586,#3587),(#3588,
#3589,#3590,#3591),(#3592,#3593,#3594,#3595),(#3596,#3597,#3598,#3599),
(#3600,#3601,#3602,#3603),(#3604,#3605,#3606,#3607),(#3608,#3609,#3610,
#3611),(#3612,#3613,#3614,#3615),(#3616,#3617,#3618,#3619),(#3620,#3621,
#3622,#3623),(#3624,#3625,#3626,#3627),(#3628,#3629,#3630,#3631),(#3632,
#3633,#3634,#3635),(#3636,#3637,#3638,#3639),(#3640,#3641,#3642,#3643),
(#3644,#3645,#3646,#3647),(#3648,#3649,#3650,#3651),(#3652,#3653,#3654,
#3655),(#3656,#3657,#3658,#3659),(#3660,#3661,#3662,#3663),(#3664,#3665,
#3666,#3667),(#3668,#3669,#3670,#3671),(#3672,#3673,#3674,#3675),(#3676,
#3677,#3678,#3679),(#3680,#3681,#3682,#3683),(#3684,#3685,#3686,#3687),
(#3688,#3689,#3690,#3691),(#3692,#3693,#3694,#3695),(#3696,#3697,#3698,
#3699),(#3700,#3701,#3702,#3703),(#3704,#3705,#3706,#3707),(#3708,#3709,
#3710,#3711),(#3712,#3713,#3714,#3715),(#3716,#3717,#3718,#3719),(#3720,
#3721,#3722,#3723),(#3724,#3725,#3726,#3727),(#3728,#3729,#3730,#3731),
(#3732,#3733,#3734,#3735),(#3736,#3737,#3738,#3739),(#3740,#3741,#3742,
#3743),(#3744,#3745,#3746,#3747),(#3748,#3749,#3750,#3751),(#3752,#3753,
#3754,#3755),(#3756,#3757,#3758,#3759),(#3760,#3761,#3762,#3763),(#3764,
#3765,#3766,#3767),(#3768,#3769,#3770,#3771),(#3772,#3773,#3774,#3775),
(#3776,#3777,#3778,#3779),(#3780,#3781,#3782,#3783),(#3784,#3785,#3786,
#3787),(#3788,#3789,#3790,#3791),(#3792,#3793,#3794,#3795),(#3796,#3797,
#3798,#3799),(#3800,#3801,#3802,#3803),(#3804,#3805,#3806,#3807),(#3808,
#3809,#3810,#3811),(#3812,#3813,#3814,#3815),(#3816,#3817,#3818,#3819),
(#3820,#3821,#3822,#3823),(#3824,#3825,#3826,#3827),(#3828,#3829,#3830,
#3831),(#3832,#3833,#3834,#3835),(#3836,#3837,#3838,#3839),(#3840,#3841,
#3842,#3843),(#3844,#3845,#3846,#3847),(#3848,#3849,#3850,#3851),(#3852,
#3853,#3854,#3855),(#3856,#3857,#3858,#3859),(#3860,#3861,#3862,#3863),
(#3864,#3865,#3866,#3867),(#3868,#3869,#3870,#3871),(#3872,#3873,#3874,
#3875),(#3876,#3877,#3878,#3879),(#3880,#3881,#3882,#3883),(#3884,#3885,
#3886,#3887)),.UNSPECIFIED.,.F.,.F.,.F.,(4,2,1,2,1,2,2,2,2,2,2,2,1,2,2,
2,2,2,1,2,2,2,2,2,2,2,2,1,2,2,2,1,2,2,2,2,2,1,2,2,2,1,2,2,2,2,1,2,1,2,2,
2,2,2,2,2,1,2,2,2,1,2,2,2,2,2,2,1,2,2,2,1,2,2,2,2,2,1,2,2,2,1,2,2,2,2,2,
1,2,2,2,1,2,2,2,2,2,1,2,2,2,1,2,2,2,2,2,1,2,2,2,1,2,2,2,2,2,1,2,2,2,1,2,
2,2,2,2,2,1,2,2,2,2,2,1,2,2,2,2,2,2,2,2,1,2,2,2,1,2,2,4),(4,4),(0.,0.0157886843139536,
0.0210515790852715,0.0315773686279073,0.0421031581705431,0.0473660529418609,
0.0631547372558146,0.0678761340530069,0.0725975308501993,0.0773189276473917,
0.082040324444584,0.0867617212417764,0.0883355201741738,0.0914831180389687,
0.0962045148361611,0.100925911633353,0.105647308430546,0.110368705227738,
0.113516303092533,0.11509010202493,0.119811498822123,0.124532895619315,
0.129254292416508,0.1339756892137,0.138697086010892,0.148752496182902,0.158807906354912,
0.165511513136253,0.168863316526922,0.178918726698932,0.188974136870942,
0.192325940261612,0.199029547042953,0.209084957214963,0.219140367386973,
0.229195777558982,0.239251187730992,0.245954794512333,0.249306597903002,
0.259362008075013,0.269417418247023,0.272769221637693,0.279472828419033,
0.289528238591043,0.299583648763053,0.31795343896272,0.324076702362609,
0.336323229162387,0.348569755962166,0.354693019362055,0.373062809561722,
0.376966515747631,0.38087022193354,0.384773928119448,0.388677634305358,
0.392581340491266,0.393882575886569,0.396485046677175,0.404292459048992,
0.41209987142081,0.414702342211415,0.419907283792628,0.427714696164445,
0.431618402350354,0.435522108536262,0.44332952090808,0.451136933279898,
0.456341874861109,0.458944345651715,0.466751758023533,0.47455917039535,
0.477161641185956,0.482366582767168,0.490173995138985,0.497981407510803,
0.50578881988262,0.513596232254438,0.518801173835649,0.521403644626255,
0.529211056998073,0.53701846936989,0.539620940160496,0.544825881741708,
0.552633294113525,0.560440706485343,0.56824811885716,0.576055531228978,
0.581260472810189,0.583862943600795,0.591670355972613,0.59947776834443,
0.602080239135036,0.607285180716248,0.615092593088065,0.622900005459883,
0.632586384625328,0.642272763790773,0.64873034990107,0.651959142956218,
0.661645522121663,0.671331901287109,0.674560694342257,0.681018280452554,
0.690704659617999,0.700391038783444,0.710077417948889,0.719763797114335,
0.726221383224631,0.72945017627978,0.739136555445225,0.74882293461067,0.752051727665819,
0.758509313776115,0.768195692941561,0.777882072107006,0.786760688008045,
0.795639303909085,0.801558381176445,0.804517919810125,0.813396535711164,
0.822275151612204,0.825234690245884,0.831153767513244,0.848910999315323,
0.861399699140674,0.86764404905335,0.873888398966025,0.880132748878701,
0.882214198849593,0.886377098791376,0.892621448704052,0.898865798616727,
0.905110148529403,0.911354498442078,0.915517398383862,0.917598848354754,
0.923843198267429,0.930087548180105,0.93633189809278,0.942576248005456,
0.948820597918131,0.955218023178365,0.961615448438599,0.965880398612088,
0.968012873698832,0.974410298959066,0.980807724219299,0.982940199306044,
0.987205149479533,0.993602574739766,1.),(0.,1.),.UNSPECIFIED.);
#304=B_SPLINE_SURFACE_WITH_KNOTS('',1,3,((#3948,#3949,#3950,#3951,#3952,
#3953,#3954,#3955,#3956,#3957,#3958,#3959,#3960,#3961,#3962,#3963,#3964,
#3965,#3966,#3967,#3968,#3969,#3970,#3971,#3972,#3973),(#3974,#3975,#3976,
#3977,#3978,#3979,#3980,#3981,#3982,#3983,#3984,#3985,#3986,#3987,#3988,
#3989,#3990,#3991,#3992,#3993,#3994,#3995,#3996,#3997,#3998,#3999)),
 .RULED_SURF.,.F.,.F.,.F.,(2,2),(4,2,2,2,2,2,2,2,2,2,2,2,4),(0.,1.),(0.,
0.25,0.375,0.5,0.625,0.6875,0.75,0.8125,0.875,0.90625,0.9375,0.96875,1.),
 .UNSPECIFIED.);
#305=B_SPLINE_SURFACE_WITH_KNOTS('',1,3,((#4038,#4039,#4040,#4041,#4042,
#4043),(#4044,#4045,#4046,#4047,#4048,#4049)),
 .SURF_OF_LINEAR_EXTRUSION.,.F.,.F.,.F.,(2,2),(4,2,4),(0.,1.),(0.,0.261799387799151,
0.523598775598302),.UNSPECIFIED.);
#306=B_SPLINE_SURFACE_WITH_KNOTS('',1,3,((#4059,#4060,#4061,#4062,#4063,
#4064,#4065,#4066,#4067,#4068,#4069,#4070,#4071,#4072,#4073,#4074,#4075,
#4076,#4077,#4078,#4079,#4080,#4081,#4082,#4083,#4084),(#4085,#4086,#4087,
#4088,#4089,#4090,#4091,#4092,#4093,#4094,#4095,#4096,#4097,#4098,#4099,
#4100,#4101,#4102,#4103,#4104,#4105,#4106,#4107,#4108,#4109,#4110)),
 .RULED_SURF.,.F.,.F.,.F.,(2,2),(4,2,2,2,2,2,2,2,2,2,2,2,4),(0.,1.),(0.,
0.25,0.375,0.5,0.625,0.6875,0.75,0.8125,0.875,0.90625,0.9375,0.96875,1.),
 .UNSPECIFIED.);
#307=B_SPLINE_SURFACE_WITH_KNOTS('',1,3,((#4188,#4189,#4190,#4191,#4192,
#4193,#4194,#4195,#4196,#4197,#4198,#4199,#4200,#4201,#4202,#4203,#4204,
#4205,#4206,#4207,#4208,#4209,#4210,#4211),(#4212,#4213,#4214,#4215,#4216,
#4217,#4218,#4219,#4220,#4221,#4222,#4223,#4224,#4225,#4226,#4227,#4228,
#4229,#4230,#4231,#4232,#4233,#4234,#4235)),.RULED_SURF.,.F.,.T.,.F.,(2,
2),(2,2,2,2,2,2,2,2,2,2,2,2,2,2),(0.,1.),(0.874999817097987,0.999999817097987,
1.12499981709799,1.24999981709799,1.31249981709799,1.37499981709799,1.49999981709799,
1.62499981709798,1.68749981709798,1.74999981709798,1.81249981709798,1.87499981709798,
1.99999981709798,2.12499981709799),.UNSPECIFIED.);
#308=B_SPLINE_SURFACE_WITH_KNOTS('',1,3,((#4236,#4237,#4238,#4239,#4240,
#4241,#4242,#4243,#4244,#4245,#4246,#4247,#4248,#4249,#4250,#4251,#4252,
#4253,#4254,#4255),(#4256,#4257,#4258,#4259,#4260,#4261,#4262,#4263,#4264,
#4265,#4266,#4267,#4268,#4269,#4270,#4271,#4272,#4273,#4274,#4275)),
 .RULED_SURF.,.F.,.T.,.F.,(2,2),(2,2,2,2,2,2,2,2,2,2,2,2),(0.,1.),(-0.124999795546255,
2.04453744823141E-7,0.125000204453745,0.250000204453745,0.312500204453745,
0.375000204453745,0.500000204453745,0.625000204453745,0.750000204453745,
0.875000204453745,1.00000020445374,1.12500020445374),.UNSPECIFIED.);
#309=ADVANCED_FACE('',(#277,#278,#279),#302,.T.);
#310=ADVANCED_FACE('',(#280,#281,#282),#303,.F.);
#311=ADVANCED_FACE('',(#283),#304,.T.);
#312=ADVANCED_FACE('',(#284),#16,.T.);
#313=ADVANCED_FACE('',(#285),#17,.F.);
#314=ADVANCED_FACE('',(#286),#12,.F.);
#315=ADVANCED_FACE('',(#287),#18,.F.);
#316=ADVANCED_FACE('',(#288),#13,.F.);
#317=ADVANCED_FACE('',(#289),#19,.F.);
#318=ADVANCED_FACE('',(#290),#305,.T.);
#319=ADVANCED_FACE('',(#291),#14,.F.);
#320=ADVANCED_FACE('',(#292),#306,.F.);
#321=ADVANCED_FACE('',(#293),#15,.F.);
#322=ADVANCED_FACE('',(#294,#295),#20,.F.);
#323=ADVANCED_FACE('',(#296,#297),#21,.F.);
#324=ADVANCED_FACE('',(#298,#299),#307,.T.);
#325=ADVANCED_FACE('',(#300,#301),#308,.T.);
#326=CLOSED_SHELL('',(#309,#310,#311,#312,#313,#314,#315,#316,#317,#318,
#319,#320,#321,#322,#323,#324,#325));
#327=STYLED_ITEM('',(#328),#335);
#328=PRESENTATION_STYLE_ASSIGNMENT((#329));
#329=SURFACE_STYLE_USAGE(.BOTH.,#330);
#330=SURFACE_SIDE_STYLE('',(#331));
#331=SURFACE_STYLE_FILL_AREA(#332);
#332=FILL_AREA_STYLE('',(#333));
#333=FILL_AREA_STYLE_COLOUR('',#334);
#334=COLOUR_RGB('',0.615686274509804,0.811764705882353,0.929411764705882);
#335=MANIFOLD_SOLID_BREP('Cover 1',#326);
#336=SHAPE_DEFINITION_REPRESENTATION(#4282,#337);
#337=SHAPE_REPRESENTATION('Cover 1',(#338),#4277);
#338=AXIS2_PLACEMENT_3D('',#398,#356,#357);
#339=AXIS2_PLACEMENT_3D('',#3898,#360,#361);
#340=AXIS2_PLACEMENT_3D('',#3900,#362,#363);
#341=AXIS2_PLACEMENT_3D('',#3904,#365,#366);
#342=AXIS2_PLACEMENT_3D('',#3908,#368,#369);
#343=AXIS2_PLACEMENT_3D('',#3910,#370,#371);
#344=AXIS2_PLACEMENT_3D('',#3919,#373,#374);
#345=AXIS2_PLACEMENT_3D('',#3923,#376,#377);
#346=AXIS2_PLACEMENT_3D('',#4008,#378,#379);
#347=AXIS2_PLACEMENT_3D('',#4013,#380,#381);
#348=AXIS2_PLACEMENT_3D('',#4018,#382,#383);
#349=AXIS2_PLACEMENT_3D('',#4023,#384,#385);
#350=AXIS2_PLACEMENT_3D('',#4028,#386,#387);
#351=AXIS2_PLACEMENT_3D('',#4033,#388,#389);
#352=AXIS2_PLACEMENT_3D('',#4054,#390,#391);
#353=AXIS2_PLACEMENT_3D('',#4115,#392,#393);
#354=AXIS2_PLACEMENT_3D('',#4116,#394,#395);
#355=AXIS2_PLACEMENT_3D('',#4146,#396,#397);
#356=DIRECTION('',(0.,0.,1.));
#357=DIRECTION('',(1.,0.,0.));
#358=DIRECTION('',(-0.774868503112918,0.,-0.632122458771673));
#359=DIRECTION('',(0.5,0.,0.866025403784439));
#360=DIRECTION('',(0.,-1.,0.));
#361=DIRECTION('',(-0.5,0.,0.86602540378444));
#362=DIRECTION('',(0.,-1.,0.));
#363=DIRECTION('',(0.5,0.,-0.86602540378444));
#364=DIRECTION('',(0.5,0.,0.866025403784439));
#365=DIRECTION('',(0.,-1.,0.));
#366=DIRECTION('',(0.866025403784439,0.,-0.5));
#367=DIRECTION('',(-1.,0.,1.66533453693773E-16));
#368=DIRECTION('',(0.,-1.,0.));
#369=DIRECTION('',(5.55111512312578E-17,0.,1.));
#370=DIRECTION('',(0.,-1.,0.));
#371=DIRECTION('',(0.0898085664489269,0.,-0.995959046041748));
#372=DIRECTION('',(1.,0.,1.11022302462516E-16));
#373=DIRECTION('',(0.,1.,0.));
#374=DIRECTION('',(1.,0.,-6.10622663543836E-16));
#375=DIRECTION('',(-0.5,0.,-0.866025403784439));
#376=DIRECTION('',(0.,1.,0.));
#377=DIRECTION('',(0.866025403784439,0.,-0.5));
#378=DIRECTION('',(-1.17085070822646E-6,-0.999999999999131,-6.06010284143705E-7));
#379=DIRECTION('',(0.999999999999315,-1.17085070822667E-6,0.));
#380=DIRECTION('',(1.55956741407702E-26,-1.,9.00416666336751E-27));
#381=DIRECTION('',(-0.258819093298569,0.,0.965925813374975));
#382=DIRECTION('',(3.44169137633799E-15,2.82492947277963E-14,1.));
#383=DIRECTION('',(-1.,0.,1.66533453693773E-16));
#384=DIRECTION('',(0.,-1.,0.));
#385=DIRECTION('',(0.866025405004602,0.,0.499999997886614));
#386=DIRECTION('',(0.866025403784439,0.,-0.5));
#387=DIRECTION('',(0.5,0.,0.866025403784439));
#388=DIRECTION('',(-1.58375450696403E-14,-1.,-7.48211275404754E-15));
#389=DIRECTION('',(0.707106781173146,-5.76553413432238E-15,-0.707106781199949));
#390=DIRECTION('',(0.866025403784442,0.,-0.499999999999994));
#391=DIRECTION('',(0.5,0.,0.866025403784439));
#392=DIRECTION('',(0.,-1.,0.));
#393=DIRECTION('',(0.866025403784439,0.,-0.5));
#394=DIRECTION('',(-0.866025403784439,0.,0.5));
#395=DIRECTION('',(0.5,0.,0.866025403784439));
#396=DIRECTION('',(3.33066907387547E-16,0.,-1.));
#397=DIRECTION('',(-1.,0.,-3.33066907387547E-16));
#398=CARTESIAN_POINT('',(0.,0.,0.));
#399=CARTESIAN_POINT('',(0.0421081717565154,0.,-0.0219526602802179));
#400=CARTESIAN_POINT('',(0.0421081771509313,-0.00489121548385763,-0.021952507878884));
#401=CARTESIAN_POINT('',(0.0421173033215918,-0.0140784683594469,-0.0219459793415333));
#402=CARTESIAN_POINT('',(0.0418863277367622,-0.0272865200547462,-0.0212827366501346));
#403=CARTESIAN_POINT('',(0.0415452636524232,-0.0364639665700174,-0.0203480523299219));
#404=CARTESIAN_POINT('',(0.0410455303061992,-0.0439175654377024,-0.0190153406545195));
#405=CARTESIAN_POINT('',(0.040476389139846,-0.049200500807374,-0.0175361142240656));
#406=CARTESIAN_POINT('',(0.0398891687045752,-0.052847386459233,-0.0160616739438431));
#407=CARTESIAN_POINT('',(0.0393123462683637,-0.0553445013074334,-0.0146785714005073));
#408=CARTESIAN_POINT('',(0.0387485976643065,-0.0570628843128227,-0.0134056576721604));
#409=CARTESIAN_POINT('',(0.0381892752086936,-0.0582914137281241,-0.0122222730555423));
#410=CARTESIAN_POINT('',(0.0376002879637942,-0.0592186861059811,-0.0110546622144398));
#411=CARTESIAN_POINT('',(0.0369496311811048,-0.059894556429509,-0.00985185298158428));
#412=CARTESIAN_POINT('',(0.0361679685606907,-0.0603753500951416,-0.00848842418984492));
#413=CARTESIAN_POINT('',(0.035590720638819,-0.0605002598707675,-0.00752618924885616));
#414=CARTESIAN_POINT('',(0.0352448637286709,-0.0605,-0.00695410531610048));
#415=CARTESIAN_POINT('',(0.0426705261800639,-6.32449681730255E-22,-0.0214939030305993));
#416=CARTESIAN_POINT('',(0.0426705383272148,-0.00489197000231278,-0.0214937483544902));
#417=CARTESIAN_POINT('',(0.0426641699107137,-0.0140799768748053,-0.0214943552706252));
#418=CARTESIAN_POINT('',(0.0423877754470639,-0.0272895364434402,-0.0208490065605132));
#419=CARTESIAN_POINT('',(0.0420044156677682,-0.0364685405637891,-0.0199294331640706));
#420=CARTESIAN_POINT('',(0.0414604298567338,-0.0439242279529718,-0.018610508329403));
#421=CARTESIAN_POINT('',(0.0408518910373081,-0.0492094331123005,-0.0171414410833312));
#422=CARTESIAN_POINT('',(0.0402310768412897,-0.0528582687212095,-0.015673724354503));
#423=CARTESIAN_POINT('',(0.0396261844010338,-0.0553564824329989,-0.0142947464610363));
#424=CARTESIAN_POINT('',(0.0390390854985079,-0.0570746975434238,-0.0130243734827832));
#425=CARTESIAN_POINT('',(0.0384601317187906,-0.0583017832127047,-0.0118429580950555));
#426=CARTESIAN_POINT('',(0.037853908078401,-0.0592264792057493,-0.0106774800986263));
#427=CARTESIAN_POINT('',(0.0371881638303478,-0.0598989604803466,-0.00947764984216223));
#428=CARTESIAN_POINT('',(0.0363921479185669,-0.0603763861297903,-0.00811869623353069));
#429=CARTESIAN_POINT('',(0.0358061313511081,-0.0605002429185612,-0.00716020336593529));
#430=CARTESIAN_POINT('',(0.0354548954528468,-0.0605,-0.00659031925325593));
#431=CARTESIAN_POINT('',(0.0435494804911962,1.26489936346051E-21,-0.0207768681906228));
#432=CARTESIAN_POINT('',(0.0435494703133815,-0.00489303674189278,-0.0207767406656082));
#433=CARTESIAN_POINT('',(0.043514009620392,-0.014082099159453,-0.0207936321763827));
#434=CARTESIAN_POINT('',(0.043154445936195,-0.0272939181217274,-0.0201897358452956));
#435=CARTESIAN_POINT('',(0.0426945036329364,-0.036475501288545,-0.0193058405257769));
#436=CARTESIAN_POINT('',(0.0420717993449583,-0.0439351420590414,-0.0180202802787594));
#437=CARTESIAN_POINT('',(0.0413950692232149,-0.0492252552690471,-0.0165761102120183));
#438=CARTESIAN_POINT('',(0.0407181984028564,-0.0528788316264772,-0.0151242392415635));
#439=CARTESIAN_POINT('',(0.0400683991380746,-0.0553801259879736,-0.0137535033970564));
#440=CARTESIAN_POINT('',(0.0394457532126129,-0.0570984964912556,-0.0124861678505787));
#441=CARTESIAN_POINT('',(0.0388386040793184,-0.058322683980607,-0.0113054113426842));
#442=CARTESIAN_POINT('',(0.0382093817555006,-0.0592418586095538,-0.0101401297486716));
#443=CARTESIAN_POINT('',(0.0375254694527713,-0.0599071814039475,-0.00894174023973415));
#444=CARTESIAN_POINT('',(0.036713335291052,-0.0603779800394485,-0.0075869118572117));
#445=CARTESIAN_POINT('',(0.0361165550025551,-0.0605001981519956,-0.00663309101980891));
#446=CARTESIAN_POINT('',(0.0357574654627688,-0.0605,-0.00606625395933628));
#447=CARTESIAN_POINT('',(0.0447396255893677,-1.89734904519077E-21,-0.0198059733166198));
#448=CARTESIAN_POINT('',(0.0447395608638658,-0.00489333310306159,-0.0198058970372548));
#449=CARTESIAN_POINT('',(0.0446895485397924,-0.0140831453985426,-0.0198341031204294));
#450=CARTESIAN_POINT('',(0.0442635330993216,-0.0272974720867773,-0.0192664806982475));
#451=CARTESIAN_POINT('',(0.0437289124121284,-0.0364824292483938,-0.0184189744056281));
#452=CARTESIAN_POINT('',(0.0430135913860595,-0.0439477173349493,-0.0171742978088407));
#453=CARTESIAN_POINT('',(0.0422432022834924,-0.049245460405523,-0.015767091832181));
#454=CARTESIAN_POINT('',(0.041479644449377,-0.0529072269728375,-0.0143440692692218));
#455=CARTESIAN_POINT('',(0.040754013612578,-0.0554148623595022,-0.0129927838563383));
#456=CARTESIAN_POINT('',(0.040067166734538,-0.0571352599005865,-0.0117369017402771));
#457=CARTESIAN_POINT('',(0.0394063392472644,-0.0583563788392218,-0.0105631445894242));
#458=CARTESIAN_POINT('',(0.0387309212601764,-0.0592677733496201,-0.00940370046655723));
#459=CARTESIAN_POINT('',(0.0380077400676856,-0.0599217981159711,-0.00821325285964941));
#460=CARTESIAN_POINT('',(0.0371577525318905,-0.0603811465306422,-0.00687258485470525));
#461=CARTESIAN_POINT('',(0.0365342057646824,-0.0605000986022996,-0.00593388644454493));
#462=CARTESIAN_POINT('',(0.0361544557400352,-0.0605,-0.00537864440214681));
#463=CARTESIAN_POINT('',(0.0456283115663699,7.11505891946537E-21,-0.0190809949640977));
#464=CARTESIAN_POINT('',(0.0456282270763293,-0.00489291859082765,-0.0190809320724744));
#465=CARTESIAN_POINT('',(0.0455883261761315,-0.0140830577793769,-0.0191055724754355));
#466=CARTESIAN_POINT('',(0.0451536099338267,-0.027298998275628,-0.0185405671667205));
#467=CARTESIAN_POINT('',(0.0445915031741392,-0.0364860778779585,-0.0177024528367144));
#468=CARTESIAN_POINT('',(0.0438255267922859,-0.0439546820072337,-0.0164753866641096));
#469=CARTESIAN_POINT('',(0.0429920735542411,-0.0492567001517682,-0.0150895831972633));
#470=CARTESIAN_POINT('',(0.0421619669548887,-0.0529229561383298,-0.0136877856678824));
#471=CARTESIAN_POINT('',(0.0413722392759298,-0.0554340721015262,-0.0123552834247468));
#472=CARTESIAN_POINT('',(0.0406263052769149,-0.0571556876449723,-0.0111155092983117));
#473=CARTESIAN_POINT('',(0.0399118282876003,-0.0583753528680208,-0.00995640509471776));
#474=CARTESIAN_POINT('',(0.0391857858339171,-0.0592827846805147,-0.00881209167124121));
#475=CARTESIAN_POINT('',(0.0384140866750943,-0.0599307918887354,-0.00763928107599615));
#476=CARTESIAN_POINT('',(0.0375129897098919,-0.0603835546821242,-0.00632202686969756));
#477=CARTESIAN_POINT('',(0.0368549743416653,-0.0605000718692171,-0.00540283364798767));
#478=CARTESIAN_POINT('',(0.0364536184690703,-0.0605,-0.00486048570225865));
#479=CARTESIAN_POINT('',(0.0464995129266628,-2.65628866326707E-20,-0.0183703078849576));
#480=CARTESIAN_POINT('',(0.0464994199568519,-0.00489233322601262,-0.0183702448989509));
#481=CARTESIAN_POINT('',(0.0464798832603695,-0.0140827924913927,-0.0183845309682356));
#482=CARTESIAN_POINT('',(0.0460566555049991,-0.0273003063329232,-0.0178083344772282));
#483=CARTESIAN_POINT('',(0.0454816783531624,-0.0364893602434578,-0.0169690917742431));
#484=CARTESIAN_POINT('',(0.0446760534945874,-0.0439608908975774,-0.0157508453715012));
#485=CARTESIAN_POINT('',(0.0437857256189997,-0.0492664968020373,-0.0143805389571009));
#486=CARTESIAN_POINT('',(0.0428912937973496,-0.0529363184385799,-0.0129969099979547));
#487=CARTESIAN_POINT('',(0.0420367285215388,-0.055449994081141,-0.0116827529949206));
#488=CARTESIAN_POINT('',(0.0412287498924668,-0.0571722623336257,-0.01046091377363));
#489=CARTESIAN_POINT('',(0.0404560591648929,-0.0583905092182301,-0.00931985669313182));
#490=CARTESIAN_POINT('',(0.0396732716809519,-0.0592946793863056,-0.00819520623110604));
#491=CARTESIAN_POINT('',(0.0388450951497689,-0.0599379860126949,-0.00704533306343244));
#492=CARTESIAN_POINT('',(0.0378828673111693,-0.060385639082823,-0.00575718049784616));
#493=CARTESIAN_POINT('',(0.0371838502802681,-0.0605000756021397,-0.00486054684893859));
#494=CARTESIAN_POINT('',(0.0367588053020448,-0.0605,-0.00433186288575969));
#495=CARTESIAN_POINT('',(0.0472948906565918,9.21531890421126E-20,-0.0177213774633306));
#496=CARTESIAN_POINT('',(0.0472948002571677,-0.0048920096254053,-0.017721302439376));
#497=CARTESIAN_POINT('',(0.0472954730570858,-0.0140829104526715,-0.0177235014389863));
#498=CARTESIAN_POINT('',(0.0468866870432186,-0.0273019256507864,-0.017130546937076));
#499=CARTESIAN_POINT('',(0.0463038087012383,-0.0364927395256504,-0.0162841605407866));
#500=CARTESIAN_POINT('',(0.0454664284860419,-0.0439667364131961,-0.015067250427464));
#501=CARTESIAN_POINT('',(0.0445282611138506,-0.0492751595877668,-0.0137050296962921));
#502=CARTESIAN_POINT('',(0.0435782003070397,-0.0529475199181162,-0.0123333861015527));
#503=CARTESIAN_POINT('',(0.0426663101980177,-0.0554627252988978,-0.0110332814280279));
#504=CARTESIAN_POINT('',(0.0418023914882182,-0.0571849910014565,-0.00982702142786014));
#505=CARTESIAN_POINT('',(0.0409763654656818,-0.0584017885928576,-0.00870298824935848));
#506=CARTESIAN_POINT('',(0.0401408739267745,-0.0593033381259643,-0.00759763225429355));
#507=CARTESIAN_POINT('',(0.0392596066095202,-0.0599432036427537,-0.00647026738931467));
#508=CARTESIAN_POINT('',(0.038239814049472,-0.0603872194566479,-0.00520962199928089));
#509=CARTESIAN_POINT('',(0.0375029777243481,-0.0605000904033102,-0.00433284617671865));
#510=CARTESIAN_POINT('',(0.0370571959538276,-0.0605,-0.00381511871614692));
#511=CARTESIAN_POINT('',(0.0479599578930917,-4.36796148831569E-18,-0.0171790553066708));
#512=CARTESIAN_POINT('',(0.0479598826036869,-0.00489206609404106,-0.0171789565406296));
#513=CARTESIAN_POINT('',(0.0479716177188031,-0.0140835312777777,-0.0171735519372586));
#514=CARTESIAN_POINT('',(0.0475666688973845,-0.0273039753702064,-0.0165678870567802));
#515=CARTESIAN_POINT('',(0.0469739138330758,-0.0364963558476552,-0.0157135817812089));
#516=CARTESIAN_POINT('',(0.0461111237325662,-0.0439723882318542,-0.0144923099114362));
#517=CARTESIAN_POINT('',(0.0451371255137029,-0.0492828431284386,-0.0131296140588919));
#518=CARTESIAN_POINT('',(0.0441457774107683,-0.0529566550118539,-0.0117609705390148));
#519=CARTESIAN_POINT('',(0.0431910627025956,-0.0554723142040781,-0.0104670350636454));
#520=CARTESIAN_POINT('',(0.0422849359472603,-0.0571939359653451,-0.0092699594933251));
#521=CARTESIAN_POINT('',(0.0414183414088237,-0.0584092956543486,-0.00815755360289049));
#522=CARTESIAN_POINT('',(0.0405425428247508,-0.0593088782580957,-0.00706626269163862));
#523=CARTESIAN_POINT('',(0.0396206222322783,-0.0599464942962824,-0.00595548582888862));
#524=CARTESIAN_POINT('',(0.0385571546601794,-0.0603882389269532,-0.0047143481784731));
#525=CARTESIAN_POINT('',(0.0377924478362424,-0.0605001033785845,-0.003850436571945));
#526=CARTESIAN_POINT('',(0.0373319480722589,-0.0605,-0.00333898788108606));
#527=CARTESIAN_POINT('',(0.048471906077672,-6.72169532235161E-19,-0.0167610144525827));
#528=CARTESIAN_POINT('',(0.0484718493806441,-0.00489233659439301,-0.0167608915820599));
#529=CARTESIAN_POINT('',(0.0484847271167234,-0.0140843766706317,-0.0167539239381959));
#530=CARTESIAN_POINT('',(0.0480707974410989,-0.0273060325261426,-0.0161440520041253));
#531=CARTESIAN_POINT('',(0.0474639849406441,-0.0364996384643171,-0.0152854470441058));
#532=CARTESIAN_POINT('',(0.046579712617102,-0.0439771211240991,-0.0140591828808868));
#533=CARTESIAN_POINT('',(0.0455798814878201,-0.049288808185832,-0.0126923145404156));
#534=CARTESIAN_POINT('',(0.0445603228146774,-0.0529632316042043,-0.0113217126375526));
#535=CARTESIAN_POINT('',(0.0435768654066168,-0.0554787497864424,-0.0100287685423286));
#536=CARTESIAN_POINT('',(0.0426426539209608,-0.057199621333331,-0.00883564318657309));
#537=CARTESIAN_POINT('',(0.0417493194150663,-0.0584139190944237,-0.00772930050652783));
#538=CARTESIAN_POINT('',(0.0408473257926225,-0.0593122712130411,-0.00664563272562661));
#539=CARTESIAN_POINT('',(0.0398996873652332,-0.0599485615667147,-0.00554345981559131));
#540=CARTESIAN_POINT('',(0.0388098584089673,-0.0603889185774331,-0.00431123387117));
#541=CARTESIAN_POINT('',(0.0380297398415334,-0.0605001122260543,-0.00345167158838553));
#542=CARTESIAN_POINT('',(0.0375617842901058,-0.0605,-0.00294133842323722));
#543=CARTESIAN_POINT('',(0.0488637500876028,7.76313785547668E-20,-0.0164422023892966));
#544=CARTESIAN_POINT('',(0.0488637406021904,-0.00489274278984402,-0.0164420215427758));
#545=CARTESIAN_POINT('',(0.0488731795366335,-0.0140853787378751,-0.0164360349560127));
#546=CARTESIAN_POINT('',(0.0484486342352756,-0.0273081939963124,-0.015822185845098));
#547=CARTESIAN_POINT('',(0.0478319349024861,-0.0365028547253276,-0.014955617745536));
#548=CARTESIAN_POINT('',(0.0469358327133581,-0.0439811983070659,-0.013716698683832));
#549=CARTESIAN_POINT('',(0.0459218086059279,-0.0492928810528889,-0.012337084264689));
#550=CARTESIAN_POINT('',(0.0448853824273124,-0.0529663087334097,-0.0109576574322418));
#551=CARTESIAN_POINT('',(0.043883416464759,-0.0554803928193228,-0.00966137086302037));
#552=CARTESIAN_POINT('',(0.0429301355392356,-0.0572001241999905,-0.00846983479147406));
#553=CARTESIAN_POINT('',(0.0420179795673072,-0.0584138978225727,-0.00736802453106793));
#554=CARTESIAN_POINT('',(0.0410970695345831,-0.0593122396529158,-0.00629043571526673));
#555=CARTESIAN_POINT('',(0.0401306394931714,-0.0599487554792821,-0.00519460656458183));
#556=CARTESIAN_POINT('',(0.0390219792829179,-0.0603891490487701,-0.00396764506426249));
#557=CARTESIAN_POINT('',(0.0382318073855728,-0.0605001218090637,-0.00310907106088817));
#558=CARTESIAN_POINT('',(0.0377596142668677,-0.0605,-0.0025977670117002));
#559=CARTESIAN_POINT('',(0.0492854498772159,3.0988976564625E-19,-0.0160949691252297));
#560=CARTESIAN_POINT('',(0.0492854720872478,-0.0048932490469102,-0.0160947563040413));
#561=CARTESIAN_POINT('',(0.0492802173257015,-0.0140865456401387,-0.0160977801666785));
#562=CARTESIAN_POINT('',(0.0488214580994337,-0.027310494017131,-0.0154964218286608));
#563=CARTESIAN_POINT('',(0.0481772788187079,-0.0365060400738881,-0.014634330383488));
#564=CARTESIAN_POINT('',(0.0472554955647121,-0.0439849235355775,-0.0133934382666604));
#565=CARTESIAN_POINT('',(0.046218561163383,-0.0492964495647374,-0.0120096169830788));
#566=CARTESIAN_POINT('',(0.0451610481169566,-0.0529693493390259,-0.0106277376592073));
#567=CARTESIAN_POINT('',(0.0441401105939577,-0.0554830967894878,-0.0093314315372489));
#568=CARTESIAN_POINT('',(0.0431703779738199,-0.057202874233512,-0.00814103633585029));
#569=CARTESIAN_POINT('',(0.0422444577360703,-0.0584167777215182,-0.00703990188287978));
#570=CARTESIAN_POINT('',(0.0413121743340119,-0.0593149863361879,-0.00596152334494135));
#571=CARTESIAN_POINT('',(0.0403376670964209,-0.0599507709880693,-0.00486215635369627));
#572=CARTESIAN_POINT('',(0.0392251491170456,-0.0603898696298967,-0.00362724629542412));
#573=CARTESIAN_POINT('',(0.0384368721438878,-0.060500121421078,-0.00275954292244426));
#574=CARTESIAN_POINT('',(0.0379674044818718,-0.0605,-0.00224136132068608));
#575=CARTESIAN_POINT('',(0.0497418141083843,-2.08693015459025E-18,-0.015695470463116));
#576=CARTESIAN_POINT('',(0.0497418384117948,-0.00489383618241236,-0.0156952484448791));
#577=CARTESIAN_POINT('',(0.049717410723258,-0.0140878338916468,-0.0157118863393881));
#578=CARTESIAN_POINT('',(0.0492155190275522,-0.0273129345511855,-0.015131531849892));
#579=CARTESIAN_POINT('',(0.0485369293009242,-0.036509318985154,-0.0142802024127557));
#580=CARTESIAN_POINT('',(0.0475838474578747,-0.0439887116857751,-0.0130429009170241));
#581=CARTESIAN_POINT('',(0.0465216288646164,-0.0493004370910897,-0.0116585704223275));
#582=CARTESIAN_POINT('',(0.0454445246584289,-0.0529736755039464,-0.0102744774611659));
#583=CARTESIAN_POINT('',(0.0444092935256499,-0.0554879934495807,-0.00897431192212598));
#584=CARTESIAN_POINT('',(0.0434300538397421,-0.0572081676525536,-0.00777777461975207));
#585=CARTESIAN_POINT('',(0.0424987485190919,-0.0584218707541198,-0.00666808384969114));
#586=CARTESIAN_POINT('',(0.0415648082753281,-0.0593191423745065,-0.00557839493631293));
#587=CARTESIAN_POINT('',(0.0405931792677228,-0.059953299710418,-0.00446416281892943));
#588=CARTESIAN_POINT('',(0.0394890450215453,-0.0603905500294909,-0.00320900910137107));
#589=CARTESIAN_POINT('',(0.0387102254430303,-0.0605001148589421,-0.00232445547321615));
#590=CARTESIAN_POINT('',(0.038247261528114,-0.0605,-0.00179534748829053));
#591=CARTESIAN_POINT('',(0.0502604275410158,2.23211603350702E-18,-0.0152152993592364));
#592=CARTESIAN_POINT('',(0.050260390755515,-0.00489464254939021,-0.0152151412509133));
#593=CARTESIAN_POINT('',(0.0502120723382708,-0.0140894253538153,-0.0152498526491625));
#594=CARTESIAN_POINT('',(0.0496560456191458,-0.0273155955470014,-0.0147009301415398));
#595=CARTESIAN_POINT('',(0.0489330844736912,-0.0365127316692551,-0.0138706559028432));
#596=CARTESIAN_POINT('',(0.0479404544758645,-0.0439931263722285,-0.0126476115886798));
#597=CARTESIAN_POINT('',(0.0468507990828262,-0.0493065412697003,-0.0112679951875089));
#598=CARTESIAN_POINT('',(0.0457580495078926,-0.0529818884792132,-0.00987890341126214));
#599=CARTESIAN_POINT('',(0.0447164304096317,-0.0554977789542872,-0.0085658047197033));
#600=CARTESIAN_POINT('',(0.0437378581992871,-0.0572181307195264,-0.00735069500153791));
#601=CARTESIAN_POINT('',(0.0428124506840934,-0.0584305665847413,-0.00621919703520673));
#602=CARTESIAN_POINT('',(0.041889102221207,-0.0593254693912343,-0.00510478770676536));
#603=CARTESIAN_POINT('',(0.0409333222855914,-0.0599567149474509,-0.00396258617929854));
#604=CARTESIAN_POINT('',(0.0398515214875392,-0.0603913141707262,-0.00267378459808355));
#605=CARTESIAN_POINT('',(0.0390908260902743,-0.0605001060527072,-0.00176415462630832));
#606=CARTESIAN_POINT('',(0.0386389920634119,-0.0605,-0.00121963450422018));
#607=CARTESIAN_POINT('',(0.0507858907280874,-7.02088897199745E-19,-0.0146933664028189));
#608=CARTESIAN_POINT('',(0.0507857801852089,-0.00489537499627596,-0.0146933091812981));
#609=CARTESIAN_POINT('',(0.0507181021500306,-0.0140905682705022,-0.0147448959597341));
#610=CARTESIAN_POINT('',(0.050114872806767,-0.0273171387430902,-0.0142314425601868));
#611=CARTESIAN_POINT('',(0.0493532007184798,-0.0365150603874913,-0.013427347203218));
#612=CARTESIAN_POINT('',(0.048329155683511,-0.0439976552907295,-0.0122207717090743));
#613=CARTESIAN_POINT('',(0.0472222820404939,-0.0493146287531627,-0.0108421334286619));
#614=CARTESIAN_POINT('',(0.0461247738498607,-0.0529936063970114,-0.00943996365224854));
#615=CARTESIAN_POINT('',(0.0450873952218028,-0.0555116428447392,-0.00810409278686824));
#616=CARTESIAN_POINT('',(0.0441195463187142,-0.0572317567559138,-0.00686074768915899));
#617=CARTESIAN_POINT('',(0.0432093627779349,-0.0584419602738935,-0.00569906033136095));
#618=CARTESIAN_POINT('',(0.0423053850038374,-0.0593333574337719,-0.00455293725409585));
#619=CARTESIAN_POINT('',(0.0413733425686464,-0.059960742389603,-0.00337756622717117));
#620=CARTESIAN_POINT('',(0.0403206964126749,-0.0603921241226537,-0.00205170596139915));
#621=CARTESIAN_POINT('',(0.0395808492161375,-0.0605000952540149,-0.00111651428150865));
#622=CARTESIAN_POINT('',(0.0391409085384764,-0.0605,-0.000556950063700967));
#623=CARTESIAN_POINT('',(0.0512942777766324,4.03639265250389E-19,-0.0141529282821452));
#624=CARTESIAN_POINT('',(0.0512942105274542,-0.00489492674748229,-0.0141528281332212));
#625=CARTESIAN_POINT('',(0.0512298480643281,-0.0140894734284903,-0.014209291817093));
#626=CARTESIAN_POINT('',(0.0506411942572186,-0.027316124918279,-0.0136909459051987));
#627=CARTESIAN_POINT('',(0.0498921529131216,-0.036515049092714,-0.0128771509355769));
#628=CARTESIAN_POINT('',(0.0488772170957266,-0.0439997840272063,-0.0116581961531237));
#629=CARTESIAN_POINT('',(0.0477741987219986,-0.0493197378762261,-0.0102673420554792));
#630=CARTESIAN_POINT('',(0.0466775215887159,-0.0530017761335356,-0.00885257540181702));
#631=CARTESIAN_POINT('',(0.0456403716565043,-0.055521915211346,-0.00750303970447048));
#632=CARTESIAN_POINT('',(0.0446739114081293,-0.0572423799748384,-0.00624495409193596));
#633=CARTESIAN_POINT('',(0.0437670169769168,-0.0584512727951921,-0.00506820376185231));
#634=CARTESIAN_POINT('',(0.0428684731538496,-0.0593401449204932,-0.00390673701297608));
#635=CARTESIAN_POINT('',(0.0419441861444893,-0.0599644184242509,-0.00271602690222866));
#636=CARTESIAN_POINT('',(0.0409013942673523,-0.0603929555312443,-0.00137419326070375));
#637=CARTESIAN_POINT('',(0.0401679721875989,-0.0605000858043757,-0.000429159984163892));
#638=CARTESIAN_POINT('',(0.0397309103901698,-0.0605,0.000135628274703912));
#639=CARTESIAN_POINT('',(0.0517729545910671,-1.96269685718566E-19,-0.013609089899328));
#640=CARTESIAN_POINT('',(0.0517729071155409,-0.00489300757512539,-0.0136089760020853));
#641=CARTESIAN_POINT('',(0.0517455127232317,-0.0140863857109915,-0.0136427155686795));
#642=CARTESIAN_POINT('',(0.0512349186492113,-0.0273128559399627,-0.0130706435339251));
#643=CARTESIAN_POINT('',(0.0505413655331908,-0.0365121710105642,-0.0122176228890124));
#644=CARTESIAN_POINT('',(0.0495638671822613,-0.0439978288853873,-0.0109718955108737));
#645=CARTESIAN_POINT('',(0.0484768547023099,-0.0493192244970462,-0.00956925986574094));
#646=CARTESIAN_POINT('',(0.0473814872171627,-0.0530029948543627,-0.00815255325753407));
#647=CARTESIAN_POINT('',(0.046337632083359,-0.0555246917987362,-0.00680595988020837));
#648=CARTESIAN_POINT('',(0.0453611645575908,-0.05724605336602,-0.00555250347755597));
#649=CARTESIAN_POINT('',(0.0444438209477845,-0.0584550228975664,-0.00438055556098816));
#650=CARTESIAN_POINT('',(0.0435350981789935,-0.0593432452686985,-0.00322389984871326));
#651=CARTESIAN_POINT('',(0.042601314130661,-0.0599663111624178,-0.00203813920026756));
#652=CARTESIAN_POINT('',(0.041549015469528,-0.060393481545607,-0.000702053828481873));
#653=CARTESIAN_POINT('',(0.040809513487604,-0.0605000831566108,0.000238679320132102));
#654=CARTESIAN_POINT('',(0.040368761434268,-0.0605,0.000800770108491101));
#655=CARTESIAN_POINT('',(0.0522384029757797,3.81439477623874E-19,-0.0130442055642537));
#656=CARTESIAN_POINT('',(0.0522384026720937,-0.00489057529218942,-0.0130439324962109));
#657=CARTESIAN_POINT('',(0.0522594031478891,-0.0140822070474171,-0.0130408960632237));
#658=CARTESIAN_POINT('',(0.051834506727371,-0.0273076647720926,-0.0124135805328043));
#659=CARTESIAN_POINT('',(0.0511990496070679,-0.0365068194531754,-0.0115268023083916));
#660=CARTESIAN_POINT('',(0.0502613250772256,-0.043992701306925,-0.0102628134511892));
#661=CARTESIAN_POINT('',(0.0491932906362564,-0.0493147035663229,-0.00885755796636529));
#662=CARTESIAN_POINT('',(0.0481023905014451,-0.0529994667341031,-0.00744821569148458));
#663=CARTESIAN_POINT('',(0.0470547329381869,-0.0555223719759003,-0.00611356931018671));
#664=CARTESIAN_POINT('',(0.046070702370155,-0.0572448703496893,-0.0048730895433014));
#665=CARTESIAN_POINT('',(0.0451449102506339,-0.0584546769987096,-0.00371339483700779));
#666=CARTESIAN_POINT('',(0.0442277444384976,-0.0593433879055378,-0.00256829187640656));
#667=CARTESIAN_POINT('',(0.0432861284752102,-0.0599665638052964,-0.00139343789752201));
#668=CARTESIAN_POINT('',(0.0422264367776315,-0.0603935972195932,-6.8611565768751E-5));
#669=CARTESIAN_POINT('',(0.0414828696846576,-0.0605000822134019,0.000864867917824957));
#670=CARTESIAN_POINT('',(0.041040019124185,-0.0605,0.00142280475420694));
#671=CARTESIAN_POINT('',(0.0527052361296363,-1.32948822477693E-18,-0.0124366674519525));
#672=CARTESIAN_POINT('',(0.0527051018546174,-0.00488943865902917,-0.0124366260841702));
#673=CARTESIAN_POINT('',(0.0527655414130525,-0.014079203539081,-0.0123883190043076));
#674=CARTESIAN_POINT('',(0.0524100277748306,-0.0272996564284569,-0.0117050195252826));
#675=CARTESIAN_POINT('',(0.0518177356946738,-0.0364949100591002,-0.0108001140006557));
#676=CARTESIAN_POINT('',(0.0509048122624457,-0.0439782872714992,-0.00954642159101215));
#677=CARTESIAN_POINT('',(0.0498450285302219,-0.0492999414596701,-0.00816807356615528));
#678=CARTESIAN_POINT('',(0.0487532772773253,-0.0529861595617989,-0.00679048562393412));
#679=CARTESIAN_POINT('',(0.0477014181762392,-0.0555116046521277,-0.00548526559002879));
#680=CARTESIAN_POINT('',(0.0467137005654275,-0.0572369564567106,-0.00426843181699609));
#681=CARTESIAN_POINT('',(0.0457868107818375,-0.0584493563849211,-0.00312616242659934));
#682=CARTESIAN_POINT('',(0.0448719900973618,-0.0593402630072585,-0.00199342218780679));
#683=CARTESIAN_POINT('',(0.0439375232490355,-0.0599650945121533,-0.000825902857040335));
#684=CARTESIAN_POINT('',(0.0428913341734561,-0.0603932937632117,0.000495759188668534));
#685=CARTESIAN_POINT('',(0.0421611406116245,-0.0605000821101852,0.00143012923290849));
#686=CARTESIAN_POINT('',(0.0417273006428156,-0.0605,0.0019892097800633));
#687=CARTESIAN_POINT('',(0.0531548261209684,1.61718255632087E-19,-0.0118075671870928));
#688=CARTESIAN_POINT('',(0.0531547089893438,-0.00489025587496363,-0.011807583750246));
#689=CARTESIAN_POINT('',(0.0532060577668557,-0.0140794891304191,-0.0117562505533162));
#690=CARTESIAN_POINT('',(0.0528492673728919,-0.0272947369908266,-0.0110673719295788));
#691=CARTESIAN_POINT('',(0.0522647152313984,-0.0364835254051558,-0.0101681448865301));
#692=CARTESIAN_POINT('',(0.0513640231416476,-0.0439606722843624,-0.0089414406960236));
#693=CARTESIAN_POINT('',(0.0503144756883705,-0.0492798067826454,-0.00760418810776617));
#694=CARTESIAN_POINT('',(0.0492307721325873,-0.0529671906604269,-0.0062678043003691));
#695=CARTESIAN_POINT('',(0.0481874488850499,-0.0554957904781097,-0.00499529055224208));
#696=CARTESIAN_POINT('',(0.0472113133651076,-0.0572248632232747,-0.00380014996550388));
#697=CARTESIAN_POINT('',(0.0462999958276356,-0.0584407982680432,-0.00267017654938443));
#698=CARTESIAN_POINT('',(0.0454056271198428,-0.0593349275306339,-0.00154254108471777));
#699=CARTESIAN_POINT('',(0.0444980226058913,-0.0599624599934584,-0.000373400597679596));
#700=CARTESIAN_POINT('',(0.0434881990627875,-0.0603927350646463,0.00095592294269756));
#701=CARTESIAN_POINT('',(0.0427877859649601,-0.0605000853875472,0.0018988637078966));
#702=CARTESIAN_POINT('',(0.0423728856158814,-0.0605,0.00246353249701646));
#703=CARTESIAN_POINT('',(0.0535596615694537,3.2848835204036E-19,-0.0111924838991095));
#704=CARTESIAN_POINT('',(0.0535595503397656,-0.00489147843531885,-0.0111925035804472));
#705=CARTESIAN_POINT('',(0.053587216464303,-0.0140801805912851,-0.0111595331455909));
#706=CARTESIAN_POINT('',(0.0531944510879069,-0.027292415987221,-0.0105172447260782));
#707=CARTESIAN_POINT('',(0.0525929627203867,-0.0364775804527537,-0.00965739560387978));
#708=CARTESIAN_POINT('',(0.0516920827826802,-0.0439502487280073,-0.00846906584677336));
#709=CARTESIAN_POINT('',(0.0506542943327718,-0.0492657847110618,-0.00716669830539753));
#710=CARTESIAN_POINT('',(0.0495867089085709,-0.0529517994903239,-0.00586158315021922));
#711=CARTESIAN_POINT('',(0.0485600551485178,-0.0554813023039871,-0.00461483259114878));
#712=CARTESIAN_POINT('',(0.0476007445078798,-0.0572127963483701,-0.00343856094771377));
#713=CARTESIAN_POINT('',(0.0467072588900853,-0.0584317322699361,-0.00232096812800117));
#714=CARTESIAN_POINT('',(0.0458333428139862,-0.0593290091142547,-0.00120044677676591));
#715=CARTESIAN_POINT('',(0.0449508039608448,-0.0599594306951281,-3.31553519398478E-5));
#716=CARTESIAN_POINT('',(0.0439743918015748,-0.0603920536330684,0.00129916960081241));
#717=CARTESIAN_POINT('',(0.0433016590470079,-0.0605000886922638,0.00224728618835508));
#718=CARTESIAN_POINT('',(0.0429047315733643,-0.0605,0.00281565714229));
#719=CARTESIAN_POINT('',(0.0538497126642931,-3.51242700410769E-19,-0.0107251015926945));
#720=CARTESIAN_POINT('',(0.0538496047206562,-0.00489218088897384,-0.0107251115251942));
#721=CARTESIAN_POINT('',(0.0538609390867167,-0.0140804527554294,-0.0107084602173219));
#722=CARTESIAN_POINT('',(0.0534428300224328,-0.0272913170652617,-0.0101082341604855));
#723=CARTESIAN_POINT('',(0.0528293148659028,-0.0364750190254284,-0.00928236405819515));
#724=CARTESIAN_POINT('',(0.0519295816664086,-0.0439452482804573,-0.00812201819071449));
#725=CARTESIAN_POINT('',(0.0509044402595842,-0.0492573746479477,-0.00683988598736043));
#726=CARTESIAN_POINT('',(0.0498549529930287,-0.0529403845989804,-0.00555198535612625));
#727=CARTESIAN_POINT('',(0.0488463602235914,-0.0554687742048463,-0.0043218011008188));
#728=CARTESIAN_POINT('',(0.0479021426215378,-0.0572014361485044,-0.00316128638781998));
#729=CARTESIAN_POINT('',(0.04702063737086,-0.0584229346911732,-0.0020576823202484));
#730=CARTESIAN_POINT('',(0.0461570226876172,-0.0593233439621746,-0.000949393500153276));
#731=CARTESIAN_POINT('',(0.0452846832682521,-0.0599566838337948,0.000207785154498984));
#732=CARTESIAN_POINT('',(0.0443213893819962,-0.0603915105493228,0.00153156924170699));
#733=CARTESIAN_POINT('',(0.0436604220199849,-0.0605000917938581,0.00247573218203365));
#734=CARTESIAN_POINT('',(0.0432718736715601,-0.0605,0.00304235791272329));
#735=CARTESIAN_POINT('',(0.0540758757652582,-4.23021831387329E-19,-0.0103387970281678));
#736=CARTESIAN_POINT('',(0.0540757440686995,-0.00489231513715534,-0.010338797426047));
#737=CARTESIAN_POINT('',(0.0540753646276994,-0.014079681684953,-0.010340278747035));
#738=CARTESIAN_POINT('',(0.0536376945506155,-0.0272895022872088,-0.00978404342028668));
#739=CARTESIAN_POINT('',(0.0530129144552261,-0.0364727269484849,-0.00899347887624201));
#740=CARTESIAN_POINT('',(0.0521094283984588,-0.0439422774715645,-0.00786307418421379));
#741=CARTESIAN_POINT('',(0.0510879331749481,-0.0492529758039451,-0.00660281514517987));
#742=CARTESIAN_POINT('',(0.0500464075338234,-0.0529342681362679,-0.00533209599965951));
#743=CARTESIAN_POINT('',(0.0490469323003215,-0.0554616080922468,-0.00411683518746782));
#744=CARTESIAN_POINT('',(0.0481109652809932,-0.0571944546304922,-0.0029697910180692));
#745=CARTESIAN_POINT('',(0.0472363263499896,-0.0584171245428434,-0.00187812521232519));
#746=CARTESIAN_POINT('',(0.046378816075178,-0.0593192783280267,-0.000780512050519855));
#747=CARTESIAN_POINT('',(0.0455127495030576,-0.0599544999340114,0.000367484256749281));
#748=CARTESIAN_POINT('',(0.044557981310013,-0.0603909705625148,0.00168323325627059));
#749=CARTESIAN_POINT('',(0.0439052361475001,-0.0605000913224187,0.0026236548910724));
#750=CARTESIAN_POINT('',(0.0435229098923826,-0.0605,0.00318876750532511));
#751=CARTESIAN_POINT('',(0.054242473681654,-4.16539232869356E-20,-0.0100486876008525));
#752=CARTESIAN_POINT('',(0.054242360956836,-0.00489217061754011,-0.0100486432664049));
#753=CARTESIAN_POINT('',(0.0542392726584463,-0.0140792861039864,-0.0100564049000779));
#754=CARTESIAN_POINT('',(0.0538006171851742,-0.0272887969625675,-0.00951499617569236));
#755=CARTESIAN_POINT('',(0.0531790003278793,-0.0364714380018427,-0.00873566940136927));
#756=CARTESIAN_POINT('',(0.0522844549247958,-0.0439392631010197,-0.00761438866828502));
#757=CARTESIAN_POINT('',(0.0512764006733382,-0.049247032975291,-0.00636176661640382));
#758=CARTESIAN_POINT('',(0.0502499305497816,-0.0529253342837244,-0.0050999659110929));
#759=CARTESIAN_POINT('',(0.0492637564294433,-0.0554511031275551,-0.00389626698486177));
#760=CARTESIAN_POINT('',(0.0483366953807559,-0.0571845471701919,-0.002763211804591));
#761=CARTESIAN_POINT('',(0.0474659096232195,-0.0584093785017847,-0.00168666212561561));
#762=CARTESIAN_POINT('',(0.0466077793170438,-0.0593144144427601,-0.000604998479274636));
#763=CARTESIAN_POINT('',(0.0457370325670121,-0.0599523120208727,0.000526383985018967));
#764=CARTESIAN_POINT('',(0.0447748898165239,-0.0603906251413577,0.00182386040076292));
#765=CARTESIAN_POINT('',(0.044117305209177,-0.060500092837367,0.00275220222173558));
#766=CARTESIAN_POINT('',(0.0437332075455272,-0.0605,0.00331071805546803));
#767=CARTESIAN_POINT('',(0.0544849043334234,1.70668394694231E-20,-0.00962968083852888));
#768=CARTESIAN_POINT('',(0.0544847959431969,-0.00489176377177871,-0.0096296158547814));
#769=CARTESIAN_POINT('',(0.0544817833892637,-0.0140782024209175,-0.00964168065755881));
#770=CARTESIAN_POINT('',(0.0540466594637531,-0.0272867808792659,-0.00911593277864142));
#771=CARTESIAN_POINT('',(0.0534299683299901,-0.0364684822379135,-0.00835291799855269));
#772=CARTESIAN_POINT('',(0.0525426527249889,-0.043934612793421,-0.00725139531111536));
#773=CARTESIAN_POINT('',(0.051543103901317,-0.0492398852127996,-0.00601970831254723));
#774=CARTESIAN_POINT('',(0.0505253361836152,-0.0529156042244649,-0.00477971036574557));
#775=CARTESIAN_POINT('',(0.0495466325596416,-0.0554398275243317,-0.00359839373992084));
#776=CARTESIAN_POINT('',(0.0486243342432272,-0.0571735747799682,-0.0024879168636025));
#777=CARTESIAN_POINT('',(0.0477549332124698,-0.0584003195281446,-0.00143346281421006));
#778=CARTESIAN_POINT('',(0.0468948381588831,-0.0593082677309169,-0.000373866676719321));
#779=CARTESIAN_POINT('',(0.0460186985427883,-0.0599492494606053,0.000735305748867845));
#780=CARTESIAN_POINT('',(0.0450484801960748,-0.0603900148942607,0.00200873472189814));
#781=CARTESIAN_POINT('',(0.0443854141069837,-0.0605000958404497,0.00292115662550847));
#782=CARTESIAN_POINT('',(0.0439991636962571,-0.0605,0.00347080806057907));
#783=CARTESIAN_POINT('',(0.0548768495937709,1.62001263610474E-20,-0.00895019291392785));
#784=CARTESIAN_POINT('',(0.0548767530309624,-0.00489069264129012,-0.00895011031051742));
#785=CARTESIAN_POINT('',(0.0548843949354194,-0.0140761468782583,-0.00895598037548854));
#786=CARTESIAN_POINT('',(0.0544727372598505,-0.0272832574267399,-0.0084326235166343));
#787=CARTESIAN_POINT('',(0.053874289142376,-0.0364632744546571,-0.00768255458240549));
#788=CARTESIAN_POINT('',(0.0530025773652314,-0.0439264430296663,-0.00660750490335795));
#789=CARTESIAN_POINT('',(0.0520147431133024,-0.0492276498129948,-0.00541129208457715));
#790=CARTESIAN_POINT('',(0.0510054675949062,-0.0528993291395416,-0.00421198891510455));
#791=CARTESIAN_POINT('',(0.050031821184085,-0.0554211545943404,-0.00307369476144077));
#792=CARTESIAN_POINT('',(0.0491100033036907,-0.0571553583157647,-0.00200682443824411));
#793=CARTESIAN_POINT('',(0.0482358146437536,-0.0583851311334357,-0.000995183824553101));
#794=CARTESIAN_POINT('',(0.0473652510833149,-0.0592978138994355,2.13057520231974E-5));
#795=CARTESIAN_POINT('',(0.0464720983557296,-0.0599439676347346,0.00108641318602557));
#796=CARTESIAN_POINT('',(0.0454779961257683,-0.0603889515446909,0.00231108174663544));
#797=CARTESIAN_POINT('',(0.044797003084562,-0.060500102735625,0.00319017590618683));
#798=CARTESIAN_POINT('',(0.044401340120361,-0.0605,0.00372077088113363));
#799=CARTESIAN_POINT('',(0.0555378038758587,-5.43557504906164E-19,-0.00780600545578177));
#800=CARTESIAN_POINT('',(0.055537704152898,-0.0048885871227335,-0.00780593963497543));
#801=CARTESIAN_POINT('',(0.0555769588468803,-0.0140723294457494,-0.00778185822913766));
#802=CARTESIAN_POINT('',(0.0552221690030652,-0.027276616550657,-0.00723652675431119));
#803=CARTESIAN_POINT('',(0.0546595770959275,-0.0364537053510674,-0.0064981211857158));
#804=CARTESIAN_POINT('',(0.0538071206466454,-0.0439126386065465,-0.00547083305318782));
#805=CARTESIAN_POINT('',(0.0528223042245352,-0.0492087516888031,-0.00434656732807772));
#806=CARTESIAN_POINT('',(0.0518058931309496,-0.0528755882105123,-0.00323072962786003));
#807=CARTESIAN_POINT('',(0.050819312049115,-0.055394435930898,-0.0021784369572316));
#808=CARTESIAN_POINT('',(0.0498801433387581,-0.0571289870863203,-0.00119575508558897));
#809=CARTESIAN_POINT('',(0.0489841196182847,-0.0583624514403714,-0.00026470307768131));
#810=CARTESIAN_POINT('',(0.0480856909372995,-0.0592814386813747,0.000671861255265824));
#811=CARTESIAN_POINT('',(0.0471563344675516,-0.0599351572222315,0.00165591515858247));
#812=CARTESIAN_POINT('',(0.0461144820729342,-0.0603869473616182,0.00279095818611532));
#813=CARTESIAN_POINT('',(0.0453968419224708,-0.0605001143038959,0.00360828295015525));
#814=CARTESIAN_POINT('',(0.0449801030599554,-0.0605,0.00410294930575376));
#815=CARTESIAN_POINT('',(0.05651504939706,-2.00800084041908E-19,-0.006112949271344));
#816=CARTESIAN_POINT('',(0.0565149724471591,-0.00488769343728404,-0.00611289824837677));
#817=CARTESIAN_POINT('',(0.0565948345944961,-0.0140701252620334,-0.00603238588947347));
#818=CARTESIAN_POINT('',(0.0563032722673684,-0.0272695732583606,-0.00544113366802722));
#819=CARTESIAN_POINT('',(0.0557744010600453,-0.0364410721047245,-0.00471577772795418));
#820=CARTESIAN_POINT('',(0.0549312306309104,-0.0438924457287086,-0.00376229173975419));
#821=CARTESIAN_POINT('',(0.0539344811763791,-0.049180417672346,-0.00275318618377154));
#822=CARTESIAN_POINT('',(0.0528933158516979,-0.0528403380256517,-0.00177271814634232));
#823=CARTESIAN_POINT('',(0.0518749958558683,-0.0553554813662075,-0.000860495555090745));
#824=CARTESIAN_POINT('',(0.0508991427713672,-0.0570910485276661,-1.45860715189527E-5));
#825=CARTESIAN_POINT('',(0.0499618456104721,-0.0583299448789099,0.000786472132896073));
#826=CARTESIAN_POINT('',(0.0490154330203344,-0.0592577893704661,0.00159544299981943));
#827=CARTESIAN_POINT('',(0.0480288654310147,-0.0599221316434943,0.00245232062683671));
#828=CARTESIAN_POINT('',(0.0469160954651444,-0.0603837774239385,0.0034500577695519));
#829=CARTESIAN_POINT('',(0.0461463404549008,-0.060500125655419,0.00417558837900911));
#830=CARTESIAN_POINT('',(0.0456989803100716,-0.0605,0.00461703620034683));
#831=CARTESIAN_POINT('',(0.0577298447320754,-1.10451221912133E-18,-0.00400900860875699));
#832=CARTESIAN_POINT('',(0.0577297886120825,-0.00489105409156348,-0.00400895084038994));
#833=CARTESIAN_POINT('',(0.0577986273241827,-0.0140744173962158,-0.0039173622222667));
#834=CARTESIAN_POINT('',(0.0574683653052036,-0.027270926637419,-0.00337077474793013));
#835=CARTESIAN_POINT('',(0.0569002993764754,-0.0364377730212346,-0.00272568089302194));
#836=CARTESIAN_POINT('',(0.0560129155753012,-0.0438820111944221,-0.00190039329703936));
#837=CARTESIAN_POINT('',(0.0549750511354988,-0.0491612274989426,-0.00104275750017583));
#838=CARTESIAN_POINT('',(0.0538986951012977,-0.0528121750917148,-0.000219461522918041));
#839=CARTESIAN_POINT('',(0.052851481189132,-0.0553202201092367,0.000541116957210703));
#840=CARTESIAN_POINT('',(0.0518511203989122,-0.0570528884653231,0.00124505977697787));
#841=CARTESIAN_POINT('',(0.0508902898959634,-0.0582940994062384,0.0019141865284444));
#842=CARTESIAN_POINT('',(0.0499173818892751,-0.0592293336097735,0.00259541545201822));
#843=CARTESIAN_POINT('',(0.0488971347645439,-0.0599052237103774,0.00332655929544216));
#844=CARTESIAN_POINT('',(0.0477383284647276,-0.0603793398046915,0.00419020443930847));
#845=CARTESIAN_POINT('',(0.0469314322669145,-0.060500165988719,0.00482674141053075));
#846=CARTESIAN_POINT('',(0.0464610835758622,-0.0605,0.00521550693123455));
#847=CARTESIAN_POINT('',(0.0590355822531646,-5.01095024400605E-20,-0.00174736329495575));
#848=CARTESIAN_POINT('',(0.0590355160667592,-0.00489440427390862,-0.00174733762759927));
#849=CARTESIAN_POINT('',(0.0590664605216028,-0.0140790937983116,-0.00169561126183941));
#850=CARTESIAN_POINT('',(0.0586416060295419,-0.0272740293482782,-0.00129748457235231));
#851=CARTESIAN_POINT('',(0.0579927654955004,-0.0364376839454248,-0.000806888091154746));
#852=CARTESIAN_POINT('',(0.0570288302577387,-0.0438765076532058,-0.000161530712913648));
#853=CARTESIAN_POINT('',(0.0559304243727722,-0.0491483336590586,0.000521623351806582));
#854=CARTESIAN_POINT('',(0.0548102617186347,-0.0527907198209979,0.00118713569245608));
#855=CARTESIAN_POINT('',(0.0537341434441926,-0.0552908285914943,0.00181058260276062));
#856=CARTESIAN_POINT('',(0.0527163788357666,-0.057018685927745,0.00239651192003292));
#857=CARTESIAN_POINT('',(0.051744382812911,-0.0582600173011862,0.00296244539126127));
#858=CARTESIAN_POINT('',(0.0507616137034303,-0.0592009089707663,0.00354817909011103));
#859=CARTESIAN_POINT('',(0.0497273269868932,-0.0598878739911574,0.00418857395217704));
#860=CARTESIAN_POINT('',(0.0485434185393925,-0.0603749825488971,0.00495621709487627));
#861=CARTESIAN_POINT('',(0.0477107589722516,-0.0605002622661314,0.00552615727998034));
#862=CARTESIAN_POINT('',(0.0472222927618702,-0.0605,0.00587168217981774));
#863=CARTESIAN_POINT('',(0.0602918562712994,-9.09227355952553E-20,0.00042855598969875));
#864=CARTESIAN_POINT('',(0.0602917699683361,-0.00489609198819202,0.000428550353967222));
#865=CARTESIAN_POINT('',(0.060287397588742,-0.0140812682203584,0.000424095230616648));
#866=CARTESIAN_POINT('',(0.0597730839917543,-0.0272739333590157,0.000648289908955114));
#867=CARTESIAN_POINT('',(0.0590476651016279,-0.0364341336961407,0.000972378684028756));
#868=CARTESIAN_POINT('',(0.0580120729878968,-0.0438675255621774,0.00143983880289794));
#869=CARTESIAN_POINT('',(0.0568589798616252,-0.0491324113921264,0.00196368816180699));
#870=CARTESIAN_POINT('',(0.0557015892330186,-0.0527673844419955,0.00249465861433844));
#871=CARTESIAN_POINT('',(0.0546029535025695,-0.0552613695623423,0.00300745037327152));
#872=CARTESIAN_POINT('',(0.0535730672323922,-0.0569864627048574,0.00350209696267452));
#873=CARTESIAN_POINT('',(0.0525937511617406,-0.0582295080971888,0.00399027011636296));
#874=CARTESIAN_POINT('',(0.0516037820949026,-0.0591767404651278,0.00450499908290592));
#875=CARTESIAN_POINT('',(0.0505571482167812,-0.0598740224953265,0.00507769237646636));
#876=CARTESIAN_POINT('',(0.0493497072861988,-0.0603719837724287,0.00577158772401296));
#877=CARTESIAN_POINT('',(0.0484930495330594,-0.0605003468084463,0.00628740673232837));
#878=CARTESIAN_POINT('',(0.047988619286992,-0.0605,0.00659723530565697));
#879=CARTESIAN_POINT('',(0.0614842908940755,-1.24752368615277E-18,0.00249391632705997));
#880=CARTESIAN_POINT('',(0.0614842079544276,-0.0048957529660812,0.00249392010381011));
#881=CARTESIAN_POINT('',(0.0614682455783822,-0.0140803720123015,0.00245135880454977));
#882=CARTESIAN_POINT('',(0.0609146803823653,-0.0272703845081737,0.00254939965774685));
#883=CARTESIAN_POINT('',(0.0601503590328485,-0.0364275788704442,0.0027488857603917));
#884=CARTESIAN_POINT('',(0.0590721584173616,-0.0438570076839743,0.00307820973332247));
#885=CARTESIAN_POINT('',(0.0578806101958198,-0.049117663240833,0.00347309460005925));
#886=CARTESIAN_POINT('',(0.0566909809114624,-0.052748918053948,0.00389009819813824));
#887=CARTESIAN_POINT('',(0.0555660476892271,-0.0552405840098245,0.00430471495230644));
#888=CARTESIAN_POINT('',(0.054513888808333,-0.0569655938383467,0.00471447309559546));
#889=CARTESIAN_POINT('',(0.0535135203304865,-0.0582110021935119,0.00512704554943883));
#890=CARTESIAN_POINT('',(0.0525004735771207,-0.0591628963457815,0.00556955390188533));
#891=CARTESIAN_POINT('',(0.0514250433828046,-0.0598665012154334,0.00606970818014515));
#892=CARTESIAN_POINT('',(0.0501780287279725,-0.0603704952217977,0.0066817182894239));
#893=CARTESIAN_POINT('',(0.0492889842288636,-0.0605003877419294,0.00713800079805382));
#894=CARTESIAN_POINT('',(0.0487646690860323,-0.0605,0.00741080882574555));
#895=CARTESIAN_POINT('',(0.0626784925109548,3.35815899840229E-19,0.00456233340092456));
#896=CARTESIAN_POINT('',(0.0626784433464424,-0.00489645626560552,0.0045623816537754));
#897=CARTESIAN_POINT('',(0.0626705273091949,-0.0140812706152335,0.00452613163153086));
#898=CARTESIAN_POINT('',(0.0621129986055449,-0.0272703379493639,0.00458270056992845));
#899=CARTESIAN_POINT('',(0.0613323217565287,-0.0364264523415718,0.00471531040806212));
#900=CARTESIAN_POINT('',(0.0602234153700394,-0.0438547207612025,0.00494382210086577));
#901=CARTESIAN_POINT('',(0.0589934899590694,-0.0491143878743946,0.00522373258701681));
#902=CARTESIAN_POINT('',(0.0577627768476206,-0.0527448759295413,0.00552394763901143));
#903=CARTESIAN_POINT('',(0.0565969644886839,-0.0552360092730797,0.00582695884394715));
#904=CARTESIAN_POINT('',(0.0555047051984801,-0.0569607600978301,0.00613164982767264));
#905=CARTESIAN_POINT('',(0.0544644002250634,-0.0582062513992913,0.00644407204805154));
#906=CARTESIAN_POINT('',(0.0534089676817908,-0.0591586718727548,0.00678526634712233));
#907=CARTESIAN_POINT('',(0.0522859954054045,-0.0598634696038949,0.00717859362519883));
#908=CARTESIAN_POINT('',(0.0509808823346656,-0.0603693429638888,0.00766872645076259));
#909=CARTESIAN_POINT('',(0.0500484588713032,-0.060500375377531,0.00804082790891324));
#910=CARTESIAN_POINT('',(0.0494985387573803,-0.0605,0.00826593527398396));
#911=CARTESIAN_POINT('',(0.0638064764174087,-7.17645902610133E-20,0.00651605904309705));
#912=CARTESIAN_POINT('',(0.0638064343851146,-0.00489950787026594,0.00651611020626903));
#913=CARTESIAN_POINT('',(0.0638118342896932,-0.0140858242985672,0.00652127482921147));
#914=CARTESIAN_POINT('',(0.0632565336524833,-0.0272745110926917,0.00660262519918096));
#915=CARTESIAN_POINT('',(0.0624607453468909,-0.0364293847734846,0.00671239020822394));
#916=CARTESIAN_POINT('',(0.061317863251795,-0.0438558024286322,0.00686741011706825));
#917=CARTESIAN_POINT('',(0.0600436335767292,-0.0491132967785613,0.00704230459930112));
#918=CARTESIAN_POINT('',(0.058765631450087,-0.0527414872528658,0.00722487467600255));
#919=CARTESIAN_POINT('',(0.0575540619683302,-0.0552304958378326,0.00741012409730447));
#920=CARTESIAN_POINT('',(0.0564188837031951,-0.0569537116282874,0.00760165873211749));
#921=CARTESIAN_POINT('',(0.0553376725545343,-0.0581986463262064,0.00780555794954046));
#922=CARTESIAN_POINT('',(0.0542401434900342,-0.0591517334008017,0.00803679508590569));
#923=CARTESIAN_POINT('',(0.053070286514195,-0.0598587239388855,0.00831367534786091));
#924=CARTESIAN_POINT('',(0.0517061937172262,-0.0603678330661079,0.0086682834596106));
#925=CARTESIAN_POINT('',(0.0507270172348419,-0.0605003829696069,0.00894186577137491));
#926=CARTESIAN_POINT('',(0.0501477039773926,-0.0605,0.00910737785803429));
#927=CARTESIAN_POINT('',(0.0648150710529945,7.41350106934083E-21,0.00826299615652874));
#928=CARTESIAN_POINT('',(0.0648150338001434,-0.00490287010105552,0.00826304864396814));
#929=CARTESIAN_POINT('',(0.0648215896257243,-0.0140909955200317,0.00829185211841232));
#930=CARTESIAN_POINT('',(0.0642474706617769,-0.0272795666384538,0.00837282457181458));
#931=CARTESIAN_POINT('',(0.0634231666931321,-0.036433429912399,0.00844821026115729));
#932=CARTESIAN_POINT('',(0.0622382796155163,-0.0438584041072105,0.00852971082260006));
#933=CARTESIAN_POINT('',(0.060917011451968,-0.0491143344041865,0.00860891839628404));
#934=CARTESIAN_POINT('',(0.0595924055327468,-0.0527409678116636,0.00868861822968129));
#935=CARTESIAN_POINT('',(0.0583377319165783,-0.0552285806389058,0.00877348882182355));
#936=CARTESIAN_POINT('',(0.0571635008474762,-0.0569507881645617,0.00887050384888109));
#937=CARTESIAN_POINT('',(0.0560461814144823,-0.0581953075239742,0.0089851860408251));
#938=CARTESIAN_POINT('',(0.0549126047939869,-0.0591486860867786,0.00912712009663982));
#939=CARTESIAN_POINT('',(0.053703991712723,-0.0598567804560271,0.00931013132453277));
#940=CARTESIAN_POINT('',(0.052292660042846,-0.0603673959881089,0.00955499364607309));
#941=CARTESIAN_POINT('',(0.0512769799770928,-0.0605004072911746,0.0097470208351923));
#942=CARTESIAN_POINT('',(0.0506747584366984,-0.0605,0.00986131647398425));
#943=CARTESIAN_POINT('',(0.0656001143354092,-1.03092423574646E-21,0.00962273101137421));
#944=CARTESIAN_POINT('',(0.065600067001636,-0.00490474170348607,0.00962275962223888));
#945=CARTESIAN_POINT('',(0.0655979029836485,-0.0140941714675654,0.00964339992718652));
#946=CARTESIAN_POINT('',(0.064988976138855,-0.0272818256931787,0.00967325127734619));
#947=CARTESIAN_POINT('',(0.0641274266603907,-0.0364334856663811,0.00968723501149479));
#948=CARTESIAN_POINT('',(0.062898438701076,-0.0438550068406912,0.00968934250657871));
#949=CARTESIAN_POINT('',(0.0615345693561113,-0.0491071250652046,0.00968634514061632));
#950=CARTESIAN_POINT('',(0.0601723696109664,-0.0527305117346775,0.00968892290228873));
#951=CARTESIAN_POINT('',(0.0588861605999998,-0.0552162930715879,0.00970560037081445));
#952=CARTESIAN_POINT('',(0.0576854521767285,-0.0569387297405035,0.00974366013671292));
#953=CARTESIAN_POINT('',(0.0565443944348388,-0.0581854626365472,0.00980660567346095));
#954=CARTESIAN_POINT('',(0.0553868064399861,-0.0591425968134104,0.00989980653289495));
#955=CARTESIAN_POINT('',(0.0541511230899481,-0.0598548489392949,0.0100334745779743));
#956=CARTESIAN_POINT('',(0.052705911313325,-0.060367986800217,0.010218739896128));
#957=CARTESIAN_POINT('',(0.0516648335948592,-0.0605004576144887,0.0103610328408869));
#958=CARTESIAN_POINT('',(0.0510473285750463,-0.0605,0.0104405298837812));
#959=CARTESIAN_POINT('',(0.0661907492139873,9.08876770505249E-23,0.0106457406304154));
#960=CARTESIAN_POINT('',(0.0661906824156123,-0.00490494572384493,0.0106457376053392));
#961=CARTESIAN_POINT('',(0.0661825280238847,-0.0140948490094217,0.0106462404369626));
#962=CARTESIAN_POINT('',(0.0655462177610853,-0.0272811937005493,0.0106100334357076));
#963=CARTESIAN_POINT('',(0.0646543432736361,-0.0364305313038448,0.0105585512058071));
#964=CARTESIAN_POINT('',(0.0633889434681489,-0.0438484578116252,0.0104880610816594));
#965=CARTESIAN_POINT('',(0.0619899995994785,-0.049096719018432,0.0104180590857877));
#966=CARTESIAN_POINT('',(0.0605972450167949,-0.0527171357125041,0.0103632210789026));
#967=CARTESIAN_POINT('',(0.0592857859442972,-0.0552018198761325,0.0103330299475877));
#968=CARTESIAN_POINT('',(0.0580639988674363,-0.0569256485984345,0.0103337955634729));
#969=CARTESIAN_POINT('',(0.0569037797945939,-0.058175891284889,0.0103666550371889));
#970=CARTESIAN_POINT('',(0.0557263019885002,-0.05913787283989,0.0104337333473184));
#971=CARTESIAN_POINT('',(0.0544677543773047,-0.0598545505120424,0.0105423197224356));
#972=CARTESIAN_POINT('',(0.0529945161557314,-0.0603693175088386,0.0106956363527411));
#973=CARTESIAN_POINT('',(0.0519337833523398,-0.060500492467144,0.0108073244815051));
#974=CARTESIAN_POINT('',(0.0513049444153292,-0.0605,0.0108636013749917));
#975=CARTESIAN_POINT('',(0.0666454201414031,-2.34075511664016E-23,0.0114332537754212));
#976=CARTESIAN_POINT('',(0.0666453142086149,-0.00490418412681079,0.0114332073962593));
#977=CARTESIAN_POINT('',(0.0666328280326692,-0.014094083423181,0.0114075240775721));
#978=CARTESIAN_POINT('',(0.0659730711768746,-0.027278447258374,0.0112990711142733));
#979=CARTESIAN_POINT('',(0.0650544171187993,-0.0364245734474298,0.0111819456295513));
#980=CARTESIAN_POINT('',(0.0637570168701488,-0.0438373320796686,0.0110448963152958));
#981=CARTESIAN_POINT('',(0.0623283645684784,-0.0490798037077709,0.0109183758631297));
#982=CARTESIAN_POINT('',(0.0609113887981735,-0.0526955713226598,0.0108188827991162));
#983=CARTESIAN_POINT('',(0.0595816249258804,-0.0551783662482047,0.0107554453643167));
#984=CARTESIAN_POINT('',(0.0583458106648333,-0.0569041725803905,0.0107330704413497));
#985=CARTESIAN_POINT('',(0.0571729320097653,-0.0581598121518086,0.0107507090914103));
#986=CARTESIAN_POINT('',(0.0559812412932124,-0.059129422620734,0.0108081153183712));
#987=CARTESIAN_POINT('',(0.0547042879836356,-0.0598531707424276,0.0109101346163217));
#988=CARTESIAN_POINT('',(0.0532072055135476,-0.0603708110846224,0.0110523374132158));
#989=CARTESIAN_POINT('',(0.0521301671559088,-0.0605005153984638,0.0111465867092158));
#990=CARTESIAN_POINT('',(0.0514922792555973,-0.0605,0.011187029857308));
#991=CARTESIAN_POINT('',(0.0671139273070373,1.44463031982828E-23,0.0122447319962181));
#992=CARTESIAN_POINT('',(0.0671137775095535,-0.00490256076020784,0.0122446503078361));
#993=CARTESIAN_POINT('',(0.0671020664219896,-0.0140919350568897,0.0121902306170765));
#994=CARTESIAN_POINT('',(0.0664267419527927,-0.0272745415249581,0.0120023442730797));
#995=CARTESIAN_POINT('',(0.0654850668172841,-0.036418287959057,0.0118132091406475));
#996=CARTESIAN_POINT('',(0.0641554153066365,-0.043827159882782,0.011603212843872));
#997=CARTESIAN_POINT('',(0.0626931707749332,-0.0490649927940875,0.0114143484188245));
#998=CARTESIAN_POINT('',(0.0612459470941562,-0.0526766163490514,0.0112646727009259));
#999=CARTESIAN_POINT('',(0.0598912123312981,-0.0551571504671801,0.0111626245524573));
#1000=CARTESIAN_POINT('',(0.0586352491005005,-0.0568837975477115,0.0111119582261399));
#1001=CARTESIAN_POINT('',(0.0574448157148203,-0.0581434580199741,0.0111098103651074));
#1002=CARTESIAN_POINT('',(0.0562352463426843,-0.0591195879946177,0.0111539994737233));
#1003=CARTESIAN_POINT('',(0.0549373775731131,-0.0598501897722392,0.0112483073758031));
#1004=CARTESIAN_POINT('',(0.0534142392553634,-0.0603715253787931,0.0113827299986552));
#1005=CARTESIAN_POINT('',(0.0523191719506416,-0.0605005351868456,0.011466462299216));
#1006=CARTESIAN_POINT('',(0.0516710682744054,-0.0605,0.0114970476135874));
#1007=CARTESIAN_POINT('',(0.0676708053234576,-5.17030014956432E-24,0.0132092729603472));
#1008=CARTESIAN_POINT('',(0.0676706534371232,-0.00490043690201319,0.013209201719629));
#1009=CARTESIAN_POINT('',(0.0676657062561231,-0.0140889034070585,0.0131272851420318));
#1010=CARTESIAN_POINT('',(0.066986785292136,-0.0272708727759458,0.0128602766191377));
#1011=CARTESIAN_POINT('',(0.0660302531931886,-0.0364148819379218,0.0125979247426527));
#1012=CARTESIAN_POINT('',(0.0646720255985688,-0.0438249745050828,0.0123116000693388));
#1013=CARTESIAN_POINT('',(0.0631733879860058,-0.049064953135672,0.0120551395305984));
#1014=CARTESIAN_POINT('',(0.0616869847702007,-0.0526793221889984,0.0118485765006903));
#1015=CARTESIAN_POINT('',(0.0602936707567343,-0.0551627127277293,0.0116999779139853));
#1016=CARTESIAN_POINT('',(0.0590010421195081,-0.0568917090711631,0.0116113893503192));
#1017=CARTESIAN_POINT('',(0.0577760851977251,-0.0581525506129419,0.0115773704747675));
#1018=CARTESIAN_POINT('',(0.0565327943458009,-0.0591281955392346,0.0115925258502709));
#1019=CARTESIAN_POINT('',(0.0552020626810766,-0.0598560468757611,0.0116583887986627));
#1020=CARTESIAN_POINT('',(0.0536453365870739,-0.0603732030366232,0.0117607068223589));
#1021=CARTESIAN_POINT('',(0.0525290745654742,-0.0605005072720614,0.0118215847482573));
#1022=CARTESIAN_POINT('',(0.0518683539381258,-0.0605,0.0118385770420909));
#1023=CARTESIAN_POINT('',(0.0683177470067731,1.48924830549037E-24,0.0143298091037709));
#1024=CARTESIAN_POINT('',(0.0683176443781125,-0.00489884568589201,0.0143298044118434));
#1025=CARTESIAN_POINT('',(0.0683249483940446,-0.0140866274165714,0.0142322910034372));
#1026=CARTESIAN_POINT('',(0.0676540005655519,-0.027270217054978,0.0139061690227289));
#1027=CARTESIAN_POINT('',(0.0666908154913758,-0.0364183127878382,0.0135823448996546));
#1028=CARTESIAN_POINT('',(0.065307945493849,-0.0438363738415701,0.0132240249154294));
#1029=CARTESIAN_POINT('',(0.063770146971701,-0.0490870581276541,0.0128968076262162));
#1030=CARTESIAN_POINT('',(0.0622350127797117,-0.0527124373802325,0.0126248127919982));
#1031=CARTESIAN_POINT('',(0.0607881543316912,-0.0552041242283576,0.0124173578972629));
#1032=CARTESIAN_POINT('',(0.0594406329397642,-0.0569356542657218,0.012274901384583));
#1033=CARTESIAN_POINT('',(0.0581629448425187,-0.0581920162290439,0.0121888537227173));
#1034=CARTESIAN_POINT('',(0.0568700142030846,-0.059156548814736,0.0121490727587014));
#1035=CARTESIAN_POINT('',(0.0554960089147106,-0.0598694203380037,0.0121540432832045));
#1036=CARTESIAN_POINT('',(0.0538999701127999,-0.0603746338815252,0.0121887078280201));
#1037=CARTESIAN_POINT('',(0.0527590487123509,-0.0605004517179819,0.0122107628636866));
#1038=CARTESIAN_POINT('',(0.0520827218930191,-0.0605,0.0122099341904843));
#1039=CARTESIAN_POINT('',(0.0690130250343305,-3.94954927982167E-25,0.0155340648912297));
#1040=CARTESIAN_POINT('',(0.0690129667988571,-0.00490028503638708,0.0155341594950227));
#1041=CARTESIAN_POINT('',(0.0690370178863463,-0.0140889989371293,0.015460512699437));
#1042=CARTESIAN_POINT('',(0.0683771202924301,-0.0272780999551498,0.0151437517243628));
#1043=CARTESIAN_POINT('',(0.0674062298168427,-0.0364345561908924,0.0148014476786309));
#1044=CARTESIAN_POINT('',(0.0659942790520315,-0.0438661974968185,0.0143947534819436));
#1045=CARTESIAN_POINT('',(0.0644106677087116,-0.0491332383292591,0.0140006394410438));
#1046=CARTESIAN_POINT('',(0.0628184650231911,-0.0527738188077266,0.0136531811557855));
#1047=CARTESIAN_POINT('',(0.0613087748643253,-0.0552750142855725,0.0133678050668733));
#1048=CARTESIAN_POINT('',(0.0598975368544768,-0.0570063072390816,0.0131459420047251));
#1049=CARTESIAN_POINT('',(0.0585604662036537,-0.0582521718843388,0.0129775548333462));
#1050=CARTESIAN_POINT('',(0.0572141970510489,-0.0591976492194461,0.0128473463819529));
#1051=CARTESIAN_POINT('',(0.0557967018661105,-0.0598878053547207,0.0127501901268864));
#1052=CARTESIAN_POINT('',(0.0541630510911837,-0.0603758037326599,0.0126692188627896));
#1053=CARTESIAN_POINT('',(0.0529974857975857,-0.0605002781774147,0.0126224975591705));
#1054=CARTESIAN_POINT('',(0.052303687840954,-0.0605,0.0125926409321031));
#1055=CARTESIAN_POINT('',(0.0697102690055931,9.05714064383013E-26,0.0167417309065923));
#1056=CARTESIAN_POINT('',(0.0697102207557803,-0.00490472594923596,0.016741844090962));
#1057=CARTESIAN_POINT('',(0.0697376094759822,-0.0140960435845019,0.0167024131923853));
#1058=CARTESIAN_POINT('',(0.0690585404504751,-0.0272879527273807,0.0164084275109092));
#1059=CARTESIAN_POINT('',(0.0680570199633614,-0.0364469573242037,0.0160514569439808));
#1060=CARTESIAN_POINT('',(0.066599748564068,-0.0438820730595892,0.0155913153050305));
#1061=CARTESIAN_POINT('',(0.0649649902603373,-0.0491528320780171,0.0151193022272271));
#1062=CARTESIAN_POINT('',(0.0633210526638767,-0.0527962598550275,0.0146836434313535));
#1063=CARTESIAN_POINT('',(0.061762404398117,-0.0552982610398432,0.0143091128277874));
#1064=CARTESIAN_POINT('',(0.060306632963715,-0.0570275091266626,0.0140006016924339));
#1065=CARTESIAN_POINT('',(0.0589299529393457,-0.0582688497426372,0.0137481512887717));
#1066=CARTESIAN_POINT('',(0.0575473819147507,-0.0592081079043058,0.0135319837538714));
#1067=CARTESIAN_POINT('',(0.0560961638382648,-0.0598919124699268,0.0133435651175864));
#1068=CARTESIAN_POINT('',(0.0544266713981372,-0.0603755624398725,0.0131585224514469));
#1069=CARTESIAN_POINT('',(0.053234860347686,-0.0605001771500825,0.013040706073794));
#1070=CARTESIAN_POINT('',(0.0525232490344366,-0.0605,0.0129729375575486));
#1071=CARTESIAN_POINT('',(0.0704011313308554,3.26693022289616E-26,0.0179383245091805));
#1072=CARTESIAN_POINT('',(0.0704010929746572,-0.00491009346122091,0.0179384335232236));
#1073=CARTESIAN_POINT('',(0.0704242000270696,-0.0141044862146309,0.0179304120221025));
#1074=CARTESIAN_POINT('',(0.0697151335350824,-0.0272973287516253,0.0176561347348319));
#1075=CARTESIAN_POINT('',(0.0686772688142059,-0.0364559946668657,0.0172826534205189));
#1076=CARTESIAN_POINT('',(0.0671727418707651,-0.0438903647191983,0.0167671337761932));
#1077=CARTESIAN_POINT('',(0.0654885889499346,-0.0491601104026052,0.016215207000161));
#1078=CARTESIAN_POINT('',(0.0637976727477924,-0.0528021349978027,0.01568981476631));
#1079=CARTESIAN_POINT('',(0.0621968970336102,-0.0553022975192184,0.0152257286206474));
#1080=CARTESIAN_POINT('',(0.0607042856359351,-0.0570294242389148,0.0148318965888787));
#1081=CARTESIAN_POINT('',(0.059295065252058,-0.0582687618008728,0.0144986813728413));
#1082=CARTESIAN_POINT('',(0.0578817862967701,-0.0592064804759592,0.014202011862445));
#1083=CARTESIAN_POINT('',(0.0563997511479013,-0.0598898269856129,0.0139302331280392));
#1084=CARTESIAN_POINT('',(0.0546944950618859,-0.0603744095819272,0.0136506554511517));
#1085=CARTESIAN_POINT('',(0.0534753180035211,-0.0605001576927656,0.0134662356688809));
#1086=CARTESIAN_POINT('',(0.0527460234698899,-0.0605,0.0133587897734759));
#1087=CARTESIAN_POINT('',(0.0710401365751775,-2.07142064377309E-25,0.019045167090471));
#1088=CARTESIAN_POINT('',(0.0710400947758423,-0.00491414459333089,0.0190452379747863));
#1089=CARTESIAN_POINT('',(0.0710519239517099,-0.0141112390703869,0.0190436365894568));
#1090=CARTESIAN_POINT('',(0.0703043770955537,-0.0273017224182398,0.0187475203868567));
#1091=CARTESIAN_POINT('',(0.069226914785905,-0.036455111435109,0.0183323250965665));
#1092=CARTESIAN_POINT('',(0.0676765307220673,-0.0438810317995938,0.0177485823064086));
#1093=CARTESIAN_POINT('',(0.0659490810809311,-0.0491408651814963,0.0171160004128745));
#1094=CARTESIAN_POINT('',(0.0642214555767335,-0.052773550605502,0.0165085126648299));
#1095=CARTESIAN_POINT('',(0.0625917010750515,-0.0552672307339449,0.0159680156400666));
#1096=CARTESIAN_POINT('',(0.0610762553217294,-0.0569928106698453,0.0155063550499123));
#1097=CARTESIAN_POINT('',(0.0596467172527381,-0.058235980499657,0.015113812525138));
#1098=CARTESIAN_POINT('',(0.058211506529973,-0.0591823365274029,0.0147630384386474));
#1099=CARTESIAN_POINT('',(0.0567015102634057,-0.0598774175133269,0.0144405169308633));
#1100=CARTESIAN_POINT('',(0.0549577943482712,-0.0603726534474791,0.0141051110768521));
#1101=CARTESIAN_POINT('',(0.0537090015636328,-0.0605003032600103,0.0138767389603141));
#1102=CARTESIAN_POINT('',(0.0529638084712473,-0.0605,0.0137360159989078));
#1103=CARTESIAN_POINT('',(0.0715856576456634,5.95315824676613E-25,0.0199898811203306));
#1104=CARTESIAN_POINT('',(0.0715856108173237,-0.00491628829762529,0.0199899316663721));
#1105=CARTESIAN_POINT('',(0.0715930491991393,-0.0141149625665985,0.0199879122927989));
#1106=CARTESIAN_POINT('',(0.0708212755971929,-0.0273041115489984,0.0196626046019618));
#1107=CARTESIAN_POINT('',(0.0697155553088805,-0.036454426633642,0.0192060744647794));
#1108=CARTESIAN_POINT('',(0.0681295956868108,-0.0438753516995302,0.018563256842712));
#1109=CARTESIAN_POINT('',(0.0663664760273319,-0.0491293277527456,0.017865462878878));
#1110=CARTESIAN_POINT('',(0.0646068207406127,-0.0527565398777305,0.0171939774220282));
#1111=CARTESIAN_POINT('',(0.0629501402500486,-0.0552464805633668,0.0165950283027529));
#1112=CARTESIAN_POINT('',(0.0614121940902769,-0.0569712818998591,0.0160818608901044));
#1113=CARTESIAN_POINT('',(0.0599623499379986,-0.0582169086303979,0.0156442144853277));
#1114=CARTESIAN_POINT('',(0.0585060533181068,-0.0591686123840995,0.0152520687748888));
#1115=CARTESIAN_POINT('',(0.0569712060870712,-0.0598707637874474,0.0148903524913588));
#1116=CARTESIAN_POINT('',(0.0551955929135942,-0.0603719781382507,0.014511654445812));
#1117=CARTESIAN_POINT('',(0.0539234663402507,-0.0605003741481385,0.0142496662399648));
#1118=CARTESIAN_POINT('',(0.0531654881978677,-0.0605,0.0140853024321104));
#1119=CARTESIAN_POINT('',(0.0720089277327946,-8.45386513865824E-25,0.0207232846094874));
#1120=CARTESIAN_POINT('',(0.0720088796115528,-0.00491766334943374,0.0207233306031258));
#1121=CARTESIAN_POINT('',(0.0720149020360241,-0.0141173948067702,0.0207215851629605));
#1122=CARTESIAN_POINT('',(0.0712286583547394,-0.0273064879245988,0.0203761418498958));
#1123=CARTESIAN_POINT('',(0.0701044026019097,-0.0364560840215331,0.0198905844554111));
#1124=CARTESIAN_POINT('',(0.0684935383228345,-0.0438758094215366,0.0192060775600197));
#1125=CARTESIAN_POINT('',(0.0667040068713132,-0.0491284293803561,0.0184621603607541));
#1126=CARTESIAN_POINT('',(0.0649191442091657,-0.0527543944316396,0.0177452252904412));
#1127=CARTESIAN_POINT('',(0.0632398295398936,-0.0552434441498792,0.0171044093625919));
#1128=CARTESIAN_POINT('',(0.0616819020331015,-0.0569679254212536,0.0165536830285699));
#1129=CARTESIAN_POINT('',(0.0602139704985455,-0.0582138460174271,0.0160821372734229));
#1130=CARTESIAN_POINT('',(0.0587399647853234,-0.0591663873386017,0.0156575628417443));
#1131=CARTESIAN_POINT('',(0.0571865971782987,-0.059869706310251,0.0152634426403383));
#1132=CARTESIAN_POINT('',(0.0553894693471716,-0.0603718970496078,0.0148483290565272));
#1133=CARTESIAN_POINT('',(0.0541019756185585,-0.0605003864714526,0.0145598654117258));
#1134=CARTESIAN_POINT('',(0.0533349489666062,-0.0605,0.0143788759485017));
#1135=CARTESIAN_POINT('',(0.0723298740925568,2.02668842425683E-24,0.0212786256864386));
#1136=CARTESIAN_POINT('',(0.0723298283643916,-0.00491872901429064,0.021278676898215));
#1137=CARTESIAN_POINT('',(0.0723361326146422,-0.014119042635344,0.0212799544354159));
#1138=CARTESIAN_POINT('',(0.0715418913645914,-0.0273084981969155,0.0209254970319037));
#1139=CARTESIAN_POINT('',(0.0704059497742203,-0.0364585008911918,0.020423014910395));
#1140=CARTESIAN_POINT('',(0.0687781451176872,-0.0438790019141904,0.0197115090697037));
#1141=CARTESIAN_POINT('',(0.0669695943308916,-0.0491326109495791,0.018936117799772));
#1142=CARTESIAN_POINT('',(0.0651655973505229,-0.0527594317547566,0.018187121435413));
#1143=CARTESIAN_POINT('',(0.0634682834995616,-0.0552488477361867,0.0175159549338014));
#1144=CARTESIAN_POINT('',(0.0618940132349828,-0.0569729487747743,0.0169371674680779));
#1145=CARTESIAN_POINT('',(0.060411450699675,-0.0582177970159335,0.0164394068179136));
#1146=CARTESIAN_POINT('',(0.058923853104634,-0.0591687713539529,0.0159888113161994));
#1147=CARTESIAN_POINT('',(0.0573575948959908,-0.0598704949536782,0.0155677994807184));
#1148=CARTESIAN_POINT('',(0.055546510642453,-0.0603717498454116,0.0151226459151179));
#1149=CARTESIAN_POINT('',(0.0542487574188869,-0.0605003743643923,0.0148139578108083));
#1150=CARTESIAN_POINT('',(0.0534751167086543,-0.0605,0.0146215363375806));
#1151=CARTESIAN_POINT('',(0.0725839303314336,-5.68769769891447E-24,0.0217201528508501));
#1152=CARTESIAN_POINT('',(0.0725838851712332,-0.00491965085393349,0.0217202090832796));
#1153=CARTESIAN_POINT('',(0.0725900588796325,-0.0141207931478032,0.0217249211191252));
#1154=CARTESIAN_POINT('',(0.0717892365842656,-0.0273117104866101,0.0213660322881968));
#1155=CARTESIAN_POINT('',(0.0706441174518097,-0.0364633465873769,0.0208525340938309));
#1156=CARTESIAN_POINT('',(0.0690031304113592,-0.0438861639395824,0.0201219956288295));
#1157=CARTESIAN_POINT('',(0.0671795601850128,-0.0491423238313704,0.0193236089306288));
#1158=CARTESIAN_POINT('',(0.065360017397648,-0.0527712861979771,0.0185506669532682));
#1159=CARTESIAN_POINT('',(0.0636476375726206,-0.0552617760599999,0.0178563999262725));
#1160=CARTESIAN_POINT('',(0.0620594508225004,-0.0569853710114496,0.0172557492305446));
#1161=CARTESIAN_POINT('',(0.060564597893316,-0.0582281796996056,0.0167369496282004));
#1162=CARTESIAN_POINT('',(0.0590661721802552,-0.0591758802276351,0.0162647441952023));
#1163=CARTESIAN_POINT('',(0.0574908224665824,-0.0598738274718487,0.0158205255915558));
#1164=CARTESIAN_POINT('',(0.0556712367120107,-0.0603721197190089,0.0153488601942093));
#1165=CARTESIAN_POINT('',(0.0543675685893163,-0.0605003507439241,0.0150224798236814));
#1166=CARTESIAN_POINT('',(0.0535897890687998,-0.0604999999999999,0.0148204696397313));
#1167=CARTESIAN_POINT('',(0.0727805887246909,9.21713375361825E-24,0.0220578986051486));
#1168=CARTESIAN_POINT('',(0.072780548545099,-0.00492057516896816,0.0220579679569781));
#1169=CARTESIAN_POINT('',(0.072788777152055,-0.0141216116725558,0.0220708482167128));
#1170=CARTESIAN_POINT('',(0.0719866969159926,-0.027312722207659,0.0217191523230287));
#1171=CARTESIAN_POINT('',(0.0708371165430646,-0.0364652738852883,0.0212046175705898));
#1172=CARTESIAN_POINT('',(0.0691878682794707,-0.0438900033313619,0.0204646829467938));
#1173=CARTESIAN_POINT('',(0.0673537935321754,-0.0491484603866875,0.019651197801291));
#1174=CARTESIAN_POINT('',(0.0655227699794031,-0.0527792577272629,0.0188604264036984));
#1175=CARTESIAN_POINT('',(0.0637990417528526,-0.0552704082727554,0.018147644505207));
#1176=CARTESIAN_POINT('',(0.0622005005064792,-0.0569931072883342,0.0175285796374101));
#1177=CARTESIAN_POINT('',(0.0606968523559586,-0.0582337724067968,0.0169915782022436));
#1178=CARTESIAN_POINT('',(0.0591910871890971,-0.0591786217802825,0.016500557869497));
#1179=CARTESIAN_POINT('',(0.0576098196252503,-0.0598740515189185,0.0160366086065685));
#1180=CARTESIAN_POINT('',(0.0557840741503687,-0.0603713927058059,0.0155439193424506));
#1181=CARTESIAN_POINT('',(0.0544747837387466,-0.060500325958078,0.0152054700396281));
#1182=CARTESIAN_POINT('',(0.0536926363688112,-0.0605,0.0149979978849881));
#1183=CARTESIAN_POINT('',(0.0730209510960684,-3.57894041923673E-23,0.0224829045301833));
#1184=CARTESIAN_POINT('',(0.0730209012220162,-0.00492161859362712,0.0224829686434397));
#1185=CARTESIAN_POINT('',(0.0730262623244578,-0.0141249013999772,0.0224984747273715));
#1186=CARTESIAN_POINT('',(0.0722132906140232,-0.0273206540101596,0.022142386552317));
#1187=CARTESIAN_POINT('',(0.0710520567512768,-0.0364777013807347,0.0216178675814829));
#1188=CARTESIAN_POINT('',(0.0693883791522185,-0.0439078011586102,0.0208609912776364));
#1189=CARTESIAN_POINT('',(0.0675388141145067,-0.0491715810600219,0.0200271475132515));
#1190=CARTESIAN_POINT('',(0.0656918448514219,-0.0528066322736371,0.0192151805154087));
#1191=CARTESIAN_POINT('',(0.0639524203499991,-0.0552999052375583,0.0184818139615825));
#1192=CARTESIAN_POINT('',(0.0623392336251998,-0.0570217090904636,0.0178428700035988));
#1193=CARTESIAN_POINT('',(0.0608229388844074,-0.0582584690101414,0.0172860217087774));
#1194=CARTESIAN_POINT('',(0.0593068912627903,-0.0591967629061632,0.0167735699177324));
#1195=CARTESIAN_POINT('',(0.0577189612230419,-0.0598839134778932,0.0162849568143303));
#1196=CARTESIAN_POINT('',(0.0558901567386905,-0.0603734760943159,0.0157619353268815));
#1197=CARTESIAN_POINT('',(0.0545805843836568,-0.0605002834487039,0.0154016312381117));
#1198=CARTESIAN_POINT('',(0.0537977601085577,-0.0605,0.0151819149772635));
#1199=CARTESIAN_POINT('',(0.0732861215355005,4.05955037076128E-22,0.0229917944155743));
#1200=CARTESIAN_POINT('',(0.073286066075431,-0.00492282886145497,0.0229918543104596));
#1201=CARTESIAN_POINT('',(0.0732886267694755,-0.0141278886291912,0.0230114443412293));
#1202=CARTESIAN_POINT('',(0.0724650177059565,-0.0273267535868543,0.0226521884114801));
#1203=CARTESIAN_POINT('',(0.0712924762672079,-0.0364866698989631,0.0221173441473438));
#1204=CARTESIAN_POINT('',(0.0696150260901643,-0.0439201060028142,0.0213415281409899));
#1205=CARTESIAN_POINT('',(0.0677511025780266,-0.0491870603748252,0.02048421881119));
#1206=CARTESIAN_POINT('',(0.065889929619742,-0.0528244382195057,0.0196474931713326));
#1207=CARTESIAN_POINT('',(0.0641371040618126,-0.0553185549758845,0.0188900402331464));
#1208=CARTESIAN_POINT('',(0.0625118652139735,-0.0570392874238571,0.0182281475319863));
#1209=CARTESIAN_POINT('',(0.0609853090051848,-0.0582732413999076,0.0176490890501149));
#1210=CARTESIAN_POINT('',(0.0594607169007565,-0.0592073337016774,0.0171136739559629));
#1211=CARTESIAN_POINT('',(0.0578664093313724,-0.0598895530342497,0.0166000512532277));
#1212=CARTESIAN_POINT('',(0.0560328593994471,-0.0603746720952596,0.0160474512064784));
#1213=CARTESIAN_POINT('',(0.054720889975538,-0.060500264631789,0.0156658984276467));
#1214=CARTESIAN_POINT('',(0.0539363683071777,-0.0605,0.015433720934703));
#1215=CARTESIAN_POINT('',(0.0736215917871542,-2.91927234153738E-21,0.0236950818283288));
#1216=CARTESIAN_POINT('',(0.0736215255203015,-0.00492413732499329,0.0236951264023746));
#1217=CARTESIAN_POINT('',(0.0736181561731861,-0.0141320295564002,0.0237140617060643));
#1218=CARTESIAN_POINT('',(0.0727780256909792,-0.0273351242359979,0.0233400292031965));
#1219=CARTESIAN_POINT('',(0.0715899793110654,-0.0364982174716911,0.0227847615851624));
#1220=CARTESIAN_POINT('',(0.0698955911810698,-0.0439346362726366,0.0219800050927848));
#1221=CARTESIAN_POINT('',(0.0680154930141045,-0.049204077662243,0.0210908047440174));
#1222=CARTESIAN_POINT('',(0.0661393285901425,-0.0528432240344803,0.0202226556288859));
#1223=CARTESIAN_POINT('',(0.0643728696631644,-0.055338076268181,0.0194360775564162));
#1224=CARTESIAN_POINT('',(0.0627353922114315,-0.0570581453810256,0.0187475134732632));
#1225=CARTESIAN_POINT('',(0.0611980810646383,-0.05828993557751,0.0181433482634695));
#1226=CARTESIAN_POINT('',(0.0596640421981472,-0.0592203418205264,0.0175823219129904));
#1227=CARTESIAN_POINT('',(0.0580622409749225,-0.0598974545337567,0.0170405010261607));
#1228=CARTESIAN_POINT('',(0.0562234718187519,-0.0603769251309469,0.0164528717559552));
#1229=CARTESIAN_POINT('',(0.0549102491770921,-0.0605002564861081,0.0160437118106384));
#1230=CARTESIAN_POINT('',(0.054125412049653,-0.0605,0.0157939291313921));
#1231=CARTESIAN_POINT('',(0.0739859403029717,2.82593049483348E-20,0.0245811060921711));
#1232=CARTESIAN_POINT('',(0.0739858658336676,-0.00492476960693368,0.0245811279415579));
#1233=CARTESIAN_POINT('',(0.0739757045999162,-0.0141354037759555,0.0245874233380734));
#1234=CARTESIAN_POINT('',(0.0731190491985379,-0.0273409882772101,0.0241754064865089));
#1235=CARTESIAN_POINT('',(0.0719167398208565,-0.0365044991787054,0.0235832473924756));
#1236=CARTESIAN_POINT('',(0.0702083288630547,-0.0439397100331984,0.022737589471402));
#1237=CARTESIAN_POINT('',(0.0683165413610638,-0.0492072564897998,0.0218102204909566));
#1238=CARTESIAN_POINT('',(0.0664310932455391,-0.052845008723493,0.0209088304554738));
#1239=CARTESIAN_POINT('',(0.0646570604715905,-0.0553397119305457,0.0200944773224523));
#1240=CARTESIAN_POINT('',(0.0630125890961655,-0.0570609161421131,0.019382879438857));
#1241=CARTESIAN_POINT('',(0.0614679928074887,-0.058294335187514,0.018758793417833));
#1242=CARTESIAN_POINT('',(0.0599258569571432,-0.0592259868466055,0.0181786265346397));
#1243=CARTESIAN_POINT('',(0.0583154582266499,-0.0599026752741434,0.0176158993647791));
#1244=CARTESIAN_POINT('',(0.0564690207728409,-0.0603793325615581,0.0170000426353081));
#1245=CARTESIAN_POINT('',(0.0551539713309679,-0.0605002753709518,0.0165648498607978));
#1246=CARTESIAN_POINT('',(0.0543696539634748,-0.0605,0.016296392532706));
#1247=CARTESIAN_POINT('',(0.0743261401107502,-1.32236857928138E-19,0.0255725965250093));
#1248=CARTESIAN_POINT('',(0.074326001212388,-0.00492305274429934,0.0255725512016295));
#1249=CARTESIAN_POINT('',(0.0743150476104717,-0.0141357988413921,0.0255362358333958));
#1250=CARTESIAN_POINT('',(0.0734482162514992,-0.0273407957503793,0.0250248403604576));
#1251=CARTESIAN_POINT('',(0.0722341989919459,-0.0364991316349404,0.0243531652741565));
#1252=CARTESIAN_POINT('',(0.0705150336706244,-0.0439237318353896,0.023440727667015));
#1253=CARTESIAN_POINT('',(0.0686185791265382,-0.0491797609132535,0.0224691950804391));
#1254=CARTESIAN_POINT('',(0.0667344070290976,-0.0528104156058451,0.0215428728562682));
#1255=CARTESIAN_POINT('',(0.0649641581350809,-0.0553055990869352,0.0207178415760407));
#1256=CARTESIAN_POINT('',(0.063321322069862,-0.0570349585978618,0.0200056607818412));
#1257=CARTESIAN_POINT('',(0.0617730563330386,-0.0582804051722271,0.0193868346848124));
#1258=CARTESIAN_POINT('',(0.0602211678728366,-0.0592239882145737,0.0188145542582272));
#1259=CARTESIAN_POINT('',(0.0585963354660435,-0.0599072381976897,0.0182575242315841));
#1260=CARTESIAN_POINT('',(0.0567364805327351,-0.0603827712137915,0.0176373258981734));
#1261=CARTESIAN_POINT('',(0.055419196631684,-0.0605002598661772,0.0171865241465617));
#1262=CARTESIAN_POINT('',(0.0546362026798275,-0.0605,0.0169041228108492));
#1263=CARTESIAN_POINT('',(0.0745925671212751,4.56609174121504E-19,0.0265497813100332));
#1264=CARTESIAN_POINT('',(0.0745923996675641,-0.00492027065427302,0.0265497221164385));
#1265=CARTESIAN_POINT('',(0.0745972054926463,-0.0141332893114667,0.0264903652087196));
#1266=CARTESIAN_POINT('',(0.0737590811437821,-0.0273439539106032,0.0259222352304983));
#1267=CARTESIAN_POINT('',(0.0725628592009606,-0.0365099089179913,0.025203657831787));
#1268=CARTESIAN_POINT('',(0.0708517979308988,-0.0439452981319315,0.0242500433365309));
#1269=CARTESIAN_POINT('',(0.068952527115256,-0.049213698853249,0.023249237137814));
#1270=CARTESIAN_POINT('',(0.0670564800446657,-0.0528560910927236,0.0223034829328625));
#1271=CARTESIAN_POINT('',(0.0652679342318329,-0.0553593182874097,0.021465328445249));
#1272=CARTESIAN_POINT('',(0.0636037559543842,-0.0570897991361244,0.0207424895605566));
#1273=CARTESIAN_POINT('',(0.0620356614448913,-0.0583286261752047,0.0201120360920393));
#1274=CARTESIAN_POINT('',(0.0604684620812732,-0.0592588892794236,0.0195246361422873));
#1275=CARTESIAN_POINT('',(0.0588368075755659,-0.0599252301197853,0.018947117328535));
#1276=CARTESIAN_POINT('',(0.0569785585434551,-0.0603860938594877,0.0183010921529283));
#1277=CARTESIAN_POINT('',(0.0556652339579081,-0.060500192738458,0.0178339509262641));
#1278=CARTESIAN_POINT('',(0.0548832760424966,-0.0605,0.0175441772574924));
#1279=CARTESIAN_POINT('',(0.0747754534514725,-1.27537035429713E-18,0.0274103526873081));
#1280=CARTESIAN_POINT('',(0.0747753122123734,-0.00491879163474129,0.027410349602386));
#1281=CARTESIAN_POINT('',(0.0747935876793759,-0.0141320285670598,0.0273526621856061));
#1282=CARTESIAN_POINT('',(0.0739867921463068,-0.0273514715833907,0.0267850071079583));
#1283=CARTESIAN_POINT('',(0.0728139206175261,-0.0365310940655203,0.0260630858119026));
#1284=CARTESIAN_POINT('',(0.0711159599292321,-0.0439872985760967,0.0250986905516826));
#1285=CARTESIAN_POINT('',(0.0692136179908732,-0.0492776662791822,0.0240800118302211));
#1286=CARTESIAN_POINT('',(0.067300654045911,-0.052936053622053,0.0231112346033816));
#1287=CARTESIAN_POINT('',(0.0654879747148799,-0.0554440399469775,0.0222465125790777));
#1288=CARTESIAN_POINT('',(0.0638004964990285,-0.0571662662797888,0.0214938019077084));
#1289=CARTESIAN_POINT('',(0.0622163004098461,-0.0583877018331435,0.0208306900281166));
#1290=CARTESIAN_POINT('',(0.0606423100638809,-0.059295961279456,0.0202074747618626));
#1291=CARTESIAN_POINT('',(0.0590144594945758,-0.0599416708039577,0.0195923045856581));
#1292=CARTESIAN_POINT('',(0.057166911722857,-0.0603883075073876,0.0189087834345476));
#1293=CARTESIAN_POINT('',(0.0558603659224338,-0.0605001493571893,0.0184232378784603));
#1294=CARTESIAN_POINT('',(0.0550802638806247,-0.0605,0.0181264897942617));
#1295=CARTESIAN_POINT('',(0.0748988829337644,3.28450350797737E-19,0.0281607902713243));
#1296=CARTESIAN_POINT('',(0.0748987374547298,-0.00491891376377185,0.0281608203106048));
#1297=CARTESIAN_POINT('',(0.0749227773659221,-0.0141330844143321,0.0281261432819974));
#1298=CARTESIAN_POINT('',(0.0741291881520835,-0.027361120335848,0.0275949145335518));
#1299=CARTESIAN_POINT('',(0.0729659948043676,-0.0365527568688887,0.0268919875135715));
#1300=CARTESIAN_POINT('',(0.0712728033019067,-0.0440260761369609,0.0259297174018921));
#1301=CARTESIAN_POINT('',(0.0693668857021729,-0.0493334577322654,0.0248963055489043));
#1302=CARTESIAN_POINT('',(0.0674429519726878,-0.0530028910397615,0.0239005687286902));
#1303=CARTESIAN_POINT('',(0.0656163864631047,-0.0555121559689678,0.0230013886099786));
#1304=CARTESIAN_POINT('',(0.0639178279678869,-0.0572256268986878,0.022209849768601));
#1305=CARTESIAN_POINT('',(0.062329058417673,-0.0584322775079199,0.0215060645557144));
#1306=CARTESIAN_POINT('',(0.0607578165189372,-0.0593233160612757,0.0208402873364413));
#1307=CARTESIAN_POINT('',(0.0591402813776248,-0.0599535850325799,0.0201816955871031));
#1308=CARTESIAN_POINT('',(0.0573080412722137,-0.0603897591576792,0.0194541682052763));
#1309=CARTESIAN_POINT('',(0.0560106827824336,-0.0605001031905903,0.0189449986806844));
#1310=CARTESIAN_POINT('',(0.055233792485284,-0.0605,0.0186382730080477));
#1311=CARTESIAN_POINT('',(0.0749915589916724,-2.02656224292691E-19,0.0289185067975616));
#1312=CARTESIAN_POINT('',(0.0749914068240698,-0.00492004381805141,0.0289185394433627));
#1313=CARTESIAN_POINT('',(0.075013054924627,-0.0141358305694504,0.0289070009319263));
#1314=CARTESIAN_POINT('',(0.0742161842657614,-0.0273697106917521,0.02840755561713));
#1315=CARTESIAN_POINT('',(0.0730518447798958,-0.0365682057338923,0.0277181474616322));
#1316=CARTESIAN_POINT('',(0.0713588549490152,-0.0440504696131993,0.0267528353873278));
#1317=CARTESIAN_POINT('',(0.069452772555152,-0.0493663339413409,0.0257017700836558));
#1318=CARTESIAN_POINT('',(0.067527402785606,-0.0530409351450495,0.0246785465988652));
#1319=CARTESIAN_POINT('',(0.0656992173601218,-0.0555502272090142,0.023746442274));
#1320=CARTESIAN_POINT('',(0.0640010370644181,-0.0572586141966501,0.0229193698418636));
#1321=CARTESIAN_POINT('',(0.0624160417038344,-0.0584571999892867,0.0221793338813902));
#1322=CARTESIAN_POINT('',(0.0608524476383764,-0.0593389521616873,0.0214759760685671));
#1323=CARTESIAN_POINT('',(0.0592467468856593,-0.0599607270725678,0.0207783038885469));
#1324=CARTESIAN_POINT('',(0.0574300062846929,-0.0603907982425306,0.0200083985918834));
#1325=CARTESIAN_POINT('',(0.0561429406684039,-0.0605000715641504,0.0194725780028057));
#1326=CARTESIAN_POINT('',(0.0553708699399823,-0.0605,0.0191521884004973));
#1327=CARTESIAN_POINT('',(0.0750585637338903,7.19455628322911E-20,0.0298076531364961));
#1328=CARTESIAN_POINT('',(0.0750584126052307,-0.00492205998985479,0.0298076876441163));
#1329=CARTESIAN_POINT('',(0.0750706275144494,-0.0141400579732975,0.0298220638813778));
#1330=CARTESIAN_POINT('',(0.0742592589173609,-0.0273788251083451,0.0293578635985241));
#1331=CARTESIAN_POINT('',(0.0730877513531496,-0.036582340238076,0.0286827282114389));
#1332=CARTESIAN_POINT('',(0.0713935406629894,-0.0440707839681538,0.0277121431329407));
#1333=CARTESIAN_POINT('',(0.0694903712699194,-0.0493922731655163,0.0266388588647894));
#1334=CARTESIAN_POINT('',(0.0675696863264807,-0.0530699998751619,0.0255824453372133));
#1335=CARTESIAN_POINT('',(0.0657473395968929,-0.0555787310450673,0.0246115282830144));
#1336=CARTESIAN_POINT('',(0.0640568662591025,-0.0572830226249438,0.0237433314809622));
#1337=CARTESIAN_POINT('',(0.0624819654008688,-0.0584755490214954,0.0229618079442253));
#1338=CARTESIAN_POINT('',(0.0609313432376316,-0.0593504909733801,0.0222155838900515));
#1339=CARTESIAN_POINT('',(0.0593418957811041,-0.0599660723360803,0.021472910493467));
#1340=CARTESIAN_POINT('',(0.0575451208791826,-0.0603916261032999,0.0206526635325281));
#1341=CARTESIAN_POINT('',(0.0562717779949661,-0.0605000477389009,0.0200829599028498));
#1342=CARTESIAN_POINT('',(0.0555069225213915,-0.0605,0.0197437562878879));
#1343=CARTESIAN_POINT('',(0.0750759476506646,-1.80571305652766E-20,0.0308541969873753));
#1344=CARTESIAN_POINT('',(0.0750757957551045,-0.00492462545656373,0.0308542261579998));
#1345=CARTESIAN_POINT('',(0.0750724498925467,-0.0141452596484704,0.0308886482031625));
#1346=CARTESIAN_POINT('',(0.0742378675470108,-0.0273877603443295,0.0304480953564683));
#1347=CARTESIAN_POINT('',(0.0730551140144939,-0.0365943774087738,0.029777468587957));
#1348=CARTESIAN_POINT('',(0.0713599078321151,-0.0440861983067588,0.0287912308136586));
#1349=CARTESIAN_POINT('',(0.0694639679732826,-0.0494104364941263,0.0276859792556215));
#1350=CARTESIAN_POINT('',(0.0675550080056907,-0.0530892722127863,0.0265878858441489));
#1351=CARTESIAN_POINT('',(0.0657465966323632,-0.0555969554351907,0.0255712301932077));
#1352=CARTESIAN_POINT('',(0.0640715381756566,-0.0572982986167208,0.0246564572544071));
#1353=CARTESIAN_POINT('',(0.0625132432819853,-0.0584869358666227,0.0238290252577692));
#1354=CARTESIAN_POINT('',(0.060980997463093,-0.0593576941355192,0.0230359281239531));
#1355=CARTESIAN_POINT('',(0.0594122469532111,-0.0599695106079576,0.022244029140713));
#1356=CARTESIAN_POINT('',(0.0576399587939364,-0.0603922379178809,0.0213676471837242));
#1357=CARTESIAN_POINT('',(0.056383928975818,-0.0605000356586393,0.0207583908781336));
#1358=CARTESIAN_POINT('',(0.0556289559311743,-0.0605,0.02039593519296));
#1359=CARTESIAN_POINT('',(0.0750209137844043,-5.01131665339464E-21,0.031968343854165));
#1360=CARTESIAN_POINT('',(0.075020760811828,-0.00492653423456001,0.0319683550370581));
#1361=CARTESIAN_POINT('',(0.0750032539939672,-0.0141495145389908,0.0320109951496921));
#1362=CARTESIAN_POINT('',(0.0741510138142025,-0.0273942941354117,0.0315715273586363));
#1363=CARTESIAN_POINT('',(0.0729627122509049,-0.0366019388673318,0.0308892365031087));
#1364=CARTESIAN_POINT('',(0.0712732033921584,-0.0440939975171983,0.029875450997305));
#1365=CARTESIAN_POINT('',(0.0693915128892545,-0.0494177107920956,0.0287324133614628));
#1366=CARTESIAN_POINT('',(0.0675012994596533,-0.0530955200209883,0.0275921714545444));
#1367=CARTESIAN_POINT('',(0.065713065445459,-0.0556020161160565,0.0265331886249148));
#1368=CARTESIAN_POINT('',(0.0640580138980196,-0.0573022611227935,0.0255776308821483));
#1369=CARTESIAN_POINT('',(0.0625189975918389,-0.0584899592117097,0.024711101315356));
#1370=CARTESIAN_POINT('',(0.0610061538344054,-0.0593598688720502,0.0238784665671521));
#1371=CARTESIAN_POINT('',(0.0594577656250023,-0.05997085842579,0.0230446818507892));
#1372=CARTESIAN_POINT('',(0.0577093008958767,-0.060392709696644,0.0221189554355231));
#1373=CARTESIAN_POINT('',(0.0564711283984167,-0.0605000449886366,0.0214726383861255));
#1374=CARTESIAN_POINT('',(0.0557274776429613,-0.0605,0.0210866845771152));
#1375=CARTESIAN_POINT('',(0.0748933176429711,3.81023971788551E-20,0.0330745677922537));
#1376=CARTESIAN_POINT('',(0.0748931613076643,-0.00492689732883235,0.0330745512578934));
#1377=CARTESIAN_POINT('',(0.0748706922151363,-0.0141513968006016,0.033108790141854));
#1378=CARTESIAN_POINT('',(0.0740187469438034,-0.0273974110416753,0.032641527908496));
#1379=CARTESIAN_POINT('',(0.0728378042912742,-0.0366049604865522,0.0319294623192662));
#1380=CARTESIAN_POINT('',(0.071163854965103,-0.0440956849283091,0.0308782949428355));
#1381=CARTESIAN_POINT('',(0.0693025705438496,-0.0494173700747086,0.0296963079943365));
#1382=CARTESIAN_POINT('',(0.0674345015078684,-0.0530933923138487,0.0285190092838036));
#1383=CARTESIAN_POINT('',(0.0656677216801716,-0.0555990897110397,0.0274265939551699));
#1384=CARTESIAN_POINT('',(0.0640321013775603,-0.0572996851780815,0.0264411299365464));
#1385=CARTESIAN_POINT('',(0.0625103106420501,-0.0584883962068696,0.0255470821378342));
#1386=CARTESIAN_POINT('',(0.0610135877288016,-0.0593594969192736,0.0246870819821893));
#1387=CARTESIAN_POINT('',(0.0594812682299081,-0.0599713106130984,0.0238240845116252));
#1388=CARTESIAN_POINT('',(0.0577517618170513,-0.0603932272479316,0.0228626599988622));
#1389=CARTESIAN_POINT('',(0.0565289092123857,-0.0605000657443983,0.0221876896213017));
#1390=CARTESIAN_POINT('',(0.0557958700122945,-0.0605,0.0217823552963401));
#1391=CARTESIAN_POINT('',(0.0746935342716393,-1.47398272062026E-19,0.0341705873647395));
#1392=CARTESIAN_POINT('',(0.0746933665277261,-0.00492526866643006,0.0341704498242106));
#1393=CARTESIAN_POINT('',(0.0746833152202031,-0.0141501498940705,0.0341739258085466));
#1394=CARTESIAN_POINT('',(0.0738649373162288,-0.027396444255331,0.0336270294474771));
#1395=CARTESIAN_POINT('',(0.0727139414460903,-0.0366025360255541,0.0328456839725635));
#1396=CARTESIAN_POINT('',(0.0710705044569005,-0.0440890138294839,0.0317301335486566));
#1397=CARTESIAN_POINT('',(0.0692367634869067,-0.0494053024149062,0.0305010682447353));
#1398=CARTESIAN_POINT('',(0.0673928301421251,-0.0530777581363292,0.0292938915813199));
#1399=CARTESIAN_POINT('',(0.0656457282571166,-0.0555835489991054,0.0281846597000788));
#1400=CARTESIAN_POINT('',(0.0640244013690381,-0.0572875844105669,0.0271904820848114));
#1401=CARTESIAN_POINT('',(0.0625121547842235,-0.0584810497685276,0.0262912818175495));
#1402=CARTESIAN_POINT('',(0.0610219154019151,-0.0593567082349233,0.0254268362586013));
#1403=CARTESIAN_POINT('',(0.0594948771977233,-0.0599714112830553,0.0245575898638447));
#1404=CARTESIAN_POINT('',(0.0577731059353419,-0.0603940081933957,0.0235845464967775));
#1405=CARTESIAN_POINT('',(0.0565593548721247,-0.0605000822603712,0.0228960983184257));
#1406=CARTESIAN_POINT('',(0.0558338021039467,-0.0605,0.0224800053936006));
#1407=CARTESIAN_POINT('',(0.0744224663801649,5.51490691069248E-19,0.0352510434780208));
#1408=CARTESIAN_POINT('',(0.0744223024324029,-0.00492302293368033,0.0352508516779555));
#1409=CARTESIAN_POINT('',(0.0744309381962417,-0.0141472105442575,0.0352307884081902));
#1410=CARTESIAN_POINT('',(0.0736610565879568,-0.0273955853707393,0.0346244285868735));
#1411=CARTESIAN_POINT('',(0.0725518829349184,-0.0366051538996625,0.0337913826254893));
#1412=CARTESIAN_POINT('',(0.0709473945234959,-0.0440965664926847,0.032625542576959));
#1413=CARTESIAN_POINT('',(0.0691430333658212,-0.0494177647930403,0.0313550148944141));
#1414=CARTESIAN_POINT('',(0.0673194101624705,-0.0530936994527465,0.0301150434015785));
#1415=CARTESIAN_POINT('',(0.0655860175775002,-0.055600645943937,0.0289800010151869));
#1416=CARTESIAN_POINT('',(0.0639747461237184,-0.057303341829173,0.0279650455623411));
#1417=CARTESIAN_POINT('',(0.0624713947029897,-0.0584937496084019,0.0270483512439708));
#1418=CARTESIAN_POINT('',(0.0609905001584498,-0.0593653650607735,0.0261680944917589));
#1419=CARTESIAN_POINT('',(0.05947426096156,-0.0599758738783885,0.0252841496250782));
#1420=CARTESIAN_POINT('',(0.0577657433987815,-0.06039496001883,0.0242963778309692));
#1421=CARTESIAN_POINT('',(0.0565614947401213,-0.060500072336865,0.0235992420846276));
#1422=CARTESIAN_POINT('',(0.0558412553474161,-0.0605,0.0231787381340642));
#1423=CARTESIAN_POINT('',(0.0740812639217279,-2.05856449221497E-18,0.0363114802784097));
#1424=CARTESIAN_POINT('',(0.0740810953390625,-0.00492161511165173,0.036311365283494));
#1425=CARTESIAN_POINT('',(0.0741016681843367,-0.0141452508603669,0.0362813604812047));
#1426=CARTESIAN_POINT('',(0.0733677879335056,-0.0273965132093931,0.0356517579191119));
#1427=CARTESIAN_POINT('',(0.0722929160061086,-0.0366114130997758,0.0347988689028021));
#1428=CARTESIAN_POINT('',(0.0707247422546307,-0.0441119506132598,0.0336094792435298));
#1429=CARTESIAN_POINT('',(0.0689513796400168,-0.0494433451452514,0.0323097193856864));
#1430=CARTESIAN_POINT('',(0.0671518963028129,-0.0531262444146759,0.0310343665073208));
#1431=CARTESIAN_POINT('',(0.0654377684339276,-0.0556341732102234,0.0298607643348721));
#1432=CARTESIAN_POINT('',(0.0638443394340757,-0.0573321178007009,0.0288074669551264));
#1433=CARTESIAN_POINT('',(0.0623596109729351,-0.0585148762555478,0.0278551165553636));
#1434=CARTESIAN_POINT('',(0.0608992981720858,-0.0593780644805796,0.026941616068804));
#1435=CARTESIAN_POINT('',(0.0594056006998903,-0.0599813949115424,0.0260276974342691));
#1436=CARTESIAN_POINT('',(0.0577214771939713,-0.0603957021375463,0.0250126848111181));
#1437=CARTESIAN_POINT('',(0.0565315996897668,-0.0605000562579177,0.024302618460928));
#1438=CARTESIAN_POINT('',(0.0558182011952657,-0.0605,0.0238771056372209));
#1439=CARTESIAN_POINT('',(0.0736713930456466,5.4887502610894E-19,0.0373473031282745));
#1440=CARTESIAN_POINT('',(0.0736712129198297,-0.00492142008661792,0.0373472319291038));
#1441=CARTESIAN_POINT('',(0.073688945171549,-0.0141451029768477,0.0373261860369556));
#1442=CARTESIAN_POINT('',(0.0729653662503776,-0.0273982949996974,0.0367035366182202));
#1443=CARTESIAN_POINT('',(0.0719089386514542,-0.0366160295799288,0.0358484355478306));
#1444=CARTESIAN_POINT('',(0.0703698638794085,-0.0441210859517111,0.0346456933037415));
#1445=CARTESIAN_POINT('',(0.0686302938633009,-0.0494576454066745,0.033321487981598));
#1446=CARTESIAN_POINT('',(0.0668651863243494,-0.0531443786344697,0.032012251737748));
#1447=CARTESIAN_POINT('',(0.0651840476548557,-0.0556531753640402,0.0307989983469151));
#1448=CARTESIAN_POINT('',(0.063622345847225,-0.0573488175247659,0.0297039596086248));
#1449=CARTESIAN_POINT('',(0.0621686740846661,-0.0585274493457092,0.0287106191671896));
#1450=CARTESIAN_POINT('',(0.0607402751836392,-0.0593858210344086,0.0277564937117998));
#1451=CARTESIAN_POINT('',(0.0592799738928524,-0.0599848139925265,0.0268025205148468));
#1452=CARTESIAN_POINT('',(0.0576324537670432,-0.0603961130654472,0.0257461787654275));
#1453=CARTESIAN_POINT('',(0.0564659112026016,-0.0605000360218902,0.0250114721354358));
#1454=CARTESIAN_POINT('',(0.0557646872251671,-0.0605,0.0245738080522225));
#1455=CARTESIAN_POINT('',(0.0731416350257843,-2.13136794257431E-19,0.0384659495478255));
#1456=CARTESIAN_POINT('',(0.0731414532703888,-0.00492151812818143,0.0384658869581047));
#1457=CARTESIAN_POINT('',(0.0731484711678486,-0.0141452104543595,0.0384605517900314));
#1458=CARTESIAN_POINT('',(0.0724250928063052,-0.027398944795448,0.0378548963111185));
#1459=CARTESIAN_POINT('',(0.0713839263523899,-0.0366173978054768,0.0370019462927445));
#1460=CARTESIAN_POINT('',(0.0698775024443928,-0.0441235931923777,0.0357856563721185));
#1461=CARTESIAN_POINT('',(0.0681808224693904,-0.049461519152345,0.0344346372011519));
#1462=CARTESIAN_POINT('',(0.0664623873068429,-0.0531493757203627,0.0330896654262289));
#1463=CARTESIAN_POINT('',(0.064827276043853,-0.055658565857634,0.0318361692954005));
#1464=CARTESIAN_POINT('',(0.0633092064085869,-0.0573537117606727,0.0306994789034356));
#1465=CARTESIAN_POINT('',(0.0618966718583666,-0.0585312582082313,0.0296649914035503));
#1466=CARTESIAN_POINT('',(0.0605090165753725,-0.0593882584641427,0.0286691657744972));
#1467=CARTESIAN_POINT('',(0.0590904087491148,-0.0599859291850285,0.0276721538282957));
#1468=CARTESIAN_POINT('',(0.0574893111529583,-0.0603962512821195,0.0265679564383816));
#1469=CARTESIAN_POINT('',(0.0563545088491282,-0.0605000264682559,0.0258007307433486));
#1470=CARTESIAN_POINT('',(0.0556714961258138,-0.0605,0.0253445862720164));
#1471=CARTESIAN_POINT('',(0.0724050183422189,1.5051473536367E-19,0.0397564210860058));
#1472=CARTESIAN_POINT('',(0.0724048437514974,-0.00492133441006428,0.0397563496123141));
#1473=CARTESIAN_POINT('',(0.0723925446108129,-0.0141445246404834,0.0397750447703672));
#1474=CARTESIAN_POINT('',(0.071659732825101,-0.0273978761831707,0.0392019209244794));
#1475=CARTESIAN_POINT('',(0.0706328062239622,-0.0366161700194754,0.0383604752110011));
#1476=CARTESIAN_POINT('',(0.0691671668300145,-0.0441224280208887,0.0371342499421185));
#1477=CARTESIAN_POINT('',(0.0675284017705142,-0.0494606665348559,0.0357544969632302));
#1478=CARTESIAN_POINT('',(0.0658750416148742,-0.0531489571547547,0.0343686678165994));
#1479=CARTESIAN_POINT('',(0.0643048529026637,-0.055658498950467,0.03306854242957));
#1480=CARTESIAN_POINT('',(0.0628481745121631,-0.0573537986928681,0.0318835781699027));
#1481=CARTESIAN_POINT('',(0.0614929041533927,-0.058531340421464,0.030801445192565));
#1482=CARTESIAN_POINT('',(0.0601612461413025,-0.059388257437186,0.0297572694517721));
#1483=CARTESIAN_POINT('',(0.0587992734406598,-0.0599858521921895,0.0287100560862797));
#1484=CARTESIAN_POINT('',(0.0572611086156505,-0.0603961789171611,0.0275492353994579));
#1485=CARTESIAN_POINT('',(0.0561699281116658,-0.0605000233507302,0.0267423893194436));
#1486=CARTESIAN_POINT('',(0.0555126874926571,-0.0605,0.0262628008355452));
#1487=CARTESIAN_POINT('',(0.0714015204739675,-4.31165622278604E-20,0.0411711987490256));
#1488=CARTESIAN_POINT('',(0.0714013774802682,-0.00491991392210692,0.0411710625316114));
#1489=CARTESIAN_POINT('',(0.0713771028282785,-0.0141414632436725,0.0411994227136045));
#1490=CARTESIAN_POINT('',(0.070656300379584,-0.0273928986337979,0.0406328623980095));
#1491=CARTESIAN_POINT('',(0.0696641606718885,-0.0366096048120215,0.0397852483226964));
#1492=CARTESIAN_POINT('',(0.0682615167170691,-0.0441139136532668,0.0385379475446038));
#1493=CARTESIAN_POINT('',(0.066701029556918,-0.049450216138975,0.0371268366570802));
#1494=CARTESIAN_POINT('',(0.0651304091403276,-0.0531373767747731,0.0357046846191075));
#1495=CARTESIAN_POINT('',(0.0636396297327656,-0.0556471943259285,0.0343671852384661));
#1496=CARTESIAN_POINT('',(0.0622554529919615,-0.0573441640548831,0.033145634723502));
#1497=CARTESIAN_POINT('',(0.0609656621744954,-0.0585241361612429,0.0320282233119939));
#1498=CARTESIAN_POINT('',(0.0596962678048822,-0.0593837628801409,0.0309484358376569));
#1499=CARTESIAN_POINT('',(0.058395956546022,-0.0599838139025892,0.0298638433577625));
#1500=CARTESIAN_POINT('',(0.0569263599478171,-0.0603959180354456,0.0286594980649283));
#1501=CARTESIAN_POINT('',(0.0558842562390417,-0.0605000394153395,0.0278202196586647));
#1502=CARTESIAN_POINT('',(0.0552576540848991,-0.0605,0.0273198538937654));
#1503=CARTESIAN_POINT('',(0.0702500659051675,4.70488865662683E-21,0.0424681388157656));
#1504=CARTESIAN_POINT('',(0.070250026048003,-0.0049175942245084,0.0424679164802481));
#1505=CARTESIAN_POINT('',(0.070246984848738,-0.01413642954707,0.0424734544557637));
#1506=CARTESIAN_POINT('',(0.0696041716066034,-0.027384507169099,0.0418576276576238));
#1507=CARTESIAN_POINT('',(0.068695938483756,-0.0365989448308173,0.0409693227443554));
#1508=CARTESIAN_POINT('',(0.0673956942321273,-0.0441018436952169,0.0396814105870418));
#1509=CARTESIAN_POINT('',(0.065936634719852,-0.0494378815131989,0.0382341979569804));
#1510=CARTESIAN_POINT('',(0.0644557978821272,-0.0531255690534746,0.0367829539475673));
#1511=CARTESIAN_POINT('',(0.0630388179274199,-0.0556366108943237,0.0354249653665543));
#1512=CARTESIAN_POINT('',(0.0617131609143516,-0.0573355986604236,0.0341909969356913));
#1513=CARTESIAN_POINT('',(0.0604704198891171,-0.0585180819128419,0.0330668611029494));
#1514=CARTESIAN_POINT('',(0.0592415771498796,-0.0593803486331536,0.0319839905988372));
#1515=CARTESIAN_POINT('',(0.0579782298174928,-0.0599825879490423,0.0308989248703324));
#1516=CARTESIAN_POINT('',(0.0565481858634216,-0.0603959681519662,0.0296953953103718));
#1517=CARTESIAN_POINT('',(0.0555345936941665,-0.0605000547883815,0.0288565520365254));
#1518=CARTESIAN_POINT('',(0.0549263640419278,-0.0605,0.0283556830768426));
#1519=CARTESIAN_POINT('',(0.0690680477938895,-1.21206470247065E-21,0.0435613909803042));
#1520=CARTESIAN_POINT('',(0.0690679901980052,-0.00491689430817847,0.0435612264538921));
#1521=CARTESIAN_POINT('',(0.069089210570158,-0.0141336210042661,0.0435390619388877));
#1522=CARTESIAN_POINT('',(0.0685259382775672,-0.0273773093304367,0.0428731987460359));
#1523=CARTESIAN_POINT('',(0.0676951703381447,-0.036587454897018,0.0419551936570766));
#1524=CARTESIAN_POINT('',(0.0664807195148769,-0.0440861939757573,0.0406552403924289));
#1525=CARTESIAN_POINT('',(0.0651049499862501,-0.049420664282251,0.0392095199835669));
#1526=CARTESIAN_POINT('',(0.0637025219773259,-0.0531105122931359,0.0377618413522635));
#1527=CARTESIAN_POINT('',(0.0623564338391762,-0.0556261180164883,0.036402602233254));
#1528=CARTESIAN_POINT('',(0.0610930323353682,-0.0573297318938951,0.0351615875945416));
#1529=CARTESIAN_POINT('',(0.0599049889484779,-0.0585154932302197,0.0340273825749233));
#1530=CARTESIAN_POINT('',(0.0587268354006706,-0.0593796150380052,0.0329335288851734));
#1531=CARTESIAN_POINT('',(0.0575117057022352,-0.0599824738797139,0.0318388483165548));
#1532=CARTESIAN_POINT('',(0.0561313848838163,-0.0603959274394168,0.0306293841252694));
#1533=CARTESIAN_POINT('',(0.0551485415729532,-0.0605000445377365,0.0297919935145488));
#1534=CARTESIAN_POINT('',(0.0545567199095126,-0.0605,0.0292948301565727));
#1535=CARTESIAN_POINT('',(0.0677965114592772,7.49402504491134E-22,0.0445467990033507));
#1536=CARTESIAN_POINT('',(0.0677963894850718,-0.00491554291628707,0.0445466744040169));
#1537=CARTESIAN_POINT('',(0.0678228886016468,-0.0141293039139408,0.0445226349582542));
#1538=CARTESIAN_POINT('',(0.0673031713443118,-0.0273681337564805,0.0438582386484158));
#1539=CARTESIAN_POINT('',(0.0665254601112386,-0.0365739304025946,0.042945849917151));
#1540=CARTESIAN_POINT('',(0.0653814403348395,-0.0440676710082765,0.0416568962803443));
#1541=CARTESIAN_POINT('',(0.0640837218721338,-0.0493979998983811,0.0402242058032758));
#1542=CARTESIAN_POINT('',(0.0627624649577709,-0.053086591929452,0.038786510436408));
#1543=CARTESIAN_POINT('',(0.0614961928785253,-0.0556045739622676,0.0374300478926368));
#1544=CARTESIAN_POINT('',(0.0603082657082296,-0.0573130821510476,0.0361830110065951));
#1545=CARTESIAN_POINT('',(0.0591904306627732,-0.0585042343281577,0.0350358309322431));
#1546=CARTESIAN_POINT('',(0.0580805118197872,-0.059373224847178,0.0339236438699655));
#1547=CARTESIAN_POINT('',(0.0569337379941144,-0.0599796596595398,0.0328063913545025));
#1548=CARTESIAN_POINT('',(0.0556282610284233,-0.0603953885985569,0.0315707291240489));
#1549=CARTESIAN_POINT('',(0.0546958055484002,-0.0605000361305029,0.0307167122345199));
#1550=CARTESIAN_POINT('',(0.0541325605143899,-0.0605000000000001,0.0302116429782919));
#1551=CARTESIAN_POINT('',(0.0663199085001033,-2.14750885465624E-22,0.0454733373178673));
#1552=CARTESIAN_POINT('',(0.0663198040721129,-0.00491227323676359,0.045473201526056));
#1553=CARTESIAN_POINT('',(0.0663254704595981,-0.0141216226913185,0.0454737044763885));
#1554=CARTESIAN_POINT('',(0.0658071712268519,-0.0273541072356877,0.044862722773193));
#1555=CARTESIAN_POINT('',(0.0650628392069962,-0.0365545275302261,0.0439906730227623));
#1556=CARTESIAN_POINT('',(0.0639916788632704,-0.0440426057801958,0.0427328477423945));
#1557=CARTESIAN_POINT('',(0.0627919687964984,-0.0493686641593876,0.0413174864087015));
#1558=CARTESIAN_POINT('',(0.0615791322474526,-0.053055945846385,0.0398849149578247));
#1559=CARTESIAN_POINT('',(0.0604200450143646,-0.0555761482737097,0.0385237181263519));
#1560=CARTESIAN_POINT('',(0.0593319441409003,-0.0572897246428593,0.0372642004351561));
#1561=CARTESIAN_POINT('',(0.0583051830241838,-0.0584871247166424,0.0360993933775727));
#1562=CARTESIAN_POINT('',(0.057282101046171,-0.0593625260717082,0.0349653756827457));
#1563=CARTESIAN_POINT('',(0.0562208109535553,-0.0599745103039914,0.0338223767240035));
#1564=CARTESIAN_POINT('',(0.0550086157861714,-0.060394368063886,0.0325559026431154));
#1565=CARTESIAN_POINT('',(0.05414039557253,-0.0605000420908933,0.0316798810892158));
#1566=CARTESIAN_POINT('',(0.0536154316704658,-0.0605,0.031161928867576));
#1567=CARTESIAN_POINT('',(0.0647962280576266,2.37006831851105E-23,0.0462122405341632));
#1568=CARTESIAN_POINT('',(0.0647961608623228,-0.00490851240573406,0.0462120869690999));
#1569=CARTESIAN_POINT('',(0.0647783199548248,-0.0141127325221909,0.0462327845175773));
#1570=CARTESIAN_POINT('',(0.0642619638113801,-0.0273375889090694,0.0456723923353899));
#1571=CARTESIAN_POINT('',(0.0635530907076465,-0.0365317160284953,0.0448434352490823));
#1572=CARTESIAN_POINT('',(0.06255560698405,-0.0440132147442741,0.0436265876066271));
#1573=CARTESIAN_POINT('',(0.0614519830955267,-0.0493339292882591,0.042244303772391));
#1574=CARTESIAN_POINT('',(0.0603439724058693,-0.0530189104616702,0.040836305265231));
#1575=CARTESIAN_POINT('',(0.0592881117297913,-0.0555409618006408,0.0394909806112782));
#1576=CARTESIAN_POINT('',(0.0582959895400767,-0.057260166149601,0.0382388957057107));
#1577=CARTESIAN_POINT('',(0.057356418714751,-0.058465079837762,0.037074862567273));
#1578=CARTESIAN_POINT('',(0.056415860561916,-0.0593485510725406,0.0359366083204783));
#1579=CARTESIAN_POINT('',(0.0554349728634854,-0.0599677567706369,0.0347851987310234));
#1580=CARTESIAN_POINT('',(0.0543099157694836,-0.060393069087295,0.0335068498162848));
#1581=CARTESIAN_POINT('',(0.0535018725681612,-0.0605000571776846,0.0326217761546257));
#1582=CARTESIAN_POINT('',(0.0530134623239793,-0.0605,0.0320983453578192));
#1583=CARTESIAN_POINT('',(0.0634546189480504,-4.15889641439528E-24,0.0467130699415809));
#1584=CARTESIAN_POINT('',(0.0634546639068542,-0.00490659853335535,0.0467129427833371));
#1585=CARTESIAN_POINT('',(0.0634228021179263,-0.0141069339235014,0.0467353861998819));
#1586=CARTESIAN_POINT('',(0.0629144296086099,-0.0273223842161552,0.0461980807163551));
#1587=CARTESIAN_POINT('',(0.0622411027554289,-0.0365069994118118,0.0453994892441654));
#1588=CARTESIAN_POINT('',(0.0613161311042943,-0.0439787125392967,0.0442226934945308));
#1589=CARTESIAN_POINT('',(0.060307577814665,-0.0492932588410118,0.0428797295093933));
#1590=CARTESIAN_POINT('',(0.0593006519107469,-0.0529773567611756,0.0415045668328756));
#1591=CARTESIAN_POINT('',(0.0583390945062597,-0.0555032954766572,0.0401840308229894));
#1592=CARTESIAN_POINT('',(0.0574283388592925,-0.0572295869073761,0.0389498193483765));
#1593=CARTESIAN_POINT('',(0.0565570284126275,-0.0584427608966807,0.0377992066494827));
#1594=CARTESIAN_POINT('',(0.0556760193971068,-0.0593346194564724,0.036672243510337));
#1595=CARTESIAN_POINT('',(0.054748137712639,-0.0599611369704923,0.0355315982652045));
#1596=CARTESIAN_POINT('',(0.0536764800701877,-0.0603918733610831,0.0342658702726128));
#1597=CARTESIAN_POINT('',(0.0529036946369939,-0.0605000762601693,0.0333906207162772));
#1598=CARTESIAN_POINT('',(0.0524370254636428,-0.0605000000000001,0.0328732976680985));
#1599=CARTESIAN_POINT('',(0.0623015673678892,9.77097461315711E-25,0.0470493256713693));
#1600=CARTESIAN_POINT('',(0.0623016132392695,-0.00490648166587487,0.0470492392203636));
#1601=CARTESIAN_POINT('',(0.0622790338272491,-0.0141043353526678,0.0470575842436639));
#1602=CARTESIAN_POINT('',(0.0618104023731409,-0.0273120120641171,0.0465131955325351));
#1603=CARTESIAN_POINT('',(0.0611821850922854,-0.036487579947099,0.0457258516186464));
#1604=CARTESIAN_POINT('',(0.0603176135821232,-0.0439481411163113,0.0445814501824175));
#1605=CARTESIAN_POINT('',(0.0593782148114101,-0.0492535300543301,0.0432832068126897));
#1606=CARTESIAN_POINT('',(0.0584439708721771,-0.052933940280041,0.0419541340300061));
#1607=CARTESIAN_POINT('',(0.0575522915289188,-0.0554625971988155,0.0406731078188864));
#1608=CARTESIAN_POINT('',(0.0567038688998602,-0.0571964643511744,0.0394686948383291));
#1609=CARTESIAN_POINT('',(0.0558857225085919,-0.058419018714989,0.0383397231399909));
#1610=CARTESIAN_POINT('',(0.0550510601546976,-0.0593202889986365,0.0372296201233303));
#1611=CARTESIAN_POINT('',(0.0541634688784649,-0.0599545914743813,0.0361038336742479));
#1612=CARTESIAN_POINT('',(0.053130296810979,-0.0603907414669593,0.0348556460669952));
#1613=CARTESIAN_POINT('',(0.0523805424151307,-0.0605000865561624,0.0339953671876189));
#1614=CARTESIAN_POINT('',(0.0519268604118713,-0.0605,0.0334885479569378));
#1615=CARTESIAN_POINT('',(0.0612284307814393,-2.63092818438655E-25,0.0472886234862875));
#1616=CARTESIAN_POINT('',(0.0612284706059568,-0.00490678289031535,0.0472885490559653));
#1617=CARTESIAN_POINT('',(0.0612255339755324,-0.0141023360799718,0.0472816936444656));
#1618=CARTESIAN_POINT('',(0.0608172838854051,-0.0273040505296487,0.0467268893982708));
#1619=CARTESIAN_POINT('',(0.0602453737344634,-0.0364731376880193,0.0459467731996649));
#1620=CARTESIAN_POINT('',(0.0594391311428503,-0.0439249704479639,0.044829791883533));
#1621=CARTESIAN_POINT('',(0.0585531429000455,-0.0492209601619118,0.0435738284038037));
#1622=CARTESIAN_POINT('',(0.0576697893978041,-0.0528945231182359,0.0422936917698816));
#1623=CARTESIAN_POINT('',(0.0568281253383573,-0.0554219591263795,0.0410594587219298));
#1624=CARTESIAN_POINT('',(0.0560282332971422,-0.0571609387748155,0.0398931600240648));
#1625=CARTESIAN_POINT('',(0.0552551649674023,-0.0583923300094852,0.038792077185366));
#1626=CARTESIAN_POINT('',(0.0544626592329863,-0.0593037287825139,0.0377021217771338));
#1627=CARTESIAN_POINT('',(0.0536138807888289,-0.0599469721365055,0.0365911377127858));
#1628=CARTESIAN_POINT('',(0.052618889063636,-0.0603894243180686,0.0353580274757785));
#1629=CARTESIAN_POINT('',(0.0518919350461828,-0.0605000965932754,0.0345104870350592));
#1630=CARTESIAN_POINT('',(0.0514505923966188,-0.0605,0.0340132727103735));
#1631=CARTESIAN_POINT('',(0.0601823030170591,5.64756662790435E-26,0.0474527538738855));
#1632=CARTESIAN_POINT('',(0.0601823255593015,-0.00490625901399536,0.0474526665795254));
#1633=CARTESIAN_POINT('',(0.0601970804935139,-0.0140990142471926,0.0474392754587423));
#1634=CARTESIAN_POINT('',(0.0598433764170793,-0.0272957590396127,0.0468899009658995));
#1635=CARTESIAN_POINT('',(0.0593225893928662,-0.0364602122853033,0.0461263919721666));
#1636=CARTESIAN_POINT('',(0.0585696877395993,-0.043905685904745,0.0450403565410513));
#1637=CARTESIAN_POINT('',(0.0577322626514349,-0.0491937439977256,0.0438250282519211));
#1638=CARTESIAN_POINT('',(0.0568944752479718,-0.0528598775622096,0.0425905105793589));
#1639=CARTESIAN_POINT('',(0.0560978069220698,-0.0553836214273757,0.0414011244189589));
#1640=CARTESIAN_POINT('',(0.055343447687332,-0.0571248805016402,0.0402732620477447));
#1641=CARTESIAN_POINT('',(0.0546153435020694,-0.0583634179064114,0.0392011468759294));
#1642=CARTESIAN_POINT('',(0.0538676571721072,-0.0592847146799377,0.0381314830462787));
#1643=CARTESIAN_POINT('',(0.0530630400371008,-0.0599378404419913,0.0370328303474718));
#1644=CARTESIAN_POINT('',(0.0521141214341211,-0.0603877655114845,0.0358088459606818));
#1645=CARTESIAN_POINT('',(0.0514163106554645,-0.0605001119316071,0.0349681587353912));
#1646=CARTESIAN_POINT('',(0.0509910319377401,-0.0605,0.0344769680632351));
#1647=CARTESIAN_POINT('',(0.0592380615681648,-4.4560222919722E-27,0.0475383808476196));
#1648=CARTESIAN_POINT('',(0.0592380876179849,-0.00490481562232631,0.047538276460744));
#1649=CARTESIAN_POINT('',(0.0592616033807228,-0.0140944361095949,0.047527592526675));
#1650=CARTESIAN_POINT('',(0.0589423880003575,-0.0272862912566468,0.0469985339641737));
#1651=CARTESIAN_POINT('',(0.0584587189613066,-0.0364464048142464,0.0462599829459248));
#1652=CARTESIAN_POINT('',(0.0577512065864485,-0.0438862434000047,0.0452076743609889));
#1653=CARTESIAN_POINT('',(0.0569610545579433,-0.0491676646306074,0.0440300700159281));
#1654=CARTESIAN_POINT('',(0.056170901718459,-0.0528276771363934,0.042834369841916));
#1655=CARTESIAN_POINT('',(0.0554217708936832,-0.0553481827752602,0.0416816465165575));
#1656=CARTESIAN_POINT('',(0.0547148049867992,-0.0570910388500322,0.0405849178253916));
#1657=CARTESIAN_POINT('',(0.0540330717827241,-0.0583355769180117,0.0395361930793919));
#1658=CARTESIAN_POINT('',(0.0533316144501382,-0.0592658119872631,0.0384823907751993));
#1659=CARTESIAN_POINT('',(0.0525728356413821,-0.0599284737823424,0.0373918605086737));
#1660=CARTESIAN_POINT('',(0.0516721358595137,-0.0603859861552161,0.0361715613389984));
#1661=CARTESIAN_POINT('',(0.0510052020675873,-0.06050013047717,0.035332999347685));
#1662=CARTESIAN_POINT('',(0.0505971491868831,-0.0605,0.0348446443985063));
#1663=CARTESIAN_POINT('',(0.0585615952101893,2.97548287957481E-28,0.0475703381492757));
#1664=CARTESIAN_POINT('',(0.0585616230080256,-0.00490319588503055,0.0475702261239487));
#1665=CARTESIAN_POINT('',(0.0585857293540025,-0.0140905581694318,0.0475648675725063));
#1666=CARTESIAN_POINT('',(0.0582809084541818,-0.0272792877977983,0.0470567889286213));
#1667=CARTESIAN_POINT('',(0.0578173308924955,-0.0364366409299167,0.0463405803392343));
#1668=CARTESIAN_POINT('',(0.0571388800486201,-0.0438727197117865,0.0453154890692472));
#1669=CARTESIAN_POINT('',(0.056382030804085,-0.0491494902805123,0.0441663209626326));
#1670=CARTESIAN_POINT('',(0.0556270546309311,-0.0528049174654643,0.0429988114796105));
#1671=CARTESIAN_POINT('',(0.0549137401735264,-0.0553225483543943,0.0418724338593104));
#1672=CARTESIAN_POINT('',(0.0542429081972553,-0.0570658296361076,0.0407983214789631));
#1673=CARTESIAN_POINT('',(0.0535970193556869,-0.0583141745685544,0.0397669000053876));
#1674=CARTESIAN_POINT('',(0.0529319000982798,-0.0592507879583084,0.0387249095582951));
#1675=CARTESIAN_POINT('',(0.0522098693141746,-0.0599207992714564,0.0376399385081258));
#1676=CARTESIAN_POINT('',(0.051348472856223,-0.0603844674661397,0.0364208096046095));
#1677=CARTESIAN_POINT('',(0.05070708511797,-0.0605001477424428,0.0355820021694819));
#1678=CARTESIAN_POINT('',(0.0503133606517519,-0.0605,0.0350945607880328));
#1679=CARTESIAN_POINT('',(0.0580320945713822,-6.4553334989298E-29,0.0475739874316579));
#1680=CARTESIAN_POINT('',(0.0580321388688129,-0.00490165847397196,0.0475738627591465));
#1681=CARTESIAN_POINT('',(0.0580588754524307,-0.0140868054004317,0.0475749962477528));
#1682=CARTESIAN_POINT('',(0.0577695183641791,-0.0272726492114126,0.0470870051351072));
#1683=CARTESIAN_POINT('',(0.0573250283893401,-0.0364277133085074,0.0463902976291967));
#1684=CARTESIAN_POINT('',(0.056672592827182,-0.0438610202701179,0.0453871679763327));
#1685=CARTESIAN_POINT('',(0.0559446300113128,-0.0491345962426408,0.0442596128621922));
#1686=CARTESIAN_POINT('',(0.055219402972629,-0.0527869839789805,0.0431126494209653));
#1687=CARTESIAN_POINT('',(0.0545356454322438,-0.0553027872263131,0.042004983998267));
#1688=CARTESIAN_POINT('',(0.0538939920737392,-0.0570465417819549,0.04094671838202));
#1689=CARTESIAN_POINT('',(0.0532766622873769,-0.058297780733353,0.0399273004082525));
#1690=CARTESIAN_POINT('',(0.0526402952603491,-0.0592392093817179,0.0388933004406658));
#1691=CARTESIAN_POINT('',(0.0519472336767844,-0.0599148373909137,0.0378115996767943));
#1692=CARTESIAN_POINT('',(0.0511167058263651,-0.0603832723787388,0.0365921911033942));
#1693=CARTESIAN_POINT('',(0.0504952450231386,-0.0605001610623067,0.0357522828175073));
#1694=CARTESIAN_POINT('',(0.050112607661948,-0.0605,0.0352649861810447));
#1695=CARTESIAN_POINT('',(0.0576615563387092,4.12219358872695E-29,0.0475729409913624));
#1696=CARTESIAN_POINT('',(0.0576615876657763,-0.00490025397891006,0.0475728253468453));
#1697=CARTESIAN_POINT('',(0.0576802917036955,-0.0140845211496156,0.0475787604955723));
#1698=CARTESIAN_POINT('',(0.0573838654897952,-0.0272694303206758,0.0471065880488978));
#1699=CARTESIAN_POINT('',(0.0569405249978618,-0.0364234409149717,0.046425728236204));
#1700=CARTESIAN_POINT('',(0.0562976866523384,-0.0438547887985888,0.0454408486551703));
#1701=CARTESIAN_POINT('',(0.0555852512375556,-0.0491255165596221,0.0443315446237592));
#1702=CARTESIAN_POINT('',(0.0548789114407452,-0.0527747380616501,0.0432022381672317));
#1703=CARTESIAN_POINT('',(0.0542157657382121,-0.0552880914011589,0.0421110584633931));
#1704=CARTESIAN_POINT('',(0.0535958336838838,-0.057031251610982,0.0410672873443158));
#1705=CARTESIAN_POINT('',(0.0530008113418849,-0.0582841246762666,0.0400593948309217));
#1706=CARTESIAN_POINT('',(0.0523878078406931,-0.0592291415673506,0.0390336053725184));
#1707=CARTESIAN_POINT('',(0.0517191938758431,-0.0599094704414921,0.037955821585254));
#1708=CARTESIAN_POINT('',(0.0509155490775493,-0.0603821512446617,0.0367366916059942));
#1709=CARTESIAN_POINT('',(0.0503119900251874,-0.0605001752056804,0.0358955923861169));
#1710=CARTESIAN_POINT('',(0.0499394750971084,-0.0605,0.0354081218737176));
#1711=CARTESIAN_POINT('',(0.0571256523526752,-3.99683659269523E-29,0.0475735449098963));
#1712=CARTESIAN_POINT('',(0.0571256829450524,-0.00489845247622366,0.0475734319807286));
#1713=CARTESIAN_POINT('',(0.0571362914162732,-0.0140811121706999,0.0475860833864699));
#1714=CARTESIAN_POINT('',(0.056836896197192,-0.0272640667450568,0.0471351628733796));
#1715=CARTESIAN_POINT('',(0.0564009509128856,-0.0364162688131606,0.0464751371847195));
#1716=CARTESIAN_POINT('',(0.055777178400788,-0.0438449172679106,0.0455137373532874));
#1717=CARTESIAN_POINT('',(0.0550912411392098,-0.0491121011283182,0.0444274444135906));
#1718=CARTESIAN_POINT('',(0.0544150589829099,-0.05275754696173,0.0433200220364364));
#1719=CARTESIAN_POINT('',(0.0537833580445713,-0.0552680505289641,0.0422490461895911));
#1720=CARTESIAN_POINT('',(0.0531953504407493,-0.0570106310208177,0.0412229772056008));
#1721=CARTESIAN_POINT('',(0.0526322776995902,-0.0582657038028521,0.0402291866264358));
#1722=CARTESIAN_POINT('',(0.0520521800808637,-0.0592154558464878,0.0392134322722194));
#1723=CARTESIAN_POINT('',(0.051417606309584,-0.0599020822585744,0.0381402259908259));
#1724=CARTESIAN_POINT('',(0.0506511225293876,-0.0603805721535029,0.0369207899205276));
#1725=CARTESIAN_POINT('',(0.0500721725970415,-0.0605001952298926,0.0360775295792165));
#1726=CARTESIAN_POINT('',(0.0497135793915244,-0.0605,0.0355894253375176));
#1727=CARTESIAN_POINT('',(0.0564132310617007,1.56848292275783E-28,0.0475731843206525));
#1728=CARTESIAN_POINT('',(0.0564132555949021,-0.0048960675340369,0.0475730808014319));
#1729=CARTESIAN_POINT('',(0.056407625264728,-0.0140769103317633,0.0475942657316761));
#1730=CARTESIAN_POINT('',(0.0560954498230477,-0.027257660483651,0.0471706980568531));
#1731=CARTESIAN_POINT('',(0.0556641756769842,-0.0364076659478359,0.0465376061011967));
#1732=CARTESIAN_POINT('',(0.0550633238555736,-0.0438328358634452,0.0456065653991429));
#1733=CARTESIAN_POINT('',(0.0544125846054718,-0.0490953305149902,0.0445499427205047));
#1734=CARTESIAN_POINT('',(0.0537777619820039,-0.0527356319469375,0.0434706887498173));
#1735=CARTESIAN_POINT('',(0.0531896022518744,-0.0552419881119666,0.0424258277045655));
#1736=CARTESIAN_POINT('',(0.052645862523358,-0.0569832061935594,0.0414229865584373));
#1737=CARTESIAN_POINT('',(0.0521271487480216,-0.0582405994004925,0.0404481618916192));
#1738=CARTESIAN_POINT('',(0.0515929125882869,-0.0591962838097088,0.0394463543363785));
#1739=CARTESIAN_POINT('',(0.0510060921461227,-0.0598914353050195,0.0383798120225232));
#1740=CARTESIAN_POINT('',(0.0502920536758712,-0.0603782013793677,0.0371598979771695));
#1741=CARTESIAN_POINT('',(0.0497480275644754,-0.0605002265291951,0.0363130149277436));
#1742=CARTESIAN_POINT('',(0.0494092960167578,-0.0605000000000001,0.0358234435304144));
#1743=CARTESIAN_POINT('',(0.0554470752660334,-1.37475334405056E-27,0.0475733952970117));
#1744=CARTESIAN_POINT('',(0.0554470988846628,-0.00489325696392367,0.0475733014280803));
#1745=CARTESIAN_POINT('',(0.0554187242958881,-0.014071752146319,0.0476043165955871));
#1746=CARTESIAN_POINT('',(0.0550896621010036,-0.0272493827441595,0.0472132914299097));
#1747=CARTESIAN_POINT('',(0.054666289410674,-0.0363963252435333,0.0466126393001319));
#1748=CARTESIAN_POINT('',(0.0540993133067283,-0.0438169175354416,0.0457184967521982));
#1749=CARTESIAN_POINT('',(0.0534995995121972,-0.0490734612442967,0.044698086459381));
#1750=CARTESIAN_POINT('',(0.052923982172385,-0.0527072695712727,0.0436532571723688));
#1751=CARTESIAN_POINT('',(0.0523973193157163,-0.055208222499044,0.0426404270276215));
#1752=CARTESIAN_POINT('',(0.0519152140166081,-0.0569472647022548,0.0416664564216923));
#1753=CARTESIAN_POINT('',(0.0514576274817545,-0.0582070455799026,0.0407157992754493));
#1754=CARTESIAN_POINT('',(0.0509862561619047,-0.0591699473160673,0.0397324219566693));
#1755=CARTESIAN_POINT('',(0.0504647820409484,-0.0598763316662036,0.0386752105987477));
#1756=CARTESIAN_POINT('',(0.0498223891148342,-0.0603746693342409,0.0374547603715822));
#1757=CARTESIAN_POINT('',(0.0493258901396844,-0.0605002745408802,0.036602357748801));
#1758=CARTESIAN_POINT('',(0.0490142267512165,-0.0605,0.0361101381514315));
#1759=CARTESIAN_POINT('',(0.0542027419555136,7.3245432275529E-27,0.0475733167468929));
#1760=CARTESIAN_POINT('',(0.0542027594408036,-0.00489045990859086,0.0475732409477681));
#1761=CARTESIAN_POINT('',(0.0541426567992147,-0.0140664813039947,0.0476126183735712));
#1762=CARTESIAN_POINT('',(0.0537892845096243,-0.0272401942558462,0.047254201665184));
#1763=CARTESIAN_POINT('',(0.0533754605171167,-0.0363830339283608,0.0466882560163992));
#1764=CARTESIAN_POINT('',(0.0528530764055926,-0.0437975439683859,0.0458358644909541));
#1765=CARTESIAN_POINT('',(0.052321138636528,-0.0490463554657319,0.0448580991182452));
#1766=CARTESIAN_POINT('',(0.051824290637938,-0.0526717815933567,0.0438548490282286));
#1767=CARTESIAN_POINT('',(0.0513792740838123,-0.0551655635474174,0.0428813822238157));
#1768=CARTESIAN_POINT('',(0.050978637599777,-0.056901154006617,0.041943600493606));
#1769=CARTESIAN_POINT('',(0.0506015531032985,-0.058163051735392,0.0410241387386321));
#1770=CARTESIAN_POINT('',(0.0502128304971857,-0.0591343857376249,0.0400656560094644));
#1771=CARTESIAN_POINT('',(0.0497771434253185,-0.0598552093241889,0.0390223409433974));
#1772=CARTESIAN_POINT('',(0.0492281956618352,-0.0603694593195479,0.0378026753975306));
#1773=CARTESIAN_POINT('',(0.0487927391496451,-0.0605003468230909,0.0369431790839152));
#1774=CARTESIAN_POINT('',(0.0485156492033,-0.0605,0.036447270660283));
#1775=CARTESIAN_POINT('',(0.0525928579496275,-4.15025977530242E-26,0.0475733561679923));
#1776=CARTESIAN_POINT('',(0.0525928631041327,-0.00488881842530888,0.0475733031938773));
#1777=CARTESIAN_POINT('',(0.0525022964036469,-0.0140626659134864,0.0476132265561033));
#1778=CARTESIAN_POINT('',(0.0521370261628585,-0.0272318496644037,0.0472749778517732));
#1779=CARTESIAN_POINT('',(0.0517486748091677,-0.0363695640615554,0.0467374857709088));
#1780=CARTESIAN_POINT('',(0.0512925421535091,-0.0437764102155888,0.0459264369302924));
#1781=CARTESIAN_POINT('',(0.0508518425111625,-0.0490154316577995,0.0449961825811974));
#1782=CARTESIAN_POINT('',(0.0504568014339557,-0.0526299881296961,0.0440427474221179));
#1783=CARTESIAN_POINT('',(0.0501148159760623,-0.0551138424086046,0.0431187985853391));
#1784=CARTESIAN_POINT('',(0.0498152900785243,-0.0568433631213196,0.0422286826120979));
#1785=CARTESIAN_POINT('',(0.0495372193206771,-0.0581057521559025,0.0413527012299617));
#1786=CARTESIAN_POINT('',(0.0492498586754537,-0.0590858508182044,0.0404319200754852));
#1787=CARTESIAN_POINT('',(0.0489194156941193,-0.0598248349813312,0.0394138706902067));
#1788=CARTESIAN_POINT('',(0.0484844555351485,-0.0603614274484422,0.0382021328581019));
#1789=CARTESIAN_POINT('',(0.0481220525673797,-0.0605004687932212,0.0373359393155755));
#1790=CARTESIAN_POINT('',(0.0478861373453833,-0.0605,0.0368362196690362));
#1791=CARTESIAN_POINT('',(0.0505487950636787,4.05561617766203E-25,0.0475733340365084));
#1792=CARTESIAN_POINT('',(0.0505487923188434,-0.00488897228306693,0.0475732973299475));
#1793=CARTESIAN_POINT('',(0.0504495615311654,-0.0140614164850138,0.0476026336763278));
#1794=CARTESIAN_POINT('',(0.0501230233514482,-0.0272265705959029,0.0472653250942908));
#1795=CARTESIAN_POINT('',(0.0498022357516101,-0.0363592486116365,0.0467448254106793));
#1796=CARTESIAN_POINT('',(0.0494519070216841,-0.0437581792259642,0.0459703052956416));
#1797=CARTESIAN_POINT('',(0.049134125712994,-0.0489865380009187,0.0450891951220658));
#1798=CARTESIAN_POINT('',(0.0488646639587765,-0.0525883752551523,0.0441914997773948));
#1799=CARTESIAN_POINT('',(0.0486424458716853,-0.0550592365387358,0.0433257985912233));
#1800=CARTESIAN_POINT('',(0.0484550555855694,-0.0567784550131981,0.0424947090089949));
#1801=CARTESIAN_POINT('',(0.0482833118456782,-0.0580369652248586,0.04167638055017));
#1802=CARTESIAN_POINT('',(0.0481028410160001,-0.0590228986050275,0.0408107230918345));
#1803=CARTESIAN_POINT('',(0.0478828917954717,-0.0597819163812863,0.0398369321829276));
#1804=CARTESIAN_POINT('',(0.0475680013841827,-0.0603488462161096,0.0386478024640595));
#1805=CARTESIAN_POINT('',(0.047282909443836,-0.0605007053798802,0.0377762761421673));
#1806=CARTESIAN_POINT('',(0.0470922236243611,-0.0605,0.03727203211131));
#1807=CARTESIAN_POINT('',(0.048220828307897,-1.89843048339761E-24,0.0475733415513876));
#1808=CARTESIAN_POINT('',(0.048220812941393,-0.00489091719490074,0.0475733161421186));
#1809=CARTESIAN_POINT('',(0.0481607976526655,-0.0140630492457493,0.0475824234585768));
#1810=CARTESIAN_POINT('',(0.0479670944018708,-0.027225327723973,0.0472283794248007));
#1811=CARTESIAN_POINT('',(0.0477800403066252,-0.0363536136803437,0.0467131832726404));
#1812=CARTESIAN_POINT('',(0.0475823761422053,-0.0437450559424482,0.0459679186468817));
#1813=CARTESIAN_POINT('',(0.0474114741971748,-0.0489627731711953,0.0451332306947606));
#1814=CARTESIAN_POINT('',(0.0472745690521001,-0.0525512508880919,0.0442914647971684));
#1815=CARTESIAN_POINT('',(0.0471675588097055,-0.0550075145099091,0.0434860062607182));
#1816=CARTESIAN_POINT('',(0.0470798609855164,-0.0567135340100753,0.0427176853734084));
#1817=CARTESIAN_POINT('',(0.0469970999138198,-0.0579642469799239,0.0419631467923411));
#1818=CARTESIAN_POINT('',(0.0469023506545626,-0.0589519238557327,0.0411622169817684));
#1819=CARTESIAN_POINT('',(0.046768944662413,-0.0597298031935991,0.040246187725692));
#1820=CARTESIAN_POINT('',(0.0465474503421199,-0.0603323939235404,0.0390919714584968));
#1821=CARTESIAN_POINT('',(0.046322445356368,-0.0605011203120761,0.0382159513616768));
#1822=CARTESIAN_POINT('',(0.0461690978484439,-0.0605,0.0377072759680382));
#1823=CARTESIAN_POINT('',(0.0458113513650774,7.05263136869696E-24,0.0475733394191458));
#1824=CARTESIAN_POINT('',(0.0458114018087913,-0.00489196485718186,0.0475733111404879));
#1825=CARTESIAN_POINT('',(0.0458222850564281,-0.0140634413435485,0.0475694212397279));
#1826=CARTESIAN_POINT('',(0.045827467642584,-0.0272234120898938,0.0472109226817997));
#1827=CARTESIAN_POINT('',(0.0458211341462315,-0.0363485454097789,0.0467072805042137));
#1828=CARTESIAN_POINT('',(0.0458049157928751,-0.0437344379999855,0.0459909169482257));
#1829=CARTESIAN_POINT('',(0.0457852948721555,-0.0489435341315957,0.0451961914323951));
#1830=CARTESIAN_POINT('',(0.0457660582194937,-0.0525202370408729,0.0444008055715711));
#1831=CARTESIAN_POINT('',(0.0457474601476376,-0.054962752065361,0.0436456087681708));
#1832=CARTESIAN_POINT('',(0.0457266228976776,-0.0566553487501924,0.0429311833596139));
#1833=CARTESIAN_POINT('',(0.0456983374276666,-0.057896657578573,0.0422335300365213));
#1834=CARTESIAN_POINT('',(0.0456542651847178,-0.0588829397560664,0.0414929086578156));
#1835=CARTESIAN_POINT('',(0.0455748031356005,-0.0596760493418637,0.0406341448513658));
#1836=CARTESIAN_POINT('',(0.0454207334137497,-0.060314268629452,0.0395151937210328));
#1837=CARTESIAN_POINT('',(0.045249724875545,-0.0605016722142449,0.0386291641377462));
#1838=CARTESIAN_POINT('',(0.0451333353357887,-0.0605,0.0381121763672582));
#1839=CARTESIAN_POINT('',(0.0434557320148257,-2.63120949913902E-23,0.0475733399911819));
#1840=CARTESIAN_POINT('',(0.0434557703108837,-0.00488985656958594,0.0475733066213524));
#1841=CARTESIAN_POINT('',(0.0435033261476486,-0.0140591852149943,0.047576749714205));
#1842=CARTESIAN_POINT('',(0.0436313082428846,-0.027215836264619,0.0472473930961394));
#1843=CARTESIAN_POINT('',(0.0437465270069104,-0.0363377381886335,0.0467748078298709));
#1844=CARTESIAN_POINT('',(0.0438645750898121,-0.0437189788870656,0.0460959413864075));
#1845=CARTESIAN_POINT('',(0.0439690004656174,-0.0489219796874118,0.0453397141084818));
#1846=CARTESIAN_POINT('',(0.044057721813902,-0.0524913806567343,0.0445821331788108));
#1847=CARTESIAN_POINT('',(0.0441307051571509,-0.0549261235250979,0.0438633572936984));
#1848=CARTESIAN_POINT('',(0.0441884791524169,-0.0566116044569888,0.0431843656021728));
#1849=CARTESIAN_POINT('',(0.0442312163168223,-0.0578482332766019,0.0425215065992309));
#1850=CARTESIAN_POINT('',(0.0442579492290148,-0.0588344471835656,0.0418158807050636));
#1851=CARTESIAN_POINT('',(0.0442562523123746,-0.0596376150760944,0.0409886650736209));
#1852=CARTESIAN_POINT('',(0.0442000045261709,-0.0603005827752899,0.0398843784445389));
#1853=CARTESIAN_POINT('',(0.0441063007273857,-0.0605020946127415,0.0389816759399895));
#1854=CARTESIAN_POINT('',(0.0440386255943026,-0.0605,0.0384528677554861));
#1855=CARTESIAN_POINT('',(0.0412386433819708,9.12786461752943E-23,0.0475733398439406));
#1856=CARTESIAN_POINT('',(0.041238634278439,-0.00488875773959942,0.0475733154292614));
#1857=CARTESIAN_POINT('',(0.0412657872835372,-0.0140568367964566,0.0475797821715735));
#1858=CARTESIAN_POINT('',(0.0414055840138907,-0.027211777068317,0.0472681344829161));
#1859=CARTESIAN_POINT('',(0.0415653740229874,-0.0363320611913534,0.0468165750992787));
#1860=CARTESIAN_POINT('',(0.0417661822931472,-0.0437109704671024,0.0461650103982606));
#1861=CARTESIAN_POINT('',(0.0419730792248086,-0.048910814438302,0.0454377839545713));
#1862=CARTESIAN_POINT('',(0.0421697216498926,-0.0524762009038172,0.0447087960316731));
#1863=CARTESIAN_POINT('',(0.0423475084123487,-0.0549062935970123,0.0440172124959376));
#1864=CARTESIAN_POINT('',(0.04250488109041,-0.0565869100850502,0.043364189013404));
#1865=CARTESIAN_POINT('',(0.0426439971421041,-0.0578193861188033,0.0427266257323272));
#1866=CARTESIAN_POINT('',(0.0427712288467546,-0.0588034323547437,0.042046773924705));
#1867=CARTESIAN_POINT('',(0.042882816747767,-0.0596102465862333,0.0412444404745364));
#1868=CARTESIAN_POINT('',(0.0429694588901159,-0.0602884714055017,0.0401553790261332));
#1869=CARTESIAN_POINT('',(0.0429844200592781,-0.0605022844684476,0.0392406837112376));
#1870=CARTESIAN_POINT('',(0.0429784986389272,-0.0605,0.0387004355593799));
#1871=CARTESIAN_POINT('',(0.039273199475979,-2.55028665236787E-22,0.047573339872511));
#1872=CARTESIAN_POINT('',(0.0392731854253705,-0.00488926917240566,0.047573318832791));
#1873=CARTESIAN_POINT('',(0.0392662012585299,-0.0140571195270189,0.0475749190352712));
#1874=CARTESIAN_POINT('',(0.0393893722551129,-0.0272111578402936,0.0472615647347519));
#1875=CARTESIAN_POINT('',(0.0395732842860051,-0.0363303427923653,0.0468146141902685));
#1876=CARTESIAN_POINT('',(0.0398418669856878,-0.0437075898621163,0.0461748627382313));
#1877=CARTESIAN_POINT('',(0.0401426271750668,-0.0489051493835092,0.0454640817088162));
#1878=CARTESIAN_POINT('',(0.0404425151836691,-0.0524675963719009,0.0447537507371076));
#1879=CARTESIAN_POINT('',(0.04072209288186,-0.0548942251550892,0.0440814569937921));
#1880=CARTESIAN_POINT('',(0.0409759694092229,-0.0565711067471259,0.0434479486290614));
#1881=CARTESIAN_POINT('',(0.0412070905655588,-0.0578001864029161,0.0428302652699738));
#1882=CARTESIAN_POINT('',(0.0414282079368294,-0.058782029864966,0.0421716357677965));
#1883=CARTESIAN_POINT('',(0.0416429487596315,-0.0595905514534467,0.0413915980910602));
#1884=CARTESIAN_POINT('',(0.0418593662454797,-0.0602792265816258,0.04032063049647));
#1885=CARTESIAN_POINT('',(0.0419785174724863,-0.0605024318450558,0.0394021384545514));
#1886=CARTESIAN_POINT('',(0.0420372889491076,-0.0605,0.0388556341751645));
#1887=CARTESIAN_POINT('',(0.0376827153292918,3.61821746938273E-22,0.0475733398693909));
#1888=CARTESIAN_POINT('',(0.0376826920353983,-0.00489058078034497,0.0475733194264603));
#1889=CARTESIAN_POINT('',(0.0376584921295876,-0.0140587941364073,0.0475663874109909));
#1890=CARTESIAN_POINT('',(0.0377866377505558,-0.0272126387891446,0.0472410624606077));
#1891=CARTESIAN_POINT('',(0.0380019563309851,-0.0363313937714937,0.0467893021898459));
#1892=CARTESIAN_POINT('',(0.0383326617912249,-0.0437079921052407,0.0461515782201505));
#1893=CARTESIAN_POINT('',(0.038712075521347,-0.0489046363410895,0.0454484612367936));
#1894=CARTESIAN_POINT('',(0.0390952830345237,-0.0524658302246084,0.0447490503942909));
#1895=CARTESIAN_POINT('',(0.0394553612375337,-0.0548908704121806,0.0440891263249822));
#1896=CARTESIAN_POINT('',(0.0397845143232739,-0.0565658929723493,0.043468633429217));
#1897=CARTESIAN_POINT('',(0.0400866196999841,-0.0577930966812435,0.0428644008395841));
#1898=CARTESIAN_POINT('',(0.0403794027150898,-0.0587734187180364,0.0422202814041934));
#1899=CARTESIAN_POINT('',(0.040671894425111,-0.0595820232067121,0.0414560422923744));
#1900=CARTESIAN_POINT('',(0.0409852994826368,-0.0602749503973172,0.04040040480565));
#1901=CARTESIAN_POINT('',(0.0411828277992165,-0.0605025130689844,0.0394849326531046));
#1902=CARTESIAN_POINT('',(0.0412910651769503,-0.0605,0.0389382989160199));
#1903=CARTESIAN_POINT('',(0.0364083204586578,-8.67308689602218E-22,0.0475733398699462));
#1904=CARTESIAN_POINT('',(0.0364083132499372,-0.00489130011484665,0.0475733211745884));
#1905=CARTESIAN_POINT('',(0.0363915190262399,-0.0140598103653687,0.0475616699209282));
#1906=CARTESIAN_POINT('',(0.0365640129364643,-0.0272130972702737,0.0472298692306081));
#1907=CARTESIAN_POINT('',(0.036832234638317,-0.0363307708197884,0.0467755367764599));
#1908=CARTESIAN_POINT('',(0.0372311225502029,-0.0437056383129277,0.0461388606340272));
#1909=CARTESIAN_POINT('',(0.0376809629870102,-0.0489001750560499,0.0454397721459328));
#1910=CARTESIAN_POINT('',(0.0381300550877984,-0.0524591845351345,0.0447461940827612));
#1911=CARTESIAN_POINT('',(0.0385482261217521,-0.0548823077966342,0.0440930017247657));
#1912=CARTESIAN_POINT('',(0.038927552883981,-0.0565560745303226,0.0434796584980456));
#1913=CARTESIAN_POINT('',(0.0392738597240838,-0.0577830917622132,0.0428826241320823));
#1914=CARTESIAN_POINT('',(0.0396087266699977,-0.0587647280383379,0.0422456403100768));
#1915=CARTESIAN_POINT('',(0.0399449209792189,-0.0595769592786303,0.0414874934412312));
#1916=CARTESIAN_POINT('',(0.0403140179725837,-0.0602751286498883,0.0404349361225243));
#1917=CARTESIAN_POINT('',(0.0405629138189274,-0.0605027486151489,0.0395209085823906));
#1918=CARTESIAN_POINT('',(0.0407087628377819,-0.0605,0.0389787735509433));
#1919=CARTESIAN_POINT('',(0.0353876638692425,2.43399076683092E-21,0.04757333986985));
#1920=CARTESIAN_POINT('',(0.0353876961928879,-0.00489091722559441,0.0475733196919519));
#1921=CARTESIAN_POINT('',(0.035387509932475,-0.0140592844864082,0.0475635785246173));
#1922=CARTESIAN_POINT('',(0.0356183269984281,-0.0272116274776941,0.0472360059468517));
#1923=CARTESIAN_POINT('',(0.0359461347965436,-0.0363278213410225,0.0467849853080426));
#1924=CARTESIAN_POINT('',(0.0364128362709527,-0.0437002509116268,0.0461512378748534));
#1925=CARTESIAN_POINT('',(0.0369263873550066,-0.048891792275869,0.0454545835921266));
#1926=CARTESIAN_POINT('',(0.0374306688772195,-0.0524477835475113,0.0447632925719822));
#1927=CARTESIAN_POINT('',(0.0378942369487316,-0.0548684646243126,0.0441124647638658));
#1928=CARTESIAN_POINT('',(0.0383100053513584,-0.0565410133284882,0.0435016059099142));
#1929=CARTESIAN_POINT('',(0.0386859899259283,-0.0577686315454376,0.0429068529800565));
#1930=CARTESIAN_POINT('',(0.0390466995098961,-0.0587532792534963,0.0422713253308396));
#1931=CARTESIAN_POINT('',(0.0394070056868014,-0.0595718614481887,0.0415117646777213));
#1932=CARTESIAN_POINT('',(0.0398056209880815,-0.0602772917279595,0.0404514355919372));
#1933=CARTESIAN_POINT('',(0.0400855334573136,-0.0605030712739875,0.0395339079997854));
#1934=CARTESIAN_POINT('',(0.0402577496870273,-0.0605,0.0389964273836721));
#1935=CARTESIAN_POINT('',(0.0344972979562944,-3.94437480240243E-21,0.0475733398698611));
#1936=CARTESIAN_POINT('',(0.0344973754542322,-0.00488956999815775,0.047573312643156));
#1937=CARTESIAN_POINT('',(0.0345201922646234,-0.0140573708425512,0.0475712379236186));
#1938=CARTESIAN_POINT('',(0.0348181381696482,-0.0272082433116923,0.0472568093756213));
#1939=CARTESIAN_POINT('',(0.0352089058222408,-0.0363224505189245,0.0468139472344333));
#1940=CARTESIAN_POINT('',(0.0357414717127336,-0.0436918256579972,0.0461849493642562));
#1941=CARTESIAN_POINT('',(0.0363122952544417,-0.048879990847348,0.0454900817828556));
#1942=CARTESIAN_POINT('',(0.0368626253042188,-0.052433196770708,0.0447989981263774));
#1943=CARTESIAN_POINT('',(0.0373612208670179,-0.0548525512396001,0.0441475966574993));
#1944=CARTESIAN_POINT('',(0.0378026226157238,-0.0565260730514017,0.0435354384388218));
#1945=CARTESIAN_POINT('',(0.03819743903597,-0.0577574274202393,0.042937978318269));
#1946=CARTESIAN_POINT('',(0.03857287683014,-0.0587488203110507,0.0422969412643252));
#1947=CARTESIAN_POINT('',(0.0389462583900397,-0.0595764406409021,0.0415258685061168));
#1948=CARTESIAN_POINT('',(0.0393648988360342,-0.0602854243672258,0.0404470464403053));
#1949=CARTESIAN_POINT('',(0.039673599680731,-0.0605032406168571,0.039529062563219));
#1950=CARTESIAN_POINT('',(0.0398715528611302,-0.0605,0.039000850585925));
#1951=CARTESIAN_POINT('',(0.0335842332112706,1.53156958439799E-20,0.0475733398698574));
#1952=CARTESIAN_POINT('',(0.0335844012709114,-0.00488692634359427,0.0475732827389063));
#1953=CARTESIAN_POINT('',(0.0336351257966395,-0.0140535262560083,0.0475865941461701));
#1954=CARTESIAN_POINT('',(0.0340169852612985,-0.027202276789201,0.0472975592675516));
#1955=CARTESIAN_POINT('',(0.0344872929872169,-0.0363137380839356,0.0468692842439958));
#1956=CARTESIAN_POINT('',(0.0351033936048002,-0.0436784090191238,0.0462469373220505));
#1957=CARTESIAN_POINT('',(0.0357468995989055,-0.0488604919976341,0.045552515917052));
#1958=CARTESIAN_POINT('',(0.0363556100106324,-0.0524072975263044,0.044859275591534));
#1959=CARTESIAN_POINT('',(0.0368983393923443,-0.0548212428334476,0.0442054135644605));
#1960=CARTESIAN_POINT('',(0.0373712197604419,-0.0564918062700427,0.0435914113690907));
#1961=CARTESIAN_POINT('',(0.037787335746406,-0.057724084638427,0.0429922051745428));
#1962=CARTESIAN_POINT('',(0.0381759507705894,-0.0587216890146932,0.0423477726711507));
#1963=CARTESIAN_POINT('',(0.0385537835287263,-0.0595631165633787,0.041566481029763));
#1964=CARTESIAN_POINT('',(0.0389715903127392,-0.0602877351277423,0.0404617090342374));
#1965=CARTESIAN_POINT('',(0.0392870801623417,-0.0605036279346193,0.039527440798481));
#1966=CARTESIAN_POINT('',(0.0394980901829016,-0.0605,0.0389994761872801));
#1967=CARTESIAN_POINT('',(0.0324670802531302,-1.51484168053191E-19,0.0475733398698593));
#1968=CARTESIAN_POINT('',(0.0324672729491001,-0.00488289458555093,0.0475732654858826));
#1969=CARTESIAN_POINT('',(0.0325418234872941,-0.0140473764057198,0.0476102452696173));
#1970=CARTESIAN_POINT('',(0.0330026773872653,-0.0271947074593841,0.0473640658704112));
#1971=CARTESIAN_POINT('',(0.0335513496922175,-0.0363057387452821,0.0469628946912254));
#1972=CARTESIAN_POINT('',(0.034254665834453,-0.0436702550187423,0.0463550776336683));
#1973=CARTESIAN_POINT('',(0.0349795679462558,-0.0488524710509925,0.0456626672110307));
#1974=CARTESIAN_POINT('',(0.0356594696456119,-0.0523998934666849,0.0449635586092283));
#1975=CARTESIAN_POINT('',(0.0362620253726734,-0.054815257372331,0.0442997316092041));
#1976=CARTESIAN_POINT('',(0.0367843440317314,-0.056488482573,0.0436736351649872));
#1977=CARTESIAN_POINT('',(0.0372417250243935,-0.0577249013078352,0.0430606871096469));
#1978=CARTESIAN_POINT('',(0.0376665590687301,-0.0587281156684396,0.042399645018218));
#1979=CARTESIAN_POINT('',(0.0380765945898421,-0.0595750893212421,0.0415962276053435));
#1980=CARTESIAN_POINT('',(0.0385277545679387,-0.0602967188286247,0.0404646548834149));
#1981=CARTESIAN_POINT('',(0.0388696443370187,-0.0605034967608427,0.0395257602075106));
#1982=CARTESIAN_POINT('',(0.039099161924818,-0.0605,0.039000187490085));
#1983=CARTESIAN_POINT('',(0.0311542954474138,7.094000311045E-19,0.0475733398698587));
#1984=CARTESIAN_POINT('',(0.0311544257625732,-0.00487855787547312,0.0475732808316254));
#1985=CARTESIAN_POINT('',(0.0312436078024597,-0.014040680570199,0.0476360528821839));
#1986=CARTESIAN_POINT('',(0.0317669988333775,-0.0271880161550618,0.0474400549501964));
#1987=CARTESIAN_POINT('',(0.0323839159516883,-0.0363014800707308,0.0470731079031276));
#1988=CARTESIAN_POINT('',(0.0331711354318943,-0.0436712729077141,0.046486231348815));
#1989=CARTESIAN_POINT('',(0.0339821188340481,-0.0488611281792326,0.0457988818904318));
#1990=CARTESIAN_POINT('',(0.0347444110098816,-0.0524177019503402,0.0450927096017714));
#1991=CARTESIAN_POINT('',(0.0354226781553622,-0.0548426266192476,0.0444136719335558));
#1992=CARTESIAN_POINT('',(0.036014096525321,-0.0565245963755156,0.0437666509343682));
#1993=CARTESIAN_POINT('',(0.0365358882510205,-0.0577671645328685,0.0431288130306222));
#1994=CARTESIAN_POINT('',(0.0370250578980821,-0.0587717426487404,0.0424391803263075));
#1995=CARTESIAN_POINT('',(0.0375030270778627,-0.0596090417064356,0.0416064887488648));
#1996=CARTESIAN_POINT('',(0.0380312316068058,-0.0603063405104955,0.0404586971093024));
#1997=CARTESIAN_POINT('',(0.0384196000660718,-0.0605029909851733,0.0395255763781683));
#1998=CARTESIAN_POINT('',(0.0386714848116363,-0.0605,0.0389999459104266));
#1999=CARTESIAN_POINT('',(0.0297327734742,-2.63547570935553E-18,0.0475733398698588));
#2000=CARTESIAN_POINT('',(0.0297327688648546,-0.00487665083890523,0.0475732884779062));
#2001=CARTESIAN_POINT('',(0.0298008292082309,-0.0140377035342205,0.0476487120683074));
#2002=CARTESIAN_POINT('',(0.0303230513407033,-0.0271889631056203,0.0474786563911377));
#2003=CARTESIAN_POINT('',(0.0309668629350452,-0.0363097485597558,0.0471297393518333));
#2004=CARTESIAN_POINT('',(0.0318135106755538,-0.0436922496898438,0.0465534449514789));
#2005=CARTESIAN_POINT('',(0.0327043853359823,-0.0488988419283397,0.0458667098796673));
#2006=CARTESIAN_POINT('',(0.0335565145160948,-0.0524741499303717,0.0451521253240638));
#2007=CARTESIAN_POINT('',(0.0343274348781227,-0.0549170006606422,0.0444572379250496));
#2008=CARTESIAN_POINT('',(0.0350122520798149,-0.0566125854646737,0.0437881453560372));
#2009=CARTESIAN_POINT('',(0.0356290154022917,-0.0578601972342973,0.043124593497174));
#2010=CARTESIAN_POINT('',(0.0362208134248852,-0.0588567139275362,0.0424085768497991));
#2011=CARTESIAN_POINT('',(0.0368155868340207,-0.0596638859008677,0.0415602873722449));
#2012=CARTESIAN_POINT('',(0.0374812840113173,-0.0603148868532938,0.0404313074922546));
#2013=CARTESIAN_POINT('',(0.0379514338407057,-0.0605019839472755,0.0395262509698974));
#2014=CARTESIAN_POINT('',(0.0382355908547914,-0.0605,0.0390000146576405));
#2015=CARTESIAN_POINT('',(0.0283113476397742,9.83250280631763E-18,0.0475733398698588));
#2016=CARTESIAN_POINT('',(0.0283112957689081,-0.00487824442779374,0.0475732814123305));
#2017=CARTESIAN_POINT('',(0.0283481602345713,-0.014040123400179,0.0476421258684422));
#2018=CARTESIAN_POINT('',(0.0288601734702815,-0.0271944341341645,0.0474586211673535));
#2019=CARTESIAN_POINT('',(0.0295314956631286,-0.036319240166945,0.0471000837906033));
#2020=CARTESIAN_POINT('',(0.0304460104748408,-0.0437079067379197,0.0465168735679058));
#2021=CARTESIAN_POINT('',(0.0314285119279652,-0.0489220400796294,0.0458261218369667));
#2022=CARTESIAN_POINT('',(0.0323815155715693,-0.0525052847954724,0.0451088756417906));
#2023=CARTESIAN_POINT('',(0.0332532284930274,-0.0549551208759297,0.0444114270858028));
#2024=CARTESIAN_POINT('',(0.0340356105950422,-0.0566550178939844,0.0437393316939516));
#2025=CARTESIAN_POINT('',(0.0347471810135917,-0.0579024698841923,0.0430731111520591));
#2026=CARTESIAN_POINT('',(0.0354365948404667,-0.0588926508609541,0.0423566351949196));
#2027=CARTESIAN_POINT('',(0.036136610701263,-0.0596849071718638,0.0415159102817454));
#2028=CARTESIAN_POINT('',(0.0369240338267334,-0.0603166740690707,0.0404109038618303));
#2029=CARTESIAN_POINT('',(0.0374761725888003,-0.060501395111573,0.0395260730742212));
#2030=CARTESIAN_POINT('',(0.037801072942763,-0.0605,0.0389999954590118));
#2031=CARTESIAN_POINT('',(0.0269191915694189,-2.63547571253534E-18,0.0475733398698588));
#2032=CARTESIAN_POINT('',(0.0269191190299143,-0.00488167272970632,0.0475732867307116));
#2033=CARTESIAN_POINT('',(0.0269259407475915,-0.0140452638059739,0.0476255704325275));
#2034=CARTESIAN_POINT('',(0.0274279643262404,-0.0272016020295654,0.0474104754159372));
#2035=CARTESIAN_POINT('',(0.0281264906341833,-0.0363283668389609,0.0470309487936385));
#2036=CARTESIAN_POINT('',(0.0291086359851889,-0.0437198406578047,0.046435081135706));
#2037=CARTESIAN_POINT('',(0.0301826844631679,-0.0489371942936969,0.0457404339984373));
#2038=CARTESIAN_POINT('',(0.0312361334301683,-0.052523441875903,0.0450248790501652));
#2039=CARTESIAN_POINT('',(0.032207310162989,-0.0549752950619776,0.0443320584939536));
#2040=CARTESIAN_POINT('',(0.0330844856155623,-0.0566753520825742,0.043666199425163));
#2041=CARTESIAN_POINT('',(0.0338863028940738,-0.0579204862769849,0.0430077304407283));
#2042=CARTESIAN_POINT('',(0.0346665055388813,-0.0589054306331476,0.0423017410529073));
#2043=CARTESIAN_POINT('',(0.0354618827973365,-0.0596895719585006,0.0414772468367148));
#2044=CARTESIAN_POINT('',(0.036358489922663,-0.0603142713335554,0.040396902629957));
#2045=CARTESIAN_POINT('',(0.0369864939447729,-0.0605010609462937,0.039526123783644));
#2046=CARTESIAN_POINT('',(0.037353507248344,-0.0605,0.0390000035063123));
#2047=CARTESIAN_POINT('',(0.0255860188400187,7.09400043823726E-19,0.0475733398698588));
#2048=CARTESIAN_POINT('',(0.0255859486467619,-0.00488557679124002,0.0475732937331828));
#2049=CARTESIAN_POINT('',(0.0255777441379265,-0.0140512009003086,0.0476064503713063));
#2050=CARTESIAN_POINT('',(0.026091010478367,-0.0272080318498658,0.0473561538414549));
#2051=CARTESIAN_POINT('',(0.0268274738180115,-0.0363342763001337,0.0469538618059435));
#2052=CARTESIAN_POINT('',(0.0278800492811474,-0.0437246374617011,0.0463451878867671));
#2053=CARTESIAN_POINT('',(0.0290417591183979,-0.0489402619238733,0.045648218328572));
#2054=CARTESIAN_POINT('',(0.0301874197765815,-0.0525240046834771,0.0449375205459675));
#2055=CARTESIAN_POINT('',(0.0312471070404073,-0.0549725620150273,0.0442539145797819));
#2056=CARTESIAN_POINT('',(0.0322060507437828,-0.0566687137140304,0.0436001390705706));
#2057=CARTESIAN_POINT('',(0.0330832364990787,-0.0579100002389317,0.0429558321911258));
#2058=CARTESIAN_POINT('',(0.0339367405094661,-0.0588920277168914,0.0422663404928326));
#2059=CARTESIAN_POINT('',(0.0348062438136008,-0.0596766092483357,0.0414601604601348));
#2060=CARTESIAN_POINT('',(0.0357861680690639,-0.0603082203178064,0.0403961002194018));
#2061=CARTESIAN_POINT('',(0.036473678320957,-0.0605011620648682,0.0395266560616726));
#2062=CARTESIAN_POINT('',(0.0368781801357821,-0.0605,0.038999990515738));
#2063=CARTESIAN_POINT('',(0.024410942410342,-1.51484212393824E-19,0.0475733398698588));
#2064=CARTESIAN_POINT('',(0.0244108843433482,-0.00488873560822843,0.0475733009171309));
#2065=CARTESIAN_POINT('',(0.0243987180021885,-0.0140560952935756,0.0475912328173485));
#2066=CARTESIAN_POINT('',(0.0249367383990368,-0.0272129518900167,0.0473132558514067));
#2067=CARTESIAN_POINT('',(0.0257144875791836,-0.0363380053662852,0.0468932998778567));
#2068=CARTESIAN_POINT('',(0.0268306998057264,-0.0437260305258336,0.0462750632458996));
#2069=CARTESIAN_POINT('',(0.0280655039010895,-0.048938252829728,0.0455770358383055));
#2070=CARTESIAN_POINT('',(0.029284632009807,-0.0525176057805442,0.0448712678207366));
#2071=CARTESIAN_POINT('',(0.0304126022236729,-0.0549611253194067,0.0441964296238071));
#2072=CARTESIAN_POINT('',(0.0314328743772421,-0.0566522001788817,0.0435541254689855));
#2073=CARTESIAN_POINT('',(0.0323651652511662,-0.0578894460937039,0.0429231804185426));
#2074=CARTESIAN_POINT('',(0.0332709560264512,-0.0588697106290797,0.0422488197240653));
#2075=CARTESIAN_POINT('',(0.0341919576140149,-0.0596578620761098,0.0414578713143065));
#2076=CARTESIAN_POINT('',(0.0352288393718028,-0.0603012070362386,0.0404030961716487));
#2077=CARTESIAN_POINT('',(0.0359574612281121,-0.0605014397513536,0.0395284186017672));
#2078=CARTESIAN_POINT('',(0.0363891622027165,-0.0605,0.0390000319910155));
#2079=CARTESIAN_POINT('',(0.0234637267052027,1.53158197681005E-20,0.0475733398698588));
#2080=CARTESIAN_POINT('',(0.0234636872448835,-0.00489096033710989,0.0475733072606838));
#2081=CARTESIAN_POINT('',(0.0234507405195105,-0.0140595880378689,0.0475805862599787));
#2082=CARTESIAN_POINT('',(0.0240097433834286,-0.0272160837040108,0.0472834566922703));
#2083=CARTESIAN_POINT('',(0.0248188235316407,-0.0363396305588233,0.0468514301211603));
#2084=CARTESIAN_POINT('',(0.0259809470285126,-0.0437248931609092,0.0462268920002418));
#2085=CARTESIAN_POINT('',(0.0272669420331402,-0.0489333508804225,0.0455285913839239));
#2086=CARTESIAN_POINT('',(0.0285363690399037,-0.0525082748750999,0.0448268501672395));
#2087=CARTESIAN_POINT('',(0.0297101536310294,-0.0549472614013895,0.0441588230794342));
#2088=CARTESIAN_POINT('',(0.0307707630289008,-0.0566344581155414,0.0435252186800411));
#2089=CARTESIAN_POINT('',(0.0317386722410555,-0.0578694519525594,0.0429040380208019));
#2090=CARTESIAN_POINT('',(0.0326777969705539,-0.0588501028019102,0.0422400652784785));
#2091=CARTESIAN_POINT('',(0.0336314563047725,-0.0596434477862752,0.0414581198158415));
#2092=CARTESIAN_POINT('',(0.0347052595062526,-0.0602973852091698,0.040406135443074));
#2093=CARTESIAN_POINT('',(0.0354624539108662,-0.0605017462943414,0.0395270611946414));
#2094=CARTESIAN_POINT('',(0.0359141831460545,-0.0605,0.0389999107793008));
#2095=CARTESIAN_POINT('',(0.0227220499316924,-3.94457560007229E-21,0.0475733398698588));
#2096=CARTESIAN_POINT('',(0.0227220346684142,-0.0048923125668669,0.0475733137747219));
#2097=CARTESIAN_POINT('',(0.0227096861072334,-0.0140618016735041,0.0475741112940932));
#2098=CARTESIAN_POINT('',(0.0232853227758001,-0.0272172691199126,0.0472656372134461));
#2099=CARTESIAN_POINT('',(0.0241174056932304,-0.036338406925148,0.046826699373508));
#2100=CARTESIAN_POINT('',(0.0253117113865041,-0.0437193386085526,0.0461989977864516));
#2101=CARTESIAN_POINT('',(0.0266323989606293,-0.0489219758250781,0.045501528396393));
#2102=CARTESIAN_POINT('',(0.0279349021845126,-0.0524902045532155,0.0448037769604154));
#2103=CARTESIAN_POINT('',(0.0291379013793846,-0.0549224939298424,0.0441421392921576));
#2104=CARTESIAN_POINT('',(0.0302233094379947,-0.0566040544532854,0.0435169189599038));
#2105=CARTESIAN_POINT('',(0.0312121787694644,-0.0578358007145846,0.0429054838319325));
#2106=CARTESIAN_POINT('',(0.0321698629760773,-0.0588170616742399,0.0422520730981472));
#2107=CARTESIAN_POINT('',(0.0331402606084613,-0.0596183816971634,0.0414786933228928));
#2108=CARTESIAN_POINT('',(0.0342314958412606,-0.0602897245896652,0.0404247555472319));
#2109=CARTESIAN_POINT('',(0.0350022463366138,-0.0605021743009965,0.0395318910342808));
#2110=CARTESIAN_POINT('',(0.0354647531330772,-0.0605,0.0390001445571197));
#2111=CARTESIAN_POINT('',(0.0220539828025463,2.43477043222465E-21,0.0475733398698588));
#2112=CARTESIAN_POINT('',(0.0220539772992175,-0.00489310537831773,0.0475733160350848));
#2113=CARTESIAN_POINT('',(0.0220402254807852,-0.0140631184305861,0.0475703756689563));
#2114=CARTESIAN_POINT('',(0.0226199357601622,-0.0272175998847716,0.0472553233092852));
#2115=CARTESIAN_POINT('',(0.0234603432180261,-0.0363369435145802,0.0468122976202954));
#2116=CARTESIAN_POINT('',(0.0246685870564735,-0.0437152898891549,0.0461825544030493));
#2117=CARTESIAN_POINT('',(0.0260057160651288,-0.0489153436157614,0.0454851849487647));
#2118=CARTESIAN_POINT('',(0.0273246908981708,-0.0524817303695503,0.0447889889515857));
#2119=CARTESIAN_POINT('',(0.02854277048862,-0.0549135114384516,0.0441295903867257));
#2120=CARTESIAN_POINT('',(0.0296415491825287,-0.0565963961123955,0.043506510015065));
#2121=CARTESIAN_POINT('',(0.0306425518773728,-0.0578313867933631,0.0428962319366147));
#2122=CARTESIAN_POINT('',(0.0316123458811039,-0.058817695860692,0.042242126808474));
#2123=CARTESIAN_POINT('',(0.0325965415986855,-0.0596246621306746,0.041464631251181));
#2124=CARTESIAN_POINT('',(0.0337078704993611,-0.0602966020299063,0.0404047938084783));
#2125=CARTESIAN_POINT('',(0.0344995921967578,-0.0605023273373034,0.0395191942738411));
#2126=CARTESIAN_POINT('',(0.0349779244141259,-0.0605,0.03899943871366));
#2127=CARTESIAN_POINT('',(0.021304831137646,-8.75020158967107E-22,0.0475733398698588));
#2128=CARTESIAN_POINT('',(0.0213048343871885,-0.00489342566034303,0.0475733199203379));
#2129=CARTESIAN_POINT('',(0.0212985529515744,-0.0140638570746057,0.0475691181910238));
#2130=CARTESIAN_POINT('',(0.021896467098794,-0.0272166310661616,0.0472512006493682));
#2131=CARTESIAN_POINT('',(0.0227525950716434,-0.036333147650801,0.0468059467306516));
#2132=CARTESIAN_POINT('',(0.0239761812931006,-0.043707622784634,0.0461744554346279));
#2133=CARTESIAN_POINT('',(0.0253258694807892,-0.0489042383540443,0.0454761456641476));
#2134=CARTESIAN_POINT('',(0.0266543677895548,-0.0524688906565351,0.0447795901467055));
#2135=CARTESIAN_POINT('',(0.027879333075118,-0.0549014740698119,0.0441198614517774));
#2136=CARTESIAN_POINT('',(0.0289831070096617,-0.0565882440691569,0.0434955445964181));
#2137=CARTESIAN_POINT('',(0.0299882640737035,-0.057829888675351,0.0428818974905699));
#2138=CARTESIAN_POINT('',(0.0309625831154534,-0.0588248899067941,0.0422208870382611));
#2139=CARTESIAN_POINT('',(0.0319538841152425,-0.0596393079981761,0.0414310909997002));
#2140=CARTESIAN_POINT('',(0.0330801171987956,-0.0603076728814265,0.040359220758366));
#2141=CARTESIAN_POINT('',(0.0338909890182254,-0.0605023015370974,0.0394856217218599));
#2142=CARTESIAN_POINT('',(0.0343838792363628,-0.0605,0.0389815388215482));
#2143=CARTESIAN_POINT('',(0.020556100533354,2.01283412090785E-22,0.0475733398698588));
#2144=CARTESIAN_POINT('',(0.0205561063627569,-0.00489261882203127,0.0475733261966824));
#2145=CARTESIAN_POINT('',(0.0205688212418954,-0.0140630771632557,0.0475737694535126));
#2146=CARTESIAN_POINT('',(0.0212025097791552,-0.027212958384253,0.0472621407513285));
#2147=CARTESIAN_POINT('',(0.0220821254383792,-0.0363250270924189,0.0468197514541823));
#2148=CARTESIAN_POINT('',(0.0233191642608551,-0.0436935806159796,0.0461885026228841));
#2149=CARTESIAN_POINT('',(0.0246715453193817,-0.0488853438573621,0.0454884635336848));
#2150=CARTESIAN_POINT('',(0.0259955680209886,-0.0524482180648392,0.044788908891902));
#2151=CARTESIAN_POINT('',(0.027212252097518,-0.0548831549619941,0.0441249498059032));
#2152=CARTESIAN_POINT('',(0.0283062438417645,-0.056576869168664,0.0434942814466054));
#2153=CARTESIAN_POINT('',(0.0293017993177597,-0.0578290811893968,0.042870731068788));
#2154=CARTESIAN_POINT('',(0.0302675862863275,-0.0588366942953927,0.0421943807683158));
#2155=CARTESIAN_POINT('',(0.0312538972157911,-0.0596599705669406,0.0413820649140745));
#2156=CARTESIAN_POINT('',(0.0323834002447651,-0.0603207052060584,0.0402909324249554));
#2157=CARTESIAN_POINT('',(0.0332056849827212,-0.0605020734560635,0.0394304307680977));
#2158=CARTESIAN_POINT('',(0.0337077979253711,-0.0605,0.0389414441813192));
#2159=CARTESIAN_POINT('',(0.0198902052128548,-2.05470892511666E-23,0.0475733398698588));
#2160=CARTESIAN_POINT('',(0.019890208523074,-0.00489051073208246,0.0475733170887742));
#2161=CARTESIAN_POINT('',(0.01993458482677,-0.0140604930651976,0.0475854973483209));
#2162=CARTESIAN_POINT('',(0.0206270870164906,-0.0272061209908157,0.0472893660846196));
#2163=CARTESIAN_POINT('',(0.0215425193076047,-0.0363118194098004,0.0468541612089971));
#2164=CARTESIAN_POINT('',(0.0227939431268123,-0.043672061495527,0.0462248699546451));
#2165=CARTESIAN_POINT('',(0.0241398285505808,-0.0488575915601987,0.0455229767267493));
#2166=CARTESIAN_POINT('',(0.0254449071017392,-0.0524191623518255,0.0448187395284469));
#2167=CARTESIAN_POINT('',(0.0266373184772613,-0.0548588147225481,0.0441473474382596));
#2168=CARTESIAN_POINT('',(0.02770597654995,-0.0565633129520448,0.043505396568074));
#2169=CARTESIAN_POINT('',(0.028677623957706,-0.0578303101494136,0.0428651493651298));
#2170=CARTESIAN_POINT('',(0.0296215631618689,-0.0588538313750521,0.0421646062554622));
#2171=CARTESIAN_POINT('',(0.0305909187552932,-0.0596851905664663,0.0413202734172599));
#2172=CARTESIAN_POINT('',(0.0317117731178695,-0.0603335064519969,0.0402053662026616));
#2173=CARTESIAN_POINT('',(0.032536127239279,-0.0605016936322413,0.039356712558537));
#2174=CARTESIAN_POINT('',(0.033040852061384,-0.0605,0.0388791028120915));
#2175=CARTESIAN_POINT('',(0.0193379947235941,5.56946484120572E-24,0.0475733398698588));
#2176=CARTESIAN_POINT('',(0.0193379937699754,-0.00488756377377751,0.0475732830782591));
#2177=CARTESIAN_POINT('',(0.0194192881986991,-0.0140566447718995,0.0476019450172291));
#2178=CARTESIAN_POINT('',(0.0201815985554438,-0.0271974479580308,0.047326726462542));
#2179=CARTESIAN_POINT('',(0.0211388393350806,-0.0362961085365446,0.0469008170601322));
#2180=CARTESIAN_POINT('',(0.0224044715725055,-0.0436474291753046,0.0462744911554482));
#2181=CARTESIAN_POINT('',(0.0237382241966869,-0.048826964121784,0.0455712286240303));
#2182=CARTESIAN_POINT('',(0.0250161245887735,-0.0523885777377021,0.0448618614028419));
#2183=CARTESIAN_POINT('',(0.0261755798912359,-0.0548350821319419,0.0441813336069122));
#2184=CARTESIAN_POINT('',(0.0272108481642754,-0.0565526527081196,0.0435250002490167));
#2185=CARTESIAN_POINT('',(0.0281515481130001,-0.0578358835471799,0.0428638601922055));
#2186=CARTESIAN_POINT('',(0.0290674550636679,-0.0588749140605709,0.0421343458042494));
#2187=CARTESIAN_POINT('',(0.0300144575242537,-0.0597108465800218,0.0412550322748641));
#2188=CARTESIAN_POINT('',(0.0311201061080576,-0.0603441539352894,0.0401170382350814));
#2189=CARTESIAN_POINT('',(0.031939793394443,-0.0605013155965044,0.0392768473402685));
#2190=CARTESIAN_POINT('',(0.03244231085535,-0.0605,0.0388059100138662));
#2191=CARTESIAN_POINT('',(0.0188060845824332,-4.51550253425893E-24,0.0475733398698588));
#2192=CARTESIAN_POINT('',(0.0188060876767574,-0.00488343417120077,0.047573153124128));
#2193=CARTESIAN_POINT('',(0.0189375590095683,-0.0140511672271256,0.0476254000541152));
#2194=CARTESIAN_POINT('',(0.0198007106725573,-0.0271847758612309,0.0473751712881093));
#2195=CARTESIAN_POINT('',(0.0208196815964567,-0.0362726427715724,0.0469569104901356));
#2196=CARTESIAN_POINT('',(0.02210662152576,-0.0436099615934092,0.0463324853145536));
#2197=CARTESIAN_POINT('',(0.0234228866368513,-0.0487797381371157,0.0456300249720501));
#2198=CARTESIAN_POINT('',(0.0246610506736463,-0.052340576372572,0.0449186551805718));
#2199=CARTESIAN_POINT('',(0.0257721512452914,-0.0547963120952129,0.044230774934994));
#2200=CARTESIAN_POINT('',(0.0267583767727841,-0.0565319618911468,0.0435590163921037));
#2201=CARTESIAN_POINT('',(0.0276536396132642,-0.057837339080902,0.0428726047203218));
#2202=CARTESIAN_POINT('',(0.0285284397045142,-0.0588967032306224,0.0421064408667821));
#2203=CARTESIAN_POINT('',(0.0294423849829516,-0.0597376318970915,0.0411836884535794));
#2204=CARTESIAN_POINT('',(0.0305232454005764,-0.060354141649277,0.0400175692028));
#2205=CARTESIAN_POINT('',(0.0313317605306689,-0.0605009278761098,0.0391821736192268));
#2206=CARTESIAN_POINT('',(0.0318279554642171,-0.0605,0.0387144390960002));
#2207=CARTESIAN_POINT('',(0.0182167970239526,1.38371674007856E-23,0.0475733398698588));
#2208=CARTESIAN_POINT('',(0.0182167686396402,-0.004877395673027,0.047572983285644));
#2209=CARTESIAN_POINT('',(0.0183961927637978,-0.0140423092249581,0.0476599874589455));
#2210=CARTESIAN_POINT('',(0.0193499871071306,-0.0271708498906785,0.0474534175855479));
#2211=CARTESIAN_POINT('',(0.0204186434128989,-0.0362534005328863,0.0470534021800302));
#2212=CARTESIAN_POINT('',(0.0217137686855889,-0.0435867301497648,0.0464355322426996));
#2213=CARTESIAN_POINT('',(0.0230026553215517,-0.0487594183453594,0.0457313569943083));
#2214=CARTESIAN_POINT('',(0.0241944351510947,-0.0523326824980228,0.0450085079462055));
#2215=CARTESIAN_POINT('',(0.0252533118174785,-0.0548090580999626,0.0442978974290264));
#2216=CARTESIAN_POINT('',(0.0261895707436405,-0.0565691620773855,0.0435905834032744));
#2217=CARTESIAN_POINT('',(0.0270416714980536,-0.0578943362180042,0.0428573638048281));
#2218=CARTESIAN_POINT('',(0.0278809532463233,-0.0589599103603144,0.0420362989728844));
#2219=CARTESIAN_POINT('',(0.0287689439994238,-0.0597814257185416,0.0410667305089564));
#2220=CARTESIAN_POINT('',(0.0298267756597164,-0.060363833586302,0.0398831931149952));
#2221=CARTESIAN_POINT('',(0.0306175863365554,-0.0605005783765575,0.0390530570143015));
#2222=CARTESIAN_POINT('',(0.0311016813080924,-0.0605,0.038583853588931));
#2223=CARTESIAN_POINT('',(0.0175793554358199,-5.97132874230982E-23,0.0475733398698588));
#2224=CARTESIAN_POINT('',(0.0175792379514237,-0.00487044591594707,0.0475730756475983));
#2225=CARTESIAN_POINT('',(0.0177867429321966,-0.0140312372866236,0.0476985368039223));
#2226=CARTESIAN_POINT('',(0.0187675354381702,-0.0271618333892941,0.0475612142010896));
#2227=CARTESIAN_POINT('',(0.019836570499991,-0.0362533566863475,0.0472052182238812));
#2228=CARTESIAN_POINT('',(0.0211080339632309,-0.0436054985098988,0.0466053257453728));
#2229=CARTESIAN_POINT('',(0.0223584107491969,-0.048805200467915,0.0458870496175308));
#2230=CARTESIAN_POINT('',(0.0235083530414926,-0.0524094060081315,0.045123973064527));
#2231=CARTESIAN_POINT('',(0.0245302752572934,-0.0549140955530546,0.0443552052503295));
#2232=CARTESIAN_POINT('',(0.0254389537500119,-0.0566911396241124,0.0435786822177532));
#2233=CARTESIAN_POINT('',(0.0262735968112744,-0.0580138889698939,0.042775592649946));
#2234=CARTESIAN_POINT('',(0.0271032274842389,-0.0590536235008128,0.0418939139798145));
#2235=CARTESIAN_POINT('',(0.027983756356563,-0.059829932944445,0.0408918566099676));
#2236=CARTESIAN_POINT('',(0.0290242474732603,-0.0603714222339256,0.0397043785073376));
#2237=CARTESIAN_POINT('',(0.0297923571899109,-0.060500401425998,0.038874994369917));
#2238=CARTESIAN_POINT('',(0.0302600120461072,-0.0605,0.0383993008849634));
#2239=CARTESIAN_POINT('',(0.016970630225843,2.05111553150574E-22,0.0475733398698588));
#2240=CARTESIAN_POINT('',(0.0169704511945347,-0.00486513047601557,0.0475733329093621));
#2241=CARTESIAN_POINT('',(0.0171626230005568,-0.0140224474984786,0.0477265898643159));
#2242=CARTESIAN_POINT('',(0.0180673936285002,-0.0271653310860959,0.0476556133635425));
#2243=CARTESIAN_POINT('',(0.0190657918929166,-0.036281281737966,0.0473447720335827));
#2244=CARTESIAN_POINT('',(0.0202774947406335,-0.0436725295085082,0.0467501215629967));
#2245=CARTESIAN_POINT('',(0.0214935985991115,-0.0489135199153161,0.045990596470739));
#2246=CARTESIAN_POINT('',(0.0226323068215305,-0.0525496618445309,0.045158919819018));
#2247=CARTESIAN_POINT('',(0.0236591757694975,-0.0550695312786258,0.044312856577426));
#2248=CARTESIAN_POINT('',(0.0245828448375887,-0.0568401359361798,0.0434637774060764));
#2249=CARTESIAN_POINT('',(0.0254361754131784,-0.0581364607423363,0.042603580708741));
#2250=CARTESIAN_POINT('',(0.0262832667636812,-0.0591348670017849,0.0416853577715172));
#2251=CARTESIAN_POINT('',(0.0271720636847685,-0.0598668402157782,0.0406727262608378));
#2252=CARTESIAN_POINT('',(0.0282041825662568,-0.0603763916180684,0.039488777897218));
#2253=CARTESIAN_POINT('',(0.0289528245629834,-0.0605003211756115,0.038656852867591));
#2254=CARTESIAN_POINT('',(0.0294054565111048,-0.0605,0.0381732497015871));
#2255=CARTESIAN_POINT('',(0.0164531203823988,-5.72712942555688E-22,0.0475733398698588));
#2256=CARTESIAN_POINT('',(0.016453082778554,-0.00486308388440881,0.0475731925811449));
#2257=CARTESIAN_POINT('',(0.0165887357605401,-0.014019294827142,0.0477373793989629));
#2258=CARTESIAN_POINT('',(0.0173537494235309,-0.0271796851536496,0.0476854209424664));
#2259=CARTESIAN_POINT('',(0.0182511963589097,-0.0363222516478899,0.0473727818038943));
#2260=CARTESIAN_POINT('',(0.0194037121511536,-0.0437479599510594,0.046746348366216));
#2261=CARTESIAN_POINT('',(0.0206077478698098,-0.0490178449036313,0.0459357993132404));
#2262=CARTESIAN_POINT('',(0.0217624038748022,-0.0526700781427228,0.045048438225055));
#2263=CARTESIAN_POINT('',(0.0228177536502854,-0.0551908636726987,0.0441513265920141));
#2264=CARTESIAN_POINT('',(0.0237732504370984,-0.0569472250361968,0.0432620071664782));
#2265=CARTESIAN_POINT('',(0.0246558522406732,-0.0582186220168394,0.0423758175889779));
#2266=CARTESIAN_POINT('',(0.0255270880748139,-0.0591862292909863,0.0414460285253029));
#2267=CARTESIAN_POINT('',(0.0264303342937814,-0.059889309285479,0.0404360602559615));
#2268=CARTESIAN_POINT('',(0.0274641604322145,-0.0603792738828466,0.0392602199451096));
#2269=CARTESIAN_POINT('',(0.0282031216229866,-0.0605002777160326,0.0384280578000119));
#2270=CARTESIAN_POINT('',(0.0286469908309219,-0.0605,0.0379396935327911));
#2271=CARTESIAN_POINT('',(0.0160163715734392,9.27955101883239E-22,0.0475733398698588));
#2272=CARTESIAN_POINT('',(0.0160168298504674,-0.00486416319528748,0.0475729786682346));
#2273=CARTESIAN_POINT('',(0.0160547227328851,-0.0140219613886497,0.047730768560992));
#2274=CARTESIAN_POINT('',(0.0166636801529765,-0.02719985273658,0.0476357486096867));
#2275=CARTESIAN_POINT('',(0.0174758632973299,-0.0363615620841672,0.0472759136861662));
#2276=CARTESIAN_POINT('',(0.0185909703829826,-0.0438069145700888,0.0466002564091812));
#2277=CARTESIAN_POINT('',(0.0197935769773714,-0.049091133797832,0.0457488371751228));
#2278=CARTESIAN_POINT('',(0.0209659417140602,-0.0527500048328374,0.0448293086922392));
#2279=CARTESIAN_POINT('',(0.0220478442155487,-0.0552686622097519,0.0439083746975739));
#2280=CARTESIAN_POINT('',(0.0230326107166938,-0.0570142372613631,0.0430043259803747));
#2281=CARTESIAN_POINT('',(0.0239429936861057,-0.0582690867143894,0.0421128199830825));
#2282=CARTESIAN_POINT('',(0.0248390959925248,-0.0592173146400519,0.0411866742977902));
#2283=CARTESIAN_POINT('',(0.0257616496259422,-0.059902756930205,0.0401886160132155));
#2284=CARTESIAN_POINT('',(0.0268079174276617,-0.0603809106584689,0.0390279778309524));
#2285=CARTESIAN_POINT('',(0.0275480034131854,-0.0605002453057192,0.0382016115814883));
#2286=CARTESIAN_POINT('',(0.0279899931518463,-0.0605,0.0377132272893437));
#2287=CARTESIAN_POINT('',(0.0155885501925471,-3.60308501591886E-21,0.0475733398698588));
#2288=CARTESIAN_POINT('',(0.0155893554621471,-0.00486780011333823,0.0475731444004488));
#2289=CARTESIAN_POINT('',(0.0155436637502371,-0.0140285795304906,0.0477082710511299));
#2290=CARTESIAN_POINT('',(0.0160397474734454,-0.0272161725474322,0.0475376348480467));
#2291=CARTESIAN_POINT('',(0.0167914782708347,-0.0363857199937234,0.0471165206779235));
#2292=CARTESIAN_POINT('',(0.0178719082729828,-0.0438380889834895,0.0463902086206765));
#2293=CARTESIAN_POINT('',(0.0190595175184334,-0.0491273976296961,0.0455037498791609));
#2294=CARTESIAN_POINT('',(0.0202297757081353,-0.052788680350636,0.0445609976923043));
#2295=CARTESIAN_POINT('',(0.0213178733776551,-0.0553063028196124,0.0436256669708957));
#2296=CARTESIAN_POINT('',(0.0223137962649655,-0.0570470680153414,0.042714572718139));
#2297=CARTESIAN_POINT('',(0.0232374154882422,-0.0582943570979262,0.0418222963645784));
#2298=CARTESIAN_POINT('',(0.024147656603855,-0.0592334489966365,0.0409010558096396));
#2299=CARTESIAN_POINT('',(0.0250841163831663,-0.059910141497259,0.0399135355308691));
#2300=CARTESIAN_POINT('',(0.0261437450745153,-0.0603819765882729,0.0387674971722007));
#2301=CARTESIAN_POINT('',(0.0268907460045886,-0.0605002217071944,0.0379502509258494));
#2302=CARTESIAN_POINT('',(0.0273357469076049,-0.0605,0.0374657050852255));
#2303=CARTESIAN_POINT('',(0.0151368114865773,3.30211383055554E-20,0.0475733398698588));
#2304=CARTESIAN_POINT('',(0.0151377912561769,-0.00487373169129905,0.0475734307057257));
#2305=CARTESIAN_POINT('',(0.0150231906556038,-0.0140380617905735,0.0476724962137795));
#2306=CARTESIAN_POINT('',(0.0154172467214443,-0.0272308814428961,0.0474072420154608));
#2307=CARTESIAN_POINT('',(0.0161055168633567,-0.0364039023827805,0.0469135762132653));
#2308=CARTESIAN_POINT('',(0.0171415415868149,-0.0438593193847744,0.0461283721449868));
#2309=CARTESIAN_POINT('',(0.018303904880291,-0.0491507810945063,0.0452025174750437));
#2310=CARTESIAN_POINT('',(0.0194629364852755,-0.052812858627508,0.0442354496009449));
#2311=CARTESIAN_POINT('',(0.0205494271278447,-0.055329448777191,0.0432866779203163));
#2312=CARTESIAN_POINT('',(0.0215500771576978,-0.0570671394397876,0.0423702651338159));
#2313=CARTESIAN_POINT('',(0.0224820226820308,-0.0583098513801186,0.0414787238374941));
#2314=CARTESIAN_POINT('',(0.0234030927199841,-0.0592434796905006,0.04056334769092));
#2315=CARTESIAN_POINT('',(0.0243524742549049,-0.0599148856850618,0.0395869246841681));
#2316=CARTESIAN_POINT('',(0.0254276322438661,-0.0603827543381808,0.03845701107407));
#2317=CARTESIAN_POINT('',(0.0261858118460459,-0.0605002073890039,0.0376520086835848));
#2318=CARTESIAN_POINT('',(0.0266373683840202,-0.0605,0.037174322498927));
#2319=CARTESIAN_POINT('',(0.0146924063205197,-1.15273012884081E-19,0.0475733398698588));
#2320=CARTESIAN_POINT('',(0.0146935072374159,-0.00488048295560268,0.0475733924381131));
#2321=CARTESIAN_POINT('',(0.0145466317619754,-0.0140481605398496,0.0476334347358752));
#2322=CARTESIAN_POINT('',(0.0148632864798307,-0.027242128676729,0.047277856390691));
#2323=CARTESIAN_POINT('',(0.0154913272212638,-0.0364154015353392,0.0467123305234218));
#2324=CARTESIAN_POINT('',(0.0164775186327369,-0.0438711547521783,0.0458663597046652));
#2325=CARTESIAN_POINT('',(0.0176063587746202,-0.0491629846706507,0.0448983549942988));
#2326=CARTESIAN_POINT('',(0.0187451833671555,-0.0528251746368755,0.0439042767995824));
#2327=CARTESIAN_POINT('',(0.0198212381228324,-0.0553412955761396,0.0429395032961279));
#2328=CARTESIAN_POINT('',(0.0208184063864322,-0.057077692156094,0.0420150217521638));
#2329=CARTESIAN_POINT('',(0.0217514481855375,-0.058318366595253,0.0411209988127706));
#2330=CARTESIAN_POINT('',(0.0226770869686725,-0.0592493817247414,0.0402076435575637));
#2331=CARTESIAN_POINT('',(0.0236345302368293,-0.05991797892853,0.0392380683273943));
#2332=CARTESIAN_POINT('',(0.0247220085973383,-0.0603834197667515,0.0381204631257385));
#2333=CARTESIAN_POINT('',(0.0254911175146757,-0.0605001999015676,0.0373268887665289));
#2334=CARTESIAN_POINT('',(0.0259499147948184,-0.0605,0.0368566082536719));
#2335=CARTESIAN_POINT('',(0.0143311057636968,1.51628263067455E-19,0.0475733398698588));
#2336=CARTESIAN_POINT('',(0.0143321582974414,-0.00488545485677018,0.0475731129351809));
#2337=CARTESIAN_POINT('',(0.0141926211431136,-0.0140556430234772,0.0476052728077696));
#2338=CARTESIAN_POINT('',(0.0144736189715616,-0.0272486076767342,0.0471920604026818));
#2339=CARTESIAN_POINT('',(0.0150589829309777,-0.0364207612413448,0.0465760873451245));
#2340=CARTESIAN_POINT('',(0.0160022438409947,-0.0438759277318021,0.0456824251040048));
#2341=CARTESIAN_POINT('',(0.0170977246475202,-0.0491677281454555,0.0446775683998344));
#2342=CARTESIAN_POINT('',(0.0182125647624462,-0.0528302152630265,0.0436568396649127));
#2343=CARTESIAN_POINT('',(0.0192722712379078,-0.0553466670727333,0.042673431032576));
#2344=CARTESIAN_POINT('',(0.020259050639141,-0.0570830958834354,0.041736341771528));
#2345=CARTESIAN_POINT('',(0.0211860312845327,-0.0583232943498024,0.0408341132957524));
#2346=CARTESIAN_POINT('',(0.0221088611421285,-0.0592532635968645,0.0399160056105706));
#2347=CARTESIAN_POINT('',(0.0230667747389328,-0.0599202979254093,0.0389455496962972));
#2348=CARTESIAN_POINT('',(0.0241582593432263,-0.0603840368774776,0.0378314773482392));
#2349=CARTESIAN_POINT('',(0.0249327617113064,-0.0605001946129435,0.0370436495386091));
#2350=CARTESIAN_POINT('',(0.0253956646727326,-0.0605,0.0365777075905869));
#2351=CARTESIAN_POINT('',(0.0140648946136907,-2.94902592158406E-19,0.0475733398698588));
#2352=CARTESIAN_POINT('',(0.0140657000626905,-0.00488832157650428,0.0475729492538826));
#2353=CARTESIAN_POINT('',(0.0139535005665344,-0.0140602358783561,0.0475885966388882));
#2354=CARTESIAN_POINT('',(0.0142369541006026,-0.0272511667957551,0.0471467205659797));
#2355=CARTESIAN_POINT('',(0.0148012200432513,-0.0364213265752388,0.0465034431525602));
#2356=CARTESIAN_POINT('',(0.0157123721328168,-0.0438754102016749,0.0455790959749315));
#2357=CARTESIAN_POINT('',(0.0167774077602272,-0.0491672637563356,0.0445463748875117));
#2358=CARTESIAN_POINT('',(0.0178670232576955,-0.0528306011061996,0.0435023501589539));
#2359=CARTESIAN_POINT('',(0.0189071675667314,-0.0553482428352951,0.0425001724363302));
#2360=CARTESIAN_POINT('',(0.0198795070899258,-0.0570856909085896,0.0415482363599999));
#2361=CARTESIAN_POINT('',(0.0207960924494992,-0.0583263511385617,0.0406343926715551));
#2362=CARTESIAN_POINT('',(0.0217114702198785,-0.059256088706452,0.0397072364398668));
#2363=CARTESIAN_POINT('',(0.0226647416003715,-0.0599221575704815,0.0387307542283327));
#2364=CARTESIAN_POINT('',(0.0237540540302976,-0.060384574403558,0.0376138681623308));
#2365=CARTESIAN_POINT('',(0.0245292277854928,-0.0605001889902447,0.0368269812963318));
#2366=CARTESIAN_POINT('',(0.0249932463641007,-0.0605000000000001,0.03636237201666));
#2367=CARTESIAN_POINT('',(0.013877702103151,4.19244636830831E-19,0.0475733398698588));
#2368=CARTESIAN_POINT('',(0.0138782250820719,-0.00488979005599869,0.0475729216548489));
#2369=CARTESIAN_POINT('',(0.0137953907846188,-0.0140628309050364,0.0475795160774263));
#2370=CARTESIAN_POINT('',(0.0140984472641714,-0.0272516061903572,0.0471246917313477));
#2371=CARTESIAN_POINT('',(0.0146556486021155,-0.0364195718518143,0.0464683896878875));
#2372=CARTESIAN_POINT('',(0.0155445331423403,-0.0438724267131944,0.0455259337874482));
#2373=CARTESIAN_POINT('',(0.0165844425987436,-0.0491643950866976,0.0444738194395655));
#2374=CARTESIAN_POINT('',(0.0176513893502255,-0.0528288166489828,0.0434115950977205));
#2375=CARTESIAN_POINT('',(0.0186729397737242,-0.0553479772968043,0.0423933975578542));
#2376=CARTESIAN_POINT('',(0.0196308686474577,-0.0570868055429766,0.0414277968411651));
#2377=CARTESIAN_POINT('',(0.0205365081808233,-0.0583282825541231,0.0405025288656535));
#2378=CARTESIAN_POINT('',(0.0214433952066604,-0.0592581389680757,0.0395657734171997));
#2379=CARTESIAN_POINT('',(0.0223903983815924,-0.0599235833478327,0.0385819232812044));
#2380=CARTESIAN_POINT('',(0.0234750471526708,-0.0603849960974066,0.0374598490113389));
#2381=CARTESIAN_POINT('',(0.0242485932645352,-0.0605001836370664,0.0366715511781494));
#2382=CARTESIAN_POINT('',(0.02471213751292,-0.0605,0.0362066317022867));
#2383=CARTESIAN_POINT('',(0.0137208987092132,-1.08019413571537E-18,0.0475733398698588));
#2384=CARTESIAN_POINT('',(0.0137211188018841,-0.00489058094351054,0.0475730015471406));
#2385=CARTESIAN_POINT('',(0.0136720137644933,-0.0140645303962007,0.047573908989393));
#2386=CARTESIAN_POINT('',(0.0140121243689863,-0.0272505196384668,0.047113516625019));
#2387=CARTESIAN_POINT('',(0.0145741087066029,-0.0364153780982249,0.0464524067518088));
#2388=CARTESIAN_POINT('',(0.0154449777915949,-0.0438664244068948,0.045499378333865));
#2389=CARTESIAN_POINT('',(0.0164585656466892,-0.0491586942252134,0.0444319178638121));
#2390=CARTESIAN_POINT('',(0.0174999967754922,-0.0528248482614257,0.0433527613615966));
#2391=CARTESIAN_POINT('',(0.0185001436804192,-0.0553462741013706,0.0423182256450239));
#2392=CARTESIAN_POINT('',(0.019441388004102,-0.0570870909765518,0.0413378941521138));
#2393=CARTESIAN_POINT('',(0.0203342956303484,-0.0583297828369061,0.0403999037065906));
#2394=CARTESIAN_POINT('',(0.02123117815588,-0.0592599832062372,0.0394521735933663));
#2395=CARTESIAN_POINT('',(0.0221705054326037,-0.0599249065804658,0.0384595409614906));
#2396=CARTESIAN_POINT('',(0.0232488904821101,-0.0603853840794254,0.0373306302002703));
#2397=CARTESIAN_POINT('',(0.0240195691003331,-0.0605001778015954,0.0365396153935239));
#2398=CARTESIAN_POINT('',(0.0244818136121953,-0.0605,0.0360735069851707));
#2399=CARTESIAN_POINT('',(0.0135676137819752,4.62166132984085E-18,0.0475733398698588));
#2400=CARTESIAN_POINT('',(0.0135676952470199,-0.00489089275304437,0.047573159305319));
#2401=CARTESIAN_POINT('',(0.0135540393292857,-0.0140657131922602,0.0475706395568209));
#2402=CARTESIAN_POINT('',(0.01394940566122,-0.0272480357601129,0.0471075758715278));
#2403=CARTESIAN_POINT('',(0.0145361990479617,-0.0364075595739303,0.0464472268172638));
#2404=CARTESIAN_POINT('',(0.015405553890588,-0.043853125526754,0.0454934057166671));
#2405=CARTESIAN_POINT('',(0.0164000859372316,-0.0491421474825134,0.0444203165882801));
#2406=CARTESIAN_POINT('',(0.0174157839193505,-0.0528076369085505,0.0433314825467432));
#2407=CARTESIAN_POINT('',(0.0183893832268389,-0.0553305952386615,0.0422848345573345));
#2408=CARTESIAN_POINT('',(0.0193057386562541,-0.0570745075434871,0.041290776103476));
#2409=CARTESIAN_POINT('',(0.0201761841269438,-0.0583209184202124,0.0403379846493656));
#2410=CARTESIAN_POINT('',(0.0210522747207159,-0.0592548493317436,0.0393741448925043));
#2411=CARTESIAN_POINT('',(0.0219724284155382,-0.0599227705831708,0.0383642104887132));
#2412=CARTESIAN_POINT('',(0.0230319752630238,-0.060385123078289,0.0372165026239508));
#2413=CARTESIAN_POINT('',(0.0237916051681596,-0.0605001810947658,0.036413808053899));
#2414=CARTESIAN_POINT('',(0.0242480073108956,-0.0605,0.0359415275104442));
#2415=CARTESIAN_POINT('',(0.0133897369911962,6.76570651315498E-18,0.0475733398698588));
#2416=CARTESIAN_POINT('',(0.0133896813496589,-0.00489076113843214,0.0475732929174718));
#2417=CARTESIAN_POINT('',(0.0134095827553697,-0.014066292367085,0.047570066215137));
#2418=CARTESIAN_POINT('',(0.0138573971201485,-0.0272453227262937,0.0471030091570902));
#2419=CARTESIAN_POINT('',(0.0144669106169651,-0.0363998693959316,0.0464402539701722));
#2420=CARTESIAN_POINT('',(0.0153315760521915,-0.0438404572947578,0.0454825420990229));
#2421=CARTESIAN_POINT('',(0.0163028746581221,-0.0491271169401361,0.0444010958880708));
#2422=CARTESIAN_POINT('',(0.0172889118105824,-0.0527929999823027,0.0432996773045116));
#2423=CARTESIAN_POINT('',(0.0182330444385807,-0.0553182916566055,0.0422379381484075));
#2424=CARTESIAN_POINT('',(0.0191226637008442,-0.0570655125355534,0.041227431789513));
#2425=CARTESIAN_POINT('',(0.0199694995741455,-0.0583152466039589,0.0402576507065764));
#2426=CARTESIAN_POINT('',(0.0208239593927418,-0.0592520370113259,0.0392760838107775));
#2427=CARTESIAN_POINT('',(0.0217240730444557,-0.0599218491153218,0.0382478599995381));
#2428=CARTESIAN_POINT('',(0.0227634724499912,-0.0603851023086832,0.0370806403395117));
#2429=CARTESIAN_POINT('',(0.0235107450555589,-0.060500180223398,0.036265607353545));
#2430=CARTESIAN_POINT('',(0.023960351896389,-0.0605,0.0357864819159823));
#2431=CARTESIAN_POINT('',(0.0131757458752956,2.24566059960036E-18,0.0475733398698588));
#2432=CARTESIAN_POINT('',(0.0131755975713216,-0.0048900475258147,0.047573394288576));
#2433=CARTESIAN_POINT('',(0.0132252628624667,-0.0140660387535943,0.0475729696577117));
#2434=CARTESIAN_POINT('',(0.0137205156278851,-0.0272424916663692,0.0471028106568452));
#2435=CARTESIAN_POINT('',(0.0143514638919146,-0.0363928131929492,0.0464357502230818));
#2436=CARTESIAN_POINT('',(0.0152127984282844,-0.0438287697947812,0.0454719134665493));
#2437=CARTESIAN_POINT('',(0.0161622325336522,-0.0491129121676311,0.0443806040845387));
#2438=CARTESIAN_POINT('',(0.0171184745095129,-0.0527787843314631,0.0432651770359881));
#2439=CARTESIAN_POINT('',(0.0180313970188149,-0.0553059653040407,0.0421865901986178));
#2440=CARTESIAN_POINT('',(0.0188911389001393,-0.0570561622594156,0.041157363298002));
#2441=CARTESIAN_POINT('',(0.0197101757484071,-0.0583090666611215,0.0401677350344801));
#2442=CARTESIAN_POINT('',(0.0205377950113644,-0.0592487397113793,0.0391647959492429));
#2443=CARTESIAN_POINT('',(0.0214115121518424,-0.0599206174489661,0.0381134983597453));
#2444=CARTESIAN_POINT('',(0.0224227961091528,-0.0603849993113796,0.0369202348605051));
#2445=CARTESIAN_POINT('',(0.0231517055617591,-0.0605001805794882,0.0360875155630787));
#2446=CARTESIAN_POINT('',(0.0235908830134841,-0.0605,0.0355981843848788));
#2447=CARTESIAN_POINT('',(0.0129574094885536,-5.22856180892425E-19,0.0475733398698589));
#2448=CARTESIAN_POINT('',(0.0129572506855026,-0.00488902276775285,0.0475734081505334));
#2449=CARTESIAN_POINT('',(0.0130154615814674,-0.0140649774431265,0.04757822290036));
#2450=CARTESIAN_POINT('',(0.0135168985262417,-0.027242126644348,0.0471079848710337));
#2451=CARTESIAN_POINT('',(0.0141458055607267,-0.0363931849148546,0.046434338087647));
#2452=CARTESIAN_POINT('',(0.0149984142480061,-0.0438296094268651,0.0454571342157041));
#2453=CARTESIAN_POINT('',(0.0159347306720802,-0.0491136335571459,0.044349114646289));
#2454=CARTESIAN_POINT('',(0.0168747589146593,-0.0527790118808281,0.0432159614618912));
#2455=CARTESIAN_POINT('',(0.017769536250454,-0.055305672863062,0.0421197983717671));
#2456=CARTESIAN_POINT('',(0.018609853974503,-0.0570555592563961,0.0410733137125285));
#2457=CARTESIAN_POINT('',(0.0194086485200286,-0.0583084083067682,0.0400664907414249));
#2458=CARTESIAN_POINT('',(0.0202145368483401,-0.059248223727362,0.0390453778577005));
#2459=CARTESIAN_POINT('',(0.0210644196355894,-0.0599203489060005,0.0379739802250175));
#2460=CARTESIAN_POINT('',(0.0220478378638814,-0.0603849515221824,0.0367566065442005));
#2461=CARTESIAN_POINT('',(0.022756872431539,-0.0605001816567527,0.0359060455516784));
#2462=CARTESIAN_POINT('',(0.0231842956609038,-0.0605,0.035405881610408));
#2463=CARTESIAN_POINT('',(0.0127605470908364,7.11482025645169E-20,0.0475733398698588));
#2464=CARTESIAN_POINT('',(0.0127605196248626,-0.0048882621767814,0.047573341293955));
#2465=CARTESIAN_POINT('',(0.0128039732469979,-0.0140639805457598,0.0475824451602518));
#2466=CARTESIAN_POINT('',(0.0132700188039285,-0.0272448909878768,0.0471129826948252));
#2467=CARTESIAN_POINT('',(0.0138757974467521,-0.0364009713259131,0.0464308895443434));
#2468=CARTESIAN_POINT('',(0.0147171130333726,-0.0438419141593967,0.0454354420851993));
#2469=CARTESIAN_POINT('',(0.0156506739490567,-0.0491274013050456,0.044306949017506));
#2470=CARTESIAN_POINT('',(0.0165892262029565,-0.0527914061392003,0.0431553409108212));
#2471=CARTESIAN_POINT('',(0.0174803108980297,-0.0553150734356985,0.0420436553160534));
#2472=CARTESIAN_POINT('',(0.01831350039374,-0.0570615561159304,0.0409840466338583));
#2473=CARTESIAN_POINT('',(0.0191018670561188,-0.0583115078932209,0.0399653059930732));
#2474=CARTESIAN_POINT('',(0.0198938486242909,-0.0592492538133552,0.0389319295950479));
#2475=CARTESIAN_POINT('',(0.0207257239355656,-0.0599203974839264,0.0378463215537489));
#2476=CARTESIAN_POINT('',(0.021685607489776,-0.0603848251534993,0.0366102870130948));
#2477=CARTESIAN_POINT('',(0.0223763420210314,-0.0605001854054735,0.0357445117506091));
#2478=CARTESIAN_POINT('',(0.0227925707514291,-0.0605,0.0352347293920333));
#2479=CARTESIAN_POINT('',(0.0125946763810603,-4.41775553342127E-20,0.0475733398698589));
#2480=CARTESIAN_POINT('',(0.0125949655556945,-0.00488804087609823,0.0475731897600425));
#2481=CARTESIAN_POINT('',(0.0125983028913247,-0.0140636513745039,0.0475841292299696));
#2482=CARTESIAN_POINT('',(0.0129960006453099,-0.0272504834664377,0.0471074312907795));
#2483=CARTESIAN_POINT('',(0.013567021057376,-0.0364136454611373,0.046410279160331));
#2484=CARTESIAN_POINT('',(0.014399123440049,-0.0438606260008564,0.0453938704792739));
#2485=CARTESIAN_POINT('',(0.015338655236851,-0.0491482615256776,0.0442463392384955));
#2486=CARTESIAN_POINT('',(0.0162867032492129,-0.0528107420902532,0.0430798929633458));
#2487=CARTESIAN_POINT('',(0.0171853967484715,-0.0553304544588245,0.0419574308743484));
#2488=CARTESIAN_POINT('',(0.0180221814733023,-0.0570719853993006,0.0408902569343936));
#2489=CARTESIAN_POINT('',(0.0188098516447362,-0.0583173557579551,0.0398657481018537));
#2490=CARTESIAN_POINT('',(0.0195968879337063,-0.0592515257531427,0.0388268744765625));
#2491=CARTESIAN_POINT('',(0.0204188276243654,-0.0599207218786271,0.0377342419192561));
#2492=CARTESIAN_POINT('',(0.0213627338510998,-0.060384621821892,0.0364870873529328));
#2493=CARTESIAN_POINT('',(0.0220392224111177,-0.0605001899040086,0.0356105590018153));
#2494=CARTESIAN_POINT('',(0.0224462489810847,-0.0605,0.0350935005148131));
#2495=CARTESIAN_POINT('',(0.0124324334306412,1.27650796439443E-19,0.0475733398698588));
#2496=CARTESIAN_POINT('',(0.0124329801893046,-0.00488825841834302,0.047573111053539));
#2497=CARTESIAN_POINT('',(0.0124020763161788,-0.0140641723553412,0.0475829682499665));
#2498=CARTESIAN_POINT('',(0.0127470890909779,-0.0272551372961224,0.0470920394349511));
#2499=CARTESIAN_POINT('',(0.0132916457049408,-0.0364224859324238,0.0463780285476975));
#2500=CARTESIAN_POINT('',(0.0141132442931451,-0.043872621623348,0.0453435851746897));
#2501=CARTESIAN_POINT('',(0.0150509802598531,-0.0491610963636625,0.0441811000991516));
#2502=CARTESIAN_POINT('',(0.0159994536428113,-0.0528222825882172,0.0430030474616429));
#2503=CARTESIAN_POINT('',(0.0168978781471928,-0.0553392617059717,0.041871894440554));
#2504=CARTESIAN_POINT('',(0.0177323288258895,-0.0570775146651499,0.0407982819023944));
#2505=CARTESIAN_POINT('',(0.0185151900896685,-0.0583199684212732,0.0397685545915488));
#2506=CARTESIAN_POINT('',(0.0192945981008785,-0.0592520194937024,0.0387245042376503));
#2507=CARTESIAN_POINT('',(0.0201053044153967,-0.0599203134593108,0.0376253188694573));
#2508=CARTESIAN_POINT('',(0.0210330874578578,-0.0603843126106011,0.0363681642296647));
#2509=CARTESIAN_POINT('',(0.0216959879249906,-0.0605001943971544,0.0354822848791889));
#2510=CARTESIAN_POINT('',(0.0220943554042228,-0.0605,0.0349590075748969));
#2511=CARTESIAN_POINT('',(0.0122491802228305,-1.18350189389156E-18,0.0475733398698589));
#2512=CARTESIAN_POINT('',(0.0122499160720105,-0.0048889104975618,0.0475730979116317));
#2513=CARTESIAN_POINT('',(0.0121891054030285,-0.0140654494566051,0.0475789852082377));
#2514=CARTESIAN_POINT('',(0.0124882798927601,-0.0272594378179288,0.0470686379323016));
#2515=CARTESIAN_POINT('',(0.0130072610269856,-0.0364293874621322,0.0463357630124675));
#2516=CARTESIAN_POINT('',(0.0138132936488731,-0.0438811578254052,0.0452829753505041));
#2517=CARTESIAN_POINT('',(0.0147414458216887,-0.0491696093882531,0.04410572581832));
#2518=CARTESIAN_POINT('',(0.0156824617848196,-0.0528292930660372,0.0429162855654358));
#2519=CARTESIAN_POINT('',(0.0165736796118101,-0.0553438494465599,0.0417765746403254));
#2520=CARTESIAN_POINT('',(0.0174000269991787,-0.0570795105875907,0.040696498866646));
#2521=CARTESIAN_POINT('',(0.0181733320091133,-0.0583199221721932,0.039661346777405));
#2522=CARTESIAN_POINT('',(0.018941052384739,-0.0592508017999377,0.0386117405302196));
#2523=CARTESIAN_POINT('',(0.0197370617453251,-0.0599190653369678,0.0375054940783092));
#2524=CARTESIAN_POINT('',(0.0206455163025695,-0.0603838371428729,0.0362378363842436));
#2525=CARTESIAN_POINT('',(0.021293024914541,-0.060500200398595,0.0353424777547205));
#2526=CARTESIAN_POINT('',(0.0216817697451981,-0.0605,0.034813055076478));
#2527=CARTESIAN_POINT('',(0.0120456491307968,-1.03968431233806E-17,0.0475733398698589));
#2528=CARTESIAN_POINT('',(0.0120464439955515,-0.00488996477372714,0.0475731234872697));
#2529=CARTESIAN_POINT('',(0.0119686936672512,-0.0140673907856762,0.0475724389617078));
#2530=CARTESIAN_POINT('',(0.0122358464477664,-0.027262761656106,0.0470409576856807));
#2531=CARTESIAN_POINT('',(0.0127311770446377,-0.0364333790529496,0.0462894276656932));
#2532=CARTESIAN_POINT('',(0.0135153606718182,-0.0438849569398178,0.0452189611404322));
#2533=CARTESIAN_POINT('',(0.0144241707482553,-0.0491722195492993,0.0440274451693663));
#2534=CARTESIAN_POINT('',(0.0153475344165923,-0.052829975109499,0.0428269468528282));
#2535=CARTESIAN_POINT('',(0.0162221790151018,-0.0553423844262781,0.0416788449602346));
#2536=CARTESIAN_POINT('',(0.0170322679747023,-0.0570763300959282,0.040592220846843));
#2537=CARTESIAN_POINT('',(0.0177890419469394,-0.0583159331127534,0.0395512442207035));
#2538=CARTESIAN_POINT('',(0.0185389232479319,-0.0592470462110545,0.0384953543626227));
#2539=CARTESIAN_POINT('',(0.0193148753406354,-0.0599165988838474,0.0373810394798952));
#2540=CARTESIAN_POINT('',(0.0201990627021507,-0.0603831421811742,0.0361018300774185));
#2541=CARTESIAN_POINT('',(0.0208285262173283,-0.0605002092694746,0.0351966662857627));
#2542=CARTESIAN_POINT('',(0.0212063216437338,-0.0605,0.0346611841200463));
#2543=CARTESIAN_POINT('',(0.0118095086716214,5.49212844723866E-18,0.0475733398698587));
#2544=CARTESIAN_POINT('',(0.0118101890421459,-0.0048912085818175,0.0475731347086695));
#2545=CARTESIAN_POINT('',(0.0117366975322809,-0.014069696697931,0.0475646663849049));
#2546=CARTESIAN_POINT('',(0.0119913420713872,-0.0272647037948137,0.04701510437959));
#2547=CARTESIAN_POINT('',(0.0124655353156343,-0.036434112887555,0.0462474615249848));
#2548=CARTESIAN_POINT('',(0.0132203862780635,-0.0438836406661593,0.0451603535844463));
#2549=CARTESIAN_POINT('',(0.0140980551550674,-0.0491683068902341,0.0439543946848047));
#2550=CARTESIAN_POINT('',(0.0149908669481475,-0.0528233788705827,0.0427421913127969));
#2551=CARTESIAN_POINT('',(0.0158364322802636,-0.0553336693161109,0.0415848683441768));
#2552=CARTESIAN_POINT('',(0.0166187296365026,-0.057066729876514,0.0404906258116265));
#2553=CARTESIAN_POINT('',(0.0173485435126729,-0.0583069212842354,0.0394423760521591));
#2554=CARTESIAN_POINT('',(0.0180708471165798,-0.0592399986954111,0.0383782390963016));
#2555=CARTESIAN_POINT('',(0.0188176543903396,-0.0599125538394732,0.0372533101648993));
#2556=CARTESIAN_POINT('',(0.0196685892847084,-0.0603821807137046,0.035959583932501));
#2557=CARTESIAN_POINT('',(0.0202747607587765,-0.0605002231045601,0.0350429895701219));
#2558=CARTESIAN_POINT('',(0.0206388715308554,-0.0605,0.0345008609112825));
#2559=CARTESIAN_POINT('',(0.0113871476924376,-2.05529607881208E-17,0.0475733398698591));
#2560=CARTESIAN_POINT('',(0.0113870692240672,-0.00489240103115885,0.0475732720365016));
#2561=CARTESIAN_POINT('',(0.011386273645773,-0.014072753593355,0.0475557598923948));
#2562=CARTESIAN_POINT('',(0.0117095976422205,-0.0272620170253903,0.0469950783478197));
#2563=CARTESIAN_POINT('',(0.0121818853554697,-0.0364232550778477,0.0462178659567039));
#2564=CARTESIAN_POINT('',(0.0128827782025076,-0.0438632688689071,0.0451153877812752));
#2565=CARTESIAN_POINT('',(0.0136821946995769,-0.0491396106759558,0.0438909995083147));
#2566=CARTESIAN_POINT('',(0.0144903296517525,-0.0527889512716448,0.0426606708922184));
#2567=CARTESIAN_POINT('',(0.0152532121115938,-0.0552972175851166,0.0414867275687282));
#2568=CARTESIAN_POINT('',(0.0159574614048095,-0.0570326444674523,0.0403763961072943));
#2569=CARTESIAN_POINT('',(0.0166139991928154,-0.0582788833312963,0.0393107421119701));
#2570=CARTESIAN_POINT('',(0.0172644495711268,-0.0592206550484255,0.0382257184146113));
#2571=CARTESIAN_POINT('',(0.0179394236780234,-0.0599027718728602,0.0370744088197218));
#2572=CARTESIAN_POINT('',(0.0187132117374204,-0.0603803359260474,0.0357472520734542));
#2573=CARTESIAN_POINT('',(0.0192690332605162,-0.0605002549990453,0.0348071736245953));
#2574=CARTESIAN_POINT('',(0.0196047629831428,-0.0605,0.0342524532543196));
#2575=CARTESIAN_POINT('',(0.011029857055525,2.21878115390081E-17,0.0475733398698587));
#2576=CARTESIAN_POINT('',(0.011029503056155,-0.0048907656433718,0.0475734053965194));
#2577=CARTESIAN_POINT('',(0.0110721792550377,-0.0140715103509143,0.0475640664444884));
#2578=CARTESIAN_POINT('',(0.0114843726765247,-0.0272569241292494,0.0470039126949546));
#2579=CARTESIAN_POINT('',(0.0119959918775146,-0.036410515444081,0.0462268907099852));
#2580=CARTESIAN_POINT('',(0.0126789977037422,-0.0438407398953152,0.0451258239123327));
#2581=CARTESIAN_POINT('',(0.0134196413054573,-0.0491094808059388,0.0439000782825083));
#2582=CARTESIAN_POINT('',(0.0141525427473239,-0.0527548248436787,0.04266482915133));
#2583=CARTESIAN_POINT('',(0.0148374602567625,-0.0552629536225045,0.0414832981762681));
#2584=CARTESIAN_POINT('',(0.0154661910062475,-0.0570020085265735,0.0403627835124091));
#2585=CARTESIAN_POINT('',(0.016050697921589,-0.058254642015938,0.0392838653222453));
#2586=CARTESIAN_POINT('',(0.0166294104607915,-0.0592045946943641,0.0381812925548522));
#2587=CARTESIAN_POINT('',(0.0172311954085577,-0.0598950288975788,0.0370066287883927));
#2588=CARTESIAN_POINT('',(0.0179245394077203,-0.0603790284637087,0.0356490684674229));
#2589=CARTESIAN_POINT('',(0.0184263374724455,-0.060500278307571,0.0346869444306643));
#2590=CARTESIAN_POINT('',(0.0187309906273961,-0.0605,0.0341198672083429));
#2591=CARTESIAN_POINT('',(0.0107500000000017,0.,0.0475733398698589));
#2592=CARTESIAN_POINT('',(0.0107496238818637,-0.00488913527116612,0.0475732854737797));
#2593=CARTESIAN_POINT('',(0.0108189330027517,-0.0140693504309039,0.0475739188098404));
#2594=CARTESIAN_POINT('',(0.0112746306530931,-0.0272527326533165,0.0470233950447869));
#2595=CARTESIAN_POINT('',(0.0118063898684996,-0.0364027928766606,0.0462477259716094));
#2596=CARTESIAN_POINT('',(0.0124830977079507,-0.0438275782275531,0.0451465733353937));
#2597=CARTESIAN_POINT('',(0.0131940968441504,-0.0490913641085826,0.0439211385261928));
#2598=CARTESIAN_POINT('',(0.0138845946801308,-0.052733698373024,0.0426853301485515));
#2599=CARTESIAN_POINT('',(0.0145223858739752,-0.0552412865421634,0.041501741909238));
#2600=CARTESIAN_POINT('',(0.0151030240910272,-0.0569823760746517,0.0403771825349636));
#2601=CARTESIAN_POINT('',(0.0156398455173976,-0.0582390067361001,0.0392917729391557));
#2602=CARTESIAN_POINT('',(0.0161695456902596,-0.0591942447159264,0.0381795219653055));
#2603=CARTESIAN_POINT('',(0.016719864767639,-0.0598901001321161,0.0369909350420608));
#2604=CARTESIAN_POINT('',(0.0173554790317699,-0.0603782372961928,0.0356144908045587));
#2605=CARTESIAN_POINT('',(0.0178179821663164,-0.0605002932679338,0.0346383250651412));
#2606=CARTESIAN_POINT('',(0.0181,-0.0605,0.0340632823655413));
#2607=CARTESIAN_POINT('',(0.0141934357490398,-0.00353733223114342,0.0475745230057597));
#2608=CARTESIAN_POINT('',(0.0139002095916691,-0.00501849046072669,0.0475696979992724));
#2609=CARTESIAN_POINT('',(0.0142063951248064,-0.00648362652881529,0.0475698039910145));
#2610=CARTESIAN_POINT('',(0.0150091795599437,-0.00769155926725606,0.047589362840198));
#2611=CARTESIAN_POINT('',(0.0162337967251968,-0.00854474427264779,0.0476446635896974));
#2612=CARTESIAN_POINT('',(0.0177882050389152,-0.00885120190942465,0.0476182984662376));
#2613=CARTESIAN_POINT('',(0.0192149635383495,-0.00855161990368653,0.0475686863579595));
#2614=CARTESIAN_POINT('',(0.0204618127819148,-0.00773014411589949,0.0475625919554805));
#2615=CARTESIAN_POINT('',(0.0212955791358799,-0.00648936672201271,0.0475649140364101));
#2616=CARTESIAN_POINT('',(0.0216022256657894,-0.00500174948499797,0.0475698612787503));
#2617=CARTESIAN_POINT('',(0.0212955243850028,-0.00351489522681057,0.0475719086577897));
#2618=CARTESIAN_POINT('',(0.0201990437904712,-0.00186628544903986,0.0475737336724452));
#2619=CARTESIAN_POINT('',(0.0177421274592925,-0.000840587481975977,0.0475737921034433));
#2620=CARTESIAN_POINT('',(0.0153007257492088,-0.0018619863960152,0.0475789938893127));
#2621=CARTESIAN_POINT('',(0.0141934357490398,-0.00353733223114342,0.0475745230057597));
#2622=CARTESIAN_POINT('',(0.0139002095916691,-0.00501849046072669,0.0475696979992724));
#2623=CARTESIAN_POINT('',(0.0142063951248064,-0.00648362652881529,0.0475698039910145));
#2624=CARTESIAN_POINT('',(0.0140001115400872,-0.00501582010047758,0.0475705198323106));
#2625=CARTESIAN_POINT('',(0.0625087985207006,-0.0017096799286072,0.00426766638634666));
#2626=CARTESIAN_POINT('',(0.06311669092143,-0.00465225530674807,0.00532526539123891));
#2627=CARTESIAN_POINT('',(0.0624991535649878,-0.00758749990752561,0.00427656623531864));
#2628=CARTESIAN_POINT('',(0.061015860020647,-0.0088075277784358,0.0017357966571236));
#2629=CARTESIAN_POINT('',(0.0598001987603547,-0.00778634148953789,-0.000382388465591212));
#2630=CARTESIAN_POINT('',(0.0592580632404151,-0.00613403615615151,-0.00134199083270774));
#2631=CARTESIAN_POINT('',(0.0591107799386288,-0.00464990568120321,-0.00160884699969335));
#2632=CARTESIAN_POINT('',(0.0592666538133473,-0.00316413514493815,-0.0013445281813382));
#2633=CARTESIAN_POINT('',(0.0598153751977274,-0.00151795204606344,-0.000396749815090353));
#2634=CARTESIAN_POINT('',(0.0610408652259497,-0.000491783599236727,0.00172612884813263));
#2635=CARTESIAN_POINT('',(0.0625087985207006,-0.0017096799286072,0.00426766638634666));
#2636=CARTESIAN_POINT('',(0.06311669092143,-0.00465225530674807,0.00532526539123891));
#2637=CARTESIAN_POINT('',(0.0624991535649878,-0.00758749990752561,0.00427656623531864));
#2638=CARTESIAN_POINT('',(0.0629124526285681,-0.00465103351052085,0.00497421569777014));
#2639=CARTESIAN_POINT('',(0.0421081717565154,0.,-0.0219526602802179));
#2640=CARTESIAN_POINT('',(0.0426764223044969,0.,-0.0214890926785598));
#2641=CARTESIAN_POINT('',(0.0438613301304318,-8.09915682580823E-20,-0.0205224682186176));
#2642=CARTESIAN_POINT('',(0.0456735648103705,2.83470488903288E-19,-0.0190440828704559));
#2643=CARTESIAN_POINT('',(0.0471272300379714,-8.30163574645343E-19,-0.0178582114171571));
#2644=CARTESIAN_POINT('',(0.0480584863936815,-3.55423216312007E-18,-0.0170985108293111));
#2645=CARTESIAN_POINT('',(0.048572562047566,-6.562201886241E-21,-0.016679138038931));
#2646=CARTESIAN_POINT('',(0.0487974644014055,0.,-0.0164956671295813));
#2647=CARTESIAN_POINT('',(0.0489271783322948,0.,-0.0163898490603201));
#2648=CARTESIAN_POINT('',(0.0421081717565154,0.,-0.0219526602802179));
#2649=CARTESIAN_POINT('',(0.048927178332295,0.,-0.01638984906032));
#2650=CARTESIAN_POINT('',(0.0489271783322948,0.,-0.0163898490603201));
#2651=CARTESIAN_POINT('',(0.0495478060433051,0.,-0.0158835532009717));
#2652=CARTESIAN_POINT('',(0.0505621020223884,5.69806919563533E-19,-0.0149497427199994));
#2653=CARTESIAN_POINT('',(0.0515481934336123,-1.56696902879971E-18,-0.013883040640699));
#2654=CARTESIAN_POINT('',(0.0522975626839674,2.70658286792678E-18,-0.0129726187011822));
#2655=CARTESIAN_POINT('',(0.0528615834396617,-1.0327750417089E-17,-0.0122276075451437));
#2656=CARTESIAN_POINT('',(0.0533540519896592,1.00761373373783E-17,-0.0115126277949926));
#2657=CARTESIAN_POINT('',(0.0537542014672594,-1.80636933339992E-18,-0.0108828711398828));
#2658=CARTESIAN_POINT('',(0.0539769821749739,-5.22145335189349E-19,-0.0105091244337054));
#2659=CARTESIAN_POINT('',(0.0540730431225757,-3.54685167663354E-19,-0.0103427419918359));
#2660=CARTESIAN_POINT('',(0.0540730431225758,-1.41874067065339E-18,-0.0103427419918359));
#2661=CARTESIAN_POINT('',(0.0540730431225757,-3.54685167663353E-19,-0.0103427419918359));
#2662=CARTESIAN_POINT('',(0.0546690900779774,6.84385604557913E-19,-0.00931035838138355));
#2663=CARTESIAN_POINT('',(0.0560964451192897,-1.24560076262576E-18,-0.00683810692939115));
#2664=CARTESIAN_POINT('',(0.0581453435053875,-9.00202860251897E-20,-0.00328931082512354));
#2665=CARTESIAN_POINT('',(0.0597555520656127,-2.53606056148029E-19,-0.000500347788031551));
#2666=CARTESIAN_POINT('',(0.0612664854344484,-1.60621877502715E-19,0.0021166655736434));
#2667=CARTESIAN_POINT('',(0.0631222241856421,5.58509488732942E-20,0.0053308993762853));
#2668=CARTESIAN_POINT('',(0.0650067331835338,-6.93096911716777E-21,0.0085949647079543));
#2669=CARTESIAN_POINT('',(0.0665567394721134,1.30555463624316E-21,0.0112796543518255));
#2670=CARTESIAN_POINT('',(0.0677956750047787,-3.50380366157596E-22,0.0134255536417042));
#2671=CARTESIAN_POINT('',(0.0691018963448552,9.59668283872283E-23,0.0156879953686473));
#2672=CARTESIAN_POINT('',(0.0701907927911055,-1.19113180948918E-23,0.0175740193377342));
#2673=CARTESIAN_POINT('',(0.0710369408377631,2.24700689335935E-24,0.0190395907452703));
#2674=CARTESIAN_POINT('',(0.0716512741714564,-6.1629072560848E-25,0.0201036472920102));
#2675=CARTESIAN_POINT('',(0.0721430627204898,7.9081553294068E-26,0.0209554500455167));
#2676=CARTESIAN_POINT('',(0.0724691084294794,-6.81737529491451E-27,0.0215201777790764));
#2677=CARTESIAN_POINT('',(0.0726565486767552,1.36347507711723E-27,0.0218448338107413));
#2678=CARTESIAN_POINT('',(0.0727379471863364,-4.53358229727178E-35,0.0219858201649964));
#2679=CARTESIAN_POINT('',(0.0727884767114982,0.,0.0220733398698589));
#2680=CARTESIAN_POINT('',(0.0727884767114981,0.,0.0220733398698589));
#2681=CARTESIAN_POINT('',(0.0727884767114982,0.,0.0220733398698589));
#2682=CARTESIAN_POINT('',(0.0736503197957311,0.,0.0235660958799019));
#2683=CARTESIAN_POINT('',(0.074445789674762,0.,0.0256703843645817));
#2684=CARTESIAN_POINT('',(0.0749711565867443,0.,0.0284041328733176));
#2685=CARTESIAN_POINT('',(0.0751140405928425,0.,0.0305583401073361));
#2686=CARTESIAN_POINT('',(0.0749689501248621,0.,0.0328025459164917));
#2687=CARTESIAN_POINT('',(0.0743887550927977,0.,0.0357127340975621));
#2688=CARTESIAN_POINT('',(0.0729582119516634,0.,0.0391716180885072));
#2689=CARTESIAN_POINT('',(0.0706789926097031,0.,0.0421391109862098));
#2690=CARTESIAN_POINT('',(0.0684467512942035,0.,0.0440977420572116));
#2691=CARTESIAN_POINT('',(0.0665819973842237,0.,0.0453423429460521));
#2692=CARTESIAN_POINT('',(0.0646215282518772,0.,0.0463075165637461));
#2693=CARTESIAN_POINT('',(0.0629345840000893,0.,0.0468891880652715));
#2694=CARTESIAN_POINT('',(0.0615192720285715,0.,0.0472311563008449));
#2695=CARTESIAN_POINT('',(0.0604181193466224,0.,0.0474224150956069));
#2696=CARTESIAN_POINT('',(0.0594661966118239,0.,0.0475237072614111));
#2697=CARTESIAN_POINT('',(0.0587699373118096,0.,0.0475607059545778));
#2698=CARTESIAN_POINT('',(0.0583766954947099,0.,0.0475715042387873));
#2699=CARTESIAN_POINT('',(0.0581561855072042,0.,0.0475733398698589));
#2700=CARTESIAN_POINT('',(0.0580660448471626,0.,0.0475733398698589));
#2701=CARTESIAN_POINT('',(0.0580660448471627,0.,0.0475733398698589));
#2702=CARTESIAN_POINT('',(0.0580660448471626,0.,0.0475733398698589));
#2703=CARTESIAN_POINT('',(0.0558891364945139,0.,0.0475733398698589));
#2704=CARTESIAN_POINT('',(0.0522205220105436,1.4210956395441E-20,0.0475733398698588));
#2705=CARTESIAN_POINT('',(0.0472536064931892,-2.36849273257349E-20,0.0475733398698588));
#2706=CARTESIAN_POINT('',(0.0436890443292041,9.00027238377929E-20,0.0475733398698588));
#2707=CARTESIAN_POINT('',(0.0401560580517713,-3.36325968025437E-19,0.0475733398698588));
#2708=CARTESIAN_POINT('',(0.0365603235698913,1.25530114826395E-18,0.0475733398698588));
#2709=CARTESIAN_POINT('',(0.0328554881212287,-4.68487862503037E-18,0.0475733398698588));
#2710=CARTESIAN_POINT('',(0.029192984717597,1.3789364689043E-17,0.0475733398698588));
#2711=CARTESIAN_POINT('',(0.0263981990076588,-2.59669972354069E-18,0.0475733398698588));
#2712=CARTESIAN_POINT('',(0.0244556176972223,6.93950308265825E-19,0.0475733398698588));
#2713=CARTESIAN_POINT('',(0.0227887305120018,-1.79101509522621E-19,0.0475733398698588));
#2714=CARTESIAN_POINT('',(0.020982232385278,8.96414762737413E-20,0.0475733398698588));
#2715=CARTESIAN_POINT('',(0.018966311321627,8.87342611494346E-20,0.0475733398698588));
#2716=CARTESIAN_POINT('',(0.0169442414616494,-4.44759963896338E-19,0.0475733398698588));
#2717=CARTESIAN_POINT('',(0.0154460153358712,1.33446133471388E-18,0.0475733398698588));
#2718=CARTESIAN_POINT('',(0.014309831553971,-2.31307840970572E-18,0.0475733398698588));
#2719=CARTESIAN_POINT('',(0.0131583892043964,1.25440091235204E-17,0.0475733398698588));
#2720=CARTESIAN_POINT('',(0.0120346035390504,-1.61752936573979E-17,0.0475733398698591));
#2721=CARTESIAN_POINT('',(0.011210512407334,0.,0.0475733398698585));
#2722=CARTESIAN_POINT('',(0.0107500000000017,0.,0.0475733398698589));
#2723=CARTESIAN_POINT('',(0.01075,0.,0.0475733398698588));
#2724=CARTESIAN_POINT('',(0.0107500000000017,0.,0.0475733398698589));
#2725=CARTESIAN_POINT('',(0.0107500000000017,-0.00488810754226411,0.0475733398698589));
#2726=CARTESIAN_POINT('',(0.0108191060151741,-0.0140693005699289,0.0475739314234429));
#2727=CARTESIAN_POINT('',(0.0112745876983534,-0.0272527332106809,0.0470233344012939));
#2728=CARTESIAN_POINT('',(0.0118377226206742,-0.0369410667402501,0.0462023466537138));
#2729=CARTESIAN_POINT('',(0.012672172375621,-0.0457798274213529,0.0448343002716869));
#2730=CARTESIAN_POINT('',(0.0136625844621955,-0.0519362557310367,0.0431002517928959));
#2731=CARTESIAN_POINT('',(0.014696375418526,-0.0558941255235744,0.0411774370151848));
#2732=CARTESIAN_POINT('',(0.0156166245891819,-0.0583238227876387,0.0393622244058714));
#2733=CARTESIAN_POINT('',(0.0167227602182534,-0.060068894126979,0.0369889206586562));
#2734=CARTESIAN_POINT('',(0.0176165822637738,-0.0605,0.0350492900973246));
#2735=CARTESIAN_POINT('',(0.0181,-0.0605,0.0340632823655413));
#2736=CARTESIAN_POINT('',(0.0181,-0.0605,0.0340632823655413));
#2737=CARTESIAN_POINT('',(0.0245238930739683,-0.0605000000000201,0.0360977430669674));
#2738=CARTESIAN_POINT('',(0.0225631544968772,-0.0604999999366951,0.034966258000981));
#2739=CARTESIAN_POINT('',(0.0203546246190871,-0.0604999998450602,0.0342668064501398));
#2740=CARTESIAN_POINT('',(0.0181000013808821,-0.0604999999999848,0.0340632670780523));
#2741=CARTESIAN_POINT('',(0.0245237950902906,-0.060499999750009,0.0360979128618525));
#2742=CARTESIAN_POINT('',(0.0353538280270551,-0.0604999999999992,0.0389999318916085));
#2743=CARTESIAN_POINT('',(0.03157342457572,-0.0604999999999993,0.038999797370078));
#2744=CARTESIAN_POINT('',(0.0277977287978145,-0.0604999999999995,0.0379881024426));
#2745=CARTESIAN_POINT('',(0.0245237363852632,-0.0604999999999996,0.0360980167420248));
#2746=CARTESIAN_POINT('',(0.0353538280257574,-0.0604999997499993,0.0389999671328518));
#2747=CARTESIAN_POINT('',(0.0398371685740843,-0.0605,0.039));
#2748=CARTESIAN_POINT('',(0.0382402410400977,-0.0605,0.039));
#2749=CARTESIAN_POINT('',(0.0373579530037862,-0.0605,0.039000000097182));
#2750=CARTESIAN_POINT('',(0.0353538280257557,-0.0605,0.039));
#2751=CARTESIAN_POINT('',(0.0398371683239341,-0.0604999997500002,0.0389999620083087));
#2752=CARTESIAN_POINT('',(0.0536935091724218,-0.0605,0.0150000380252195));
#2753=CARTESIAN_POINT('',(0.0550897542885078,-0.0605,0.0174184275974149));
#2754=CARTESIAN_POINT('',(0.0565846679695472,-0.0605,0.0229995122078121));
#2755=CARTESIAN_POINT('',(0.0543414253587205,-0.0605,0.031374036580494));
#2756=CARTESIAN_POINT('',(0.0482104958277387,-0.0605,0.0375040038696241));
#2757=CARTESIAN_POINT('',(0.0426296779375952,-0.0605,0.0389999129641968));
#2758=CARTESIAN_POINT('',(0.0398371685737836,-0.0605,0.0389999240166689));
#2759=CARTESIAN_POINT('',(0.0536935419785098,-0.0604999997500002,0.0150000187961143));
#2760=CARTESIAN_POINT('',(0.0514519052838328,-0.0605,0.01111731409782));
#2761=CARTESIAN_POINT('',(0.0522550666955017,-0.0605,0.0125084304695092));
#2762=CARTESIAN_POINT('',(0.052788995410765,-0.0605,0.013433222131965));
#2763=CARTESIAN_POINT('',(0.0536935749095601,-0.0605,0.0149999997833636));
#2764=CARTESIAN_POINT('',(0.051451875810061,-0.0604999997500002,0.011117331404588));
#2765=CARTESIAN_POINT('',(0.043523667872959,-0.0605,0.00318917006521731));
#2766=CARTESIAN_POINT('',(0.0467975263876355,-0.0605,0.0050794883505464));
#2767=CARTESIAN_POINT('',(0.0495615278008953,-0.0605,0.00784348976370494));
#2768=CARTESIAN_POINT('',(0.0514518460863442,-0.0605,0.0111173482783122));
#2769=CARTESIAN_POINT('',(0.0435237020535574,-0.0605,0.00318911086754462));
#2770=CARTESIAN_POINT('',(0.0377916512459884,-0.0605,-0.00254293994002411));
#2771=CARTESIAN_POINT('',(0.0391583147897549,-0.0605,-0.000175809245368488));
#2772=CARTESIAN_POINT('',(0.0411565701775509,-0.0605,0.00182244664172503));
#2773=CARTESIAN_POINT('',(0.0435237020535572,-0.0605,0.0031891108675447));
#2774=CARTESIAN_POINT('',(0.0377916512459886,-0.0605,-0.00254293994002382));
#2775=CARTESIAN_POINT('',(0.0352448637286709,-0.0605,-0.00695410531610048));
#2776=CARTESIAN_POINT('',(0.0360937929011103,-0.0605,-0.00548371685740807));
#2777=CARTESIAN_POINT('',(0.0368068092928421,-0.0604999999999999,-0.0042487362402977));
#2778=CARTESIAN_POINT('',(0.037791651245989,-0.0605,-0.00254293994002312));
#2779=CARTESIAN_POINT('',(0.035244863748834,-0.0605,-0.00695410528117702));
#2780=CARTESIAN_POINT('',(0.0421081717565154,0.,-0.0219526602802179));
#2781=CARTESIAN_POINT('',(0.0421081717565154,-0.00488988806189495,-0.0219526602802179));
#2782=CARTESIAN_POINT('',(0.0421173327027416,-0.014078406864097,-0.0219460142076781));
#2783=CARTESIAN_POINT('',(0.0418862788176625,-0.0272865188992313,-0.0212827105483165));
#2784=CARTESIAN_POINT('',(0.0415253869295387,-0.0370038673974736,-0.0202931556824402));
#2785=CARTESIAN_POINT('',(0.040903124493264,-0.0458776357550329,-0.0186380857108611));
#2786=CARTESIAN_POINT('',(0.0400922764712973,-0.0520545494820641,-0.0165448127651705));
#2787=CARTESIAN_POINT('',(0.0391539532090905,-0.0559942168520881,-0.0143005465201195));
#2788=CARTESIAN_POINT('',(0.0382327574643353,-0.0583781385292727,-0.0122746602822003));
#2789=CARTESIAN_POINT('',(0.0369650711508903,-0.0600633073036367,-0.00983188599820305));
#2790=CARTESIAN_POINT('',(0.0358376291789808,-0.0605,-0.00793485094365009));
#2791=CARTESIAN_POINT('',(0.0352448637286709,-0.0605,-0.00695410531610048));
#2792=CARTESIAN_POINT('',(0.040843926838972,0.,-0.0204029232739921));
#2793=CARTESIAN_POINT('',(0.040843926838972,-0.0195595522475798,-0.0204029232739921));
#2794=CARTESIAN_POINT('',(0.040843926838972,-0.0585,-0.0204029232739921));
#2795=CARTESIAN_POINT('',(0.0352448637286709,-0.0585,-0.00695410531610048));
#2796=CARTESIAN_POINT('',(0.0414121773869536,0.,-0.0199393556723339));
#2797=CARTESIAN_POINT('',(0.0414121773869536,-0.0195595509277708,-0.0199393556723339));
#2798=CARTESIAN_POINT('',(0.0412568419534794,-0.0585,-0.0200064563051002));
#2799=CARTESIAN_POINT('',(0.0354570960217807,-0.0585,-0.00658650820142746));
#2800=CARTESIAN_POINT('',(0.0420045252179623,0.,-0.0194561299819348));
#2801=CARTESIAN_POINT('',(0.0420045252179623,-0.0195596724773307,-0.0194561299819348));
#2802=CARTESIAN_POINT('',(0.0416612625191927,-0.0585,-0.0196247023263072));
#2803=CARTESIAN_POINT('',(0.0356608337660963,-0.0585,-0.00623362407685327));
#2804=CARTESIAN_POINT('',(0.0428023547536496,0.,-0.0188052763651556));
#2805=CARTESIAN_POINT('',(0.0428023547536496,-0.01956005231698,-0.0188052763651556));
#2806=CARTESIAN_POINT('',(0.0423416135313065,-0.0585,-0.0190437789888458));
#2807=CARTESIAN_POINT('',(0.0359296525755858,-0.0585,-0.00576801624078728));
#2808=CARTESIAN_POINT('',(0.043402735012334,0.,-0.0183154979785095));
#2809=CARTESIAN_POINT('',(0.043402735012334,-0.0195603923710858,-0.0183154979785095));
#2810=CARTESIAN_POINT('',(0.0428871576881826,-0.0585,-0.0185901069776488));
#2811=CARTESIAN_POINT('',(0.0361305588036368,-0.0585,-0.00542003644624604));
#2812=CARTESIAN_POINT('',(0.0440031152710184,0.,-0.0178257195918634));
#2813=CARTESIAN_POINT('',(0.0440031152710184,-0.0195608844941946,-0.0178257195918634));
#2814=CARTESIAN_POINT('',(0.0435766569524861,-0.0585,-0.0180596126040148));
#2815=CARTESIAN_POINT('',(0.0363314650316877,-0.0585,-0.00507205665170478));
#2816=CARTESIAN_POINT('',(0.04479291237903,0.,-0.0171814186713312));
#2817=CARTESIAN_POINT('',(0.04479291237903,-0.0195616519123792,-0.0171814186713312));
#2818=CARTESIAN_POINT('',(0.044530962367726,-0.0585,-0.0173333077622637));
#2819=CARTESIAN_POINT('',(0.0366031153574419,-0.0585,-0.00460154448560586));
#2820=CARTESIAN_POINT('',(0.045377227782363,0.,-0.016704745677179));
#2821=CARTESIAN_POINT('',(0.045377227782363,-0.0195623085542884,-0.016704745677179));
#2822=CARTESIAN_POINT('',(0.0452729212262823,-0.0585,-0.0167743448732711));
#2823=CARTESIAN_POINT('',(0.0368096846180223,-0.0585,-0.00424375603099872));
#2824=CARTESIAN_POINT('',(0.045937445902669,0.,-0.0162477307717678));
#2825=CARTESIAN_POINT('',(0.045937445902669,-0.01956301097066,-0.0162477307717678));
#2826=CARTESIAN_POINT('',(0.0459496143687903,-0.0585,-0.0162495015736776));
#2827=CARTESIAN_POINT('',(0.0370247484273968,-0.0585,-0.00387125458629275));
#2828=CARTESIAN_POINT('',(0.0466710160169508,0.,-0.0156492987249646));
#2829=CARTESIAN_POINT('',(0.0466710160169507,-0.0195639510160407,-0.0156492987249646));
#2830=CARTESIAN_POINT('',(0.0468057392727254,-0.0585,-0.0155773634396732));
#2831=CARTESIAN_POINT('',(0.037316219367004,-0.0585,-0.00336641210996322));
#2832=CARTESIAN_POINT('',(0.0471910719988782,0.,-0.0152250473007884));
#2833=CARTESIAN_POINT('',(0.0471910719988782,-0.0195646545605075,-0.0152250473007884));
#2834=CARTESIAN_POINT('',(0.0473440345570065,-0.0585,-0.0151354789364408));
#2835=CARTESIAN_POINT('',(0.0375454407577021,-0.0585,-0.00296938901509254));
#2836=CARTESIAN_POINT('',(0.0478040373176053,0.,-0.014725002270104));
#2837=CARTESIAN_POINT('',(0.0478040373176053,-0.019565396307312,-0.014725002270104));
#2838=CARTESIAN_POINT('',(0.0477582958918046,-0.0585,-0.0147517865024157));
#2839=CARTESIAN_POINT('',(0.0378652772294912,-0.0585,-0.00241541599584009));
#2840=CARTESIAN_POINT('',(0.0479386008343445,0.,-0.0146120314205453));
#2841=CARTESIAN_POINT('',(0.0479386008343445,-0.019565541197291,-0.0146120314205453));
#2842=CARTESIAN_POINT('',(0.047836833255197,-0.0585,-0.0146758863416691));
#2843=CARTESIAN_POINT('',(0.0379432163964021,-0.0585,-0.00228458404215733));
#2844=CARTESIAN_POINT('',(0.0481964528232301,0.,-0.014390093516146));
#2845=CARTESIAN_POINT('',(0.0481964528232301,-0.019565783391198,-0.014390093516146));
#2846=CARTESIAN_POINT('',(0.0479750008712854,-0.0585,-0.0145375753642408));
#2847=CARTESIAN_POINT('',(0.0381076767951552,-0.0585,-0.00201797640953336));
#2848=CARTESIAN_POINT('',(0.0483197411807991,0.,-0.0142811254042349));
#2849=CARTESIAN_POINT('',(0.0483197411807991,-0.0195658806951259,-0.0142811254042349));
#2850=CARTESIAN_POINT('',(0.0480346317226474,-0.0585,-0.0144751651339694));
#2851=CARTESIAN_POINT('',(0.0381941986256634,-0.0585,-0.00188220131700241));
#2852=CARTESIAN_POINT('',(0.0485567347573119,0.,-0.0140667175448407));
#2853=CARTESIAN_POINT('',(0.0485567347573119,-0.0195660318494239,-0.0140667175448407));
#2854=CARTESIAN_POINT('',(0.0481496039286944,-0.0585,-0.0143524505779447));
#2855=CARTESIAN_POINT('',(0.0383756545471208,-0.0585,-0.00160735769867287));
#2856=CARTESIAN_POINT('',(0.0486704398296436,0.,-0.0139612769148054));
#2857=CARTESIAN_POINT('',(0.0486704398296436,-0.0195660856997938,-0.0139612769148054));
#2858=CARTESIAN_POINT('',(0.0482049457153365,-0.0585,-0.0142921468743626));
#2859=CARTESIAN_POINT('',(0.0384705890700272,-0.0585,-0.00146828979504551));
#2860=CARTESIAN_POINT('',(0.0488898490734385,0.,-0.0137532787621995));
#2861=CARTESIAN_POINT('',(0.0488898490734385,-0.0195661540794687,-0.0137532787621995));
#2862=CARTESIAN_POINT('',(0.0483258149082352,-0.0585,-0.0141622206665866));
#2863=CARTESIAN_POINT('',(0.0386685580740629,-0.0585,-0.00118846958093086));
#2864=CARTESIAN_POINT('',(0.048995553099391,0.,-0.0136507205169154));
#2865=CARTESIAN_POINT('',(0.048995553099391,-0.0195661686087736,-0.0136507205169154));
#2866=CARTESIAN_POINT('',(0.0483913425789377,-0.0585,-0.0140925988007128));
#2867=CARTESIAN_POINT('',(0.0387715928196382,-0.0585,-0.00104771790876372));
#2868=CARTESIAN_POINT('',(0.0492004373256892,0.,-0.0134476960713864));
#2869=CARTESIAN_POINT('',(0.0492004373256892,-0.0195661624788115,-0.0134476960713864));
#2870=CARTESIAN_POINT('',(0.0485469057129308,-0.0585,-0.0139325513095319));
#2871=CARTESIAN_POINT('',(0.0389852970234759,-0.0585,-0.000766078930285904));
#2872=CARTESIAN_POINT('',(0.0492996174087069,0.,-0.0133472292936459));
#2873=CARTESIAN_POINT('',(0.0492996174087069,-0.0195661434753402,-0.0133472292936459));
#2874=CARTESIAN_POINT('',(0.0486369412762589,-0.0585,-0.0138421263157508));
#2875=CARTESIAN_POINT('',(0.0390959665817757,-0.0585,-0.000625192255501127));
#2876=CARTESIAN_POINT('',(0.0494284256067656,0.,-0.013214056672081));
#2877=CARTESIAN_POINT('',(0.0494284256067656,-0.0195661007245965,-0.013214056672081));
#2878=CARTESIAN_POINT('',(0.0487827697414883,-0.0585,-0.0136999809159264));
#2879=CARTESIAN_POINT('',(0.0392482000413603,-0.0585,-0.000438232518889959));
#2880=CARTESIAN_POINT('',(0.049524173754852,0.,-0.013114372827576));
#2881=CARTESIAN_POINT('',(0.049524173754852,-0.0195660643083433,-0.013114372827576));
#2882=CARTESIAN_POINT('',(0.0488985863332639,-0.0585,-0.0135879773806291));
#2883=CARTESIAN_POINT('',(0.0393635436291672,-0.0585,-0.000298235207140611));
#2884=CARTESIAN_POINT('',(0.049617560871345,0.,-0.0130151045842159));
#2885=CARTESIAN_POINT('',(0.049617560871345,-0.0195660157921382,-0.0130151045842159));
#2886=CARTESIAN_POINT('',(0.0490360728013067,-0.0585,-0.0134578464698445));
#2887=CARTESIAN_POINT('',(0.0394822622742843,-0.0585,-0.000159133736907187));
#2888=CARTESIAN_POINT('',(0.0497710559632384,0.,-0.0128497387046412));
#2889=CARTESIAN_POINT('',(0.0497710559632384,-0.0195659236199268,-0.0128497387046412));
#2890=CARTESIAN_POINT('',(0.0492830469103968,-0.0585,-0.0132255158172183));
#2891=CARTESIAN_POINT('',(0.0396835869197247,-0.0585,7.11991798222726E-5));
#2892=CARTESIAN_POINT('',(0.0498612179283694,0.,-0.0127505919207308));
#2893=CARTESIAN_POINT('',(0.0498612179283694,-0.0195658581359173,-0.0127505919207308));
#2894=CARTESIAN_POINT('',(0.0494472781695201,-0.0585,-0.0130722167469537));
#2895=CARTESIAN_POINT('',(0.0398074957177618,-0.0585,0.000208045807068409));
#2896=CARTESIAN_POINT('',(0.0500388521303509,0.,-0.0125513165566671));
#2897=CARTESIAN_POINT('',(0.0500388521303509,-0.0195657125643407,-0.0125513165566671));
#2898=CARTESIAN_POINT('',(0.0497908108611756,-0.0585,-0.0127503806288988));
#2899=CARTESIAN_POINT('',(0.0400606040296334,-0.0585,0.000477777682694323));
#2900=CARTESIAN_POINT('',(0.0501263244538693,0.,-0.012451187750004));
#2901=CARTESIAN_POINT('',(0.0501263244538693,-0.0195656324767736,-0.012451187750004));
#2902=CARTESIAN_POINT('',(0.0499701119616361,-0.0585,-0.0125818440413621));
#2903=CARTESIAN_POINT('',(0.0401898032113963,-0.0585,0.000610662470820526));
#2904=CARTESIAN_POINT('',(0.0502996613283987,0.,-0.0122487292172635));
#2905=CARTESIAN_POINT('',(0.0502996613283987,-0.0195654634558893,-0.0122487292172635));
#2906=CARTESIAN_POINT('',(0.0503266135364184,-0.0585,-0.0122419670180431));
#2907=CARTESIAN_POINT('',(0.0404524075993539,-0.0585,0.000871344785495241));
#2908=CARTESIAN_POINT('',(0.0503855260644527,0.,-0.0121463993534899));
#2909=CARTESIAN_POINT('',(0.0503855260644527,-0.0195653744620522,-0.0121463993534899));
#2910=CARTESIAN_POINT('',(0.0505038135685074,-0.0585,-0.0120706269371293));
#2911=CARTESIAN_POINT('',(0.0405858123633155,-0.0585,0.00099914195717522));
#2912=CARTESIAN_POINT('',(0.0505566271966538,0.,-0.0119382338096254));
#2913=CARTESIAN_POINT('',(0.0505566271966538,-0.0195651909713809,-0.0119382338096254));
#2914=CARTESIAN_POINT('',(0.0508388069204562,-0.0585,-0.0117374344053997));
#2915=CARTESIAN_POINT('',(0.0408556079377616,-0.0585,0.00124866580718247));
#2916=CARTESIAN_POINT('',(0.050641863888668,0.,-0.0118323980654195));
#2917=CARTESIAN_POINT('',(0.050641863888668,-0.0195650964745466,-0.0118323980654195));
#2918=CARTESIAN_POINT('',(0.0509965997103336,-0.0585,-0.0115755821837195));
#2919=CARTESIAN_POINT('',(0.0409919982182636,-0.0585,0.00137039225637427));
#2920=CARTESIAN_POINT('',(0.0507841262119293,0.,-0.0116519272242642));
#2921=CARTESIAN_POINT('',(0.0507841262119293,-0.0195649372804857,-0.0116519272242642));
#2922=CARTESIAN_POINT('',(0.0512288931840612,-0.0585,-0.0113238514981773));
#2923=CARTESIAN_POINT('',(0.0412206865654766,-0.0585,0.00156751780719733));
#2924=CARTESIAN_POINT('',(0.0508695643527724,0.,-0.0115420135409388));
#2925=CARTESIAN_POINT('',(0.0508695643527724,-0.0195648410843144,-0.0115420135409388));
#2926=CARTESIAN_POINT('',(0.0513559910689875,-0.0585,-0.011180022351501));
#2927=CARTESIAN_POINT('',(0.041358447663472,-0.0585,0.00168349233414695));
#2928=CARTESIAN_POINT('',(0.0509553731305701,0.,-0.0114291632588408));
#2929=CARTESIAN_POINT('',(0.0509553731305701,-0.0195647450231384,-0.0114291632588408));
#2930=CARTESIAN_POINT('',(0.0514588285954107,-0.0585,-0.0110510016121968));
#2931=CARTESIAN_POINT('',(0.0414965498724914,-0.0585,0.00179579056090438));
#2932=CARTESIAN_POINT('',(0.0510700050099746,0.,-0.0112772822097389));
#2933=CARTESIAN_POINT('',(0.0510700050099746,-0.0195646172581455,-0.0112772822097389));
#2934=CARTESIAN_POINT('',(0.0515863905799759,-0.0585,-0.0108846774357604));
#2935=CARTESIAN_POINT('',(0.0416807308619776,-0.0585,0.00194383759763424));
#2936=CARTESIAN_POINT('',(0.0511564748670119,0.,-0.0111601899384536));
#2937=CARTESIAN_POINT('',(0.0511564748670119,-0.0195645221466951,-0.0111601899384536));
#2938=CARTESIAN_POINT('',(0.0516605633230006,-0.0585,-0.0107727670557618));
#2939=CARTESIAN_POINT('',(0.0418189665719766,-0.0585,0.00205108409615382));
#2940=CARTESIAN_POINT('',(0.0513310198862804,0.,-0.0109180906439161));
#2941=CARTESIAN_POINT('',(0.0513310198862803,-0.0195643368121752,-0.0109180906439161));
#2942=CARTESIAN_POINT('',(0.0517823996654418,-0.0585,-0.0105626019900214));
#2943=CARTESIAN_POINT('',(0.0420941097374712,-0.0585,0.0022574805422634));
#2944=CARTESIAN_POINT('',(0.0514190957456558,0.,-0.0107930836646159));
#2945=CARTESIAN_POINT('',(0.0514190957456558,-0.019564244930654,-0.0107930836646159));
#2946=CARTESIAN_POINT('',(0.0518300626202361,-0.0585,-0.0104643470720778));
#2947=CARTESIAN_POINT('',(0.0422310165483446,-0.0585,0.00235663072205515));
#2948=CARTESIAN_POINT('',(0.0515973137152589,0.,-0.0105335198148818));
#2949=CARTESIAN_POINT('',(0.0515973137152589,-0.0195640682007176,-0.0105335198148818));
#2950=CARTESIAN_POINT('',(0.0519153005114057,-0.0585,-0.0102693308639925));
#2951=CARTESIAN_POINT('',(0.0425019065033151,-0.0585,0.00254646779388928));
#2952=CARTESIAN_POINT('',(0.0516874566783783,0.,-0.0103989629751149));
#2953=CARTESIAN_POINT('',(0.0516874566783784,-0.0195639833523023,-0.0103989629751149));
#2954=CARTESIAN_POINT('',(0.0519528748130443,-0.0585,-0.0101725691739695));
#2955=CARTESIAN_POINT('',(0.0426358890126755,-0.0585,0.00263715508581301));
#2956=CARTESIAN_POINT('',(0.0518700930236666,0.,-0.0101185796172782));
#2957=CARTESIAN_POINT('',(0.0518700930236666,-0.0195638261502057,-0.0101185796172782));
#2958=CARTESIAN_POINT('',(0.0520343098425469,-0.0585,-0.00996823470565862));
#2959=CARTESIAN_POINT('',(0.0428992882718024,-0.0585,0.00280984229470336));
#2960=CARTESIAN_POINT('',(0.051962587424657,0.,-0.00997275308338216));
#2961=CARTESIAN_POINT('',(0.051962587424657,-0.0195637537965244,-0.00997275308338216));
#2962=CARTESIAN_POINT('',(0.0520781699655641,-0.0585,-0.00986066135975463));
#2963=CARTESIAN_POINT('',(0.0430287044167219,-0.0585,0.00289184277928611));
#2964=CARTESIAN_POINT('',(0.0521500059997425,0.,-0.00966802554281953));
#2965=CARTESIAN_POINT('',(0.0521500059997425,-0.0195636270455239,-0.00966802554281953));
#2966=CARTESIAN_POINT('',(0.0521885230704729,-0.0585,-0.00962227072987164));
#2967=CARTESIAN_POINT('',(0.0432813008421539,-0.0585,0.00304706042003008));
#2968=CARTESIAN_POINT('',(0.0522449313674051,0.,-0.00950912443370538));
#2969=CARTESIAN_POINT('',(0.0522449313674051,-0.0195635726482048,-0.00950912443370537));
#2970=CARTESIAN_POINT('',(0.0522550154929962,-0.0585,-0.00949145271403376));
#2971=CARTESIAN_POINT('',(0.043404480563298,-0.0585,0.00312027830805018));
#2972=CARTESIAN_POINT('',(0.0525455784303324,0.,-0.00898838844556894));
#2973=CARTESIAN_POINT('',(0.0525455784303324,-0.0195634390442841,-0.00898838844556894));
#2974=CARTESIAN_POINT('',(0.0525241017310838,-0.0585,-0.00902602484796796));
#2975=CARTESIAN_POINT('',(0.0437776144098731,-0.0585,0.00333570723481412));
#2976=CARTESIAN_POINT('',(0.0527640021612325,0.,-0.00861006744607118));
#2977=CARTESIAN_POINT('',(0.0527640021612325,-0.0195634272415882,-0.00861006744607118));
#2978=CARTESIAN_POINT('',(0.0527982592195298,-0.0585,-0.00861026169930946));
#2979=CARTESIAN_POINT('',(0.044016242609263,-0.0585,0.00348029980674033));
#2980=CARTESIAN_POINT('',(0.0532233357483415,0.,-0.0078144783355756));
#2981=CARTESIAN_POINT('',(0.0532233357483415,-0.0195635805247553,-0.0078144783355756));
#2982=CARTESIAN_POINT('',(0.053434224385737,-0.0585,-0.00766643894235265));
#2983=CARTESIAN_POINT('',(0.0444686877133184,-0.0585,0.00376544918589422));
#2984=CARTESIAN_POINT('',(0.0534642456045503,0.,-0.00739721022457776));
#2985=CARTESIAN_POINT('',(0.0534642456045503,-0.0195637456106184,-0.00739721022457775));
#2986=CARTESIAN_POINT('',(0.0537960324704658,-0.0585,-0.00713837281847034));
#2987=CARTESIAN_POINT('',(0.0446825050249515,-0.0585,0.00390601250870588));
#2988=CARTESIAN_POINT('',(0.0538801762144553,0.,-0.00667679727579927));
#2989=CARTESIAN_POINT('',(0.0538801762144553,-0.019564183713154,-0.00667679727579927));
#2990=CARTESIAN_POINT('',(0.0543930748055655,-0.0585,-0.0062353761954994));
#2991=CARTESIAN_POINT('',(0.045022680646984,-0.0585,0.00413770042288468));
#2992=CARTESIAN_POINT('',(0.0541355002535543,0.,-0.00623456306768601));
#2993=CARTESIAN_POINT('',(0.0541355002535543,-0.0195645155346807,-0.006234563067686));
#2994=CARTESIAN_POINT('',(0.0547489117617276,-0.0585,-0.005684420309513));
#2995=CARTESIAN_POINT('',(0.0452203114054761,-0.0585,0.00427568280079269));
#2996=CARTESIAN_POINT('',(0.0543977431004407,0.,-0.00578034513295734));
#2997=CARTESIAN_POINT('',(0.0543977431004407,-0.019564951947535,-0.00578034513295733));
#2998=CARTESIAN_POINT('',(0.0550694353070537,-0.0585,-0.00514775049115091));
#2999=CARTESIAN_POINT('',(0.0454099004899041,-0.0585,0.00441268581218144));
#3000=CARTESIAN_POINT('',(0.0547500908770953,0.,-0.00517006088185756));
#3001=CARTESIAN_POINT('',(0.0547500908770953,-0.0195655805722243,-0.00517006088185755));
#3002=CARTESIAN_POINT('',(0.0554825395788527,-0.0585,-0.00443938513395217));
#3003=CARTESIAN_POINT('',(0.0456594830246746,-0.0585,0.00459504703988669));
#3004=CARTESIAN_POINT('',(0.0550204056664002,0.,-0.00470186193274423));
#3005=CARTESIAN_POINT('',(0.0550204056664002,-0.019566157207729,-0.00470186193274423));
#3006=CARTESIAN_POINT('',(0.0557602817973151,-0.0585,-0.00392429486467252));
#3007=CARTESIAN_POINT('',(0.0458394634147454,-0.0585,0.00473112534160587));
#3008=CARTESIAN_POINT('',(0.0555679540527973,0.,-0.00375348030790219));
#3009=CARTESIAN_POINT('',(0.0555679540527972,-0.0195675242666739,-0.00375348030790218));
#3010=CARTESIAN_POINT('',(0.0562705825890562,-0.0585,-0.00293724264088553));
#3011=CARTESIAN_POINT('',(0.0461896459241097,-0.0585,0.00500424246011885));
#3012=CARTESIAN_POINT('',(0.0558451876498894,0.,-0.00327329763217346));
#3013=CARTESIAN_POINT('',(0.0558451876498894,-0.0195683135420558,-0.00327329763217346));
#3014=CARTESIAN_POINT('',(0.0565031415453318,-0.0585,-0.00246527825466427));
#3015=CARTESIAN_POINT('',(0.0463598484264,-0.0585,0.00514128370862656));
#3016=CARTESIAN_POINT('',(0.0562159855806435,0.,-0.00263105677676593));
#3017=CARTESIAN_POINT('',(0.0562159855806435,-0.0195694840558669,-0.00263105677676592));
#3018=CARTESIAN_POINT('',(0.0567955026013293,-0.0585,-0.00187154444877739));
#3019=CARTESIAN_POINT('',(0.0465831020771192,-0.0585,0.00532658359794506));
#3020=CARTESIAN_POINT('',(0.0564943723123669,0.,-0.00214887681326796));
#3021=CARTESIAN_POINT('',(0.0564943723123669,-0.0195703915074937,-0.00214887681326796));
#3022=CARTESIAN_POINT('',(0.0570103443333803,-0.0585,-0.00143513165000377));
#3023=CARTESIAN_POINT('',(0.0467496218885535,-0.0585,0.00546620352605483));
#3024=CARTESIAN_POINT('',(0.0567727590440903,0.,-0.00166669684977));
#3025=CARTESIAN_POINT('',(0.0567727590440903,-0.019571377472146,-0.00166669684976999));
#3026=CARTESIAN_POINT('',(0.0572149330047354,-0.0585,-0.00102699902598821));
#3027=CARTESIAN_POINT('',(0.0469140222769261,-0.0585,0.0056083254081484));
#3028=CARTESIAN_POINT('',(0.0572348150392439,0.,-0.000866392390222126));
#3029=CARTESIAN_POINT('',(0.0572348150392439,-0.0195730853481955,-0.000866392390222123));
#3030=CARTESIAN_POINT('',(0.0575512100248714,-0.0585,-0.000369151339760031));
#3031=CARTESIAN_POINT('',(0.0471870943580422,-0.0585,0.00584923498411114));
#3032=CARTESIAN_POINT('',(0.0575103189343893,0.,-0.000389205646147257));
#3033=CARTESIAN_POINT('',(0.0575103189343893,-0.019574169790554,-0.000389205646147251));
#3034=CARTESIAN_POINT('',(0.0577487443521485,-0.0585,5.42172148867634E-6));
#3035=CARTESIAN_POINT('',(0.0473501037012631,-0.0585,0.00599741699284465));
#3036=CARTESIAN_POINT('',(0.0580526782149459,0.,0.000550188183733234));
#3037=CARTESIAN_POINT('',(0.0580526782149459,-0.0195763571946157,0.000550188183733237));
#3038=CARTESIAN_POINT('',(0.0581529640845428,-0.0585,0.000739201634747101));
#3039=CARTESIAN_POINT('',(0.0476778624494207,-0.0585,0.00630492748306744));
#3040=CARTESIAN_POINT('',(0.0583195336003571,0.,0.00101239526953884));
#3041=CARTESIAN_POINT('',(0.0583195336003571,-0.0195774601563189,0.00101239526953885));
#3042=CARTESIAN_POINT('',(0.0583596523123539,-0.0585,0.00109840825659243));
#3043=CARTESIAN_POINT('',(0.0478426146770514,-0.0585,0.00646425573439234));
#3044=CARTESIAN_POINT('',(0.0588394067556049,0.,0.00191284198791925));
#3045=CARTESIAN_POINT('',(0.0588394067556049,-0.0195795836849562,0.00191284198791925));
#3046=CARTESIAN_POINT('',(0.0587992880436081,-0.0585,0.00182682900086567));
#3047=CARTESIAN_POINT('',(0.0481767604169851,-0.0585,0.00679840147432607));
#3048=CARTESIAN_POINT('',(0.0590978384360068,0.,0.00236045878866071));
#3049=CARTESIAN_POINT('',(0.0590978384360068,-0.0195806685082531,0.00236045878866072));
#3050=CARTESIAN_POINT('',(0.0590286302026544,-0.0585,0.00219249343862121));
#3051=CARTESIAN_POINT('',(0.0483425485848913,-0.0585,0.00696966927826255));
#3052=CARTESIAN_POINT('',(0.059612820675283,0.,0.00325243419208267));
#3053=CARTESIAN_POINT('',(0.059612820675283,-0.0195828958779127,0.00325243419208267));
#3054=CARTESIAN_POINT('',(0.0595050338470659,-0.0585,0.00295191849294919));
#3055=CARTESIAN_POINT('',(0.0486700652801164,-0.0585,0.00731953006088013));
#3056=CARTESIAN_POINT('',(0.0598693712341573,0.,0.00369679279476318));
#3057=CARTESIAN_POINT('',(0.0598693712341573,-0.0195840384242754,0.00369679279476318));
#3058=CARTESIAN_POINT('',(0.0597520947935523,-0.0585,0.00334567884740397));
#3059=CARTESIAN_POINT('',(0.0488317932685565,-0.0585,0.00749812277744358));
#3060=CARTESIAN_POINT('',(0.0602963284584387,0.,0.00443630439987704));
#3061=CARTESIAN_POINT('',(0.0602963284584386,-0.0195860004416923,0.00443630439987704));
#3062=CARTESIAN_POINT('',(0.0601776389677516,-0.0585,0.00404621900364072));
#3063=CARTESIAN_POINT('',(0.0490968325603017,-0.0585,0.00780086374982323));
#3064=CARTESIAN_POINT('',(0.0605522519768038,0.,0.00487957693653723));
#3065=CARTESIAN_POINT('',(0.0605522519768038,-0.0195872005457402,0.00487957693653723));
#3066=CARTESIAN_POINT('',(0.0604384755459171,-0.0585,0.00448425200311624));
#3067=CARTESIAN_POINT('',(0.0492540528947104,-0.0585,0.00798454265736921));
#3068=CARTESIAN_POINT('',(0.0608081754951689,0.,0.00532284947319742));
#3069=CARTESIAN_POINT('',(0.0608081754951689,-0.0195884427309032,0.00532284947319742));
#3070=CARTESIAN_POINT('',(0.0607072338452104,-0.0585,0.0049571434537826));
#3071=CARTESIAN_POINT('',(0.0494081713201719,-0.0585,0.00817081723009189));
#3072=CARTESIAN_POINT('',(0.0611494904583903,0.,0.00591402433088039));
#3073=CARTESIAN_POINT('',(0.0611494904583903,-0.0195901194006645,0.00591402433088039));
#3074=CARTESIAN_POINT('',(0.0610681308209554,-0.0585,0.00560024564548061));
#3075=CARTESIAN_POINT('',(0.0496121956950349,-0.0585,0.00842023566246718));
#3076=CARTESIAN_POINT('',(0.0614056647929591,0.,0.00635773129394872));
#3077=CARTESIAN_POINT('',(0.0614056647929591,-0.0195914228544597,0.00635773129394872));
#3078=CARTESIAN_POINT('',(0.0613445465136215,-0.0585,0.00611087738903737));
#3079=CARTESIAN_POINT('',(0.0497619132065505,-0.0585,0.00860966676188683));
#3080=CARTESIAN_POINT('',(0.0619195183593188,0.,0.00724775177853411));
#3081=CARTESIAN_POINT('',(0.0619195183593188,-0.0195941448871532,0.00724775177853411));
#3082=CARTESIAN_POINT('',(0.061895962042925,-0.0585,0.00714930024225912));
#3083=CARTESIAN_POINT('',(0.0500537243100914,-0.0585,0.00899176244575873));
#3084=CARTESIAN_POINT('',(0.0621771975911096,0.,0.00769406530005117));
#3085=CARTESIAN_POINT('',(0.0621771975911096,-0.0195955635244958,0.00769406530005117));
#3086=CARTESIAN_POINT('',(0.0621709616707124,-0.0585,0.00767709079564328));
#3087=CARTESIAN_POINT('',(0.0501958176932666,-0.0585,0.00918442647393013));
#3088=CARTESIAN_POINT('',(0.0625225256135898,0.,0.00829219098026415));
#3089=CARTESIAN_POINT('',(0.0625225256135898,-0.0195975553583976,0.00829219098026415));
#3090=CARTESIAN_POINT('',(0.0625282004578913,-0.0585,0.00836587113322651));
#3091=CARTESIAN_POINT('',(0.0503796290436658,-0.0585,0.00944238736932224));
#3092=CARTESIAN_POINT('',(0.0627819605588064,0.,0.00874154548663811));
#3093=CARTESIAN_POINT('',(0.0627819605588064,-0.0195990743131852,0.00874154548663811));
#3094=CARTESIAN_POINT('',(0.0627937726800676,-0.0585,0.00887872108323395));
#3095=CARTESIAN_POINT('',(0.0505160759105997,-0.0585,0.00963612671887614));
#3096=CARTESIAN_POINT('',(0.063042900401245,0.,0.00919350655146081));
#3097=CARTESIAN_POINT('',(0.063042900401245,-0.0196006743784193,0.00919350655146081));
#3098=CARTESIAN_POINT('',(0.0630501836876071,-0.0585,0.00937375356646322));
#3099=CARTESIAN_POINT('',(0.0506481771295102,-0.0585,0.00983038550659035));
#3100=CARTESIAN_POINT('',(0.0634798902736734,0.,0.00995039521289971));
#3101=CARTESIAN_POINT('',(0.0634798902736734,-0.0196034443262229,0.00995039521289971));
#3102=CARTESIAN_POINT('',(0.0634754888722499,-0.0585,0.0101746111142246));
#3103=CARTESIAN_POINT('',(0.0508632713067191,-0.0585,0.0101540904265829));
#3104=CARTESIAN_POINT('',(0.0637439653186579,0.,0.010407786607824));
#3105=CARTESIAN_POINT('',(0.0637439653186579,-0.019605199540708,0.010407786607824));
#3106=CARTESIAN_POINT('',(0.0637288302225595,-0.0585,0.0106333480729218));
#3107=CARTESIAN_POINT('',(0.0509877608288214,-0.0585,0.0103482589868996));
#3108=CARTESIAN_POINT('',(0.0642770063245986,0.,0.011331040712631));
#3109=CARTESIAN_POINT('',(0.0642770063245986,-0.0196089424301261,0.011331040712631));
#3110=CARTESIAN_POINT('',(0.0642539684064442,-0.0585,0.0114953067241891));
#3111=CARTESIAN_POINT('',(0.0512271225377159,-0.0585,0.0107346860179935));
#3112=CARTESIAN_POINT('',(0.0645459722855548,0.,0.0117969034225137));
#3113=CARTESIAN_POINT('',(0.0645459722855548,-0.0196109301050591,0.0117969034225137));
#3114=CARTESIAN_POINT('',(0.0645257654830978,-0.0585,0.0118985277737941));
#3115=CARTESIAN_POINT('',(0.0513419949675867,-0.0585,0.0109269438458058));
#3116=CARTESIAN_POINT('',(0.0653148086841944,0.,0.0131285671276657));
#3117=CARTESIAN_POINT('',(0.0653148086841944,-0.0196169425164269,0.0131285671276657));
#3118=CARTESIAN_POINT('',(0.065351723610129,-0.0585,0.0129429140334344));
#3119=CARTESIAN_POINT('',(0.0516526956460044,-0.0585,0.0114650932067713));
#3120=CARTESIAN_POINT('',(0.0658413001620072,0.,0.0140404771169895));
#3121=CARTESIAN_POINT('',(0.0658413001620072,-0.0196217207453656,0.0140404771169895));
#3122=CARTESIAN_POINT('',(0.0659532673042619,-0.0585,0.0134823004047576));
#3123=CARTESIAN_POINT('',(0.0518366589630995,-0.0585,0.0117837270187089));
#3124=CARTESIAN_POINT('',(0.066558918871951,0.,0.0152834291830742));
#3125=CARTESIAN_POINT('',(0.066558918871951,-0.0196289081464075,0.0152834291830742));
#3126=CARTESIAN_POINT('',(0.0667258427669617,-0.0585,0.0144696469678833));
#3127=CARTESIAN_POINT('',(0.0520728382334663,-0.0585,0.0121928015146787));
#3128=CARTESIAN_POINT('',(0.0671010404226238,0.,0.0162224112527175));
#3129=CARTESIAN_POINT('',(0.0671010404226238,-0.0196345048941476,0.0162224112527175));
#3130=CARTESIAN_POINT('',(0.0672979036649506,-0.0585,0.0152771980739013));
#3131=CARTESIAN_POINT('',(0.0522476963981347,-0.0585,0.0124956647400027));
#3132=CARTESIAN_POINT('',(0.0676489151012987,0.,0.017171358032363));
#3133=CARTESIAN_POINT('',(0.0676489151012987,-0.0196405645913783,0.017171358032363));
#3134=CARTESIAN_POINT('',(0.067817892391809,-0.0585,0.0163980967188866));
#3135=CARTESIAN_POINT('',(0.052419058425402,-0.0585,0.0127924724777177));
#3136=CARTESIAN_POINT('',(0.0683739162503911,0.,0.0184270968581368));
#3137=CARTESIAN_POINT('',(0.0683739162503911,-0.0196487790025468,0.0184270968581368));
#3138=CARTESIAN_POINT('',(0.0684939901322062,-0.0585,0.0179454387712892));
#3139=CARTESIAN_POINT('',(0.0526503582985908,-0.0585,0.0131930956098649));
#3140=CARTESIAN_POINT('',(0.0689135432953546,0.,0.0193617583171519));
#3141=CARTESIAN_POINT('',(0.0689135432953546,-0.0196550374577982,0.0193617583171519));
#3142=CARTESIAN_POINT('',(0.0689881480159434,-0.0585,0.0191455532049078));
#3143=CARTESIAN_POINT('',(0.0528259460811067,-0.0585,0.0134972225703708));
#3144=CARTESIAN_POINT('',(0.0694350457617489,0.,0.0202650270852192));
#3145=CARTESIAN_POINT('',(0.0694350457617489,-0.0196610049106309,0.0202650270852192));
#3146=CARTESIAN_POINT('',(0.0694956318061292,-0.0585,0.020151143782509));
#3147=CARTESIAN_POINT('',(0.0530113686338967,-0.0585,0.0138183838526723));
#3148=CARTESIAN_POINT('',(0.070119673936847,0.,0.0214508378687823));
#3149=CARTESIAN_POINT('',(0.070119673936847,-0.0196687349638369,0.0214508378687823));
#3150=CARTESIAN_POINT('',(0.0701665993086598,-0.0585,0.0214285972147666));
#3151=CARTESIAN_POINT('',(0.0532644509252581,-0.0585,0.0142567352398061));
#3152=CARTESIAN_POINT('',(0.0706090510629585,0.,0.0222984639152694));
#3153=CARTESIAN_POINT('',(0.0706090510629585,-0.0196740084613265,0.0222984639152694));
#3154=CARTESIAN_POINT('',(0.0706570504456943,-0.0585,0.0222441857787354));
#3155=CARTESIAN_POINT('',(0.053467430140972,-0.0585,0.014608305554303));
#3156=CARTESIAN_POINT('',(0.0711514961205804,0.,0.0232380063153852));
#3157=CARTESIAN_POINT('',(0.0711514961205804,-0.0196788494030375,0.0232380063153852));
#3158=CARTESIAN_POINT('',(0.071141295923122,-0.0585,0.0232495407910131));
#3159=CARTESIAN_POINT('',(0.0537416323728362,-0.0585,0.0150832377514406));
#3160=CARTESIAN_POINT('',(0.0712417809525254,0.,0.0234016058614551));
#3161=CARTESIAN_POINT('',(0.0712417809525254,-0.0196796293645423,0.0234016058614551));
#3162=CARTESIAN_POINT('',(0.0712215213020536,-0.0585,0.0234271673044503));
#3163=CARTESIAN_POINT('',(0.0537902041144616,-0.0585,0.0151691004594085));
#3164=CARTESIAN_POINT('',(0.071413574210218,0.,0.023726643549163));
#3165=CARTESIAN_POINT('',(0.071413574210218,-0.0196810630515743,0.023726643549163));
#3166=CARTESIAN_POINT('',(0.0713747934079507,-0.0585,0.0237812646851899));
#3167=CARTESIAN_POINT('',(0.0538878936664306,-0.0585,0.0153457650424633));
#3168=CARTESIAN_POINT('',(0.0714950826919885,0.,0.0238880821156901));
#3169=CARTESIAN_POINT('',(0.0714950826919885,-0.0196817167771015,0.0238880821156901));
#3170=CARTESIAN_POINT('',(0.0714478399973486,-0.0585,0.0239577356060162));
#3171=CARTESIAN_POINT('',(0.0539370113392069,-0.0585,0.0154365669710744));
#3172=CARTESIAN_POINT('',(0.0716500486881347,0.,0.0242088628036818));
#3173=CARTESIAN_POINT('',(0.0716500486881347,-0.0196829087032091,0.0242088628036818));
#3174=CARTESIAN_POINT('',(0.0715888817724049,-0.0585,0.0243054945059515));
#3175=CARTESIAN_POINT('',(0.0540353266350181,-0.0585,0.0156227787845991));
#3176=CARTESIAN_POINT('',(0.0717235062302511,0.,0.0243682053082413));
#3177=CARTESIAN_POINT('',(0.0717235062302511,-0.0196834469037894,0.0243682053082413));
#3178=CARTESIAN_POINT('',(0.0716568768265836,-0.0585,0.0244767825196161));
#3179=CARTESIAN_POINT('',(0.0540845241265734,-0.0585,0.0157181887040683));
#3180=CARTESIAN_POINT('',(0.0718630254549128,0.,0.0246849383492679));
#3181=CARTESIAN_POINT('',(0.0718630254549128,-0.0196844184910338,0.0246849383492679));
#3182=CARTESIAN_POINT('',(0.0717899637242341,-0.0585,0.0248101263791586));
#3183=CARTESIAN_POINT('',(0.054182553886289,-0.0585,0.015913263358006));
#3184=CARTESIAN_POINT('',(0.0719290871457868,0.,0.0248423292303632));
#3185=CARTESIAN_POINT('',(0.0719290871457868,-0.0196848518776979,0.0248423292303632));
#3186=CARTESIAN_POINT('',(0.0718550554434936,-0.0585,0.0249721822410775));
#3187=CARTESIAN_POINT('',(0.054231386030237,-0.0585,0.0160129281085152));
#3188=CARTESIAN_POINT('',(0.0720543989372624,0.,0.0251553721167762));
#3189=CARTESIAN_POINT('',(0.0720543989372624,-0.0196856245481405,0.0251553721167762));
#3190=CARTESIAN_POINT('',(0.0719845086493035,-0.0585,0.0252829898836973));
#3191=CARTESIAN_POINT('',(0.0543282647060495,-0.0585,0.0162161365958671));
#3192=CARTESIAN_POINT('',(0.0721136490343017,0.,0.0253110244320594));
#3193=CARTESIAN_POINT('',(0.0721136490343017,-0.0196859646125268,0.0253110244320594));
#3194=CARTESIAN_POINT('',(0.0720488700202177,-0.0585,0.0254317416626784));
#3195=CARTESIAN_POINT('',(0.0543763111222778,-0.0585,0.01631968033099));
#3196=CARTESIAN_POINT('',(0.0721884503619139,0.,0.025517582871284));
#3197=CARTESIAN_POINT('',(0.0721884503619139,-0.019686364168565,0.025517582871284));
#3198=CARTESIAN_POINT('',(0.0721356659369125,-0.0585,0.0256184781056012));
#3199=CARTESIAN_POINT('',(0.0544395879353508,-0.0585,0.01646005881698));
#3200=CARTESIAN_POINT('',(0.0722435016541331,0.,0.0256722572985561));
#3201=CARTESIAN_POINT('',(0.0722435016541331,-0.0196866503698076,0.0256722572985561));
#3202=CARTESIAN_POINT('',(0.0722010080280768,-0.0585,0.0257556306160514));
#3203=CARTESIAN_POINT('',(0.0544868492411219,-0.0585,0.0165659227184503));
#3204=CARTESIAN_POINT('',(0.0722954776256256,0.,0.0258262520748045));
#3205=CARTESIAN_POINT('',(0.0722954776256256,-0.0196868981315183,0.0258262520748045));
#3206=CARTESIAN_POINT('',(0.0722674577952332,-0.0585,0.0258833974333266));
#3207=CARTESIAN_POINT('',(0.0545334616220737,-0.0585,0.0166734565170316));
#3208=CARTESIAN_POINT('',(0.0724288753429554,0.,0.0262358869622332));
#3209=CARTESIAN_POINT('',(0.0724288753429554,-0.0196874974536261,0.0262358869622332));
#3210=CARTESIAN_POINT('',(0.0724446650940274,-0.0585,0.0262120554703458));
#3211=CARTESIAN_POINT('',(0.0546563942819343,-0.0585,0.0169629323700783));
#3212=CARTESIAN_POINT('',(0.0725172477012282,0.,0.0265408063456407));
#3213=CARTESIAN_POINT('',(0.0725172477012282,-0.019687808849685,0.0265408063456407));
#3214=CARTESIAN_POINT('',(0.0725775694233822,-0.0585,0.0264314388632047));
#3215=CARTESIAN_POINT('',(0.0547454990117164,-0.0585,0.017186167323183));
#3216=CARTESIAN_POINT('',(0.0726733389157068,0.,0.027149080745848));
#3217=CARTESIAN_POINT('',(0.0726733389157068,-0.0196882494263957,0.027149080745848));
#3218=CARTESIAN_POINT('',(0.0728173244193181,-0.0585,0.0268782631608285));
#3219=CARTESIAN_POINT('',(0.0549150642650007,-0.0585,0.0176412661602299));
#3220=CARTESIAN_POINT('',(0.0727410578424861,0.,0.0274524426410059));
#3221=CARTESIAN_POINT('',(0.0727410578424861,-0.0196883809038537,0.0274524426410059));
#3222=CARTESIAN_POINT('',(0.0729241729295693,-0.0585,0.0271057021647621));
#3223=CARTESIAN_POINT('',(0.0549955226321731,-0.0585,0.0178731281433409));
#3224=CARTESIAN_POINT('',(0.0728186317292136,0.,0.0278582252106503));
#3225=CARTESIAN_POINT('',(0.0728186317292136,-0.0196884896328367,0.0278582252106504));
#3226=CARTESIAN_POINT('',(0.0730323192544914,-0.0585,0.0274556405924485));
#3227=CARTESIAN_POINT('',(0.0550958195354791,-0.0585,0.0181854081708726));
#3228=CARTESIAN_POINT('',(0.0728736328959774,0.,0.0281628892238113));
#3229=CARTESIAN_POINT('',(0.0728736328959774,-0.0196885545360003,0.0281628892238113));
#3230=CARTESIAN_POINT('',(0.073104849025278,-0.0585,0.0277297651945448));
#3231=CARTESIAN_POINT('',(0.0551692965990093,-0.0585,0.0184204000464216));
#3232=CARTESIAN_POINT('',(0.0729191700236316,0.,0.0284691606197501));
#3233=CARTESIAN_POINT('',(0.0729191700236316,-0.0196885824685023,0.0284691606197501));
#3234=CARTESIAN_POINT('',(0.0731475159000554,-0.0585,0.0280491921739098));
#3235=CARTESIAN_POINT('',(0.05523734662627,-0.0585,0.018657043357026));
#3236=CARTESIAN_POINT('',(0.0729847134279007,0.,0.0289827903160576));
#3237=CARTESIAN_POINT('',(0.0729847134279007,-0.01968861674429,0.0289827903160576));
#3238=CARTESIAN_POINT('',(0.0731902126966818,-0.0585,0.0286182489090069));
#3239=CARTESIAN_POINT('',(0.0553443106438021,-0.0585,0.0190517412922174));
#3240=CARTESIAN_POINT('',(0.0730147244683645,0.,0.0292938339531107));
#3241=CARTESIAN_POINT('',(0.0730147244683645,-0.0196886268776465,0.0292938339531107));
#3242=CARTESIAN_POINT('',(0.0731902575378295,-0.0585,0.0289926907856244));
#3243=CARTESIAN_POINT('',(0.0554026815875832,-0.0585,0.0192888204721172));
#3244=CARTESIAN_POINT('',(0.0730452228219071,0.,0.0297675690258749));
#3245=CARTESIAN_POINT('',(0.0730452228219071,-0.0196886623760752,0.0297675690258749));
#3246=CARTESIAN_POINT('',(0.0731621415891178,-0.0585,0.0295760913122269));
#3247=CARTESIAN_POINT('',(0.055481195746244,-0.0585,0.0196415887607195));
#3248=CARTESIAN_POINT('',(0.0730529599546091,0.,0.0299266756394343));
#3249=CARTESIAN_POINT('',(0.0730529599546091,-0.0196886775919503,0.0299266756394343));
#3250=CARTESIAN_POINT('',(0.0731480778868753,-0.0585,0.0297741801430626));
#3251=CARTESIAN_POINT('',(0.0555058655720294,-0.0585,0.0197587021467347));
#3252=CARTESIAN_POINT('',(0.0730633709226553,0.,0.0302477486383073));
#3253=CARTESIAN_POINT('',(0.0730633709226553,-0.0196887207809266,0.0302477486383073));
#3254=CARTESIAN_POINT('',(0.0731123277664744,-0.0585,0.0301729647218137));
#3255=CARTESIAN_POINT('',(0.055552211541873,-0.0585,0.0199914285935762));
#3256=CARTESIAN_POINT('',(0.0730660448471627,0.,0.0304097152524844));
#3257=CARTESIAN_POINT('',(0.0730660448471627,-0.0196887487540277,0.0304097152524844));
#3258=CARTESIAN_POINT('',(0.0730906414017285,-0.0585,0.0303736603873941));
#3259=CARTESIAN_POINT('',(0.0555738877393438,-0.0585,0.0201070415720677));
#3260=CARTESIAN_POINT('',(0.0730660448471627,0.,0.0309005891046078));
#3261=CARTESIAN_POINT('',(0.0730660448471627,-0.0196888607958117,0.0309005891046078));
#3262=CARTESIAN_POINT('',(0.073016851738031,-0.0585,0.0309726988347883));
#3263=CARTESIAN_POINT('',(0.0556345023881514,-0.0585,0.0204508043278523));
#3264=CARTESIAN_POINT('',(0.0730553318197325,0.,0.0312278382392938));
#3265=CARTESIAN_POINT('',(0.0730553318197325,-0.0196888756707804,0.0312278382392938));
#3266=CARTESIAN_POINT('',(0.0729569025056105,-0.0585,0.0313729763705064));
#3267=CARTESIAN_POINT('',(0.0556699115318742,-0.0585,0.0206808612287066));
#3268=CARTESIAN_POINT('',(0.073012525571751,0.,0.0318809353773283));
#3269=CARTESIAN_POINT('',(0.073012525571751,-0.0196887814309478,0.0318809353773283));
#3270=CARTESIAN_POINT('',(0.0728353753143536,-0.0585,0.0321437943145912));
#3271=CARTESIAN_POINT('',(0.0557306611802564,-0.0585,0.021142300620252));
#3272=CARTESIAN_POINT('',(0.0729804323642885,0.,0.0322067831809793));
#3273=CARTESIAN_POINT('',(0.0729804323642885,-0.0196886723161466,0.0322067831809793));
#3274=CARTESIAN_POINT('',(0.0727737973518475,-0.0585,0.0325143346950844));
#3275=CARTESIAN_POINT('',(0.055756001681246,-0.0585,0.0213736830830694));
#3276=CARTESIAN_POINT('',(0.0729092413700907,0.,0.0327475324679466));
#3277=CARTESIAN_POINT('',(0.0729092413700907,-0.0196883835077851,0.0327475324679466));
#3278=CARTESIAN_POINT('',(0.072686395706178,-0.0585,0.0330808070167488));
#3279=CARTESIAN_POINT('',(0.0557898051184231,-0.0585,0.0217600581380164));
#3280=CARTESIAN_POINT('',(0.0728594458649489,0.,0.0330710497535372));
#3281=CARTESIAN_POINT('',(0.0728594458649489,-0.0196881672026074,0.0330710497535372));
#3282=CARTESIAN_POINT('',(0.0726400460338789,-0.0585,0.033400252399413));
#3283=CARTESIAN_POINT('',(0.0558067148866402,-0.0585,0.0219921781990801));
#3284=CARTESIAN_POINT('',(0.0727991051060734,0.,0.0333927076226124));
#3285=CARTESIAN_POINT('',(0.0727991051060734,-0.0196878854450002,0.0333927076226124));
#3286=CARTESIAN_POINT('',(0.0726094739807593,-0.0585,0.0336785146077295));
#3287=CARTESIAN_POINT('',(0.0558185565552731,-0.0585,0.022224593442809));
#3288=CARTESIAN_POINT('',(0.0727139808946244,0.,0.0338206559325658));
#3289=CARTESIAN_POINT('',(0.0727139808946244,-0.019687480473291,0.0338206559325658));
#3290=CARTESIAN_POINT('',(0.0725729121945216,-0.0585,0.0340353821274009));
#3291=CARTESIAN_POINT('',(0.0558320908117571,-0.0585,0.022534578880192));
#3292=CARTESIAN_POINT('',(0.072639630575947,0.,0.0341395270589194));
#3293=CARTESIAN_POINT('',(0.072639630575947,-0.0196871108309853,0.0341395270589194));
#3294=CARTESIAN_POINT('',(0.0725549429939415,-0.0585,0.0342711980333784));
#3295=CARTESIAN_POINT('',(0.0558371685740843,-0.0585,0.0227672894330675));
#3296=CARTESIAN_POINT('',(0.0724702339070505,0.,0.034771724033874));
#3297=CARTESIAN_POINT('',(0.0724702339070505,-0.019686236952761,0.034771724033874));
#3298=CARTESIAN_POINT('',(0.072499975308616,-0.0585,0.0347352503466093));
#3299=CARTESIAN_POINT('',(0.0558371685740843,-0.0585,0.0232327105669327));
#3300=CARTESIAN_POINT('',(0.0723751876086278,0.,0.0350850496891684));
#3301=CARTESIAN_POINT('',(0.0723751876086278,-0.0196857320179166,0.0350850496891684));
#3302=CARTESIAN_POINT('',(0.0724629768238706,-0.0585,0.0349634867257487));
#3303=CARTESIAN_POINT('',(0.0558320908117571,-0.0585,0.0234654211198082));
#3304=CARTESIAN_POINT('',(0.0722349331832431,0.,0.035498225902819));
#3305=CARTESIAN_POINT('',(0.0722349331832431,-0.0196849690902298,0.035498225902819));
#3306=CARTESIAN_POINT('',(0.0723756831659694,-0.0585,0.035300142173852));
#3307=CARTESIAN_POINT('',(0.0558185565552731,-0.0585,0.0237754065571913));
#3308=CARTESIAN_POINT('',(0.0721263608787753,0.,0.0358069601682031));
#3309=CARTESIAN_POINT('',(0.0721263608787753,-0.0196843744741578,0.0358069601682031));
#3310=CARTESIAN_POINT('',(0.0723007223367254,-0.0585,0.0355607188195462));
#3311=CARTESIAN_POINT('',(0.0558067148866402,-0.0585,0.02400782180092));
#3312=CARTESIAN_POINT('',(0.072007726408427,0.,0.0361120321086588));
#3313=CARTESIAN_POINT('',(0.072007726408427,-0.0196837128421022,0.0361120321086588));
#3314=CARTESIAN_POINT('',(0.0721909739296227,-0.0585,0.0358548991127501));
#3315=CARTESIAN_POINT('',(0.0557898051184231,-0.0585,0.0242399418619838));
#3316=CARTESIAN_POINT('',(0.0717990049744394,0.,0.0366159302253498));
#3317=CARTESIAN_POINT('',(0.0717990049744394,-0.0196825362041103,0.0366159302253498));
#3318=CARTESIAN_POINT('',(0.0719760118881986,-0.0585,0.0363709994058049));
#3319=CARTESIAN_POINT('',(0.055756001681246,-0.0585,0.0246263169169308));
#3320=CARTESIAN_POINT('',(0.0716638746055653,0.,0.0369141693048102));
#3321=CARTESIAN_POINT('',(0.0716638746055653,-0.0196817636952058,0.0369141693048102));
#3322=CARTESIAN_POINT('',(0.0718181914391668,-0.0585,0.036703879377574));
#3323=CARTESIAN_POINT('',(0.0557306611802564,-0.0585,0.0248576993797483));
#3324=CARTESIAN_POINT('',(0.0713743973347407,0.,0.0375011711414776));
#3325=CARTESIAN_POINT('',(0.0713743973347407,-0.019680087094801,0.0375011711414776));
#3326=CARTESIAN_POINT('',(0.0714627164020537,-0.0585,0.0373849291269332));
#3327=CARTESIAN_POINT('',(0.0556699115318742,-0.0585,0.0253191387712937));
#3328=CARTESIAN_POINT('',(0.0712200505213037,0.,0.0377899337191972));
#3329=CARTESIAN_POINT('',(0.0712200505213037,-0.0196791830033008,0.0377899337191972));
#3330=CARTESIAN_POINT('',(0.0712650618176422,-0.0585,0.0377330988766498));
#3331=CARTESIAN_POINT('',(0.0556345023881514,-0.0585,0.025549195672148));
#3332=CARTESIAN_POINT('',(0.0708928012865548,0.,0.0383567460205205));
#3333=CARTESIAN_POINT('',(0.0708928012865548,-0.0196772447073273,0.0383567460205205));
#3334=CARTESIAN_POINT('',(0.0708477899902164,-0.0585,0.0384135808630679));
#3335=CARTESIAN_POINT('',(0.055553682856408,-0.0585,0.026007546013194));
#3336=CARTESIAN_POINT('',(0.0707198989653058,0.,0.0386347955708099));
#3337=CARTESIAN_POINT('',(0.0707198989653058,-0.0196762105148937,0.0386347955708099));
#3338=CARTESIAN_POINT('',(0.0706281727520841,-0.0585,0.0387458930720825));
#3339=CARTESIAN_POINT('',(0.0555082724732695,-0.0585,0.0262358394256988));
#3340=CARTESIAN_POINT('',(0.0703562790980959,0.,0.0391789911594959));
#3341=CARTESIAN_POINT('',(0.0703562790980959,-0.0196740192591706,0.0391789911594959));
#3342=CARTESIAN_POINT('',(0.0701901911353394,-0.0585,0.0393730533996869));
#3343=CARTESIAN_POINT('',(0.0554075369027371,-0.0585,0.0266902282203207));
#3344=CARTESIAN_POINT('',(0.070165561663319,0.,0.0394451370314939));
#3345=CARTESIAN_POINT('',(0.070165561663319,-0.0196728621958811,0.0394451370314939));
#3346=CARTESIAN_POINT('',(0.0699718267628119,-0.0585,0.0396679014908289));
#3347=CARTESIAN_POINT('',(0.0553522117214282,-0.0585,0.0269163235749899));
#3348=CARTESIAN_POINT('',(0.0698335338103393,0.,0.0398778441539869));
#3349=CARTESIAN_POINT('',(0.0698335338103393,-0.0196708373797172,0.0398778441539869));
#3350=CARTESIAN_POINT('',(0.0696282921844623,-0.0585,0.0401100929062667));
#3351=CARTESIAN_POINT('',(0.0552518285102303,-0.0585,0.0272909588194075));
#3352=CARTESIAN_POINT('',(0.069628650995097,0.,0.0401331205893009));
#3353=CARTESIAN_POINT('',(0.069628650995097,-0.0196695839390796,0.0401331205893009));
#3354=CARTESIAN_POINT('',(0.0694303338593154,-0.0585,0.0403557189095057));
#3355=CARTESIAN_POINT('',(0.0551883287580892,-0.0585,0.0275148638092748));
#3356=CARTESIAN_POINT('',(0.0694155654304895,0.,0.0403815140958095));
#3357=CARTESIAN_POINT('',(0.0694155654304895,-0.0196682750780458,0.0403815140958095));
#3358=CARTESIAN_POINT('',(0.0692523701835915,-0.0585,0.040564612531815));
#3359=CARTESIAN_POINT('',(0.0551199655917502,-0.0585,0.0277373127879678));
#3360=CARTESIAN_POINT('',(0.0691278715459209,0.,0.0407095660980112));
#3361=CARTESIAN_POINT('',(0.0691278715459209,-0.019666505833383,0.0407095660980112));
#3362=CARTESIAN_POINT('',(0.0690208456526473,-0.0585,0.0408301779096403));
#3363=CARTESIAN_POINT('',(0.0550266623689734,-0.0585,0.0280332328043703));
#3364=CARTESIAN_POINT('',(0.06890404671799,0.,0.040948541434628));
#3365=CARTESIAN_POINT('',(0.06890404671799,-0.019665124682496,0.040948541434628));
#3366=CARTESIAN_POINT('',(0.0688601630954409,-0.0585,0.0410001931493756));
#3367=CARTESIAN_POINT('',(0.0549518422081146,-0.0585,0.0282536458906854));
#3368=CARTESIAN_POINT('',(0.0684412464119318,0.,0.0414113417406861));
#3369=CARTESIAN_POINT('',(0.0684412464119318,-0.0196622611639802,0.0414113417406861));
#3370=CARTESIAN_POINT('',(0.0685225351963316,-0.0585,0.0413273535386244));
#3371=CARTESIAN_POINT('',(0.0547926588052032,-0.0585,0.0286909986957362));
#3372=CARTESIAN_POINT('',(0.068202271075315,0.,0.0416351665686171));
#3373=CARTESIAN_POINT('',(0.068202271075315,-0.019660779505461,0.0416351665686171));
#3374=CARTESIAN_POINT('',(0.0683455898640444,-0.0585,0.0414844986617193));
#3375=CARTESIAN_POINT('',(0.0547082955727663,-0.0585,0.0289079383880535));
#3376=CARTESIAN_POINT('',(0.0678742190731133,0.,0.0419228604531856));
#3377=CARTESIAN_POINT('',(0.0678742190731133,-0.0196587450078036,0.0419228604531856));
#3378=CARTESIAN_POINT('',(0.068070710041868,-0.0585,0.0417157481358129));
#3379=CARTESIAN_POINT('',(0.0545895562680978,-0.0585,0.0291946004277709));
#3380=CARTESIAN_POINT('',(0.0676258255666048,0.,0.0421359460177931));
#3381=CARTESIAN_POINT('',(0.0676258255666048,-0.0196572043963193,0.0421359460177931));
#3382=CARTESIAN_POINT('',(0.067854812000707,-0.0585,0.0418946158935503));
#3383=CARTESIAN_POINT('',(0.0544989380444945,-0.0585,0.0294089492280579));
#3384=CARTESIAN_POINT('',(0.0673705491312908,0.,0.0423408288330355));
#3385=CARTESIAN_POINT('',(0.0673705491312908,-0.0196556214649568,0.0423408288330355));
#3386=CARTESIAN_POINT('',(0.0676026746950589,-0.0585,0.0420973525252823));
#3387=CARTESIAN_POINT('',(0.0544036583235279,-0.0585,0.0296212872552268));
#3388=CARTESIAN_POINT('',(0.0669378420087977,0.,0.0426728566860152));
#3389=CARTESIAN_POINT('',(0.0669378420087977,-0.0196529404347009,0.0426728566860152));
#3390=CARTESIAN_POINT('',(0.0671515605211574,-0.0585,0.0424509180281794));
#3391=CARTESIAN_POINT('',(0.054239745431385,-0.0585,0.029972799586788));
#3392=CARTESIAN_POINT('',(0.0666716961367997,0.,0.0428635741207921));
#3393=CARTESIAN_POINT('',(0.0666716961367997,-0.0196512935184292,0.0428635741207921));
#3394=CARTESIAN_POINT('',(0.0668530952306588,-0.0585,0.042677161309447));
#3395=CARTESIAN_POINT('',(0.0541367956865022,-0.0585,0.0301815610178964));
#3396=CARTESIAN_POINT('',(0.0661275005481137,0.,0.043227193988002));
#3397=CARTESIAN_POINT('',(0.0661275005481137,-0.0196479363537378,0.043227193988002));
#3398=CARTESIAN_POINT('',(0.0662259159948631,-0.0585,0.0431285693929427));
#3399=CARTESIAN_POINT('',(0.0539218881233696,-0.0585,0.0305943946056249));
#3400=CARTESIAN_POINT('',(0.0658494509978243,0.,0.043400096309251));
#3401=CARTESIAN_POINT('',(0.0658494509978243,-0.0196462261053182,0.043400096309251));
#3402=CARTESIAN_POINT('',(0.0658972020625476,-0.0585,0.0433537341702333));
#3403=CARTESIAN_POINT('',(0.0538099303181017,-0.0585,0.0307984667373074));
#3404=CARTESIAN_POINT('',(0.0652826386965011,0.,0.0437273455439999));
#3405=CARTESIAN_POINT('',(0.0652826386965011,-0.0196427555404199,0.0437273455439999));
#3406=CARTESIAN_POINT('',(0.0652348876317778,-0.0585,0.0437737076830176));
#3407=CARTESIAN_POINT('',(0.0535772197511691,-0.0585,0.0312015332626928));
#3408=CARTESIAN_POINT('',(0.064997505721188,0.,0.0438796375950771));
#3409=CARTESIAN_POINT('',(0.064997505721188,-0.019641008117922,0.0438796375950771));
#3410=CARTESIAN_POINT('',(0.0648997857093258,-0.0585,0.0439710852970678));
#3411=CARTESIAN_POINT('',(0.0534549655655069,-0.0585,0.0314030965349522));
#3412=CARTESIAN_POINT('',(0.0644228485170141,0.,0.0441635479662515));
#3413=CARTESIAN_POINT('',(0.0644228485170141,-0.0196375073378253,0.0441635479662515));
#3414=CARTESIAN_POINT('',(0.0642413072013307,-0.0585,0.0443273139604684));
#3415=CARTESIAN_POINT('',(0.0531995075278488,-0.0585,0.0318036540118313));
#3416=CARTESIAN_POINT('',(0.064133320173681,0.,0.0442951676247387));
#3417=CARTESIAN_POINT('',(0.064133320173681,-0.0196357539802266,0.0442951676247387));
#3418=CARTESIAN_POINT('',(0.0639179308636354,-0.0585,0.0444861634562203));
#3419=CARTESIAN_POINT('',(0.0530663039237006,-0.0585,0.0320026466628524));
#3420=CARTESIAN_POINT('',(0.0636459584673486,0.,0.0444984675301987));
#3421=CARTESIAN_POINT('',(0.0636459584673486,-0.0196328420591416,0.0444984675301987));
#3422=CARTESIAN_POINT('',(0.0634053949554585,-0.0585,0.0447078669968406));
#3423=CARTESIAN_POINT('',(0.0528361878912457,-0.0585,0.0323301193708401));
#3424=CARTESIAN_POINT('',(0.0633516131001096,0.,0.0446140218787117));
#3425=CARTESIAN_POINT('',(0.0633516131001096,-0.0196310988184527,0.0446140218787117));
#3426=CARTESIAN_POINT('',(0.0631084437196583,-0.0585,0.0448236699449492));
#3427=CARTESIAN_POINT('',(0.052694874708803,-0.0585,0.0325249293828033));
#3428=CARTESIAN_POINT('',(0.0630538087925358,0.,0.0447201885754004));
#3429=CARTESIAN_POINT('',(0.0630538087925358,-0.0196293609578859,0.0447201885754004));
#3430=CARTESIAN_POINT('',(0.0628341275760741,-0.0585,0.0449093449696687));
#3431=CARTESIAN_POINT('',(0.0525492202728005,-0.0585,0.0327164895476097));
#3432=CARTESIAN_POINT('',(0.0626550732033608,0.,0.0448576276013567));
#3433=CARTESIAN_POINT('',(0.0626550732033608,-0.0196270460932239,0.0448576276013567));
#3434=CARTESIAN_POINT('',(0.0624757065564489,-0.0585,0.0450121812906069));
#3435=CARTESIAN_POINT('',(0.0523532013767473,-0.0585,0.0329702944068566));
#3436=CARTESIAN_POINT('',(0.0623522756039805,0.,0.0449514460187637));
#3437=CARTESIAN_POINT('',(0.0623522756039805,-0.0196253150809389,0.0449514460187637));
#3438=CARTESIAN_POINT('',(0.0622233929678315,-0.0585,0.0450636640396268));
#3439=CARTESIAN_POINT('',(0.0522021090361007,-0.0585,0.0331570273505425));
#3440=CARTESIAN_POINT('',(0.0617372813477688,0.,0.0451206328512517));
#3441=CARTESIAN_POINT('',(0.0617372813477688,-0.0196218618653278,0.0451206328512517));
#3442=CARTESIAN_POINT('',(0.061715295765466,-0.0585,0.0451425137370644));
#3443=CARTESIAN_POINT('',(0.0518936696466642,-0.0585,0.0335212993073934));
#3444=CARTESIAN_POINT('',(0.0614250807929905,0.,0.0451960028607689));
#3445=CARTESIAN_POINT('',(0.0614250807929905,-0.0196201384921807,0.0451960028607689));
#3446=CARTESIAN_POINT('',(0.0614595134903471,-0.0585,0.0451698798819518));
#3447=CARTESIAN_POINT('',(0.0517363239365036,-0.0585,0.0336988375170282));
#3448=CARTESIAN_POINT('',(0.0610012082348561,0.,0.0452837622462218));
#3449=CARTESIAN_POINT('',(0.0610012082348561,-0.0196178354269595,0.0452837622462218));
#3450=CARTESIAN_POINT('',(0.0610920383320119,-0.0585,0.0452086019579717));
#3451=CARTESIAN_POINT('',(0.0515238250803736,-0.0585,0.0339283197849077));
#3452=CARTESIAN_POINT('',(0.0606814010993548,0.,0.045346398879027));
#3453=CARTESIAN_POINT('',(0.0606814010993548,-0.019616106819454,0.045346398879027));
#3454=CARTESIAN_POINT('',(0.0608098244511158,-0.0585,0.0452382018526373));
#3455=CARTESIAN_POINT('',(0.0513637753133633,-0.0585,0.0340986225165169));
#3456=CARTESIAN_POINT('',(0.0603555571085232,0.,0.045399248421502));
#3457=CARTESIAN_POINT('',(0.0603555571085232,-0.0196143718993709,0.045399248421502));
#3458=CARTESIAN_POINT('',(0.0605017995501469,-0.0585,0.0452741069997904));
#3459=CARTESIAN_POINT('',(0.0512021061890433,-0.0585,0.0342632742944631));
#3460=CARTESIAN_POINT('',(0.0598050457187067,0.,0.0454759267330894));
#3461=CARTESIAN_POINT('',(0.0598050457187067,-0.0196114680479039,0.0454759267330894));
#3462=CARTESIAN_POINT('',(0.0599613586166128,-0.0585,0.0453391870940708));
#3463=CARTESIAN_POINT('',(0.0509317639568969,-0.0585,0.0345309172074979));
#3464=CARTESIAN_POINT('',(0.0594680396786073,0.,0.0455116717140932));
#3465=CARTESIAN_POINT('',(0.0594680396786073,-0.0196097130008747,0.0455116717140932));
#3466=CARTESIAN_POINT('',(0.0596127362572681,-0.0585,0.0453829495706717));
#3467=CARTESIAN_POINT('',(0.0507687559846606,-0.0585,0.034685403966041));
#3468=CARTESIAN_POINT('',(0.058778823501978,0.,0.0455603774151879));
#3469=CARTESIAN_POINT('',(0.058778823501978,-0.0196061630203069,0.0455603774151879));
#3470=CARTESIAN_POINT('',(0.0588713316029729,-0.0585,0.045475449132878));
#3471=CARTESIAN_POINT('',(0.050443780947671,-0.0585,0.0349811536640306));
#3472=CARTESIAN_POINT('',(0.0584266074873292,0.,0.0455733398698589));
#3473=CARTESIAN_POINT('',(0.0584266074873292,-0.0196043680867684,0.0455733398698589));
#3474=CARTESIAN_POINT('',(0.0584785510440637,-0.0585,0.0455241867611913));
#3475=CARTESIAN_POINT('',(0.0502818156189592,-0.0585,0.0351224171461852));
#3476=CARTESIAN_POINT('',(0.0576187075887705,0.,0.0455733398698589));
#3477=CARTESIAN_POINT('',(0.0576187075887705,-0.0196002854081075,0.0455733398698589));
#3478=CARTESIAN_POINT('',(0.0575542630632642,-0.0585,0.0456343223855811));
#3479=CARTESIAN_POINT('',(0.0499232078236329,-0.0585,0.0354233248149808));
#3480=CARTESIAN_POINT('',(0.0571599857908096,0.,0.0455733398698588));
#3481=CARTESIAN_POINT('',(0.0571599857908096,-0.0195980734526106,0.0455733398698588));
#3482=CARTESIAN_POINT('',(0.0570102076839809,-0.0585,0.0456976023795472));
#3483=CARTESIAN_POINT('',(0.0497256897948643,-0.0585,0.0355808686404053));
#3484=CARTESIAN_POINT('',(0.056224042318089,0.,0.0455733398698588));
#3485=CARTESIAN_POINT('',(0.056224042318089,-0.0195937682262196,0.0455733398698588));
#3486=CARTESIAN_POINT('',(0.0558907956847076,-0.0585,0.0458140104434583));
#3487=CARTESIAN_POINT('',(0.0493323145420273,-0.0585,0.0358803459087248));
#3488=CARTESIAN_POINT('',(0.0557468206433292,0.,0.0455733398698588));
#3489=CARTESIAN_POINT('',(0.0557468206433292,-0.0195916749553256,0.0455733398698588));
#3490=CARTESIAN_POINT('',(0.0553154364805099,-0.0585,0.0458671388345971));
#3491=CARTESIAN_POINT('',(0.0491364547337512,-0.0585,0.0360222796728138));
#3492=CARTESIAN_POINT('',(0.0549395922900122,0.,0.0455733398698588));
#3493=CARTESIAN_POINT('',(0.0549395922900122,-0.0195883029127318,0.0455733398698588));
#3494=CARTESIAN_POINT('',(0.0543577750768549,-0.0585,0.0459346757570387));
#3495=CARTESIAN_POINT('',(0.0488106989455573,-0.0585,0.0362476737491518));
#3496=CARTESIAN_POINT('',(0.0544505117198684,0.,0.0455733398698588));
#3497=CARTESIAN_POINT('',(0.0544505117198684,-0.019586327351901,0.0455733398698588));
#3498=CARTESIAN_POINT('',(0.0537836850374788,-0.0585,0.0459667939055678));
#3499=CARTESIAN_POINT('',(0.0486155149243611,-0.0585,0.0363784454696107));
#3500=CARTESIAN_POINT('',(0.0539557388799403,0.,0.0455733398698588));
#3501=CARTESIAN_POINT('',(0.0539557388799403,-0.0195844307974853,0.0455733398698588));
#3502=CARTESIAN_POINT('',(0.0532211843077813,-0.0585,0.0459811782058031));
#3503=CARTESIAN_POINT('',(0.0484203394866326,-0.0585,0.0365031510269252));
#3504=CARTESIAN_POINT('',(0.0532938280995644,0.,0.0455733398698588));
#3505=CARTESIAN_POINT('',(0.0532938280995644,-0.0195819388409659,0.0455733398698588));
#3506=CARTESIAN_POINT('',(0.0524775087850747,-0.0585,0.0459932327690603));
#3507=CARTESIAN_POINT('',(0.048160021474733,-0.0585,0.0366668692363629));
#3508=CARTESIAN_POINT('',(0.0527924142782213,0.,0.0455733398698588));
#3509=CARTESIAN_POINT('',(0.0527924142782213,-0.019580152634655,0.0455733398698588));
#3510=CARTESIAN_POINT('',(0.0519339826032716,-0.0585,0.0459862438156451));
#3511=CARTESIAN_POINT('',(0.0479645919494438,-0.0585,0.0367839074502516));
#3512=CARTESIAN_POINT('',(0.0517838943657508,0.,0.0455733398698588));
#3513=CARTESIAN_POINT('',(0.0517838943657508,-0.0195767682721701,0.0455733398698588));
#3514=CARTESIAN_POINT('',(0.0508909643265401,-0.0585,0.0459500990017742));
#3515=CARTESIAN_POINT('',(0.0475718795302743,-0.0585,0.037008046321441));
#3516=CARTESIAN_POINT('',(0.0512767882746233,0.,0.0455733398698588));
#3517=CARTESIAN_POINT('',(0.0512767882746233,-0.0195751710651249,0.0455733398698588));
#3518=CARTESIAN_POINT('',(0.0503914707055303,-0.0585,0.0459209435182409));
#3519=CARTESIAN_POINT('',(0.0473745951103125,-0.0585,0.0371151473556641));
#3520=CARTESIAN_POINT('',(0.050599698108156,0.,0.0455733398698588));
#3521=CARTESIAN_POINT('',(0.050599698108156,-0.0195731765207643,0.0455733398698588));
#3522=CARTESIAN_POINT('',(0.0497650588266528,-0.0585,0.0458736614639428));
#3523=CARTESIAN_POINT('',(0.047109174194333,-0.0585,0.0372521405487535));
#3524=CARTESIAN_POINT('',(0.0500916433053979,0.,0.0455733398698588));
#3525=CARTESIAN_POINT('',(0.0500916433053979,-0.0195717143787521,0.0455733398698588));
#3526=CARTESIAN_POINT('',(0.0493051443768897,-0.0585,0.0458360980931487));
#3527=CARTESIAN_POINT('',(0.0469095143071186,-0.0585,0.0373534335860947));
#3528=CARTESIAN_POINT('',(0.0495835885026398,0.,0.0455733398698589));
#3529=CARTESIAN_POINT('',(0.0495835885026398,-0.0195703556437072,0.0455733398698589));
#3530=CARTESIAN_POINT('',(0.0488774376951885,-0.0585,0.0457937627641693));
#3531=CARTESIAN_POINT('',(0.046707755458711,-0.0585,0.0374505163305537));
#3532=CARTESIAN_POINT('',(0.048738411684094,0.,0.0455733398698588));
#3533=CARTESIAN_POINT('',(0.048738411684094,-0.0195682106668016,0.0455733398698588));
#3534=CARTESIAN_POINT('',(0.0481879588585187,-0.0585,0.0457234472689787));
#3535=CARTESIAN_POINT('',(0.0463684555089208,-0.0585,0.037607965644885));
#3536=CARTESIAN_POINT('',(0.0482327286604127,0.,0.0455733398698588));
#3537=CARTESIAN_POINT('',(0.0482327286604127,-0.0195670313270032,0.0455733398698588));
#3538=CARTESIAN_POINT('',(0.0477952993937703,-0.0585,0.0456814778290501));
#3539=CARTESIAN_POINT('',(0.0461621426245514,-0.0585,0.0376985163090814));
#3540=CARTESIAN_POINT('',(0.0472284779502803,0.,0.0455733398698588));
#3541=CARTESIAN_POINT('',(0.0472284779502803,-0.0195648860612362,0.0455733398698588));
#3542=CARTESIAN_POINT('',(0.047018346299804,-0.0585,0.0456125782739952));
#3543=CARTESIAN_POINT('',(0.0457419991203649,-0.0585,0.0378722780584256));
#3544=CARTESIAN_POINT('',(0.0467299102638294,0.,0.0455733398698588));
#3545=CARTESIAN_POINT('',(0.0467299102638294,-0.0195639201352674,0.0455733398698588));
#3546=CARTESIAN_POINT('',(0.046634051439859,-0.0585,0.0455856492464146));
#3547=CARTESIAN_POINT('',(0.0455281672698205,-0.0585,0.0379554902311189));
#3548=CARTESIAN_POINT('',(0.045744159430496,0.,0.0455733398698588));
#3549=CARTESIAN_POINT('',(0.045744159430496,-0.0195621998182991,0.0455733398698588));
#3550=CARTESIAN_POINT('',(0.0458400182544663,-0.0585,0.0455610304933031));
#3551=CARTESIAN_POINT('',(0.0450908144647696,-0.0585,0.0381146736340303));
#3552=CARTESIAN_POINT('',(0.0452540255820806,0.,0.0455733398698588));
#3553=CARTESIAN_POINT('',(0.0452540255820806,-0.0195614294867966,0.0455733398698588));
#3554=CARTESIAN_POINT('',(0.0454316289324607,-0.0585,0.0455628191826771));
#3555=CARTESIAN_POINT('',(0.0448686425137051,-0.0585,0.0381901232791531));
#3556=CARTESIAN_POINT('',(0.0442771848455638,0.,0.0455733398698588));
#3557=CARTESIAN_POINT('',(0.0442771848455638,-0.019560041712688,0.0455733398698588));
#3558=CARTESIAN_POINT('',(0.0445787951148651,-0.0585,0.0455785285765878));
#3559=CARTESIAN_POINT('',(0.0444189329856073,-0.0585,0.0383317647424637));
#3560=CARTESIAN_POINT('',(0.0437904779574625,0.,0.0455733398698588));
#3561=CARTESIAN_POINT('',(0.0437904779574625,-0.0195594242700819,0.0455733398698588));
#3562=CARTESIAN_POINT('',(0.044134351412719,-0.0585,0.0455924487471508));
#3563=CARTESIAN_POINT('',(0.0441913962020178,-0.0585,0.0383979560266777));
#3564=CARTESIAN_POINT('',(0.0429804421307316,0.,0.0455733398698588));
#3565=CARTESIAN_POINT('',(0.0429804421307316,-0.0195585003022632,0.0455733398698588));
#3566=CARTESIAN_POINT('',(0.0433525636740517,-0.0585,0.045612574754942));
#3567=CARTESIAN_POINT('',(0.043809140605687,-0.0585,0.0384999510241626));
#3568=CARTESIAN_POINT('',(0.0424948775627349,0.,0.0455733398698588));
#3569=CARTESIAN_POINT('',(0.0424948775627349,-0.0195579876705604,0.0455733398698588));
#3570=CARTESIAN_POINT('',(0.0428670723298861,-0.0585,0.045623420415613));
#3571=CARTESIAN_POINT('',(0.0435785767914867,-0.0585,0.0385578182654264));
#3572=CARTESIAN_POINT('',(0.0420093129947382,0.,0.0455733398698588));
#3573=CARTESIAN_POINT('',(0.0420093129947382,-0.0195575319665737,0.0455733398698588));
#3574=CARTESIAN_POINT('',(0.0423525782011616,-0.0585,0.0456272335785586));
#3575=CARTESIAN_POINT('',(0.0433468009549312,-0.0585,0.0386105334232726));
#3576=CARTESIAN_POINT('',(0.0413617412613953,0.,0.0455733398698588));
#3577=CARTESIAN_POINT('',(0.0413617412613953,-0.0195569483967393,0.0455733398698588));
#3578=CARTESIAN_POINT('',(0.0416562463779984,-0.0585,0.0456293130048626));
#3579=CARTESIAN_POINT('',(0.0430373619767544,-0.0585,0.038678495497198));
#3580=CARTESIAN_POINT('',(0.0408757197653567,0.,0.0455733398698588));
#3581=CARTESIAN_POINT('',(0.0408757197653567,-0.0195565647991963,0.0455733398698588));
#3582=CARTESIAN_POINT('',(0.0411107342386385,-0.0585,0.0456241116434246));
#3583=CARTESIAN_POINT('',(0.042804373495847,-0.0585,0.0387242360939233));
#3584=CARTESIAN_POINT('',(0.0399009352050284,0.,0.0455733398698588));
#3585=CARTESIAN_POINT('',(0.0399009352050284,-0.019555888676476,0.0455733398698588));
#3586=CARTESIAN_POINT('',(0.040007667337123,-0.0585,0.0456020822468874));
#3587=CARTESIAN_POINT('',(0.0423384415357162,-0.0585,0.0388050479074434));
#3588=CARTESIAN_POINT('',(0.0394121721407385,0.,0.0455733398698588));
#3589=CARTESIAN_POINT('',(0.0394121721407385,-0.0195555958263185,0.0455733398698588));
#3590=CARTESIAN_POINT('',(0.0394501135295217,-0.0585,0.0455852542667075));
#3591=CARTESIAN_POINT('',(0.0421054990110471,-0.0585,0.0388401191791577));
#3592=CARTESIAN_POINT('',(0.0387572895587257,0.,0.0455733398698588));
#3593=CARTESIAN_POINT('',(0.0387572895587258,-0.0195552627663508,0.0455733398698588));
#3594=CARTESIAN_POINT('',(0.0387216865554829,-0.0585,0.0455565069345785));
#3595=CARTESIAN_POINT('',(0.0417961985472744,-0.0585,0.0388798072779325));
#3596=CARTESIAN_POINT('',(0.0382653279981428,0.,0.0455733398698588));
#3597=CARTESIAN_POINT('',(0.0382653279981428,-0.0195550273231023,0.0455733398698588));
#3598=CARTESIAN_POINT('',(0.038179111157732,-0.0585,0.0455333690165106));
#3599=CARTESIAN_POINT('',(0.041564545898812,-0.0585,0.0389078050401371));
#3600=CARTESIAN_POINT('',(0.0377706248693086,0.,0.0455733398698588));
#3601=CARTESIAN_POINT('',(0.0377706248693086,-0.0195548342163617,0.0455733398698588));
#3602=CARTESIAN_POINT('',(0.0376535208572452,-0.0585,0.0455059026921721));
#3603=CARTESIAN_POINT('',(0.0413341752098902,-0.0585,0.0389305512754942));
#3604=CARTESIAN_POINT('',(0.0369423119209027,0.,0.0455733398698588));
#3605=CARTESIAN_POINT('',(0.0369423119209027,-0.019554557815306,0.0455733398698588));
#3606=CARTESIAN_POINT('',(0.0367955994792584,-0.0585,0.0454678394654361));
#3607=CARTESIAN_POINT('',(0.0409523459310412,-0.0585,0.0389627453241075));
#3608=CARTESIAN_POINT('',(0.0364418971915452,0.,0.0455733398698588));
#3609=CARTESIAN_POINT('',(0.0364418971915452,-0.019554433013392,0.0455733398698588));
#3610=CARTESIAN_POINT('',(0.0362971037087799,-0.0585,0.0454519445746447));
#3611=CARTESIAN_POINT('',(0.0407251588919221,-0.0585,0.0389769175067966));
#3612=CARTESIAN_POINT('',(0.0354321576360134,0.,0.0455733398698588));
#3613=CARTESIAN_POINT('',(0.0354321576360134,-0.0195542755968853,0.0455733398698588));
#3614=CARTESIAN_POINT('',(0.0353304087618697,-0.0585,0.0454681045369942));
#3615=CARTESIAN_POINT('',(0.0402764581802853,-0.0585,0.0389955445191916));
#3616=CARTESIAN_POINT('',(0.0349228328098393,0.,0.0455733398698588));
#3617=CARTESIAN_POINT('',(0.0349228328098393,-0.0195542429822926,0.0455733398698588));
#3618=CARTESIAN_POINT('',(0.0348622103169658,-0.0585,0.0455001600412376));
#3619=CARTESIAN_POINT('',(0.0400549452392955,-0.0585,0.039));
#3620=CARTESIAN_POINT('',(0.0339361475764784,0.,0.0455733398698588));
#3621=CARTESIAN_POINT('',(0.0339361475764784,-0.0195542785047293,0.0455733398698588));
#3622=CARTESIAN_POINT('',(0.0339917146588726,-0.0585,0.0456404171108933));
#3623=CARTESIAN_POINT('',(0.0396375526670881,-0.0585,0.039));
#3624=CARTESIAN_POINT('',(0.0334422903363841,0.,0.0455733398698588));
#3625=CARTESIAN_POINT('',(0.0334422903363841,-0.0195543430507347,0.0455733398698588));
#3626=CARTESIAN_POINT('',(0.0335952048936429,-0.0585,0.0457457891753185));
#3627=CARTESIAN_POINT('',(0.0394491030000098,-0.0585,0.039));
#3628=CARTESIAN_POINT('',(0.0324251323182471,0.,0.0455733398698588));
#3629=CARTESIAN_POINT('',(0.0324251323182471,-0.0195546348854262,0.0455733398698588));
#3630=CARTESIAN_POINT('',(0.0327851992408842,-0.0585,0.0459685316163632));
#3631=CARTESIAN_POINT('',(0.039087362412103,-0.0585,0.039));
#3632=CARTESIAN_POINT('',(0.0319018315402043,0.,0.0455733398698588));
#3633=CARTESIAN_POINT('',(0.0319018315402043,-0.0195548639795382,0.0455733398698588));
#3634=CARTESIAN_POINT('',(0.0323717033533552,-0.0585,0.0460859019929825));
#3635=CARTESIAN_POINT('',(0.0389140714912747,-0.0585,0.039));
#3636=CARTESIAN_POINT('',(0.0310172242959024,0.,0.0455733398698588));
#3637=CARTESIAN_POINT('',(0.0310172242959025,-0.019555419029228,0.0455733398698588));
#3638=CARTESIAN_POINT('',(0.0316212326318744,-0.0585,0.0462376917686869));
#3639=CARTESIAN_POINT('',(0.0386319074671145,-0.0585,0.039));
#3640=CARTESIAN_POINT('',(0.0304814842369624,0.,0.0455733398698588));
#3641=CARTESIAN_POINT('',(0.0304814842369624,-0.0195558216787162,0.0455733398698588));
#3642=CARTESIAN_POINT('',(0.0311464258354127,-0.0585,0.046311234626645));
#3643=CARTESIAN_POINT('',(0.0384652707235064,-0.0585,0.039));
#3644=CARTESIAN_POINT('',(0.0299431194097745,0.,0.0455733398698588));
#3645=CARTESIAN_POINT('',(0.0299431194097745,-0.0195563278776638,0.0455733398698588));
#3646=CARTESIAN_POINT('',(0.0306159701707849,-0.0585,0.0463369505285439));
#3647=CARTESIAN_POINT('',(0.0383002352417021,-0.0585,0.039));
#3648=CARTESIAN_POINT('',(0.0292252083654785,0.,0.0455733398698588));
#3649=CARTESIAN_POINT('',(0.0292252083654785,-0.0195570486360087,0.0455733398698588));
#3650=CARTESIAN_POINT('',(0.0298891937713447,-0.0585,0.0463528903252321));
#3651=CARTESIAN_POINT('',(0.0380803682168694,-0.0585,0.039));
#3652=CARTESIAN_POINT('',(0.0286865697141539,0.,0.0455733398698588));
#3653=CARTESIAN_POINT('',(0.0286865697141539,-0.0195576923490184,0.0455733398698589));
#3654=CARTESIAN_POINT('',(0.0293002315669075,-0.0585,0.0463235620096003));
#3655=CARTESIAN_POINT('',(0.0379158735877842,-0.0585,0.039));
#3656=CARTESIAN_POINT('',(0.0276233980761715,0.,0.0455733398698588));
#3657=CARTESIAN_POINT('',(0.0276233980761715,-0.0195591345415406,0.0455733398698588));
#3658=CARTESIAN_POINT('',(0.0281051611281745,-0.0585,0.046221601809508));
#3659=CARTESIAN_POINT('',(0.0375805218751071,-0.0585,0.039));
#3660=CARTESIAN_POINT('',(0.0270988650895135,0.,0.0455733398698588));
#3661=CARTESIAN_POINT('',(0.0270988650895135,-0.0195599326031543,0.0455733398698588));
#3662=CARTESIAN_POINT('',(0.0274990528938786,-0.0585,0.0461489699250476));
#3663=CARTESIAN_POINT('',(0.0374096647915151,-0.0585,0.039));
#3664=CARTESIAN_POINT('',(0.0264185691509953,0.,0.0455733398698588));
#3665=CARTESIAN_POINT('',(0.0264185691509953,-0.0195610346643507,0.0455733398698588));
#3666=CARTESIAN_POINT('',(0.0267265537481486,-0.0585,0.0460494335381929));
#3667=CARTESIAN_POINT('',(0.0371728312213309,-0.0585,0.039));
#3668=CARTESIAN_POINT('',(0.025913117541363,0.,0.0455733398698588));
#3669=CARTESIAN_POINT('',(0.025913117541363,-0.019561870117733,0.0455733398698588));
#3670=CARTESIAN_POINT('',(0.0261560906805172,-0.0585,0.0459741077794917));
#3671=CARTESIAN_POINT('',(0.0369929500123439,-0.0585,0.039));
#3672=CARTESIAN_POINT('',(0.0254243963646451,0.,0.0455733398698588));
#3673=CARTESIAN_POINT('',(0.0254243963646451,-0.0195627113679517,0.0455733398698588));
#3674=CARTESIAN_POINT('',(0.0256241304511934,-0.0585,0.0459033054080212));
#3675=CARTESIAN_POINT('',(0.0368051050870465,-0.0585,0.039));
#3676=CARTESIAN_POINT('',(0.0241594851968732,0.,0.0455733398698588));
#3677=CARTESIAN_POINT('',(0.0241594851968732,-0.0195648906051551,0.0455733398698588));
#3678=CARTESIAN_POINT('',(0.0242657773386935,-0.0585,0.0457267697665004));
#3679=CARTESIAN_POINT('',(0.036285776466984,-0.0585,0.039));
#3680=CARTESIAN_POINT('',(0.0232970787538644,0.,0.0455733398698588));
#3681=CARTESIAN_POINT('',(0.0232970787538644,-0.0195663596548573,0.0455733398698588));
#3682=CARTESIAN_POINT('',(0.0233824793771369,-0.0585,0.045621977070761));
#3683=CARTESIAN_POINT('',(0.035854860158581,-0.0585,0.039));
#3684=CARTESIAN_POINT('',(0.0220739989366778,0.,0.0455733398698588));
#3685=CARTESIAN_POINT('',(0.0220739989366778,-0.0195676230788863,0.0455733398698588));
#3686=CARTESIAN_POINT('',(0.0220139364922138,-0.0585,0.0455391332204675));
#3687=CARTESIAN_POINT('',(0.03500145281771,-0.0585,0.039));
#3688=CARTESIAN_POINT('',(0.0215947353459226,0.,0.0455733398698588));
#3689=CARTESIAN_POINT('',(0.0215947353459226,-0.0195679612914877,0.0455733398698588));
#3690=CARTESIAN_POINT('',(0.0214977485928996,-0.0585,0.0455240745274733));
#3691=CARTESIAN_POINT('',(0.0346237975427048,-0.0585,0.0389913715418652));
#3692=CARTESIAN_POINT('',(0.020909625436307,0.,0.0455733398698588));
#3693=CARTESIAN_POINT('',(0.020909625436307,-0.0195681992794528,0.0455733398698588));
#3694=CARTESIAN_POINT('',(0.0208098770878298,-0.0585,0.0455544134168068));
#3695=CARTESIAN_POINT('',(0.0340260535582503,-0.0585,0.0389601859436033));
#3696=CARTESIAN_POINT('',(0.0206868863791881,0.,0.0455733398698588));
#3697=CARTESIAN_POINT('',(0.0206868863791881,-0.0195682338574402,0.0455733398698588));
#3698=CARTESIAN_POINT('',(0.0205949941562318,-0.0585,0.045573353127298));
#3699=CARTESIAN_POINT('',(0.0338216012308826,-0.0585,0.038946755851582));
#3700=CARTESIAN_POINT('',(0.0202518629232765,0.,0.0455733398698588));
#3701=CARTESIAN_POINT('',(0.0202518629232765,-0.0195682187701232,0.0455733398698588));
#3702=CARTESIAN_POINT('',(0.0201962912995743,-0.0585,0.0456330099957047));
#3703=CARTESIAN_POINT('',(0.0334034662437293,-0.0585,0.0389130322986544));
#3704=CARTESIAN_POINT('',(0.0200395785244839,0.,0.0455733398698588));
#3705=CARTESIAN_POINT('',(0.0200395785244839,-0.0195681691048187,0.0455733398698588));
#3706=CARTESIAN_POINT('',(0.0200124714987092,-0.0585,0.045673726651146));
#3707=CARTESIAN_POINT('',(0.033189783708138,-0.0585,0.038892738335274));
#3708=CARTESIAN_POINT('',(0.0196246572180454,0.,0.0455733398698588));
#3709=CARTESIAN_POINT('',(0.0196246572180454,-0.0195679907902948,0.0455733398698588));
#3710=CARTESIAN_POINT('',(0.0196781858908329,-0.0585,0.0457811410427806));
#3711=CARTESIAN_POINT('',(0.0327544097581789,-0.0585,0.038844573136608));
#3712=CARTESIAN_POINT('',(0.0194220203103995,0.,0.0455733398698588));
#3713=CARTESIAN_POINT('',(0.0194220203103995,-0.0195678624152518,0.0455733398698588));
#3714=CARTESIAN_POINT('',(0.0195277202724843,-0.0585,0.0458478383264759));
#3715=CARTESIAN_POINT('',(0.0325327185324738,-0.0585,0.0388167014488245));
#3716=CARTESIAN_POINT('',(0.0191577313161833,0.,0.0455733398698588));
#3717=CARTESIAN_POINT('',(0.0191577313161833,-0.0195676456465043,0.0455733398698588));
#3718=CARTESIAN_POINT('',(0.0193508883032196,-0.0585,0.0459569545950377));
#3719=CARTESIAN_POINT('',(0.0322326308158641,-0.0585,0.0387740751627447));
#3720=CARTESIAN_POINT('',(0.018960987957849,0.,0.0455733398698588));
#3721=CARTESIAN_POINT('',(0.018960987957849,-0.0195674716694379,0.0455733398698588));
#3722=CARTESIAN_POINT('',(0.0192242116229165,-0.0585,0.0460438383034526));
#3723=CARTESIAN_POINT('',(0.0320064402573349,-0.0585,0.0387407393070111));
#3724=CARTESIAN_POINT('',(0.0187685302336351,0.,0.0455733398698588));
#3725=CARTESIAN_POINT('',(0.0187685302336351,-0.0195672651629416,0.0455733398698588));
#3726=CARTESIAN_POINT('',(0.0191157702518271,-0.0585,0.0461465961046371));
#3727=CARTESIAN_POINT('',(0.0317770905492551,-0.0585,0.0387032200101534));
#3728=CARTESIAN_POINT('',(0.0184522302248275,0.,0.0455733398698588));
#3729=CARTESIAN_POINT('',(0.0184522302248275,-0.0195668885573874,0.0455733398698588));
#3730=CARTESIAN_POINT('',(0.0189484056512002,-0.0585,0.0463277527282347));
#3731=CARTESIAN_POINT('',(0.0313918090110976,-0.0585,0.0386358506528025));
#3732=CARTESIAN_POINT('',(0.0182664667979367,0.,0.0455733398698588));
#3733=CARTESIAN_POINT('',(0.0182664667979367,-0.0195666334088005,0.0455733398698588));
#3734=CARTESIAN_POINT('',(0.0188600211089051,-0.0585,0.0464453506263409));
#3735=CARTESIAN_POINT('',(0.0311579115679924,-0.0585,0.0385910752265494));
#3736=CARTESIAN_POINT('',(0.0179021659337636,0.,0.0455733398698588));
#3737=CARTESIAN_POINT('',(0.0179021659337636,-0.0195660747736449,0.0455733398698588));
#3738=CARTESIAN_POINT('',(0.0186887396128842,-0.0585,0.0466775635355159));
#3739=CARTESIAN_POINT('',(0.0306859739551858,-0.0585,0.0384924254097362));
#3740=CARTESIAN_POINT('',(0.0177236284964813,0.,0.0455733398698588));
#3741=CARTESIAN_POINT('',(0.0177236284964813,-0.0195657712870762,0.0455733398698588));
#3742=CARTESIAN_POINT('',(0.0186058430066228,-0.0585,0.0467921782771655));
#3743=CARTESIAN_POINT('',(0.0304479341329487,-0.0585,0.0384385507497568));
#3744=CARTESIAN_POINT('',(0.0173729724443453,0.,0.0455733398698588));
#3745=CARTESIAN_POINT('',(0.0173729724443453,-0.0195651260084834,0.0455733398698588));
#3746=CARTESIAN_POINT('',(0.0184269708028038,-0.0585,0.046997761447232));
#3747=CARTESIAN_POINT('',(0.0299690403434304,-0.0585,0.0383214384336061));
#3748=CARTESIAN_POINT('',(0.0172008538294918,0.,0.0455733398698588));
#3749=CARTESIAN_POINT('',(0.0172008538294918,-0.0195647853292498,0.0455733398698588));
#3750=CARTESIAN_POINT('',(0.0183309955887456,-0.0585,0.0470887296762761));
#3751=CARTESIAN_POINT('',(0.0297281867596489,-0.0585,0.038258200578062));
#3752=CARTESIAN_POINT('',(0.0168622282550341,0.,0.0455733398698588));
#3753=CARTESIAN_POINT('',(0.0168622282550341,-0.0195640788088821,0.0455733398698588));
#3754=CARTESIAN_POINT('',(0.0181074022505199,-0.0585,0.047226491421068));
#3755=CARTESIAN_POINT('',(0.0292449966896464,-0.0585,0.0381222328650288));
#3756=CARTESIAN_POINT('',(0.0166957212954299,0.,0.0455733398698588));
#3757=CARTESIAN_POINT('',(0.0166957212954299,-0.019563712967748,0.0455733398698588));
#3758=CARTESIAN_POINT('',(0.0179797845353337,-0.0585,0.0472732848102765));
#3759=CARTESIAN_POINT('',(0.029002660612407,-0.0585,0.0380495028810004));
#3760=CARTESIAN_POINT('',(0.0164222134361477,0.,0.0455733398698588));
#3761=CARTESIAN_POINT('',(0.0164222134361477,-0.019563091362586,0.0455733398698588));
#3762=CARTESIAN_POINT('',(0.0177252415954669,-0.0585,0.047297471134915));
#3763=CARTESIAN_POINT('',(0.0285986330433582,-0.0585,0.0379203853382956));
#3764=CARTESIAN_POINT('',(0.0162597102166018,0.,0.0455733398698588));
#3765=CARTESIAN_POINT('',(0.0162597102166018,-0.0195627136515133,0.0455733398698588));
#3766=CARTESIAN_POINT('',(0.0175557774144366,-0.0585,0.0472904618318888));
#3767=CARTESIAN_POINT('',(0.0283561631411814,-0.0585,0.0378397544167507));
#3768=CARTESIAN_POINT('',(0.0160993401853642,0.,0.0455733398698588));
#3769=CARTESIAN_POINT('',(0.0160993401853642,-0.0195623324578022,0.0455733398698588));
#3770=CARTESIAN_POINT('',(0.0173550069983478,-0.0585,0.0472444222955141));
#3771=CARTESIAN_POINT('',(0.0281140463089627,-0.0585,0.0377544341127918));
#3772=CARTESIAN_POINT('',(0.0158864017705786,0.,0.0455733398698588));
#3773=CARTESIAN_POINT('',(0.0158864017705786,-0.0195618234604202,0.0455733398698588));
#3774=CARTESIAN_POINT('',(0.0170753388547492,-0.0585,0.0471677848941685));
#3775=CARTESIAN_POINT('',(0.0277914770328923,-0.0585,0.0376386009178778));
#3776=CARTESIAN_POINT('',(0.0157286966199346,0.,0.0455733398698588));
#3777=CARTESIAN_POINT('',(0.0157286966199346,-0.0195614400494076,0.0455733398698588));
#3778=CARTESIAN_POINT('',(0.0168386460974556,-0.0585,0.0470759913211179));
#3779=CARTESIAN_POINT('',(0.0275501201265729,-0.0585,0.0375470622668747));
#3780=CARTESIAN_POINT('',(0.0154164764723575,0.,0.0455733398698588));
#3781=CARTESIAN_POINT('',(0.0154164764723575,-0.0195606808194042,0.0455733398698588));
#3782=CARTESIAN_POINT('',(0.0163375276743335,-0.0585,0.046852204184857));
#3783=CARTESIAN_POINT('',(0.0270698111779236,-0.0585,0.0373549540068916));
#3784=CARTESIAN_POINT('',(0.0152619614754244,0.,0.0455733398698588));
#3785=CARTESIAN_POINT('',(0.0152619614754244,-0.0195603054541597,0.0455733398698588));
#3786=CARTESIAN_POINT('',(0.0160731024237932,-0.0585,0.0467202107159588));
#3787=CARTESIAN_POINT('',(0.0268308595508819,-0.0585,0.0372543844922237));
#3788=CARTESIAN_POINT('',(0.0149553144680894,0.,0.0455733398698588));
#3789=CARTESIAN_POINT('',(0.0149553144680894,-0.019559571414966,0.0455733398698588));
#3790=CARTESIAN_POINT('',(0.0155426230334871,-0.0585,0.0464445962003458));
#3791=CARTESIAN_POINT('',(0.0263565795519655,-0.0585,0.0370446524149903));
#3792=CARTESIAN_POINT('',(0.0148031824576876,0.,0.0455733398698588));
#3793=CARTESIAN_POINT('',(0.0148031824576876,-0.0195592127410168,0.0455733398698588));
#3794=CARTESIAN_POINT('',(0.0152765692870868,-0.0585,0.0463009753170785));
#3795=CARTESIAN_POINT('',(0.0261212515734563,-0.0585,0.036935490015872));
#3796=CARTESIAN_POINT('',(0.0145004942562359,0.,0.0455733398698588));
#3797=CARTESIAN_POINT('',(0.0145004942562359,-0.0195585202761943,0.0455733398698588));
#3798=CARTESIAN_POINT('',(0.0147688775260302,-0.0585,0.0460308158188145));
#3799=CARTESIAN_POINT('',(0.0256553778644426,-0.0585,0.0367091475135604));
#3800=CARTESIAN_POINT('',(0.014349938065186,0.,0.0455733398698588));
#3801=CARTESIAN_POINT('',(0.014349938065186,-0.0195581864853211,0.0455733398698588));
#3802=CARTESIAN_POINT('',(0.0145272398713036,-0.0585,0.0459042774315263));
#3803=CARTESIAN_POINT('',(0.0254248324938679,-0.0585,0.0365919676380754));
#3804=CARTESIAN_POINT('',(0.0140495943352586,0.,0.0455733398698588));
#3805=CARTESIAN_POINT('',(0.0140495943352586,-0.0195575519784316,0.0455733398698588));
#3806=CARTESIAN_POINT('',(0.0140943541721979,-0.0585,0.045697124317122));
#3807=CARTESIAN_POINT('',(0.0249696122511949,-0.0585,0.0363502970726676));
#3808=CARTESIAN_POINT('',(0.0138998067963811,0.,0.0455733398698588));
#3809=CARTESIAN_POINT('',(0.0138998067963811,-0.0195572512624153,0.0455733398698588));
#3810=CARTESIAN_POINT('',(0.013903106443564,-0.0585,0.0456165098756646));
#3811=CARTESIAN_POINT('',(0.0247449376948419,-0.0585,0.0362258066684033));
#3812=CARTESIAN_POINT('',(0.0135965208073337,0.,0.0455733398698588));
#3813=CARTESIAN_POINT('',(0.0135965208073337,-0.0195566842310123,0.0455733398698588));
#3814=CARTESIAN_POINT('',(0.0135931402718843,-0.0585,0.0455291115851713));
#3815=CARTESIAN_POINT('',(0.0242970429937975,-0.0585,0.0359672145421867));
#3816=CARTESIAN_POINT('',(0.013450161412834,0.,0.0455733398698588));
#3817=CARTESIAN_POINT('',(0.013450161412834,-0.019556387466564,0.0455733398698589));
#3818=CARTESIAN_POINT('',(0.0134648104765569,-0.0585,0.0455306237243012));
#3819=CARTESIAN_POINT('',(0.0240624892397019,-0.0585,0.035839389662446));
#3820=CARTESIAN_POINT('',(0.0131690122958553,0.,0.0455733398698588));
#3821=CARTESIAN_POINT('',(0.0131690122958553,-0.0195557947234182,0.0455733398698588));
#3822=CARTESIAN_POINT('',(0.0132286930057023,-0.0585,0.0455704666051423));
#3823=CARTESIAN_POINT('',(0.0235792485594699,-0.0585,0.0355923939036881));
#3824=CARTESIAN_POINT('',(0.0130342225733763,0.,0.0455733398698589));
#3825=CARTESIAN_POINT('',(0.0130342225733763,-0.0195554987447208,0.0455733398698589));
#3826=CARTESIAN_POINT('',(0.0131209059703652,-0.0585,0.0456087993581763));
#3827=CARTESIAN_POINT('',(0.0233305622735236,-0.0585,0.0354732250359939));
#3828=CARTESIAN_POINT('',(0.0128169894923348,0.,0.0455733398698588));
#3829=CARTESIAN_POINT('',(0.0128169894923348,-0.0195550231160478,0.0455733398698588));
#3830=CARTESIAN_POINT('',(0.0129282073049613,-0.0585,0.0456575704341209));
#3831=CARTESIAN_POINT('',(0.0229059470825763,-0.0585,0.0352837251316151));
#3832=CARTESIAN_POINT('',(0.0126896162262792,0.,0.0455733398698589));
#3833=CARTESIAN_POINT('',(0.0126896162262792,-0.0195547450647691,0.0455733398698589));
#3834=CARTESIAN_POINT('',(0.0128073674031322,-0.0585,0.0456807875333189));
#3835=CARTESIAN_POINT('',(0.0226471234889433,-0.0585,0.0351736723309752));
#3836=CARTESIAN_POINT('',(0.012565802859307,0.,0.0455733398698589));
#3837=CARTESIAN_POINT('',(0.012565802859307,-0.0195544826722281,0.0455733398698589));
#3838=CARTESIAN_POINT('',(0.0126667217556921,-0.0585,0.0456764961142544));
#3839=CARTESIAN_POINT('',(0.0223829681391182,-0.0585,0.0350697309335821));
#3840=CARTESIAN_POINT('',(0.0124021027752097,0.,0.0455733398698588));
#3841=CARTESIAN_POINT('',(0.0124021027752097,-0.0195541408126899,0.0455733398698588));
#3842=CARTESIAN_POINT('',(0.0124725492577897,-0.0585,0.0456610728556291));
#3843=CARTESIAN_POINT('',(0.0220285579949115,-0.0585,0.0349340009585601));
#3844=CARTESIAN_POINT('',(0.0122824426238347,0.,0.0455733398698589));
#3845=CARTESIAN_POINT('',(0.0122824426238347,-0.0195539024116988,0.0455733398698589));
#3846=CARTESIAN_POINT('',(0.0123119702175689,-0.0585,0.045627678815995));
#3847=CARTESIAN_POINT('',(0.0217577951229329,-0.0585,0.0348386367047215));
#3848=CARTESIAN_POINT('',(0.0120466822201678,0.,0.0455733398698589));
#3849=CARTESIAN_POINT('',(0.0120466822201678,-0.0195534756065911,0.0455733398698588));
#3850=CARTESIAN_POINT('',(0.0119902843917691,-0.0585,0.0455509132905725));
#3851=CARTESIAN_POINT('',(0.0212088529208669,-0.0585,0.0346622898065777));
#3852=CARTESIAN_POINT('',(0.011930581967876,0.,0.0455733398698588));
#3853=CARTESIAN_POINT('',(0.011930581967876,-0.019553287497436,0.0455733398698588));
#3854=CARTESIAN_POINT('',(0.0118291794301343,-0.0585,0.0455075429011763));
#3855=CARTESIAN_POINT('',(0.0209306754147237,-0.0585,0.0345813082586647));
#3856=CARTESIAN_POINT('',(0.0117763749480008,0.,0.0455733398698588));
#3857=CARTESIAN_POINT('',(0.0117763749480008,-0.0195530731635476,0.0455733398698588));
#3858=CARTESIAN_POINT('',(0.0116337337874142,-0.0585,0.045465218926327));
#3859=CARTESIAN_POINT('',(0.0205566222250312,-0.0585,0.0344836350492526));
#3860=CARTESIAN_POINT('',(0.0116608680122229,0.,0.0455733398698589));
#3861=CARTESIAN_POINT('',(0.0116608680122229,-0.019552921532711,0.0455733398698588));
#3862=CARTESIAN_POINT('',(0.0114919904761172,-0.0585,0.0454373519669433));
#3863=CARTESIAN_POINT('',(0.0202752955482647,-0.0585,0.034412955908145));
#3864=CARTESIAN_POINT('',(0.011545361076445,0.,0.0455733398698589));
#3865=CARTESIAN_POINT('',(0.011545361076445,-0.0195527979490601,0.0455733398698589));
#3866=CARTESIAN_POINT('',(0.011369720170958,-0.0585,0.0454265727400542));
#3867=CARTESIAN_POINT('',(0.0199920791754664,-0.0585,0.0343501036337103));
#3868=CARTESIAN_POINT('',(0.0113518606559587,0.,0.0455733398698589));
#3869=CARTESIAN_POINT('',(0.0113518606559587,-0.0195526246697297,0.0455733398698589));
#3870=CARTESIAN_POINT('',(0.011182684824042,-0.0585,0.0454252425326573));
#3871=CARTESIAN_POINT('',(0.0195189981306775,-0.0585,0.0342542676255526));
#3872=CARTESIAN_POINT('',(0.011234870428896,0.,0.0455733398698589));
#3873=CARTESIAN_POINT('',(0.011234870428896,-0.019552549875527,0.0455733398698589));
#3874=CARTESIAN_POINT('',(0.0110855393881148,-0.0585,0.0454394162437408));
#3875=CARTESIAN_POINT('',(0.0192342032493994,-0.0585,0.0342047922068133));
#3876=CARTESIAN_POINT('',(0.0109964401009167,0.,0.0455733398698588));
#3877=CARTESIAN_POINT('',(0.0109964401009167,-0.0195524524480556,0.0455733398698589));
#3878=CARTESIAN_POINT('',(0.0109082752678298,-0.0585,0.045490874404228));
#3879=CARTESIAN_POINT('',(0.0186656182117857,-0.0585,0.0341220064582887));
#3880=CARTESIAN_POINT('',(0.010875,0.,0.0455733398698588));
#3881=CARTESIAN_POINT('',(0.010875,-0.0195524298147869,0.0455733398698588));
#3882=CARTESIAN_POINT('',(0.0108281576705138,-0.0585,0.0455281584561804));
#3883=CARTESIAN_POINT('',(0.0183818291424917,-0.0585,0.034088695731052));
#3884=CARTESIAN_POINT('',(0.01075,0.,0.0455733398698589));
#3885=CARTESIAN_POINT('',(0.01075,-0.0195524301690564,0.0455733398698589));
#3886=CARTESIAN_POINT('',(0.01075,-0.0585,0.0455733398698588));
#3887=CARTESIAN_POINT('',(0.0181,-0.0585,0.0340632823655413));
#3888=CARTESIAN_POINT('',(0.0442534301268618,0.,-0.0176215176640432));
#3889=CARTESIAN_POINT('',(0.040843926838972,0.,-0.0204029232739921));
#3890=CARTESIAN_POINT('',(0.0476629334147516,0.,-0.0148401120540942));
#3891=CARTESIAN_POINT('',(0.040843926838972,0.,-0.0204029232739921));
#3892=CARTESIAN_POINT('',(0.040843926838972,-0.0195595522475798,-0.0204029232739921));
#3893=CARTESIAN_POINT('',(0.040843926838972,-0.0585,-0.0204029232739921));
#3894=CARTESIAN_POINT('',(0.0352448637286709,-0.0585,-0.00695410531610048));
#3895=CARTESIAN_POINT('',(0.0352448637286709,-0.0585,-0.00695410531610048));
#3896=CARTESIAN_POINT('',(0.029444863728671,-0.0585,-0.017));
#3897=CARTESIAN_POINT('',(0.0377916512459884,-0.0585,-0.0025429399400242));
#3898=CARTESIAN_POINT('',(0.0513538290724795,-0.0585,-0.0103730669589464));
#3899=CARTESIAN_POINT('',(0.0435237020535574,-0.0585,0.00318911086754465));
#3900=CARTESIAN_POINT('',(0.0326935750346353,-0.0585,0.0219474411167422));
#3901=CARTESIAN_POINT('',(0.0514518758100642,-0.0585000002499997,0.0111173314045861));
#3902=CARTESIAN_POINT('',(0.0525727401592341,-0.0585,0.0130586570489102));
#3903=CARTESIAN_POINT('',(0.0536935419785099,-0.0585000002499998,0.0150000187961145));
#3904=CARTESIAN_POINT('',(0.0398371685740843,-0.0585,0.023));
#3905=CARTESIAN_POINT('',(0.0398371683239341,-0.0585000002499998,0.0389999620083087));
#3906=CARTESIAN_POINT('',(0.0375954988232819,-0.0585,0.039));
#3907=CARTESIAN_POINT('',(0.0353538280257574,-0.0585000002499998,0.0389999664850413));
#3908=CARTESIAN_POINT('',(0.0353538290724795,-0.0585,0.0173397459621557));
#3909=CARTESIAN_POINT('',(0.0245237955622248,-0.0585000002500102,0.0360979120443486));
#3910=CARTESIAN_POINT('',(0.0166935750346352,-0.0585,0.0496602540378443));
#3911=CARTESIAN_POINT('',(0.0181,-0.0585,0.0340632823655413));
#3912=CARTESIAN_POINT('',(0.01075,0.,0.0455733398698589));
#3913=CARTESIAN_POINT('',(0.01075,-0.0195524301690564,0.0455733398698589));
#3914=CARTESIAN_POINT('',(0.01075,-0.0585,0.0455733398698588));
#3915=CARTESIAN_POINT('',(0.0181,-0.0585,0.0340632823655413));
#3916=CARTESIAN_POINT('',(0.01075,0.,0.0455733398698589));
#3917=CARTESIAN_POINT('',(0.01775,0.,0.0455733398698588));
#3918=CARTESIAN_POINT('',(0.0580660448471627,0.,0.0455733398698588));
#3919=CARTESIAN_POINT('',(0.0580660448471627,0.,0.0305733398698589));
#3920=CARTESIAN_POINT('',(0.0710564259039293,0.,0.0230733398698589));
#3921=CARTESIAN_POINT('',(0.0685928521312235,0.,0.0188063049273383));
#3922=CARTESIAN_POINT('',(0.0523409923150069,0.,-0.00934274199183587));
#3923=CARTESIAN_POINT('',(0.0350204842393182,0.,0.00065725800816409));
#3924=CARTESIAN_POINT('',(0.0601429039362018,-0.00633667539560138,0.00418697123375179));
#3925=CARTESIAN_POINT('',(0.0604975949488026,-0.00464956834702395,0.00479011594429811));
#3926=CARTESIAN_POINT('',(0.0601497878062385,-0.00296505121630279,0.00418362308810979));
#3927=CARTESIAN_POINT('',(0.0593087187969776,-0.00226772163641315,0.0027266996056412));
#3928=CARTESIAN_POINT('',(0.0584652377330421,-0.00296406403733574,0.00126705991874769));
#3929=CARTESIAN_POINT('',(0.0581134395909158,-0.00464970552625147,0.00066386675170171));
#3930=CARTESIAN_POINT('',(0.0584552032243443,-0.00633261432708184,0.00127019903862074));
#3931=CARTESIAN_POINT('',(0.0592948872175452,-0.00703267589739147,0.00272974664847863));
#3932=CARTESIAN_POINT('',(0.0601429039362018,-0.00633667539560138,0.00418697123375179));
#3933=CARTESIAN_POINT('',(0.0604975949488026,-0.00464956834702395,0.00479011594429811));
#3934=CARTESIAN_POINT('',(0.0601497878062385,-0.00296505121630279,0.00418362308810979));
#3935=CARTESIAN_POINT('',(0.0603805119229418,-0.00465,0.00458850968317568));
#3936=CARTESIAN_POINT('',(0.0160665292462478,-0.00668665203530801,0.0456193829529881));
#3937=CARTESIAN_POINT('',(0.0153668600697038,-0.00499958738611328,0.045588250342311));
#3938=CARTESIAN_POINT('',(0.0160660304749372,-0.00331499842023887,0.0455889661869817));
#3939=CARTESIAN_POINT('',(0.0177483728188615,-0.00261770930680877,0.0455791837325698));
#3940=CARTESIAN_POINT('',(0.019434216014394,-0.00331416587251022,0.045574752905134));
#3941=CARTESIAN_POINT('',(0.0201324154752487,-0.00499992637560879,0.0455728482479133));
#3942=CARTESIAN_POINT('',(0.0194361216683235,-0.00668285139661341,0.0455682533640154));
#3943=CARTESIAN_POINT('',(0.0177524917115828,-0.00738262259930717,0.0456089183200168));
#3944=CARTESIAN_POINT('',(0.0160665292462478,-0.00668665203530801,0.0456193829529881));
#3945=CARTESIAN_POINT('',(0.0153668600697038,-0.00499958738611328,0.045588250342311));
#3946=CARTESIAN_POINT('',(0.0160660304749372,-0.00331499842023887,0.0455889661869817));
#3947=CARTESIAN_POINT('',(0.0156,-0.005,0.0455935584182023));
#3948=CARTESIAN_POINT('',(0.01075,0.,0.0475733398698588));
#3949=CARTESIAN_POINT('',(0.01075,-0.00488924617052914,0.0475733398698588));
#3950=CARTESIAN_POINT('',(0.0107958420633446,-0.0110092671231095,0.0475736799488215));
#3951=CARTESIAN_POINT('',(0.0110469611634811,-0.0206608347757706,0.0472986600574151));
#3952=CARTESIAN_POINT('',(0.0111606761433755,-0.0239567876420223,0.0471610757846986));
#3953=CARTESIAN_POINT('',(0.0114623404733071,-0.0304822651290081,0.0467495796908998));
#3954=CARTESIAN_POINT('',(0.0116499841407785,-0.0337115915956184,0.0464759021445089));
#3955=CARTESIAN_POINT('',(0.01211589937811,-0.0398873509353932,0.0457464382847699));
#3956=CARTESIAN_POINT('',(0.0123939733804547,-0.0428333171091879,0.045291292900272));
#3957=CARTESIAN_POINT('',(0.0128997830604389,-0.046890320900065,0.0444276010092637));
#3958=CARTESIAN_POINT('',(0.0130832728539796,-0.0481825059498223,0.0441094150606152));
#3959=CARTESIAN_POINT('',(0.0134848292701144,-0.050624945397097,0.043400797893796));
#3960=CARTESIAN_POINT('',(0.0137028798045965,-0.0517752182431339,0.043010569304533));
#3961=CARTESIAN_POINT('',(0.0141794281458045,-0.0539150159726735,0.0421392642266235));
#3962=CARTESIAN_POINT('',(0.0144378579403157,-0.0549049336722002,0.0416585533251991));
#3963=CARTESIAN_POINT('',(0.0150031948812051,-0.0567037490148357,0.0405719535298271));
#3964=CARTESIAN_POINT('',(0.0153099930116089,-0.0575143608217038,0.0399655295433489));
#3965=CARTESIAN_POINT('',(0.0158164119925722,-0.0585573972894252,0.0389210490526572));
#3966=CARTESIAN_POINT('',(0.015992987986933,-0.0588757836132715,0.0385502287536093));
#3967=CARTESIAN_POINT('',(0.0163637669319005,-0.0594398891878783,0.037760064234597));
#3968=CARTESIAN_POINT('',(0.0165580046035019,-0.0596854210823981,0.0373405518794481));
#3969=CARTESIAN_POINT('',(0.016965714979408,-0.0600862296616237,0.0364585754062703));
#3970=CARTESIAN_POINT('',(0.0171792099346932,-0.0602411832743032,0.0359962508786453));
#3971=CARTESIAN_POINT('',(0.0176255121278458,-0.0604480904799571,0.0350449043010609));
#3972=CARTESIAN_POINT('',(0.0178583191816148,-0.0605,0.03455622901953));
#3973=CARTESIAN_POINT('',(0.0181,-0.0605,0.0340632823655413));
#3974=CARTESIAN_POINT('',(0.01075,0.,0.0455733398698589));
#3975=CARTESIAN_POINT('',(0.01075,-0.00488810754226411,0.0455733398698589));
#3976=CARTESIAN_POINT('',(0.01075,-0.0109884113133962,0.0455733398698589));
#3977=CARTESIAN_POINT('',(0.010922265625,-0.020589754059658,0.0453035728971014));
#3978=CARTESIAN_POINT('',(0.0110083984375,-0.0238653494900058,0.0451686894107227));
#3979=CARTESIAN_POINT('',(0.011266796875,-0.0303389348382665,0.0447640389515865));
#3980=CARTESIAN_POINT('',(0.0114390625,-0.0335369247561792,0.0444942719788291));
#3981=CARTESIAN_POINT('',(0.0118984375,-0.0396273978706131,0.0437748933848092));
#3982=CARTESIAN_POINT('',(0.012185546875,-0.0425198810671344,0.0433252817635469));
#3983=CARTESIAN_POINT('',(0.012723876953125,-0.0464585499141553,0.0424822599736798));
#3984=CARTESIAN_POINT('',(0.0129212646484375,-0.0477047635385355,0.0421731519840619));
#3985=CARTESIAN_POINT('',(0.013355517578125,-0.0500353511535893,0.0414931144069026));
#3986=CARTESIAN_POINT('',(0.0135923828125,-0.051119725144263,0.0411221848193611));
#3987=CARTESIAN_POINT('',(0.0141091796875,-0.0530981458407842,0.0403128839010887));
#3988=CARTESIAN_POINT('',(0.014389111328125,-0.0539921925466318,0.0398745125703579));
#3989=CARTESIAN_POINT('',(0.0149956298828125,-0.0555614710223813,0.0389247080204411));
#3990=CARTESIAN_POINT('',(0.015322216796875,-0.0562367027922833,0.0384132748012551));
#3991=CARTESIAN_POINT('',(0.0158497802734375,-0.0570640735068374,0.0375871134471854));
#3992=CARTESIAN_POINT('',(0.0160319152832031,-0.057308950921639,0.0373018910749471));
#3993=CARTESIAN_POINT('',(0.016409194946289,-0.0577333191480859,0.036711073303882));
#3994=CARTESIAN_POINT('',(0.0166043395996094,-0.0579128099597312,0.0364054779050552));
#3995=CARTESIAN_POINT('',(0.0170080871582031,-0.0582028440234757,0.0357732115626549));
#3996=CARTESIAN_POINT('',(0.0172166900634766,-0.0583133872755748,0.0354465406190815));
#3997=CARTESIAN_POINT('',(0.017647802734375,-0.058461965263837,0.0347714206690296));
#3998=CARTESIAN_POINT('',(0.0178703125,-0.0585,0.0344229716625513));
#3999=CARTESIAN_POINT('',(0.0181,-0.0585,0.0340632823655413));
#4000=CARTESIAN_POINT('',(0.01075,0.,0.0455733398698589));
#4001=CARTESIAN_POINT('',(0.01075,0.,0.0462400065365255));
#4002=CARTESIAN_POINT('',(0.01075,0.,0.0469066732031922));
#4003=CARTESIAN_POINT('',(0.01075,0.,0.0475733398698589));
#4004=CARTESIAN_POINT('',(0.0181000013801065,-0.0604999999999924,0.0340632670779823));
#4005=CARTESIAN_POINT('',(0.0181000013502384,-0.0598333333333259,0.0340632674088259));
#4006=CARTESIAN_POINT('',(0.0181000013203702,-0.0591666666666594,0.0340632677396697));
#4007=CARTESIAN_POINT('',(0.0181000012905021,-0.0584999999999928,0.0340632680705134));
#4008=CARTESIAN_POINT('',(0.0166909593910697,-0.0601000061237395,0.0496713525630988));
#4009=CARTESIAN_POINT('',(0.0245238940550906,-0.058500000250022,0.0360977434938376));
#4010=CARTESIAN_POINT('',(0.0245238940350069,-0.0591666667500216,0.0360977435286834));
#4011=CARTESIAN_POINT('',(0.0245238940149231,-0.0598333332500213,0.0360977435635293));
#4012=CARTESIAN_POINT('',(0.0245238939948394,-0.0604999997500209,0.0360977435983753));
#4013=CARTESIAN_POINT('',(0.0353545988832122,-0.0595000000000001,0.0173368771657183));
#4014=CARTESIAN_POINT('',(0.0353538290724795,-0.0604999997499993,0.039));
#4015=CARTESIAN_POINT('',(0.0353538290724795,-0.0598333332499995,0.039));
#4016=CARTESIAN_POINT('',(0.0353538290724795,-0.0591666667499997,0.039));
#4017=CARTESIAN_POINT('',(0.0353538290724795,-0.0585000002499998,0.0389999999999999));
#4018=CARTESIAN_POINT('',(0.0398371685740844,-0.0605,0.039));
#4019=CARTESIAN_POINT('',(0.0398371685740843,-0.0585000002499998,0.039));
#4020=CARTESIAN_POINT('',(0.0398371685740843,-0.05916666675,0.039));
#4021=CARTESIAN_POINT('',(0.0398371685740843,-0.0598333332500001,0.039));
#4022=CARTESIAN_POINT('',(0.0398371685740843,-0.0604999997500002,0.039));
#4023=CARTESIAN_POINT('',(0.0398371052475442,-0.0595,0.0229999634834909));
#4024=CARTESIAN_POINT('',(0.0536935750346352,-0.0604999997500002,0.015));
#4025=CARTESIAN_POINT('',(0.0536935750346352,-0.0598333332500001,0.0150000000000001));
#4026=CARTESIAN_POINT('',(0.0536935750346352,-0.0591666667499999,0.0150000000000001));
#4027=CARTESIAN_POINT('',(0.0536935750346352,-0.0585000002499998,0.0150000000000002));
#4028=CARTESIAN_POINT('',(0.0514519052838328,-0.0605,0.0111173140978201));
#4029=CARTESIAN_POINT('',(0.0514519052838328,-0.0585000002499997,0.0111173140978201));
#4030=CARTESIAN_POINT('',(0.0514519052838328,-0.0591666667499999,0.0111173140978201));
#4031=CARTESIAN_POINT('',(0.0514519052838328,-0.0598333332500001,0.0111173140978202));
#4032=CARTESIAN_POINT('',(0.0514519052838328,-0.0604999997500002,0.0111173140978202));
#4033=CARTESIAN_POINT('',(0.0326914709270644,-0.0594999999999999,0.0219495452248938));
#4034=CARTESIAN_POINT('',(0.043523667872959,-0.0585,0.00318917006521729));
#4035=CARTESIAN_POINT('',(0.0435236678729589,-0.0591666666666667,0.00318917006521729));
#4036=CARTESIAN_POINT('',(0.0435236678729589,-0.0598333333333333,0.00318917006521728));
#4037=CARTESIAN_POINT('',(0.0435236678729589,-0.0605,0.00318917006521727));
#4038=CARTESIAN_POINT('',(0.0435237020535572,-0.0605,0.0031891108675447));
#4039=CARTESIAN_POINT('',(0.0423401361155541,-0.0605,0.00250577875463487));
#4040=CARTESIAN_POINT('',(0.0412467012026408,-0.0605,0.00166674634068532));
#4041=CARTESIAN_POINT('',(0.0393140132917906,-0.0605,-0.000265936608050476));
#4042=CARTESIAN_POINT('',(0.0384749830178717,-0.0605,-0.0013593745926963));
#4043=CARTESIAN_POINT('',(0.0377916512459884,-0.0605,-0.00254293994002411));
#4044=CARTESIAN_POINT('',(0.0435237020535573,-0.0585,0.00318911086754473));
#4045=CARTESIAN_POINT('',(0.0423401364108989,-0.0585,0.00250577892515231));
#4046=CARTESIAN_POINT('',(0.0412466999621041,-0.0585,0.00166674758120582));
#4047=CARTESIAN_POINT('',(0.0393140145323273,-0.0585,-0.000265937848570978));
#4048=CARTESIAN_POINT('',(0.0384749831883808,-0.0585,-0.00135937429736575));
#4049=CARTESIAN_POINT('',(0.0377916512459884,-0.0585,-0.00254293994002418));
#4050=CARTESIAN_POINT('',(0.0377916512459885,-0.0605,-0.00254293994002423));
#4051=CARTESIAN_POINT('',(0.0377916512459885,-0.0598333333333333,-0.00254293994002423));
#4052=CARTESIAN_POINT('',(0.0377916512459885,-0.0591666666666667,-0.00254293994002423));
#4053=CARTESIAN_POINT('',(0.0377916512459885,-0.0585,-0.00254293994002423));
#4054=CARTESIAN_POINT('',(0.0352448637286709,-0.0605,-0.00695410531610048));
#4055=CARTESIAN_POINT('',(0.0352448637286709,-0.0585,-0.00695410531610048));
#4056=CARTESIAN_POINT('',(0.0352448637286709,-0.0591666666666667,-0.00695410531610048));
#4057=CARTESIAN_POINT('',(0.0352448637286709,-0.0598333333333333,-0.00695410531610048));
#4058=CARTESIAN_POINT('',(0.0352448637286709,-0.0605,-0.00695410531610048));
#4059=CARTESIAN_POINT('',(0.0421081717565154,0.,-0.0219526602802179));
#4060=CARTESIAN_POINT('',(0.0421081717565154,-0.00489134022952637,-0.0219526602802179));
#4061=CARTESIAN_POINT('',(0.0421142654265664,-0.0110160552171087,-0.0219481626378487));
#4062=CARTESIAN_POINT('',(0.0420018125739186,-0.0206822189047913,-0.0216143958416687));
#4063=CARTESIAN_POINT('',(0.0419440894291835,-0.0239844066163786,-0.0214485750857518));
#4064=CARTESIAN_POINT('',(0.0417659343813699,-0.0305257193393813,-0.0209528203037629));
#4065=CARTESIAN_POINT('',(0.0416456026834451,-0.0337647158588057,-0.0206229732972426));
#4066=CARTESIAN_POINT('',(0.0413180476595819,-0.0399618255559138,-0.0197414996990703));
#4067=CARTESIAN_POINT('',(0.0411112605529457,-0.0429196026576203,-0.0191901755604249));
#4068=CARTESIAN_POINT('',(0.0407113676659017,-0.0469912843324587,-0.0181478263952668));
#4069=CARTESIAN_POINT('',(0.040563037788308,-0.0482878134866541,-0.0177644072209058));
#4070=CARTESIAN_POINT('',(0.0402291417407303,-0.0507360047692821,-0.0169153049873157));
#4071=CARTESIAN_POINT('',(0.040043717286049,-0.0518877002046642,-0.016449688847071));
#4072=CARTESIAN_POINT('',(0.0396233998846699,-0.0540242551758759,-0.0154228622459947));
#4073=CARTESIAN_POINT('',(0.0393887634183686,-0.0550093985924977,-0.0148617208226306));
#4074=CARTESIAN_POINT('',(0.0388466585671123,-0.056788758828234,-0.0136251433662315));
#4075=CARTESIAN_POINT('',(0.0385391189803174,-0.0575840636895612,-0.0129493792658723));
#4076=CARTESIAN_POINT('',(0.0379929540641719,-0.0586004877234233,-0.0118330787788448));
#4077=CARTESIAN_POINT('',(0.0377965821237964,-0.05890957710031,-0.0114438485433851));
#4078=CARTESIAN_POINT('',(0.0373706793150674,-0.0594572467861565,-0.0106301585934878));
#4079=CARTESIAN_POINT('',(0.0371410129037298,-0.0596957596669782,-0.0102056308202535));
#4080=CARTESIAN_POINT('',(0.0366479705165777,-0.0600874783636888,-0.00932388174354191));
#4081=CARTESIAN_POINT('',(0.0363845366262096,-0.0602404641797058,-0.00886667888713045));
#4082=CARTESIAN_POINT('',(0.0358310887588982,-0.0604468182980669,-0.00792689777030203));
#4083=CARTESIAN_POINT('',(0.0355412527789755,-0.0605,-0.00744448859499754));
#4084=CARTESIAN_POINT('',(0.0352448637286709,-0.0605,-0.00695410531610048));
#4085=CARTESIAN_POINT('',(0.040843926838972,0.,-0.0204029232739921));
#4086=CARTESIAN_POINT('',(0.040843926838972,-0.00488988806189494,-0.0204029232739921));
#4087=CARTESIAN_POINT('',(0.040843926838972,-0.0109910820928424,-0.0204029232739921));
#4088=CARTESIAN_POINT('',(0.0407126987973243,-0.0205929256102503,-0.020087716603104));
#4089=CARTESIAN_POINT('',(0.0406470847765005,-0.0238685488612175,-0.0199301132676599));
#4090=CARTESIAN_POINT('',(0.040450242714029,-0.030341995106382,-0.0194573032613278));
#4091=CARTESIAN_POINT('',(0.0403190146723812,-0.0335398181005793,-0.0191420965904397));
#4092=CARTESIAN_POINT('',(0.0399690732279875,-0.0396298460851056,-0.0183015454680715));
#4093=CARTESIAN_POINT('',(0.0397503598252413,-0.0425220510754344,-0.0177762010165914));
#4094=CARTESIAN_POINT('',(0.0393402721950923,-0.0464602817477025,-0.0167911801700661));
#4095=CARTESIAN_POINT('',(0.0391899067307043,-0.0477063458362543,-0.0164300058596735));
#4096=CARTESIAN_POINT('',(0.0388591027090508,-0.0500366378572288,-0.0156354223768098));
#4097=CARTESIAN_POINT('',(0.0386786641517853,-0.0511208657896515,-0.0152020132043387));
#4098=CARTESIAN_POINT('',(0.0382849800268422,-0.0530990082799804,-0.0142563931916744));
#4099=CARTESIAN_POINT('',(0.0380717344591647,-0.0539929228378866,-0.0137441823514813));
#4100=CARTESIAN_POINT('',(0.0376097023958635,-0.0555619613607953,-0.0126343921977295));
#4101=CARTESIAN_POINT('',(0.0373609159002398,-0.0562370853257978,-0.0120368128841708));
#4102=CARTESIAN_POINT('',(0.0369590300226937,-0.0570643204148331,-0.0110714924545761));
#4103=CARTESIAN_POINT('',(0.0368202837078266,-0.0573091569681002,-0.0107382270681684));
#4104=CARTESIAN_POINT('',(0.0365328806270305,-0.0577334534695131,-0.0100478916248952));
#4105=CARTESIAN_POINT('',(0.0363842238611015,-0.0579129134176589,-0.00969082156802983));
#4106=CARTESIAN_POINT('',(0.0360766581384898,-0.0582028970565311,-0.00895205593313589));
#4107=CARTESIAN_POINT('',(0.035917749181807,-0.0583134207472573,-0.00857036035510735));
#4108=CARTESIAN_POINT('',(0.0355893373379961,-0.0584619722189918,-0.0077815228271817));
#4109=CARTESIAN_POINT('',(0.0354198344508678,-0.0585,-0.00737438087728461));
#4110=CARTESIAN_POINT('',(0.0352448637286709,-0.0585,-0.00695410531610048));
#4111=CARTESIAN_POINT('',(0.0421081717565153,0.,-0.0219526602802179));
#4112=CARTESIAN_POINT('',(0.0416867567840009,0.,-0.0214360812781426));
#4113=CARTESIAN_POINT('',(0.0412653418114864,0.,-0.0209195022760673));
#4114=CARTESIAN_POINT('',(0.040843926838972,0.,-0.0204029232739921));
#4115=CARTESIAN_POINT('',(0.0350204842393182,0.,0.00065725800816409));
#4116=CARTESIAN_POINT('',(0.0619063573568812,-0.00465,0.00122495625363363));
#4117=CARTESIAN_POINT('',(0.0607229071168893,-0.00439556973746169,0.00437970407813086));
#4118=CARTESIAN_POINT('',(0.0607274077140229,-0.00458138004945275,0.0043881929957512));
#4119=CARTESIAN_POINT('',(0.0607272659723951,-0.00468001298479747,0.00438832769109115));
#4120=CARTESIAN_POINT('',(0.0607255472138212,-0.00479678723812042,0.00438579780405718));
#4121=CARTESIAN_POINT('',(0.0607162865073016,-0.00496945426893318,0.00437040780254758));
#4122=CARTESIAN_POINT('',(0.0606849941424758,-0.00528994579272582,0.00431739875060439));
#4123=CARTESIAN_POINT('',(0.0606004714511131,-0.00570052263332461,0.00417251052686608));
#4124=CARTESIAN_POINT('',(0.0604478981239505,-0.00612020530072467,0.00390985798420328));
#4125=CARTESIAN_POINT('',(0.0601950370740973,-0.0065520108005505,0.00347373567598284));
#4126=CARTESIAN_POINT('',(0.0598226151067204,-0.0068353758475296,0.0028304372887086));
#4127=CARTESIAN_POINT('',(0.0593859405265392,-0.00678929560867826,0.00207531311845977));
#4128=CARTESIAN_POINT('',(0.05902569467054,-0.00645600491642756,0.00145167865978692));
#4129=CARTESIAN_POINT('',(0.0587716846717393,-0.00595512713359916,0.00101116891704272));
#4130=CARTESIAN_POINT('',(0.0586250165981271,-0.00538876266282829,0.000755670166392834));
#4131=CARTESIAN_POINT('',(0.0585821491535437,-0.00498317588236065,0.000679704894922036));
#4132=CARTESIAN_POINT('',(0.0585754834394323,-0.00473478492335671,0.000666728009707192));
#4133=CARTESIAN_POINT('',(0.0585748682929018,-0.00465733176416199,0.000665171995760096));
#4134=CARTESIAN_POINT('',(0.0585774079853237,-0.00444700888318543,0.00066821029888806));
#4135=CARTESIAN_POINT('',(0.0586080064691276,-0.00403313006775147,0.000718776081618874));
#4136=CARTESIAN_POINT('',(0.0588023451266157,-0.00313542175202267,0.00105087302398842));
#4137=CARTESIAN_POINT('',(0.059314418776692,-0.00246014275958038,0.00193512515445392));
#4138=CARTESIAN_POINT('',(0.0599246427623634,-0.00250164763091259,0.00299167201030956));
#4139=CARTESIAN_POINT('',(0.0603470316947105,-0.00291729351908238,0.00372415814686136));
#4140=CARTESIAN_POINT('',(0.0606007309103609,-0.00354272892575362,0.00416527308803686));
#4141=CARTESIAN_POINT('',(0.0606953784294453,-0.0040843240187942,0.00433094039669769));
#4142=CARTESIAN_POINT('',(0.0607229071168893,-0.00439556973746169,0.00437970407813086));
#4143=CARTESIAN_POINT('',(0.0607274077140229,-0.00458138004945275,0.0043881929957512));
#4144=CARTESIAN_POINT('',(0.0607272659723951,-0.00468001298479747,0.00438832769109115));
#4145=CARTESIAN_POINT('',(0.0607273111649698,-0.00464848305912491,0.00438828442950747));
#4146=CARTESIAN_POINT('',(0.01775,-0.005,0.0645733398698588));
#4147=CARTESIAN_POINT('',(0.0156174965417564,-0.00451044360444825,0.0459859033053255));
#4148=CARTESIAN_POINT('',(0.0155974590456769,-0.00501564672396192,0.045986070847564));
#4149=CARTESIAN_POINT('',(0.0156039695821494,-0.00515960560718286,0.0459882957048099));
#4150=CARTESIAN_POINT('',(0.015633346224595,-0.00541486219666777,0.0459933205411619));
#4151=CARTESIAN_POINT('',(0.0157017278389549,-0.00569741373609483,0.0460014940379437));
#4152=CARTESIAN_POINT('',(0.015866510362016,-0.00604928886514606,0.0460141161042759));
#4153=CARTESIAN_POINT('',(0.0159955059775303,-0.00624908282324122,0.0460211995553604));
#4154=CARTESIAN_POINT('',(0.0161228583889117,-0.00640813242043542,0.0460266680260354));
#4155=CARTESIAN_POINT('',(0.0162065115692284,-0.00649940836963458,0.0460296822028007));
#4156=CARTESIAN_POINT('',(0.0163535342963409,-0.00663938222389332,0.046032609644119));
#4157=CARTESIAN_POINT('',(0.0165739893232454,-0.00680973838185718,0.0460329609851323));
#4158=CARTESIAN_POINT('',(0.0168889543555223,-0.00698222871071254,0.0460250794205282));
#4159=CARTESIAN_POINT('',(0.0172287151960493,-0.00709938238362458,0.0460123407961252));
#4160=CARTESIAN_POINT('',(0.0178351700305658,-0.00718566341146298,0.046002317808038));
#4161=CARTESIAN_POINT('',(0.018378275492146,-0.00708706267713593,0.0459950310944674));
#4162=CARTESIAN_POINT('',(0.0188161616444797,-0.00687620405985642,0.0459860273249403));
#4163=CARTESIAN_POINT('',(0.0190444474794136,-0.00672060953975355,0.0459805664145638));
#4164=CARTESIAN_POINT('',(0.0191772546899539,-0.00661097969954997,0.0459770128606759));
#4165=CARTESIAN_POINT('',(0.0192790682252582,-0.00651201966343608,0.0459738998012702));
#4166=CARTESIAN_POINT('',(0.0193087282125782,-0.00648101690026304,0.0459731752375601));
#4167=CARTESIAN_POINT('',(0.0194135557597858,-0.00636797814530438,0.0459711047492738));
#4168=CARTESIAN_POINT('',(0.0195794486184335,-0.00615043865597668,0.0459695099435741));
#4169=CARTESIAN_POINT('',(0.0197919407365745,-0.00574156721111733,0.0459686187475884));
#4170=CARTESIAN_POINT('',(0.019900110756069,-0.00526789167234663,0.0459690005997039));
#4171=CARTESIAN_POINT('',(0.0199011935893188,-0.00489143320694724,0.0459697572628335));
#4172=CARTESIAN_POINT('',(0.0198735806490866,-0.00462022676395317,0.0459703078196722));
#4173=CARTESIAN_POINT('',(0.0197585786899551,-0.0041546589326557,0.0459713040179795));
#4174=CARTESIAN_POINT('',(0.0194480329978108,-0.00362359219565256,0.045972647377345));
#4175=CARTESIAN_POINT('',(0.0190501908010763,-0.00326976759809373,0.0459739399200716));
#4176=CARTESIAN_POINT('',(0.0187363807551138,-0.00308305136665751,0.0459749136511969));
#4177=CARTESIAN_POINT('',(0.0185444304965578,-0.00300048949647931,0.0459755131883307));
#4178=CARTESIAN_POINT('',(0.0184318040845371,-0.00296009622500544,0.0459758747481551));
#4179=CARTESIAN_POINT('',(0.0182670816652282,-0.00290982011912791,0.0459764049405913));
#4180=CARTESIAN_POINT('',(0.0179859407127146,-0.00285218325716017,0.0459772697380335));
#4181=CARTESIAN_POINT('',(0.017399088352177,-0.00283275670071017,0.0459789733201218));
#4182=CARTESIAN_POINT('',(0.0165906075091315,-0.00309519701810756,0.0459813084720296));
#4183=CARTESIAN_POINT('',(0.0158629916772088,-0.00382372775569734,0.0459835523234426));
#4184=CARTESIAN_POINT('',(0.0156174965417564,-0.00451044360444825,0.0459859033053255));
#4185=CARTESIAN_POINT('',(0.0155974590456769,-0.00501564672396192,0.045986070847564));
#4186=CARTESIAN_POINT('',(0.0156039695821494,-0.00515960560718286,0.0459882957048099));
#4187=CARTESIAN_POINT('',(0.0156000124501165,-0.00500731678520883,0.0459864641296797));
#4188=CARTESIAN_POINT('',(0.0140043755618095,-0.00600988692951358,0.0475686092126039));
#4189=CARTESIAN_POINT('',(0.0139958475183646,-0.00402175327144158,0.0475724304520174));
#4190=CARTESIAN_POINT('',(0.0143939214969957,-0.00305492266395753,0.0475764178634048));
#4191=CARTESIAN_POINT('',(0.015794856895987,-0.00164976082961981,0.047577895754736));
#4192=CARTESIAN_POINT('',(0.0167550704819107,-0.00125126965006095,0.0475756118294576));
#4193=CARTESIAN_POINT('',(0.0182403103343119,-0.00124937546226442,0.0475744252468975));
#4194=CARTESIAN_POINT('',(0.0187251577259104,-0.00134584062606548,0.0475741805823363));
#4195=CARTESIAN_POINT('',(0.0196334825431813,-0.00172031794250883,0.0475737017630575));
#4196=CARTESIAN_POINT('',(0.0200553816297683,-0.00200231737258668,0.0475734630012006));
#4197=CARTESIAN_POINT('',(0.0210914654401727,-0.00303769178630416,0.0475724616864785));
#4198=CARTESIAN_POINT('',(0.021500503091815,-0.00399687673225207,0.0475714907269973));
#4199=CARTESIAN_POINT('',(0.0214994989695317,-0.00600687656401964,0.047567265209403));
#4200=CARTESIAN_POINT('',(0.0210901143606828,-0.00696768237672891,0.0475625480691235));
#4201=CARTESIAN_POINT('',(0.0200443912701307,-0.00800654958395983,0.0475647180195111));
#4202=CARTESIAN_POINT('',(0.0196283969084148,-0.00828085716709997,0.0475674574861871));
#4203=CARTESIAN_POINT('',(0.0187415604163279,-0.00864841804625677,0.0475844211316649));
#4204=CARTESIAN_POINT('',(0.0182650974619007,-0.00874811130627115,0.0476004659441498));
#4205=CARTESIAN_POINT('',(0.017268762677835,-0.00875227929840649,0.0476283819933859));
#4206=CARTESIAN_POINT('',(0.0167569915197343,-0.0086514947038926,0.0476372442184046));
#4207=CARTESIAN_POINT('',(0.0158205323134811,-0.00825575138519803,0.0476248610033371));
#4208=CARTESIAN_POINT('',(0.0154157992512269,-0.00797395881369534,0.0476075294390985));
#4209=CARTESIAN_POINT('',(0.0144068565424353,-0.00694938630785299,0.047570900592555));
#4210=CARTESIAN_POINT('',(0.0140043755618095,-0.00600988692951358,0.0475686092126039));
#4211=CARTESIAN_POINT('',(0.0139958475183646,-0.00402175327144158,0.0475724304520174));
#4212=CARTESIAN_POINT('',(0.0156019577787099,-0.00557893835629218,0.0459913575433839));
#4213=CARTESIAN_POINT('',(0.015598067121523,-0.00443569521412548,0.0459815707159754));
#4214=CARTESIAN_POINT('',(0.0158274041468962,-0.00388298727353142,0.0459856676923875));
#4215=CARTESIAN_POINT('',(0.0166284429699556,-0.00308005154396718,0.0459840182803484));
#4216=CARTESIAN_POINT('',(0.0171784404365719,-0.00285091874693068,0.04598082835316));
#4217=CARTESIAN_POINT('',(0.0180305800306001,-0.00284954481838416,0.0459772125814512));
#4218=CARTESIAN_POINT('',(0.0183086340804338,-0.00290482315091528,0.0459762350747198));
#4219=CARTESIAN_POINT('',(0.0188294937266095,-0.00311943323464085,0.0459746584056591));
#4220=CARTESIAN_POINT('',(0.019071331285686,-0.00328102356864505,0.0459740714224664));
#4221=CARTESIAN_POINT('',(0.0196652843008116,-0.00387422409005582,0.0459722663812232));
#4222=CARTESIAN_POINT('',(0.0198997716325067,-0.00442356610178339,0.045970689474411));
#4223=CARTESIAN_POINT('',(0.0199002280295448,-0.00557472909436002,0.0459683950563678));
#4224=CARTESIAN_POINT('',(0.0196680358622688,-0.00612562627153671,0.0459678317623087));
#4225=CARTESIAN_POINT('',(0.0190625205466766,-0.00672645267313717,0.0459776373552722));
#4226=CARTESIAN_POINT('',(0.0188198228091582,-0.00688624754279278,0.0459828768007185));
#4227=CARTESIAN_POINT('',(0.0182957435120607,-0.00709871738324399,0.0459960872159408));
#4228=CARTESIAN_POINT('',(0.0180148216498026,-0.00715204178540049,0.0460004662339305));
#4229=CARTESIAN_POINT('',(0.017453003408661,-0.00714783783769794,0.0460080644927709));
#4230=CARTESIAN_POINT('',(0.0171772448476532,-0.00709059604832897,0.0460135234258797));
#4231=CARTESIAN_POINT('',(0.0166678807960328,-0.00687820614689495,0.0460326485925532));
#4232=CARTESIAN_POINT('',(0.0164331850734438,-0.00672232264743804,0.0460349826407558));
#4233=CARTESIAN_POINT('',(0.015839024550366,-0.00613236930442883,0.0460204465039186));
#4234=CARTESIAN_POINT('',(0.0156019577787099,-0.00557893835629218,0.0459913575433839));
#4235=CARTESIAN_POINT('',(0.015598067121523,-0.00443569521412548,0.0459815707159754));
#4236=CARTESIAN_POINT('',(0.0629103432227328,-0.00564172650477388,0.00497511941573911));
#4237=CARTESIAN_POINT('',(0.0629145620344033,-0.00366034051626781,0.00497331197980121));
#4238=CARTESIAN_POINT('',(0.062715635784346,-0.00269719519258223,0.00462728432883279));
#4239=CARTESIAN_POINT('',(0.062015280959048,-0.00129705768088896,0.00341340226608661));
#4240=CARTESIAN_POINT('',(0.061535151827611,-0.000900054596636041,0.00258199560526484));
#4241=CARTESIAN_POINT('',(0.0607930582403401,-0.000899972716927701,0.00129671625515313));
#4242=CARTESIAN_POINT('',(0.0605509738339614,-0.000996847113312689,0.000877441523905006));
#4243=CARTESIAN_POINT('',(0.0600973870747934,-0.00137164335202451,9.2010769247225E-5));
#4244=CARTESIAN_POINT('',(0.0598867419733451,-0.00165350545964259,-0.000272664252858389));
#4245=CARTESIAN_POINT('',(0.0593690182677563,-0.00268779462841452,-0.00116812357315755));
#4246=CARTESIAN_POINT('',(0.0591638639051343,-0.00364554690117448,-0.00152167764256578));
#4247=CARTESIAN_POINT('',(0.0591587483642915,-0.00565371777412638,-0.001518958028374));
#4248=CARTESIAN_POINT('',(0.0593573938251878,-0.0066104387194341,-0.00116463233893951));
#4249=CARTESIAN_POINT('',(0.0600436681836008,-0.00799686554257051,4.25451793747387E-5));
#4250=CARTESIAN_POINT('',(0.0605246361910372,-0.00839968809165608,0.000880904822634119));
#4251=CARTESIAN_POINT('',(0.0615152505275868,-0.00840021699268629,0.00259033763525887));
#4252=CARTESIAN_POINT('',(0.062003194247275,-0.00799827980387063,0.00342649906846273));
#4253=CARTESIAN_POINT('',(0.0627065274867344,-0.00660498110122478,0.00462927659474966));
#4254=CARTESIAN_POINT('',(0.0629103432227328,-0.00564172650477388,0.00497511941573911));
#4255=CARTESIAN_POINT('',(0.0629145620344033,-0.00366034051626781,0.00497331197980121));
#4256=CARTESIAN_POINT('',(0.0607265649354957,-0.00521566121261367,0.00438917734741592));
#4257=CARTESIAN_POINT('',(0.0607280573944439,-0.00408130490563615,0.00438739151159901));
#4258=CARTESIAN_POINT('',(0.0606144769280277,-0.00353001969874675,0.004189027381105));
#4259=CARTESIAN_POINT('',(0.0602135812916842,-0.00272774630155665,0.00349307764922888));
#4260=CARTESIAN_POINT('',(0.0599383442665968,-0.00250003655370694,0.00301635448394011));
#4261=CARTESIAN_POINT('',(0.0595127918712902,-0.00249998172984083,0.00227953919926141));
#4262=CARTESIAN_POINT('',(0.0593739471997205,-0.00255552005114606,0.00203920456882062));
#4263=CARTESIAN_POINT('',(0.0591137144279821,-0.0027703414245698,0.00158908974558432));
#4264=CARTESIAN_POINT('',(0.0589928149882337,-0.0029318833958203,0.00138016379060635));
#4265=CARTESIAN_POINT('',(0.0586954497183096,-0.003524413734606,0.000867358262761572));
#4266=CARTESIAN_POINT('',(0.058577166517252,-0.00407260091500989,0.000665342855730729));
#4267=CARTESIAN_POINT('',(0.0585731621608844,-0.0052216866605358,0.000665892089010984));
#4268=CARTESIAN_POINT('',(0.0586868892562419,-0.00576964442384962,0.000866788234417701));
#4269=CARTESIAN_POINT('',(0.0590830057036988,-0.00656711121809273,0.00155662615019668));
#4270=CARTESIAN_POINT('',(0.059361534159247,-0.00680024325208805,0.00203901796282125));
#4271=CARTESIAN_POINT('',(0.0599304674863095,-0.00679975635341137,0.00302305632845551));
#4272=CARTESIAN_POINT('',(0.0602091416584651,-0.00656769124784603,0.00350295816126624));
#4273=CARTESIAN_POINT('',(0.0606109233293248,-0.00576777682736609,0.00419156561941708));
#4274=CARTESIAN_POINT('',(0.0607265649354957,-0.00521566121261367,0.00438917734741592));
#4275=CARTESIAN_POINT('',(0.0607280573944439,-0.00408130490563615,0.00438739151159901));
#4276=MECHANICAL_DESIGN_GEOMETRIC_PRESENTATION_REPRESENTATION('',(#327),
#4277);
#4277=(
GEOMETRIC_REPRESENTATION_CONTEXT(3)
GLOBAL_UNCERTAINTY_ASSIGNED_CONTEXT((#4278))
GLOBAL_UNIT_ASSIGNED_CONTEXT((#4281,#4280,#4279))
REPRESENTATION_CONTEXT('Cover 1','TOP_LEVEL_ASSEMBLY_PART')
);
#4278=UNCERTAINTY_MEASURE_WITH_UNIT(LENGTH_MEASURE(2.E-5),#4281,
'DISTANCE_ACCURACY_VALUE','Maximum Tolerance applied to model');
#4279=(
NAMED_UNIT(*)
SI_UNIT($,.STERADIAN.)
SOLID_ANGLE_UNIT()
);
#4280=(
NAMED_UNIT(*)
PLANE_ANGLE_UNIT()
SI_UNIT($,.RADIAN.)
);
#4281=(
LENGTH_UNIT()
NAMED_UNIT(*)
SI_UNIT($,.METRE.)
);
#4282=PRODUCT_DEFINITION_SHAPE('','',#4283);
#4283=PRODUCT_DEFINITION('','',#4285,#4284);
#4284=PRODUCT_DEFINITION_CONTEXT('',#4291,'design');
#4285=PRODUCT_DEFINITION_FORMATION_WITH_SPECIFIED_SOURCE('','',#4287,
 .NOT_KNOWN.);
#4286=PRODUCT_RELATED_PRODUCT_CATEGORY('','',(#4287));
#4287=PRODUCT('Cover 1','Cover 1','Cover 1',(#4289));
#4288=PRODUCT_CATEGORY('','');
#4289=PRODUCT_CONTEXT('',#4291,'mechanical');
#4290=APPLICATION_PROTOCOL_DEFINITION('international standard',
'ap242_managed_model_based_3d_engineering',2020,#4291);
#4291=APPLICATION_CONTEXT('managed model based 3d engineering');
ENDSEC;
END-ISO-10303-21;
