ISO-10303-21;
HEADER;
/* Generated by software containing ST-Developer
 * from STEP Tools, Inc. (www.steptools.com) 
 */
/* OPTION: using custom renumber hook */

FILE_DESCRIPTION(
/* description */ ('STEP AP242 Edition 2',
'CAx-IF Rec.Pracs.---Representation and Presentation of Product Manufa
cturing Information (PMI)---4.0---2014-10-13',
'CAx-IF Rec.Pracs.---3D Tessellated Geometry---0.4---2014-09-14','2;1',
'CAx-IF Rec.Pracs.---User Defined Attributes---1.5---2016-08-15'),
/* implementation_level */ '2;1');

FILE_NAME(
/* name */ 'Flex tube - Tube',
/* time_stamp */ '2026-08-31T07:15:51Z',
/* author */ (''),
/* organization */ (''),
/* preprocessor_version */ 'ST-DEVELOPER v20',
/* originating_system */ 'ONSHAPE BY PTC INC, 1.220',
/* authorisation */ '  ');

FILE_SCHEMA (('AP242_MANAGED_MODEL_BASED_3D_ENGINEERING_MIM_LF { 1 0 10303 442 3 1 4 }'));
ENDSEC;

DATA;
#10=SHAPE_REPRESENTATION_RELATIONSHIP('','',#3863,#11);
#11=ADVANCED_BREP_SHAPE_REPRESENTATION('',(#3861),#6629);
#12=CONICAL_SURFACE('',#4151,0.0092,0.523598775598299);
#13=CONICAL_SURFACE('',#4187,0.009,0.643501108793279);
#14=PLANE('',#3946);
#15=PLANE('',#3951);
#16=PLANE('',#3953);
#17=PLANE('',#3958);
#18=PLANE('',#3960);
#19=PLANE('',#3965);
#20=PLANE('',#3967);
#21=PLANE('',#3972);
#22=PLANE('',#3974);
#23=PLANE('',#3979);
#24=PLANE('',#3981);
#25=PLANE('',#3986);
#26=PLANE('',#3988);
#27=PLANE('',#3993);
#28=PLANE('',#3995);
#29=PLANE('',#4000);
#30=PLANE('',#4002);
#31=PLANE('',#4007);
#32=PLANE('',#4009);
#33=PLANE('',#4014);
#34=PLANE('',#4016);
#35=PLANE('',#4021);
#36=PLANE('',#4023);
#37=PLANE('',#4028);
#38=PLANE('',#4030);
#39=PLANE('',#4035);
#40=PLANE('',#4037);
#41=PLANE('',#4042);
#42=PLANE('',#4044);
#43=PLANE('',#4049);
#44=PLANE('',#4051);
#45=PLANE('',#4056);
#46=PLANE('',#4058);
#47=PLANE('',#4063);
#48=PLANE('',#4065);
#49=PLANE('',#4070);
#50=PLANE('',#4072);
#51=PLANE('',#4077);
#52=PLANE('',#4079);
#53=PLANE('',#4084);
#54=PLANE('',#4086);
#55=PLANE('',#4091);
#56=PLANE('',#4093);
#57=PLANE('',#4098);
#58=PLANE('',#4100);
#59=PLANE('',#4105);
#60=PLANE('',#4107);
#61=PLANE('',#4112);
#62=PLANE('',#4114);
#63=PLANE('',#4119);
#64=PLANE('',#4121);
#65=PLANE('',#4126);
#66=PLANE('',#4128);
#67=PLANE('',#4133);
#68=PLANE('',#4135);
#69=PLANE('',#4140);
#70=PLANE('',#4145);
#71=PLANE('',#4149);
#72=PLANE('',#4153);
#73=PLANE('',#4185);
#74=PLANE('',#4189);
#75=PLANE('',#4193);
#76=PLANE('',#4194);
#77=PLANE('',#4198);
#78=PLANE('',#4199);
#79=PLANE('',#4203);
#80=PLANE('',#4204);
#81=PLANE('',#4208);
#82=PLANE('',#4209);
#83=PLANE('',#4213);
#84=PLANE('',#4214);
#85=PLANE('',#4218);
#86=PLANE('',#4219);
#87=PLANE('',#4223);
#88=PLANE('',#4224);
#89=PLANE('',#4228);
#90=PLANE('',#4229);
#91=PLANE('',#4233);
#92=PLANE('',#4234);
#93=PLANE('',#4238);
#94=PLANE('',#4239);
#95=PLANE('',#4243);
#96=PLANE('',#4244);
#97=PLANE('',#4248);
#98=PLANE('',#4249);
#99=PLANE('',#4253);
#100=PLANE('',#4254);
#101=PLANE('',#4258);
#102=PLANE('',#4259);
#103=PLANE('',#4263);
#104=PLANE('',#4264);
#105=PLANE('',#4268);
#106=PLANE('',#4269);
#107=PLANE('',#4273);
#108=PLANE('',#4274);
#109=PLANE('',#4278);
#110=PLANE('',#4279);
#111=PLANE('',#4283);
#112=PLANE('',#4284);
#113=PLANE('',#4288);
#114=PLANE('',#4289);
#115=PLANE('',#4293);
#116=PLANE('',#4294);
#117=PLANE('',#4298);
#118=PLANE('',#4299);
#119=PLANE('',#4303);
#120=PLANE('',#4304);
#121=PLANE('',#4308);
#122=PLANE('',#4309);
#123=PLANE('',#4313);
#124=PLANE('',#4314);
#125=PLANE('',#4318);
#126=PLANE('',#4319);
#127=PLANE('',#4323);
#128=PLANE('',#4324);
#129=PLANE('',#4328);
#130=PLANE('',#4329);
#131=PLANE('',#4330);
#132=PLANE('',#4331);
#133=PLANE('',#4332);
#134=PLANE('',#4333);
#135=PLANE('',#4334);
#136=PLANE('',#4335);
#137=PLANE('',#4336);
#138=PLANE('',#4337);
#139=PLANE('',#4338);
#140=PLANE('',#4339);
#141=PLANE('',#4340);
#142=PLANE('',#4341);
#143=PLANE('',#4342);
#144=PLANE('',#4343);
#145=PLANE('',#4344);
#146=PLANE('',#4345);
#147=PLANE('',#4346);
#148=PLANE('',#4347);
#149=PLANE('',#4348);
#150=PLANE('',#4349);
#151=PLANE('',#4350);
#152=PLANE('',#4351);
#153=PLANE('',#4352);
#154=PLANE('',#4353);
#155=PLANE('',#4354);
#156=PLANE('',#4355);
#157=PLANE('',#4356);
#158=LINE('',#5572,#382);
#159=LINE('',#5576,#383);
#160=LINE('',#5581,#384);
#161=LINE('',#5585,#385);
#162=LINE('',#5590,#386);
#163=LINE('',#5594,#387);
#164=LINE('',#5599,#388);
#165=LINE('',#5603,#389);
#166=LINE('',#5608,#390);
#167=LINE('',#5612,#391);
#168=LINE('',#5617,#392);
#169=LINE('',#5621,#393);
#170=LINE('',#5626,#394);
#171=LINE('',#5630,#395);
#172=LINE('',#5635,#396);
#173=LINE('',#5639,#397);
#174=LINE('',#5644,#398);
#175=LINE('',#5648,#399);
#176=LINE('',#5653,#400);
#177=LINE('',#5657,#401);
#178=LINE('',#5662,#402);
#179=LINE('',#5666,#403);
#180=LINE('',#5671,#404);
#181=LINE('',#5675,#405);
#182=LINE('',#5680,#406);
#183=LINE('',#5684,#407);
#184=LINE('',#5689,#408);
#185=LINE('',#5693,#409);
#186=LINE('',#5698,#410);
#187=LINE('',#5702,#411);
#188=LINE('',#5707,#412);
#189=LINE('',#5711,#413);
#190=LINE('',#5716,#414);
#191=LINE('',#5720,#415);
#192=LINE('',#5725,#416);
#193=LINE('',#5729,#417);
#194=LINE('',#5734,#418);
#195=LINE('',#5738,#419);
#196=LINE('',#5743,#420);
#197=LINE('',#5747,#421);
#198=LINE('',#5752,#422);
#199=LINE('',#5756,#423);
#200=LINE('',#5761,#424);
#201=LINE('',#5765,#425);
#202=LINE('',#5770,#426);
#203=LINE('',#5774,#427);
#204=LINE('',#5779,#428);
#205=LINE('',#5783,#429);
#206=LINE('',#5788,#430);
#207=LINE('',#5792,#431);
#208=LINE('',#5797,#432);
#209=LINE('',#5801,#433);
#210=LINE('',#5806,#434);
#211=LINE('',#5810,#435);
#212=LINE('',#5814,#436);
#213=LINE('',#5819,#437);
#214=LINE('',#5821,#438);
#215=LINE('',#5827,#439);
#216=LINE('',#5831,#440);
#217=LINE('',#5836,#441);
#218=LINE('',#5838,#442);
#219=LINE('',#5844,#443);
#220=LINE('',#5848,#444);
#221=LINE('',#5853,#445);
#222=LINE('',#5855,#446);
#223=LINE('',#5861,#447);
#224=LINE('',#5865,#448);
#225=LINE('',#5870,#449);
#226=LINE('',#5872,#450);
#227=LINE('',#5878,#451);
#228=LINE('',#5882,#452);
#229=LINE('',#5887,#453);
#230=LINE('',#5889,#454);
#231=LINE('',#5895,#455);
#232=LINE('',#5899,#456);
#233=LINE('',#5904,#457);
#234=LINE('',#5906,#458);
#235=LINE('',#5912,#459);
#236=LINE('',#5916,#460);
#237=LINE('',#5921,#461);
#238=LINE('',#5923,#462);
#239=LINE('',#5929,#463);
#240=LINE('',#5933,#464);
#241=LINE('',#5938,#465);
#242=LINE('',#5940,#466);
#243=LINE('',#5946,#467);
#244=LINE('',#5950,#468);
#245=LINE('',#5955,#469);
#246=LINE('',#5957,#470);
#247=LINE('',#5963,#471);
#248=LINE('',#5967,#472);
#249=LINE('',#5972,#473);
#250=LINE('',#5974,#474);
#251=LINE('',#5980,#475);
#252=LINE('',#5984,#476);
#253=LINE('',#5989,#477);
#254=LINE('',#5991,#478);
#255=LINE('',#5997,#479);
#256=LINE('',#6001,#480);
#257=LINE('',#6006,#481);
#258=LINE('',#6008,#482);
#259=LINE('',#6014,#483);
#260=LINE('',#6018,#484);
#261=LINE('',#6023,#485);
#262=LINE('',#6025,#486);
#263=LINE('',#6031,#487);
#264=LINE('',#6035,#488);
#265=LINE('',#6040,#489);
#266=LINE('',#6042,#490);
#267=LINE('',#6048,#491);
#268=LINE('',#6052,#492);
#269=LINE('',#6057,#493);
#270=LINE('',#6059,#494);
#271=LINE('',#6065,#495);
#272=LINE('',#6069,#496);
#273=LINE('',#6074,#497);
#274=LINE('',#6076,#498);
#275=LINE('',#6082,#499);
#276=LINE('',#6086,#500);
#277=LINE('',#6091,#501);
#278=LINE('',#6093,#502);
#279=LINE('',#6099,#503);
#280=LINE('',#6103,#504);
#281=LINE('',#6108,#505);
#282=LINE('',#6110,#506);
#283=LINE('',#6116,#507);
#284=LINE('',#6120,#508);
#285=LINE('',#6125,#509);
#286=LINE('',#6127,#510);
#287=LINE('',#6133,#511);
#288=LINE('',#6137,#512);
#289=LINE('',#6142,#513);
#290=LINE('',#6144,#514);
#291=LINE('',#6150,#515);
#292=LINE('',#6154,#516);
#293=LINE('',#6159,#517);
#294=LINE('',#6161,#518);
#295=LINE('',#6167,#519);
#296=LINE('',#6171,#520);
#297=LINE('',#6176,#521);
#298=LINE('',#6178,#522);
#299=LINE('',#6184,#523);
#300=LINE('',#6188,#524);
#301=LINE('',#6193,#525);
#302=LINE('',#6195,#526);
#303=LINE('',#6201,#527);
#304=LINE('',#6205,#528);
#305=LINE('',#6210,#529);
#306=LINE('',#6212,#530);
#307=LINE('',#6218,#531);
#308=LINE('',#6222,#532);
#309=LINE('',#6227,#533);
#310=LINE('',#6229,#534);
#311=LINE('',#6235,#535);
#312=LINE('',#6239,#536);
#313=LINE('',#6244,#537);
#314=LINE('',#6246,#538);
#315=LINE('',#6252,#539);
#316=LINE('',#6256,#540);
#317=LINE('',#6261,#541);
#318=LINE('',#6263,#542);
#319=LINE('',#6269,#543);
#320=LINE('',#6273,#544);
#321=LINE('',#6278,#545);
#322=LINE('',#6280,#546);
#323=LINE('',#6286,#547);
#324=LINE('',#6291,#548);
#325=LINE('',#6295,#549);
#326=LINE('',#6297,#550);
#327=LINE('',#6356,#551);
#328=LINE('',#6358,#552);
#329=LINE('',#6365,#553);
#330=LINE('',#6367,#554);
#331=LINE('',#6374,#555);
#332=LINE('',#6376,#556);
#333=LINE('',#6383,#557);
#334=LINE('',#6385,#558);
#335=LINE('',#6392,#559);
#336=LINE('',#6394,#560);
#337=LINE('',#6401,#561);
#338=LINE('',#6403,#562);
#339=LINE('',#6410,#563);
#340=LINE('',#6412,#564);
#341=LINE('',#6419,#565);
#342=LINE('',#6421,#566);
#343=LINE('',#6428,#567);
#344=LINE('',#6430,#568);
#345=LINE('',#6437,#569);
#346=LINE('',#6439,#570);
#347=LINE('',#6446,#571);
#348=LINE('',#6448,#572);
#349=LINE('',#6455,#573);
#350=LINE('',#6457,#574);
#351=LINE('',#6464,#575);
#352=LINE('',#6466,#576);
#353=LINE('',#6473,#577);
#354=LINE('',#6475,#578);
#355=LINE('',#6482,#579);
#356=LINE('',#6484,#580);
#357=LINE('',#6491,#581);
#358=LINE('',#6493,#582);
#359=LINE('',#6500,#583);
#360=LINE('',#6502,#584);
#361=LINE('',#6509,#585);
#362=LINE('',#6511,#586);
#363=LINE('',#6518,#587);
#364=LINE('',#6520,#588);
#365=LINE('',#6527,#589);
#366=LINE('',#6529,#590);
#367=LINE('',#6536,#591);
#368=LINE('',#6538,#592);
#369=LINE('',#6545,#593);
#370=LINE('',#6547,#594);
#371=LINE('',#6554,#595);
#372=LINE('',#6556,#596);
#373=LINE('',#6563,#597);
#374=LINE('',#6565,#598);
#375=LINE('',#6572,#599);
#376=LINE('',#6574,#600);
#377=LINE('',#6581,#601);
#378=LINE('',#6583,#602);
#379=LINE('',#6590,#603);
#380=LINE('',#6592,#604);
#381=LINE('',#6599,#605);
#382=VECTOR('',#4363,1.);
#383=VECTOR('',#4366,1.);
#384=VECTOR('',#4371,1.);
#385=VECTOR('',#4374,1.);
#386=VECTOR('',#4379,1.);
#387=VECTOR('',#4382,1.);
#388=VECTOR('',#4387,1.);
#389=VECTOR('',#4390,1.);
#390=VECTOR('',#4395,1.);
#391=VECTOR('',#4398,1.);
#392=VECTOR('',#4403,1.);
#393=VECTOR('',#4406,1.);
#394=VECTOR('',#4411,1.);
#395=VECTOR('',#4414,1.);
#396=VECTOR('',#4419,1.);
#397=VECTOR('',#4422,1.);
#398=VECTOR('',#4427,1.);
#399=VECTOR('',#4430,1.);
#400=VECTOR('',#4435,1.);
#401=VECTOR('',#4438,1.);
#402=VECTOR('',#4443,1.);
#403=VECTOR('',#4446,1.);
#404=VECTOR('',#4451,1.);
#405=VECTOR('',#4454,1.);
#406=VECTOR('',#4459,1.);
#407=VECTOR('',#4462,1.);
#408=VECTOR('',#4467,1.);
#409=VECTOR('',#4470,1.);
#410=VECTOR('',#4475,1.);
#411=VECTOR('',#4478,1.);
#412=VECTOR('',#4483,1.);
#413=VECTOR('',#4486,1.);
#414=VECTOR('',#4491,1.);
#415=VECTOR('',#4494,1.);
#416=VECTOR('',#4499,1.);
#417=VECTOR('',#4502,1.);
#418=VECTOR('',#4507,1.);
#419=VECTOR('',#4510,1.);
#420=VECTOR('',#4515,1.);
#421=VECTOR('',#4518,1.);
#422=VECTOR('',#4523,1.);
#423=VECTOR('',#4526,1.);
#424=VECTOR('',#4531,1.);
#425=VECTOR('',#4534,1.);
#426=VECTOR('',#4539,1.);
#427=VECTOR('',#4542,1.);
#428=VECTOR('',#4547,1.);
#429=VECTOR('',#4550,1.);
#430=VECTOR('',#4555,1.);
#431=VECTOR('',#4558,1.);
#432=VECTOR('',#4563,1.);
#433=VECTOR('',#4566,1.);
#434=VECTOR('',#4571,1.);
#435=VECTOR('',#4574,1.);
#436=VECTOR('',#4579,1.);
#437=VECTOR('',#4584,1.);
#438=VECTOR('',#4585,1.);
#439=VECTOR('',#4592,1.);
#440=VECTOR('',#4597,1.);
#441=VECTOR('',#4602,1.);
#442=VECTOR('',#4603,1.);
#443=VECTOR('',#4610,1.);
#444=VECTOR('',#4615,1.);
#445=VECTOR('',#4620,1.);
#446=VECTOR('',#4621,1.);
#447=VECTOR('',#4628,1.);
#448=VECTOR('',#4633,1.);
#449=VECTOR('',#4638,1.);
#450=VECTOR('',#4639,1.);
#451=VECTOR('',#4646,1.);
#452=VECTOR('',#4651,1.);
#453=VECTOR('',#4656,1.);
#454=VECTOR('',#4657,1.);
#455=VECTOR('',#4664,1.);
#456=VECTOR('',#4669,1.);
#457=VECTOR('',#4674,1.);
#458=VECTOR('',#4675,1.);
#459=VECTOR('',#4682,1.);
#460=VECTOR('',#4687,1.);
#461=VECTOR('',#4692,1.);
#462=VECTOR('',#4693,1.);
#463=VECTOR('',#4700,1.);
#464=VECTOR('',#4705,1.);
#465=VECTOR('',#4710,1.);
#466=VECTOR('',#4711,1.);
#467=VECTOR('',#4718,1.);
#468=VECTOR('',#4723,1.);
#469=VECTOR('',#4728,1.);
#470=VECTOR('',#4729,1.);
#471=VECTOR('',#4736,1.);
#472=VECTOR('',#4741,1.);
#473=VECTOR('',#4746,1.);
#474=VECTOR('',#4747,1.);
#475=VECTOR('',#4754,1.);
#476=VECTOR('',#4759,1.);
#477=VECTOR('',#4764,1.);
#478=VECTOR('',#4765,1.);
#479=VECTOR('',#4772,1.);
#480=VECTOR('',#4777,1.);
#481=VECTOR('',#4782,1.);
#482=VECTOR('',#4783,1.);
#483=VECTOR('',#4790,1.);
#484=VECTOR('',#4795,1.);
#485=VECTOR('',#4800,1.);
#486=VECTOR('',#4801,1.);
#487=VECTOR('',#4808,1.);
#488=VECTOR('',#4813,1.);
#489=VECTOR('',#4818,1.);
#490=VECTOR('',#4819,1.);
#491=VECTOR('',#4826,1.);
#492=VECTOR('',#4831,1.);
#493=VECTOR('',#4836,1.);
#494=VECTOR('',#4837,1.);
#495=VECTOR('',#4844,1.);
#496=VECTOR('',#4849,1.);
#497=VECTOR('',#4854,1.);
#498=VECTOR('',#4855,1.);
#499=VECTOR('',#4862,1.);
#500=VECTOR('',#4867,1.);
#501=VECTOR('',#4872,1.);
#502=VECTOR('',#4873,1.);
#503=VECTOR('',#4880,1.);
#504=VECTOR('',#4885,1.);
#505=VECTOR('',#4890,1.);
#506=VECTOR('',#4891,1.);
#507=VECTOR('',#4898,1.);
#508=VECTOR('',#4903,1.);
#509=VECTOR('',#4908,1.);
#510=VECTOR('',#4909,1.);
#511=VECTOR('',#4916,1.);
#512=VECTOR('',#4921,1.);
#513=VECTOR('',#4926,1.);
#514=VECTOR('',#4927,1.);
#515=VECTOR('',#4934,1.);
#516=VECTOR('',#4939,1.);
#517=VECTOR('',#4944,1.);
#518=VECTOR('',#4945,1.);
#519=VECTOR('',#4952,1.);
#520=VECTOR('',#4957,1.);
#521=VECTOR('',#4962,1.);
#522=VECTOR('',#4963,1.);
#523=VECTOR('',#4970,1.);
#524=VECTOR('',#4975,1.);
#525=VECTOR('',#4980,1.);
#526=VECTOR('',#4981,1.);
#527=VECTOR('',#4988,1.);
#528=VECTOR('',#4993,1.);
#529=VECTOR('',#4998,1.);
#530=VECTOR('',#4999,1.);
#531=VECTOR('',#5006,1.);
#532=VECTOR('',#5011,1.);
#533=VECTOR('',#5016,1.);
#534=VECTOR('',#5017,1.);
#535=VECTOR('',#5024,1.);
#536=VECTOR('',#5029,1.);
#537=VECTOR('',#5034,1.);
#538=VECTOR('',#5035,1.);
#539=VECTOR('',#5042,1.);
#540=VECTOR('',#5047,1.);
#541=VECTOR('',#5052,1.);
#542=VECTOR('',#5053,1.);
#543=VECTOR('',#5060,1.);
#544=VECTOR('',#5065,1.);
#545=VECTOR('',#5070,1.);
#546=VECTOR('',#5071,1.);
#547=VECTOR('',#5078,1.);
#548=VECTOR('',#5083,1.);
#549=VECTOR('',#5086,1.);
#550=VECTOR('',#5089,1.);
#551=VECTOR('',#5186,1.);
#552=VECTOR('',#5189,1.);
#553=VECTOR('',#5198,1.);
#554=VECTOR('',#5201,1.);
#555=VECTOR('',#5210,1.);
#556=VECTOR('',#5213,1.);
#557=VECTOR('',#5222,1.);
#558=VECTOR('',#5225,1.);
#559=VECTOR('',#5234,1.);
#560=VECTOR('',#5237,1.);
#561=VECTOR('',#5246,1.);
#562=VECTOR('',#5249,1.);
#563=VECTOR('',#5258,1.);
#564=VECTOR('',#5261,1.);
#565=VECTOR('',#5270,1.);
#566=VECTOR('',#5273,1.);
#567=VECTOR('',#5282,1.);
#568=VECTOR('',#5285,1.);
#569=VECTOR('',#5294,1.);
#570=VECTOR('',#5297,1.);
#571=VECTOR('',#5306,1.);
#572=VECTOR('',#5309,1.);
#573=VECTOR('',#5318,1.);
#574=VECTOR('',#5321,1.);
#575=VECTOR('',#5330,1.);
#576=VECTOR('',#5333,1.);
#577=VECTOR('',#5342,1.);
#578=VECTOR('',#5345,1.);
#579=VECTOR('',#5354,1.);
#580=VECTOR('',#5357,1.);
#581=VECTOR('',#5366,1.);
#582=VECTOR('',#5369,1.);
#583=VECTOR('',#5378,1.);
#584=VECTOR('',#5381,1.);
#585=VECTOR('',#5390,1.);
#586=VECTOR('',#5393,1.);
#587=VECTOR('',#5402,1.);
#588=VECTOR('',#5405,1.);
#589=VECTOR('',#5414,1.);
#590=VECTOR('',#5417,1.);
#591=VECTOR('',#5426,1.);
#592=VECTOR('',#5429,1.);
#593=VECTOR('',#5438,1.);
#594=VECTOR('',#5441,1.);
#595=VECTOR('',#5450,1.);
#596=VECTOR('',#5453,1.);
#597=VECTOR('',#5462,1.);
#598=VECTOR('',#5465,1.);
#599=VECTOR('',#5474,1.);
#600=VECTOR('',#5477,1.);
#601=VECTOR('',#5486,1.);
#602=VECTOR('',#5489,1.);
#603=VECTOR('',#5498,1.);
#604=VECTOR('',#5501,1.);
#605=VECTOR('',#5510,1.);
#606=ORIENTED_EDGE('',*,*,#1518,.F.);
#607=ORIENTED_EDGE('',*,*,#1519,.T.);
#608=ORIENTED_EDGE('',*,*,#1520,.T.);
#609=ORIENTED_EDGE('',*,*,#1521,.F.);
#610=ORIENTED_EDGE('',*,*,#1522,.F.);
#611=ORIENTED_EDGE('',*,*,#1523,.T.);
#612=ORIENTED_EDGE('',*,*,#1524,.T.);
#613=ORIENTED_EDGE('',*,*,#1525,.F.);
#614=ORIENTED_EDGE('',*,*,#1526,.F.);
#615=ORIENTED_EDGE('',*,*,#1527,.T.);
#616=ORIENTED_EDGE('',*,*,#1528,.T.);
#617=ORIENTED_EDGE('',*,*,#1529,.F.);
#618=ORIENTED_EDGE('',*,*,#1530,.F.);
#619=ORIENTED_EDGE('',*,*,#1531,.T.);
#620=ORIENTED_EDGE('',*,*,#1532,.T.);
#621=ORIENTED_EDGE('',*,*,#1533,.F.);
#622=ORIENTED_EDGE('',*,*,#1534,.F.);
#623=ORIENTED_EDGE('',*,*,#1535,.T.);
#624=ORIENTED_EDGE('',*,*,#1536,.T.);
#625=ORIENTED_EDGE('',*,*,#1537,.F.);
#626=ORIENTED_EDGE('',*,*,#1538,.F.);
#627=ORIENTED_EDGE('',*,*,#1539,.T.);
#628=ORIENTED_EDGE('',*,*,#1540,.T.);
#629=ORIENTED_EDGE('',*,*,#1541,.F.);
#630=ORIENTED_EDGE('',*,*,#1542,.F.);
#631=ORIENTED_EDGE('',*,*,#1543,.T.);
#632=ORIENTED_EDGE('',*,*,#1544,.T.);
#633=ORIENTED_EDGE('',*,*,#1545,.F.);
#634=ORIENTED_EDGE('',*,*,#1546,.F.);
#635=ORIENTED_EDGE('',*,*,#1547,.T.);
#636=ORIENTED_EDGE('',*,*,#1548,.T.);
#637=ORIENTED_EDGE('',*,*,#1549,.F.);
#638=ORIENTED_EDGE('',*,*,#1550,.F.);
#639=ORIENTED_EDGE('',*,*,#1551,.T.);
#640=ORIENTED_EDGE('',*,*,#1552,.T.);
#641=ORIENTED_EDGE('',*,*,#1553,.F.);
#642=ORIENTED_EDGE('',*,*,#1554,.F.);
#643=ORIENTED_EDGE('',*,*,#1555,.T.);
#644=ORIENTED_EDGE('',*,*,#1556,.T.);
#645=ORIENTED_EDGE('',*,*,#1557,.F.);
#646=ORIENTED_EDGE('',*,*,#1558,.F.);
#647=ORIENTED_EDGE('',*,*,#1559,.T.);
#648=ORIENTED_EDGE('',*,*,#1560,.T.);
#649=ORIENTED_EDGE('',*,*,#1561,.F.);
#650=ORIENTED_EDGE('',*,*,#1562,.F.);
#651=ORIENTED_EDGE('',*,*,#1563,.T.);
#652=ORIENTED_EDGE('',*,*,#1564,.T.);
#653=ORIENTED_EDGE('',*,*,#1565,.F.);
#654=ORIENTED_EDGE('',*,*,#1566,.F.);
#655=ORIENTED_EDGE('',*,*,#1567,.T.);
#656=ORIENTED_EDGE('',*,*,#1568,.T.);
#657=ORIENTED_EDGE('',*,*,#1569,.F.);
#658=ORIENTED_EDGE('',*,*,#1570,.F.);
#659=ORIENTED_EDGE('',*,*,#1571,.T.);
#660=ORIENTED_EDGE('',*,*,#1572,.T.);
#661=ORIENTED_EDGE('',*,*,#1573,.F.);
#662=ORIENTED_EDGE('',*,*,#1574,.F.);
#663=ORIENTED_EDGE('',*,*,#1575,.T.);
#664=ORIENTED_EDGE('',*,*,#1576,.T.);
#665=ORIENTED_EDGE('',*,*,#1577,.F.);
#666=ORIENTED_EDGE('',*,*,#1578,.F.);
#667=ORIENTED_EDGE('',*,*,#1579,.T.);
#668=ORIENTED_EDGE('',*,*,#1580,.T.);
#669=ORIENTED_EDGE('',*,*,#1581,.F.);
#670=ORIENTED_EDGE('',*,*,#1582,.F.);
#671=ORIENTED_EDGE('',*,*,#1583,.T.);
#672=ORIENTED_EDGE('',*,*,#1584,.T.);
#673=ORIENTED_EDGE('',*,*,#1585,.F.);
#674=ORIENTED_EDGE('',*,*,#1586,.F.);
#675=ORIENTED_EDGE('',*,*,#1587,.T.);
#676=ORIENTED_EDGE('',*,*,#1588,.T.);
#677=ORIENTED_EDGE('',*,*,#1589,.F.);
#678=ORIENTED_EDGE('',*,*,#1590,.F.);
#679=ORIENTED_EDGE('',*,*,#1591,.T.);
#680=ORIENTED_EDGE('',*,*,#1592,.T.);
#681=ORIENTED_EDGE('',*,*,#1593,.F.);
#682=ORIENTED_EDGE('',*,*,#1594,.F.);
#683=ORIENTED_EDGE('',*,*,#1595,.T.);
#684=ORIENTED_EDGE('',*,*,#1596,.T.);
#685=ORIENTED_EDGE('',*,*,#1597,.F.);
#686=ORIENTED_EDGE('',*,*,#1598,.F.);
#687=ORIENTED_EDGE('',*,*,#1599,.T.);
#688=ORIENTED_EDGE('',*,*,#1600,.T.);
#689=ORIENTED_EDGE('',*,*,#1601,.F.);
#690=ORIENTED_EDGE('',*,*,#1602,.F.);
#691=ORIENTED_EDGE('',*,*,#1603,.T.);
#692=ORIENTED_EDGE('',*,*,#1604,.T.);
#693=ORIENTED_EDGE('',*,*,#1605,.F.);
#694=ORIENTED_EDGE('',*,*,#1606,.F.);
#695=ORIENTED_EDGE('',*,*,#1607,.T.);
#696=ORIENTED_EDGE('',*,*,#1608,.T.);
#697=ORIENTED_EDGE('',*,*,#1609,.F.);
#698=ORIENTED_EDGE('',*,*,#1610,.F.);
#699=ORIENTED_EDGE('',*,*,#1611,.T.);
#700=ORIENTED_EDGE('',*,*,#1612,.T.);
#701=ORIENTED_EDGE('',*,*,#1613,.F.);
#702=ORIENTED_EDGE('',*,*,#1614,.F.);
#703=ORIENTED_EDGE('',*,*,#1615,.T.);
#704=ORIENTED_EDGE('',*,*,#1616,.T.);
#705=ORIENTED_EDGE('',*,*,#1617,.F.);
#706=ORIENTED_EDGE('',*,*,#1618,.F.);
#707=ORIENTED_EDGE('',*,*,#1619,.T.);
#708=ORIENTED_EDGE('',*,*,#1620,.T.);
#709=ORIENTED_EDGE('',*,*,#1621,.F.);
#710=ORIENTED_EDGE('',*,*,#1622,.F.);
#711=ORIENTED_EDGE('',*,*,#1623,.T.);
#712=ORIENTED_EDGE('',*,*,#1624,.T.);
#713=ORIENTED_EDGE('',*,*,#1625,.F.);
#714=ORIENTED_EDGE('',*,*,#1626,.T.);
#715=ORIENTED_EDGE('',*,*,#1627,.F.);
#716=ORIENTED_EDGE('',*,*,#1628,.F.);
#717=ORIENTED_EDGE('',*,*,#1629,.F.);
#718=ORIENTED_EDGE('',*,*,#1628,.T.);
#719=ORIENTED_EDGE('',*,*,#1630,.F.);
#720=ORIENTED_EDGE('',*,*,#1631,.F.);
#721=ORIENTED_EDGE('',*,*,#1632,.F.);
#722=ORIENTED_EDGE('',*,*,#1633,.F.);
#723=ORIENTED_EDGE('',*,*,#1631,.T.);
#724=ORIENTED_EDGE('',*,*,#1634,.T.);
#725=ORIENTED_EDGE('',*,*,#1635,.F.);
#726=ORIENTED_EDGE('',*,*,#1636,.F.);
#727=ORIENTED_EDGE('',*,*,#1637,.F.);
#728=ORIENTED_EDGE('',*,*,#1636,.T.);
#729=ORIENTED_EDGE('',*,*,#1638,.F.);
#730=ORIENTED_EDGE('',*,*,#1639,.F.);
#731=ORIENTED_EDGE('',*,*,#1640,.F.);
#732=ORIENTED_EDGE('',*,*,#1641,.F.);
#733=ORIENTED_EDGE('',*,*,#1639,.T.);
#734=ORIENTED_EDGE('',*,*,#1642,.T.);
#735=ORIENTED_EDGE('',*,*,#1643,.F.);
#736=ORIENTED_EDGE('',*,*,#1644,.F.);
#737=ORIENTED_EDGE('',*,*,#1645,.F.);
#738=ORIENTED_EDGE('',*,*,#1644,.T.);
#739=ORIENTED_EDGE('',*,*,#1646,.F.);
#740=ORIENTED_EDGE('',*,*,#1647,.F.);
#741=ORIENTED_EDGE('',*,*,#1648,.F.);
#742=ORIENTED_EDGE('',*,*,#1649,.F.);
#743=ORIENTED_EDGE('',*,*,#1647,.T.);
#744=ORIENTED_EDGE('',*,*,#1650,.T.);
#745=ORIENTED_EDGE('',*,*,#1651,.F.);
#746=ORIENTED_EDGE('',*,*,#1652,.F.);
#747=ORIENTED_EDGE('',*,*,#1653,.F.);
#748=ORIENTED_EDGE('',*,*,#1652,.T.);
#749=ORIENTED_EDGE('',*,*,#1654,.F.);
#750=ORIENTED_EDGE('',*,*,#1655,.F.);
#751=ORIENTED_EDGE('',*,*,#1656,.F.);
#752=ORIENTED_EDGE('',*,*,#1657,.F.);
#753=ORIENTED_EDGE('',*,*,#1655,.T.);
#754=ORIENTED_EDGE('',*,*,#1658,.T.);
#755=ORIENTED_EDGE('',*,*,#1659,.F.);
#756=ORIENTED_EDGE('',*,*,#1660,.F.);
#757=ORIENTED_EDGE('',*,*,#1661,.F.);
#758=ORIENTED_EDGE('',*,*,#1660,.T.);
#759=ORIENTED_EDGE('',*,*,#1662,.F.);
#760=ORIENTED_EDGE('',*,*,#1663,.F.);
#761=ORIENTED_EDGE('',*,*,#1664,.F.);
#762=ORIENTED_EDGE('',*,*,#1665,.F.);
#763=ORIENTED_EDGE('',*,*,#1663,.T.);
#764=ORIENTED_EDGE('',*,*,#1666,.T.);
#765=ORIENTED_EDGE('',*,*,#1667,.F.);
#766=ORIENTED_EDGE('',*,*,#1668,.F.);
#767=ORIENTED_EDGE('',*,*,#1669,.F.);
#768=ORIENTED_EDGE('',*,*,#1668,.T.);
#769=ORIENTED_EDGE('',*,*,#1670,.F.);
#770=ORIENTED_EDGE('',*,*,#1671,.F.);
#771=ORIENTED_EDGE('',*,*,#1672,.F.);
#772=ORIENTED_EDGE('',*,*,#1673,.F.);
#773=ORIENTED_EDGE('',*,*,#1671,.T.);
#774=ORIENTED_EDGE('',*,*,#1674,.T.);
#775=ORIENTED_EDGE('',*,*,#1675,.F.);
#776=ORIENTED_EDGE('',*,*,#1676,.F.);
#777=ORIENTED_EDGE('',*,*,#1677,.F.);
#778=ORIENTED_EDGE('',*,*,#1676,.T.);
#779=ORIENTED_EDGE('',*,*,#1678,.F.);
#780=ORIENTED_EDGE('',*,*,#1679,.F.);
#781=ORIENTED_EDGE('',*,*,#1680,.F.);
#782=ORIENTED_EDGE('',*,*,#1681,.F.);
#783=ORIENTED_EDGE('',*,*,#1679,.T.);
#784=ORIENTED_EDGE('',*,*,#1682,.T.);
#785=ORIENTED_EDGE('',*,*,#1683,.F.);
#786=ORIENTED_EDGE('',*,*,#1684,.F.);
#787=ORIENTED_EDGE('',*,*,#1685,.F.);
#788=ORIENTED_EDGE('',*,*,#1684,.T.);
#789=ORIENTED_EDGE('',*,*,#1686,.F.);
#790=ORIENTED_EDGE('',*,*,#1687,.F.);
#791=ORIENTED_EDGE('',*,*,#1688,.F.);
#792=ORIENTED_EDGE('',*,*,#1689,.F.);
#793=ORIENTED_EDGE('',*,*,#1687,.T.);
#794=ORIENTED_EDGE('',*,*,#1690,.T.);
#795=ORIENTED_EDGE('',*,*,#1691,.F.);
#796=ORIENTED_EDGE('',*,*,#1692,.F.);
#797=ORIENTED_EDGE('',*,*,#1693,.F.);
#798=ORIENTED_EDGE('',*,*,#1692,.T.);
#799=ORIENTED_EDGE('',*,*,#1694,.F.);
#800=ORIENTED_EDGE('',*,*,#1695,.F.);
#801=ORIENTED_EDGE('',*,*,#1696,.F.);
#802=ORIENTED_EDGE('',*,*,#1697,.F.);
#803=ORIENTED_EDGE('',*,*,#1695,.T.);
#804=ORIENTED_EDGE('',*,*,#1698,.T.);
#805=ORIENTED_EDGE('',*,*,#1699,.F.);
#806=ORIENTED_EDGE('',*,*,#1700,.F.);
#807=ORIENTED_EDGE('',*,*,#1701,.F.);
#808=ORIENTED_EDGE('',*,*,#1700,.T.);
#809=ORIENTED_EDGE('',*,*,#1702,.F.);
#810=ORIENTED_EDGE('',*,*,#1703,.F.);
#811=ORIENTED_EDGE('',*,*,#1704,.F.);
#812=ORIENTED_EDGE('',*,*,#1705,.F.);
#813=ORIENTED_EDGE('',*,*,#1703,.T.);
#814=ORIENTED_EDGE('',*,*,#1706,.T.);
#815=ORIENTED_EDGE('',*,*,#1707,.F.);
#816=ORIENTED_EDGE('',*,*,#1708,.F.);
#817=ORIENTED_EDGE('',*,*,#1709,.F.);
#818=ORIENTED_EDGE('',*,*,#1708,.T.);
#819=ORIENTED_EDGE('',*,*,#1710,.F.);
#820=ORIENTED_EDGE('',*,*,#1711,.F.);
#821=ORIENTED_EDGE('',*,*,#1712,.F.);
#822=ORIENTED_EDGE('',*,*,#1713,.F.);
#823=ORIENTED_EDGE('',*,*,#1711,.T.);
#824=ORIENTED_EDGE('',*,*,#1714,.T.);
#825=ORIENTED_EDGE('',*,*,#1715,.F.);
#826=ORIENTED_EDGE('',*,*,#1716,.F.);
#827=ORIENTED_EDGE('',*,*,#1717,.F.);
#828=ORIENTED_EDGE('',*,*,#1716,.T.);
#829=ORIENTED_EDGE('',*,*,#1718,.F.);
#830=ORIENTED_EDGE('',*,*,#1719,.F.);
#831=ORIENTED_EDGE('',*,*,#1720,.F.);
#832=ORIENTED_EDGE('',*,*,#1721,.F.);
#833=ORIENTED_EDGE('',*,*,#1719,.T.);
#834=ORIENTED_EDGE('',*,*,#1722,.T.);
#835=ORIENTED_EDGE('',*,*,#1723,.F.);
#836=ORIENTED_EDGE('',*,*,#1724,.F.);
#837=ORIENTED_EDGE('',*,*,#1725,.F.);
#838=ORIENTED_EDGE('',*,*,#1724,.T.);
#839=ORIENTED_EDGE('',*,*,#1726,.F.);
#840=ORIENTED_EDGE('',*,*,#1727,.F.);
#841=ORIENTED_EDGE('',*,*,#1728,.F.);
#842=ORIENTED_EDGE('',*,*,#1729,.F.);
#843=ORIENTED_EDGE('',*,*,#1727,.T.);
#844=ORIENTED_EDGE('',*,*,#1730,.T.);
#845=ORIENTED_EDGE('',*,*,#1731,.F.);
#846=ORIENTED_EDGE('',*,*,#1732,.F.);
#847=ORIENTED_EDGE('',*,*,#1733,.F.);
#848=ORIENTED_EDGE('',*,*,#1732,.T.);
#849=ORIENTED_EDGE('',*,*,#1734,.F.);
#850=ORIENTED_EDGE('',*,*,#1735,.F.);
#851=ORIENTED_EDGE('',*,*,#1736,.F.);
#852=ORIENTED_EDGE('',*,*,#1737,.F.);
#853=ORIENTED_EDGE('',*,*,#1735,.T.);
#854=ORIENTED_EDGE('',*,*,#1738,.T.);
#855=ORIENTED_EDGE('',*,*,#1739,.F.);
#856=ORIENTED_EDGE('',*,*,#1740,.F.);
#857=ORIENTED_EDGE('',*,*,#1741,.F.);
#858=ORIENTED_EDGE('',*,*,#1740,.T.);
#859=ORIENTED_EDGE('',*,*,#1742,.F.);
#860=ORIENTED_EDGE('',*,*,#1743,.F.);
#861=ORIENTED_EDGE('',*,*,#1744,.F.);
#862=ORIENTED_EDGE('',*,*,#1745,.F.);
#863=ORIENTED_EDGE('',*,*,#1743,.T.);
#864=ORIENTED_EDGE('',*,*,#1746,.T.);
#865=ORIENTED_EDGE('',*,*,#1747,.F.);
#866=ORIENTED_EDGE('',*,*,#1748,.F.);
#867=ORIENTED_EDGE('',*,*,#1749,.F.);
#868=ORIENTED_EDGE('',*,*,#1748,.T.);
#869=ORIENTED_EDGE('',*,*,#1750,.F.);
#870=ORIENTED_EDGE('',*,*,#1751,.F.);
#871=ORIENTED_EDGE('',*,*,#1752,.F.);
#872=ORIENTED_EDGE('',*,*,#1753,.F.);
#873=ORIENTED_EDGE('',*,*,#1751,.T.);
#874=ORIENTED_EDGE('',*,*,#1754,.T.);
#875=ORIENTED_EDGE('',*,*,#1755,.F.);
#876=ORIENTED_EDGE('',*,*,#1756,.F.);
#877=ORIENTED_EDGE('',*,*,#1757,.F.);
#878=ORIENTED_EDGE('',*,*,#1756,.T.);
#879=ORIENTED_EDGE('',*,*,#1758,.F.);
#880=ORIENTED_EDGE('',*,*,#1759,.F.);
#881=ORIENTED_EDGE('',*,*,#1760,.F.);
#882=ORIENTED_EDGE('',*,*,#1761,.F.);
#883=ORIENTED_EDGE('',*,*,#1759,.T.);
#884=ORIENTED_EDGE('',*,*,#1762,.T.);
#885=ORIENTED_EDGE('',*,*,#1763,.F.);
#886=ORIENTED_EDGE('',*,*,#1764,.F.);
#887=ORIENTED_EDGE('',*,*,#1765,.F.);
#888=ORIENTED_EDGE('',*,*,#1764,.T.);
#889=ORIENTED_EDGE('',*,*,#1766,.F.);
#890=ORIENTED_EDGE('',*,*,#1767,.F.);
#891=ORIENTED_EDGE('',*,*,#1768,.F.);
#892=ORIENTED_EDGE('',*,*,#1769,.F.);
#893=ORIENTED_EDGE('',*,*,#1767,.T.);
#894=ORIENTED_EDGE('',*,*,#1770,.T.);
#895=ORIENTED_EDGE('',*,*,#1771,.F.);
#896=ORIENTED_EDGE('',*,*,#1772,.F.);
#897=ORIENTED_EDGE('',*,*,#1773,.F.);
#898=ORIENTED_EDGE('',*,*,#1772,.T.);
#899=ORIENTED_EDGE('',*,*,#1774,.F.);
#900=ORIENTED_EDGE('',*,*,#1775,.F.);
#901=ORIENTED_EDGE('',*,*,#1776,.F.);
#902=ORIENTED_EDGE('',*,*,#1777,.F.);
#903=ORIENTED_EDGE('',*,*,#1775,.T.);
#904=ORIENTED_EDGE('',*,*,#1778,.T.);
#905=ORIENTED_EDGE('',*,*,#1779,.F.);
#906=ORIENTED_EDGE('',*,*,#1780,.F.);
#907=ORIENTED_EDGE('',*,*,#1781,.F.);
#908=ORIENTED_EDGE('',*,*,#1780,.T.);
#909=ORIENTED_EDGE('',*,*,#1782,.F.);
#910=ORIENTED_EDGE('',*,*,#1783,.F.);
#911=ORIENTED_EDGE('',*,*,#1784,.F.);
#912=ORIENTED_EDGE('',*,*,#1785,.F.);
#913=ORIENTED_EDGE('',*,*,#1783,.T.);
#914=ORIENTED_EDGE('',*,*,#1786,.T.);
#915=ORIENTED_EDGE('',*,*,#1787,.F.);
#916=ORIENTED_EDGE('',*,*,#1788,.F.);
#917=ORIENTED_EDGE('',*,*,#1789,.F.);
#918=ORIENTED_EDGE('',*,*,#1788,.T.);
#919=ORIENTED_EDGE('',*,*,#1790,.F.);
#920=ORIENTED_EDGE('',*,*,#1791,.F.);
#921=ORIENTED_EDGE('',*,*,#1792,.F.);
#922=ORIENTED_EDGE('',*,*,#1793,.F.);
#923=ORIENTED_EDGE('',*,*,#1791,.T.);
#924=ORIENTED_EDGE('',*,*,#1794,.T.);
#925=ORIENTED_EDGE('',*,*,#1795,.F.);
#926=ORIENTED_EDGE('',*,*,#1796,.F.);
#927=ORIENTED_EDGE('',*,*,#1797,.F.);
#928=ORIENTED_EDGE('',*,*,#1796,.T.);
#929=ORIENTED_EDGE('',*,*,#1798,.F.);
#930=ORIENTED_EDGE('',*,*,#1799,.F.);
#931=ORIENTED_EDGE('',*,*,#1800,.F.);
#932=ORIENTED_EDGE('',*,*,#1801,.F.);
#933=ORIENTED_EDGE('',*,*,#1799,.T.);
#934=ORIENTED_EDGE('',*,*,#1802,.T.);
#935=ORIENTED_EDGE('',*,*,#1803,.F.);
#936=ORIENTED_EDGE('',*,*,#1804,.F.);
#937=ORIENTED_EDGE('',*,*,#1805,.F.);
#938=ORIENTED_EDGE('',*,*,#1804,.T.);
#939=ORIENTED_EDGE('',*,*,#1806,.F.);
#940=ORIENTED_EDGE('',*,*,#1807,.F.);
#941=ORIENTED_EDGE('',*,*,#1808,.F.);
#942=ORIENTED_EDGE('',*,*,#1809,.F.);
#943=ORIENTED_EDGE('',*,*,#1807,.T.);
#944=ORIENTED_EDGE('',*,*,#1810,.T.);
#945=ORIENTED_EDGE('',*,*,#1811,.F.);
#946=ORIENTED_EDGE('',*,*,#1812,.F.);
#947=ORIENTED_EDGE('',*,*,#1813,.F.);
#948=ORIENTED_EDGE('',*,*,#1812,.T.);
#949=ORIENTED_EDGE('',*,*,#1814,.F.);
#950=ORIENTED_EDGE('',*,*,#1815,.F.);
#951=ORIENTED_EDGE('',*,*,#1816,.F.);
#952=ORIENTED_EDGE('',*,*,#1817,.F.);
#953=ORIENTED_EDGE('',*,*,#1815,.T.);
#954=ORIENTED_EDGE('',*,*,#1818,.T.);
#955=ORIENTED_EDGE('',*,*,#1819,.F.);
#956=ORIENTED_EDGE('',*,*,#1820,.F.);
#957=ORIENTED_EDGE('',*,*,#1821,.F.);
#958=ORIENTED_EDGE('',*,*,#1820,.T.);
#959=ORIENTED_EDGE('',*,*,#1822,.F.);
#960=ORIENTED_EDGE('',*,*,#1823,.F.);
#961=ORIENTED_EDGE('',*,*,#1824,.F.);
#962=ORIENTED_EDGE('',*,*,#1825,.F.);
#963=ORIENTED_EDGE('',*,*,#1823,.T.);
#964=ORIENTED_EDGE('',*,*,#1826,.T.);
#965=ORIENTED_EDGE('',*,*,#1827,.F.);
#966=ORIENTED_EDGE('',*,*,#1828,.F.);
#967=ORIENTED_EDGE('',*,*,#1829,.F.);
#968=ORIENTED_EDGE('',*,*,#1828,.T.);
#969=ORIENTED_EDGE('',*,*,#1830,.F.);
#970=ORIENTED_EDGE('',*,*,#1831,.F.);
#971=ORIENTED_EDGE('',*,*,#1832,.F.);
#972=ORIENTED_EDGE('',*,*,#1833,.F.);
#973=ORIENTED_EDGE('',*,*,#1831,.T.);
#974=ORIENTED_EDGE('',*,*,#1834,.T.);
#975=ORIENTED_EDGE('',*,*,#1835,.F.);
#976=ORIENTED_EDGE('',*,*,#1836,.F.);
#977=ORIENTED_EDGE('',*,*,#1837,.F.);
#978=ORIENTED_EDGE('',*,*,#1836,.T.);
#979=ORIENTED_EDGE('',*,*,#1838,.F.);
#980=ORIENTED_EDGE('',*,*,#1839,.F.);
#981=ORIENTED_EDGE('',*,*,#1840,.F.);
#982=ORIENTED_EDGE('',*,*,#1841,.F.);
#983=ORIENTED_EDGE('',*,*,#1839,.T.);
#984=ORIENTED_EDGE('',*,*,#1842,.T.);
#985=ORIENTED_EDGE('',*,*,#1843,.F.);
#986=ORIENTED_EDGE('',*,*,#1844,.F.);
#987=ORIENTED_EDGE('',*,*,#1845,.F.);
#988=ORIENTED_EDGE('',*,*,#1844,.T.);
#989=ORIENTED_EDGE('',*,*,#1846,.F.);
#990=ORIENTED_EDGE('',*,*,#1847,.F.);
#991=ORIENTED_EDGE('',*,*,#1848,.F.);
#992=ORIENTED_EDGE('',*,*,#1849,.F.);
#993=ORIENTED_EDGE('',*,*,#1847,.T.);
#994=ORIENTED_EDGE('',*,*,#1850,.F.);
#995=ORIENTED_EDGE('',*,*,#1851,.T.);
#996=ORIENTED_EDGE('',*,*,#1852,.T.);
#997=ORIENTED_EDGE('',*,*,#1853,.F.);
#998=ORIENTED_EDGE('',*,*,#1518,.T.);
#999=ORIENTED_EDGE('',*,*,#1854,.T.);
#1000=ORIENTED_EDGE('',*,*,#1855,.F.);
#1001=ORIENTED_EDGE('',*,*,#1855,.T.);
#1002=ORIENTED_EDGE('',*,*,#1856,.F.);
#1003=ORIENTED_EDGE('',*,*,#1856,.T.);
#1004=ORIENTED_EDGE('',*,*,#1857,.F.);
#1005=ORIENTED_EDGE('',*,*,#1857,.T.);
#1006=ORIENTED_EDGE('',*,*,#1858,.F.);
#1007=ORIENTED_EDGE('',*,*,#1859,.F.);
#1008=ORIENTED_EDGE('',*,*,#1858,.T.);
#1009=ORIENTED_EDGE('',*,*,#1626,.F.);
#1010=ORIENTED_EDGE('',*,*,#1859,.T.);
#1011=ORIENTED_EDGE('',*,*,#1634,.F.);
#1012=ORIENTED_EDGE('',*,*,#1632,.T.);
#1013=ORIENTED_EDGE('',*,*,#1642,.F.);
#1014=ORIENTED_EDGE('',*,*,#1640,.T.);
#1015=ORIENTED_EDGE('',*,*,#1650,.F.);
#1016=ORIENTED_EDGE('',*,*,#1648,.T.);
#1017=ORIENTED_EDGE('',*,*,#1658,.F.);
#1018=ORIENTED_EDGE('',*,*,#1656,.T.);
#1019=ORIENTED_EDGE('',*,*,#1666,.F.);
#1020=ORIENTED_EDGE('',*,*,#1664,.T.);
#1021=ORIENTED_EDGE('',*,*,#1674,.F.);
#1022=ORIENTED_EDGE('',*,*,#1672,.T.);
#1023=ORIENTED_EDGE('',*,*,#1682,.F.);
#1024=ORIENTED_EDGE('',*,*,#1680,.T.);
#1025=ORIENTED_EDGE('',*,*,#1690,.F.);
#1026=ORIENTED_EDGE('',*,*,#1688,.T.);
#1027=ORIENTED_EDGE('',*,*,#1698,.F.);
#1028=ORIENTED_EDGE('',*,*,#1696,.T.);
#1029=ORIENTED_EDGE('',*,*,#1706,.F.);
#1030=ORIENTED_EDGE('',*,*,#1704,.T.);
#1031=ORIENTED_EDGE('',*,*,#1714,.F.);
#1032=ORIENTED_EDGE('',*,*,#1712,.T.);
#1033=ORIENTED_EDGE('',*,*,#1722,.F.);
#1034=ORIENTED_EDGE('',*,*,#1720,.T.);
#1035=ORIENTED_EDGE('',*,*,#1730,.F.);
#1036=ORIENTED_EDGE('',*,*,#1728,.T.);
#1037=ORIENTED_EDGE('',*,*,#1738,.F.);
#1038=ORIENTED_EDGE('',*,*,#1736,.T.);
#1039=ORIENTED_EDGE('',*,*,#1746,.F.);
#1040=ORIENTED_EDGE('',*,*,#1744,.T.);
#1041=ORIENTED_EDGE('',*,*,#1754,.F.);
#1042=ORIENTED_EDGE('',*,*,#1752,.T.);
#1043=ORIENTED_EDGE('',*,*,#1762,.F.);
#1044=ORIENTED_EDGE('',*,*,#1760,.T.);
#1045=ORIENTED_EDGE('',*,*,#1770,.F.);
#1046=ORIENTED_EDGE('',*,*,#1768,.T.);
#1047=ORIENTED_EDGE('',*,*,#1778,.F.);
#1048=ORIENTED_EDGE('',*,*,#1776,.T.);
#1049=ORIENTED_EDGE('',*,*,#1786,.F.);
#1050=ORIENTED_EDGE('',*,*,#1784,.T.);
#1051=ORIENTED_EDGE('',*,*,#1794,.F.);
#1052=ORIENTED_EDGE('',*,*,#1792,.T.);
#1053=ORIENTED_EDGE('',*,*,#1802,.F.);
#1054=ORIENTED_EDGE('',*,*,#1800,.T.);
#1055=ORIENTED_EDGE('',*,*,#1810,.F.);
#1056=ORIENTED_EDGE('',*,*,#1808,.T.);
#1057=ORIENTED_EDGE('',*,*,#1818,.F.);
#1058=ORIENTED_EDGE('',*,*,#1816,.T.);
#1059=ORIENTED_EDGE('',*,*,#1826,.F.);
#1060=ORIENTED_EDGE('',*,*,#1824,.T.);
#1061=ORIENTED_EDGE('',*,*,#1834,.F.);
#1062=ORIENTED_EDGE('',*,*,#1832,.T.);
#1063=ORIENTED_EDGE('',*,*,#1842,.F.);
#1064=ORIENTED_EDGE('',*,*,#1840,.T.);
#1065=ORIENTED_EDGE('',*,*,#1848,.T.);
#1066=ORIENTED_EDGE('',*,*,#1860,.F.);
#1067=ORIENTED_EDGE('',*,*,#1860,.T.);
#1068=ORIENTED_EDGE('',*,*,#1861,.F.);
#1069=ORIENTED_EDGE('',*,*,#1862,.F.);
#1070=ORIENTED_EDGE('',*,*,#1861,.T.);
#1071=ORIENTED_EDGE('',*,*,#1863,.F.);
#1072=ORIENTED_EDGE('',*,*,#1862,.T.);
#1073=ORIENTED_EDGE('',*,*,#1863,.T.);
#1074=ORIENTED_EDGE('',*,*,#1864,.F.);
#1075=ORIENTED_EDGE('',*,*,#1864,.T.);
#1076=ORIENTED_EDGE('',*,*,#1852,.F.);
#1077=ORIENTED_EDGE('',*,*,#1865,.T.);
#1078=ORIENTED_EDGE('',*,*,#1850,.T.);
#1079=ORIENTED_EDGE('',*,*,#1866,.T.);
#1080=ORIENTED_EDGE('',*,*,#1867,.F.);
#1081=ORIENTED_EDGE('',*,*,#1867,.T.);
#1082=ORIENTED_EDGE('',*,*,#1868,.F.);
#1083=ORIENTED_EDGE('',*,*,#1868,.T.);
#1084=ORIENTED_EDGE('',*,*,#1524,.F.);
#1085=ORIENTED_EDGE('',*,*,#1869,.T.);
#1086=ORIENTED_EDGE('',*,*,#1522,.T.);
#1087=ORIENTED_EDGE('',*,*,#1870,.T.);
#1088=ORIENTED_EDGE('',*,*,#1871,.F.);
#1089=ORIENTED_EDGE('',*,*,#1871,.T.);
#1090=ORIENTED_EDGE('',*,*,#1872,.F.);
#1091=ORIENTED_EDGE('',*,*,#1872,.T.);
#1092=ORIENTED_EDGE('',*,*,#1528,.F.);
#1093=ORIENTED_EDGE('',*,*,#1873,.T.);
#1094=ORIENTED_EDGE('',*,*,#1526,.T.);
#1095=ORIENTED_EDGE('',*,*,#1874,.T.);
#1096=ORIENTED_EDGE('',*,*,#1875,.F.);
#1097=ORIENTED_EDGE('',*,*,#1875,.T.);
#1098=ORIENTED_EDGE('',*,*,#1876,.F.);
#1099=ORIENTED_EDGE('',*,*,#1876,.T.);
#1100=ORIENTED_EDGE('',*,*,#1532,.F.);
#1101=ORIENTED_EDGE('',*,*,#1877,.T.);
#1102=ORIENTED_EDGE('',*,*,#1530,.T.);
#1103=ORIENTED_EDGE('',*,*,#1878,.T.);
#1104=ORIENTED_EDGE('',*,*,#1879,.F.);
#1105=ORIENTED_EDGE('',*,*,#1879,.T.);
#1106=ORIENTED_EDGE('',*,*,#1880,.F.);
#1107=ORIENTED_EDGE('',*,*,#1880,.T.);
#1108=ORIENTED_EDGE('',*,*,#1536,.F.);
#1109=ORIENTED_EDGE('',*,*,#1881,.T.);
#1110=ORIENTED_EDGE('',*,*,#1534,.T.);
#1111=ORIENTED_EDGE('',*,*,#1882,.T.);
#1112=ORIENTED_EDGE('',*,*,#1883,.F.);
#1113=ORIENTED_EDGE('',*,*,#1883,.T.);
#1114=ORIENTED_EDGE('',*,*,#1884,.F.);
#1115=ORIENTED_EDGE('',*,*,#1884,.T.);
#1116=ORIENTED_EDGE('',*,*,#1540,.F.);
#1117=ORIENTED_EDGE('',*,*,#1885,.T.);
#1118=ORIENTED_EDGE('',*,*,#1538,.T.);
#1119=ORIENTED_EDGE('',*,*,#1886,.T.);
#1120=ORIENTED_EDGE('',*,*,#1887,.F.);
#1121=ORIENTED_EDGE('',*,*,#1887,.T.);
#1122=ORIENTED_EDGE('',*,*,#1888,.F.);
#1123=ORIENTED_EDGE('',*,*,#1888,.T.);
#1124=ORIENTED_EDGE('',*,*,#1544,.F.);
#1125=ORIENTED_EDGE('',*,*,#1889,.T.);
#1126=ORIENTED_EDGE('',*,*,#1542,.T.);
#1127=ORIENTED_EDGE('',*,*,#1890,.T.);
#1128=ORIENTED_EDGE('',*,*,#1891,.F.);
#1129=ORIENTED_EDGE('',*,*,#1891,.T.);
#1130=ORIENTED_EDGE('',*,*,#1892,.F.);
#1131=ORIENTED_EDGE('',*,*,#1892,.T.);
#1132=ORIENTED_EDGE('',*,*,#1548,.F.);
#1133=ORIENTED_EDGE('',*,*,#1893,.T.);
#1134=ORIENTED_EDGE('',*,*,#1546,.T.);
#1135=ORIENTED_EDGE('',*,*,#1894,.T.);
#1136=ORIENTED_EDGE('',*,*,#1895,.F.);
#1137=ORIENTED_EDGE('',*,*,#1895,.T.);
#1138=ORIENTED_EDGE('',*,*,#1896,.F.);
#1139=ORIENTED_EDGE('',*,*,#1896,.T.);
#1140=ORIENTED_EDGE('',*,*,#1552,.F.);
#1141=ORIENTED_EDGE('',*,*,#1897,.T.);
#1142=ORIENTED_EDGE('',*,*,#1550,.T.);
#1143=ORIENTED_EDGE('',*,*,#1898,.T.);
#1144=ORIENTED_EDGE('',*,*,#1899,.F.);
#1145=ORIENTED_EDGE('',*,*,#1899,.T.);
#1146=ORIENTED_EDGE('',*,*,#1900,.F.);
#1147=ORIENTED_EDGE('',*,*,#1900,.T.);
#1148=ORIENTED_EDGE('',*,*,#1556,.F.);
#1149=ORIENTED_EDGE('',*,*,#1901,.T.);
#1150=ORIENTED_EDGE('',*,*,#1554,.T.);
#1151=ORIENTED_EDGE('',*,*,#1902,.T.);
#1152=ORIENTED_EDGE('',*,*,#1903,.F.);
#1153=ORIENTED_EDGE('',*,*,#1903,.T.);
#1154=ORIENTED_EDGE('',*,*,#1904,.F.);
#1155=ORIENTED_EDGE('',*,*,#1904,.T.);
#1156=ORIENTED_EDGE('',*,*,#1560,.F.);
#1157=ORIENTED_EDGE('',*,*,#1905,.T.);
#1158=ORIENTED_EDGE('',*,*,#1558,.T.);
#1159=ORIENTED_EDGE('',*,*,#1906,.T.);
#1160=ORIENTED_EDGE('',*,*,#1907,.F.);
#1161=ORIENTED_EDGE('',*,*,#1907,.T.);
#1162=ORIENTED_EDGE('',*,*,#1908,.F.);
#1163=ORIENTED_EDGE('',*,*,#1908,.T.);
#1164=ORIENTED_EDGE('',*,*,#1564,.F.);
#1165=ORIENTED_EDGE('',*,*,#1909,.T.);
#1166=ORIENTED_EDGE('',*,*,#1562,.T.);
#1167=ORIENTED_EDGE('',*,*,#1910,.T.);
#1168=ORIENTED_EDGE('',*,*,#1911,.F.);
#1169=ORIENTED_EDGE('',*,*,#1911,.T.);
#1170=ORIENTED_EDGE('',*,*,#1912,.F.);
#1171=ORIENTED_EDGE('',*,*,#1912,.T.);
#1172=ORIENTED_EDGE('',*,*,#1568,.F.);
#1173=ORIENTED_EDGE('',*,*,#1913,.T.);
#1174=ORIENTED_EDGE('',*,*,#1566,.T.);
#1175=ORIENTED_EDGE('',*,*,#1914,.T.);
#1176=ORIENTED_EDGE('',*,*,#1915,.F.);
#1177=ORIENTED_EDGE('',*,*,#1915,.T.);
#1178=ORIENTED_EDGE('',*,*,#1916,.F.);
#1179=ORIENTED_EDGE('',*,*,#1916,.T.);
#1180=ORIENTED_EDGE('',*,*,#1572,.F.);
#1181=ORIENTED_EDGE('',*,*,#1917,.T.);
#1182=ORIENTED_EDGE('',*,*,#1570,.T.);
#1183=ORIENTED_EDGE('',*,*,#1918,.T.);
#1184=ORIENTED_EDGE('',*,*,#1919,.F.);
#1185=ORIENTED_EDGE('',*,*,#1919,.T.);
#1186=ORIENTED_EDGE('',*,*,#1920,.F.);
#1187=ORIENTED_EDGE('',*,*,#1920,.T.);
#1188=ORIENTED_EDGE('',*,*,#1576,.F.);
#1189=ORIENTED_EDGE('',*,*,#1921,.T.);
#1190=ORIENTED_EDGE('',*,*,#1574,.T.);
#1191=ORIENTED_EDGE('',*,*,#1922,.T.);
#1192=ORIENTED_EDGE('',*,*,#1923,.F.);
#1193=ORIENTED_EDGE('',*,*,#1923,.T.);
#1194=ORIENTED_EDGE('',*,*,#1924,.F.);
#1195=ORIENTED_EDGE('',*,*,#1924,.T.);
#1196=ORIENTED_EDGE('',*,*,#1580,.F.);
#1197=ORIENTED_EDGE('',*,*,#1925,.T.);
#1198=ORIENTED_EDGE('',*,*,#1578,.T.);
#1199=ORIENTED_EDGE('',*,*,#1926,.T.);
#1200=ORIENTED_EDGE('',*,*,#1927,.F.);
#1201=ORIENTED_EDGE('',*,*,#1927,.T.);
#1202=ORIENTED_EDGE('',*,*,#1928,.F.);
#1203=ORIENTED_EDGE('',*,*,#1928,.T.);
#1204=ORIENTED_EDGE('',*,*,#1584,.F.);
#1205=ORIENTED_EDGE('',*,*,#1929,.T.);
#1206=ORIENTED_EDGE('',*,*,#1582,.T.);
#1207=ORIENTED_EDGE('',*,*,#1930,.T.);
#1208=ORIENTED_EDGE('',*,*,#1931,.F.);
#1209=ORIENTED_EDGE('',*,*,#1931,.T.);
#1210=ORIENTED_EDGE('',*,*,#1932,.F.);
#1211=ORIENTED_EDGE('',*,*,#1932,.T.);
#1212=ORIENTED_EDGE('',*,*,#1588,.F.);
#1213=ORIENTED_EDGE('',*,*,#1933,.T.);
#1214=ORIENTED_EDGE('',*,*,#1586,.T.);
#1215=ORIENTED_EDGE('',*,*,#1934,.T.);
#1216=ORIENTED_EDGE('',*,*,#1935,.F.);
#1217=ORIENTED_EDGE('',*,*,#1935,.T.);
#1218=ORIENTED_EDGE('',*,*,#1936,.F.);
#1219=ORIENTED_EDGE('',*,*,#1936,.T.);
#1220=ORIENTED_EDGE('',*,*,#1592,.F.);
#1221=ORIENTED_EDGE('',*,*,#1937,.T.);
#1222=ORIENTED_EDGE('',*,*,#1590,.T.);
#1223=ORIENTED_EDGE('',*,*,#1938,.T.);
#1224=ORIENTED_EDGE('',*,*,#1939,.F.);
#1225=ORIENTED_EDGE('',*,*,#1939,.T.);
#1226=ORIENTED_EDGE('',*,*,#1940,.F.);
#1227=ORIENTED_EDGE('',*,*,#1940,.T.);
#1228=ORIENTED_EDGE('',*,*,#1596,.F.);
#1229=ORIENTED_EDGE('',*,*,#1941,.T.);
#1230=ORIENTED_EDGE('',*,*,#1594,.T.);
#1231=ORIENTED_EDGE('',*,*,#1942,.T.);
#1232=ORIENTED_EDGE('',*,*,#1943,.F.);
#1233=ORIENTED_EDGE('',*,*,#1943,.T.);
#1234=ORIENTED_EDGE('',*,*,#1944,.F.);
#1235=ORIENTED_EDGE('',*,*,#1944,.T.);
#1236=ORIENTED_EDGE('',*,*,#1600,.F.);
#1237=ORIENTED_EDGE('',*,*,#1945,.T.);
#1238=ORIENTED_EDGE('',*,*,#1598,.T.);
#1239=ORIENTED_EDGE('',*,*,#1946,.T.);
#1240=ORIENTED_EDGE('',*,*,#1947,.F.);
#1241=ORIENTED_EDGE('',*,*,#1947,.T.);
#1242=ORIENTED_EDGE('',*,*,#1948,.F.);
#1243=ORIENTED_EDGE('',*,*,#1948,.T.);
#1244=ORIENTED_EDGE('',*,*,#1604,.F.);
#1245=ORIENTED_EDGE('',*,*,#1949,.T.);
#1246=ORIENTED_EDGE('',*,*,#1602,.T.);
#1247=ORIENTED_EDGE('',*,*,#1950,.T.);
#1248=ORIENTED_EDGE('',*,*,#1951,.F.);
#1249=ORIENTED_EDGE('',*,*,#1951,.T.);
#1250=ORIENTED_EDGE('',*,*,#1952,.F.);
#1251=ORIENTED_EDGE('',*,*,#1952,.T.);
#1252=ORIENTED_EDGE('',*,*,#1608,.F.);
#1253=ORIENTED_EDGE('',*,*,#1953,.T.);
#1254=ORIENTED_EDGE('',*,*,#1606,.T.);
#1255=ORIENTED_EDGE('',*,*,#1954,.T.);
#1256=ORIENTED_EDGE('',*,*,#1955,.F.);
#1257=ORIENTED_EDGE('',*,*,#1955,.T.);
#1258=ORIENTED_EDGE('',*,*,#1956,.F.);
#1259=ORIENTED_EDGE('',*,*,#1956,.T.);
#1260=ORIENTED_EDGE('',*,*,#1612,.F.);
#1261=ORIENTED_EDGE('',*,*,#1957,.T.);
#1262=ORIENTED_EDGE('',*,*,#1610,.T.);
#1263=ORIENTED_EDGE('',*,*,#1958,.T.);
#1264=ORIENTED_EDGE('',*,*,#1959,.F.);
#1265=ORIENTED_EDGE('',*,*,#1959,.T.);
#1266=ORIENTED_EDGE('',*,*,#1960,.F.);
#1267=ORIENTED_EDGE('',*,*,#1960,.T.);
#1268=ORIENTED_EDGE('',*,*,#1616,.F.);
#1269=ORIENTED_EDGE('',*,*,#1961,.T.);
#1270=ORIENTED_EDGE('',*,*,#1614,.T.);
#1271=ORIENTED_EDGE('',*,*,#1962,.T.);
#1272=ORIENTED_EDGE('',*,*,#1963,.F.);
#1273=ORIENTED_EDGE('',*,*,#1963,.T.);
#1274=ORIENTED_EDGE('',*,*,#1964,.F.);
#1275=ORIENTED_EDGE('',*,*,#1964,.T.);
#1276=ORIENTED_EDGE('',*,*,#1620,.F.);
#1277=ORIENTED_EDGE('',*,*,#1965,.T.);
#1278=ORIENTED_EDGE('',*,*,#1618,.T.);
#1279=ORIENTED_EDGE('',*,*,#1966,.T.);
#1280=ORIENTED_EDGE('',*,*,#1967,.F.);
#1281=ORIENTED_EDGE('',*,*,#1967,.T.);
#1282=ORIENTED_EDGE('',*,*,#1968,.F.);
#1283=ORIENTED_EDGE('',*,*,#1968,.T.);
#1284=ORIENTED_EDGE('',*,*,#1624,.F.);
#1285=ORIENTED_EDGE('',*,*,#1969,.T.);
#1286=ORIENTED_EDGE('',*,*,#1622,.T.);
#1287=ORIENTED_EDGE('',*,*,#1970,.T.);
#1288=ORIENTED_EDGE('',*,*,#1971,.F.);
#1289=ORIENTED_EDGE('',*,*,#1971,.T.);
#1290=ORIENTED_EDGE('',*,*,#1972,.F.);
#1291=ORIENTED_EDGE('',*,*,#1972,.T.);
#1292=ORIENTED_EDGE('',*,*,#1520,.F.);
#1293=ORIENTED_EDGE('',*,*,#1973,.T.);
#1294=ORIENTED_EDGE('',*,*,#1521,.T.);
#1295=ORIENTED_EDGE('',*,*,#1973,.F.);
#1296=ORIENTED_EDGE('',*,*,#1519,.F.);
#1297=ORIENTED_EDGE('',*,*,#1854,.F.);
#1298=ORIENTED_EDGE('',*,*,#1627,.T.);
#1299=ORIENTED_EDGE('',*,*,#1629,.T.);
#1300=ORIENTED_EDGE('',*,*,#1633,.T.);
#1301=ORIENTED_EDGE('',*,*,#1630,.T.);
#1302=ORIENTED_EDGE('',*,*,#1623,.F.);
#1303=ORIENTED_EDGE('',*,*,#1970,.F.);
#1304=ORIENTED_EDGE('',*,*,#1625,.T.);
#1305=ORIENTED_EDGE('',*,*,#1969,.F.);
#1306=ORIENTED_EDGE('',*,*,#1635,.T.);
#1307=ORIENTED_EDGE('',*,*,#1637,.T.);
#1308=ORIENTED_EDGE('',*,*,#1641,.T.);
#1309=ORIENTED_EDGE('',*,*,#1638,.T.);
#1310=ORIENTED_EDGE('',*,*,#1619,.F.);
#1311=ORIENTED_EDGE('',*,*,#1966,.F.);
#1312=ORIENTED_EDGE('',*,*,#1621,.T.);
#1313=ORIENTED_EDGE('',*,*,#1965,.F.);
#1314=ORIENTED_EDGE('',*,*,#1643,.T.);
#1315=ORIENTED_EDGE('',*,*,#1645,.T.);
#1316=ORIENTED_EDGE('',*,*,#1649,.T.);
#1317=ORIENTED_EDGE('',*,*,#1646,.T.);
#1318=ORIENTED_EDGE('',*,*,#1615,.F.);
#1319=ORIENTED_EDGE('',*,*,#1962,.F.);
#1320=ORIENTED_EDGE('',*,*,#1617,.T.);
#1321=ORIENTED_EDGE('',*,*,#1961,.F.);
#1322=ORIENTED_EDGE('',*,*,#1651,.T.);
#1323=ORIENTED_EDGE('',*,*,#1653,.T.);
#1324=ORIENTED_EDGE('',*,*,#1657,.T.);
#1325=ORIENTED_EDGE('',*,*,#1654,.T.);
#1326=ORIENTED_EDGE('',*,*,#1611,.F.);
#1327=ORIENTED_EDGE('',*,*,#1958,.F.);
#1328=ORIENTED_EDGE('',*,*,#1613,.T.);
#1329=ORIENTED_EDGE('',*,*,#1957,.F.);
#1330=ORIENTED_EDGE('',*,*,#1659,.T.);
#1331=ORIENTED_EDGE('',*,*,#1661,.T.);
#1332=ORIENTED_EDGE('',*,*,#1665,.T.);
#1333=ORIENTED_EDGE('',*,*,#1662,.T.);
#1334=ORIENTED_EDGE('',*,*,#1607,.F.);
#1335=ORIENTED_EDGE('',*,*,#1954,.F.);
#1336=ORIENTED_EDGE('',*,*,#1609,.T.);
#1337=ORIENTED_EDGE('',*,*,#1953,.F.);
#1338=ORIENTED_EDGE('',*,*,#1667,.T.);
#1339=ORIENTED_EDGE('',*,*,#1669,.T.);
#1340=ORIENTED_EDGE('',*,*,#1673,.T.);
#1341=ORIENTED_EDGE('',*,*,#1670,.T.);
#1342=ORIENTED_EDGE('',*,*,#1603,.F.);
#1343=ORIENTED_EDGE('',*,*,#1950,.F.);
#1344=ORIENTED_EDGE('',*,*,#1605,.T.);
#1345=ORIENTED_EDGE('',*,*,#1949,.F.);
#1346=ORIENTED_EDGE('',*,*,#1675,.T.);
#1347=ORIENTED_EDGE('',*,*,#1677,.T.);
#1348=ORIENTED_EDGE('',*,*,#1681,.T.);
#1349=ORIENTED_EDGE('',*,*,#1678,.T.);
#1350=ORIENTED_EDGE('',*,*,#1599,.F.);
#1351=ORIENTED_EDGE('',*,*,#1946,.F.);
#1352=ORIENTED_EDGE('',*,*,#1601,.T.);
#1353=ORIENTED_EDGE('',*,*,#1945,.F.);
#1354=ORIENTED_EDGE('',*,*,#1683,.T.);
#1355=ORIENTED_EDGE('',*,*,#1685,.T.);
#1356=ORIENTED_EDGE('',*,*,#1689,.T.);
#1357=ORIENTED_EDGE('',*,*,#1686,.T.);
#1358=ORIENTED_EDGE('',*,*,#1595,.F.);
#1359=ORIENTED_EDGE('',*,*,#1942,.F.);
#1360=ORIENTED_EDGE('',*,*,#1597,.T.);
#1361=ORIENTED_EDGE('',*,*,#1941,.F.);
#1362=ORIENTED_EDGE('',*,*,#1691,.T.);
#1363=ORIENTED_EDGE('',*,*,#1693,.T.);
#1364=ORIENTED_EDGE('',*,*,#1697,.T.);
#1365=ORIENTED_EDGE('',*,*,#1694,.T.);
#1366=ORIENTED_EDGE('',*,*,#1591,.F.);
#1367=ORIENTED_EDGE('',*,*,#1938,.F.);
#1368=ORIENTED_EDGE('',*,*,#1593,.T.);
#1369=ORIENTED_EDGE('',*,*,#1937,.F.);
#1370=ORIENTED_EDGE('',*,*,#1699,.T.);
#1371=ORIENTED_EDGE('',*,*,#1701,.T.);
#1372=ORIENTED_EDGE('',*,*,#1705,.T.);
#1373=ORIENTED_EDGE('',*,*,#1702,.T.);
#1374=ORIENTED_EDGE('',*,*,#1587,.F.);
#1375=ORIENTED_EDGE('',*,*,#1934,.F.);
#1376=ORIENTED_EDGE('',*,*,#1589,.T.);
#1377=ORIENTED_EDGE('',*,*,#1933,.F.);
#1378=ORIENTED_EDGE('',*,*,#1707,.T.);
#1379=ORIENTED_EDGE('',*,*,#1709,.T.);
#1380=ORIENTED_EDGE('',*,*,#1713,.T.);
#1381=ORIENTED_EDGE('',*,*,#1710,.T.);
#1382=ORIENTED_EDGE('',*,*,#1583,.F.);
#1383=ORIENTED_EDGE('',*,*,#1930,.F.);
#1384=ORIENTED_EDGE('',*,*,#1585,.T.);
#1385=ORIENTED_EDGE('',*,*,#1929,.F.);
#1386=ORIENTED_EDGE('',*,*,#1715,.T.);
#1387=ORIENTED_EDGE('',*,*,#1717,.T.);
#1388=ORIENTED_EDGE('',*,*,#1721,.T.);
#1389=ORIENTED_EDGE('',*,*,#1718,.T.);
#1390=ORIENTED_EDGE('',*,*,#1579,.F.);
#1391=ORIENTED_EDGE('',*,*,#1926,.F.);
#1392=ORIENTED_EDGE('',*,*,#1581,.T.);
#1393=ORIENTED_EDGE('',*,*,#1925,.F.);
#1394=ORIENTED_EDGE('',*,*,#1723,.T.);
#1395=ORIENTED_EDGE('',*,*,#1725,.T.);
#1396=ORIENTED_EDGE('',*,*,#1729,.T.);
#1397=ORIENTED_EDGE('',*,*,#1726,.T.);
#1398=ORIENTED_EDGE('',*,*,#1575,.F.);
#1399=ORIENTED_EDGE('',*,*,#1922,.F.);
#1400=ORIENTED_EDGE('',*,*,#1577,.T.);
#1401=ORIENTED_EDGE('',*,*,#1921,.F.);
#1402=ORIENTED_EDGE('',*,*,#1731,.T.);
#1403=ORIENTED_EDGE('',*,*,#1733,.T.);
#1404=ORIENTED_EDGE('',*,*,#1737,.T.);
#1405=ORIENTED_EDGE('',*,*,#1734,.T.);
#1406=ORIENTED_EDGE('',*,*,#1571,.F.);
#1407=ORIENTED_EDGE('',*,*,#1918,.F.);
#1408=ORIENTED_EDGE('',*,*,#1573,.T.);
#1409=ORIENTED_EDGE('',*,*,#1917,.F.);
#1410=ORIENTED_EDGE('',*,*,#1739,.T.);
#1411=ORIENTED_EDGE('',*,*,#1741,.T.);
#1412=ORIENTED_EDGE('',*,*,#1745,.T.);
#1413=ORIENTED_EDGE('',*,*,#1742,.T.);
#1414=ORIENTED_EDGE('',*,*,#1567,.F.);
#1415=ORIENTED_EDGE('',*,*,#1914,.F.);
#1416=ORIENTED_EDGE('',*,*,#1569,.T.);
#1417=ORIENTED_EDGE('',*,*,#1913,.F.);
#1418=ORIENTED_EDGE('',*,*,#1747,.T.);
#1419=ORIENTED_EDGE('',*,*,#1749,.T.);
#1420=ORIENTED_EDGE('',*,*,#1753,.T.);
#1421=ORIENTED_EDGE('',*,*,#1750,.T.);
#1422=ORIENTED_EDGE('',*,*,#1563,.F.);
#1423=ORIENTED_EDGE('',*,*,#1910,.F.);
#1424=ORIENTED_EDGE('',*,*,#1565,.T.);
#1425=ORIENTED_EDGE('',*,*,#1909,.F.);
#1426=ORIENTED_EDGE('',*,*,#1755,.T.);
#1427=ORIENTED_EDGE('',*,*,#1757,.T.);
#1428=ORIENTED_EDGE('',*,*,#1761,.T.);
#1429=ORIENTED_EDGE('',*,*,#1758,.T.);
#1430=ORIENTED_EDGE('',*,*,#1559,.F.);
#1431=ORIENTED_EDGE('',*,*,#1906,.F.);
#1432=ORIENTED_EDGE('',*,*,#1561,.T.);
#1433=ORIENTED_EDGE('',*,*,#1905,.F.);
#1434=ORIENTED_EDGE('',*,*,#1763,.T.);
#1435=ORIENTED_EDGE('',*,*,#1765,.T.);
#1436=ORIENTED_EDGE('',*,*,#1769,.T.);
#1437=ORIENTED_EDGE('',*,*,#1766,.T.);
#1438=ORIENTED_EDGE('',*,*,#1555,.F.);
#1439=ORIENTED_EDGE('',*,*,#1902,.F.);
#1440=ORIENTED_EDGE('',*,*,#1557,.T.);
#1441=ORIENTED_EDGE('',*,*,#1901,.F.);
#1442=ORIENTED_EDGE('',*,*,#1771,.T.);
#1443=ORIENTED_EDGE('',*,*,#1773,.T.);
#1444=ORIENTED_EDGE('',*,*,#1777,.T.);
#1445=ORIENTED_EDGE('',*,*,#1774,.T.);
#1446=ORIENTED_EDGE('',*,*,#1551,.F.);
#1447=ORIENTED_EDGE('',*,*,#1898,.F.);
#1448=ORIENTED_EDGE('',*,*,#1553,.T.);
#1449=ORIENTED_EDGE('',*,*,#1897,.F.);
#1450=ORIENTED_EDGE('',*,*,#1779,.T.);
#1451=ORIENTED_EDGE('',*,*,#1781,.T.);
#1452=ORIENTED_EDGE('',*,*,#1785,.T.);
#1453=ORIENTED_EDGE('',*,*,#1782,.T.);
#1454=ORIENTED_EDGE('',*,*,#1547,.F.);
#1455=ORIENTED_EDGE('',*,*,#1894,.F.);
#1456=ORIENTED_EDGE('',*,*,#1549,.T.);
#1457=ORIENTED_EDGE('',*,*,#1893,.F.);
#1458=ORIENTED_EDGE('',*,*,#1787,.T.);
#1459=ORIENTED_EDGE('',*,*,#1789,.T.);
#1460=ORIENTED_EDGE('',*,*,#1793,.T.);
#1461=ORIENTED_EDGE('',*,*,#1790,.T.);
#1462=ORIENTED_EDGE('',*,*,#1543,.F.);
#1463=ORIENTED_EDGE('',*,*,#1890,.F.);
#1464=ORIENTED_EDGE('',*,*,#1545,.T.);
#1465=ORIENTED_EDGE('',*,*,#1889,.F.);
#1466=ORIENTED_EDGE('',*,*,#1795,.T.);
#1467=ORIENTED_EDGE('',*,*,#1797,.T.);
#1468=ORIENTED_EDGE('',*,*,#1801,.T.);
#1469=ORIENTED_EDGE('',*,*,#1798,.T.);
#1470=ORIENTED_EDGE('',*,*,#1539,.F.);
#1471=ORIENTED_EDGE('',*,*,#1886,.F.);
#1472=ORIENTED_EDGE('',*,*,#1541,.T.);
#1473=ORIENTED_EDGE('',*,*,#1885,.F.);
#1474=ORIENTED_EDGE('',*,*,#1803,.T.);
#1475=ORIENTED_EDGE('',*,*,#1805,.T.);
#1476=ORIENTED_EDGE('',*,*,#1809,.T.);
#1477=ORIENTED_EDGE('',*,*,#1806,.T.);
#1478=ORIENTED_EDGE('',*,*,#1535,.F.);
#1479=ORIENTED_EDGE('',*,*,#1882,.F.);
#1480=ORIENTED_EDGE('',*,*,#1537,.T.);
#1481=ORIENTED_EDGE('',*,*,#1881,.F.);
#1482=ORIENTED_EDGE('',*,*,#1811,.T.);
#1483=ORIENTED_EDGE('',*,*,#1813,.T.);
#1484=ORIENTED_EDGE('',*,*,#1817,.T.);
#1485=ORIENTED_EDGE('',*,*,#1814,.T.);
#1486=ORIENTED_EDGE('',*,*,#1531,.F.);
#1487=ORIENTED_EDGE('',*,*,#1878,.F.);
#1488=ORIENTED_EDGE('',*,*,#1533,.T.);
#1489=ORIENTED_EDGE('',*,*,#1877,.F.);
#1490=ORIENTED_EDGE('',*,*,#1819,.T.);
#1491=ORIENTED_EDGE('',*,*,#1821,.T.);
#1492=ORIENTED_EDGE('',*,*,#1825,.T.);
#1493=ORIENTED_EDGE('',*,*,#1822,.T.);
#1494=ORIENTED_EDGE('',*,*,#1527,.F.);
#1495=ORIENTED_EDGE('',*,*,#1874,.F.);
#1496=ORIENTED_EDGE('',*,*,#1529,.T.);
#1497=ORIENTED_EDGE('',*,*,#1873,.F.);
#1498=ORIENTED_EDGE('',*,*,#1827,.T.);
#1499=ORIENTED_EDGE('',*,*,#1829,.T.);
#1500=ORIENTED_EDGE('',*,*,#1833,.T.);
#1501=ORIENTED_EDGE('',*,*,#1830,.T.);
#1502=ORIENTED_EDGE('',*,*,#1523,.F.);
#1503=ORIENTED_EDGE('',*,*,#1870,.F.);
#1504=ORIENTED_EDGE('',*,*,#1525,.T.);
#1505=ORIENTED_EDGE('',*,*,#1869,.F.);
#1506=ORIENTED_EDGE('',*,*,#1835,.T.);
#1507=ORIENTED_EDGE('',*,*,#1837,.T.);
#1508=ORIENTED_EDGE('',*,*,#1841,.T.);
#1509=ORIENTED_EDGE('',*,*,#1838,.T.);
#1510=ORIENTED_EDGE('',*,*,#1853,.T.);
#1511=ORIENTED_EDGE('',*,*,#1865,.F.);
#1512=ORIENTED_EDGE('',*,*,#1851,.F.);
#1513=ORIENTED_EDGE('',*,*,#1866,.F.);
#1514=ORIENTED_EDGE('',*,*,#1843,.T.);
#1515=ORIENTED_EDGE('',*,*,#1845,.T.);
#1516=ORIENTED_EDGE('',*,*,#1849,.T.);
#1517=ORIENTED_EDGE('',*,*,#1846,.T.);
#1518=EDGE_CURVE('',#1974,#1975,#2318,.T.);
#1519=EDGE_CURVE('',#1974,#1976,#158,.T.);
#1520=EDGE_CURVE('',#1976,#1977,#2319,.T.);
#1521=EDGE_CURVE('',#1975,#1977,#159,.T.);
#1522=EDGE_CURVE('',#1978,#1979,#2320,.T.);
#1523=EDGE_CURVE('',#1978,#1980,#160,.T.);
#1524=EDGE_CURVE('',#1980,#1981,#2321,.T.);
#1525=EDGE_CURVE('',#1979,#1981,#161,.T.);
#1526=EDGE_CURVE('',#1982,#1983,#2322,.T.);
#1527=EDGE_CURVE('',#1982,#1984,#162,.T.);
#1528=EDGE_CURVE('',#1984,#1985,#2323,.T.);
#1529=EDGE_CURVE('',#1983,#1985,#163,.T.);
#1530=EDGE_CURVE('',#1986,#1987,#2324,.T.);
#1531=EDGE_CURVE('',#1986,#1988,#164,.T.);
#1532=EDGE_CURVE('',#1988,#1989,#2325,.T.);
#1533=EDGE_CURVE('',#1987,#1989,#165,.T.);
#1534=EDGE_CURVE('',#1990,#1991,#2326,.T.);
#1535=EDGE_CURVE('',#1990,#1992,#166,.T.);
#1536=EDGE_CURVE('',#1992,#1993,#2327,.T.);
#1537=EDGE_CURVE('',#1991,#1993,#167,.T.);
#1538=EDGE_CURVE('',#1994,#1995,#2328,.T.);
#1539=EDGE_CURVE('',#1994,#1996,#168,.T.);
#1540=EDGE_CURVE('',#1996,#1997,#2329,.T.);
#1541=EDGE_CURVE('',#1995,#1997,#169,.T.);
#1542=EDGE_CURVE('',#1998,#1999,#2330,.T.);
#1543=EDGE_CURVE('',#1998,#2000,#170,.T.);
#1544=EDGE_CURVE('',#2000,#2001,#2331,.T.);
#1545=EDGE_CURVE('',#1999,#2001,#171,.T.);
#1546=EDGE_CURVE('',#2002,#2003,#2332,.T.);
#1547=EDGE_CURVE('',#2002,#2004,#172,.T.);
#1548=EDGE_CURVE('',#2004,#2005,#2333,.T.);
#1549=EDGE_CURVE('',#2003,#2005,#173,.T.);
#1550=EDGE_CURVE('',#2006,#2007,#2334,.T.);
#1551=EDGE_CURVE('',#2006,#2008,#174,.T.);
#1552=EDGE_CURVE('',#2008,#2009,#2335,.T.);
#1553=EDGE_CURVE('',#2007,#2009,#175,.T.);
#1554=EDGE_CURVE('',#2010,#2011,#2336,.T.);
#1555=EDGE_CURVE('',#2010,#2012,#176,.T.);
#1556=EDGE_CURVE('',#2012,#2013,#2337,.T.);
#1557=EDGE_CURVE('',#2011,#2013,#177,.T.);
#1558=EDGE_CURVE('',#2014,#2015,#2338,.T.);
#1559=EDGE_CURVE('',#2014,#2016,#178,.T.);
#1560=EDGE_CURVE('',#2016,#2017,#2339,.T.);
#1561=EDGE_CURVE('',#2015,#2017,#179,.T.);
#1562=EDGE_CURVE('',#2018,#2019,#2340,.T.);
#1563=EDGE_CURVE('',#2018,#2020,#180,.T.);
#1564=EDGE_CURVE('',#2020,#2021,#2341,.T.);
#1565=EDGE_CURVE('',#2019,#2021,#181,.T.);
#1566=EDGE_CURVE('',#2022,#2023,#2342,.T.);
#1567=EDGE_CURVE('',#2022,#2024,#182,.T.);
#1568=EDGE_CURVE('',#2024,#2025,#2343,.T.);
#1569=EDGE_CURVE('',#2023,#2025,#183,.T.);
#1570=EDGE_CURVE('',#2026,#2027,#2344,.T.);
#1571=EDGE_CURVE('',#2026,#2028,#184,.T.);
#1572=EDGE_CURVE('',#2028,#2029,#2345,.T.);
#1573=EDGE_CURVE('',#2027,#2029,#185,.T.);
#1574=EDGE_CURVE('',#2030,#2031,#2346,.T.);
#1575=EDGE_CURVE('',#2030,#2032,#186,.T.);
#1576=EDGE_CURVE('',#2032,#2033,#2347,.T.);
#1577=EDGE_CURVE('',#2031,#2033,#187,.T.);
#1578=EDGE_CURVE('',#2034,#2035,#2348,.T.);
#1579=EDGE_CURVE('',#2034,#2036,#188,.T.);
#1580=EDGE_CURVE('',#2036,#2037,#2349,.T.);
#1581=EDGE_CURVE('',#2035,#2037,#189,.T.);
#1582=EDGE_CURVE('',#2038,#2039,#2350,.T.);
#1583=EDGE_CURVE('',#2038,#2040,#190,.T.);
#1584=EDGE_CURVE('',#2040,#2041,#2351,.T.);
#1585=EDGE_CURVE('',#2039,#2041,#191,.T.);
#1586=EDGE_CURVE('',#2042,#2043,#2352,.T.);
#1587=EDGE_CURVE('',#2042,#2044,#192,.T.);
#1588=EDGE_CURVE('',#2044,#2045,#2353,.T.);
#1589=EDGE_CURVE('',#2043,#2045,#193,.T.);
#1590=EDGE_CURVE('',#2046,#2047,#2354,.T.);
#1591=EDGE_CURVE('',#2046,#2048,#194,.T.);
#1592=EDGE_CURVE('',#2048,#2049,#2355,.T.);
#1593=EDGE_CURVE('',#2047,#2049,#195,.T.);
#1594=EDGE_CURVE('',#2050,#2051,#2356,.T.);
#1595=EDGE_CURVE('',#2050,#2052,#196,.T.);
#1596=EDGE_CURVE('',#2052,#2053,#2357,.T.);
#1597=EDGE_CURVE('',#2051,#2053,#197,.T.);
#1598=EDGE_CURVE('',#2054,#2055,#2358,.T.);
#1599=EDGE_CURVE('',#2054,#2056,#198,.T.);
#1600=EDGE_CURVE('',#2056,#2057,#2359,.T.);
#1601=EDGE_CURVE('',#2055,#2057,#199,.T.);
#1602=EDGE_CURVE('',#2058,#2059,#2360,.T.);
#1603=EDGE_CURVE('',#2058,#2060,#200,.T.);
#1604=EDGE_CURVE('',#2060,#2061,#2361,.T.);
#1605=EDGE_CURVE('',#2059,#2061,#201,.T.);
#1606=EDGE_CURVE('',#2062,#2063,#2362,.T.);
#1607=EDGE_CURVE('',#2062,#2064,#202,.T.);
#1608=EDGE_CURVE('',#2064,#2065,#2363,.T.);
#1609=EDGE_CURVE('',#2063,#2065,#203,.T.);
#1610=EDGE_CURVE('',#2066,#2067,#2364,.T.);
#1611=EDGE_CURVE('',#2066,#2068,#204,.T.);
#1612=EDGE_CURVE('',#2068,#2069,#2365,.T.);
#1613=EDGE_CURVE('',#2067,#2069,#205,.T.);
#1614=EDGE_CURVE('',#2070,#2071,#2366,.T.);
#1615=EDGE_CURVE('',#2070,#2072,#206,.T.);
#1616=EDGE_CURVE('',#2072,#2073,#2367,.T.);
#1617=EDGE_CURVE('',#2071,#2073,#207,.T.);
#1618=EDGE_CURVE('',#2074,#2075,#2368,.T.);
#1619=EDGE_CURVE('',#2074,#2076,#208,.T.);
#1620=EDGE_CURVE('',#2076,#2077,#2369,.T.);
#1621=EDGE_CURVE('',#2075,#2077,#209,.T.);
#1622=EDGE_CURVE('',#2078,#2079,#2370,.T.);
#1623=EDGE_CURVE('',#2078,#2080,#210,.T.);
#1624=EDGE_CURVE('',#2080,#2081,#2371,.T.);
#1625=EDGE_CURVE('',#2079,#2081,#211,.T.);
#1626=EDGE_CURVE('',#2082,#2082,#2372,.T.);
#1627=EDGE_CURVE('',#2083,#2084,#212,.T.);
#1628=EDGE_CURVE('',#2084,#2083,#2373,.T.);
#1629=EDGE_CURVE('',#2084,#2085,#213,.F.);
#1630=EDGE_CURVE('',#2086,#2083,#214,.T.);
#1631=EDGE_CURVE('',#2085,#2086,#2374,.T.);
#1632=EDGE_CURVE('',#2087,#2087,#2375,.T.);
#1633=EDGE_CURVE('',#2085,#2086,#215,.T.);
#1634=EDGE_CURVE('',#2088,#2088,#2376,.T.);
#1635=EDGE_CURVE('',#2089,#2090,#216,.T.);
#1636=EDGE_CURVE('',#2090,#2089,#2377,.T.);
#1637=EDGE_CURVE('',#2090,#2091,#217,.F.);
#1638=EDGE_CURVE('',#2092,#2089,#218,.T.);
#1639=EDGE_CURVE('',#2091,#2092,#2378,.T.);
#1640=EDGE_CURVE('',#2093,#2093,#2379,.T.);
#1641=EDGE_CURVE('',#2091,#2092,#219,.T.);
#1642=EDGE_CURVE('',#2094,#2094,#2380,.T.);
#1643=EDGE_CURVE('',#2095,#2096,#220,.T.);
#1644=EDGE_CURVE('',#2096,#2095,#2381,.T.);
#1645=EDGE_CURVE('',#2096,#2097,#221,.F.);
#1646=EDGE_CURVE('',#2098,#2095,#222,.T.);
#1647=EDGE_CURVE('',#2097,#2098,#2382,.T.);
#1648=EDGE_CURVE('',#2099,#2099,#2383,.T.);
#1649=EDGE_CURVE('',#2097,#2098,#223,.T.);
#1650=EDGE_CURVE('',#2100,#2100,#2384,.T.);
#1651=EDGE_CURVE('',#2101,#2102,#224,.T.);
#1652=EDGE_CURVE('',#2102,#2101,#2385,.T.);
#1653=EDGE_CURVE('',#2102,#2103,#225,.F.);
#1654=EDGE_CURVE('',#2104,#2101,#226,.T.);
#1655=EDGE_CURVE('',#2103,#2104,#2386,.T.);
#1656=EDGE_CURVE('',#2105,#2105,#2387,.T.);
#1657=EDGE_CURVE('',#2103,#2104,#227,.T.);
#1658=EDGE_CURVE('',#2106,#2106,#2388,.T.);
#1659=EDGE_CURVE('',#2107,#2108,#228,.T.);
#1660=EDGE_CURVE('',#2108,#2107,#2389,.T.);
#1661=EDGE_CURVE('',#2108,#2109,#229,.F.);
#1662=EDGE_CURVE('',#2110,#2107,#230,.T.);
#1663=EDGE_CURVE('',#2109,#2110,#2390,.T.);
#1664=EDGE_CURVE('',#2111,#2111,#2391,.T.);
#1665=EDGE_CURVE('',#2109,#2110,#231,.T.);
#1666=EDGE_CURVE('',#2112,#2112,#2392,.T.);
#1667=EDGE_CURVE('',#2113,#2114,#232,.T.);
#1668=EDGE_CURVE('',#2114,#2113,#2393,.T.);
#1669=EDGE_CURVE('',#2114,#2115,#233,.F.);
#1670=EDGE_CURVE('',#2116,#2113,#234,.T.);
#1671=EDGE_CURVE('',#2115,#2116,#2394,.T.);
#1672=EDGE_CURVE('',#2117,#2117,#2395,.T.);
#1673=EDGE_CURVE('',#2115,#2116,#235,.T.);
#1674=EDGE_CURVE('',#2118,#2118,#2396,.T.);
#1675=EDGE_CURVE('',#2119,#2120,#236,.T.);
#1676=EDGE_CURVE('',#2120,#2119,#2397,.T.);
#1677=EDGE_CURVE('',#2120,#2121,#237,.F.);
#1678=EDGE_CURVE('',#2122,#2119,#238,.T.);
#1679=EDGE_CURVE('',#2121,#2122,#2398,.T.);
#1680=EDGE_CURVE('',#2123,#2123,#2399,.T.);
#1681=EDGE_CURVE('',#2121,#2122,#239,.T.);
#1682=EDGE_CURVE('',#2124,#2124,#2400,.T.);
#1683=EDGE_CURVE('',#2125,#2126,#240,.T.);
#1684=EDGE_CURVE('',#2126,#2125,#2401,.T.);
#1685=EDGE_CURVE('',#2126,#2127,#241,.F.);
#1686=EDGE_CURVE('',#2128,#2125,#242,.T.);
#1687=EDGE_CURVE('',#2127,#2128,#2402,.T.);
#1688=EDGE_CURVE('',#2129,#2129,#2403,.T.);
#1689=EDGE_CURVE('',#2127,#2128,#243,.T.);
#1690=EDGE_CURVE('',#2130,#2130,#2404,.T.);
#1691=EDGE_CURVE('',#2131,#2132,#244,.T.);
#1692=EDGE_CURVE('',#2132,#2131,#2405,.T.);
#1693=EDGE_CURVE('',#2132,#2133,#245,.F.);
#1694=EDGE_CURVE('',#2134,#2131,#246,.T.);
#1695=EDGE_CURVE('',#2133,#2134,#2406,.T.);
#1696=EDGE_CURVE('',#2135,#2135,#2407,.T.);
#1697=EDGE_CURVE('',#2133,#2134,#247,.T.);
#1698=EDGE_CURVE('',#2136,#2136,#2408,.T.);
#1699=EDGE_CURVE('',#2137,#2138,#248,.T.);
#1700=EDGE_CURVE('',#2138,#2137,#2409,.T.);
#1701=EDGE_CURVE('',#2138,#2139,#249,.F.);
#1702=EDGE_CURVE('',#2140,#2137,#250,.T.);
#1703=EDGE_CURVE('',#2139,#2140,#2410,.T.);
#1704=EDGE_CURVE('',#2141,#2141,#2411,.T.);
#1705=EDGE_CURVE('',#2139,#2140,#251,.T.);
#1706=EDGE_CURVE('',#2142,#2142,#2412,.T.);
#1707=EDGE_CURVE('',#2143,#2144,#252,.T.);
#1708=EDGE_CURVE('',#2144,#2143,#2413,.T.);
#1709=EDGE_CURVE('',#2144,#2145,#253,.F.);
#1710=EDGE_CURVE('',#2146,#2143,#254,.T.);
#1711=EDGE_CURVE('',#2145,#2146,#2414,.T.);
#1712=EDGE_CURVE('',#2147,#2147,#2415,.T.);
#1713=EDGE_CURVE('',#2145,#2146,#255,.T.);
#1714=EDGE_CURVE('',#2148,#2148,#2416,.T.);
#1715=EDGE_CURVE('',#2149,#2150,#256,.T.);
#1716=EDGE_CURVE('',#2150,#2149,#2417,.T.);
#1717=EDGE_CURVE('',#2150,#2151,#257,.F.);
#1718=EDGE_CURVE('',#2152,#2149,#258,.T.);
#1719=EDGE_CURVE('',#2151,#2152,#2418,.T.);
#1720=EDGE_CURVE('',#2153,#2153,#2419,.T.);
#1721=EDGE_CURVE('',#2151,#2152,#259,.T.);
#1722=EDGE_CURVE('',#2154,#2154,#2420,.T.);
#1723=EDGE_CURVE('',#2155,#2156,#260,.T.);
#1724=EDGE_CURVE('',#2156,#2155,#2421,.T.);
#1725=EDGE_CURVE('',#2156,#2157,#261,.F.);
#1726=EDGE_CURVE('',#2158,#2155,#262,.T.);
#1727=EDGE_CURVE('',#2157,#2158,#2422,.T.);
#1728=EDGE_CURVE('',#2159,#2159,#2423,.T.);
#1729=EDGE_CURVE('',#2157,#2158,#263,.T.);
#1730=EDGE_CURVE('',#2160,#2160,#2424,.T.);
#1731=EDGE_CURVE('',#2161,#2162,#264,.T.);
#1732=EDGE_CURVE('',#2162,#2161,#2425,.T.);
#1733=EDGE_CURVE('',#2162,#2163,#265,.F.);
#1734=EDGE_CURVE('',#2164,#2161,#266,.T.);
#1735=EDGE_CURVE('',#2163,#2164,#2426,.T.);
#1736=EDGE_CURVE('',#2165,#2165,#2427,.T.);
#1737=EDGE_CURVE('',#2163,#2164,#267,.T.);
#1738=EDGE_CURVE('',#2166,#2166,#2428,.T.);
#1739=EDGE_CURVE('',#2167,#2168,#268,.T.);
#1740=EDGE_CURVE('',#2168,#2167,#2429,.T.);
#1741=EDGE_CURVE('',#2168,#2169,#269,.F.);
#1742=EDGE_CURVE('',#2170,#2167,#270,.T.);
#1743=EDGE_CURVE('',#2169,#2170,#2430,.T.);
#1744=EDGE_CURVE('',#2171,#2171,#2431,.T.);
#1745=EDGE_CURVE('',#2169,#2170,#271,.T.);
#1746=EDGE_CURVE('',#2172,#2172,#2432,.T.);
#1747=EDGE_CURVE('',#2173,#2174,#272,.T.);
#1748=EDGE_CURVE('',#2174,#2173,#2433,.T.);
#1749=EDGE_CURVE('',#2174,#2175,#273,.F.);
#1750=EDGE_CURVE('',#2176,#2173,#274,.T.);
#1751=EDGE_CURVE('',#2175,#2176,#2434,.T.);
#1752=EDGE_CURVE('',#2177,#2177,#2435,.T.);
#1753=EDGE_CURVE('',#2175,#2176,#275,.T.);
#1754=EDGE_CURVE('',#2178,#2178,#2436,.T.);
#1755=EDGE_CURVE('',#2179,#2180,#276,.T.);
#1756=EDGE_CURVE('',#2180,#2179,#2437,.T.);
#1757=EDGE_CURVE('',#2180,#2181,#277,.F.);
#1758=EDGE_CURVE('',#2182,#2179,#278,.T.);
#1759=EDGE_CURVE('',#2181,#2182,#2438,.T.);
#1760=EDGE_CURVE('',#2183,#2183,#2439,.T.);
#1761=EDGE_CURVE('',#2181,#2182,#279,.T.);
#1762=EDGE_CURVE('',#2184,#2184,#2440,.T.);
#1763=EDGE_CURVE('',#2185,#2186,#280,.T.);
#1764=EDGE_CURVE('',#2186,#2185,#2441,.T.);
#1765=EDGE_CURVE('',#2186,#2187,#281,.F.);
#1766=EDGE_CURVE('',#2188,#2185,#282,.T.);
#1767=EDGE_CURVE('',#2187,#2188,#2442,.T.);
#1768=EDGE_CURVE('',#2189,#2189,#2443,.T.);
#1769=EDGE_CURVE('',#2187,#2188,#283,.T.);
#1770=EDGE_CURVE('',#2190,#2190,#2444,.T.);
#1771=EDGE_CURVE('',#2191,#2192,#284,.T.);
#1772=EDGE_CURVE('',#2192,#2191,#2445,.T.);
#1773=EDGE_CURVE('',#2192,#2193,#285,.F.);
#1774=EDGE_CURVE('',#2194,#2191,#286,.T.);
#1775=EDGE_CURVE('',#2193,#2194,#2446,.T.);
#1776=EDGE_CURVE('',#2195,#2195,#2447,.T.);
#1777=EDGE_CURVE('',#2193,#2194,#287,.T.);
#1778=EDGE_CURVE('',#2196,#2196,#2448,.T.);
#1779=EDGE_CURVE('',#2197,#2198,#288,.T.);
#1780=EDGE_CURVE('',#2198,#2197,#2449,.T.);
#1781=EDGE_CURVE('',#2198,#2199,#289,.F.);
#1782=EDGE_CURVE('',#2200,#2197,#290,.T.);
#1783=EDGE_CURVE('',#2199,#2200,#2450,.T.);
#1784=EDGE_CURVE('',#2201,#2201,#2451,.T.);
#1785=EDGE_CURVE('',#2199,#2200,#291,.T.);
#1786=EDGE_CURVE('',#2202,#2202,#2452,.T.);
#1787=EDGE_CURVE('',#2203,#2204,#292,.T.);
#1788=EDGE_CURVE('',#2204,#2203,#2453,.T.);
#1789=EDGE_CURVE('',#2204,#2205,#293,.F.);
#1790=EDGE_CURVE('',#2206,#2203,#294,.T.);
#1791=EDGE_CURVE('',#2205,#2206,#2454,.T.);
#1792=EDGE_CURVE('',#2207,#2207,#2455,.T.);
#1793=EDGE_CURVE('',#2205,#2206,#295,.T.);
#1794=EDGE_CURVE('',#2208,#2208,#2456,.T.);
#1795=EDGE_CURVE('',#2209,#2210,#296,.T.);
#1796=EDGE_CURVE('',#2210,#2209,#2457,.T.);
#1797=EDGE_CURVE('',#2210,#2211,#297,.F.);
#1798=EDGE_CURVE('',#2212,#2209,#298,.T.);
#1799=EDGE_CURVE('',#2211,#2212,#2458,.T.);
#1800=EDGE_CURVE('',#2213,#2213,#2459,.T.);
#1801=EDGE_CURVE('',#2211,#2212,#299,.T.);
#1802=EDGE_CURVE('',#2214,#2214,#2460,.T.);
#1803=EDGE_CURVE('',#2215,#2216,#300,.T.);
#1804=EDGE_CURVE('',#2216,#2215,#2461,.T.);
#1805=EDGE_CURVE('',#2216,#2217,#301,.F.);
#1806=EDGE_CURVE('',#2218,#2215,#302,.T.);
#1807=EDGE_CURVE('',#2217,#2218,#2462,.T.);
#1808=EDGE_CURVE('',#2219,#2219,#2463,.T.);
#1809=EDGE_CURVE('',#2217,#2218,#303,.T.);
#1810=EDGE_CURVE('',#2220,#2220,#2464,.T.);
#1811=EDGE_CURVE('',#2221,#2222,#304,.T.);
#1812=EDGE_CURVE('',#2222,#2221,#2465,.T.);
#1813=EDGE_CURVE('',#2222,#2223,#305,.F.);
#1814=EDGE_CURVE('',#2224,#2221,#306,.T.);
#1815=EDGE_CURVE('',#2223,#2224,#2466,.T.);
#1816=EDGE_CURVE('',#2225,#2225,#2467,.T.);
#1817=EDGE_CURVE('',#2223,#2224,#307,.T.);
#1818=EDGE_CURVE('',#2226,#2226,#2468,.T.);
#1819=EDGE_CURVE('',#2227,#2228,#308,.T.);
#1820=EDGE_CURVE('',#2228,#2227,#2469,.T.);
#1821=EDGE_CURVE('',#2228,#2229,#309,.F.);
#1822=EDGE_CURVE('',#2230,#2227,#310,.T.);
#1823=EDGE_CURVE('',#2229,#2230,#2470,.T.);
#1824=EDGE_CURVE('',#2231,#2231,#2471,.T.);
#1825=EDGE_CURVE('',#2229,#2230,#311,.T.);
#1826=EDGE_CURVE('',#2232,#2232,#2472,.T.);
#1827=EDGE_CURVE('',#2233,#2234,#312,.T.);
#1828=EDGE_CURVE('',#2234,#2233,#2473,.T.);
#1829=EDGE_CURVE('',#2234,#2235,#313,.F.);
#1830=EDGE_CURVE('',#2236,#2233,#314,.T.);
#1831=EDGE_CURVE('',#2235,#2236,#2474,.T.);
#1832=EDGE_CURVE('',#2237,#2237,#2475,.T.);
#1833=EDGE_CURVE('',#2235,#2236,#315,.T.);
#1834=EDGE_CURVE('',#2238,#2238,#2476,.T.);
#1835=EDGE_CURVE('',#2239,#2240,#316,.T.);
#1836=EDGE_CURVE('',#2240,#2239,#2477,.T.);
#1837=EDGE_CURVE('',#2240,#2241,#317,.F.);
#1838=EDGE_CURVE('',#2242,#2239,#318,.T.);
#1839=EDGE_CURVE('',#2241,#2242,#2478,.T.);
#1840=EDGE_CURVE('',#2243,#2243,#2479,.T.);
#1841=EDGE_CURVE('',#2241,#2242,#319,.T.);
#1842=EDGE_CURVE('',#2244,#2244,#2480,.T.);
#1843=EDGE_CURVE('',#2245,#2246,#320,.T.);
#1844=EDGE_CURVE('',#2246,#2245,#2481,.T.);
#1845=EDGE_CURVE('',#2246,#2247,#321,.F.);
#1846=EDGE_CURVE('',#2248,#2245,#322,.T.);
#1847=EDGE_CURVE('',#2247,#2248,#2482,.T.);
#1848=EDGE_CURVE('',#2249,#2249,#2483,.T.);
#1849=EDGE_CURVE('',#2247,#2248,#323,.T.);
#1850=EDGE_CURVE('',#2250,#2251,#2484,.T.);
#1851=EDGE_CURVE('',#2250,#2252,#324,.T.);
#1852=EDGE_CURVE('',#2252,#2253,#2485,.T.);
#1853=EDGE_CURVE('',#2251,#2253,#325,.T.);
#1854=EDGE_CURVE('',#1975,#1974,#326,.T.);
#1855=EDGE_CURVE('',#2254,#2254,#2486,.T.);
#1856=EDGE_CURVE('',#2255,#2255,#2487,.T.);
#1857=EDGE_CURVE('',#2256,#2256,#2488,.T.);
#1858=EDGE_CURVE('',#2257,#2257,#2489,.T.);
#1859=EDGE_CURVE('',#2258,#2258,#2490,.T.);
#1860=EDGE_CURVE('',#2259,#2259,#2491,.T.);
#1861=EDGE_CURVE('',#2260,#2260,#2492,.T.);
#1862=EDGE_CURVE('',#2261,#2261,#2493,.T.);
#1863=EDGE_CURVE('',#2262,#2262,#2494,.T.);
#1864=EDGE_CURVE('',#2263,#2263,#2495,.T.);
#1865=EDGE_CURVE('',#2252,#2253,#327,.T.);
#1866=EDGE_CURVE('',#2251,#2250,#328,.T.);
#1867=EDGE_CURVE('',#2264,#2264,#2496,.T.);
#1868=EDGE_CURVE('',#2265,#2265,#2497,.T.);
#1869=EDGE_CURVE('',#1980,#1981,#329,.T.);
#1870=EDGE_CURVE('',#1979,#1978,#330,.T.);
#1871=EDGE_CURVE('',#2266,#2266,#2498,.T.);
#1872=EDGE_CURVE('',#2267,#2267,#2499,.T.);
#1873=EDGE_CURVE('',#1984,#1985,#331,.T.);
#1874=EDGE_CURVE('',#1983,#1982,#332,.T.);
#1875=EDGE_CURVE('',#2268,#2268,#2500,.T.);
#1876=EDGE_CURVE('',#2269,#2269,#2501,.T.);
#1877=EDGE_CURVE('',#1988,#1989,#333,.T.);
#1878=EDGE_CURVE('',#1987,#1986,#334,.T.);
#1879=EDGE_CURVE('',#2270,#2270,#2502,.T.);
#1880=EDGE_CURVE('',#2271,#2271,#2503,.T.);
#1881=EDGE_CURVE('',#1992,#1993,#335,.T.);
#1882=EDGE_CURVE('',#1991,#1990,#336,.T.);
#1883=EDGE_CURVE('',#2272,#2272,#2504,.T.);
#1884=EDGE_CURVE('',#2273,#2273,#2505,.T.);
#1885=EDGE_CURVE('',#1996,#1997,#337,.T.);
#1886=EDGE_CURVE('',#1995,#1994,#338,.T.);
#1887=EDGE_CURVE('',#2274,#2274,#2506,.T.);
#1888=EDGE_CURVE('',#2275,#2275,#2507,.T.);
#1889=EDGE_CURVE('',#2000,#2001,#339,.T.);
#1890=EDGE_CURVE('',#1999,#1998,#340,.T.);
#1891=EDGE_CURVE('',#2276,#2276,#2508,.T.);
#1892=EDGE_CURVE('',#2277,#2277,#2509,.T.);
#1893=EDGE_CURVE('',#2004,#2005,#341,.T.);
#1894=EDGE_CURVE('',#2003,#2002,#342,.T.);
#1895=EDGE_CURVE('',#2278,#2278,#2510,.T.);
#1896=EDGE_CURVE('',#2279,#2279,#2511,.T.);
#1897=EDGE_CURVE('',#2008,#2009,#343,.T.);
#1898=EDGE_CURVE('',#2007,#2006,#344,.T.);
#1899=EDGE_CURVE('',#2280,#2280,#2512,.T.);
#1900=EDGE_CURVE('',#2281,#2281,#2513,.T.);
#1901=EDGE_CURVE('',#2012,#2013,#345,.T.);
#1902=EDGE_CURVE('',#2011,#2010,#346,.T.);
#1903=EDGE_CURVE('',#2282,#2282,#2514,.T.);
#1904=EDGE_CURVE('',#2283,#2283,#2515,.T.);
#1905=EDGE_CURVE('',#2016,#2017,#347,.T.);
#1906=EDGE_CURVE('',#2015,#2014,#348,.T.);
#1907=EDGE_CURVE('',#2284,#2284,#2516,.T.);
#1908=EDGE_CURVE('',#2285,#2285,#2517,.T.);
#1909=EDGE_CURVE('',#2020,#2021,#349,.T.);
#1910=EDGE_CURVE('',#2019,#2018,#350,.T.);
#1911=EDGE_CURVE('',#2286,#2286,#2518,.T.);
#1912=EDGE_CURVE('',#2287,#2287,#2519,.T.);
#1913=EDGE_CURVE('',#2024,#2025,#351,.T.);
#1914=EDGE_CURVE('',#2023,#2022,#352,.T.);
#1915=EDGE_CURVE('',#2288,#2288,#2520,.T.);
#1916=EDGE_CURVE('',#2289,#2289,#2521,.T.);
#1917=EDGE_CURVE('',#2028,#2029,#353,.T.);
#1918=EDGE_CURVE('',#2027,#2026,#354,.T.);
#1919=EDGE_CURVE('',#2290,#2290,#2522,.T.);
#1920=EDGE_CURVE('',#2291,#2291,#2523,.T.);
#1921=EDGE_CURVE('',#2032,#2033,#355,.T.);
#1922=EDGE_CURVE('',#2031,#2030,#356,.T.);
#1923=EDGE_CURVE('',#2292,#2292,#2524,.T.);
#1924=EDGE_CURVE('',#2293,#2293,#2525,.T.);
#1925=EDGE_CURVE('',#2036,#2037,#357,.T.);
#1926=EDGE_CURVE('',#2035,#2034,#358,.T.);
#1927=EDGE_CURVE('',#2294,#2294,#2526,.T.);
#1928=EDGE_CURVE('',#2295,#2295,#2527,.T.);
#1929=EDGE_CURVE('',#2040,#2041,#359,.T.);
#1930=EDGE_CURVE('',#2039,#2038,#360,.T.);
#1931=EDGE_CURVE('',#2296,#2296,#2528,.T.);
#1932=EDGE_CURVE('',#2297,#2297,#2529,.T.);
#1933=EDGE_CURVE('',#2044,#2045,#361,.T.);
#1934=EDGE_CURVE('',#2043,#2042,#362,.T.);
#1935=EDGE_CURVE('',#2298,#2298,#2530,.T.);
#1936=EDGE_CURVE('',#2299,#2299,#2531,.T.);
#1937=EDGE_CURVE('',#2048,#2049,#363,.T.);
#1938=EDGE_CURVE('',#2047,#2046,#364,.T.);
#1939=EDGE_CURVE('',#2300,#2300,#2532,.T.);
#1940=EDGE_CURVE('',#2301,#2301,#2533,.T.);
#1941=EDGE_CURVE('',#2052,#2053,#365,.T.);
#1942=EDGE_CURVE('',#2051,#2050,#366,.T.);
#1943=EDGE_CURVE('',#2302,#2302,#2534,.T.);
#1944=EDGE_CURVE('',#2303,#2303,#2535,.T.);
#1945=EDGE_CURVE('',#2056,#2057,#367,.T.);
#1946=EDGE_CURVE('',#2055,#2054,#368,.T.);
#1947=EDGE_CURVE('',#2304,#2304,#2536,.T.);
#1948=EDGE_CURVE('',#2305,#2305,#2537,.T.);
#1949=EDGE_CURVE('',#2060,#2061,#369,.T.);
#1950=EDGE_CURVE('',#2059,#2058,#370,.T.);
#1951=EDGE_CURVE('',#2306,#2306,#2538,.T.);
#1952=EDGE_CURVE('',#2307,#2307,#2539,.T.);
#1953=EDGE_CURVE('',#2064,#2065,#371,.T.);
#1954=EDGE_CURVE('',#2063,#2062,#372,.T.);
#1955=EDGE_CURVE('',#2308,#2308,#2540,.T.);
#1956=EDGE_CURVE('',#2309,#2309,#2541,.T.);
#1957=EDGE_CURVE('',#2068,#2069,#373,.T.);
#1958=EDGE_CURVE('',#2067,#2066,#374,.T.);
#1959=EDGE_CURVE('',#2310,#2310,#2542,.T.);
#1960=EDGE_CURVE('',#2311,#2311,#2543,.T.);
#1961=EDGE_CURVE('',#2072,#2073,#375,.T.);
#1962=EDGE_CURVE('',#2071,#2070,#376,.T.);
#1963=EDGE_CURVE('',#2312,#2312,#2544,.T.);
#1964=EDGE_CURVE('',#2313,#2313,#2545,.T.);
#1965=EDGE_CURVE('',#2076,#2077,#377,.T.);
#1966=EDGE_CURVE('',#2075,#2074,#378,.T.);
#1967=EDGE_CURVE('',#2314,#2314,#2546,.T.);
#1968=EDGE_CURVE('',#2315,#2315,#2547,.T.);
#1969=EDGE_CURVE('',#2080,#2081,#379,.T.);
#1970=EDGE_CURVE('',#2079,#2078,#380,.T.);
#1971=EDGE_CURVE('',#2316,#2316,#2548,.T.);
#1972=EDGE_CURVE('',#2317,#2317,#2549,.T.);
#1973=EDGE_CURVE('',#1976,#1977,#381,.T.);
#1974=VERTEX_POINT('',#5570);
#1975=VERTEX_POINT('',#5571);
#1976=VERTEX_POINT('',#5573);
#1977=VERTEX_POINT('',#5575);
#1978=VERTEX_POINT('',#5579);
#1979=VERTEX_POINT('',#5580);
#1980=VERTEX_POINT('',#5582);
#1981=VERTEX_POINT('',#5584);
#1982=VERTEX_POINT('',#5588);
#1983=VERTEX_POINT('',#5589);
#1984=VERTEX_POINT('',#5591);
#1985=VERTEX_POINT('',#5593);
#1986=VERTEX_POINT('',#5597);
#1987=VERTEX_POINT('',#5598);
#1988=VERTEX_POINT('',#5600);
#1989=VERTEX_POINT('',#5602);
#1990=VERTEX_POINT('',#5606);
#1991=VERTEX_POINT('',#5607);
#1992=VERTEX_POINT('',#5609);
#1993=VERTEX_POINT('',#5611);
#1994=VERTEX_POINT('',#5615);
#1995=VERTEX_POINT('',#5616);
#1996=VERTEX_POINT('',#5618);
#1997=VERTEX_POINT('',#5620);
#1998=VERTEX_POINT('',#5624);
#1999=VERTEX_POINT('',#5625);
#2000=VERTEX_POINT('',#5627);
#2001=VERTEX_POINT('',#5629);
#2002=VERTEX_POINT('',#5633);
#2003=VERTEX_POINT('',#5634);
#2004=VERTEX_POINT('',#5636);
#2005=VERTEX_POINT('',#5638);
#2006=VERTEX_POINT('',#5642);
#2007=VERTEX_POINT('',#5643);
#2008=VERTEX_POINT('',#5645);
#2009=VERTEX_POINT('',#5647);
#2010=VERTEX_POINT('',#5651);
#2011=VERTEX_POINT('',#5652);
#2012=VERTEX_POINT('',#5654);
#2013=VERTEX_POINT('',#5656);
#2014=VERTEX_POINT('',#5660);
#2015=VERTEX_POINT('',#5661);
#2016=VERTEX_POINT('',#5663);
#2017=VERTEX_POINT('',#5665);
#2018=VERTEX_POINT('',#5669);
#2019=VERTEX_POINT('',#5670);
#2020=VERTEX_POINT('',#5672);
#2021=VERTEX_POINT('',#5674);
#2022=VERTEX_POINT('',#5678);
#2023=VERTEX_POINT('',#5679);
#2024=VERTEX_POINT('',#5681);
#2025=VERTEX_POINT('',#5683);
#2026=VERTEX_POINT('',#5687);
#2027=VERTEX_POINT('',#5688);
#2028=VERTEX_POINT('',#5690);
#2029=VERTEX_POINT('',#5692);
#2030=VERTEX_POINT('',#5696);
#2031=VERTEX_POINT('',#5697);
#2032=VERTEX_POINT('',#5699);
#2033=VERTEX_POINT('',#5701);
#2034=VERTEX_POINT('',#5705);
#2035=VERTEX_POINT('',#5706);
#2036=VERTEX_POINT('',#5708);
#2037=VERTEX_POINT('',#5710);
#2038=VERTEX_POINT('',#5714);
#2039=VERTEX_POINT('',#5715);
#2040=VERTEX_POINT('',#5717);
#2041=VERTEX_POINT('',#5719);
#2042=VERTEX_POINT('',#5723);
#2043=VERTEX_POINT('',#5724);
#2044=VERTEX_POINT('',#5726);
#2045=VERTEX_POINT('',#5728);
#2046=VERTEX_POINT('',#5732);
#2047=VERTEX_POINT('',#5733);
#2048=VERTEX_POINT('',#5735);
#2049=VERTEX_POINT('',#5737);
#2050=VERTEX_POINT('',#5741);
#2051=VERTEX_POINT('',#5742);
#2052=VERTEX_POINT('',#5744);
#2053=VERTEX_POINT('',#5746);
#2054=VERTEX_POINT('',#5750);
#2055=VERTEX_POINT('',#5751);
#2056=VERTEX_POINT('',#5753);
#2057=VERTEX_POINT('',#5755);
#2058=VERTEX_POINT('',#5759);
#2059=VERTEX_POINT('',#5760);
#2060=VERTEX_POINT('',#5762);
#2061=VERTEX_POINT('',#5764);
#2062=VERTEX_POINT('',#5768);
#2063=VERTEX_POINT('',#5769);
#2064=VERTEX_POINT('',#5771);
#2065=VERTEX_POINT('',#5773);
#2066=VERTEX_POINT('',#5777);
#2067=VERTEX_POINT('',#5778);
#2068=VERTEX_POINT('',#5780);
#2069=VERTEX_POINT('',#5782);
#2070=VERTEX_POINT('',#5786);
#2071=VERTEX_POINT('',#5787);
#2072=VERTEX_POINT('',#5789);
#2073=VERTEX_POINT('',#5791);
#2074=VERTEX_POINT('',#5795);
#2075=VERTEX_POINT('',#5796);
#2076=VERTEX_POINT('',#5798);
#2077=VERTEX_POINT('',#5800);
#2078=VERTEX_POINT('',#5804);
#2079=VERTEX_POINT('',#5805);
#2080=VERTEX_POINT('',#5807);
#2081=VERTEX_POINT('',#5809);
#2082=VERTEX_POINT('',#5813);
#2083=VERTEX_POINT('',#5815);
#2084=VERTEX_POINT('',#5816);
#2085=VERTEX_POINT('',#5820);
#2086=VERTEX_POINT('',#5822);
#2087=VERTEX_POINT('',#5826);
#2088=VERTEX_POINT('',#5830);
#2089=VERTEX_POINT('',#5832);
#2090=VERTEX_POINT('',#5833);
#2091=VERTEX_POINT('',#5837);
#2092=VERTEX_POINT('',#5839);
#2093=VERTEX_POINT('',#5843);
#2094=VERTEX_POINT('',#5847);
#2095=VERTEX_POINT('',#5849);
#2096=VERTEX_POINT('',#5850);
#2097=VERTEX_POINT('',#5854);
#2098=VERTEX_POINT('',#5856);
#2099=VERTEX_POINT('',#5860);
#2100=VERTEX_POINT('',#5864);
#2101=VERTEX_POINT('',#5866);
#2102=VERTEX_POINT('',#5867);
#2103=VERTEX_POINT('',#5871);
#2104=VERTEX_POINT('',#5873);
#2105=VERTEX_POINT('',#5877);
#2106=VERTEX_POINT('',#5881);
#2107=VERTEX_POINT('',#5883);
#2108=VERTEX_POINT('',#5884);
#2109=VERTEX_POINT('',#5888);
#2110=VERTEX_POINT('',#5890);
#2111=VERTEX_POINT('',#5894);
#2112=VERTEX_POINT('',#5898);
#2113=VERTEX_POINT('',#5900);
#2114=VERTEX_POINT('',#5901);
#2115=VERTEX_POINT('',#5905);
#2116=VERTEX_POINT('',#5907);
#2117=VERTEX_POINT('',#5911);
#2118=VERTEX_POINT('',#5915);
#2119=VERTEX_POINT('',#5917);
#2120=VERTEX_POINT('',#5918);
#2121=VERTEX_POINT('',#5922);
#2122=VERTEX_POINT('',#5924);
#2123=VERTEX_POINT('',#5928);
#2124=VERTEX_POINT('',#5932);
#2125=VERTEX_POINT('',#5934);
#2126=VERTEX_POINT('',#5935);
#2127=VERTEX_POINT('',#5939);
#2128=VERTEX_POINT('',#5941);
#2129=VERTEX_POINT('',#5945);
#2130=VERTEX_POINT('',#5949);
#2131=VERTEX_POINT('',#5951);
#2132=VERTEX_POINT('',#5952);
#2133=VERTEX_POINT('',#5956);
#2134=VERTEX_POINT('',#5958);
#2135=VERTEX_POINT('',#5962);
#2136=VERTEX_POINT('',#5966);
#2137=VERTEX_POINT('',#5968);
#2138=VERTEX_POINT('',#5969);
#2139=VERTEX_POINT('',#5973);
#2140=VERTEX_POINT('',#5975);
#2141=VERTEX_POINT('',#5979);
#2142=VERTEX_POINT('',#5983);
#2143=VERTEX_POINT('',#5985);
#2144=VERTEX_POINT('',#5986);
#2145=VERTEX_POINT('',#5990);
#2146=VERTEX_POINT('',#5992);
#2147=VERTEX_POINT('',#5996);
#2148=VERTEX_POINT('',#6000);
#2149=VERTEX_POINT('',#6002);
#2150=VERTEX_POINT('',#6003);
#2151=VERTEX_POINT('',#6007);
#2152=VERTEX_POINT('',#6009);
#2153=VERTEX_POINT('',#6013);
#2154=VERTEX_POINT('',#6017);
#2155=VERTEX_POINT('',#6019);
#2156=VERTEX_POINT('',#6020);
#2157=VERTEX_POINT('',#6024);
#2158=VERTEX_POINT('',#6026);
#2159=VERTEX_POINT('',#6030);
#2160=VERTEX_POINT('',#6034);
#2161=VERTEX_POINT('',#6036);
#2162=VERTEX_POINT('',#6037);
#2163=VERTEX_POINT('',#6041);
#2164=VERTEX_POINT('',#6043);
#2165=VERTEX_POINT('',#6047);
#2166=VERTEX_POINT('',#6051);
#2167=VERTEX_POINT('',#6053);
#2168=VERTEX_POINT('',#6054);
#2169=VERTEX_POINT('',#6058);
#2170=VERTEX_POINT('',#6060);
#2171=VERTEX_POINT('',#6064);
#2172=VERTEX_POINT('',#6068);
#2173=VERTEX_POINT('',#6070);
#2174=VERTEX_POINT('',#6071);
#2175=VERTEX_POINT('',#6075);
#2176=VERTEX_POINT('',#6077);
#2177=VERTEX_POINT('',#6081);
#2178=VERTEX_POINT('',#6085);
#2179=VERTEX_POINT('',#6087);
#2180=VERTEX_POINT('',#6088);
#2181=VERTEX_POINT('',#6092);
#2182=VERTEX_POINT('',#6094);
#2183=VERTEX_POINT('',#6098);
#2184=VERTEX_POINT('',#6102);
#2185=VERTEX_POINT('',#6104);
#2186=VERTEX_POINT('',#6105);
#2187=VERTEX_POINT('',#6109);
#2188=VERTEX_POINT('',#6111);
#2189=VERTEX_POINT('',#6115);
#2190=VERTEX_POINT('',#6119);
#2191=VERTEX_POINT('',#6121);
#2192=VERTEX_POINT('',#6122);
#2193=VERTEX_POINT('',#6126);
#2194=VERTEX_POINT('',#6128);
#2195=VERTEX_POINT('',#6132);
#2196=VERTEX_POINT('',#6136);
#2197=VERTEX_POINT('',#6138);
#2198=VERTEX_POINT('',#6139);
#2199=VERTEX_POINT('',#6143);
#2200=VERTEX_POINT('',#6145);
#2201=VERTEX_POINT('',#6149);
#2202=VERTEX_POINT('',#6153);
#2203=VERTEX_POINT('',#6155);
#2204=VERTEX_POINT('',#6156);
#2205=VERTEX_POINT('',#6160);
#2206=VERTEX_POINT('',#6162);
#2207=VERTEX_POINT('',#6166);
#2208=VERTEX_POINT('',#6170);
#2209=VERTEX_POINT('',#6172);
#2210=VERTEX_POINT('',#6173);
#2211=VERTEX_POINT('',#6177);
#2212=VERTEX_POINT('',#6179);
#2213=VERTEX_POINT('',#6183);
#2214=VERTEX_POINT('',#6187);
#2215=VERTEX_POINT('',#6189);
#2216=VERTEX_POINT('',#6190);
#2217=VERTEX_POINT('',#6194);
#2218=VERTEX_POINT('',#6196);
#2219=VERTEX_POINT('',#6200);
#2220=VERTEX_POINT('',#6204);
#2221=VERTEX_POINT('',#6206);
#2222=VERTEX_POINT('',#6207);
#2223=VERTEX_POINT('',#6211);
#2224=VERTEX_POINT('',#6213);
#2225=VERTEX_POINT('',#6217);
#2226=VERTEX_POINT('',#6221);
#2227=VERTEX_POINT('',#6223);
#2228=VERTEX_POINT('',#6224);
#2229=VERTEX_POINT('',#6228);
#2230=VERTEX_POINT('',#6230);
#2231=VERTEX_POINT('',#6234);
#2232=VERTEX_POINT('',#6238);
#2233=VERTEX_POINT('',#6240);
#2234=VERTEX_POINT('',#6241);
#2235=VERTEX_POINT('',#6245);
#2236=VERTEX_POINT('',#6247);
#2237=VERTEX_POINT('',#6251);
#2238=VERTEX_POINT('',#6255);
#2239=VERTEX_POINT('',#6257);
#2240=VERTEX_POINT('',#6258);
#2241=VERTEX_POINT('',#6262);
#2242=VERTEX_POINT('',#6264);
#2243=VERTEX_POINT('',#6268);
#2244=VERTEX_POINT('',#6272);
#2245=VERTEX_POINT('',#6274);
#2246=VERTEX_POINT('',#6275);
#2247=VERTEX_POINT('',#6279);
#2248=VERTEX_POINT('',#6281);
#2249=VERTEX_POINT('',#6285);
#2250=VERTEX_POINT('',#6289);
#2251=VERTEX_POINT('',#6290);
#2252=VERTEX_POINT('',#6292);
#2253=VERTEX_POINT('',#6294);
#2254=VERTEX_POINT('',#6299);
#2255=VERTEX_POINT('',#6302);
#2256=VERTEX_POINT('',#6305);
#2257=VERTEX_POINT('',#6308);
#2258=VERTEX_POINT('',#6311);
#2259=VERTEX_POINT('',#6342);
#2260=VERTEX_POINT('',#6345);
#2261=VERTEX_POINT('',#6348);
#2262=VERTEX_POINT('',#6351);
#2263=VERTEX_POINT('',#6354);
#2264=VERTEX_POINT('',#6360);
#2265=VERTEX_POINT('',#6363);
#2266=VERTEX_POINT('',#6369);
#2267=VERTEX_POINT('',#6372);
#2268=VERTEX_POINT('',#6378);
#2269=VERTEX_POINT('',#6381);
#2270=VERTEX_POINT('',#6387);
#2271=VERTEX_POINT('',#6390);
#2272=VERTEX_POINT('',#6396);
#2273=VERTEX_POINT('',#6399);
#2274=VERTEX_POINT('',#6405);
#2275=VERTEX_POINT('',#6408);
#2276=VERTEX_POINT('',#6414);
#2277=VERTEX_POINT('',#6417);
#2278=VERTEX_POINT('',#6423);
#2279=VERTEX_POINT('',#6426);
#2280=VERTEX_POINT('',#6432);
#2281=VERTEX_POINT('',#6435);
#2282=VERTEX_POINT('',#6441);
#2283=VERTEX_POINT('',#6444);
#2284=VERTEX_POINT('',#6450);
#2285=VERTEX_POINT('',#6453);
#2286=VERTEX_POINT('',#6459);
#2287=VERTEX_POINT('',#6462);
#2288=VERTEX_POINT('',#6468);
#2289=VERTEX_POINT('',#6471);
#2290=VERTEX_POINT('',#6477);
#2291=VERTEX_POINT('',#6480);
#2292=VERTEX_POINT('',#6486);
#2293=VERTEX_POINT('',#6489);
#2294=VERTEX_POINT('',#6495);
#2295=VERTEX_POINT('',#6498);
#2296=VERTEX_POINT('',#6504);
#2297=VERTEX_POINT('',#6507);
#2298=VERTEX_POINT('',#6513);
#2299=VERTEX_POINT('',#6516);
#2300=VERTEX_POINT('',#6522);
#2301=VERTEX_POINT('',#6525);
#2302=VERTEX_POINT('',#6531);
#2303=VERTEX_POINT('',#6534);
#2304=VERTEX_POINT('',#6540);
#2305=VERTEX_POINT('',#6543);
#2306=VERTEX_POINT('',#6549);
#2307=VERTEX_POINT('',#6552);
#2308=VERTEX_POINT('',#6558);
#2309=VERTEX_POINT('',#6561);
#2310=VERTEX_POINT('',#6567);
#2311=VERTEX_POINT('',#6570);
#2312=VERTEX_POINT('',#6576);
#2313=VERTEX_POINT('',#6579);
#2314=VERTEX_POINT('',#6585);
#2315=VERTEX_POINT('',#6588);
#2316=VERTEX_POINT('',#6594);
#2317=VERTEX_POINT('',#6597);
#2318=CIRCLE('',#3866,0.0132);
#2319=CIRCLE('',#3867,0.0132);
#2320=CIRCLE('',#3869,0.0132);
#2321=CIRCLE('',#3870,0.0132);
#2322=CIRCLE('',#3872,0.0132);
#2323=CIRCLE('',#3873,0.0132);
#2324=CIRCLE('',#3875,0.0132);
#2325=CIRCLE('',#3876,0.0132);
#2326=CIRCLE('',#3878,0.0132);
#2327=CIRCLE('',#3879,0.0132);
#2328=CIRCLE('',#3881,0.0132);
#2329=CIRCLE('',#3882,0.0132);
#2330=CIRCLE('',#3884,0.0132);
#2331=CIRCLE('',#3885,0.0132);
#2332=CIRCLE('',#3887,0.0132);
#2333=CIRCLE('',#3888,0.0132);
#2334=CIRCLE('',#3890,0.0132);
#2335=CIRCLE('',#3891,0.0132);
#2336=CIRCLE('',#3893,0.0132);
#2337=CIRCLE('',#3894,0.0132);
#2338=CIRCLE('',#3896,0.0132);
#2339=CIRCLE('',#3897,0.0132);
#2340=CIRCLE('',#3899,0.0132);
#2341=CIRCLE('',#3900,0.0132);
#2342=CIRCLE('',#3902,0.0132);
#2343=CIRCLE('',#3903,0.0132);
#2344=CIRCLE('',#3905,0.0132);
#2345=CIRCLE('',#3906,0.0132);
#2346=CIRCLE('',#3908,0.0132);
#2347=CIRCLE('',#3909,0.0132);
#2348=CIRCLE('',#3911,0.0132);
#2349=CIRCLE('',#3912,0.0132);
#2350=CIRCLE('',#3914,0.0132);
#2351=CIRCLE('',#3915,0.0132);
#2352=CIRCLE('',#3917,0.0132);
#2353=CIRCLE('',#3918,0.0132);
#2354=CIRCLE('',#3920,0.0132);
#2355=CIRCLE('',#3921,0.0132);
#2356=CIRCLE('',#3923,0.0132);
#2357=CIRCLE('',#3924,0.0132);
#2358=CIRCLE('',#3926,0.0132);
#2359=CIRCLE('',#3927,0.0132);
#2360=CIRCLE('',#3929,0.0132);
#2361=CIRCLE('',#3930,0.0132);
#2362=CIRCLE('',#3932,0.0132);
#2363=CIRCLE('',#3933,0.0132);
#2364=CIRCLE('',#3935,0.0132);
#2365=CIRCLE('',#3936,0.0132);
#2366=CIRCLE('',#3938,0.0132);
#2367=CIRCLE('',#3939,0.0132);
#2368=CIRCLE('',#3941,0.0132);
#2369=CIRCLE('',#3942,0.0132);
#2370=CIRCLE('',#3944,0.0132);
#2371=CIRCLE('',#3945,0.0132);
#2372=CIRCLE('',#3947,0.008);
#2373=CIRCLE('',#3948,0.012);
#2374=CIRCLE('',#3950,0.012);
#2375=CIRCLE('',#3952,0.008);
#2376=CIRCLE('',#3954,0.008);
#2377=CIRCLE('',#3955,0.012);
#2378=CIRCLE('',#3957,0.012);
#2379=CIRCLE('',#3959,0.008);
#2380=CIRCLE('',#3961,0.008);
#2381=CIRCLE('',#3962,0.012);
#2382=CIRCLE('',#3964,0.012);
#2383=CIRCLE('',#3966,0.008);
#2384=CIRCLE('',#3968,0.008);
#2385=CIRCLE('',#3969,0.012);
#2386=CIRCLE('',#3971,0.012);
#2387=CIRCLE('',#3973,0.008);
#2388=CIRCLE('',#3975,0.008);
#2389=CIRCLE('',#3976,0.012);
#2390=CIRCLE('',#3978,0.012);
#2391=CIRCLE('',#3980,0.008);
#2392=CIRCLE('',#3982,0.008);
#2393=CIRCLE('',#3983,0.012);
#2394=CIRCLE('',#3985,0.012);
#2395=CIRCLE('',#3987,0.008);
#2396=CIRCLE('',#3989,0.008);
#2397=CIRCLE('',#3990,0.012);
#2398=CIRCLE('',#3992,0.012);
#2399=CIRCLE('',#3994,0.008);
#2400=CIRCLE('',#3996,0.008);
#2401=CIRCLE('',#3997,0.012);
#2402=CIRCLE('',#3999,0.012);
#2403=CIRCLE('',#4001,0.008);
#2404=CIRCLE('',#4003,0.008);
#2405=CIRCLE('',#4004,0.012);
#2406=CIRCLE('',#4006,0.012);
#2407=CIRCLE('',#4008,0.008);
#2408=CIRCLE('',#4010,0.008);
#2409=CIRCLE('',#4011,0.012);
#2410=CIRCLE('',#4013,0.012);
#2411=CIRCLE('',#4015,0.008);
#2412=CIRCLE('',#4017,0.008);
#2413=CIRCLE('',#4018,0.012);
#2414=CIRCLE('',#4020,0.012);
#2415=CIRCLE('',#4022,0.008);
#2416=CIRCLE('',#4024,0.008);
#2417=CIRCLE('',#4025,0.012);
#2418=CIRCLE('',#4027,0.012);
#2419=CIRCLE('',#4029,0.008);
#2420=CIRCLE('',#4031,0.008);
#2421=CIRCLE('',#4032,0.012);
#2422=CIRCLE('',#4034,0.012);
#2423=CIRCLE('',#4036,0.008);
#2424=CIRCLE('',#4038,0.008);
#2425=CIRCLE('',#4039,0.012);
#2426=CIRCLE('',#4041,0.012);
#2427=CIRCLE('',#4043,0.008);
#2428=CIRCLE('',#4045,0.008);
#2429=CIRCLE('',#4046,0.012);
#2430=CIRCLE('',#4048,0.012);
#2431=CIRCLE('',#4050,0.008);
#2432=CIRCLE('',#4052,0.008);
#2433=CIRCLE('',#4053,0.012);
#2434=CIRCLE('',#4055,0.012);
#2435=CIRCLE('',#4057,0.008);
#2436=CIRCLE('',#4059,0.008);
#2437=CIRCLE('',#4060,0.012);
#2438=CIRCLE('',#4062,0.012);
#2439=CIRCLE('',#4064,0.008);
#2440=CIRCLE('',#4066,0.008);
#2441=CIRCLE('',#4067,0.012);
#2442=CIRCLE('',#4069,0.012);
#2443=CIRCLE('',#4071,0.008);
#2444=CIRCLE('',#4073,0.008);
#2445=CIRCLE('',#4074,0.012);
#2446=CIRCLE('',#4076,0.012);
#2447=CIRCLE('',#4078,0.008);
#2448=CIRCLE('',#4080,0.008);
#2449=CIRCLE('',#4081,0.012);
#2450=CIRCLE('',#4083,0.012);
#2451=CIRCLE('',#4085,0.008);
#2452=CIRCLE('',#4087,0.008);
#2453=CIRCLE('',#4088,0.012);
#2454=CIRCLE('',#4090,0.012);
#2455=CIRCLE('',#4092,0.008);
#2456=CIRCLE('',#4094,0.008);
#2457=CIRCLE('',#4095,0.012);
#2458=CIRCLE('',#4097,0.012);
#2459=CIRCLE('',#4099,0.008);
#2460=CIRCLE('',#4101,0.008);
#2461=CIRCLE('',#4102,0.012);
#2462=CIRCLE('',#4104,0.012);
#2463=CIRCLE('',#4106,0.008);
#2464=CIRCLE('',#4108,0.008);
#2465=CIRCLE('',#4109,0.012);
#2466=CIRCLE('',#4111,0.012);
#2467=CIRCLE('',#4113,0.008);
#2468=CIRCLE('',#4115,0.008);
#2469=CIRCLE('',#4116,0.012);
#2470=CIRCLE('',#4118,0.012);
#2471=CIRCLE('',#4120,0.008);
#2472=CIRCLE('',#4122,0.008);
#2473=CIRCLE('',#4123,0.012);
#2474=CIRCLE('',#4125,0.012);
#2475=CIRCLE('',#4127,0.008);
#2476=CIRCLE('',#4129,0.008);
#2477=CIRCLE('',#4130,0.012);
#2478=CIRCLE('',#4132,0.012);
#2479=CIRCLE('',#4134,0.008);
#2480=CIRCLE('',#4136,0.008);
#2481=CIRCLE('',#4137,0.012);
#2482=CIRCLE('',#4139,0.012);
#2483=CIRCLE('',#4141,0.008);
#2484=CIRCLE('',#4143,0.0132);
#2485=CIRCLE('',#4144,0.0132);
#2486=CIRCLE('',#4146,0.0092);
#2487=CIRCLE('',#4148,0.0092);
#2488=CIRCLE('',#4150,0.0102);
#2489=CIRCLE('',#4152,0.0092);
#2490=CIRCLE('',#4154,0.008);
#2491=CIRCLE('',#4184,0.008);
#2492=CIRCLE('',#4186,0.009);
#2493=CIRCLE('',#4188,0.0102);
#2494=CIRCLE('',#4190,0.0092);
#2495=CIRCLE('',#4192,0.0092);
#2496=CIRCLE('',#4195,0.0092);
#2497=CIRCLE('',#4197,0.0092);
#2498=CIRCLE('',#4200,0.0092);
#2499=CIRCLE('',#4202,0.0092);
#2500=CIRCLE('',#4205,0.0092);
#2501=CIRCLE('',#4207,0.0092);
#2502=CIRCLE('',#4210,0.0092);
#2503=CIRCLE('',#4212,0.0092);
#2504=CIRCLE('',#4215,0.0092);
#2505=CIRCLE('',#4217,0.0092);
#2506=CIRCLE('',#4220,0.0092);
#2507=CIRCLE('',#4222,0.0092);
#2508=CIRCLE('',#4225,0.0092);
#2509=CIRCLE('',#4227,0.0092);
#2510=CIRCLE('',#4230,0.0092);
#2511=CIRCLE('',#4232,0.0092);
#2512=CIRCLE('',#4235,0.0092);
#2513=CIRCLE('',#4237,0.0092);
#2514=CIRCLE('',#4240,0.0092);
#2515=CIRCLE('',#4242,0.0092);
#2516=CIRCLE('',#4245,0.0092);
#2517=CIRCLE('',#4247,0.0092);
#2518=CIRCLE('',#4250,0.0092);
#2519=CIRCLE('',#4252,0.0092);
#2520=CIRCLE('',#4255,0.0092);
#2521=CIRCLE('',#4257,0.0092);
#2522=CIRCLE('',#4260,0.0092);
#2523=CIRCLE('',#4262,0.0092);
#2524=CIRCLE('',#4265,0.0092);
#2525=CIRCLE('',#4267,0.0092);
#2526=CIRCLE('',#4270,0.0092);
#2527=CIRCLE('',#4272,0.0092);
#2528=CIRCLE('',#4275,0.0092);
#2529=CIRCLE('',#4277,0.0092);
#2530=CIRCLE('',#4280,0.0092);
#2531=CIRCLE('',#4282,0.0092);
#2532=CIRCLE('',#4285,0.0092);
#2533=CIRCLE('',#4287,0.0092);
#2534=CIRCLE('',#4290,0.0092);
#2535=CIRCLE('',#4292,0.0092);
#2536=CIRCLE('',#4295,0.0092);
#2537=CIRCLE('',#4297,0.0092);
#2538=CIRCLE('',#4300,0.0092);
#2539=CIRCLE('',#4302,0.0092);
#2540=CIRCLE('',#4305,0.0092);
#2541=CIRCLE('',#4307,0.0092);
#2542=CIRCLE('',#4310,0.0092);
#2543=CIRCLE('',#4312,0.0092);
#2544=CIRCLE('',#4315,0.0092);
#2545=CIRCLE('',#4317,0.0092);
#2546=CIRCLE('',#4320,0.0092);
#2547=CIRCLE('',#4322,0.0092);
#2548=CIRCLE('',#4325,0.0092);
#2549=CIRCLE('',#4327,0.0092);
#2550=EDGE_LOOP('',(#606,#607,#608,#609));
#2551=EDGE_LOOP('',(#610,#611,#612,#613));
#2552=EDGE_LOOP('',(#614,#615,#616,#617));
#2553=EDGE_LOOP('',(#618,#619,#620,#621));
#2554=EDGE_LOOP('',(#622,#623,#624,#625));
#2555=EDGE_LOOP('',(#626,#627,#628,#629));
#2556=EDGE_LOOP('',(#630,#631,#632,#633));
#2557=EDGE_LOOP('',(#634,#635,#636,#637));
#2558=EDGE_LOOP('',(#638,#639,#640,#641));
#2559=EDGE_LOOP('',(#642,#643,#644,#645));
#2560=EDGE_LOOP('',(#646,#647,#648,#649));
#2561=EDGE_LOOP('',(#650,#651,#652,#653));
#2562=EDGE_LOOP('',(#654,#655,#656,#657));
#2563=EDGE_LOOP('',(#658,#659,#660,#661));
#2564=EDGE_LOOP('',(#662,#663,#664,#665));
#2565=EDGE_LOOP('',(#666,#667,#668,#669));
#2566=EDGE_LOOP('',(#670,#671,#672,#673));
#2567=EDGE_LOOP('',(#674,#675,#676,#677));
#2568=EDGE_LOOP('',(#678,#679,#680,#681));
#2569=EDGE_LOOP('',(#682,#683,#684,#685));
#2570=EDGE_LOOP('',(#686,#687,#688,#689));
#2571=EDGE_LOOP('',(#690,#691,#692,#693));
#2572=EDGE_LOOP('',(#694,#695,#696,#697));
#2573=EDGE_LOOP('',(#698,#699,#700,#701));
#2574=EDGE_LOOP('',(#702,#703,#704,#705));
#2575=EDGE_LOOP('',(#706,#707,#708,#709));
#2576=EDGE_LOOP('',(#710,#711,#712,#713));
#2577=EDGE_LOOP('',(#714));
#2578=EDGE_LOOP('',(#715,#716));
#2579=EDGE_LOOP('',(#717,#718,#719,#720));
#2580=EDGE_LOOP('',(#721));
#2581=EDGE_LOOP('',(#722,#723));
#2582=EDGE_LOOP('',(#724));
#2583=EDGE_LOOP('',(#725,#726));
#2584=EDGE_LOOP('',(#727,#728,#729,#730));
#2585=EDGE_LOOP('',(#731));
#2586=EDGE_LOOP('',(#732,#733));
#2587=EDGE_LOOP('',(#734));
#2588=EDGE_LOOP('',(#735,#736));
#2589=EDGE_LOOP('',(#737,#738,#739,#740));
#2590=EDGE_LOOP('',(#741));
#2591=EDGE_LOOP('',(#742,#743));
#2592=EDGE_LOOP('',(#744));
#2593=EDGE_LOOP('',(#745,#746));
#2594=EDGE_LOOP('',(#747,#748,#749,#750));
#2595=EDGE_LOOP('',(#751));
#2596=EDGE_LOOP('',(#752,#753));
#2597=EDGE_LOOP('',(#754));
#2598=EDGE_LOOP('',(#755,#756));
#2599=EDGE_LOOP('',(#757,#758,#759,#760));
#2600=EDGE_LOOP('',(#761));
#2601=EDGE_LOOP('',(#762,#763));
#2602=EDGE_LOOP('',(#764));
#2603=EDGE_LOOP('',(#765,#766));
#2604=EDGE_LOOP('',(#767,#768,#769,#770));
#2605=EDGE_LOOP('',(#771));
#2606=EDGE_LOOP('',(#772,#773));
#2607=EDGE_LOOP('',(#774));
#2608=EDGE_LOOP('',(#775,#776));
#2609=EDGE_LOOP('',(#777,#778,#779,#780));
#2610=EDGE_LOOP('',(#781));
#2611=EDGE_LOOP('',(#782,#783));
#2612=EDGE_LOOP('',(#784));
#2613=EDGE_LOOP('',(#785,#786));
#2614=EDGE_LOOP('',(#787,#788,#789,#790));
#2615=EDGE_LOOP('',(#791));
#2616=EDGE_LOOP('',(#792,#793));
#2617=EDGE_LOOP('',(#794));
#2618=EDGE_LOOP('',(#795,#796));
#2619=EDGE_LOOP('',(#797,#798,#799,#800));
#2620=EDGE_LOOP('',(#801));
#2621=EDGE_LOOP('',(#802,#803));
#2622=EDGE_LOOP('',(#804));
#2623=EDGE_LOOP('',(#805,#806));
#2624=EDGE_LOOP('',(#807,#808,#809,#810));
#2625=EDGE_LOOP('',(#811));
#2626=EDGE_LOOP('',(#812,#813));
#2627=EDGE_LOOP('',(#814));
#2628=EDGE_LOOP('',(#815,#816));
#2629=EDGE_LOOP('',(#817,#818,#819,#820));
#2630=EDGE_LOOP('',(#821));
#2631=EDGE_LOOP('',(#822,#823));
#2632=EDGE_LOOP('',(#824));
#2633=EDGE_LOOP('',(#825,#826));
#2634=EDGE_LOOP('',(#827,#828,#829,#830));
#2635=EDGE_LOOP('',(#831));
#2636=EDGE_LOOP('',(#832,#833));
#2637=EDGE_LOOP('',(#834));
#2638=EDGE_LOOP('',(#835,#836));
#2639=EDGE_LOOP('',(#837,#838,#839,#840));
#2640=EDGE_LOOP('',(#841));
#2641=EDGE_LOOP('',(#842,#843));
#2642=EDGE_LOOP('',(#844));
#2643=EDGE_LOOP('',(#845,#846));
#2644=EDGE_LOOP('',(#847,#848,#849,#850));
#2645=EDGE_LOOP('',(#851));
#2646=EDGE_LOOP('',(#852,#853));
#2647=EDGE_LOOP('',(#854));
#2648=EDGE_LOOP('',(#855,#856));
#2649=EDGE_LOOP('',(#857,#858,#859,#860));
#2650=EDGE_LOOP('',(#861));
#2651=EDGE_LOOP('',(#862,#863));
#2652=EDGE_LOOP('',(#864));
#2653=EDGE_LOOP('',(#865,#866));
#2654=EDGE_LOOP('',(#867,#868,#869,#870));
#2655=EDGE_LOOP('',(#871));
#2656=EDGE_LOOP('',(#872,#873));
#2657=EDGE_LOOP('',(#874));
#2658=EDGE_LOOP('',(#875,#876));
#2659=EDGE_LOOP('',(#877,#878,#879,#880));
#2660=EDGE_LOOP('',(#881));
#2661=EDGE_LOOP('',(#882,#883));
#2662=EDGE_LOOP('',(#884));
#2663=EDGE_LOOP('',(#885,#886));
#2664=EDGE_LOOP('',(#887,#888,#889,#890));
#2665=EDGE_LOOP('',(#891));
#2666=EDGE_LOOP('',(#892,#893));
#2667=EDGE_LOOP('',(#894));
#2668=EDGE_LOOP('',(#895,#896));
#2669=EDGE_LOOP('',(#897,#898,#899,#900));
#2670=EDGE_LOOP('',(#901));
#2671=EDGE_LOOP('',(#902,#903));
#2672=EDGE_LOOP('',(#904));
#2673=EDGE_LOOP('',(#905,#906));
#2674=EDGE_LOOP('',(#907,#908,#909,#910));
#2675=EDGE_LOOP('',(#911));
#2676=EDGE_LOOP('',(#912,#913));
#2677=EDGE_LOOP('',(#914));
#2678=EDGE_LOOP('',(#915,#916));
#2679=EDGE_LOOP('',(#917,#918,#919,#920));
#2680=EDGE_LOOP('',(#921));
#2681=EDGE_LOOP('',(#922,#923));
#2682=EDGE_LOOP('',(#924));
#2683=EDGE_LOOP('',(#925,#926));
#2684=EDGE_LOOP('',(#927,#928,#929,#930));
#2685=EDGE_LOOP('',(#931));
#2686=EDGE_LOOP('',(#932,#933));
#2687=EDGE_LOOP('',(#934));
#2688=EDGE_LOOP('',(#935,#936));
#2689=EDGE_LOOP('',(#937,#938,#939,#940));
#2690=EDGE_LOOP('',(#941));
#2691=EDGE_LOOP('',(#942,#943));
#2692=EDGE_LOOP('',(#944));
#2693=EDGE_LOOP('',(#945,#946));
#2694=EDGE_LOOP('',(#947,#948,#949,#950));
#2695=EDGE_LOOP('',(#951));
#2696=EDGE_LOOP('',(#952,#953));
#2697=EDGE_LOOP('',(#954));
#2698=EDGE_LOOP('',(#955,#956));
#2699=EDGE_LOOP('',(#957,#958,#959,#960));
#2700=EDGE_LOOP('',(#961));
#2701=EDGE_LOOP('',(#962,#963));
#2702=EDGE_LOOP('',(#964));
#2703=EDGE_LOOP('',(#965,#966));
#2704=EDGE_LOOP('',(#967,#968,#969,#970));
#2705=EDGE_LOOP('',(#971));
#2706=EDGE_LOOP('',(#972,#973));
#2707=EDGE_LOOP('',(#974));
#2708=EDGE_LOOP('',(#975,#976));
#2709=EDGE_LOOP('',(#977,#978,#979,#980));
#2710=EDGE_LOOP('',(#981));
#2711=EDGE_LOOP('',(#982,#983));
#2712=EDGE_LOOP('',(#984));
#2713=EDGE_LOOP('',(#985,#986));
#2714=EDGE_LOOP('',(#987,#988,#989,#990));
#2715=EDGE_LOOP('',(#991));
#2716=EDGE_LOOP('',(#992,#993));
#2717=EDGE_LOOP('',(#994,#995,#996,#997));
#2718=EDGE_LOOP('',(#998,#999));
#2719=EDGE_LOOP('',(#1000));
#2720=EDGE_LOOP('',(#1001));
#2721=EDGE_LOOP('',(#1002));
#2722=EDGE_LOOP('',(#1003));
#2723=EDGE_LOOP('',(#1004));
#2724=EDGE_LOOP('',(#1005));
#2725=EDGE_LOOP('',(#1006));
#2726=EDGE_LOOP('',(#1007));
#2727=EDGE_LOOP('',(#1008));
#2728=EDGE_LOOP('',(#1009));
#2729=EDGE_LOOP('',(#1010));
#2730=EDGE_LOOP('',(#1011));
#2731=EDGE_LOOP('',(#1012));
#2732=EDGE_LOOP('',(#1013));
#2733=EDGE_LOOP('',(#1014));
#2734=EDGE_LOOP('',(#1015));
#2735=EDGE_LOOP('',(#1016));
#2736=EDGE_LOOP('',(#1017));
#2737=EDGE_LOOP('',(#1018));
#2738=EDGE_LOOP('',(#1019));
#2739=EDGE_LOOP('',(#1020));
#2740=EDGE_LOOP('',(#1021));
#2741=EDGE_LOOP('',(#1022));
#2742=EDGE_LOOP('',(#1023));
#2743=EDGE_LOOP('',(#1024));
#2744=EDGE_LOOP('',(#1025));
#2745=EDGE_LOOP('',(#1026));
#2746=EDGE_LOOP('',(#1027));
#2747=EDGE_LOOP('',(#1028));
#2748=EDGE_LOOP('',(#1029));
#2749=EDGE_LOOP('',(#1030));
#2750=EDGE_LOOP('',(#1031));
#2751=EDGE_LOOP('',(#1032));
#2752=EDGE_LOOP('',(#1033));
#2753=EDGE_LOOP('',(#1034));
#2754=EDGE_LOOP('',(#1035));
#2755=EDGE_LOOP('',(#1036));
#2756=EDGE_LOOP('',(#1037));
#2757=EDGE_LOOP('',(#1038));
#2758=EDGE_LOOP('',(#1039));
#2759=EDGE_LOOP('',(#1040));
#2760=EDGE_LOOP('',(#1041));
#2761=EDGE_LOOP('',(#1042));
#2762=EDGE_LOOP('',(#1043));
#2763=EDGE_LOOP('',(#1044));
#2764=EDGE_LOOP('',(#1045));
#2765=EDGE_LOOP('',(#1046));
#2766=EDGE_LOOP('',(#1047));
#2767=EDGE_LOOP('',(#1048));
#2768=EDGE_LOOP('',(#1049));
#2769=EDGE_LOOP('',(#1050));
#2770=EDGE_LOOP('',(#1051));
#2771=EDGE_LOOP('',(#1052));
#2772=EDGE_LOOP('',(#1053));
#2773=EDGE_LOOP('',(#1054));
#2774=EDGE_LOOP('',(#1055));
#2775=EDGE_LOOP('',(#1056));
#2776=EDGE_LOOP('',(#1057));
#2777=EDGE_LOOP('',(#1058));
#2778=EDGE_LOOP('',(#1059));
#2779=EDGE_LOOP('',(#1060));
#2780=EDGE_LOOP('',(#1061));
#2781=EDGE_LOOP('',(#1062));
#2782=EDGE_LOOP('',(#1063));
#2783=EDGE_LOOP('',(#1064));
#2784=EDGE_LOOP('',(#1065));
#2785=EDGE_LOOP('',(#1066));
#2786=EDGE_LOOP('',(#1067));
#2787=EDGE_LOOP('',(#1068));
#2788=EDGE_LOOP('',(#1069));
#2789=EDGE_LOOP('',(#1070));
#2790=EDGE_LOOP('',(#1071));
#2791=EDGE_LOOP('',(#1072));
#2792=EDGE_LOOP('',(#1073));
#2793=EDGE_LOOP('',(#1074));
#2794=EDGE_LOOP('',(#1075));
#2795=EDGE_LOOP('',(#1076,#1077));
#2796=EDGE_LOOP('',(#1078,#1079));
#2797=EDGE_LOOP('',(#1080));
#2798=EDGE_LOOP('',(#1081));
#2799=EDGE_LOOP('',(#1082));
#2800=EDGE_LOOP('',(#1083));
#2801=EDGE_LOOP('',(#1084,#1085));
#2802=EDGE_LOOP('',(#1086,#1087));
#2803=EDGE_LOOP('',(#1088));
#2804=EDGE_LOOP('',(#1089));
#2805=EDGE_LOOP('',(#1090));
#2806=EDGE_LOOP('',(#1091));
#2807=EDGE_LOOP('',(#1092,#1093));
#2808=EDGE_LOOP('',(#1094,#1095));
#2809=EDGE_LOOP('',(#1096));
#2810=EDGE_LOOP('',(#1097));
#2811=EDGE_LOOP('',(#1098));
#2812=EDGE_LOOP('',(#1099));
#2813=EDGE_LOOP('',(#1100,#1101));
#2814=EDGE_LOOP('',(#1102,#1103));
#2815=EDGE_LOOP('',(#1104));
#2816=EDGE_LOOP('',(#1105));
#2817=EDGE_LOOP('',(#1106));
#2818=EDGE_LOOP('',(#1107));
#2819=EDGE_LOOP('',(#1108,#1109));
#2820=EDGE_LOOP('',(#1110,#1111));
#2821=EDGE_LOOP('',(#1112));
#2822=EDGE_LOOP('',(#1113));
#2823=EDGE_LOOP('',(#1114));
#2824=EDGE_LOOP('',(#1115));
#2825=EDGE_LOOP('',(#1116,#1117));
#2826=EDGE_LOOP('',(#1118,#1119));
#2827=EDGE_LOOP('',(#1120));
#2828=EDGE_LOOP('',(#1121));
#2829=EDGE_LOOP('',(#1122));
#2830=EDGE_LOOP('',(#1123));
#2831=EDGE_LOOP('',(#1124,#1125));
#2832=EDGE_LOOP('',(#1126,#1127));
#2833=EDGE_LOOP('',(#1128));
#2834=EDGE_LOOP('',(#1129));
#2835=EDGE_LOOP('',(#1130));
#2836=EDGE_LOOP('',(#1131));
#2837=EDGE_LOOP('',(#1132,#1133));
#2838=EDGE_LOOP('',(#1134,#1135));
#2839=EDGE_LOOP('',(#1136));
#2840=EDGE_LOOP('',(#1137));
#2841=EDGE_LOOP('',(#1138));
#2842=EDGE_LOOP('',(#1139));
#2843=EDGE_LOOP('',(#1140,#1141));
#2844=EDGE_LOOP('',(#1142,#1143));
#2845=EDGE_LOOP('',(#1144));
#2846=EDGE_LOOP('',(#1145));
#2847=EDGE_LOOP('',(#1146));
#2848=EDGE_LOOP('',(#1147));
#2849=EDGE_LOOP('',(#1148,#1149));
#2850=EDGE_LOOP('',(#1150,#1151));
#2851=EDGE_LOOP('',(#1152));
#2852=EDGE_LOOP('',(#1153));
#2853=EDGE_LOOP('',(#1154));
#2854=EDGE_LOOP('',(#1155));
#2855=EDGE_LOOP('',(#1156,#1157));
#2856=EDGE_LOOP('',(#1158,#1159));
#2857=EDGE_LOOP('',(#1160));
#2858=EDGE_LOOP('',(#1161));
#2859=EDGE_LOOP('',(#1162));
#2860=EDGE_LOOP('',(#1163));
#2861=EDGE_LOOP('',(#1164,#1165));
#2862=EDGE_LOOP('',(#1166,#1167));
#2863=EDGE_LOOP('',(#1168));
#2864=EDGE_LOOP('',(#1169));
#2865=EDGE_LOOP('',(#1170));
#2866=EDGE_LOOP('',(#1171));
#2867=EDGE_LOOP('',(#1172,#1173));
#2868=EDGE_LOOP('',(#1174,#1175));
#2869=EDGE_LOOP('',(#1176));
#2870=EDGE_LOOP('',(#1177));
#2871=EDGE_LOOP('',(#1178));
#2872=EDGE_LOOP('',(#1179));
#2873=EDGE_LOOP('',(#1180,#1181));
#2874=EDGE_LOOP('',(#1182,#1183));
#2875=EDGE_LOOP('',(#1184));
#2876=EDGE_LOOP('',(#1185));
#2877=EDGE_LOOP('',(#1186));
#2878=EDGE_LOOP('',(#1187));
#2879=EDGE_LOOP('',(#1188,#1189));
#2880=EDGE_LOOP('',(#1190,#1191));
#2881=EDGE_LOOP('',(#1192));
#2882=EDGE_LOOP('',(#1193));
#2883=EDGE_LOOP('',(#1194));
#2884=EDGE_LOOP('',(#1195));
#2885=EDGE_LOOP('',(#1196,#1197));
#2886=EDGE_LOOP('',(#1198,#1199));
#2887=EDGE_LOOP('',(#1200));
#2888=EDGE_LOOP('',(#1201));
#2889=EDGE_LOOP('',(#1202));
#2890=EDGE_LOOP('',(#1203));
#2891=EDGE_LOOP('',(#1204,#1205));
#2892=EDGE_LOOP('',(#1206,#1207));
#2893=EDGE_LOOP('',(#1208));
#2894=EDGE_LOOP('',(#1209));
#2895=EDGE_LOOP('',(#1210));
#2896=EDGE_LOOP('',(#1211));
#2897=EDGE_LOOP('',(#1212,#1213));
#2898=EDGE_LOOP('',(#1214,#1215));
#2899=EDGE_LOOP('',(#1216));
#2900=EDGE_LOOP('',(#1217));
#2901=EDGE_LOOP('',(#1218));
#2902=EDGE_LOOP('',(#1219));
#2903=EDGE_LOOP('',(#1220,#1221));
#2904=EDGE_LOOP('',(#1222,#1223));
#2905=EDGE_LOOP('',(#1224));
#2906=EDGE_LOOP('',(#1225));
#2907=EDGE_LOOP('',(#1226));
#2908=EDGE_LOOP('',(#1227));
#2909=EDGE_LOOP('',(#1228,#1229));
#2910=EDGE_LOOP('',(#1230,#1231));
#2911=EDGE_LOOP('',(#1232));
#2912=EDGE_LOOP('',(#1233));
#2913=EDGE_LOOP('',(#1234));
#2914=EDGE_LOOP('',(#1235));
#2915=EDGE_LOOP('',(#1236,#1237));
#2916=EDGE_LOOP('',(#1238,#1239));
#2917=EDGE_LOOP('',(#1240));
#2918=EDGE_LOOP('',(#1241));
#2919=EDGE_LOOP('',(#1242));
#2920=EDGE_LOOP('',(#1243));
#2921=EDGE_LOOP('',(#1244,#1245));
#2922=EDGE_LOOP('',(#1246,#1247));
#2923=EDGE_LOOP('',(#1248));
#2924=EDGE_LOOP('',(#1249));
#2925=EDGE_LOOP('',(#1250));
#2926=EDGE_LOOP('',(#1251));
#2927=EDGE_LOOP('',(#1252,#1253));
#2928=EDGE_LOOP('',(#1254,#1255));
#2929=EDGE_LOOP('',(#1256));
#2930=EDGE_LOOP('',(#1257));
#2931=EDGE_LOOP('',(#1258));
#2932=EDGE_LOOP('',(#1259));
#2933=EDGE_LOOP('',(#1260,#1261));
#2934=EDGE_LOOP('',(#1262,#1263));
#2935=EDGE_LOOP('',(#1264));
#2936=EDGE_LOOP('',(#1265));
#2937=EDGE_LOOP('',(#1266));
#2938=EDGE_LOOP('',(#1267));
#2939=EDGE_LOOP('',(#1268,#1269));
#2940=EDGE_LOOP('',(#1270,#1271));
#2941=EDGE_LOOP('',(#1272));
#2942=EDGE_LOOP('',(#1273));
#2943=EDGE_LOOP('',(#1274));
#2944=EDGE_LOOP('',(#1275));
#2945=EDGE_LOOP('',(#1276,#1277));
#2946=EDGE_LOOP('',(#1278,#1279));
#2947=EDGE_LOOP('',(#1280));
#2948=EDGE_LOOP('',(#1281));
#2949=EDGE_LOOP('',(#1282));
#2950=EDGE_LOOP('',(#1283));
#2951=EDGE_LOOP('',(#1284,#1285));
#2952=EDGE_LOOP('',(#1286,#1287));
#2953=EDGE_LOOP('',(#1288));
#2954=EDGE_LOOP('',(#1289));
#2955=EDGE_LOOP('',(#1290));
#2956=EDGE_LOOP('',(#1291));
#2957=EDGE_LOOP('',(#1292,#1293));
#2958=EDGE_LOOP('',(#1294,#1295,#1296,#1297));
#2959=EDGE_LOOP('',(#1298,#1299,#1300,#1301));
#2960=EDGE_LOOP('',(#1302,#1303,#1304,#1305));
#2961=EDGE_LOOP('',(#1306,#1307,#1308,#1309));
#2962=EDGE_LOOP('',(#1310,#1311,#1312,#1313));
#2963=EDGE_LOOP('',(#1314,#1315,#1316,#1317));
#2964=EDGE_LOOP('',(#1318,#1319,#1320,#1321));
#2965=EDGE_LOOP('',(#1322,#1323,#1324,#1325));
#2966=EDGE_LOOP('',(#1326,#1327,#1328,#1329));
#2967=EDGE_LOOP('',(#1330,#1331,#1332,#1333));
#2968=EDGE_LOOP('',(#1334,#1335,#1336,#1337));
#2969=EDGE_LOOP('',(#1338,#1339,#1340,#1341));
#2970=EDGE_LOOP('',(#1342,#1343,#1344,#1345));
#2971=EDGE_LOOP('',(#1346,#1347,#1348,#1349));
#2972=EDGE_LOOP('',(#1350,#1351,#1352,#1353));
#2973=EDGE_LOOP('',(#1354,#1355,#1356,#1357));
#2974=EDGE_LOOP('',(#1358,#1359,#1360,#1361));
#2975=EDGE_LOOP('',(#1362,#1363,#1364,#1365));
#2976=EDGE_LOOP('',(#1366,#1367,#1368,#1369));
#2977=EDGE_LOOP('',(#1370,#1371,#1372,#1373));
#2978=EDGE_LOOP('',(#1374,#1375,#1376,#1377));
#2979=EDGE_LOOP('',(#1378,#1379,#1380,#1381));
#2980=EDGE_LOOP('',(#1382,#1383,#1384,#1385));
#2981=EDGE_LOOP('',(#1386,#1387,#1388,#1389));
#2982=EDGE_LOOP('',(#1390,#1391,#1392,#1393));
#2983=EDGE_LOOP('',(#1394,#1395,#1396,#1397));
#2984=EDGE_LOOP('',(#1398,#1399,#1400,#1401));
#2985=EDGE_LOOP('',(#1402,#1403,#1404,#1405));
#2986=EDGE_LOOP('',(#1406,#1407,#1408,#1409));
#2987=EDGE_LOOP('',(#1410,#1411,#1412,#1413));
#2988=EDGE_LOOP('',(#1414,#1415,#1416,#1417));
#2989=EDGE_LOOP('',(#1418,#1419,#1420,#1421));
#2990=EDGE_LOOP('',(#1422,#1423,#1424,#1425));
#2991=EDGE_LOOP('',(#1426,#1427,#1428,#1429));
#2992=EDGE_LOOP('',(#1430,#1431,#1432,#1433));
#2993=EDGE_LOOP('',(#1434,#1435,#1436,#1437));
#2994=EDGE_LOOP('',(#1438,#1439,#1440,#1441));
#2995=EDGE_LOOP('',(#1442,#1443,#1444,#1445));
#2996=EDGE_LOOP('',(#1446,#1447,#1448,#1449));
#2997=EDGE_LOOP('',(#1450,#1451,#1452,#1453));
#2998=EDGE_LOOP('',(#1454,#1455,#1456,#1457));
#2999=EDGE_LOOP('',(#1458,#1459,#1460,#1461));
#3000=EDGE_LOOP('',(#1462,#1463,#1464,#1465));
#3001=EDGE_LOOP('',(#1466,#1467,#1468,#1469));
#3002=EDGE_LOOP('',(#1470,#1471,#1472,#1473));
#3003=EDGE_LOOP('',(#1474,#1475,#1476,#1477));
#3004=EDGE_LOOP('',(#1478,#1479,#1480,#1481));
#3005=EDGE_LOOP('',(#1482,#1483,#1484,#1485));
#3006=EDGE_LOOP('',(#1486,#1487,#1488,#1489));
#3007=EDGE_LOOP('',(#1490,#1491,#1492,#1493));
#3008=EDGE_LOOP('',(#1494,#1495,#1496,#1497));
#3009=EDGE_LOOP('',(#1498,#1499,#1500,#1501));
#3010=EDGE_LOOP('',(#1502,#1503,#1504,#1505));
#3011=EDGE_LOOP('',(#1506,#1507,#1508,#1509));
#3012=EDGE_LOOP('',(#1510,#1511,#1512,#1513));
#3013=EDGE_LOOP('',(#1514,#1515,#1516,#1517));
#3014=FACE_BOUND('',#2550,.T.);
#3015=FACE_BOUND('',#2551,.T.);
#3016=FACE_BOUND('',#2552,.T.);
#3017=FACE_BOUND('',#2553,.T.);
#3018=FACE_BOUND('',#2554,.T.);
#3019=FACE_BOUND('',#2555,.T.);
#3020=FACE_BOUND('',#2556,.T.);
#3021=FACE_BOUND('',#2557,.T.);
#3022=FACE_BOUND('',#2558,.T.);
#3023=FACE_BOUND('',#2559,.T.);
#3024=FACE_BOUND('',#2560,.T.);
#3025=FACE_BOUND('',#2561,.T.);
#3026=FACE_BOUND('',#2562,.T.);
#3027=FACE_BOUND('',#2563,.T.);
#3028=FACE_BOUND('',#2564,.T.);
#3029=FACE_BOUND('',#2565,.T.);
#3030=FACE_BOUND('',#2566,.T.);
#3031=FACE_BOUND('',#2567,.T.);
#3032=FACE_BOUND('',#2568,.T.);
#3033=FACE_BOUND('',#2569,.T.);
#3034=FACE_BOUND('',#2570,.T.);
#3035=FACE_BOUND('',#2571,.T.);
#3036=FACE_BOUND('',#2572,.T.);
#3037=FACE_BOUND('',#2573,.T.);
#3038=FACE_BOUND('',#2574,.T.);
#3039=FACE_BOUND('',#2575,.T.);
#3040=FACE_BOUND('',#2576,.T.);
#3041=FACE_BOUND('',#2577,.T.);
#3042=FACE_BOUND('',#2578,.T.);
#3043=FACE_BOUND('',#2579,.T.);
#3044=FACE_BOUND('',#2580,.T.);
#3045=FACE_BOUND('',#2581,.T.);
#3046=FACE_BOUND('',#2582,.T.);
#3047=FACE_BOUND('',#2583,.T.);
#3048=FACE_BOUND('',#2584,.T.);
#3049=FACE_BOUND('',#2585,.T.);
#3050=FACE_BOUND('',#2586,.T.);
#3051=FACE_BOUND('',#2587,.T.);
#3052=FACE_BOUND('',#2588,.T.);
#3053=FACE_BOUND('',#2589,.T.);
#3054=FACE_BOUND('',#2590,.T.);
#3055=FACE_BOUND('',#2591,.T.);
#3056=FACE_BOUND('',#2592,.T.);
#3057=FACE_BOUND('',#2593,.T.);
#3058=FACE_BOUND('',#2594,.T.);
#3059=FACE_BOUND('',#2595,.T.);
#3060=FACE_BOUND('',#2596,.T.);
#3061=FACE_BOUND('',#2597,.T.);
#3062=FACE_BOUND('',#2598,.T.);
#3063=FACE_BOUND('',#2599,.T.);
#3064=FACE_BOUND('',#2600,.T.);
#3065=FACE_BOUND('',#2601,.T.);
#3066=FACE_BOUND('',#2602,.T.);
#3067=FACE_BOUND('',#2603,.T.);
#3068=FACE_BOUND('',#2604,.T.);
#3069=FACE_BOUND('',#2605,.T.);
#3070=FACE_BOUND('',#2606,.T.);
#3071=FACE_BOUND('',#2607,.T.);
#3072=FACE_BOUND('',#2608,.T.);
#3073=FACE_BOUND('',#2609,.T.);
#3074=FACE_BOUND('',#2610,.T.);
#3075=FACE_BOUND('',#2611,.T.);
#3076=FACE_BOUND('',#2612,.T.);
#3077=FACE_BOUND('',#2613,.T.);
#3078=FACE_BOUND('',#2614,.T.);
#3079=FACE_BOUND('',#2615,.T.);
#3080=FACE_BOUND('',#2616,.T.);
#3081=FACE_BOUND('',#2617,.T.);
#3082=FACE_BOUND('',#2618,.T.);
#3083=FACE_BOUND('',#2619,.T.);
#3084=FACE_BOUND('',#2620,.T.);
#3085=FACE_BOUND('',#2621,.T.);
#3086=FACE_BOUND('',#2622,.T.);
#3087=FACE_BOUND('',#2623,.T.);
#3088=FACE_BOUND('',#2624,.T.);
#3089=FACE_BOUND('',#2625,.T.);
#3090=FACE_BOUND('',#2626,.T.);
#3091=FACE_BOUND('',#2627,.T.);
#3092=FACE_BOUND('',#2628,.T.);
#3093=FACE_BOUND('',#2629,.T.);
#3094=FACE_BOUND('',#2630,.T.);
#3095=FACE_BOUND('',#2631,.T.);
#3096=FACE_BOUND('',#2632,.T.);
#3097=FACE_BOUND('',#2633,.T.);
#3098=FACE_BOUND('',#2634,.T.);
#3099=FACE_BOUND('',#2635,.T.);
#3100=FACE_BOUND('',#2636,.T.);
#3101=FACE_BOUND('',#2637,.T.);
#3102=FACE_BOUND('',#2638,.T.);
#3103=FACE_BOUND('',#2639,.T.);
#3104=FACE_BOUND('',#2640,.T.);
#3105=FACE_BOUND('',#2641,.T.);
#3106=FACE_BOUND('',#2642,.T.);
#3107=FACE_BOUND('',#2643,.T.);
#3108=FACE_BOUND('',#2644,.T.);
#3109=FACE_BOUND('',#2645,.T.);
#3110=FACE_BOUND('',#2646,.T.);
#3111=FACE_BOUND('',#2647,.T.);
#3112=FACE_BOUND('',#2648,.T.);
#3113=FACE_BOUND('',#2649,.T.);
#3114=FACE_BOUND('',#2650,.T.);
#3115=FACE_BOUND('',#2651,.T.);
#3116=FACE_BOUND('',#2652,.T.);
#3117=FACE_BOUND('',#2653,.T.);
#3118=FACE_BOUND('',#2654,.T.);
#3119=FACE_BOUND('',#2655,.T.);
#3120=FACE_BOUND('',#2656,.T.);
#3121=FACE_BOUND('',#2657,.T.);
#3122=FACE_BOUND('',#2658,.T.);
#3123=FACE_BOUND('',#2659,.T.);
#3124=FACE_BOUND('',#2660,.T.);
#3125=FACE_BOUND('',#2661,.T.);
#3126=FACE_BOUND('',#2662,.T.);
#3127=FACE_BOUND('',#2663,.T.);
#3128=FACE_BOUND('',#2664,.T.);
#3129=FACE_BOUND('',#2665,.T.);
#3130=FACE_BOUND('',#2666,.T.);
#3131=FACE_BOUND('',#2667,.T.);
#3132=FACE_BOUND('',#2668,.T.);
#3133=FACE_BOUND('',#2669,.T.);
#3134=FACE_BOUND('',#2670,.T.);
#3135=FACE_BOUND('',#2671,.T.);
#3136=FACE_BOUND('',#2672,.T.);
#3137=FACE_BOUND('',#2673,.T.);
#3138=FACE_BOUND('',#2674,.T.);
#3139=FACE_BOUND('',#2675,.T.);
#3140=FACE_BOUND('',#2676,.T.);
#3141=FACE_BOUND('',#2677,.T.);
#3142=FACE_BOUND('',#2678,.T.);
#3143=FACE_BOUND('',#2679,.T.);
#3144=FACE_BOUND('',#2680,.T.);
#3145=FACE_BOUND('',#2681,.T.);
#3146=FACE_BOUND('',#2682,.T.);
#3147=FACE_BOUND('',#2683,.T.);
#3148=FACE_BOUND('',#2684,.T.);
#3149=FACE_BOUND('',#2685,.T.);
#3150=FACE_BOUND('',#2686,.T.);
#3151=FACE_BOUND('',#2687,.T.);
#3152=FACE_BOUND('',#2688,.T.);
#3153=FACE_BOUND('',#2689,.T.);
#3154=FACE_BOUND('',#2690,.T.);
#3155=FACE_BOUND('',#2691,.T.);
#3156=FACE_BOUND('',#2692,.T.);
#3157=FACE_BOUND('',#2693,.T.);
#3158=FACE_BOUND('',#2694,.T.);
#3159=FACE_BOUND('',#2695,.T.);
#3160=FACE_BOUND('',#2696,.T.);
#3161=FACE_BOUND('',#2697,.T.);
#3162=FACE_BOUND('',#2698,.T.);
#3163=FACE_BOUND('',#2699,.T.);
#3164=FACE_BOUND('',#2700,.T.);
#3165=FACE_BOUND('',#2701,.T.);
#3166=FACE_BOUND('',#2702,.T.);
#3167=FACE_BOUND('',#2703,.T.);
#3168=FACE_BOUND('',#2704,.T.);
#3169=FACE_BOUND('',#2705,.T.);
#3170=FACE_BOUND('',#2706,.T.);
#3171=FACE_BOUND('',#2707,.T.);
#3172=FACE_BOUND('',#2708,.T.);
#3173=FACE_BOUND('',#2709,.T.);
#3174=FACE_BOUND('',#2710,.T.);
#3175=FACE_BOUND('',#2711,.T.);
#3176=FACE_BOUND('',#2712,.T.);
#3177=FACE_BOUND('',#2713,.T.);
#3178=FACE_BOUND('',#2714,.T.);
#3179=FACE_BOUND('',#2715,.T.);
#3180=FACE_BOUND('',#2716,.T.);
#3181=FACE_BOUND('',#2717,.T.);
#3182=FACE_BOUND('',#2718,.T.);
#3183=FACE_BOUND('',#2719,.T.);
#3184=FACE_BOUND('',#2720,.T.);
#3185=FACE_BOUND('',#2721,.T.);
#3186=FACE_BOUND('',#2722,.T.);
#3187=FACE_BOUND('',#2723,.T.);
#3188=FACE_BOUND('',#2724,.T.);
#3189=FACE_BOUND('',#2725,.T.);
#3190=FACE_BOUND('',#2726,.T.);
#3191=FACE_BOUND('',#2727,.T.);
#3192=FACE_BOUND('',#2728,.T.);
#3193=FACE_BOUND('',#2729,.T.);
#3194=FACE_BOUND('',#2730,.T.);
#3195=FACE_BOUND('',#2731,.T.);
#3196=FACE_BOUND('',#2732,.T.);
#3197=FACE_BOUND('',#2733,.T.);
#3198=FACE_BOUND('',#2734,.T.);
#3199=FACE_BOUND('',#2735,.T.);
#3200=FACE_BOUND('',#2736,.T.);
#3201=FACE_BOUND('',#2737,.T.);
#3202=FACE_BOUND('',#2738,.T.);
#3203=FACE_BOUND('',#2739,.T.);
#3204=FACE_BOUND('',#2740,.T.);
#3205=FACE_BOUND('',#2741,.T.);
#3206=FACE_BOUND('',#2742,.T.);
#3207=FACE_BOUND('',#2743,.T.);
#3208=FACE_BOUND('',#2744,.T.);
#3209=FACE_BOUND('',#2745,.T.);
#3210=FACE_BOUND('',#2746,.T.);
#3211=FACE_BOUND('',#2747,.T.);
#3212=FACE_BOUND('',#2748,.T.);
#3213=FACE_BOUND('',#2749,.T.);
#3214=FACE_BOUND('',#2750,.T.);
#3215=FACE_BOUND('',#2751,.T.);
#3216=FACE_BOUND('',#2752,.T.);
#3217=FACE_BOUND('',#2753,.T.);
#3218=FACE_BOUND('',#2754,.T.);
#3219=FACE_BOUND('',#2755,.T.);
#3220=FACE_BOUND('',#2756,.T.);
#3221=FACE_BOUND('',#2757,.T.);
#3222=FACE_BOUND('',#2758,.T.);
#3223=FACE_BOUND('',#2759,.T.);
#3224=FACE_BOUND('',#2760,.T.);
#3225=FACE_BOUND('',#2761,.T.);
#3226=FACE_BOUND('',#2762,.T.);
#3227=FACE_BOUND('',#2763,.T.);
#3228=FACE_BOUND('',#2764,.T.);
#3229=FACE_BOUND('',#2765,.T.);
#3230=FACE_BOUND('',#2766,.T.);
#3231=FACE_BOUND('',#2767,.T.);
#3232=FACE_BOUND('',#2768,.T.);
#3233=FACE_BOUND('',#2769,.T.);
#3234=FACE_BOUND('',#2770,.T.);
#3235=FACE_BOUND('',#2771,.T.);
#3236=FACE_BOUND('',#2772,.T.);
#3237=FACE_BOUND('',#2773,.T.);
#3238=FACE_BOUND('',#2774,.T.);
#3239=FACE_BOUND('',#2775,.T.);
#3240=FACE_BOUND('',#2776,.T.);
#3241=FACE_BOUND('',#2777,.T.);
#3242=FACE_BOUND('',#2778,.T.);
#3243=FACE_BOUND('',#2779,.T.);
#3244=FACE_BOUND('',#2780,.T.);
#3245=FACE_BOUND('',#2781,.T.);
#3246=FACE_BOUND('',#2782,.T.);
#3247=FACE_BOUND('',#2783,.T.);
#3248=FACE_BOUND('',#2784,.T.);
#3249=FACE_BOUND('',#2785,.T.);
#3250=FACE_BOUND('',#2786,.T.);
#3251=FACE_BOUND('',#2787,.T.);
#3252=FACE_BOUND('',#2788,.T.);
#3253=FACE_BOUND('',#2789,.T.);
#3254=FACE_BOUND('',#2790,.T.);
#3255=FACE_BOUND('',#2791,.T.);
#3256=FACE_BOUND('',#2792,.T.);
#3257=FACE_BOUND('',#2793,.T.);
#3258=FACE_BOUND('',#2794,.T.);
#3259=FACE_BOUND('',#2795,.T.);
#3260=FACE_BOUND('',#2796,.T.);
#3261=FACE_BOUND('',#2797,.T.);
#3262=FACE_BOUND('',#2798,.T.);
#3263=FACE_BOUND('',#2799,.T.);
#3264=FACE_BOUND('',#2800,.T.);
#3265=FACE_BOUND('',#2801,.T.);
#3266=FACE_BOUND('',#2802,.T.);
#3267=FACE_BOUND('',#2803,.T.);
#3268=FACE_BOUND('',#2804,.T.);
#3269=FACE_BOUND('',#2805,.T.);
#3270=FACE_BOUND('',#2806,.T.);
#3271=FACE_BOUND('',#2807,.T.);
#3272=FACE_BOUND('',#2808,.T.);
#3273=FACE_BOUND('',#2809,.T.);
#3274=FACE_BOUND('',#2810,.T.);
#3275=FACE_BOUND('',#2811,.T.);
#3276=FACE_BOUND('',#2812,.T.);
#3277=FACE_BOUND('',#2813,.T.);
#3278=FACE_BOUND('',#2814,.T.);
#3279=FACE_BOUND('',#2815,.T.);
#3280=FACE_BOUND('',#2816,.T.);
#3281=FACE_BOUND('',#2817,.T.);
#3282=FACE_BOUND('',#2818,.T.);
#3283=FACE_BOUND('',#2819,.T.);
#3284=FACE_BOUND('',#2820,.T.);
#3285=FACE_BOUND('',#2821,.T.);
#3286=FACE_BOUND('',#2822,.T.);
#3287=FACE_BOUND('',#2823,.T.);
#3288=FACE_BOUND('',#2824,.T.);
#3289=FACE_BOUND('',#2825,.T.);
#3290=FACE_BOUND('',#2826,.T.);
#3291=FACE_BOUND('',#2827,.T.);
#3292=FACE_BOUND('',#2828,.T.);
#3293=FACE_BOUND('',#2829,.T.);
#3294=FACE_BOUND('',#2830,.T.);
#3295=FACE_BOUND('',#2831,.T.);
#3296=FACE_BOUND('',#2832,.T.);
#3297=FACE_BOUND('',#2833,.T.);
#3298=FACE_BOUND('',#2834,.T.);
#3299=FACE_BOUND('',#2835,.T.);
#3300=FACE_BOUND('',#2836,.T.);
#3301=FACE_BOUND('',#2837,.T.);
#3302=FACE_BOUND('',#2838,.T.);
#3303=FACE_BOUND('',#2839,.T.);
#3304=FACE_BOUND('',#2840,.T.);
#3305=FACE_BOUND('',#2841,.T.);
#3306=FACE_BOUND('',#2842,.T.);
#3307=FACE_BOUND('',#2843,.T.);
#3308=FACE_BOUND('',#2844,.T.);
#3309=FACE_BOUND('',#2845,.T.);
#3310=FACE_BOUND('',#2846,.T.);
#3311=FACE_BOUND('',#2847,.T.);
#3312=FACE_BOUND('',#2848,.T.);
#3313=FACE_BOUND('',#2849,.T.);
#3314=FACE_BOUND('',#2850,.T.);
#3315=FACE_BOUND('',#2851,.T.);
#3316=FACE_BOUND('',#2852,.T.);
#3317=FACE_BOUND('',#2853,.T.);
#3318=FACE_BOUND('',#2854,.T.);
#3319=FACE_BOUND('',#2855,.T.);
#3320=FACE_BOUND('',#2856,.T.);
#3321=FACE_BOUND('',#2857,.T.);
#3322=FACE_BOUND('',#2858,.T.);
#3323=FACE_BOUND('',#2859,.T.);
#3324=FACE_BOUND('',#2860,.T.);
#3325=FACE_BOUND('',#2861,.T.);
#3326=FACE_BOUND('',#2862,.T.);
#3327=FACE_BOUND('',#2863,.T.);
#3328=FACE_BOUND('',#2864,.T.);
#3329=FACE_BOUND('',#2865,.T.);
#3330=FACE_BOUND('',#2866,.T.);
#3331=FACE_BOUND('',#2867,.T.);
#3332=FACE_BOUND('',#2868,.T.);
#3333=FACE_BOUND('',#2869,.T.);
#3334=FACE_BOUND('',#2870,.T.);
#3335=FACE_BOUND('',#2871,.T.);
#3336=FACE_BOUND('',#2872,.T.);
#3337=FACE_BOUND('',#2873,.T.);
#3338=FACE_BOUND('',#2874,.T.);
#3339=FACE_BOUND('',#2875,.T.);
#3340=FACE_BOUND('',#2876,.T.);
#3341=FACE_BOUND('',#2877,.T.);
#3342=FACE_BOUND('',#2878,.T.);
#3343=FACE_BOUND('',#2879,.T.);
#3344=FACE_BOUND('',#2880,.T.);
#3345=FACE_BOUND('',#2881,.T.);
#3346=FACE_BOUND('',#2882,.T.);
#3347=FACE_BOUND('',#2883,.T.);
#3348=FACE_BOUND('',#2884,.T.);
#3349=FACE_BOUND('',#2885,.T.);
#3350=FACE_BOUND('',#2886,.T.);
#3351=FACE_BOUND('',#2887,.T.);
#3352=FACE_BOUND('',#2888,.T.);
#3353=FACE_BOUND('',#2889,.T.);
#3354=FACE_BOUND('',#2890,.T.);
#3355=FACE_BOUND('',#2891,.T.);
#3356=FACE_BOUND('',#2892,.T.);
#3357=FACE_BOUND('',#2893,.T.);
#3358=FACE_BOUND('',#2894,.T.);
#3359=FACE_BOUND('',#2895,.T.);
#3360=FACE_BOUND('',#2896,.T.);
#3361=FACE_BOUND('',#2897,.T.);
#3362=FACE_BOUND('',#2898,.T.);
#3363=FACE_BOUND('',#2899,.T.);
#3364=FACE_BOUND('',#2900,.T.);
#3365=FACE_BOUND('',#2901,.T.);
#3366=FACE_BOUND('',#2902,.T.);
#3367=FACE_BOUND('',#2903,.T.);
#3368=FACE_BOUND('',#2904,.T.);
#3369=FACE_BOUND('',#2905,.T.);
#3370=FACE_BOUND('',#2906,.T.);
#3371=FACE_BOUND('',#2907,.T.);
#3372=FACE_BOUND('',#2908,.T.);
#3373=FACE_BOUND('',#2909,.T.);
#3374=FACE_BOUND('',#2910,.T.);
#3375=FACE_BOUND('',#2911,.T.);
#3376=FACE_BOUND('',#2912,.T.);
#3377=FACE_BOUND('',#2913,.T.);
#3378=FACE_BOUND('',#2914,.T.);
#3379=FACE_BOUND('',#2915,.T.);
#3380=FACE_BOUND('',#2916,.T.);
#3381=FACE_BOUND('',#2917,.T.);
#3382=FACE_BOUND('',#2918,.T.);
#3383=FACE_BOUND('',#2919,.T.);
#3384=FACE_BOUND('',#2920,.T.);
#3385=FACE_BOUND('',#2921,.T.);
#3386=FACE_BOUND('',#2922,.T.);
#3387=FACE_BOUND('',#2923,.T.);
#3388=FACE_BOUND('',#2924,.T.);
#3389=FACE_BOUND('',#2925,.T.);
#3390=FACE_BOUND('',#2926,.T.);
#3391=FACE_BOUND('',#2927,.T.);
#3392=FACE_BOUND('',#2928,.T.);
#3393=FACE_BOUND('',#2929,.T.);
#3394=FACE_BOUND('',#2930,.T.);
#3395=FACE_BOUND('',#2931,.T.);
#3396=FACE_BOUND('',#2932,.T.);
#3397=FACE_BOUND('',#2933,.T.);
#3398=FACE_BOUND('',#2934,.T.);
#3399=FACE_BOUND('',#2935,.T.);
#3400=FACE_BOUND('',#2936,.T.);
#3401=FACE_BOUND('',#2937,.T.);
#3402=FACE_BOUND('',#2938,.T.);
#3403=FACE_BOUND('',#2939,.T.);
#3404=FACE_BOUND('',#2940,.T.);
#3405=FACE_BOUND('',#2941,.T.);
#3406=FACE_BOUND('',#2942,.T.);
#3407=FACE_BOUND('',#2943,.T.);
#3408=FACE_BOUND('',#2944,.T.);
#3409=FACE_BOUND('',#2945,.T.);
#3410=FACE_BOUND('',#2946,.T.);
#3411=FACE_BOUND('',#2947,.T.);
#3412=FACE_BOUND('',#2948,.T.);
#3413=FACE_BOUND('',#2949,.T.);
#3414=FACE_BOUND('',#2950,.T.);
#3415=FACE_BOUND('',#2951,.T.);
#3416=FACE_BOUND('',#2952,.T.);
#3417=FACE_BOUND('',#2953,.T.);
#3418=FACE_BOUND('',#2954,.T.);
#3419=FACE_BOUND('',#2955,.T.);
#3420=FACE_BOUND('',#2956,.T.);
#3421=FACE_BOUND('',#2957,.T.);
#3422=FACE_BOUND('',#2958,.T.);
#3423=FACE_BOUND('',#2959,.T.);
#3424=FACE_BOUND('',#2960,.T.);
#3425=FACE_BOUND('',#2961,.T.);
#3426=FACE_BOUND('',#2962,.T.);
#3427=FACE_BOUND('',#2963,.T.);
#3428=FACE_BOUND('',#2964,.T.);
#3429=FACE_BOUND('',#2965,.T.);
#3430=FACE_BOUND('',#2966,.T.);
#3431=FACE_BOUND('',#2967,.T.);
#3432=FACE_BOUND('',#2968,.T.);
#3433=FACE_BOUND('',#2969,.T.);
#3434=FACE_BOUND('',#2970,.T.);
#3435=FACE_BOUND('',#2971,.T.);
#3436=FACE_BOUND('',#2972,.T.);
#3437=FACE_BOUND('',#2973,.T.);
#3438=FACE_BOUND('',#2974,.T.);
#3439=FACE_BOUND('',#2975,.T.);
#3440=FACE_BOUND('',#2976,.T.);
#3441=FACE_BOUND('',#2977,.T.);
#3442=FACE_BOUND('',#2978,.T.);
#3443=FACE_BOUND('',#2979,.T.);
#3444=FACE_BOUND('',#2980,.T.);
#3445=FACE_BOUND('',#2981,.T.);
#3446=FACE_BOUND('',#2982,.T.);
#3447=FACE_BOUND('',#2983,.T.);
#3448=FACE_BOUND('',#2984,.T.);
#3449=FACE_BOUND('',#2985,.T.);
#3450=FACE_BOUND('',#2986,.T.);
#3451=FACE_BOUND('',#2987,.T.);
#3452=FACE_BOUND('',#2988,.T.);
#3453=FACE_BOUND('',#2989,.T.);
#3454=FACE_BOUND('',#2990,.T.);
#3455=FACE_BOUND('',#2991,.T.);
#3456=FACE_BOUND('',#2992,.T.);
#3457=FACE_BOUND('',#2993,.T.);
#3458=FACE_BOUND('',#2994,.T.);
#3459=FACE_BOUND('',#2995,.T.);
#3460=FACE_BOUND('',#2996,.T.);
#3461=FACE_BOUND('',#2997,.T.);
#3462=FACE_BOUND('',#2998,.T.);
#3463=FACE_BOUND('',#2999,.T.);
#3464=FACE_BOUND('',#3000,.T.);
#3465=FACE_BOUND('',#3001,.T.);
#3466=FACE_BOUND('',#3002,.T.);
#3467=FACE_BOUND('',#3003,.T.);
#3468=FACE_BOUND('',#3004,.T.);
#3469=FACE_BOUND('',#3005,.T.);
#3470=FACE_BOUND('',#3006,.T.);
#3471=FACE_BOUND('',#3007,.T.);
#3472=FACE_BOUND('',#3008,.T.);
#3473=FACE_BOUND('',#3009,.T.);
#3474=FACE_BOUND('',#3010,.T.);
#3475=FACE_BOUND('',#3011,.T.);
#3476=FACE_BOUND('',#3012,.T.);
#3477=FACE_BOUND('',#3013,.T.);
#3478=CYLINDRICAL_SURFACE('',#3865,0.0132);
#3479=CYLINDRICAL_SURFACE('',#3868,0.0132);
#3480=CYLINDRICAL_SURFACE('',#3871,0.0132);
#3481=CYLINDRICAL_SURFACE('',#3874,0.0132);
#3482=CYLINDRICAL_SURFACE('',#3877,0.0132);
#3483=CYLINDRICAL_SURFACE('',#3880,0.0132);
#3484=CYLINDRICAL_SURFACE('',#3883,0.0132);
#3485=CYLINDRICAL_SURFACE('',#3886,0.0132);
#3486=CYLINDRICAL_SURFACE('',#3889,0.0132);
#3487=CYLINDRICAL_SURFACE('',#3892,0.0132);
#3488=CYLINDRICAL_SURFACE('',#3895,0.0132);
#3489=CYLINDRICAL_SURFACE('',#3898,0.0132);
#3490=CYLINDRICAL_SURFACE('',#3901,0.0132);
#3491=CYLINDRICAL_SURFACE('',#3904,0.0132);
#3492=CYLINDRICAL_SURFACE('',#3907,0.0132);
#3493=CYLINDRICAL_SURFACE('',#3910,0.0132);
#3494=CYLINDRICAL_SURFACE('',#3913,0.0132);
#3495=CYLINDRICAL_SURFACE('',#3916,0.0132);
#3496=CYLINDRICAL_SURFACE('',#3919,0.0132);
#3497=CYLINDRICAL_SURFACE('',#3922,0.0132);
#3498=CYLINDRICAL_SURFACE('',#3925,0.0132);
#3499=CYLINDRICAL_SURFACE('',#3928,0.0132);
#3500=CYLINDRICAL_SURFACE('',#3931,0.0132);
#3501=CYLINDRICAL_SURFACE('',#3934,0.0132);
#3502=CYLINDRICAL_SURFACE('',#3937,0.0132);
#3503=CYLINDRICAL_SURFACE('',#3940,0.0132);
#3504=CYLINDRICAL_SURFACE('',#3943,0.0132);
#3505=CYLINDRICAL_SURFACE('',#3949,0.012);
#3506=CYLINDRICAL_SURFACE('',#3956,0.012);
#3507=CYLINDRICAL_SURFACE('',#3963,0.012);
#3508=CYLINDRICAL_SURFACE('',#3970,0.012);
#3509=CYLINDRICAL_SURFACE('',#3977,0.012);
#3510=CYLINDRICAL_SURFACE('',#3984,0.012);
#3511=CYLINDRICAL_SURFACE('',#3991,0.012);
#3512=CYLINDRICAL_SURFACE('',#3998,0.012);
#3513=CYLINDRICAL_SURFACE('',#4005,0.012);
#3514=CYLINDRICAL_SURFACE('',#4012,0.012);
#3515=CYLINDRICAL_SURFACE('',#4019,0.012);
#3516=CYLINDRICAL_SURFACE('',#4026,0.012);
#3517=CYLINDRICAL_SURFACE('',#4033,0.012);
#3518=CYLINDRICAL_SURFACE('',#4040,0.012);
#3519=CYLINDRICAL_SURFACE('',#4047,0.012);
#3520=CYLINDRICAL_SURFACE('',#4054,0.012);
#3521=CYLINDRICAL_SURFACE('',#4061,0.012);
#3522=CYLINDRICAL_SURFACE('',#4068,0.012);
#3523=CYLINDRICAL_SURFACE('',#4075,0.012);
#3524=CYLINDRICAL_SURFACE('',#4082,0.012);
#3525=CYLINDRICAL_SURFACE('',#4089,0.012);
#3526=CYLINDRICAL_SURFACE('',#4096,0.012);
#3527=CYLINDRICAL_SURFACE('',#4103,0.012);
#3528=CYLINDRICAL_SURFACE('',#4110,0.012);
#3529=CYLINDRICAL_SURFACE('',#4117,0.012);
#3530=CYLINDRICAL_SURFACE('',#4124,0.012);
#3531=CYLINDRICAL_SURFACE('',#4131,0.012);
#3532=CYLINDRICAL_SURFACE('',#4138,0.012);
#3533=CYLINDRICAL_SURFACE('',#4142,0.0132);
#3534=CYLINDRICAL_SURFACE('',#4147,0.0092);
#3535=CYLINDRICAL_SURFACE('',#4155,0.008);
#3536=CYLINDRICAL_SURFACE('',#4156,0.008);
#3537=CYLINDRICAL_SURFACE('',#4157,0.008);
#3538=CYLINDRICAL_SURFACE('',#4158,0.008);
#3539=CYLINDRICAL_SURFACE('',#4159,0.008);
#3540=CYLINDRICAL_SURFACE('',#4160,0.008);
#3541=CYLINDRICAL_SURFACE('',#4161,0.008);
#3542=CYLINDRICAL_SURFACE('',#4162,0.008);
#3543=CYLINDRICAL_SURFACE('',#4163,0.008);
#3544=CYLINDRICAL_SURFACE('',#4164,0.008);
#3545=CYLINDRICAL_SURFACE('',#4165,0.008);
#3546=CYLINDRICAL_SURFACE('',#4166,0.008);
#3547=CYLINDRICAL_SURFACE('',#4167,0.008);
#3548=CYLINDRICAL_SURFACE('',#4168,0.008);
#3549=CYLINDRICAL_SURFACE('',#4169,0.008);
#3550=CYLINDRICAL_SURFACE('',#4170,0.008);
#3551=CYLINDRICAL_SURFACE('',#4171,0.008);
#3552=CYLINDRICAL_SURFACE('',#4172,0.008);
#3553=CYLINDRICAL_SURFACE('',#4173,0.008);
#3554=CYLINDRICAL_SURFACE('',#4174,0.008);
#3555=CYLINDRICAL_SURFACE('',#4175,0.008);
#3556=CYLINDRICAL_SURFACE('',#4176,0.008);
#3557=CYLINDRICAL_SURFACE('',#4177,0.008);
#3558=CYLINDRICAL_SURFACE('',#4178,0.008);
#3559=CYLINDRICAL_SURFACE('',#4179,0.008);
#3560=CYLINDRICAL_SURFACE('',#4180,0.008);
#3561=CYLINDRICAL_SURFACE('',#4181,0.008);
#3562=CYLINDRICAL_SURFACE('',#4182,0.008);
#3563=CYLINDRICAL_SURFACE('',#4183,0.008);
#3564=CYLINDRICAL_SURFACE('',#4191,0.0092);
#3565=CYLINDRICAL_SURFACE('',#4196,0.0092);
#3566=CYLINDRICAL_SURFACE('',#4201,0.0092);
#3567=CYLINDRICAL_SURFACE('',#4206,0.0092);
#3568=CYLINDRICAL_SURFACE('',#4211,0.0092);
#3569=CYLINDRICAL_SURFACE('',#4216,0.0092);
#3570=CYLINDRICAL_SURFACE('',#4221,0.0092);
#3571=CYLINDRICAL_SURFACE('',#4226,0.0092);
#3572=CYLINDRICAL_SURFACE('',#4231,0.0092);
#3573=CYLINDRICAL_SURFACE('',#4236,0.0092);
#3574=CYLINDRICAL_SURFACE('',#4241,0.0092);
#3575=CYLINDRICAL_SURFACE('',#4246,0.0092);
#3576=CYLINDRICAL_SURFACE('',#4251,0.0092);
#3577=CYLINDRICAL_SURFACE('',#4256,0.0092);
#3578=CYLINDRICAL_SURFACE('',#4261,0.0092);
#3579=CYLINDRICAL_SURFACE('',#4266,0.0092);
#3580=CYLINDRICAL_SURFACE('',#4271,0.0092);
#3581=CYLINDRICAL_SURFACE('',#4276,0.0092);
#3582=CYLINDRICAL_SURFACE('',#4281,0.0092);
#3583=CYLINDRICAL_SURFACE('',#4286,0.0092);
#3584=CYLINDRICAL_SURFACE('',#4291,0.0092);
#3585=CYLINDRICAL_SURFACE('',#4296,0.0092);
#3586=CYLINDRICAL_SURFACE('',#4301,0.0092);
#3587=CYLINDRICAL_SURFACE('',#4306,0.0092);
#3588=CYLINDRICAL_SURFACE('',#4311,0.0092);
#3589=CYLINDRICAL_SURFACE('',#4316,0.0092);
#3590=CYLINDRICAL_SURFACE('',#4321,0.0092);
#3591=CYLINDRICAL_SURFACE('',#4326,0.0092);
#3592=ADVANCED_FACE('',(#3014),#3478,.T.);
#3593=ADVANCED_FACE('',(#3015),#3479,.T.);
#3594=ADVANCED_FACE('',(#3016),#3480,.T.);
#3595=ADVANCED_FACE('',(#3017),#3481,.T.);
#3596=ADVANCED_FACE('',(#3018),#3482,.T.);
#3597=ADVANCED_FACE('',(#3019),#3483,.T.);
#3598=ADVANCED_FACE('',(#3020),#3484,.T.);
#3599=ADVANCED_FACE('',(#3021),#3485,.T.);
#3600=ADVANCED_FACE('',(#3022),#3486,.T.);
#3601=ADVANCED_FACE('',(#3023),#3487,.T.);
#3602=ADVANCED_FACE('',(#3024),#3488,.T.);
#3603=ADVANCED_FACE('',(#3025),#3489,.T.);
#3604=ADVANCED_FACE('',(#3026),#3490,.T.);
#3605=ADVANCED_FACE('',(#3027),#3491,.T.);
#3606=ADVANCED_FACE('',(#3028),#3492,.T.);
#3607=ADVANCED_FACE('',(#3029),#3493,.T.);
#3608=ADVANCED_FACE('',(#3030),#3494,.T.);
#3609=ADVANCED_FACE('',(#3031),#3495,.T.);
#3610=ADVANCED_FACE('',(#3032),#3496,.T.);
#3611=ADVANCED_FACE('',(#3033),#3497,.T.);
#3612=ADVANCED_FACE('',(#3034),#3498,.T.);
#3613=ADVANCED_FACE('',(#3035),#3499,.T.);
#3614=ADVANCED_FACE('',(#3036),#3500,.T.);
#3615=ADVANCED_FACE('',(#3037),#3501,.T.);
#3616=ADVANCED_FACE('',(#3038),#3502,.T.);
#3617=ADVANCED_FACE('',(#3039),#3503,.T.);
#3618=ADVANCED_FACE('',(#3040),#3504,.T.);
#3619=ADVANCED_FACE('',(#3041,#3042),#14,.F.);
#3620=ADVANCED_FACE('',(#3043),#3505,.F.);
#3621=ADVANCED_FACE('',(#3044,#3045),#15,.F.);
#3622=ADVANCED_FACE('',(#3046,#3047),#16,.F.);
#3623=ADVANCED_FACE('',(#3048),#3506,.F.);
#3624=ADVANCED_FACE('',(#3049,#3050),#17,.F.);
#3625=ADVANCED_FACE('',(#3051,#3052),#18,.F.);
#3626=ADVANCED_FACE('',(#3053),#3507,.F.);
#3627=ADVANCED_FACE('',(#3054,#3055),#19,.F.);
#3628=ADVANCED_FACE('',(#3056,#3057),#20,.F.);
#3629=ADVANCED_FACE('',(#3058),#3508,.F.);
#3630=ADVANCED_FACE('',(#3059,#3060),#21,.F.);
#3631=ADVANCED_FACE('',(#3061,#3062),#22,.F.);
#3632=ADVANCED_FACE('',(#3063),#3509,.F.);
#3633=ADVANCED_FACE('',(#3064,#3065),#23,.F.);
#3634=ADVANCED_FACE('',(#3066,#3067),#24,.F.);
#3635=ADVANCED_FACE('',(#3068),#3510,.F.);
#3636=ADVANCED_FACE('',(#3069,#3070),#25,.F.);
#3637=ADVANCED_FACE('',(#3071,#3072),#26,.F.);
#3638=ADVANCED_FACE('',(#3073),#3511,.F.);
#3639=ADVANCED_FACE('',(#3074,#3075),#27,.F.);
#3640=ADVANCED_FACE('',(#3076,#3077),#28,.F.);
#3641=ADVANCED_FACE('',(#3078),#3512,.F.);
#3642=ADVANCED_FACE('',(#3079,#3080),#29,.F.);
#3643=ADVANCED_FACE('',(#3081,#3082),#30,.F.);
#3644=ADVANCED_FACE('',(#3083),#3513,.F.);
#3645=ADVANCED_FACE('',(#3084,#3085),#31,.F.);
#3646=ADVANCED_FACE('',(#3086,#3087),#32,.F.);
#3647=ADVANCED_FACE('',(#3088),#3514,.F.);
#3648=ADVANCED_FACE('',(#3089,#3090),#33,.F.);
#3649=ADVANCED_FACE('',(#3091,#3092),#34,.F.);
#3650=ADVANCED_FACE('',(#3093),#3515,.F.);
#3651=ADVANCED_FACE('',(#3094,#3095),#35,.F.);
#3652=ADVANCED_FACE('',(#3096,#3097),#36,.F.);
#3653=ADVANCED_FACE('',(#3098),#3516,.F.);
#3654=ADVANCED_FACE('',(#3099,#3100),#37,.F.);
#3655=ADVANCED_FACE('',(#3101,#3102),#38,.F.);
#3656=ADVANCED_FACE('',(#3103),#3517,.F.);
#3657=ADVANCED_FACE('',(#3104,#3105),#39,.F.);
#3658=ADVANCED_FACE('',(#3106,#3107),#40,.F.);
#3659=ADVANCED_FACE('',(#3108),#3518,.F.);
#3660=ADVANCED_FACE('',(#3109,#3110),#41,.F.);
#3661=ADVANCED_FACE('',(#3111,#3112),#42,.F.);
#3662=ADVANCED_FACE('',(#3113),#3519,.F.);
#3663=ADVANCED_FACE('',(#3114,#3115),#43,.F.);
#3664=ADVANCED_FACE('',(#3116,#3117),#44,.F.);
#3665=ADVANCED_FACE('',(#3118),#3520,.F.);
#3666=ADVANCED_FACE('',(#3119,#3120),#45,.F.);
#3667=ADVANCED_FACE('',(#3121,#3122),#46,.F.);
#3668=ADVANCED_FACE('',(#3123),#3521,.F.);
#3669=ADVANCED_FACE('',(#3124,#3125),#47,.F.);
#3670=ADVANCED_FACE('',(#3126,#3127),#48,.F.);
#3671=ADVANCED_FACE('',(#3128),#3522,.F.);
#3672=ADVANCED_FACE('',(#3129,#3130),#49,.F.);
#3673=ADVANCED_FACE('',(#3131,#3132),#50,.F.);
#3674=ADVANCED_FACE('',(#3133),#3523,.F.);
#3675=ADVANCED_FACE('',(#3134,#3135),#51,.F.);
#3676=ADVANCED_FACE('',(#3136,#3137),#52,.F.);
#3677=ADVANCED_FACE('',(#3138),#3524,.F.);
#3678=ADVANCED_FACE('',(#3139,#3140),#53,.F.);
#3679=ADVANCED_FACE('',(#3141,#3142),#54,.F.);
#3680=ADVANCED_FACE('',(#3143),#3525,.F.);
#3681=ADVANCED_FACE('',(#3144,#3145),#55,.F.);
#3682=ADVANCED_FACE('',(#3146,#3147),#56,.F.);
#3683=ADVANCED_FACE('',(#3148),#3526,.F.);
#3684=ADVANCED_FACE('',(#3149,#3150),#57,.F.);
#3685=ADVANCED_FACE('',(#3151,#3152),#58,.F.);
#3686=ADVANCED_FACE('',(#3153),#3527,.F.);
#3687=ADVANCED_FACE('',(#3154,#3155),#59,.F.);
#3688=ADVANCED_FACE('',(#3156,#3157),#60,.F.);
#3689=ADVANCED_FACE('',(#3158),#3528,.F.);
#3690=ADVANCED_FACE('',(#3159,#3160),#61,.F.);
#3691=ADVANCED_FACE('',(#3161,#3162),#62,.F.);
#3692=ADVANCED_FACE('',(#3163),#3529,.F.);
#3693=ADVANCED_FACE('',(#3164,#3165),#63,.F.);
#3694=ADVANCED_FACE('',(#3166,#3167),#64,.F.);
#3695=ADVANCED_FACE('',(#3168),#3530,.F.);
#3696=ADVANCED_FACE('',(#3169,#3170),#65,.F.);
#3697=ADVANCED_FACE('',(#3171,#3172),#66,.F.);
#3698=ADVANCED_FACE('',(#3173),#3531,.F.);
#3699=ADVANCED_FACE('',(#3174,#3175),#67,.F.);
#3700=ADVANCED_FACE('',(#3176,#3177),#68,.F.);
#3701=ADVANCED_FACE('',(#3178),#3532,.F.);
#3702=ADVANCED_FACE('',(#3179,#3180),#69,.F.);
#3703=ADVANCED_FACE('',(#3181),#3533,.T.);
#3704=ADVANCED_FACE('',(#3182,#3183),#70,.T.);
#3705=ADVANCED_FACE('',(#3184,#3185),#3534,.T.);
#3706=ADVANCED_FACE('',(#3186,#3187),#71,.T.);
#3707=ADVANCED_FACE('',(#3188,#3189),#12,.T.);
#3708=ADVANCED_FACE('',(#3190,#3191),#72,.F.);
#3709=ADVANCED_FACE('',(#3192,#3193),#3535,.F.);
#3710=ADVANCED_FACE('',(#3194,#3195),#3536,.F.);
#3711=ADVANCED_FACE('',(#3196,#3197),#3537,.F.);
#3712=ADVANCED_FACE('',(#3198,#3199),#3538,.F.);
#3713=ADVANCED_FACE('',(#3200,#3201),#3539,.F.);
#3714=ADVANCED_FACE('',(#3202,#3203),#3540,.F.);
#3715=ADVANCED_FACE('',(#3204,#3205),#3541,.F.);
#3716=ADVANCED_FACE('',(#3206,#3207),#3542,.F.);
#3717=ADVANCED_FACE('',(#3208,#3209),#3543,.F.);
#3718=ADVANCED_FACE('',(#3210,#3211),#3544,.F.);
#3719=ADVANCED_FACE('',(#3212,#3213),#3545,.F.);
#3720=ADVANCED_FACE('',(#3214,#3215),#3546,.F.);
#3721=ADVANCED_FACE('',(#3216,#3217),#3547,.F.);
#3722=ADVANCED_FACE('',(#3218,#3219),#3548,.F.);
#3723=ADVANCED_FACE('',(#3220,#3221),#3549,.F.);
#3724=ADVANCED_FACE('',(#3222,#3223),#3550,.F.);
#3725=ADVANCED_FACE('',(#3224,#3225),#3551,.F.);
#3726=ADVANCED_FACE('',(#3226,#3227),#3552,.F.);
#3727=ADVANCED_FACE('',(#3228,#3229),#3553,.F.);
#3728=ADVANCED_FACE('',(#3230,#3231),#3554,.F.);
#3729=ADVANCED_FACE('',(#3232,#3233),#3555,.F.);
#3730=ADVANCED_FACE('',(#3234,#3235),#3556,.F.);
#3731=ADVANCED_FACE('',(#3236,#3237),#3557,.F.);
#3732=ADVANCED_FACE('',(#3238,#3239),#3558,.F.);
#3733=ADVANCED_FACE('',(#3240,#3241),#3559,.F.);
#3734=ADVANCED_FACE('',(#3242,#3243),#3560,.F.);
#3735=ADVANCED_FACE('',(#3244,#3245),#3561,.F.);
#3736=ADVANCED_FACE('',(#3246,#3247),#3562,.F.);
#3737=ADVANCED_FACE('',(#3248,#3249),#3563,.F.);
#3738=ADVANCED_FACE('',(#3250,#3251),#73,.T.);
#3739=ADVANCED_FACE('',(#3252,#3253),#13,.T.);
#3740=ADVANCED_FACE('',(#3254,#3255),#74,.F.);
#3741=ADVANCED_FACE('',(#3256,#3257),#3564,.T.);
#3742=ADVANCED_FACE('',(#3258,#3259),#75,.T.);
#3743=ADVANCED_FACE('',(#3260,#3261),#76,.T.);
#3744=ADVANCED_FACE('',(#3262,#3263),#3565,.T.);
#3745=ADVANCED_FACE('',(#3264,#3265),#77,.T.);
#3746=ADVANCED_FACE('',(#3266,#3267),#78,.T.);
#3747=ADVANCED_FACE('',(#3268,#3269),#3566,.T.);
#3748=ADVANCED_FACE('',(#3270,#3271),#79,.T.);
#3749=ADVANCED_FACE('',(#3272,#3273),#80,.T.);
#3750=ADVANCED_FACE('',(#3274,#3275),#3567,.T.);
#3751=ADVANCED_FACE('',(#3276,#3277),#81,.T.);
#3752=ADVANCED_FACE('',(#3278,#3279),#82,.T.);
#3753=ADVANCED_FACE('',(#3280,#3281),#3568,.T.);
#3754=ADVANCED_FACE('',(#3282,#3283),#83,.T.);
#3755=ADVANCED_FACE('',(#3284,#3285),#84,.T.);
#3756=ADVANCED_FACE('',(#3286,#3287),#3569,.T.);
#3757=ADVANCED_FACE('',(#3288,#3289),#85,.T.);
#3758=ADVANCED_FACE('',(#3290,#3291),#86,.T.);
#3759=ADVANCED_FACE('',(#3292,#3293),#3570,.T.);
#3760=ADVANCED_FACE('',(#3294,#3295),#87,.T.);
#3761=ADVANCED_FACE('',(#3296,#3297),#88,.T.);
#3762=ADVANCED_FACE('',(#3298,#3299),#3571,.T.);
#3763=ADVANCED_FACE('',(#3300,#3301),#89,.T.);
#3764=ADVANCED_FACE('',(#3302,#3303),#90,.T.);
#3765=ADVANCED_FACE('',(#3304,#3305),#3572,.T.);
#3766=ADVANCED_FACE('',(#3306,#3307),#91,.T.);
#3767=ADVANCED_FACE('',(#3308,#3309),#92,.T.);
#3768=ADVANCED_FACE('',(#3310,#3311),#3573,.T.);
#3769=ADVANCED_FACE('',(#3312,#3313),#93,.T.);
#3770=ADVANCED_FACE('',(#3314,#3315),#94,.T.);
#3771=ADVANCED_FACE('',(#3316,#3317),#3574,.T.);
#3772=ADVANCED_FACE('',(#3318,#3319),#95,.T.);
#3773=ADVANCED_FACE('',(#3320,#3321),#96,.T.);
#3774=ADVANCED_FACE('',(#3322,#3323),#3575,.T.);
#3775=ADVANCED_FACE('',(#3324,#3325),#97,.T.);
#3776=ADVANCED_FACE('',(#3326,#3327),#98,.T.);
#3777=ADVANCED_FACE('',(#3328,#3329),#3576,.T.);
#3778=ADVANCED_FACE('',(#3330,#3331),#99,.T.);
#3779=ADVANCED_FACE('',(#3332,#3333),#100,.T.);
#3780=ADVANCED_FACE('',(#3334,#3335),#3577,.T.);
#3781=ADVANCED_FACE('',(#3336,#3337),#101,.T.);
#3782=ADVANCED_FACE('',(#3338,#3339),#102,.T.);
#3783=ADVANCED_FACE('',(#3340,#3341),#3578,.T.);
#3784=ADVANCED_FACE('',(#3342,#3343),#103,.T.);
#3785=ADVANCED_FACE('',(#3344,#3345),#104,.T.);
#3786=ADVANCED_FACE('',(#3346,#3347),#3579,.T.);
#3787=ADVANCED_FACE('',(#3348,#3349),#105,.T.);
#3788=ADVANCED_FACE('',(#3350,#3351),#106,.T.);
#3789=ADVANCED_FACE('',(#3352,#3353),#3580,.T.);
#3790=ADVANCED_FACE('',(#3354,#3355),#107,.T.);
#3791=ADVANCED_FACE('',(#3356,#3357),#108,.T.);
#3792=ADVANCED_FACE('',(#3358,#3359),#3581,.T.);
#3793=ADVANCED_FACE('',(#3360,#3361),#109,.T.);
#3794=ADVANCED_FACE('',(#3362,#3363),#110,.T.);
#3795=ADVANCED_FACE('',(#3364,#3365),#3582,.T.);
#3796=ADVANCED_FACE('',(#3366,#3367),#111,.T.);
#3797=ADVANCED_FACE('',(#3368,#3369),#112,.T.);
#3798=ADVANCED_FACE('',(#3370,#3371),#3583,.T.);
#3799=ADVANCED_FACE('',(#3372,#3373),#113,.T.);
#3800=ADVANCED_FACE('',(#3374,#3375),#114,.T.);
#3801=ADVANCED_FACE('',(#3376,#3377),#3584,.T.);
#3802=ADVANCED_FACE('',(#3378,#3379),#115,.T.);
#3803=ADVANCED_FACE('',(#3380,#3381),#116,.T.);
#3804=ADVANCED_FACE('',(#3382,#3383),#3585,.T.);
#3805=ADVANCED_FACE('',(#3384,#3385),#117,.T.);
#3806=ADVANCED_FACE('',(#3386,#3387),#118,.T.);
#3807=ADVANCED_FACE('',(#3388,#3389),#3586,.T.);
#3808=ADVANCED_FACE('',(#3390,#3391),#119,.T.);
#3809=ADVANCED_FACE('',(#3392,#3393),#120,.T.);
#3810=ADVANCED_FACE('',(#3394,#3395),#3587,.T.);
#3811=ADVANCED_FACE('',(#3396,#3397),#121,.T.);
#3812=ADVANCED_FACE('',(#3398,#3399),#122,.T.);
#3813=ADVANCED_FACE('',(#3400,#3401),#3588,.T.);
#3814=ADVANCED_FACE('',(#3402,#3403),#123,.T.);
#3815=ADVANCED_FACE('',(#3404,#3405),#124,.T.);
#3816=ADVANCED_FACE('',(#3406,#3407),#3589,.T.);
#3817=ADVANCED_FACE('',(#3408,#3409),#125,.T.);
#3818=ADVANCED_FACE('',(#3410,#3411),#126,.T.);
#3819=ADVANCED_FACE('',(#3412,#3413),#3590,.T.);
#3820=ADVANCED_FACE('',(#3414,#3415),#127,.T.);
#3821=ADVANCED_FACE('',(#3416,#3417),#128,.T.);
#3822=ADVANCED_FACE('',(#3418,#3419),#3591,.T.);
#3823=ADVANCED_FACE('',(#3420,#3421),#129,.T.);
#3824=ADVANCED_FACE('',(#3422,#3423),#130,.T.);
#3825=ADVANCED_FACE('',(#3424,#3425),#131,.T.);
#3826=ADVANCED_FACE('',(#3426,#3427),#132,.T.);
#3827=ADVANCED_FACE('',(#3428,#3429),#133,.T.);
#3828=ADVANCED_FACE('',(#3430,#3431),#134,.T.);
#3829=ADVANCED_FACE('',(#3432,#3433),#135,.T.);
#3830=ADVANCED_FACE('',(#3434,#3435),#136,.T.);
#3831=ADVANCED_FACE('',(#3436,#3437),#137,.T.);
#3832=ADVANCED_FACE('',(#3438,#3439),#138,.T.);
#3833=ADVANCED_FACE('',(#3440,#3441),#139,.T.);
#3834=ADVANCED_FACE('',(#3442,#3443),#140,.T.);
#3835=ADVANCED_FACE('',(#3444,#3445),#141,.T.);
#3836=ADVANCED_FACE('',(#3446,#3447),#142,.T.);
#3837=ADVANCED_FACE('',(#3448,#3449),#143,.T.);
#3838=ADVANCED_FACE('',(#3450,#3451),#144,.T.);
#3839=ADVANCED_FACE('',(#3452,#3453),#145,.T.);
#3840=ADVANCED_FACE('',(#3454,#3455),#146,.T.);
#3841=ADVANCED_FACE('',(#3456,#3457),#147,.T.);
#3842=ADVANCED_FACE('',(#3458,#3459),#148,.T.);
#3843=ADVANCED_FACE('',(#3460,#3461),#149,.T.);
#3844=ADVANCED_FACE('',(#3462,#3463),#150,.T.);
#3845=ADVANCED_FACE('',(#3464,#3465),#151,.T.);
#3846=ADVANCED_FACE('',(#3466,#3467),#152,.T.);
#3847=ADVANCED_FACE('',(#3468,#3469),#153,.T.);
#3848=ADVANCED_FACE('',(#3470,#3471),#154,.T.);
#3849=ADVANCED_FACE('',(#3472,#3473),#155,.T.);
#3850=ADVANCED_FACE('',(#3474,#3475),#156,.T.);
#3851=ADVANCED_FACE('',(#3476,#3477),#157,.T.);
#3852=CLOSED_SHELL('',(#3592,#3593,#3594,#3595,#3596,#3597,#3598,#3599,
#3600,#3601,#3602,#3603,#3604,#3605,#3606,#3607,#3608,#3609,#3610,#3611,
#3612,#3613,#3614,#3615,#3616,#3617,#3618,#3619,#3620,#3621,#3622,#3623,
#3624,#3625,#3626,#3627,#3628,#3629,#3630,#3631,#3632,#3633,#3634,#3635,
#3636,#3637,#3638,#3639,#3640,#3641,#3642,#3643,#3644,#3645,#3646,#3647,
#3648,#3649,#3650,#3651,#3652,#3653,#3654,#3655,#3656,#3657,#3658,#3659,
#3660,#3661,#3662,#3663,#3664,#3665,#3666,#3667,#3668,#3669,#3670,#3671,
#3672,#3673,#3674,#3675,#3676,#3677,#3678,#3679,#3680,#3681,#3682,#3683,
#3684,#3685,#3686,#3687,#3688,#3689,#3690,#3691,#3692,#3693,#3694,#3695,
#3696,#3697,#3698,#3699,#3700,#3701,#3702,#3703,#3704,#3705,#3706,#3707,
#3708,#3709,#3710,#3711,#3712,#3713,#3714,#3715,#3716,#3717,#3718,#3719,
#3720,#3721,#3722,#3723,#3724,#3725,#3726,#3727,#3728,#3729,#3730,#3731,
#3732,#3733,#3734,#3735,#3736,#3737,#3738,#3739,#3740,#3741,#3742,#3743,
#3744,#3745,#3746,#3747,#3748,#3749,#3750,#3751,#3752,#3753,#3754,#3755,
#3756,#3757,#3758,#3759,#3760,#3761,#3762,#3763,#3764,#3765,#3766,#3767,
#3768,#3769,#3770,#3771,#3772,#3773,#3774,#3775,#3776,#3777,#3778,#3779,
#3780,#3781,#3782,#3783,#3784,#3785,#3786,#3787,#3788,#3789,#3790,#3791,
#3792,#3793,#3794,#3795,#3796,#3797,#3798,#3799,#3800,#3801,#3802,#3803,
#3804,#3805,#3806,#3807,#3808,#3809,#3810,#3811,#3812,#3813,#3814,#3815,
#3816,#3817,#3818,#3819,#3820,#3821,#3822,#3823,#3824,#3825,#3826,#3827,
#3828,#3829,#3830,#3831,#3832,#3833,#3834,#3835,#3836,#3837,#3838,#3839,
#3840,#3841,#3842,#3843,#3844,#3845,#3846,#3847,#3848,#3849,#3850,#3851));
#3853=STYLED_ITEM('',(#3854),#3861);
#3854=PRESENTATION_STYLE_ASSIGNMENT((#3855));
#3855=SURFACE_STYLE_USAGE(.BOTH.,#3856);
#3856=SURFACE_SIDE_STYLE('',(#3857));
#3857=SURFACE_STYLE_FILL_AREA(#3858);
#3858=FILL_AREA_STYLE('',(#3859));
#3859=FILL_AREA_STYLE_COLOUR('',#3860);
#3860=COLOUR_RGB('',0.615686274509804,0.811764705882353,0.929411764705882);
#3861=MANIFOLD_SOLID_BREP('Tube',#3852);
#3862=SHAPE_DEFINITION_REPRESENTATION(#6634,#3863);
#3863=SHAPE_REPRESENTATION('Tube',(#3864),#6629);
#3864=AXIS2_PLACEMENT_3D('',#5567,#4357,#4358);
#3865=AXIS2_PLACEMENT_3D('',#5568,#4359,#4360);
#3866=AXIS2_PLACEMENT_3D('',#5569,#4361,#4362);
#3867=AXIS2_PLACEMENT_3D('',#5574,#4364,#4365);
#3868=AXIS2_PLACEMENT_3D('',#5577,#4367,#4368);
#3869=AXIS2_PLACEMENT_3D('',#5578,#4369,#4370);
#3870=AXIS2_PLACEMENT_3D('',#5583,#4372,#4373);
#3871=AXIS2_PLACEMENT_3D('',#5586,#4375,#4376);
#3872=AXIS2_PLACEMENT_3D('',#5587,#4377,#4378);
#3873=AXIS2_PLACEMENT_3D('',#5592,#4380,#4381);
#3874=AXIS2_PLACEMENT_3D('',#5595,#4383,#4384);
#3875=AXIS2_PLACEMENT_3D('',#5596,#4385,#4386);
#3876=AXIS2_PLACEMENT_3D('',#5601,#4388,#4389);
#3877=AXIS2_PLACEMENT_3D('',#5604,#4391,#4392);
#3878=AXIS2_PLACEMENT_3D('',#5605,#4393,#4394);
#3879=AXIS2_PLACEMENT_3D('',#5610,#4396,#4397);
#3880=AXIS2_PLACEMENT_3D('',#5613,#4399,#4400);
#3881=AXIS2_PLACEMENT_3D('',#5614,#4401,#4402);
#3882=AXIS2_PLACEMENT_3D('',#5619,#4404,#4405);
#3883=AXIS2_PLACEMENT_3D('',#5622,#4407,#4408);
#3884=AXIS2_PLACEMENT_3D('',#5623,#4409,#4410);
#3885=AXIS2_PLACEMENT_3D('',#5628,#4412,#4413);
#3886=AXIS2_PLACEMENT_3D('',#5631,#4415,#4416);
#3887=AXIS2_PLACEMENT_3D('',#5632,#4417,#4418);
#3888=AXIS2_PLACEMENT_3D('',#5637,#4420,#4421);
#3889=AXIS2_PLACEMENT_3D('',#5640,#4423,#4424);
#3890=AXIS2_PLACEMENT_3D('',#5641,#4425,#4426);
#3891=AXIS2_PLACEMENT_3D('',#5646,#4428,#4429);
#3892=AXIS2_PLACEMENT_3D('',#5649,#4431,#4432);
#3893=AXIS2_PLACEMENT_3D('',#5650,#4433,#4434);
#3894=AXIS2_PLACEMENT_3D('',#5655,#4436,#4437);
#3895=AXIS2_PLACEMENT_3D('',#5658,#4439,#4440);
#3896=AXIS2_PLACEMENT_3D('',#5659,#4441,#4442);
#3897=AXIS2_PLACEMENT_3D('',#5664,#4444,#4445);
#3898=AXIS2_PLACEMENT_3D('',#5667,#4447,#4448);
#3899=AXIS2_PLACEMENT_3D('',#5668,#4449,#4450);
#3900=AXIS2_PLACEMENT_3D('',#5673,#4452,#4453);
#3901=AXIS2_PLACEMENT_3D('',#5676,#4455,#4456);
#3902=AXIS2_PLACEMENT_3D('',#5677,#4457,#4458);
#3903=AXIS2_PLACEMENT_3D('',#5682,#4460,#4461);
#3904=AXIS2_PLACEMENT_3D('',#5685,#4463,#4464);
#3905=AXIS2_PLACEMENT_3D('',#5686,#4465,#4466);
#3906=AXIS2_PLACEMENT_3D('',#5691,#4468,#4469);
#3907=AXIS2_PLACEMENT_3D('',#5694,#4471,#4472);
#3908=AXIS2_PLACEMENT_3D('',#5695,#4473,#4474);
#3909=AXIS2_PLACEMENT_3D('',#5700,#4476,#4477);
#3910=AXIS2_PLACEMENT_3D('',#5703,#4479,#4480);
#3911=AXIS2_PLACEMENT_3D('',#5704,#4481,#4482);
#3912=AXIS2_PLACEMENT_3D('',#5709,#4484,#4485);
#3913=AXIS2_PLACEMENT_3D('',#5712,#4487,#4488);
#3914=AXIS2_PLACEMENT_3D('',#5713,#4489,#4490);
#3915=AXIS2_PLACEMENT_3D('',#5718,#4492,#4493);
#3916=AXIS2_PLACEMENT_3D('',#5721,#4495,#4496);
#3917=AXIS2_PLACEMENT_3D('',#5722,#4497,#4498);
#3918=AXIS2_PLACEMENT_3D('',#5727,#4500,#4501);
#3919=AXIS2_PLACEMENT_3D('',#5730,#4503,#4504);
#3920=AXIS2_PLACEMENT_3D('',#5731,#4505,#4506);
#3921=AXIS2_PLACEMENT_3D('',#5736,#4508,#4509);
#3922=AXIS2_PLACEMENT_3D('',#5739,#4511,#4512);
#3923=AXIS2_PLACEMENT_3D('',#5740,#4513,#4514);
#3924=AXIS2_PLACEMENT_3D('',#5745,#4516,#4517);
#3925=AXIS2_PLACEMENT_3D('',#5748,#4519,#4520);
#3926=AXIS2_PLACEMENT_3D('',#5749,#4521,#4522);
#3927=AXIS2_PLACEMENT_3D('',#5754,#4524,#4525);
#3928=AXIS2_PLACEMENT_3D('',#5757,#4527,#4528);
#3929=AXIS2_PLACEMENT_3D('',#5758,#4529,#4530);
#3930=AXIS2_PLACEMENT_3D('',#5763,#4532,#4533);
#3931=AXIS2_PLACEMENT_3D('',#5766,#4535,#4536);
#3932=AXIS2_PLACEMENT_3D('',#5767,#4537,#4538);
#3933=AXIS2_PLACEMENT_3D('',#5772,#4540,#4541);
#3934=AXIS2_PLACEMENT_3D('',#5775,#4543,#4544);
#3935=AXIS2_PLACEMENT_3D('',#5776,#4545,#4546);
#3936=AXIS2_PLACEMENT_3D('',#5781,#4548,#4549);
#3937=AXIS2_PLACEMENT_3D('',#5784,#4551,#4552);
#3938=AXIS2_PLACEMENT_3D('',#5785,#4553,#4554);
#3939=AXIS2_PLACEMENT_3D('',#5790,#4556,#4557);
#3940=AXIS2_PLACEMENT_3D('',#5793,#4559,#4560);
#3941=AXIS2_PLACEMENT_3D('',#5794,#4561,#4562);
#3942=AXIS2_PLACEMENT_3D('',#5799,#4564,#4565);
#3943=AXIS2_PLACEMENT_3D('',#5802,#4567,#4568);
#3944=AXIS2_PLACEMENT_3D('',#5803,#4569,#4570);
#3945=AXIS2_PLACEMENT_3D('',#5808,#4572,#4573);
#3946=AXIS2_PLACEMENT_3D('',#5811,#4575,#4576);
#3947=AXIS2_PLACEMENT_3D('',#5812,#4577,#4578);
#3948=AXIS2_PLACEMENT_3D('',#5817,#4580,#4581);
#3949=AXIS2_PLACEMENT_3D('',#5818,#4582,#4583);
#3950=AXIS2_PLACEMENT_3D('',#5823,#4586,#4587);
#3951=AXIS2_PLACEMENT_3D('',#5824,#4588,#4589);
#3952=AXIS2_PLACEMENT_3D('',#5825,#4590,#4591);
#3953=AXIS2_PLACEMENT_3D('',#5828,#4593,#4594);
#3954=AXIS2_PLACEMENT_3D('',#5829,#4595,#4596);
#3955=AXIS2_PLACEMENT_3D('',#5834,#4598,#4599);
#3956=AXIS2_PLACEMENT_3D('',#5835,#4600,#4601);
#3957=AXIS2_PLACEMENT_3D('',#5840,#4604,#4605);
#3958=AXIS2_PLACEMENT_3D('',#5841,#4606,#4607);
#3959=AXIS2_PLACEMENT_3D('',#5842,#4608,#4609);
#3960=AXIS2_PLACEMENT_3D('',#5845,#4611,#4612);
#3961=AXIS2_PLACEMENT_3D('',#5846,#4613,#4614);
#3962=AXIS2_PLACEMENT_3D('',#5851,#4616,#4617);
#3963=AXIS2_PLACEMENT_3D('',#5852,#4618,#4619);
#3964=AXIS2_PLACEMENT_3D('',#5857,#4622,#4623);
#3965=AXIS2_PLACEMENT_3D('',#5858,#4624,#4625);
#3966=AXIS2_PLACEMENT_3D('',#5859,#4626,#4627);
#3967=AXIS2_PLACEMENT_3D('',#5862,#4629,#4630);
#3968=AXIS2_PLACEMENT_3D('',#5863,#4631,#4632);
#3969=AXIS2_PLACEMENT_3D('',#5868,#4634,#4635);
#3970=AXIS2_PLACEMENT_3D('',#5869,#4636,#4637);
#3971=AXIS2_PLACEMENT_3D('',#5874,#4640,#4641);
#3972=AXIS2_PLACEMENT_3D('',#5875,#4642,#4643);
#3973=AXIS2_PLACEMENT_3D('',#5876,#4644,#4645);
#3974=AXIS2_PLACEMENT_3D('',#5879,#4647,#4648);
#3975=AXIS2_PLACEMENT_3D('',#5880,#4649,#4650);
#3976=AXIS2_PLACEMENT_3D('',#5885,#4652,#4653);
#3977=AXIS2_PLACEMENT_3D('',#5886,#4654,#4655);
#3978=AXIS2_PLACEMENT_3D('',#5891,#4658,#4659);
#3979=AXIS2_PLACEMENT_3D('',#5892,#4660,#4661);
#3980=AXIS2_PLACEMENT_3D('',#5893,#4662,#4663);
#3981=AXIS2_PLACEMENT_3D('',#5896,#4665,#4666);
#3982=AXIS2_PLACEMENT_3D('',#5897,#4667,#4668);
#3983=AXIS2_PLACEMENT_3D('',#5902,#4670,#4671);
#3984=AXIS2_PLACEMENT_3D('',#5903,#4672,#4673);
#3985=AXIS2_PLACEMENT_3D('',#5908,#4676,#4677);
#3986=AXIS2_PLACEMENT_3D('',#5909,#4678,#4679);
#3987=AXIS2_PLACEMENT_3D('',#5910,#4680,#4681);
#3988=AXIS2_PLACEMENT_3D('',#5913,#4683,#4684);
#3989=AXIS2_PLACEMENT_3D('',#5914,#4685,#4686);
#3990=AXIS2_PLACEMENT_3D('',#5919,#4688,#4689);
#3991=AXIS2_PLACEMENT_3D('',#5920,#4690,#4691);
#3992=AXIS2_PLACEMENT_3D('',#5925,#4694,#4695);
#3993=AXIS2_PLACEMENT_3D('',#5926,#4696,#4697);
#3994=AXIS2_PLACEMENT_3D('',#5927,#4698,#4699);
#3995=AXIS2_PLACEMENT_3D('',#5930,#4701,#4702);
#3996=AXIS2_PLACEMENT_3D('',#5931,#4703,#4704);
#3997=AXIS2_PLACEMENT_3D('',#5936,#4706,#4707);
#3998=AXIS2_PLACEMENT_3D('',#5937,#4708,#4709);
#3999=AXIS2_PLACEMENT_3D('',#5942,#4712,#4713);
#4000=AXIS2_PLACEMENT_3D('',#5943,#4714,#4715);
#4001=AXIS2_PLACEMENT_3D('',#5944,#4716,#4717);
#4002=AXIS2_PLACEMENT_3D('',#5947,#4719,#4720);
#4003=AXIS2_PLACEMENT_3D('',#5948,#4721,#4722);
#4004=AXIS2_PLACEMENT_3D('',#5953,#4724,#4725);
#4005=AXIS2_PLACEMENT_3D('',#5954,#4726,#4727);
#4006=AXIS2_PLACEMENT_3D('',#5959,#4730,#4731);
#4007=AXIS2_PLACEMENT_3D('',#5960,#4732,#4733);
#4008=AXIS2_PLACEMENT_3D('',#5961,#4734,#4735);
#4009=AXIS2_PLACEMENT_3D('',#5964,#4737,#4738);
#4010=AXIS2_PLACEMENT_3D('',#5965,#4739,#4740);
#4011=AXIS2_PLACEMENT_3D('',#5970,#4742,#4743);
#4012=AXIS2_PLACEMENT_3D('',#5971,#4744,#4745);
#4013=AXIS2_PLACEMENT_3D('',#5976,#4748,#4749);
#4014=AXIS2_PLACEMENT_3D('',#5977,#4750,#4751);
#4015=AXIS2_PLACEMENT_3D('',#5978,#4752,#4753);
#4016=AXIS2_PLACEMENT_3D('',#5981,#4755,#4756);
#4017=AXIS2_PLACEMENT_3D('',#5982,#4757,#4758);
#4018=AXIS2_PLACEMENT_3D('',#5987,#4760,#4761);
#4019=AXIS2_PLACEMENT_3D('',#5988,#4762,#4763);
#4020=AXIS2_PLACEMENT_3D('',#5993,#4766,#4767);
#4021=AXIS2_PLACEMENT_3D('',#5994,#4768,#4769);
#4022=AXIS2_PLACEMENT_3D('',#5995,#4770,#4771);
#4023=AXIS2_PLACEMENT_3D('',#5998,#4773,#4774);
#4024=AXIS2_PLACEMENT_3D('',#5999,#4775,#4776);
#4025=AXIS2_PLACEMENT_3D('',#6004,#4778,#4779);
#4026=AXIS2_PLACEMENT_3D('',#6005,#4780,#4781);
#4027=AXIS2_PLACEMENT_3D('',#6010,#4784,#4785);
#4028=AXIS2_PLACEMENT_3D('',#6011,#4786,#4787);
#4029=AXIS2_PLACEMENT_3D('',#6012,#4788,#4789);
#4030=AXIS2_PLACEMENT_3D('',#6015,#4791,#4792);
#4031=AXIS2_PLACEMENT_3D('',#6016,#4793,#4794);
#4032=AXIS2_PLACEMENT_3D('',#6021,#4796,#4797);
#4033=AXIS2_PLACEMENT_3D('',#6022,#4798,#4799);
#4034=AXIS2_PLACEMENT_3D('',#6027,#4802,#4803);
#4035=AXIS2_PLACEMENT_3D('',#6028,#4804,#4805);
#4036=AXIS2_PLACEMENT_3D('',#6029,#4806,#4807);
#4037=AXIS2_PLACEMENT_3D('',#6032,#4809,#4810);
#4038=AXIS2_PLACEMENT_3D('',#6033,#4811,#4812);
#4039=AXIS2_PLACEMENT_3D('',#6038,#4814,#4815);
#4040=AXIS2_PLACEMENT_3D('',#6039,#4816,#4817);
#4041=AXIS2_PLACEMENT_3D('',#6044,#4820,#4821);
#4042=AXIS2_PLACEMENT_3D('',#6045,#4822,#4823);
#4043=AXIS2_PLACEMENT_3D('',#6046,#4824,#4825);
#4044=AXIS2_PLACEMENT_3D('',#6049,#4827,#4828);
#4045=AXIS2_PLACEMENT_3D('',#6050,#4829,#4830);
#4046=AXIS2_PLACEMENT_3D('',#6055,#4832,#4833);
#4047=AXIS2_PLACEMENT_3D('',#6056,#4834,#4835);
#4048=AXIS2_PLACEMENT_3D('',#6061,#4838,#4839);
#4049=AXIS2_PLACEMENT_3D('',#6062,#4840,#4841);
#4050=AXIS2_PLACEMENT_3D('',#6063,#4842,#4843);
#4051=AXIS2_PLACEMENT_3D('',#6066,#4845,#4846);
#4052=AXIS2_PLACEMENT_3D('',#6067,#4847,#4848);
#4053=AXIS2_PLACEMENT_3D('',#6072,#4850,#4851);
#4054=AXIS2_PLACEMENT_3D('',#6073,#4852,#4853);
#4055=AXIS2_PLACEMENT_3D('',#6078,#4856,#4857);
#4056=AXIS2_PLACEMENT_3D('',#6079,#4858,#4859);
#4057=AXIS2_PLACEMENT_3D('',#6080,#4860,#4861);
#4058=AXIS2_PLACEMENT_3D('',#6083,#4863,#4864);
#4059=AXIS2_PLACEMENT_3D('',#6084,#4865,#4866);
#4060=AXIS2_PLACEMENT_3D('',#6089,#4868,#4869);
#4061=AXIS2_PLACEMENT_3D('',#6090,#4870,#4871);
#4062=AXIS2_PLACEMENT_3D('',#6095,#4874,#4875);
#4063=AXIS2_PLACEMENT_3D('',#6096,#4876,#4877);
#4064=AXIS2_PLACEMENT_3D('',#6097,#4878,#4879);
#4065=AXIS2_PLACEMENT_3D('',#6100,#4881,#4882);
#4066=AXIS2_PLACEMENT_3D('',#6101,#4883,#4884);
#4067=AXIS2_PLACEMENT_3D('',#6106,#4886,#4887);
#4068=AXIS2_PLACEMENT_3D('',#6107,#4888,#4889);
#4069=AXIS2_PLACEMENT_3D('',#6112,#4892,#4893);
#4070=AXIS2_PLACEMENT_3D('',#6113,#4894,#4895);
#4071=AXIS2_PLACEMENT_3D('',#6114,#4896,#4897);
#4072=AXIS2_PLACEMENT_3D('',#6117,#4899,#4900);
#4073=AXIS2_PLACEMENT_3D('',#6118,#4901,#4902);
#4074=AXIS2_PLACEMENT_3D('',#6123,#4904,#4905);
#4075=AXIS2_PLACEMENT_3D('',#6124,#4906,#4907);
#4076=AXIS2_PLACEMENT_3D('',#6129,#4910,#4911);
#4077=AXIS2_PLACEMENT_3D('',#6130,#4912,#4913);
#4078=AXIS2_PLACEMENT_3D('',#6131,#4914,#4915);
#4079=AXIS2_PLACEMENT_3D('',#6134,#4917,#4918);
#4080=AXIS2_PLACEMENT_3D('',#6135,#4919,#4920);
#4081=AXIS2_PLACEMENT_3D('',#6140,#4922,#4923);
#4082=AXIS2_PLACEMENT_3D('',#6141,#4924,#4925);
#4083=AXIS2_PLACEMENT_3D('',#6146,#4928,#4929);
#4084=AXIS2_PLACEMENT_3D('',#6147,#4930,#4931);
#4085=AXIS2_PLACEMENT_3D('',#6148,#4932,#4933);
#4086=AXIS2_PLACEMENT_3D('',#6151,#4935,#4936);
#4087=AXIS2_PLACEMENT_3D('',#6152,#4937,#4938);
#4088=AXIS2_PLACEMENT_3D('',#6157,#4940,#4941);
#4089=AXIS2_PLACEMENT_3D('',#6158,#4942,#4943);
#4090=AXIS2_PLACEMENT_3D('',#6163,#4946,#4947);
#4091=AXIS2_PLACEMENT_3D('',#6164,#4948,#4949);
#4092=AXIS2_PLACEMENT_3D('',#6165,#4950,#4951);
#4093=AXIS2_PLACEMENT_3D('',#6168,#4953,#4954);
#4094=AXIS2_PLACEMENT_3D('',#6169,#4955,#4956);
#4095=AXIS2_PLACEMENT_3D('',#6174,#4958,#4959);
#4096=AXIS2_PLACEMENT_3D('',#6175,#4960,#4961);
#4097=AXIS2_PLACEMENT_3D('',#6180,#4964,#4965);
#4098=AXIS2_PLACEMENT_3D('',#6181,#4966,#4967);
#4099=AXIS2_PLACEMENT_3D('',#6182,#4968,#4969);
#4100=AXIS2_PLACEMENT_3D('',#6185,#4971,#4972);
#4101=AXIS2_PLACEMENT_3D('',#6186,#4973,#4974);
#4102=AXIS2_PLACEMENT_3D('',#6191,#4976,#4977);
#4103=AXIS2_PLACEMENT_3D('',#6192,#4978,#4979);
#4104=AXIS2_PLACEMENT_3D('',#6197,#4982,#4983);
#4105=AXIS2_PLACEMENT_3D('',#6198,#4984,#4985);
#4106=AXIS2_PLACEMENT_3D('',#6199,#4986,#4987);
#4107=AXIS2_PLACEMENT_3D('',#6202,#4989,#4990);
#4108=AXIS2_PLACEMENT_3D('',#6203,#4991,#4992);
#4109=AXIS2_PLACEMENT_3D('',#6208,#4994,#4995);
#4110=AXIS2_PLACEMENT_3D('',#6209,#4996,#4997);
#4111=AXIS2_PLACEMENT_3D('',#6214,#5000,#5001);
#4112=AXIS2_PLACEMENT_3D('',#6215,#5002,#5003);
#4113=AXIS2_PLACEMENT_3D('',#6216,#5004,#5005);
#4114=AXIS2_PLACEMENT_3D('',#6219,#5007,#5008);
#4115=AXIS2_PLACEMENT_3D('',#6220,#5009,#5010);
#4116=AXIS2_PLACEMENT_3D('',#6225,#5012,#5013);
#4117=AXIS2_PLACEMENT_3D('',#6226,#5014,#5015);
#4118=AXIS2_PLACEMENT_3D('',#6231,#5018,#5019);
#4119=AXIS2_PLACEMENT_3D('',#6232,#5020,#5021);
#4120=AXIS2_PLACEMENT_3D('',#6233,#5022,#5023);
#4121=AXIS2_PLACEMENT_3D('',#6236,#5025,#5026);
#4122=AXIS2_PLACEMENT_3D('',#6237,#5027,#5028);
#4123=AXIS2_PLACEMENT_3D('',#6242,#5030,#5031);
#4124=AXIS2_PLACEMENT_3D('',#6243,#5032,#5033);
#4125=AXIS2_PLACEMENT_3D('',#6248,#5036,#5037);
#4126=AXIS2_PLACEMENT_3D('',#6249,#5038,#5039);
#4127=AXIS2_PLACEMENT_3D('',#6250,#5040,#5041);
#4128=AXIS2_PLACEMENT_3D('',#6253,#5043,#5044);
#4129=AXIS2_PLACEMENT_3D('',#6254,#5045,#5046);
#4130=AXIS2_PLACEMENT_3D('',#6259,#5048,#5049);
#4131=AXIS2_PLACEMENT_3D('',#6260,#5050,#5051);
#4132=AXIS2_PLACEMENT_3D('',#6265,#5054,#5055);
#4133=AXIS2_PLACEMENT_3D('',#6266,#5056,#5057);
#4134=AXIS2_PLACEMENT_3D('',#6267,#5058,#5059);
#4135=AXIS2_PLACEMENT_3D('',#6270,#5061,#5062);
#4136=AXIS2_PLACEMENT_3D('',#6271,#5063,#5064);
#4137=AXIS2_PLACEMENT_3D('',#6276,#5066,#5067);
#4138=AXIS2_PLACEMENT_3D('',#6277,#5068,#5069);
#4139=AXIS2_PLACEMENT_3D('',#6282,#5072,#5073);
#4140=AXIS2_PLACEMENT_3D('',#6283,#5074,#5075);
#4141=AXIS2_PLACEMENT_3D('',#6284,#5076,#5077);
#4142=AXIS2_PLACEMENT_3D('',#6287,#5079,#5080);
#4143=AXIS2_PLACEMENT_3D('',#6288,#5081,#5082);
#4144=AXIS2_PLACEMENT_3D('',#6293,#5084,#5085);
#4145=AXIS2_PLACEMENT_3D('',#6296,#5087,#5088);
#4146=AXIS2_PLACEMENT_3D('',#6298,#5090,#5091);
#4147=AXIS2_PLACEMENT_3D('',#6300,#5092,#5093);
#4148=AXIS2_PLACEMENT_3D('',#6301,#5094,#5095);
#4149=AXIS2_PLACEMENT_3D('',#6303,#5096,#5097);
#4150=AXIS2_PLACEMENT_3D('',#6304,#5098,#5099);
#4151=AXIS2_PLACEMENT_3D('',#6306,#5100,#5101);
#4152=AXIS2_PLACEMENT_3D('',#6307,#5102,#5103);
#4153=AXIS2_PLACEMENT_3D('',#6309,#5104,#5105);
#4154=AXIS2_PLACEMENT_3D('',#6310,#5106,#5107);
#4155=AXIS2_PLACEMENT_3D('',#6312,#5108,#5109);
#4156=AXIS2_PLACEMENT_3D('',#6313,#5110,#5111);
#4157=AXIS2_PLACEMENT_3D('',#6314,#5112,#5113);
#4158=AXIS2_PLACEMENT_3D('',#6315,#5114,#5115);
#4159=AXIS2_PLACEMENT_3D('',#6316,#5116,#5117);
#4160=AXIS2_PLACEMENT_3D('',#6317,#5118,#5119);
#4161=AXIS2_PLACEMENT_3D('',#6318,#5120,#5121);
#4162=AXIS2_PLACEMENT_3D('',#6319,#5122,#5123);
#4163=AXIS2_PLACEMENT_3D('',#6320,#5124,#5125);
#4164=AXIS2_PLACEMENT_3D('',#6321,#5126,#5127);
#4165=AXIS2_PLACEMENT_3D('',#6322,#5128,#5129);
#4166=AXIS2_PLACEMENT_3D('',#6323,#5130,#5131);
#4167=AXIS2_PLACEMENT_3D('',#6324,#5132,#5133);
#4168=AXIS2_PLACEMENT_3D('',#6325,#5134,#5135);
#4169=AXIS2_PLACEMENT_3D('',#6326,#5136,#5137);
#4170=AXIS2_PLACEMENT_3D('',#6327,#5138,#5139);
#4171=AXIS2_PLACEMENT_3D('',#6328,#5140,#5141);
#4172=AXIS2_PLACEMENT_3D('',#6329,#5142,#5143);
#4173=AXIS2_PLACEMENT_3D('',#6330,#5144,#5145);
#4174=AXIS2_PLACEMENT_3D('',#6331,#5146,#5147);
#4175=AXIS2_PLACEMENT_3D('',#6332,#5148,#5149);
#4176=AXIS2_PLACEMENT_3D('',#6333,#5150,#5151);
#4177=AXIS2_PLACEMENT_3D('',#6334,#5152,#5153);
#4178=AXIS2_PLACEMENT_3D('',#6335,#5154,#5155);
#4179=AXIS2_PLACEMENT_3D('',#6336,#5156,#5157);
#4180=AXIS2_PLACEMENT_3D('',#6337,#5158,#5159);
#4181=AXIS2_PLACEMENT_3D('',#6338,#5160,#5161);
#4182=AXIS2_PLACEMENT_3D('',#6339,#5162,#5163);
#4183=AXIS2_PLACEMENT_3D('',#6340,#5164,#5165);
#4184=AXIS2_PLACEMENT_3D('',#6341,#5166,#5167);
#4185=AXIS2_PLACEMENT_3D('',#6343,#5168,#5169);
#4186=AXIS2_PLACEMENT_3D('',#6344,#5170,#5171);
#4187=AXIS2_PLACEMENT_3D('',#6346,#5172,#5173);
#4188=AXIS2_PLACEMENT_3D('',#6347,#5174,#5175);
#4189=AXIS2_PLACEMENT_3D('',#6349,#5176,#5177);
#4190=AXIS2_PLACEMENT_3D('',#6350,#5178,#5179);
#4191=AXIS2_PLACEMENT_3D('',#6352,#5180,#5181);
#4192=AXIS2_PLACEMENT_3D('',#6353,#5182,#5183);
#4193=AXIS2_PLACEMENT_3D('',#6355,#5184,#5185);
#4194=AXIS2_PLACEMENT_3D('',#6357,#5187,#5188);
#4195=AXIS2_PLACEMENT_3D('',#6359,#5190,#5191);
#4196=AXIS2_PLACEMENT_3D('',#6361,#5192,#5193);
#4197=AXIS2_PLACEMENT_3D('',#6362,#5194,#5195);
#4198=AXIS2_PLACEMENT_3D('',#6364,#5196,#5197);
#4199=AXIS2_PLACEMENT_3D('',#6366,#5199,#5200);
#4200=AXIS2_PLACEMENT_3D('',#6368,#5202,#5203);
#4201=AXIS2_PLACEMENT_3D('',#6370,#5204,#5205);
#4202=AXIS2_PLACEMENT_3D('',#6371,#5206,#5207);
#4203=AXIS2_PLACEMENT_3D('',#6373,#5208,#5209);
#4204=AXIS2_PLACEMENT_3D('',#6375,#5211,#5212);
#4205=AXIS2_PLACEMENT_3D('',#6377,#5214,#5215);
#4206=AXIS2_PLACEMENT_3D('',#6379,#5216,#5217);
#4207=AXIS2_PLACEMENT_3D('',#6380,#5218,#5219);
#4208=AXIS2_PLACEMENT_3D('',#6382,#5220,#5221);
#4209=AXIS2_PLACEMENT_3D('',#6384,#5223,#5224);
#4210=AXIS2_PLACEMENT_3D('',#6386,#5226,#5227);
#4211=AXIS2_PLACEMENT_3D('',#6388,#5228,#5229);
#4212=AXIS2_PLACEMENT_3D('',#6389,#5230,#5231);
#4213=AXIS2_PLACEMENT_3D('',#6391,#5232,#5233);
#4214=AXIS2_PLACEMENT_3D('',#6393,#5235,#5236);
#4215=AXIS2_PLACEMENT_3D('',#6395,#5238,#5239);
#4216=AXIS2_PLACEMENT_3D('',#6397,#5240,#5241);
#4217=AXIS2_PLACEMENT_3D('',#6398,#5242,#5243);
#4218=AXIS2_PLACEMENT_3D('',#6400,#5244,#5245);
#4219=AXIS2_PLACEMENT_3D('',#6402,#5247,#5248);
#4220=AXIS2_PLACEMENT_3D('',#6404,#5250,#5251);
#4221=AXIS2_PLACEMENT_3D('',#6406,#5252,#5253);
#4222=AXIS2_PLACEMENT_3D('',#6407,#5254,#5255);
#4223=AXIS2_PLACEMENT_3D('',#6409,#5256,#5257);
#4224=AXIS2_PLACEMENT_3D('',#6411,#5259,#5260);
#4225=AXIS2_PLACEMENT_3D('',#6413,#5262,#5263);
#4226=AXIS2_PLACEMENT_3D('',#6415,#5264,#5265);
#4227=AXIS2_PLACEMENT_3D('',#6416,#5266,#5267);
#4228=AXIS2_PLACEMENT_3D('',#6418,#5268,#5269);
#4229=AXIS2_PLACEMENT_3D('',#6420,#5271,#5272);
#4230=AXIS2_PLACEMENT_3D('',#6422,#5274,#5275);
#4231=AXIS2_PLACEMENT_3D('',#6424,#5276,#5277);
#4232=AXIS2_PLACEMENT_3D('',#6425,#5278,#5279);
#4233=AXIS2_PLACEMENT_3D('',#6427,#5280,#5281);
#4234=AXIS2_PLACEMENT_3D('',#6429,#5283,#5284);
#4235=AXIS2_PLACEMENT_3D('',#6431,#5286,#5287);
#4236=AXIS2_PLACEMENT_3D('',#6433,#5288,#5289);
#4237=AXIS2_PLACEMENT_3D('',#6434,#5290,#5291);
#4238=AXIS2_PLACEMENT_3D('',#6436,#5292,#5293);
#4239=AXIS2_PLACEMENT_3D('',#6438,#5295,#5296);
#4240=AXIS2_PLACEMENT_3D('',#6440,#5298,#5299);
#4241=AXIS2_PLACEMENT_3D('',#6442,#5300,#5301);
#4242=AXIS2_PLACEMENT_3D('',#6443,#5302,#5303);
#4243=AXIS2_PLACEMENT_3D('',#6445,#5304,#5305);
#4244=AXIS2_PLACEMENT_3D('',#6447,#5307,#5308);
#4245=AXIS2_PLACEMENT_3D('',#6449,#5310,#5311);
#4246=AXIS2_PLACEMENT_3D('',#6451,#5312,#5313);
#4247=AXIS2_PLACEMENT_3D('',#6452,#5314,#5315);
#4248=AXIS2_PLACEMENT_3D('',#6454,#5316,#5317);
#4249=AXIS2_PLACEMENT_3D('',#6456,#5319,#5320);
#4250=AXIS2_PLACEMENT_3D('',#6458,#5322,#5323);
#4251=AXIS2_PLACEMENT_3D('',#6460,#5324,#5325);
#4252=AXIS2_PLACEMENT_3D('',#6461,#5326,#5327);
#4253=AXIS2_PLACEMENT_3D('',#6463,#5328,#5329);
#4254=AXIS2_PLACEMENT_3D('',#6465,#5331,#5332);
#4255=AXIS2_PLACEMENT_3D('',#6467,#5334,#5335);
#4256=AXIS2_PLACEMENT_3D('',#6469,#5336,#5337);
#4257=AXIS2_PLACEMENT_3D('',#6470,#5338,#5339);
#4258=AXIS2_PLACEMENT_3D('',#6472,#5340,#5341);
#4259=AXIS2_PLACEMENT_3D('',#6474,#5343,#5344);
#4260=AXIS2_PLACEMENT_3D('',#6476,#5346,#5347);
#4261=AXIS2_PLACEMENT_3D('',#6478,#5348,#5349);
#4262=AXIS2_PLACEMENT_3D('',#6479,#5350,#5351);
#4263=AXIS2_PLACEMENT_3D('',#6481,#5352,#5353);
#4264=AXIS2_PLACEMENT_3D('',#6483,#5355,#5356);
#4265=AXIS2_PLACEMENT_3D('',#6485,#5358,#5359);
#4266=AXIS2_PLACEMENT_3D('',#6487,#5360,#5361);
#4267=AXIS2_PLACEMENT_3D('',#6488,#5362,#5363);
#4268=AXIS2_PLACEMENT_3D('',#6490,#5364,#5365);
#4269=AXIS2_PLACEMENT_3D('',#6492,#5367,#5368);
#4270=AXIS2_PLACEMENT_3D('',#6494,#5370,#5371);
#4271=AXIS2_PLACEMENT_3D('',#6496,#5372,#5373);
#4272=AXIS2_PLACEMENT_3D('',#6497,#5374,#5375);
#4273=AXIS2_PLACEMENT_3D('',#6499,#5376,#5377);
#4274=AXIS2_PLACEMENT_3D('',#6501,#5379,#5380);
#4275=AXIS2_PLACEMENT_3D('',#6503,#5382,#5383);
#4276=AXIS2_PLACEMENT_3D('',#6505,#5384,#5385);
#4277=AXIS2_PLACEMENT_3D('',#6506,#5386,#5387);
#4278=AXIS2_PLACEMENT_3D('',#6508,#5388,#5389);
#4279=AXIS2_PLACEMENT_3D('',#6510,#5391,#5392);
#4280=AXIS2_PLACEMENT_3D('',#6512,#5394,#5395);
#4281=AXIS2_PLACEMENT_3D('',#6514,#5396,#5397);
#4282=AXIS2_PLACEMENT_3D('',#6515,#5398,#5399);
#4283=AXIS2_PLACEMENT_3D('',#6517,#5400,#5401);
#4284=AXIS2_PLACEMENT_3D('',#6519,#5403,#5404);
#4285=AXIS2_PLACEMENT_3D('',#6521,#5406,#5407);
#4286=AXIS2_PLACEMENT_3D('',#6523,#5408,#5409);
#4287=AXIS2_PLACEMENT_3D('',#6524,#5410,#5411);
#4288=AXIS2_PLACEMENT_3D('',#6526,#5412,#5413);
#4289=AXIS2_PLACEMENT_3D('',#6528,#5415,#5416);
#4290=AXIS2_PLACEMENT_3D('',#6530,#5418,#5419);
#4291=AXIS2_PLACEMENT_3D('',#6532,#5420,#5421);
#4292=AXIS2_PLACEMENT_3D('',#6533,#5422,#5423);
#4293=AXIS2_PLACEMENT_3D('',#6535,#5424,#5425);
#4294=AXIS2_PLACEMENT_3D('',#6537,#5427,#5428);
#4295=AXIS2_PLACEMENT_3D('',#6539,#5430,#5431);
#4296=AXIS2_PLACEMENT_3D('',#6541,#5432,#5433);
#4297=AXIS2_PLACEMENT_3D('',#6542,#5434,#5435);
#4298=AXIS2_PLACEMENT_3D('',#6544,#5436,#5437);
#4299=AXIS2_PLACEMENT_3D('',#6546,#5439,#5440);
#4300=AXIS2_PLACEMENT_3D('',#6548,#5442,#5443);
#4301=AXIS2_PLACEMENT_3D('',#6550,#5444,#5445);
#4302=AXIS2_PLACEMENT_3D('',#6551,#5446,#5447);
#4303=AXIS2_PLACEMENT_3D('',#6553,#5448,#5449);
#4304=AXIS2_PLACEMENT_3D('',#6555,#5451,#5452);
#4305=AXIS2_PLACEMENT_3D('',#6557,#5454,#5455);
#4306=AXIS2_PLACEMENT_3D('',#6559,#5456,#5457);
#4307=AXIS2_PLACEMENT_3D('',#6560,#5458,#5459);
#4308=AXIS2_PLACEMENT_3D('',#6562,#5460,#5461);
#4309=AXIS2_PLACEMENT_3D('',#6564,#5463,#5464);
#4310=AXIS2_PLACEMENT_3D('',#6566,#5466,#5467);
#4311=AXIS2_PLACEMENT_3D('',#6568,#5468,#5469);
#4312=AXIS2_PLACEMENT_3D('',#6569,#5470,#5471);
#4313=AXIS2_PLACEMENT_3D('',#6571,#5472,#5473);
#4314=AXIS2_PLACEMENT_3D('',#6573,#5475,#5476);
#4315=AXIS2_PLACEMENT_3D('',#6575,#5478,#5479);
#4316=AXIS2_PLACEMENT_3D('',#6577,#5480,#5481);
#4317=AXIS2_PLACEMENT_3D('',#6578,#5482,#5483);
#4318=AXIS2_PLACEMENT_3D('',#6580,#5484,#5485);
#4319=AXIS2_PLACEMENT_3D('',#6582,#5487,#5488);
#4320=AXIS2_PLACEMENT_3D('',#6584,#5490,#5491);
#4321=AXIS2_PLACEMENT_3D('',#6586,#5492,#5493);
#4322=AXIS2_PLACEMENT_3D('',#6587,#5494,#5495);
#4323=AXIS2_PLACEMENT_3D('',#6589,#5496,#5497);
#4324=AXIS2_PLACEMENT_3D('',#6591,#5499,#5500);
#4325=AXIS2_PLACEMENT_3D('',#6593,#5502,#5503);
#4326=AXIS2_PLACEMENT_3D('',#6595,#5504,#5505);
#4327=AXIS2_PLACEMENT_3D('',#6596,#5506,#5507);
#4328=AXIS2_PLACEMENT_3D('',#6598,#5508,#5509);
#4329=AXIS2_PLACEMENT_3D('',#6600,#5511,#5512);
#4330=AXIS2_PLACEMENT_3D('',#6601,#5513,#5514);
#4331=AXIS2_PLACEMENT_3D('',#6602,#5515,#5516);
#4332=AXIS2_PLACEMENT_3D('',#6603,#5517,#5518);
#4333=AXIS2_PLACEMENT_3D('',#6604,#5519,#5520);
#4334=AXIS2_PLACEMENT_3D('',#6605,#5521,#5522);
#4335=AXIS2_PLACEMENT_3D('',#6606,#5523,#5524);
#4336=AXIS2_PLACEMENT_3D('',#6607,#5525,#5526);
#4337=AXIS2_PLACEMENT_3D('',#6608,#5527,#5528);
#4338=AXIS2_PLACEMENT_3D('',#6609,#5529,#5530);
#4339=AXIS2_PLACEMENT_3D('',#6610,#5531,#5532);
#4340=AXIS2_PLACEMENT_3D('',#6611,#5533,#5534);
#4341=AXIS2_PLACEMENT_3D('',#6612,#5535,#5536);
#4342=AXIS2_PLACEMENT_3D('',#6613,#5537,#5538);
#4343=AXIS2_PLACEMENT_3D('',#6614,#5539,#5540);
#4344=AXIS2_PLACEMENT_3D('',#6615,#5541,#5542);
#4345=AXIS2_PLACEMENT_3D('',#6616,#5543,#5544);
#4346=AXIS2_PLACEMENT_3D('',#6617,#5545,#5546);
#4347=AXIS2_PLACEMENT_3D('',#6618,#5547,#5548);
#4348=AXIS2_PLACEMENT_3D('',#6619,#5549,#5550);
#4349=AXIS2_PLACEMENT_3D('',#6620,#5551,#5552);
#4350=AXIS2_PLACEMENT_3D('',#6621,#5553,#5554);
#4351=AXIS2_PLACEMENT_3D('',#6622,#5555,#5556);
#4352=AXIS2_PLACEMENT_3D('',#6623,#5557,#5558);
#4353=AXIS2_PLACEMENT_3D('',#6624,#5559,#5560);
#4354=AXIS2_PLACEMENT_3D('',#6625,#5561,#5562);
#4355=AXIS2_PLACEMENT_3D('',#6626,#5563,#5564);
#4356=AXIS2_PLACEMENT_3D('',#6627,#5565,#5566);
#4357=DIRECTION('',(0.,0.,1.));
#4358=DIRECTION('',(1.,0.,0.));
#4359=DIRECTION('',(0.,0.,-1.));
#4360=DIRECTION('',(-1.,0.,0.));
#4361=DIRECTION('',(0.,0.,-1.));
#4362=DIRECTION('',(-1.,0.,0.));
#4363=DIRECTION('',(0.,0.,1.));
#4364=DIRECTION('',(0.,0.,-1.));
#4365=DIRECTION('',(-1.,0.,0.));
#4366=DIRECTION('',(0.,0.,1.));
#4367=DIRECTION('',(0.,0.,-1.));
#4368=DIRECTION('',(-1.,0.,0.));
#4369=DIRECTION('',(0.,0.,-1.));
#4370=DIRECTION('',(-1.,0.,0.));
#4371=DIRECTION('',(0.,0.,1.));
#4372=DIRECTION('',(0.,0.,-1.));
#4373=DIRECTION('',(-1.,0.,0.));
#4374=DIRECTION('',(0.,0.,1.));
#4375=DIRECTION('',(0.,0.,-1.));
#4376=DIRECTION('',(-1.,0.,0.));
#4377=DIRECTION('',(0.,0.,-1.));
#4378=DIRECTION('',(-1.,0.,0.));
#4379=DIRECTION('',(0.,0.,1.));
#4380=DIRECTION('',(0.,0.,-1.));
#4381=DIRECTION('',(-1.,0.,0.));
#4382=DIRECTION('',(0.,0.,1.));
#4383=DIRECTION('',(0.,0.,-1.));
#4384=DIRECTION('',(-1.,0.,0.));
#4385=DIRECTION('',(0.,0.,-1.));
#4386=DIRECTION('',(-1.,0.,0.));
#4387=DIRECTION('',(0.,0.,1.));
#4388=DIRECTION('',(0.,0.,-1.));
#4389=DIRECTION('',(-1.,0.,0.));
#4390=DIRECTION('',(0.,0.,1.));
#4391=DIRECTION('',(0.,0.,-1.));
#4392=DIRECTION('',(-1.,0.,0.));
#4393=DIRECTION('',(0.,0.,-1.));
#4394=DIRECTION('',(-1.,0.,0.));
#4395=DIRECTION('',(0.,0.,1.));
#4396=DIRECTION('',(0.,0.,-1.));
#4397=DIRECTION('',(-1.,0.,0.));
#4398=DIRECTION('',(0.,0.,1.));
#4399=DIRECTION('',(0.,0.,-1.));
#4400=DIRECTION('',(-1.,0.,0.));
#4401=DIRECTION('',(0.,0.,-1.));
#4402=DIRECTION('',(-1.,0.,0.));
#4403=DIRECTION('',(0.,0.,1.));
#4404=DIRECTION('',(0.,0.,-1.));
#4405=DIRECTION('',(-1.,0.,0.));
#4406=DIRECTION('',(0.,0.,1.));
#4407=DIRECTION('',(0.,0.,-1.));
#4408=DIRECTION('',(-1.,0.,0.));
#4409=DIRECTION('',(0.,0.,-1.));
#4410=DIRECTION('',(-1.,0.,0.));
#4411=DIRECTION('',(0.,0.,1.));
#4412=DIRECTION('',(0.,0.,-1.));
#4413=DIRECTION('',(-1.,0.,0.));
#4414=DIRECTION('',(0.,0.,1.));
#4415=DIRECTION('',(0.,0.,-1.));
#4416=DIRECTION('',(-1.,0.,0.));
#4417=DIRECTION('',(0.,0.,-1.));
#4418=DIRECTION('',(-1.,0.,0.));
#4419=DIRECTION('',(0.,0.,1.));
#4420=DIRECTION('',(0.,0.,-1.));
#4421=DIRECTION('',(-1.,0.,0.));
#4422=DIRECTION('',(0.,0.,1.));
#4423=DIRECTION('',(0.,0.,-1.));
#4424=DIRECTION('',(-1.,0.,0.));
#4425=DIRECTION('',(0.,0.,-1.));
#4426=DIRECTION('',(-1.,0.,0.));
#4427=DIRECTION('',(0.,0.,1.));
#4428=DIRECTION('',(0.,0.,-1.));
#4429=DIRECTION('',(-1.,0.,0.));
#4430=DIRECTION('',(0.,0.,1.));
#4431=DIRECTION('',(0.,0.,-1.));
#4432=DIRECTION('',(-1.,0.,0.));
#4433=DIRECTION('',(0.,0.,-1.));
#4434=DIRECTION('',(-1.,0.,0.));
#4435=DIRECTION('',(0.,0.,1.));
#4436=DIRECTION('',(0.,0.,-1.));
#4437=DIRECTION('',(-1.,0.,0.));
#4438=DIRECTION('',(0.,0.,1.));
#4439=DIRECTION('',(0.,0.,-1.));
#4440=DIRECTION('',(-1.,0.,0.));
#4441=DIRECTION('',(0.,0.,-1.));
#4442=DIRECTION('',(-1.,0.,0.));
#4443=DIRECTION('',(0.,0.,1.));
#4444=DIRECTION('',(0.,0.,-1.));
#4445=DIRECTION('',(-1.,0.,0.));
#4446=DIRECTION('',(0.,0.,1.));
#4447=DIRECTION('',(0.,0.,-1.));
#4448=DIRECTION('',(-1.,0.,0.));
#4449=DIRECTION('',(0.,0.,-1.));
#4450=DIRECTION('',(-1.,0.,0.));
#4451=DIRECTION('',(0.,0.,1.));
#4452=DIRECTION('',(0.,0.,-1.));
#4453=DIRECTION('',(-1.,0.,0.));
#4454=DIRECTION('',(0.,0.,1.));
#4455=DIRECTION('',(0.,0.,-1.));
#4456=DIRECTION('',(-1.,0.,0.));
#4457=DIRECTION('',(0.,0.,-1.));
#4458=DIRECTION('',(-1.,0.,0.));
#4459=DIRECTION('',(0.,0.,1.));
#4460=DIRECTION('',(0.,0.,-1.));
#4461=DIRECTION('',(-1.,0.,0.));
#4462=DIRECTION('',(0.,0.,1.));
#4463=DIRECTION('',(0.,0.,-1.));
#4464=DIRECTION('',(-1.,0.,0.));
#4465=DIRECTION('',(0.,0.,-1.));
#4466=DIRECTION('',(-1.,0.,0.));
#4467=DIRECTION('',(0.,0.,1.));
#4468=DIRECTION('',(0.,0.,-1.));
#4469=DIRECTION('',(-1.,0.,0.));
#4470=DIRECTION('',(0.,0.,1.));
#4471=DIRECTION('',(0.,0.,-1.));
#4472=DIRECTION('',(-1.,0.,0.));
#4473=DIRECTION('',(0.,0.,-1.));
#4474=DIRECTION('',(-1.,0.,0.));
#4475=DIRECTION('',(0.,0.,1.));
#4476=DIRECTION('',(0.,0.,-1.));
#4477=DIRECTION('',(-1.,0.,0.));
#4478=DIRECTION('',(0.,0.,1.));
#4479=DIRECTION('',(0.,0.,-1.));
#4480=DIRECTION('',(-1.,0.,0.));
#4481=DIRECTION('',(0.,0.,-1.));
#4482=DIRECTION('',(-1.,0.,0.));
#4483=DIRECTION('',(0.,0.,1.));
#4484=DIRECTION('',(0.,0.,-1.));
#4485=DIRECTION('',(-1.,0.,0.));
#4486=DIRECTION('',(0.,0.,1.));
#4487=DIRECTION('',(0.,0.,-1.));
#4488=DIRECTION('',(-1.,0.,0.));
#4489=DIRECTION('',(0.,0.,-1.));
#4490=DIRECTION('',(-1.,0.,0.));
#4491=DIRECTION('',(0.,0.,1.));
#4492=DIRECTION('',(0.,0.,-1.));
#4493=DIRECTION('',(-1.,0.,0.));
#4494=DIRECTION('',(0.,0.,1.));
#4495=DIRECTION('',(0.,0.,-1.));
#4496=DIRECTION('',(-1.,0.,0.));
#4497=DIRECTION('',(0.,0.,-1.));
#4498=DIRECTION('',(-1.,0.,0.));
#4499=DIRECTION('',(0.,0.,1.));
#4500=DIRECTION('',(0.,0.,-1.));
#4501=DIRECTION('',(-1.,0.,0.));
#4502=DIRECTION('',(0.,0.,1.));
#4503=DIRECTION('',(0.,0.,-1.));
#4504=DIRECTION('',(-1.,0.,0.));
#4505=DIRECTION('',(0.,0.,-1.));
#4506=DIRECTION('',(-1.,0.,0.));
#4507=DIRECTION('',(0.,0.,1.));
#4508=DIRECTION('',(0.,0.,-1.));
#4509=DIRECTION('',(-1.,0.,0.));
#4510=DIRECTION('',(0.,0.,1.));
#4511=DIRECTION('',(0.,0.,-1.));
#4512=DIRECTION('',(-1.,0.,0.));
#4513=DIRECTION('',(0.,0.,-1.));
#4514=DIRECTION('',(-1.,0.,0.));
#4515=DIRECTION('',(0.,0.,1.));
#4516=DIRECTION('',(0.,0.,-1.));
#4517=DIRECTION('',(-1.,0.,0.));
#4518=DIRECTION('',(0.,0.,1.));
#4519=DIRECTION('',(0.,0.,-1.));
#4520=DIRECTION('',(-1.,0.,0.));
#4521=DIRECTION('',(0.,0.,-1.));
#4522=DIRECTION('',(-1.,0.,0.));
#4523=DIRECTION('',(0.,0.,1.));
#4524=DIRECTION('',(0.,0.,-1.));
#4525=DIRECTION('',(-1.,0.,0.));
#4526=DIRECTION('',(0.,0.,1.));
#4527=DIRECTION('',(0.,0.,-1.));
#4528=DIRECTION('',(-1.,0.,0.));
#4529=DIRECTION('',(0.,0.,-1.));
#4530=DIRECTION('',(-1.,0.,0.));
#4531=DIRECTION('',(0.,0.,1.));
#4532=DIRECTION('',(0.,0.,-1.));
#4533=DIRECTION('',(-1.,0.,0.));
#4534=DIRECTION('',(0.,0.,1.));
#4535=DIRECTION('',(0.,0.,-1.));
#4536=DIRECTION('',(-1.,0.,0.));
#4537=DIRECTION('',(0.,0.,-1.));
#4538=DIRECTION('',(-1.,0.,0.));
#4539=DIRECTION('',(0.,0.,1.));
#4540=DIRECTION('',(0.,0.,-1.));
#4541=DIRECTION('',(-1.,0.,0.));
#4542=DIRECTION('',(0.,0.,1.));
#4543=DIRECTION('',(0.,0.,-1.));
#4544=DIRECTION('',(-1.,0.,0.));
#4545=DIRECTION('',(0.,0.,-1.));
#4546=DIRECTION('',(-1.,0.,0.));
#4547=DIRECTION('',(0.,0.,1.));
#4548=DIRECTION('',(0.,0.,-1.));
#4549=DIRECTION('',(-1.,0.,0.));
#4550=DIRECTION('',(0.,0.,1.));
#4551=DIRECTION('',(0.,0.,-1.));
#4552=DIRECTION('',(-1.,0.,0.));
#4553=DIRECTION('',(0.,0.,-1.));
#4554=DIRECTION('',(-1.,0.,0.));
#4555=DIRECTION('',(0.,0.,1.));
#4556=DIRECTION('',(0.,0.,-1.));
#4557=DIRECTION('',(-1.,0.,0.));
#4558=DIRECTION('',(0.,0.,1.));
#4559=DIRECTION('',(0.,0.,-1.));
#4560=DIRECTION('',(-1.,0.,0.));
#4561=DIRECTION('',(0.,0.,-1.));
#4562=DIRECTION('',(-1.,0.,0.));
#4563=DIRECTION('',(0.,0.,1.));
#4564=DIRECTION('',(0.,0.,-1.));
#4565=DIRECTION('',(-1.,0.,0.));
#4566=DIRECTION('',(0.,0.,1.));
#4567=DIRECTION('',(0.,0.,-1.));
#4568=DIRECTION('',(-1.,0.,0.));
#4569=DIRECTION('',(0.,0.,-1.));
#4570=DIRECTION('',(-1.,0.,0.));
#4571=DIRECTION('',(0.,0.,1.));
#4572=DIRECTION('',(0.,0.,-1.));
#4573=DIRECTION('',(-1.,0.,0.));
#4574=DIRECTION('',(0.,0.,1.));
#4575=DIRECTION('',(0.,0.,-1.));
#4576=DIRECTION('',(-1.,0.,0.));
#4577=DIRECTION('',(0.,0.,-1.));
#4578=DIRECTION('',(-1.,0.,0.));
#4579=DIRECTION('',(-1.14560533540926E-16,1.,0.));
#4580=DIRECTION('',(0.,0.,-1.));
#4581=DIRECTION('',(-1.,0.,0.));
#4582=DIRECTION('',(0.,0.,-1.));
#4583=DIRECTION('',(-1.,0.,0.));
#4584=DIRECTION('',(0.,0.,-1.));
#4585=DIRECTION('',(0.,0.,-1.));
#4586=DIRECTION('',(0.,0.,-1.));
#4587=DIRECTION('',(-1.,0.,0.));
#4588=DIRECTION('',(0.,0.,1.));
#4589=DIRECTION('',(1.,0.,0.));
#4590=DIRECTION('',(0.,0.,-1.));
#4591=DIRECTION('',(-1.,0.,0.));
#4592=DIRECTION('',(1.14560533540926E-16,-1.,0.));
#4593=DIRECTION('',(0.,0.,-1.));
#4594=DIRECTION('',(-1.,0.,0.));
#4595=DIRECTION('',(0.,0.,-1.));
#4596=DIRECTION('',(-1.,0.,0.));
#4597=DIRECTION('',(-1.14560533540926E-16,1.,0.));
#4598=DIRECTION('',(0.,0.,-1.));
#4599=DIRECTION('',(-1.,0.,0.));
#4600=DIRECTION('',(0.,0.,-1.));
#4601=DIRECTION('',(-1.,0.,0.));
#4602=DIRECTION('',(0.,0.,-1.));
#4603=DIRECTION('',(0.,0.,-1.));
#4604=DIRECTION('',(0.,0.,-1.));
#4605=DIRECTION('',(-1.,0.,0.));
#4606=DIRECTION('',(0.,0.,1.));
#4607=DIRECTION('',(1.,0.,0.));
#4608=DIRECTION('',(0.,0.,-1.));
#4609=DIRECTION('',(-1.,0.,0.));
#4610=DIRECTION('',(1.14560533540926E-16,-1.,0.));
#4611=DIRECTION('',(0.,0.,-1.));
#4612=DIRECTION('',(-1.,0.,0.));
#4613=DIRECTION('',(0.,0.,-1.));
#4614=DIRECTION('',(-1.,0.,0.));
#4615=DIRECTION('',(-1.14560533540926E-16,1.,0.));
#4616=DIRECTION('',(0.,0.,-1.));
#4617=DIRECTION('',(-1.,0.,0.));
#4618=DIRECTION('',(0.,0.,-1.));
#4619=DIRECTION('',(-1.,0.,0.));
#4620=DIRECTION('',(0.,0.,-1.));
#4621=DIRECTION('',(0.,0.,-1.));
#4622=DIRECTION('',(0.,0.,-1.));
#4623=DIRECTION('',(-1.,0.,0.));
#4624=DIRECTION('',(0.,0.,1.));
#4625=DIRECTION('',(1.,0.,0.));
#4626=DIRECTION('',(0.,0.,-1.));
#4627=DIRECTION('',(-1.,0.,0.));
#4628=DIRECTION('',(1.14560533540926E-16,-1.,0.));
#4629=DIRECTION('',(0.,0.,-1.));
#4630=DIRECTION('',(-1.,0.,0.));
#4631=DIRECTION('',(0.,0.,-1.));
#4632=DIRECTION('',(-1.,0.,0.));
#4633=DIRECTION('',(-1.14560533540926E-16,1.,0.));
#4634=DIRECTION('',(0.,0.,-1.));
#4635=DIRECTION('',(-1.,0.,0.));
#4636=DIRECTION('',(0.,0.,-1.));
#4637=DIRECTION('',(-1.,0.,0.));
#4638=DIRECTION('',(0.,0.,-1.));
#4639=DIRECTION('',(0.,0.,-1.));
#4640=DIRECTION('',(0.,0.,-1.));
#4641=DIRECTION('',(-1.,0.,0.));
#4642=DIRECTION('',(0.,0.,1.));
#4643=DIRECTION('',(1.,0.,0.));
#4644=DIRECTION('',(0.,0.,-1.));
#4645=DIRECTION('',(-1.,0.,0.));
#4646=DIRECTION('',(1.14560533540926E-16,-1.,0.));
#4647=DIRECTION('',(0.,0.,-1.));
#4648=DIRECTION('',(-1.,0.,0.));
#4649=DIRECTION('',(0.,0.,-1.));
#4650=DIRECTION('',(-1.,0.,0.));
#4651=DIRECTION('',(-1.14560533540926E-16,1.,0.));
#4652=DIRECTION('',(0.,0.,-1.));
#4653=DIRECTION('',(-1.,0.,0.));
#4654=DIRECTION('',(0.,0.,-1.));
#4655=DIRECTION('',(-1.,0.,0.));
#4656=DIRECTION('',(0.,0.,-1.));
#4657=DIRECTION('',(0.,0.,-1.));
#4658=DIRECTION('',(0.,0.,-1.));
#4659=DIRECTION('',(-1.,0.,0.));
#4660=DIRECTION('',(0.,0.,1.));
#4661=DIRECTION('',(1.,0.,0.));
#4662=DIRECTION('',(0.,0.,-1.));
#4663=DIRECTION('',(-1.,0.,0.));
#4664=DIRECTION('',(1.14560533540926E-16,-1.,0.));
#4665=DIRECTION('',(0.,0.,-1.));
#4666=DIRECTION('',(-1.,0.,0.));
#4667=DIRECTION('',(0.,0.,-1.));
#4668=DIRECTION('',(-1.,0.,0.));
#4669=DIRECTION('',(-1.14560533540926E-16,1.,0.));
#4670=DIRECTION('',(0.,0.,-1.));
#4671=DIRECTION('',(-1.,0.,0.));
#4672=DIRECTION('',(0.,0.,-1.));
#4673=DIRECTION('',(-1.,0.,0.));
#4674=DIRECTION('',(0.,0.,-1.));
#4675=DIRECTION('',(0.,0.,-1.));
#4676=DIRECTION('',(0.,0.,-1.));
#4677=DIRECTION('',(-1.,0.,0.));
#4678=DIRECTION('',(0.,0.,1.));
#4679=DIRECTION('',(1.,0.,0.));
#4680=DIRECTION('',(0.,0.,-1.));
#4681=DIRECTION('',(-1.,0.,0.));
#4682=DIRECTION('',(1.14560533540926E-16,-1.,0.));
#4683=DIRECTION('',(0.,0.,-1.));
#4684=DIRECTION('',(-1.,0.,0.));
#4685=DIRECTION('',(0.,0.,-1.));
#4686=DIRECTION('',(-1.,0.,0.));
#4687=DIRECTION('',(-1.14560533540926E-16,1.,0.));
#4688=DIRECTION('',(0.,0.,-1.));
#4689=DIRECTION('',(-1.,0.,0.));
#4690=DIRECTION('',(0.,0.,-1.));
#4691=DIRECTION('',(-1.,0.,0.));
#4692=DIRECTION('',(0.,0.,-1.));
#4693=DIRECTION('',(0.,0.,-1.));
#4694=DIRECTION('',(0.,0.,-1.));
#4695=DIRECTION('',(-1.,0.,0.));
#4696=DIRECTION('',(0.,0.,1.));
#4697=DIRECTION('',(1.,0.,0.));
#4698=DIRECTION('',(0.,0.,-1.));
#4699=DIRECTION('',(-1.,0.,0.));
#4700=DIRECTION('',(1.14560533540926E-16,-1.,0.));
#4701=DIRECTION('',(0.,0.,-1.));
#4702=DIRECTION('',(-1.,0.,0.));
#4703=DIRECTION('',(0.,0.,-1.));
#4704=DIRECTION('',(-1.,0.,0.));
#4705=DIRECTION('',(-1.14560533540926E-16,1.,0.));
#4706=DIRECTION('',(0.,0.,-1.));
#4707=DIRECTION('',(-1.,0.,0.));
#4708=DIRECTION('',(0.,0.,-1.));
#4709=DIRECTION('',(-1.,0.,0.));
#4710=DIRECTION('',(0.,0.,-1.));
#4711=DIRECTION('',(0.,0.,-1.));
#4712=DIRECTION('',(0.,0.,-1.));
#4713=DIRECTION('',(-1.,0.,0.));
#4714=DIRECTION('',(0.,0.,1.));
#4715=DIRECTION('',(1.,0.,0.));
#4716=DIRECTION('',(0.,0.,-1.));
#4717=DIRECTION('',(-1.,0.,0.));
#4718=DIRECTION('',(1.14560533540926E-16,-1.,0.));
#4719=DIRECTION('',(0.,0.,-1.));
#4720=DIRECTION('',(-1.,0.,0.));
#4721=DIRECTION('',(0.,0.,-1.));
#4722=DIRECTION('',(-1.,0.,0.));
#4723=DIRECTION('',(-1.14560533540926E-16,1.,0.));
#4724=DIRECTION('',(0.,0.,-1.));
#4725=DIRECTION('',(-1.,0.,0.));
#4726=DIRECTION('',(0.,0.,-1.));
#4727=DIRECTION('',(-1.,0.,0.));
#4728=DIRECTION('',(0.,0.,-1.));
#4729=DIRECTION('',(0.,0.,-1.));
#4730=DIRECTION('',(0.,0.,-1.));
#4731=DIRECTION('',(-1.,0.,0.));
#4732=DIRECTION('',(0.,0.,1.));
#4733=DIRECTION('',(1.,0.,0.));
#4734=DIRECTION('',(0.,0.,-1.));
#4735=DIRECTION('',(-1.,0.,0.));
#4736=DIRECTION('',(1.14560533540926E-16,-1.,0.));
#4737=DIRECTION('',(0.,0.,-1.));
#4738=DIRECTION('',(-1.,0.,0.));
#4739=DIRECTION('',(0.,0.,-1.));
#4740=DIRECTION('',(-1.,0.,0.));
#4741=DIRECTION('',(-1.14560533540926E-16,1.,0.));
#4742=DIRECTION('',(0.,0.,-1.));
#4743=DIRECTION('',(-1.,0.,0.));
#4744=DIRECTION('',(0.,0.,-1.));
#4745=DIRECTION('',(-1.,0.,0.));
#4746=DIRECTION('',(0.,0.,-1.));
#4747=DIRECTION('',(0.,0.,-1.));
#4748=DIRECTION('',(0.,0.,-1.));
#4749=DIRECTION('',(-1.,0.,0.));
#4750=DIRECTION('',(0.,0.,1.));
#4751=DIRECTION('',(1.,0.,0.));
#4752=DIRECTION('',(0.,0.,-1.));
#4753=DIRECTION('',(-1.,0.,0.));
#4754=DIRECTION('',(1.14560533540926E-16,-1.,0.));
#4755=DIRECTION('',(0.,0.,-1.));
#4756=DIRECTION('',(-1.,0.,0.));
#4757=DIRECTION('',(0.,0.,-1.));
#4758=DIRECTION('',(-1.,0.,0.));
#4759=DIRECTION('',(-1.14560533540926E-16,1.,0.));
#4760=DIRECTION('',(0.,0.,-1.));
#4761=DIRECTION('',(-1.,0.,0.));
#4762=DIRECTION('',(0.,0.,-1.));
#4763=DIRECTION('',(-1.,0.,0.));
#4764=DIRECTION('',(0.,0.,-1.));
#4765=DIRECTION('',(0.,0.,-1.));
#4766=DIRECTION('',(0.,0.,-1.));
#4767=DIRECTION('',(-1.,0.,0.));
#4768=DIRECTION('',(0.,0.,1.));
#4769=DIRECTION('',(1.,0.,0.));
#4770=DIRECTION('',(0.,0.,-1.));
#4771=DIRECTION('',(-1.,0.,0.));
#4772=DIRECTION('',(1.14560533540926E-16,-1.,0.));
#4773=DIRECTION('',(0.,0.,-1.));
#4774=DIRECTION('',(-1.,0.,0.));
#4775=DIRECTION('',(0.,0.,-1.));
#4776=DIRECTION('',(-1.,0.,0.));
#4777=DIRECTION('',(-1.14560533540926E-16,1.,0.));
#4778=DIRECTION('',(0.,0.,-1.));
#4779=DIRECTION('',(-1.,0.,0.));
#4780=DIRECTION('',(0.,0.,-1.));
#4781=DIRECTION('',(-1.,0.,0.));
#4782=DIRECTION('',(0.,0.,-1.));
#4783=DIRECTION('',(0.,0.,-1.));
#4784=DIRECTION('',(0.,0.,-1.));
#4785=DIRECTION('',(-1.,0.,0.));
#4786=DIRECTION('',(0.,0.,1.));
#4787=DIRECTION('',(1.,0.,0.));
#4788=DIRECTION('',(0.,0.,-1.));
#4789=DIRECTION('',(-1.,0.,0.));
#4790=DIRECTION('',(1.14560533540926E-16,-1.,0.));
#4791=DIRECTION('',(0.,0.,-1.));
#4792=DIRECTION('',(-1.,0.,0.));
#4793=DIRECTION('',(0.,0.,-1.));
#4794=DIRECTION('',(-1.,0.,0.));
#4795=DIRECTION('',(-1.14560533540926E-16,1.,0.));
#4796=DIRECTION('',(0.,0.,-1.));
#4797=DIRECTION('',(-1.,0.,0.));
#4798=DIRECTION('',(0.,0.,-1.));
#4799=DIRECTION('',(-1.,0.,0.));
#4800=DIRECTION('',(0.,0.,-1.));
#4801=DIRECTION('',(0.,0.,-1.));
#4802=DIRECTION('',(0.,0.,-1.));
#4803=DIRECTION('',(-1.,0.,0.));
#4804=DIRECTION('',(0.,0.,1.));
#4805=DIRECTION('',(1.,0.,0.));
#4806=DIRECTION('',(0.,0.,-1.));
#4807=DIRECTION('',(-1.,0.,0.));
#4808=DIRECTION('',(1.14560533540926E-16,-1.,0.));
#4809=DIRECTION('',(0.,0.,-1.));
#4810=DIRECTION('',(-1.,0.,0.));
#4811=DIRECTION('',(0.,0.,-1.));
#4812=DIRECTION('',(-1.,0.,0.));
#4813=DIRECTION('',(-1.14560533540926E-16,1.,0.));
#4814=DIRECTION('',(0.,0.,-1.));
#4815=DIRECTION('',(-1.,0.,0.));
#4816=DIRECTION('',(0.,0.,-1.));
#4817=DIRECTION('',(-1.,0.,0.));
#4818=DIRECTION('',(0.,0.,-1.));
#4819=DIRECTION('',(0.,0.,-1.));
#4820=DIRECTION('',(0.,0.,-1.));
#4821=DIRECTION('',(-1.,0.,0.));
#4822=DIRECTION('',(0.,0.,1.));
#4823=DIRECTION('',(1.,0.,0.));
#4824=DIRECTION('',(0.,0.,-1.));
#4825=DIRECTION('',(-1.,0.,0.));
#4826=DIRECTION('',(1.14560533540926E-16,-1.,0.));
#4827=DIRECTION('',(0.,0.,-1.));
#4828=DIRECTION('',(-1.,0.,0.));
#4829=DIRECTION('',(0.,0.,-1.));
#4830=DIRECTION('',(-1.,0.,0.));
#4831=DIRECTION('',(-1.14560533540926E-16,1.,0.));
#4832=DIRECTION('',(0.,0.,-1.));
#4833=DIRECTION('',(-1.,0.,0.));
#4834=DIRECTION('',(0.,0.,-1.));
#4835=DIRECTION('',(-1.,0.,0.));
#4836=DIRECTION('',(0.,0.,-1.));
#4837=DIRECTION('',(0.,0.,-1.));
#4838=DIRECTION('',(0.,0.,-1.));
#4839=DIRECTION('',(-1.,0.,0.));
#4840=DIRECTION('',(0.,0.,1.));
#4841=DIRECTION('',(1.,0.,0.));
#4842=DIRECTION('',(0.,0.,-1.));
#4843=DIRECTION('',(-1.,0.,0.));
#4844=DIRECTION('',(1.14560533540926E-16,-1.,0.));
#4845=DIRECTION('',(0.,0.,-1.));
#4846=DIRECTION('',(-1.,0.,0.));
#4847=DIRECTION('',(0.,0.,-1.));
#4848=DIRECTION('',(-1.,0.,0.));
#4849=DIRECTION('',(-1.14560533540926E-16,1.,0.));
#4850=DIRECTION('',(0.,0.,-1.));
#4851=DIRECTION('',(-1.,0.,0.));
#4852=DIRECTION('',(0.,0.,-1.));
#4853=DIRECTION('',(-1.,0.,0.));
#4854=DIRECTION('',(0.,0.,-1.));
#4855=DIRECTION('',(0.,0.,-1.));
#4856=DIRECTION('',(0.,0.,-1.));
#4857=DIRECTION('',(-1.,0.,0.));
#4858=DIRECTION('',(0.,0.,1.));
#4859=DIRECTION('',(1.,0.,0.));
#4860=DIRECTION('',(0.,0.,-1.));
#4861=DIRECTION('',(-1.,0.,0.));
#4862=DIRECTION('',(1.14560533540926E-16,-1.,0.));
#4863=DIRECTION('',(0.,0.,-1.));
#4864=DIRECTION('',(-1.,0.,0.));
#4865=DIRECTION('',(0.,0.,-1.));
#4866=DIRECTION('',(-1.,0.,0.));
#4867=DIRECTION('',(-1.14560533540926E-16,1.,0.));
#4868=DIRECTION('',(0.,0.,-1.));
#4869=DIRECTION('',(-1.,0.,0.));
#4870=DIRECTION('',(0.,0.,-1.));
#4871=DIRECTION('',(-1.,0.,0.));
#4872=DIRECTION('',(0.,0.,-1.));
#4873=DIRECTION('',(0.,0.,-1.));
#4874=DIRECTION('',(0.,0.,-1.));
#4875=DIRECTION('',(-1.,0.,0.));
#4876=DIRECTION('',(0.,0.,1.));
#4877=DIRECTION('',(1.,0.,0.));
#4878=DIRECTION('',(0.,0.,-1.));
#4879=DIRECTION('',(-1.,0.,0.));
#4880=DIRECTION('',(1.14560533540926E-16,-1.,0.));
#4881=DIRECTION('',(0.,0.,-1.));
#4882=DIRECTION('',(-1.,0.,0.));
#4883=DIRECTION('',(0.,0.,-1.));
#4884=DIRECTION('',(-1.,0.,0.));
#4885=DIRECTION('',(-1.14560533540926E-16,1.,0.));
#4886=DIRECTION('',(0.,0.,-1.));
#4887=DIRECTION('',(-1.,0.,0.));
#4888=DIRECTION('',(0.,0.,-1.));
#4889=DIRECTION('',(-1.,0.,0.));
#4890=DIRECTION('',(0.,0.,-1.));
#4891=DIRECTION('',(0.,0.,-1.));
#4892=DIRECTION('',(0.,0.,-1.));
#4893=DIRECTION('',(-1.,0.,0.));
#4894=DIRECTION('',(0.,0.,1.));
#4895=DIRECTION('',(1.,0.,0.));
#4896=DIRECTION('',(0.,0.,-1.));
#4897=DIRECTION('',(-1.,0.,0.));
#4898=DIRECTION('',(1.14560533540926E-16,-1.,0.));
#4899=DIRECTION('',(0.,0.,-1.));
#4900=DIRECTION('',(-1.,0.,0.));
#4901=DIRECTION('',(0.,0.,-1.));
#4902=DIRECTION('',(-1.,0.,0.));
#4903=DIRECTION('',(-1.14560533540926E-16,1.,0.));
#4904=DIRECTION('',(0.,0.,-1.));
#4905=DIRECTION('',(-1.,0.,0.));
#4906=DIRECTION('',(0.,0.,-1.));
#4907=DIRECTION('',(-1.,0.,0.));
#4908=DIRECTION('',(0.,0.,-1.));
#4909=DIRECTION('',(0.,0.,-1.));
#4910=DIRECTION('',(0.,0.,-1.));
#4911=DIRECTION('',(-1.,0.,0.));
#4912=DIRECTION('',(0.,0.,1.));
#4913=DIRECTION('',(1.,0.,0.));
#4914=DIRECTION('',(0.,0.,-1.));
#4915=DIRECTION('',(-1.,0.,0.));
#4916=DIRECTION('',(1.14560533540926E-16,-1.,0.));
#4917=DIRECTION('',(0.,0.,-1.));
#4918=DIRECTION('',(-1.,0.,0.));
#4919=DIRECTION('',(0.,0.,-1.));
#4920=DIRECTION('',(-1.,0.,0.));
#4921=DIRECTION('',(-1.14560533540926E-16,1.,0.));
#4922=DIRECTION('',(0.,0.,-1.));
#4923=DIRECTION('',(-1.,0.,0.));
#4924=DIRECTION('',(0.,0.,-1.));
#4925=DIRECTION('',(-1.,0.,0.));
#4926=DIRECTION('',(0.,0.,-1.));
#4927=DIRECTION('',(0.,0.,-1.));
#4928=DIRECTION('',(0.,0.,-1.));
#4929=DIRECTION('',(-1.,0.,0.));
#4930=DIRECTION('',(0.,0.,1.));
#4931=DIRECTION('',(1.,0.,0.));
#4932=DIRECTION('',(0.,0.,-1.));
#4933=DIRECTION('',(-1.,0.,0.));
#4934=DIRECTION('',(1.14560533540926E-16,-1.,0.));
#4935=DIRECTION('',(0.,0.,-1.));
#4936=DIRECTION('',(-1.,0.,0.));
#4937=DIRECTION('',(0.,0.,-1.));
#4938=DIRECTION('',(-1.,0.,0.));
#4939=DIRECTION('',(-1.14560533540926E-16,1.,0.));
#4940=DIRECTION('',(0.,0.,-1.));
#4941=DIRECTION('',(-1.,0.,0.));
#4942=DIRECTION('',(0.,0.,-1.));
#4943=DIRECTION('',(-1.,0.,0.));
#4944=DIRECTION('',(0.,0.,-1.));
#4945=DIRECTION('',(0.,0.,-1.));
#4946=DIRECTION('',(0.,0.,-1.));
#4947=DIRECTION('',(-1.,0.,0.));
#4948=DIRECTION('',(0.,0.,1.));
#4949=DIRECTION('',(1.,0.,0.));
#4950=DIRECTION('',(0.,0.,-1.));
#4951=DIRECTION('',(-1.,0.,0.));
#4952=DIRECTION('',(1.14560533540926E-16,-1.,0.));
#4953=DIRECTION('',(0.,0.,-1.));
#4954=DIRECTION('',(-1.,0.,0.));
#4955=DIRECTION('',(0.,0.,-1.));
#4956=DIRECTION('',(-1.,0.,0.));
#4957=DIRECTION('',(-1.14560533540926E-16,1.,0.));
#4958=DIRECTION('',(0.,0.,-1.));
#4959=DIRECTION('',(-1.,0.,0.));
#4960=DIRECTION('',(0.,0.,-1.));
#4961=DIRECTION('',(-1.,0.,0.));
#4962=DIRECTION('',(0.,0.,-1.));
#4963=DIRECTION('',(0.,0.,-1.));
#4964=DIRECTION('',(0.,0.,-1.));
#4965=DIRECTION('',(-1.,0.,0.));
#4966=DIRECTION('',(0.,0.,1.));
#4967=DIRECTION('',(1.,0.,0.));
#4968=DIRECTION('',(0.,0.,-1.));
#4969=DIRECTION('',(-1.,0.,0.));
#4970=DIRECTION('',(1.14560533540926E-16,-1.,0.));
#4971=DIRECTION('',(0.,0.,-1.));
#4972=DIRECTION('',(-1.,0.,0.));
#4973=DIRECTION('',(0.,0.,-1.));
#4974=DIRECTION('',(-1.,0.,0.));
#4975=DIRECTION('',(-1.14560533540926E-16,1.,0.));
#4976=DIRECTION('',(0.,0.,-1.));
#4977=DIRECTION('',(-1.,0.,0.));
#4978=DIRECTION('',(0.,0.,-1.));
#4979=DIRECTION('',(-1.,0.,0.));
#4980=DIRECTION('',(0.,0.,-1.));
#4981=DIRECTION('',(0.,0.,-1.));
#4982=DIRECTION('',(0.,0.,-1.));
#4983=DIRECTION('',(-1.,0.,0.));
#4984=DIRECTION('',(0.,0.,1.));
#4985=DIRECTION('',(1.,0.,0.));
#4986=DIRECTION('',(0.,0.,-1.));
#4987=DIRECTION('',(-1.,0.,0.));
#4988=DIRECTION('',(1.14560533540926E-16,-1.,0.));
#4989=DIRECTION('',(0.,0.,-1.));
#4990=DIRECTION('',(-1.,0.,0.));
#4991=DIRECTION('',(0.,0.,-1.));
#4992=DIRECTION('',(-1.,0.,0.));
#4993=DIRECTION('',(-1.14560533540926E-16,1.,0.));
#4994=DIRECTION('',(0.,0.,-1.));
#4995=DIRECTION('',(-1.,0.,0.));
#4996=DIRECTION('',(0.,0.,-1.));
#4997=DIRECTION('',(-1.,0.,0.));
#4998=DIRECTION('',(0.,0.,-1.));
#4999=DIRECTION('',(0.,0.,-1.));
#5000=DIRECTION('',(0.,0.,-1.));
#5001=DIRECTION('',(-1.,0.,0.));
#5002=DIRECTION('',(0.,0.,1.));
#5003=DIRECTION('',(1.,0.,0.));
#5004=DIRECTION('',(0.,0.,-1.));
#5005=DIRECTION('',(-1.,0.,0.));
#5006=DIRECTION('',(1.14560533540926E-16,-1.,0.));
#5007=DIRECTION('',(0.,0.,-1.));
#5008=DIRECTION('',(-1.,0.,0.));
#5009=DIRECTION('',(0.,0.,-1.));
#5010=DIRECTION('',(-1.,0.,0.));
#5011=DIRECTION('',(-1.14560533540926E-16,1.,0.));
#5012=DIRECTION('',(0.,0.,-1.));
#5013=DIRECTION('',(-1.,0.,0.));
#5014=DIRECTION('',(0.,0.,-1.));
#5015=DIRECTION('',(-1.,0.,0.));
#5016=DIRECTION('',(0.,0.,-1.));
#5017=DIRECTION('',(0.,0.,-1.));
#5018=DIRECTION('',(0.,0.,-1.));
#5019=DIRECTION('',(-1.,0.,0.));
#5020=DIRECTION('',(0.,0.,1.));
#5021=DIRECTION('',(1.,0.,0.));
#5022=DIRECTION('',(0.,0.,-1.));
#5023=DIRECTION('',(-1.,0.,0.));
#5024=DIRECTION('',(1.14560533540926E-16,-1.,0.));
#5025=DIRECTION('',(0.,0.,-1.));
#5026=DIRECTION('',(-1.,0.,0.));
#5027=DIRECTION('',(0.,0.,-1.));
#5028=DIRECTION('',(-1.,0.,0.));
#5029=DIRECTION('',(-1.14560533540926E-16,1.,0.));
#5030=DIRECTION('',(0.,0.,-1.));
#5031=DIRECTION('',(-1.,0.,0.));
#5032=DIRECTION('',(0.,0.,-1.));
#5033=DIRECTION('',(-1.,0.,0.));
#5034=DIRECTION('',(0.,0.,-1.));
#5035=DIRECTION('',(0.,0.,-1.));
#5036=DIRECTION('',(0.,0.,-1.));
#5037=DIRECTION('',(-1.,0.,0.));
#5038=DIRECTION('',(0.,0.,1.));
#5039=DIRECTION('',(1.,0.,0.));
#5040=DIRECTION('',(0.,0.,-1.));
#5041=DIRECTION('',(-1.,0.,0.));
#5042=DIRECTION('',(1.14560533540926E-16,-1.,0.));
#5043=DIRECTION('',(0.,0.,-1.));
#5044=DIRECTION('',(-1.,0.,0.));
#5045=DIRECTION('',(0.,0.,-1.));
#5046=DIRECTION('',(-1.,0.,0.));
#5047=DIRECTION('',(-1.14560533540926E-16,1.,0.));
#5048=DIRECTION('',(0.,0.,-1.));
#5049=DIRECTION('',(-1.,0.,0.));
#5050=DIRECTION('',(0.,0.,-1.));
#5051=DIRECTION('',(-1.,0.,0.));
#5052=DIRECTION('',(0.,0.,-1.));
#5053=DIRECTION('',(0.,0.,-1.));
#5054=DIRECTION('',(0.,0.,-1.));
#5055=DIRECTION('',(-1.,0.,0.));
#5056=DIRECTION('',(0.,0.,1.));
#5057=DIRECTION('',(1.,0.,0.));
#5058=DIRECTION('',(0.,0.,-1.));
#5059=DIRECTION('',(-1.,0.,0.));
#5060=DIRECTION('',(1.14560533540926E-16,-1.,0.));
#5061=DIRECTION('',(0.,0.,-1.));
#5062=DIRECTION('',(-1.,0.,0.));
#5063=DIRECTION('',(0.,0.,-1.));
#5064=DIRECTION('',(-1.,0.,0.));
#5065=DIRECTION('',(-1.14560533540926E-16,1.,0.));
#5066=DIRECTION('',(0.,0.,-1.));
#5067=DIRECTION('',(-1.,0.,0.));
#5068=DIRECTION('',(0.,0.,-1.));
#5069=DIRECTION('',(-1.,0.,0.));
#5070=DIRECTION('',(0.,0.,-1.));
#5071=DIRECTION('',(0.,0.,-1.));
#5072=DIRECTION('',(0.,0.,-1.));
#5073=DIRECTION('',(-1.,0.,0.));
#5074=DIRECTION('',(0.,0.,1.));
#5075=DIRECTION('',(1.,0.,0.));
#5076=DIRECTION('',(0.,0.,-1.));
#5077=DIRECTION('',(-1.,0.,0.));
#5078=DIRECTION('',(1.14560533540926E-16,-1.,0.));
#5079=DIRECTION('',(0.,0.,-1.));
#5080=DIRECTION('',(-1.,0.,0.));
#5081=DIRECTION('',(0.,0.,-1.));
#5082=DIRECTION('',(-1.,0.,0.));
#5083=DIRECTION('',(0.,0.,1.));
#5084=DIRECTION('',(0.,0.,-1.));
#5085=DIRECTION('',(-1.,0.,0.));
#5086=DIRECTION('',(0.,0.,1.));
#5087=DIRECTION('',(0.,0.,-1.));
#5088=DIRECTION('',(-1.,0.,0.));
#5089=DIRECTION('',(-1.14560533540926E-16,1.,0.));
#5090=DIRECTION('',(0.,0.,-1.));
#5091=DIRECTION('',(-1.,0.,0.));
#5092=DIRECTION('',(0.,0.,-1.));
#5093=DIRECTION('',(-1.,0.,0.));
#5094=DIRECTION('',(0.,0.,-1.));
#5095=DIRECTION('',(-1.,0.,0.));
#5096=DIRECTION('',(0.,0.,1.));
#5097=DIRECTION('',(1.,0.,0.));
#5098=DIRECTION('',(0.,0.,-1.));
#5099=DIRECTION('',(-1.,0.,0.));
#5100=DIRECTION('',(0.,0.,1.));
#5101=DIRECTION('',(1.,0.,0.));
#5102=DIRECTION('',(0.,0.,-1.));
#5103=DIRECTION('',(-1.,0.,0.));
#5104=DIRECTION('',(0.,0.,1.));
#5105=DIRECTION('',(1.,0.,0.));
#5106=DIRECTION('',(0.,0.,-1.));
#5107=DIRECTION('',(-1.,0.,0.));
#5108=DIRECTION('',(0.,0.,-1.));
#5109=DIRECTION('',(-1.,0.,0.));
#5110=DIRECTION('',(0.,0.,-1.));
#5111=DIRECTION('',(-1.,0.,0.));
#5112=DIRECTION('',(0.,0.,-1.));
#5113=DIRECTION('',(-1.,0.,0.));
#5114=DIRECTION('',(0.,0.,-1.));
#5115=DIRECTION('',(-1.,0.,0.));
#5116=DIRECTION('',(0.,0.,-1.));
#5117=DIRECTION('',(-1.,0.,0.));
#5118=DIRECTION('',(0.,0.,-1.));
#5119=DIRECTION('',(-1.,0.,0.));
#5120=DIRECTION('',(0.,0.,-1.));
#5121=DIRECTION('',(-1.,0.,0.));
#5122=DIRECTION('',(0.,0.,-1.));
#5123=DIRECTION('',(-1.,0.,0.));
#5124=DIRECTION('',(0.,0.,-1.));
#5125=DIRECTION('',(-1.,0.,0.));
#5126=DIRECTION('',(0.,0.,-1.));
#5127=DIRECTION('',(-1.,0.,0.));
#5128=DIRECTION('',(0.,0.,-1.));
#5129=DIRECTION('',(-1.,0.,0.));
#5130=DIRECTION('',(0.,0.,-1.));
#5131=DIRECTION('',(-1.,0.,0.));
#5132=DIRECTION('',(0.,0.,-1.));
#5133=DIRECTION('',(-1.,0.,0.));
#5134=DIRECTION('',(0.,0.,-1.));
#5135=DIRECTION('',(-1.,0.,0.));
#5136=DIRECTION('',(0.,0.,-1.));
#5137=DIRECTION('',(-1.,0.,0.));
#5138=DIRECTION('',(0.,0.,-1.));
#5139=DIRECTION('',(-1.,0.,0.));
#5140=DIRECTION('',(0.,0.,-1.));
#5141=DIRECTION('',(-1.,0.,0.));
#5142=DIRECTION('',(0.,0.,-1.));
#5143=DIRECTION('',(-1.,0.,0.));
#5144=DIRECTION('',(0.,0.,-1.));
#5145=DIRECTION('',(-1.,0.,0.));
#5146=DIRECTION('',(0.,0.,-1.));
#5147=DIRECTION('',(-1.,0.,0.));
#5148=DIRECTION('',(0.,0.,-1.));
#5149=DIRECTION('',(-1.,0.,0.));
#5150=DIRECTION('',(0.,0.,-1.));
#5151=DIRECTION('',(-1.,0.,0.));
#5152=DIRECTION('',(0.,0.,-1.));
#5153=DIRECTION('',(-1.,0.,0.));
#5154=DIRECTION('',(0.,0.,-1.));
#5155=DIRECTION('',(-1.,0.,0.));
#5156=DIRECTION('',(0.,0.,-1.));
#5157=DIRECTION('',(-1.,0.,0.));
#5158=DIRECTION('',(0.,0.,-1.));
#5159=DIRECTION('',(-1.,0.,0.));
#5160=DIRECTION('',(0.,0.,-1.));
#5161=DIRECTION('',(-1.,0.,0.));
#5162=DIRECTION('',(0.,0.,-1.));
#5163=DIRECTION('',(-1.,0.,0.));
#5164=DIRECTION('',(0.,0.,-1.));
#5165=DIRECTION('',(-1.,0.,0.));
#5166=DIRECTION('',(0.,0.,-1.));
#5167=DIRECTION('',(-1.,0.,0.));
#5168=DIRECTION('',(0.,0.,1.));
#5169=DIRECTION('',(1.,0.,0.));
#5170=DIRECTION('',(0.,0.,-1.));
#5171=DIRECTION('',(-1.,0.,0.));
#5172=DIRECTION('',(0.,0.,-1.));
#5173=DIRECTION('',(-1.,0.,0.));
#5174=DIRECTION('',(0.,0.,-1.));
#5175=DIRECTION('',(-1.,0.,0.));
#5176=DIRECTION('',(0.,0.,1.));
#5177=DIRECTION('',(1.,0.,0.));
#5178=DIRECTION('',(0.,0.,-1.));
#5179=DIRECTION('',(-1.,0.,0.));
#5180=DIRECTION('',(0.,0.,-1.));
#5181=DIRECTION('',(-1.,0.,0.));
#5182=DIRECTION('',(0.,0.,-1.));
#5183=DIRECTION('',(-1.,0.,0.));
#5184=DIRECTION('',(0.,0.,1.));
#5185=DIRECTION('',(1.,0.,0.));
#5186=DIRECTION('',(1.14560533540926E-16,-1.,0.));
#5187=DIRECTION('',(0.,0.,-1.));
#5188=DIRECTION('',(-1.,0.,0.));
#5189=DIRECTION('',(-1.14560533540926E-16,1.,0.));
#5190=DIRECTION('',(0.,0.,-1.));
#5191=DIRECTION('',(-1.,0.,0.));
#5192=DIRECTION('',(0.,0.,-1.));
#5193=DIRECTION('',(-1.,0.,0.));
#5194=DIRECTION('',(0.,0.,-1.));
#5195=DIRECTION('',(-1.,0.,0.));
#5196=DIRECTION('',(0.,0.,1.));
#5197=DIRECTION('',(1.,0.,0.));
#5198=DIRECTION('',(1.14560533540926E-16,-1.,0.));
#5199=DIRECTION('',(0.,0.,-1.));
#5200=DIRECTION('',(-1.,0.,0.));
#5201=DIRECTION('',(-1.14560533540926E-16,1.,0.));
#5202=DIRECTION('',(0.,0.,-1.));
#5203=DIRECTION('',(-1.,0.,0.));
#5204=DIRECTION('',(0.,0.,-1.));
#5205=DIRECTION('',(-1.,0.,0.));
#5206=DIRECTION('',(0.,0.,-1.));
#5207=DIRECTION('',(-1.,0.,0.));
#5208=DIRECTION('',(0.,0.,1.));
#5209=DIRECTION('',(1.,0.,0.));
#5210=DIRECTION('',(1.14560533540926E-16,-1.,0.));
#5211=DIRECTION('',(0.,0.,-1.));
#5212=DIRECTION('',(-1.,0.,0.));
#5213=DIRECTION('',(-1.14560533540926E-16,1.,0.));
#5214=DIRECTION('',(0.,0.,-1.));
#5215=DIRECTION('',(-1.,0.,0.));
#5216=DIRECTION('',(0.,0.,-1.));
#5217=DIRECTION('',(-1.,0.,0.));
#5218=DIRECTION('',(0.,0.,-1.));
#5219=DIRECTION('',(-1.,0.,0.));
#5220=DIRECTION('',(0.,0.,1.));
#5221=DIRECTION('',(1.,0.,0.));
#5222=DIRECTION('',(1.14560533540926E-16,-1.,0.));
#5223=DIRECTION('',(0.,0.,-1.));
#5224=DIRECTION('',(-1.,0.,0.));
#5225=DIRECTION('',(-1.14560533540926E-16,1.,0.));
#5226=DIRECTION('',(0.,0.,-1.));
#5227=DIRECTION('',(-1.,0.,0.));
#5228=DIRECTION('',(0.,0.,-1.));
#5229=DIRECTION('',(-1.,0.,0.));
#5230=DIRECTION('',(0.,0.,-1.));
#5231=DIRECTION('',(-1.,0.,0.));
#5232=DIRECTION('',(0.,0.,1.));
#5233=DIRECTION('',(1.,0.,0.));
#5234=DIRECTION('',(1.14560533540926E-16,-1.,0.));
#5235=DIRECTION('',(0.,0.,-1.));
#5236=DIRECTION('',(-1.,0.,0.));
#5237=DIRECTION('',(-1.14560533540926E-16,1.,0.));
#5238=DIRECTION('',(0.,0.,-1.));
#5239=DIRECTION('',(-1.,0.,0.));
#5240=DIRECTION('',(0.,0.,-1.));
#5241=DIRECTION('',(-1.,0.,0.));
#5242=DIRECTION('',(0.,0.,-1.));
#5243=DIRECTION('',(-1.,0.,0.));
#5244=DIRECTION('',(0.,0.,1.));
#5245=DIRECTION('',(1.,0.,0.));
#5246=DIRECTION('',(1.14560533540926E-16,-1.,0.));
#5247=DIRECTION('',(0.,0.,-1.));
#5248=DIRECTION('',(-1.,0.,0.));
#5249=DIRECTION('',(-1.14560533540926E-16,1.,0.));
#5250=DIRECTION('',(0.,0.,-1.));
#5251=DIRECTION('',(-1.,0.,0.));
#5252=DIRECTION('',(0.,0.,-1.));
#5253=DIRECTION('',(-1.,0.,0.));
#5254=DIRECTION('',(0.,0.,-1.));
#5255=DIRECTION('',(-1.,0.,0.));
#5256=DIRECTION('',(0.,0.,1.));
#5257=DIRECTION('',(1.,0.,0.));
#5258=DIRECTION('',(1.14560533540926E-16,-1.,0.));
#5259=DIRECTION('',(0.,0.,-1.));
#5260=DIRECTION('',(-1.,0.,0.));
#5261=DIRECTION('',(-1.14560533540926E-16,1.,0.));
#5262=DIRECTION('',(0.,0.,-1.));
#5263=DIRECTION('',(-1.,0.,0.));
#5264=DIRECTION('',(0.,0.,-1.));
#5265=DIRECTION('',(-1.,0.,0.));
#5266=DIRECTION('',(0.,0.,-1.));
#5267=DIRECTION('',(-1.,0.,0.));
#5268=DIRECTION('',(0.,0.,1.));
#5269=DIRECTION('',(1.,0.,0.));
#5270=DIRECTION('',(1.14560533540926E-16,-1.,0.));
#5271=DIRECTION('',(0.,0.,-1.));
#5272=DIRECTION('',(-1.,0.,0.));
#5273=DIRECTION('',(-1.14560533540926E-16,1.,0.));
#5274=DIRECTION('',(0.,0.,-1.));
#5275=DIRECTION('',(-1.,0.,0.));
#5276=DIRECTION('',(0.,0.,-1.));
#5277=DIRECTION('',(-1.,0.,0.));
#5278=DIRECTION('',(0.,0.,-1.));
#5279=DIRECTION('',(-1.,0.,0.));
#5280=DIRECTION('',(0.,0.,1.));
#5281=DIRECTION('',(1.,0.,0.));
#5282=DIRECTION('',(1.14560533540926E-16,-1.,0.));
#5283=DIRECTION('',(0.,0.,-1.));
#5284=DIRECTION('',(-1.,0.,0.));
#5285=DIRECTION('',(-1.14560533540926E-16,1.,0.));
#5286=DIRECTION('',(0.,0.,-1.));
#5287=DIRECTION('',(-1.,0.,0.));
#5288=DIRECTION('',(0.,0.,-1.));
#5289=DIRECTION('',(-1.,0.,0.));
#5290=DIRECTION('',(0.,0.,-1.));
#5291=DIRECTION('',(-1.,0.,0.));
#5292=DIRECTION('',(0.,0.,1.));
#5293=DIRECTION('',(1.,0.,0.));
#5294=DIRECTION('',(1.14560533540926E-16,-1.,0.));
#5295=DIRECTION('',(0.,0.,-1.));
#5296=DIRECTION('',(-1.,0.,0.));
#5297=DIRECTION('',(-1.14560533540926E-16,1.,0.));
#5298=DIRECTION('',(0.,0.,-1.));
#5299=DIRECTION('',(-1.,0.,0.));
#5300=DIRECTION('',(0.,0.,-1.));
#5301=DIRECTION('',(-1.,0.,0.));
#5302=DIRECTION('',(0.,0.,-1.));
#5303=DIRECTION('',(-1.,0.,0.));
#5304=DIRECTION('',(0.,0.,1.));
#5305=DIRECTION('',(1.,0.,0.));
#5306=DIRECTION('',(1.14560533540926E-16,-1.,0.));
#5307=DIRECTION('',(0.,0.,-1.));
#5308=DIRECTION('',(-1.,0.,0.));
#5309=DIRECTION('',(-1.14560533540926E-16,1.,0.));
#5310=DIRECTION('',(0.,0.,-1.));
#5311=DIRECTION('',(-1.,0.,0.));
#5312=DIRECTION('',(0.,0.,-1.));
#5313=DIRECTION('',(-1.,0.,0.));
#5314=DIRECTION('',(0.,0.,-1.));
#5315=DIRECTION('',(-1.,0.,0.));
#5316=DIRECTION('',(0.,0.,1.));
#5317=DIRECTION('',(1.,0.,0.));
#5318=DIRECTION('',(1.14560533540926E-16,-1.,0.));
#5319=DIRECTION('',(0.,0.,-1.));
#5320=DIRECTION('',(-1.,0.,0.));
#5321=DIRECTION('',(-1.14560533540926E-16,1.,0.));
#5322=DIRECTION('',(0.,0.,-1.));
#5323=DIRECTION('',(-1.,0.,0.));
#5324=DIRECTION('',(0.,0.,-1.));
#5325=DIRECTION('',(-1.,0.,0.));
#5326=DIRECTION('',(0.,0.,-1.));
#5327=DIRECTION('',(-1.,0.,0.));
#5328=DIRECTION('',(0.,0.,1.));
#5329=DIRECTION('',(1.,0.,0.));
#5330=DIRECTION('',(1.14560533540926E-16,-1.,0.));
#5331=DIRECTION('',(0.,0.,-1.));
#5332=DIRECTION('',(-1.,0.,0.));
#5333=DIRECTION('',(-1.14560533540926E-16,1.,0.));
#5334=DIRECTION('',(0.,0.,-1.));
#5335=DIRECTION('',(-1.,0.,0.));
#5336=DIRECTION('',(0.,0.,-1.));
#5337=DIRECTION('',(-1.,0.,0.));
#5338=DIRECTION('',(0.,0.,-1.));
#5339=DIRECTION('',(-1.,0.,0.));
#5340=DIRECTION('',(0.,0.,1.));
#5341=DIRECTION('',(1.,0.,0.));
#5342=DIRECTION('',(1.14560533540926E-16,-1.,0.));
#5343=DIRECTION('',(0.,0.,-1.));
#5344=DIRECTION('',(-1.,0.,0.));
#5345=DIRECTION('',(-1.14560533540926E-16,1.,0.));
#5346=DIRECTION('',(0.,0.,-1.));
#5347=DIRECTION('',(-1.,0.,0.));
#5348=DIRECTION('',(0.,0.,-1.));
#5349=DIRECTION('',(-1.,0.,0.));
#5350=DIRECTION('',(0.,0.,-1.));
#5351=DIRECTION('',(-1.,0.,0.));
#5352=DIRECTION('',(0.,0.,1.));
#5353=DIRECTION('',(1.,0.,0.));
#5354=DIRECTION('',(1.14560533540926E-16,-1.,0.));
#5355=DIRECTION('',(0.,0.,-1.));
#5356=DIRECTION('',(-1.,0.,0.));
#5357=DIRECTION('',(-1.14560533540926E-16,1.,0.));
#5358=DIRECTION('',(0.,0.,-1.));
#5359=DIRECTION('',(-1.,0.,0.));
#5360=DIRECTION('',(0.,0.,-1.));
#5361=DIRECTION('',(-1.,0.,0.));
#5362=DIRECTION('',(0.,0.,-1.));
#5363=DIRECTION('',(-1.,0.,0.));
#5364=DIRECTION('',(0.,0.,1.));
#5365=DIRECTION('',(1.,0.,0.));
#5366=DIRECTION('',(1.14560533540926E-16,-1.,0.));
#5367=DIRECTION('',(0.,0.,-1.));
#5368=DIRECTION('',(-1.,0.,0.));
#5369=DIRECTION('',(-1.14560533540926E-16,1.,0.));
#5370=DIRECTION('',(0.,0.,-1.));
#5371=DIRECTION('',(-1.,0.,0.));
#5372=DIRECTION('',(0.,0.,-1.));
#5373=DIRECTION('',(-1.,0.,0.));
#5374=DIRECTION('',(0.,0.,-1.));
#5375=DIRECTION('',(-1.,0.,0.));
#5376=DIRECTION('',(0.,0.,1.));
#5377=DIRECTION('',(1.,0.,0.));
#5378=DIRECTION('',(1.14560533540926E-16,-1.,0.));
#5379=DIRECTION('',(0.,0.,-1.));
#5380=DIRECTION('',(-1.,0.,0.));
#5381=DIRECTION('',(-1.14560533540926E-16,1.,0.));
#5382=DIRECTION('',(0.,0.,-1.));
#5383=DIRECTION('',(-1.,0.,0.));
#5384=DIRECTION('',(0.,0.,-1.));
#5385=DIRECTION('',(-1.,0.,0.));
#5386=DIRECTION('',(0.,0.,-1.));
#5387=DIRECTION('',(-1.,0.,0.));
#5388=DIRECTION('',(0.,0.,1.));
#5389=DIRECTION('',(1.,0.,0.));
#5390=DIRECTION('',(1.14560533540926E-16,-1.,0.));
#5391=DIRECTION('',(0.,0.,-1.));
#5392=DIRECTION('',(-1.,0.,0.));
#5393=DIRECTION('',(-1.14560533540926E-16,1.,0.));
#5394=DIRECTION('',(0.,0.,-1.));
#5395=DIRECTION('',(-1.,0.,0.));
#5396=DIRECTION('',(0.,0.,-1.));
#5397=DIRECTION('',(-1.,0.,0.));
#5398=DIRECTION('',(0.,0.,-1.));
#5399=DIRECTION('',(-1.,0.,0.));
#5400=DIRECTION('',(0.,0.,1.));
#5401=DIRECTION('',(1.,0.,0.));
#5402=DIRECTION('',(1.14560533540926E-16,-1.,0.));
#5403=DIRECTION('',(0.,0.,-1.));
#5404=DIRECTION('',(-1.,0.,0.));
#5405=DIRECTION('',(-1.14560533540926E-16,1.,0.));
#5406=DIRECTION('',(0.,0.,-1.));
#5407=DIRECTION('',(-1.,0.,0.));
#5408=DIRECTION('',(0.,0.,-1.));
#5409=DIRECTION('',(-1.,0.,0.));
#5410=DIRECTION('',(0.,0.,-1.));
#5411=DIRECTION('',(-1.,0.,0.));
#5412=DIRECTION('',(0.,0.,1.));
#5413=DIRECTION('',(1.,0.,0.));
#5414=DIRECTION('',(1.14560533540926E-16,-1.,0.));
#5415=DIRECTION('',(0.,0.,-1.));
#5416=DIRECTION('',(-1.,0.,0.));
#5417=DIRECTION('',(-1.14560533540926E-16,1.,0.));
#5418=DIRECTION('',(0.,0.,-1.));
#5419=DIRECTION('',(-1.,0.,0.));
#5420=DIRECTION('',(0.,0.,-1.));
#5421=DIRECTION('',(-1.,0.,0.));
#5422=DIRECTION('',(0.,0.,-1.));
#5423=DIRECTION('',(-1.,0.,0.));
#5424=DIRECTION('',(0.,0.,1.));
#5425=DIRECTION('',(1.,0.,0.));
#5426=DIRECTION('',(1.14560533540926E-16,-1.,0.));
#5427=DIRECTION('',(0.,0.,-1.));
#5428=DIRECTION('',(-1.,0.,0.));
#5429=DIRECTION('',(-1.14560533540926E-16,1.,0.));
#5430=DIRECTION('',(0.,0.,-1.));
#5431=DIRECTION('',(-1.,0.,0.));
#5432=DIRECTION('',(0.,0.,-1.));
#5433=DIRECTION('',(-1.,0.,0.));
#5434=DIRECTION('',(0.,0.,-1.));
#5435=DIRECTION('',(-1.,0.,0.));
#5436=DIRECTION('',(0.,0.,1.));
#5437=DIRECTION('',(1.,0.,0.));
#5438=DIRECTION('',(1.14560533540926E-16,-1.,0.));
#5439=DIRECTION('',(0.,0.,-1.));
#5440=DIRECTION('',(-1.,0.,0.));
#5441=DIRECTION('',(-1.14560533540926E-16,1.,0.));
#5442=DIRECTION('',(0.,0.,-1.));
#5443=DIRECTION('',(-1.,0.,0.));
#5444=DIRECTION('',(0.,0.,-1.));
#5445=DIRECTION('',(-1.,0.,0.));
#5446=DIRECTION('',(0.,0.,-1.));
#5447=DIRECTION('',(-1.,0.,0.));
#5448=DIRECTION('',(0.,0.,1.));
#5449=DIRECTION('',(1.,0.,0.));
#5450=DIRECTION('',(1.14560533540926E-16,-1.,0.));
#5451=DIRECTION('',(0.,0.,-1.));
#5452=DIRECTION('',(-1.,0.,0.));
#5453=DIRECTION('',(-1.14560533540926E-16,1.,0.));
#5454=DIRECTION('',(0.,0.,-1.));
#5455=DIRECTION('',(-1.,0.,0.));
#5456=DIRECTION('',(0.,0.,-1.));
#5457=DIRECTION('',(-1.,0.,0.));
#5458=DIRECTION('',(0.,0.,-1.));
#5459=DIRECTION('',(-1.,0.,0.));
#5460=DIRECTION('',(0.,0.,1.));
#5461=DIRECTION('',(1.,0.,0.));
#5462=DIRECTION('',(1.14560533540926E-16,-1.,0.));
#5463=DIRECTION('',(0.,0.,-1.));
#5464=DIRECTION('',(-1.,0.,0.));
#5465=DIRECTION('',(-1.14560533540926E-16,1.,0.));
#5466=DIRECTION('',(0.,0.,-1.));
#5467=DIRECTION('',(-1.,0.,0.));
#5468=DIRECTION('',(0.,0.,-1.));
#5469=DIRECTION('',(-1.,0.,0.));
#5470=DIRECTION('',(0.,0.,-1.));
#5471=DIRECTION('',(-1.,0.,0.));
#5472=DIRECTION('',(0.,0.,1.));
#5473=DIRECTION('',(1.,0.,0.));
#5474=DIRECTION('',(1.14560533540926E-16,-1.,0.));
#5475=DIRECTION('',(0.,0.,-1.));
#5476=DIRECTION('',(-1.,0.,0.));
#5477=DIRECTION('',(-1.14560533540926E-16,1.,0.));
#5478=DIRECTION('',(0.,0.,-1.));
#5479=DIRECTION('',(-1.,0.,0.));
#5480=DIRECTION('',(0.,0.,-1.));
#5481=DIRECTION('',(-1.,0.,0.));
#5482=DIRECTION('',(0.,0.,-1.));
#5483=DIRECTION('',(-1.,0.,0.));
#5484=DIRECTION('',(0.,0.,1.));
#5485=DIRECTION('',(1.,0.,0.));
#5486=DIRECTION('',(1.14560533540926E-16,-1.,0.));
#5487=DIRECTION('',(0.,0.,-1.));
#5488=DIRECTION('',(-1.,0.,0.));
#5489=DIRECTION('',(-1.14560533540926E-16,1.,0.));
#5490=DIRECTION('',(0.,0.,-1.));
#5491=DIRECTION('',(-1.,0.,0.));
#5492=DIRECTION('',(0.,0.,-1.));
#5493=DIRECTION('',(-1.,0.,0.));
#5494=DIRECTION('',(0.,0.,-1.));
#5495=DIRECTION('',(-1.,0.,0.));
#5496=DIRECTION('',(0.,0.,1.));
#5497=DIRECTION('',(1.,0.,0.));
#5498=DIRECTION('',(1.14560533540926E-16,-1.,0.));
#5499=DIRECTION('',(0.,0.,-1.));
#5500=DIRECTION('',(-1.,0.,0.));
#5501=DIRECTION('',(-1.14560533540926E-16,1.,0.));
#5502=DIRECTION('',(0.,0.,-1.));
#5503=DIRECTION('',(-1.,0.,0.));
#5504=DIRECTION('',(0.,0.,-1.));
#5505=DIRECTION('',(-1.,0.,0.));
#5506=DIRECTION('',(0.,0.,-1.));
#5507=DIRECTION('',(-1.,0.,0.));
#5508=DIRECTION('',(0.,0.,1.));
#5509=DIRECTION('',(1.,0.,0.));
#5510=DIRECTION('',(1.14560533540926E-16,-1.,0.));
#5511=DIRECTION('',(-1.,-1.14560533540926E-16,0.));
#5512=DIRECTION('',(1.14560533540926E-16,-1.,0.));
#5513=DIRECTION('',(-1.,-1.14560533540926E-16,0.));
#5514=DIRECTION('',(1.14560533540926E-16,-1.,0.));
#5515=DIRECTION('',(-1.,-1.14560533540926E-16,0.));
#5516=DIRECTION('',(1.14560533540926E-16,-1.,0.));
#5517=DIRECTION('',(-1.,-1.14560533540926E-16,0.));
#5518=DIRECTION('',(1.14560533540926E-16,-1.,0.));
#5519=DIRECTION('',(-1.,-1.14560533540926E-16,0.));
#5520=DIRECTION('',(1.14560533540926E-16,-1.,0.));
#5521=DIRECTION('',(-1.,-1.14560533540926E-16,0.));
#5522=DIRECTION('',(1.14560533540926E-16,-1.,0.));
#5523=DIRECTION('',(-1.,-1.14560533540926E-16,0.));
#5524=DIRECTION('',(1.14560533540926E-16,-1.,0.));
#5525=DIRECTION('',(-1.,-1.14560533540926E-16,0.));
#5526=DIRECTION('',(1.14560533540926E-16,-1.,0.));
#5527=DIRECTION('',(-1.,-1.14560533540926E-16,0.));
#5528=DIRECTION('',(1.14560533540926E-16,-1.,0.));
#5529=DIRECTION('',(-1.,-1.14560533540926E-16,0.));
#5530=DIRECTION('',(1.14560533540926E-16,-1.,0.));
#5531=DIRECTION('',(-1.,-1.14560533540926E-16,0.));
#5532=DIRECTION('',(1.14560533540926E-16,-1.,0.));
#5533=DIRECTION('',(-1.,-1.14560533540926E-16,0.));
#5534=DIRECTION('',(1.14560533540926E-16,-1.,0.));
#5535=DIRECTION('',(-1.,-1.14560533540926E-16,0.));
#5536=DIRECTION('',(1.14560533540926E-16,-1.,0.));
#5537=DIRECTION('',(-1.,-1.14560533540926E-16,0.));
#5538=DIRECTION('',(1.14560533540926E-16,-1.,0.));
#5539=DIRECTION('',(-1.,-1.14560533540926E-16,0.));
#5540=DIRECTION('',(1.14560533540926E-16,-1.,0.));
#5541=DIRECTION('',(-1.,-1.14560533540926E-16,0.));
#5542=DIRECTION('',(1.14560533540926E-16,-1.,0.));
#5543=DIRECTION('',(-1.,-1.14560533540926E-16,0.));
#5544=DIRECTION('',(1.14560533540926E-16,-1.,0.));
#5545=DIRECTION('',(-1.,-1.14560533540926E-16,0.));
#5546=DIRECTION('',(1.14560533540926E-16,-1.,0.));
#5547=DIRECTION('',(-1.,-1.14560533540926E-16,0.));
#5548=DIRECTION('',(1.14560533540926E-16,-1.,0.));
#5549=DIRECTION('',(-1.,-1.14560533540926E-16,0.));
#5550=DIRECTION('',(1.14560533540926E-16,-1.,0.));
#5551=DIRECTION('',(-1.,-1.14560533540926E-16,0.));
#5552=DIRECTION('',(1.14560533540926E-16,-1.,0.));
#5553=DIRECTION('',(-1.,-1.14560533540926E-16,0.));
#5554=DIRECTION('',(1.14560533540926E-16,-1.,0.));
#5555=DIRECTION('',(-1.,-1.14560533540926E-16,0.));
#5556=DIRECTION('',(1.14560533540926E-16,-1.,0.));
#5557=DIRECTION('',(-1.,-1.14560533540926E-16,0.));
#5558=DIRECTION('',(1.14560533540926E-16,-1.,0.));
#5559=DIRECTION('',(-1.,-1.14560533540926E-16,0.));
#5560=DIRECTION('',(1.14560533540926E-16,-1.,0.));
#5561=DIRECTION('',(-1.,-1.14560533540926E-16,0.));
#5562=DIRECTION('',(1.14560533540926E-16,-1.,0.));
#5563=DIRECTION('',(-1.,-1.14560533540926E-16,0.));
#5564=DIRECTION('',(1.14560533540926E-16,-1.,0.));
#5565=DIRECTION('',(-1.,-1.14560533540926E-16,0.));
#5566=DIRECTION('',(1.14560533540926E-16,-1.,0.));
#5567=CARTESIAN_POINT('',(0.,0.,0.));
#5568=CARTESIAN_POINT('',(0.,0.,0.04));
#5569=CARTESIAN_POINT('',(0.,0.,0.));
#5570=CARTESIAN_POINT('',(-0.0108128069846147,0.00757120895983381,-3.46944695195361E-18));
#5571=CARTESIAN_POINT('',(-0.0108128069846147,-0.00757120895983381,-3.46944695195361E-18));
#5572=CARTESIAN_POINT('',(-0.0108128069846147,0.00757120895983381,-0.0143455435391188));
#5573=CARTESIAN_POINT('',(-0.0108128069846147,0.00757120895983381,0.0022));
#5574=CARTESIAN_POINT('',(0.,0.,0.0022));
#5575=CARTESIAN_POINT('',(-0.0108128069846147,-0.00757120895983381,0.0022));
#5576=CARTESIAN_POINT('',(-0.0108128069846147,-0.00757120895983381,-0.0143455435391188));
#5577=CARTESIAN_POINT('',(0.,0.,0.04));
#5578=CARTESIAN_POINT('',(0.,0.,0.0728));
#5579=CARTESIAN_POINT('',(-0.0108128069846147,0.00757120895983381,0.0728));
#5580=CARTESIAN_POINT('',(-0.0108128069846147,-0.00757120895983381,0.0728));
#5581=CARTESIAN_POINT('',(-0.0108128069846147,0.00757120895983381,-0.0143455435391188));
#5582=CARTESIAN_POINT('',(-0.0108128069846147,0.00757120895983381,0.075));
#5583=CARTESIAN_POINT('',(0.,0.,0.075));
#5584=CARTESIAN_POINT('',(-0.0108128069846147,-0.00757120895983381,0.075));
#5585=CARTESIAN_POINT('',(-0.0108128069846147,-0.00757120895983381,-0.0143455435391188));
#5586=CARTESIAN_POINT('',(0.,0.,0.04));
#5587=CARTESIAN_POINT('',(0.,0.,0.07));
#5588=CARTESIAN_POINT('',(-0.0108128069846147,0.00757120895983381,0.07));
#5589=CARTESIAN_POINT('',(-0.0108128069846147,-0.00757120895983381,0.07));
#5590=CARTESIAN_POINT('',(-0.0108128069846147,0.00757120895983381,-0.0143455435391188));
#5591=CARTESIAN_POINT('',(-0.0108128069846147,0.00757120895983381,0.0722));
#5592=CARTESIAN_POINT('',(0.,0.,0.0722));
#5593=CARTESIAN_POINT('',(-0.0108128069846147,-0.00757120895983381,0.0722));
#5594=CARTESIAN_POINT('',(-0.0108128069846147,-0.00757120895983381,-0.0143455435391188));
#5595=CARTESIAN_POINT('',(0.,0.,0.04));
#5596=CARTESIAN_POINT('',(0.,0.,0.0672));
#5597=CARTESIAN_POINT('',(-0.0108128069846147,0.00757120895983381,0.0672));
#5598=CARTESIAN_POINT('',(-0.0108128069846147,-0.00757120895983381,0.0672));
#5599=CARTESIAN_POINT('',(-0.0108128069846147,0.00757120895983381,-0.0143455435391188));
#5600=CARTESIAN_POINT('',(-0.0108128069846147,0.00757120895983381,0.0694));
#5601=CARTESIAN_POINT('',(0.,0.,0.0694));
#5602=CARTESIAN_POINT('',(-0.0108128069846147,-0.00757120895983381,0.0694));
#5603=CARTESIAN_POINT('',(-0.0108128069846147,-0.00757120895983381,-0.0143455435391188));
#5604=CARTESIAN_POINT('',(0.,0.,0.04));
#5605=CARTESIAN_POINT('',(0.,0.,0.0644));
#5606=CARTESIAN_POINT('',(-0.0108128069846147,0.00757120895983381,0.0644));
#5607=CARTESIAN_POINT('',(-0.0108128069846147,-0.00757120895983381,0.0644));
#5608=CARTESIAN_POINT('',(-0.0108128069846147,0.00757120895983381,-0.0143455435391188));
#5609=CARTESIAN_POINT('',(-0.0108128069846147,0.00757120895983381,0.0666));
#5610=CARTESIAN_POINT('',(0.,0.,0.0666));
#5611=CARTESIAN_POINT('',(-0.0108128069846147,-0.00757120895983381,0.0666));
#5612=CARTESIAN_POINT('',(-0.0108128069846147,-0.00757120895983381,-0.0143455435391188));
#5613=CARTESIAN_POINT('',(0.,0.,0.04));
#5614=CARTESIAN_POINT('',(0.,0.,0.0616));
#5615=CARTESIAN_POINT('',(-0.0108128069846147,0.00757120895983381,0.0616));
#5616=CARTESIAN_POINT('',(-0.0108128069846147,-0.00757120895983381,0.0616));
#5617=CARTESIAN_POINT('',(-0.0108128069846147,0.00757120895983381,-0.0143455435391188));
#5618=CARTESIAN_POINT('',(-0.0108128069846147,0.00757120895983381,0.0638));
#5619=CARTESIAN_POINT('',(0.,0.,0.0638));
#5620=CARTESIAN_POINT('',(-0.0108128069846147,-0.00757120895983381,0.0638));
#5621=CARTESIAN_POINT('',(-0.0108128069846147,-0.00757120895983381,-0.0143455435391188));
#5622=CARTESIAN_POINT('',(0.,0.,0.04));
#5623=CARTESIAN_POINT('',(0.,0.,0.0588));
#5624=CARTESIAN_POINT('',(-0.0108128069846147,0.00757120895983381,0.0588));
#5625=CARTESIAN_POINT('',(-0.0108128069846147,-0.00757120895983381,0.0588));
#5626=CARTESIAN_POINT('',(-0.0108128069846147,0.00757120895983381,-0.0143455435391188));
#5627=CARTESIAN_POINT('',(-0.0108128069846147,0.00757120895983381,0.061));
#5628=CARTESIAN_POINT('',(0.,0.,0.061));
#5629=CARTESIAN_POINT('',(-0.0108128069846147,-0.00757120895983381,0.061));
#5630=CARTESIAN_POINT('',(-0.0108128069846147,-0.00757120895983381,-0.0143455435391188));
#5631=CARTESIAN_POINT('',(0.,0.,0.04));
#5632=CARTESIAN_POINT('',(0.,0.,0.056));
#5633=CARTESIAN_POINT('',(-0.0108128069846147,0.00757120895983381,0.056));
#5634=CARTESIAN_POINT('',(-0.0108128069846147,-0.00757120895983381,0.056));
#5635=CARTESIAN_POINT('',(-0.0108128069846147,0.00757120895983381,-0.0143455435391188));
#5636=CARTESIAN_POINT('',(-0.0108128069846147,0.00757120895983381,0.0582));
#5637=CARTESIAN_POINT('',(0.,0.,0.0582));
#5638=CARTESIAN_POINT('',(-0.0108128069846147,-0.00757120895983381,0.0582));
#5639=CARTESIAN_POINT('',(-0.0108128069846147,-0.00757120895983381,-0.0143455435391188));
#5640=CARTESIAN_POINT('',(0.,0.,0.04));
#5641=CARTESIAN_POINT('',(0.,0.,0.0532));
#5642=CARTESIAN_POINT('',(-0.0108128069846147,0.00757120895983381,0.0532));
#5643=CARTESIAN_POINT('',(-0.0108128069846147,-0.00757120895983381,0.0532));
#5644=CARTESIAN_POINT('',(-0.0108128069846147,0.00757120895983381,-0.0143455435391188));
#5645=CARTESIAN_POINT('',(-0.0108128069846147,0.00757120895983381,0.0554));
#5646=CARTESIAN_POINT('',(0.,0.,0.0554));
#5647=CARTESIAN_POINT('',(-0.0108128069846147,-0.00757120895983381,0.0554));
#5648=CARTESIAN_POINT('',(-0.0108128069846147,-0.00757120895983381,-0.0143455435391188));
#5649=CARTESIAN_POINT('',(0.,0.,0.04));
#5650=CARTESIAN_POINT('',(0.,0.,0.0504));
#5651=CARTESIAN_POINT('',(-0.0108128069846147,0.00757120895983381,0.0504));
#5652=CARTESIAN_POINT('',(-0.0108128069846147,-0.00757120895983381,0.0504));
#5653=CARTESIAN_POINT('',(-0.0108128069846147,0.00757120895983381,-0.0143455435391188));
#5654=CARTESIAN_POINT('',(-0.0108128069846147,0.00757120895983381,0.0526));
#5655=CARTESIAN_POINT('',(0.,0.,0.0526));
#5656=CARTESIAN_POINT('',(-0.0108128069846147,-0.00757120895983381,0.0526));
#5657=CARTESIAN_POINT('',(-0.0108128069846147,-0.00757120895983381,-0.0143455435391188));
#5658=CARTESIAN_POINT('',(0.,0.,0.04));
#5659=CARTESIAN_POINT('',(0.,0.,0.0476));
#5660=CARTESIAN_POINT('',(-0.0108128069846147,0.00757120895983381,0.0476));
#5661=CARTESIAN_POINT('',(-0.0108128069846147,-0.00757120895983381,0.0476));
#5662=CARTESIAN_POINT('',(-0.0108128069846147,0.00757120895983381,-0.0143455435391188));
#5663=CARTESIAN_POINT('',(-0.0108128069846147,0.00757120895983381,0.0498));
#5664=CARTESIAN_POINT('',(0.,0.,0.0498));
#5665=CARTESIAN_POINT('',(-0.0108128069846147,-0.00757120895983381,0.0498));
#5666=CARTESIAN_POINT('',(-0.0108128069846147,-0.00757120895983381,-0.0143455435391188));
#5667=CARTESIAN_POINT('',(0.,0.,0.04));
#5668=CARTESIAN_POINT('',(0.,0.,0.0448));
#5669=CARTESIAN_POINT('',(-0.0108128069846147,0.00757120895983381,0.0448));
#5670=CARTESIAN_POINT('',(-0.0108128069846147,-0.00757120895983381,0.0448));
#5671=CARTESIAN_POINT('',(-0.0108128069846147,0.00757120895983381,-0.0143455435391188));
#5672=CARTESIAN_POINT('',(-0.0108128069846147,0.00757120895983381,0.047));
#5673=CARTESIAN_POINT('',(0.,0.,0.047));
#5674=CARTESIAN_POINT('',(-0.0108128069846147,-0.00757120895983381,0.047));
#5675=CARTESIAN_POINT('',(-0.0108128069846147,-0.00757120895983381,-0.0143455435391188));
#5676=CARTESIAN_POINT('',(0.,0.,0.04));
#5677=CARTESIAN_POINT('',(0.,0.,0.042));
#5678=CARTESIAN_POINT('',(-0.0108128069846147,0.00757120895983381,0.042));
#5679=CARTESIAN_POINT('',(-0.0108128069846147,-0.00757120895983381,0.042));
#5680=CARTESIAN_POINT('',(-0.0108128069846147,0.00757120895983381,-0.0143455435391188));
#5681=CARTESIAN_POINT('',(-0.0108128069846147,0.00757120895983381,0.0442));
#5682=CARTESIAN_POINT('',(0.,0.,0.0442));
#5683=CARTESIAN_POINT('',(-0.0108128069846147,-0.00757120895983381,0.0442));
#5684=CARTESIAN_POINT('',(-0.0108128069846147,-0.00757120895983381,-0.0143455435391188));
#5685=CARTESIAN_POINT('',(0.,0.,0.04));
#5686=CARTESIAN_POINT('',(0.,0.,0.0392));
#5687=CARTESIAN_POINT('',(-0.0108128069846147,0.00757120895983381,0.0392));
#5688=CARTESIAN_POINT('',(-0.0108128069846147,-0.00757120895983381,0.0392));
#5689=CARTESIAN_POINT('',(-0.0108128069846147,0.00757120895983381,-0.0143455435391188));
#5690=CARTESIAN_POINT('',(-0.0108128069846147,0.00757120895983381,0.0414));
#5691=CARTESIAN_POINT('',(0.,0.,0.0414));
#5692=CARTESIAN_POINT('',(-0.0108128069846147,-0.00757120895983381,0.0414));
#5693=CARTESIAN_POINT('',(-0.0108128069846147,-0.00757120895983381,-0.0143455435391188));
#5694=CARTESIAN_POINT('',(0.,0.,0.04));
#5695=CARTESIAN_POINT('',(0.,0.,0.0364));
#5696=CARTESIAN_POINT('',(-0.0108128069846147,0.00757120895983381,0.0364));
#5697=CARTESIAN_POINT('',(-0.0108128069846147,-0.00757120895983381,0.0364));
#5698=CARTESIAN_POINT('',(-0.0108128069846147,0.00757120895983381,-0.0143455435391188));
#5699=CARTESIAN_POINT('',(-0.0108128069846147,0.00757120895983381,0.0386));
#5700=CARTESIAN_POINT('',(0.,0.,0.0386));
#5701=CARTESIAN_POINT('',(-0.0108128069846147,-0.00757120895983381,0.0386));
#5702=CARTESIAN_POINT('',(-0.0108128069846147,-0.00757120895983381,-0.0143455435391188));
#5703=CARTESIAN_POINT('',(0.,0.,0.04));
#5704=CARTESIAN_POINT('',(0.,0.,0.0336));
#5705=CARTESIAN_POINT('',(-0.0108128069846147,0.00757120895983381,0.0336));
#5706=CARTESIAN_POINT('',(-0.0108128069846147,-0.00757120895983381,0.0336));
#5707=CARTESIAN_POINT('',(-0.0108128069846147,0.00757120895983381,-0.0143455435391188));
#5708=CARTESIAN_POINT('',(-0.0108128069846147,0.00757120895983381,0.0358));
#5709=CARTESIAN_POINT('',(0.,0.,0.0358));
#5710=CARTESIAN_POINT('',(-0.0108128069846147,-0.00757120895983381,0.0358));
#5711=CARTESIAN_POINT('',(-0.0108128069846147,-0.00757120895983381,-0.0143455435391188));
#5712=CARTESIAN_POINT('',(0.,0.,0.04));
#5713=CARTESIAN_POINT('',(0.,0.,0.0308));
#5714=CARTESIAN_POINT('',(-0.0108128069846147,0.00757120895983381,0.0308));
#5715=CARTESIAN_POINT('',(-0.0108128069846147,-0.00757120895983381,0.0308));
#5716=CARTESIAN_POINT('',(-0.0108128069846147,0.00757120895983381,-0.0143455435391188));
#5717=CARTESIAN_POINT('',(-0.0108128069846147,0.00757120895983381,0.033));
#5718=CARTESIAN_POINT('',(0.,0.,0.033));
#5719=CARTESIAN_POINT('',(-0.0108128069846147,-0.00757120895983381,0.033));
#5720=CARTESIAN_POINT('',(-0.0108128069846147,-0.00757120895983381,-0.0143455435391188));
#5721=CARTESIAN_POINT('',(0.,0.,0.04));
#5722=CARTESIAN_POINT('',(0.,0.,0.028));
#5723=CARTESIAN_POINT('',(-0.0108128069846147,0.00757120895983381,0.028));
#5724=CARTESIAN_POINT('',(-0.0108128069846147,-0.00757120895983381,0.028));
#5725=CARTESIAN_POINT('',(-0.0108128069846147,0.00757120895983381,-0.0143455435391188));
#5726=CARTESIAN_POINT('',(-0.0108128069846147,0.00757120895983381,0.0302));
#5727=CARTESIAN_POINT('',(0.,0.,0.0302));
#5728=CARTESIAN_POINT('',(-0.0108128069846147,-0.00757120895983381,0.0302));
#5729=CARTESIAN_POINT('',(-0.0108128069846147,-0.00757120895983381,-0.0143455435391188));
#5730=CARTESIAN_POINT('',(0.,0.,0.04));
#5731=CARTESIAN_POINT('',(0.,0.,0.0252));
#5732=CARTESIAN_POINT('',(-0.0108128069846147,0.00757120895983381,0.0252));
#5733=CARTESIAN_POINT('',(-0.0108128069846147,-0.00757120895983381,0.0252));
#5734=CARTESIAN_POINT('',(-0.0108128069846147,0.00757120895983381,-0.0143455435391188));
#5735=CARTESIAN_POINT('',(-0.0108128069846147,0.00757120895983381,0.0274));
#5736=CARTESIAN_POINT('',(0.,0.,0.0274));
#5737=CARTESIAN_POINT('',(-0.0108128069846147,-0.00757120895983381,0.0274));
#5738=CARTESIAN_POINT('',(-0.0108128069846147,-0.00757120895983381,-0.0143455435391188));
#5739=CARTESIAN_POINT('',(0.,0.,0.04));
#5740=CARTESIAN_POINT('',(0.,0.,0.0224));
#5741=CARTESIAN_POINT('',(-0.0108128069846147,0.00757120895983381,0.0224));
#5742=CARTESIAN_POINT('',(-0.0108128069846147,-0.00757120895983381,0.0224));
#5743=CARTESIAN_POINT('',(-0.0108128069846147,0.00757120895983381,-0.0143455435391188));
#5744=CARTESIAN_POINT('',(-0.0108128069846147,0.00757120895983381,0.0246));
#5745=CARTESIAN_POINT('',(0.,0.,0.0246));
#5746=CARTESIAN_POINT('',(-0.0108128069846147,-0.00757120895983381,0.0246));
#5747=CARTESIAN_POINT('',(-0.0108128069846147,-0.00757120895983381,-0.0143455435391188));
#5748=CARTESIAN_POINT('',(0.,0.,0.04));
#5749=CARTESIAN_POINT('',(0.,0.,0.0196));
#5750=CARTESIAN_POINT('',(-0.0108128069846147,0.00757120895983381,0.0196));
#5751=CARTESIAN_POINT('',(-0.0108128069846147,-0.00757120895983381,0.0196));
#5752=CARTESIAN_POINT('',(-0.0108128069846147,0.00757120895983381,-0.0143455435391188));
#5753=CARTESIAN_POINT('',(-0.0108128069846147,0.00757120895983381,0.0218));
#5754=CARTESIAN_POINT('',(0.,0.,0.0218));
#5755=CARTESIAN_POINT('',(-0.0108128069846147,-0.00757120895983381,0.0218));
#5756=CARTESIAN_POINT('',(-0.0108128069846147,-0.00757120895983381,-0.0143455435391188));
#5757=CARTESIAN_POINT('',(0.,0.,0.04));
#5758=CARTESIAN_POINT('',(0.,0.,0.0168));
#5759=CARTESIAN_POINT('',(-0.0108128069846147,0.00757120895983381,0.0168));
#5760=CARTESIAN_POINT('',(-0.0108128069846147,-0.00757120895983381,0.0168));
#5761=CARTESIAN_POINT('',(-0.0108128069846147,0.00757120895983381,-0.0143455435391188));
#5762=CARTESIAN_POINT('',(-0.0108128069846147,0.00757120895983381,0.019));
#5763=CARTESIAN_POINT('',(0.,0.,0.019));
#5764=CARTESIAN_POINT('',(-0.0108128069846147,-0.00757120895983381,0.019));
#5765=CARTESIAN_POINT('',(-0.0108128069846147,-0.00757120895983381,-0.0143455435391188));
#5766=CARTESIAN_POINT('',(0.,0.,0.04));
#5767=CARTESIAN_POINT('',(0.,0.,0.014));
#5768=CARTESIAN_POINT('',(-0.0108128069846147,0.00757120895983381,0.014));
#5769=CARTESIAN_POINT('',(-0.0108128069846147,-0.00757120895983381,0.014));
#5770=CARTESIAN_POINT('',(-0.0108128069846147,0.00757120895983381,-0.0143455435391188));
#5771=CARTESIAN_POINT('',(-0.0108128069846147,0.00757120895983381,0.0162));
#5772=CARTESIAN_POINT('',(0.,0.,0.0162));
#5773=CARTESIAN_POINT('',(-0.0108128069846147,-0.00757120895983381,0.0162));
#5774=CARTESIAN_POINT('',(-0.0108128069846147,-0.00757120895983381,-0.0143455435391188));
#5775=CARTESIAN_POINT('',(0.,0.,0.04));
#5776=CARTESIAN_POINT('',(0.,0.,0.0112));
#5777=CARTESIAN_POINT('',(-0.0108128069846147,0.00757120895983381,0.0112));
#5778=CARTESIAN_POINT('',(-0.0108128069846147,-0.00757120895983381,0.0112));
#5779=CARTESIAN_POINT('',(-0.0108128069846147,0.00757120895983381,-0.0143455435391188));
#5780=CARTESIAN_POINT('',(-0.0108128069846147,0.00757120895983381,0.0134));
#5781=CARTESIAN_POINT('',(0.,0.,0.0134));
#5782=CARTESIAN_POINT('',(-0.0108128069846147,-0.00757120895983381,0.0134));
#5783=CARTESIAN_POINT('',(-0.0108128069846147,-0.00757120895983381,-0.0143455435391188));
#5784=CARTESIAN_POINT('',(0.,0.,0.04));
#5785=CARTESIAN_POINT('',(0.,0.,0.0084));
#5786=CARTESIAN_POINT('',(-0.0108128069846147,0.00757120895983381,0.0084));
#5787=CARTESIAN_POINT('',(-0.0108128069846147,-0.00757120895983381,0.0084));
#5788=CARTESIAN_POINT('',(-0.0108128069846147,0.00757120895983381,-0.0143455435391188));
#5789=CARTESIAN_POINT('',(-0.0108128069846147,0.00757120895983381,0.0106));
#5790=CARTESIAN_POINT('',(0.,0.,0.0106));
#5791=CARTESIAN_POINT('',(-0.0108128069846147,-0.00757120895983381,0.0106));
#5792=CARTESIAN_POINT('',(-0.0108128069846147,-0.00757120895983381,-0.0143455435391188));
#5793=CARTESIAN_POINT('',(0.,0.,0.04));
#5794=CARTESIAN_POINT('',(0.,0.,0.0056));
#5795=CARTESIAN_POINT('',(-0.0108128069846147,0.00757120895983381,0.0056));
#5796=CARTESIAN_POINT('',(-0.0108128069846147,-0.00757120895983381,0.0056));
#5797=CARTESIAN_POINT('',(-0.0108128069846147,0.00757120895983381,-0.0143455435391188));
#5798=CARTESIAN_POINT('',(-0.0108128069846147,0.00757120895983381,0.0078));
#5799=CARTESIAN_POINT('',(0.,0.,0.0078));
#5800=CARTESIAN_POINT('',(-0.0108128069846147,-0.00757120895983381,0.0078));
#5801=CARTESIAN_POINT('',(-0.0108128069846147,-0.00757120895983381,-0.0143455435391188));
#5802=CARTESIAN_POINT('',(0.,0.,0.04));
#5803=CARTESIAN_POINT('',(0.,0.,0.0028));
#5804=CARTESIAN_POINT('',(-0.0108128069846147,0.00757120895983381,0.0028));
#5805=CARTESIAN_POINT('',(-0.0108128069846147,-0.00757120895983381,0.0028));
#5806=CARTESIAN_POINT('',(-0.0108128069846147,0.00757120895983381,-0.0143455435391188));
#5807=CARTESIAN_POINT('',(-0.0108128069846147,0.00757120895983381,0.005));
#5808=CARTESIAN_POINT('',(0.,0.,0.005));
#5809=CARTESIAN_POINT('',(-0.0108128069846147,-0.00757120895983381,0.005));
#5810=CARTESIAN_POINT('',(-0.0108128069846147,-0.00757120895983381,-0.0143455435391188));
#5811=CARTESIAN_POINT('',(-0.00985,0.,0.0008));
#5812=CARTESIAN_POINT('',(0.,0.,0.0008));
#5813=CARTESIAN_POINT('',(-0.008,0.,0.0008));
#5814=CARTESIAN_POINT('',(-0.0108128069846147,-1.1029968185439E-19,0.0008));
#5815=CARTESIAN_POINT('',(-0.0108128069846147,-0.00520415267968454,0.0008));
#5816=CARTESIAN_POINT('',(-0.0108128069846147,0.00520415267968454,0.0008));
#5817=CARTESIAN_POINT('',(0.,0.,0.0008));
#5818=CARTESIAN_POINT('',(0.,0.,0.04));
#5819=CARTESIAN_POINT('',(-0.0108128069846147,0.00520415267968454,0.04));
#5820=CARTESIAN_POINT('',(-0.0108128069846147,0.00520415267968453,0.0014));
#5821=CARTESIAN_POINT('',(-0.0108128069846147,-0.00520415267968454,0.04));
#5822=CARTESIAN_POINT('',(-0.0108128069846147,-0.00520415267968453,0.0014));
#5823=CARTESIAN_POINT('',(0.,0.,0.0014));
#5824=CARTESIAN_POINT('',(-0.01,0.,0.0014));
#5825=CARTESIAN_POINT('',(0.,0.,0.0014));
#5826=CARTESIAN_POINT('',(-0.008,0.,0.0014));
#5827=CARTESIAN_POINT('',(-0.0108128069846147,-9.3115601823251E-20,0.0014));
#5828=CARTESIAN_POINT('',(-0.01,0.,0.0036));
#5829=CARTESIAN_POINT('',(0.,0.,0.0036));
#5830=CARTESIAN_POINT('',(-0.008,0.,0.0036));
#5831=CARTESIAN_POINT('',(-0.0108128069846147,-9.31156018232508E-20,0.0036));
#5832=CARTESIAN_POINT('',(-0.0108128069846147,-0.00520415267968454,0.0036));
#5833=CARTESIAN_POINT('',(-0.0108128069846147,0.00520415267968454,0.0036));
#5834=CARTESIAN_POINT('',(0.,0.,0.0036));
#5835=CARTESIAN_POINT('',(0.,0.,0.04));
#5836=CARTESIAN_POINT('',(-0.0108128069846147,0.00520415267968454,0.04));
#5837=CARTESIAN_POINT('',(-0.0108128069846147,0.00520415267968453,0.0042));
#5838=CARTESIAN_POINT('',(-0.0108128069846147,-0.00520415267968454,0.04));
#5839=CARTESIAN_POINT('',(-0.0108128069846147,-0.00520415267968453,0.0042));
#5840=CARTESIAN_POINT('',(0.,0.,0.0042));
#5841=CARTESIAN_POINT('',(-0.01,0.,0.0042));
#5842=CARTESIAN_POINT('',(0.,0.,0.0042));
#5843=CARTESIAN_POINT('',(-0.008,0.,0.0042));
#5844=CARTESIAN_POINT('',(-0.0108128069846147,-9.3115601823251E-20,0.0042));
#5845=CARTESIAN_POINT('',(-0.01,0.,0.0064));
#5846=CARTESIAN_POINT('',(0.,0.,0.0064));
#5847=CARTESIAN_POINT('',(-0.008,0.,0.0064));
#5848=CARTESIAN_POINT('',(-0.0108128069846147,-9.31156018232508E-20,0.0064));
#5849=CARTESIAN_POINT('',(-0.0108128069846147,-0.00520415267968454,0.0064));
#5850=CARTESIAN_POINT('',(-0.0108128069846147,0.00520415267968454,0.0064));
#5851=CARTESIAN_POINT('',(0.,0.,0.0064));
#5852=CARTESIAN_POINT('',(0.,0.,0.04));
#5853=CARTESIAN_POINT('',(-0.0108128069846147,0.00520415267968454,0.04));
#5854=CARTESIAN_POINT('',(-0.0108128069846147,0.00520415267968453,0.007));
#5855=CARTESIAN_POINT('',(-0.0108128069846147,-0.00520415267968454,0.04));
#5856=CARTESIAN_POINT('',(-0.0108128069846147,-0.00520415267968453,0.007));
#5857=CARTESIAN_POINT('',(0.,0.,0.007));
#5858=CARTESIAN_POINT('',(-0.01,0.,0.007));
#5859=CARTESIAN_POINT('',(0.,0.,0.007));
#5860=CARTESIAN_POINT('',(-0.008,0.,0.007));
#5861=CARTESIAN_POINT('',(-0.0108128069846147,-9.3115601823251E-20,0.007));
#5862=CARTESIAN_POINT('',(-0.01,0.,0.0092));
#5863=CARTESIAN_POINT('',(0.,0.,0.0092));
#5864=CARTESIAN_POINT('',(-0.008,0.,0.0092));
#5865=CARTESIAN_POINT('',(-0.0108128069846147,-9.31156018232508E-20,0.0092));
#5866=CARTESIAN_POINT('',(-0.0108128069846147,-0.00520415267968454,0.0092));
#5867=CARTESIAN_POINT('',(-0.0108128069846147,0.00520415267968454,0.0092));
#5868=CARTESIAN_POINT('',(0.,0.,0.0092));
#5869=CARTESIAN_POINT('',(0.,0.,0.04));
#5870=CARTESIAN_POINT('',(-0.0108128069846147,0.00520415267968454,0.04));
#5871=CARTESIAN_POINT('',(-0.0108128069846147,0.00520415267968453,0.0098));
#5872=CARTESIAN_POINT('',(-0.0108128069846147,-0.00520415267968454,0.04));
#5873=CARTESIAN_POINT('',(-0.0108128069846147,-0.00520415267968453,0.0098));
#5874=CARTESIAN_POINT('',(0.,0.,0.0098));
#5875=CARTESIAN_POINT('',(-0.01,0.,0.0098));
#5876=CARTESIAN_POINT('',(0.,0.,0.0098));
#5877=CARTESIAN_POINT('',(-0.008,0.,0.0098));
#5878=CARTESIAN_POINT('',(-0.0108128069846147,-9.3115601823251E-20,0.0098));
#5879=CARTESIAN_POINT('',(-0.01,0.,0.012));
#5880=CARTESIAN_POINT('',(0.,0.,0.012));
#5881=CARTESIAN_POINT('',(-0.008,0.,0.012));
#5882=CARTESIAN_POINT('',(-0.0108128069846147,-9.31156018232508E-20,0.012));
#5883=CARTESIAN_POINT('',(-0.0108128069846147,-0.00520415267968454,0.012));
#5884=CARTESIAN_POINT('',(-0.0108128069846147,0.00520415267968454,0.012));
#5885=CARTESIAN_POINT('',(0.,0.,0.012));
#5886=CARTESIAN_POINT('',(0.,0.,0.04));
#5887=CARTESIAN_POINT('',(-0.0108128069846147,0.00520415267968454,0.04));
#5888=CARTESIAN_POINT('',(-0.0108128069846147,0.00520415267968453,0.0126));
#5889=CARTESIAN_POINT('',(-0.0108128069846147,-0.00520415267968454,0.04));
#5890=CARTESIAN_POINT('',(-0.0108128069846147,-0.00520415267968453,0.0126));
#5891=CARTESIAN_POINT('',(0.,0.,0.0126));
#5892=CARTESIAN_POINT('',(-0.01,0.,0.0126));
#5893=CARTESIAN_POINT('',(0.,0.,0.0126));
#5894=CARTESIAN_POINT('',(-0.008,0.,0.0126));
#5895=CARTESIAN_POINT('',(-0.0108128069846147,-9.3115601823251E-20,0.0126));
#5896=CARTESIAN_POINT('',(-0.01,0.,0.0148));
#5897=CARTESIAN_POINT('',(0.,0.,0.0148));
#5898=CARTESIAN_POINT('',(-0.008,0.,0.0148));
#5899=CARTESIAN_POINT('',(-0.0108128069846147,-9.31156018232508E-20,0.0148));
#5900=CARTESIAN_POINT('',(-0.0108128069846147,-0.00520415267968454,0.0148));
#5901=CARTESIAN_POINT('',(-0.0108128069846147,0.00520415267968454,0.0148));
#5902=CARTESIAN_POINT('',(0.,0.,0.0148));
#5903=CARTESIAN_POINT('',(0.,0.,0.04));
#5904=CARTESIAN_POINT('',(-0.0108128069846147,0.00520415267968454,0.04));
#5905=CARTESIAN_POINT('',(-0.0108128069846147,0.00520415267968453,0.0154));
#5906=CARTESIAN_POINT('',(-0.0108128069846147,-0.00520415267968454,0.04));
#5907=CARTESIAN_POINT('',(-0.0108128069846147,-0.00520415267968453,0.0154));
#5908=CARTESIAN_POINT('',(0.,0.,0.0154));
#5909=CARTESIAN_POINT('',(-0.01,0.,0.0154));
#5910=CARTESIAN_POINT('',(0.,0.,0.0154));
#5911=CARTESIAN_POINT('',(-0.008,0.,0.0154));
#5912=CARTESIAN_POINT('',(-0.0108128069846147,-9.3115601823251E-20,0.0154));
#5913=CARTESIAN_POINT('',(-0.01,0.,0.0176));
#5914=CARTESIAN_POINT('',(0.,0.,0.0176));
#5915=CARTESIAN_POINT('',(-0.008,0.,0.0176));
#5916=CARTESIAN_POINT('',(-0.0108128069846147,-9.31156018232508E-20,0.0176));
#5917=CARTESIAN_POINT('',(-0.0108128069846147,-0.00520415267968454,0.0176));
#5918=CARTESIAN_POINT('',(-0.0108128069846147,0.00520415267968454,0.0176));
#5919=CARTESIAN_POINT('',(0.,0.,0.0176));
#5920=CARTESIAN_POINT('',(0.,0.,0.04));
#5921=CARTESIAN_POINT('',(-0.0108128069846147,0.00520415267968454,0.04));
#5922=CARTESIAN_POINT('',(-0.0108128069846147,0.00520415267968453,0.0182));
#5923=CARTESIAN_POINT('',(-0.0108128069846147,-0.00520415267968454,0.04));
#5924=CARTESIAN_POINT('',(-0.0108128069846147,-0.00520415267968453,0.0182));
#5925=CARTESIAN_POINT('',(0.,0.,0.0182));
#5926=CARTESIAN_POINT('',(-0.01,0.,0.0182));
#5927=CARTESIAN_POINT('',(0.,0.,0.0182));
#5928=CARTESIAN_POINT('',(-0.008,0.,0.0182));
#5929=CARTESIAN_POINT('',(-0.0108128069846147,-9.3115601823251E-20,0.0182));
#5930=CARTESIAN_POINT('',(-0.01,0.,0.0204));
#5931=CARTESIAN_POINT('',(0.,0.,0.0204));
#5932=CARTESIAN_POINT('',(-0.008,0.,0.0204));
#5933=CARTESIAN_POINT('',(-0.0108128069846147,-9.31156018232508E-20,0.0204));
#5934=CARTESIAN_POINT('',(-0.0108128069846147,-0.00520415267968454,0.0204));
#5935=CARTESIAN_POINT('',(-0.0108128069846147,0.00520415267968454,0.0204));
#5936=CARTESIAN_POINT('',(0.,0.,0.0204));
#5937=CARTESIAN_POINT('',(0.,0.,0.04));
#5938=CARTESIAN_POINT('',(-0.0108128069846147,0.00520415267968454,0.04));
#5939=CARTESIAN_POINT('',(-0.0108128069846147,0.00520415267968453,0.021));
#5940=CARTESIAN_POINT('',(-0.0108128069846147,-0.00520415267968454,0.04));
#5941=CARTESIAN_POINT('',(-0.0108128069846147,-0.00520415267968453,0.021));
#5942=CARTESIAN_POINT('',(0.,0.,0.021));
#5943=CARTESIAN_POINT('',(-0.01,0.,0.021));
#5944=CARTESIAN_POINT('',(0.,0.,0.021));
#5945=CARTESIAN_POINT('',(-0.008,0.,0.021));
#5946=CARTESIAN_POINT('',(-0.0108128069846147,-9.3115601823251E-20,0.021));
#5947=CARTESIAN_POINT('',(-0.01,0.,0.0232));
#5948=CARTESIAN_POINT('',(0.,0.,0.0232));
#5949=CARTESIAN_POINT('',(-0.008,0.,0.0232));
#5950=CARTESIAN_POINT('',(-0.0108128069846147,-9.31156018232508E-20,0.0232));
#5951=CARTESIAN_POINT('',(-0.0108128069846147,-0.00520415267968454,0.0232));
#5952=CARTESIAN_POINT('',(-0.0108128069846147,0.00520415267968454,0.0232));
#5953=CARTESIAN_POINT('',(0.,0.,0.0232));
#5954=CARTESIAN_POINT('',(0.,0.,0.04));
#5955=CARTESIAN_POINT('',(-0.0108128069846147,0.00520415267968454,0.04));
#5956=CARTESIAN_POINT('',(-0.0108128069846147,0.00520415267968453,0.0238));
#5957=CARTESIAN_POINT('',(-0.0108128069846147,-0.00520415267968454,0.04));
#5958=CARTESIAN_POINT('',(-0.0108128069846147,-0.00520415267968453,0.0238));
#5959=CARTESIAN_POINT('',(0.,0.,0.0238));
#5960=CARTESIAN_POINT('',(-0.01,0.,0.0238));
#5961=CARTESIAN_POINT('',(0.,0.,0.0238));
#5962=CARTESIAN_POINT('',(-0.008,0.,0.0238));
#5963=CARTESIAN_POINT('',(-0.0108128069846147,-9.3115601823251E-20,0.0238));
#5964=CARTESIAN_POINT('',(-0.01,0.,0.026));
#5965=CARTESIAN_POINT('',(0.,0.,0.026));
#5966=CARTESIAN_POINT('',(-0.008,0.,0.026));
#5967=CARTESIAN_POINT('',(-0.0108128069846147,-9.31156018232508E-20,0.026));
#5968=CARTESIAN_POINT('',(-0.0108128069846147,-0.00520415267968454,0.026));
#5969=CARTESIAN_POINT('',(-0.0108128069846147,0.00520415267968454,0.026));
#5970=CARTESIAN_POINT('',(0.,0.,0.026));
#5971=CARTESIAN_POINT('',(0.,0.,0.04));
#5972=CARTESIAN_POINT('',(-0.0108128069846147,0.00520415267968454,0.04));
#5973=CARTESIAN_POINT('',(-0.0108128069846147,0.00520415267968453,0.0266));
#5974=CARTESIAN_POINT('',(-0.0108128069846147,-0.00520415267968454,0.04));
#5975=CARTESIAN_POINT('',(-0.0108128069846147,-0.00520415267968453,0.0266));
#5976=CARTESIAN_POINT('',(0.,0.,0.0266));
#5977=CARTESIAN_POINT('',(-0.01,0.,0.0266));
#5978=CARTESIAN_POINT('',(0.,0.,0.0266));
#5979=CARTESIAN_POINT('',(-0.008,0.,0.0266));
#5980=CARTESIAN_POINT('',(-0.0108128069846147,-9.3115601823251E-20,0.0266));
#5981=CARTESIAN_POINT('',(-0.01,0.,0.0288));
#5982=CARTESIAN_POINT('',(0.,0.,0.0288));
#5983=CARTESIAN_POINT('',(-0.008,0.,0.0288));
#5984=CARTESIAN_POINT('',(-0.0108128069846147,-9.31156018232508E-20,0.0288));
#5985=CARTESIAN_POINT('',(-0.0108128069846147,-0.00520415267968454,0.0288));
#5986=CARTESIAN_POINT('',(-0.0108128069846147,0.00520415267968454,0.0288));
#5987=CARTESIAN_POINT('',(0.,0.,0.0288));
#5988=CARTESIAN_POINT('',(0.,0.,0.04));
#5989=CARTESIAN_POINT('',(-0.0108128069846147,0.00520415267968454,0.04));
#5990=CARTESIAN_POINT('',(-0.0108128069846147,0.00520415267968453,0.0294));
#5991=CARTESIAN_POINT('',(-0.0108128069846147,-0.00520415267968454,0.04));
#5992=CARTESIAN_POINT('',(-0.0108128069846147,-0.00520415267968453,0.0294));
#5993=CARTESIAN_POINT('',(0.,0.,0.0294));
#5994=CARTESIAN_POINT('',(-0.01,0.,0.0294));
#5995=CARTESIAN_POINT('',(0.,0.,0.0294));
#5996=CARTESIAN_POINT('',(-0.008,0.,0.0294));
#5997=CARTESIAN_POINT('',(-0.0108128069846147,-9.3115601823251E-20,0.0294));
#5998=CARTESIAN_POINT('',(-0.01,0.,0.0316));
#5999=CARTESIAN_POINT('',(0.,0.,0.0316));
#6000=CARTESIAN_POINT('',(-0.008,0.,0.0316));
#6001=CARTESIAN_POINT('',(-0.0108128069846147,-9.31156018232508E-20,0.0316));
#6002=CARTESIAN_POINT('',(-0.0108128069846147,-0.00520415267968454,0.0316));
#6003=CARTESIAN_POINT('',(-0.0108128069846147,0.00520415267968454,0.0316));
#6004=CARTESIAN_POINT('',(0.,0.,0.0316));
#6005=CARTESIAN_POINT('',(0.,0.,0.04));
#6006=CARTESIAN_POINT('',(-0.0108128069846147,0.00520415267968454,0.04));
#6007=CARTESIAN_POINT('',(-0.0108128069846147,0.00520415267968453,0.0322));
#6008=CARTESIAN_POINT('',(-0.0108128069846147,-0.00520415267968454,0.04));
#6009=CARTESIAN_POINT('',(-0.0108128069846147,-0.00520415267968453,0.0322));
#6010=CARTESIAN_POINT('',(0.,0.,0.0322));
#6011=CARTESIAN_POINT('',(-0.01,0.,0.0322));
#6012=CARTESIAN_POINT('',(0.,0.,0.0322));
#6013=CARTESIAN_POINT('',(-0.008,0.,0.0322));
#6014=CARTESIAN_POINT('',(-0.0108128069846147,-9.3115601823251E-20,0.0322));
#6015=CARTESIAN_POINT('',(-0.01,0.,0.0344));
#6016=CARTESIAN_POINT('',(0.,0.,0.0344));
#6017=CARTESIAN_POINT('',(-0.008,0.,0.0344));
#6018=CARTESIAN_POINT('',(-0.0108128069846147,-9.31156018232508E-20,0.0344));
#6019=CARTESIAN_POINT('',(-0.0108128069846147,-0.00520415267968454,0.0344));
#6020=CARTESIAN_POINT('',(-0.0108128069846147,0.00520415267968454,0.0344));
#6021=CARTESIAN_POINT('',(0.,0.,0.0344));
#6022=CARTESIAN_POINT('',(0.,0.,0.04));
#6023=CARTESIAN_POINT('',(-0.0108128069846147,0.00520415267968454,0.04));
#6024=CARTESIAN_POINT('',(-0.0108128069846147,0.00520415267968453,0.035));
#6025=CARTESIAN_POINT('',(-0.0108128069846147,-0.00520415267968454,0.04));
#6026=CARTESIAN_POINT('',(-0.0108128069846147,-0.00520415267968453,0.035));
#6027=CARTESIAN_POINT('',(0.,0.,0.035));
#6028=CARTESIAN_POINT('',(-0.01,0.,0.035));
#6029=CARTESIAN_POINT('',(0.,0.,0.035));
#6030=CARTESIAN_POINT('',(-0.008,0.,0.035));
#6031=CARTESIAN_POINT('',(-0.0108128069846147,-9.3115601823251E-20,0.035));
#6032=CARTESIAN_POINT('',(-0.01,0.,0.0372));
#6033=CARTESIAN_POINT('',(0.,0.,0.0372));
#6034=CARTESIAN_POINT('',(-0.008,0.,0.0372));
#6035=CARTESIAN_POINT('',(-0.0108128069846147,-9.31156018232508E-20,0.0372));
#6036=CARTESIAN_POINT('',(-0.0108128069846147,-0.00520415267968454,0.0372));
#6037=CARTESIAN_POINT('',(-0.0108128069846147,0.00520415267968454,0.0372));
#6038=CARTESIAN_POINT('',(0.,0.,0.0372));
#6039=CARTESIAN_POINT('',(0.,0.,0.04));
#6040=CARTESIAN_POINT('',(-0.0108128069846147,0.00520415267968454,0.04));
#6041=CARTESIAN_POINT('',(-0.0108128069846147,0.00520415267968453,0.0378));
#6042=CARTESIAN_POINT('',(-0.0108128069846147,-0.00520415267968454,0.04));
#6043=CARTESIAN_POINT('',(-0.0108128069846147,-0.00520415267968453,0.0378));
#6044=CARTESIAN_POINT('',(0.,0.,0.0378));
#6045=CARTESIAN_POINT('',(-0.01,0.,0.0378));
#6046=CARTESIAN_POINT('',(0.,0.,0.0378));
#6047=CARTESIAN_POINT('',(-0.008,0.,0.0378));
#6048=CARTESIAN_POINT('',(-0.0108128069846147,-9.3115601823251E-20,0.0378));
#6049=CARTESIAN_POINT('',(-0.01,0.,0.04));
#6050=CARTESIAN_POINT('',(0.,0.,0.04));
#6051=CARTESIAN_POINT('',(-0.008,0.,0.04));
#6052=CARTESIAN_POINT('',(-0.0108128069846147,-9.31156018232508E-20,0.04));
#6053=CARTESIAN_POINT('',(-0.0108128069846147,-0.00520415267968454,0.04));
#6054=CARTESIAN_POINT('',(-0.0108128069846147,0.00520415267968454,0.04));
#6055=CARTESIAN_POINT('',(0.,0.,0.04));
#6056=CARTESIAN_POINT('',(0.,0.,0.04));
#6057=CARTESIAN_POINT('',(-0.0108128069846147,0.00520415267968454,0.04));
#6058=CARTESIAN_POINT('',(-0.0108128069846147,0.00520415267968453,0.0406));
#6059=CARTESIAN_POINT('',(-0.0108128069846147,-0.00520415267968454,0.04));
#6060=CARTESIAN_POINT('',(-0.0108128069846147,-0.00520415267968453,0.0406));
#6061=CARTESIAN_POINT('',(0.,0.,0.0406));
#6062=CARTESIAN_POINT('',(-0.01,0.,0.0406));
#6063=CARTESIAN_POINT('',(0.,0.,0.0406));
#6064=CARTESIAN_POINT('',(-0.008,0.,0.0406));
#6065=CARTESIAN_POINT('',(-0.0108128069846147,-9.3115601823251E-20,0.0406));
#6066=CARTESIAN_POINT('',(-0.01,0.,0.0428));
#6067=CARTESIAN_POINT('',(0.,0.,0.0428));
#6068=CARTESIAN_POINT('',(-0.008,0.,0.0428));
#6069=CARTESIAN_POINT('',(-0.0108128069846147,-9.31156018232508E-20,0.0428));
#6070=CARTESIAN_POINT('',(-0.0108128069846147,-0.00520415267968454,0.0428));
#6071=CARTESIAN_POINT('',(-0.0108128069846147,0.00520415267968454,0.0428));
#6072=CARTESIAN_POINT('',(0.,0.,0.0428));
#6073=CARTESIAN_POINT('',(0.,0.,0.04));
#6074=CARTESIAN_POINT('',(-0.0108128069846147,0.00520415267968454,0.04));
#6075=CARTESIAN_POINT('',(-0.0108128069846147,0.00520415267968453,0.0434));
#6076=CARTESIAN_POINT('',(-0.0108128069846147,-0.00520415267968454,0.04));
#6077=CARTESIAN_POINT('',(-0.0108128069846147,-0.00520415267968453,0.0434));
#6078=CARTESIAN_POINT('',(0.,0.,0.0434));
#6079=CARTESIAN_POINT('',(-0.01,0.,0.0434));
#6080=CARTESIAN_POINT('',(0.,0.,0.0434));
#6081=CARTESIAN_POINT('',(-0.008,0.,0.0434));
#6082=CARTESIAN_POINT('',(-0.0108128069846147,-9.3115601823251E-20,0.0434));
#6083=CARTESIAN_POINT('',(-0.01,0.,0.0456));
#6084=CARTESIAN_POINT('',(0.,0.,0.0456));
#6085=CARTESIAN_POINT('',(-0.008,0.,0.0456));
#6086=CARTESIAN_POINT('',(-0.0108128069846147,-9.31156018232508E-20,0.0456));
#6087=CARTESIAN_POINT('',(-0.0108128069846147,-0.00520415267968454,0.0456));
#6088=CARTESIAN_POINT('',(-0.0108128069846147,0.00520415267968454,0.0456));
#6089=CARTESIAN_POINT('',(0.,0.,0.0456));
#6090=CARTESIAN_POINT('',(0.,0.,0.04));
#6091=CARTESIAN_POINT('',(-0.0108128069846147,0.00520415267968454,0.04));
#6092=CARTESIAN_POINT('',(-0.0108128069846147,0.00520415267968453,0.0462));
#6093=CARTESIAN_POINT('',(-0.0108128069846147,-0.00520415267968454,0.04));
#6094=CARTESIAN_POINT('',(-0.0108128069846147,-0.00520415267968453,0.0462));
#6095=CARTESIAN_POINT('',(0.,0.,0.0462));
#6096=CARTESIAN_POINT('',(-0.01,0.,0.0462));
#6097=CARTESIAN_POINT('',(0.,0.,0.0462));
#6098=CARTESIAN_POINT('',(-0.008,0.,0.0462));
#6099=CARTESIAN_POINT('',(-0.0108128069846147,-9.3115601823251E-20,0.0462));
#6100=CARTESIAN_POINT('',(-0.01,0.,0.0484));
#6101=CARTESIAN_POINT('',(0.,0.,0.0484));
#6102=CARTESIAN_POINT('',(-0.008,0.,0.0484));
#6103=CARTESIAN_POINT('',(-0.0108128069846147,-9.31156018232508E-20,0.0484));
#6104=CARTESIAN_POINT('',(-0.0108128069846147,-0.00520415267968454,0.0484));
#6105=CARTESIAN_POINT('',(-0.0108128069846147,0.00520415267968454,0.0484));
#6106=CARTESIAN_POINT('',(0.,0.,0.0484));
#6107=CARTESIAN_POINT('',(0.,0.,0.04));
#6108=CARTESIAN_POINT('',(-0.0108128069846147,0.00520415267968454,0.04));
#6109=CARTESIAN_POINT('',(-0.0108128069846147,0.00520415267968453,0.049));
#6110=CARTESIAN_POINT('',(-0.0108128069846147,-0.00520415267968454,0.04));
#6111=CARTESIAN_POINT('',(-0.0108128069846147,-0.00520415267968453,0.049));
#6112=CARTESIAN_POINT('',(0.,0.,0.049));
#6113=CARTESIAN_POINT('',(-0.01,0.,0.049));
#6114=CARTESIAN_POINT('',(0.,0.,0.049));
#6115=CARTESIAN_POINT('',(-0.008,0.,0.049));
#6116=CARTESIAN_POINT('',(-0.0108128069846147,-9.3115601823251E-20,0.049));
#6117=CARTESIAN_POINT('',(-0.01,0.,0.0512));
#6118=CARTESIAN_POINT('',(0.,0.,0.0512));
#6119=CARTESIAN_POINT('',(-0.008,0.,0.0512));
#6120=CARTESIAN_POINT('',(-0.0108128069846147,-9.31156018232508E-20,0.0512));
#6121=CARTESIAN_POINT('',(-0.0108128069846147,-0.00520415267968454,0.0512));
#6122=CARTESIAN_POINT('',(-0.0108128069846147,0.00520415267968454,0.0512));
#6123=CARTESIAN_POINT('',(0.,0.,0.0512));
#6124=CARTESIAN_POINT('',(0.,0.,0.04));
#6125=CARTESIAN_POINT('',(-0.0108128069846147,0.00520415267968454,0.04));
#6126=CARTESIAN_POINT('',(-0.0108128069846147,0.00520415267968453,0.0518));
#6127=CARTESIAN_POINT('',(-0.0108128069846147,-0.00520415267968454,0.04));
#6128=CARTESIAN_POINT('',(-0.0108128069846147,-0.00520415267968453,0.0518));
#6129=CARTESIAN_POINT('',(0.,0.,0.0518));
#6130=CARTESIAN_POINT('',(-0.01,0.,0.0518));
#6131=CARTESIAN_POINT('',(0.,0.,0.0518));
#6132=CARTESIAN_POINT('',(-0.008,0.,0.0518));
#6133=CARTESIAN_POINT('',(-0.0108128069846147,-9.3115601823251E-20,0.0518));
#6134=CARTESIAN_POINT('',(-0.01,0.,0.054));
#6135=CARTESIAN_POINT('',(0.,0.,0.054));
#6136=CARTESIAN_POINT('',(-0.008,0.,0.054));
#6137=CARTESIAN_POINT('',(-0.0108128069846147,-9.31156018232508E-20,0.054));
#6138=CARTESIAN_POINT('',(-0.0108128069846147,-0.00520415267968454,0.054));
#6139=CARTESIAN_POINT('',(-0.0108128069846147,0.00520415267968454,0.054));
#6140=CARTESIAN_POINT('',(0.,0.,0.054));
#6141=CARTESIAN_POINT('',(0.,0.,0.04));
#6142=CARTESIAN_POINT('',(-0.0108128069846147,0.00520415267968454,0.04));
#6143=CARTESIAN_POINT('',(-0.0108128069846147,0.00520415267968453,0.0546));
#6144=CARTESIAN_POINT('',(-0.0108128069846147,-0.00520415267968454,0.04));
#6145=CARTESIAN_POINT('',(-0.0108128069846147,-0.00520415267968453,0.0546));
#6146=CARTESIAN_POINT('',(0.,0.,0.0546));
#6147=CARTESIAN_POINT('',(-0.01,0.,0.0546));
#6148=CARTESIAN_POINT('',(0.,0.,0.0546));
#6149=CARTESIAN_POINT('',(-0.008,0.,0.0546));
#6150=CARTESIAN_POINT('',(-0.0108128069846147,-9.3115601823251E-20,0.0546));
#6151=CARTESIAN_POINT('',(-0.01,0.,0.0568));
#6152=CARTESIAN_POINT('',(0.,0.,0.0568));
#6153=CARTESIAN_POINT('',(-0.008,0.,0.0568));
#6154=CARTESIAN_POINT('',(-0.0108128069846147,-9.31156018232508E-20,0.0568));
#6155=CARTESIAN_POINT('',(-0.0108128069846147,-0.00520415267968454,0.0568));
#6156=CARTESIAN_POINT('',(-0.0108128069846147,0.00520415267968454,0.0568));
#6157=CARTESIAN_POINT('',(0.,0.,0.0568));
#6158=CARTESIAN_POINT('',(0.,0.,0.04));
#6159=CARTESIAN_POINT('',(-0.0108128069846147,0.00520415267968454,0.04));
#6160=CARTESIAN_POINT('',(-0.0108128069846147,0.00520415267968453,0.0574));
#6161=CARTESIAN_POINT('',(-0.0108128069846147,-0.00520415267968454,0.04));
#6162=CARTESIAN_POINT('',(-0.0108128069846147,-0.00520415267968453,0.0574));
#6163=CARTESIAN_POINT('',(0.,0.,0.0574));
#6164=CARTESIAN_POINT('',(-0.01,0.,0.0574));
#6165=CARTESIAN_POINT('',(0.,0.,0.0574));
#6166=CARTESIAN_POINT('',(-0.008,0.,0.0574));
#6167=CARTESIAN_POINT('',(-0.0108128069846147,-9.3115601823251E-20,0.0574));
#6168=CARTESIAN_POINT('',(-0.01,0.,0.0596));
#6169=CARTESIAN_POINT('',(0.,0.,0.0596));
#6170=CARTESIAN_POINT('',(-0.008,0.,0.0596));
#6171=CARTESIAN_POINT('',(-0.0108128069846147,-9.31156018232508E-20,0.0596));
#6172=CARTESIAN_POINT('',(-0.0108128069846147,-0.00520415267968454,0.0596));
#6173=CARTESIAN_POINT('',(-0.0108128069846147,0.00520415267968454,0.0596));
#6174=CARTESIAN_POINT('',(0.,0.,0.0596));
#6175=CARTESIAN_POINT('',(0.,0.,0.04));
#6176=CARTESIAN_POINT('',(-0.0108128069846147,0.00520415267968454,0.04));
#6177=CARTESIAN_POINT('',(-0.0108128069846147,0.00520415267968453,0.0602));
#6178=CARTESIAN_POINT('',(-0.0108128069846147,-0.00520415267968454,0.04));
#6179=CARTESIAN_POINT('',(-0.0108128069846147,-0.00520415267968453,0.0602));
#6180=CARTESIAN_POINT('',(0.,0.,0.0602));
#6181=CARTESIAN_POINT('',(-0.01,0.,0.0602));
#6182=CARTESIAN_POINT('',(0.,0.,0.0602));
#6183=CARTESIAN_POINT('',(-0.008,0.,0.0602));
#6184=CARTESIAN_POINT('',(-0.0108128069846147,-9.3115601823251E-20,0.0602));
#6185=CARTESIAN_POINT('',(-0.01,0.,0.0624));
#6186=CARTESIAN_POINT('',(0.,0.,0.0624));
#6187=CARTESIAN_POINT('',(-0.008,0.,0.0624));
#6188=CARTESIAN_POINT('',(-0.0108128069846147,-9.31156018232508E-20,0.0624));
#6189=CARTESIAN_POINT('',(-0.0108128069846147,-0.00520415267968454,0.0624));
#6190=CARTESIAN_POINT('',(-0.0108128069846147,0.00520415267968454,0.0624));
#6191=CARTESIAN_POINT('',(0.,0.,0.0624));
#6192=CARTESIAN_POINT('',(0.,0.,0.04));
#6193=CARTESIAN_POINT('',(-0.0108128069846147,0.00520415267968454,0.04));
#6194=CARTESIAN_POINT('',(-0.0108128069846147,0.00520415267968453,0.063));
#6195=CARTESIAN_POINT('',(-0.0108128069846147,-0.00520415267968454,0.04));
#6196=CARTESIAN_POINT('',(-0.0108128069846147,-0.00520415267968453,0.063));
#6197=CARTESIAN_POINT('',(0.,0.,0.063));
#6198=CARTESIAN_POINT('',(-0.01,0.,0.063));
#6199=CARTESIAN_POINT('',(0.,0.,0.063));
#6200=CARTESIAN_POINT('',(-0.008,0.,0.063));
#6201=CARTESIAN_POINT('',(-0.0108128069846147,-9.3115601823251E-20,0.063));
#6202=CARTESIAN_POINT('',(-0.01,0.,0.0652));
#6203=CARTESIAN_POINT('',(0.,0.,0.0652));
#6204=CARTESIAN_POINT('',(-0.008,0.,0.0652));
#6205=CARTESIAN_POINT('',(-0.0108128069846147,-9.31156018232508E-20,0.0652));
#6206=CARTESIAN_POINT('',(-0.0108128069846147,-0.00520415267968454,0.0652));
#6207=CARTESIAN_POINT('',(-0.0108128069846147,0.00520415267968454,0.0652));
#6208=CARTESIAN_POINT('',(0.,0.,0.0652));
#6209=CARTESIAN_POINT('',(0.,0.,0.04));
#6210=CARTESIAN_POINT('',(-0.0108128069846147,0.00520415267968454,0.04));
#6211=CARTESIAN_POINT('',(-0.0108128069846147,0.00520415267968453,0.0658));
#6212=CARTESIAN_POINT('',(-0.0108128069846147,-0.00520415267968454,0.04));
#6213=CARTESIAN_POINT('',(-0.0108128069846147,-0.00520415267968453,0.0658));
#6214=CARTESIAN_POINT('',(0.,0.,0.0658));
#6215=CARTESIAN_POINT('',(-0.01,0.,0.0658));
#6216=CARTESIAN_POINT('',(0.,0.,0.0658));
#6217=CARTESIAN_POINT('',(-0.008,0.,0.0658));
#6218=CARTESIAN_POINT('',(-0.0108128069846147,-9.3115601823251E-20,0.0658));
#6219=CARTESIAN_POINT('',(-0.01,0.,0.068));
#6220=CARTESIAN_POINT('',(0.,0.,0.068));
#6221=CARTESIAN_POINT('',(-0.008,0.,0.068));
#6222=CARTESIAN_POINT('',(-0.0108128069846147,-9.31156018232508E-20,0.068));
#6223=CARTESIAN_POINT('',(-0.0108128069846147,-0.00520415267968454,0.068));
#6224=CARTESIAN_POINT('',(-0.0108128069846147,0.00520415267968454,0.068));
#6225=CARTESIAN_POINT('',(0.,0.,0.068));
#6226=CARTESIAN_POINT('',(0.,0.,0.04));
#6227=CARTESIAN_POINT('',(-0.0108128069846147,0.00520415267968454,0.04));
#6228=CARTESIAN_POINT('',(-0.0108128069846147,0.00520415267968453,0.0686));
#6229=CARTESIAN_POINT('',(-0.0108128069846147,-0.00520415267968454,0.04));
#6230=CARTESIAN_POINT('',(-0.0108128069846147,-0.00520415267968453,0.0686));
#6231=CARTESIAN_POINT('',(0.,0.,0.0686));
#6232=CARTESIAN_POINT('',(-0.01,0.,0.0686));
#6233=CARTESIAN_POINT('',(0.,0.,0.0686));
#6234=CARTESIAN_POINT('',(-0.008,0.,0.0686));
#6235=CARTESIAN_POINT('',(-0.0108128069846147,-9.3115601823251E-20,0.0686));
#6236=CARTESIAN_POINT('',(-0.01,0.,0.0708));
#6237=CARTESIAN_POINT('',(0.,0.,0.0708));
#6238=CARTESIAN_POINT('',(-0.008,0.,0.0708));
#6239=CARTESIAN_POINT('',(-0.0108128069846147,-9.31156018232508E-20,0.0708));
#6240=CARTESIAN_POINT('',(-0.0108128069846147,-0.00520415267968454,0.0708));
#6241=CARTESIAN_POINT('',(-0.0108128069846147,0.00520415267968454,0.0708));
#6242=CARTESIAN_POINT('',(0.,0.,0.0708));
#6243=CARTESIAN_POINT('',(0.,0.,0.04));
#6244=CARTESIAN_POINT('',(-0.0108128069846147,0.00520415267968454,0.04));
#6245=CARTESIAN_POINT('',(-0.0108128069846147,0.00520415267968453,0.0714));
#6246=CARTESIAN_POINT('',(-0.0108128069846147,-0.00520415267968454,0.04));
#6247=CARTESIAN_POINT('',(-0.0108128069846147,-0.00520415267968453,0.0714));
#6248=CARTESIAN_POINT('',(0.,0.,0.0714));
#6249=CARTESIAN_POINT('',(-0.01,0.,0.0714));
#6250=CARTESIAN_POINT('',(0.,0.,0.0714));
#6251=CARTESIAN_POINT('',(-0.008,0.,0.0714));
#6252=CARTESIAN_POINT('',(-0.0108128069846147,-9.3115601823251E-20,0.0714));
#6253=CARTESIAN_POINT('',(-0.01,0.,0.0736));
#6254=CARTESIAN_POINT('',(0.,0.,0.0736));
#6255=CARTESIAN_POINT('',(-0.008,0.,0.0736));
#6256=CARTESIAN_POINT('',(-0.0108128069846147,-9.31156018232508E-20,0.0736));
#6257=CARTESIAN_POINT('',(-0.0108128069846147,-0.00520415267968454,0.0736));
#6258=CARTESIAN_POINT('',(-0.0108128069846147,0.00520415267968454,0.0736));
#6259=CARTESIAN_POINT('',(0.,0.,0.0736));
#6260=CARTESIAN_POINT('',(0.,0.,0.04));
#6261=CARTESIAN_POINT('',(-0.0108128069846147,0.00520415267968454,0.04));
#6262=CARTESIAN_POINT('',(-0.0108128069846147,0.00520415267968453,0.0742));
#6263=CARTESIAN_POINT('',(-0.0108128069846147,-0.00520415267968454,0.04));
#6264=CARTESIAN_POINT('',(-0.0108128069846147,-0.00520415267968453,0.0742));
#6265=CARTESIAN_POINT('',(0.,0.,0.0742));
#6266=CARTESIAN_POINT('',(-0.01,0.,0.0742));
#6267=CARTESIAN_POINT('',(0.,0.,0.0742));
#6268=CARTESIAN_POINT('',(-0.008,0.,0.0742));
#6269=CARTESIAN_POINT('',(-0.0108128069846147,-9.3115601823251E-20,0.0742));
#6270=CARTESIAN_POINT('',(-0.01,0.,0.0764));
#6271=CARTESIAN_POINT('',(0.,0.,0.0764));
#6272=CARTESIAN_POINT('',(-0.008,0.,0.0764));
#6273=CARTESIAN_POINT('',(-0.0108128069846147,-9.31156018232508E-20,0.0764));
#6274=CARTESIAN_POINT('',(-0.0108128069846147,-0.00520415267968454,0.0764));
#6275=CARTESIAN_POINT('',(-0.0108128069846147,0.00520415267968454,0.0764));
#6276=CARTESIAN_POINT('',(0.,0.,0.0764));
#6277=CARTESIAN_POINT('',(0.,0.,0.04));
#6278=CARTESIAN_POINT('',(-0.0108128069846147,0.00520415267968454,0.04));
#6279=CARTESIAN_POINT('',(-0.0108128069846147,0.00520415267968453,0.077));
#6280=CARTESIAN_POINT('',(-0.0108128069846147,-0.00520415267968454,0.04));
#6281=CARTESIAN_POINT('',(-0.0108128069846147,-0.00520415267968453,0.077));
#6282=CARTESIAN_POINT('',(0.,0.,0.077));
#6283=CARTESIAN_POINT('',(-0.01,0.,0.077));
#6284=CARTESIAN_POINT('',(0.,0.,0.077));
#6285=CARTESIAN_POINT('',(-0.008,0.,0.077));
#6286=CARTESIAN_POINT('',(-0.0108128069846147,-9.31156018232502E-20,0.077));
#6287=CARTESIAN_POINT('',(0.,0.,0.04));
#6288=CARTESIAN_POINT('',(0.,0.,0.0756));
#6289=CARTESIAN_POINT('',(-0.0108128069846147,0.00757120895983381,0.0756));
#6290=CARTESIAN_POINT('',(-0.0108128069846147,-0.00757120895983381,0.0756));
#6291=CARTESIAN_POINT('',(-0.0108128069846147,0.00757120895983381,-0.0143455435391188));
#6292=CARTESIAN_POINT('',(-0.0108128069846147,0.00757120895983381,0.0778));
#6293=CARTESIAN_POINT('',(0.,0.,0.0778));
#6294=CARTESIAN_POINT('',(-0.0108128069846147,-0.00757120895983381,0.0778));
#6295=CARTESIAN_POINT('',(-0.0108128069846147,-0.00757120895983381,-0.0143455435391188));
#6296=CARTESIAN_POINT('',(-0.0112,0.,-3.39880195160557E-19));
#6297=CARTESIAN_POINT('',(-0.0108128069846147,4.43570384258609E-20,-3.39880195160557E-19));
#6298=CARTESIAN_POINT('',(0.,0.,0.));
#6299=CARTESIAN_POINT('',(-0.0092,0.,0.));
#6300=CARTESIAN_POINT('',(0.,0.,0.04));
#6301=CARTESIAN_POINT('',(0.,0.,-0.0016));
#6302=CARTESIAN_POINT('',(-0.0092,0.,-0.0016));
#6303=CARTESIAN_POINT('',(-0.0097,0.,-0.0016));
#6304=CARTESIAN_POINT('',(0.,0.,-0.0016));
#6305=CARTESIAN_POINT('',(-0.0102,0.,-0.0016));
#6306=CARTESIAN_POINT('',(0.,0.,-0.00333205080756888));
#6307=CARTESIAN_POINT('',(0.,0.,-0.00333205080756888));
#6308=CARTESIAN_POINT('',(-0.0092,0.,-0.00333205080756888));
#6309=CARTESIAN_POINT('',(-0.0086,0.,-0.00333205080756888));
#6310=CARTESIAN_POINT('',(0.,0.,-0.00333205080756888));
#6311=CARTESIAN_POINT('',(-0.008,0.,-0.00333205080756888));
#6312=CARTESIAN_POINT('',(0.,0.,0.04));
#6313=CARTESIAN_POINT('',(0.,0.,0.04));
#6314=CARTESIAN_POINT('',(0.,0.,0.04));
#6315=CARTESIAN_POINT('',(0.,0.,0.04));
#6316=CARTESIAN_POINT('',(0.,0.,0.04));
#6317=CARTESIAN_POINT('',(0.,0.,0.04));
#6318=CARTESIAN_POINT('',(0.,0.,0.04));
#6319=CARTESIAN_POINT('',(0.,0.,0.04));
#6320=CARTESIAN_POINT('',(0.,0.,0.04));
#6321=CARTESIAN_POINT('',(0.,0.,0.04));
#6322=CARTESIAN_POINT('',(0.,0.,0.04));
#6323=CARTESIAN_POINT('',(0.,0.,0.04));
#6324=CARTESIAN_POINT('',(0.,0.,0.04));
#6325=CARTESIAN_POINT('',(0.,0.,0.04));
#6326=CARTESIAN_POINT('',(0.,0.,0.04));
#6327=CARTESIAN_POINT('',(0.,0.,0.04));
#6328=CARTESIAN_POINT('',(0.,0.,0.04));
#6329=CARTESIAN_POINT('',(0.,0.,0.04));
#6330=CARTESIAN_POINT('',(0.,0.,0.04));
#6331=CARTESIAN_POINT('',(0.,0.,0.04));
#6332=CARTESIAN_POINT('',(0.,0.,0.04));
#6333=CARTESIAN_POINT('',(0.,0.,0.04));
#6334=CARTESIAN_POINT('',(0.,0.,0.04));
#6335=CARTESIAN_POINT('',(0.,0.,0.04));
#6336=CARTESIAN_POINT('',(0.,0.,0.04));
#6337=CARTESIAN_POINT('',(0.,0.,0.04));
#6338=CARTESIAN_POINT('',(0.,0.,0.04));
#6339=CARTESIAN_POINT('',(0.,0.,0.04));
#6340=CARTESIAN_POINT('',(0.,0.,0.04));
#6341=CARTESIAN_POINT('',(0.,0.,0.0809));
#6342=CARTESIAN_POINT('',(-0.008,0.,0.0809));
#6343=CARTESIAN_POINT('',(-0.0085,0.,0.0809));
#6344=CARTESIAN_POINT('',(0.,0.,0.0809));
#6345=CARTESIAN_POINT('',(-0.009,0.,0.0809));
#6346=CARTESIAN_POINT('',(0.,0.,0.0809));
#6347=CARTESIAN_POINT('',(0.,0.,0.0793));
#6348=CARTESIAN_POINT('',(-0.0102,0.,0.0793));
#6349=CARTESIAN_POINT('',(-0.0097,0.,0.0793));
#6350=CARTESIAN_POINT('',(0.,0.,0.0793));
#6351=CARTESIAN_POINT('',(-0.0092,0.,0.0793));
#6352=CARTESIAN_POINT('',(0.,0.,0.04));
#6353=CARTESIAN_POINT('',(0.,0.,0.0778));
#6354=CARTESIAN_POINT('',(-0.0092,0.,0.0778));
#6355=CARTESIAN_POINT('',(-0.00995,0.,0.0778));
#6356=CARTESIAN_POINT('',(-0.0108128069846147,3.03576608295941E-18,0.0778));
#6357=CARTESIAN_POINT('',(-0.0112,0.,0.0756));
#6358=CARTESIAN_POINT('',(-0.0108128069846147,4.43570384258609E-20,0.0756));
#6359=CARTESIAN_POINT('',(0.,0.,0.0756));
#6360=CARTESIAN_POINT('',(-0.0092,0.,0.0756));
#6361=CARTESIAN_POINT('',(0.,0.,0.04));
#6362=CARTESIAN_POINT('',(0.,0.,0.075));
#6363=CARTESIAN_POINT('',(-0.0092,0.,0.075));
#6364=CARTESIAN_POINT('',(-0.0112,0.,0.075));
#6365=CARTESIAN_POINT('',(-0.0108128069846147,4.43570384258617E-20,0.075));
#6366=CARTESIAN_POINT('',(-0.0112,0.,0.0728));
#6367=CARTESIAN_POINT('',(-0.0108128069846147,4.43570384258609E-20,0.0728));
#6368=CARTESIAN_POINT('',(0.,0.,0.0728));
#6369=CARTESIAN_POINT('',(-0.0092,0.,0.0728));
#6370=CARTESIAN_POINT('',(0.,0.,0.04));
#6371=CARTESIAN_POINT('',(0.,0.,0.0722));
#6372=CARTESIAN_POINT('',(-0.0092,0.,0.0722));
#6373=CARTESIAN_POINT('',(-0.0112,0.,0.0722));
#6374=CARTESIAN_POINT('',(-0.0108128069846147,4.43570384258617E-20,0.0722));
#6375=CARTESIAN_POINT('',(-0.0112,0.,0.07));
#6376=CARTESIAN_POINT('',(-0.0108128069846147,4.43570384258609E-20,0.07));
#6377=CARTESIAN_POINT('',(0.,0.,0.07));
#6378=CARTESIAN_POINT('',(-0.0092,0.,0.07));
#6379=CARTESIAN_POINT('',(0.,0.,0.04));
#6380=CARTESIAN_POINT('',(0.,0.,0.0694));
#6381=CARTESIAN_POINT('',(-0.0092,0.,0.0694));
#6382=CARTESIAN_POINT('',(-0.0112,0.,0.0694));
#6383=CARTESIAN_POINT('',(-0.0108128069846147,4.43570384258617E-20,0.0694));
#6384=CARTESIAN_POINT('',(-0.0112,0.,0.0672));
#6385=CARTESIAN_POINT('',(-0.0108128069846147,4.43570384258609E-20,0.0672));
#6386=CARTESIAN_POINT('',(0.,0.,0.0672));
#6387=CARTESIAN_POINT('',(-0.0092,0.,0.0672));
#6388=CARTESIAN_POINT('',(0.,0.,0.04));
#6389=CARTESIAN_POINT('',(0.,0.,0.0666));
#6390=CARTESIAN_POINT('',(-0.0092,0.,0.0666));
#6391=CARTESIAN_POINT('',(-0.0112,0.,0.0666));
#6392=CARTESIAN_POINT('',(-0.0108128069846147,4.43570384258617E-20,0.0666));
#6393=CARTESIAN_POINT('',(-0.0112,0.,0.0644));
#6394=CARTESIAN_POINT('',(-0.0108128069846147,4.43570384258609E-20,0.0644));
#6395=CARTESIAN_POINT('',(0.,0.,0.0644));
#6396=CARTESIAN_POINT('',(-0.0092,0.,0.0644));
#6397=CARTESIAN_POINT('',(0.,0.,0.04));
#6398=CARTESIAN_POINT('',(0.,0.,0.0638));
#6399=CARTESIAN_POINT('',(-0.0092,0.,0.0638));
#6400=CARTESIAN_POINT('',(-0.0112,0.,0.0638));
#6401=CARTESIAN_POINT('',(-0.0108128069846147,4.43570384258617E-20,0.0638));
#6402=CARTESIAN_POINT('',(-0.0112,0.,0.0616));
#6403=CARTESIAN_POINT('',(-0.0108128069846147,4.43570384258609E-20,0.0616));
#6404=CARTESIAN_POINT('',(0.,0.,0.0616));
#6405=CARTESIAN_POINT('',(-0.0092,0.,0.0616));
#6406=CARTESIAN_POINT('',(0.,0.,0.04));
#6407=CARTESIAN_POINT('',(0.,0.,0.061));
#6408=CARTESIAN_POINT('',(-0.0092,0.,0.061));
#6409=CARTESIAN_POINT('',(-0.0112,0.,0.061));
#6410=CARTESIAN_POINT('',(-0.0108128069846147,4.43570384258617E-20,0.061));
#6411=CARTESIAN_POINT('',(-0.0112,0.,0.0588));
#6412=CARTESIAN_POINT('',(-0.0108128069846147,4.43570384258609E-20,0.0588));
#6413=CARTESIAN_POINT('',(0.,0.,0.0588));
#6414=CARTESIAN_POINT('',(-0.0092,0.,0.0588));
#6415=CARTESIAN_POINT('',(0.,0.,0.04));
#6416=CARTESIAN_POINT('',(0.,0.,0.0582));
#6417=CARTESIAN_POINT('',(-0.0092,0.,0.0582));
#6418=CARTESIAN_POINT('',(-0.0112,0.,0.0582));
#6419=CARTESIAN_POINT('',(-0.0108128069846147,4.43570384258617E-20,0.0582));
#6420=CARTESIAN_POINT('',(-0.0112,0.,0.056));
#6421=CARTESIAN_POINT('',(-0.0108128069846147,4.43570384258609E-20,0.056));
#6422=CARTESIAN_POINT('',(0.,0.,0.056));
#6423=CARTESIAN_POINT('',(-0.0092,0.,0.056));
#6424=CARTESIAN_POINT('',(0.,0.,0.04));
#6425=CARTESIAN_POINT('',(0.,0.,0.0554));
#6426=CARTESIAN_POINT('',(-0.0092,0.,0.0554));
#6427=CARTESIAN_POINT('',(-0.0112,0.,0.0554));
#6428=CARTESIAN_POINT('',(-0.0108128069846147,4.43570384258617E-20,0.0554));
#6429=CARTESIAN_POINT('',(-0.0112,0.,0.0532));
#6430=CARTESIAN_POINT('',(-0.0108128069846147,4.43570384258609E-20,0.0532));
#6431=CARTESIAN_POINT('',(0.,0.,0.0532));
#6432=CARTESIAN_POINT('',(-0.0092,0.,0.0532));
#6433=CARTESIAN_POINT('',(0.,0.,0.04));
#6434=CARTESIAN_POINT('',(0.,0.,0.0526));
#6435=CARTESIAN_POINT('',(-0.0092,0.,0.0526));
#6436=CARTESIAN_POINT('',(-0.0112,0.,0.0526));
#6437=CARTESIAN_POINT('',(-0.0108128069846147,4.43570384258617E-20,0.0526));
#6438=CARTESIAN_POINT('',(-0.0112,0.,0.0504));
#6439=CARTESIAN_POINT('',(-0.0108128069846147,4.43570384258609E-20,0.0504));
#6440=CARTESIAN_POINT('',(0.,0.,0.0504));
#6441=CARTESIAN_POINT('',(-0.0092,0.,0.0504));
#6442=CARTESIAN_POINT('',(0.,0.,0.04));
#6443=CARTESIAN_POINT('',(0.,0.,0.0498));
#6444=CARTESIAN_POINT('',(-0.0092,0.,0.0498));
#6445=CARTESIAN_POINT('',(-0.0112,0.,0.0498));
#6446=CARTESIAN_POINT('',(-0.0108128069846147,4.43570384258617E-20,0.0498));
#6447=CARTESIAN_POINT('',(-0.0112,0.,0.0476));
#6448=CARTESIAN_POINT('',(-0.0108128069846147,4.43570384258609E-20,0.0476));
#6449=CARTESIAN_POINT('',(0.,0.,0.0476));
#6450=CARTESIAN_POINT('',(-0.0092,0.,0.0476));
#6451=CARTESIAN_POINT('',(0.,0.,0.04));
#6452=CARTESIAN_POINT('',(0.,0.,0.047));
#6453=CARTESIAN_POINT('',(-0.0092,0.,0.047));
#6454=CARTESIAN_POINT('',(-0.0112,0.,0.047));
#6455=CARTESIAN_POINT('',(-0.0108128069846147,4.43570384258617E-20,0.047));
#6456=CARTESIAN_POINT('',(-0.0112,0.,0.0448));
#6457=CARTESIAN_POINT('',(-0.0108128069846147,4.43570384258609E-20,0.0448));
#6458=CARTESIAN_POINT('',(0.,0.,0.0448));
#6459=CARTESIAN_POINT('',(-0.0092,0.,0.0448));
#6460=CARTESIAN_POINT('',(0.,0.,0.04));
#6461=CARTESIAN_POINT('',(0.,0.,0.0442));
#6462=CARTESIAN_POINT('',(-0.0092,0.,0.0442));
#6463=CARTESIAN_POINT('',(-0.0112,0.,0.0442));
#6464=CARTESIAN_POINT('',(-0.0108128069846147,4.43570384258617E-20,0.0442));
#6465=CARTESIAN_POINT('',(-0.0112,0.,0.042));
#6466=CARTESIAN_POINT('',(-0.0108128069846147,4.43570384258609E-20,0.042));
#6467=CARTESIAN_POINT('',(0.,0.,0.042));
#6468=CARTESIAN_POINT('',(-0.0092,0.,0.042));
#6469=CARTESIAN_POINT('',(0.,0.,0.04));
#6470=CARTESIAN_POINT('',(0.,0.,0.0414));
#6471=CARTESIAN_POINT('',(-0.0092,0.,0.0414));
#6472=CARTESIAN_POINT('',(-0.0112,0.,0.0414));
#6473=CARTESIAN_POINT('',(-0.0108128069846147,4.43570384258617E-20,0.0414));
#6474=CARTESIAN_POINT('',(-0.0112,0.,0.0392));
#6475=CARTESIAN_POINT('',(-0.0108128069846147,4.43570384258609E-20,0.0392));
#6476=CARTESIAN_POINT('',(0.,0.,0.0392));
#6477=CARTESIAN_POINT('',(-0.0092,0.,0.0392));
#6478=CARTESIAN_POINT('',(0.,0.,0.04));
#6479=CARTESIAN_POINT('',(0.,0.,0.0386));
#6480=CARTESIAN_POINT('',(-0.0092,0.,0.0386));
#6481=CARTESIAN_POINT('',(-0.0112,0.,0.0386));
#6482=CARTESIAN_POINT('',(-0.0108128069846147,4.43570384258617E-20,0.0386));
#6483=CARTESIAN_POINT('',(-0.0112,0.,0.0364));
#6484=CARTESIAN_POINT('',(-0.0108128069846147,4.43570384258609E-20,0.0364));
#6485=CARTESIAN_POINT('',(0.,0.,0.0364));
#6486=CARTESIAN_POINT('',(-0.0092,0.,0.0364));
#6487=CARTESIAN_POINT('',(0.,0.,0.04));
#6488=CARTESIAN_POINT('',(0.,0.,0.0358));
#6489=CARTESIAN_POINT('',(-0.0092,0.,0.0358));
#6490=CARTESIAN_POINT('',(-0.0112,0.,0.0358));
#6491=CARTESIAN_POINT('',(-0.0108128069846147,4.43570384258617E-20,0.0358));
#6492=CARTESIAN_POINT('',(-0.0112,0.,0.0336));
#6493=CARTESIAN_POINT('',(-0.0108128069846147,4.43570384258609E-20,0.0336));
#6494=CARTESIAN_POINT('',(0.,0.,0.0336));
#6495=CARTESIAN_POINT('',(-0.0092,0.,0.0336));
#6496=CARTESIAN_POINT('',(0.,0.,0.04));
#6497=CARTESIAN_POINT('',(0.,0.,0.033));
#6498=CARTESIAN_POINT('',(-0.0092,0.,0.033));
#6499=CARTESIAN_POINT('',(-0.0112,0.,0.033));
#6500=CARTESIAN_POINT('',(-0.0108128069846147,4.43570384258617E-20,0.033));
#6501=CARTESIAN_POINT('',(-0.0112,0.,0.0308));
#6502=CARTESIAN_POINT('',(-0.0108128069846147,4.43570384258609E-20,0.0308));
#6503=CARTESIAN_POINT('',(0.,0.,0.0308));
#6504=CARTESIAN_POINT('',(-0.0092,0.,0.0308));
#6505=CARTESIAN_POINT('',(0.,0.,0.04));
#6506=CARTESIAN_POINT('',(0.,0.,0.0302));
#6507=CARTESIAN_POINT('',(-0.0092,0.,0.0302));
#6508=CARTESIAN_POINT('',(-0.0112,0.,0.0302));
#6509=CARTESIAN_POINT('',(-0.0108128069846147,4.43570384258617E-20,0.0302));
#6510=CARTESIAN_POINT('',(-0.0112,0.,0.028));
#6511=CARTESIAN_POINT('',(-0.0108128069846147,4.43570384258609E-20,0.028));
#6512=CARTESIAN_POINT('',(0.,0.,0.028));
#6513=CARTESIAN_POINT('',(-0.0092,0.,0.028));
#6514=CARTESIAN_POINT('',(0.,0.,0.04));
#6515=CARTESIAN_POINT('',(0.,0.,0.0274));
#6516=CARTESIAN_POINT('',(-0.0092,0.,0.0274));
#6517=CARTESIAN_POINT('',(-0.0112,0.,0.0274));
#6518=CARTESIAN_POINT('',(-0.0108128069846147,4.43570384258617E-20,0.0274));
#6519=CARTESIAN_POINT('',(-0.0112,0.,0.0252));
#6520=CARTESIAN_POINT('',(-0.0108128069846147,4.43570384258609E-20,0.0252));
#6521=CARTESIAN_POINT('',(0.,0.,0.0252));
#6522=CARTESIAN_POINT('',(-0.0092,0.,0.0252));
#6523=CARTESIAN_POINT('',(0.,0.,0.04));
#6524=CARTESIAN_POINT('',(0.,0.,0.0246));
#6525=CARTESIAN_POINT('',(-0.0092,0.,0.0246));
#6526=CARTESIAN_POINT('',(-0.0112,0.,0.0246));
#6527=CARTESIAN_POINT('',(-0.0108128069846147,4.43570384258617E-20,0.0246));
#6528=CARTESIAN_POINT('',(-0.0112,0.,0.0224));
#6529=CARTESIAN_POINT('',(-0.0108128069846147,4.43570384258609E-20,0.0224));
#6530=CARTESIAN_POINT('',(0.,0.,0.0224));
#6531=CARTESIAN_POINT('',(-0.0092,0.,0.0224));
#6532=CARTESIAN_POINT('',(0.,0.,0.04));
#6533=CARTESIAN_POINT('',(0.,0.,0.0218));
#6534=CARTESIAN_POINT('',(-0.0092,0.,0.0218));
#6535=CARTESIAN_POINT('',(-0.0112,0.,0.0218));
#6536=CARTESIAN_POINT('',(-0.0108128069846147,4.43570384258617E-20,0.0218));
#6537=CARTESIAN_POINT('',(-0.0112,0.,0.0196));
#6538=CARTESIAN_POINT('',(-0.0108128069846147,4.43570384258609E-20,0.0196));
#6539=CARTESIAN_POINT('',(0.,0.,0.0196));
#6540=CARTESIAN_POINT('',(-0.0092,0.,0.0196));
#6541=CARTESIAN_POINT('',(0.,0.,0.04));
#6542=CARTESIAN_POINT('',(0.,0.,0.019));
#6543=CARTESIAN_POINT('',(-0.0092,0.,0.019));
#6544=CARTESIAN_POINT('',(-0.0112,0.,0.019));
#6545=CARTESIAN_POINT('',(-0.0108128069846147,4.43570384258617E-20,0.019));
#6546=CARTESIAN_POINT('',(-0.0112,0.,0.0168));
#6547=CARTESIAN_POINT('',(-0.0108128069846147,4.43570384258609E-20,0.0168));
#6548=CARTESIAN_POINT('',(0.,0.,0.0168));
#6549=CARTESIAN_POINT('',(-0.0092,0.,0.0168));
#6550=CARTESIAN_POINT('',(0.,0.,0.04));
#6551=CARTESIAN_POINT('',(0.,0.,0.0162));
#6552=CARTESIAN_POINT('',(-0.0092,0.,0.0162));
#6553=CARTESIAN_POINT('',(-0.0112,0.,0.0162));
#6554=CARTESIAN_POINT('',(-0.0108128069846147,4.43570384258617E-20,0.0162));
#6555=CARTESIAN_POINT('',(-0.0112,0.,0.014));
#6556=CARTESIAN_POINT('',(-0.0108128069846147,4.43570384258609E-20,0.014));
#6557=CARTESIAN_POINT('',(0.,0.,0.014));
#6558=CARTESIAN_POINT('',(-0.0092,0.,0.014));
#6559=CARTESIAN_POINT('',(0.,0.,0.04));
#6560=CARTESIAN_POINT('',(0.,0.,0.0134));
#6561=CARTESIAN_POINT('',(-0.0092,0.,0.0134));
#6562=CARTESIAN_POINT('',(-0.0112,0.,0.0134));
#6563=CARTESIAN_POINT('',(-0.0108128069846147,4.43570384258617E-20,0.0134));
#6564=CARTESIAN_POINT('',(-0.0112,0.,0.0112));
#6565=CARTESIAN_POINT('',(-0.0108128069846147,4.43570384258609E-20,0.0112));
#6566=CARTESIAN_POINT('',(0.,0.,0.0112));
#6567=CARTESIAN_POINT('',(-0.0092,0.,0.0112));
#6568=CARTESIAN_POINT('',(0.,0.,0.04));
#6569=CARTESIAN_POINT('',(0.,0.,0.0106));
#6570=CARTESIAN_POINT('',(-0.0092,0.,0.0106));
#6571=CARTESIAN_POINT('',(-0.0112,0.,0.0106));
#6572=CARTESIAN_POINT('',(-0.0108128069846147,4.43570384258617E-20,0.0106));
#6573=CARTESIAN_POINT('',(-0.0112,0.,0.0084));
#6574=CARTESIAN_POINT('',(-0.0108128069846147,4.43570384258609E-20,0.0084));
#6575=CARTESIAN_POINT('',(0.,0.,0.0084));
#6576=CARTESIAN_POINT('',(-0.0092,0.,0.0084));
#6577=CARTESIAN_POINT('',(0.,0.,0.04));
#6578=CARTESIAN_POINT('',(0.,0.,0.0078));
#6579=CARTESIAN_POINT('',(-0.0092,0.,0.0078));
#6580=CARTESIAN_POINT('',(-0.0112,0.,0.0078));
#6581=CARTESIAN_POINT('',(-0.0108128069846147,4.43570384258617E-20,0.0078));
#6582=CARTESIAN_POINT('',(-0.0112,0.,0.0056));
#6583=CARTESIAN_POINT('',(-0.0108128069846147,4.43570384258609E-20,0.0056));
#6584=CARTESIAN_POINT('',(0.,0.,0.0056));
#6585=CARTESIAN_POINT('',(-0.0092,0.,0.0056));
#6586=CARTESIAN_POINT('',(0.,0.,0.04));
#6587=CARTESIAN_POINT('',(0.,0.,0.005));
#6588=CARTESIAN_POINT('',(-0.0092,0.,0.005));
#6589=CARTESIAN_POINT('',(-0.0112,0.,0.005));
#6590=CARTESIAN_POINT('',(-0.0108128069846147,4.43570384258617E-20,0.005));
#6591=CARTESIAN_POINT('',(-0.0112,0.,0.0028));
#6592=CARTESIAN_POINT('',(-0.0108128069846147,4.43570384258609E-20,0.0028));
#6593=CARTESIAN_POINT('',(0.,0.,0.0028));
#6594=CARTESIAN_POINT('',(-0.0092,0.,0.0028));
#6595=CARTESIAN_POINT('',(0.,0.,0.04));
#6596=CARTESIAN_POINT('',(0.,0.,0.0022));
#6597=CARTESIAN_POINT('',(-0.0092,0.,0.0022));
#6598=CARTESIAN_POINT('',(-0.00935,0.,0.0022));
#6599=CARTESIAN_POINT('',(-0.0108128069846147,-1.67579948624852E-19,0.0022));
#6600=CARTESIAN_POINT('',(-0.0108128069846147,3.03576608295941E-18,-0.0143455435391188));
#6601=CARTESIAN_POINT('',(-0.0108128069846147,3.03576608295941E-18,-0.0143455435391188));
#6602=CARTESIAN_POINT('',(-0.0108128069846147,3.03576608295941E-18,-0.0143455435391188));
#6603=CARTESIAN_POINT('',(-0.0108128069846147,3.03576608295941E-18,-0.0143455435391188));
#6604=CARTESIAN_POINT('',(-0.0108128069846147,3.03576608295941E-18,-0.0143455435391188));
#6605=CARTESIAN_POINT('',(-0.0108128069846147,3.03576608295941E-18,-0.0143455435391188));
#6606=CARTESIAN_POINT('',(-0.0108128069846147,3.03576608295941E-18,-0.0143455435391188));
#6607=CARTESIAN_POINT('',(-0.0108128069846147,3.03576608295941E-18,-0.0143455435391188));
#6608=CARTESIAN_POINT('',(-0.0108128069846147,3.03576608295941E-18,-0.0143455435391188));
#6609=CARTESIAN_POINT('',(-0.0108128069846147,3.03576608295941E-18,-0.0143455435391188));
#6610=CARTESIAN_POINT('',(-0.0108128069846147,3.03576608295941E-18,-0.0143455435391188));
#6611=CARTESIAN_POINT('',(-0.0108128069846147,3.03576608295941E-18,-0.0143455435391188));
#6612=CARTESIAN_POINT('',(-0.0108128069846147,3.03576608295941E-18,-0.0143455435391188));
#6613=CARTESIAN_POINT('',(-0.0108128069846147,3.03576608295941E-18,-0.0143455435391188));
#6614=CARTESIAN_POINT('',(-0.0108128069846147,3.03576608295941E-18,-0.0143455435391188));
#6615=CARTESIAN_POINT('',(-0.0108128069846147,3.03576608295941E-18,-0.0143455435391188));
#6616=CARTESIAN_POINT('',(-0.0108128069846147,3.03576608295941E-18,-0.0143455435391188));
#6617=CARTESIAN_POINT('',(-0.0108128069846147,3.03576608295941E-18,-0.0143455435391188));
#6618=CARTESIAN_POINT('',(-0.0108128069846147,3.03576608295941E-18,-0.0143455435391188));
#6619=CARTESIAN_POINT('',(-0.0108128069846147,3.03576608295941E-18,-0.0143455435391188));
#6620=CARTESIAN_POINT('',(-0.0108128069846147,3.03576608295941E-18,-0.0143455435391188));
#6621=CARTESIAN_POINT('',(-0.0108128069846147,3.03576608295941E-18,-0.0143455435391188));
#6622=CARTESIAN_POINT('',(-0.0108128069846147,3.03576608295941E-18,-0.0143455435391188));
#6623=CARTESIAN_POINT('',(-0.0108128069846147,3.03576608295941E-18,-0.0143455435391188));
#6624=CARTESIAN_POINT('',(-0.0108128069846147,3.03576608295941E-18,-0.0143455435391188));
#6625=CARTESIAN_POINT('',(-0.0108128069846147,3.03576608295941E-18,-0.0143455435391188));
#6626=CARTESIAN_POINT('',(-0.0108128069846147,3.03576608295941E-18,-0.0143455435391188));
#6627=CARTESIAN_POINT('',(-0.0108128069846147,3.03576608295941E-18,-0.0143455435391188));
#6628=MECHANICAL_DESIGN_GEOMETRIC_PRESENTATION_REPRESENTATION('',(#3853),
#6629);
#6629=(
GEOMETRIC_REPRESENTATION_CONTEXT(3)
GLOBAL_UNCERTAINTY_ASSIGNED_CONTEXT((#6630))
GLOBAL_UNIT_ASSIGNED_CONTEXT((#6633,#6632,#6631))
REPRESENTATION_CONTEXT('Tube','TOP_LEVEL_ASSEMBLY_PART')
);
#6630=UNCERTAINTY_MEASURE_WITH_UNIT(LENGTH_MEASURE(1.E-8),#6633,
'DISTANCE_ACCURACY_VALUE','Maximum Tolerance applied to model');
#6631=(
NAMED_UNIT(*)
SI_UNIT($,.STERADIAN.)
SOLID_ANGLE_UNIT()
);
#6632=(
NAMED_UNIT(*)
PLANE_ANGLE_UNIT()
SI_UNIT($,.RADIAN.)
);
#6633=(
LENGTH_UNIT()
NAMED_UNIT(*)
SI_UNIT($,.METRE.)
);
#6634=PRODUCT_DEFINITION_SHAPE('','',#6635);
#6635=PRODUCT_DEFINITION('','',#6637,#6636);
#6636=PRODUCT_DEFINITION_CONTEXT('',#6643,'design');
#6637=PRODUCT_DEFINITION_FORMATION_WITH_SPECIFIED_SOURCE('','',#6639,
 .NOT_KNOWN.);
#6638=PRODUCT_RELATED_PRODUCT_CATEGORY('','',(#6639));
#6639=PRODUCT('Tube','Tube','Tube',(#6641));
#6640=PRODUCT_CATEGORY('','');
#6641=PRODUCT_CONTEXT('',#6643,'mechanical');
#6642=APPLICATION_PROTOCOL_DEFINITION('international standard',
'ap242_managed_model_based_3d_engineering',2020,#6643);
#6643=APPLICATION_CONTEXT('managed model based 3d engineering');
ENDSEC;
END-ISO-10303-21;
