ISO-10303-21;
HEADER;
/* Generated by software containing ST-Developer
 * from STEP Tools, Inc. (www.steptools.com) 
 */
/* OPTION: using custom renumber hook */

FILE_DESCRIPTION(
/* description */ ('STEP AP242 Edition 2',
'CAx-IF Rec.Pracs.---Representation and Presentation of Product Manufa
cturing Information (PMI)---4.0---2014-10-13',
'CAx-IF Rec.Pracs.---3D Tessellated Geometry---0.4---2014-09-14','2;1',
'CAx-IF Rec.Pracs.---User Defined Attributes---1.5---2016-08-15'),
/* implementation_level */ '2;1');

FILE_NAME(
/* name */ 'Candy launcher - Cover 3',
/* time_stamp */ '2026-08-31T07:11:54Z',
/* author */ (''),
/* organization */ (''),
/* preprocessor_version */ 'ST-DEVELOPER v20',
/* originating_system */ 'ONSHAPE BY PTC INC, 1.220',
/* authorisation */ '  ');

FILE_SCHEMA (('AP242_MANAGED_MODEL_BASED_3D_ENGINEERING_MIM_LF { 1 0 10303 442 3 1 4 }'));
ENDSEC;

DATA;
#10=SHAPE_REPRESENTATION_RELATIONSHIP('','',#337,#11);
#11=ADVANCED_BREP_SHAPE_REPRESENTATION('',(#335),#4277);
#12=PLANE('',#348);
#13=PLANE('',#350);
#14=PLANE('',#352);
#15=PLANE('',#353);
#16=CYLINDRICAL_SURFACE('',#346,0.0156715578546142);
#17=CYLINDRICAL_SURFACE('',#347,0.0216630547396054);
#18=CYLINDRICAL_SURFACE('',#349,0.0159999605333063);
#19=CYLINDRICAL_SURFACE('',#351,0.0216630599593604);
#20=CYLINDRICAL_SURFACE('',#354,0.00215);
#21=CYLINDRICAL_SURFACE('',#355,0.00215);
#22=CIRCLE('',#339,0.0156602540378444);
#23=CIRCLE('',#340,0.0216602540378443);
#24=CIRCLE('',#341,0.016);
#25=CIRCLE('',#342,0.0216602540378445);
#26=CIRCLE('',#343,0.0156602540378444);
#27=CIRCLE('',#344,0.015);
#28=CIRCLE('',#345,0.02);
#29=LINE('',#3888,#35);
#30=LINE('',#3896,#36);
#31=LINE('',#3902,#37);
#32=LINE('',#3906,#38);
#33=LINE('',#3917,#39);
#34=LINE('',#3921,#40);
#35=VECTOR('',#358,1.);
#36=VECTOR('',#359,1.);
#37=VECTOR('',#364,1.);
#38=VECTOR('',#367,1.);
#39=VECTOR('',#372,1.);
#40=VECTOR('',#375,1.);
#41=ORIENTED_EDGE('',*,*,#135,.T.);
#42=ORIENTED_EDGE('',*,*,#136,.T.);
#43=ORIENTED_EDGE('',*,*,#137,.T.);
#44=ORIENTED_EDGE('',*,*,#138,.T.);
#45=ORIENTED_EDGE('',*,*,#139,.T.);
#46=ORIENTED_EDGE('',*,*,#140,.T.);
#47=ORIENTED_EDGE('',*,*,#141,.T.);
#48=ORIENTED_EDGE('',*,*,#142,.T.);
#49=ORIENTED_EDGE('',*,*,#143,.F.);
#50=ORIENTED_EDGE('',*,*,#144,.F.);
#51=ORIENTED_EDGE('',*,*,#145,.F.);
#52=ORIENTED_EDGE('',*,*,#146,.F.);
#53=ORIENTED_EDGE('',*,*,#147,.F.);
#54=ORIENTED_EDGE('',*,*,#148,.F.);
#55=ORIENTED_EDGE('',*,*,#149,.F.);
#56=ORIENTED_EDGE('',*,*,#150,.F.);
#57=ORIENTED_EDGE('',*,*,#151,.F.);
#58=ORIENTED_EDGE('',*,*,#152,.F.);
#59=ORIENTED_EDGE('',*,*,#153,.T.);
#60=ORIENTED_EDGE('',*,*,#154,.T.);
#61=ORIENTED_EDGE('',*,*,#155,.T.);
#62=ORIENTED_EDGE('',*,*,#156,.T.);
#63=ORIENTED_EDGE('',*,*,#157,.T.);
#64=ORIENTED_EDGE('',*,*,#158,.T.);
#65=ORIENTED_EDGE('',*,*,#159,.T.);
#66=ORIENTED_EDGE('',*,*,#160,.T.);
#67=ORIENTED_EDGE('',*,*,#161,.T.);
#68=ORIENTED_EDGE('',*,*,#162,.F.);
#69=ORIENTED_EDGE('',*,*,#163,.F.);
#70=ORIENTED_EDGE('',*,*,#164,.F.);
#71=ORIENTED_EDGE('',*,*,#165,.F.);
#72=ORIENTED_EDGE('',*,*,#166,.F.);
#73=ORIENTED_EDGE('',*,*,#167,.F.);
#74=ORIENTED_EDGE('',*,*,#168,.F.);
#75=ORIENTED_EDGE('',*,*,#169,.F.);
#76=ORIENTED_EDGE('',*,*,#162,.T.);
#77=ORIENTED_EDGE('',*,*,#170,.T.);
#78=ORIENTED_EDGE('',*,*,#142,.F.);
#79=ORIENTED_EDGE('',*,*,#170,.F.);
#80=ORIENTED_EDGE('',*,*,#161,.F.);
#81=ORIENTED_EDGE('',*,*,#171,.T.);
#82=ORIENTED_EDGE('',*,*,#143,.T.);
#83=ORIENTED_EDGE('',*,*,#171,.F.);
#84=ORIENTED_EDGE('',*,*,#160,.F.);
#85=ORIENTED_EDGE('',*,*,#172,.T.);
#86=ORIENTED_EDGE('',*,*,#144,.T.);
#87=ORIENTED_EDGE('',*,*,#172,.F.);
#88=ORIENTED_EDGE('',*,*,#159,.F.);
#89=ORIENTED_EDGE('',*,*,#173,.T.);
#90=ORIENTED_EDGE('',*,*,#145,.T.);
#91=ORIENTED_EDGE('',*,*,#173,.F.);
#92=ORIENTED_EDGE('',*,*,#158,.F.);
#93=ORIENTED_EDGE('',*,*,#174,.T.);
#94=ORIENTED_EDGE('',*,*,#146,.T.);
#95=ORIENTED_EDGE('',*,*,#174,.F.);
#96=ORIENTED_EDGE('',*,*,#157,.F.);
#97=ORIENTED_EDGE('',*,*,#175,.T.);
#98=ORIENTED_EDGE('',*,*,#147,.T.);
#99=ORIENTED_EDGE('',*,*,#175,.F.);
#100=ORIENTED_EDGE('',*,*,#156,.F.);
#101=ORIENTED_EDGE('',*,*,#176,.T.);
#102=ORIENTED_EDGE('',*,*,#148,.T.);
#103=ORIENTED_EDGE('',*,*,#176,.F.);
#104=ORIENTED_EDGE('',*,*,#155,.F.);
#105=ORIENTED_EDGE('',*,*,#177,.T.);
#106=ORIENTED_EDGE('',*,*,#149,.T.);
#107=ORIENTED_EDGE('',*,*,#177,.F.);
#108=ORIENTED_EDGE('',*,*,#154,.F.);
#109=ORIENTED_EDGE('',*,*,#178,.T.);
#110=ORIENTED_EDGE('',*,*,#150,.T.);
#111=ORIENTED_EDGE('',*,*,#178,.F.);
#112=ORIENTED_EDGE('',*,*,#153,.F.);
#113=ORIENTED_EDGE('',*,*,#179,.T.);
#114=ORIENTED_EDGE('',*,*,#151,.T.);
#115=ORIENTED_EDGE('',*,*,#166,.T.);
#116=ORIENTED_EDGE('',*,*,#165,.T.);
#117=ORIENTED_EDGE('',*,*,#164,.T.);
#118=ORIENTED_EDGE('',*,*,#163,.T.);
#119=ORIENTED_EDGE('',*,*,#169,.T.);
#120=ORIENTED_EDGE('',*,*,#141,.F.);
#121=ORIENTED_EDGE('',*,*,#140,.F.);
#122=ORIENTED_EDGE('',*,*,#139,.F.);
#123=ORIENTED_EDGE('',*,*,#138,.F.);
#124=ORIENTED_EDGE('',*,*,#137,.F.);
#125=ORIENTED_EDGE('',*,*,#179,.F.);
#126=ORIENTED_EDGE('',*,*,#152,.T.);
#127=ORIENTED_EDGE('',*,*,#180,.T.);
#128=ORIENTED_EDGE('',*,*,#167,.T.);
#129=ORIENTED_EDGE('',*,*,#181,.T.);
#130=ORIENTED_EDGE('',*,*,#168,.T.);
#131=ORIENTED_EDGE('',*,*,#181,.F.);
#132=ORIENTED_EDGE('',*,*,#135,.F.);
#133=ORIENTED_EDGE('',*,*,#180,.F.);
#134=ORIENTED_EDGE('',*,*,#136,.F.);
#135=EDGE_CURVE('',#182,#182,#218,.F.);
#136=EDGE_CURVE('',#183,#183,#219,.F.);
#137=EDGE_CURVE('',#184,#185,#220,.T.);
#138=EDGE_CURVE('',#185,#186,#221,.T.);
#139=EDGE_CURVE('',#186,#187,#222,.T.);
#140=EDGE_CURVE('',#187,#188,#223,.T.);
#141=EDGE_CURVE('',#188,#189,#224,.T.);
#142=EDGE_CURVE('',#189,#190,#225,.T.);
#143=EDGE_CURVE('',#191,#190,#226,.T.);
#144=EDGE_CURVE('',#192,#191,#227,.T.);
#145=EDGE_CURVE('',#193,#192,#228,.T.);
#146=EDGE_CURVE('',#194,#193,#229,.T.);
#147=EDGE_CURVE('',#195,#194,#230,.T.);
#148=EDGE_CURVE('',#196,#195,#231,.T.);
#149=EDGE_CURVE('',#197,#196,#232,.T.);
#150=EDGE_CURVE('',#198,#197,#233,.T.);
#151=EDGE_CURVE('',#184,#198,#234,.T.);
#152=EDGE_CURVE('',#199,#200,#29,.F.);
#153=EDGE_CURVE('',#199,#201,#235,.T.);
#154=EDGE_CURVE('',#201,#202,#30,.T.);
#155=EDGE_CURVE('',#202,#203,#22,.F.);
#156=EDGE_CURVE('',#203,#204,#23,.T.);
#157=EDGE_CURVE('',#204,#205,#31,.T.);
#158=EDGE_CURVE('',#205,#206,#24,.T.);
#159=EDGE_CURVE('',#206,#207,#32,.T.);
#160=EDGE_CURVE('',#207,#208,#25,.T.);
#161=EDGE_CURVE('',#208,#209,#26,.F.);
#162=EDGE_CURVE('',#210,#209,#236,.T.);
#163=EDGE_CURVE('',#211,#210,#33,.F.);
#164=EDGE_CURVE('',#212,#211,#27,.F.);
#165=EDGE_CURVE('',#213,#212,#34,.F.);
#166=EDGE_CURVE('',#200,#213,#28,.F.);
#167=EDGE_CURVE('',#214,#214,#237,.T.);
#168=EDGE_CURVE('',#215,#215,#238,.T.);
#169=EDGE_CURVE('',#210,#189,#239,.T.);
#170=EDGE_CURVE('',#209,#190,#240,.F.);
#171=EDGE_CURVE('',#208,#191,#241,.T.);
#172=EDGE_CURVE('',#207,#192,#242,.F.);
#173=EDGE_CURVE('',#206,#193,#243,.T.);
#174=EDGE_CURVE('',#205,#194,#244,.F.);
#175=EDGE_CURVE('',#204,#195,#245,.T.);
#176=EDGE_CURVE('',#203,#196,#246,.T.);
#177=EDGE_CURVE('',#202,#197,#247,.F.);
#178=EDGE_CURVE('',#201,#198,#248,.T.);
#179=EDGE_CURVE('',#199,#184,#249,.F.);
#180=EDGE_CURVE('',#216,#216,#250,.T.);
#181=EDGE_CURVE('',#217,#217,#251,.T.);
#182=VERTEX_POINT('',#2624);
#183=VERTEX_POINT('',#2638);
#184=VERTEX_POINT('',#2648);
#185=VERTEX_POINT('',#2649);
#186=VERTEX_POINT('',#2660);
#187=VERTEX_POINT('',#2680);
#188=VERTEX_POINT('',#2701);
#189=VERTEX_POINT('',#2723);
#190=VERTEX_POINT('',#2736);
#191=VERTEX_POINT('',#2741);
#192=VERTEX_POINT('',#2746);
#193=VERTEX_POINT('',#2751);
#194=VERTEX_POINT('',#2759);
#195=VERTEX_POINT('',#2764);
#196=VERTEX_POINT('',#2769);
#197=VERTEX_POINT('',#2774);
#198=VERTEX_POINT('',#2779);
#199=VERTEX_POINT('',#3889);
#200=VERTEX_POINT('',#3890);
#201=VERTEX_POINT('',#3895);
#202=VERTEX_POINT('',#3897);
#203=VERTEX_POINT('',#3899);
#204=VERTEX_POINT('',#3901);
#205=VERTEX_POINT('',#3903);
#206=VERTEX_POINT('',#3905);
#207=VERTEX_POINT('',#3907);
#208=VERTEX_POINT('',#3909);
#209=VERTEX_POINT('',#3911);
#210=VERTEX_POINT('',#3916);
#211=VERTEX_POINT('',#3918);
#212=VERTEX_POINT('',#3920);
#213=VERTEX_POINT('',#3922);
#214=VERTEX_POINT('',#3935);
#215=VERTEX_POINT('',#3947);
#216=VERTEX_POINT('',#4145);
#217=VERTEX_POINT('',#4187);
#218=B_SPLINE_CURVE_WITH_KNOTS('',3,(#2607,#2608,#2609,#2610,#2611,#2612,
#2613,#2614,#2615,#2616,#2617,#2618,#2619,#2620,#2621,#2622,#2623),
 .UNSPECIFIED.,.T.,.F.,(1,1,1,1,1,1,1,1,1,1,1,1,1,1,1,1,1,1,1,1,1),(-0.25,
-0.125,-0.0625,0.,0.0625,0.125,0.1875,0.25,0.3125,0.375,0.4375,0.5,0.5625,
0.625,0.75,0.875,0.9375,1.,1.0625,1.125,1.1875),.UNSPECIFIED.);
#219=B_SPLINE_CURVE_WITH_KNOTS('',3,(#2625,#2626,#2627,#2628,#2629,#2630,
#2631,#2632,#2633,#2634,#2635,#2636,#2637),.UNSPECIFIED.,.T.,.F.,(1,1,1,
1,1,1,1,1,1,1,1,1,1,1,1,1,1),(-0.375,-0.25,-0.125,0.,0.125,0.25,0.375,0.4375,
0.5,0.5625,0.625,0.75,0.875,1.,1.125,1.25,1.375),.UNSPECIFIED.);
#220=B_SPLINE_CURVE_WITH_KNOTS('',3,(#2639,#2640,#2641,#2642,#2643,#2644,
#2645,#2646,#2647),.UNSPECIFIED.,.F.,.F.,(4,1,1,1,1,1,4),(0.,0.0157886843139537,
0.0315773686279074,0.0473660529418612,0.055260395098838,0.0592075661773265,
0.0631547372558149),.UNSPECIFIED.);
#221=B_SPLINE_CURVE_WITH_KNOTS('',3,(#2650,#2651,#2652,#2653,#2654,#2655,
#2656,#2657,#2658,#2659),.UNSPECIFIED.,.F.,.F.,(4,1,1,1,1,1,1,4),(0.0631547372558149,
0.0820403244445843,0.100925911633354,0.110368705227738,0.119811498822123,
0.129254292416508,0.1339756892137,0.138697086010892),.UNSPECIFIED.);
#222=B_SPLINE_CURVE_WITH_KNOTS('',3,(#2661,#2662,#2663,#2664,#2665,#2666,
#2667,#2668,#2669,#2670,#2671,#2672,#2673,#2674,#2675,#2676,#2677,#2678,
#2679),.UNSPECIFIED.,.F.,.F.,(4,1,1,1,1,1,1,1,1,1,1,1,1,1,1,1,4),(0.138697086010892,
0.167992801454746,0.1972885168986,0.211936374620527,0.226584232342454,0.255879947786308,
0.285175663230162,0.299823520952088,0.314471378674015,0.329119236395942,
0.343767094117869,0.351091022978833,0.358414951839796,0.36573888070076,
0.369400845131241,0.371231827346482,0.373062809561723),.UNSPECIFIED.);
#223=B_SPLINE_CURVE_WITH_KNOTS('',3,(#2681,#2682,#2683,#2684,#2685,#2686,
#2687,#2688,#2689,#2690,#2691,#2692,#2693,#2694,#2695,#2696,#2697,#2698,
#2699,#2700),.UNSPECIFIED.,.F.,.F.,(4,1,1,1,1,1,1,1,1,1,1,1,1,1,1,1,1,4),
(0.373062809561723,0.404292459048993,0.419907283792628,0.435522108536263,
0.451136933279898,0.466751758023533,0.497981407510803,0.529211056998074,
0.544825881741709,0.560440706485344,0.576055531228979,0.591670355972614,
0.599477768344431,0.607285180716249,0.615092593088066,0.618996299273975,
0.62094815236693,0.622900005459884),.UNSPECIFIED.);
#224=B_SPLINE_CURVE_WITH_KNOTS('',3,(#2702,#2703,#2704,#2705,#2706,#2707,
#2708,#2709,#2710,#2711,#2712,#2713,#2714,#2715,#2716,#2717,#2718,#2719,
#2720,#2721,#2722),.UNSPECIFIED.,.F.,.F.,(4,1,1,1,1,1,1,1,1,1,1,1,1,1,1,
1,1,1,4),(0.622900005459884,0.670037504777399,0.693606254436156,0.717175004094913,
0.74074375375367,0.764312503412428,0.787881253071185,0.811450002729942,
0.823234377559321,0.835018752388699,0.846803127218078,0.858587502047456,
0.882156251706214,0.905725001364971,0.929293751023728,0.941078125853107,
0.952862500682486,0.976431250341243,1.),.UNSPECIFIED.);
#225=B_SPLINE_CURVE_WITH_KNOTS('',3,(#2724,#2725,#2726,#2727,#2728,#2729,
#2730,#2731,#2732,#2733,#2734,#2735),.UNSPECIFIED.,.F.,.F.,(4,1,1,1,1,1,
1,1,1,4),(0.,0.25,0.375,0.5,0.625,0.75,0.8125,0.875,0.9375,1.),
 .UNSPECIFIED.);
#226=B_SPLINE_CURVE_WITH_KNOTS('',3,(#2737,#2738,#2739,#2740),
 .UNSPECIFIED.,.F.,.F.,(4,4),(1.56303181913387E-7,1.),.UNSPECIFIED.);
#227=B_SPLINE_CURVE_WITH_KNOTS('',3,(#2742,#2743,#2744,#2745),
 .UNSPECIFIED.,.F.,.F.,(4,4),(0.,1.),.UNSPECIFIED.);
#228=B_SPLINE_CURVE_WITH_KNOTS('',3,(#2747,#2748,#2749,#2750),
 .UNSPECIFIED.,.F.,.F.,(4,4),(0.777882072107008,0.8489110116811),
 .UNSPECIFIED.);
#229=B_SPLINE_CURVE_WITH_KNOTS('',3,(#2752,#2753,#2754,#2755,#2756,#2757,
#2758),.UNSPECIFIED.,.F.,.F.,(4,1,1,1,4),(0.,0.25,0.5,0.75,1.),
 .UNSPECIFIED.);
#230=B_SPLINE_CURVE_WITH_KNOTS('',3,(#2760,#2761,#2762,#2763),
 .UNSPECIFIED.,.F.,.F.,(4,4),(0.299583648763052,0.373062806175097),
 .UNSPECIFIED.);
#231=B_SPLINE_CURVE_WITH_KNOTS('',3,(#2765,#2766,#2767,#2768),
 .UNSPECIFIED.,.F.,.F.,(4,4),(0.,1.),.UNSPECIFIED.);
#232=B_SPLINE_CURVE_WITH_KNOTS('',3,(#2770,#2771,#2772,#2773),
 .UNSPECIFIED.,.F.,.F.,(4,4),(0.,1.),.UNSPECIFIED.);
#233=B_SPLINE_CURVE_WITH_KNOTS('',3,(#2775,#2776,#2777,#2778),
 .UNSPECIFIED.,.F.,.F.,(4,4),(0.,0.0631547372558288),.UNSPECIFIED.);
#234=B_SPLINE_CURVE_WITH_KNOTS('',3,(#2780,#2781,#2782,#2783,#2784,#2785,
#2786,#2787,#2788,#2789,#2790,#2791),.UNSPECIFIED.,.F.,.F.,(4,1,1,1,1,1,
1,1,1,4),(0.,0.25,0.375,0.5,0.625,0.75,0.8125,0.875,0.9375,1.),
 .UNSPECIFIED.);
#235=B_SPLINE_CURVE_WITH_KNOTS('',3,(#3891,#3892,#3893,#3894),
 .UNSPECIFIED.,.F.,.F.,(4,4),(0.,1.),.PIECEWISE_BEZIER_KNOTS.);
#236=B_SPLINE_CURVE_WITH_KNOTS('',3,(#3912,#3913,#3914,#3915),
 .UNSPECIFIED.,.F.,.F.,(4,4),(0.,1.),.PIECEWISE_BEZIER_KNOTS.);
#237=B_SPLINE_CURVE_WITH_KNOTS('',3,(#3924,#3925,#3926,#3927,#3928,#3929,
#3930,#3931,#3932,#3933,#3934),.UNSPECIFIED.,.T.,.F.,(1,1,1,1,1,1,1,1,1,
1,1,1,1,1,1),(-0.00504085539563739,-0.00336057026375826,-0.00168028513187913,
0.,0.00168028513187913,0.00336057026375826,0.00504085539563739,0.00672114052751652,
0.00840142565939564,0.0100817107912748,0.0117619959231539,0.013442281055033,
0.0151225661869122,0.0168028513187913,0.0184831364506704),.UNSPECIFIED.);
#238=B_SPLINE_CURVE_WITH_KNOTS('',3,(#3936,#3937,#3938,#3939,#3940,#3941,
#3942,#3943,#3944,#3945,#3946),.UNSPECIFIED.,.T.,.F.,(1,1,1,1,1,1,1,1,1,
1,1,1,1,1,1),(-0.00504103094572081,-0.00336068729714721,-0.0016803436485736,
0.,0.0016803436485736,0.00336068729714721,0.00504103094572081,0.00672137459429441,
0.00840171824286802,0.0100820618914416,0.0117624055400152,0.0134427491885888,
0.0151230928371624,0.016803436485736,0.0184837801343096),.UNSPECIFIED.);
#239=B_SPLINE_CURVE_WITH_KNOTS('',3,(#4000,#4001,#4002,#4003),
 .UNSPECIFIED.,.F.,.F.,(4,4),(0.,1.),.UNSPECIFIED.);
#240=B_SPLINE_CURVE_WITH_KNOTS('',3,(#4004,#4005,#4006,#4007),
 .UNSPECIFIED.,.F.,.F.,(4,4),(0.,1.),.UNSPECIFIED.);
#241=B_SPLINE_CURVE_WITH_KNOTS('',3,(#4009,#4010,#4011,#4012),
 .UNSPECIFIED.,.F.,.F.,(4,4),(1.24999399719884E-7,0.999999874998848),
 .UNSPECIFIED.);
#242=B_SPLINE_CURVE_WITH_KNOTS('',3,(#4014,#4015,#4016,#4017),
 .UNSPECIFIED.,.F.,.F.,(4,4),(1.25000142181555E-7,0.99999987500009),
 .UNSPECIFIED.);
#243=B_SPLINE_CURVE_WITH_KNOTS('',3,(#4019,#4020,#4021,#4022),
 .UNSPECIFIED.,.F.,.F.,(4,4),(1.24999916667478E-7,0.999999875000076),
 .UNSPECIFIED.);
#244=B_SPLINE_CURVE_WITH_KNOTS('',3,(#4024,#4025,#4026,#4027),
 .UNSPECIFIED.,.F.,.F.,(4,4),(1.24999906259137E-7,0.999999875000094),
 .UNSPECIFIED.);
#245=B_SPLINE_CURVE_WITH_KNOTS('',3,(#4029,#4030,#4031,#4032),
 .UNSPECIFIED.,.F.,.F.,(4,4),(1.24999864625775E-7,0.999999875000118),
 .UNSPECIFIED.);
#246=B_SPLINE_CURVE_WITH_KNOTS('',3,(#4034,#4035,#4036,#4037),
 .UNSPECIFIED.,.F.,.F.,(4,4),(0.,1.),.UNSPECIFIED.);
#247=B_SPLINE_CURVE_WITH_KNOTS('',3,(#4050,#4051,#4052,#4053),
 .UNSPECIFIED.,.F.,.F.,(4,4),(0.,1.),.UNSPECIFIED.);
#248=B_SPLINE_CURVE_WITH_KNOTS('',3,(#4055,#4056,#4057,#4058),
 .UNSPECIFIED.,.F.,.F.,(4,4),(0.,1.),.UNSPECIFIED.);
#249=B_SPLINE_CURVE_WITH_KNOTS('',3,(#4111,#4112,#4113,#4114),
 .UNSPECIFIED.,.F.,.F.,(4,4),(0.,1.),.UNSPECIFIED.);
#250=B_SPLINE_CURVE_WITH_KNOTS('',3,(#4117,#4118,#4119,#4120,#4121,#4122,
#4123,#4124,#4125,#4126,#4127,#4128,#4129,#4130,#4131,#4132,#4133,#4134,
#4135,#4136,#4137,#4138,#4139,#4140,#4141,#4142,#4143,#4144),
 .UNSPECIFIED.,.T.,.F.,(1,1,1,1,1,1,1,1,1,1,1,1,1,1,1,1,1,1,1,1,1,1,1,1,
1,1,1,1,1,1,1,1),(-0.0656170272827148,-0.0328085136413574,-0.0164042568206787,
0.,0.000115966796875,0.00753702640533447,0.0149580860137939,0.0298002052307129,
0.0594844436645508,0.0891686820983887,0.118852920532227,0.178221397399902,
0.237589874267578,0.296958351135254,0.35632682800293,0.415695304870605,
0.475063781738281,0.49146803855896,0.499670166969299,0.507872295379639,
0.540680809020996,0.606297836303711,0.737531890869141,0.803148918151855,
0.86876594543457,0.934382972717285,0.967191486358643,0.983595743179321,
1.,1.00011596679688,1.00753702640533,1.01495808601379),.UNSPECIFIED.);
#251=B_SPLINE_CURVE_WITH_KNOTS('',3,(#4147,#4148,#4149,#4150,#4151,#4152,
#4153,#4154,#4155,#4156,#4157,#4158,#4159,#4160,#4161,#4162,#4163,#4164,
#4165,#4166,#4167,#4168,#4169,#4170,#4171,#4172,#4173,#4174,#4175,#4176,
#4177,#4178,#4179,#4180,#4181,#4182,#4183,#4184,#4185,#4186),
 .UNSPECIFIED.,.T.,.F.,(1,1,1,1,1,1,1,1,1,1,1,1,1,1,1,1,1,1,1,1,1,1,1,1,
1,1,1,1,1,1,1,1,1,1,1,1,1,1,1,1,1,1,1,1),(-0.163272411304932,-0.0896457770892334,
-0.0160191428735352,0.,0.01484375,0.0296875,0.059375,0.0749609375,0.090546875,
0.1061328125,0.12171875,0.137341796875,0.15296484375,0.1842109375,0.2154607421875,
0.246710546875,0.307648037109375,0.338116782226562,0.353351154785156,0.36858552734375,
0.376388261657715,0.38419099597168,0.399796464599609,0.431007401855469,
0.462218339111328,0.493429276367187,0.505682091610718,0.517934906854248,
0.542440537341309,0.59145179831543,0.640463059289551,0.664968689776611,
0.689474320263672,0.698677649540634,0.707880978817596,0.726287637371521,
0.76310095447937,0.836727588695068,0.910354222910767,0.983980857126465,
1.,1.01484375,1.0296875,1.059375),.UNSPECIFIED.);
#252=EDGE_LOOP('',(#41));
#253=EDGE_LOOP('',(#42));
#254=EDGE_LOOP('',(#43,#44,#45,#46,#47,#48,#49,#50,#51,#52,#53,#54,#55,
#56,#57));
#255=EDGE_LOOP('',(#58,#59,#60,#61,#62,#63,#64,#65,#66,#67,#68,#69,#70,
#71,#72));
#256=EDGE_LOOP('',(#73));
#257=EDGE_LOOP('',(#74));
#258=EDGE_LOOP('',(#75,#76,#77,#78));
#259=EDGE_LOOP('',(#79,#80,#81,#82));
#260=EDGE_LOOP('',(#83,#84,#85,#86));
#261=EDGE_LOOP('',(#87,#88,#89,#90));
#262=EDGE_LOOP('',(#91,#92,#93,#94));
#263=EDGE_LOOP('',(#95,#96,#97,#98));
#264=EDGE_LOOP('',(#99,#100,#101,#102));
#265=EDGE_LOOP('',(#103,#104,#105,#106));
#266=EDGE_LOOP('',(#107,#108,#109,#110));
#267=EDGE_LOOP('',(#111,#112,#113,#114));
#268=EDGE_LOOP('',(#115,#116,#117,#118,#119,#120,#121,#122,#123,#124,#125,
#126));
#269=EDGE_LOOP('',(#127));
#270=EDGE_LOOP('',(#128));
#271=EDGE_LOOP('',(#129));
#272=EDGE_LOOP('',(#130));
#273=EDGE_LOOP('',(#131));
#274=EDGE_LOOP('',(#132));
#275=EDGE_LOOP('',(#133));
#276=EDGE_LOOP('',(#134));
#277=FACE_BOUND('',#252,.T.);
#278=FACE_BOUND('',#253,.T.);
#279=FACE_BOUND('',#254,.T.);
#280=FACE_BOUND('',#255,.T.);
#281=FACE_BOUND('',#256,.T.);
#282=FACE_BOUND('',#257,.T.);
#283=FACE_BOUND('',#258,.T.);
#284=FACE_BOUND('',#259,.T.);
#285=FACE_BOUND('',#260,.T.);
#286=FACE_BOUND('',#261,.T.);
#287=FACE_BOUND('',#262,.T.);
#288=FACE_BOUND('',#263,.T.);
#289=FACE_BOUND('',#264,.T.);
#290=FACE_BOUND('',#265,.T.);
#291=FACE_BOUND('',#266,.T.);
#292=FACE_BOUND('',#267,.T.);
#293=FACE_BOUND('',#268,.T.);
#294=FACE_BOUND('',#269,.T.);
#295=FACE_BOUND('',#270,.T.);
#296=FACE_BOUND('',#271,.T.);
#297=FACE_BOUND('',#272,.T.);
#298=FACE_BOUND('',#273,.T.);
#299=FACE_BOUND('',#274,.T.);
#300=FACE_BOUND('',#275,.T.);
#301=FACE_BOUND('',#276,.T.);
#302=B_SPLINE_SURFACE_WITH_KNOTS('',3,3,((#399,#400,#401,#402,#403,#404,
#405,#406,#407,#408,#409,#410,#411,#412,#413,#414),(#415,#416,#417,#418,
#419,#420,#421,#422,#423,#424,#425,#426,#427,#428,#429,#430),(#431,#432,
#433,#434,#435,#436,#437,#438,#439,#440,#441,#442,#443,#444,#445,#446),
(#447,#448,#449,#450,#451,#452,#453,#454,#455,#456,#457,#458,#459,#460,
#461,#462),(#463,#464,#465,#466,#467,#468,#469,#470,#471,#472,#473,#474,
#475,#476,#477,#478),(#479,#480,#481,#482,#483,#484,#485,#486,#487,#488,
#489,#490,#491,#492,#493,#494),(#495,#496,#497,#498,#499,#500,#501,#502,
#503,#504,#505,#506,#507,#508,#509,#510),(#511,#512,#513,#514,#515,#516,
#517,#518,#519,#520,#521,#522,#523,#524,#525,#526),(#527,#528,#529,#530,
#531,#532,#533,#534,#535,#536,#537,#538,#539,#540,#541,#542),(#543,#544,
#545,#546,#547,#548,#549,#550,#551,#552,#553,#554,#555,#556,#557,#558),
(#559,#560,#561,#562,#563,#564,#565,#566,#567,#568,#569,#570,#571,#572,
#573,#574),(#575,#576,#577,#578,#579,#580,#581,#582,#583,#584,#585,#586,
#587,#588,#589,#590),(#591,#592,#593,#594,#595,#596,#597,#598,#599,#600,
#601,#602,#603,#604,#605,#606),(#607,#608,#609,#610,#611,#612,#613,#614,
#615,#616,#617,#618,#619,#620,#621,#622),(#623,#624,#625,#626,#627,#628,
#629,#630,#631,#632,#633,#634,#635,#636,#637,#638),(#639,#640,#641,#642,
#643,#644,#645,#646,#647,#648,#649,#650,#651,#652,#653,#654),(#655,#656,
#657,#658,#659,#660,#661,#662,#663,#664,#665,#666,#667,#668,#669,#670),
(#671,#672,#673,#674,#675,#676,#677,#678,#679,#680,#681,#682,#683,#684,
#685,#686),(#687,#688,#689,#690,#691,#692,#693,#694,#695,#696,#697,#698,
#699,#700,#701,#702),(#703,#704,#705,#706,#707,#708,#709,#710,#711,#712,
#713,#714,#715,#716,#717,#718),(#719,#720,#721,#722,#723,#724,#725,#726,
#727,#728,#729,#730,#731,#732,#733,#734),(#735,#736,#737,#738,#739,#740,
#741,#742,#743,#744,#745,#746,#747,#748,#749,#750),(#751,#752,#753,#754,
#755,#756,#757,#758,#759,#760,#761,#762,#763,#764,#765,#766),(#767,#768,
#769,#770,#771,#772,#773,#774,#775,#776,#777,#778,#779,#780,#781,#782),
(#783,#784,#785,#786,#787,#788,#789,#790,#791,#792,#793,#794,#795,#796,
#797,#798),(#799,#800,#801,#802,#803,#804,#805,#806,#807,#808,#809,#810,
#811,#812,#813,#814),(#815,#816,#817,#818,#819,#820,#821,#822,#823,#824,
#825,#826,#827,#828,#829,#830),(#831,#832,#833,#834,#835,#836,#837,#838,
#839,#840,#841,#842,#843,#844,#845,#846),(#847,#848,#849,#850,#851,#852,
#853,#854,#855,#856,#857,#858,#859,#860,#861,#862),(#863,#864,#865,#866,
#867,#868,#869,#870,#871,#872,#873,#874,#875,#876,#877,#878),(#879,#880,
#881,#882,#883,#884,#885,#886,#887,#888,#889,#890,#891,#892,#893,#894),
(#895,#896,#897,#898,#899,#900,#901,#902,#903,#904,#905,#906,#907,#908,
#909,#910),(#911,#912,#913,#914,#915,#916,#917,#918,#919,#920,#921,#922,
#923,#924,#925,#926),(#927,#928,#929,#930,#931,#932,#933,#934,#935,#936,
#937,#938,#939,#940,#941,#942),(#943,#944,#945,#946,#947,#948,#949,#950,
#951,#952,#953,#954,#955,#956,#957,#958),(#959,#960,#961,#962,#963,#964,
#965,#966,#967,#968,#969,#970,#971,#972,#973,#974),(#975,#976,#977,#978,
#979,#980,#981,#982,#983,#984,#985,#986,#987,#988,#989,#990),(#991,#992,
#993,#994,#995,#996,#997,#998,#999,#1000,#1001,#1002,#1003,#1004,#1005,
#1006),(#1007,#1008,#1009,#1010,#1011,#1012,#1013,#1014,#1015,#1016,#1017,
#1018,#1019,#1020,#1021,#1022),(#1023,#1024,#1025,#1026,#1027,#1028,#1029,
#1030,#1031,#1032,#1033,#1034,#1035,#1036,#1037,#1038),(#1039,#1040,#1041,
#1042,#1043,#1044,#1045,#1046,#1047,#1048,#1049,#1050,#1051,#1052,#1053,
#1054),(#1055,#1056,#1057,#1058,#1059,#1060,#1061,#1062,#1063,#1064,#1065,
#1066,#1067,#1068,#1069,#1070),(#1071,#1072,#1073,#1074,#1075,#1076,#1077,
#1078,#1079,#1080,#1081,#1082,#1083,#1084,#1085,#1086),(#1087,#1088,#1089,
#1090,#1091,#1092,#1093,#1094,#1095,#1096,#1097,#1098,#1099,#1100,#1101,
#1102),(#1103,#1104,#1105,#1106,#1107,#1108,#1109,#1110,#1111,#1112,#1113,
#1114,#1115,#1116,#1117,#1118),(#1119,#1120,#1121,#1122,#1123,#1124,#1125,
#1126,#1127,#1128,#1129,#1130,#1131,#1132,#1133,#1134),(#1135,#1136,#1137,
#1138,#1139,#1140,#1141,#1142,#1143,#1144,#1145,#1146,#1147,#1148,#1149,
#1150),(#1151,#1152,#1153,#1154,#1155,#1156,#1157,#1158,#1159,#1160,#1161,
#1162,#1163,#1164,#1165,#1166),(#1167,#1168,#1169,#1170,#1171,#1172,#1173,
#1174,#1175,#1176,#1177,#1178,#1179,#1180,#1181,#1182),(#1183,#1184,#1185,
#1186,#1187,#1188,#1189,#1190,#1191,#1192,#1193,#1194,#1195,#1196,#1197,
#1198),(#1199,#1200,#1201,#1202,#1203,#1204,#1205,#1206,#1207,#1208,#1209,
#1210,#1211,#1212,#1213,#1214),(#1215,#1216,#1217,#1218,#1219,#1220,#1221,
#1222,#1223,#1224,#1225,#1226,#1227,#1228,#1229,#1230),(#1231,#1232,#1233,
#1234,#1235,#1236,#1237,#1238,#1239,#1240,#1241,#1242,#1243,#1244,#1245,
#1246),(#1247,#1248,#1249,#1250,#1251,#1252,#1253,#1254,#1255,#1256,#1257,
#1258,#1259,#1260,#1261,#1262),(#1263,#1264,#1265,#1266,#1267,#1268,#1269,
#1270,#1271,#1272,#1273,#1274,#1275,#1276,#1277,#1278),(#1279,#1280,#1281,
#1282,#1283,#1284,#1285,#1286,#1287,#1288,#1289,#1290,#1291,#1292,#1293,
#1294),(#1295,#1296,#1297,#1298,#1299,#1300,#1301,#1302,#1303,#1304,#1305,
#1306,#1307,#1308,#1309,#1310),(#1311,#1312,#1313,#1314,#1315,#1316,#1317,
#1318,#1319,#1320,#1321,#1322,#1323,#1324,#1325,#1326),(#1327,#1328,#1329,
#1330,#1331,#1332,#1333,#1334,#1335,#1336,#1337,#1338,#1339,#1340,#1341,
#1342),(#1343,#1344,#1345,#1346,#1347,#1348,#1349,#1350,#1351,#1352,#1353,
#1354,#1355,#1356,#1357,#1358),(#1359,#1360,#1361,#1362,#1363,#1364,#1365,
#1366,#1367,#1368,#1369,#1370,#1371,#1372,#1373,#1374),(#1375,#1376,#1377,
#1378,#1379,#1380,#1381,#1382,#1383,#1384,#1385,#1386,#1387,#1388,#1389,
#1390),(#1391,#1392,#1393,#1394,#1395,#1396,#1397,#1398,#1399,#1400,#1401,
#1402,#1403,#1404,#1405,#1406),(#1407,#1408,#1409,#1410,#1411,#1412,#1413,
#1414,#1415,#1416,#1417,#1418,#1419,#1420,#1421,#1422),(#1423,#1424,#1425,
#1426,#1427,#1428,#1429,#1430,#1431,#1432,#1433,#1434,#1435,#1436,#1437,
#1438),(#1439,#1440,#1441,#1442,#1443,#1444,#1445,#1446,#1447,#1448,#1449,
#1450,#1451,#1452,#1453,#1454),(#1455,#1456,#1457,#1458,#1459,#1460,#1461,
#1462,#1463,#1464,#1465,#1466,#1467,#1468,#1469,#1470),(#1471,#1472,#1473,
#1474,#1475,#1476,#1477,#1478,#1479,#1480,#1481,#1482,#1483,#1484,#1485,
#1486),(#1487,#1488,#1489,#1490,#1491,#1492,#1493,#1494,#1495,#1496,#1497,
#1498,#1499,#1500,#1501,#1502),(#1503,#1504,#1505,#1506,#1507,#1508,#1509,
#1510,#1511,#1512,#1513,#1514,#1515,#1516,#1517,#1518),(#1519,#1520,#1521,
#1522,#1523,#1524,#1525,#1526,#1527,#1528,#1529,#1530,#1531,#1532,#1533,
#1534),(#1535,#1536,#1537,#1538,#1539,#1540,#1541,#1542,#1543,#1544,#1545,
#1546,#1547,#1548,#1549,#1550),(#1551,#1552,#1553,#1554,#1555,#1556,#1557,
#1558,#1559,#1560,#1561,#1562,#1563,#1564,#1565,#1566),(#1567,#1568,#1569,
#1570,#1571,#1572,#1573,#1574,#1575,#1576,#1577,#1578,#1579,#1580,#1581,
#1582),(#1583,#1584,#1585,#1586,#1587,#1588,#1589,#1590,#1591,#1592,#1593,
#1594,#1595,#1596,#1597,#1598),(#1599,#1600,#1601,#1602,#1603,#1604,#1605,
#1606,#1607,#1608,#1609,#1610,#1611,#1612,#1613,#1614),(#1615,#1616,#1617,
#1618,#1619,#1620,#1621,#1622,#1623,#1624,#1625,#1626,#1627,#1628,#1629,
#1630),(#1631,#1632,#1633,#1634,#1635,#1636,#1637,#1638,#1639,#1640,#1641,
#1642,#1643,#1644,#1645,#1646),(#1647,#1648,#1649,#1650,#1651,#1652,#1653,
#1654,#1655,#1656,#1657,#1658,#1659,#1660,#1661,#1662),(#1663,#1664,#1665,
#1666,#1667,#1668,#1669,#1670,#1671,#1672,#1673,#1674,#1675,#1676,#1677,
#1678),(#1679,#1680,#1681,#1682,#1683,#1684,#1685,#1686,#1687,#1688,#1689,
#1690,#1691,#1692,#1693,#1694),(#1695,#1696,#1697,#1698,#1699,#1700,#1701,
#1702,#1703,#1704,#1705,#1706,#1707,#1708,#1709,#1710),(#1711,#1712,#1713,
#1714,#1715,#1716,#1717,#1718,#1719,#1720,#1721,#1722,#1723,#1724,#1725,
#1726),(#1727,#1728,#1729,#1730,#1731,#1732,#1733,#1734,#1735,#1736,#1737,
#1738,#1739,#1740,#1741,#1742),(#1743,#1744,#1745,#1746,#1747,#1748,#1749,
#1750,#1751,#1752,#1753,#1754,#1755,#1756,#1757,#1758),(#1759,#1760,#1761,
#1762,#1763,#1764,#1765,#1766,#1767,#1768,#1769,#1770,#1771,#1772,#1773,
#1774),(#1775,#1776,#1777,#1778,#1779,#1780,#1781,#1782,#1783,#1784,#1785,
#1786,#1787,#1788,#1789,#1790),(#1791,#1792,#1793,#1794,#1795,#1796,#1797,
#1798,#1799,#1800,#1801,#1802,#1803,#1804,#1805,#1806),(#1807,#1808,#1809,
#1810,#1811,#1812,#1813,#1814,#1815,#1816,#1817,#1818,#1819,#1820,#1821,
#1822),(#1823,#1824,#1825,#1826,#1827,#1828,#1829,#1830,#1831,#1832,#1833,
#1834,#1835,#1836,#1837,#1838),(#1839,#1840,#1841,#1842,#1843,#1844,#1845,
#1846,#1847,#1848,#1849,#1850,#1851,#1852,#1853,#1854),(#1855,#1856,#1857,
#1858,#1859,#1860,#1861,#1862,#1863,#1864,#1865,#1866,#1867,#1868,#1869,
#1870),(#1871,#1872,#1873,#1874,#1875,#1876,#1877,#1878,#1879,#1880,#1881,
#1882,#1883,#1884,#1885,#1886),(#1887,#1888,#1889,#1890,#1891,#1892,#1893,
#1894,#1895,#1896,#1897,#1898,#1899,#1900,#1901,#1902),(#1903,#1904,#1905,
#1906,#1907,#1908,#1909,#1910,#1911,#1912,#1913,#1914,#1915,#1916,#1917,
#1918),(#1919,#1920,#1921,#1922,#1923,#1924,#1925,#1926,#1927,#1928,#1929,
#1930,#1931,#1932,#1933,#1934),(#1935,#1936,#1937,#1938,#1939,#1940,#1941,
#1942,#1943,#1944,#1945,#1946,#1947,#1948,#1949,#1950),(#1951,#1952,#1953,
#1954,#1955,#1956,#1957,#1958,#1959,#1960,#1961,#1962,#1963,#1964,#1965,
#1966),(#1967,#1968,#1969,#1970,#1971,#1972,#1973,#1974,#1975,#1976,#1977,
#1978,#1979,#1980,#1981,#1982),(#1983,#1984,#1985,#1986,#1987,#1988,#1989,
#1990,#1991,#1992,#1993,#1994,#1995,#1996,#1997,#1998),(#1999,#2000,#2001,
#2002,#2003,#2004,#2005,#2006,#2007,#2008,#2009,#2010,#2011,#2012,#2013,
#2014),(#2015,#2016,#2017,#2018,#2019,#2020,#2021,#2022,#2023,#2024,#2025,
#2026,#2027,#2028,#2029,#2030),(#2031,#2032,#2033,#2034,#2035,#2036,#2037,
#2038,#2039,#2040,#2041,#2042,#2043,#2044,#2045,#2046),(#2047,#2048,#2049,
#2050,#2051,#2052,#2053,#2054,#2055,#2056,#2057,#2058,#2059,#2060,#2061,
#2062),(#2063,#2064,#2065,#2066,#2067,#2068,#2069,#2070,#2071,#2072,#2073,
#2074,#2075,#2076,#2077,#2078),(#2079,#2080,#2081,#2082,#2083,#2084,#2085,
#2086,#2087,#2088,#2089,#2090,#2091,#2092,#2093,#2094),(#2095,#2096,#2097,
#2098,#2099,#2100,#2101,#2102,#2103,#2104,#2105,#2106,#2107,#2108,#2109,
#2110),(#2111,#2112,#2113,#2114,#2115,#2116,#2117,#2118,#2119,#2120,#2121,
#2122,#2123,#2124,#2125,#2126),(#2127,#2128,#2129,#2130,#2131,#2132,#2133,
#2134,#2135,#2136,#2137,#2138,#2139,#2140,#2141,#2142),(#2143,#2144,#2145,
#2146,#2147,#2148,#2149,#2150,#2151,#2152,#2153,#2154,#2155,#2156,#2157,
#2158),(#2159,#2160,#2161,#2162,#2163,#2164,#2165,#2166,#2167,#2168,#2169,
#2170,#2171,#2172,#2173,#2174),(#2175,#2176,#2177,#2178,#2179,#2180,#2181,
#2182,#2183,#2184,#2185,#2186,#2187,#2188,#2189,#2190),(#2191,#2192,#2193,
#2194,#2195,#2196,#2197,#2198,#2199,#2200,#2201,#2202,#2203,#2204,#2205,
#2206),(#2207,#2208,#2209,#2210,#2211,#2212,#2213,#2214,#2215,#2216,#2217,
#2218,#2219,#2220,#2221,#2222),(#2223,#2224,#2225,#2226,#2227,#2228,#2229,
#2230,#2231,#2232,#2233,#2234,#2235,#2236,#2237,#2238),(#2239,#2240,#2241,
#2242,#2243,#2244,#2245,#2246,#2247,#2248,#2249,#2250,#2251,#2252,#2253,
#2254),(#2255,#2256,#2257,#2258,#2259,#2260,#2261,#2262,#2263,#2264,#2265,
#2266,#2267,#2268,#2269,#2270),(#2271,#2272,#2273,#2274,#2275,#2276,#2277,
#2278,#2279,#2280,#2281,#2282,#2283,#2284,#2285,#2286),(#2287,#2288,#2289,
#2290,#2291,#2292,#2293,#2294,#2295,#2296,#2297,#2298,#2299,#2300,#2301,
#2302),(#2303,#2304,#2305,#2306,#2307,#2308,#2309,#2310,#2311,#2312,#2313,
#2314,#2315,#2316,#2317,#2318),(#2319,#2320,#2321,#2322,#2323,#2324,#2325,
#2326,#2327,#2328,#2329,#2330,#2331,#2332,#2333,#2334),(#2335,#2336,#2337,
#2338,#2339,#2340,#2341,#2342,#2343,#2344,#2345,#2346,#2347,#2348,#2349,
#2350),(#2351,#2352,#2353,#2354,#2355,#2356,#2357,#2358,#2359,#2360,#2361,
#2362,#2363,#2364,#2365,#2366),(#2367,#2368,#2369,#2370,#2371,#2372,#2373,
#2374,#2375,#2376,#2377,#2378,#2379,#2380,#2381,#2382),(#2383,#2384,#2385,
#2386,#2387,#2388,#2389,#2390,#2391,#2392,#2393,#2394,#2395,#2396,#2397,
#2398),(#2399,#2400,#2401,#2402,#2403,#2404,#2405,#2406,#2407,#2408,#2409,
#2410,#2411,#2412,#2413,#2414),(#2415,#2416,#2417,#2418,#2419,#2420,#2421,
#2422,#2423,#2424,#2425,#2426,#2427,#2428,#2429,#2430),(#2431,#2432,#2433,
#2434,#2435,#2436,#2437,#2438,#2439,#2440,#2441,#2442,#2443,#2444,#2445,
#2446),(#2447,#2448,#2449,#2450,#2451,#2452,#2453,#2454,#2455,#2456,#2457,
#2458,#2459,#2460,#2461,#2462),(#2463,#2464,#2465,#2466,#2467,#2468,#2469,
#2470,#2471,#2472,#2473,#2474,#2475,#2476,#2477,#2478),(#2479,#2480,#2481,
#2482,#2483,#2484,#2485,#2486,#2487,#2488,#2489,#2490,#2491,#2492,#2493,
#2494),(#2495,#2496,#2497,#2498,#2499,#2500,#2501,#2502,#2503,#2504,#2505,
#2506,#2507,#2508,#2509,#2510),(#2511,#2512,#2513,#2514,#2515,#2516,#2517,
#2518,#2519,#2520,#2521,#2522,#2523,#2524,#2525,#2526),(#2527,#2528,#2529,
#2530,#2531,#2532,#2533,#2534,#2535,#2536,#2537,#2538,#2539,#2540,#2541,
#2542),(#2543,#2544,#2545,#2546,#2547,#2548,#2549,#2550,#2551,#2552,#2553,
#2554,#2555,#2556,#2557,#2558),(#2559,#2560,#2561,#2562,#2563,#2564,#2565,
#2566,#2567,#2568,#2569,#2570,#2571,#2572,#2573,#2574),(#2575,#2576,#2577,
#2578,#2579,#2580,#2581,#2582,#2583,#2584,#2585,#2586,#2587,#2588,#2589,
#2590),(#2591,#2592,#2593,#2594,#2595,#2596,#2597,#2598,#2599,#2600,#2601,
#2602,#2603,#2604,#2605,#2606)),.UNSPECIFIED.,.F.,.F.,.F.,(4,1,1,1,1,1,
1,1,1,1,1,1,1,1,1,1,1,1,1,1,1,1,1,1,1,1,1,1,1,1,1,1,1,1,1,1,1,1,1,1,1,1,
1,1,1,1,1,1,1,1,1,1,1,1,1,1,1,1,1,1,1,1,1,1,1,1,1,1,1,1,1,1,1,1,1,1,1,1,
1,1,1,1,1,1,1,1,1,1,1,1,1,1,1,1,1,1,1,1,1,1,1,1,1,1,1,1,1,1,1,1,1,1,1,1,
1,1,1,1,1,1,1,1,1,1,1,1,1,1,1,1,1,1,1,1,1,4),(4,1,1,1,1,1,1,1,1,1,1,1,1,
4),(0.,0.015625,0.0234375,0.03125,0.0390625,0.046875,0.0533854166666667,
0.05859375,0.0625,0.06640625,0.0716145833333333,0.078125,0.0859375,0.09375,
0.1015625,0.109375,0.1171875,0.125,0.131510416666667,0.136067708333333,
0.138671875,0.141276041666667,0.14453125,0.149739583333333,0.158854166666667,
0.171875,0.1875,0.203125,0.21875,0.234375,0.25,0.265625,0.278645833333333,
0.2890625,0.295572916666667,0.30078125,0.305989583333333,0.3125,0.3203125,
0.328125,0.3359375,0.34375,0.3515625,0.358072916666667,0.36328125,0.3671875,
0.370442708333333,0.373046875,0.375651041666667,0.37890625,0.384114583333333,
0.390625,0.3984375,0.40625,0.412760416666667,0.41796875,0.423177083333333,
0.4296875,0.4375,0.4453125,0.453125,0.4609375,0.46875,0.4765625,0.484375,
0.4921875,0.502604166666667,0.515625,0.528645833333333,0.5390625,0.549479166666667,
0.5625,0.575520833333333,0.5859375,0.59375,0.6015625,0.609375,0.615885416666667,
0.620442708333333,0.623046875,0.625651041666667,0.62890625,0.634114583333333,
0.640625,0.6484375,0.658854166666667,0.671875,0.6875,0.703125,0.71875,0.734375,
0.747395833333333,0.7578125,0.765625,0.772135416666667,0.77734375,0.782552083333333,
0.7890625,0.796875,0.8046875,0.8125,0.8203125,0.828125,0.8359375,0.842447916666667,
0.84765625,0.852864583333333,0.859375,0.8671875,0.873697916666667,0.87890625,
0.884114583333333,0.890625,0.8984375,0.90625,0.912760416666667,0.91796875,
0.923177083333333,0.9296875,0.936197916666667,0.94140625,0.944661458333333,
0.947265625,0.94921875,0.951171875,0.953776041666667,0.95703125,0.9609375,
0.964192708333333,0.966796875,0.969401041666667,0.97265625,0.9765625,0.98046875,
0.985677083333333,1.),(-1.85700942404857E-14,0.250000000000009,0.375000000000022,
0.500000000000036,0.604166666666714,0.687500000000056,0.750000000000063,
0.802083333333402,0.843750000000073,0.875000000000076,0.90625000000008,
0.937500000000083,0.963541666666753,1.00000000000009),.UNSPECIFIED.);
#303=B_SPLINE_SURFACE_WITH_KNOTS('',3,3,((#2792,#2793,#2794,#2795),(#2796,
#2797,#2798,#2799),(#2800,#2801,#2802,#2803),(#2804,#2805,#2806,#2807),
(#2808,#2809,#2810,#2811),(#2812,#2813,#2814,#2815),(#2816,#2817,#2818,
#2819),(#2820,#2821,#2822,#2823),(#2824,#2825,#2826,#2827),(#2828,#2829,
#2830,#2831),(#2832,#2833,#2834,#2835),(#2836,#2837,#2838,#2839),(#2840,
#2841,#2842,#2843),(#2844,#2845,#2846,#2847),(#2848,#2849,#2850,#2851),
(#2852,#2853,#2854,#2855),(#2856,#2857,#2858,#2859),(#2860,#2861,#2862,
#2863),(#2864,#2865,#2866,#2867),(#2868,#2869,#2870,#2871),(#2872,#2873,
#2874,#2875),(#2876,#2877,#2878,#2879),(#2880,#2881,#2882,#2883),(#2884,
#2885,#2886,#2887),(#2888,#2889,#2890,#2891),(#2892,#2893,#2894,#2895),
(#2896,#2897,#2898,#2899),(#2900,#2901,#2902,#2903),(#2904,#2905,#2906,
#2907),(#2908,#2909,#2910,#2911),(#2912,#2913,#2914,#2915),(#2916,#2917,
#2918,#2919),(#2920,#2921,#2922,#2923),(#2924,#2925,#2926,#2927),(#2928,
#2929,#2930,#2931),(#2932,#2933,#2934,#2935),(#2936,#2937,#2938,#2939),
(#2940,#2941,#2942,#2943),(#2944,#2945,#2946,#2947),(#2948,#2949,#2950,
#2951),(#2952,#2953,#2954,#2955),(#2956,#2957,#2958,#2959),(#2960,#2961,
#2962,#2963),(#2964,#2965,#2966,#2967),(#2968,#2969,#2970,#2971),(#2972,
#2973,#2974,#2975),(#2976,#2977,#2978,#2979),(#2980,#2981,#2982,#2983),
(#2984,#2985,#2986,#2987),(#2988,#2989,#2990,#2991),(#2992,#2993,#2994,
#2995),(#2996,#2997,#2998,#2999),(#3000,#3001,#3002,#3003),(#3004,#3005,
#3006,#3007),(#3008,#3009,#3010,#3011),(#3012,#3013,#3014,#3015),(#3016,
#3017,#3018,#3019),(#3020,#3021,#3022,#3023),(#3024,#3025,#3026,#3027),
(#3028,#3029,#3030,#3031),(#3032,#3033,#3034,#3035),(#3036,#3037,#3038,
#3039),(#3040,#3041,#3042,#3043),(#3044,#3045,#3046,#3047),(#3048,#3049,
#3050,#3051),(#3052,#3053,#3054,#3055),(#3056,#3057,#3058,#3059),(#3060,
#3061,#3062,#3063),(#3064,#3065,#3066,#3067),(#3068,#3069,#3070,#3071),
(#3072,#3073,#3074,#3075),(#3076,#3077,#3078,#3079),(#3080,#3081,#3082,
#3083),(#3084,#3085,#3086,#3087),(#3088,#3089,#3090,#3091),(#3092,#3093,
#3094,#3095),(#3096,#3097,#3098,#3099),(#3100,#3101,#3102,#3103),(#3104,
#3105,#3106,#3107),(#3108,#3109,#3110,#3111),(#3112,#3113,#3114,#3115),
(#3116,#3117,#3118,#3119),(#3120,#3121,#3122,#3123),(#3124,#3125,#3126,
#3127),(#3128,#3129,#3130,#3131),(#3132,#3133,#3134,#3135),(#3136,#3137,
#3138,#3139),(#3140,#3141,#3142,#3143),(#3144,#3145,#3146,#3147),(#3148,
#3149,#3150,#3151),(#3152,#3153,#3154,#3155),(#3156,#3157,#3158,#3159),
(#3160,#3161,#3162,#3163),(#3164,#3165,#3166,#3167),(#3168,#3169,#3170,
#3171),(#3172,#3173,#3174,#3175),(#3176,#3177,#3178,#3179),(#3180,#3181,
#3182,#3183),(#3184,#3185,#3186,#3187),(#3188,#3189,#3190,#3191),(#3192,
#3193,#3194,#3195),(#3196,#3197,#3198,#3199),(#3200,#3201,#3202,#3203),
(#3204,#3205,#3206,#3207),(#3208,#3209,#3210,#3211),(#3212,#3213,#3214,
#3215),(#3216,#3217,#3218,#3219),(#3220,#3221,#3222,#3223),(#3224,#3225,
#3226,#3227),(#3228,#3229,#3230,#3231),(#3232,#3233,#3234,#3235),(#3236,
#3237,#3238,#3239),(#3240,#3241,#3242,#3243),(#3244,#3245,#3246,#3247),
(#3248,#3249,#3250,#3251),(#3252,#3253,#3254,#3255),(#3256,#3257,#3258,
#3259),(#3260,#3261,#3262,#3263),(#3264,#3265,#3266,#3267),(#3268,#3269,
#3270,#3271),(#3272,#3273,#3274,#3275),(#3276,#3277,#3278,#3279),(#3280,
#3281,#3282,#3283),(#3284,#3285,#3286,#3287),(#3288,#3289,#3290,#3291),
(#3292,#3293,#3294,#3295),(#3296,#3297,#3298,#3299),(#3300,#3301,#3302,
#3303),(#3304,#3305,#3306,#3307),(#3308,#3309,#3310,#3311),(#3312,#3313,
#3314,#3315),(#3316,#3317,#3318,#3319),(#3320,#3321,#3322,#3323),(#3324,
#3325,#3326,#3327),(#3328,#3329,#3330,#3331),(#3332,#3333,#3334,#3335),
(#3336,#3337,#3338,#3339),(#3340,#3341,#3342,#3343),(#3344,#3345,#3346,
#3347),(#3348,#3349,#3350,#3351),(#3352,#3353,#3354,#3355),(#3356,#3357,
#3358,#3359),(#3360,#3361,#3362,#3363),(#3364,#3365,#3366,#3367),(#3368,
#3369,#3370,#3371),(#3372,#3373,#3374,#3375),(#3376,#3377,#3378,#3379),
(#3380,#3381,#3382,#3383),(#3384,#3385,#3386,#3387),(#3388,#3389,#3390,
#3391),(#3392,#3393,#3394,#3395),(#3396,#3397,#3398,#3399),(#3400,#3401,
#3402,#3403),(#3404,#3405,#3406,#3407),(#3408,#3409,#3410,#3411),(#3412,
#3413,#3414,#3415),(#3416,#3417,#3418,#3419),(#3420,#3421,#3422,#3423),
(#3424,#3425,#3426,#3427),(#3428,#3429,#3430,#3431),(#3432,#3433,#3434,
#3435),(#3436,#3437,#3438,#3439),(#3440,#3441,#3442,#3443),(#3444,#3445,
#3446,#3447),(#3448,#3449,#3450,#3451),(#3452,#3453,#3454,#3455),(#3456,
#3457,#3458,#3459),(#3460,#3461,#3462,#3463),(#3464,#3465,#3466,#3467),
(#3468,#3469,#3470,#3471),(#3472,#3473,#3474,#3475),(#3476,#3477,#3478,
#3479),(#3480,#3481,#3482,#3483),(#3484,#3485,#3486,#3487),(#3488,#3489,
#3490,#3491),(#3492,#3493,#3494,#3495),(#3496,#3497,#3498,#3499),(#3500,
#3501,#3502,#3503),(#3504,#3505,#3506,#3507),(#3508,#3509,#3510,#3511),
(#3512,#3513,#3514,#3515),(#3516,#3517,#3518,#3519),(#3520,#3521,#3522,
#3523),(#3524,#3525,#3526,#3527),(#3528,#3529,#3530,#3531),(#3532,#3533,
#3534,#3535),(#3536,#3537,#3538,#3539),(#3540,#3541,#3542,#3543),(#3544,
#3545,#3546,#3547),(#3548,#3549,#3550,#3551),(#3552,#3553,#3554,#3555),
(#3556,#3557,#3558,#3559),(#3560,#3561,#3562,#3563),(#3564,#3565,#3566,
#3567),(#3568,#3569,#3570,#3571),(#3572,#3573,#3574,#3575),(#3576,#3577,
#3578,#3579),(#3580,#3581,#3582,#3583),(#3584,#3585,#3586,#3587),(#3588,
#3589,#3590,#3591),(#3592,#3593,#3594,#3595),(#3596,#3597,#3598,#3599),
(#3600,#3601,#3602,#3603),(#3604,#3605,#3606,#3607),(#3608,#3609,#3610,
#3611),(#3612,#3613,#3614,#3615),(#3616,#3617,#3618,#3619),(#3620,#3621,
#3622,#3623),(#3624,#3625,#3626,#3627),(#3628,#3629,#3630,#3631),(#3632,
#3633,#3634,#3635),(#3636,#3637,#3638,#3639),(#3640,#3641,#3642,#3643),
(#3644,#3645,#3646,#3647),(#3648,#3649,#3650,#3651),(#3652,#3653,#3654,
#3655),(#3656,#3657,#3658,#3659),(#3660,#3661,#3662,#3663),(#3664,#3665,
#3666,#3667),(#3668,#3669,#3670,#3671),(#3672,#3673,#3674,#3675),(#3676,
#3677,#3678,#3679),(#3680,#3681,#3682,#3683),(#3684,#3685,#3686,#3687),
(#3688,#3689,#3690,#3691),(#3692,#3693,#3694,#3695),(#3696,#3697,#3698,
#3699),(#3700,#3701,#3702,#3703),(#3704,#3705,#3706,#3707),(#3708,#3709,
#3710,#3711),(#3712,#3713,#3714,#3715),(#3716,#3717,#3718,#3719),(#3720,
#3721,#3722,#3723),(#3724,#3725,#3726,#3727),(#3728,#3729,#3730,#3731),
(#3732,#3733,#3734,#3735),(#3736,#3737,#3738,#3739),(#3740,#3741,#3742,
#3743),(#3744,#3745,#3746,#3747),(#3748,#3749,#3750,#3751),(#3752,#3753,
#3754,#3755),(#3756,#3757,#3758,#3759),(#3760,#3761,#3762,#3763),(#3764,
#3765,#3766,#3767),(#3768,#3769,#3770,#3771),(#3772,#3773,#3774,#3775),
(#3776,#3777,#3778,#3779),(#3780,#3781,#3782,#3783),(#3784,#3785,#3786,
#3787),(#3788,#3789,#3790,#3791),(#3792,#3793,#3794,#3795),(#3796,#3797,
#3798,#3799),(#3800,#3801,#3802,#3803),(#3804,#3805,#3806,#3807),(#3808,
#3809,#3810,#3811),(#3812,#3813,#3814,#3815),(#3816,#3817,#3818,#3819),
(#3820,#3821,#3822,#3823),(#3824,#3825,#3826,#3827),(#3828,#3829,#3830,
#3831),(#3832,#3833,#3834,#3835),(#3836,#3837,#3838,#3839),(#3840,#3841,
#3842,#3843),(#3844,#3845,#3846,#3847),(#3848,#3849,#3850,#3851),(#3852,
#3853,#3854,#3855),(#3856,#3857,#3858,#3859),(#3860,#3861,#3862,#3863),
(#3864,#3865,#3866,#3867),(#3868,#3869,#3870,#3871),(#3872,#3873,#3874,
#3875),(#3876,#3877,#3878,#3879),(#3880,#3881,#3882,#3883),(#3884,#3885,
#3886,#3887)),.UNSPECIFIED.,.F.,.F.,.F.,(4,2,1,2,1,2,2,2,2,2,2,2,1,2,2,
2,2,2,1,2,2,2,2,2,2,2,2,1,2,2,2,1,2,2,2,2,2,1,2,2,2,1,2,2,2,2,1,2,1,2,2,
2,2,2,2,2,1,2,2,2,1,2,2,2,2,2,2,1,2,2,2,1,2,2,2,2,2,1,2,2,2,1,2,2,2,2,2,
1,2,2,2,1,2,2,2,2,2,1,2,2,2,1,2,2,2,2,2,1,2,2,2,1,2,2,2,2,2,1,2,2,2,1,2,
2,2,2,2,2,1,2,2,2,2,2,1,2,2,2,2,2,2,2,2,1,2,2,2,1,2,2,4),(4,4),(0.,0.0157886843139536,
0.0210515790852715,0.0315773686279073,0.0421031581705431,0.0473660529418609,
0.0631547372558146,0.0678761340530069,0.0725975308501993,0.0773189276473917,
0.082040324444584,0.0867617212417764,0.0883355201741738,0.0914831180389687,
0.0962045148361611,0.100925911633353,0.105647308430546,0.110368705227738,
0.113516303092533,0.11509010202493,0.119811498822123,0.124532895619315,
0.129254292416508,0.1339756892137,0.138697086010892,0.148752496182902,0.158807906354912,
0.165511513136253,0.168863316526922,0.178918726698932,0.188974136870942,
0.192325940261612,0.199029547042953,0.209084957214963,0.219140367386973,
0.229195777558982,0.239251187730992,0.245954794512333,0.249306597903002,
0.259362008075013,0.269417418247023,0.272769221637693,0.279472828419033,
0.289528238591043,0.299583648763053,0.31795343896272,0.324076702362609,
0.336323229162387,0.348569755962166,0.354693019362055,0.373062809561722,
0.376966515747631,0.38087022193354,0.384773928119448,0.388677634305358,
0.392581340491266,0.393882575886569,0.396485046677175,0.404292459048992,
0.41209987142081,0.414702342211415,0.419907283792628,0.427714696164445,
0.431618402350354,0.435522108536262,0.44332952090808,0.451136933279898,
0.456341874861109,0.458944345651715,0.466751758023533,0.47455917039535,
0.477161641185956,0.482366582767168,0.490173995138985,0.497981407510803,
0.50578881988262,0.513596232254438,0.518801173835649,0.521403644626255,
0.529211056998073,0.53701846936989,0.539620940160496,0.544825881741708,
0.552633294113525,0.560440706485343,0.56824811885716,0.576055531228978,
0.581260472810189,0.583862943600795,0.591670355972613,0.59947776834443,
0.602080239135036,0.607285180716248,0.615092593088065,0.622900005459883,
0.632586384625328,0.642272763790773,0.64873034990107,0.651959142956218,
0.661645522121663,0.671331901287109,0.674560694342257,0.681018280452554,
0.690704659617999,0.700391038783444,0.710077417948889,0.719763797114335,
0.726221383224631,0.72945017627978,0.739136555445225,0.74882293461067,0.752051727665819,
0.758509313776115,0.768195692941561,0.777882072107006,0.786760688008045,
0.795639303909085,0.801558381176445,0.804517919810125,0.813396535711164,
0.822275151612204,0.825234690245884,0.831153767513244,0.848910999315323,
0.861399699140674,0.86764404905335,0.873888398966025,0.880132748878701,
0.882214198849593,0.886377098791376,0.892621448704052,0.898865798616727,
0.905110148529403,0.911354498442078,0.915517398383862,0.917598848354754,
0.923843198267429,0.930087548180105,0.93633189809278,0.942576248005456,
0.948820597918131,0.955218023178365,0.961615448438599,0.965880398612088,
0.968012873698832,0.974410298959066,0.980807724219299,0.982940199306044,
0.987205149479533,0.993602574739766,1.),(0.,1.),.UNSPECIFIED.);
#304=B_SPLINE_SURFACE_WITH_KNOTS('',1,3,((#3948,#3949,#3950,#3951,#3952,
#3953,#3954,#3955,#3956,#3957,#3958,#3959,#3960,#3961,#3962,#3963,#3964,
#3965,#3966,#3967,#3968,#3969,#3970,#3971,#3972,#3973),(#3974,#3975,#3976,
#3977,#3978,#3979,#3980,#3981,#3982,#3983,#3984,#3985,#3986,#3987,#3988,
#3989,#3990,#3991,#3992,#3993,#3994,#3995,#3996,#3997,#3998,#3999)),
 .RULED_SURF.,.F.,.F.,.F.,(2,2),(4,2,2,2,2,2,2,2,2,2,2,2,4),(0.,1.),(0.,
0.25,0.375,0.5,0.625,0.6875,0.75,0.8125,0.875,0.90625,0.9375,0.96875,1.),
 .UNSPECIFIED.);
#305=B_SPLINE_SURFACE_WITH_KNOTS('',1,3,((#4038,#4039,#4040,#4041,#4042,
#4043),(#4044,#4045,#4046,#4047,#4048,#4049)),
 .SURF_OF_LINEAR_EXTRUSION.,.F.,.F.,.F.,(2,2),(4,2,4),(0.,1.),(0.,0.261799387799151,
0.523598775598302),.UNSPECIFIED.);
#306=B_SPLINE_SURFACE_WITH_KNOTS('',1,3,((#4059,#4060,#4061,#4062,#4063,
#4064,#4065,#4066,#4067,#4068,#4069,#4070,#4071,#4072,#4073,#4074,#4075,
#4076,#4077,#4078,#4079,#4080,#4081,#4082,#4083,#4084),(#4085,#4086,#4087,
#4088,#4089,#4090,#4091,#4092,#4093,#4094,#4095,#4096,#4097,#4098,#4099,
#4100,#4101,#4102,#4103,#4104,#4105,#4106,#4107,#4108,#4109,#4110)),
 .RULED_SURF.,.F.,.F.,.F.,(2,2),(4,2,2,2,2,2,2,2,2,2,2,2,4),(0.,1.),(0.,
0.25,0.375,0.5,0.625,0.6875,0.75,0.8125,0.875,0.90625,0.9375,0.96875,1.),
 .UNSPECIFIED.);
#307=B_SPLINE_SURFACE_WITH_KNOTS('',1,3,((#4188,#4189,#4190,#4191,#4192,
#4193,#4194,#4195,#4196,#4197,#4198,#4199,#4200,#4201,#4202,#4203,#4204,
#4205,#4206,#4207,#4208,#4209,#4210,#4211),(#4212,#4213,#4214,#4215,#4216,
#4217,#4218,#4219,#4220,#4221,#4222,#4223,#4224,#4225,#4226,#4227,#4228,
#4229,#4230,#4231,#4232,#4233,#4234,#4235)),.RULED_SURF.,.F.,.T.,.F.,(2,
2),(2,2,2,2,2,2,2,2,2,2,2,2,2,2),(0.,1.),(0.874999817097987,0.999999817097987,
1.12499981709799,1.24999981709799,1.31249981709799,1.37499981709799,1.49999981709799,
1.62499981709798,1.68749981709798,1.74999981709798,1.81249981709798,1.87499981709798,
1.99999981709798,2.12499981709799),.UNSPECIFIED.);
#308=B_SPLINE_SURFACE_WITH_KNOTS('',1,3,((#4236,#4237,#4238,#4239,#4240,
#4241,#4242,#4243,#4244,#4245,#4246,#4247,#4248,#4249,#4250,#4251,#4252,
#4253,#4254,#4255),(#4256,#4257,#4258,#4259,#4260,#4261,#4262,#4263,#4264,
#4265,#4266,#4267,#4268,#4269,#4270,#4271,#4272,#4273,#4274,#4275)),
 .RULED_SURF.,.F.,.T.,.F.,(2,2),(2,2,2,2,2,2,2,2,2,2,2,2),(0.,1.),(-0.124999795546255,
2.04453744823141E-7,0.125000204453745,0.250000204453745,0.312500204453745,
0.375000204453745,0.500000204453745,0.625000204453745,0.750000204453745,
0.875000204453745,1.00000020445374,1.12500020445374),.UNSPECIFIED.);
#309=ADVANCED_FACE('',(#277,#278,#279),#302,.T.);
#310=ADVANCED_FACE('',(#280,#281,#282),#303,.F.);
#311=ADVANCED_FACE('',(#283),#304,.T.);
#312=ADVANCED_FACE('',(#284),#16,.T.);
#313=ADVANCED_FACE('',(#285),#17,.F.);
#314=ADVANCED_FACE('',(#286),#12,.F.);
#315=ADVANCED_FACE('',(#287),#18,.F.);
#316=ADVANCED_FACE('',(#288),#13,.F.);
#317=ADVANCED_FACE('',(#289),#19,.F.);
#318=ADVANCED_FACE('',(#290),#305,.T.);
#319=ADVANCED_FACE('',(#291),#14,.F.);
#320=ADVANCED_FACE('',(#292),#306,.F.);
#321=ADVANCED_FACE('',(#293),#15,.F.);
#322=ADVANCED_FACE('',(#294,#295),#20,.F.);
#323=ADVANCED_FACE('',(#296,#297),#21,.F.);
#324=ADVANCED_FACE('',(#298,#299),#307,.T.);
#325=ADVANCED_FACE('',(#300,#301),#308,.T.);
#326=CLOSED_SHELL('',(#309,#310,#311,#312,#313,#314,#315,#316,#317,#318,
#319,#320,#321,#322,#323,#324,#325));
#327=STYLED_ITEM('',(#328),#335);
#328=PRESENTATION_STYLE_ASSIGNMENT((#329));
#329=SURFACE_STYLE_USAGE(.BOTH.,#330);
#330=SURFACE_SIDE_STYLE('',(#331));
#331=SURFACE_STYLE_FILL_AREA(#332);
#332=FILL_AREA_STYLE('',(#333));
#333=FILL_AREA_STYLE_COLOUR('',#334);
#334=COLOUR_RGB('',0.615686274509804,0.811764705882353,0.929411764705882);
#335=MANIFOLD_SOLID_BREP('Cover 3',#326);
#336=SHAPE_DEFINITION_REPRESENTATION(#4282,#337);
#337=SHAPE_REPRESENTATION('Cover 3',(#338),#4277);
#338=AXIS2_PLACEMENT_3D('',#398,#356,#357);
#339=AXIS2_PLACEMENT_3D('',#3898,#360,#361);
#340=AXIS2_PLACEMENT_3D('',#3900,#362,#363);
#341=AXIS2_PLACEMENT_3D('',#3904,#365,#366);
#342=AXIS2_PLACEMENT_3D('',#3908,#368,#369);
#343=AXIS2_PLACEMENT_3D('',#3910,#370,#371);
#344=AXIS2_PLACEMENT_3D('',#3919,#373,#374);
#345=AXIS2_PLACEMENT_3D('',#3923,#376,#377);
#346=AXIS2_PLACEMENT_3D('',#4008,#378,#379);
#347=AXIS2_PLACEMENT_3D('',#4013,#380,#381);
#348=AXIS2_PLACEMENT_3D('',#4018,#382,#383);
#349=AXIS2_PLACEMENT_3D('',#4023,#384,#385);
#350=AXIS2_PLACEMENT_3D('',#4028,#386,#387);
#351=AXIS2_PLACEMENT_3D('',#4033,#388,#389);
#352=AXIS2_PLACEMENT_3D('',#4054,#390,#391);
#353=AXIS2_PLACEMENT_3D('',#4115,#392,#393);
#354=AXIS2_PLACEMENT_3D('',#4116,#394,#395);
#355=AXIS2_PLACEMENT_3D('',#4146,#396,#397);
#356=DIRECTION('',(0.,0.,1.));
#357=DIRECTION('',(1.,0.,0.));
#358=DIRECTION('',(-0.159999856042492,0.,0.987117037674045));
#359=DIRECTION('',(0.5,0.,-0.866025403784438));
#360=DIRECTION('',(0.,-1.,0.));
#361=DIRECTION('',(1.,0.,-2.44249065417535E-15));
#362=DIRECTION('',(0.,-1.,0.));
#363=DIRECTION('',(-1.,0.,2.22044604925032E-15));
#364=DIRECTION('',(0.5,0.,-0.866025403784439));
#365=DIRECTION('',(0.,-1.,0.));
#366=DIRECTION('',(-0.866025403784439,0.,-0.5));
#367=DIRECTION('',(0.5,0.,0.866025403784438));
#368=DIRECTION('',(0.,-1.,0.));
#369=DIRECTION('',(0.866025403784438,0.,-0.5));
#370=DIRECTION('',(0.,-1.,0.));
#371=DIRECTION('',(-0.907430118225532,0.,0.420203022998641));
#372=DIRECTION('',(-0.5,0.,-0.866025403784439));
#373=DIRECTION('',(0.,1.,0.));
#374=DIRECTION('',(-0.5,0.,-0.866025403784438));
#375=DIRECTION('',(-0.5,0.,0.866025403784439));
#376=DIRECTION('',(0.,1.,0.));
#377=DIRECTION('',(-0.866025403784439,0.,-0.5));
#378=DIRECTION('',(6.0605080817356E-8,-0.999999999999131,1.31699163806336E-6));
#379=DIRECTION('',(0.,-1.31699163806337E-6,-0.999999999999133));
#380=DIRECTION('',(0.,-1.,-9.41065130439173E-14));
#381=DIRECTION('',(0.965925839203164,2.43433721833885E-14,-0.258818996906456));
#382=DIRECTION('',(0.866025403784437,2.82492947277963E-14,-0.5));
#383=DIRECTION('',(0.5,0.,0.866025403784438));
#384=DIRECTION('',(0.,-1.,0.));
#385=DIRECTION('',(-2.44033135873839E-9,0.,-1.));
#386=DIRECTION('',(-0.866025403784439,0.,-0.5));
#387=DIRECTION('',(0.5,0.,-0.866025403784439));
#388=DIRECTION('',(0.,-1.,0.));
#389=DIRECTION('',(-0.965925826293975,0.,-0.258819045084207));
#390=DIRECTION('',(-0.866025403784435,0.,-0.500000000000006));
#391=DIRECTION('',(0.5,0.,-0.866025403784438));
#392=DIRECTION('',(0.,-1.,0.));
#393=DIRECTION('',(-0.866025403784439,0.,-0.5));
#394=DIRECTION('',(0.866025403784439,0.,0.5));
#395=DIRECTION('',(0.5,0.,-0.866025403784439));
#396=DIRECTION('',(-0.866025403784439,0.,0.5));
#397=DIRECTION('',(0.5,0.,0.866025403784439));
#398=CARTESIAN_POINT('',(0.,0.,0.));
#399=CARTESIAN_POINT('',(-0.040065647361576,0.,-0.0254904163079517));
#400=CARTESIAN_POINT('',(-0.0400655180753573,-0.00489121548385763,-0.0254904971803198));
#401=CARTESIAN_POINT('',(-0.0400644272814922,-0.0140784683594469,-0.0255016649446265));
#402=CARTESIAN_POINT('',(-0.0393745544694518,-0.0272865200547462,-0.0256332555662094));
#403=CARTESIAN_POINT('',(-0.0383945620614591,-0.0364639665700174,-0.0258052275649597));
#404=CARTESIAN_POINT('',(-0.0369905332215285,-0.0439175654377024,-0.0260388016297127));
#405=CARTESIAN_POINT('',(-0.0354249149716295,-0.049200500807374,-0.0262855241365384));
#406=CARTESIAN_POINT('',(-0.0338544020149583,-0.052847386459233,-0.0265141964620836));
#407=CARTESIAN_POINT('',(-0.0323681888582849,-0.0553445013074334,-0.0267062048505197));
#408=CARTESIAN_POINT('',(-0.0309839389306819,-0.0570628843128227,-0.0268544411022316));
#409=CARTESIAN_POINT('',(-0.0296794365624365,-0.0582914137281241,-0.0269617459550727));
#410=CARTESIAN_POINT('',(-0.0283737622898579,-0.0592186861059811,-0.0270354734590362));
#411=CARTESIAN_POINT('',(-0.0270067705469539,-0.0598945564295091,-0.0270733927725102));
#412=CARTESIAN_POINT('',(-0.0254351752668495,-0.0603753500951415,-0.0270781674819127));
#413=CARTESIAN_POINT('',(-0.0243132314026083,-0.0605002598707675,-0.0270593735877843));
#414=CARTESIAN_POINT('',(-0.0236448637286709,-0.0605,-0.0270458946838995));
#415=CARTESIAN_POINT('',(-0.0399495291410103,-1.16701704490898E-26,-0.0262068081494848));
#416=CARTESIAN_POINT('',(-0.0399494012611459,-0.00489197000231278,-0.0262068960072805));
#417=CARTESIAN_POINT('',(-0.0399467426576861,-0.0140799768748053,-0.0262010773387413));
#418=CARTESIAN_POINT('',(-0.0392496570486048,-0.0272895364434402,-0.026284387066811));
#419=CARTESIAN_POINT('',(-0.0382616032369932,-0.0364685405637891,-0.0264121744573734));
#420=CARTESIAN_POINT('',(-0.0368473879189718,-0.0439242279529718,-0.0266005313430529));
#421=CARTESIAN_POINT('',(-0.0352708689542931,-0.0492094331123005,-0.0268080548892771));
#422=CARTESIAN_POINT('',(-0.0336893818835593,-0.0528582687212095,-0.0270042723889093));
#423=CARTESIAN_POINT('',(-0.0321927057764321,-0.0553564824329988,-0.0271699091158239));
#424=CARTESIAN_POINT('',(-0.0307989810537206,-0.0570746975434239,-0.027296653040829));
#425=CARTESIAN_POINT('',(-0.0294863684256679,-0.0583017832127047,-0.0273859720538404));
#426=CARTESIAN_POINT('',(-0.0281739230530136,-0.0592264792057494,-0.0274437059791031));
#427=CARTESIAN_POINT('',(-0.02680196744666,-0.0598989604803466,-0.0274670696760978));
#428=CARTESIAN_POINT('',(-0.0252270711431301,-0.0603763861297903,-0.0274571764789946));
#429=CARTESIAN_POINT('',(-0.0241039836867169,-0.0605002429185612,-0.0274289176783344));
#430=CARTESIAN_POINT('',(-0.0234348316187927,-0.0605,-0.0274096805240587));
#431=CARTESIAN_POINT('',(-0.0397680359097583,2.33403408981795E-26,-0.0273265223316792));
#432=CARTESIAN_POINT('',(-0.0397679203809486,-0.00489303674189278,-0.0273265772799404));
#433=CARTESIAN_POINT('',(-0.0397648185118929,-0.014082099159453,-0.0272874216635885));
#434=CARTESIAN_POINT('',(-0.0390620471058208,-0.0272939181217274,-0.0272779785443392));
#435=CARTESIAN_POINT('',(-0.0380666001532022,-0.036475501288545,-0.0273216044852012));
#436=CARTESIAN_POINT('',(-0.0366419201772005,-0.0439351420590415,-0.0274251068762756));
#437=CARTESIAN_POINT('',(-0.035052867151146,-0.0492252552690471,-0.0275611264327101));
#438=CARTESIAN_POINT('',(-0.0334570745975356,-0.0528788316264772,-0.0277008745924268));
#439=CARTESIAN_POINT('',(-0.0319450829019238,-0.0553801259879736,-0.0278234998440189));
#440=CARTESIAN_POINT('',(-0.0305362151608242,-0.0570984964912555,-0.0279179404282451));
#441=CARTESIAN_POINT('',(-0.0292100754626565,-0.058322683980607,-0.0279825121088736));
#442=CARTESIAN_POINT('',(-0.0278863008377702,-0.0592418586095537,-0.0280202303888253));
#443=CARTESIAN_POINT('',(-0.026506508928037,-0.0599071814039475,-0.0280271397151698));
#444=CARTESIAN_POINT('',(-0.0249271260501447,-0.0603779800394485,-0.0280012250911009));
#445=CARTESIAN_POINT('',(-0.0238027028300465,-0.0605001981519956,-0.0279613086194862));
#446=CARTESIAN_POINT('',(-0.0231322627659776,-0.0605,-0.0279337464860343));
#447=CARTESIAN_POINT('',(-0.0395222888335533,-3.50105113472693E-26,-0.0288426656578869));
#448=CARTESIAN_POINT('',(-0.0395221904109345,-0.0048933331030616,-0.0288426477436405));
#449=CARTESIAN_POINT('',(-0.0395216114334683,-0.0140831453985426,-0.0287852327589032));
#450=CARTESIAN_POINT('',(-0.0388170282758657,-0.0272974720867773,-0.0287001037761421));
#451=CARTESIAN_POINT('',(-0.0378157559529935,-0.0364824292483938,-0.0286608618259539));
#452=CARTESIAN_POINT('',(-0.0363801738876452,-0.0439477173349493,-0.0286637139439106));
#453=CARTESIAN_POINT('',(-0.0347763032122171,-0.0492454604055231,-0.0287001403986187));
#454=CARTESIAN_POINT('',(-0.0331621506054783,-0.0529072269728375,-0.0287503911984957));
#455=CARTESIAN_POINT('',(-0.0316290876917583,-0.0554148623595022,-0.0287976191665002));
#456=CARTESIAN_POINT('',(-0.0301980384360707,-0.0571352599005865,-0.028830733379638));
#457=CARTESIAN_POINT('',(-0.0288511211819217,-0.0583563788392218,-0.0288453185635667));
#458=CARTESIAN_POINT('',(-0.0275093041237064,-0.0592677733496202,-0.0288401114900089));
#459=CARTESIAN_POINT('',(-0.0261167556580044,-0.0599217981159711,-0.0288090420092266));
#460=CARTESIAN_POINT('',(-0.0245307093397842,-0.0603811465306422,-0.0287432652128001));
#461=CARTESIAN_POINT('',(-0.0234059992864892,-0.0605000986022996,-0.0286726070770302));
#462=CARTESIAN_POINT('',(-0.0227352705601997,-0.0605,-0.0286213549297972));
#463=CARTESIAN_POINT('',(-0.0393387821515765,1.3128941755226E-25,-0.0299747794662188));
#464=CARTESIAN_POINT('',(-0.0393386854408127,-0.00489291859082765,-0.029974737741509));
#465=CARTESIAN_POINT('',(-0.0393400742056377,-0.0140830577793769,-0.0299278623468231));
#466=CARTESIAN_POINT('',(-0.038633407133865,-0.0272989982756279,-0.0298338896919071));
#467=CARTESIAN_POINT('',(-0.0376265254529602,-0.0364860778779585,-0.0297661481233817));
#468=CARTESIAN_POINT('',(-0.0361808667844332,-0.0439546820072337,-0.0297163262043003));
#469=CARTESIAN_POINT('',(-0.0345639991584694,-0.0492567001517682,-0.0296874362607103));
#470=CARTESIAN_POINT('',(-0.0329349535873871,-0.0529229561383298,-0.0296694416225124));
#471=CARTESIAN_POINT('',(-0.0313861089547524,-0.0554340721015263,-0.02965176851203));
#472=CARTESIAN_POINT('',(-0.0299394660667975,-0.0571556876449723,-0.0296256577825543));
#473=CARTESIAN_POINT('',(-0.0285784138861946,-0.0583753528680208,-0.0295864546611851));
#474=CARTESIAN_POINT('',(-0.0272243881647307,-0.0592827846805146,-0.0295298401638079));
#475=CARTESIAN_POINT('',(-0.0258228548160096,-0.0599307918887354,-0.0294479343858109));
#476=CARTESIAN_POINT('',(-0.0242315307275118,-0.0603835546821242,-0.0293261886258218));
#477=CARTESIAN_POINT('',(-0.0231064783624114,-0.0605000718692171,-0.029215927211712));
#478=CARTESIAN_POINT('',(-0.0224361133274222,-0.0605,-0.0291395168029511));
#479=CARTESIAN_POINT('',(-0.0391589097670463,-4.9014715886177E-25,-0.031084605515614));
#480=CARTESIAN_POINT('',(-0.039158808734659,-0.00489233322601262,-0.0310845564943993));
#481=CARTESIAN_POINT('',(-0.0391614124853385,-0.0140827924913927,-0.0310604941842972));
#482=CARTESIAN_POINT('',(-0.0384507978088695,-0.0273003063329232,-0.0309820664420633));
#483=CARTESIAN_POINT('',(-0.0374365037322253,-0.0364893602434578,-0.0309037429734697));
#484=CARTESIAN_POINT('',(-0.0359786589700943,-0.0439608908975774,-0.0308151745813946));
#485=CARTESIAN_POINT('',(-0.0343467748664611,-0.0492664968020373,-0.0307292812306383));
#486=CARTESIAN_POINT('',(-0.0327013011276036,-0.0529363184385799,-0.0306464950307092));
#487=CARTESIAN_POINT('',(-0.0311359251405093,-0.055449994081141,-0.0305634982941825));
#488=CARTESIAN_POINT('',(-0.0296737920209956,-0.0571722623336257,-0.030474687886336));
#489=CARTESIAN_POINT('',(-0.028299262238329,-0.0583905092182301,-0.0303760466272377));
#490=CARTESIAN_POINT('',(-0.0269338926258663,-0.0592946793863056,-0.0302604580113931));
#491=CARTESIAN_POINT('',(-0.0255239849859394,-0.0599379860126949,-0.0301181726804074));
#492=CARTESIAN_POINT('',(-0.0239272982208918,-0.060385639082823,-0.0299289352107447));
#493=CARTESIAN_POINT('',(-0.0228012821875993,-0.0605000756021397,-0.02977188552876));
#494=CARTESIAN_POINT('',(-0.0221309059558012,-0.0605,-0.029668127761457));
#495=CARTESIAN_POINT('',(-0.0389946084015932,1.70044108585279E-24,-0.0320978880461505));
#496=CARTESIAN_POINT('',(-0.0389944982292306,-0.0048920096254053,-0.0320978472699298));
#497=CARTESIAN_POINT('',(-0.038996739018715,-0.0140829104526715,-0.0320973304319456));
#498=CARTESIAN_POINT('',(-0.0382788323498387,-0.0273019256507864,-0.0320397886101802));
#499=CARTESIAN_POINT('',(-0.0372544010582445,-0.0364927395256504,-0.031958194356854));
#500=CARTESIAN_POINT('',(-0.0357818358783868,-0.0439667364131961,-0.0318414568745289));
#501=CARTESIAN_POINT('',(-0.0341330344335345,-0.0492751595877668,-0.0317100904627952));
#502=CARTESIAN_POINT('',(-0.0324701258321464,-0.0529475199181161,-0.031573135466327));
#503=CARTESIAN_POINT('',(-0.0308882571027842,-0.0554627252988979,-0.0314334678032162));
#504=CARTESIAN_POINT('',(-0.02941164594417,-0.0571849910014565,-0.0312884222538094));
#505=CARTESIAN_POINT('',(-0.0280251916456229,-0.0584017885928576,-0.0311350793233565));
#506=CARTESIAN_POINT('',(-0.0266501795042175,-0.0593033381259643,-0.0309642004235484));
#507=CARTESIAN_POINT('',(-0.0252332192331846,-0.0599432036427537,-0.0307646829717707));
#508=CARTESIAN_POINT('',(-0.0236315720202275,-0.0603872194566479,-0.0305118394031954));
#509=CARTESIAN_POINT('',(-0.0225038437219027,-0.0605000904033102,-0.030312108338488));
#510=CARTESIAN_POINT('',(-0.0218325877035505,-0.0605,-0.0301849137309591));
#511=CARTESIAN_POINT('',(-0.0388574772551406,-4.75097501553465E-24,-0.0329450142465139));
#512=CARTESIAN_POINT('',(-0.0388573540765375,-0.00489206609404105,-0.0329449984269975));
#513=CARTESIAN_POINT('',(-0.038858541110279,-0.0140835312777777,-0.0329578636364899));
#514=CARTESIAN_POINT('',(-0.0381315455268954,-0.0273039753702064,-0.0329100001101478));
#515=CARTESIAN_POINT('',(-0.0370953179235093,-0.0364963558476552,-0.0328238118040202));
#516=CARTESIAN_POINT('',(-0.0356062704091039,-0.0439723882318542,-0.0326872495937315));
#517=CARTESIAN_POINT('',(-0.0339391420737372,-0.0492828431284386,-0.0325250903192274));
#518=CARTESIAN_POINT('',(-0.0322581879653314,-0.0529566550118539,-0.0323508794380313));
#519=CARTESIAN_POINT('',(-0.0306602496187172,-0.0554723142040781,-0.0321710399850717));
#520=CARTESIAN_POINT('',(-0.0291704883869024,-0.0571939359653451,-0.0319848489810626));
#521=CARTESIAN_POINT('',(-0.0277738193572484,-0.0584092956543486,-0.0317905590412129));
#522=CARTESIAN_POINT('',(-0.0263908344131487,-0.0593088782580957,-0.0315777406744335));
#523=CARTESIAN_POINT('',(-0.0249679131358349,-0.0599464942962824,-0.0313347224524551));
#524=CARTESIAN_POINT('',(-0.0233613226149324,-0.0603882389269532,-0.0310343013441244));
#525=CARTESIAN_POINT('',(-0.0222307998050863,-0.0605001033785845,-0.0308040016114116));
#526=CARTESIAN_POINT('',(-0.0215576223640784,-0.0605,-0.0306609214627947));
#527=CARTESIAN_POINT('',(-0.0387514173479708,6.74044331247537E-24,-0.0335973948068257));
#528=CARTESIAN_POINT('',(-0.0387512825904628,-0.00489233659439301,-0.0335974071410205));
#529=CARTESIAN_POINT('',(-0.0387516873019116,-0.0140843766706317,-0.0336120434095407));
#530=CARTESIAN_POINT('',(-0.0380165578761391,-0.0273060325261426,-0.0335585057621049));
#531=CARTESIAN_POINT('',(-0.0369695779187194,-0.0364996384643171,-0.033462293201387));
#532=CARTESIAN_POINT('',(-0.0354654658398502,-0.0439771211240991,-0.0333096229869454));
#533=CARTESIAN_POINT('',(-0.0337818075687326,-0.0492888081858319,-0.0331271779997285));
#534=CARTESIAN_POINT('',(-0.0320850521658066,-0.0529632316042043,-0.0329295152395695));
#535=CARTESIAN_POINT('',(-0.0304736010296392,-0.0554787497864424,-0.0327242881882611));
#536=CARTESIAN_POINT('',(-0.0289732184188277,-0.057199621333331,-0.0325117999870536));
#537=CARTESIAN_POINT('',(-0.0275684302996702,-0.0584139190944237,-0.0322913209508944));
#538=CARTESIAN_POINT('',(-0.0261789496609252,-0.0593122712130411,-0.0320520054502571));
#539=CARTESIAN_POINT('',(-0.0247506207077769,-0.0599485615667147,-0.0317824129535533));
#540=CARTESIAN_POINT('',(-0.0231385672585728,-0.0603889185774331,-0.0314547063638578));
#541=CARTESIAN_POINT('',(-0.0220041052018295,-0.0605001122260543,-0.0312088850078883));
#542=CARTESIAN_POINT('',(-0.0213281659407036,-0.0605,-0.0310587901950842));
#543=CARTESIAN_POINT('',(-0.0386712400070974,-1.73623938383497E-23,-0.0340961477053901));
#544=CARTESIAN_POINT('',(-0.03867107864671,-0.00489274278984403,-0.0340962299140422));
#545=CARTESIAN_POINT('',(-0.0386706135777127,-0.0140853787378751,-0.0341073975644366));
#546=CARTESIAN_POINT('',(-0.0379267320028912,-0.0273081939963124,-0.0340466551038601));
#547=CARTESIAN_POINT('',(-0.0368679123481667,-0.0365028547253276,-0.0339458618649485));
#548=CARTESIAN_POINT('',(-0.0353469258729342,-0.0439811983070659,-0.0337892741356287));
#549=CARTESIAN_POINT('',(-0.0336451326848139,-0.0492928810528889,-0.0336009107081158));
#550=CARTESIAN_POINT('',(-0.031932300915945,-0.0529663087334097,-0.0333930527245114));
#551=CARTESIAN_POINT('',(-0.030308700835138,-0.0554803928193228,-0.0331734680318232));
#552=CARTESIAN_POINT('',(-0.0288001598648917,-0.0572001241999905,-0.0329436705691502));
#553=CARTESIAN_POINT('',(-0.0273898862032654,-0.0584138978225728,-0.0327046254554494));
#554=CARTESIAN_POINT('',(-0.0259962118975855,-0.0593122396529158,-0.0324458883804112));
#555=CARTESIAN_POINT('',(-0.024563980994179,-0.0599487554792821,-0.0321568499889105));
#556=CARTESIAN_POINT('',(-0.0229470710603102,-0.0603891490487701,-0.0318102028328258));
#557=CARTESIAN_POINT('',(-0.0218084382136866,-0.0605001218090637,-0.0315551808980555));
#558=CARTESIAN_POINT('',(-0.0211295393586795,-0.0605,-0.0314019016863587));
#559=CARTESIAN_POINT('',(-0.0385813770741832,7.42840612664898E-23,-0.0346349670679983));
#560=CARTESIAN_POINT('',(-0.0385812038706435,-0.0048932490469102,-0.0346350927130446));
#561=CARTESIAN_POINT('',(-0.0385811952317318,-0.0140865456401387,-0.0346290300247352));
#562=CARTESIAN_POINT('',(-0.0378310240210967,-0.027310494017131,-0.034532412049577));
#563=CARTESIAN_POINT('',(-0.036762341288829,-0.0365060400738881,-0.034405582150463));
#564=CARTESIAN_POINT('',(-0.0352268055653024,-0.0439849235355775,-0.034227740494134));
#565=CARTESIAN_POINT('',(-0.0335099139787586,-0.0492964495647374,-0.0340216396023153));
#566=CARTESIAN_POINT('',(-0.0317844148561084,-0.0529693493390259,-0.033796746101212));
#567=CARTESIAN_POINT('',(-0.0301513120619114,-0.0554830967894877,-0.0335607413315987));
#568=CARTESIAN_POINT('',(-0.0286355332668886,-0.057202874233512,-0.0333161258483787));
#569=CARTESIAN_POINT('',(-0.0272189627387587,-0.0584167777215181,-0.0330648226270957));
#570=CARTESIAN_POINT('',(-0.0258189178289792,-0.059314986336188,-0.0327966307863548));
#571=CARTESIAN_POINT('',(-0.0243795844676832,-0.0599507709880692,-0.0325023662580524));
#572=CARTESIAN_POINT('',(-0.022753861996143,-0.0603898696298967,-0.032156352454882));
#573=CARTESIAN_POINT('',(-0.0216082703456142,-0.060500121421078,-0.0319075362573992));
#574=CARTESIAN_POINT('',(-0.0209247780837099,-0.0605,-0.0317600561367171));
#575=CARTESIAN_POINT('',(-0.0384635831995989,-4.23521406330424E-22,-0.0352299394166265));
#576=CARTESIAN_POINT('',(-0.0384634030778705,-0.00489383618241236,-0.035230071473117));
#577=CARTESIAN_POINT('',(-0.038465598072913,-0.0140878338916468,-0.0352005975270317));
#578=CARTESIAN_POINT('',(-0.0377120504939559,-0.0273129345511855,-0.0350561238133506));
#579=CARTESIAN_POINT('',(-0.0366354827110927,-0.036509318985154,-0.034894112589911));
#580=CARTESIAN_POINT('',(-0.0350874072621237,-0.0439887116857751,-0.0346873702498105));
#581=CARTESIAN_POINT('',(-0.0333574325898541,-0.0493004370910897,-0.0344596272110245));
#582=CARTESIAN_POINT('',(-0.0316202208211947,-0.0529736755039464,-0.0342188740865252));
#583=CARTESIAN_POINT('',(-0.0299766288688719,-0.0554879934495807,-0.0339724203962687));
#584=CARTESIAN_POINT('',(-0.0284507773254862,-0.0572081676525536,-0.0337226426030666));
#585=CARTESIAN_POINT('',(-0.0270241042679434,-0.0584218707541199,-0.0334709539217337));
#586=CARTESIAN_POINT('',(-0.0256134358648535,-0.0593191423745065,-0.0332069824017075));
#587=CARTESIAN_POINT('',(-0.0241626680416844,-0.0599532997104181,-0.0329226430567586));
#588=CARTESIAN_POINT('',(-0.0225236059135355,-0.0603905500294909,-0.0325940116091603));
#589=CARTESIAN_POINT('',(-0.0213681502112861,-0.0605001148589421,-0.0323618108832789));
#590=CARTESIAN_POINT('',(-0.0206784472975372,-0.0605,-0.0322254263643887));
#591=CARTESIAN_POINT('',(-0.0383070495417918,4.14212422166693E-21,-0.035919157375968));
#592=CARTESIAN_POINT('',(-0.0383068942232171,-0.00489464254939021,-0.0359192045729512));
#593=CARTESIAN_POINT('',(-0.0383127959672796,-0.0140894253538153,-0.0358600038970232));
#594=CARTESIAN_POINT('',(-0.0375594017714067,-0.0273155955470014,-0.0356529318868892));
#595=CARTESIAN_POINT('',(-0.0364788826158603,-0.0365127316692551,-0.0354419662883252));
#596=CARTESIAN_POINT('',(-0.0349233801709273,-0.0439931263722284,-0.0351938456507305));
#597=CARTESIAN_POINT('',(-0.0331837696235165,-0.0493065412697003,-0.0349399845995741));
#598=CARTESIAN_POINT('',(-0.031434406069632,-0.0529818884792132,-0.0346881815958301));
#599=CARTESIAN_POINT('',(-0.0297764196959356,-0.0554977789542872,-0.0344426623414481));
#600=CARTESIAN_POINT('',(-0.0282348177064467,-0.0572181307195264,-0.0342027488069352));
#601=CARTESIAN_POINT('',(-0.0267922079656765,-0.0584305665847413,-0.0339670713730902));
#602=CARTESIAN_POINT('',(-0.0253654269455888,-0.0593254693912343,-0.033724632811906));
#603=CARTESIAN_POINT('',(-0.0238983614387534,-0.0599567149474509,-0.0334680038709685));
#604=CARTESIAN_POINT('',(-0.0222413261299575,-0.0603913141707262,-0.0331755376886286));
#605=CARTESIAN_POINT('',(-0.021073215767724,-0.0605001060527072,-0.0329715711359429));
#606=CARTESIAN_POINT('',(-0.0203757304956927,-0.0605,-0.0328525314514299));
#607=CARTESIAN_POINT('',(-0.0381177739359976,-1.938983129151E-20,-0.0366351883229352));
#608=CARTESIAN_POINT('',(-0.0381176691092681,-0.00489537499627596,-0.0366351212007533));
#609=CARTESIAN_POINT('',(-0.038128505552303,-0.0140905682705022,-0.0365507169137953));
#610=CARTESIAN_POINT('',(-0.0373822271930046,-0.0273171387430902,-0.0362850316779921));
#611=CARTESIAN_POINT('',(-0.0363050241426606,-0.0365150603874913,-0.0360274519786671));
#612=CARTESIAN_POINT('',(-0.0347480765956642,-0.0439976552907295,-0.035743890710836));
#613=CARTESIAN_POINT('',(-0.0330007040006886,-0.0493146287531627,-0.0354746291574106));
#614=CARTESIAN_POINT('',(-0.0312376352585794,-0.0529936063970114,-0.0352252440716672));
#615=CARTESIAN_POINT('',(-0.0295620478389556,-0.0555116428447392,-0.0349947832591161));
#616=CARTESIAN_POINT('',(-0.0280013549471243,-0.0572317567559138,-0.034778274070871));
#617=CARTESIAN_POINT('',(-0.0265402124136262,-0.0584419602738935,-0.0345708756813491));
#618=CARTESIAN_POINT('',(-0.0250956518258023,-0.0593333574337719,-0.0343610695031561));
#619=CARTESIAN_POINT('',(-0.0236117294400178,-0.059960742389603,-0.0341415825903383));
#620=CARTESIAN_POINT('',(-0.0219371776900051,-0.0603921241226537,-0.0338928944109569));
#621=CARTESIAN_POINT('',(-0.0207573543395434,-0.0605000952540149,-0.0337197637837821));
#622=CARTESIAN_POINT('',(-0.0200527871730426,-0.0605,-0.0336185460896733));
#623=CARTESIAN_POINT('',(-0.0379039343185931,7.20329682671274E-20,-0.0373456834822671));
#624=CARTESIAN_POINT('',(-0.0379038139624912,-0.00489492674748229,-0.0373456753172337));
#625=CARTESIAN_POINT('',(-0.0379205317155533,-0.0140894734284903,-0.0372617039471774));
#626=CARTESIAN_POINT('',(-0.0371773040843495,-0.027316124918279,-0.0370110877521359));
#627=CARTESIAN_POINT('',(-0.0360980162951369,-0.036515049092714,-0.0367692964044728));
#628=CARTESIAN_POINT('',(-0.0345349025787703,-0.0439997840272063,-0.0364998135946252));
#629=CARTESIAN_POINT('',(-0.0327788784103886,-0.0493197378762261,-0.0362399987109573));
#630=CARTESIAN_POINT('',(-0.0310053159812487,-0.0530017761335356,-0.0359976317806163));
#631=CARTESIAN_POINT('',(-0.0293180088179269,-0.0555219152113459,-0.0357742014404611));
#632=CARTESIAN_POINT('',(-0.0277452445931487,-0.0572423799748383,-0.0355662651198878));
#633=CARTESIAN_POINT('',(-0.0262727016977783,-0.0584512727951921,-0.0353692466689484));
#634=CARTESIAN_POINT('',(-0.024817570076067,-0.0593401449204932,-0.0351718182661973));
#635=CARTESIAN_POINT('',(-0.0233242413669366,-0.0599644184242509,-0.0349667172910767));
#636=CARTESIAN_POINT('',(-0.021640783407155,-0.0603929555312443,-0.0347345498553784));
#637=CARTESIAN_POINT('',(-0.0204556495423732,-0.0605000858043757,-0.0345719043408856));
#638=CARTESIAN_POINT('',(-0.0197479976637199,-0.0605,-0.0344757918507221));
#639=CARTESIAN_POINT('',(-0.0376722948707381,-2.68742041777E-19,-0.0380321489551777));
#640=CARTESIAN_POINT('',(-0.0376721724950695,-0.00489300757512539,-0.0380321647887867));
#641=CARTESIAN_POINT('',(-0.0376876946206978,-0.0140863857109915,-0.0379915707658296));
#642=CARTESIAN_POINT('',(-0.0369369686687958,-0.0273128559399627,-0.0378354193440831));
#643=CARTESIAN_POINT('',(-0.0358514545623385,-0.0365121710105642,-0.0376612950491919));
#644=CARTESIAN_POINT('',(-0.0342838738312157,-0.0439978288853873,-0.0374376203341991));
#645=CARTESIAN_POINT('',(-0.0325256494903016,-0.0493192244970462,-0.0371975577348968));
#646=CARTESIAN_POINT('',(-0.0307510618353115,-0.0530029948543628,-0.0369572949703835));
#647=CARTESIAN_POINT('',(-0.0290629501950777,-0.0555246917987362,-0.0367265865953014));
#648=CARTESIAN_POINT('',(-0.0274891913449603,-0.05724605336602,-0.0365076691133419));
#649=CARTESIAN_POINT('',(-0.0260155828723972,-0.0584550228975664,-0.0362992002015344));
#650=CARTESIAN_POINT('',(-0.0245595282577393,-0.0593432452686985,-0.0360905510549014));
#651=CARTESIAN_POINT('',(-0.0230657373892111,-0.0599663111624178,-0.0358747506716197));
#652=CARTESIAN_POINT('',(-0.0213825041850534,-0.060393481545607,-0.0356314759846029));
#653=CARTESIAN_POINT('',(-0.0201980543892096,-0.0605000831566108,-0.0354614150564147));
#654=CARTESIAN_POINT('',(-0.0194908934605895,-0.0605,-0.0353607579756351));
#655=CARTESIAN_POINT('',(-0.0374158148787199,1.00293519884087E-18,-0.0387176812480269));
#656=CARTESIAN_POINT('',(-0.0374155782430148,-0.00489057529218942,-0.0387178175190487));
#657=CARTESIAN_POINT('',(-0.0374234488528087,-0.0140822070474171,-0.0387375226810725));
#658=CARTESIAN_POINT('',(-0.0366677294570182,-0.0273076647720926,-0.0386832093521359));
#659=CARTESIAN_POINT('',(-0.0355820284270021,-0.0365068194531754,-0.038576276455145));
#660=CARTESIAN_POINT('',(-0.0340185197016433,-0.043992701306925,-0.0383961776191504));
#661=CARTESIAN_POINT('',(-0.0322675155324936,-0.0493147035663229,-0.0381738604035668));
#662=CARTESIAN_POINT('',(-0.030501539252414,-0.052999466734103,-0.0379337843112684));
#663=CARTESIAN_POINT('',(-0.0288218727995121,-0.0555223719759003,-0.0376938094376686));
#664=CARTESIAN_POINT('',(-0.0272555705244928,-0.0572448703496893,-0.0374618538510955));
#665=CARTESIAN_POINT('',(-0.0257883493884477,-0.0584546769987096,-0.0372399417101134));
#666=CARTESIAN_POINT('',(-0.0243380782285501,-0.0593433879055378,-0.0370182042976214));
#667=CARTESIAN_POINT('',(-0.0228498168554551,-0.0599665638052964,-0.036790167942248));
#668=CARTESIAN_POINT('',(-0.0211726377477649,-0.0603935972195932,-0.036534861177842));
#669=CARTESIAN_POINT('',(-0.0199924372545742,-0.0605000822134019,-0.0363576529277053));
#670=CARTESIAN_POINT('',(-0.019287824500324,-0.0605,-0.0362531015104469));
#671=CARTESIAN_POINT('',(-0.0371230880166281,-3.74299875358649E-18,-0.0394257396747461));
#672=CARTESIAN_POINT('',(-0.037122985053568,-0.00488943865902916,-0.0394256440730608));
#673=CARTESIAN_POINT('',(-0.0371113696744428,-0.014079203539081,-0.0395021398059882));
#674=CARTESIAN_POINT('',(-0.0363418581481029,-0.0272996564284569,-0.0395359057034099));
#675=CARTESIAN_POINT('',(-0.0352620409356731,-0.0364949100591003,-0.0394754184778462));
#676=CARTESIAN_POINT('',(-0.0337198497442755,-0.0439782872714992,-0.0393116497986503));
#677=CARTESIAN_POINT('',(-0.0319962734733819,-0.0492999414596701,-0.0390830241764539));
#678=CARTESIAN_POINT('',(-0.0302573716930229,-0.052986159561799,-0.0388263338279425));
#679=CARTESIAN_POINT('',(-0.0286010884355892,-0.0555116046521276,-0.0385680071421537));
#680=CARTESIAN_POINT('',(-0.0270534206705542,-0.0572369564567106,-0.0383210354859415));
#681=CARTESIAN_POINT('',(-0.0256007414687102,-0.0584493563849211,-0.038089460082043));
#682=CARTESIAN_POINT('',(-0.0241623493037892,-0.0593402630072585,-0.0378635722487758));
#683=CARTESIAN_POINT('',(-0.0226840144797729,-0.0599650945121533,-0.037638059884514));
#684=CARTESIAN_POINT('',(-0.0210163270351816,-0.0603932937632117,-0.0373928645907548));
#685=CARTESIAN_POINT('',(-0.0198420420594188,-0.0605000821101852,-0.0372276834386489));
#686=CARTESIAN_POINT('',(-0.0191409441184166,-0.0605,-0.0371315072780607));
#687=CARTESIAN_POINT('',(-0.0368030662013983,8.03507264114883E-19,-0.0401296461609567));
#688=CARTESIAN_POINT('',(-0.0368030219796974,-0.00489025587496363,-0.0401295364404173));
#689=CARTESIAN_POINT('',(-0.0367842405158542,-0.0140794891304191,-0.0401996723846619));
#690=CARTESIAN_POINT('',(-0.036009258930592,-0.0272947369908266,-0.040235122151531));
#691=CARTESIAN_POINT('',(-0.0349382293967951,-0.0364835254051558,-0.0401784986686855));
#692=CARTESIAN_POINT('',(-0.0334255263600119,-0.0439606722843623,-0.0400118285332277));
#693=CARTESIAN_POINT('',(-0.0317426579206664,-0.0492798067826455,-0.0397715200703397));
#694=CARTESIAN_POINT('',(-0.0300434638163624,-0.0529671906604268,-0.0395011971645599));
#695=CARTESIAN_POINT('',(-0.0284197729600511,-0.0554957904781098,-0.0392339096018959));
#696=CARTESIAN_POINT('',(-0.0268966830908707,-0.0572248632232747,-0.0389861217374593));
#697=CARTESIAN_POINT('',(-0.0254624386381742,-0.0584407982680432,-0.0387618843071538));
#698=CARTESIAN_POINT('',(-0.0240386933256682,-0.0593349275306339,-0.0385511560181886));
#699=CARTESIAN_POINT('',(-0.0225723857063245,-0.0599624599934584,-0.0383497176960363));
#700=CARTESIAN_POINT('',(-0.0209162459789573,-0.0603927350646463,-0.0381398466245573));
#701=CARTESIAN_POINT('',(-0.0197494287731173,-0.0605000853875472,-0.0380047414712951));
#702=CARTESIAN_POINT('',(-0.0190529610824759,-0.0605,-0.0379277616235137));
#703=CARTESIAN_POINT('',(-0.0364728061728038,-6.34886758046628E-20,-0.0407877855876895));
#704=CARTESIAN_POINT('',(-0.0364727676024983,-0.00489147843531885,-0.0407876794192851));
#705=CARTESIAN_POINT('',(-0.036458047430608,-0.0140801805912851,-0.0408281242033859));
#706=CARTESIAN_POINT('',(-0.0357054266545547,-0.027292415987221,-0.0408091236194578));
#707=CARTESIAN_POINT('',(-0.0346600312875495,-0.0364775804527536,-0.0407181439742029));
#708=CARTESIAN_POINT('',(-0.0331804675609695,-0.0439502487280074,-0.0405321239409416));
#709=CARTESIAN_POINT('',(-0.0315336899601191,-0.0492657847110618,-0.0402845565502558));
#710=CARTESIAN_POINT('',(-0.0298696343687704,-0.0529517994903239,-0.0400125580297763));
#711=CARTESIAN_POINT('',(-0.0282765898324061,-0.0554813023039871,-0.0397468250722153));
#712=CARTESIAN_POINT('',(-0.0267782533871212,-0.0572127963483701,-0.0395041735090195));
#713=CARTESIAN_POINT('',(-0.0253636468052658,-0.0584317322699362,-0.0392891886759492));
#714=CARTESIAN_POINT('',(-0.0239562888115635,-0.0593290091142547,-0.0390926158288899));
#715=CARTESIAN_POINT('',(-0.0225041153574738,-0.0599594306951281,-0.0389119604746559));
#716=CARTESIAN_POINT('',(-0.0208620820226594,-0.0603920536330684,-0.0387325252165401));
#717=CARTESIAN_POINT('',(-0.0197046225948146,-0.0605000886922638,-0.0386239798548986));
#718=CARTESIAN_POINT('',(-0.019013935173112,-0.0605,-0.0385644160562308));
#719=CARTESIAN_POINT('',(-0.036213066769589,4.33025421179651E-21,-0.0412726683574231));
#720=CARTESIAN_POINT('',(-0.0362130213995672,-0.00489218088897383,-0.0412725699092421));
#721=CARTESIAN_POINT('',(-0.0362042681269744,-0.0140804527554294,-0.0412907114121216));
#722=CARTESIAN_POINT('',(-0.0354754025815989,-0.0272913170652617,-0.041228731369317));
#723=CARTESIAN_POINT('',(-0.0344534205145235,-0.0364750190254284,-0.041110346709302));
#724=CARTESIAN_POINT('',(-0.0329986649163623,-0.0439452482804573,-0.0409113278356514));
#725=CARTESIAN_POINT('',(-0.0313757351538352,-0.0492573746479476,-0.0406645954365474));
#726=CARTESIAN_POINT('',(-0.0297356368563588,-0.0529403845989804,-0.0403996631183793));
#727=CARTESIAN_POINT('',(-0.0281659696552084,-0.0554687742048463,-0.0401412882856265));
#728=CARTESIAN_POINT('',(-0.026688825631259,-0.0572014361485044,-0.0399038292120472));
#729=CARTESIAN_POINT('',(-0.0252923238476831,-0.0584229346911731,-0.0396922253051773));
#730=CARTESIAN_POINT('',(-0.0239007102331292,-0.0593233439621746,-0.0394984574604546));
#731=CARTESIAN_POINT('',(-0.0224623944118007,-0.0599566838337947,-0.0393215786898879));
#732=CARTESIAN_POINT('',(-0.020834316820025,-0.0603915105493228,-0.0391492337566843));
#733=CARTESIAN_POINT('',(-0.0196861640473846,-0.0605000917938581,-0.0390489007002732));
#734=CARTESIAN_POINT('',(-0.0190011775959571,-0.0605,-0.0389957208252837));
#735=CARTESIAN_POINT('',(-0.0359915987535936,-1.03291844735737E-21,-0.0416616836305208));
#736=CARTESIAN_POINT('',(-0.035991533249888,-0.00489231513715535,-0.0416615693790153));
#737=CARTESIAN_POINT('',(-0.0359926263909942,-0.014079681684953,-0.0416605001129769));
#738=CARTESIAN_POINT('',(-0.0352920774290061,-0.0272895022872088,-0.0415595843711199));
#739=CARTESIAN_POINT('',(-0.0342950384028376,-0.0364727269484849,-0.0414137912087556));
#740=CARTESIAN_POINT('',(-0.0328643361946004,-0.0439422774715645,-0.0411965516776443));
#741=CARTESIAN_POINT('',(-0.0312621722396925,-0.0492529758039452,-0.0409420403837569));
#742=CARTESIAN_POINT('',(-0.0296409343580344,-0.0529342681362679,-0.0406754122926097));
#743=CARTESIAN_POINT('',(-0.0280887500057015,-0.0554616080922469,-0.0404174717560402));
#744=CARTESIAN_POINT('',(-0.0266273971060754,-0.0571944546304922,-0.0401804226248964));
#745=CARTESIAN_POINT('',(-0.0252446673203565,-0.0584171245428434,-0.0399687959943803));
#746=CARTESIAN_POINT('',(-0.0238653513012991,-0.0593192783280266,-0.0397749768932902));
#747=CARTESIAN_POINT('',(-0.0224381240496931,-0.0599544999340115,-0.0395989393941001));
#748=CARTESIAN_POINT('',(-0.0208212678945814,-0.0603909705625148,-0.0394299603839587));
#749=CARTESIAN_POINT('',(-0.0196804662873181,-0.0605000913224187,-0.0393348773084261));
#750=CARTESIAN_POINT('',(-0.0189999012798174,-0.0605,-0.0392863293660869));
#751=CARTESIAN_POINT('',(-0.035823655577859,1.03296848919886E-21,-0.0419510163719949));
#752=CARTESIAN_POINT('',(-0.0358235608206918,-0.00489217061754011,-0.0419509409166632));
#753=CARTESIAN_POINT('',(-0.0358287384434332,-0.0140792861039864,-0.0419443855549659));
#754=CARTESIAN_POINT('',(-0.0351405369976485,-0.0272887969625675,-0.0418352031337962));
#755=CARTESIAN_POINT('',(-0.0341548117845878,-0.0364714380018427,-0.0416865305311199));
#756=CARTESIAN_POINT('',(-0.032736481483421,-0.0439392631010197,-0.0414724718537534));
#757=CARTESIAN_POINT('',(-0.0311476518394227,-0.049247032975291,-0.0412257822895381));
#758=CARTESIAN_POINT('',(-0.0295416653123318,-0.0529253342837244,-0.0409677334389683));
#759=CARTESIAN_POINT('',(-0.0280061444035386,-0.0554511031275551,-0.0407155310613157));
#760=CARTESIAN_POINT('',(-0.0265613593091908,-0.0571845471701919,-0.0404792002324291));
#761=CARTESIAN_POINT('',(-0.0251936470599939,-0.0584093785017847,-0.0402633524846367));
#762=CARTESIAN_POINT('',(-0.0238278337108247,-0.0593144144427601,-0.0400610216629014));
#763=CARTESIAN_POINT('',(-0.0224126543803344,-0.0599523120208727,-0.039872624089258));
#764=CARTESIAN_POINT('',(-0.0208079354682448,-0.0603906251413577,-0.0396881222331402));
#765=CARTESIAN_POINT('',(-0.0196751755642135,-0.060500092837367,-0.0395828081685266));
#766=CARTESIAN_POINT('',(-0.0189994378319605,-0.0605,-0.0395294277511379));
#767=CARTESIAN_POINT('',(-0.0355820004032139,-5.63702766460253E-21,-0.0423704708562452));
#768=CARTESIAN_POINT('',(-0.0355818899305246,-0.00489176377177871,-0.042370409479429));
#769=CARTESIAN_POINT('',(-0.0355908320792547,-0.0140782024209175,-0.0423617681298043));
#770=CARTESIAN_POINT('',(-0.0349179590973713,-0.0272867808792659,-0.0422478136959762));
#771=CARTESIAN_POINT('',(-0.0339488233474699,-0.0364684822379135,-0.0420952508978933));
#772=CARTESIAN_POINT('',(-0.0325512189148038,-0.043934612793421,-0.0418775743865062));
#773=CARTESIAN_POINT('',(-0.0309847722726966,-0.0492398852127996,-0.0416277832121681));
#774=CARTESIAN_POINT('',(-0.0294020186912751,-0.0529156042244649,-0.0413663694868869));
#775=CARTESIAN_POINT('',(-0.0278896166714111,-0.0554398275243318,-0.0411094455986626));
#776=CARTESIAN_POINT('',(-0.0264667663279972,-0.0571735747799682,-0.040865950264939));
#777=CARTESIAN_POINT('',(-0.0251188818187212,-0.0584003195281446,-0.0406402539109229));
#778=CARTESIAN_POINT('',(-0.023771197119109,-0.0593082677309169,-0.040425187813593));
#779=CARTESIAN_POINT('',(-0.0223725558133258,-0.0599492494606053,-0.0402210148615865));
#780=CARTESIAN_POINT('',(-0.0207846247994098,-0.0603900148942607,-0.04001749561263));
#781=CARTESIAN_POINT('',(-0.0196629112073684,-0.0605000958404497,-0.0398994744868943));
#782=CARTESIAN_POINT('',(-0.0189937738960073,-0.0605,-0.0398397975365182));
#783=CARTESIAN_POINT('',(-0.0351895192291185,4.63874210904902E-20,-0.0430496493708993));
#784=CARTESIAN_POINT('',(-0.0351893994110622,-0.00489069264129013,-0.0430496070467596));
#785=CARTESIAN_POINT('',(-0.0351983039886779,-0.0140761468782583,-0.0430532900976665));
#786=CARTESIAN_POINT('',(-0.0345392348158805,-0.0272832574267399,-0.0429584625223886));
#787=CARTESIAN_POINT('',(-0.0335904320055118,-0.0364632744546572,-0.0428152257169229));
#788=CARTESIAN_POINT('',(-0.0322235557845538,-0.0439264430296663,-0.0425978260126618));
#789=CARTESIAN_POINT('',(-0.0306936879691927,-0.0492276498129947,-0.0423404428651528));
#790=CARTESIAN_POINT('',(-0.0291504231983921,-0.0528993291395417,-0.0420660362115405));
#791=CARTESIAN_POINT('',(-0.0276778083389295,-0.0554211545943404,-0.0417919807622975));
#792=CARTESIAN_POINT('',(-0.0262929625963001,-0.0571553583157646,-0.0415270982218119));
#793=CARTESIAN_POINT('',(-0.0249797617953751,-0.0583851311334356,-0.0412758489414517));
#794=CARTESIAN_POINT('',(-0.0236641742191585,-0.0592978138994355,-0.0410301635707908));
#795=CARTESIAN_POINT('',(-0.0222951877597603,-0.0599439676347346,-0.0407892243362437));
#796=CARTESIAN_POINT('',(-0.0207375425600753,-0.0603889515446909,-0.0405406408314433));
#797=CARTESIAN_POINT('',(-0.0196357281649822,-0.060500102735625,-0.040390430637734));
#798=CARTESIAN_POINT('',(-0.0189783879554574,-0.0605,-0.0403130739468726));
#799=CARTESIAN_POINT('',(-0.0345291009647163,-6.74986051425312E-19,-0.0441941462990008));
#800=CARTESIAN_POINT('',(-0.0345289941007457,-0.0048885871227335,-0.0441940928467863));
#801=CARTESIAN_POINT('',(-0.0345277663385222,-0.0140723294457494,-0.0442401291119121));
#802=CARTESIAN_POINT('',(-0.033878100505932,-0.0272766165506571,-0.0442055378315762));
#803=CARTESIAN_POINT('',(-0.0329573265716632,-0.0364537053510674,-0.0440875217323297));
#804=CARTESIAN_POINT('',(-0.0316414407272471,-0.0439126386065465,-0.043862916857895));
#805=CARTESIAN_POINT('',(-0.0301753898376423,-0.0492087516888031,-0.0435721736808388));
#806=CARTESIAN_POINT('',(-0.0287008404959606,-0.0528755882105122,-0.0432498547032139));
#807=CARTESIAN_POINT('',(-0.0272962377700629,-0.055394435930898,-0.0429215967587663));
#808=CARTESIAN_POINT('',(-0.0259756259502036,-0.0571289870863204,-0.042599593732979));
#809=CARTESIAN_POINT('',(-0.0247212993988744,-0.0583624514403714,-0.0422891404326093));
#810=CARTESIAN_POINT('',(-0.0234609965537711,-0.0592814386813747,-0.0419793605378613));
#811=CARTESIAN_POINT('',(-0.0221441026399316,-0.0599351572222315,-0.0416665411775465));
#812=CARTESIAN_POINT('',(-0.0206402003463912,-0.0603869473616182,-0.0413317920505807));
#813=CARTESIAN_POINT('',(-0.0195735562623587,-0.0605001143038959,-0.0411189598315236));
#814=CARTESIAN_POINT('',(-0.0189367932007553,-0.0605,-0.0410053865676404));
#815=CARTESIAN_POINT('',(-0.0335514940595596,-1.25385886570637E-18,-0.0458869938383141));
#816=CARTESIAN_POINT('',(-0.0335514113974233,-0.00488769343728405,-0.045886952709229));
#817=CARTESIAN_POINT('',(-0.0335216167229629,-0.0140701252620334,-0.0459963715370754));
#818=CARTESIAN_POINT('',(-0.0328637961155826,-0.0272695732583606,-0.0460394972657193));
#819=CARTESIAN_POINT('',(-0.0319711838410319,-0.0364410721047246,-0.0459441593348838));
#820=CARTESIAN_POINT('',(-0.0307238555385307,-0.0438924457287086,-0.0456906953176331));
#821=CARTESIAN_POINT('',(-0.0293515697646841,-0.0491804176723459,-0.045332037746792));
#822=CARTESIAN_POINT('',(-0.0279818768743311,-0.0528403380256517,-0.0449205961447934));
#823=CARTESIAN_POINT('',(-0.0266827089384863,-0.0553554813662074,-0.0444948164548492));
#824=CARTESIAN_POINT('',(-0.0254622032941605,-0.0570910485276661,-0.0440726576350956));
#825=CARTESIAN_POINT('',(-0.0242998179587795,-0.0583299448789099,-0.0436614635850731));
#826=CARTESIAN_POINT('',(-0.0231260223420335,-0.0592577893704661,-0.0432463316730142));
#827=CARTESIAN_POINT('',(-0.0218906607544422,-0.0599221316434942,-0.0428203778916213));
#828=CARTESIAN_POINT('',(-0.0204702100596164,-0.0603837774239385,-0.0423555594039671));
#829=CARTESIAN_POINT('',(-0.0194570046154814,-0.060500125655419,-0.0420516973151342));
#830=CARTESIAN_POINT('',(-0.0188510195153431,-0.0605,-0.0418849959757403));
#831=CARTESIAN_POINT('',(-0.0323368256652119,2.55297665465097E-18,-0.04799100779013));
#832=CARTESIAN_POINT('',(-0.032336747576342,-0.00489105409156347,-0.0479909880729739));
#833=CARTESIAN_POINT('',(-0.0322918488623999,-0.0140744173962158,-0.0480963984554783));
#834=CARTESIAN_POINT('',(-0.0316533592147445,-0.027270926637419,-0.0480836768943053));
#835=CARTESIAN_POINT('',(-0.0308106585842047,-0.0364377730212346,-0.0479142642964566));
#836=CARTESIAN_POINT('',(-0.0296522466600684,-0.0438820111944221,-0.0475584111797243));
#837=CARTESIAN_POINT('',(-0.0283905800528884,-0.0491612274989426,-0.0470884121076026));
#838=CARTESIAN_POINT('',(-0.0271394068046491,-0.0528121750917148,-0.0465679084270967));
#839=CARTESIAN_POINT('',(-0.025957119563203,-0.0553202201092367,-0.0460412838160291));
#840=CARTESIAN_POINT('',(-0.0248473068033631,-0.0570528884653231,-0.0455269173686324));
#841=CARTESIAN_POINT('',(-0.0237874107867668,-0.0582940994062384,-0.0450293771200811));
#842=CARTESIAN_POINT('',(-0.0227109952298151,-0.0592293336097735,-0.0445274285325305));
#843=CARTESIAN_POINT('',(-0.0215676825252237,-0.0599052237103774,-0.0440094405260874));
#844=CARTESIAN_POINT('',(-0.0202403407408723,-0.0603793398046915,-0.0434377074043141));
#845=CARTESIAN_POINT('',(-0.0192856354544393,-0.060500165988719,-0.043057183284402));
#846=CARTESIAN_POINT('',(-0.0187137802918682,-0.0605,-0.0428442321296659));
#847=CARTESIAN_POINT('',(-0.0310310521296544,-8.73411625170004E-18,-0.0502526323109686));
#848=CARTESIAN_POINT('',(-0.031030996807869,-0.00489440427390862,-0.0502525878255385));
#849=CARTESIAN_POINT('',(-0.0310016726884973,-0.0140790937983116,-0.0503052496924189));
#850=CARTESIAN_POINT('',(-0.0304444576154465,-0.0272740293482783,-0.0501363782541259));
#851=CARTESIAN_POINT('',(-0.0296951683327013,-0.0364376839454248,-0.0498197641092397));
#852=CARTESIAN_POINT('',(-0.0286543048297441,-0.0438765076532058,-0.0493076503948553));
#853=CARTESIAN_POINT('',(-0.0275134731125144,-0.0491483336590586,-0.0486979800271685));
#854=CARTESIAN_POINT('',(-0.0263770411919114,-0.0527907198209979,-0.0480606468826392));
#855=CARTESIAN_POINT('',(-0.0252990611924554,-0.0552908285914943,-0.0474404245746484));
#856=CARTESIAN_POINT('',(-0.0242827492146626,-0.057018685927745,-0.0468519792273146));
#857=CARTESIAN_POINT('',(-0.0233066384402991,-0.0582600173011862,-0.0462931727147585));
#858=CARTESIAN_POINT('',(-0.0223079936225023,-0.0592009089707663,-0.0457349365493183));
#859=CARTESIAN_POINT('',(-0.0212362520452315,-0.0598878739911574,-0.0451594154090334));
#860=CARTESIAN_POINT('',(-0.0199794993588627,-0.0603749825488971,-0.0445179421890925));
#861=CARTESIAN_POINT('',(-0.0190695868963545,-0.0605002622661314,-0.0440818079437964));
#862=CARTESIAN_POINT('',(-0.0185261204502646,-0.0605,-0.0438315462466344));
#863=CARTESIAN_POINT('',(-0.0297747877616267,2.34035510010859E-18,-0.0524285571671146));
#864=CARTESIAN_POINT('',(-0.0297747494908318,-0.00489609198819202,-0.0524284796086901));
#865=CARTESIAN_POINT('',(-0.0297764215510332,-0.0140812682203584,-0.0524224654552116));
#866=CARTESIAN_POINT('',(-0.029325106465705,-0.0272739333590157,-0.0520891541538778));
#867=CARTESIAN_POINT('',(-0.0286817279083468,-0.0364341336961407,-0.0516229673541797));
#868=CARTESIAN_POINT('',(-0.0277590995132842,-0.0438675255621774,-0.0509598483351646));
#869=CARTESIAN_POINT('',(-0.0267288860975773,-0.0491324113921264,-0.0502231650743384));
#870=CARTESIAN_POINT('',(-0.0256903568827226,-0.0527673844419954,-0.049486320614129));
#871=CARTESIAN_POINT('',(-0.0246969483274109,-0.0552613695623423,-0.0487912700415212));
#872=CARTESIAN_POINT('',(-0.0237536286800038,-0.0569864627048573,-0.0481466856632405));
#873=CARTESIAN_POINT('',(-0.0228412002921383,-0.0582295080971887,-0.047542659644566));
#874=CARTESIAN_POINT('',(-0.0219004473976292,-0.0591767404651278,-0.0469426857669952));
#875=CARTESIAN_POINT('',(-0.0208811635177684,-0.0598740224953264,-0.0463226208868607));
#876=CARTESIAN_POINT('',(-0.0196765120539338,-0.0603719837724287,-0.0456238940411807));
#877=CARTESIAN_POINT('',(-0.0188014708124081,-0.0605003468084463,-0.0451399161687707));
#878=CARTESIAN_POINT('',(-0.0182809362740535,-0.0605,-0.0448579810479035));
#879=CARTESIAN_POINT('',(-0.028582350552891,-6.27304148734315E-19,-0.0544939160114716));
#880=CARTESIAN_POINT('',(-0.0285823058123054,-0.0048957529660812,-0.0544938460720048));
#881=CARTESIAN_POINT('',(-0.0286111837906606,-0.0140803720123015,-0.0544587415992141));
#882=CARTESIAN_POINT('',(-0.0282494953231747,-0.0272703845081737,-0.0540283605034112));
#883=CARTESIAN_POINT('',(-0.0276945746158235,-0.0364275788704442,-0.0534661818493978));
#884=CARTESIAN_POINT('',(-0.026870271381447,-0.0438570076839743,-0.0526970947124753));
#885=CARTESIAN_POINT('',(-0.025932516944512,-0.0491176632408331,-0.0518626261161543));
#886=CARTESIAN_POINT('',(-0.0249765665929273,-0.052748918053948,-0.0510408787338546));
#887=CARTESIAN_POINT('',(-0.0240550313398654,-0.0552405840098245,-0.0502739663629217));
#888=CARTESIAN_POINT('',(-0.0231740909379224,-0.0569655938383467,-0.0495676491148946));
#889=CARTESIAN_POINT('',(-0.0223166084730691,-0.0582110021935119,-0.0489075908268561));
#890=CARTESIAN_POINT('',(-0.0214268616217809,-0.0591628963457815,-0.048251520779443));
#891=CARTESIAN_POINT('',(-0.0204560002138382,-0.0598665012154334,-0.0475702480502985));
#892=CARTESIAN_POINT('',(-0.0193024765844141,-0.0603704952217977,-0.0467963067349615));
#893=CARTESIAN_POINT('',(-0.0184628020910836,-0.0605003877419294,-0.0462545128679534));
#894=CARTESIAN_POINT('',(-0.0179643858373306,-0.0605,-0.0459368466485185));
#895=CARTESIAN_POINT('',(-0.0273881496297425,1.68861494828672E-19,-0.0565623334858619));
#896=CARTESIAN_POINT('',(-0.0273880832592917,-0.00489645626560552,-0.0565623150345706));
#897=CARTESIAN_POINT('',(-0.0274155186808193,-0.0140812706152335,-0.0565373345340948));
#898=CARTESIAN_POINT('',(-0.027087764191277,-0.0272703379493639,-0.0560827849825935));
#899=CARTESIAN_POINT('',(-0.0265825822781535,-0.0364264523415717,-0.0554730039182657));
#900=CARTESIAN_POINT('',(-0.0258302321538792,-0.0438547207612025,-0.0546269186635489));
#901=CARTESIAN_POINT('',(-0.0249728598566017,-0.0491143878743946,-0.0537017272559646));
#902=CARTESIAN_POINT('',(-0.0240975094392515,-0.0527448759295413,-0.0527860059626763));
#903=CARTESIAN_POINT('',(-0.0232521878586775,-0.0552360092730796,-0.0519278884462593));
#904=CARTESIAN_POINT('',(-0.0224421880813652,-0.0569607600978301,-0.0511343096452859));
#905=CARTESIAN_POINT('',(-0.0216514700151021,-0.0582062513992912,-0.0503895902208133));
#906=CARTESIAN_POINT('',(-0.0208282708128439,-0.0591586718727548,-0.049646155975894));
#907=CARTESIAN_POINT('',(-0.0199261532598353,-0.0598634696038948,-0.0488702970958359));
#908=CARTESIAN_POINT('',(-0.0188491292462988,-0.0603693429638888,-0.0479851024345471));
#909=CARTESIAN_POINT('',(-0.0180606681990739,-0.060500375377531,-0.0473636507572658));
#910=CARTESIAN_POINT('',(-0.0175907594453822,-0.0605,-0.0469999596510919));
#911=CARTESIAN_POINT('',(-0.0262601655448231,-3.60860902798704E-20,-0.0585160590249971));
#912=CARTESIAN_POINT('',(-0.0262601002200693,-0.00489950787026594,-0.0585160482055486));
#913=CARTESIAN_POINT('',(-0.0262583274776897,-0.0140858242985672,-0.0585233069715628));
#914=CARTESIAN_POINT('',(-0.0259102256720837,-0.0272745110926917,-0.0580830776979863));
#915=CARTESIAN_POINT('',(-0.0254172722330096,-0.0364293847734846,-0.0574487873138303));
#916=CARTESIAN_POINT('',(-0.0247115800063101,-0.0438558024286322,-0.0565365323403689));
#917=CARTESIAN_POINT('',(-0.023923002104182,-0.0491132967785613,-0.0555204643126223));
#918=CARTESIAN_POINT('',(-0.0231258907164664,-0.0527414872528658,-0.0545049670432106));
#919=CARTESIAN_POINT('',(-0.022359675270704,-0.0552304958378326,-0.0535483418042103));
#920=CARTESIAN_POINT('',(-0.0216262122786842,-0.0569537116282873,-0.0526610159061856));
#921=CARTESIAN_POINT('',(-0.0209090248022534,-0.0581986463262065,-0.0518266091933021));
#922=CARTESIAN_POINT('',(-0.020160003035613,-0.0591517334008016,-0.0509917397102355));
#923=CARTESIAN_POINT('',(-0.0193352892070335,-0.0598587239388855,-0.0501170539813421));
#924=CARTESIAN_POINT('',(-0.0183461431753858,-0.060367833066108,-0.0491130190219224));
#925=CARTESIAN_POINT('',(-0.0176196257021798,-0.0605003829696069,-0.0484018184692716));
#926=CARTESIAN_POINT('',(-0.0171866314017747,-0.0605,-0.047982874514901));
#927=CARTESIAN_POINT('',(-0.0252515709435702,3.7278620393014E-21,-0.0602629961582511));
#928=CARTESIAN_POINT('',(-0.0252515068616887,-0.00490287010105552,-0.0602629901400554));
#929=CARTESIAN_POINT('',(-0.0252298402338933,-0.0140909955200317,-0.0602830693887731));
#930=CARTESIAN_POINT('',(-0.0248726565502664,-0.0272795666384538,-0.0598263540079016));
#931=CARTESIAN_POINT('',(-0.0243952186438915,-0.036433429912399,-0.059150178675286));
#932=CARTESIAN_POINT('',(-0.0237321935484513,-0.0438584041072105,-0.0581647866461765));
#933=CARTESIAN_POINT('',(-0.0230029636956949,-0.0491143344041864,-0.0570601386381736));
#934=CARTESIAN_POINT('',(-0.0222716386556848,-0.0527409678116637,-0.0559528461788236));
#935=CARTESIAN_POINT('',(-0.0215708017587713,-0.0552285806389056,-0.0549087022498346));
#936=CARTESIAN_POINT('',(-0.0208996687462394,-0.0569507881645618,-0.053940295827608));
#937=CARTESIAN_POINT('',(-0.0202416913381575,-0.0581953075239741,-0.0530300099104651));
#938=CARTESIAN_POINT('',(-0.0195519845299118,-0.0591486860867787,-0.0521192707878878));
#939=CARTESIAN_POINT('',(-0.018789185616747,-0.0598567804560271,-0.0511640867701133));
#940=CARTESIAN_POINT('',(-0.0178714627909248,-0.0603673959881088,-0.0500642688516048));
#941=CARTESIAN_POINT('',(-0.0171973223340537,-0.0605004072911746,-0.0492806777071044));
#942=CARTESIAN_POINT('',(-0.0167972286371209,-0.0605,-0.0488162863738128));
#943=CARTESIAN_POINT('',(-0.0244665276580703,-5.18469926775382E-22,-0.0616227310113151));
#944=CARTESIAN_POINT('',(-0.024466479213448,-0.00490474170348606,-0.0616227043244974));
#945=CARTESIAN_POINT('',(-0.0244475221760279,-0.0140941714675654,-0.0616311503824197));
#946=CARTESIAN_POINT('',(-0.0241172067260557,-0.0272818256931787,-0.061118729940862));
#947=CARTESIAN_POINT('',(-0.0236743217178109,-0.0364334856663811,-0.0603795980729691));
#948=CARTESIAN_POINT('',(-0.0230580025938727,-0.0438550068406912,-0.0593163170267992));
#949=CARTESIAN_POINT('',(-0.022378663716458,-0.0491071250652046,-0.0581336728436361));
#950=CARTESIAN_POINT('',(-0.0216953314367925,-0.0527305117346774,-0.0569552621401478));
#951=CARTESIAN_POINT('',(-0.0210377838198949,-0.055216293071588,-0.0558497111963375));
#952=CARTESIAN_POINT('',(-0.0204044688841293,-0.0569387297405034,-0.0548288970821955));
#953=CARTESIAN_POINT('',(-0.0197794275793055,-0.0581854626365473,-0.0538721848589085));
#954=CARTESIAN_POINT('',(-0.0191199192699549,-0.0591425968134104,-0.052916284677967));
#955=CARTESIAN_POINT('',(-0.018386317672223,-0.0598548489392949,-0.0519129855283403));
#956=CARTESIAN_POINT('',(-0.01750326731195,-0.0603679868002171,-0.0507540280750131));
#957=CARTESIAN_POINT('',(-0.0168594991477767,-0.0605004576144887,-0.0499235747958872));
#958=CARTESIAN_POINT('',(-0.0164819001791981,-0.0605,-0.049428548283212));
#959=CARTESIAN_POINT('',(-0.0238758927789539,4.58585733717852E-23,-0.0626457406300456));
#960=CARTESIAN_POINT('',(-0.0238758619995591,-0.00490494572384494,-0.062645681268418));
#961=CARTESIAN_POINT('',(-0.0238713493387357,-0.0140948490094217,-0.0626388707738409));
#962=CARTESIAN_POINT('',(-0.0235845503902175,-0.0272811937005493,-0.0620697064209407));
#963=CARTESIAN_POINT('',(-0.0231831980654304,-0.0364305313038448,-0.0612715793428719));
#964=CARTESIAN_POINT('',(-0.0226115444009144,-0.0438484578116252,-0.0601404659033026));
#965=CARTESIAN_POINT('',(-0.0219726959733199,-0.049096719018432,-0.0588939439766293));
#966=CARTESIAN_POINT('',(-0.0213238097890333,-0.0527171357125042,-0.0576603641233459));
#967=CARTESIAN_POINT('',(-0.0206942265394723,-0.0552018198761325,-0.0565095116848816));
#968=CARTESIAN_POINT('',(-0.0200826699582356,-0.0569256485984346,-0.0554517958462474));
#969=CARTESIAN_POINT('',(-0.0194741032828215,-0.058175891284889,-0.0544634463920684));
#970=CARTESIAN_POINT('',(-0.0188272728591596,-0.05913787283989,-0.0534772598546637));
#971=CARTESIAN_POINT('',(-0.0181039604942053,-0.0598545505120425,-0.0524416188390549));
#972=CARTESIAN_POINT('',(-0.0172345652867518,-0.0603693175088385,-0.0512424154284988));
#973=CARTESIAN_POINT('',(-0.0166074741282451,-0.060500492467144,-0.0503796379385163));
#974=CARTESIAN_POINT('',(-0.0162443174403343,-0.0605,-0.0498631858909195));
#975=CARTESIAN_POINT('',(-0.0234212218532724,-1.20245745893088E-23,-0.0634332537760529));
#976=CARTESIAN_POINT('',(-0.0234212090524107,-0.00490418412681078,-0.0634331388459862));
#977=CARTESIAN_POINT('',(-0.0234372083708745,-0.014094083423181,-0.0634094838410776));
#978=CARTESIAN_POINT('',(-0.0232012529643097,-0.027278447258374,-0.062783891161989));
#979=CARTESIAN_POINT('',(-0.0228433595804719,-0.0364245734474299,-0.0619297506680453));
#980=CARTESIAN_POINT('',(-0.0223133476438632,-0.0438373320796686,-0.0607376444367097));
#981=CARTESIAN_POINT('',(-0.021708591418702,-0.0490798037077709,-0.0594371350242052));
#982=CARTESIAN_POINT('',(-0.0210862670544857,-0.0526955713226598,-0.0581602514785671));
#983=CARTESIAN_POINT('',(-0.0204763235484264,-0.0551783662482047,-0.0569769234667269));
#984=CARTESIAN_POINT('',(-0.0198777936696,-0.0569041725803905,-0.0558954894608174));
#985=CARTESIAN_POINT('',(-0.0192760788230251,-0.0581598121518086,-0.0548885660750024));
#986=CARTESIAN_POINT('',(-0.018630518213865,-0.059129422620734,-0.0538852347544939));
#987=CARTESIAN_POINT('',(-0.0179036902553753,-0.0598531707424275,-0.052830370397929));
#988=CARTESIAN_POINT('',(-0.0170319977857318,-0.0603708110846225,-0.0516049603457195));
#989=CARTESIAN_POINT('',(-0.0164118563222875,-0.0605005153984638,-0.0507193424151541));
#990=CARTESIAN_POINT('',(-0.016057887578475,-0.0605,-0.0501871368627637));
#991=CARTESIAN_POINT('',(-0.0229527146822617,8.25201228010471E-24,-0.0642447319937455));
#992=CARTESIAN_POINT('',(-0.0229527105277338,-0.00490256076020784,-0.064244561421128));
#993=CARTESIAN_POINT('',(-0.0229939838186157,-0.0140919350568897,-0.0642072094764121));
#994=CARTESIAN_POINT('',(-0.0228190359309426,-0.0272745415249581,-0.0635284181582919));
#995=CARTESIAN_POINT('',(-0.0225119941926228,-0.036418287959057,-0.0626183360026132));
#996=CARTESIAN_POINT('',(-0.0220290305650072,-0.043827159882782,-0.0613618258678243));
#997=CARTESIAN_POINT('',(-0.0214614696891178,-0.0490649927940875,-0.0600010527443004));
#998=CARTESIAN_POINT('',(-0.0208674808227591,-0.0526766163490514,-0.0586728824128401));
#999=CARTESIAN_POINT('',(-0.0202784897303132,-0.0551571504671801,-0.0574486236185806));
#1000=CARTESIAN_POINT('',(-0.0196943864406216,-0.0568837975477116,-0.0563355943913321));
#1001=CARTESIAN_POINT('',(-0.0191010298499996,-0.058143458019974,-0.0553035749073034));
#1002=CARTESIAN_POINT('',(-0.0184579762732995,-0.0591195879946178,-0.0542781516577022));
#1003=CARTESIAN_POINT('',(-0.0177273688495352,-0.0598501897722393,-0.053201318283515));
#1004=CARTESIAN_POINT('',(-0.0168493862844271,-0.0603715253787931,-0.0519494531182922));
#1005=CARTESIAN_POINT('',(-0.0162293383326633,-0.0605005351868456,-0.0510429631638299));
#1006=CARTESIAN_POINT('',(-0.0158787988353167,-0.0605,-0.0504969815731089));
#1007=CARTESIAN_POINT('',(-0.0223958367125453,-1.23708549892804E-23,-0.0652092729848391));
#1008=CARTESIAN_POINT('',(-0.0223958224656499,-0.0049004369020132,-0.0652091058270558));
#1009=CARTESIAN_POINT('',(-0.02246429071234,-0.0140889034070585,-0.0651638631538342));
#1010=CARTESIAN_POINT('',(-0.0223560663941997,-0.0272708727759458,-0.0644423960904125));
#1011=CARTESIAN_POINT('',(-0.0221050037344926,-0.0364148819379218,-0.0634828390549461));
#1012=CARTESIAN_POINT('',(-0.0216738543780028,-0.0438249745050828,-0.0621634171172274));
#1013=CARTESIAN_POINT('',(-0.0211466369133387,-0.049064953135672,-0.060737328604311));
#1014=CARTESIAN_POINT('',(-0.0205823241368192,-0.0526793221889984,-0.0593467841442027));
#1015=CARTESIAN_POINT('',(-0.020014357281139,-0.0551627127277293,-0.0580658395197396));
#1016=CARTESIAN_POINT('',(-0.0194447629091454,-0.0568917090711632,-0.0569020960004092));
#1017=CARTESIAN_POINT('',(-0.0188617456586899,-0.058152550612942,-0.0558242427498279));
#1018=CARTESIAN_POINT('',(-0.0182269752925381,-0.0591281955392346,-0.0547550989755203));
#1019=CARTESIAN_POINT('',(-0.0175045704737004,-0.0598560468757611,-0.0536355830224445));
#1020=CARTESIAN_POINT('',(-0.0166375974189133,-0.0603732030366232,-0.0523385776901522));
#1021=CARTESIAN_POINT('',(-0.0160267445777556,-0.0605005072720614,-0.0514023053851163));
#1022=CARTESIAN_POINT('',(-0.0156816685059529,-0.0605,-0.050838600683945));
#1023=CARTESIAN_POINT('',(-0.0217488947881394,4.65066209469002E-23,-0.0663298089890693));
#1024=CARTESIAN_POINT('',(-0.0217488475371373,-0.004898845685892,-0.0663297177640785));
#1025=CARTESIAN_POINT('',(-0.021836948633993,-0.0140866274165714,-0.0662872865232219));
#1026=CARTESIAN_POINT('',(-0.0217839046397726,-0.027270217054978,-0.0655431676687788));
#1027=CARTESIAN_POINT('',(-0.0215827520196248,-0.0364183127878382,-0.0645471128644599));
#1028=CARTESIAN_POINT('',(-0.0212016312298842,-0.0438363738415702,-0.0631703523243575));
#1029=CARTESIAN_POINT('',(-0.0207161104538263,-0.0490870581276541,-0.0616749710936686));
#1030=CARTESIAN_POINT('',(-0.0201840977939627,-0.0527124373802325,-0.0602095084680786));
#1031=CARTESIAN_POINT('',(-0.0196403297789326,-0.0552041242283576,-0.0588527648490451));
#1032=CARTESIAN_POINT('',(-0.0190899400418844,-0.0569356542657219,-0.0576145488351535));
#1033=CARTESIAN_POINT('',(-0.0185256154543738,-0.0581920162290438,-0.0564650146538927));
#1034=CARTESIAN_POINT('',(-0.0179136014600816,-0.0591565488147359,-0.0553254133928036));
#1035=CARTESIAN_POINT('',(-0.0172222942154048,-0.0598694203380037,-0.0541379751703892));
#1036=CARTESIAN_POINT('',(-0.0163942544380281,-0.0603746338815252,-0.0527730972949167));
#1037=CARTESIAN_POINT('',(-0.0158046935166354,-0.0605004517179819,-0.0517960578962397));
#1038=CARTESIAN_POINT('',(-0.015467247759014,-0.0605,-0.0512099273528365));
#1039=CARTESIAN_POINT('',(-0.0210536176973244,-1.70192247860898E-22,-0.0675340653173564));
#1040=CARTESIAN_POINT('',(-0.0210535066502997,-0.00490028503638708,-0.0675340621858535));
#1041=CARTESIAN_POINT('',(-0.0211293121899289,-0.0140889989371293,-0.067518067640815));
#1042=CARTESIAN_POINT('',(-0.0210736864443124,-0.0272780999551498,-0.0667881990730503));
#1043=CARTESIAN_POINT('',(-0.020884685205941,-0.0364345561908924,-0.065776231234033));
#1044=CARTESIAN_POINT('',(-0.0205309173294381,-0.0438661974968185,-0.0643500989044702));
#1045=CARTESIAN_POINT('',(-0.0200804244291857,-0.049133238329259,-0.062781594230984));
#1046=CARTESIAN_POINT('',(-0.0195852307882144,-0.0527738188077265,-0.0612289771147204));
#1047=CARTESIAN_POINT('',(-0.0190775286514121,-0.0552750142855725,-0.0597788590408432));
#1048=CARTESIAN_POINT('',(-0.0185640486944697,-0.0570063072390815,-0.058445759542454));
#1049=CARTESIAN_POINT('',(-0.0180413409371436,-0.0582521718843388,-0.0572036288064972));
#1050=CARTESIAN_POINT('',(-0.0174809701875351,-0.0591976492194461,-0.0559726212943136));
#1051=CARTESIAN_POINT('',(-0.0168563623800902,-0.0598878053547207,-0.0546964563268815));
#1052=CARTESIAN_POINT('',(-0.0161096601643113,-0.0603758037326599,-0.0532411876228342));
#1053=CARTESIAN_POINT('',(-0.0155673393533441,-0.0605002781774147,-0.0522084178169996));
#1054=CARTESIAN_POINT('',(-0.01524629697254,-0.0605,-0.051592642847929));
#1055=CARTESIAN_POINT('',(-0.0203563702343646,6.34262370496693E-22,-0.0687417293167867));
#1056=CARTESIAN_POINT('',(-0.0203562480889189,-0.00490472594923596,-0.0687417441234078));
#1057=CARTESIAN_POINT('',(-0.020404090608881,-0.0140960435845019,-0.0687457480015918));
#1058=CARTESIAN_POINT('',(-0.0203191551646349,-0.0272879527273807,-0.0680106641338411));
#1059=CARTESIAN_POINT('',(-0.0201275405004412,-0.0364469573242037,-0.0669648366661261));
#1060=CARTESIAN_POINT('',(-0.0197973991494644,-0.0438820730595892,-0.0654727317946544));
#1061=CARTESIAN_POINT('',(-0.0193887953138953,-0.0491528320780172,-0.0638209830356743));
#1062=CARTESIAN_POINT('',(-0.0189441181002736,-0.0527962598550276,-0.0621794619169664));
#1063=CARTESIAN_POINT('',(-0.0184891469845767,-0.0552982610398433,-0.0606423676214709));
#1064=CARTESIAN_POINT('',(-0.0180284397479422,-0.0570275091266627,-0.0592273770094983));
#1065=CARTESIAN_POINT('',(-0.0175587281985247,-0.0582688497426372,-0.0579089119336807));
#1066=CARTESIAN_POINT('',(-0.0170546492629245,-0.0592081079043058,-0.056603486536395));
#1067=CARTESIAN_POINT('',(-0.0164922155502505,-0.0598919124699268,-0.0552524854975846));
#1068=CARTESIAN_POINT('',(-0.0158177209798476,-0.0603755624398725,-0.0537141412999381));
#1069=CARTESIAN_POINT('',(-0.0153238474306514,-0.0605001771500825,-0.05262309446491));
#1070=CARTESIAN_POINT('',(-0.0150267310306719,-0.0605,-0.0519729367318928));
#1071=CARTESIAN_POINT('',(-0.0196655209391484,-2.36685723412587E-21,-0.0699383304422756));
#1072=CARTESIAN_POINT('',(-0.0196654073521184,-0.00491009346122093,-0.0699383517318556));
#1073=CARTESIAN_POINT('',(-0.0196839077020724,-0.0141044862146309,-0.06995435227569));
#1074=CARTESIAN_POINT('',(-0.0195669055545358,-0.0272973287516253,-0.0692031440370219));
#1075=CARTESIAN_POINT('',(-0.0193714175001317,-0.0364559946668657,-0.0681175861658944));
#1076=CARTESIAN_POINT('',(-0.0190656071365471,-0.0438903647191983,-0.0665568677900337));
#1077=CARTESIAN_POINT('',(-0.0187015132852046,-0.0491601104026052,-0.0648223851887209));
#1078=CARTESIAN_POINT('',(-0.0183110582055996,-0.0528021349978027,-0.0630953126850693));
#1079=CARTESIAN_POINT('',(-0.0179125807401968,-0.0553022975192183,-0.0614769571779951));
#1080=CARTESIAN_POINT('',(-0.017507343585695,-0.0570294242389147,-0.0599874017737459));
#1081=CARTESIAN_POINT('',(-0.0170913062357722,-0.0582687618008727,-0.0586003735137589));
#1082=CARTESIAN_POINT('',(-0.0166415900906597,-0.0592064804759592,-0.0572281032806474));
#1083=CARTESIAN_POINT('',(-0.0161359398044294,-0.0598898269856129,-0.0558087338252227));
#1084=CARTESIAN_POINT('',(-0.015525433131937,-0.0603744095819272,-0.0541921498963316));
#1085=CARTESIAN_POINT('',(-0.0150755568191617,-0.0605001576927656,-0.0530441017009412));
#1086=CARTESIAN_POINT('',(-0.014803960427299,-0.0605,-0.0523587911602729));
#1087=CARTESIAN_POINT('',(-0.0190264697679216,8.21094302155499E-21,-0.0710451465076551));
#1088=CARTESIAN_POINT('',(-0.0190263874806363,-0.00491414459333088,-0.0710451457505264));
#1089=CARTESIAN_POINT('',(-0.0190336889089468,-0.0141112390703869,-0.0710545894246689));
#1090=CARTESIAN_POINT('',(-0.0189163596347924,-0.0273017224182397,-0.0702591367554185));
#1091=CARTESIAN_POINT('',(-0.018737198148891,-0.0364551114351089,-0.0691184293784975));
#1092=CARTESIAN_POINT('',(-0.0184675422025249,-0.0438810317995938,-0.0674838859985127));
#1093=CARTESIAN_POINT('',(-0.0181516493717316,-0.0491408651814962,-0.0656715797787629));
#1094=CARTESIAN_POINT('',(-0.017813936441927,-0.052773550605502,-0.0638716683298801));
#1095=CARTESIAN_POINT('',(-0.0174671433452009,-0.055267230733945,-0.0621900110171097));
#1096=CARTESIAN_POINT('',(-0.0171092302675396,-0.0569928106698453,-0.0606467662015984));
#1097=CARTESIAN_POINT('',(-0.0167344130315642,-0.0582359804996569,-0.0592124786557878));
#1098=CARTESIAN_POINT('',(-0.016320586940072,-0.0591823365274029,-0.0577941626668441));
#1099=CARTESIAN_POINT('',(-0.0158449006257957,-0.059877417513327,-0.0563252067864852));
#1100=CARTESIAN_POINT('',(-0.0152635126583805,-0.0603726534474791,-0.0546474015799898));
#1101=CARTESIAN_POINT('',(-0.0148368923204992,-0.0605003032600103,-0.0534517292461612));
#1102=CARTESIAN_POINT('',(-0.0145861654337801,-0.0605,-0.0527360116167276));
#1103=CARTESIAN_POINT('',(-0.0184810839539945,-2.29410505725323E-20,-0.0719899386279256));
#1104=CARTESIAN_POINT('',(-0.0184810167656686,-0.0049162882976253,-0.0719899233464149));
#1105=CARTESIAN_POINT('',(-0.0184864847853905,-0.0141149625665984,-0.0719953554872433));
#1106=CARTESIAN_POINT('',(-0.0183823227087287,-0.0273041115489984,-0.071164326096569));
#1107=CARTESIAN_POINT('',(-0.0182248292609658,-0.0364544266336419,-0.0699784791688192));
#1108=CARTESIAN_POINT('',(-0.0179885458406415,-0.0438753516995303,-0.0682835890356968));
#1109=CARTESIAN_POINT('',(-0.0177112933101899,-0.0491293277527455,-0.0664077856387592));
#1110=CARTESIAN_POINT('',(-0.0174129891307336,-0.0527565398777307,-0.0645481367301324));
#1111=CARTESIAN_POINT('',(-0.0171033540383187,-0.0552464805633666,-0.0628139347797117));
#1112=CARTESIAN_POINT('',(-0.0167787969741807,-0.0569712818998591,-0.0612254506293726));
#1113=CARTESIAN_POINT('',(-0.0164328878024532,-0.0582169086303978,-0.0597510255595828));
#1114=CARTESIAN_POINT('',(-0.0160443476397323,-0.0591686123840995,-0.0582937628360917));
#1115=CARTESIAN_POINT('',(-0.0155901795147142,-0.0598707637874473,-0.0567836880013216));
#1116=CARTESIAN_POINT('',(-0.0150303350557824,-0.0603719781382507,-0.055056612863023));
#1117=CARTESIAN_POINT('',(-0.0146211602108664,-0.0605003741481385,-0.0538239248307546));
#1118=CARTESIAN_POINT('',(-0.0143845143727395,-0.0605,-0.0530853146000104));
#1119=CARTESIAN_POINT('',(-0.0180575729447262,-1.51724480206685E-18,-0.0727232030206216));
#1120=CARTESIAN_POINT('',(-0.0180575090524459,-0.00491766334943374,-0.0727231843432231));
#1121=CARTESIAN_POINT('',(-0.0180620318602057,-0.0141173948067702,-0.0727275271957247));
#1122=CARTESIAN_POINT('',(-0.0179680727042447,-0.0273064879245988,-0.071873898537635));
#1123=CARTESIAN_POINT('',(-0.0178264498664491,-0.0364560840215331,-0.0706574857980911));
#1124=CARTESIAN_POINT('',(-0.0176138180873858,-0.0438758094215367,-0.0689201829626677));
#1125=CARTESIAN_POINT('',(-0.0173633035545014,-0.0491284293803561,-0.0669984446651462));
#1126=CARTESIAN_POINT('',(-0.0170917562071829,-0.0527543944316394,-0.0650942407223033));
#1127=CARTESIAN_POINT('',(-0.0168070617452137,-0.0552434441498793,-0.0633195035938415));
#1128=CARTESIAN_POINT('',(-0.0165050409876139,-0.0569679254212536,-0.0616949356286939));
#1129=CARTESIAN_POINT('',(-0.0161794458233397,-0.0582138460174273,-0.0601878967511787));
#1130=CARTESIAN_POINT('',(-0.01581013521036,-0.0591663873386017,-0.0586990831423655));
#1131=CARTESIAN_POINT('',(-0.0153747695134095,-0.0598697063102511,-0.0571567672325634));
#1132=CARTESIAN_POINT('',(-0.0148357045068827,-0.0603718970496078,-0.0553928520850536));
#1133=CARTESIAN_POINT('',(-0.0144417744870423,-0.0605003864714526,-0.0541336179864609));
#1134=CARTESIAN_POINT('',(-0.0142150026340356,-0.0605,-0.0533788586888784));
#1135=CARTESIAN_POINT('',(-0.0177371066442025,-2.22516856008402E-18,-0.0732788212599034));
#1136=CARTESIAN_POINT('',(-0.0177370394294205,-0.00491872901429064,-0.0732788072640388));
#1137=CARTESIAN_POINT('',(-0.0177390851748755,-0.014119042635344,-0.0732849056735084));
#1138=CARTESIAN_POINT('',(-0.0176489336658511,-0.0273084981969155,-0.0724198438724747));
#1139=CARTESIAN_POINT('',(-0.0175161251528398,-0.0364585008911918,-0.0711848485372436));
#1140=CARTESIAN_POINT('',(-0.0173184049575528,-0.0438790019141904,-0.0694193754319417));
#1141=CARTESIAN_POINT('',(-0.0170856381017885,-0.0491326109495792,-0.0674654288715766));
#1142=CARTESIAN_POINT('',(-0.0168322894904812,-0.0527594317547567,-0.0655286234760474));
#1143=CARTESIAN_POINT('',(-0.0165648798055654,-0.0552488477361867,-0.0637231233121138));
#1144=CARTESIAN_POINT('',(-0.0162789893219845,-0.0569729487747743,-0.0620703715377044));
#1145=CARTESIAN_POINT('',(-0.0159687814223772,-0.0582177970159335,-0.0605375543943465));
#1146=CARTESIAN_POINT('',(-0.0156152097761721,-0.059168771353953,-0.0590239593355753));
#1147=CARTESIAN_POINT('',(-0.0151966876166711,-0.0598704949536782,-0.0574570340202639));
#1148=CARTESIAN_POINT('',(-0.0146766597862974,-0.0603717498454117,-0.055666012265506));
#1149=CARTESIAN_POINT('',(-0.0142951149146926,-0.0605003743643922,-0.0543877809538998));
#1150=CARTESIAN_POINT('',(-0.014074936443625,-0.0605,-0.0536215777088227));
#1151=CARTESIAN_POINT('',(-0.0174817610227998,-2.21427940261451E-18,-0.0737196039989663));
#1152=CARTESIAN_POINT('',(-0.0174816897439872,-0.00491965085393349,-0.0737195930053003));
#1153=CARTESIAN_POINT('',(-0.0174806958554409,-0.0141207931478032,-0.0737272956115323));
#1154=CARTESIAN_POINT('',(-0.017391091552476,-0.02731171048661,-0.0728543187443635));
#1155=CARTESIAN_POINT('',(-0.0172632344673661,-0.0364633465873769,-0.0716058673881143));
#1156=CARTESIAN_POINT('',(-0.017075405816274,-0.0438861639395824,-0.0698194616913023));
#1157=CARTESIAN_POINT('',(-0.016855043865786,-0.0491423238313703,-0.0678410102006012));
#1158=CARTESIAN_POINT('',(-0.0166146598601492,-0.0527712861979772,-0.0658787689347902));
#1159=CARTESIAN_POINT('',(-0.016359722830024,-0.0552617760599998,-0.0640486709918905));
#1160=CARTESIAN_POINT('',(-0.0160858082162648,-0.0569853710114497,-0.0623729355724687));
#1161=CARTESIAN_POINT('',(-0.015787675386776,-0.0582281796996056,-0.0608189551597014));
#1162=CARTESIAN_POINT('',(-0.0154474044310269,-0.0591758802276351,-0.0592851777100079));
#1163=CARTESIAN_POINT('',(-0.015044434169782,-0.0598738274718488,-0.0576987755362994));
#1164=CARTESIAN_POINT('',(-0.0145431155086841,-0.0603721197190089,-0.0558871353498029));
#1165=CARTESIAN_POINT('',(-0.0141739351395109,-0.0605003507439241,-0.0545949354521814));
#1166=CARTESIAN_POINT('',(-0.0139599913303766,-0.0604999999999999,-0.0538203535368959));
#1167=CARTESIAN_POINT('',(-0.0172875938161852,-3.19354222302908E-19,-0.0740587880405442));
#1168=CARTESIAN_POINT('',(-0.0172875136659431,-0.00492057516896816,-0.0740587879199116));
#1169=CARTESIAN_POINT('',(-0.0172804733372836,-0.0141216116725558,-0.0740723542324405));
#1170=CARTESIAN_POINT('',(-0.0171840107975894,-0.027312722207659,-0.0732018844252953));
#1171=CARTESIAN_POINT('',(-0.0170548207778676,-0.0364652738852883,-0.0719490512424278));
#1172=CARTESIAN_POINT('',(-0.0168709988274175,-0.043890003331362,-0.0701507930371104));
#1173=CARTESIAN_POINT('',(-0.0166584602553768,-0.0491484603866875,-0.0681556951407613));
#1174=CARTESIAN_POINT('',(-0.016427776597892,-0.0527792577272629,-0.0661745965303367));
#1175=CARTESIAN_POINT('',(-0.0161831997160677,-0.0552704082727556,-0.0643254131476782));
#1176=CARTESIAN_POINT('',(-0.0159200549949839,-0.0569931072883342,-0.0626315033854229));
#1177=CARTESIAN_POINT('',(-0.0156332878044462,-0.0582337724067968,-0.0610608051711355));
#1178=CARTESIAN_POINT('',(-0.0153056413029489,-0.0591786217802825,-0.0595112641181262));
#1179=CARTESIAN_POINT('',(-0.0149167993687886,-0.0598740515189185,-0.0579098716061903));
#1180=CARTESIAN_POINT('',(-0.014430608050246,-0.0603713927058059,-0.0560823850120395));
#1181=CARTESIAN_POINT('',(-0.0140690685385721,-0.060500325958078,-0.054779281603232));
#1182=CARTESIAN_POINT('',(-0.0138576710101006,-0.0605,-0.0539981860340448));
#1183=CARTESIAN_POINT('',(-0.0170397090740356,-3.18562390762717E-19,-0.0744794509227875));
#1184=CARTESIAN_POINT('',(-0.0170396286133007,-0.00492161859362713,-0.0744794397872195));
#1185=CARTESIAN_POINT('',(-0.0170288805019234,-0.0141249013999772,-0.074491835680092));
#1186=CARTESIAN_POINT('',(-0.0169307760522909,-0.0273206540101594,-0.0736097374387698));
#1187=CARTESIAN_POINT('',(-0.0168044058744264,-0.0364777013807346,-0.0723418199284805));
#1188=CARTESIAN_POINT('',(-0.0166280411815512,-0.0439078011586099,-0.0705225947120651));
#1189=CARTESIAN_POINT('',(-0.0164253885454391,-0.0491715810600219,-0.0685039025212639));
#1190=CARTESIAN_POINT('',(-0.0162050879610633,-0.0528066322736372,-0.0664983967205016));
#1191=CARTESIAN_POINT('',(-0.0159704897762522,-0.0552999052375576,-0.0646253276373905));
#1192=CARTESIAN_POINT('',(-0.0157172381130596,-0.0570217090904639,-0.0629087949736758));
#1193=CARTESIAN_POINT('',(-0.0154413355120339,-0.0582584690101411,-0.0613172210611135));
#1194=CARTESIAN_POINT('',(-0.0151271079704839,-0.0591967629061635,-0.0597480594119241));
#1195=CARTESIAN_POINT('',(-0.0147562943107783,-0.0598839134778933,-0.0581285651063685));
#1196=CARTESIAN_POINT('',(-0.0142948419634583,-0.0603734760943159,-0.0562832632206407));
#1197=CARTESIAN_POINT('',(-0.0139520882799039,-0.0605002834487039,-0.0549689882487029));
#1198=CARTESIAN_POINT('',(-0.0137509560058732,-0.0605,-0.0541811844093438));
#1199=CARTESIAN_POINT('',(-0.0167315827252736,1.66416643171568E-19,-0.0749635402023646));
#1200=CARTESIAN_POINT('',(-0.0167315031247467,-0.00492282886145499,-0.0749635221199781));
#1201=CARTESIAN_POINT('',(-0.0167158180074616,-0.0141278886291911,-0.0749755347614566));
#1202=CARTESIAN_POINT('',(-0.016615138237324,-0.0273267535868544,-0.0740826404247891));
#1203=CARTESIAN_POINT('',(-0.016492056237761,-0.0364866698989631,-0.0727997676197733));
#1204=CARTESIAN_POINT('',(-0.016325207519404,-0.0439201060028143,-0.0709591451496944));
#1205=CARTESIAN_POINT('',(-0.0161356974218437,-0.0491870603748253,-0.0689162853725712));
#1206=CARTESIAN_POINT('',(-0.0159297366028159,-0.0528244382195054,-0.0668860994899314));
#1207=CARTESIAN_POINT('',(-0.0157092973104897,-0.0553185549758857,-0.0649893815592703));
#1208=CARTESIAN_POINT('',(-0.0154698937803561,-0.0570392874238572,-0.0632509370792429));
#1209=CARTESIAN_POINT('',(-0.0152080950315377,-0.0582732413999084,-0.0616393713811921));
#1210=CARTESIAN_POINT('',(-0.01490948205243,-0.0592073337016774,-0.0600513283412714));
#1211=CARTESIAN_POINT('',(-0.0145571385762672,-0.0598895530342497,-0.0584138061333711));
#1212=CARTESIAN_POINT('',(-0.0141189292889218,-0.0603746720952597,-0.0565496052898422));
#1213=CARTESIAN_POINT('',(-0.0137933789763202,-0.060500264631789,-0.0552226300503324));
#1214=CARTESIAN_POINT('',(-0.0136021897492163,-0.0605,-0.0544271256092413));
#1215=CARTESIAN_POINT('',(-0.0162902530854935,-1.44187261039761E-19,-0.0756057096688876));
#1216=CARTESIAN_POINT('',(-0.0162901813498118,-0.00492413732499326,-0.0756056745671316));
#1217=CARTESIAN_POINT('',(-0.0162720982222286,-0.0141320295564003,-0.0756122242787832));
#1218=CARTESIAN_POINT('',(-0.0161759546304524,-0.0273351242359977,-0.0746976336872604));
#1219=CARTESIAN_POINT('',(-0.01606280730361,-0.036498217471691,-0.0733911215323666));
#1220=CARTESIAN_POINT('',(-0.0159125528048724,-0.0439346362726365,-0.0715213601217296));
#1221=CARTESIAN_POINT('',(-0.0157425738124763,-0.0492040776622427,-0.0694485471731459));
#1222=CARTESIAN_POINT('',(-0.0155563307884716,-0.0528432240344805,-0.0673896665627528));
#1223=CARTESIAN_POINT('',(-0.0153542979178034,-0.0553380762681796,-0.0654665792210113));
#1224=CARTESIAN_POINT('',(-0.0151318731800789,-0.0570581453810256,-0.0637042001081118));
#1225=CARTESIAN_POINT('',(-0.0148864400264473,-0.0582899355775094,-0.0620707669965705));
#1226=CARTESIAN_POINT('',(-0.0146052836649095,-0.0592203418205258,-0.060461737192557));
#1227=CARTESIAN_POINT('',(-0.0142736137055909,-0.0598974545337569,-0.0588036261980172));
#1228=CARTESIAN_POINT('',(-0.0138631310035122,-0.0603769251309466,-0.0569173907619749));
#1229=CARTESIAN_POINT('',(-0.0135608625895367,-0.0605002564861081,-0.0555755266208145));
#1230=CARTESIAN_POINT('',(-0.0133847621714699,-0.0605,-0.0547709463909959));
#1231=CARTESIAN_POINT('',(-0.0157051078225449,2.38365306835513E-19,-0.0763642568713386));
#1232=CARTESIAN_POINT('',(-0.0157050516657683,-0.00492476960693369,-0.0763642033037234));
#1233=CARTESIAN_POINT('',(-0.0156945190755842,-0.0141354037759555,-0.0763585511154173));
#1234=CARTESIAN_POINT('',(-0.0156230084351366,-0.0273409882772102,-0.0754106573497534));
#1235=CARTESIAN_POINT('',(-0.0155346785648116,-0.0365044991787053,-0.0740733473384549));
#1236=CARTESIAN_POINT('',(-0.0154128343284713,-0.0439397100331985,-0.0721709910883593));
#1237=CARTESIAN_POINT('',(-0.0152700656732225,-0.0492072564898004,-0.0700689705628511));
#1238=CARTESIAN_POINT('',(-0.0151079682849073,-0.0528450087234931,-0.0679854295795468));
#1239=CARTESIAN_POINT('',(-0.0149262023987811,-0.0553397119305459,-0.0660418955636504));
#1240=CARTESIAN_POINT('',(-0.0147202285555412,-0.0570609161421133,-0.0642619426349383));
#1241=CARTESIAN_POINT('',(-0.0144884047595561,-0.0582943351875143,-0.0626122399998412));
#1242=CARTESIAN_POINT('',(-0.014219776093663,-0.0592259868466059,-0.0609866277357586));
#1243=CARTESIAN_POINT('',(-0.013901912752916,-0.0599026752741434,-0.0593106179399986));
#1244=CARTESIAN_POINT('',(-0.0135120415988244,-0.0603793325615582,-0.0574036278337656));
#1245=CARTESIAN_POINT('',(-0.013231404876158,-0.0605002753709518,-0.0560471652226157));
#1246=CARTESIAN_POINT('',(-0.0130717370583709,-0.0605,-0.0552336977936915));
#1247=CARTESIAN_POINT('',(-0.0150165518239877,1.02163745375999E-19,-0.0771546237636555));
#1248=CARTESIAN_POINT('',(-0.0150165216260049,-0.00492305274429933,-0.0771544808124552));
#1249=CARTESIAN_POINT('',(-0.0150424948564848,-0.0141357988413921,-0.0771268370308163));
#1250=CARTESIAN_POINT('',(-0.0150519606479436,-0.0273407957503792,-0.0761204413166798));
#1251=CARTESIAN_POINT('',(-0.0150266397059925,-0.0364991316349404,-0.0747332339861237));
#1252=CARTESIAN_POINT('',(-0.014957251192485,-0.0439237318353894,-0.0727881743409828));
#1253=CARTESIAN_POINT('',(-0.0148503958210209,-0.0491797609132533,-0.0706600302353939));
#1254=CARTESIAN_POINT('',(-0.0147105283505223,-0.0528104156058451,-0.0685651282218235));
#1255=CARTESIAN_POINT('',(-0.0145399019511076,-0.0553055990869353,-0.0666195320684701));
#1256=CARTESIAN_POINT('',(-0.0143352505783623,-0.057034958597862,-0.0648407039046375));
#1257=CARTESIAN_POINT('',(-0.0140970368305023,-0.0582804051722272,-0.063190453396225));
#1258=CARTESIAN_POINT('',(-0.0138167019879125,-0.0592239882145738,-0.0615603383525575));
#1259=CARTESIAN_POINT('',(-0.0134866879382597,-0.0599072381976898,-0.059874677198061));
#1260=CARTESIAN_POINT('',(-0.0130938679837243,-0.0603827712137915,-0.0579538964117566));
#1261=CARTESIAN_POINT('',(-0.0128256318021648,-0.0605002598661772,-0.0565876942136442));
#1262=CARTESIAN_POINT('',(-0.0126787015570264,-0.0605,-0.0557684008924707));
#1263=CARTESIAN_POINT('',(-0.0143034984812275,-1.34470766570804E-18,-0.0778739487155368));
#1264=CARTESIAN_POINT('',(-0.0143034660175302,-0.00492027065427301,-0.0778737740995703));
#1265=CARTESIAN_POINT('',(-0.0143572735200436,-0.0141332893114667,-0.0778482576123206));
#1266=CARTESIAN_POINT('',(-0.0144302263394043,-0.0273439539106032,-0.0768383556455615));
#1267=CARTESIAN_POINT('',(-0.0144544216498616,-0.0365099089179914,-0.0754431083551591));
#1268=CARTESIAN_POINT('',(-0.0144247453931396,-0.0439452981319317,-0.073484478580226));
#1269=CARTESIAN_POINT('',(-0.0143418335776723,-0.0492136988532491,-0.0713392587058542));
#1270=CARTESIAN_POINT('',(-0.0142128572096007,-0.0528560910927239,-0.0692243566734763));
#1271=CARTESIAN_POINT('',(-0.0140444473817548,-0.0553593182874094,-0.0672563533199232));
#1272=CARTESIAN_POINT('',(-0.0138383550800164,-0.0570897991361244,-0.0654537132128807));
#1273=CARTESIAN_POINT('',(-0.01360029654491,-0.0583286261752048,-0.0637804767978662));
#1274=CARTESIAN_POINT('',(-0.0133254001417683,-0.0592588892794234,-0.0621295423613021));
#1275=CARTESIAN_POINT('',(-0.0130097188527873,-0.0599252301197853,-0.0604277287022842));
#1276=CARTESIAN_POINT('',(-0.0126400685502914,-0.0603860938594878,-0.058495425246115));
#1277=CARTESIAN_POINT('',(-0.0123879624269645,-0.060500192738458,-0.0571244821782845));
#1278=CARTESIAN_POINT('',(-0.0122479348277627,-0.0605,-0.056302399924462));
#1279=CARTESIAN_POINT('',(-0.0136496649718365,-5.15272715205664E-19,-0.0784626186121298));
#1280=CARTESIAN_POINT('',(-0.0136495970239065,-0.00491879163474131,-0.0784624947530221));
#1281=CARTESIAN_POINT('',(-0.0137086935258196,-0.0141320285670597,-0.0784494780633209));
#1282=CARTESIAN_POINT('',(-0.0137968994771135,-0.0273514715833908,-0.0774669450972009));
#1283=CARTESIAN_POINT('',(-0.0138356658946434,-0.03653109406552,-0.076090247909871));
#1284=CARTESIAN_POINT('',(-0.0138218763451354,-0.0439872985760964,-0.0741375731890719));
#1285=CARTESIAN_POINT('',(-0.0137529070270354,-0.0492776662791822,-0.0719807573830382));
#1286=CARTESIAN_POINT('',(-0.013635410743607,-0.0529360536220522,-0.0698396933967566));
#1287=CARTESIAN_POINT('',(-0.0134779423183471,-0.0554440399469783,-0.0678375060350187));
#1288=CARTESIAN_POINT('',(-0.0132860697735298,-0.0571662662797882,-0.0659997516960725));
#1289=CARTESIAN_POINT('',(-0.0130682434622157,-0.0583877018331432,-0.064296241698469));
#1290=CARTESIAN_POINT('',(-0.0128209685418353,-0.0592959612794558,-0.0626215184404249));
#1291=CARTESIAN_POINT('',(-0.012539796257426,-0.0599416708039577,-0.0609041734057395));
#1292=CARTESIAN_POINT('',(-0.0122079690524523,-0.0603883075073874,-0.0589623895251705));
#1293=CARTESIAN_POINT('',(-0.0119751909385064,-0.0605001493571893,-0.0575881148927524));
#1294=CARTESIAN_POINT('',(-0.0118421312970424,-0.0605,-0.0567641526649023));
#1295=CARTESIAN_POINT('',(-0.0130614817012701,-2.30351793608286E-19,-0.0789447304713786));
#1296=CARTESIAN_POINT('',(-0.0130613829469735,-0.00491891376377186,-0.0789446195024786));
#1297=CARTESIAN_POINT('',(-0.0131034340902715,-0.0141330844143321,-0.0789481001619722));
#1298=CARTESIAN_POINT('',(-0.0131666970747253,-0.027361120335848,-0.0779952173683966));
#1299=CARTESIAN_POINT('',(-0.0131938530571768,-0.0365527568688887,-0.0766363988697717));
#1300=CARTESIAN_POINT('',(-0.0131806076679628,-0.0440260761369611,-0.074688916959329));
#1301=CARTESIAN_POINT('',(-0.0131226097853563,-0.0493334577322653,-0.0725216379739453));
#1302=CARTESIAN_POINT('',(-0.0130229763024012,-0.0530028910397619,-0.0703575940789071));
#1303=CARTESIAN_POINT('',(-0.0128884063729933,-0.0555121559689677,-0.0683261518865751));
#1304=CARTESIAN_POINT('',(-0.0127246198700984,-0.057225626898688,-0.0664593876592142));
#1305=CARTESIAN_POINT('',(-0.0125397309681595,-0.05843227750792,-0.0647315802615264));
#1306=CARTESIAN_POINT('',(-0.0123306900039424,-0.0593233160612759,-0.0630379562520941));
#1307=CARTESIAN_POINT('',(-0.0120922796189372,-0.0599535850325798,-0.0613078338535344));
#1308=CARTESIAN_POINT('',(-0.0118062167608418,-0.0603897591576793,-0.0593573036855023));
#1309=CARTESIAN_POINT('',(-0.0115984912590815,-0.0605001031905903,-0.0579791735132414));
#1310=CARTESIAN_POINT('',(-0.011475678335003,-0.0605,-0.0571530039436378));
#1311=CARTESIAN_POINT('',(-0.0124516179696344,1.36664958437751E-19,-0.0794038485549688));
#1312=CARTESIAN_POINT('',(-0.0124515136137394,-0.0049200438180514,-0.0794037330968603));
#1313=CARTESIAN_POINT('',(-0.012472330308044,-0.0141358305694505,-0.0794167116461684));
#1314=CARTESIAN_POINT('',(-0.012506427309027,-0.0273697106917521,-0.0784768787546614));
#1315=CARTESIAN_POINT('',(-0.0125213025423312,-0.0365682057338923,-0.0771238271035235));
#1316=CARTESIAN_POINT('',(-0.012510792405819,-0.0440504696131991,-0.0751749988644797));
#1317=CARTESIAN_POINT('',(-0.0124680004629032,-0.0493663339413409,-0.0729987504378521));
#1318=CARTESIAN_POINT('',(-0.0123914531097085,-0.0530409351450492,-0.0708197195633511));
#1319=CARTESIAN_POINT('',(-0.0122845864212761,-0.0555502272090142,-0.0687704123796212));
#1320=CARTESIAN_POINT('',(-0.0121517620104246,-0.05725861419665,-0.0668862088872672));
#1321=CARTESIAN_POINT('',(-0.012000154271617,-0.0584571999892864,-0.0651435446598845));
#1322=CARTESIAN_POINT('',(-0.011827482972743,-0.0593389521616871,-0.0634377535715798));
#1323=CARTESIAN_POINT('',(-0.011628834427795,-0.0599607270725678,-0.0616983398388409));
#1324=CARTESIAN_POINT('',(-0.0113872216727308,-0.0603907982425305,-0.0597400436779857));
#1325=CARTESIAN_POINT('',(-0.0112077231065982,-0.0605000715641504,-0.0583575018634031));
#1326=CARTESIAN_POINT('',(-0.0110991532770948,-0.0605,-0.0575286741979175));
#1327=CARTESIAN_POINT('',(-0.0117150970235451,8.14643704783561E-20,-0.0799064495333701));
#1328=CARTESIAN_POINT('',(-0.0117149915747405,-0.00492205998985477,-0.0799063359059212));
#1329=CARTESIAN_POINT('',(-0.0117086488426679,-0.0141400579732975,-0.0799241024462417));
#1330=CARTESIAN_POINT('',(-0.0117049737815205,-0.0273788251083451,-0.0789893364879024));
#1331=CARTESIAN_POINT('',(-0.0117039043956242,-0.036582340238076,-0.0776372134830274));
#1332=CARTESIAN_POINT('',(-0.0116973503850567,-0.044070783968154,-0.0756846914467369));
#1333=CARTESIAN_POINT('',(-0.0116752571302244,-0.0493922731655161,-0.0734998562705571));
#1334=CARTESIAN_POINT('',(-0.0116297956102857,-0.0530699998751623,-0.0713082875530855));
#1335=CARTESIAN_POINT('',(-0.0115594610793974,-0.0555787310450671,-0.0692446304636588));
#1336=CARTESIAN_POINT('',(-0.011466104896564,-0.0572830226249435,-0.067346539207686));
#1337=CARTESIAN_POINT('',(-0.0113554737039153,-0.0584755490214956,-0.0655918732876455));
#1338=CARTESIAN_POINT('',(-0.0112264116101272,-0.05935049097338,-0.0638758830755238));
#1339=CARTESIAN_POINT('',(-0.0110748619100205,-0.0599660723360802,-0.0621280445018983));
#1340=CARTESIAN_POINT('',(-0.0108868291646099,-0.0603916261033,-0.0601618683114825));
#1341=CARTESIAN_POINT('',(-0.0107435355384307,-0.0605000477389009,-0.0587742692111837));
#1342=CARTESIAN_POINT('',(-0.0106548667492561,-0.0605,-0.0579422831333636));
#1343=CARTESIAN_POINT('',(-0.0108174554208959,-6.17976480249477E-19,-0.080444776372354));
#1344=CARTESIAN_POINT('',(-0.0108173542106132,-0.00492462545656374,-0.0804446594122529));
#1345=CARTESIAN_POINT('',(-0.010785870913775,-0.0141452596484704,-0.0804589728328607));
#1346=CARTESIAN_POINT('',(-0.0107501096979524,-0.0273877603443295,-0.0795159268967302));
#1347=CARTESIAN_POINT('',(-0.0107395127496832,-0.0365943774087738,-0.0781563189068987));
#1348=CARTESIAN_POINT('',(-0.010746016625208,-0.0440861983067588,-0.0761951084011571));
#1349=CARTESIAN_POINT('',(-0.010755222622624,-0.0494104364941264,-0.0740005505403422));
#1350=CARTESIAN_POINT('',(-0.0107517194288922,-0.0530892722127862,-0.0717982960078635));
#1351=CARTESIAN_POINT('',(-0.0107279633628438,-0.0555969554351908,-0.0697238379925989));
#1352=CARTESIAN_POINT('',(-0.0106826507381867,-0.0572982986167208,-0.0678158083468666));
#1353=CARTESIAN_POINT('',(-0.0106200804203435,-0.0584869358666227,-0.0660525693840407));
#1354=CARTESIAN_POINT('',(-0.010540799776451,-0.0593576941355191,-0.0643290570131295));
#1355=CARTESIAN_POINT('',(-0.0104422291582265,-0.0599695106079577,-0.0625745297277519));
#1356=CARTESIAN_POINT('',(-0.01031505411676,-0.0603922379178809,-0.0606014921804992));
#1357=CARTESIAN_POINT('',(-0.0102146706457582,-0.0605000356586393,-0.0592091102973027));
#1358=CARTESIAN_POINT('',(-0.0101510799545428,-0.0605,-0.0583740566188819));
#1359=CARTESIAN_POINT('',(-0.00982505899757915,8.09139981836733E-19,-0.0809541890794987));
#1360=CARTESIAN_POINT('',(-0.009824972826622,-0.00492653423456001,-0.0809540621928079));
#1361=CARTESIAN_POINT('',(-0.00977929199692928,-0.0141495145389908,-0.0809602209001186));
#1362=CARTESIAN_POINT('',(-0.00973376217824712,-0.0273942941354116,-0.0800024253587881));
#1363=CARTESIAN_POINT('',(-0.00973049261025474,-0.0366019388673318,-0.0786321805898521));
#1364=CARTESIAN_POINT('',(-0.00976370218289615,-0.0440939975171982,-0.0766621302453569));
#1365=CARTESIAN_POINT('',(-0.00981275656156515,-0.0494177107920956,-0.0744610196498611));
#1366=CARTESIAN_POINT('',(-0.00985512830461552,-0.0530955200209883,-0.0722539258477928));
#1367=CARTESIAN_POINT('',(-0.00987811733014908,-0.0556020161160565,-0.0701757783487744));
#1368=CARTESIAN_POINT('',(-0.00987812883644799,-0.0573022611227936,-0.0682646827927357));
#1369=CARTESIAN_POINT('',(-0.00985905730133015,-0.0584899592117097,-0.0664985907913487));
#1370=CARTESIAN_POINT('',(-0.00982371826663168,-0.0593598688720502,-0.0647721122913525));
#1371=CARTESIAN_POINT('',(-0.00977160290758767,-0.05997085842579,-0.0630142764089078));
#1372=CARTESIAN_POINT('',(-0.00969907313559944,-0.060392709696644,-0.0610371983282308));
#1373=CARTESIAN_POINT('',(-0.00963971387054672,-0.0605000449886366,-0.0596417509664645));
#1374=CARTESIAN_POINT('',(-0.00960213429610936,-0.0605,-0.0588047536161915));
#1375=CARTESIAN_POINT('',(-0.00880324289420325,-2.61858344709745E-18,-0.0813967995486372));
#1376=CARTESIAN_POINT('',(-0.00880317904572548,-0.00492689732883235,-0.08139665589111));
#1377=CARTESIAN_POINT('',(-0.0087622927561557,-0.0141513968006016,-0.0813943165281605));
#1378=CARTESIAN_POINT('',(-0.00874098108480499,-0.0273974110416754,-0.0804228791638738));
#1379=CARTESIAN_POINT('',(-0.00876717664797457,-0.0366049604865521,-0.0790441200317557));
#1380=CARTESIAN_POINT('',(-0.00884053963650677,-0.0440956849283092,-0.0770688537024286));
#1381=CARTESIAN_POINT('',(-0.00893352815022204,-0.0494173700747087,-0.0748659406357053));
#1382=CARTESIAN_POINT('',(-0.00901906422339495,-0.053093392313849,-0.0726594960392562));
#1383=CARTESIAN_POINT('',(-0.00908173373562781,-0.0555990897110397,-0.0705832121612597));
#1384=CARTESIAN_POINT('',(-0.00911736045896542,-0.0572996851780817,-0.0686739914189411));
#1385=CARTESIAN_POINT('',(-0.00913073319709248,-0.0584883962068697,-0.0669090580833893));
#1386=CARTESIAN_POINT('',(-0.0091271537225156,-0.0593594969192736,-0.0651828579402674));
#1387=CARTESIAN_POINT('',(-0.00910837170597889,-0.0599713106130985,-0.0634243315922293));
#1388=CARTESIAN_POINT('',(-0.00907623655142465,-0.0603932272479316,-0.0614458228463057));
#1389=CARTESIAN_POINT('',(-0.00904935174286134,-0.0605000657443983,-0.0600493162368011));
#1390=CARTESIAN_POINT('',(-0.00903386196525825,-0.0605,-0.0592118185050714));
#1391=CARTESIAN_POINT('',(-0.00775417041571956,9.66519380655309E-18,-0.081771791860053));
#1392=CARTESIAN_POINT('',(-0.00775420565735515,-0.00492526866643006,-0.0817715778192984));
#1393=CARTESIAN_POINT('',(-0.00774616971285572,-0.0141501498940705,-0.0817646111238101));
#1394=CARTESIAN_POINT('',(-0.00781060690279194,-0.027396444255331,-0.0807824268885379));
#1395=CARTESIAN_POINT('',(-0.00791177399813021,-0.0366025360255541,-0.07939496248789));
#1396=CARTESIAN_POINT('',(-0.00805615050984198,-0.0440890138294838,-0.0774139290937789));
#1397=CARTESIAN_POINT('',(-0.00820368180095016,-0.0494053024149061,-0.0752113301778436));
#1398=CARTESIAN_POINT('',(-0.0083271607859331,-0.053077758136329,-0.0730108487266698));
#1399=CARTESIAN_POINT('',(-0.00841423283127097,-0.0555835489991053,-0.0709431981706323));
#1400=CARTESIAN_POINT('',(-0.00846455245792743,-0.0572875844105667,-0.0690419990900838));
#1401=CARTESIAN_POINT('',(-0.00848715944005879,-0.0584810497685274,-0.0672827549972171));
#1402=CARTESIAN_POINT('',(-0.00849067156314201,-0.0593567082349232,-0.065559947054944));
#1403=CARTESIAN_POINT('',(-0.00847994192105328,-0.0599714112830552,-0.0638028699801862));
#1404=CARTESIAN_POINT('',(-0.00846173656472638,-0.0603940081933957,-0.0618252506439244));
#1405=CARTESIAN_POINT('',(-0.00845107464475964,-0.0605000822603712,-0.0604298873001319));
#1406=CARTESIAN_POINT('',(-0.00844864530390401,-0.0605,-0.0595934937086911));
#1407=CARTESIAN_POINT('',(-0.00668293402820685,-2.85596915536909E-18,-0.0820772682365264));
#1408=CARTESIAN_POINT('',(-0.0066830181580546,-0.00492302293368032,-0.082077030353567));
#1409=CARTESIAN_POINT('',(-0.00670471134127403,-0.0141472105442575,-0.0820744775095498));
#1410=CARTESIAN_POINT('',(-0.00684489354622575,-0.0273955853707393,-0.0811045605682103));
#1411=CARTESIAN_POINT('',(-0.00701174568478488,-0.0366051538996625,-0.0797274650267787));
#1412=CARTESIAN_POINT('',(-0.00721914857784958,-0.0440965664926848,-0.0777550172781443));
#1413=CARTESIAN_POINT('',(-0.00741727724830829,-0.0494177647930404,-0.0755571308367234));
#1414=CARTESIAN_POINT('',(-0.00757931245939751,-0.0530936994527463,-0.0733578410692729));
#1415=CARTESIAN_POINT('',(-0.0076955917078988,-0.0556006459439372,-0.0712891578627615));
#1416=CARTESIAN_POINT('',(-0.00776893318688251,-0.057303341829173,-0.0693862781249708));
#1417=CARTESIAN_POINT('',(-0.00781113804373117,-0.0584937496084021,-0.0676259904446192));
#1418=CARTESIAN_POINT('',(-0.00783301548073001,-0.0593653650607734,-0.0659033697726159));
#1419=CARTESIAN_POINT('',(-0.00784041459237517,-0.0599758738783885,-0.0641482956765553));
#1420=CARTESIAN_POINT('',(-0.00784159127782642,-0.06039496001883,-0.0621747901673226));
#1421=CARTESIAN_POINT('',(-0.00784320421471426,-0.060500072336865,-0.0607833123632789));
#1422=CARTESIAN_POINT('',(-0.00784725162194135,-0.0605,-0.0599493147771081));
#1423=CARTESIAN_POINT('',(-0.00559396759074401,7.32560522123691E-19,-0.0823119966398807));
#1424=CARTESIAN_POINT('',(-0.00559398288793143,-0.00492161511165171,-0.0823117931455518));
#1425=CARTESIAN_POINT('',(-0.00563025423158438,-0.0141452508603669,-0.0823146073510429));
#1426=CARTESIAN_POINT('',(-0.00580856591922971,-0.027396513209393,-0.081364247129441));
#1427=CARTESIAN_POINT('',(-0.00600975351026465,-0.0366114130997758,-0.0800069362263455));
#1428=CARTESIAN_POINT('',(-0.00625570829445439,-0.0441119506132596,-0.0780541630903814));
#1429=CARTESIAN_POINT('',(-0.00649465204285834,-0.0494433451452512,-0.0758685060870826));
#1430=CARTESIAN_POINT('',(-0.0066993983657111,-0.0531262444146756,-0.0736724313641944));
#1431=CARTESIAN_POINT('',(-0.00685870372654522,-0.0556341732102232,-0.0716011519981805));
#1432=CARTESIAN_POINT('',(-0.00697417151521743,-0.057332117800701,-0.0696945533153094));
#1433=CARTESIAN_POINT('',(-0.00705656692414668,-0.0585148762555477,-0.0679325655503583));
#1434=CARTESIAN_POINT('',(-0.00711752515145224,-0.0593780644805795,-0.0662111473240715));
#1435=CARTESIAN_POINT('',(-0.00716215316985331,-0.0599813949115424,-0.0644606080503141));
#1436=CARTESIAN_POINT('',(-0.00719911813370428,-0.0603957021375463,-0.0624946079995023));
#1437=CARTESIAN_POINT('',(-0.00721911487923913,-0.0605000562579177,-0.0611091106783745));
#1438=CARTESIAN_POINT('',(-0.00723092054695492,-0.0605,-0.0602785330472615));
#1439=CARTESIAN_POINT('',(-0.00449198325089918,-7.42729331256757E-20,-0.0824749494738556));
#1440=CARTESIAN_POINT('',(-0.00449195484828124,-0.00492142008661792,-0.0824747578807368));
#1441=CARTESIAN_POINT('',(-0.00451904725138635,-0.0141451029768477,-0.082479591515118));
#1442=CARTESIAN_POINT('',(-0.00469648800507776,-0.0273982949996974,-0.0815416290783729));
#1443=CARTESIAN_POINT('',(-0.00490881345537582,-0.0366160295799288,-0.0801991854052515));
#1444=CARTESIAN_POINT('',(-0.00518088140693937,-0.0441210859517111,-0.0782649364322916));
#1445=CARTESIAN_POINT('',(-0.00545789184768778,-0.0494576454066747,-0.0760963219456091));
#1446=CARTESIAN_POINT('',(-0.00570916992494197,-0.0531443786344698,-0.0739130758545405));
#1447=CARTESIAN_POINT('',(-0.00591930884788436,-0.0556531753640402,-0.071850540364058));
#1448=CARTESIAN_POINT('',(-0.00608678930955653,-0.0573488175247659,-0.0699505475563687));
#1449=CARTESIAN_POINT('',(-0.00622021148516637,-0.0585274493457092,-0.0681949606605109));
#1450=CARTESIAN_POINT('',(-0.0063323089174177,-0.0593858210344086,-0.066480868197789));
#1451=CARTESIAN_POINT('',(-0.0064283232951154,-0.0599848139925265,-0.0647392235843118));
#1452=CARTESIAN_POINT('',(-0.00651938202228573,-0.0603961130654472,-0.0627842584274054));
#1453=CARTESIAN_POINT('',(-0.00657238534596685,-0.0605000360218902,-0.0614066496170072));
#1454=CARTESIAN_POINT('',(-0.00660080157163628,-0.0605,-0.0605805397971996));
#1455=CARTESIAN_POINT('',(-0.00325832802378533,5.93805029281827E-20,-0.0825754887805715));
#1456=CARTESIAN_POINT('',(-0.00325829135037589,-0.00492151812818143,-0.0825753000809213));
#1457=CARTESIAN_POINT('',(-0.00326642069019053,-0.0141452104543595,-0.082578710174366));
#1458=CARTESIAN_POINT('',(-0.00342924454009836,-0.027398944795448,-0.0816494183972651));
#1459=CARTESIAN_POINT('',(-0.00364733769721117,-0.0366173978054767,-0.0803212667894192));
#1460=CARTESIAN_POINT('',(-0.00394746371284109,-0.0441235931923778,-0.0784085204559125));
#1461=CARTESIAN_POINT('',(-0.00426914064839726,-0.0494615191523449,-0.0762636429099848));
#1462=CARTESIAN_POINT('',(-0.00457470279157966,-0.0531493757203627,-0.0741029485170007));
#1463=CARTESIAN_POINT('',(-0.00484270665292741,-0.055658565857634,-0.0720601525598233));
#1464=CARTESIAN_POINT('',(-0.00506807459097352,-0.0573537117606727,-0.0701771204949867));
#1465=CARTESIAN_POINT('',(-0.00525769977066154,-0.0585312582082313,-0.0684365859408299));
#1466=CARTESIAN_POINT('',(-0.00542628242166421,-0.0593882584641427,-0.0667369283995349));
#1467=CARTESIAN_POINT('',(-0.00558041618182233,-0.0599859291850286,-0.0650098720108876));
#1468=CARTESIAN_POINT('',(-0.00573613037420238,-0.0603962512821195,-0.0630711821237207));
#1469=CARTESIAN_POINT('',(-0.00583316616462203,-0.0605000264682559,-0.0617048016528143));
#1470=CARTESIAN_POINT('',(-0.00588669250293442,-0.0605,-0.0608852230476499));
#1471=CARTESIAN_POINT('',(-0.00177243854707654,-2.99756328545392E-20,-0.0825827957888427));
#1472=CARTESIAN_POINT('',(-0.00177241314974745,-0.00492133441006428,-0.0825826088519969));
#1473=CARTESIAN_POINT('',(-0.001750073097605,-0.0141445246404834,-0.0825813050627458));
#1474=CARTESIAN_POINT('',(-0.00188000701480267,-0.0273978761831706,-0.0816601095171828));
#1475=CARTESIAN_POINT('',(-0.00209525707800997,-0.0366161700194755,-0.0803500421360355));
#1476=CARTESIAN_POINT('',(-0.00242437961465264,-0.0441224280208887,-0.0784676485536481));
#1477=CARTESIAN_POINT('',(-0.00279989821556548,-0.049460666534856,-0.0763585598918425));
#1478=CARTESIAN_POINT('',(-0.0031733813840336,-0.0531489571547546,-0.0742337934221379));
#1479=CARTESIAN_POINT('',(-0.00351422864120072,-0.0556584989504669,-0.0722239074151132));
#1480=CARTESIAN_POINT('',(-0.00381209859739928,-0.057353798692868,-0.0703699047939622));
#1481=CARTESIAN_POINT('',(-0.0040716180666611,-0.058531340421464,-0.0686551397456023));
#1482=CARTESIAN_POINT('',(-0.00431007177815816,-0.059388257437186,-0.0669798022075826));
#1483=CARTESIAN_POINT('',(-0.00453599880553618,-0.0599858521921895,-0.0652766925668188));
#1484=CARTESIAN_POINT('',(-0.00477221659705726,-0.0603961789171611,-0.0633641924097423));
#1485=CARTESIAN_POINT('',(-0.0049253755473012,-0.0605000233507303,-0.06201577933317));
#1486=CARTESIAN_POINT('',(-0.00501209104821524,-0.0605,-0.0612067980187602));
#1487=CARTESIAN_POINT('',(-4.54562160705018E-5,8.52294011301894E-21,-0.0824211299738034));
#1488=CARTESIAN_POINT('',(-4.55026869622952E-5,-0.00491991392210692,-0.0824209380289201));
#1489=CARTESIAN_POINT('',(-8.80472290503639E-6,-0.0141414632436725,-0.0824140956546256));
#1490=CARTESIAN_POINT('',(-0.000139059124638554,-0.0273928986337979,-0.0815065822651486));
#1491=CARTESIAN_POINT('',(-0.000377044592617985,-0.0366096048120215,-0.0802235570365245));
#1492=CARTESIAN_POINT('',(-0.000755916775195887,-0.0441139136532668,-0.0783851813501399));
#1493=CARTESIAN_POINT('',(-0.00119773107127237,-0.0494502161389749,-0.0763282043834077));
#1494=CARTESIAN_POINT('',(-0.00164404065590556,-0.0531373767747732,-0.0742569311839516));
#1495=CARTESIAN_POINT('',(-0.00205695939330612,-0.0556471943259284,-0.0722971286552437));
#1496=CARTESIAN_POINT('',(-0.002422764800869,-0.057344164054883,-0.0704876211768977));
#1497=CARTESIAN_POINT('',(-0.00274557606098033,-0.0585241361612428,-0.06881192385765));
#1498=CARTESIAN_POINT('',(-0.00304600225963787,-0.0593837628801409,-0.0671727023489756));
#1499=CARTESIAN_POINT('',(-0.00333513127054936,-0.0599838139025892,-0.0655043035260285));
#1500=CARTESIAN_POINT('',(-0.00364332658996995,-0.0603959180354457,-0.0636294228922508));
#1501=CARTESIAN_POINT('',(-0.00384911115625396,-0.0605000394153394,-0.0623072954039415));
#1502=CARTESIAN_POINT('',(-0.00396913954276957,-0.0605,-0.0615144591379383));
#1503=CARTESIAN_POINT('',(0.00165345411331339,-7.06951552328849E-22,-0.0820724110992889));
#1504=CARTESIAN_POINT('',(0.00165328149368928,-0.00491759422450842,-0.0820722654142133));
#1505=CARTESIAN_POINT('',(0.00165959812080419,-0.01413642954707,-0.0820724006461492));
#1506=CARTESIAN_POINT('',(0.00144768309035031,-0.027384507169099,-0.0812077946495021));
#1507=CARTESIAN_POINT('',(0.00113250503057845,-0.0365989448308173,-0.0799770892359233));
#1508=CARTESIAN_POINT('',(0.000667262510315673,-0.0441018436952169,-0.0782070886042314));
#1509=CARTESIAN_POINT('',(0.000143469364141971,-0.0494378815131989,-0.0762198996859371));
#1510=CARTESIAN_POINT('',(-0.000372926396237206,-0.0531255690534745,-0.0742118353609009));
#1511=CARTESIAN_POINT('',(-0.000840489028089325,-0.0556366108943237,-0.0723057004329646));
#1512=CARTESIAN_POINT('',(-0.00124630853015082,-0.0573355986604237,-0.0705406635675109));
#1513=CARTESIAN_POINT('',(-0.00159846820599316,-0.0585180819128419,-0.0689023503529619));
#1514=CARTESIAN_POINT('',(-0.00192184020194359,-0.0593803486331537,-0.0672967060714699));
#1515=CARTESIAN_POINT('',(-0.00222986102141148,-0.0599825879490424,-0.0656600823235672));
#1516=CARTESIAN_POINT('',(-0.00255712621750755,-0.0603959681519662,-0.0638198631508331));
#1517=CARTESIAN_POINT('',(-0.00277678971782462,-0.0605000547883815,-0.0625226449462578));
#1518=CARTESIAN_POINT('',(-0.00290644013475769,-0.0605,-0.0617454681362428));
#1519=CARTESIAN_POINT('',(0.00319124731618462,-1.30993255857186E-22,-0.0815953794694582));
#1520=CARTESIAN_POINT('',(0.00319113363007483,-0.00491689430817845,-0.081595247326753));
#1521=CARTESIAN_POINT('',(0.00316132841094051,-0.0141336210042661,-0.0816025424506136));
#1522=CARTESIAN_POINT('',(0.00286631011678293,-0.0273773093304366,-0.0807818027395555));
#1523=CARTESIAN_POINT('',(0.00248667835865122,-0.036587454897018,-0.0796033340548865));
#1524=CARTESIAN_POINT('',(0.0019681112193671,-0.0440861939757574,-0.0779016121579659));
#1525=CARTESIAN_POINT('',(0.00140396538283797,-0.049420664282251,-0.0759873005919911));
#1526=CARTESIAN_POINT('',(0.000851452916074767,-0.0531105122931359,-0.0740489229936325));
#1527=CARTESIAN_POINT('',(0.000347361378268957,-0.0556261180164883,-0.0722035569107574));
#1528=CARTESIAN_POINT('',(-9.56880734200729E-5,-0.0573297318938951,-0.070488911793924));
#1529=CARTESIAN_POINT('',(-0.000483916740062894,-0.0585154932302197,-0.0688929335302694));
#1530=CARTESIAN_POINT('',(-0.00084214504950718,-0.0593796150380051,-0.0673256957834348));
#1531=CARTESIAN_POINT('',(-0.00118260138174257,-0.0599824738797138,-0.0657260223113876));
#1532=CARTESIAN_POINT('',(-0.00153986768715293,-0.0603959274394168,-0.0639258973216214));
#1533=CARTESIAN_POINT('',(-0.00177364757349635,-0.0605000445377365,-0.0626560347411143));
#1534=CARTESIAN_POINT('',(-0.00190829283961396,-0.0605,-0.0618949204670766));
#1535=CARTESIAN_POINT('',(0.00468040386454251,1.29642120368619E-21,-0.0809869007133722));
#1536=CARTESIAN_POINT('',(0.00468035694545668,-0.00491554291628708,-0.0809867327809449));
#1537=CARTESIAN_POINT('',(0.0046462886164467,-0.0141293039139408,-0.0809976619661949));
#1538=CARTESIAN_POINT('',(0.0043307631626122,-0.0273681337564805,-0.0802153754636389));
#1539=CARTESIAN_POINT('',(0.00392946695974742,-0.0365739304025946,-0.0790856634133564));
#1540=CARTESIAN_POINT('',(0.00338521025417311,-0.0440676710082765,-0.0774504364061594));
#1541=CARTESIAN_POINT('',(0.00279332313662281,-0.0493979998983811,-0.0756102340119623));
#1542=CARTESIAN_POINT('',(0.00220887088319492,-0.0530865919294519,-0.0737471442757641));
#1543=CARTESIAN_POINT('',(0.0016672759006296,-0.0556045739622676,-0.0719722892151489));
#1544=CARTESIAN_POINT('',(0.00118127386300929,-0.0573130821510476,-0.0703199956648062));
#1545=CARTESIAN_POINT('',(0.000746704298632256,-0.0585042343281577,-0.0687783320810246));
#1546=CARTESIAN_POINT('',(0.000338481470433267,-0.059373224847178,-0.0672610206357208));
#1547=CARTESIAN_POINT('',(-5.57006775632216E-5,-0.0599796596595399,-0.0657092591125615));
#1548=CARTESIAN_POINT('',(-0.000473077076788148,-0.0603953885985569,-0.0639608517809909));
#1549=CARTESIAN_POINT('',(-0.000746449658369445,-0.0605000361305029,-0.0627263132026284));
#1550=CARTESIAN_POINT('',(-0.000902229947928457,-0.0605000000000001,-0.0619859940665061));
#1551=CARTESIAN_POINT('',(0.00622111106208014,-1.32059490099134E-20,-0.0801713941966828));
#1552=CARTESIAN_POINT('',(0.00622104567691665,-0.00491227323676359,-0.0801712358634849));
#1553=CARTESIAN_POINT('',(0.00621864805093925,-0.0141216226913185,-0.0801763945741608));
#1554=CARTESIAN_POINT('',(0.00594867199109787,-0.0273541072356877,-0.0794220434202426));
#1555=CARTESIAN_POINT('',(0.00556562076378881,-0.0365545275302261,-0.078341408106982));
#1556=CARTESIAN_POINT('',(0.0050118922893302,-0.0440426057801958,-0.0767848433976055));
#1557=CARTESIAN_POINT('',(0.00438600845220456,-0.0493686641593877,-0.0750381833357581));
#1558=CARTESIAN_POINT('',(0.00375178345753116,-0.053055945846385,-0.0732715503482079));
#1559=CARTESIAN_POINT('',(0.00315249603846882,-0.0555761482737098,-0.071587152943415));
#1560=CARTESIAN_POINT('',(0.00260577215810955,-0.0572897246428594,-0.0700150710995169));
#1561=CARTESIAN_POINT('',(0.00211040021409324,-0.0584871247166424,-0.0685434663600307));
#1562=CARTESIAN_POINT('',(0.00163985307103815,-0.0593625260717082,-0.067090442529504));
#1563=CARTESIAN_POINT('',(0.00118063198257625,-0.0599745103039914,-0.065599838869143));
#1564=CARTESIAN_POINT('',(0.000689930838984868,-0.060394368063886,-0.0639168100193996));
#1565=CARTESIAN_POINT('',(0.000365384025865983,-0.0605000420908933,-0.0627268984813571));
#1566=CARTESIAN_POINT('',(0.000179306195011561,-0.0605,-0.0620132902952798));
#1567=CARTESIAN_POINT('',(0.00762286023956902,4.62449952320018E-20,-0.0792212998343962));
#1568=CARTESIAN_POINT('',(0.00762276084597583,-0.00490851240573407,-0.0792211648590238));
#1569=CARTESIAN_POINT('',(0.00764960590250164,-0.0141127325221908,-0.0792160629541432));
#1570=CARTESIAN_POINT('',(0.00742247010836737,-0.0273375889090694,-0.0784886893254263));
#1571=CARTESIAN_POINT('',(0.00705900876484407,-0.0365317160284953,-0.0774603086663799));
#1572=CARTESIAN_POINT('',(0.00650392965574231,-0.0440132147442741,-0.0759880386006554));
#1573=CARTESIAN_POINT('',(0.00585864868431428,-0.049333929288259,-0.0743411303598533));
#1574=CARTESIAN_POINT('',(0.00519329155345175,-0.0530189104616702,-0.0726775657013653));
#1575=CARTESIAN_POINT('',(0.00455613656483099,-0.0555409618006406,-0.0710905012060482));
#1576=CARTESIAN_POINT('',(0.00396786032377038,-0.057260166149601,-0.0696052557333139));
#1577=CARTESIAN_POINT('',(0.00342956346770068,-0.058465079837762,-0.0682095469607077));
#1578=CARTESIAN_POINT('',(0.00291408545042791,-0.0593485510725406,-0.066825872583219));
#1579=CARTESIAN_POINT('',(0.00240737934501431,-0.059967756770637,-0.0654006941233908));
#1580=CARTESIAN_POINT('',(0.00186282525695088,-0.060393069087295,-0.0637871916419083));
#1581=CARTESIAN_POINT('',(0.00150035058239477,-0.0605000571776846,-0.0626448688713783));
#1582=CARTESIAN_POINT('',(0.00129125133732798,-0.0605,-0.0619601777940449));
#1583=CARTESIAN_POINT('',(0.008727395784143,-6.54912064499237E-20,-0.0783098469672636));
#1584=CARTESIAN_POINT('',(0.00872726318247128,-0.00490659853335535,-0.078309822323608));
#1585=CARTESIAN_POINT('',(0.00876263064581113,-0.0141069339235014,-0.0782934509132587));
#1586=CARTESIAN_POINT('',(0.00855149670214225,-0.0273223842161552,-0.0775845346638418));
#1587=CARTESIAN_POINT('',(0.00819655962657086,-0.0365069994118118,-0.076602120767842));
#1588=CARTESIAN_POINT('',(0.00763991043788896,-0.0439787125392967,-0.0752126739453617));
#1589=CARTESIAN_POINT('',(0.00698114615520672,-0.0492932588410119,-0.0736677591829037));
#1590=CARTESIAN_POINT('',(0.00629368329496607,-0.0529773567611755,-0.0721081544321228));
#1591=CARTESIAN_POINT('',(0.00563084426603479,-0.0555032954766573,-0.0706151532876972));
#1592=CARTESIAN_POINT('',(0.00501736359886247,-0.0572295869073761,-0.0692093100234766));
#1593=CARTESIAN_POINT('',(0.00445655899503523,-0.0584427608966807,-0.0678794266926352));
#1594=CARTESIAN_POINT('',(0.00392108479516684,-0.0593346194564724,-0.0665529689346583));
#1595=CARTESIAN_POINT('',(0.00339719787841034,-0.0599611369704923,-0.0651790772016366));
#1596=CARTESIAN_POINT('',(0.00283687410377063,-0.0603918733610831,-0.0636181304628181));
#1597=CARTESIAN_POINT('',(0.00246527846992996,-0.0605000762601693,-0.0625112538678299));
#1598=CARTESIAN_POINT('',(0.00225059815491964,-0.0605000000000001,-0.0618484449844554));
#1599=CARTESIAN_POINT('',(0.00959512757838874,1.68656477230091E-19,-0.0774794028718642));
#1600=CARTESIAN_POINT('',(0.00959502977393117,-0.00490648166587487,-0.0774793993721424));
#1601=CARTESIAN_POINT('',(0.00961354648211494,-0.0141043353526678,-0.0774640175393798));
#1602=CARTESIAN_POINT('',(0.00937640775579807,-0.0273120120641171,-0.0767859764395453));
#1603=CARTESIAN_POINT('',(0.00900865656528301,-0.036487579947099,-0.0758482523582839));
#1604=CARTESIAN_POINT('',(0.00844986160446258,-0.0439481411163113,-0.0745273107489806));
#1605=CARTESIAN_POINT('',(0.00779524925133997,-0.0492535300543301,-0.0730646458643955));
#1606=CARTESIAN_POINT('',(0.00711136042767386,-0.052933940280041,-0.0715910304883463));
#1607=CARTESIAN_POINT('',(0.00644779885756047,-0.0554625971988154,-0.0701783004194945));
#1608=CARTESIAN_POINT('',(0.00582895793427836,-0.0571964643511743,-0.068841338379306));
#1609=CARTESIAN_POINT('',(0.00526031295899862,-0.058419018714989,-0.0675683169712838));
#1610=CARTESIAN_POINT('',(0.00471626672269961,-0.0593202889986365,-0.0662904266608986));
#1611=CARTESIAN_POINT('',(0.00418510269667425,-0.0599545914743813,-0.0649588568429625));
#1612=CARTESIAN_POINT('',(0.00362072655384781,-0.0603907414669593,-0.0634400097824128));
#1613=CARTESIAN_POINT('',(0.00325058038789252,-0.0605000865561624,-0.062360563989321));
#1614=CARTESIAN_POINT('',(0.00303850306062598,-0.0605,-0.061714254233918));
#1615=CARTESIAN_POINT('',(0.0103389338584024,-6.3254947083844E-19,-0.0766696882337277));
#1616=CARTESIAN_POINT('',(0.0103388494875949,-0.00490678289031535,-0.076669685507609));
#1617=CARTESIAN_POINT('',(0.0103343808422927,-0.0141023360799718,-0.076663714605313));
#1618=CARTESIAN_POINT('',(0.0100580313160256,-0.0273040505296487,-0.0760327575330662));
#1619=CARTESIAN_POINT('',(0.00966838594560026,-0.0364731376880192,-0.0751474107143652));
#1620=CARTESIAN_POINT('',(0.0091041730460834,-0.0439249704479639,-0.07389069349035));
#1621=CARTESIAN_POINT('',(0.0084594708878143,-0.0492209601619119,-0.0724954234247622));
#1622=CARTESIAN_POINT('',(0.00779251679364395,-0.0528945231182359,-0.0710903485343378));
#1623=CARTESIAN_POINT('',(0.00714447164965062,-0.0554219591263795,-0.0697443295534286));
#1624=CARTESIAN_POINT('',(0.0065343733695073,-0.0571609387748154,-0.0684684533765184));
#1625=CARTESIAN_POINT('',(0.00596734182439223,-0.0583923300094852,-0.0672484151447535));
#1626=CARTESIAN_POINT('',(0.00541966561907933,-0.0593037287825139,-0.0660171073419881));
#1627=CARTESIAN_POINT('',(0.00488191441823291,-0.0599469721365055,-0.0647265516149892));
#1628=CARTESIAN_POINT('',(0.0043115054899141,-0.0603894243180686,-0.0632483083859133));
#1629=CARTESIAN_POINT('',(0.00394099094624347,-0.0605000965932754,-0.0621949775190558));
#1630=CARTESIAN_POINT('',(0.00373106203472199,-0.0605,-0.0615641564104171));
#1631=CARTESIAN_POINT('',(0.0110041388257859,-8.41393054879528E-20,-0.0758457802079685));
#1632=CARTESIAN_POINT('',(0.0110040519555312,-0.00490625901399537,-0.0758457560829435));
#1633=CARTESIAN_POINT('',(0.0109850774376421,-0.0140990142471926,-0.0758518386704101));
#1634=CARTESIAN_POINT('',(0.0106861572088658,-0.0272957590396127,-0.0752708347083751));
#1635=CARTESIAN_POINT('',(0.0102853325363819,-0.0364602122853033,-0.0744380654185787));
#1636=CARTESIAN_POINT('',(0.00972124909025934,-0.043905685904745,-0.0732430157447406));
#1637=CARTESIAN_POINT('',(0.00908745646201735,-0.0491937439977255,-0.0719101202000585));
#1638=CARTESIAN_POINT('',(0.00843722649788874,-0.0528598775622096,-0.070567316189408));
#1639=CARTESIAN_POINT('',(0.00780552203102393,-0.0553836214273756,-0.0692826881005863));
#1640=CARTESIAN_POINT('',(0.00720594418294839,-0.0571248805016402,-0.0680654626541171));
#1641=CARTESIAN_POINT('',(0.00664151730100479,-0.0583634179064115,-0.0668988483471704));
#1642=CARTESIAN_POINT('',(0.00608900441599919,-0.0592847146799377,-0.0657165010765352));
#1643=CARTESIAN_POINT('',(0.00553985183639942,-0.0599378404419913,-0.0644703558478961));
#1644=CARTESIAN_POINT('',(0.00495430956509349,-0.0603877655114844,-0.0630365760381969));
#1645=CARTESIAN_POINT('',(0.00457515846068326,-0.0605001119316071,-0.0620119105642004));
#1646=CARTESIAN_POINT('',(0.00436241421935628,-0.0605,-0.0613980130548841));
#1647=CARTESIAN_POINT('',(0.0115504146847358,-6.4004104207195E-19,-0.0750708566127871));
#1648=CARTESIAN_POINT('',(0.0115503112581398,-0.00490481562232631,-0.0750708269791548));
#1649=CARTESIAN_POINT('',(0.0115293008184541,-0.0140944361095949,-0.075085850260042));
#1650=CARTESIAN_POINT('',(0.0112307303534218,-0.0272862912566467,-0.0745448723501149));
#1651=CARTESIAN_POINT('',(0.0108329609291522,-0.0364464048142464,-0.0737567271661492));
#1652=CARTESIAN_POINT('',(0.0102753911494066,-0.0438862434000047,-0.072617849183562));
#1653=CARTESIAN_POINT('',(0.00965063188522976,-0.0491676646306074,-0.071344755281494));
#1654=CARTESIAN_POINT('',(0.00901020157896767,-0.0528276771363934,-0.0700626127626228));
#1655=CARTESIAN_POINT('',(0.00838647930806035,-0.0553481827752603,-0.0688374847749295));
#1656=CARTESIAN_POINT('',(0.00779016735389307,-0.0570910388500322,-0.0676768699943757));
#1657=CARTESIAN_POINT('',(0.00722281168431844,-0.0583355769180116,-0.0665621093480428));
#1658=CARTESIAN_POINT('',(0.00666092078461335,-0.0592658119872631,-0.0654277283262567));
#1659=CARTESIAN_POINT('',(0.00609588327458407,-0.0599284737823424,-0.0642253414687578));
#1660=CARTESIAN_POINT('',(0.00548942308436299,-0.0603859861552161,-0.0628351629916389));
#1661=CARTESIAN_POINT('',(0.00509667399320055,-0.06050013047717,-0.0618383003895317));
#1662=CARTESIAN_POINT('',(0.00487777264150006,-0.0605,-0.061240738754165));
#1663=CARTESIAN_POINT('',(0.0119163236987941,4.26877422977446E-20,-0.0745009982128028));
#1664=CARTESIAN_POINT('',(0.0119162127830966,-0.00490319588503054,-0.0745009662737723));
#1665=CARTESIAN_POINT('',(0.0118995189684321,-0.0140905581694318,-0.0745191637060584));
#1666=CARTESIAN_POINT('',(0.0116119204056173,-0.0272792877977984,-0.0740011417412675));
#1667=CARTESIAN_POINT('',(0.0112234543536428,-0.0364366409299167,-0.0732415675015292));
#1668=CARTESIAN_POINT('',(0.0106749246945743,-0.0438727197117865,-0.07214146620052));
#1669=CARTESIAN_POINT('',(0.0100581405432943,-0.0491494902805123,-0.0709114314746109));
#1670=CARTESIAN_POINT('',(0.0094245357584153,-0.0528049174654644,-0.069673848187896));
#1671=CARTESIAN_POINT('',(0.00880572135368362,-0.0553225483543942,-0.0684929109367469));
#1672=CARTESIAN_POINT('',(0.00821092873391895,-0.0570658296361076,-0.0673748972134516));
#1673=CARTESIAN_POINT('',(0.00764063595657752,-0.0583141745685545,-0.066299830331845));
#1674=CARTESIAN_POINT('',(0.00707080538759841,-0.0592507879583083,-0.0652028249348378));
#1675=CARTESIAN_POINT('',(0.00649220828783413,-0.0599207992714564,-0.0640350424084035));
#1676=CARTESIAN_POINT('',(0.00586710991587644,-0.0603844674661397,-0.0626794867413295));
#1677=CARTESIAN_POINT('',(0.00546137523729925,-0.0605001477424428,-0.0617046249487628));
#1678=CARTESIAN_POINT('',(0.00523610085121765,-0.0605,-0.0611199288682019));
#1679=CARTESIAN_POINT('',(0.0121842343894461,-9.20904791941441E-21,-0.0740442618494669));
#1680=CARTESIAN_POINT('',(0.012184104271169,-0.00490165847397196,-0.0740442378759113));
#1681=CARTESIAN_POINT('',(0.0121717176092877,-0.0140868054004316,-0.0740679591808383));
#1682=CARTESIAN_POINT('',(0.0118937834530416,-0.0272726492114126,-0.0735733730353243));
#1683=CARTESIAN_POINT('',(0.0115126620413353,-0.0364277133085074,-0.0728400796724308));
#1684=CARTESIAN_POINT('',(0.0109701440597444,-0.0438610202701179,-0.0717734890748379));
#1685=CARTESIAN_POINT('',(0.0103576340946667,-0.0491345962426408,-0.0705792772262141));
#1686=CARTESIAN_POINT('',(0.00972694813669384,-0.0527869839789805,-0.0693777304665894));
#1687=CARTESIAN_POINT('',(0.00910956051193598,-0.0553027872263131,-0.0682317463552375));
#1688=CARTESIAN_POINT('',(0.00851390228356687,-0.0570465417819549,-0.0671469254382253));
#1689=CARTESIAN_POINT('',(0.00793972531439121,-0.0582977807333529,-0.066102593173839));
#1690=CARTESIAN_POINT('',(0.00736243858846248,-0.0592392093817179,-0.0650344831785088));
#1691=CARTESIAN_POINT('',(0.00677218903943893,-0.0599148373909137,-0.0638934238588189));
#1692=CARTESIAN_POINT('',(0.00613141416249179,-0.0603832723787388,-0.0625644613551053));
#1693=CARTESIAN_POINT('',(0.00571476265167788,-0.0605001610623067,-0.0616063063691113));
#1694=CARTESIAN_POINT('',(0.00548407006591783,-0.0605,-0.061031284375652));
#1695=CARTESIAN_POINT('',(0.0123685972619031,5.67254536857559E-21,-0.0737228431067511));
#1696=CARTESIAN_POINT('',(0.0123684814472799,-0.00490025397891005,-0.0737228124145287));
#1697=CARTESIAN_POINT('',(0.0123642694178933,-0.0140845211496156,-0.0737419781608833));
#1698=CARTESIAN_POINT('',(0.0121035691910562,-0.0272694303206758,-0.0732491793059608));
#1699=CARTESIAN_POINT('',(0.0117355975428139,-0.0364234409149717,-0.0725248052710736));
#1700=CARTESIAN_POINT('',(0.0112040859787326,-0.0438547887985887,-0.0714756511428059));
#1701=CARTESIAN_POINT('',(0.0105996182144009,-0.0491255165596221,-0.0703040119593433));
#1702=CARTESIAN_POINT('',(0.00997478003279588,-0.0527747380616501,-0.0691276505233375));
#1703=CARTESIAN_POINT('',(0.00936136354044417,-0.0552880914011589,-0.068007759646614));
#1704=CARTESIAN_POINT('',(0.00876739726275075,-0.057031251610982,-0.066948997179407));
#1705=CARTESIAN_POINT('',(0.00819204791286678,-0.0582841246762666,-0.0659297464587195));
#1706=CARTESIAN_POINT('',(0.00761018993355101,-0.0592291415673506,-0.064885975124877));
#1707=CARTESIAN_POINT('',(0.00701110877641829,-0.0599094704414921,-0.0637680465523596));
#1708=CARTESIAN_POINT('',(0.00635713364301071,-0.0603821512446617,-0.0624625047517881));
#1709=CARTESIAN_POINT('',(0.00593049987767474,-0.0605001752056804,-0.06151925766982));
#1710=CARTESIAN_POINT('',(0.00569459549438063,-0.0605,-0.060952915022615));
#1711=CARTESIAN_POINT('',(0.0126370722637123,-2.91656868750062E-21,-0.0732590386001234));
#1712=CARTESIAN_POINT('',(0.0126369591679958,-0.00489845247622366,-0.0732590086293152));
#1713=CARTESIAN_POINT('',(0.0126426113711507,-0.0140811121706999,-0.0732745215377588));
#1714=CARTESIAN_POINT('',(0.0124018003612678,-0.0272640667450568,-0.0727897774157173));
#1715=CARTESIAN_POINT('',(0.0120481739898912,-0.0364162688131605,-0.0720822248805175));
#1716=CARTESIAN_POINT('',(0.0115274635687254,-0.0438449172679106,-0.0710613221231429));
#1717=CARTESIAN_POINT('',(0.0109296749177857,-0.0491121011283182,-0.0699241365593651));
#1718=CARTESIAN_POINT('',(0.0103087100846004,-0.0527575469617301,-0.068784834445847));
#1719=CARTESIAN_POINT('',(0.0096970682635624,-0.0552680505289641,-0.0677022774622283));
#1720=CARTESIAN_POINT('',(0.00910247025930222,-0.0570106310208177,-0.0666800134477052));
#1721=CARTESIAN_POINT('',(0.00852335874228338,-0.0582657038028521,-0.0656954828601002));
#1722=CARTESIAN_POINT('',(0.0079337384768908,-0.0592154558464878,-0.0646852264084999));
#1723=CARTESIAN_POINT('',(0.00732160145934242,-0.0599020822585744,-0.0635990662612998));
#1724=CARTESIAN_POINT('',(0.00664878073427161,-0.0603805721535029,-0.0623255538009118));
#1725=CARTESIAN_POINT('',(0.00620797082286523,-0.0605001952298926,-0.0614025382813251));
#1726=CARTESIAN_POINT('',(0.00596455675261762,-0.0605,-0.0608479353348735));
#1727=CARTESIAN_POINT('',(0.0129929706297544,2.21694366078502E-21,-0.0726418833693203));
#1728=CARTESIAN_POINT('',(0.0129928687128788,-0.00489606753403691,-0.0726418528560858));
#1729=CARTESIAN_POINT('',(0.0130140305657349,-0.0140769103317633,-0.0726475693122451));
#1730=CARTESIAN_POINT('',(0.012803297919956,-0.027257660483651,-0.0721654336119013));
#1731=CARTESIAN_POINT('',(0.0124706612764579,-0.0364076659478359,-0.0714753932675867));
#1732=CARTESIAN_POINT('',(0.0119647822872274,-0.0438328358634452,-0.0704895199753079));
#1733=CARTESIAN_POINT('',(0.0113750898303625,-0.0490953305149902,-0.0693976519141612));
#1734=CARTESIAN_POINT('',(0.0107578397863465,-0.0527356319469375,-0.0683082524099967));
#1735=CARTESIAN_POINT('',(0.0101470434427976,-0.0552419881119667,-0.0672764606195964));
#1736=CARTESIAN_POINT('',(0.0095504273985492,-0.0569832061935594,-0.0663041476285896));
#1737=CARTESIAN_POINT('',(0.00896556136051696,-0.0582405994004925,-0.0653675159884466));
#1738=CARTESIAN_POINT('',(0.0083650886478423,-0.0591962838097089,-0.0644039501248759));
#1739=CARTESIAN_POINT('',(0.00773484613091506,-0.0598914353050195,-0.0633624775575738));
#1740=CARTESIAN_POINT('',(0.00703538881233106,-0.0603782013793677,-0.0621341450803799));
#1741=CARTESIAN_POINT('',(0.00657397963319163,-0.060500226529195,-0.061239563122876));
#1742=CARTESIAN_POINT('',(0.00631936413999725,-0.0605000000000001,-0.0607014272988247));
#1743=CARTESIAN_POINT('',(0.0134762312384745,-8.35327776378706E-22,-0.0718052733944385));
#1744=CARTESIAN_POINT('',(0.0134761381362806,-0.00489325696392367,-0.0718052469143062));
#1745=CARTESIAN_POINT('',(0.0135171853536316,-0.0140717521463191,-0.0717961813833585));
#1746=CARTESIAN_POINT('',(0.013343078724078,-0.0272493827441595,-0.0713156925803248));
#1747=CARTESIAN_POINT('',(0.0130345850660182,-0.0363963252435333,-0.0706487150103418));
#1748=CARTESIAN_POINT('',(0.0125437229568759,-0.0438169175354416,-0.0697106280270192));
#1749=CARTESIAN_POINT('',(0.0119598786182786,-0.0490734612442967,-0.0686810554995467));
#1750=CARTESIAN_POINT('',(0.0113428385830142,-0.0527072695712726,-0.0676601416169045));
#1751=CARTESIAN_POINT('',(0.0107290333762789,-0.055208222499044,-0.0666976231314258));
#1752=CARTESIAN_POINT('',(0.0101266027385587,-0.0569472647022548,-0.0657931223921347));
#1753=CARTESIAN_POINT('',(0.00953210276704991,-0.0582070455799026,-0.0649215122554002));
#1754=CARTESIAN_POINT('',(0.00891615868740618,-0.0591699473160673,-0.0640216040584047));
#1755=CARTESIAN_POINT('',(0.00826132385475442,-0.0598763316662036,-0.0630413885432799));
#1756=CARTESIAN_POINT('',(0.00752557941703185,-0.0603746693342409,-0.0618748348364708));
#1757=CARTESIAN_POINT('',(0.00703562657902568,-0.0605002745408802,-0.0610186527996475));
#1758=CARTESIAN_POINT('',(0.00676518359769704,-0.0605,-0.0605026345891201));
#1759=CARTESIAN_POINT('',(0.0140983298673361,5.80669332760641E-22,-0.0707276098616938));
#1760=CARTESIAN_POINT('',(0.0140982554807236,-0.00489045990859086,-0.0707275871048366));
#1761=CARTESIAN_POINT('',(0.014162408652599,-0.0140664813039947,-0.0706952254032878));
#1762=CARTESIAN_POINT('',(0.01402869682279,-0.0272401942558462,-0.0702099876693155));
#1763=CARTESIAN_POINT('',(0.0137454855100348,-0.0363830339283608,-0.0695686327547162));
#1764=CARTESIAN_POINT('',(0.013268484850791,-0.0437975439683859,-0.0686900390808803));
#1765=CARTESIAN_POINT('',(0.0126876840836166,-0.0490463554657319,-0.0677404847732834));
#1766=CARTESIAN_POINT('',(0.012067268018608,-0.0526717815933568,-0.066808576739677));
#1767=CARTESIAN_POINT('',(0.0114467293133084,-0.0551655635474174,-0.0659364476964931));
#1768=CARTESIAN_POINT('',(0.0108349047537598,-0.056901154006617,-0.0651205954585305));
#1769=CARTESIAN_POINT('',(0.0102271697643833,-0.058163051735392,-0.0643342998277199));
#1770=CARTESIAN_POINT('',(0.00959146067489171,-0.0591343857376249,-0.0635184148112172));
#1771=CARTESIAN_POINT('',(0.00890576685946056,-0.0598552093241889,-0.062619441205846));
#1772=CARTESIAN_POINT('',(0.00812397939436081,-0.0603694593195479,-0.0615342057243856));
#1773=CARTESIAN_POINT('',(0.0075973620084059,-0.0605003468230909,-0.0607273411657778));
#1774=CARTESIAN_POINT('',(0.00730643768876231,-0.0605,-0.0602394200212936));
#1775=CARTESIAN_POINT('',(0.0149033060099526,-1.65912812441173E-21,-0.069333429126));
#1776=CARTESIAN_POINT('',(0.0149032575557706,-0.00488881842530888,-0.0693334071028752));
#1777=CARTESIAN_POINT('',(0.0149831155519058,-0.0140626659134864,-0.0692749357206303));
#1778=CARTESIAN_POINT('',(0.0148728187015531,-0.0272318496644037,-0.068789478060696));
#1779=CARTESIAN_POINT('',(0.0146015125820371,-0.0363695640615554,-0.0681844098823734));
#1780=CARTESIAN_POINT('',(0.0141271900101825,-0.0437764102155888,-0.0673838629947692));
#1781=CARTESIAN_POINT('',(0.0135419159330585,-0.0490154316577995,-0.0665370787345111));
#1782=CARTESIAN_POINT('',(0.0129137374030383,-0.052629988129696,-0.0657182455465711));
#1783=CARTESIAN_POINT('',(0.0122845669675373,-0.0551138424086045,-0.0649601030339215));
#1784=CARTESIAN_POINT('',(0.011663466871165,-0.0568433631213196,-0.0642556480109417));
#1785=CARTESIAN_POINT('',(0.0110438801199164,-0.0581057521559025,-0.0635768409795285));
#1786=CARTESIAN_POINT('',(0.0103901405714254,-0.0590858508182045,-0.0628675887834788));
#1787=CARTESIAN_POINT('',(0.00967370543213449,-0.0598248349813312,-0.0620723920745017));
#1788=CARTESIAN_POINT('',(0.0088417897662901,-0.0603614274484422,-0.0610898366111466));
#1789=CARTESIAN_POINT('',(0.00827284563775276,-0.0605004687932212,-0.0603428896633887));
#1790=CARTESIAN_POINT('',(0.00795803334007759,-0.0605,-0.0598887212647308));
#1791=CARTESIAN_POINT('',(0.0159253182864999,1.40314917198098E-20,-0.0675632076740933));
#1792=CARTESIAN_POINT('',(0.0159252878701032,-0.00488897228306693,-0.0675631869437159));
#1793=CARTESIAN_POINT('',(0.016000309285162,-0.0140614164850138,-0.0674919187339389));
#1794=CARTESIAN_POINT('',(0.0158714605740617,-0.0272265705959028,-0.0670404740839804));
#1795=CARTESIAN_POINT('',(0.0155810884253115,-0.0363592486116365,-0.0665024140314958));
#1796=CARTESIAN_POINT('',(0.01508549869491,-0.0437581792259642,-0.0658117603941852));
#1797=CARTESIAN_POINT('',(0.0144813255554057,-0.0489865380009187,-0.0650959986212235));
#1798=CARTESIAN_POINT('',(0.0138386294591694,-0.0525883752551524,-0.0644137902243885));
#1799=CARTESIAN_POINT('',(0.0132000192834045,-0.0550592365387358,-0.0637884931227009));
#1800=CARTESIAN_POINT('',(0.012573969735432,-0.0567784550131981,-0.063210663583388));
#1801=CARTESIAN_POINT('',(0.0119511483713957,-0.0580369652248586,-0.0626527649122885));
#1802=CARTESIAN_POINT('',(0.0112917024363404,-0.0590228986050275,-0.0620636438599778));
#1803=CARTESIAN_POINT('',(0.0105583493815171,-0.0597819163812863,-0.061386266793004));
#1804=CARTESIAN_POINT('',(0.00968597804222705,-0.0603488462161096,-0.0605189988379854));
#1805=CARTESIAN_POINT('',(0.00907376007757469,-0.0605007053798802,-0.059836338814285));
#1806=CARTESIAN_POINT('',(0.00873241484688318,-0.0605,-0.0594190780350495));
#1807=CARTESIAN_POINT('',(0.0170893081724669,-6.53169747585975E-20,-0.0655471330818605));
#1808=CARTESIAN_POINT('',(0.0170892938506466,-0.00489091719490074,-0.065547107069443));
#1809=CARTESIAN_POINT('',(0.0171271886624232,-0.0140630492457493,-0.065499685963019));
#1810=CARTESIAN_POINT('',(0.0169174291605124,-0.027225327723973,-0.0651549120101467));
#1811=CARTESIAN_POINT('',(0.0165647832524324,-0.0363536136803438,-0.064735320335702));
#1812=CARTESIAN_POINT('',(0.0160181972361932,-0.0437450559424482,-0.0641915058350174));
#1813=CARTESIAN_POINT('',(0.0153807872379391,-0.0489627731711953,-0.0636261564330038));
#1814=CARTESIAN_POINT('',(0.0147202491591221,-0.0525512508880919,-0.0630867101506645));
#1815=CARTESIAN_POINT('',(0.0140762067260583,-0.0550075145099092,-0.0625913072940607));
#1816=CARTESIAN_POINT('',(0.0134546702314845,-0.0567135340100752,-0.062131198306801));
#1817=CARTESIAN_POINT('',(0.0128426011879929,-0.0579642469799239,-0.0616822558257342));
#1818=CARTESIAN_POINT('',(0.0121963502550174,-0.0589519238557327,-0.061199735654941));
#1819=CARTESIAN_POINT('',(0.0114697486447201,-0.059729803193599,-0.0606261880486844));
#1820=CARTESIAN_POINT('',(0.0105809151960147,-0.0603323939235404,-0.0598572602069186));
#1821=CARTESIAN_POINT('',(0.00993476203081852,-0.0605011203120761,-0.0592243901248696));
#1822=CARTESIAN_POINT('',(0.00957090997160963,-0.0605,-0.0588372495905809));
#1823=CARTESIAN_POINT('',(0.0182940447973012,2.42568850462909E-19,-0.063460463773425));
#1824=CARTESIAN_POINT('',(0.0182939950854081,-0.00489196485718186,-0.0634604933196338));
#1825=CARTESIAN_POINT('',(0.0182851847087133,-0.0140634413435485,-0.0634679735381829));
#1826=CARTESIAN_POINT('',(0.0179721245572494,-0.0272234120898938,-0.0632932125104871));
#1827=CARTESIAN_POINT('',(0.0175391243852188,-0.0363485454097788,-0.063035906452958));
#1828=CARTESIAN_POINT('',(0.0169268445240661,-0.0437344379999855,-0.0626636791689499));
#1829=CARTESIAN_POINT('',(0.0162484024986808,-0.0489435341315957,-0.0622493241952458));
#1830=CARTESIAN_POINT('',(0.0155691964637273,-0.0525202370408729,-0.0618349718349446));
#1831=CARTESIAN_POINT('',(0.0149244758830541,-0.054962752065361,-0.0614412670305555));
#1832=CARTESIAN_POINT('',(0.0143161839551146,-0.0566553487501924,-0.0610660087384671));
#1833=CARTESIAN_POINT('',(0.0137261411892872,-0.057896657578573,-0.0606926861413331));
#1834=CARTESIAN_POINT('',(0.0131067803822167,-0.0588829397560664,-0.0602842077699849));
#1835=CARTESIAN_POINT('',(0.0124028001345393,-0.0596760493418637,-0.0597860097135875));
#1836=CARTESIAN_POINT('',(0.0115107948910029,-0.060314268629452,-0.0590931058553443));
#1837=CARTESIAN_POINT('',(0.0108289750324746,-0.0605016722142449,-0.0585019933253517));
#1838=CARTESIAN_POINT('',(0.0104394452596642,-0.0605,-0.0581427031419441));
#1839=CARTESIAN_POINT('',(0.0194718549678249,-9.0495842709304E-19,-0.0614204378604787));
#1840=CARTESIAN_POINT('',(0.0194718069206758,-0.00488985656958594,-0.0614204543409231));
#1841=CARTESIAN_POINT('',(0.0194510108081712,-0.0140591852149943,-0.061463360450086));
#1842=CARTESIAN_POINT('',(0.0191017885624041,-0.027215836264619,-0.061409517886757));
#1843=CARTESIAN_POINT('',(0.0186349083343481,-0.0363377381886335,-0.0612730076302621));
#1844=CARTESIAN_POINT('',(0.0179879687070815,-0.0437189788870656,-0.0610358070471909));
#1845=CARTESIAN_POINT('',(0.0172808439854602,-0.0489219796874118,-0.0607481284364755));
#1846=CARTESIAN_POINT('',(0.0165803989808003,-0.0524913806567343,-0.0604461729131124));
#1847=CARTESIAN_POINT('',(0.0159214291330406,-0.0549261235250979,-0.0601499903998631));
#1848=CARTESIAN_POINT('',(0.0153045180815882,-0.0566116044569888,-0.0598605283016784));
#1849=CARTESIAN_POINT('',(0.0147090967637104,-0.0578482332766019,-0.0595661102702683));
#1850=CARTESIAN_POINT('',(0.0140846403576971,-0.0588344471835656,-0.0592364487042606));
#1851=CARTESIAN_POINT('',(0.0133690990647802,-0.0596376150760943,-0.0588213713156207));
#1852=CARTESIAN_POINT('',(0.0124408826840375,-0.0603005827752899,-0.0582205159893209));
#1853=CARTESIAN_POINT('',(0.0117059712824306,-0.0605020946127415,-0.0576880148668668));
#1854=CARTESIAN_POINT('',(0.0112818475274632,-0.0605,-0.0573650023901606));
#1855=CARTESIAN_POINT('',(0.0205803991567375,3.13936356429801E-18,-0.0595003827083642));
#1856=CARTESIAN_POINT('',(0.0205803825647712,-0.00488875773959942,-0.0595003626171343));
#1857=CARTESIAN_POINT('',(0.020572406425344,-0.0140568367964566,-0.059527111180495));
#1858=CARTESIAN_POINT('',(0.0202326132447591,-0.027211777068317,-0.0594923548560185));
#1859=CARTESIAN_POINT('',(0.0197616563426636,-0.0363320611913534,-0.0594049573713482));
#1860=CARTESIAN_POINT('',(0.0190969806242925,-0.0437109704671024,-0.0592530800840881));
#1861=CARTESIAN_POINT('',(0.0183637355839235,-0.048910814438302,-0.0590686448610264));
#1862=CARTESIAN_POINT('',(0.0176340923110994,-0.0524762009038172,-0.0588744482351624));
#1863=CARTESIAN_POINT('',(0.0169462700190854,-0.0549062935970123,-0.058682624320038));
#1864=CARTESIAN_POINT('',(0.0163020487549129,-0.0565869100850502,-0.0584924013158339));
#1865=CARTESIAN_POINT('',(0.015680344731133,-0.0578193861188032,-0.0582940977101372));
#1866=CARTESIAN_POINT('',(0.0150279599425982,-0.0588034323547437,-0.0580643576947201));
#1867=CARTESIAN_POINT('',(0.0142773248419402,-0.0596102465862334,-0.0577598289266667));
#1868=CARTESIAN_POINT('',(0.0132908488901662,-0.0602884714055016,-0.0572903324987783));
#1869=CARTESIAN_POINT('',(0.0124912189261629,-0.0605022844684476,-0.056845941593895));
#1870=CARTESIAN_POINT('',(0.012026311012482,-0.0605,-0.0565706894175159));
#1871=CARTESIAN_POINT('',(0.0215631211344763,-3.21248156527292E-19,-0.0577982583703468));
#1872=CARTESIAN_POINT('',(0.021563109938848,-0.00488926917240565,-0.0577982356823039));
#1873=CARTESIAN_POINT('',(0.0215679878382681,-0.0140571195270189,-0.0577929873176344));
#1874=CARTESIAN_POINT('',(0.0212350295553414,-0.0272111578402936,-0.0577429793794255));
#1875=CARTESIAN_POINT('',(0.0207560030141375,-0.0363303427923653,-0.057678776597998));
#1876=CARTESIAN_POINT('',(0.0200676706547244,-0.0437075898621163,-0.0575915003129208));
#1877=CARTESIAN_POINT('',(0.0193017361320325,-0.0489051493835092,-0.0574965757626642));
#1878=CARTESIAN_POINT('',(0.0185366274611374,-0.0524675963719009,-0.0574011209105486));
#1879=CARTESIAN_POINT('',(0.0178146151515248,-0.0548942251550892,-0.0573070954278568));
#1880=CARTESIAN_POINT('',(0.0171390425504772,-0.056571106747126,-0.0572102047676114));
#1881=CARTESIAN_POINT('',(0.0164885524918447,-0.0578001864029164,-0.0571015198808059));
#1882=CARTESIAN_POINT('',(0.0158076039256417,-0.0587820298649662,-0.0569636983904559));
#1883=CARTESIAN_POINT('',(0.0150247010702775,-0.0595905514534464,-0.0567596505598655));
#1884=CARTESIAN_POINT('',(0.0139890071838087,-0.0602792265816259,-0.0564115898031369));
#1885=CARTESIAN_POINT('',(0.0131339941288301,-0.0605024318450558,-0.056055531771658));
#1886=CARTESIAN_POINT('',(0.0126313218012935,-0.0605,-0.0558331772237362));
#1887=CARTESIAN_POINT('',(0.0223583632051176,5.66766415996518E-20,-0.0564208586934397));
#1888=CARTESIAN_POINT('',(0.0223583571479671,-0.00489058078034497,-0.0564208282988711));
#1889=CARTESIAN_POINT('',(0.0223644537993766,-0.0140587941364073,-0.0563964045579347));
#1890=CARTESIAN_POINT('',(0.0220186413173756,-0.0272126387891446,-0.0563447194458855));
#1891=CARTESIAN_POINT('',(0.0215197461562608,-0.0363313937714937,-0.0563053106710629));
#1892=CARTESIAN_POINT('',(0.0208021082677823,-0.0437079921052408,-0.0562728480159533));
#1893=CARTESIAN_POINT('',(0.0200034842333021,-0.0489046363410895,-0.0562498714531049));
#1894=CARTESIAN_POINT('',(0.0192061729194239,-0.0524658302246083,-0.0562320334731861));
#1895=CARTESIAN_POINT('',(0.0184546228093291,-0.0548908704121807,-0.0562139083096869));
#1896=CARTESIAN_POINT('',(0.0177526836558583,-0.0565658929723492,-0.0561887167957897));
#1897=CARTESIAN_POINT('',(0.0170783501950866,-0.0577930966812435,-0.0561482314318242));
#1898=CARTESIAN_POINT('',(0.0163741348934142,-0.0587734187180364,-0.0560797292430069));
#1899=CARTESIAN_POINT('',(0.0155660385530028,-0.0595820232067122,-0.0559509149383718));
#1900=CARTESIAN_POINT('',(0.0144951271435493,-0.0602749503973171,-0.0556945129365022));
#1901=CARTESIAN_POINT('',(0.013603540844698,-0.0605025130689844,-0.0554078414003537));
#1902=CARTESIAN_POINT('',(0.0130760234529501,-0.0605,-0.0552282608505679));
#1903=CARTESIAN_POINT('',(0.0229955606409157,-1.05910133829963E-20,-0.0553172003612954));
#1904=CARTESIAN_POINT('',(0.022995548054621,-0.00489130011484666,-0.0553171847706814));
#1905=CARTESIAN_POINT('',(0.0229938548848143,-0.0140598103653687,-0.0552968149194923));
#1906=CARTESIAN_POINT('',(0.0226202601028914,-0.0272130972702737,-0.055280298682585));
#1907=CARTESIAN_POINT('',(0.0220926858049091,-0.0363307708197884,-0.0552854192631615));
#1908=CARTESIAN_POINT('',(0.0213418641356359,-0.0437056383129277,-0.055312528256901));
#1909=CARTESIAN_POINT('',(0.0205115155270491,-0.0489001750560499,-0.0553525572587786));
#1910=CARTESIAN_POINT('',(0.019686313254441,-0.0524591845351346,-0.0553946933951138));
#1911=CARTESIAN_POINT('',(0.018911546561882,-0.0548823077966341,-0.0554302439546474));
#1912=CARTESIAN_POINT('',(0.018190712365189,-0.0565560745303227,-0.0554520789537124));
#1913=CARTESIAN_POINT('',(0.017500512017281,-0.0577830917622132,-0.0554534722917641));
#1914=CARTESIAN_POINT('',(0.0167814343726675,-0.0587647280383378,-0.055424983662811));
#1915=CARTESIAN_POINT('',(0.015956762769837,-0.0595769592786304,-0.055337063040781));
#1916=CARTESIAN_POINT('',(0.0148606728962152,-0.0602751286498882,-0.0551304317541423));
#1917=CARTESIAN_POINT('',(0.013944653903529,-0.0605027486151489,-0.0548889681099053));
#1918=CARTESIAN_POINT('',(0.0134022266845869,-0.0605,-0.0547442095496267));
#1919=CARTESIAN_POINT('',(0.0235058889355398,1.071934478408E-21,-0.0544332858262738));
#1920=CARTESIAN_POINT('',(0.0235058552991448,-0.00489091722559441,-0.054433303730423));
#1921=CARTESIAN_POINT('',(0.023497512330977,-0.0140592844864082,-0.0544282718405061));
#1922=CARTESIAN_POINT('',(0.0230984176240723,-0.0272116274776941,-0.054464378994366));
#1923=CARTESIAN_POINT('',(0.0225439183941748,-0.0363278213410225,-0.0545227585556879));
#1924=CARTESIAN_POINT('',(0.0217617262802453,-0.0437002509116268,-0.0546100601719151));
#1925=CARTESIAN_POINT('',(0.0209016304317216,-0.048891792275869,-0.0547064813154833));
#1926=CARTESIAN_POINT('',(0.0200508140857619,-0.0524477835475112,-0.0547975564143074));
#1927=CARTESIAN_POINT('',(0.019255396634688,-0.0548684646243127,-0.0548736042365611));
#1928=CARTESIAN_POINT('',(0.0185184931477255,-0.056541013328488,-0.0549282408083519));
#1929=CARTESIAN_POINT('',(0.0178154297142089,-0.0577686315454377,-0.0549564765364309));
#1930=CARTESIAN_POINT('',(0.0170846918331956,-0.0587532792534963,-0.0549510963749272));
#1931=CARTESIAN_POINT('',(0.0162467399234275,-0.0595718614481886,-0.0548833503507087));
#1932=CARTESIAN_POINT('',(0.0151291603481269,-0.0602772917279595,-0.0546983967850623));
#1933=CARTESIAN_POINT('',(0.0141946019100342,-0.0605030712739874,-0.0544820442981775));
#1934=CARTESIAN_POINT('',(0.0136430219275815,-0.0605,-0.0543624476199968));
#1935=CARTESIAN_POINT('',(0.0239510718920236,-2.77672761391772E-22,-0.0536622063270025));
#1936=CARTESIAN_POINT('',(0.0239510095640365,-0.00488956999815775,-0.0536622598288327));
#1937=CARTESIAN_POINT('',(0.0239378043990157,-0.0140573708425511,-0.0536809824064964));
#1938=CARTESIAN_POINT('',(0.0235165283362626,-0.0272082433116923,-0.0537817968552024));
#1939=CARTESIAN_POINT('',(0.0229376146453231,-0.0363224505189244,-0.053898780498731));
#1940=CARTESIAN_POINT('',(0.0221266035655771,-0.0436918256579972,-0.0540454971539982));
#1941=CARTESIAN_POINT('',(0.0212394188169638,-0.048879990847348,-0.0541924110514954));
#1942=CARTESIAN_POINT('',(0.0203657577894251,-0.0524331967707081,-0.0543234690268289));
#1943=CARTESIAN_POINT('',(0.0195523297879144,-0.0548525512396001,-0.0544295647159884));
#1944=CARTESIAN_POINT('',(0.0188014843450515,-0.0565260730514018,-0.0545057507343034));
#1945=CARTESIAN_POINT('',(0.0180866604927814,-0.0577574274202393,-0.0545489417237921));
#1946=CARTESIAN_POINT('',(0.0173437872222139,-0.0587488203110508,-0.0545535618641117));
#1947=CARTESIAN_POINT('',(0.0164893278454895,-0.0595764406409021,-0.0544913834011856));
#1948=CARTESIAN_POINT('',(0.0153457203073362,-0.0602854243672257,-0.0543145256295629));
#1949=CARTESIAN_POINT('',(0.0143963725271666,-0.0605032406168571,-0.0541228764646966));
#1950=CARTESIAN_POINT('',(0.0138399509460472,-0.0605,-0.0540302029590354));
#1951=CARTESIAN_POINT('',(0.0244076042645323,1.77592947854965E-22,-0.0528714690625102));
#1952=CARTESIAN_POINT('',(0.0244074707578567,-0.00488692634359427,-0.0528715860409532));
#1953=CARTESIAN_POINT('',(0.0243936365118435,-0.0140535262560083,-0.05292217047246));
#1954=CARTESIAN_POINT('',(0.0239523952320506,-0.027202276789201,-0.0531083530302212));
#1955=CARTESIAN_POINT('',(0.0233463443188856,-0.0363137380839356,-0.0533015139566846));
#1956=CARTESIAN_POINT('',(0.0224993257657221,-0.0436784090191238,-0.0535238992818268));
#1957=CARTESIAN_POINT('',(0.0215761861910092,-0.0488604919976341,-0.0537339811177099));
#1958=CARTESIAN_POINT('',(0.0206714672523192,-0.0524072975263043,-0.053914519635055));
#1959=CARTESIAN_POINT('',(0.0198338414354479,-0.0548212428334476,-0.0540576060534605));
#1960=CARTESIAN_POINT('',(0.019065659752229,-0.0564918062700425,-0.0541601313674996));
#1961=CARTESIAN_POINT('',(0.0183386739726638,-0.0577240846384269,-0.0542208952849909));
#1962=CARTESIAN_POINT('',(0.0175862715416102,-0.0587216890146931,-0.0542352295165301));
#1963=CARTESIAN_POINT('',(0.0167207367533356,-0.0595631165633787,-0.0541717964627646));
#1964=CARTESIAN_POINT('',(0.0155550727478144,-0.0602877351277423,-0.0539812417538303));
#1965=CARTESIAN_POINT('',(0.0145882277968992,-0.0605036279346193,-0.0537873298603443));
#1966=CARTESIAN_POINT('',(0.0140254920210201,-0.0605,-0.0537060875930017));
#1967=CARTESIAN_POINT('',(0.0249661807436041,-1.34097025760802E-22,-0.0519039862208485));
#1968=CARTESIAN_POINT('',(0.0249660199772057,-0.00488289458555093,-0.0519041159084652));
#1969=CARTESIAN_POINT('',(0.0249607701402494,-0.0140473764057198,-0.0519871684602745));
#1970=CARTESIAN_POINT('',(0.0245171455766629,-0.0271947074593841,-0.0522631899454796));
#1971=CARTESIAN_POINT('',(0.0238953849917457,-0.0363057387452821,-0.0525377685103285));
#1972=CARTESIAN_POINT('',(0.0230173419079301,-0.0436702550187423,-0.0528429496276172));
#1973=CARTESIAN_POINT('',(0.0220552458361794,-0.0488524710509925,-0.0531245280603767));
#1974=CARTESIAN_POINT('',(0.0211098491773363,-0.0523998934666849,-0.0533637859031939));
#1975=CARTESIAN_POINT('',(0.0202336802680666,-0.054815257372331,-0.0535537009700131));
#1976=CARTESIAN_POINT('',(0.0194303055126266,-0.0564884825730001,-0.0536929939755194));
#1977=CARTESIAN_POINT('',(0.0186707864291707,-0.0577249013078353,-0.0537826235067028));
#1978=CARTESIAN_POINT('',(0.0178858901628541,-0.0587281156684398,-0.053820019535776));
#1979=CARTESIAN_POINT('',(0.0169850925129059,-0.0595750893212421,-0.0537734120070762));
#1980=CARTESIAN_POINT('',(0.015779541800438,-0.0602967188286247,-0.0535983416483142));
#1981=CARTESIAN_POINT('',(0.0147954902750869,-0.0605034967608427,-0.0534249795356795));
#1982=CARTESIAN_POINT('',(0.0142255721563607,-0.0605,-0.0533609612386163));
#1983=CARTESIAN_POINT('',(0.0256225731464618,3.60270689989066E-22,-0.0507670812293957));
#1984=CARTESIAN_POINT('',(0.0256224568602725,-0.00487855787547312,-0.0507671645665174));
#1985=CARTESIAN_POINT('',(0.0256322280307601,-0.014040680570199,-0.0508757845039001));
#1986=CARTESIAN_POINT('',(0.0252007933271111,-0.0271880161550618,-0.0512310554667938));
#1987=CARTESIAN_POINT('',(0.0245745493033505,-0.0363014800707308,-0.0515818478397459));
#1988=CARTESIAN_POINT('',(0.0236726895583271,-0.043671272907714,-0.0519701616308022));
#1989=CARTESIAN_POINT('',(0.0226719357650129,-0.0488611281792326,-0.0523288191299234));
#1990=CARTESIAN_POINT('',(0.0216792265356675,-0.0524177019503402,-0.0526358973749712));
#1991=CARTESIAN_POINT('',(0.020752029092126,-0.0548426266192475,-0.0528837751194019));
#1992=CARTESIAN_POINT('',(0.0198959832850683,-0.0565245963755157,-0.0530724479524569));
#1993=CARTESIAN_POINT('',(0.0190827035940776,-0.0577671645328681,-0.0532054138905251));
#1994=CARTESIAN_POINT('',(0.01824087932933,-0.0587717426487404,-0.0532842308794826));
#1995=CARTESIAN_POINT('',(0.017280762679857,-0.0596090417064354,-0.0532818185426776));
#1996=CARTESIAN_POINT('',(0.0160226436972731,-0.0603063405104955,-0.0531653612633549));
#1997=CARTESIAN_POINT('',(0.01502035320968,-0.0605029909851733,-0.0530351378495407));
#1998=CARTESIAN_POINT('',(0.0144392014988303,-0.0605,-0.0529904612041545));
#1999=CARTESIAN_POINT('',(0.0263333341330688,-1.27790528032782E-21,-0.0495360070885548));
#2000=CARTESIAN_POINT('',(0.026333291931005,-0.00487665083890523,-0.0495359774007683));
#2001=CARTESIAN_POINT('',(0.026364580504649,-0.0140377035342205,-0.0496326311823229));
#2002=CARTESIAN_POINT('',(0.0259561969019259,-0.0271889631056203,-0.0499998609768778));
#2003=CARTESIAN_POINT('',(0.0253321200849042,-0.0363097485597558,-0.0503829596531766));
#2004=CARTESIAN_POINT('',(0.0244097106238842,-0.0436922496898438,-0.0508280309043365));
#2005=CARTESIAN_POINT('',(0.0233695432758114,-0.0488988419283397,-0.0512561834559496));
#2006=CARTESIAN_POINT('',(0.0223246303074505,-0.0524741499303716,-0.0516368566954315));
#2007=CARTESIAN_POINT('',(0.0213373799861207,-0.0549170006606423,-0.051957049613735));
#2008=CARTESIAN_POINT('',(0.0204155202230263,-0.0566125854646736,-0.0522155724228431));
#2009=CARTESIAN_POINT('',(0.0195324857952842,-0.0578601972342975,-0.0524179291987983));
#2010=CARTESIAN_POINT('',(0.0186164981778281,-0.0588567139275362,-0.0525724329965866));
#2011=CARTESIAN_POINT('',(0.0175844712359354,-0.0596638859008678,-0.0526633771396161));
#2012=CARTESIAN_POINT('',(0.0162738973908539,-0.0603148868532938,-0.0526753978663874));
#2013=CARTESIAN_POINT('',(0.0152550205359376,-0.0605019839472755,-0.0526300313010442));
#2014=CARTESIAN_POINT('',(0.0146572080140865,-0.0605,-0.0526130003377776));
#2015=CARTESIAN_POINT('',(0.0270440470502817,4.75135043132221E-21,-0.0483050162063466));
#2016=CARTESIAN_POINT('',(0.0270440223600101,-0.00487824442779374,-0.0483049420560948));
#2017=CARTESIAN_POINT('',(0.0270852111750811,-0.0140401234001791,-0.0483712898479116));
#2018=CARTESIAN_POINT('',(0.0266702848243692,-0.0271944341341645,-0.0487229539665665));
#2019=CARTESIAN_POINT('',(0.0260241212514738,-0.0363192401669451,-0.0491250673513209));
#2020=CARTESIAN_POINT('',(0.0250617889770148,-0.0437079067379197,-0.0496254552990524));
#2021=CARTESIAN_POINT('',(0.0239723297037514,-0.0489220400796294,-0.0501309506512434));
#2022=CARTESIAN_POINT('',(0.022874674456159,-0.0525052847954723,-0.0505976529189158));
#2023=CARTESIAN_POINT('',(0.0218348098281117,-0.0549551208759297,-0.0510038541757118));
#2024=CARTESIAN_POINT('',(0.0208615670939948,-0.0566550178939844,-0.0513453692555971));
#2025=CARTESIAN_POINT('',(0.0199288179709181,-0.0579024698841922,-0.0516284970436964));
#2026=CARTESIAN_POINT('',(0.018963624677397,-0.0588926508609541,-0.0518673089529208));
#2027=CARTESIAN_POINT('',(0.0178855276145955,-0.0596849071718638,-0.052053178014835));
#2028=CARTESIAN_POINT('',(0.016534852420869,-0.0603166740690706,-0.0521826032350624));
#2029=CARTESIAN_POINT('',(0.0154924970997154,-0.060501395111573,-0.0522183540356217));
#2030=CARTESIAN_POINT('',(0.0148744503436004,-0.0605,-0.0522366871882473));
#2031=CARTESIAN_POINT('',(0.0277401250854594,-1.7727496444961E-20,-0.047099373683386));
#2032=CARTESIAN_POINT('',(0.0277401153353604,-0.00488167272970633,-0.0470992842927584));
#2033=CARTESIAN_POINT('',(0.0277819834904981,-0.0140452638059738,-0.0471313339244727));
#2034=CARTESIAN_POINT('',(0.0273446939525792,-0.0272016020295655,-0.0474585515885858));
#2035=CARTESIAN_POINT('',(0.0266667511022843,-0.0363283668389609,-0.0478737298053273));
#2036=CARTESIAN_POINT('',(0.0256596418977186,-0.0437198406578048,-0.0484263588005403));
#2037=CARTESIAN_POINT('',(0.0245210355911881,-0.0489371942936968,-0.0490091884987322));
#2038=CARTESIAN_POINT('',(0.0233746223446808,-0.0525234418759031,-0.0495637245916085));
#2039=CARTESIAN_POINT('',(0.0222890337763269,-0.0549752950619775,-0.0500583780356901));
#2040=CARTESIAN_POINT('',(0.0212737951811275,-0.0566753520825742,-0.0504851047267994));
#2041=CARTESIAN_POINT('',(0.0203026356737471,-0.0579204862769848,-0.0508502643669664));
#2042=CARTESIAN_POINT('',(0.0193011296066881,-0.0589054306331477,-0.0511729449835587));
#2043=CARTESIAN_POINT('',(0.0181894080409646,-0.0596895719585005,-0.0514495147868774));
#2044=CARTESIAN_POINT('',(0.0168054989504179,-0.0603142713335554,-0.0516858272312453));
#2045=CARTESIAN_POINT('',(0.0157373803373776,-0.0605010609462936,-0.0517943052449146));
#2046=CARTESIAN_POINT('',(0.0150982401599767,-0.0605,-0.0518490879506683));
#2047=CARTESIAN_POINT('',(0.0284067114501595,6.61586353485219E-20,-0.0459448122320928));
#2048=CARTESIAN_POINT('',(0.0284067065912543,-0.00488557679124002,-0.0459447283746115));
#2049=CARTESIAN_POINT('',(0.0284395233365912,-0.0140512009003086,-0.0459542013805959));
#2050=CARTESIAN_POINT('',(0.0279661270130403,-0.0272080318498658,-0.0462735548053995));
#2051=CARTESIAN_POINT('',(0.0272495002207255,-0.0363342763001337,-0.046710204748731));
#2052=CARTESIAN_POINT('',(0.0261960854125293,-0.043724637461701,-0.0473174248796197));
#2053=CARTESIAN_POINT('',(0.0250116371508433,-0.0489402619238735,-0.0479750103314061));
#2054=CARTESIAN_POINT('',(0.0238233244876021,-0.052524004683477,-0.0486118326742083));
#2055=CARTESIAN_POINT('',(0.0227014607227941,-0.0549725620150274,-0.0491877457816551));
#2056=CARTESIAN_POINT('',(0.0216558026717572,-0.0566687137140305,-0.0496913276349717));
#2057=CARTESIAN_POINT('',(0.020659223668677,-0.0579100002389317,-0.0501288393431735));
#2058=CARTESIAN_POINT('',(0.0196353543370629,-0.0588920277168914,-0.0505232496492545));
#2059=CARTESIAN_POINT('',(0.0185024302966553,-0.0596766092483362,-0.0508731715829598));
#2060=CARTESIAN_POINT('',(0.0170909649692922,-0.0603082203178063,-0.05118978076161));
#2061=CARTESIAN_POINT('',(0.0159942491155802,-0.0605011620648683,-0.0513504600262468));
#2062=CARTESIAN_POINT('',(0.0153358924660902,-0.0605,-0.0514374361007951));
#2063=CARTESIAN_POINT('',(0.0289942496649978,-2.29514507154812E-19,-0.0449271661926046));
#2064=CARTESIAN_POINT('',(0.0289942449644428,-0.00488873560822843,-0.0449270964287489));
#2065=CARTESIAN_POINT('',(0.0290158576161492,-0.0140560952935756,-0.0449255260183423));
#2066=CARTESIAN_POINT('',(0.0285061123035525,-0.0272129518900167,-0.0452524768667961));
#2067=CARTESIAN_POINT('',(0.0277535451719137,-0.0363380053662852,-0.0457160494278009));
#2068=CARTESIAN_POINT('',(0.0266600304298174,-0.0437260305258336,-0.046373599256023));
#2069=CARTESIAN_POINT('',(0.0254381189146215,-0.048938252829728,-0.0470939572675078));
#2070=CARTESIAN_POINT('',(0.0242173418278695,-0.0525176057805441,-0.0477968691713403));
#2071=CARTESIAN_POINT('',(0.0230689296989515,-0.0549611253194066,-0.0484363009327954));
#2072=CARTESIAN_POINT('',(0.0220025419071351,-0.0566522001788816,-0.0489987304591497));
#2073=CARTESIAN_POINT('',(0.0209899820280976,-0.0578894460937039,-0.0494906455144625));
#2074=CARTESIAN_POINT('',(0.0199530731477241,-0.0588697106290795,-0.0499379029891347));
#2075=CARTESIAN_POINT('',(0.0188075909380082,-0.0596578620761097,-0.0503400395560111));
#2076=CARTESIAN_POINT('',(0.0173756879902922,-0.0603012070362385,-0.0507106179276472));
#2077=CARTESIAN_POINT('',(0.0162538840664998,-0.0605014397513536,-0.0509042841800228));
#2078=CARTESIAN_POINT('',(0.015580437351267,-0.0605,-0.0510139548854927));
#2079=CARTESIAN_POINT('',(0.0294678575175675,-3.58206690106468E-18,-0.0441068533290903));
#2080=CARTESIAN_POINT('',(0.0294678490073531,-0.00489096033710989,-0.0441068028508639));
#2081=CARTESIAN_POINT('',(0.0294806261683431,-0.0140595880378689,-0.0440992301574425));
#2082=CARTESIAN_POINT('',(0.0289438029825332,-0.0272160837040108,-0.0444347760545296));
#2083=CARTESIAN_POINT('',(0.0281651169227359,-0.0363396305588233,-0.0449194467310241));
#2084=CARTESIAN_POINT('',(0.0270431892959527,-0.0437248931609092,-0.0456136061411908));
#2085=CARTESIAN_POINT('',(0.0257954457204293,-0.0489333508804225,-0.0463781601761791));
#2086=CARTESIAN_POINT('',(0.0245530064965164,-0.0525082748750999,-0.047126645603944));
#2087=CARTESIAN_POINT('',(0.0233875857724979,-0.0549472614013896,-0.047809159334527));
#2088=CARTESIAN_POINT('',(0.0223085635677383,-0.0566344581155415,-0.0484108718168795));
#2089=CARTESIAN_POINT('',(0.0212866507304202,-0.0578694519525594,-0.0489385154535431));
#2090=CARTESIAN_POINT('',(0.0202420711033984,-0.0588501028019102,-0.0494198349554492));
#2091=CARTESIAN_POINT('',(0.0190880568012716,-0.0596434477862752,-0.0498547554341201));
#2092=CARTESIAN_POINT('',(0.0176401100093306,-0.0602973852091699,-0.0502587040988832));
#2093=CARTESIAN_POINT('',(0.0165002121760683,-0.0605017462943414,-0.0504749165646656));
#2094=CARTESIAN_POINT('',(0.0158178219071738,-0.0605,-0.0506025503503006));
#2095=CARTESIAN_POINT('',(0.0298386959043226,-2.65106370589002E-18,-0.0434645424018336));
#2096=CARTESIAN_POINT('',(0.0298386809369102,-0.0048923125668669,-0.0434645161358785));
#2097=CARTESIAN_POINT('',(0.0298455458895362,-0.0140618016735041,-0.0434542207278812));
#2098=CARTESIAN_POINT('',(0.0292905811650033,-0.0272172691199125,-0.0437984996658866));
#2099=CARTESIAN_POINT('',(0.0284944083862196,-0.036338406925148,-0.0442996356904669));
#2100=CARTESIAN_POINT('',(0.0273536500191961,-0.0437193386085526,-0.0450200839671983));
#2101=CARTESIAN_POINT('',(0.0260892800219807,-0.0489219758250781,-0.0458150982618239));
#2102=CARTESIAN_POINT('',(0.0248337579409553,-0.0524902045532154,-0.0465942234242294));
#2103=CARTESIAN_POINT('',(0.0236592633147074,-0.0549224939298424,-0.0473052324535916));
#2104=CARTESIAN_POINT('',(0.022575102594708,-0.0566040544532852,-0.0479326132396936));
#2105=CARTESIAN_POINT('',(0.0215511495753838,-0.0578358007145846,-0.0484832816377837));
#2106=CARTESIAN_POINT('',(0.020506437177514,-0.0588170616742398,-0.0489859551226212));
#2107=CARTESIAN_POINT('',(0.0193514718291785,-0.0596183816971634,-0.0494396542364108));
#2108=CARTESIAN_POINT('',(0.0178931173250485,-0.0602897245896651,-0.0498577227816891));
#2109=CARTESIAN_POINT('',(0.0167344987270186,-0.0605021743009965,-0.0500787800341689));
#2110=CARTESIAN_POINT('',(0.0160427393711925,-0.0605,-0.0502134494307485));
#2111=CARTESIAN_POINT('',(0.0301727294688958,-4.58019117252754E-19,-0.0428859792965595));
#2112=CARTESIAN_POINT('',(0.0301727115790404,-0.00489310537831774,-0.0428859626131499));
#2113=CARTESIAN_POINT('',(0.0301770410564927,-0.0140631184305861,-0.0428725830059754));
#2114=CARTESIAN_POINT('',(0.029614342569807,-0.0272175998847717,-0.0432171006549148));
#2115=CARTESIAN_POINT('',(0.0288104673396805,-0.0363369435145802,-0.0437234020184604));
#2116=CARTESIAN_POINT('',(0.0276609717964609,-0.043715289889155,-0.0444549002678986));
#2117=CARTESIAN_POINT('',(0.0263884676288995,-0.0489153436157614,-0.0452642032303889));
#2118=CARTESIAN_POINT('',(0.0251260567928086,-0.0524817303695505,-0.0460583709441657));
#2119=CARTESIAN_POINT('',(0.023945961089196,-0.0549135114384516,-0.0467835595308966));
#2120=CARTESIAN_POINT('',(0.0228569683117842,-0.0565963961123959,-0.0474235896071277));
#2121=CARTESIAN_POINT('',(0.0218279506450513,-0.0578313867933631,-0.0479853443308947));
#2122=CARTESIAN_POINT('',(0.0207765819854702,-0.0588176958606922,-0.0484981580104932));
#2123=CARTESIAN_POINT('',(0.019611153222734,-0.0596246621306749,-0.0489617487255679));
#2124=CARTESIAN_POINT('',(0.0181376426231338,-0.0602966020299064,-0.0493942690641619));
#2125=CARTESIAN_POINT('',(0.01697483007986,-0.0605023273373034,-0.0496371203995161));
#2126=CARTESIAN_POINT('',(0.016285542452301,-0.0605,-0.049791490471115));
#2127=CARTESIAN_POINT('',(0.0305473053013458,9.93452789487493E-20,-0.0422371949234685));
#2128=CARTESIAN_POINT('',(0.0305472863997826,-0.00489342566034303,-0.0422371877628945));
#2129=CARTESIAN_POINT('',(0.0305467883132639,-0.0140638570746057,-0.0422296470154232));
#2130=CARTESIAN_POINT('',(0.0299725065722717,-0.0272166310661616,-0.0425884970853698));
#2131=CARTESIAN_POINT('',(0.0291588413811039,-0.036333147650801,-0.0431072986993893));
#2132=CARTESIAN_POINT('',(0.0280001607657498,-0.0437076227846339,-0.0438512098028804));
#2133=CARTESIAN_POINT('',(0.0267205626709589,-0.0489042383540444,-0.0446709191753661));
#2134=CARTESIAN_POINT('',(0.0254530787433246,-0.0524688906565349,-0.0454731547009212));
#2135=CARTESIAN_POINT('',(0.02426925429113,-0.054901474069812,-0.0462041414095084));
#2136=CARTESIAN_POINT('',(0.0231766930671061,-0.0565882440691568,-0.046847879249179));
#2137=CARTESIAN_POINT('',(0.0221426805524619,-0.0578298886753509,-0.0474115472485085));
#2138=CARTESIAN_POINT('',(0.0210830691877205,-0.0588248899067942,-0.0479248270639001));
#2139=CARTESIAN_POINT('',(0.0199034352546239,-0.059639307998176,-0.0483884208932342));
#2140=CARTESIAN_POINT('',(0.0184120518542914,-0.0603076728814265,-0.0488278322335063));
#2141=CARTESIAN_POINT('',(0.0172500569862406,-0.0605023015370974,-0.0490932683100926));
#2142=CARTESIAN_POINT('',(0.0165670632798886,-0.0605,-0.0492680823101205));
#2143=CARTESIAN_POINT('',(0.0309216706034918,2.56066227715067E-19,-0.0415887751995609));
#2144=CARTESIAN_POINT('',(0.0309216558474722,-0.00489261882203127,-0.0415887734113837));
#2145=CARTESIAN_POINT('',(0.0309156822795783,-0.0140630771632557,-0.0416000064481389));
#2146=CARTESIAN_POINT('',(0.0303289596383087,-0.027212958384253,-0.0419929824684006));
#2147=CARTESIAN_POINT('',(0.0295060314390055,-0.0363250270924189,-0.0425335573262823));
#2148=CARTESIAN_POINT('',(0.0283408345037543,-0.0436935806159797,-0.0432892399563646));
#2149=CARTESIAN_POINT('',(0.0270583923396021,-0.048885343857362,-0.0441104167640461));
#2150=CARTESIAN_POINT('',(0.0257905488976798,-0.0524482180648394,-0.044907276737933));
#2151=CARTESIAN_POINT('',(0.0246072014238664,-0.054883154961994,-0.0456289765135887));
#2152=CARTESIAN_POINT('',(0.0235140307312283,-0.0565768691686642,-0.0462610669759875));
#2153=CARTESIAN_POINT('',(0.0224762425255014,-0.0578290811893969,-0.0468114681201673));
#2154=CARTESIAN_POINT('',(0.0214076124991514,-0.0588366942953924,-0.0473096890193555));
#2155=CARTESIAN_POINT('',(0.0202109708687497,-0.0596599705669407,-0.04775770141318));
#2156=CARTESIAN_POINT('',(0.0187012708997911,-0.0603207052060583,-0.0481903134853639));
#2157=CARTESIAN_POINT('',(0.0175449122359756,-0.0605020734560636,-0.048472182129149));
#2158=CARTESIAN_POINT('',(0.0168703809583906,-0.0605,-0.0486625313996635));
#2159=CARTESIAN_POINT('',(0.0312546182637416,-8.15538781625916E-19,-0.041012092935747));
#2160=CARTESIAN_POINT('',(0.0312545968796343,-0.00489051073208247,-0.0410120844119382));
#2161=CARTESIAN_POINT('',(0.0312429571419777,-0.0140604930651976,-0.0410566055480395));
#2162=CARTESIAN_POINT('',(0.0306402488498978,-0.0272061209908158,-0.0415082644046624));
#2163=CARTESIAN_POINT('',(0.0298056342262006,-0.0363118194098004,-0.042083449586401));
#2164=CARTESIAN_POINT('',(0.0286349401039486,-0.0436720614955271,-0.0428525687775595));
#2165=CARTESIAN_POINT('',(0.0273541400259622,-0.0488575915601988,-0.0436671931311785));
#2166=CARTESIAN_POINT('',(0.0260917134463627,-0.0524191623518251,-0.0444453057112654));
#2167=CARTESIAN_POINT('',(0.0249140651526,-0.0548588147225483,-0.0451422682091346));
#2168=CARTESIAN_POINT('',(0.0238237903546932,-0.0565633129520444,-0.0457467778129502));
#2169=CARTESIAN_POINT('',(0.0227834963083638,-0.0578303101494136,-0.0462681255501155));
#2170=CARTESIAN_POINT('',(0.021704838576864,-0.058853831375052,-0.0467353293257149));
#2171=CARTESIAN_POINT('',(0.0204889470930193,-0.0596851905664662,-0.0471526494758197));
#2172=CARTESIAN_POINT('',(0.0189629819410265,-0.0603335064519969,-0.0475658842204542));
#2173=CARTESIAN_POINT('',(0.0178158492654954,-0.0605016936322413,-0.0478554690092468));
#2174=CARTESIAN_POINT('',(0.0171498646809261,-0.0605,-0.0480537686538876));
#2175=CARTESIAN_POINT('',(0.0315307235083715,1.32654882580721E-18,-0.0405338646238117));
#2176=CARTESIAN_POINT('',(0.0315306748022126,-0.0048875637737775,-0.0405338354021542));
#2177=CARTESIAN_POINT('',(0.0315148495551212,-0.0140566447718995,-0.0406185694120989));
#2178=CARTESIAN_POINT('',(0.0308953481167964,-0.0271974479580308,-0.0411411402692651));
#2179=CARTESIAN_POINT('',(0.0300478793647809,-0.0362961085365447,-0.0417571804007634));
#2180=CARTESIAN_POINT('',(0.0288726491015638,-0.0436474291753046,-0.0425400871178803));
#2181=CARTESIAN_POINT('',(0.0275967295717354,-0.0488269641217839,-0.0433435195070765));
#2182=CARTESIAN_POINT('',(0.0263434493415312,-0.0523885777377025,-0.0440955300995349));
#2183=CARTESIAN_POINT('',(0.025174367331043,-0.0548350821319415,-0.0447593839480561));
#2184=CARTESIAN_POINT('',(0.0240883318332348,-0.0565526527081196,-0.0453277858932921));
#2185=CARTESIAN_POINT('',(0.0230454177742144,-0.0578358835471796,-0.0458118859178212));
#2186=CARTESIAN_POINT('',(0.0219556863064844,-0.0588749140605707,-0.0462403274106241));
#2187=CARTESIAN_POINT('',(0.0207206772218524,-0.0597108465800217,-0.0466207988342449));
#2188=CARTESIAN_POINT('',(0.0191823211821436,-0.0603441539352893,-0.0470093215755863));
#2189=CARTESIAN_POINT('',(0.0180448508800143,-0.0605013155965044,-0.0472990961413484));
#2190=CARTESIAN_POINT('',(0.0173857484613061,-0.0605,-0.047498820365138));
#2191=CARTESIAN_POINT('',(0.0317966785789526,-5.15393093450649E-18,-0.0400732169290348));
#2192=CARTESIAN_POINT('',(0.0317965153052437,-0.00488343417120079,-0.0400731262359327));
#2193=CARTESIAN_POINT('',(0.0317760268074761,-0.0140511672271256,-0.0402131072150111));
#2194=CARTESIAN_POINT('',(0.0311277465078635,-0.0271847758612309,-0.0408355040994745));
#2195=CARTESIAN_POINT('',(0.0302560365694608,-0.0362726427715724,-0.041508828406303));
#2196=CARTESIAN_POINT('',(0.0290717985399925,-0.0436099615934091,-0.0423111384904331));
#2197=CARTESIAN_POINT('',(0.0278053174826878,-0.0487797381371157,-0.0430998273435015));
#2198=CARTESIAN_POINT('',(0.0265701711533851,-0.0523405763725717,-0.0438164239576796));
#2199=CARTESIAN_POINT('',(0.0254188991001312,-0.0547963120952132,-0.0444347251560937));
#2200=CARTESIAN_POINT('',(0.0243440263730323,-0.0565319618911462,-0.0449529422453191));
#2201=CARTESIAN_POINT('',(0.0233019450075753,-0.0578373390809025,-0.0453850567723468));
#2202=CARTESIAN_POINT('',(0.0222010276013234,-0.0588967032306222,-0.0457595739478333));
#2203=CARTESIAN_POINT('',(0.0209449279308678,-0.0597376318970915,-0.0460896975700272));
#2204=CARTESIAN_POINT('',(0.0193946088270383,-0.060354141649277,-0.0464426905242455));
#2205=CARTESIAN_POINT('',(0.0182668774644083,-0.0605009278761098,-0.0467251873744634));
#2206=CARTESIAN_POINT('',(0.017613710018293,-0.0605,-0.0469210375305319));
#2207=CARTESIAN_POINT('',(0.0320913223581923,1.84516477917855E-18,-0.0395628789332576));
#2208=CARTESIAN_POINT('',(0.0320910277393601,-0.004877395673027,-0.0395626760596143));
#2209=CARTESIAN_POINT('',(0.0320766635015955,-0.0140423092249581,-0.0397615639958374));
#2210=CARTESIAN_POINT('',(0.0314208715719102,-0.0271708498906785,-0.0404842891904507));
#2211=CARTESIAN_POINT('',(0.0305401199159427,-0.0362534005328863,-0.0412097649964015));
#2212=CARTESIAN_POINT('',(0.0293574662176352,-0.043586730149765,-0.0420224414149685));
#2213=CARTESIAN_POINT('',(0.0281031892458306,-0.0487594183453595,-0.0427865623601149));
#2214=CARTESIAN_POINT('',(0.0268812936923005,-0.0523326824980229,-0.0434572494441658));
#2215=CARTESIAN_POINT('',(0.0257364485990353,-0.0548090580999631,-0.0440189582781386));
#2216=CARTESIAN_POINT('',(0.0246557672211998,-0.0565691620773857,-0.0444761252798394));
#2217=CARTESIAN_POINT('',(0.023594730045186,-0.0578943362180041,-0.044847456380522));
#2218=CARTESIAN_POINT('',(0.0224640261684339,-0.0589599103603147,-0.0451637632794839));
#2219=CARTESIAN_POINT('',(0.0211803598714137,-0.0597814257185417,-0.0454480015980309));
#2220=CARTESIAN_POINT('',(0.0196264705917682,-0.060363833586302,-0.0457723419917912));
#2221=CARTESIAN_POINT('',(0.0185121463015494,-0.0605005783765575,-0.0460421360771709));
#2222=CARTESIAN_POINT('',(0.0178637567298674,-0.0605,-0.0462267729076811));
#2223=CARTESIAN_POINT('',(0.0324100431522589,-5.34143564342991E-19,-0.0390108383245054));
#2224=CARTESIAN_POINT('',(0.0324098730712672,-0.00487044591594707,-0.0390106044689035));
#2225=CARTESIAN_POINT('',(0.0324147731294454,-0.0140312372866236,-0.0392530396318267));
#2226=CARTESIAN_POINT('',(0.0318054520138914,-0.0271618333892941,-0.0400337695564252));
#2227=CARTESIAN_POINT('',(0.0309626329230736,-0.0362533566863474,-0.040781583088894));
#2228=CARTESIAN_POINT('',(0.029807379065526,-0.0436054985098987,-0.0415827565087895));
#2229=CARTESIAN_POINT('',(0.0285601452988997,-0.0488052004679147,-0.0423064765058176));
#2230=CARTESIAN_POINT('',(0.0273243304728185,-0.0524094060081313,-0.0429208174673297));
#2231=CARTESIAN_POINT('',(0.0261475969082113,-0.0549140955530543,-0.0434214441598061));
#2232=CARTESIAN_POINT('',(0.0250207689890173,-0.0566911396241119,-0.0438201213020853));
#2233=CARTESIAN_POINT('',(0.0239079514911509,-0.0580138889698937,-0.0441413986123268));
#2234=CARTESIAN_POINT('',(0.02272958002836,-0.0590536235008125,-0.0444190405158072));
#2235=CARTESIAN_POINT('',(0.0214215084538611,-0.0598299329444449,-0.0446805722030817));
#2236=CARTESIAN_POINT('',(0.0198728766921972,-0.0603714222339256,-0.0449879248912388));
#2237=CARTESIAN_POINT('',(0.0187705541013698,-0.060500401425998,-0.0452384353500414));
#2238=CARTESIAN_POINT('',(0.018124764030887,-0.0605,-0.0454055895932336));
#2239=CARTESIAN_POINT('',(0.0327144057572476,1.13361623412416E-19,-0.0384836668287411));
#2240=CARTESIAN_POINT('',(0.0327144892449349,-0.00486513047601558,-0.0384835083028314));
#2241=CARTESIAN_POINT('',(0.0327511277582201,-0.0140224474984786,-0.0387265624462153));
#2242=CARTESIAN_POINT('',(0.032237274991507,-0.0271653310860959,-0.0394746285442253));
#2243=CARTESIAN_POINT('',(0.0314688793710074,-0.036281281737966,-0.0401838461393244));
#2244=CARTESIAN_POINT('',(0.0303480455332491,-0.0436725295085083,-0.0409358863519921));
#2245=CARTESIAN_POINT('',(0.0290822255793031,-0.048913519915316,-0.041609300640946));
#2246=CARTESIAN_POINT('',(0.0277926183599688,-0.0525496618445309,-0.0421796125631982));
#2247=CARTESIAN_POINT('',(0.0265464716255585,-0.0550695312786258,-0.0426458755376993));
#2248=CARTESIAN_POINT('',(0.0253493129592999,-0.0568401359361802,-0.0430212568296803));
#2249=CARTESIAN_POINT('',(0.024177695479361,-0.0581364607423362,-0.0433301644373001));
#2250=CARTESIAN_POINT('',(0.0229589454141363,-0.0591348670017851,-0.0436046555975493));
#2251=CARTESIAN_POINT('',(0.0216375823406717,-0.0598668402157782,-0.043868060554677));
#2252=CARTESIAN_POINT('',(0.0200961935402637,-0.0603763916180684,-0.0441699275439614));
#2253=CARTESIAN_POINT('',(0.0190014043321993,-0.0605003211756115,-0.0444023080166532));
#2254=CARTESIAN_POINT('',(0.0183562757310286,-0.0605,-0.0445524971992888));
#2255=CARTESIAN_POINT('',(0.0329731606789691,-9.45685414240469E-21,-0.0380354901576109));
#2256=CARTESIAN_POINT('',(0.0329730519251235,-0.0048630838844088,-0.0380353839473693));
#2257=CARTESIAN_POINT('',(0.0330474153893275,-0.014019294827142,-0.0382349562847769));
#2258=CARTESIAN_POINT('',(0.0326199112145648,-0.0271796851536496,-0.0388714983229208));
#2259=CARTESIAN_POINT('',(0.0319004343106548,-0.0363222516478899,-0.0394923905982211));
#2260=CARTESIAN_POINT('',(0.0307816691437234,-0.0437479599510593,-0.0401772818337282));
#2261=CARTESIAN_POINT('',(0.0294776952135055,-0.0490178449036316,-0.0408147328266589));
#2262=CARTESIAN_POINT('',(0.0281318899663105,-0.0526700781427227,-0.0413710137155232));
#2263=CARTESIAN_POINT('',(0.026827293614325,-0.0551908636726988,-0.041836417614449));
#2264=CARTESIAN_POINT('',(0.0255793720063253,-0.0569472250361966,-0.0422192423922964));
#2265=CARTESIAN_POINT('',(0.0243706084178538,-0.0582186220168393,-0.042540503186868));
#2266=CARTESIAN_POINT('',(0.0231297695514799,-0.0591862292909862,-0.0428301210200832));
#2267=CARTESIAN_POINT('',(0.0218034882637303,-0.0598893092854789,-0.0431073710569106));
#2268=CARTESIAN_POINT('',(0.0202682676145223,-0.0603792738828465,-0.0434147706004644));
#2269=CARTESIAN_POINT('',(0.0191781134614137,-0.0605002777160326,-0.0436386486915346));
#2270=CARTESIAN_POINT('',(0.0185332429957324,-0.0605,-0.0437788685679538));
#2271=CARTESIAN_POINT('',(0.0331915350834495,-3.98727419556098E-22,-0.0376572545939783));
#2272=CARTESIAN_POINT('',(0.0331909931351529,-0.00486416319528749,-0.0376574708727147));
#2273=CARTESIAN_POINT('',(0.0333086967495325,-0.0140219613886497,-0.0377691820178893));
#2274=CARTESIAN_POINT('',(0.0329219283477898,-0.02719985273658,-0.0382490446378594));
#2275=CARTESIAN_POINT('',(0.0322042105906756,-0.0363615620841673,-0.0387724984116344));
#2276=CARTESIAN_POINT('',(0.0310615206817282,-0.0438069145700888,-0.0394003808372575));
#2277=CARTESIAN_POINT('',(0.0297228666985685,-0.0490911337978321,-0.0400161590817278));
#2278=CARTESIAN_POINT('',(0.0283403493045435,-0.0527500048328373,-0.0405716924847597));
#2279=CARTESIAN_POINT('',(0.0270018458192105,-0.0552686622097521,-0.0410481805381335));
#2280=CARTESIAN_POINT('',(0.0257265334132847,-0.0570142372613632,-0.0414489889863218));
#2281=CARTESIAN_POINT('',(0.0244992750872974,-0.0582690867143896,-0.0417916507663584));
#2282=CARTESIAN_POINT('',(0.0232491582430195,-0.0592173146400519,-0.0421046252854618));
#2283=CARTESIAN_POINT('',(0.0219235375974115,-0.059902756930205,-0.0424045510260673));
#2284=CARTESIAN_POINT('',(0.0203952615461097,-0.060380910658469,-0.0427303264303866));
#2285=CARTESIAN_POINT('',(0.019309564388482,-0.0605002453057191,-0.0429580765701031));
#2286=CARTESIAN_POINT('',(0.018665616315345,-0.0605,-0.0430966587659233));
#2287=CARTESIAN_POINT('',(0.0334054457738951,1.12511275304071E-20,-0.0372867504098444));
#2288=CARTESIAN_POINT('',(0.0334048738576205,-0.00486780011333823,-0.0372873500590696));
#2289=CARTESIAN_POINT('',(0.033544742825793,-0.0140285795304906,-0.0373153432011548));
#2290=CARTESIAN_POINT('',(0.033148925677514,-0.0272161725474322,-0.0376596462063148));
#2291=CARTESIAN_POINT('',(0.032408364709599,-0.0363857199937233,-0.0381001070885999));
#2292=CARTESIAN_POINT('',(0.0312391450158742,-0.0438380889834895,-0.038672630888847));
#2293=CARTESIAN_POINT('',(0.0298776446035897,-0.0491273976296961,-0.0392579012944185));
#2294=CARTESIAN_POINT('',(0.0284760681654476,-0.052788680350636,-0.0397999985222587));
#2295=CARTESIAN_POINT('',(0.0271219991650079,-0.0553063028196122,-0.0402746533851577));
#2296=CARTESIAN_POINT('',(0.0258350069532233,-0.0570470680153413,-0.0406816007794001));
#2297=CARTESIAN_POINT('',(0.0246004633522054,-0.058294357097926,-0.0410353403134018));
#2298=CARTESIAN_POINT('',(0.0233475250708254,-0.0592334489966365,-0.0413630119656214));
#2299=CARTESIAN_POINT('',(0.0220240775330024,-0.0599101414972589,-0.0416802497847423));
#2300=CARTESIAN_POINT('',(0.0205017648550096,-0.0603819765882728,-0.0420248959706951));
#2301=CARTESIAN_POINT('',(0.0194205083794852,-0.0605002217071944,-0.0422631946296134));
#2302=CARTESIAN_POINT('',(0.0187783789206986,-0.0605,-0.0424063037960205));
#2303=CARTESIAN_POINT('',(0.0336313151268802,-1.19428230157891E-19,-0.0368955332146015));
#2304=CARTESIAN_POINT('',(0.0336309039082486,-0.00487373169129905,-0.0368964271378982));
#2305=CARTESIAN_POINT('',(0.0337739974551487,-0.0140380617905735,-0.0368467128605395));
#2306=CARTESIAN_POINT('',(0.0333472525480238,-0.0272308814428961,-0.0370553483249135));
#2307=CARTESIAN_POINT('',(0.0325755903513867,-0.0364039023827804,-0.0374045748513787));
#2308=CARTESIAN_POINT('',(0.0313775713193737,-0.0438593193847745,-0.0379091965467024));
#2309=CARTESIAN_POINT('',(0.0299945760082523,-0.0491507810945063,-0.0384529053523081));
#2310=CARTESIAN_POINT('',(0.0285775548596067,-0.052812858627508,-0.038973122228964));
#2311=CARTESIAN_POINT('',(0.0272126491605065,-0.055329448777191,-0.0394396648860888));
#2312=CARTESIAN_POINT('',(0.0259186873921177,-0.0570671394397876,-0.0398480468389889));
#2313=CARTESIAN_POINT('',(0.0246806172188136,-0.0583098513801186,-0.0402093646898435));
#2314=CARTESIAN_POINT('',(0.0234273432028854,-0.0592434796905007,-0.0405493466680888));
#2315=CARTESIAN_POINT('',(0.0221070453067384,-0.0599148856850618,-0.0408833236918382));
#2316=CARTESIAN_POINT('',(0.020590932421831,-0.0603827543381809,-0.0412494810183114));
#2317=CARTESIAN_POINT('',(0.0195146901004737,-0.0605002073890039,-0.0415035826191878));
#2318=CARTESIAN_POINT('',(0.0188752234605361,-0.0605,-0.0416557989599895));
#2319=CARTESIAN_POINT('',(0.0338535177099091,4.18690501038004E-19,-0.0365106670512223));
#2320=CARTESIAN_POINT('',(0.0338530127769054,-0.00488048295560269,-0.0365116467573478));
#2321=CARTESIAN_POINT('',(0.0339784486697882,-0.0140481605398496,-0.0364144700133059));
#2322=CARTESIAN_POINT('',(0.0335121814308956,-0.027242128676729,-0.0365109118706045));
#2323=CARTESIAN_POINT('',(0.0327084012926267,-0.0364154015353393,-0.0367720481736623));
#2324=CARTESIAN_POINT('',(0.0314826733669866,-0.0438711547521783,-0.0372031295796139));
#2325=CARTESIAN_POINT('',(0.0300799366258845,-0.0491629846706507,-0.0376967314641133));
#2326=CARTESIAN_POINT('',(0.0286496273596444,-0.0528251746368755,-0.0381859433943455));
#2327=CARTESIAN_POINT('',(0.0272760816189162,-0.0553412955761396,-0.0386354473968974));
#2328=CARTESIAN_POINT('',(0.0259768729847135,-0.0570776921560941,-0.0390367796730402));
#2329=CARTESIAN_POINT('',(0.0247361055080803,-0.058318366595253,-0.0393978061041617));
#2330=CARTESIAN_POINT('',(0.0234822972628237,-0.0592493817247413,-0.0397427551774813));
#2331=CARTESIAN_POINT('',(0.0221638988485383,-0.05991797892853,-0.0400871377553028));
#2332=CARTESIAN_POINT('',(0.0206522851722484,-0.0603834197667515,-0.0404701190407415));
#2333=CARTESIAN_POINT('',(0.0195804751587122,-0.0605001999015676,-0.040739399721828));
#2334=CARTESIAN_POINT('',(0.0189438016476018,-0.0605,-0.0409015895651903));
#2335=CARTESIAN_POINT('',(0.0340341679883204,-5.50807832886478E-19,-0.0361977715906125));
#2336=CARTESIAN_POINT('',(0.0340334451902518,-0.00488545485677019,-0.0361985696442351));
#2337=CARTESIAN_POINT('',(0.0341310650340602,-0.0140556430234772,-0.0360938068601096));
#2338=CARTESIAN_POINT('',(0.0336327136798713,-0.0272486076767342,-0.0361305519154096));
#2339=CARTESIAN_POINT('',(0.0328065833842717,-0.0364207612413447,-0.0363295054459458));
#2340=CARTESIAN_POINT('',(0.0315610187260507,-0.0438759277318022,-0.0366995622358568));
#2341=CARTESIAN_POINT('',(0.0301430468898134,-0.0491677281454554,-0.0371458480915813));
#2342=CARTESIAN_POINT('',(0.0287016498175354,-0.0528302152630265,-0.0376009635848036));
#2343=CARTESIAN_POINT('',(0.0273201397219001,-0.0553466670727333,-0.0380269919969403));
#2344=CARTESIAN_POINT('',(0.0260152069156024,-0.0570830958834354,-0.0384130233958156));
#2345=CARTESIAN_POINT('',(0.0247703638128672,-0.0583232943498024,-0.0387646979456534));
#2346=CARTESIAN_POINT('',(0.0235138443052921,-0.0592532635968645,-0.0391048382031112));
#2347=CARTESIAN_POINT('',(0.0221944480318763,-0.0599202979254092,-0.0394491877554377));
#2348=CARTESIAN_POINT('',(0.0206838907746575,-0.0603840368774776,-0.0398374049765663));
#2349=CARTESIAN_POINT('',(0.01961436069367,-0.0605001946129435,-0.0401142297977999));
#2350=CARTESIAN_POINT('',(0.0189793916492808,-0.0605,-0.0402821445478709));
#2351=CARTESIAN_POINT('',(0.0341672735633234,1.07128416619236E-18,-0.0359672259719366));
#2352=CARTESIAN_POINT('',(0.034166532555465,-0.00488832157650428,-0.0359677282032438));
#2353=CARTESIAN_POINT('',(0.0342361833364605,-0.0140602358783561,-0.0358783842817838));
#2354=CARTESIAN_POINT('',(0.0337117806649634,-0.027251166795755,-0.035902924206625));
#2355=CARTESIAN_POINT('',(0.0328725531119372,-0.0364213265752388,-0.0360699541407386));
#2356=CARTESIAN_POINT('',(0.0316164689294113,-0.0438754102016748,-0.0363968614082));
#2357=CARTESIAN_POINT('',(0.0301895884189766,-0.0491672637563355,-0.0368028487737631));
#2358=CARTESIAN_POINT('',(0.0287406287331323,-0.0528306011061995,-0.0372244711106494));
#2359=CARTESIAN_POINT('',(0.0273526452117155,-0.0553482428352952,-0.0376241736445636));
#2360=CARTESIAN_POINT('',(0.0260420746252373,-0.0570856909085895,-0.0379902763345887));
#2361=CARTESIAN_POINT('',(0.0247923700961693,-0.0583263511385617,-0.0383271406964936));
#2362=CARTESIAN_POINT('',(0.0235317403610606,-0.059256088706452,-0.0386563029838576));
#2363=CARTESIAN_POINT('',(0.0222094462692818,-0.0599221575704816,-0.0389936191102978));
#2364=CARTESIAN_POINT('',(0.0206975383480284,-0.060384574403558,-0.0393785483142713));
#2365=CARTESIAN_POINT('',(0.0196284874545714,-0.0605001889902447,-0.0396564250456178));
#2366=CARTESIAN_POINT('',(0.0189941147262376,-0.0605000000000001,-0.0398259722826842));
#2367=CARTESIAN_POINT('',(0.0342608698185932,7.35144070135667E-20,-0.0358051125024112));
#2368=CARTESIAN_POINT('',(0.0342602461443097,-0.00488979005599869,-0.0358053563079377));
#2369=CARTESIAN_POINT('',(0.0343073742305119,-0.0140628309050364,-0.0357369169133271));
#2370=CARTESIAN_POINT('',(0.033761956552772,-0.0272516061903572,-0.0357719593503612));
#2371=CARTESIAN_POINT('',(0.0329149816416076,-0.0364195718518142,-0.0359263588423141));
#2372=CARTESIAN_POINT('',(0.0316543486197683,-0.0438724267131945,-0.0362249274849599));
#2373=CARTESIAN_POINT('',(0.0302232361386142,-0.0491643950866977,-0.0365994583178994));
#2374=CARTESIAN_POINT('',(0.0287698494983173,-0.0528288166489829,-0.0369923491382452));
#2375=CARTESIAN_POINT('',(0.0273772893509728,-0.0553479772968044,-0.0373679389863088));
#2376=CARTESIAN_POINT('',(0.0260620901635409,-0.0570868055429766,-0.0377147293676365));
#2377=CARTESIAN_POINT('',(0.0248079648247568,-0.0583282825541231,-0.0380364022224466));
#2378=CARTESIAN_POINT('',(0.0235432672963437,-0.0592581389680757,-0.038353411700957));
#2379=CARTESIAN_POINT('',(0.0222177264975891,-0.0599235833478327,-0.0386816154399153));
#2380=CARTESIAN_POINT('',(0.0207036572894134,-0.0603849960974066,-0.0390599116949199));
#2381=CARTESIAN_POINT('',(0.0196341982841909,-0.0605001836370664,-0.0393356733621984));
#2382=CARTESIAN_POINT('',(0.0189997940831873,-0.0605,-0.0395046547191465));
#2383=CARTESIAN_POINT('',(0.0343392715155624,1.9727620864124E-18,-0.0356693167798609));
#2384=CARTESIAN_POINT('',(0.0343388684731581,-0.00489058094351054,-0.0356693382243465));
#2385=CARTESIAN_POINT('',(0.0343642068598966,-0.0140645303962007,-0.035627265735638));
#2386=CARTESIAN_POINT('',(0.0337954400743938,-0.0272505196384668,-0.0356916139770388));
#2387=CARTESIAN_POINT('',(0.0329419099606929,-0.0364153780982249,-0.0358477517533382));
#2388=CARTESIAN_POINT('',(0.0316811285977289,-0.0438664244068949,-0.0361254322953398));
#2389=CARTESIAN_POINT('',(0.0302498867855802,-0.0491586942252134,-0.036469494891793));
#2390=CARTESIAN_POINT('',(0.0287945942756009,-0.0528248482614257,-0.0368318224545205));
#2391=CARTESIAN_POINT('',(0.0273985866114632,-0.0553462741013706,-0.0371807072234171));
#2392=CARTESIAN_POINT('',(0.0260789724726317,-0.0570870909765518,-0.037505682972439));
#2393=CARTESIAN_POINT('',(0.0248201951051783,-0.0583297828369061,-0.03780996843724));
#2394=CARTESIAN_POINT('',(0.0235509954884289,-0.0592599832062372,-0.0381128264319485));
#2395=CARTESIAN_POINT('',(0.0222216867742371,-0.0599249065804658,-0.0384299914001209));
#2396=CARTESIAN_POINT('',(0.0207048288516616,-0.0603853840794254,-0.0387994448674448));
#2397=CARTESIAN_POINT('',(0.019634450625138,-0.0605001778015954,-0.0390713647256061));
#2398=CARTESIAN_POINT('',(0.0189996666466556,-0.0605,-0.0392386260114622));
#2399=CARTESIAN_POINT('',(0.0344159139791811,3.01107143470767E-18,-0.035536568138856));
#2400=CARTESIAN_POINT('',(0.0344157168731799,-0.00489089275304436,-0.0355365484073849));
#2401=CARTESIAN_POINT('',(0.0344203626658379,-0.0140657131922603,-0.0355234621614637));
#2402=CARTESIAN_POINT('',(0.033821654584836,-0.0272480357601129,-0.0356343276060746));
#2403=CARTESIAN_POINT('',(0.0329563788351074,-0.0364075595739303,-0.0358123310586339));
#2404=CARTESIAN_POINT('',(0.0316956681100121,-0.043853125526754,-0.0360883038869524));
#2405=CARTESIAN_POINT('',(0.0302690796409821,-0.0491421474825135,-0.0364130493400304));
#2406=CARTESIAN_POINT('',(0.0288182727094465,-0.0528076369085507,-0.036748252574349));
#2407=CARTESIAN_POINT('',(0.0274250493080542,-0.0553305952386614,-0.0370680903130373));
#2408=CARTESIAN_POINT('',(0.0261059917194586,-0.057074507543487,-0.0373646481668778));
#2409=CARTESIAN_POINT('',(0.0248456273803454,-0.0583209184202125,-0.0376420803300481));
#2410=CARTESIAN_POINT('',(0.02357287236884,-0.0592548493317436,-0.037918877161841));
#2411=CARTESIAN_POINT('',(0.0222381666715899,-0.0599227705831708,-0.0382107864350477));
#2412=CARTESIAN_POINT('',(0.0207144490808397,-0.060385123078289,-0.0385545269890889));
#2413=CARTESIAN_POINT('',(0.0196394802391271,-0.0605001810947658,-0.0388110384993848));
#2414=CARTESIAN_POINT('',(0.0190022722194141,-0.0605,-0.0389701540776084));
#2415=CARTESIAN_POINT('',(0.0345048523745706,6.59535508817316E-20,-0.0353825223192977));
#2416=CARTESIAN_POINT('',(0.0345048395333796,-0.00489076113843215,-0.035382450656119));
#2417=CARTESIAN_POINT('',(0.0344920944243309,-0.0140662923670849,-0.0353980724278695));
#2418=CARTESIAN_POINT('',(0.0338637039646566,-0.0272453227262937,-0.0355523625149236));
#2419=CARTESIAN_POINT('',(0.0329849843878879,-0.0363998693959317,-0.035748839093656));
#2420=CARTESIAN_POINT('',(0.031723248860353,-0.0438404572947577,-0.036018805390763));
#2421=CARTESIAN_POINT('',(0.0303010396658771,-0.0491271169401361,-0.0363192515526825));
#2422=CARTESIAN_POINT('',(0.0288541646160843,-0.0527929999823026,-0.0366224754840091));
#2423=CARTESIAN_POINT('',(0.0274626052207064,-0.0553182916566054,-0.0369092487463455));
#2424=CARTESIAN_POINT('',(0.0261426714120862,-0.0570655125355534,-0.0371744284477141));
#2425=CARTESIAN_POINT('',(0.024879398421503,-0.0583152466039588,-0.0374229192853612));
#2426=CARTESIAN_POINT('',(0.0236021066449291,-0.0592520370113259,-0.0376721197468788));
#2427=CARTESIAN_POINT('',(0.0222615818777629,-0.0599218491153218,-0.0379375291299366));
#2428=CARTESIAN_POINT('',(0.0207310402976156,-0.0603851023086832,-0.0382540655897955));
#2429=CARTESIAN_POINT('',(0.0196515647240622,-0.060500180223398,-0.0384937061567859));
#2430=CARTESIAN_POINT('',(0.0190118265031186,-0.0605,-0.0386435143838787));
#2431=CARTESIAN_POINT('',(0.0346118479325218,2.63126770221823E-19,-0.0351972005767422));
#2432=CARTESIAN_POINT('',(0.0346119692125003,-0.00489004752581469,-0.0351970993510916));
#2433=CARTESIAN_POINT('',(0.0345867688258121,-0.0140660387535944,-0.0352398984394777));
#2434=CARTESIAN_POINT('',(0.0339319728045336,-0.0272424916663692,-0.0354337204151928));
#2435=CARTESIAN_POINT('',(0.0330388073910209,-0.0363928131929493,-0.0356466074234331));
#2436=CARTESIAN_POINT('',(0.0317734330065771,-0.0438287697947812,-0.0359106266348209));
#2437=CARTESIAN_POINT('',(0.0303536143056839,-0.0491129121676311,-0.0361872059982835));
#2438=CARTESIAN_POINT('',(0.0289095051576403,-0.0527787843314631,-0.0364576223172686));
#2439=CARTESIAN_POINT('',(0.0275189603016391,-0.0553059653040407,-0.0367089429833254));
#2440=CARTESIAN_POINT('',(0.0261977527187853,-0.0570561622594156,-0.0369388878429422));
#2441=CARTESIAN_POINT('',(0.0249311910781384,-0.0583090666611216,-0.0371533804284161));
#2442=CARTESIAN_POINT('',(0.023648810720396,-0.0592487397113792,-0.0373686501921804));
#2443=CARTESIAN_POINT('',(0.0223015017307147,-0.0599206174489662,-0.0375996626368072));
#2444=CARTESIAN_POINT('',(0.0207624632483088,-0.0603849993113796,-0.0378788284846578));
#2445=CARTESIAN_POINT('',(0.0196768524562129,-0.0605001805794882,-0.0380937229389603));
#2446=CARTESIAN_POINT('',(0.0190334904991655,-0.0605,-0.0382293961798234));
#2447=CARTESIAN_POINT('',(0.0347210161258913,-1.28642762723342E-18,-0.0350081157192557));
#2448=CARTESIAN_POINT('',(0.0347211546602156,-0.00488902276775285,-0.0350080123321165));
#2449=CARTESIAN_POINT('',(0.034696218907896,-0.0140649774431265,-0.035060831821712));
#2450=CARTESIAN_POINT('',(0.0340382623562866,-0.0272421266443479,-0.0352599699396198));
#2451=CARTESIAN_POINT('',(0.0331404136114534,-0.0363931849148544,-0.0354677960164096));
#2452=CARTESIAN_POINT('',(0.0318678258900355,-0.0438296094268651,-0.0357175748631079));
#2453=CARTESIAN_POINT('',(0.0304400945829945,-0.0491136335571458,-0.0359744388876293));
#2454=CARTESIAN_POINT('',(0.0289887410176372,-0.052779011880828,-0.036221950633779));
#2455=CARTESIAN_POINT('',(0.0275920472670016,-0.0553056728630619,-0.0364487689922457));
#2456=CARTESIAN_POINT('',(0.0262656061054059,-0.0570555592563961,-0.0366532631589029));
#2457=CARTESIAN_POINT('',(0.0249942745625536,-0.0583084083067681,-0.0368416280421807));
#2458=CARTESIAN_POINT('',(0.023707020700961,-0.059248223727362,-0.0370289913652494));
#2459=CARTESIAN_POINT('',(0.0223542217398784,-0.0599203489060004,-0.0372293126329051));
#2460=CARTESIAN_POINT('',(0.0208082360922462,-0.0603849515221825,-0.0374722909607418));
#2461=CARTESIAN_POINT('',(0.0197171113814252,-0.0605001816567527,-0.0376610524122337));
#2462=CARTESIAN_POINT('',(0.0190702450875457,-0.0605,-0.037781129816396));
#2463=CARTESIAN_POINT('',(0.0348194473247518,3.6008745200765E-18,-0.0348376278817794));
#2464=CARTESIAN_POINT('',(0.0348194622910413,-0.00488826217678139,-0.0348376048075977));
#2465=CARTESIAN_POINT('',(0.0348056196594599,-0.0140639805457599,-0.0348797886814009));
#2466=CARTESIAN_POINT('',(0.0341660304598114,-0.0272448909878768,-0.0350486647403114));
#2467=CARTESIAN_POINT('',(0.0332724311423353,-0.0364009713259133,-0.0352322378588247));
#2468=CARTESIAN_POINT('',(0.0319896905612728,-0.0438419141593966,-0.0354631147998678));
#2469=CARTESIAN_POINT('',(0.030545606438814,-0.0491274013050458,-0.0357073557349831));
#2470=CARTESIAN_POINT('',(0.0290790084362708,-0.0527914061392004,-0.0359443617762968));
#2471=CARTESIAN_POINT('',(0.0276707181226441,-0.0553150734356987,-0.0361602209617697));
#2472=CARTESIAN_POINT('',(0.0263364753379373,-0.0570615561159305,-0.0363519798901238));
#2473=CARTESIAN_POINT('',(0.0250600367319604,-0.058311507893221,-0.0365253551268484));
#2474=CARTESIAN_POINT('',(0.0237691157355133,-0.0592492538133551,-0.0366945430852022));
#2475=CARTESIAN_POINT('',(0.0224130139375583,-0.0599203974839264,-0.0368721642168975));
#2476=CARTESIAN_POINT('',(0.0208626348482916,-0.0603848251534993,-0.0370854304891916));
#2477=CARTESIAN_POINT('',(0.0197674842113831,-0.0605001854054735,-0.037250736509287));
#2478=CARTESIAN_POINT('',(0.0191178853732565,-0.0605,-0.0373563099843085));
#2479=CARTESIAN_POINT('',(0.0349023826796383,1.13911710870836E-18,-0.0346939796333722));
#2480=CARTESIAN_POINT('',(0.0349021080934071,-0.00488804087609823,-0.0346941550110428));
#2481=CARTESIAN_POINT('',(0.0349099132844528,-0.0140636513745039,-0.0347025149634431));
#2482=CARTESIAN_POINT('',(0.0342982318821903,-0.0272504834664378,-0.0348085823518264));
#2483=CARTESIAN_POINT('',(0.0334089702208855,-0.0364136454611371,-0.0349545244695328));
#2484=CARTESIAN_POINT('',(0.0321126832911277,-0.0438606260008566,-0.035166941930946));
#2485=CARTESIAN_POINT('',(0.0306491261865759,-0.0491482615256777,-0.0354068347142512));
#2486=CARTESIAN_POINT('',(0.0291649300739652,-0.052810742090253,-0.0356446452393908));
#2487=CARTESIAN_POINT('',(0.0277435026404793,-0.0553304544588242,-0.0358617055954657));
#2488=CARTESIAN_POINT('',(0.0264009105358064,-0.0570719853993005,-0.0360527954546907));
#2489=CARTESIAN_POINT('',(0.0251198247747084,-0.0583173557579551,-0.0362226834166845));
#2490=CARTESIAN_POINT('',(0.0238266156793995,-0.0592515257531428,-0.0363848400239872));
#2491=CARTESIAN_POINT('',(0.0224693982824407,-0.0599207218786272,-0.0365503443978236));
#2492=CARTESIAN_POINT('',(0.0209173776321917,-0.060384621821892,-0.0367442138858044));
#2493=CARTESIAN_POINT('',(0.0198200375329778,-0.0605001899040086,-0.0368918059885909));
#2494=CARTESIAN_POINT('',(0.019168738463008,-0.0605,-0.0369857720946964));
#2495=CARTESIAN_POINT('',(0.0349835041548478,-7.36906560942687E-19,-0.0345534731167243));
#2496=CARTESIAN_POINT('',(0.0349830326147702,-0.00488825841834302,-0.034553832215457));
#2497=CARTESIAN_POINT('',(0.0350070211338492,-0.0140641723553412,-0.0345319972744689));
#2498=CARTESIAN_POINT('',(0.0344093579211967,-0.0272551372961223,-0.034585322694567));
#2499=CARTESIAN_POINT('',(0.0335187280472759,-0.0364224859324239,-0.0346999171124292));
#2500=CARTESIAN_POINT('',(0.0322120745133717,-0.0438726216233478,-0.0348942206750257));
#2501=CARTESIAN_POINT('',(0.0307364649230817,-0.0491610963636624,-0.0351250813064674));
#2502=CARTESIAN_POINT('',(0.029242004720525,-0.0528222825882172,-0.0353574570321674));
#2503=CARTESIAN_POINT('',(0.0278131852165038,-0.0553392617059718,-0.0355699389657997));
#2504=CARTESIAN_POINT('',(0.0264661841452877,-0.05707751466515,-0.0357557881826761));
#2505=CARTESIAN_POINT('',(0.0251829835032353,-0.0583199684212731,-0.0359189022693258));
#2506=CARTESIAN_POINT('',(0.0238891053683241,-0.0592520194937024,-0.0360718642299973));
#2507=CARTESIAN_POINT('',(0.0225318297587417,-0.0599203134593107,-0.036224363809282));
#2508=CARTESIAN_POINT('',(0.0209792103829653,-0.060384312610601,-0.0363992701733573));
#2509=CARTESIAN_POINT('',(0.0198805661271987,-0.0605001943971544,-0.0365304191428368));
#2510=CARTESIAN_POINT('',(0.019228210948842,-0.0605,-0.0366137768477474));
#2511=CARTESIAN_POINT('',(0.0350751307587544,2.63660642109397E-19,-0.0343947711834333));
#2512=CARTESIAN_POINT('',(0.0350745532921932,-0.0048889104975618,-0.0343952874684024));
#2513=CARTESIAN_POINT('',(0.0351100571751036,-0.0140654494566051,-0.0343455675325478));
#2514=CARTESIAN_POINT('',(0.0345184962245254,-0.0272594378179288,-0.0343494866028504));
#2515=CARTESIAN_POINT('',(0.0336243173590393,-0.0364293874621322,-0.0344324999892585));
#2516=CARTESIAN_POINT('',(0.0323095601880448,-0.0438811578254053,-0.0346041508851093));
#2517=CARTESIAN_POINT('',(0.030825956100172,-0.0491696093882532,-0.0348193294792543));
#2518=CARTESIAN_POINT('',(0.0293253626433251,-0.0528292930660373,-0.0350395530822501));
#2519=CARTESIAN_POINT('',(0.0278927351157134,-0.0553438494465598,-0.0352415148981747));
#2520=CARTESIAN_POINT('',(0.0265441883640107,-0.0570795105875907,-0.035417114841147));
#2521=CARTESIAN_POINT('',(0.0252610678529801,-0.0583199221721932,-0.0355692405800033));
#2522=CARTESIAN_POINT('',(0.0239682219911339,-0.0592508017999377,-0.0357093028047055));
#2523=CARTESIAN_POINT('',(0.0226121797806399,-0.0599190653369678,-0.035845543906668));
#2524=CARTESIAN_POINT('',(0.0210601287356542,-0.0603838371428729,-0.0359984597843927));
#2525=CARTESIAN_POINT('',(0.0199609711110039,-0.060500200398595,-0.0361115393767678));
#2526=CARTESIAN_POINT('',(0.0193081052069777,-0.0605,-0.0361834909365854));
#2527=CARTESIAN_POINT('',(0.0351768963047697,-7.55952854878954E-20,-0.0342185080872747));
#2528=CARTESIAN_POINT('',(0.0351763114795741,-0.00488996477372714,-0.0342190882690487));
#2529=CARTESIAN_POINT('',(0.0352145938271973,-0.0140673907856761,-0.0341514122468085));
#2530=CARTESIAN_POINT('',(0.0346207411502648,-0.027262761656106,-0.0341170327034124));
#2531=CARTESIAN_POINT('',(0.0337222317628139,-0.0364333790529496,-0.0341702365735797));
#2532=CARTESIAN_POINT('',(0.0324030887444465,-0.0438849569398178,-0.0343141262533201));
#2533=CARTESIAN_POINT('',(0.03091680060627,-0.0491722195492993,-0.0345054208811965));
#2534=CARTESIAN_POINT('',(0.0294154567327791,-0.0528299751094991,-0.0347048281166389));
#2535=CARTESIAN_POINT('',(0.0279838490284053,-0.0553423844262781,-0.0348882416119343));
#2536=CARTESIAN_POINT('',(0.0266377604620432,-0.0570763300959283,-0.0350464871735776));
#2537=CARTESIAN_POINT('',(0.025357861272942,-0.0583159331127535,-0.0351813843453881));
#2538=CARTESIAN_POINT('',(0.0240684931817494,-0.0592470462110545,-0.0353028556728302));
#2539=CARTESIAN_POINT('',(0.0227154921391405,-0.0599165988838474,-0.0354176924558675));
#2540=CARTESIAN_POINT('',(0.0211655706190782,-0.0603831421811742,-0.0355438164714064));
#2541=CARTESIAN_POINT('',(0.0200669440233296,-0.0605002092694746,-0.0356363659704778));
#2542=CARTESIAN_POINT('',(0.019414305151343,-0.0605,-0.0356958053243204));
#2543=CARTESIAN_POINT('',(0.035294966534358,2.92486637287117E-20,-0.0340140044507664));
#2544=CARTESIAN_POINT('',(0.0352944486742937,-0.0048912085818175,-0.0340144910883307));
#2545=CARTESIAN_POINT('',(0.0353238606457187,-0.014069696697931,-0.0339466114119424));
#2546=CARTESIAN_POINT('',(0.034720603718608,-0.0272647037948137,-0.0338923590490862));
#2547=CARTESIAN_POINT('',(0.0338187088833628,-0.0364341128875549,-0.0339192010176048));
#2548=CARTESIAN_POINT('',(0.032499820308986,-0.0438836406661592,-0.0340293671568705));
#2549=CARTESIAN_POINT('',(0.0310165948274746,-0.049168306890234,-0.0341864712506458));
#2550=CARTESIAN_POINT('',(0.0295203900162228,-0.0528233788705826,-0.0343535672582472));
#2551=CARTESIAN_POINT('',(0.0280953362589565,-0.0553336693161107,-0.0345071868321095));
#2552=CARTESIAN_POINT('',(0.0267565457497471,-0.0570667298765139,-0.0346375549496506));
#2553=CARTESIAN_POINT('',(0.0254838278904523,-0.0583069212842353,-0.0347454674267145));
#2554=CARTESIAN_POINT('',(0.0242011064516205,-0.0592399986954109,-0.0348389322190143));
#2555=CARTESIAN_POINT('',(0.022853485782694,-0.0599125538394732,-0.0349232218241197));
#2556=CARTESIAN_POINT('',(0.0213076185527103,-0.0603821807137046,-0.0350132899434104));
#2557=CARTESIAN_POINT('',(0.0202107388128905,-0.0605002231045601,-0.0350799526578134));
#2558=CARTESIAN_POINT('',(0.0195591862361764,-0.0605,-0.0351242175068055));
#2559=CARTESIAN_POINT('',(0.035506147023951,-4.47319909801075E-20,-0.033648229113224));
#2560=CARTESIAN_POINT('',(0.0355061275127252,-0.00489240103115883,-0.0336481272409433));
#2561=CARTESIAN_POINT('',(0.0354913593402026,-0.014072753593355,-0.0336386821778739));
#2562=CARTESIAN_POINT('',(0.0348441328809423,-0.0272620170253904,-0.0336383482001654));
#2563=CARTESIAN_POINT('',(0.033934903349476,-0.036423255077848,-0.0336587551621751));
#2564=CARTESIAN_POINT('',(0.0326296828189173,-0.0438632688689074,-0.0337145070853274));
#2565=CARTESIAN_POINT('',(0.0311696232219031,-0.0491396106759562,-0.0337946279435132));
#2566=CARTESIAN_POINT('',(0.0297000599092724,-0.052788951271645,-0.033879329033737));
#2567=CARTESIAN_POINT('',(0.0283019539386065,-0.0552972175851172,-0.0339530329623141));
#2568=CARTESIAN_POINT('',(0.0269882540397753,-0.0570326444674525,-0.0340077650101206));
#2569=CARTESIAN_POINT('',(0.0257371017141771,-0.0582788833312966,-0.0340435164154162));
#2570=CARTESIAN_POINT('',(0.0244722184394005,-0.0592206550484256,-0.0340643111182559));
#2571=CARTESIAN_POINT('',(0.0231376680291573,-0.0599027718728602,-0.034073201044281));
#2572=CARTESIAN_POINT('',(0.0216014225423872,-0.0603803359260474,-0.0340797427877302));
#2573=CARTESIAN_POINT('',(0.0205093799625771,-0.0605002549990453,-0.0340910591222717));
#2574=CARTESIAN_POINT('',(0.0198611131686084,-0.0605,-0.0341044494057343));
#2575=CARTESIAN_POINT('',(0.0356847923424047,3.20460281648905E-20,-0.033338806345128));
#2576=CARTESIAN_POINT('',(0.0356850260898427,-0.00489076564337182,-0.0333385325360103));
#2577=CARTESIAN_POINT('',(0.0356556002206971,-0.0140715103509142,-0.0333708217323654));
#2578=CARTESIAN_POINT('',(0.0349643961328332,-0.0272569241292494,-0.0334477148318775));
#2579=CARTESIAN_POINT('',(0.0340356657540554,-0.0364105154440808,-0.0335022790645149));
#2580=CARTESIAN_POINT('',(0.0327406110229116,-0.0438407398953149,-0.0335432460621336));
#2581=CARTESIAN_POINT('',(0.0313087623680485,-0.0491094808059386,-0.033571789421457));
#2582=CARTESIAN_POINT('',(0.0298725545195126,-0.0527548248436786,-0.0335888761229931));
#2583=CARTESIAN_POINT('',(0.028506859925031,-0.0552629536225039,-0.0335912665981349));
#2584=CARTESIAN_POINT('',(0.0272221003860742,-0.0570020085265734,-0.0335755060673982));
#2585=CARTESIAN_POINT('',(0.0259954763671164,-0.0582546420159378,-0.0335422448096897));
#2586=CARTESIAN_POINT('',(0.0247512640714319,-0.059204594694364,-0.0334921381864309));
#2587=CARTESIAN_POINT('',(0.0234330829348897,-0.0598950288975788,-0.0334259673555812));
#2588=CARTESIAN_POINT('',(0.0219107292101787,-0.0603790284637087,-0.0333476407119325));
#2589=CARTESIAN_POINT('',(0.0208266063203916,-0.060500278307571,-0.0333011485651754));
#2590=CARTESIAN_POINT('',(0.0201831764624784,-0.0605,-0.0332814473255447));
#2591=CARTESIAN_POINT('',(0.0358247208701688,0.,-0.0330964430256122));
#2592=CARTESIAN_POINT('',(0.0358248618208513,-0.00488913527116611,-0.0330960900997105));
#2593=CARTESIAN_POINT('',(0.0357907557455251,-0.0140693504309039,-0.0331564302271436));
#2594=CARTESIAN_POINT('',(0.0350861393544308,-0.0272527326533166,-0.033275814086258));
#2595=CARTESIAN_POINT('',(0.0341485106244258,-0.0364027928766607,-0.0333484965389078));
#2596=CARTESIAN_POINT('',(0.032856530548293,-0.0438275782275532,-0.0333839664007051));
#2597=CARTESIAN_POINT('',(0.0314397733047434,-0.0490913641085827,-0.0333869923101223));
#2598=CARTESIAN_POINT('',(0.0300242829375061,-0.052733698373024,-0.0333670767885193));
#2599=CARTESIAN_POINT('',(0.0286803698577179,-0.0552412865421635,-0.0333276260450416));
#2600=CARTESIAN_POINT('',(0.0274161537630062,-0.0569823760746518,-0.0332681938042796));
#2601=CARTESIAN_POINT('',(0.02620775076634,-0.0582390067361001,-0.0331903899989084));
#2602=CARTESIAN_POINT('',(0.0249796630811708,-0.0591942447159264,-0.0330929983180706));
#2603=CARTESIAN_POINT('',(0.0236751570723451,-0.0598901001321161,-0.0329752951576462));
#2604=CARTESIAN_POINT('',(0.0221653142637101,-0.0603782372961928,-0.0328375311386401));
#2605=CARTESIAN_POINT('',(0.0210886783677974,-0.0605002932679337,-0.0327499877327788));
#2606=CARTESIAN_POINT('',(0.0204496678648413,-0.0605,-0.032706700991269));
#2607=CARTESIAN_POINT('',(0.0341040276213952,-0.00353733223114342,-0.0360791374285305));
#2608=CARTESIAN_POINT('',(0.0342464621218891,-0.00501849046072669,-0.0358227836239497));
#2609=CARTESIAN_POINT('',(0.0340934611468617,-0.00648362652881529,-0.0360880010697891));
#2610=CARTESIAN_POINT('',(0.0337090073895548,-0.00769155926725606,-0.0367930122089724));
#2611=CARTESIAN_POINT('',(0.033144590660843,-0.00854474427264779,-0.0378812121587418));
#2612=CARTESIAN_POINT('',(0.0323445536372937,-0.00885120190942465,-0.0392141866845457));
#2613=CARTESIAN_POINT('',(0.0315882090414724,-0.00855161990368653,-0.0404249897359821));
#2614=CARTESIAN_POINT('',(0.0309595065123221,-0.00773014411589949,-0.0415017456543596));
#2615=CARTESIAN_POINT('',(0.0305446343164142,-0.00648936672201271,-0.042224969538179));
#2616=CARTESIAN_POINT('',(0.0303955954890047,-0.00500174948499797,-0.0424930068442329));
#2617=CARTESIAN_POINT('',(0.0305507192116574,-0.00351489522681057,-0.0422284194332183));
#2618=CARTESIAN_POINT('',(0.0311005400179771,-0.00186628544903986,-0.0412797518909249));
#2619=CARTESIAN_POINT('',(0.0323290487862951,-0.000840587481975977,-0.0391520291486505));
#2620=CARTESIAN_POINT('',(0.033554254520045,-0.0018619863960152,-0.0370403141398099));
#2621=CARTESIAN_POINT('',(0.0341040276213952,-0.00353733223114342,-0.0360791374285305));
#2622=CARTESIAN_POINT('',(0.0342464621218891,-0.00501849046072669,-0.0358227836239497));
#2623=CARTESIAN_POINT('',(0.0340934611468617,-0.00648362652881529,-0.0360880010697891));
#2624=CARTESIAN_POINT('',(0.0341972228759689,-0.00501582010047758,-0.0359097121656865));
#2625=CARTESIAN_POINT('',(-0.0275584917548972,-0.0017096799286072,-0.0562680406721432));
#2626=CARTESIAN_POINT('',(-0.026946530350008,-0.00465225530674807,-0.0573232904363885));
#2627=CARTESIAN_POINT('',(-0.0275459617817412,-0.00758749990752561,-0.0562641378199635));
#2628=CARTESIAN_POINT('',(-0.0290046860094503,-0.0088075277784358,-0.0537091831401973));
#2629=CARTESIAN_POINT('',(-0.0302312575054935,-0.00778634148953789,-0.0515972970450302));
#2630=CARTESIAN_POINT('',(-0.0307912297729783,-0.00613403615615151,-0.0506479927289104));
#2631=CARTESIAN_POINT('',(-0.0309486923418512,-0.00464990568120321,-0.0503870135645174));
#2632=CARTESIAN_POINT('',(-0.0307977224678166,-0.00316413514493815,-0.0506541637089874));
#2633=CARTESIAN_POINT('',(-0.0302512830176788,-0.00151795204606344,-0.0516032595505844));
#2634=CARTESIAN_POINT('',(-0.0290255611802869,-0.000491783599236727,-0.053726004378721));
#2635=CARTESIAN_POINT('',(-0.0275584917548972,-0.0017096799286072,-0.0562680406721432));
#2636=CARTESIAN_POINT('',(-0.026946530350008,-0.00465225530674807,-0.0573232904363885));
#2637=CARTESIAN_POINT('',(-0.0275459617817412,-0.00758749990752561,-0.0562641378199635));
#2638=CARTESIAN_POINT('',(-0.0271484291561118,-0.00465103351052085,-0.0569708900396101));
#2639=CARTESIAN_POINT('',(-0.040065647361576,0.,-0.0254904163079517));
#2640=CARTESIAN_POINT('',(-0.0399483113161594,0.,-0.0262143195190474));
#2641=CARTESIAN_POINT('',(-0.0397036438908975,0.,-0.027723792027421));
#2642=CARTESIAN_POINT('',(-0.0393294419627761,0.,-0.0300324259719479));
#2643=CARTESIAN_POINT('',(-0.0390292797723971,0.,-0.0318842727142978));
#2644=CARTESIAN_POINT('',(-0.0388369879419075,0.,-0.0330706146697013));
#2645=CARTESIAN_POINT('',(-0.0387308382787246,0.,-0.0337255036406223));
#2646=CARTESIAN_POINT('',(-0.038684398987292,0.,-0.0340120102470937));
#2647=CARTESIAN_POINT('',(-0.0386576148165772,0.,-0.0341772548410989));
#2648=CARTESIAN_POINT('',(-0.040065647361576,0.,-0.0254904163079517));
#2649=CARTESIAN_POINT('',(-0.0386576148165771,0.,-0.034177254841099));
#2650=CARTESIAN_POINT('',(-0.0386576148165772,0.,-0.0341772548410989));
#2651=CARTESIAN_POINT('',(-0.0385294635960558,0.,-0.0349678821347996));
#2652=CARTESIAN_POINT('',(-0.0382279079867552,1.1368891730317E-19,-0.0363131934601293));
#2653=CARTESIAN_POINT('',(-0.0377971625934235,-3.12644522583718E-19,-0.0377005247123521));
#2654=CARTESIAN_POINT('',(-0.0373833986908165,5.40022357190059E-19,-0.038804708489734));
#2655=CARTESIAN_POINT('',(-0.0370202104814315,-2.06061162611996E-18,-0.039665670370446));
#2656=CARTESIAN_POINT('',(-0.036647254129608,2.57576453264996E-19,-0.0404496505203845));
#2657=CARTESIAN_POINT('',(-0.0363019436068806,-5.1515290652999E-20,-0.0411110684608521));
#2658=CARTESIAN_POINT('',(-0.0360896598186077,0.,-0.0414908755662945));
#2659=CARTESIAN_POINT('',(-0.0359935988710059,0.,-0.041657258008164));
#2660=CARTESIAN_POINT('',(-0.0359935988710058,-1.41874067065339E-18,-0.0416572580081641));
#2661=CARTESIAN_POINT('',(-0.0359935988710059,0.,-0.041657258008164));
#2662=CARTESIAN_POINT('',(-0.0353975519156042,0.,-0.0426896416186165));
#2663=CARTESIAN_POINT('',(-0.0339701968742919,3.0886201880655E-18,-0.0451618930706088));
#2664=CARTESIAN_POINT('',(-0.031921298488194,-8.49370551718014E-18,-0.0487106891748764));
#2665=CARTESIAN_POINT('',(-0.030311089927969,2.07755210318295E-19,-0.0514996522119684));
#2666=CARTESIAN_POINT('',(-0.028800156559133,-1.20049123648071E-19,-0.0541166655736434));
#2667=CARTESIAN_POINT('',(-0.0269444178079395,4.16660612411669E-20,-0.0573308993762852));
#2668=CARTESIAN_POINT('',(-0.0250599088100479,-4.94906007542924E-21,-0.0605949647079541));
#2669=CARTESIAN_POINT('',(-0.0235099025214681,5.75095887539266E-22,-0.0632796543518256));
#2670=CARTESIAN_POINT('',(-0.0222709669888029,1.26763753453005E-21,-0.0654255536417041));
#2671=CARTESIAN_POINT('',(-0.0209647456487264,-5.64564602565947E-21,-0.0676879953686472));
#2672=CARTESIAN_POINT('',(-0.0198758492024761,1.68215144691467E-20,-0.0695740193377341));
#2673=CARTESIAN_POINT('',(-0.0190297011558185,-2.91495968393322E-20,-0.0710395907452701));
#2674=CARTESIAN_POINT('',(-0.0184153678221251,1.11269650715301E-19,-0.0721036472920102));
#2675=CARTESIAN_POINT('',(-0.0179235792730918,-3.38366058151397E-18,-0.0729554500455166));
#2676=CARTESIAN_POINT('',(-0.0175975335641021,-1.52787435165269E-18,-0.0735201777790764));
#2677=CARTESIAN_POINT('',(-0.0174100933168264,-2.17667829996647E-18,-0.0738448338107413));
#2678=CARTESIAN_POINT('',(-0.017328694807245,-1.12393405623634E-18,-0.0739858201649967));
#2679=CARTESIAN_POINT('',(-0.0172781652820834,-7.63448787901775E-19,-0.0740733398698589));
#2680=CARTESIAN_POINT('',(-0.0172781652820835,0.,-0.0740733398698588));
#2681=CARTESIAN_POINT('',(-0.0172781652820834,-7.63448787901771E-19,-0.0740733398698589));
#2682=CARTESIAN_POINT('',(-0.0164163221978527,5.38507001348484E-18,-0.0755660958798982));
#2683=CARTESIAN_POINT('',(-0.0149916898527414,-2.885495440123E-18,-0.0773071372454295));
#2684=CARTESIAN_POINT('',(-0.0128868776526113,7.95121732626656E-19,-0.0791289925918796));
#2685=CARTESIAN_POINT('',(-0.011092721465983,-1.21514578357104E-18,-0.0803298373879655));
#2686=CARTESIAN_POINT('',(-0.009076636989944,3.64959724398022E-19,-0.0813262882614249));
#2687=CARTESIAN_POINT('',(-0.00626624257931111,-4.47910726827406E-19,-0.082278918715043));
#2688=CARTESIAN_POINT('',(-0.00255548960384213,1.53834198272937E-19,-0.0827694740090835));
#2689=CARTESIAN_POINT('',(0.0011540443020977,-1.35918679914601E-20,-0.0822793586070005));
#2690=CARTESIAN_POINT('',(0.00396638922397716,-6.30147726995924E-21,-0.0813254964559013));
#2691=CARTESIAN_POINT('',(0.00597662216627472,3.69751793909219E-20,-0.0803328726424734));
#2692=CARTESIAN_POINT('',(0.00779272160443479,-1.41599240293728E-19,-0.079117643379372));
#2693=CARTESIAN_POINT('',(0.00913993602730651,4.17584944771039E-19,-0.0779475425533189));
#2694=CARTESIAN_POINT('',(0.010143745192359,-7.23333052529125E-19,-0.0768928305494912));
#2695=CARTESIAN_POINT('',(0.010859956508295,3.84153024585968E-19,-0.0760348337508587));
#2696=CARTESIAN_POINT('',(0.0114236394644851,-6.13707034081303E-19,-0.075261090562985));
#2697=CARTESIAN_POINT('',(0.0118038109226813,5.29057788001098E-20,-0.074676611668135));
#2698=CARTESIAN_POINT('',(0.0120097834196739,-1.05811557600223E-20,-0.0743414534068008));
#2699=CARTESIAN_POINT('',(0.0121216281165667,0.,-0.0741514039713687));
#2700=CARTESIAN_POINT('',(0.0121666984465875,0.,-0.0740733398698587));
#2701=CARTESIAN_POINT('',(0.0121666984465875,0.,-0.0740733398698588));
#2702=CARTESIAN_POINT('',(0.0121666984465875,0.,-0.0740733398698587));
#2703=CARTESIAN_POINT('',(0.0132551526229113,0.,-0.0721880819347556));
#2704=CARTESIAN_POINT('',(0.0150894598648971,1.05398484707665E-23,-0.0690109685949443));
#2705=CARTESIAN_POINT('',(0.0175729176235742,-1.75664141179441E-23,-0.0647094935784646));
#2706=CARTESIAN_POINT('',(0.0193551987055668,6.67523736481878E-23,-0.0616224921910846));
#2707=CARTESIAN_POINT('',(0.0211216918442831,-2.49443080474808E-22,-0.0585628363236061));
#2708=CARTESIAN_POINT('',(0.0229195590852232,9.31019948251039E-22,-0.0554488389170342));
#2709=CARTESIAN_POINT('',(0.0247719768095545,-3.47463671252935E-21,-0.0522403573016513));
#2710=CARTESIAN_POINT('',(0.0266032285113703,1.02271662994671E-20,-0.0490685363126594));
#2711=CARTESIAN_POINT('',(0.0280006213663395,-1.77139719965349E-20,-0.046648180889719));
#2712=CARTESIAN_POINT('',(0.0289719120215576,6.76140062606723E-20,-0.0449658561259643));
#2713=CARTESIAN_POINT('',(0.0298053556141679,-3.93859446990862E-18,-0.0435222894783206));
#2714=CARTESIAN_POINT('',(0.0307086046775298,2.57319546812047E-18,-0.0419578162086886));
#2715=CARTESIAN_POINT('',(0.0317165652093554,-3.46578686354105E-18,-0.0402119773555427));
#2716=CARTESIAN_POINT('',(0.0327276001393442,8.69048861036532E-19,-0.0384608134885752));
#2717=CARTESIAN_POINT('',(0.0334767132022331,1.3616765966852E-19,-0.0371633116030382));
#2718=CARTESIAN_POINT('',(0.0340448050931834,-4.18911559610645E-19,-0.0361793475845443));
#2719=CARTESIAN_POINT('',(0.0346205262679705,2.37730169799534E-18,-0.0351821692588198));
#2720=CARTESIAN_POINT('',(0.0351824191006436,-8.64473344725578E-19,-0.0342089423242213));
#2721=CARTESIAN_POINT('',(0.0355944646665005,0.,-0.0334952584691235));
#2722=CARTESIAN_POINT('',(0.0358247208701688,0.,-0.0330964430256122));
#2723=CARTESIAN_POINT('',(0.0358247208701689,0.,-0.0330964430256121));
#2724=CARTESIAN_POINT('',(0.0358247208701688,0.,-0.0330964430256122));
#2725=CARTESIAN_POINT('',(0.0358247208701688,-0.00488810754226411,-0.0330964430256122));
#2726=CARTESIAN_POINT('',(0.0357906801630139,-0.0140693005699289,-0.0331565863670982));
#2727=CARTESIAN_POINT('',(0.0350861083129953,-0.027252733210681,-0.0332757465646153));
#2728=CARTESIAN_POINT('',(0.0340935446062345,-0.0369410667402502,-0.0333529418393137));
#2729=CARTESIAN_POINT('',(0.03249155680837,-0.0457798274213529,-0.0333915733342664));
#2730=CARTESIAN_POINT('',(0.030494620731056,-0.0519362557310367,-0.0333822711220596));
#2731=CARTESIAN_POINT('',(0.0283125188086208,-0.0558941255235744,-0.033316152963589));
#2732=CARTESIAN_POINT('',(0.0262803739903575,-0.0583238227876388,-0.0332055058185317));
#2733=CARTESIAN_POINT('',(0.0236719648398366,-0.060068894126979,-0.0329767954997314));
#2734=CARTESIAN_POINT('',(0.0215452844770065,-0.0605,-0.0327810528169488));
#2735=CARTESIAN_POINT('',(0.0204496678648413,-0.0605,-0.032706700991269));
#2736=CARTESIAN_POINT('',(0.0204496678648413,-0.0605,-0.032706700991269));
#2737=CARTESIAN_POINT('',(0.0189996159782932,-0.0605000000000201,-0.0392871859352335));
#2738=CARTESIAN_POINT('',(0.0190000904556918,-0.0604999999366951,-0.0370233939842993));
#2739=CARTESIAN_POINT('',(0.0194986125828419,-0.0604999998450602,-0.0347610252296955));
#2740=CARTESIAN_POINT('',(0.0204496539350464,-0.0604999999999848,-0.0327066945434036));
#2741=CARTESIAN_POINT('',(0.018999812016816,-0.060499999750009,-0.039287185976322));
#2742=CARTESIAN_POINT('',(0.0160980177504684,-0.0604999999999992,-0.0501172791382604));
#2743=CARTESIAN_POINT('',(0.0179881029770731,-0.0604999999999993,-0.0468432864520845));
#2744=CARTESIAN_POINT('',(0.01899979735795,-0.0604999999999994,-0.0430675905277177));
#2745=CARTESIAN_POINT('',(0.0189999313321978,-0.0604999999999995,-0.0392871870763631));
#2746=CARTESIAN_POINT('',(0.0160980482709292,-0.0604999997499993,-0.050117296757758));
#2747=CARTESIAN_POINT('',(0.013856406460551,-0.0605,-0.0540000000000001));
#2748=CARTESIAN_POINT('',(0.0146548702275442,-0.0605,-0.052617020187564));
#2749=CARTESIAN_POINT('',(0.0150960143298619,-0.0605000000000001,-0.0518529363832547));
#2750=CARTESIAN_POINT('',(0.0160980767347152,-0.0605,-0.0501173131913306));
#2751=CARTESIAN_POINT('',(0.0138563736838568,-0.0604999997500002,-0.0539999807875182));
#2752=CARTESIAN_POINT('',(-0.0138563405986393,-0.0605,-0.0539999619742604));
#2753=CARTESIAN_POINT('',(-0.0124600763509131,-0.0605,-0.0564183405007982));
#2754=CARTESIAN_POINT('',(-0.00837417213815797,-0.0605,-0.0605035160302412));
#2755=CARTESIAN_POINT('',(1.8609778982249E-11,-0.0605,-0.062748073128754));
#2756=CARTESIAN_POINT('',(0.00837417218085501,-0.0605,-0.0605035160506771));
#2757=CARTESIAN_POINT('',(0.0124600764035795,-0.0605,-0.0564183405312052));
#2758=CARTESIAN_POINT('',(0.0138563406572073,-0.0605,-0.0539999620080747));
#2759=CARTESIAN_POINT('',(-0.0138563736545763,-0.0604999997500002,-0.0539999807706131));
#2760=CARTESIAN_POINT('',(-0.0160980762113534,-0.0605,-0.0501173140978201));
#2761=CARTESIAN_POINT('',(-0.0152949147996848,-0.0605,-0.0515084304695089));
#2762=CARTESIAN_POINT('',(-0.0147609860844212,-0.0605,-0.0524332221319654));
#2763=CARTESIAN_POINT('',(-0.0138564065856261,-0.0605,-0.0539999997833636));
#2764=CARTESIAN_POINT('',(-0.016098046486366,-0.0604999997500002,-0.0501172972261685));
#2765=CARTESIAN_POINT('',(-0.0189999316430106,-0.0605,-0.0392871870764677));
#2766=CARTESIAN_POINT('',(-0.0189997972440194,-0.0605,-0.0430675908612381));
#2767=CARTESIAN_POINT('',(-0.0179881025107577,-0.0605,-0.0468432870077974));
#2768=CARTESIAN_POINT('',(-0.016098017011433,-0.0605,-0.0501172799215362));
#2769=CARTESIAN_POINT('',(-0.019,-0.0605,-0.0392871870788979));
#2770=CARTESIAN_POINT('',(-0.0210980762113532,-0.0605,-0.0314570600599758));
#2771=CARTESIAN_POINT('',(-0.0197314126675868,-0.0605,-0.0338241907546314));
#2772=CARTESIAN_POINT('',(-0.019,-0.0605,-0.0365538586272585));
#2773=CARTESIAN_POINT('',(-0.019,-0.0605,-0.0392871870788979));
#2774=CARTESIAN_POINT('',(-0.021098076211353,-0.0605,-0.0314570600599761));
#2775=CARTESIAN_POINT('',(-0.0236448637286709,-0.0605,-0.0270458946838995));
#2776=CARTESIAN_POINT('',(-0.0227959345562315,-0.0605,-0.0285162831425918));
#2777=CARTESIAN_POINT('',(-0.0220829181644987,-0.0604999999999999,-0.0297512637597015));
#2778=CARTESIAN_POINT('',(-0.0210980762113526,-0.0605,-0.0314570600599768));
#2779=CARTESIAN_POINT('',(-0.0236448637085079,-0.0605,-0.0270458947188229));
#2780=CARTESIAN_POINT('',(-0.040065647361576,0.,-0.0254904163079517));
#2781=CARTESIAN_POINT('',(-0.040065647361576,-0.00488988806189495,-0.0254904163079517));
#2782=CARTESIAN_POINT('',(-0.0400644721670343,-0.014078406864097,-0.0255016729563761));
#2783=CARTESIAN_POINT('',(-0.0393745074050644,-0.0272865188992313,-0.0256332262519354));
#2784=CARTESIAN_POINT('',(-0.0383370818087151,-0.0370038673974736,-0.0258154621417385));
#2785=CARTESIAN_POINT('',(-0.0365926179501495,-0.0458776357550329,-0.0261041020498935));
#2786=CARTESIAN_POINT('',(-0.0343743663911434,-0.0520545494820641,-0.0264485235371072));
#2787=CARTESIAN_POINT('',(-0.0319616131789699,-0.0559942168520881,-0.0267580448775998));
#2788=CARTESIAN_POINT('',(-0.029746546359377,-0.0583781385292727,-0.0269732090797433));
#2789=CARTESIAN_POINT('',(-0.0269971986170015,-0.0600633073036367,-0.0270967476702688));
#2790=CARTESIAN_POINT('',(-0.0247905970819343,-0.0605,-0.0270688718085788));
#2791=CARTESIAN_POINT('',(-0.0236448637286709,-0.0605,-0.0270458946838995));
#2792=CARTESIAN_POINT('',(-0.0380914132862279,0.,-0.0251704165958667));
#2793=CARTESIAN_POINT('',(-0.0380914132862279,-0.0195595522475798,-0.0251704165958667));
#2794=CARTESIAN_POINT('',(-0.0380914132862279,-0.0585,-0.0251704165958667));
#2795=CARTESIAN_POINT('',(-0.0236448637286709,-0.0585,-0.0270458946838995));
#2796=CARTESIAN_POINT('',(-0.0379740772408113,0.,-0.0258943198069624));
#2797=CARTESIAN_POINT('',(-0.0379740772408113,-0.0195595509277708,-0.0258943198069624));
#2798=CARTESIAN_POINT('',(-0.0379545203766599,-0.0585,-0.0257262450590826));
#2799=CARTESIAN_POINT('',(-0.0234326314355611,-0.0585,-0.0274134917985725));
#2800=CARTESIAN_POINT('',(-0.0378517654326688,0.,-0.0266489209216921));
#2801=CARTESIAN_POINT('',(-0.0378517654326688,-0.0195596724773307,-0.0266489209216921));
#2802=CARTESIAN_POINT('',(-0.037826122015886,-0.0585,-0.0262673605321997));
#2803=CARTESIAN_POINT('',(-0.0232288936912455,-0.0585,-0.0277663759231467));
#2804=CARTESIAN_POINT('',(-0.0376870244342366,0.,-0.0276652883758764));
#2805=CARTESIAN_POINT('',(-0.0376870244342366,-0.01956005231698,-0.0276652883758764));
#2806=CARTESIAN_POINT('',(-0.0376632031540501,-0.0585,-0.0271470234609114));
#2807=CARTESIAN_POINT('',(-0.0229600748817559,-0.0585,-0.0282319837592126));
#2808=CARTESIAN_POINT('',(-0.0375630540385187,0.,-0.0284301221251508));
#2809=CARTESIAN_POINT('',(-0.0375630540385187,-0.0195603923710858,-0.0284301221251508));
#2810=CARTESIAN_POINT('',(-0.0375430837458055,-0.0585,-0.0278463145652507));
#2811=CARTESIAN_POINT('',(-0.022759168653705,-0.0585,-0.0285799635537539));
#2812=CARTESIAN_POINT('',(-0.0374390836428009,0.,-0.0291949558744252));
#2813=CARTESIAN_POINT('',(-0.0374390836428009,-0.0195608844941946,-0.0291949558744252));
#2814=CARTESIAN_POINT('',(-0.0374284117738255,-0.0585,-0.0287086856308453));
#2815=CARTESIAN_POINT('',(-0.022558262425654,-0.0585,-0.0289279433482952));
#2816=CARTESIAN_POINT('',(-0.0372760012319441,0.,-0.0302010906940649));
#2817=CARTESIAN_POINT('',(-0.0372760012319441,-0.0195616519123792,-0.0302010906940649));
#2818=CARTESIAN_POINT('',(-0.0372765660375974,-0.0585,-0.0298982907842876));
#2819=CARTESIAN_POINT('',(-0.0222866120998998,-0.0585,-0.0293984555143941));
#2820=CARTESIAN_POINT('',(-0.0371553480113768,0.,-0.0309454591742498));
#2821=CARTESIAN_POINT('',(-0.0371553480113768,-0.0195623085542884,-0.0309454591742498));
#2822=CARTESIAN_POINT('',(-0.0371634694052352,-0.0585,-0.0308203274488567));
#2823=CARTESIAN_POINT('',(-0.0220800428393195,-0.0585,-0.0297562439690012));
#2824=CARTESIAN_POINT('',(-0.0370396705535356,0.,-0.0316591297508007));
#2825=CARTESIAN_POINT('',(-0.0370396705535356,-0.01956301097066,-0.0316591297508007));
#2826=CARTESIAN_POINT('',(-0.0370472883460352,-0.0585,-0.031668782550632));
#2827=CARTESIAN_POINT('',(-0.0218649790299449,-0.0585,-0.0301287454137072));
#2828=CARTESIAN_POINT('',(-0.0368881982557061,0.,-0.0325936361286274));
#2829=CARTESIAN_POINT('',(-0.0368881982557061,-0.0195639510160407,-0.0325936361286274));
#2830=CARTESIAN_POINT('',(-0.0368932620991027,-0.0585,-0.0327462775332545));
#2831=CARTESIAN_POINT('',(-0.0215735080903378,-0.0585,-0.0306335878900367));
#2832=CARTESIAN_POINT('',(-0.0367808137357416,0.,-0.0332561435324548));
#2833=CARTESIAN_POINT('',(-0.0367808137357416,-0.0195646545605075,-0.0332561435324548));
#2834=CARTESIAN_POINT('',(-0.0367797265359052,-0.0585,-0.0334333971757955));
#2835=CARTESIAN_POINT('',(-0.0213442866996396,-0.0585,-0.0310306109849074));
#2836=CARTESIAN_POINT('',(-0.0366542446954962,0.,-0.0340370095854534));
#2837=CARTESIAN_POINT('',(-0.0366542446954962,-0.019565396307312,-0.0340370095854534));
#2838=CARTESIAN_POINT('',(-0.0366545698081987,-0.0585,-0.0339840042325489));
#2839=CARTESIAN_POINT('',(-0.0210244502278505,-0.0585,-0.0315845840041599));
#2840=CARTESIAN_POINT('',(-0.0366236908282609,0.,-0.0342100304341516));
#2841=CARTESIAN_POINT('',(-0.0366236908282609,-0.019565541197291,-0.0342100304341516));
#2842=CARTESIAN_POINT('',(-0.036628107022537,-0.0585,-0.0340899696647663));
#2843=CARTESIAN_POINT('',(-0.0209501160157898,-0.0585,-0.0317174972794958));
#2844=CARTESIAN_POINT('',(-0.0365604129594313,0.,-0.0345443057591424));
#2845=CARTESIAN_POINT('',(-0.0365604129594313,-0.019565783391198,-0.0345443057591424));
#2846=CARTESIAN_POINT('',(-0.0365774100105061,-0.0585,-0.0342787818189933));
#2847=CARTESIAN_POINT('',(-0.0208014572324712,-0.0585,-0.0319932279790444));
#2848=CARTESIAN_POINT('',(-0.0365276879850983,0.,-0.0347055606647437));
#2849=CARTESIAN_POINT('',(-0.0365276879850983,-0.0195658806951259,-0.0347055606647437));
#2850=CARTESIAN_POINT('',(-0.0365531765913161,-0.0585,-0.0343616287662579));
#2851=CARTESIAN_POINT('',(-0.0207271334683923,-0.0585,-0.032136045628512));
#2852=CARTESIAN_POINT('',(-0.0364605021203483,0.,-0.0350180070522345));
#2853=CARTESIAN_POINT('',(-0.0364605021203483,-0.0195660318494239,-0.0350180070522345));
#2854=CARTESIAN_POINT('',(-0.036504388771408,-0.0585,-0.034522554895436));
#2855=CARTESIAN_POINT('',(-0.0205798398735796,-0.0585,-0.0324306128753259));
#2856=CARTESIAN_POINT('',(-0.0364260403923125,0.,-0.0351691988484306));
#2857=CARTESIAN_POINT('',(-0.0364260403923125,-0.0195660856997938,-0.0351691988484306));
#2858=CARTESIAN_POINT('',(-0.0364798351254847,-0.0585,-0.0346006341403499));
#2859=CARTESIAN_POINT('',(-0.0205068707976405,-0.0585,-0.0325823625356727));
#2860=CARTESIAN_POINT('',(-0.036355613330113,0.,-0.0354632119036851));
#2861=CARTESIAN_POINT('',(-0.036355613330113,-0.0195661540794687,-0.0354632119036851));
#2862=CARTESIAN_POINT('',(-0.0364277503253826,-0.0585,-0.0347702730358231));
#2863=CARTESIAN_POINT('',(-0.0203635238857427,-0.0585,-0.0328937188293869));
#2864=CARTESIAN_POINT('',(-0.0363196472973057,0.,-0.0356060333980843));
#2865=CARTESIAN_POINT('',(-0.0363196472973057,-0.0195661686087736,-0.0356060333980843));
#2866=CARTESIAN_POINT('',(-0.0364002198562283,-0.0585,-0.0348618325962392));
#2867=CARTESIAN_POINT('',(-0.0202931467348084,-0.0585,-0.0330533253726112));
#2868=CARTESIAN_POINT('',(-0.0362462650830375,0.,-0.0358849805656577));
#2869=CARTESIAN_POINT('',(-0.0362462650830375,-0.0195661624788115,-0.0358849805656577));
#2870=CARTESIAN_POINT('',(-0.0363393962300502,-0.0585,-0.03507657796776));
#2871=CARTESIAN_POINT('',(-0.0201560923266695,-0.0585,-0.0333792181312689));
#2872=CARTESIAN_POINT('',(-0.0362088483427867,0.,-0.0360211064259708));
#2873=CARTESIAN_POINT('',(-0.0362088483427867,-0.0195661434753402,-0.0360211064259708));
#2874=CARTESIAN_POINT('',(-0.0363061036699628,-0.0585,-0.0351997635497367));
#2875=CARTESIAN_POINT('',(-0.0200894156664011,-0.0585,-0.0335455041175746));
#2876=CARTESIAN_POINT('',(-0.0361579215684523,0.,-0.0361992439084877));
#2877=CARTESIAN_POINT('',(-0.0361579215684523,-0.0195661007245965,-0.0361992439084877));
#2878=CARTESIAN_POINT('',(-0.0362559163752984,-0.0585,-0.0353971274051325));
#2879=CARTESIAN_POINT('',(-0.0200036205148033,-0.0585,-0.0337708220291865));
#2880=CARTESIAN_POINT('',(-0.0361194669008072,0.,-0.0363320061593484));
#2881=CARTESIAN_POINT('',(-0.0361194669008072,-0.0195660643083433,-0.0363320061593484));
#2882=CARTESIAN_POINT('',(-0.0362168267643052,-0.0585,-0.0355534292834385));
#2883=CARTESIAN_POINT('',(-0.0199400510802703,-0.0585,-0.0339407111622656));
#2884=CARTESIAN_POINT('',(-0.0360801916385148,0.,-0.0364625158962976));
#2885=CARTESIAN_POINT('',(-0.0360801916385148,-0.0195660157921382,-0.0364625158962975));
#2886=CARTESIAN_POINT('',(-0.0361728733237694,-0.0585,-0.0357375615128324));
#2887=CARTESIAN_POINT('',(-0.0198789449959029,-0.0585,-0.0341130752599567));
#2888=CARTESIAN_POINT('',(-0.0360137281318307,0.,-0.0366781294850208));
#2889=CARTESIAN_POINT('',(-0.0360137281318307,-0.0195659236199268,-0.0366781294850208));
#2890=CARTESIAN_POINT('',(-0.0360951561310624,-0.0585,-0.0360676126916947));
#2891=CARTESIAN_POINT('',(-0.0197801331614077,-0.0585,-0.0344025939756806));
#2892=CARTESIAN_POINT('',(-0.0359729454808262,0.,-0.0368057854292346));
#2893=CARTESIAN_POINT('',(-0.0359729454808262,-0.0195658581359173,-0.0368057854292346));
#2894=CARTESIAN_POINT('',(-0.0360445108713984,-0.0585,-0.0362864906693232));
#2895=CARTESIAN_POINT('',(-0.0197235749048088,-0.0585,-0.0345783254561561));
#2896=CARTESIAN_POINT('',(-0.0358891850541893,0.,-0.0370592588427634));
#2897=CARTESIAN_POINT('',(-0.0358891850541893,-0.0195657125643407,-0.0370592588427634));
#2898=CARTESIAN_POINT('',(-0.0359375589631352,-0.0585,-0.0367449167663548));
#2899=CARTESIAN_POINT('',(-0.0196165344042421,-0.0585,-0.0349323896219589));
#2900=CARTESIAN_POINT('',(-0.0358462071257278,0.,-0.0371850765003898));
#2901=CARTESIAN_POINT('',(-0.0358462071257278,-0.0195656324767736,-0.0371850765003898));
#2902=CARTESIAN_POINT('',(-0.0358812525470916,-0.0585,-0.0369844643680484));
#2903=CARTESIAN_POINT('',(-0.0195660523928298,-0.0585,-0.0351107217895769));
#2904=CARTESIAN_POINT('',(-0.0357575413304263,0.,-0.0374364199035152));
#2905=CARTESIAN_POINT('',(-0.0357575413304263,-0.0195654634558893,-0.0374364199035152));
#2906=CARTESIAN_POINT('',(-0.0357651611981258,-0.0585,-0.0374631422999586));
#2907=CARTESIAN_POINT('',(-0.0194715970799829,-0.0585,-0.0354684850180307));
#2908=CARTESIAN_POINT('',(-0.0357118534368595,0.,-0.0375619458781141));
#2909=CARTESIAN_POINT('',(-0.0357118534368595,-0.0195653744620522,-0.0375619458781141));
#2910=CARTESIAN_POINT('',(-0.0357053763514124,-0.0585,-0.037702272069756));
#2911=CARTESIAN_POINT('',(-0.0194276238647571,-0.0585,-0.0356479155184473));
#2912=CARTESIAN_POINT('',(-0.0356171273537808,0.,-0.0378142065771487));
#2913=CARTESIAN_POINT('',(-0.0356171273537808,-0.0195651909713809,-0.0378142065771487));
#2914=CARTESIAN_POINT('',(-0.0355843198305578,-0.0585,-0.0381589810885073));
#2915=CARTESIAN_POINT('',(-0.0193464276590238,-0.0585,-0.0360063272647499));
#2916=CARTESIAN_POINT('',(-0.0355680892566771,0.,-0.0379409415898705));
#2917=CARTESIAN_POINT('',(-0.0355680892566771,-0.0195650964745466,-0.0379409415898705));
#2918=CARTESIAN_POINT('',(-0.0355230480898624,-0.0585,-0.0383765597639153));
#2919=CARTESIAN_POINT('',(-0.0193092046019622,-0.0585,-0.0361853079370899));
#2920=CARTESIAN_POINT('',(-0.0354829280852249,0.,-0.0381543797963938));
#2921=CARTESIAN_POINT('',(-0.0354829280852249,-0.0195649372804857,-0.0381543797963938));
#2922=CARTESIAN_POINT('',(-0.0354211896581346,-0.0585,-0.0387035971560677));
#2923=CARTESIAN_POINT('',(-0.019252833040821,-0.0585,-0.0364819206307373));
#2924=CARTESIAN_POINT('',(-0.0354304591136632,0.,-0.0382833282384787));
#2925=CARTESIAN_POINT('',(-0.0354304591136632,-0.0195648410843144,-0.0382833282384787));
#2926=CARTESIAN_POINT('',(-0.0353601789057714,-0.0585,-0.0388855817265194));
#2927=CARTESIAN_POINT('',(-0.0192212767032884,-0.0585,-0.0366592125047294));
#2928=CARTESIAN_POINT('',(-0.0353756322914409,0.,-0.0384140659609683));
#2929=CARTESIAN_POINT('',(-0.0353756322914409,-0.0195647450231384,-0.0384140659609683));
#2930=CARTESIAN_POINT('',(-0.0352998624311305,-0.0585,-0.0390391520065164));
#2931=CARTESIAN_POINT('',(-0.0191930746906262,-0.0585,-0.0368349616394376));
#2932=CARTESIAN_POINT('',(-0.0353014153842676,0.,-0.0385892806051671));
#2933=CARTESIAN_POINT('',(-0.0353014153842675,-0.0195646172581455,-0.0385892806051671));
#2934=CARTESIAN_POINT('',(-0.0352196024613557,-0.0585,-0.0392327860139252));
#2935=CARTESIAN_POINT('',(-0.0191569526906063,-0.0585,-0.0370684905735918));
#2936=CARTESIAN_POINT('',(-0.0352432454312663,0.,-0.0387227118336656));
#2937=CARTESIAN_POINT('',(-0.0352432454312663,-0.0195645221466951,-0.0387227118336656));
#2938=CARTESIAN_POINT('',(-0.0351597716008422,-0.0585,-0.0393529766836523));
#2939=CARTESIAN_POINT('',(-0.0191331923534209,-0.0585,-0.0372418294594209));
#2940=CARTESIAN_POINT('',(-0.0351208538015927,0.,-0.0389949219017249));
#2941=CARTESIAN_POINT('',(-0.0351208538015927,-0.0195643368121752,-0.0389949219017249));
#2942=CARTESIAN_POINT('',(-0.0350386814861435,-0.0585,-0.0395635725841807));
#2943=CARTESIAN_POINT('',(-0.0190920193705865,-0.0585,-0.0375833086534716));
#2944=CARTESIAN_POINT('',(-0.0350566325115561,0.,-0.0391337013230543));
#2945=CARTESIAN_POINT('',(-0.0350566325115561,-0.019564244930654,-0.0391337013230543));
#2946=CARTESIAN_POINT('',(-0.0349774217085547,-0.0585,-0.0396539773728238));
#2947=CARTESIAN_POINT('',(-0.0190746062015337,-0.0585,-0.0377514485195349));
#2948=CARTESIAN_POINT('',(-0.0349209526085838,0.,-0.0394178245370085));
#2949=CARTESIAN_POINT('',(-0.0349209526085838,-0.0195640682007176,-0.0394178245370085));
#2950=CARTESIAN_POINT('',(-0.034851151663788,-0.0585,-0.0398253036559843));
#2951=CARTESIAN_POINT('',(-0.0190456474522306,-0.0585,-0.0380809646380866));
#2952=CARTESIAN_POINT('',(-0.0348494944486525,0.,-0.0395631690529258));
#2953=CARTESIAN_POINT('',(-0.0348494944486525,-0.0195639833523023,-0.0395631690529258));
#2954=CARTESIAN_POINT('',(-0.0347861407329342,-0.0585,-0.0399062248007443));
#2955=CARTESIAN_POINT('',(-0.0190341012083044,-0.0585,-0.0382423405408173));
#2956=CARTESIAN_POINT('',(-0.0346979935106117,0.,-0.0398615284465181));
#2957=CARTESIAN_POINT('',(-0.0346979935106117,-0.0195638261502057,-0.0398615284465181));
#2958=CARTESIAN_POINT('',(-0.0346498994072596,-0.0585,-0.040078916839207));
#2959=CARTESIAN_POINT('',(-0.0190162493280602,-0.0585,-0.0385567945950043));
#2960=CARTESIAN_POINT('',(-0.034617951228207,0.,-0.0400145442144317));
#2961=CARTESIAN_POINT('',(-0.034617951228207,-0.0195637537965244,-0.0400145442144317));
#2962=CARTESIAN_POINT('',(-0.0345786682184452,-0.0585,-0.0401706874929049));
#2963=CARTESIAN_POINT('',(-0.0190099428977486,-0.0585,-0.0387098725064559));
#2964=CARTESIAN_POINT('',(-0.0344477587243898,0.,-0.0403292172318781));
#2965=CARTESIAN_POINT('',(-0.0344477587243898,-0.0195636270455239,-0.0403292172318781));
#2966=CARTESIAN_POINT('',(-0.0344273924293967,-0.0585,-0.040385451400084));
#2967=CARTESIAN_POINT('',(-0.0190018186904648,-0.0585,-0.0390062362481572));
#2968=CARTESIAN_POINT('',(-0.0343576090110388,0.,-0.0404908755662946));
#2969=CARTESIAN_POINT('',(-0.0343576090110388,-0.0195635726482048,-0.0404908755662946));
#2970=CARTESIAN_POINT('',(-0.0343473469156701,-0.0585,-0.0405084445350672));
#2971=CARTESIAN_POINT('',(-0.019,-0.0585,-0.039149521959909));
#2972=CARTESIAN_POINT('',(-0.0340569619481115,0.,-0.041011611554431));
#2973=CARTESIAN_POINT('',(-0.0340569619481115,-0.0195634390442841,-0.041011611554431));
#2974=CARTESIAN_POINT('',(-0.0340788176790717,-0.0585,-0.0409741939860928));
#2975=CARTESIAN_POINT('',(-0.019,-0.0585,-0.0395803798134369));
#2976=CARTESIAN_POINT('',(-0.0338385382172113,0.,-0.0413899325539287));
#2977=CARTESIAN_POINT('',(-0.0338385382172113,-0.0195634272415882,-0.0413899325539287));
#2978=CARTESIAN_POINT('',(-0.0338558349745991,-0.0585,-0.041419502910054));
#2979=CARTESIAN_POINT('',(-0.0189940932592083,-0.0585,-0.0398593341821309));
#2980=CARTESIAN_POINT('',(-0.0333792046301023,0.,-0.0421855216644243));
#2981=CARTESIAN_POINT('',(-0.0333792046301023,-0.0195635805247553,-0.0421855216644243));
#2982=CARTESIAN_POINT('',(-0.0333564430735082,-0.0585,-0.0424421762783898));
#2983=CARTESIAN_POINT('',(-0.0189733692050153,-0.0585,-0.0403937378256377));
#2984=CARTESIAN_POINT('',(-0.0331382947738935,0.,-0.0426027897754222));
#2985=CARTESIAN_POINT('',(-0.0331382947738935,-0.0195637456106184,-0.0426027897754222));
#2986=CARTESIAN_POINT('',(-0.0330800284377126,-0.0585,-0.0430195443330007));
#2987=CARTESIAN_POINT('',(-0.0189585464524367,-0.0585,-0.0406491907106867));
#2988=CARTESIAN_POINT('',(-0.0327223641639885,0.,-0.0433232027242007));
#2989=CARTESIAN_POINT('',(-0.0327223641639885,-0.019564183713154,-0.0433232027242006));
#2990=CARTESIAN_POINT('',(-0.032596531590238,-0.0585,-0.0439880964738173));
#2991=CARTESIAN_POINT('',(-0.0189279866440243,-0.0585,-0.0410596353982045));
#2992=CARTESIAN_POINT('',(-0.0324670401248895,0.,-0.043765436932314));
#2993=CARTESIAN_POINT('',(-0.0324670401248895,-0.0195645155346807,-0.043765436932314));
#2994=CARTESIAN_POINT('',(-0.0322973082746903,-0.0585,-0.0445717382604522));
#2995=CARTESIAN_POINT('',(-0.0189073057787274,-0.0585,-0.0412997798445819));
#2996=CARTESIAN_POINT('',(-0.0322047972780032,0.,-0.0442196548670426));
#2997=CARTESIAN_POINT('',(-0.0322047972780032,-0.019564951947535,-0.0442196548670426));
#2998=CARTESIAN_POINT('',(-0.0319928003512073,-0.0585,-0.0451176547023967));
#2999=CARTESIAN_POINT('',(-0.0188834522326838,-0.0585,-0.0415324703136711));
#3000=CARTESIAN_POINT('',(-0.0318524495013485,0.,-0.0448299391181424));
#3001=CARTESIAN_POINT('',(-0.0318524495013485,-0.0195655805722243,-0.0448299391181424));
#3002=CARTESIAN_POINT('',(-0.031585890092612,-0.0585,-0.0458295961747859));
#3003=CARTESIAN_POINT('',(-0.018850314044211,-0.0585,-0.0418397957429759));
#3004=CARTESIAN_POINT('',(-0.0315821347120437,0.,-0.0452981380672557));
#3005=CARTESIAN_POINT('',(-0.0315821347120436,-0.019566157207729,-0.0452981380672557));
#3006=CARTESIAN_POINT('',(-0.0312786799434048,-0.0585,-0.0463276731263176));
#3007=CARTESIAN_POINT('',(-0.0188224569730537,-0.0585,-0.0420637024838198));
#3008=CARTESIAN_POINT('',(-0.0310345863256466,0.,-0.0462465196920978));
#3009=CARTESIAN_POINT('',(-0.0310345863256466,-0.0195675242666739,-0.0462465196920978));
#3010=CARTESIAN_POINT('',(-0.0306790180386139,-0.0585,-0.0472631326874302));
#3011=CARTESIAN_POINT('',(-0.0187610218648952,-0.0585,-0.0425035279921468));
#3012=CARTESIAN_POINT('',(-0.0307573527285544,0.,-0.0467267023678265));
#3013=CARTESIAN_POINT('',(-0.0307573527285544,-0.0195683135420558,-0.0467267023678265));
#3014=CARTESIAN_POINT('',(-0.0303865643686025,-0.0585,-0.0477005168445531));
#3015=CARTESIAN_POINT('',(-0.0187274419134663,-0.0585,-0.0427194483071717));
#3016=CARTESIAN_POINT('',(-0.0303865547978003,0.,-0.047368943223234));
#3017=CARTESIAN_POINT('',(-0.0303865547978003,-0.0195694840558669,-0.047368943223234));
#3018=CARTESIAN_POINT('',(-0.0300185563376176,-0.0585,-0.0482505758490677));
#3019=CARTESIAN_POINT('',(-0.0186785943273576,-0.0585,-0.0430054415848413));
#3020=CARTESIAN_POINT('',(-0.0301081680660769,0.,-0.047851123186732));
#3021=CARTESIAN_POINT('',(-0.0301081680660769,-0.0195703915074937,-0.047851123186732));
#3022=CARTESIAN_POINT('',(-0.0297480326333685,-0.0585,-0.0486548406462037));
#3023=CARTESIAN_POINT('',(-0.0186409398284572,-0.0585,-0.0432194619358317));
#3024=CARTESIAN_POINT('',(-0.0298297813343535,0.,-0.04833330315023));
#3025=CARTESIAN_POINT('',(-0.0298297813343535,-0.019571377472146,-0.0483333031502299));
#3026=CARTESIAN_POINT('',(-0.0294968737485354,-0.0585,-0.0490360859449315));
#3027=CARTESIAN_POINT('',(-0.0186000588623169,-0.0585,-0.0434328977896013));
#3028=CARTESIAN_POINT('',(-0.0293677253391999,0.,-0.0491336076097778));
#3029=CARTESIAN_POINT('',(-0.0293677253391999,-0.0195730853481955,-0.0491336076097778));
#3030=CARTESIAN_POINT('',(-0.029095299450509,-0.0585,-0.0496562342301922));
#3031=CARTESIAN_POINT('',(-0.0185279610900762,-0.0585,-0.0437898399368934));
#3032=CARTESIAN_POINT('',(-0.0290922214440546,0.,-0.0496107943538527));
#3033=CARTESIAN_POINT('',(-0.0290922214440545,-0.019574169790554,-0.0496107943538527));
#3034=CARTESIAN_POINT('',(-0.0288696768275329,-0.0585,-0.0500145905063581));
#3035=CARTESIAN_POINT('',(-0.0184811363777397,-0.0585,-0.0440051011735437));
#3036=CARTESIAN_POINT('',(-0.028549862163498,0.,-0.0505501881837332));
#3037=CARTESIAN_POINT('',(-0.028549862163498,-0.0195763571946157,-0.0505501881837332));
#3038=CARTESIAN_POINT('',(-0.0284363146480614,-0.0585,-0.0507315450199517));
#3039=CARTESIAN_POINT('',(-0.0183787038553553,-0.0585,-0.0444427038208722));
#3040=CARTESIAN_POINT('',(-0.0282830067780867,0.,-0.0510123952695388));
#3041=CARTESIAN_POINT('',(-0.0282830067780867,-0.0195774601563189,-0.0510123952695388));
#3042=CARTESIAN_POINT('',(-0.0282285767022414,-0.0585,-0.0510901455868219));
#3043=CARTESIAN_POINT('',(-0.0183230976559827,-0.0585,-0.0446650475609929));
#3044=CARTESIAN_POINT('',(-0.0277631336228389,0.,-0.0519128419879192));
#3045=CARTESIAN_POINT('',(-0.0277631336228389,-0.0195795836849562,-0.0519128419879192));
#3046=CARTESIAN_POINT('',(-0.0278175636986843,-0.0585,-0.0518350916706361));
#3047=CARTESIAN_POINT('',(-0.0182007918266006,-0.0585,-0.0451214991303088));
#3048=CARTESIAN_POINT('',(-0.027504701942437,0.,-0.0523604587886607));
#3049=CARTESIAN_POINT('',(-0.027504701942437,-0.0195806685082531,-0.0523604587886607));
#3050=CARTESIAN_POINT('',(-0.0276155600858505,-0.0585,-0.0522165400254067));
#3051=CARTESIAN_POINT('',(-0.0181353636414943,-0.0585,-0.0453507097973306));
#3052=CARTESIAN_POINT('',(-0.0269897197031608,0.,-0.0532524341920826));
#3053=CARTESIAN_POINT('',(-0.0269897197031608,-0.0195828958779127,-0.0532524341920826));
#3054=CARTESIAN_POINT('',(-0.0271960805187379,-0.0585,-0.0530088302110866));
#3055=CARTESIAN_POINT('',(-0.0179961336635722,-0.0585,-0.0458092779668679));
#3056=CARTESIAN_POINT('',(-0.0267331691442865,0.,-0.0536967927947631));
#3057=CARTESIAN_POINT('',(-0.0267331691442865,-0.0195840384242754,-0.0536967927947631));
#3058=CARTESIAN_POINT('',(-0.0269786045220201,-0.0585,-0.0534196714442541));
#3059=CARTESIAN_POINT('',(-0.0179223318283174,-0.0585,-0.0460386348716417));
#3060=CARTESIAN_POINT('',(-0.0263062119200052,0.,-0.054436304399877));
#3061=CARTESIAN_POINT('',(-0.0263062119200052,-0.0195860004416923,-0.054436304399877));
#3062=CARTESIAN_POINT('',(-0.0265846910374476,-0.0585,-0.0541384735876616));
#3063=CARTESIAN_POINT('',(-0.0177926701013428,-0.0585,-0.0464195361174838));
#3064=CARTESIAN_POINT('',(-0.02605028840164,0.,-0.0548795769365372));
#3065=CARTESIAN_POINT('',(-0.02605028840164,-0.0195872005457402,-0.0548795769365372));
#3066=CARTESIAN_POINT('',(-0.0263357616212887,-0.0585,-0.0545833811903269));
#3067=CARTESIAN_POINT('',(-0.017712209668473,-0.0585,-0.0466475323748463));
#3068=CARTESIAN_POINT('',(-0.0257943648832749,0.,-0.0553228494731974));
#3069=CARTESIAN_POINT('',(-0.0257943648832749,-0.0195884427309032,-0.0553228494731974));
#3070=CARTESIAN_POINT('',(-0.0260606047614257,-0.0585,-0.0550525784303259));
#3071=CARTESIAN_POINT('',(-0.0176279503691468,-0.0585,-0.0468741401328485));
#3072=CARTESIAN_POINT('',(-0.0254530499200535,0.,-0.0559140243308803));
#3073=CARTESIAN_POINT('',(-0.0254530499200535,-0.0195901194006645,-0.0559140243308803));
#3074=CARTESIAN_POINT('',(-0.0256841104140584,-0.0585,-0.0556866754753191));
#3075=CARTESIAN_POINT('',(-0.0175139598579693,-0.0585,-0.0471755396406588));
#3076=CARTESIAN_POINT('',(-0.0251968755854847,0.,-0.0563577312939487));
#3077=CARTESIAN_POINT('',(-0.0251968755854847,-0.0195914228544597,-0.0563577312939487));
#3078=CARTESIAN_POINT('',(-0.0253800981984925,-0.0585,-0.056181374358951));
#3079=CARTESIAN_POINT('',(-0.0174247664693628,-0.0585,-0.0473999143587325));
#3080=CARTESIAN_POINT('',(-0.024683022019125,0.,-0.0572477517785341));
#3081=CARTESIAN_POINT('',(-0.024683022019125,-0.0195941448871532,-0.0572477517785341));
#3082=CARTESIAN_POINT('',(-0.0247565053923839,-0.0585,-0.05717812564198));
#3083=CARTESIAN_POINT('',(-0.0172397674522238,-0.0585,-0.0478436780294412));
#3084=CARTESIAN_POINT('',(-0.0244253427873342,0.,-0.0576940653000511));
#3085=CARTESIAN_POINT('',(-0.0244253427873342,-0.0195955635244958,-0.0576940653000511));
#3086=CARTESIAN_POINT('',(-0.0244369251791694,-0.0585,-0.0576801775823672));
#3087=CARTESIAN_POINT('',(-0.0171439622010195,-0.0585,-0.0480630665230663));
#3088=CARTESIAN_POINT('',(-0.024080014764854,0.,-0.0582921909802641));
#3089=CARTESIAN_POINT('',(-0.024080014764854,-0.0195975553583976,-0.0582921909802641));
#3090=CARTESIAN_POINT('',(-0.0240190433027846,-0.0585,-0.0583339456160729));
#3091=CARTESIAN_POINT('',(-0.0170124671876265,-0.0585,-0.048351232269712));
#3092=CARTESIAN_POINT('',(-0.0238205798196375,0.,-0.0587415454866381));
#3093=CARTESIAN_POINT('',(-0.0238205798196375,-0.0195990743131852,-0.0587415454866381));
#3094=CARTESIAN_POINT('',(-0.0237076883288368,-0.0585,-0.0588203628820208));
#3095=CARTESIAN_POINT('',(-0.0169129074226672,-0.0585,-0.0485662683975205));
#3096=CARTESIAN_POINT('',(-0.0235596399771988,0.,-0.0591935065514608));
#3097=CARTESIAN_POINT('',(-0.0235596399771988,-0.0196006743784193,-0.0591935065514608));
#3098=CARTESIAN_POINT('',(-0.0234071831264314,-0.0585,-0.0592899375699745));
#3099=CARTESIAN_POINT('',(-0.0168107249870535,-0.0585,-0.048777800802825));
#3100=CARTESIAN_POINT('',(-0.0231226501047705,0.,-0.0599503952128997));
#3101=CARTESIAN_POINT('',(-0.0231226501047705,-0.0196034443262229,-0.0599503952128997));
#3102=CARTESIAN_POINT('',(-0.022926272737579,-0.0585,-0.0600586914381171));
#3103=CARTESIAN_POINT('',(-0.0166379353916144,-0.0585,-0.0491259302844903));
#3104=CARTESIAN_POINT('',(-0.0228585750597859,0.,-0.0604077866078239));
#3105=CARTESIAN_POINT('',(-0.0228585750597859,-0.019605199540708,-0.0604077866078239));
#3106=CARTESIAN_POINT('',(-0.0226556655528472,-0.0585,-0.060507459962663));
#3107=CARTESIAN_POINT('',(-0.0165320252468151,-0.0585,-0.0493308256532942));
#3108=CARTESIAN_POINT('',(-0.0223255340538452,0.,-0.0613310407126309));
#3109=CARTESIAN_POINT('',(-0.0223255340538452,-0.0196089424301261,-0.0613310407126309));
#3110=CARTESIAN_POINT('',(-0.0221717565557803,-0.0585,-0.061393222296038));
#3111=CARTESIAN_POINT('',(-0.016317050475626,-0.0585,-0.0497313324894371));
#3112=CARTESIAN_POINT('',(-0.022056568092889,0.,-0.0617969034225137));
#3113=CARTESIAN_POINT('',(-0.022056568092889,-0.0196109301050591,-0.0617969034225137));
#3114=CARTESIAN_POINT('',(-0.0219584554218085,-0.0585,-0.0618302159938968));
#3115=CARTESIAN_POINT('',(-0.0162079865275995,-0.0585,-0.0499269438458058));
#3116=CARTESIAN_POINT('',(-0.0212877316942494,0.,-0.0631285671276657));
#3117=CARTESIAN_POINT('',(-0.0212877316942494,-0.0196169425164269,-0.0631285671276657));
#3118=CARTESIAN_POINT('',(-0.0214669694531123,-0.0585,-0.0630677098441882));
#3119=CARTESIAN_POINT('',(-0.0158972858491819,-0.0585,-0.0504650932067713));
#3120=CARTESIAN_POINT('',(-0.0207612402164366,0.,-0.0640404771169895));
#3121=CARTESIAN_POINT('',(-0.0207612402164366,-0.0196217207453656,-0.0640404771169895));
#3122=CARTESIAN_POINT('',(-0.0213006190001577,-0.0585,-0.0638583551504552));
#3123=CARTESIAN_POINT('',(-0.0157133225320868,-0.0585,-0.0507837270187089));
#3124=CARTESIAN_POINT('',(-0.0200436215064929,0.,-0.0652834291830741));
#3125=CARTESIAN_POINT('',(-0.0200436215064929,-0.0196289081464075,-0.0652834291830741));
#3126=CARTESIAN_POINT('',(-0.0208318395255014,-0.0585,-0.0650210984090566));
#3127=CARTESIAN_POINT('',(-0.01547714326172,-0.0585,-0.0511928015146787));
#3128=CARTESIAN_POINT('',(-0.0195014999558201,0.,-0.0662224112527174));
#3129=CARTESIAN_POINT('',(-0.0195014999558201,-0.0196345048941476,-0.0662224112527174));
#3130=CARTESIAN_POINT('',(-0.0204185102018301,-0.0585,-0.0659202932322357));
#3131=CARTESIAN_POINT('',(-0.0153022850970515,-0.0585,-0.0514956647400027));
#3132=CARTESIAN_POINT('',(-0.018953625277145,0.,-0.0671713580323629));
#3133=CARTESIAN_POINT('',(-0.018953625277145,-0.0196405645913783,-0.0671713580323629));
#3134=CARTESIAN_POINT('',(-0.0197077778636345,-0.0585,-0.0669310660018693));
#3135=CARTESIAN_POINT('',(-0.0151309230697843,-0.0585,-0.0517924724777177));
#3136=CARTESIAN_POINT('',(-0.0182286241280527,0.,-0.0684270968581367));
#3137=CARTESIAN_POINT('',(-0.0182286241280527,-0.0196487790025468,-0.0684270968581367));
#3138=CARTESIAN_POINT('',(-0.0187057892081085,-0.0585,-0.0682902548466958));
#3139=CARTESIAN_POINT('',(-0.0148996231965954,-0.0585,-0.0521930956098649));
#3140=CARTESIAN_POINT('',(-0.0176889970830892,0.,-0.0693617583171518));
#3141=CARTESIAN_POINT('',(-0.0176889970830892,-0.0196550374577982,-0.0693617583171518));
#3142=CARTESIAN_POINT('',(-0.0179135385630151,-0.0585,-0.0693182653443019));
#3143=CARTESIAN_POINT('',(-0.0147240354140795,-0.0585,-0.0524972225703709));
#3144=CARTESIAN_POINT('',(-0.0171674946166949,0.,-0.0702650270852192));
#3145=CARTESIAN_POINT('',(-0.0171674946166949,-0.0196610049106309,-0.0702650270852192));
#3146=CARTESIAN_POINT('',(-0.017296413472099,-0.0585,-0.0702605544874123));
#3147=CARTESIAN_POINT('',(-0.0145386128612895,-0.0585,-0.0528183838526723));
#3148=CARTESIAN_POINT('',(-0.0164828664415968,0.,-0.0714508378687823));
#3149=CARTESIAN_POINT('',(-0.0164828664415968,-0.0196687349638369,-0.0714508378687823));
#3150=CARTESIAN_POINT('',(-0.0165255900988776,-0.0585,-0.0714803561058463));
#3151=CARTESIAN_POINT('',(-0.0142855305699282,-0.0585,-0.0532567352398061));
#3152=CARTESIAN_POINT('',(-0.0159934893154853,0.,-0.0722984639152694));
#3153=CARTESIAN_POINT('',(-0.0159934893154853,-0.0196740084613265,-0.0722984639152694));
#3154=CARTESIAN_POINT('',(-0.0160644952519618,-0.0585,-0.0723128935318176));
#3155=CARTESIAN_POINT('',(-0.0140825513542143,-0.0585,-0.0536083055543031));
#3156=CARTESIAN_POINT('',(-0.0154510442578634,0.,-0.0732380063153851));
#3157=CARTESIAN_POINT('',(-0.0154510442578634,-0.0196788494030375,-0.0732380063153851));
#3158=CARTESIAN_POINT('',(-0.0154359550102212,-0.0585,-0.0732349399230765));
#3159=CARTESIAN_POINT('',(-0.0138083491223501,-0.0585,-0.0540832377514406));
#3160=CARTESIAN_POINT('',(-0.0153545053108918,0.,-0.0733979950464609));
#3161=CARTESIAN_POINT('',(-0.0153545053108918,-0.0196796293645423,-0.0733979950464609));
#3162=CARTESIAN_POINT('',(-0.0153222386266646,-0.0585,-0.0733932303959782));
#3163=CARTESIAN_POINT('',(-0.0137582757068248,-0.0585,-0.0541682334675782));
#3164=CARTESIAN_POINT('',(-0.0151589110449957,0.,-0.0737092912156755));
#3165=CARTESIAN_POINT('',(-0.0151589110449957,-0.0196810630515743,-0.0737092912156755));
#3166=CARTESIAN_POINT('',(-0.0150922173524792,-0.0585,-0.0737030166237463));
#3167=CARTESIAN_POINT('',(-0.0136541244659349,-0.0585,-0.0543411673927951));
#3168=CARTESIAN_POINT('',(-0.015059855386118,0.,-0.0738605989147762));
#3169=CARTESIAN_POINT('',(-0.015059855386118,-0.0196817167771015,-0.0738605989147762));
#3170=CARTESIAN_POINT('',(-0.0149759123467133,-0.0585,-0.0738545122862379));
#3171=CARTESIAN_POINT('',(-0.0136000465254332,-0.0585,-0.0544291055094997));
#3172=CARTESIAN_POINT('',(-0.0148595341593468,0.,-0.0741551937481574));
#3173=CARTESIAN_POINT('',(-0.0148595341593468,-0.0196829087032091,-0.0741551937481574));
#3174=CARTESIAN_POINT('',(-0.0147452651925054,-0.0585,-0.0741505374963991));
#3175=CARTESIAN_POINT('',(-0.0134879400123417,-0.0585,-0.0546073549600151));
#3176=CARTESIAN_POINT('',(-0.0147582682735538,0.,-0.0742984810980096));
#3177=CARTESIAN_POINT('',(-0.0147582682735538,-0.0196834469037894,-0.0742984810980096));
#3178=CARTESIAN_POINT('',(-0.0146309229483974,-0.0585,-0.0742950669474819));
#3179=CARTESIAN_POINT('',(-0.0134299113440859,-0.0585,-0.0546976661972391));
#3180=CARTESIAN_POINT('',(-0.0145537290261378,0.,-0.0745776748113962));
#3181=CARTESIAN_POINT('',(-0.0145537290261378,-0.0196844184910338,-0.0745776748113962));
#3182=CARTESIAN_POINT('',(-0.0144087821466632,-0.0585,-0.0745769955115293));
#3183=CARTESIAN_POINT('',(-0.0133099866179993,-0.0585,-0.0548800997864485));
#3184=CARTESIAN_POINT('',(-0.0144504553702222,0.,-0.0747135813544577));
#3185=CARTESIAN_POINT('',(-0.0144504553702222,-0.0196848518776979,-0.0747135813544577));
#3186=CARTESIAN_POINT('',(-0.0143009835130391,-0.0585,-0.0747143945249435));
#3187=CARTESIAN_POINT('',(-0.0132480904841705,-0.0585,-0.0549722220388834));
#3188=CARTESIAN_POINT('',(-0.0142420081738523,0.,-0.0749786259924758));
#3189=CARTESIAN_POINT('',(-0.0142420081738523,-0.0196856245481405,-0.0749786259924758));
#3190=CARTESIAN_POINT('',(-0.014096542801745,-0.0585,-0.0749819081110861));
#3191=CARTESIAN_POINT('',(-0.0131205461097653,-0.0585,-0.055157725676898));
#3192=CARTESIAN_POINT('',(-0.0141368343631789,0.,-0.0751077642393301));
#3193=CARTESIAN_POINT('',(-0.0141368343631789,-0.0196859646125268,-0.0751077642393301));
#3194=CARTESIAN_POINT('',(-0.0139999006677463,-0.0585,-0.0751120225828108));
#3195=CARTESIAN_POINT('',(-0.0130548978128603,-0.0585,-0.0552511069614739));
#3196=CARTESIAN_POINT('',(-0.0139953501712504,0.,-0.0752758233088914));
#3197=CARTESIAN_POINT('',(-0.0139953501712504,-0.019686364168565,-0.0752758233088914));
#3198=CARTESIAN_POINT('',(-0.0138815801227102,-0.0585,-0.0752805582730746));
#3199=CARTESIAN_POINT('',(-0.0129649648843846,-0.0585,-0.0553760955320606));
#3200=CARTESIAN_POINT('',(-0.0138889238340265,0.,-0.0754008363401005));
#3201=CARTESIAN_POINT('',(-0.0138889238340265,-0.0196866503698076,-0.0754008363401005));
#3202=CARTESIAN_POINT('',(-0.0137954736100496,-0.0585,-0.0754057224391844));
#3203=CARTESIAN_POINT('',(-0.0128969147092533,-0.0585,-0.0554699569742096));
#3204=CARTESIAN_POINT('',(-0.0137815484314916,0.,-0.0755228462399235));
#3205=CARTESIAN_POINT('',(-0.0137815484314916,-0.0196868981315183,-0.0755228462399235));
#3206=CARTESIAN_POINT('',(-0.0137180491841069,-0.0585,-0.075527153034255));
#3207=CARTESIAN_POINT('',(-0.0128270938983923,-0.0585,-0.0555640913795354));
#3208=CARTESIAN_POINT('',(-0.0134934930713668,0.,-0.0758431894956523));
#3209=CARTESIAN_POINT('',(-0.0134934930713668,-0.0196874974536261,-0.0758431894956523));
#3210=CARTESIAN_POINT('',(-0.0135220266242874,-0.0585,-0.0758449480752564));
#3211=CARTESIAN_POINT('',(-0.012637866785802,-0.0585,-0.0558152921124528));
#3212=CARTESIAN_POINT('',(-0.0132736113183661,0.,-0.0760721818946127));
#3213=CARTESIAN_POINT('',(-0.0132736113183661,-0.019687808849685,-0.0760721818946127));
#3214=CARTESIAN_POINT('',(-0.0133984871975806,-0.0585,-0.07606973829718));
#3215=CARTESIAN_POINT('',(-0.0124890920102917,-0.0585,-0.0560040765485937));
#3216=CARTESIAN_POINT('',(-0.0128248758425541,0.,-0.0765114980517623));
#3217=CARTESIAN_POINT('',(-0.0128248758425541,-0.0196882494263957,-0.0765114980517623));
#3218=CARTESIAN_POINT('',(-0.0131314035027782,-0.0585,-0.0765007843631566));
#3219=CARTESIAN_POINT('',(-0.0121797474828185,-0.0585,-0.0563784737840605));
#3220=CARTESIAN_POINT('',(-0.0125960161981968,0.,-0.0767218253102492));
#3221=CARTESIAN_POINT('',(-0.0125960161981968,-0.0196883809038537,-0.0767218253102492));
#3222=CARTESIAN_POINT('',(-0.0129878598026859,-0.0585,-0.0767070373893575));
#3223=CARTESIAN_POINT('',(-0.0120191782988587,-0.0585,-0.0565640837655344));
#3224=CARTESIAN_POINT('',(-0.0122833851278355,0.,-0.0769918975516477));
#3225=CARTESIAN_POINT('',(-0.0122833851278355,-0.0196884896328367,-0.0769918975516477));
#3226=CARTESIAN_POINT('',(-0.01273887739701,-0.0585,-0.0769756640679092));
#3227=CARTESIAN_POINT('',(-0.0117988843135748,-0.0585,-0.0568070834454842));
#3228=CARTESIAN_POINT('',(-0.0120470389362012,0.,-0.0771918619658834));
#3229=CARTESIAN_POINT('',(-0.0120470389362012,-0.0196885545360003,-0.0771918619658834));
#3230=CARTESIAN_POINT('',(-0.0125377434131857,-0.0585,-0.0771755389929893));
#3231=CARTESIAN_POINT('',(-0.0116321139114316,-0.0585,-0.0569882123868713));
#3232=CARTESIAN_POINT('',(-0.0118045686906928,0.,-0.0773844339732167));
#3233=CARTESIAN_POINT('',(-0.0118045686906928,-0.0196885824685023,-0.0773844339732167));
#3234=CARTESIAN_POINT('',(-0.0122824449717901,-0.0585,-0.077372203080129));
#3235=CARTESIAN_POINT('',(-0.0114611998064428,-0.0585,-0.0571654670945095));
#3236=CARTESIAN_POINT('',(-0.0113925240276869,0.,-0.0776980110745181));
#3237=CARTESIAN_POINT('',(-0.0113925240276869,-0.01968861674429,-0.0776980110745181));
#3238=CARTESIAN_POINT('',(-0.0118109757813147,-0.0585,-0.0776937079582162));
#3239=CARTESIAN_POINT('',(-0.0111728633765119,-0.0585,-0.0574554496185788));
#3240=CARTESIAN_POINT('',(-0.0111381578565452,0.,-0.0778795232164802));
#3241=CARTESIAN_POINT('',(-0.0111381578565452,-0.0196886268776465,-0.0778795232164802));
#3242=CARTESIAN_POINT('',(-0.0114867220244971,-0.0585,-0.0778809677300981));
#3243=CARTESIAN_POINT('',(-0.0109967322559008,-0.0585,-0.057624539928686));
#3244=CARTESIAN_POINT('',(-0.0107431404256391,0.,-0.0781428031018038));
#3245=CARTESIAN_POINT('',(-0.0107431404256391,-0.0196886623760752,-0.0781428031018038));
#3246=CARTESIAN_POINT('',(-0.0109674243735223,-0.0585,-0.0781483188675635));
#3247=CARTESIAN_POINT('',(-0.010730483035652,-0.0585,-0.0578689193289442));
#3248=CARTESIAN_POINT('',(-0.0106092186227376,0.,-0.0782290569620559));
#3249=CARTESIAN_POINT('',(-0.0106092186227376,-0.0196886775919503,-0.0782290569620559));
#3250=CARTESIAN_POINT('',(-0.0107888425626913,-0.0585,-0.0782351837595681));
#3251=CARTESIAN_POINT('',(-0.0106413947811324,-0.0585,-0.0579488407177889));
#3252=CARTESIAN_POINT('',(-0.0103363667332674,0.,-0.0783986096242984));
#3253=CARTESIAN_POINT('',(-0.0103363667332674,-0.0196887207809266,-0.0783986096242984));
#3254=CARTESIAN_POINT('',(-0.0104256099266549,-0.0585,-0.078403615536488));
#3255=CARTESIAN_POINT('',(-0.0104630207509569,-0.0585,-0.0581053407284572));
#3256=CARTESIAN_POINT('',(-0.0101974364930788,0.,-0.0784819086179382));
#3257=CARTESIAN_POINT('',(-0.0101974364930788,-0.0196887487540277,-0.0784819086179382));
#3258=CARTESIAN_POINT('',(-0.0102409591994599,-0.0585,-0.0784851824264926));
#3259=CARTESIAN_POINT('',(-0.0103737350733115,-0.0585,-0.0581819193553702));
#3260=CARTESIAN_POINT('',(-0.0097723272670864,0.,-0.0787273455439999));
#3261=CARTESIAN_POINT('',(-0.0097723272670864,-0.0196888607958117,-0.0787273455439999));
#3262=CARTESIAN_POINT('',(-0.00968528185432414,-0.0585,-0.078720797926891));
#3263=CARTESIAN_POINT('',(-0.0101063351183309,-0.0585,-0.0584062945589712));
#3264=CARTESIAN_POINT('',(-0.00948356468936673,0.,-0.0788816923574369));
#3265=CARTESIAN_POINT('',(-0.00948356468936673,-0.0196888756707804,-0.0788816923574369));
#3266=CARTESIAN_POINT('',(-0.00930865672361786,-0.0585,-0.0788690191365365));
#3267=CARTESIAN_POINT('',(-0.00992480456973657,-0.0585,-0.0585519882273887));
#3268=CARTESIAN_POINT('',(-0.00889656285269922,0.,-0.0791711696282614));
#3269=CARTESIAN_POINT('',(-0.00889656285269922,-0.0196887814309478,-0.0791711696282614));
#3270=CARTESIAN_POINT('',(-0.00858034520671906,-0.0585,-0.0791491824736998));
#3271=CARTESIAN_POINT('',(-0.00955556115854252,-0.0585,-0.0588353186619313));
#3272=CARTESIAN_POINT('',(-0.00859832377323887,0.,-0.0793062999971355));
#3273=CARTESIAN_POINT('',(-0.00859832377323887,-0.0196886723161466,-0.0793062999971355));
#3274=CARTESIAN_POINT('',(-0.00822865884283101,-0.0585,-0.0792811245841029));
#3275=CARTESIAN_POINT('',(-0.00936784831824724,-0.0585,-0.0589729554109416));
#3276=CARTESIAN_POINT('',(-0.00809442565654799,0.,-0.0795150214311232));
#3277=CARTESIAN_POINT('',(-0.00809442565654799,-0.0196883835077851,-0.0795150214311232));
#3278=CARTESIAN_POINT('',(-0.00769437859889403,-0.0585,-0.0794886686994527));
#3279=CARTESIAN_POINT('',(-0.00905013942386312,-0.0585,-0.0591954175737457));
#3280=CARTESIAN_POINT('',(-0.00778935371609221,0.,-0.0796336559014714));
#3281=CARTESIAN_POINT('',(-0.00778935371609221,-0.0196881672026074,-0.0796336559014714));
#3282=CARTESIAN_POINT('',(-0.00739455594623564,-0.0585,-0.0796082513971167));
#3283=CARTESIAN_POINT('',(-0.00885757243836239,-0.0585,-0.0593261218931257));
#3284=CARTESIAN_POINT('',(-0.00748061945070809,0.,-0.0797422282059392));
#3285=CARTESIAN_POINT('',(-0.00748061945070809,-0.0196878854450002,-0.0797422282059392));
#3286=CARTESIAN_POINT('',(-0.00713828777836062,-0.0585,-0.0797209063266275));
#3287=CARTESIAN_POINT('',(-0.00866221576738296,-0.0585,-0.0594525847008493));
#3288=CARTESIAN_POINT('',(-0.00706744323705745,0.,-0.0798824826313239));
#3289=CARTESIAN_POINT('',(-0.00706744323705746,-0.019687480473291,-0.079882482631324));
#3290=CARTESIAN_POINT('',(-0.00681095054742085,-0.0585,-0.0798676766507737));
#3291=CARTESIAN_POINT('',(-0.00840052763204802,-0.0585,-0.0596192984294774));
#3292=CARTESIAN_POINT('',(-0.00675411758176314,0.,-0.0799775289297466));
#3293=CARTESIAN_POINT('',(-0.00675411758176314,-0.0196871108309853,-0.0799775289297466));
#3294=CARTESIAN_POINT('',(-0.00659774338193786,-0.0585,-0.0799700228195743));
#3295=CARTESIAN_POINT('',(-0.00820153326269273,-0.0585,-0.0597400511770849));
#3296=CARTESIAN_POINT('',(-0.00612192060680848,0.,-0.0801469255986431));
#3297=CARTESIAN_POINT('',(-0.00612192060680847,-0.019686236952761,-0.0801469255986431));
#3298=CARTESIAN_POINT('',(-0.00616837844733211,-0.0585,-0.0801544455643107));
#3299=CARTESIAN_POINT('',(-0.00779846673730735,-0.0585,-0.0599727617440175));
#3300=CARTESIAN_POINT('',(-0.00580304948045487,0.,-0.0802212759173206));
#3301=CARTESIAN_POINT('',(-0.00580304948045487,-0.0196857320179166,-0.0802212759173206));
#3302=CARTESIAN_POINT('',(-0.0059522207025569,-0.0585,-0.0802365221261893));
#3303=CARTESIAN_POINT('',(-0.00759439460562479,-0.0585,-0.0600847195492855));
#3304=CARTESIAN_POINT('',(-0.00537510117050156,0.,-0.0803064001287695));
#3305=CARTESIAN_POINT('',(-0.00537510117050156,-0.0196849690902298,-0.0803064001287695));
#3306=CARTESIAN_POINT('',(-0.00561702170322648,-0.0585,-0.0803292513249092));
#3307=CARTESIAN_POINT('',(-0.0073191722138058,-0.0585,-0.0602279912580405));
#3308=CARTESIAN_POINT('',(-0.0050534433014263,0.,-0.0803667408876451));
#3309=CARTESIAN_POINT('',(-0.0050534433014263,-0.0196843744741578,-0.0803667408876451));
#3310=CARTESIAN_POINT('',(-0.00535387529380037,-0.0585,-0.0803946216653423));
#3311=CARTESIAN_POINT('',(-0.00711197387419351,-0.0585,-0.0603339436940456));
#3312=CARTESIAN_POINT('',(-0.00472992601583566,0.,-0.0804165363927868));
#3313=CARTESIAN_POINT('',(-0.00472992601583566,-0.0196837128421022,-0.0804165363927868));
#3314=CARTESIAN_POINT('',(-0.00504423348304167,-0.0585,-0.0804466669033685));
#3315=CARTESIAN_POINT('',(-0.00690249712047569,-0.0585,-0.0604353594357294));
#3316=CARTESIAN_POINT('',(-0.00418917672886841,0.,-0.0804877273869847));
#3317=CARTESIAN_POINT('',(-0.00418917672886843,-0.0196825362041103,-0.0804877273869847));
#3318=CARTESIAN_POINT('',(-0.00448979649764357,-0.0585,-0.0805185544611732));
#3319=CARTESIAN_POINT('',(-0.0065509847889145,-0.0585,-0.0605992723278723));
#3320=CARTESIAN_POINT('',(-0.00386332892521734,0.,-0.0805198205944471));
#3321=CARTESIAN_POINT('',(-0.00386332892521734,-0.0196817636952058,-0.0805198205944471));
#3322=CARTESIAN_POINT('',(-0.00412260376116459,-0.0585,-0.0805483179289595));
#3323=CARTESIAN_POINT('',(-0.00633793144762954,-0.0585,-0.0606930180416794));
#3324=CARTESIAN_POINT('',(-0.00321023178718288,0.,-0.0805626268424286));
#3325=CARTESIAN_POINT('',(-0.00321023178718289,-0.019680087094801,-0.0805626268424286));
#3326=CARTESIAN_POINT('',(-0.00335505985842193,-0.0585,-0.080580992391088));
#3327=CARTESIAN_POINT('',(-0.00590793838805333,-0.0585,-0.0608711269986822));
#3328=CARTESIAN_POINT('',(-0.00288298265249691,0.,-0.0805733398698588));
#3329=CARTESIAN_POINT('',(-0.00288298265249691,-0.0196791830033008,-0.0805733398698588));
#3330=CARTESIAN_POINT('',(-0.00295470871813234,-0.0585,-0.0805839033746714));
#3331=CARTESIAN_POINT('',(-0.00569099869573617,-0.0585,-0.060955490231119));
#3332=CARTESIAN_POINT('',(-0.00222848418299903,0.,-0.0805733398698588));
#3333=CARTESIAN_POINT('',(-0.00222848418299903,-0.0196772447073273,-0.0805733398698588));
#3334=CARTESIAN_POINT('',(-0.00215675811736363,-0.0585,-0.0805627763650462));
#3335=CARTESIAN_POINT('',(-0.00525364589068526,-0.0585,-0.0611146736340304));
#3336=CARTESIAN_POINT('',(-0.00190123504831309,0.,-0.0805626268424286));
#3337=CARTESIAN_POINT('',(-0.00190123504831309,-0.0196762105148937,-0.0805626268424286));
#3338=CARTESIAN_POINT('',(-0.00175915868330319,-0.0585,-0.080538738362222));
#3339=CARTESIAN_POINT('',(-0.00503323280437023,-0.0585,-0.0611894937948893));
#3340=CARTESIAN_POINT('',(-0.00124813791027862,0.,-0.0805198205944471));
#3341=CARTESIAN_POINT('',(-0.00124813791027862,-0.0196740192591706,-0.0805198205944471));
#3342=CARTESIAN_POINT('',(-0.00099703109897966,-0.0585,-0.0804730153195326));
#3343=CARTESIAN_POINT('',(-0.00458935277976657,-0.0585,-0.0613294486290544));
#3344=CARTESIAN_POINT('',(-0.000922290106627498,0.,-0.0804877273869847));
#3345=CARTESIAN_POINT('',(-0.000922290106627498,-0.0196728621958811,-0.0804877273869847));
#3346=CARTESIAN_POINT('',(-0.000632502975529491,-0.0585,-0.0804313302712134));
#3347=CARTESIAN_POINT('',(-0.00436588586829087,-0.0585,-0.0613945832939065));
#3348=CARTESIAN_POINT('',(-0.00038154081966027,0.,-0.0804165363927868));
#3349=CARTESIAN_POINT('',(-0.00038154081966027,-0.0196708373797172,-0.0804165363927868));
#3350=CARTESIAN_POINT('',(-7.77866872501837E-5,-0.0585,-0.0803549163070032));
#3351=CARTESIAN_POINT('',(-0.00399125062387329,-0.0585,-0.0614949665051045));
#3352=CARTESIAN_POINT('',(-5.80235340696331E-5,0.,-0.0803667408876451));
#3353=CARTESIAN_POINT('',(-5.80235340696331E-5,-0.0196695839390796,-0.0803667408876451));
#3354=CARTESIAN_POINT('',(0.000233910833958212,-0.0585,-0.0803062923701549));
#3355=CARTESIAN_POINT('',(-0.00376559333854363,-0.0585,-0.06155192660155));
#3356=CARTESIAN_POINT('',(0.000263634335005606,0.,-0.0803064001287695));
#3357=CARTESIAN_POINT('',(0.000263634335005606,-0.0196682750780458,-0.0803064001287695));
#3358=CARTESIAN_POINT('',(0.000503799855428554,-0.0585,-0.0802566181171817));
#3359=CARTESIAN_POINT('',(-0.00353876528877997,-0.0585,-0.0616039468521637));
#3360=CARTESIAN_POINT('',(0.000691582644958916,0.,-0.0802212759173206));
#3361=CARTESIAN_POINT('',(0.000691582644958916,-0.019666505833383,-0.0802212759173206));
#3362=CARTESIAN_POINT('',(0.000849548484462982,-0.0585,-0.0801888946806975));
#3363=CARTESIAN_POINT('',(-0.00323583942569879,-0.0585,-0.0616711038991853));
#3364=CARTESIAN_POINT('',(0.00101045377131249,0.,-0.0801469255986431));
#3365=CARTESIAN_POINT('',(0.00101045377131249,-0.019665124682496,-0.0801469255986431));
#3366=CARTESIAN_POINT('',(0.00107712727970751,-0.0585,-0.0801347471240793));
#3367=CARTESIAN_POINT('',(-0.00300754601319397,-0.0585,-0.0617165142823238));
#3368=CARTESIAN_POINT('',(0.00164265074626716,0.,-0.0799775289297466));
#3369=CARTESIAN_POINT('',(0.00164265074626716,-0.0196622611639802,-0.0799775289297466));
#3370=CARTESIAN_POINT('',(0.00152927043746364,-0.0585,-0.0800059329810487));
#3371=CARTESIAN_POINT('',(-0.00254919567214784,-0.0585,-0.0617973338140672));
#3372=CARTESIAN_POINT('',(0.00195597640156144,0.,-0.079882482631324));
#3373=CARTESIAN_POINT('',(0.00195597640156144,-0.019660779505461,-0.079882482631324));
#3374=CARTESIAN_POINT('',(0.00175383477228822,-0.0585,-0.0799312663897543));
#3375=CARTESIAN_POINT('',(-0.00231913877129355,-0.0585,-0.0618327429577901));
#3376=CARTESIAN_POINT('',(0.00236915261521209,0.,-0.0797422282059392));
#3377=CARTESIAN_POINT('',(0.00236915261521209,-0.0196587450078036,-0.0797422282059392));
#3378=CARTESIAN_POINT('',(0.00209154260255329,-0.0585,-0.0798088382178086));
#3379=CARTESIAN_POINT('',(-0.0020115125102633,-0.0585,-0.0618732427233782));
#3380=CARTESIAN_POINT('',(0.0026778868805962,0.,-0.0796336559014715));
#3381=CARTESIAN_POINT('',(0.0026778868805962,-0.0196572043963193,-0.0796336559014715));
#3382=CARTESIAN_POINT('',(0.00235439564525227,-0.0585,-0.0797112989084046));
#3383=CARTESIAN_POINT('',(-0.00178057189214236,-0.0585,-0.0619019394398355));
#3384=CARTESIAN_POINT('',(0.00298295882105197,0.,-0.0795150214311232));
#3385=CARTESIAN_POINT('',(0.00298295882105197,-0.0196556214649568,-0.0795150214311232));
#3386=CARTESIAN_POINT('',(0.00265603937143395,-0.0585,-0.0795943099123376));
#3387=CARTESIAN_POINT('',(-0.00154904190594136,-0.0585,-0.0619255937945973));
#3388=CARTESIAN_POINT('',(0.00348685693774284,0.,-0.0793062999971356));
#3389=CARTESIAN_POINT('',(0.00348685693774284,-0.0196529404347009,-0.0793062999971356));
#3390=CARTESIAN_POINT('',(0.00318779316579547,-0.0585,-0.0793804163291802));
#3391=CARTESIAN_POINT('',(-0.00116266685099442,-0.0585,-0.0619593972317744));
#3392=CARTESIAN_POINT('',(0.00378509601720325,0.,-0.0791711696282614));
#3393=CARTESIAN_POINT('',(0.00378509601720325,-0.0196512935184292,-0.0791711696282614));
#3394=CARTESIAN_POINT('',(0.00353295824005803,-0.0585,-0.0792350594460943));
#3395=CARTESIAN_POINT('',(-0.000930399275882711,-0.0585,-0.0619746208529469));
#3396=CARTESIAN_POINT('',(0.00437209785387076,0.,-0.0788816923574369));
#3397=CARTESIAN_POINT('',(0.00437209785387076,-0.0196479363537378,-0.0788816923574369));
#3398=CARTESIAN_POINT('',(0.00423747872573681,-0.0585,-0.078917610336917));
#3399=CARTESIAN_POINT('',(-0.000465421119808119,-0.0585,-0.061994922237673));
#3400=CARTESIAN_POINT('',(0.00466086043159042,0.,-0.0787273455439999));
#3401=CARTESIAN_POINT('',(0.00466086043159042,-0.0196462261053182,-0.0787273455439999));
#3402=CARTESIAN_POINT('',(0.00459683410906569,-0.0585,-0.0787455181095992));
#3403=CARTESIAN_POINT('',(-0.000232710566932599,-0.0585,-0.062));
#3404=CARTESIAN_POINT('',(0.00522767273291361,0.,-0.078400096309251));
#3405=CARTESIAN_POINT('',(0.00522767273291361,-0.0196427555404199,-0.078400096309251));
#3406=CARTESIAN_POINT('',(0.00529169905543834,-0.0585,-0.0783819237436516));
#3407=CARTESIAN_POINT('',(0.000232710566932553,-0.0585,-0.062));
#3408=CARTESIAN_POINT('',(0.00550212800559743,0.,-0.0782293099347118));
#3409=CARTESIAN_POINT('',(0.00550212800559743,-0.019641008117922,-0.0782293099347118));
#3410=CARTESIAN_POINT('',(0.00563018404457021,-0.0585,-0.0781904057729763));
#3411=CARTESIAN_POINT('',(0.000468396574010259,-0.0585,-0.0619949064056275));
#3412=CARTESIAN_POINT('',(0.00603533020151928,0.,-0.0778735973830166));
#3413=CARTESIAN_POINT('',(0.00603533020151928,-0.0196375073378253,-0.0778735973830166));
#3414=CARTESIAN_POINT('',(0.00626792637062881,-0.0585,-0.0777982609889068));
#3415=CARTESIAN_POINT('',(0.000943018543492317,-0.0585,-0.0619739519938542));
#3416=CARTESIAN_POINT('',(0.00629408034107318,0.,-0.0776886683118182));
#3417=CARTESIAN_POINT('',(0.00629408034107318,-0.0196357539802266,-0.0776886683118182));
#3418=CARTESIAN_POINT('',(0.00656718223817602,-0.0585,-0.0775976336133559));
#3419=CARTESIAN_POINT('',(0.00118195303651712,-0.0585,-0.0619580906142968));
#3420=CARTESIAN_POINT('',(0.00671382407695471,0.,-0.0773682506460325));
#3421=CARTESIAN_POINT('',(0.00671382407695471,-0.0196328420591416,-0.0773682506460325));
#3422=CARTESIAN_POINT('',(0.00701545109055059,-0.0585,-0.077264616266833));
#3423=CARTESIAN_POINT('',(0.00158061073690799,-0.0585,-0.0619225406383666));
#3424=CARTESIAN_POINT('',(0.00696106976190428,0.,-0.0771711172547738));
#3425=CARTESIAN_POINT('',(0.00696106976190428,-0.0196310988184527,-0.0771711172547738));
#3426=CARTESIAN_POINT('',(0.0072642150033458,-0.0585,-0.0770653504269992));
#3427=CARTESIAN_POINT('',(0.00181997774740107,-0.0585,-0.0618975648384631));
#3428=CARTESIAN_POINT('',(0.00720191497205944,0.,-0.0769662945074028));
#3429=CARTESIAN_POINT('',(0.00720191497205944,-0.0196293609578859,-0.0769662945074028));
#3430=CARTESIAN_POINT('',(0.00747556982301487,-0.0585,-0.0768706231903468));
#3431=CARTESIAN_POINT('',(0.00205870093447773,-0.0585,-0.0618672044791142));
#3432=CARTESIAN_POINT('',(0.00752030845459655,0.,-0.0766896988707624));
#3433=CARTESIAN_POINT('',(0.00752030845459655,-0.0196270460932239,-0.0766896988707624));
#3434=CARTESIAN_POINT('',(0.00774383919919166,-0.0585,-0.0766116396425702));
#3435=CARTESIAN_POINT('',(0.00237651183821613,-0.0585,-0.061824349565134));
#3436=CARTESIAN_POINT('',(0.00775295638710393,0.,-0.0764743776661977));
#3437=CARTESIAN_POINT('',(0.00775295638710393,-0.0196253150809389,-0.0764743776661977));
#3438=CARTESIAN_POINT('',(0.00791458136200832,-0.0585,-0.0764188710396175));
#3439=CARTESIAN_POINT('',(0.00261377348149488,-0.0585,-0.0617868662316597));
#3440=CARTESIAN_POINT('',(0.00820697361013024,0.,-0.0760263704333809));
#3441=CARTESIAN_POINT('',(0.00820697361013024,-0.0196218618653278,-0.0760263704333809));
#3442=CARTESIAN_POINT('',(0.00823691580425274,-0.0585,-0.076018270803496));
#3443=CARTESIAN_POINT('',(0.00308346194473231,-0.0585,-0.0617018858633054));
#3444=CARTESIAN_POINT('',(0.00842834623044472,0.,-0.0757936818266258));
#3445=CARTESIAN_POINT('',(0.00842834623044472,-0.0196201384921807,-0.0757936818266258));
#3446=CARTESIAN_POINT('',(0.00838850671848827,-0.0585,-0.0758104399278489));
#3447=CARTESIAN_POINT('',(0.00331588739949876,-0.0585,-0.0616543895859472));
#3448=CARTESIAN_POINT('',(0.00871628436673465,0.,-0.0754704771160408));
#3449=CARTESIAN_POINT('',(0.00871628436673464,-0.0196178354269595,-0.0754704771160408));
#3450=CARTESIAN_POINT('',(0.00860577859917637,-0.0585,-0.0755115581434808));
#3451=CARTESIAN_POINT('',(0.00362087430126535,-0.0585,-0.0615851013122032));
#3452=CARTESIAN_POINT('',(0.00893043284970215,0.,-0.0752248343287877));
#3453=CARTESIAN_POINT('',(0.00893043284970215,-0.019616106819454,-0.0752248343287877));
#3454=CARTESIAN_POINT('',(0.00877251980035422,-0.0585,-0.075281953700657));
#3455=CARTESIAN_POINT('',(0.00384838567667803,-0.0585,-0.0615316455139071));
#3456=CARTESIAN_POINT('',(0.00913912389147968,0.,-0.0749690699262946));
#3457=CARTESIAN_POINT('',(0.00913912389147968,-0.0196143718993709,-0.0749690699262946));
#3458=CARTESIAN_POINT('',(0.00895762702039987,-0.0585,-0.0750331488849963));
#3459=CARTESIAN_POINT('',(0.00407181286131767,-0.0585,-0.0614739618342115));
#3460=CARTESIAN_POINT('',(0.00948078495214197,0.,-0.0745306522334345));
#3461=CARTESIAN_POINT('',(0.00948078495214197,-0.0196114680479039,-0.0745306522334345));
#3462=CARTESIAN_POINT('',(0.00928420850209447,-0.0585,-0.074597653354451));
#3463=CARTESIAN_POINT('',(0.00443876953922193,-0.0585,-0.0613736600499744));
#3464=CARTESIAN_POINT('',(0.00968024403379866,0.,-0.0742566689319815));
#3465=CARTESIAN_POINT('',(0.00968024403379865,-0.0196097130008747,-0.0742566689319815));
#3466=CARTESIAN_POINT('',(0.0094964190982357,-0.0585,-0.0743176187732317));
#3467=CARTESIAN_POINT('',(0.00465406298278666,-0.0585,-0.0613097343842698));
#3468=CARTESIAN_POINT('',(0.0100670324965705,0.,-0.0736841430648687));
#3469=CARTESIAN_POINT('',(0.0100670324965705,-0.0196061630203069,-0.0736841430648687));
#3470=CARTESIAN_POINT('',(0.00994722839609289,-0.0585,-0.0737217932892312));
#3471=CARTESIAN_POINT('',(0.00507267725290207,-0.0585,-0.0611761725956358));
#3472=CARTESIAN_POINT('',(0.0102543663189353,0.,-0.0733855962758986));
#3473=CARTESIAN_POINT('',(0.0102543663189353,-0.0196043680867684,-0.0733855962758986));
#3474=CARTESIAN_POINT('',(0.010185826699787,-0.0585,-0.0734060041612599));
#3475=CARTESIAN_POINT('',(0.00527599768143088,-0.0585,-0.0611065382475164));
#3476=CARTESIAN_POINT('',(0.0106583162682147,0.,-0.0726859344400319));
#3477=CARTESIAN_POINT('',(0.0106583162682147,-0.0196002854081075,-0.0726859344400319));
#3478=CARTESIAN_POINT('',(0.01074335093877,-0.0585,-0.0726606151016697));
#3479=CARTESIAN_POINT('',(0.00571589526446457,-0.0585,-0.0609464286211665));
#3480=CARTESIAN_POINT('',(0.0108876771671951,0.,-0.0722886697097281));
#3481=CARTESIAN_POINT('',(0.0108876771671951,-0.0195980734526106,-0.0722886697097281));
#3482=CARTESIAN_POINT('',(0.0110701807107376,-0.0585,-0.0722210893191279));
#3483=CARTESIAN_POINT('',(0.00595109123387591,-0.0585,-0.0608541449032597));
#3484=CARTESIAN_POINT('',(0.0113556489035554,0.,-0.0714781188858458));
#3485=CARTESIAN_POINT('',(0.0113556489035554,-0.0195937682262196,-0.0714781188858458));
#3486=CARTESIAN_POINT('',(0.0117306990509266,-0.0585,-0.0713098541224116));
#3487=CARTESIAN_POINT('',(0.00640713378251512,-0.0585,-0.0606632105752426));
#3488=CARTESIAN_POINT('',(0.0115942597409353,0.,-0.0710648327922672));
#3489=CARTESIAN_POINT('',(0.0115942597409353,-0.0195916749553256,-0.0710648327922672));
#3490=CARTESIAN_POINT('',(0.0120643891894139,-0.0585,-0.0708381426308446));
#3491=CARTESIAN_POINT('',(0.00662798193200888,-0.0585,-0.0605645578877396));
#3492=CARTESIAN_POINT('',(0.0119978739175939,0.,-0.0703657525316396));
#3493=CARTESIAN_POINT('',(0.0119978739175939,-0.0195883029127318,-0.0703657525316396));
#3494=CARTESIAN_POINT('',(0.0126017085817692,-0.0585,-0.0700425519882763));
#3495=CARTESIAN_POINT('',(0.00698605682207713,-0.0585,-0.0603951421379028));
#3496=CARTESIAN_POINT('',(0.0122424142026657,0.,-0.0699421963333977));
#3497=CARTESIAN_POINT('',(0.0122424142026657,-0.019586327351901,-0.0699421963333977));
#3498=CARTESIAN_POINT('',(0.0129165687340059,-0.0585,-0.0695614345043816));
#3499=CARTESIAN_POINT('',(0.00719690046468926,-0.0585,-0.0602914936773636));
#3500=CARTESIAN_POINT('',(0.0124898006226298,0.,-0.0695137104849174));
#3501=CARTESIAN_POINT('',(0.0124898006226298,-0.0195844307974853,-0.0695137104849174));
#3502=CARTESIAN_POINT('',(0.0132102762682742,-0.0585,-0.0690814867329339));
#3503=CARTESIAN_POINT('',(0.00740248636418096,-0.0585,-0.0601848195687532));
#3504=CARTESIAN_POINT('',(0.0128207560128177,0.,-0.0689404789340732));
#3505=CARTESIAN_POINT('',(0.0128207560128177,-0.0195819388409659,-0.0689404789340732));
#3506=CARTESIAN_POINT('',(0.0135925535876398,-0.0585,-0.0684434721197259));
#3507=CARTESIAN_POINT('',(0.00767442949856584,-0.0585,-0.0600412366621043));
#3508=CARTESIAN_POINT('',(0.0130714629234892,0.,-0.0685062418269814));
#3509=CARTESIAN_POINT('',(0.0130714629234892,-0.019580152634655,-0.0685062418269814));
#3510=CARTESIAN_POINT('',(0.0138582640673379,-0.0585,-0.0679692701619549));
#3511=CARTESIAN_POINT('',(0.00787350232765156,-0.0585,-0.0599305088354987));
#3512=CARTESIAN_POINT('',(0.0135757228797245,0.,-0.0676328379625595));
#3513=CARTESIAN_POINT('',(0.0135757228797245,-0.0195767682721701,-0.0676328379625595));
#3514=CARTESIAN_POINT('',(0.0143484708786763,-0.0585,-0.0670479174307585));
#3515=CARTESIAN_POINT('',(0.00826396849366191,-0.0585,-0.0597024793397109));
#3516=CARTESIAN_POINT('',(0.0138292759252882,0.,-0.0671936712052293));
#3517=CARTESIAN_POINT('',(0.0138292759252882,-0.0195751710651249,-0.0671936712052293));
#3518=CARTESIAN_POINT('',(0.0145729682997818,-0.0585,-0.066600765524169));
#3519=CARTESIAN_POINT('',(0.00845536292005171,-0.0585,-0.0595851765373647));
#3520=CARTESIAN_POINT('',(0.0141678210085219,0.,-0.0666072939204159));
#3521=CARTESIAN_POINT('',(0.0141678210085219,-0.0195731765207643,-0.0666072939204159));
#3522=CARTESIAN_POINT('',(0.0148452267790553,-0.0585,-0.0660346358966798));
#3523=CARTESIAN_POINT('',(0.00870671296340237,-0.0585,-0.0594238118779755));
#3524=CARTESIAN_POINT('',(0.014421848409901,0.,-0.0661673055547127));
#3525=CARTESIAN_POINT('',(0.014421848409901,-0.0195717143787521,-0.0661673055547127));
#3526=CARTESIAN_POINT('',(0.0150426531705774,-0.0585,-0.0656175566142203));
#3527=CARTESIAN_POINT('',(0.00889426525057351,-0.0585,-0.0593015478622016));
#3528=CARTESIAN_POINT('',(0.01467587581128,0.,-0.0657273171890095));
#3529=CARTESIAN_POINT('',(0.01467587581128,-0.0195703556437072,-0.0657273171890095));
#3530=CARTESIAN_POINT('',(0.0152198430410542,-0.0585,-0.0652259840980091));
#3531=CARTESIAN_POINT('',(0.00907922079774802,-0.0585,-0.0591753609462719));
#3532=CARTESIAN_POINT('',(0.0150984642205529,0.,-0.0649953725934592));
#3533=CARTESIAN_POINT('',(0.0150984642205529,-0.0195682106668016,-0.0649953725934592));
#3534=CARTESIAN_POINT('',(0.0155036874542744,-0.0585,-0.0645937201624859));
#3535=CARTESIAN_POINT('',(0.00938522587866247,-0.0585,-0.0589602432274164));
#3536=CARTESIAN_POINT('',(0.0153513057323936,0.,-0.0645574382486886));
#3537=CARTESIAN_POINT('',(0.0153513057323936,-0.0195670313270032,-0.0645574382486886));
#3538=CARTESIAN_POINT('',(0.0156636705854879,-0.0585,-0.0642326823710131));
#3539=CARTESIAN_POINT('',(0.00956680149637075,-0.0585,-0.0588268463605227));
#3540=CARTESIAN_POINT('',(0.0158534310874598,0.,-0.0636877316219454));
#3541=CARTESIAN_POINT('',(0.0158534310874598,-0.0195648860612362,-0.0636877316219454));
#3542=CARTESIAN_POINT('',(0.015992478367484,-0.0585,-0.063525371476562));
#3543=CARTESIAN_POINT('',(0.00992735533760208,-0.0585,-0.0585498722873342));
#3544=CARTESIAN_POINT('',(0.0161027149306853,0.,-0.0632559593399728));
#3545=CARTESIAN_POINT('',(0.0161027149306853,-0.0195639201352674,-0.0632559593399728));
#3546=CARTESIAN_POINT('',(0.0161613045754724,-0.0585,-0.0631790978515155));
#3547=CARTESIAN_POINT('',(0.0101063351183308,-0.0585,-0.0584062945589713));
#3548=CARTESIAN_POINT('',(0.0165955903473519,0.,-0.0624022740765045));
#3549=CARTESIAN_POINT('',(0.0165955903473519,-0.0195621998182991,-0.0624022740765045));
#3550=CARTESIAN_POINT('',(0.0165370007025647,-0.0585,-0.0624791355649618));
#3551=CARTESIAN_POINT('',(0.0104628683916384,-0.0585,-0.0581071276208365));
#3552=CARTESIAN_POINT('',(0.0168406572715597,0.,-0.0619778057125221));
#3553=CARTESIAN_POINT('',(0.0168406572715597,-0.0195614294867966,-0.0619778057125221));
#3554=CARTESIAN_POINT('',(0.0167427444140049,-0.0585,-0.0621263543821576));
#3555=CARTESIAN_POINT('',(0.0106392956765535,-0.0585,-0.0579524458897676));
#3556=CARTESIAN_POINT('',(0.017329077639818,0.,-0.0611318368192471));
#3557=CARTESIAN_POINT('',(0.017329077639818,-0.019560041712688,-0.0611318368192471));
#3558=CARTESIAN_POINT('',(0.0171827660570074,-0.0585,-0.0613956333278688));
#3559=CARTESIAN_POINT('',(0.0109868155460585,-0.0585,-0.0576338067457663));
#3560=CARTESIAN_POINT('',(0.0175724310838687,0.,-0.0607103362899544));
#3561=CARTESIAN_POINT('',(0.0175724310838687,-0.0195594242700819,-0.0607103362899544));
#3562=CARTESIAN_POINT('',(0.017417043129413,-0.0585,-0.0610176938765397));
#3563=CARTESIAN_POINT('',(0.0111579072714917,-0.0585,-0.0574698497529895));
#3564=CARTESIAN_POINT('',(0.0179774489972341,0.,-0.0600088246860299));
#3565=CARTESIAN_POINT('',(0.0179774489972341,-0.0195585003022632,-0.0600088246860299));
#3566=CARTESIAN_POINT('',(0.0178253666327707,-0.0585,-0.0603507088383822));
#3567=CARTESIAN_POINT('',(0.011437365328538,-0.0585,-0.0571898041945706));
#3568=CARTESIAN_POINT('',(0.0182202312812325,0.,-0.0595883134349672));
#3569=CARTESIAN_POINT('',(0.0182202312812325,-0.0195579876705604,-0.0595883134349672));
#3570=CARTESIAN_POINT('',(0.0180775049225154,-0.0585,-0.0599356838313528));
#3571=CARTESIAN_POINT('',(0.0116027617366195,-0.0585,-0.0570190636949116));
#3572=CARTESIAN_POINT('',(0.0184630135652309,0.,-0.0591678021839044));
#3573=CARTESIAN_POINT('',(0.0184630135652309,-0.0195575319665737,-0.0591678021839044));
#3574=CARTESIAN_POINT('',(0.0183380542828573,-0.0585,-0.0594920254272523));
#3575=CARTESIAN_POINT('',(0.0117643023207565,-0.0585,-0.0568446975113943));
#3576=CARTESIAN_POINT('',(0.0187867994319022,0.,-0.0586069886120568));
#3577=CARTESIAN_POINT('',(0.0187867994319023,-0.0195569483967393,-0.0586069886120568));
#3578=CARTESIAN_POINT('',(0.0186880210304434,-0.0585,-0.0588900240920814));
#3579=CARTESIAN_POINT('',(0.0119778786923583,-0.0585,-0.0566106965323348));
#3580=CARTESIAN_POINT('',(0.0190298101799216,0.,-0.0581860816497021));
#3581=CARTESIAN_POINT('',(0.0190298101799216,-0.0195565647991963,-0.0581860816497021));
#3582=CARTESIAN_POINT('',(0.0189562725889838,-0.0585,-0.058414996040604));
#3583=CARTESIAN_POINT('',(0.0121339854515603,-0.0585,-0.0564317928874425));
#3584=CARTESIAN_POINT('',(0.0195172024600857,0.,-0.0573418934572409));
#3585=CARTESIAN_POINT('',(0.0195172024600857,-0.019555888676476,-0.0573418934572409));
#3586=CARTESIAN_POINT('',(0.0194887280227102,-0.0585,-0.0574486973835492));
#3587=CARTESIAN_POINT('',(0.01243693651506,-0.0585,-0.0560686898802942));
#3588=CARTESIAN_POINT('',(0.0197615839922307,0.,-0.0569186122271344));
#3589=CARTESIAN_POINT('',(0.0197615839922307,-0.0195555958263185,-0.0569186122271344));
#3590=CARTESIAN_POINT('',(0.0197529314681808,-0.0585,-0.0569574276320997));
#3591=CARTESIAN_POINT('',(0.0125837803896421,-0.0585,-0.0558844913721662));
#3592=CARTESIAN_POINT('',(0.020089025283237,0.,-0.0563514672746153));
#3593=CARTESIAN_POINT('',(0.020089025283237,-0.0195552627663508,-0.0563514672746153));
#3594=CARTESIAN_POINT('',(0.0200922490352854,-0.0585,-0.0563122177017158));
#3595=CARTESIAN_POINT('',(0.0127728015232953,-0.0585,-0.0556364733625241));
#3596=CARTESIAN_POINT('',(0.0203350060635285,0.,-0.055925416065465));
#3597=CARTESIAN_POINT('',(0.0203350060635285,-0.0195550273231023,-0.055925416065465));
#3598=CARTESIAN_POINT('',(0.0203434987093235,-0.0585,-0.0558307646647611));
#3599=CARTESIAN_POINT('',(0.0129128746208448,-0.0585,-0.0554498551652041));
#3600=CARTESIAN_POINT('',(0.0205823576279456,0.,-0.055496990588563));
#3601=CARTESIAN_POINT('',(0.0205823576279456,-0.0195548342163617,-0.055496990588563));
#3602=CARTESIAN_POINT('',(0.0205825073249411,-0.0585,-0.0553618569503876));
#3603=CARTESIAN_POINT('',(0.0130477587829655,-0.0585,-0.0552617214139889));
#3604=CARTESIAN_POINT('',(0.0209965141021485,0.,-0.0547796505329599));
#3605=CARTESIAN_POINT('',(0.0209965141021485,-0.019554557815306,-0.0547796505329599));
#3606=CARTESIAN_POINT('',(0.0209785042926311,-0.0585,-0.0545998436292333));
#3607=CARTESIAN_POINT('',(0.0132665542863398,-0.0585,-0.0549471445829038));
#3608=CARTESIAN_POINT('',(0.0212467214668274,0.,-0.0543462786649083));
#3609=CARTESIAN_POINT('',(0.0212467214668274,-0.019554433013392,-0.0543462786649083));
#3610=CARTESIAN_POINT('',(0.0212139867986547,-0.0585,-0.0541601861829241));
#3611=CARTESIAN_POINT('',(0.0133924212761352,-0.0585,-0.0547574809269605));
#3612=CARTESIAN_POINT('',(0.0217515912445932,0.,-0.0534718185586118));
#3613=CARTESIAN_POINT('',(0.0217515912445932,-0.0195542755968853,-0.0534718185586118));
#3614=CARTESIAN_POINT('',(0.0217113292100287,-0.0585,-0.0533310837823646));
#3615=CARTESIAN_POINT('',(0.0136329030978843,-0.0585,-0.0543782082181845));
#3616=CARTESIAN_POINT('',(0.0220062536576803,0.,-0.0530307303203669));
#3617=CARTESIAN_POINT('',(0.0220062536576803,-0.0195542429822926,-0.0530307303203669));
#3618=CARTESIAN_POINT('',(0.0219731893134865,-0.0585,-0.0529416397871872));
#3619=CARTESIAN_POINT('',(0.0137475181279454,-0.0585,-0.0541886001244245));
#3620=CARTESIAN_POINT('',(0.0224995962743607,0.,-0.0521762358427375));
#3621=CARTESIAN_POINT('',(0.0224995962743607,-0.0195542785047293,-0.0521762358427375));
#3622=CARTESIAN_POINT('',(0.0225299033279152,-0.0585,-0.0522578969682222));
#3623=CARTESIAN_POINT('',(0.0139562144140491,-0.0585,-0.053827127553542));
#3624=CARTESIAN_POINT('',(0.0227465248944079,0.,-0.051748542926973));
#3625=CARTESIAN_POINT('',(0.0227465248944079,-0.0195543430507347,-0.051748542926973));
#3626=CARTESIAN_POINT('',(0.0228194130951716,-0.0585,-0.0519671954708973));
#3627=CARTESIAN_POINT('',(0.0140504392475882,-0.0585,-0.0536639253545174));
#3628=CARTESIAN_POINT('',(0.0232551039034764,0.,-0.0508676582436032));
#3629=CARTESIAN_POINT('',(0.0232551039034764,-0.0195546348854262,-0.0508676582436032));
#3630=CARTESIAN_POINT('',(0.0234173165339965,-0.0585,-0.0513770812189216));
#3631=CARTESIAN_POINT('',(0.0142313095415416,-0.0585,-0.0533506488158103));
#3632=CARTESIAN_POINT('',(0.0235167542924977,0.,-0.0504144664759981));
#3633=CARTESIAN_POINT('',(0.0235167542924977,-0.0195548639795382,-0.0504144664759981));
#3634=CARTESIAN_POINT('',(0.0237257102055651,-0.0585,-0.0510776684642708));
#3635=CARTESIAN_POINT('',(0.0143179550019558,-0.0585,-0.0532005744761277));
#3636=CARTESIAN_POINT('',(0.0239590579146487,0.,-0.0496483741300609));
#3637=CARTESIAN_POINT('',(0.0239590579146487,-0.019555419029228,-0.0496483741300609));
#3638=CARTESIAN_POINT('',(0.0242323993681003,-0.0585,-0.0505036366425241));
#3639=CARTESIAN_POINT('',(0.0144590370140359,-0.0585,-0.0529562132631709));
#3640=CARTESIAN_POINT('',(0.0242269279441188,0.,-0.0491844096291938));
#3641=CARTESIAN_POINT('',(0.0242269279441188,-0.0195558216787162,-0.0491844096291938));
#3642=CARTESIAN_POINT('',(0.0245334927495897,-0.0585,-0.0501292133238779));
#3643=CARTESIAN_POINT('',(0.0145423553858399,-0.0585,-0.0528119016100025));
#3644=CARTESIAN_POINT('',(0.0244961103577126,0.,-0.0487181720123451));
#3645=CARTESIAN_POINT('',(0.0244961103577126,-0.0195563278776638,-0.0487181720123451));
#3646=CARTESIAN_POINT('',(0.0248209912062293,-0.0585,-0.0496826831936783));
#3647=CARTESIAN_POINT('',(0.0146248731267421,-0.0585,-0.0526689766902341));
#3648=CARTESIAN_POINT('',(0.0248550658798607,0.,-0.0480964428103273));
#3649=CARTESIAN_POINT('',(0.0248550658798607,-0.0195570486360087,-0.0480964428103273));
#3650=CARTESIAN_POINT('',(0.0251981836748126,-0.0585,-0.0490612462672362));
#3651=CARTESIAN_POINT('',(0.0147348066391584,-0.0585,-0.0524785662612744));
#3652=CARTESIAN_POINT('',(0.0251243852055229,0.,-0.0476299680548201));
#3653=CARTESIAN_POINT('',(0.0251243852055229,-0.0195576923490184,-0.0476299680548201));
#3654=CARTESIAN_POINT('',(0.0254672657106438,-0.0585,-0.0485365258785088));
#3655=CARTESIAN_POINT('',(0.014817053953701,-0.0585,-0.0523361097337006));
#3656=CARTESIAN_POINT('',(0.0256559710245142,0.,-0.0467092344077441));
#3657=CARTESIAN_POINT('',(0.0256559710245142,-0.0195591345415406,-0.0467092344077441));
#3658=CARTESIAN_POINT('',(0.0259765008065555,-0.0585,-0.047450584419208));
#3659=CARTESIAN_POINT('',(0.0149847298100396,-0.0585,-0.0520456866313196));
#3660=CARTESIAN_POINT('',(0.0259182375178432,0.,-0.0462549755161754));
#3661=CARTESIAN_POINT('',(0.0259182375178432,-0.0195599326031543,-0.0462549755161754));
#3662=CARTESIAN_POINT('',(0.0262166538666359,-0.0585,-0.0468893633486347));
#3663=CARTESIAN_POINT('',(0.0150701583518356,-0.0585,-0.0518977200565124));
#3664=CARTESIAN_POINT('',(0.0262583854871023,0.,-0.0456658219513272));
#3665=CARTESIAN_POINT('',(0.0262583854871023,-0.0195610346643507,-0.0456658219513272));
#3666=CARTESIAN_POINT('',(0.0265167023998839,-0.0585,-0.0461705912706034));
#3667=CARTESIAN_POINT('',(0.0151885751369277,-0.0585,-0.0516926161682639));
#3668=CARTESIAN_POINT('',(0.0265111112919184,0.,-0.0452280880170019));
#3669=CARTESIAN_POINT('',(0.0265111112919184,-0.019561870117733,-0.0452280880170019));
#3670=CARTESIAN_POINT('',(0.026736699913105,-0.0585,-0.0456388928827632));
#3671=CARTESIAN_POINT('',(0.0152785157414211,-0.0585,-0.0515368344716178));
#3672=CARTESIAN_POINT('',(0.0267554718802774,0.,-0.0448048430625968));
#3673=CARTESIAN_POINT('',(0.0267554718802774,-0.0195627113679517,-0.0448048430625968));
#3674=CARTESIAN_POINT('',(0.0269413633754252,-0.0585,-0.0451428006246305));
#3675=CARTESIAN_POINT('',(0.0153724382040698,-0.0585,-0.0513741559943382));
#3676=CARTESIAN_POINT('',(0.0273879274641634,0.,-0.0437093978577757));
#3677=CARTESIAN_POINT('',(0.0273879274641634,-0.0195648906051551,-0.0437093978577757));
#3678=CARTESIAN_POINT('',(0.0274676555814448,-0.0585,-0.0438781645011355));
#3679=CARTESIAN_POINT('',(0.0156321025141011,-0.0585,-0.0509244042164518));
#3680=CARTESIAN_POINT('',(0.0278191306856677,0.,-0.0429625319697427));
#3681=CARTESIAN_POINT('',(0.0278191306856677,-0.0195663596548573,-0.0429625319697427));
#3682=CARTESIAN_POINT('',(0.0278185514255818,-0.0585,-0.0430608096794468));
#3683=CARTESIAN_POINT('',(0.0158475606683026,-0.0585,-0.0505512197464698));
#3684=CARTESIAN_POINT('',(0.0284306705942611,0.,-0.0419033137772031));
#3685=CARTESIAN_POINT('',(0.0284306705942611,-0.0195676230788863,-0.0419033137772031));
#3686=CARTESIAN_POINT('',(0.0284310779891419,-0.0585,-0.0418341948497882));
#3687=CARTESIAN_POINT('',(0.0162742643387381,-0.0585,-0.0498121473094993));
#3688=CARTESIAN_POINT('',(0.0286703023896386,0.,-0.0414882593325001));
#3689=CARTESIAN_POINT('',(0.0286703023896386,-0.0195679612914877,-0.0414882593325001));
#3690=CARTESIAN_POINT('',(0.0286761307281181,-0.0585,-0.0413796336693589));
#3691=CARTESIAN_POINT('',(0.0164556195123004,-0.0585,-0.0494807740184042));
#3692=CARTESIAN_POINT('',(0.0290128573444464,0.,-0.0408949367463886));
#3693=CARTESIAN_POINT('',(0.0290128573444464,-0.0195681992794528,-0.0408949367463886));
#3694=CARTESIAN_POINT('',(0.0290463407295384,-0.0585,-0.0407990889160957));
#3695=CARTESIAN_POINT('',(0.0167274839842007,-0.0585,-0.0489475197437763));
#3696=CARTESIAN_POINT('',(0.0291242268730059,0.,-0.0407020390645086));
#3697=CARTESIAN_POINT('',(0.0291242268730059,-0.0195682338574402,-0.0407020390645086));
#3698=CARTESIAN_POINT('',(0.0291701844657631,-0.0585,-0.0406224646937377));
#3699=CARTESIAN_POINT('',(0.0168180793470189,-0.0585,-0.0487637437884024));
#3700=CARTESIAN_POINT('',(0.0293417386009617,0.,-0.0403252977004471));
#3701=CARTESIAN_POINT('',(0.0293417386009617,-0.0195682187701232,-0.0403252977004471));
#3702=CARTESIAN_POINT('',(0.0294212002576423,-0.0585,-0.0403070063255143));
#3703=CARTESIAN_POINT('',(0.0169979413870544,-0.0585,-0.0483847664908527));
#3704=CARTESIAN_POINT('',(0.029447880800358,0.,-0.0401414540182655));
#3705=CARTESIAN_POINT('',(0.029447880800358,-0.0195681691048187,-0.0401414540182655));
#3706=CARTESIAN_POINT('',(0.0295483718160442,-0.0585,-0.0401681720359672));
#3707=CARTESIAN_POINT('',(0.0170872075670191,-0.0585,-0.0481895650049953));
#3708=CARTESIAN_POINT('',(0.0296553414535773,0.,-0.0397821216263184));
#3709=CARTESIAN_POINT('',(0.0296553414535773,-0.0195679907902948,-0.0397821216263184));
#3710=CARTESIAN_POINT('',(0.02980853821187,-0.0585,-0.0399323794032441));
#3711=CARTESIAN_POINT('',(0.0172631822563756,-0.0585,-0.0477884375048518));
#3712=CARTESIAN_POINT('',(0.0297566599074001,0.,-0.0396066329165528));
#3713=CARTESIAN_POINT('',(0.0297566599074001,-0.0195678624152518,-0.0396066329165528));
#3714=CARTESIAN_POINT('',(0.0299415325630878,-0.0585,-0.0398354209972058));
#3715=CARTESIAN_POINT('',(0.0173498902795614,-0.0585,-0.0475825114277034));
#3716=CARTESIAN_POINT('',(0.0298888044045083,0.,-0.0393777519336208));
#3717=CARTESIAN_POINT('',(0.0298888044045083,-0.0195676456465043,-0.0393777519336208));
#3718=CARTESIAN_POINT('',(0.0301244460082608,-0.0585,-0.0397368381539021));
#3719=CARTESIAN_POINT('',(0.0174630186912522,-0.0585,-0.0473013146987158));
#3720=CARTESIAN_POINT('',(0.0299871760836754,0.,-0.0392073671872775));
#3721=CARTESIAN_POINT('',(0.0299871760836754,-0.0195674716694379,-0.0392073671872775));
#3722=CARTESIAN_POINT('',(0.0302630278470747,-0.0585,-0.0396705747849001));
#3723=CARTESIAN_POINT('',(0.0175472442725945,-0.0585,-0.0470887600010666));
#3724=CARTESIAN_POINT('',(0.0300834049457823,0.,-0.0390406939089537));
#3725=CARTESIAN_POINT('',(0.0300834049457823,-0.0195672651629416,-0.0390406939089537));
#3726=CARTESIAN_POINT('',(0.0304062393988822,-0.0585,-0.0396280407033077));
#3727=CARTESIAN_POINT('',(0.0176294264624235,-0.0585,-0.04687137767909));
#3728=CARTESIAN_POINT('',(0.0302415549501862,0.,-0.038766770066109));
#3729=CARTESIAN_POINT('',(0.0302415549501862,-0.0195668885573874,-0.038766770066109));
#3730=CARTESIAN_POINT('',(0.0306468079372949,-0.0585,-0.0395736770192693));
#3731=CARTESIAN_POINT('',(0.0177637236565997,-0.0585,-0.046504029400761));
#3732=CARTESIAN_POINT('',(0.0303344366636316,0.,-0.0386058942193276));
#3733=CARTESIAN_POINT('',(0.0303344366636316,-0.0195666334088005,-0.0386058942193276));
#3734=CARTESIAN_POINT('',(0.0307928429756342,-0.0585,-0.039555932709393));
#3735=CARTESIAN_POINT('',(0.0178418957215519,-0.0585,-0.0462790805600252));
#3736=CARTESIAN_POINT('',(0.0305165870957181,0.,-0.0382904004163331));
#3737=CARTESIAN_POINT('',(0.0305165870957181,-0.0195660747736449,-0.0382904004163331));
#3738=CARTESIAN_POINT('',(0.0310795860020768,-0.0585,-0.0395237050372282));
#3739=CARTESIAN_POINT('',(0.0179924312805162,-0.0585,-0.0458210456899266));
#3740=CARTESIAN_POINT('',(0.0306058558143593,0.,-0.03813578246012));
#3741=CARTESIAN_POINT('',(0.0306058558143593,-0.0195657712870762,-0.03813578246012));
#3742=CARTESIAN_POINT('',(0.0312202935831242,-0.0585,-0.0395092218411431));
#3743=CARTESIAN_POINT('',(0.0180647943674724,-0.0585,-0.0455879598267672));
#3744=CARTESIAN_POINT('',(0.0307811838404272,0.,-0.0378321054109796));
#3745=CARTESIAN_POINT('',(0.0307811838404272,-0.0195651260084834,-0.0378321054109796));
#3746=CARTESIAN_POINT('',(0.0314877699329019,-0.0585,-0.0394571055536382));
#3747=CARTESIAN_POINT('',(0.018202819021349,-0.0585,-0.0451146694812545));
#3748=CARTESIAN_POINT('',(0.0308672431478541,0.,-0.0376830463180522));
#3749=CARTESIAN_POINT('',(0.0308672431478541,-0.0195647853292498,-0.0376830463180522));
#3750=CARTESIAN_POINT('',(0.0316145383372204,-0.0585,-0.0394194726946523));
#3751=CARTESIAN_POINT('',(0.0182684802238577,-0.0585,-0.0448744652313351));
#3752=CARTESIAN_POINT('',(0.0310365559350829,0.,-0.0373897879682007));
#3753=CARTESIAN_POINT('',(0.0310365559350829,-0.0195640788088821,-0.0373897879682007));
#3754=CARTESIAN_POINT('',(0.0318456401769928,-0.0585,-0.0392947160560278));
#3755=CARTESIAN_POINT('',(0.0183923237652776,-0.0585,-0.04438802649934));
#3756=CARTESIAN_POINT('',(0.031119809414885,0.,-0.0372455887112765));
#3757=CARTESIAN_POINT('',(0.031119809414885,-0.019563712967748,-0.0372455887112765));
#3758=CARTESIAN_POINT('',(0.0319499732983696,-0.0585,-0.0392075925673078));
#3759=CARTESIAN_POINT('',(0.0184505057901119,-0.0585,-0.044141792308183));
#3760=CARTESIAN_POINT('',(0.031256563344526,0.,-0.0370087239570035));
#3761=CARTESIAN_POINT('',(0.031256563344526,-0.019563091362586,-0.0370087239570035));
#3762=CARTESIAN_POINT('',(0.0320981907398641,-0.0585,-0.0389992450773485));
#3763=CARTESIAN_POINT('',(0.0185407005025798,-0.0585,-0.0437273353982051));
#3764=CARTESIAN_POINT('',(0.031337814954299,0.,-0.03686799204068));
#3765=CARTESIAN_POINT('',(0.031337814954299,-0.0195627136515133,-0.03686799204068));
#3766=CARTESIAN_POINT('',(0.0321768525958957,-0.0585,-0.0388489801400317));
#3767=CARTESIAN_POINT('',(0.0185921070272799,-0.0585,-0.0434770348424945));
#3768=CARTESIAN_POINT('',(0.0314179999699178,0.,-0.0367291075196225));
#3769=CARTESIAN_POINT('',(0.0314179999699178,-0.0195623324578022,-0.0367291075196225));
#3770=CARTESIAN_POINT('',(0.0322373663958612,-0.0585,-0.038652088091183));
#3771=CARTESIAN_POINT('',(0.0186392758927022,-0.0585,-0.0432246953631297));
#3772=CARTESIAN_POINT('',(0.0315244691773106,0.,-0.0365446974429766));
#3773=CARTESIAN_POINT('',(0.0315244691773106,-0.0195618234604202,-0.0365446974429766));
#3774=CARTESIAN_POINT('',(0.0323108305312152,-0.0585,-0.0383715696735245));
#3775=CARTESIAN_POINT('',(0.0187002460413403,-0.0585,-0.0428874255781155));
#3776=CARTESIAN_POINT('',(0.0316033217526326,0.,-0.0364081207762113));
#3777=CARTESIAN_POINT('',(0.0316033217526326,-0.0195614400494076,-0.0364081207762113));
#3778=CARTESIAN_POINT('',(0.0323496813436961,-0.0585,-0.0381206909462912));
#3779=CARTESIAN_POINT('',(0.0187416496973031,-0.0585,-0.0426326350403625));
#3780=CARTESIAN_POINT('',(0.0317594318264212,0.,-0.0361377301968361));
#3781=CARTESIAN_POINT('',(0.0317594318264212,-0.0195606808194042,-0.0361377301968361));
#3782=CARTESIAN_POINT('',(0.032406435210215,-0.0585,-0.0375748160934326));
#3783=CARTESIAN_POINT('',(0.0188154335382056,-0.0585,-0.0421206211591756));
#3784=CARTESIAN_POINT('',(0.0318366893248877,0.,-0.0360039162842263));
#3785=CARTESIAN_POINT('',(0.0318366893248877,-0.0195603054541597,-0.0360039162842263));
#3786=CARTESIAN_POINT('',(0.0324243381382856,-0.0585,-0.0372798203746136));
#3787=CARTESIAN_POINT('',(0.0188478135971779,-0.0585,-0.041863398222548));
#3788=CARTESIAN_POINT('',(0.0319900128285553,0.,-0.0357383521858798));
#3789=CARTESIAN_POINT('',(0.0319900128285553,-0.019559571414966,-0.0357383521858798));
#3790=CARTESIAN_POINT('',(0.0324508886612661,-0.0585,-0.036682604488618));
#3791=CARTESIAN_POINT('',(0.0189033202897634,-0.0585,-0.0413477936563627));
#3792=CARTESIAN_POINT('',(0.0320660788337561,0.,-0.0356066020001431));
#3793=CARTESIAN_POINT('',(0.0320660788337561,-0.0195592127410168,-0.0356066020001431));
#3794=CARTESIAN_POINT('',(0.0324595362010428,-0.0585,-0.0363803847438296));
#3795=CARTESIAN_POINT('',(0.0189264468682436,-0.0585,-0.0410894124491934));
#3796=CARTESIAN_POINT('',(0.032217422934482,0.,-0.0353444663282601));
#3797=CARTESIAN_POINT('',(0.032217422934482,-0.0195585202761943,-0.0353444663282601));
#3798=CARTESIAN_POINT('',(0.0324794170930008,-0.0585,-0.0358056310323305));
#3799=CARTESIAN_POINT('',(0.0189633653657924,-0.0585,-0.0405727827310764));
#3800=CARTESIAN_POINT('',(0.0322927010300069,0.,-0.0352140808421138));
#3801=CARTESIAN_POINT('',(0.0322927010300069,-0.0195581864853211,-0.0352140808421138));
#3802=CARTESIAN_POINT('',(0.0324906504624186,-0.0585,-0.0355330974911823));
#3803=CARTESIAN_POINT('',(0.0189771573020974,-0.0585,-0.0403145346456914));
#3804=CARTESIAN_POINT('',(0.0324428728949707,0.,-0.0349539755421293));
#3805=CARTESIAN_POINT('',(0.0324428728949707,-0.0195575519784316,-0.0349539755421293));
#3806=CARTESIAN_POINT('',(0.0325276934524243,-0.0585,-0.0350546309216196));
#3807=CARTESIAN_POINT('',(0.0189954745744438,-0.0585,-0.0397994670685157));
#3808=CARTESIAN_POINT('',(0.0325177666644094,0.,-0.0348242557282911));
#3809=CARTESIAN_POINT('',(0.0325177666644094,-0.0195572512624153,-0.0348242557282911));
#3810=CARTESIAN_POINT('',(0.0325535031625272,-0.0585,-0.0348486983094779));
#3811=CARTESIAN_POINT('',(0.019,-0.0585,-0.0395426479929979));
#3812=CARTESIAN_POINT('',(0.0326694096589331,0.,-0.0345616023571641));
#3813=CARTESIAN_POINT('',(0.0326694096589331,-0.0195566842310123,-0.0345616023571641));
#3814=CARTESIAN_POINT('',(0.0326327971085525,-0.0585,-0.0345365605852428));
#3815=CARTESIAN_POINT('',(0.019,-0.0585,-0.0390254637405648));
#3816=CARTESIAN_POINT('',(0.0327425893561829,0.,-0.0344348514034449));
#3817=CARTESIAN_POINT('',(0.0327425893561829,-0.019556387466564,-0.0344348514034449));
#3818=CARTESIAN_POINT('',(0.0326982715571167,-0.0585,-0.0344261797919917));
#3819=CARTESIAN_POINT('',(0.0190065772839566,-0.0585,-0.0387584217910946));
#3820=CARTESIAN_POINT('',(0.0328831639146723,0.,-0.0341913691258897));
#3821=CARTESIAN_POINT('',(0.0328831639146723,-0.0195557947234182,-0.0341913691258897));
#3822=CARTESIAN_POINT('',(0.0328508352395124,-0.0585,-0.0342416175043748));
#3823=CARTESIAN_POINT('',(0.0190342930223613,-0.0585,-0.0382164252064926));
#3824=CARTESIAN_POINT('',(0.0329505587759118,0.,-0.0340746378020539));
#3825=CARTESIAN_POINT('',(0.0329505587759118,-0.0195554987447208,-0.0340746378020539));
#3826=CARTESIAN_POINT('',(0.0329379258951054,-0.0585,-0.0341674375700914));
#3827=CARTESIAN_POINT('',(0.019055432898571,-0.0585,-0.0379414721314433));
#3828=CARTESIAN_POINT('',(0.0330591753164325,0.,-0.0338865084353296));
#3829=CARTESIAN_POINT('',(0.0330591753164325,-0.0195550231160478,-0.0338865084353296));
#3830=CARTESIAN_POINT('',(0.0330765122185454,-0.0585,-0.0340249411685485));
#3831=CARTESIAN_POINT('',(0.0191036287628379,-0.0585,-0.0374789946370608));
#3832=CARTESIAN_POINT('',(0.0331228619494603,0.,-0.0337761999511625));
#3833=CARTESIAN_POINT('',(0.0331228619494604,-0.0195547450647691,-0.0337761999511625));
#3834=CARTESIAN_POINT('',(0.0331570387671676,-0.0585,-0.0339318992933727));
#3835=CARTESIAN_POINT('',(0.0191377320385426,-0.0585,-0.0371998204295557));
#3836=CARTESIAN_POINT('',(0.0331847686329464,0.,-0.0336689744300365));
#3837=CARTESIAN_POINT('',(0.0331847686329464,-0.0195544826722281,-0.0336689744300365));
#3838=CARTESIAN_POINT('',(0.0332236451129595,-0.0585,-0.0338079508802256));
#3839=CARTESIAN_POINT('',(0.0191797938228079,-0.0585,-0.0369190844873651));
#3840=CARTESIAN_POINT('',(0.0332666186749951,0.,-0.0335272059986065));
#3841=CARTESIAN_POINT('',(0.0332666186749951,-0.0195541408126899,-0.0335272059986065));
#3842=CARTESIAN_POINT('',(0.033307374428132,-0.0585,-0.0336320809350132));
#3843=CARTESIAN_POINT('',(0.0192394532884872,-0.0585,-0.0365442913116122));
#3844=CARTESIAN_POINT('',(0.0333264487506826,0.,-0.0334235772676951));
#3845=CARTESIAN_POINT('',(0.0333264487506826,-0.0195539024116988,-0.0334235772676951));
#3846=CARTESIAN_POINT('',(0.0333587438615843,-0.0585,-0.0334763183870496));
#3847=CARTESIAN_POINT('',(0.0192922468580393,-0.0585,-0.0362621216591578));
#3848=CARTESIAN_POINT('',(0.033444328952516,0.,-0.0332194027689131));
#3849=CARTESIAN_POINT('',(0.033444328952516,-0.0195534756065911,-0.0332194027689131));
#3850=CARTESIAN_POINT('',(0.0334531058793334,-0.0585,-0.0331593475271584));
#3851=CARTESIAN_POINT('',(0.0194139970654012,-0.0585,-0.0356985503178874));
#3852=CARTESIAN_POINT('',(0.033502379078662,0.,-0.0331188570010425));
#3853=CARTESIAN_POINT('',(0.033502379078662,-0.019553287497436,-0.0331188570010425));
#3854=CARTESIAN_POINT('',(0.0334960985011616,-0.0585,-0.0329981413430088));
#3855=CARTESIAN_POINT('',(0.0194829537407424,-0.0585,-0.0354171507568495));
#3856=CARTESIAN_POINT('',(0.0335794825885996,0.,-0.0329853098043888));
#3857=CARTESIAN_POINT('',(0.0335794825885996,-0.0195530731635476,-0.0329853098043888));
#3858=CARTESIAN_POINT('',(0.0335571676851132,-0.0585,-0.0328077184639295));
#3859=CARTESIAN_POINT('',(0.0195853928549687,-0.0585,-0.0350443745875032));
#3860=CARTESIAN_POINT('',(0.0336372360564885,0.,-0.0328852778636918));
#3861=CARTESIAN_POINT('',(0.0336372360564885,-0.019552921532711,-0.0328852778636918));
#3862=CARTESIAN_POINT('',(0.0336039058460091,-0.0585,-0.032671031675838));
#3863=CARTESIAN_POINT('',(0.0196648462616351,-0.0585,-0.0347653989681073));
#3864=CARTESIAN_POINT('',(0.0336949895243775,0.,-0.0327852459229949));
#3865=CARTESIAN_POINT('',(0.0336949895243775,-0.0195527979490601,-0.0327852459229949));
#3866=CARTESIAN_POINT('',(0.0336557059142695,-0.0585,-0.0325597528719971));
#3867=CARTESIAN_POINT('',(0.019752022781688,-0.0585,-0.034488700257279));
#3868=CARTESIAN_POINT('',(0.0337917397346206,0.,-0.0326176696432108));
#3869=CARTESIAN_POINT('',(0.0337917397346206,-0.0195526246697297,-0.0326176696432108));
#3870=CARTESIAN_POINT('',(0.0337480715943296,-0.0585,-0.0323971104064638));
#3871=CARTESIAN_POINT('',(0.0199055668864207,-0.0585,-0.034031082050364));
#3872=CARTESIAN_POINT('',(0.0338502348481519,0.,-0.0325163531345799));
#3873=CARTESIAN_POINT('',(0.0338502348481519,-0.019552549875527,-0.0325163531345799));
#3874=CARTESIAN_POINT('',(0.0338089191061574,-0.0585,-0.0323200668466308));
#3875=CARTESIAN_POINT('',(0.0200051173575686,-0.0585,-0.0337597047389397));
#3876=CARTESIAN_POINT('',(0.0339694500121416,0.,-0.0323098664135172));
#3877=CARTESIAN_POINT('',(0.0339694500121416,-0.0195524524480556,-0.0323098664135172));
#3878=CARTESIAN_POINT('',(0.0339421152405138,-0.0585,-0.0321922806955282));
#3879=CARTESIAN_POINT('',(0.0202177153150819,-0.0585,-0.0332259027778922));
#3880=CARTESIAN_POINT('',(0.0340301700626,0.,-0.0322046962010852));
#3881=CARTESIAN_POINT('',(0.0340301700626,-0.0195524298147869,-0.0322046962010852));
#3882=CARTESIAN_POINT('',(0.0340144629753186,-0.0585,-0.0321415388469385));
#3883=CARTESIAN_POINT('',(0.0203307619137234,-0.0585,-0.0329634788709489));
#3884=CARTESIAN_POINT('',(0.0340926700626,0.,-0.0320964430256122));
#3885=CARTESIAN_POINT('',(0.0340926700626,-0.0195524301690564,-0.0320964430256122));
#3886=CARTESIAN_POINT('',(0.0340926700626,-0.0585,-0.0320964430256122));
#3887=CARTESIAN_POINT('',(0.0204496678648413,-0.0585,-0.032706700991269));
#3888=CARTESIAN_POINT('',(-0.0373873970137285,0.,-0.0295138358624404));
#3889=CARTESIAN_POINT('',(-0.0380914132862279,0.,-0.0251704165958667));
#3890=CARTESIAN_POINT('',(-0.036683380741229,0.,-0.0338572551290139));
#3891=CARTESIAN_POINT('',(-0.0380914132862279,0.,-0.0251704165958667));
#3892=CARTESIAN_POINT('',(-0.0380914132862279,-0.0195595522475798,-0.0251704165958667));
#3893=CARTESIAN_POINT('',(-0.0380914132862279,-0.0585,-0.0251704165958667));
#3894=CARTESIAN_POINT('',(-0.0236448637286709,-0.0585,-0.0270458946838995));
#3895=CARTESIAN_POINT('',(-0.0236448637286709,-0.0585,-0.0270458946838995));
#3896=CARTESIAN_POINT('',(-0.0294448637286709,-0.0585,-0.017));
#3897=CARTESIAN_POINT('',(-0.0210980762113533,-0.0585,-0.0314570600599757));
#3898=CARTESIAN_POINT('',(-0.0346602540378443,-0.0585,-0.0392871870788979));
#3899=CARTESIAN_POINT('',(-0.019,-0.0585,-0.039287187078898));
#3900=CARTESIAN_POINT('',(0.0026602540378442,-0.0585,-0.039287187078898));
#3901=CARTESIAN_POINT('',(-0.0160980464863692,-0.0585000002499997,-0.0501172972261703));
#3902=CARTESIAN_POINT('',(-0.0149772413359521,-0.0585,-0.0520586570489101));
#3903=CARTESIAN_POINT('',(-0.0138563736545762,-0.0585000002499998,-0.0539999807706133));
#3904=CARTESIAN_POINT('',(-1.38777878078145E-17,-0.0585,-0.046));
#3905=CARTESIAN_POINT('',(0.0138563736838568,-0.0585000002499998,-0.0539999807875182));
#3906=CARTESIAN_POINT('',(0.0149772413359521,-0.0585,-0.0520586570489101));
#3907=CARTESIAN_POINT('',(0.0160980477099088,-0.0585000002499998,-0.0501172964338528));
#3908=CARTESIAN_POINT('',(-0.00266025403784432,-0.0585,-0.0392871870788979));
#3909=CARTESIAN_POINT('',(0.0189998110728697,-0.0585000002500102,-0.0392871859762771));
#3910=CARTESIAN_POINT('',(0.0346602540378443,-0.0585,-0.0392871870788979));
#3911=CARTESIAN_POINT('',(0.0204496678648413,-0.0585,-0.032706700991269));
#3912=CARTESIAN_POINT('',(0.0340926700626,0.,-0.0320964430256122));
#3913=CARTESIAN_POINT('',(0.0340926700626,-0.0195524301690564,-0.0320964430256122));
#3914=CARTESIAN_POINT('',(0.0340926700626,-0.0585,-0.0320964430256122));
#3915=CARTESIAN_POINT('',(0.0204496678648413,-0.0585,-0.032706700991269));
#3916=CARTESIAN_POINT('',(0.0340926700626,0.,-0.0320964430256122));
#3917=CARTESIAN_POINT('',(0.0305926700625999,0.,-0.0381586208521032));
#3918=CARTESIAN_POINT('',(0.0104346476390186,0.,-0.0730733398698588));
#3919=CARTESIAN_POINT('',(-0.00255573341774797,0.,-0.0655733398698588));
#3920=CARTESIAN_POINT('',(-0.0155461144745146,0.,-0.0730733398698588));
#3921=CARTESIAN_POINT('',(-0.0180096882472203,0.,-0.0688063049273382));
#3922=CARTESIAN_POINT('',(-0.034261548063437,0.,-0.0406572580081641));
#3923=CARTESIAN_POINT('',(-0.0169410399877482,0.,-0.0306572580081641));
#3924=CARTESIAN_POINT('',(-0.0264454285147572,-0.0063366753956014,-0.0541787682829937));
#3925=CARTESIAN_POINT('',(-0.0261004353795663,-0.00464956834702395,-0.0547875120656733));
#3926=CARTESIAN_POINT('',(-0.0264517700289571,-0.00296505121630279,-0.0541830558165009));
#3927=CARTESIAN_POINT('',(-0.0272929682715145,-0.00226772163641315,-0.0527262069469109));
#3928=CARTESIAN_POINT('',(-0.0281353127887686,-0.00296406403733572,-0.0512659110744847));
#3929=CARTESIAN_POINT('',(-0.0284817943237563,-0.00464970552625148,-0.0506596483628763));
#3930=CARTESIAN_POINT('',(-0.0281275769768641,-0.00633261432708183,-0.0512587904949746));
#3931=CARTESIAN_POINT('',(-0.0272834136652947,-0.00703267589739147,-0.0527157519691666));
#3932=CARTESIAN_POINT('',(-0.0264454285147572,-0.0063366753956014,-0.0541787682829937));
#3933=CARTESIAN_POINT('',(-0.0261004353795663,-0.00464956834702395,-0.0547875120656733));
#3934=CARTESIAN_POINT('',(-0.0264517700289571,-0.00296505121630279,-0.0541830558165009));
#3935=CARTESIAN_POINT('',(-0.0262164900103299,-0.00465,-0.0545853120603646));
#3936=CARTESIAN_POINT('',(0.0314742799191346,-0.006686652035308,-0.0367237139543903));
#3937=CARTESIAN_POINT('',(0.0317971528756741,-0.00499958738611329,-0.0361022163679197));
#3938=CARTESIAN_POINT('',(0.0314481876127274,-0.00331499842023885,-0.0367080736227614));
#3939=CARTESIAN_POINT('',(0.0305985445867331,-0.00261770930680878,-0.0381601336032563));
#3940=CARTESIAN_POINT('',(0.0297517857798477,-0.00331416587251024,-0.0396179012236665));
#3941=CARTESIAN_POINT('',(0.0294010365678818,-0.0049999263756088,-0.040221607365065));
#3942=CARTESIAN_POINT('',(0.0297452041851614,-0.00668285139661341,-0.039616301797821));
#3943=CARTESIAN_POINT('',(0.0306222360484727,-0.00738262259930716,-0.0381785679627117));
#3944=CARTESIAN_POINT('',(0.0314742799191346,-0.006686652035308,-0.0367237139543903));
#3945=CARTESIAN_POINT('',(0.0317971528756741,-0.00499958738611329,-0.0361022163679197));
#3946=CARTESIAN_POINT('',(0.0314481876127274,-0.00331499842023885,-0.0367080736227614));
#3947=CARTESIAN_POINT('',(0.031685179839093,-0.005,-0.0363067755081384));
#3948=CARTESIAN_POINT('',(0.0358247208701689,0.,-0.0330964430256121));
#3949=CARTESIAN_POINT('',(0.0358247208701689,-0.00488924617052914,-0.0330964430256121));
#3950=CARTESIAN_POINT('',(0.0358020943555174,-0.0110092671231095,-0.0331363134565118));
#3951=CARTESIAN_POINT('',(0.0354383605929453,-0.0206608347757706,-0.0332162790309023));
#3952=CARTESIAN_POINT('',(0.0352623516276643,-0.0239567876420223,-0.0332459669559234));
#3953=CARTESIAN_POINT('',(0.0347551533919108,-0.0304822651290081,-0.0333014678821605));
#3954=CARTESIAN_POINT('',(0.0344243198505551,-0.0337115915956184,-0.0333271332918544));
#3955=CARTESIAN_POINT('',(0.0335596279982127,-0.0398873509353932,-0.0333658957935243));
#3956=CARTESIAN_POINT('',(0.03302642353165,-0.0428333171091879,-0.0333791422514379));
#3957=CARTESIAN_POINT('',(0.0320255395730021,-0.046890320900065,-0.0333853403382802));
#3958=CARTESIAN_POINT('',(0.0316582375615748,-0.0481825059498223,-0.0333851541864973));
#3959=CARTESIAN_POINT('',(0.0308437788854843,-0.050624945397097,-0.0333786036605131));
#3960=CARTESIAN_POINT('',(0.0303968057466585,-0.0517752182431339,-0.0333723266680519));
#3961=CARTESIAN_POINT('',(0.0294039592441385,-0.0539150159726735,-0.0333493770987145));
#3962=CARTESIAN_POINT('',(0.0288584364943733,-0.0549049336722002,-0.0333328284151439));
#3963=CARTESIAN_POINT('',(0.0276347449973894,-0.0567037490148357,-0.0332791246699659));
#3964=CARTESIAN_POINT('',(0.0269561673544332,-0.0575143608217038,-0.03324160765149));
#3965=CARTESIAN_POINT('',(0.0257984112252552,-0.0585573972894252,-0.033157939108617));
#3966=CARTESIAN_POINT('',(0.0253889834288604,-0.0588757836132715,-0.0331254482559079));
#3967=CARTESIAN_POINT('',(0.0245192914097429,-0.0594398891878783,-0.0330514699819321));
#3968=CARTESIAN_POINT('',(0.0240588642171818,-0.0596854210823981,-0.0330099285623364));
#3969=CARTESIAN_POINT('',(0.0230911949979167,-0.0600862296616237,-0.0329220278686687));
#3970=CARTESIAN_POINT('',(0.0225840627345582,-0.0602411832743032,-0.032875757659713));
#3971=CARTESIAN_POINT('',(0.0215370213339903,-0.0604480904799571,-0.0327865934079557));
#3972=CARTESIAN_POINT('',(0.0209974125990985,-0.0605,-0.0327438725899344));
#3973=CARTESIAN_POINT('',(0.0204496678648413,-0.0605,-0.032706700991269));
#3974=CARTESIAN_POINT('',(0.0340926700626,0.,-0.0320964430256122));
#3975=CARTESIAN_POINT('',(0.0340926700626,-0.00488810754226411,-0.0320964430256122));
#3976=CARTESIAN_POINT('',(0.0340926700626,-0.0109884113133962,-0.0320964430256122));
#3977=CARTESIAN_POINT('',(0.03377291219859,-0.020589754059658,-0.0321107459466822));
#3978=CARTESIAN_POINT('',(0.033613033266585,-0.0238653494900058,-0.0321178974072172));
#3979=CARTESIAN_POINT('',(0.0331333964705701,-0.0303389348382665,-0.0321393517888224));
#3980=CARTESIAN_POINT('',(0.0328136386065601,-0.0335369247561792,-0.0321536547098924));
#3981=CARTESIAN_POINT('',(0.0319609509692002,-0.0396273978706131,-0.032191795832746));
#3982=CARTESIAN_POINT('',(0.0314280211958502,-0.0425198810671344,-0.0322156340345295));
#3983=CARTESIAN_POINT('',(0.030428777870819,-0.0464585499141553,-0.0322603306628735));
#3984=CARTESIAN_POINT('',(0.0300623886516409,-0.0477047635385355,-0.0322767194265997));
#3985=CARTESIAN_POINT('',(0.0292563323694492,-0.0500353511535893,-0.0323127747067972));
#3986=CARTESIAN_POINT('',(0.0288166653064354,-0.051119725144263,-0.0323324412232685));
#3987=CARTESIAN_POINT('',(0.0278573917144056,-0.0530981458407842,-0.0323753499864788));
#3988=CARTESIAN_POINT('',(0.0273377851853893,-0.0539921925466318,-0.0323985922332177));
#3989=CARTESIAN_POINT('',(0.0262119710391876,-0.0555614710223813,-0.0324489504344852));
#3990=CARTESIAN_POINT('',(0.025605763422002,-0.0562367027922833,-0.032476066389014));
#3991=CARTESIAN_POINT('',(0.0246265049634715,-0.0570640735068374,-0.032519869084791));
#3992=CARTESIAN_POINT('',(0.0242884276385026,-0.057308950921639,-0.0325349914440475));
#3993=CARTESIAN_POINT('',(0.0235881246082099,-0.0577333191480859,-0.0325663163310786));
#3994=CARTESIAN_POINT('',(0.0232258989028861,-0.0579128099597312,-0.0325825188588533));
#3995=CARTESIAN_POINT('',(0.0224764664091128,-0.0582028440234757,-0.0326160413301112));
#3996=CARTESIAN_POINT('',(0.0220892596206632,-0.0583133872755748,-0.0326333612735945));
#3997=CARTESIAN_POINT('',(0.0212890322578674,-0.058461965263837,-0.0326691558234601));
#3998=CARTESIAN_POINT('',(0.0208760116835212,-0.0585,-0.0326876304298422));
#3999=CARTESIAN_POINT('',(0.0204496678648413,-0.0585,-0.032706700991269));
#4000=CARTESIAN_POINT('',(0.0340926700626,0.,-0.0320964430256121));
#4001=CARTESIAN_POINT('',(0.0346700203317896,0.,-0.0324297763589455));
#4002=CARTESIAN_POINT('',(0.0352473706009792,0.,-0.0327631096922788));
#4003=CARTESIAN_POINT('',(0.0358247208701688,0.,-0.0330964430256121));
#4004=CARTESIAN_POINT('',(0.0204496539353736,-0.0604999999999924,-0.0327066945426968));
#4005=CARTESIAN_POINT('',(0.0204496542368266,-0.0598333333333259,-0.032706694682252));
#4006=CARTESIAN_POINT('',(0.0204496545382797,-0.0591666666666594,-0.0327066948218073));
#4007=CARTESIAN_POINT('',(0.0204496548397329,-0.0584999999999928,-0.0327066949613626));
#4008=CARTESIAN_POINT('',(0.0346711734644426,-0.0601000061237393,-0.0392904711277504));
#4009=CARTESIAN_POINT('',(0.0189996158574124,-0.058500000250022,-0.0392871869983454));
#4010=CARTESIAN_POINT('',(0.0189996158976317,-0.0591666667500216,-0.0392871869983753));
#4011=CARTESIAN_POINT('',(0.018999615937851,-0.0598333332500212,-0.0392871869984053));
#4012=CARTESIAN_POINT('',(0.0189996159780704,-0.0604999997500209,-0.0392871869984352));
#4013=CARTESIAN_POINT('',(-0.00266312339380397,-0.0595000000000001,-0.0392864193563302));
#4014=CARTESIAN_POINT('',(0.0160980762113534,-0.0604999997499993,-0.0501173140978199));
#4015=CARTESIAN_POINT('',(0.0160980762113534,-0.0598333332499995,-0.0501173140978199));
#4016=CARTESIAN_POINT('',(0.0160980762113533,-0.0591666667499997,-0.0501173140978199));
#4017=CARTESIAN_POINT('',(0.0160980762113533,-0.0585000002499998,-0.0501173140978199));
#4018=CARTESIAN_POINT('',(0.0138564064605509,-0.0605,-0.054));
#4019=CARTESIAN_POINT('',(0.0138564064605509,-0.0585000002499998,-0.0539999999999999));
#4020=CARTESIAN_POINT('',(0.0138564064605509,-0.05916666675,-0.0539999999999999));
#4021=CARTESIAN_POINT('',(0.0138564064605509,-0.0598333332500001,-0.0539999999999999));
#4022=CARTESIAN_POINT('',(0.013856406460551,-0.0604999997500002,-0.0539999999999999));
#4023=CARTESIAN_POINT('',(3.9045475892273E-11,-0.0595,-0.0459999268993494));
#4024=CARTESIAN_POINT('',(-0.013856406460551,-0.0604999997500002,-0.054));
#4025=CARTESIAN_POINT('',(-0.013856406460551,-0.0598333332500001,-0.0540000000000001));
#4026=CARTESIAN_POINT('',(-0.013856406460551,-0.0591666667499999,-0.0540000000000001));
#4027=CARTESIAN_POINT('',(-0.0138564064605509,-0.0585000002499998,-0.0540000000000002));
#4028=CARTESIAN_POINT('',(-0.0160980762113534,-0.0605,-0.0501173140978201));
#4029=CARTESIAN_POINT('',(-0.0160980762113534,-0.0585000002499997,-0.0501173140978201));
#4030=CARTESIAN_POINT('',(-0.0160980762113533,-0.0591666667499999,-0.0501173140978201));
#4031=CARTESIAN_POINT('',(-0.0160980762113533,-0.0598333332500001,-0.0501173140978202));
#4032=CARTESIAN_POINT('',(-0.0160980762113533,-0.0604999997500002,-0.0501173140978202));
#4033=CARTESIAN_POINT('',(0.00266312830265974,-0.0594999999999998,-0.039286416922387));
#4034=CARTESIAN_POINT('',(-0.0189999316430106,-0.0585,-0.0392871870764677));
#4035=CARTESIAN_POINT('',(-0.0189999316430106,-0.0591666666666667,-0.0392871870764677));
#4036=CARTESIAN_POINT('',(-0.0189999316430106,-0.0598333333333333,-0.0392871870764677));
#4037=CARTESIAN_POINT('',(-0.0189999316430106,-0.0605,-0.0392871870764677));
#4038=CARTESIAN_POINT('',(-0.019,-0.0605,-0.0392871870788979));
#4039=CARTESIAN_POINT('',(-0.019,-0.0605,-0.0379205228530782));
#4040=CARTESIAN_POINT('',(-0.0191799059286222,-0.0605,-0.0365540642341357));
#4041=CARTESIAN_POINT('',(-0.0198873145042633,-0.0605,-0.0339139659313845));
#4042=CARTESIAN_POINT('',(-0.02041474443947,-0.0605,-0.0326406254073036));
#4043=CARTESIAN_POINT('',(-0.0210980762113532,-0.0605,-0.0314570600599758));
#4044=CARTESIAN_POINT('',(-0.019,-0.0585,-0.039287187078898));
#4045=CARTESIAN_POINT('',(-0.019,-0.0585,-0.037920523194113));
#4046=CARTESIAN_POINT('',(-0.0191799042340315,-0.0585,-0.0365540637800597));
#4047=CARTESIAN_POINT('',(-0.0198873161988539,-0.0585,-0.0339139663854605));
#4048=CARTESIAN_POINT('',(-0.0204147442689608,-0.0585,-0.0326406257026341));
#4049=CARTESIAN_POINT('',(-0.0210980762113533,-0.0585,-0.0314570600599757));
#4050=CARTESIAN_POINT('',(-0.0210980762113533,-0.0605,-0.0314570600599757));
#4051=CARTESIAN_POINT('',(-0.0210980762113533,-0.0598333333333333,-0.0314570600599757));
#4052=CARTESIAN_POINT('',(-0.0210980762113533,-0.0591666666666667,-0.0314570600599757));
#4053=CARTESIAN_POINT('',(-0.0210980762113533,-0.0585,-0.0314570600599757));
#4054=CARTESIAN_POINT('',(-0.0236448637286709,-0.0605,-0.0270458946838995));
#4055=CARTESIAN_POINT('',(-0.0236448637286709,-0.0585,-0.0270458946838995));
#4056=CARTESIAN_POINT('',(-0.0236448637286709,-0.0591666666666667,-0.0270458946838995));
#4057=CARTESIAN_POINT('',(-0.0236448637286709,-0.0598333333333333,-0.0270458946838995));
#4058=CARTESIAN_POINT('',(-0.0236448637286709,-0.0605,-0.0270458946838995));
#4059=CARTESIAN_POINT('',(-0.040065647361576,0.,-0.0254904163079517));
#4060=CARTESIAN_POINT('',(-0.040065647361576,-0.00489134022952637,-0.0254904163079517));
#4061=CARTESIAN_POINT('',(-0.0400647991240526,-0.0110160552171087,-0.0254979424022028));
#4062=CARTESIAN_POINT('',(-0.0397195221732972,-0.0206822189047913,-0.0255674387731717));
#4063=CARTESIAN_POINT('',(-0.0395470556138309,-0.0239844066163786,-0.0256003594414033));
#4064=CARTESIAN_POINT('',(-0.039028641854674,-0.0305257193393813,-0.0256939500351787));
#4065=CARTESIAN_POINT('',(-0.0386828201187028,-0.0337647158588057,-0.0257546632311556));
#4066=CARTESIAN_POINT('',(-0.0377556640779887,-0.0399618255559138,-0.0259117290584389));
#4067=CARTESIAN_POINT('',(-0.0371748098148841,-0.0429196026576203,-0.0260083082402396));
#4068=CARTESIAN_POINT('',(-0.0360721625147218,-0.0469912843324587,-0.0261831654238458));
#4069=CARTESIAN_POINT('',(-0.0356659468306302,-0.0482878134866541,-0.0262464175688901));
#4070=CARTESIAN_POINT('',(-0.0347636547021422,-0.0507360047692821,-0.0263818062262596));
#4071=CARTESIAN_POINT('',(-0.0342677070689376,-0.0518877002046642,-0.0264540320081449));
#4072=CARTESIAN_POINT('',(-0.0331682904464344,-0.0540242551758759,-0.0266034397614361));
#4073=CARTESIAN_POINT('',(-0.0325650094855346,-0.0550093985924977,-0.0266808093326471));
#4074=CARTESIAN_POINT('',(-0.0312230495689176,-0.056788758828234,-0.0268296214881438));
#4075=CARTESIAN_POINT('',(-0.0304840508976435,-0.0575840636895612,-0.0269011664434897));
#4076=CARTESIAN_POINT('',(-0.0292442238595481,-0.0586004877234233,-0.0269863239949656));
#4077=CARTESIAN_POINT('',(-0.0288089546175313,-0.05890957710031,-0.02701087602374));
#4078=CARTESIAN_POINT('',(-0.0278913270457516,-0.0594572467861565,-0.0270488783467861));
#4079=CARTESIAN_POINT('',(-0.0274088420038499,-0.0596957596669782,-0.0270622452867889));
#4080=CARTESIAN_POINT('',(-0.0263987037100781,-0.0600874783636888,-0.0270761325927284));
#4081=CARTESIAN_POINT('',(-0.025871037476559,-0.0602404641797058,-0.0270765935796576));
#4082=CARTESIAN_POINT('',(-0.0247804392217329,-0.0604468182980669,-0.0270671842253099));
#4083=CARTESIAN_POINT('',(-0.0242177426309392,-0.0605,-0.0270573834914183));
#4084=CARTESIAN_POINT('',(-0.0236448637286709,-0.0605,-0.0270458946838995));
#4085=CARTESIAN_POINT('',(-0.0380914132862279,0.,-0.0251704165958667));
#4086=CARTESIAN_POINT('',(-0.0380914132862279,-0.00488988806189494,-0.0251704165958667));
#4087=CARTESIAN_POINT('',(-0.0380914132862279,-0.0109910820928424,-0.0251704165958667));
#4088=CARTESIAN_POINT('',(-0.0377528222809727,-0.0205929256102503,-0.025214373113555));
#4089=CARTESIAN_POINT('',(-0.0375835267783451,-0.0238685488612175,-0.0252363513723992));
#4090=CARTESIAN_POINT('',(-0.0370756402704622,-0.030341995106382,-0.0253022861489316));
#4091=CARTESIAN_POINT('',(-0.036737049265207,-0.0335398181005793,-0.0253462426666198));
#4092=CARTESIAN_POINT('',(-0.0358341399178597,-0.0396298460851056,-0.0254634600471219));
#4093=CARTESIAN_POINT('',(-0.0352698215757676,-0.0425220510754344,-0.0255367209099356));
#4094=CARTESIAN_POINT('',(-0.0342117246843449,-0.0464602817477025,-0.0256740850277115));
#4095=CARTESIAN_POINT('',(-0.0338237558241566,-0.0477063458362543,-0.0257244518708959));
#4096=CARTESIAN_POINT('',(-0.0329702243317424,-0.0500366378572288,-0.0258352589259018));
#4097=CARTESIAN_POINT('',(-0.0325046616995164,-0.0511208657896515,-0.0258956991377232));
#4098=CARTESIAN_POINT('',(-0.0314888886837507,-0.0530990082799804,-0.0260275686907879));
#4099=CARTESIAN_POINT('',(-0.0309386783002109,-0.0539929228378866,-0.0260989980320314));
#4100=CARTESIAN_POINT('',(-0.0297465558025414,-0.0555619613607953,-0.0262537616047255));
#4101=CARTESIAN_POINT('',(-0.0291046436884117,-0.0562370853257978,-0.0263370958361762));
#4102=CARTESIAN_POINT('',(-0.0280677087348175,-0.0570643204148331,-0.0264717126715965));
#4103=CARTESIAN_POINT('',(-0.0277097192865529,-0.0573091569681002,-0.026518187531444));
#4104=CARTESIAN_POINT('',(-0.0269681697151475,-0.0577334534695131,-0.0266144568839852));
#4105=CARTESIAN_POINT('',(-0.0265846095920067,-0.0579129134176589,-0.026664251376679));
#4106=CARTESIAN_POINT('',(-0.0257910369234398,-0.0582028970565311,-0.0267672744650108));
#4107=CARTESIAN_POINT('',(-0.0253810243780135,-0.0583134207472573,-0.026820503060649));
#4108=CARTESIAN_POINT('',(-0.0245336651174659,-0.0584619722189918,-0.0269305088249678));
#4109=CARTESIAN_POINT('',(-0.0240963184023446,-0.0585,-0.0269872859936485));
#4110=CARTESIAN_POINT('',(-0.0236448637286709,-0.0585,-0.0270458946838995));
#4111=CARTESIAN_POINT('',(-0.040065647361576,0.,-0.0254904163079517));
#4112=CARTESIAN_POINT('',(-0.03940756933646,0.,-0.0253837497372567));
#4113=CARTESIAN_POINT('',(-0.0387494913113439,0.,-0.0252770831665617));
#4114=CARTESIAN_POINT('',(-0.0380914132862279,0.,-0.0251704165958667));
#4115=CARTESIAN_POINT('',(-0.0169410399877482,0.,-0.0306572580081641));
#4116=CARTESIAN_POINT('',(-0.0298923354442693,-0.00465,-0.0542249562536336));
#4117=CARTESIAN_POINT('',(-0.026568518565725,-0.00439556973746169,-0.0547774321939345));
#4118=CARTESIAN_POINT('',(-0.0265634172459821,-0.00458138004945275,-0.0547855742841945));
#4119=CARTESIAN_POINT('',(-0.0265632297255819,-0.00468001298479747,-0.054785518880014));
#4120=CARTESIAN_POINT('',(-0.0265645612927351,-0.00479678723812042,-0.0547827654479091));
#4121=CARTESIAN_POINT('',(-0.0265732590717469,-0.00496945426893318,-0.0547670504400513));
#4122=CARTESIAN_POINT('',(-0.0266035200749473,-0.00528994579272582,-0.0547134459311961));
#4123=CARTESIAN_POINT('',(-0.0266867356117325,-0.00570052263332461,-0.0545678030214106));
#4124=CARTESIAN_POINT('',(-0.0268379127224658,-0.00612020530072467,-0.0543043443728164));
#4125=CARTESIAN_POINT('',(-0.0270891751956153,-0.0065520108005505,-0.0538672991259058));
#4126=CARTESIAN_POINT('',(-0.0274600769575198,-0.0068353758475296,-0.0532231230475928));
#4127=CARTESIAN_POINT('',(-0.0278956963818764,-0.00678929560867826,-0.0524673896828446));
#4128=CARTESIAN_POINT('',(-0.0282556567377628,-0.00645600491642756,-0.0518435903906048));
#4129=CARTESIAN_POINT('',(-0.0285101443661935,-0.00595512713359916,-0.0514033564074561));
#4130=CARTESIAN_POINT('',(-0.0286580787380854,-0.00538876266282829,-0.0511485887544589));
#4131=CARTESIAN_POINT('',(-0.0287024328706928,-0.00498317588236065,-0.0510734818227188));
#4132=CARTESIAN_POINT('',(-0.0287103383258951,-0.00473478492335671,-0.0510612207023566));
#4133=CARTESIAN_POINT('',(-0.0287113783002367,-0.00465733176416199,-0.0510599099628606));
#4134=CARTESIAN_POINT('',(-0.0287100168987544,-0.00444700888318543,-0.0510636285525798));
#4135=CARTESIAN_POINT('',(-0.0286815248882493,-0.00403313006775147,-0.0511154105082367));
#4136=CARTESIAN_POINT('',(-0.0284910898283821,-0.00313542175202267,-0.0514497611937434));
#4137=CARTESIAN_POINT('',(-0.0279813418450866,-0.00246014275958038,-0.0523353560485509));
#4138=CARTESIAN_POINT('',(-0.0273714574204628,-0.00250164763091259,-0.0533920989500688));
#4139=CARTESIAN_POINT('',(-0.0269483002844626,-0.00291729351908238,-0.0541241415640346));
#4140=CARTESIAN_POINT('',(-0.0266931331472409,-0.00354272892575362,-0.0545644090002959));
#4141=CARTESIAN_POINT('',(-0.0265969848089063,-0.0040843240187942,-0.0547292098105585));
#4142=CARTESIAN_POINT('',(-0.026568518565725,-0.00439556973746169,-0.0547774321939345));
#4143=CARTESIAN_POINT('',(-0.0265634172459821,-0.00458138004945275,-0.0547855742841945));
#4144=CARTESIAN_POINT('',(-0.0265632297255819,-0.00468001298479747,-0.054785518880014));
#4145=CARTESIAN_POINT('',(-0.0265632897874997,-0.00464848305912491,-0.05478553638714));
#4146=CARTESIAN_POINT('',(0.0470471527345043,-0.005,-0.0476586208521032));
#4147=CARTESIAN_POINT('',(0.0320162122075085,-0.00451044360444825,-0.0365181004013394));
#4148=CARTESIAN_POINT('',(0.032026376051383,-0.00501564672396192,-0.0365008311918256));
#4149=CARTESIAN_POINT('',(0.0320250475660415,-0.00515960560718286,-0.036507581910426));
#4150=CARTESIAN_POINT('',(0.0320147108807494,-0.00541486219666777,-0.0365355352472378));
#4151=CARTESIAN_POINT('',(0.0319875985294202,-0.00569741373609483,-0.0365988422108162));
#4152=CARTESIAN_POINT('',(0.0319161382979816,-0.00604928886514606,-0.0367478590950529));
#4153=CARTESIAN_POINT('',(0.03185777493881,-0.00624908282324122,-0.0368631143006073));
#4154=CARTESIAN_POINT('',(0.0317988345676438,-0.00640813242043542,-0.0369761389594343));
#4155=CARTESIAN_POINT('',(0.0317596183311357,-0.00649940836963458,-0.0370500918270786));
#4156=CARTESIAN_POINT('',(0.0316886422061292,-0.00663938222389332,-0.0371788809643508));
#4157=CARTESIAN_POINT('',(0.0315787189629199,-0.00680973838185718,-0.0373699762885487));
#4158=CARTESIAN_POINT('',(0.0314144108116127,-0.00698222871071254,-0.0376388032255023));
#4159=CARTESIAN_POINT('',(0.0312334984190069,-0.00709938238362458,-0.0379266754324083));
#4160=CARTESIAN_POINT('',(0.0309215908394433,-0.00718566341146299,-0.0384468692313039));
#4161=CARTESIAN_POINT('',(0.030643727629591,-0.00708706267713593,-0.0389135690011811));
#4162=CARTESIAN_POINT('',(0.0304169870602839,-0.00687620405985642,-0.039288287648304));
#4163=CARTESIAN_POINT('',(0.0302981148557031,-0.00672060953975355,-0.0394832585254926));
#4164=CARTESIAN_POINT('',(0.0302286337824923,-0.00661097969954997,-0.0395964961666823));
#4165=CARTESIAN_POINT('',(0.0301750310263113,-0.00651201966343608,-0.0396831127450021));
#4166=CARTESIAN_POINT('',(0.0301595735420717,-0.00648101690026304,-0.0397084367656421));
#4167=CARTESIAN_POINT('',(0.0301053666730137,-0.00636797814530438,-0.0397981848403971));
#4168=CARTESIAN_POINT('',(0.0300210391014398,-0.00615043865597668,-0.0399410548674426));
#4169=CARTESIAN_POINT('',(0.0299140212440059,-0.00574156721111733,-0.0401246328418638));
#4170=CARTESIAN_POINT('',(0.0298602669278912,-0.00526789167234663,-0.0402185017527316));
#4171=CARTESIAN_POINT('',(0.0298603808007587,-0.00489143320694724,-0.0402198178453989));
#4172=CARTESIAN_POINT('',(0.0298746640670833,-0.00462022676395317,-0.0401961796161039));
#4173=CARTESIAN_POINT('',(0.0299330277796904,-0.0041546589326557,-0.0400970830971647));
#4174=CARTESIAN_POINT('',(0.0300894640090994,-0.00362359219565256,-0.0398288143184147));
#4175=CARTESIAN_POINT('',(0.0302895044823034,-0.00326976759809373,-0.0394849191407085));
#4176=CARTESIAN_POINT('',(0.0304472527811756,-0.00308305136665751,-0.0392136385345049));
#4177=CARTESIAN_POINT('',(0.030543747124842,-0.0030004894964793,-0.0390477045028993));
#4178=CARTESIAN_POINT('',(0.0306003734508453,-0.00296009622500544,-0.0389503479488645));
#4179=CARTESIAN_POINT('',(0.0306831938206184,-0.00290982011912791,-0.0388079592453883));
#4180=CARTESIAN_POINT('',(0.0308245132334292,-0.00285218325716017,-0.0385649164371884));
#4181=CARTESIAN_POINT('',(0.031119414759064,-0.00283275670071016,-0.0380575391757361));
#4182=CARTESIAN_POINT('',(0.0315256774814605,-0.00309519701810756,-0.0373585418031395));
#4183=CARTESIAN_POINT('',(0.0318914286297479,-0.00382372775569734,-0.0367295299342052));
#4184=CARTESIAN_POINT('',(0.0320162122075085,-0.00451044360444825,-0.0365181004013394));
#4185=CARTESIAN_POINT('',(0.032026376051383,-0.00501564672396192,-0.0365008311918256));
#4186=CARTESIAN_POINT('',(0.0320250475660415,-0.00515960560718286,-0.036507581910426));
#4187=CARTESIAN_POINT('',(0.0320254399414662,-0.00500731678520883,-0.0365032391459942));
#4188=CARTESIAN_POINT('',(0.0341934362199047,-0.00600988692951358,-0.035912449606967));
#4189=CARTESIAN_POINT('',(0.0342010095320331,-0.00402175327144158,-0.0359069747244058));
#4190=CARTESIAN_POINT('',(0.0340054257422744,-0.00305492266395753,-0.0362537106081797));
#4191=CARTESIAN_POINT('',(0.0333062379342157,-0.00164976082961981,-0.0374676951984325));
#4192=CARTESIAN_POINT('',(0.0328241532039424,-0.00125126965006095,-0.0382981225942622));
#4193=CARTESIAN_POINT('',(0.032080505667101,-0.00124937546226442,-0.0395837847458747));
#4194=CARTESIAN_POINT('',(0.0318378700855763,-0.00134584062606548,-0.0400035525716771));
#4195=CARTESIAN_POINT('',(0.0313832930072816,-0.00172031794250883,-0.0407899455286821));
#4196=CARTESIAN_POINT('',(0.0311721366901547,-0.00200231737258668,-0.0411552014745715));
#4197=CARTESIAN_POINT('',(0.0306532276209659,-0.00303769178630416,-0.0420519757174704));
#4198=CARTESIAN_POINT('',(0.030447867919568,-0.00399687673225207,-0.0424057272351563));
#4199=CARTESIAN_POINT('',(0.0304447105751288,-0.00600687656401964,-0.0424027448809534));
#4200=CARTESIAN_POINT('',(0.030645317716238,-0.00696768237672891,-0.0420458488396321));
#4201=CARTESIAN_POINT('',(0.0311700584936747,-0.00800654958395983,-0.0411413110530838));
#4202=CARTESIAN_POINT('',(0.0313804281222669,-0.00828085716709997,-0.0407824191013446));
#4203=CARTESIAN_POINT('',(0.0318385373162348,-0.00864841804625677,-0.0400228779929333));
#4204=CARTESIAN_POINT('',(0.0320906640086593,-0.00874811130627115,-0.0396182713766796));
#4205=CARTESIAN_POINT('',(0.032613007408504,-0.00875227929840649,-0.0387693781676227));
#4206=CARTESIAN_POINT('',(0.0328765678995546,-0.0086514947038926,-0.0383306024562926));
#4207=CARTESIAN_POINT('',(0.0333340733238522,-0.00825575138519803,-0.0375134133865358));
#4208=CARTESIAN_POINT('',(0.0335214302800614,-0.00797395881369534,-0.0371542384907528));
#4209=CARTESIAN_POINT('',(0.0339941801228392,-0.00694938630785299,-0.0362621540507045));
#4210=CARTESIAN_POINT('',(0.0341934362199047,-0.00600988692951358,-0.035912449606967));
#4211=CARTESIAN_POINT('',(0.0342010095320331,-0.00402175327144158,-0.0359069747244058));
#4212=CARTESIAN_POINT('',(0.0320287050977485,-0.00557893835629218,-0.0365073705568269));
#4213=CARTESIAN_POINT('',(0.0320221747851839,-0.00443569521412548,-0.0364991077351614));
#4214=CARTESIAN_POINT('',(0.0319110543581488,-0.00388298727353142,-0.036699767913369));
#4215=CARTESIAN_POINT('',(0.031509106513892,-0.00308005154396718,-0.0373926631775365));
#4216=CARTESIAN_POINT('',(0.0312313452226024,-0.00285091874693068,-0.0378673799920491));
#4217=CARTESIAN_POINT('',(0.0308021440754341,-0.00284954481838416,-0.0386035466421937));
#4218=CARTESIAN_POINT('',(0.0306622705048555,-0.00290482315091528,-0.0388438597596091));
#4219=CARTESIAN_POINT('',(0.0304004752463077,-0.00311943323464085,-0.0392941491104732));
#4220=CARTESIAN_POINT('',(0.0302790481244131,-0.00328102356864505,-0.0395032930886263));
#4221=CARTESIAN_POINT('',(0.0299805084052788,-0.00387422409005582,-0.0400167689677578));
#4222=CARTESIAN_POINT('',(0.0298618990980725,-0.00442356610178339,-0.0402190525004653));
#4223=CARTESIAN_POINT('',(0.0298596838752411,-0.00557472909436002,-0.0402183005428728));
#4224=CARTESIAN_POINT('',(0.029975292131914,-0.00612562627153671,-0.0400169345804225));
#4225=CARTESIAN_POINT('',(0.0302865416823158,-0.00672645267313717,-0.0394974457312209));
#4226=CARTESIAN_POINT('',(0.0304124280439332,-0.00688624754279278,-0.0392898830478121));
#4227=CARTESIAN_POINT('',(0.030685908247659,-0.00709871738324399,-0.0388426222705393));
#4228=CARTESIAN_POINT('',(0.0308301615196107,-0.00715204178540049,-0.0386015263103403));
#4229=CARTESIAN_POINT('',(0.0311176509253619,-0.00714783783769794,-0.0381187765706223));
#4230=CARTESIAN_POINT('',(0.0312602577806157,-0.00709059604832897,-0.0378826921180328));
#4231=CARTESIAN_POINT('',(0.0315315026866166,-0.00687820614689495,-0.0374511324928918));
#4232=CARTESIAN_POINT('',(0.0316508718929483,-0.00672232264743804,-0.0372490470590715));
#4233=CARTESIAN_POINT('',(0.0319353634907132,-0.00613236930442883,-0.0367272208837417));
#4234=CARTESIAN_POINT('',(0.0320287050977485,-0.00557893835629218,-0.0365073705568269));
#4235=CARTESIAN_POINT('',(0.0320221747851839,-0.00443569521412548,-0.0364991077351614));
#4236=CARTESIAN_POINT('',(-0.0271465918104751,-0.00564172650477388,-0.0569695150995543));
#4237=CARTESIAN_POINT('',(-0.0271502665017484,-0.00366034051626781,-0.0569722649796659));
#4238=CARTESIAN_POINT('',(-0.0273504721128702,-0.00269719519258223,-0.0566269759681524));
#4239=CARTESIAN_POINT('',(-0.0280515474037577,-0.00129705768088896,-0.0554135098664083));
#4240=CARTESIAN_POINT('',(-0.0285315021271864,-0.000900054596636041,-0.054582002511076));
#4241=CARTESIAN_POINT('',(-0.0292735399017072,-0.000899972716927701,-0.053296690937458));
#4242=CARTESIAN_POINT('',(-0.0295156002669437,-0.000996847113312689,-0.0528774023260499));
#4243=CARTESIAN_POINT('',(-0.0299690098738069,-0.00137164335202451,-0.0520918692924613));
#4244=CARTESIAN_POINT('',(-0.0301795051563519,-0.00165350545964259,-0.0517271077723715));
#4245=CARTESIAN_POINT('',(-0.030696133822992,-0.00268779462841452,-0.0508310162310405));
#4246=CARTESIAN_POINT('',(-0.0308997434473999,-0.00364554690117448,-0.0504765703066086));
#4247=CARTESIAN_POINT('',(-0.030894830422,-0.00565371777412638,-0.0504734999253806));
#4248=CARTESIAN_POINT('',(-0.0306872981041845,-0.0066104387194341,-0.0508226947855805));
#4249=CARTESIAN_POINT('',(-0.0299849888856533,-0.00799686554257051,-0.0520206145730891));
#4250=CARTESIAN_POINT('',(-0.0294994321408013,-0.00839968809165608,-0.0528563249075662));
#4251=CARTESIAN_POINT('',(-0.0285143270672803,-0.00840021699268629,-0.0545689384946837));
#4252=CARTESIAN_POINT('',(-0.0280341618843051,-0.00799827980387063,-0.0554095908681527));
#4253=CARTESIAN_POINT('',(-0.0273441926111693,-0.00660498110122478,-0.0566200840839939));
#4254=CARTESIAN_POINT('',(-0.0271465918104751,-0.00564172650477388,-0.0569695150995543));
#4255=CARTESIAN_POINT('',(-0.0271502665017484,-0.00366034051626781,-0.0569722649796659));
#4256=CARTESIAN_POINT('',(-0.0265621433831705,-0.00521566121261367,-0.0547853365924126));
#4257=CARTESIAN_POINT('',(-0.0265644361918291,-0.00408130490563615,-0.0547857361818673));
#4258=CARTESIAN_POINT('',(-0.0266794343348283,-0.00353001969874675,-0.0545881905473302));
#4259=CARTESIAN_POINT('',(-0.0270816966642183,-0.00272774630155665,-0.0538930298760524));
#4260=CARTESIAN_POINT('',(-0.0273569325233872,-0.00250003655370694,-0.0534163060376202));
#4261=CARTESIAN_POINT('',(-0.0277822570801623,-0.00249998172984083,-0.052679359210304));
#4262=CARTESIAN_POINT('',(-0.0279209706397484,-0.00255552005114606,-0.0524389488823242));
#4263=CARTESIAN_POINT('',(-0.0281806651254217,-0.0027703414245698,-0.0519885232794834));
#4264=CARTESIAN_POINT('',(-0.0283011505900683,-0.0029318833958203,-0.0517793583158689));
#4265=CARTESIAN_POINT('',(-0.028596570569421,-0.003524413734606,-0.0512654296739891));
#4266=CARTESIAN_POINT('',(-0.0287123794433367,-0.00407260091500989,-0.0510619857135168));
#4267=CARTESIAN_POINT('',(-0.0287099016151796,-0.0052216866605358,-0.0510587924558168));
#4268=CARTESIAN_POINT('',(-0.0285927839974138,-0.00576964442384962,-0.0512577310821983));
#4269=CARTESIAN_POINT('',(-0.028193425061584,-0.00656711121809273,-0.0519456969464424));
#4270=CARTESIAN_POINT('',(-0.0279149257250475,-0.00680024325208805,-0.0524281055709363));
#4271=CARTESIAN_POINT('',(-0.027347190165641,-0.00679975635341137,-0.0534128354680491));
#4272=CARTESIAN_POINT('',(-0.0270709200731819,-0.00656769124784603,-0.0538941252969198));
#4273=CARTESIAN_POINT('',(-0.0266754593566178,-0.00576777682736609,-0.0545863821597347));
#4274=CARTESIAN_POINT('',(-0.0265621433831705,-0.00521566121261367,-0.0547853365924126));
#4275=CARTESIAN_POINT('',(-0.0265644361918291,-0.00408130490563615,-0.0547857361818673));
#4276=MECHANICAL_DESIGN_GEOMETRIC_PRESENTATION_REPRESENTATION('',(#327),
#4277);
#4277=(
GEOMETRIC_REPRESENTATION_CONTEXT(3)
GLOBAL_UNCERTAINTY_ASSIGNED_CONTEXT((#4278))
GLOBAL_UNIT_ASSIGNED_CONTEXT((#4281,#4280,#4279))
REPRESENTATION_CONTEXT('Cover 3','TOP_LEVEL_ASSEMBLY_PART')
);
#4278=UNCERTAINTY_MEASURE_WITH_UNIT(LENGTH_MEASURE(2.E-5),#4281,
'DISTANCE_ACCURACY_VALUE','Maximum Tolerance applied to model');
#4279=(
NAMED_UNIT(*)
SI_UNIT($,.STERADIAN.)
SOLID_ANGLE_UNIT()
);
#4280=(
NAMED_UNIT(*)
PLANE_ANGLE_UNIT()
SI_UNIT($,.RADIAN.)
);
#4281=(
LENGTH_UNIT()
NAMED_UNIT(*)
SI_UNIT($,.METRE.)
);
#4282=PRODUCT_DEFINITION_SHAPE('','',#4283);
#4283=PRODUCT_DEFINITION('','',#4285,#4284);
#4284=PRODUCT_DEFINITION_CONTEXT('',#4291,'design');
#4285=PRODUCT_DEFINITION_FORMATION_WITH_SPECIFIED_SOURCE('','',#4287,
 .NOT_KNOWN.);
#4286=PRODUCT_RELATED_PRODUCT_CATEGORY('','',(#4287));
#4287=PRODUCT('Cover 3','Cover 3','Cover 3',(#4289));
#4288=PRODUCT_CATEGORY('','');
#4289=PRODUCT_CONTEXT('',#4291,'mechanical');
#4290=APPLICATION_PROTOCOL_DEFINITION('international standard',
'ap242_managed_model_based_3d_engineering',2020,#4291);
#4291=APPLICATION_CONTEXT('managed model based 3d engineering');
ENDSEC;
END-ISO-10303-21;
