ISO-10303-21;
HEADER;
/* Generated by software containing ST-Developer
 * from STEP Tools, Inc. (www.steptools.com) 
 */
/* OPTION: using custom renumber hook */

FILE_DESCRIPTION(
/* description */ ('STEP AP242 Edition 2',
'CAx-IF Rec.Pracs.---Representation and Presentation of Product Manufa
cturing Information (PMI)---4.0---2014-10-13',
'CAx-IF Rec.Pracs.---3D Tessellated Geometry---0.4---2014-09-14','2;1',
'CAx-IF Rec.Pracs.---User Defined Attributes---1.5---2016-08-15'),
/* implementation_level */ '2;1');

FILE_NAME(
/* name */ 'Candy launcher - Cover 2',
/* time_stamp */ '2026-08-31T07:11:54Z',
/* author */ (''),
/* organization */ (''),
/* preprocessor_version */ 'ST-DEVELOPER v20',
/* originating_system */ 'ONSHAPE BY PTC INC, 1.220',
/* authorisation */ '  ');

FILE_SCHEMA (('AP242_MANAGED_MODEL_BASED_3D_ENGINEERING_MIM_LF { 1 0 10303 442 3 1 4 }'));
ENDSEC;

DATA;
#10=SHAPE_REPRESENTATION_RELATIONSHIP('','',#337,#11);
#11=ADVANCED_BREP_SHAPE_REPRESENTATION('',(#335),#4277);
#12=PLANE('',#348);
#13=PLANE('',#350);
#14=PLANE('',#352);
#15=PLANE('',#353);
#16=CYLINDRICAL_SURFACE('',#346,0.0156715578546146);
#17=CYLINDRICAL_SURFACE('',#347,0.0216630547396069);
#18=CYLINDRICAL_SURFACE('',#349,0.0159999605333063);
#19=CYLINDRICAL_SURFACE('',#351,0.0216630599594431);
#20=CYLINDRICAL_SURFACE('',#354,0.00215);
#21=CYLINDRICAL_SURFACE('',#355,0.00215);
#22=CIRCLE('',#339,0.0156602540378444);
#23=CIRCLE('',#340,0.0216602540378443);
#24=CIRCLE('',#341,0.016);
#25=CIRCLE('',#342,0.0216602540378445);
#26=CIRCLE('',#343,0.0156602540378444);
#27=CIRCLE('',#344,0.015);
#28=CIRCLE('',#345,0.02);
#29=LINE('',#3888,#35);
#30=LINE('',#3896,#36);
#31=LINE('',#3902,#37);
#32=LINE('',#3906,#38);
#33=LINE('',#3917,#39);
#34=LINE('',#3921,#40);
#35=VECTOR('',#358,1.);
#36=VECTOR('',#359,1.);
#37=VECTOR('',#364,1.);
#38=VECTOR('',#367,1.);
#39=VECTOR('',#372,1.);
#40=VECTOR('',#375,1.);
#41=ORIENTED_EDGE('',*,*,#135,.T.);
#42=ORIENTED_EDGE('',*,*,#136,.T.);
#43=ORIENTED_EDGE('',*,*,#137,.T.);
#44=ORIENTED_EDGE('',*,*,#138,.T.);
#45=ORIENTED_EDGE('',*,*,#139,.T.);
#46=ORIENTED_EDGE('',*,*,#140,.T.);
#47=ORIENTED_EDGE('',*,*,#141,.T.);
#48=ORIENTED_EDGE('',*,*,#142,.T.);
#49=ORIENTED_EDGE('',*,*,#143,.F.);
#50=ORIENTED_EDGE('',*,*,#144,.F.);
#51=ORIENTED_EDGE('',*,*,#145,.F.);
#52=ORIENTED_EDGE('',*,*,#146,.F.);
#53=ORIENTED_EDGE('',*,*,#147,.F.);
#54=ORIENTED_EDGE('',*,*,#148,.F.);
#55=ORIENTED_EDGE('',*,*,#149,.F.);
#56=ORIENTED_EDGE('',*,*,#150,.F.);
#57=ORIENTED_EDGE('',*,*,#151,.F.);
#58=ORIENTED_EDGE('',*,*,#152,.F.);
#59=ORIENTED_EDGE('',*,*,#153,.T.);
#60=ORIENTED_EDGE('',*,*,#154,.T.);
#61=ORIENTED_EDGE('',*,*,#155,.T.);
#62=ORIENTED_EDGE('',*,*,#156,.T.);
#63=ORIENTED_EDGE('',*,*,#157,.T.);
#64=ORIENTED_EDGE('',*,*,#158,.T.);
#65=ORIENTED_EDGE('',*,*,#159,.T.);
#66=ORIENTED_EDGE('',*,*,#160,.T.);
#67=ORIENTED_EDGE('',*,*,#161,.T.);
#68=ORIENTED_EDGE('',*,*,#162,.F.);
#69=ORIENTED_EDGE('',*,*,#163,.F.);
#70=ORIENTED_EDGE('',*,*,#164,.F.);
#71=ORIENTED_EDGE('',*,*,#165,.F.);
#72=ORIENTED_EDGE('',*,*,#166,.F.);
#73=ORIENTED_EDGE('',*,*,#167,.F.);
#74=ORIENTED_EDGE('',*,*,#168,.F.);
#75=ORIENTED_EDGE('',*,*,#169,.F.);
#76=ORIENTED_EDGE('',*,*,#162,.T.);
#77=ORIENTED_EDGE('',*,*,#170,.T.);
#78=ORIENTED_EDGE('',*,*,#142,.F.);
#79=ORIENTED_EDGE('',*,*,#170,.F.);
#80=ORIENTED_EDGE('',*,*,#161,.F.);
#81=ORIENTED_EDGE('',*,*,#171,.T.);
#82=ORIENTED_EDGE('',*,*,#143,.T.);
#83=ORIENTED_EDGE('',*,*,#171,.F.);
#84=ORIENTED_EDGE('',*,*,#160,.F.);
#85=ORIENTED_EDGE('',*,*,#172,.T.);
#86=ORIENTED_EDGE('',*,*,#144,.T.);
#87=ORIENTED_EDGE('',*,*,#172,.F.);
#88=ORIENTED_EDGE('',*,*,#159,.F.);
#89=ORIENTED_EDGE('',*,*,#173,.T.);
#90=ORIENTED_EDGE('',*,*,#145,.T.);
#91=ORIENTED_EDGE('',*,*,#173,.F.);
#92=ORIENTED_EDGE('',*,*,#158,.F.);
#93=ORIENTED_EDGE('',*,*,#174,.T.);
#94=ORIENTED_EDGE('',*,*,#146,.T.);
#95=ORIENTED_EDGE('',*,*,#174,.F.);
#96=ORIENTED_EDGE('',*,*,#157,.F.);
#97=ORIENTED_EDGE('',*,*,#175,.T.);
#98=ORIENTED_EDGE('',*,*,#147,.T.);
#99=ORIENTED_EDGE('',*,*,#175,.F.);
#100=ORIENTED_EDGE('',*,*,#156,.F.);
#101=ORIENTED_EDGE('',*,*,#176,.T.);
#102=ORIENTED_EDGE('',*,*,#148,.T.);
#103=ORIENTED_EDGE('',*,*,#176,.F.);
#104=ORIENTED_EDGE('',*,*,#155,.F.);
#105=ORIENTED_EDGE('',*,*,#177,.T.);
#106=ORIENTED_EDGE('',*,*,#149,.T.);
#107=ORIENTED_EDGE('',*,*,#177,.F.);
#108=ORIENTED_EDGE('',*,*,#154,.F.);
#109=ORIENTED_EDGE('',*,*,#178,.T.);
#110=ORIENTED_EDGE('',*,*,#150,.T.);
#111=ORIENTED_EDGE('',*,*,#178,.F.);
#112=ORIENTED_EDGE('',*,*,#153,.F.);
#113=ORIENTED_EDGE('',*,*,#179,.T.);
#114=ORIENTED_EDGE('',*,*,#151,.T.);
#115=ORIENTED_EDGE('',*,*,#166,.T.);
#116=ORIENTED_EDGE('',*,*,#165,.T.);
#117=ORIENTED_EDGE('',*,*,#164,.T.);
#118=ORIENTED_EDGE('',*,*,#163,.T.);
#119=ORIENTED_EDGE('',*,*,#169,.T.);
#120=ORIENTED_EDGE('',*,*,#141,.F.);
#121=ORIENTED_EDGE('',*,*,#140,.F.);
#122=ORIENTED_EDGE('',*,*,#139,.F.);
#123=ORIENTED_EDGE('',*,*,#138,.F.);
#124=ORIENTED_EDGE('',*,*,#137,.F.);
#125=ORIENTED_EDGE('',*,*,#179,.F.);
#126=ORIENTED_EDGE('',*,*,#152,.T.);
#127=ORIENTED_EDGE('',*,*,#180,.T.);
#128=ORIENTED_EDGE('',*,*,#167,.T.);
#129=ORIENTED_EDGE('',*,*,#181,.T.);
#130=ORIENTED_EDGE('',*,*,#168,.T.);
#131=ORIENTED_EDGE('',*,*,#181,.F.);
#132=ORIENTED_EDGE('',*,*,#135,.F.);
#133=ORIENTED_EDGE('',*,*,#180,.F.);
#134=ORIENTED_EDGE('',*,*,#136,.F.);
#135=EDGE_CURVE('',#182,#182,#218,.F.);
#136=EDGE_CURVE('',#183,#183,#219,.F.);
#137=EDGE_CURVE('',#184,#185,#220,.T.);
#138=EDGE_CURVE('',#185,#186,#221,.T.);
#139=EDGE_CURVE('',#186,#187,#222,.T.);
#140=EDGE_CURVE('',#187,#188,#223,.T.);
#141=EDGE_CURVE('',#188,#189,#224,.T.);
#142=EDGE_CURVE('',#189,#190,#225,.T.);
#143=EDGE_CURVE('',#191,#190,#226,.T.);
#144=EDGE_CURVE('',#192,#191,#227,.T.);
#145=EDGE_CURVE('',#193,#192,#228,.T.);
#146=EDGE_CURVE('',#194,#193,#229,.T.);
#147=EDGE_CURVE('',#195,#194,#230,.T.);
#148=EDGE_CURVE('',#196,#195,#231,.T.);
#149=EDGE_CURVE('',#197,#196,#232,.T.);
#150=EDGE_CURVE('',#198,#197,#233,.T.);
#151=EDGE_CURVE('',#184,#198,#234,.T.);
#152=EDGE_CURVE('',#199,#200,#29,.F.);
#153=EDGE_CURVE('',#199,#201,#235,.T.);
#154=EDGE_CURVE('',#201,#202,#30,.T.);
#155=EDGE_CURVE('',#202,#203,#22,.F.);
#156=EDGE_CURVE('',#203,#204,#23,.T.);
#157=EDGE_CURVE('',#204,#205,#31,.T.);
#158=EDGE_CURVE('',#205,#206,#24,.T.);
#159=EDGE_CURVE('',#206,#207,#32,.T.);
#160=EDGE_CURVE('',#207,#208,#25,.T.);
#161=EDGE_CURVE('',#208,#209,#26,.F.);
#162=EDGE_CURVE('',#210,#209,#236,.T.);
#163=EDGE_CURVE('',#211,#210,#33,.F.);
#164=EDGE_CURVE('',#212,#211,#27,.F.);
#165=EDGE_CURVE('',#213,#212,#34,.F.);
#166=EDGE_CURVE('',#200,#213,#28,.F.);
#167=EDGE_CURVE('',#214,#214,#237,.T.);
#168=EDGE_CURVE('',#215,#215,#238,.T.);
#169=EDGE_CURVE('',#210,#189,#239,.T.);
#170=EDGE_CURVE('',#209,#190,#240,.F.);
#171=EDGE_CURVE('',#208,#191,#241,.T.);
#172=EDGE_CURVE('',#207,#192,#242,.F.);
#173=EDGE_CURVE('',#206,#193,#243,.T.);
#174=EDGE_CURVE('',#205,#194,#244,.F.);
#175=EDGE_CURVE('',#204,#195,#245,.T.);
#176=EDGE_CURVE('',#203,#196,#246,.T.);
#177=EDGE_CURVE('',#202,#197,#247,.F.);
#178=EDGE_CURVE('',#201,#198,#248,.T.);
#179=EDGE_CURVE('',#199,#184,#249,.F.);
#180=EDGE_CURVE('',#216,#216,#250,.T.);
#181=EDGE_CURVE('',#217,#217,#251,.T.);
#182=VERTEX_POINT('',#2624);
#183=VERTEX_POINT('',#2638);
#184=VERTEX_POINT('',#2648);
#185=VERTEX_POINT('',#2649);
#186=VERTEX_POINT('',#2660);
#187=VERTEX_POINT('',#2680);
#188=VERTEX_POINT('',#2701);
#189=VERTEX_POINT('',#2723);
#190=VERTEX_POINT('',#2736);
#191=VERTEX_POINT('',#2741);
#192=VERTEX_POINT('',#2746);
#193=VERTEX_POINT('',#2751);
#194=VERTEX_POINT('',#2759);
#195=VERTEX_POINT('',#2764);
#196=VERTEX_POINT('',#2769);
#197=VERTEX_POINT('',#2774);
#198=VERTEX_POINT('',#2779);
#199=VERTEX_POINT('',#3889);
#200=VERTEX_POINT('',#3890);
#201=VERTEX_POINT('',#3895);
#202=VERTEX_POINT('',#3897);
#203=VERTEX_POINT('',#3899);
#204=VERTEX_POINT('',#3901);
#205=VERTEX_POINT('',#3903);
#206=VERTEX_POINT('',#3905);
#207=VERTEX_POINT('',#3907);
#208=VERTEX_POINT('',#3909);
#209=VERTEX_POINT('',#3911);
#210=VERTEX_POINT('',#3916);
#211=VERTEX_POINT('',#3918);
#212=VERTEX_POINT('',#3920);
#213=VERTEX_POINT('',#3922);
#214=VERTEX_POINT('',#3935);
#215=VERTEX_POINT('',#3947);
#216=VERTEX_POINT('',#4145);
#217=VERTEX_POINT('',#4187);
#218=B_SPLINE_CURVE_WITH_KNOTS('',3,(#2607,#2608,#2609,#2610,#2611,#2612,
#2613,#2614,#2615,#2616,#2617,#2618,#2619,#2620,#2621,#2622,#2623),
 .UNSPECIFIED.,.T.,.F.,(1,1,1,1,1,1,1,1,1,1,1,1,1,1,1,1,1,1,1,1,1),(-0.25,
-0.125,-0.0625,0.,0.0625,0.125,0.1875,0.25,0.3125,0.375,0.4375,0.5,0.5625,
0.625,0.75,0.875,0.9375,1.,1.0625,1.125,1.1875),.UNSPECIFIED.);
#219=B_SPLINE_CURVE_WITH_KNOTS('',3,(#2625,#2626,#2627,#2628,#2629,#2630,
#2631,#2632,#2633,#2634,#2635,#2636,#2637),.UNSPECIFIED.,.T.,.F.,(1,1,1,
1,1,1,1,1,1,1,1,1,1,1,1,1,1),(-0.375,-0.25,-0.125,0.,0.125,0.25,0.375,0.4375,
0.5,0.5625,0.625,0.75,0.875,1.,1.125,1.25,1.375),.UNSPECIFIED.);
#220=B_SPLINE_CURVE_WITH_KNOTS('',3,(#2639,#2640,#2641,#2642,#2643,#2644,
#2645,#2646,#2647),.UNSPECIFIED.,.F.,.F.,(4,1,1,1,1,1,4),(0.,0.0157886843139537,
0.0315773686279074,0.0473660529418612,0.055260395098838,0.0592075661773265,
0.0631547372558149),.UNSPECIFIED.);
#221=B_SPLINE_CURVE_WITH_KNOTS('',3,(#2650,#2651,#2652,#2653,#2654,#2655,
#2656,#2657,#2658,#2659),.UNSPECIFIED.,.F.,.F.,(4,1,1,1,1,1,1,4),(0.0631547372558149,
0.0820403244445843,0.100925911633354,0.110368705227738,0.119811498822123,
0.129254292416508,0.1339756892137,0.138697086010892),.UNSPECIFIED.);
#222=B_SPLINE_CURVE_WITH_KNOTS('',3,(#2661,#2662,#2663,#2664,#2665,#2666,
#2667,#2668,#2669,#2670,#2671,#2672,#2673,#2674,#2675,#2676,#2677,#2678,
#2679),.UNSPECIFIED.,.F.,.F.,(4,1,1,1,1,1,1,1,1,1,1,1,1,1,1,1,4),(0.138697086010892,
0.167992801454746,0.1972885168986,0.211936374620527,0.226584232342454,0.255879947786308,
0.285175663230162,0.299823520952088,0.314471378674015,0.329119236395942,
0.343767094117869,0.351091022978833,0.358414951839796,0.36573888070076,
0.369400845131241,0.371231827346482,0.373062809561723),.UNSPECIFIED.);
#223=B_SPLINE_CURVE_WITH_KNOTS('',3,(#2681,#2682,#2683,#2684,#2685,#2686,
#2687,#2688,#2689,#2690,#2691,#2692,#2693,#2694,#2695,#2696,#2697,#2698,
#2699,#2700),.UNSPECIFIED.,.F.,.F.,(4,1,1,1,1,1,1,1,1,1,1,1,1,1,1,1,1,4),
(0.373062809561723,0.404292459048993,0.419907283792628,0.435522108536263,
0.451136933279898,0.466751758023533,0.497981407510803,0.529211056998074,
0.544825881741709,0.560440706485344,0.576055531228979,0.591670355972614,
0.599477768344431,0.607285180716249,0.615092593088066,0.618996299273975,
0.62094815236693,0.622900005459884),.UNSPECIFIED.);
#224=B_SPLINE_CURVE_WITH_KNOTS('',3,(#2702,#2703,#2704,#2705,#2706,#2707,
#2708,#2709,#2710,#2711,#2712,#2713,#2714,#2715,#2716,#2717,#2718,#2719,
#2720,#2721,#2722),.UNSPECIFIED.,.F.,.F.,(4,1,1,1,1,1,1,1,1,1,1,1,1,1,1,
1,1,1,4),(0.622900005459884,0.670037504777399,0.693606254436156,0.717175004094913,
0.74074375375367,0.764312503412428,0.787881253071185,0.811450002729942,
0.823234377559321,0.835018752388699,0.846803127218078,0.858587502047456,
0.882156251706214,0.905725001364971,0.929293751023728,0.941078125853107,
0.952862500682486,0.976431250341243,1.),.UNSPECIFIED.);
#225=B_SPLINE_CURVE_WITH_KNOTS('',3,(#2724,#2725,#2726,#2727,#2728,#2729,
#2730,#2731,#2732,#2733,#2734,#2735),.UNSPECIFIED.,.F.,.F.,(4,1,1,1,1,1,
1,1,1,4),(0.,0.25,0.375,0.5,0.625,0.75,0.8125,0.875,0.9375,1.),
 .UNSPECIFIED.);
#226=B_SPLINE_CURVE_WITH_KNOTS('',3,(#2737,#2738,#2739,#2740),
 .UNSPECIFIED.,.F.,.F.,(4,4),(1.56303179953539E-7,1.),.UNSPECIFIED.);
#227=B_SPLINE_CURVE_WITH_KNOTS('',3,(#2742,#2743,#2744,#2745),
 .UNSPECIFIED.,.F.,.F.,(4,4),(0.,1.),.UNSPECIFIED.);
#228=B_SPLINE_CURVE_WITH_KNOTS('',3,(#2747,#2748,#2749,#2750),
 .UNSPECIFIED.,.F.,.F.,(4,4),(0.777882072107007,0.8489110116811),
 .UNSPECIFIED.);
#229=B_SPLINE_CURVE_WITH_KNOTS('',3,(#2752,#2753,#2754,#2755,#2756,#2757,
#2758),.UNSPECIFIED.,.F.,.F.,(4,1,1,1,4),(0.,0.25,0.5,0.75,1.),
 .UNSPECIFIED.);
#230=B_SPLINE_CURVE_WITH_KNOTS('',3,(#2760,#2761,#2762,#2763),
 .UNSPECIFIED.,.F.,.F.,(4,4),(0.299583648763053,0.373062806175096),
 .UNSPECIFIED.);
#231=B_SPLINE_CURVE_WITH_KNOTS('',3,(#2765,#2766,#2767,#2768),
 .UNSPECIFIED.,.F.,.F.,(4,4),(0.,1.),.UNSPECIFIED.);
#232=B_SPLINE_CURVE_WITH_KNOTS('',3,(#2770,#2771,#2772,#2773),
 .UNSPECIFIED.,.F.,.F.,(4,4),(0.,1.),.UNSPECIFIED.);
#233=B_SPLINE_CURVE_WITH_KNOTS('',3,(#2775,#2776,#2777,#2778),
 .UNSPECIFIED.,.F.,.F.,(4,4),(0.,0.0631547372558288),.UNSPECIFIED.);
#234=B_SPLINE_CURVE_WITH_KNOTS('',3,(#2780,#2781,#2782,#2783,#2784,#2785,
#2786,#2787,#2788,#2789,#2790,#2791),.UNSPECIFIED.,.F.,.F.,(4,1,1,1,1,1,
1,1,1,4),(0.,0.25,0.375,0.5,0.625,0.75,0.8125,0.875,0.9375,1.),
 .UNSPECIFIED.);
#235=B_SPLINE_CURVE_WITH_KNOTS('',3,(#3891,#3892,#3893,#3894),
 .UNSPECIFIED.,.F.,.F.,(4,4),(0.,1.),.PIECEWISE_BEZIER_KNOTS.);
#236=B_SPLINE_CURVE_WITH_KNOTS('',3,(#3912,#3913,#3914,#3915),
 .UNSPECIFIED.,.F.,.F.,(4,4),(0.,1.),.PIECEWISE_BEZIER_KNOTS.);
#237=B_SPLINE_CURVE_WITH_KNOTS('',3,(#3924,#3925,#3926,#3927,#3928,#3929,
#3930,#3931,#3932,#3933,#3934),.UNSPECIFIED.,.T.,.F.,(1,1,1,1,1,1,1,1,1,
1,1,1,1,1,1),(-0.00504085539563746,-0.0033605702637583,-0.00168028513187915,
0.,0.00168028513187915,0.0033605702637583,0.00504085539563746,0.00672114052751661,
0.00840142565939576,0.0100817107912749,0.0117619959231541,0.0134422810550332,
0.0151225661869124,0.0168028513187915,0.0184831364506707),.UNSPECIFIED.);
#238=B_SPLINE_CURVE_WITH_KNOTS('',3,(#3936,#3937,#3938,#3939,#3940,#3941,
#3942,#3943,#3944,#3945,#3946),.UNSPECIFIED.,.T.,.F.,(1,1,1,1,1,1,1,1,1,
1,1,1,1,1,1),(-0.00504103094572083,-0.00336068729714722,-0.00168034364857361,
8.67361737988404E-19,0.00168034364857361,0.00336068729714722,0.00504103094572083,
0.00672137459429444,0.00840171824286805,0.0100820618914417,0.0117624055400153,
0.0134427491885889,0.0151230928371625,0.0168034364857361,0.0184837801343097),
 .UNSPECIFIED.);
#239=B_SPLINE_CURVE_WITH_KNOTS('',3,(#4000,#4001,#4002,#4003),
 .UNSPECIFIED.,.F.,.F.,(4,4),(0.,1.),.UNSPECIFIED.);
#240=B_SPLINE_CURVE_WITH_KNOTS('',3,(#4004,#4005,#4006,#4007),
 .UNSPECIFIED.,.F.,.F.,(4,4),(0.,1.),.UNSPECIFIED.);
#241=B_SPLINE_CURVE_WITH_KNOTS('',3,(#4009,#4010,#4011,#4012),
 .UNSPECIFIED.,.F.,.F.,(4,4),(1.24999399719884E-7,0.999999874998848),
 .UNSPECIFIED.);
#242=B_SPLINE_CURVE_WITH_KNOTS('',3,(#4014,#4015,#4016,#4017),
 .UNSPECIFIED.,.F.,.F.,(4,4),(1.25000142181555E-7,0.999999875000087),
 .UNSPECIFIED.);
#243=B_SPLINE_CURVE_WITH_KNOTS('',3,(#4019,#4020,#4021,#4022),
 .UNSPECIFIED.,.F.,.F.,(4,4),(1.24999906259136E-7,0.999999875000076),
 .UNSPECIFIED.);
#244=B_SPLINE_CURVE_WITH_KNOTS('',3,(#4024,#4025,#4026,#4027),
 .UNSPECIFIED.,.F.,.F.,(4,4),(1.24999906259137E-7,0.999999875000094),
 .UNSPECIFIED.);
#245=B_SPLINE_CURVE_WITH_KNOTS('',3,(#4029,#4030,#4031,#4032),
 .UNSPECIFIED.,.F.,.F.,(4,4),(1.24999864625775E-7,0.999999875000118),
 .UNSPECIFIED.);
#246=B_SPLINE_CURVE_WITH_KNOTS('',3,(#4034,#4035,#4036,#4037),
 .UNSPECIFIED.,.F.,.F.,(4,4),(0.,1.),.UNSPECIFIED.);
#247=B_SPLINE_CURVE_WITH_KNOTS('',3,(#4050,#4051,#4052,#4053),
 .UNSPECIFIED.,.F.,.F.,(4,4),(0.,1.),.UNSPECIFIED.);
#248=B_SPLINE_CURVE_WITH_KNOTS('',3,(#4055,#4056,#4057,#4058),
 .UNSPECIFIED.,.F.,.F.,(4,4),(0.,1.),.UNSPECIFIED.);
#249=B_SPLINE_CURVE_WITH_KNOTS('',3,(#4111,#4112,#4113,#4114),
 .UNSPECIFIED.,.F.,.F.,(4,4),(0.,1.),.UNSPECIFIED.);
#250=B_SPLINE_CURVE_WITH_KNOTS('',3,(#4117,#4118,#4119,#4120,#4121,#4122,
#4123,#4124,#4125,#4126,#4127,#4128,#4129,#4130,#4131,#4132,#4133,#4134,
#4135,#4136,#4137,#4138,#4139,#4140,#4141,#4142,#4143,#4144),
 .UNSPECIFIED.,.T.,.F.,(1,1,1,1,1,1,1,1,1,1,1,1,1,1,1,1,1,1,1,1,1,1,1,1,
1,1,1,1,1,1,1,1),(-0.0656170272827148,-0.0328085136413574,-0.0164042568206787,
0.,0.000115966796875,0.00753702640533447,0.0149580860137939,0.0298002052307129,
0.0594844436645508,0.0891686820983887,0.118852920532227,0.178221397399902,
0.237589874267578,0.296958351135254,0.35632682800293,0.415695304870605,
0.475063781738281,0.49146803855896,0.499670166969299,0.507872295379639,
0.540680809020996,0.606297836303711,0.737531890869141,0.803148918151855,
0.86876594543457,0.934382972717285,0.967191486358643,0.983595743179321,
1.,1.00011596679688,1.00753702640533,1.01495808601379),.UNSPECIFIED.);
#251=B_SPLINE_CURVE_WITH_KNOTS('',3,(#4147,#4148,#4149,#4150,#4151,#4152,
#4153,#4154,#4155,#4156,#4157,#4158,#4159,#4160,#4161,#4162,#4163,#4164,
#4165,#4166,#4167,#4168,#4169,#4170,#4171,#4172,#4173,#4174,#4175,#4176,
#4177,#4178,#4179,#4180,#4181,#4182,#4183,#4184,#4185,#4186),
 .UNSPECIFIED.,.T.,.F.,(1,1,1,1,1,1,1,1,1,1,1,1,1,1,1,1,1,1,1,1,1,1,1,1,
1,1,1,1,1,1,1,1,1,1,1,1,1,1,1,1,1,1,1,1),(-0.163272411304932,-0.0896457770892334,
-0.0160191428735352,0.,0.01484375,0.0296875,0.059375,0.0749609375,0.090546875,
0.1061328125,0.12171875,0.137341796875,0.15296484375,0.1842109375,0.2154607421875,
0.246710546875,0.307648037109375,0.338116782226562,0.353351154785156,0.36858552734375,
0.376388261657715,0.38419099597168,0.399796464599609,0.431007401855469,
0.462218339111328,0.493429276367187,0.505682091610718,0.517934906854248,
0.542440537341309,0.59145179831543,0.640463059289551,0.664968689776611,
0.689474320263672,0.698677649540634,0.707880978817596,0.726287637371521,
0.76310095447937,0.836727588695068,0.910354222910767,0.983980857126465,
1.,1.01484375,1.0296875,1.059375),.UNSPECIFIED.);
#252=EDGE_LOOP('',(#41));
#253=EDGE_LOOP('',(#42));
#254=EDGE_LOOP('',(#43,#44,#45,#46,#47,#48,#49,#50,#51,#52,#53,#54,#55,
#56,#57));
#255=EDGE_LOOP('',(#58,#59,#60,#61,#62,#63,#64,#65,#66,#67,#68,#69,#70,
#71,#72));
#256=EDGE_LOOP('',(#73));
#257=EDGE_LOOP('',(#74));
#258=EDGE_LOOP('',(#75,#76,#77,#78));
#259=EDGE_LOOP('',(#79,#80,#81,#82));
#260=EDGE_LOOP('',(#83,#84,#85,#86));
#261=EDGE_LOOP('',(#87,#88,#89,#90));
#262=EDGE_LOOP('',(#91,#92,#93,#94));
#263=EDGE_LOOP('',(#95,#96,#97,#98));
#264=EDGE_LOOP('',(#99,#100,#101,#102));
#265=EDGE_LOOP('',(#103,#104,#105,#106));
#266=EDGE_LOOP('',(#107,#108,#109,#110));
#267=EDGE_LOOP('',(#111,#112,#113,#114));
#268=EDGE_LOOP('',(#115,#116,#117,#118,#119,#120,#121,#122,#123,#124,#125,
#126));
#269=EDGE_LOOP('',(#127));
#270=EDGE_LOOP('',(#128));
#271=EDGE_LOOP('',(#129));
#272=EDGE_LOOP('',(#130));
#273=EDGE_LOOP('',(#131));
#274=EDGE_LOOP('',(#132));
#275=EDGE_LOOP('',(#133));
#276=EDGE_LOOP('',(#134));
#277=FACE_BOUND('',#252,.T.);
#278=FACE_BOUND('',#253,.T.);
#279=FACE_BOUND('',#254,.T.);
#280=FACE_BOUND('',#255,.T.);
#281=FACE_BOUND('',#256,.T.);
#282=FACE_BOUND('',#257,.T.);
#283=FACE_BOUND('',#258,.T.);
#284=FACE_BOUND('',#259,.T.);
#285=FACE_BOUND('',#260,.T.);
#286=FACE_BOUND('',#261,.T.);
#287=FACE_BOUND('',#262,.T.);
#288=FACE_BOUND('',#263,.T.);
#289=FACE_BOUND('',#264,.T.);
#290=FACE_BOUND('',#265,.T.);
#291=FACE_BOUND('',#266,.T.);
#292=FACE_BOUND('',#267,.T.);
#293=FACE_BOUND('',#268,.T.);
#294=FACE_BOUND('',#269,.T.);
#295=FACE_BOUND('',#270,.T.);
#296=FACE_BOUND('',#271,.T.);
#297=FACE_BOUND('',#272,.T.);
#298=FACE_BOUND('',#273,.T.);
#299=FACE_BOUND('',#274,.T.);
#300=FACE_BOUND('',#275,.T.);
#301=FACE_BOUND('',#276,.T.);
#302=B_SPLINE_SURFACE_WITH_KNOTS('',3,3,((#399,#400,#401,#402,#403,#404,
#405,#406,#407,#408,#409,#410,#411,#412,#413,#414),(#415,#416,#417,#418,
#419,#420,#421,#422,#423,#424,#425,#426,#427,#428,#429,#430),(#431,#432,
#433,#434,#435,#436,#437,#438,#439,#440,#441,#442,#443,#444,#445,#446),
(#447,#448,#449,#450,#451,#452,#453,#454,#455,#456,#457,#458,#459,#460,
#461,#462),(#463,#464,#465,#466,#467,#468,#469,#470,#471,#472,#473,#474,
#475,#476,#477,#478),(#479,#480,#481,#482,#483,#484,#485,#486,#487,#488,
#489,#490,#491,#492,#493,#494),(#495,#496,#497,#498,#499,#500,#501,#502,
#503,#504,#505,#506,#507,#508,#509,#510),(#511,#512,#513,#514,#515,#516,
#517,#518,#519,#520,#521,#522,#523,#524,#525,#526),(#527,#528,#529,#530,
#531,#532,#533,#534,#535,#536,#537,#538,#539,#540,#541,#542),(#543,#544,
#545,#546,#547,#548,#549,#550,#551,#552,#553,#554,#555,#556,#557,#558),
(#559,#560,#561,#562,#563,#564,#565,#566,#567,#568,#569,#570,#571,#572,
#573,#574),(#575,#576,#577,#578,#579,#580,#581,#582,#583,#584,#585,#586,
#587,#588,#589,#590),(#591,#592,#593,#594,#595,#596,#597,#598,#599,#600,
#601,#602,#603,#604,#605,#606),(#607,#608,#609,#610,#611,#612,#613,#614,
#615,#616,#617,#618,#619,#620,#621,#622),(#623,#624,#625,#626,#627,#628,
#629,#630,#631,#632,#633,#634,#635,#636,#637,#638),(#639,#640,#641,#642,
#643,#644,#645,#646,#647,#648,#649,#650,#651,#652,#653,#654),(#655,#656,
#657,#658,#659,#660,#661,#662,#663,#664,#665,#666,#667,#668,#669,#670),
(#671,#672,#673,#674,#675,#676,#677,#678,#679,#680,#681,#682,#683,#684,
#685,#686),(#687,#688,#689,#690,#691,#692,#693,#694,#695,#696,#697,#698,
#699,#700,#701,#702),(#703,#704,#705,#706,#707,#708,#709,#710,#711,#712,
#713,#714,#715,#716,#717,#718),(#719,#720,#721,#722,#723,#724,#725,#726,
#727,#728,#729,#730,#731,#732,#733,#734),(#735,#736,#737,#738,#739,#740,
#741,#742,#743,#744,#745,#746,#747,#748,#749,#750),(#751,#752,#753,#754,
#755,#756,#757,#758,#759,#760,#761,#762,#763,#764,#765,#766),(#767,#768,
#769,#770,#771,#772,#773,#774,#775,#776,#777,#778,#779,#780,#781,#782),
(#783,#784,#785,#786,#787,#788,#789,#790,#791,#792,#793,#794,#795,#796,
#797,#798),(#799,#800,#801,#802,#803,#804,#805,#806,#807,#808,#809,#810,
#811,#812,#813,#814),(#815,#816,#817,#818,#819,#820,#821,#822,#823,#824,
#825,#826,#827,#828,#829,#830),(#831,#832,#833,#834,#835,#836,#837,#838,
#839,#840,#841,#842,#843,#844,#845,#846),(#847,#848,#849,#850,#851,#852,
#853,#854,#855,#856,#857,#858,#859,#860,#861,#862),(#863,#864,#865,#866,
#867,#868,#869,#870,#871,#872,#873,#874,#875,#876,#877,#878),(#879,#880,
#881,#882,#883,#884,#885,#886,#887,#888,#889,#890,#891,#892,#893,#894),
(#895,#896,#897,#898,#899,#900,#901,#902,#903,#904,#905,#906,#907,#908,
#909,#910),(#911,#912,#913,#914,#915,#916,#917,#918,#919,#920,#921,#922,
#923,#924,#925,#926),(#927,#928,#929,#930,#931,#932,#933,#934,#935,#936,
#937,#938,#939,#940,#941,#942),(#943,#944,#945,#946,#947,#948,#949,#950,
#951,#952,#953,#954,#955,#956,#957,#958),(#959,#960,#961,#962,#963,#964,
#965,#966,#967,#968,#969,#970,#971,#972,#973,#974),(#975,#976,#977,#978,
#979,#980,#981,#982,#983,#984,#985,#986,#987,#988,#989,#990),(#991,#992,
#993,#994,#995,#996,#997,#998,#999,#1000,#1001,#1002,#1003,#1004,#1005,
#1006),(#1007,#1008,#1009,#1010,#1011,#1012,#1013,#1014,#1015,#1016,#1017,
#1018,#1019,#1020,#1021,#1022),(#1023,#1024,#1025,#1026,#1027,#1028,#1029,
#1030,#1031,#1032,#1033,#1034,#1035,#1036,#1037,#1038),(#1039,#1040,#1041,
#1042,#1043,#1044,#1045,#1046,#1047,#1048,#1049,#1050,#1051,#1052,#1053,
#1054),(#1055,#1056,#1057,#1058,#1059,#1060,#1061,#1062,#1063,#1064,#1065,
#1066,#1067,#1068,#1069,#1070),(#1071,#1072,#1073,#1074,#1075,#1076,#1077,
#1078,#1079,#1080,#1081,#1082,#1083,#1084,#1085,#1086),(#1087,#1088,#1089,
#1090,#1091,#1092,#1093,#1094,#1095,#1096,#1097,#1098,#1099,#1100,#1101,
#1102),(#1103,#1104,#1105,#1106,#1107,#1108,#1109,#1110,#1111,#1112,#1113,
#1114,#1115,#1116,#1117,#1118),(#1119,#1120,#1121,#1122,#1123,#1124,#1125,
#1126,#1127,#1128,#1129,#1130,#1131,#1132,#1133,#1134),(#1135,#1136,#1137,
#1138,#1139,#1140,#1141,#1142,#1143,#1144,#1145,#1146,#1147,#1148,#1149,
#1150),(#1151,#1152,#1153,#1154,#1155,#1156,#1157,#1158,#1159,#1160,#1161,
#1162,#1163,#1164,#1165,#1166),(#1167,#1168,#1169,#1170,#1171,#1172,#1173,
#1174,#1175,#1176,#1177,#1178,#1179,#1180,#1181,#1182),(#1183,#1184,#1185,
#1186,#1187,#1188,#1189,#1190,#1191,#1192,#1193,#1194,#1195,#1196,#1197,
#1198),(#1199,#1200,#1201,#1202,#1203,#1204,#1205,#1206,#1207,#1208,#1209,
#1210,#1211,#1212,#1213,#1214),(#1215,#1216,#1217,#1218,#1219,#1220,#1221,
#1222,#1223,#1224,#1225,#1226,#1227,#1228,#1229,#1230),(#1231,#1232,#1233,
#1234,#1235,#1236,#1237,#1238,#1239,#1240,#1241,#1242,#1243,#1244,#1245,
#1246),(#1247,#1248,#1249,#1250,#1251,#1252,#1253,#1254,#1255,#1256,#1257,
#1258,#1259,#1260,#1261,#1262),(#1263,#1264,#1265,#1266,#1267,#1268,#1269,
#1270,#1271,#1272,#1273,#1274,#1275,#1276,#1277,#1278),(#1279,#1280,#1281,
#1282,#1283,#1284,#1285,#1286,#1287,#1288,#1289,#1290,#1291,#1292,#1293,
#1294),(#1295,#1296,#1297,#1298,#1299,#1300,#1301,#1302,#1303,#1304,#1305,
#1306,#1307,#1308,#1309,#1310),(#1311,#1312,#1313,#1314,#1315,#1316,#1317,
#1318,#1319,#1320,#1321,#1322,#1323,#1324,#1325,#1326),(#1327,#1328,#1329,
#1330,#1331,#1332,#1333,#1334,#1335,#1336,#1337,#1338,#1339,#1340,#1341,
#1342),(#1343,#1344,#1345,#1346,#1347,#1348,#1349,#1350,#1351,#1352,#1353,
#1354,#1355,#1356,#1357,#1358),(#1359,#1360,#1361,#1362,#1363,#1364,#1365,
#1366,#1367,#1368,#1369,#1370,#1371,#1372,#1373,#1374),(#1375,#1376,#1377,
#1378,#1379,#1380,#1381,#1382,#1383,#1384,#1385,#1386,#1387,#1388,#1389,
#1390),(#1391,#1392,#1393,#1394,#1395,#1396,#1397,#1398,#1399,#1400,#1401,
#1402,#1403,#1404,#1405,#1406),(#1407,#1408,#1409,#1410,#1411,#1412,#1413,
#1414,#1415,#1416,#1417,#1418,#1419,#1420,#1421,#1422),(#1423,#1424,#1425,
#1426,#1427,#1428,#1429,#1430,#1431,#1432,#1433,#1434,#1435,#1436,#1437,
#1438),(#1439,#1440,#1441,#1442,#1443,#1444,#1445,#1446,#1447,#1448,#1449,
#1450,#1451,#1452,#1453,#1454),(#1455,#1456,#1457,#1458,#1459,#1460,#1461,
#1462,#1463,#1464,#1465,#1466,#1467,#1468,#1469,#1470),(#1471,#1472,#1473,
#1474,#1475,#1476,#1477,#1478,#1479,#1480,#1481,#1482,#1483,#1484,#1485,
#1486),(#1487,#1488,#1489,#1490,#1491,#1492,#1493,#1494,#1495,#1496,#1497,
#1498,#1499,#1500,#1501,#1502),(#1503,#1504,#1505,#1506,#1507,#1508,#1509,
#1510,#1511,#1512,#1513,#1514,#1515,#1516,#1517,#1518),(#1519,#1520,#1521,
#1522,#1523,#1524,#1525,#1526,#1527,#1528,#1529,#1530,#1531,#1532,#1533,
#1534),(#1535,#1536,#1537,#1538,#1539,#1540,#1541,#1542,#1543,#1544,#1545,
#1546,#1547,#1548,#1549,#1550),(#1551,#1552,#1553,#1554,#1555,#1556,#1557,
#1558,#1559,#1560,#1561,#1562,#1563,#1564,#1565,#1566),(#1567,#1568,#1569,
#1570,#1571,#1572,#1573,#1574,#1575,#1576,#1577,#1578,#1579,#1580,#1581,
#1582),(#1583,#1584,#1585,#1586,#1587,#1588,#1589,#1590,#1591,#1592,#1593,
#1594,#1595,#1596,#1597,#1598),(#1599,#1600,#1601,#1602,#1603,#1604,#1605,
#1606,#1607,#1608,#1609,#1610,#1611,#1612,#1613,#1614),(#1615,#1616,#1617,
#1618,#1619,#1620,#1621,#1622,#1623,#1624,#1625,#1626,#1627,#1628,#1629,
#1630),(#1631,#1632,#1633,#1634,#1635,#1636,#1637,#1638,#1639,#1640,#1641,
#1642,#1643,#1644,#1645,#1646),(#1647,#1648,#1649,#1650,#1651,#1652,#1653,
#1654,#1655,#1656,#1657,#1658,#1659,#1660,#1661,#1662),(#1663,#1664,#1665,
#1666,#1667,#1668,#1669,#1670,#1671,#1672,#1673,#1674,#1675,#1676,#1677,
#1678),(#1679,#1680,#1681,#1682,#1683,#1684,#1685,#1686,#1687,#1688,#1689,
#1690,#1691,#1692,#1693,#1694),(#1695,#1696,#1697,#1698,#1699,#1700,#1701,
#1702,#1703,#1704,#1705,#1706,#1707,#1708,#1709,#1710),(#1711,#1712,#1713,
#1714,#1715,#1716,#1717,#1718,#1719,#1720,#1721,#1722,#1723,#1724,#1725,
#1726),(#1727,#1728,#1729,#1730,#1731,#1732,#1733,#1734,#1735,#1736,#1737,
#1738,#1739,#1740,#1741,#1742),(#1743,#1744,#1745,#1746,#1747,#1748,#1749,
#1750,#1751,#1752,#1753,#1754,#1755,#1756,#1757,#1758),(#1759,#1760,#1761,
#1762,#1763,#1764,#1765,#1766,#1767,#1768,#1769,#1770,#1771,#1772,#1773,
#1774),(#1775,#1776,#1777,#1778,#1779,#1780,#1781,#1782,#1783,#1784,#1785,
#1786,#1787,#1788,#1789,#1790),(#1791,#1792,#1793,#1794,#1795,#1796,#1797,
#1798,#1799,#1800,#1801,#1802,#1803,#1804,#1805,#1806),(#1807,#1808,#1809,
#1810,#1811,#1812,#1813,#1814,#1815,#1816,#1817,#1818,#1819,#1820,#1821,
#1822),(#1823,#1824,#1825,#1826,#1827,#1828,#1829,#1830,#1831,#1832,#1833,
#1834,#1835,#1836,#1837,#1838),(#1839,#1840,#1841,#1842,#1843,#1844,#1845,
#1846,#1847,#1848,#1849,#1850,#1851,#1852,#1853,#1854),(#1855,#1856,#1857,
#1858,#1859,#1860,#1861,#1862,#1863,#1864,#1865,#1866,#1867,#1868,#1869,
#1870),(#1871,#1872,#1873,#1874,#1875,#1876,#1877,#1878,#1879,#1880,#1881,
#1882,#1883,#1884,#1885,#1886),(#1887,#1888,#1889,#1890,#1891,#1892,#1893,
#1894,#1895,#1896,#1897,#1898,#1899,#1900,#1901,#1902),(#1903,#1904,#1905,
#1906,#1907,#1908,#1909,#1910,#1911,#1912,#1913,#1914,#1915,#1916,#1917,
#1918),(#1919,#1920,#1921,#1922,#1923,#1924,#1925,#1926,#1927,#1928,#1929,
#1930,#1931,#1932,#1933,#1934),(#1935,#1936,#1937,#1938,#1939,#1940,#1941,
#1942,#1943,#1944,#1945,#1946,#1947,#1948,#1949,#1950),(#1951,#1952,#1953,
#1954,#1955,#1956,#1957,#1958,#1959,#1960,#1961,#1962,#1963,#1964,#1965,
#1966),(#1967,#1968,#1969,#1970,#1971,#1972,#1973,#1974,#1975,#1976,#1977,
#1978,#1979,#1980,#1981,#1982),(#1983,#1984,#1985,#1986,#1987,#1988,#1989,
#1990,#1991,#1992,#1993,#1994,#1995,#1996,#1997,#1998),(#1999,#2000,#2001,
#2002,#2003,#2004,#2005,#2006,#2007,#2008,#2009,#2010,#2011,#2012,#2013,
#2014),(#2015,#2016,#2017,#2018,#2019,#2020,#2021,#2022,#2023,#2024,#2025,
#2026,#2027,#2028,#2029,#2030),(#2031,#2032,#2033,#2034,#2035,#2036,#2037,
#2038,#2039,#2040,#2041,#2042,#2043,#2044,#2045,#2046),(#2047,#2048,#2049,
#2050,#2051,#2052,#2053,#2054,#2055,#2056,#2057,#2058,#2059,#2060,#2061,
#2062),(#2063,#2064,#2065,#2066,#2067,#2068,#2069,#2070,#2071,#2072,#2073,
#2074,#2075,#2076,#2077,#2078),(#2079,#2080,#2081,#2082,#2083,#2084,#2085,
#2086,#2087,#2088,#2089,#2090,#2091,#2092,#2093,#2094),(#2095,#2096,#2097,
#2098,#2099,#2100,#2101,#2102,#2103,#2104,#2105,#2106,#2107,#2108,#2109,
#2110),(#2111,#2112,#2113,#2114,#2115,#2116,#2117,#2118,#2119,#2120,#2121,
#2122,#2123,#2124,#2125,#2126),(#2127,#2128,#2129,#2130,#2131,#2132,#2133,
#2134,#2135,#2136,#2137,#2138,#2139,#2140,#2141,#2142),(#2143,#2144,#2145,
#2146,#2147,#2148,#2149,#2150,#2151,#2152,#2153,#2154,#2155,#2156,#2157,
#2158),(#2159,#2160,#2161,#2162,#2163,#2164,#2165,#2166,#2167,#2168,#2169,
#2170,#2171,#2172,#2173,#2174),(#2175,#2176,#2177,#2178,#2179,#2180,#2181,
#2182,#2183,#2184,#2185,#2186,#2187,#2188,#2189,#2190),(#2191,#2192,#2193,
#2194,#2195,#2196,#2197,#2198,#2199,#2200,#2201,#2202,#2203,#2204,#2205,
#2206),(#2207,#2208,#2209,#2210,#2211,#2212,#2213,#2214,#2215,#2216,#2217,
#2218,#2219,#2220,#2221,#2222),(#2223,#2224,#2225,#2226,#2227,#2228,#2229,
#2230,#2231,#2232,#2233,#2234,#2235,#2236,#2237,#2238),(#2239,#2240,#2241,
#2242,#2243,#2244,#2245,#2246,#2247,#2248,#2249,#2250,#2251,#2252,#2253,
#2254),(#2255,#2256,#2257,#2258,#2259,#2260,#2261,#2262,#2263,#2264,#2265,
#2266,#2267,#2268,#2269,#2270),(#2271,#2272,#2273,#2274,#2275,#2276,#2277,
#2278,#2279,#2280,#2281,#2282,#2283,#2284,#2285,#2286),(#2287,#2288,#2289,
#2290,#2291,#2292,#2293,#2294,#2295,#2296,#2297,#2298,#2299,#2300,#2301,
#2302),(#2303,#2304,#2305,#2306,#2307,#2308,#2309,#2310,#2311,#2312,#2313,
#2314,#2315,#2316,#2317,#2318),(#2319,#2320,#2321,#2322,#2323,#2324,#2325,
#2326,#2327,#2328,#2329,#2330,#2331,#2332,#2333,#2334),(#2335,#2336,#2337,
#2338,#2339,#2340,#2341,#2342,#2343,#2344,#2345,#2346,#2347,#2348,#2349,
#2350),(#2351,#2352,#2353,#2354,#2355,#2356,#2357,#2358,#2359,#2360,#2361,
#2362,#2363,#2364,#2365,#2366),(#2367,#2368,#2369,#2370,#2371,#2372,#2373,
#2374,#2375,#2376,#2377,#2378,#2379,#2380,#2381,#2382),(#2383,#2384,#2385,
#2386,#2387,#2388,#2389,#2390,#2391,#2392,#2393,#2394,#2395,#2396,#2397,
#2398),(#2399,#2400,#2401,#2402,#2403,#2404,#2405,#2406,#2407,#2408,#2409,
#2410,#2411,#2412,#2413,#2414),(#2415,#2416,#2417,#2418,#2419,#2420,#2421,
#2422,#2423,#2424,#2425,#2426,#2427,#2428,#2429,#2430),(#2431,#2432,#2433,
#2434,#2435,#2436,#2437,#2438,#2439,#2440,#2441,#2442,#2443,#2444,#2445,
#2446),(#2447,#2448,#2449,#2450,#2451,#2452,#2453,#2454,#2455,#2456,#2457,
#2458,#2459,#2460,#2461,#2462),(#2463,#2464,#2465,#2466,#2467,#2468,#2469,
#2470,#2471,#2472,#2473,#2474,#2475,#2476,#2477,#2478),(#2479,#2480,#2481,
#2482,#2483,#2484,#2485,#2486,#2487,#2488,#2489,#2490,#2491,#2492,#2493,
#2494),(#2495,#2496,#2497,#2498,#2499,#2500,#2501,#2502,#2503,#2504,#2505,
#2506,#2507,#2508,#2509,#2510),(#2511,#2512,#2513,#2514,#2515,#2516,#2517,
#2518,#2519,#2520,#2521,#2522,#2523,#2524,#2525,#2526),(#2527,#2528,#2529,
#2530,#2531,#2532,#2533,#2534,#2535,#2536,#2537,#2538,#2539,#2540,#2541,
#2542),(#2543,#2544,#2545,#2546,#2547,#2548,#2549,#2550,#2551,#2552,#2553,
#2554,#2555,#2556,#2557,#2558),(#2559,#2560,#2561,#2562,#2563,#2564,#2565,
#2566,#2567,#2568,#2569,#2570,#2571,#2572,#2573,#2574),(#2575,#2576,#2577,
#2578,#2579,#2580,#2581,#2582,#2583,#2584,#2585,#2586,#2587,#2588,#2589,
#2590),(#2591,#2592,#2593,#2594,#2595,#2596,#2597,#2598,#2599,#2600,#2601,
#2602,#2603,#2604,#2605,#2606)),.UNSPECIFIED.,.F.,.F.,.F.,(4,1,1,1,1,1,
1,1,1,1,1,1,1,1,1,1,1,1,1,1,1,1,1,1,1,1,1,1,1,1,1,1,1,1,1,1,1,1,1,1,1,1,
1,1,1,1,1,1,1,1,1,1,1,1,1,1,1,1,1,1,1,1,1,1,1,1,1,1,1,1,1,1,1,1,1,1,1,1,
1,1,1,1,1,1,1,1,1,1,1,1,1,1,1,1,1,1,1,1,1,1,1,1,1,1,1,1,1,1,1,1,1,1,1,1,
1,1,1,1,1,1,1,1,1,1,1,1,1,1,1,1,1,1,1,1,1,4),(4,1,1,1,1,1,1,1,1,1,1,1,1,
4),(0.,0.015625,0.0234375,0.03125,0.0390625,0.046875,0.0533854166666667,
0.05859375,0.0625,0.06640625,0.0716145833333333,0.078125,0.0859375,0.09375,
0.1015625,0.109375,0.1171875,0.125,0.131510416666667,0.136067708333333,
0.138671875,0.141276041666667,0.14453125,0.149739583333333,0.158854166666667,
0.171875,0.1875,0.203125,0.21875,0.234375,0.25,0.265625,0.278645833333333,
0.2890625,0.295572916666667,0.30078125,0.305989583333333,0.3125,0.3203125,
0.328125,0.3359375,0.34375,0.3515625,0.358072916666667,0.36328125,0.3671875,
0.370442708333333,0.373046875,0.375651041666667,0.37890625,0.384114583333333,
0.390625,0.3984375,0.40625,0.412760416666667,0.41796875,0.423177083333333,
0.4296875,0.4375,0.4453125,0.453125,0.4609375,0.46875,0.4765625,0.484375,
0.4921875,0.502604166666667,0.515625,0.528645833333333,0.5390625,0.549479166666667,
0.5625,0.575520833333333,0.5859375,0.59375,0.6015625,0.609375,0.615885416666667,
0.620442708333333,0.623046875,0.625651041666667,0.62890625,0.634114583333333,
0.640625,0.6484375,0.658854166666667,0.671875,0.6875,0.703125,0.71875,0.734375,
0.747395833333333,0.7578125,0.765625,0.772135416666667,0.77734375,0.782552083333333,
0.7890625,0.796875,0.8046875,0.8125,0.8203125,0.828125,0.8359375,0.842447916666667,
0.84765625,0.852864583333333,0.859375,0.8671875,0.873697916666667,0.87890625,
0.884114583333333,0.890625,0.8984375,0.90625,0.912760416666667,0.91796875,
0.923177083333333,0.9296875,0.936197916666667,0.94140625,0.944661458333333,
0.947265625,0.94921875,0.951171875,0.953776041666667,0.95703125,0.9609375,
0.964192708333333,0.966796875,0.969401041666667,0.97265625,0.9765625,0.98046875,
0.985677083333333,1.),(-1.85700942404857E-14,0.250000000000009,0.375000000000022,
0.500000000000036,0.604166666666714,0.687500000000056,0.750000000000063,
0.802083333333402,0.843750000000073,0.875000000000076,0.90625000000008,
0.937500000000083,0.963541666666753,1.00000000000009),.UNSPECIFIED.);
#303=B_SPLINE_SURFACE_WITH_KNOTS('',3,3,((#2792,#2793,#2794,#2795),(#2796,
#2797,#2798,#2799),(#2800,#2801,#2802,#2803),(#2804,#2805,#2806,#2807),
(#2808,#2809,#2810,#2811),(#2812,#2813,#2814,#2815),(#2816,#2817,#2818,
#2819),(#2820,#2821,#2822,#2823),(#2824,#2825,#2826,#2827),(#2828,#2829,
#2830,#2831),(#2832,#2833,#2834,#2835),(#2836,#2837,#2838,#2839),(#2840,
#2841,#2842,#2843),(#2844,#2845,#2846,#2847),(#2848,#2849,#2850,#2851),
(#2852,#2853,#2854,#2855),(#2856,#2857,#2858,#2859),(#2860,#2861,#2862,
#2863),(#2864,#2865,#2866,#2867),(#2868,#2869,#2870,#2871),(#2872,#2873,
#2874,#2875),(#2876,#2877,#2878,#2879),(#2880,#2881,#2882,#2883),(#2884,
#2885,#2886,#2887),(#2888,#2889,#2890,#2891),(#2892,#2893,#2894,#2895),
(#2896,#2897,#2898,#2899),(#2900,#2901,#2902,#2903),(#2904,#2905,#2906,
#2907),(#2908,#2909,#2910,#2911),(#2912,#2913,#2914,#2915),(#2916,#2917,
#2918,#2919),(#2920,#2921,#2922,#2923),(#2924,#2925,#2926,#2927),(#2928,
#2929,#2930,#2931),(#2932,#2933,#2934,#2935),(#2936,#2937,#2938,#2939),
(#2940,#2941,#2942,#2943),(#2944,#2945,#2946,#2947),(#2948,#2949,#2950,
#2951),(#2952,#2953,#2954,#2955),(#2956,#2957,#2958,#2959),(#2960,#2961,
#2962,#2963),(#2964,#2965,#2966,#2967),(#2968,#2969,#2970,#2971),(#2972,
#2973,#2974,#2975),(#2976,#2977,#2978,#2979),(#2980,#2981,#2982,#2983),
(#2984,#2985,#2986,#2987),(#2988,#2989,#2990,#2991),(#2992,#2993,#2994,
#2995),(#2996,#2997,#2998,#2999),(#3000,#3001,#3002,#3003),(#3004,#3005,
#3006,#3007),(#3008,#3009,#3010,#3011),(#3012,#3013,#3014,#3015),(#3016,
#3017,#3018,#3019),(#3020,#3021,#3022,#3023),(#3024,#3025,#3026,#3027),
(#3028,#3029,#3030,#3031),(#3032,#3033,#3034,#3035),(#3036,#3037,#3038,
#3039),(#3040,#3041,#3042,#3043),(#3044,#3045,#3046,#3047),(#3048,#3049,
#3050,#3051),(#3052,#3053,#3054,#3055),(#3056,#3057,#3058,#3059),(#3060,
#3061,#3062,#3063),(#3064,#3065,#3066,#3067),(#3068,#3069,#3070,#3071),
(#3072,#3073,#3074,#3075),(#3076,#3077,#3078,#3079),(#3080,#3081,#3082,
#3083),(#3084,#3085,#3086,#3087),(#3088,#3089,#3090,#3091),(#3092,#3093,
#3094,#3095),(#3096,#3097,#3098,#3099),(#3100,#3101,#3102,#3103),(#3104,
#3105,#3106,#3107),(#3108,#3109,#3110,#3111),(#3112,#3113,#3114,#3115),
(#3116,#3117,#3118,#3119),(#3120,#3121,#3122,#3123),(#3124,#3125,#3126,
#3127),(#3128,#3129,#3130,#3131),(#3132,#3133,#3134,#3135),(#3136,#3137,
#3138,#3139),(#3140,#3141,#3142,#3143),(#3144,#3145,#3146,#3147),(#3148,
#3149,#3150,#3151),(#3152,#3153,#3154,#3155),(#3156,#3157,#3158,#3159),
(#3160,#3161,#3162,#3163),(#3164,#3165,#3166,#3167),(#3168,#3169,#3170,
#3171),(#3172,#3173,#3174,#3175),(#3176,#3177,#3178,#3179),(#3180,#3181,
#3182,#3183),(#3184,#3185,#3186,#3187),(#3188,#3189,#3190,#3191),(#3192,
#3193,#3194,#3195),(#3196,#3197,#3198,#3199),(#3200,#3201,#3202,#3203),
(#3204,#3205,#3206,#3207),(#3208,#3209,#3210,#3211),(#3212,#3213,#3214,
#3215),(#3216,#3217,#3218,#3219),(#3220,#3221,#3222,#3223),(#3224,#3225,
#3226,#3227),(#3228,#3229,#3230,#3231),(#3232,#3233,#3234,#3235),(#3236,
#3237,#3238,#3239),(#3240,#3241,#3242,#3243),(#3244,#3245,#3246,#3247),
(#3248,#3249,#3250,#3251),(#3252,#3253,#3254,#3255),(#3256,#3257,#3258,
#3259),(#3260,#3261,#3262,#3263),(#3264,#3265,#3266,#3267),(#3268,#3269,
#3270,#3271),(#3272,#3273,#3274,#3275),(#3276,#3277,#3278,#3279),(#3280,
#3281,#3282,#3283),(#3284,#3285,#3286,#3287),(#3288,#3289,#3290,#3291),
(#3292,#3293,#3294,#3295),(#3296,#3297,#3298,#3299),(#3300,#3301,#3302,
#3303),(#3304,#3305,#3306,#3307),(#3308,#3309,#3310,#3311),(#3312,#3313,
#3314,#3315),(#3316,#3317,#3318,#3319),(#3320,#3321,#3322,#3323),(#3324,
#3325,#3326,#3327),(#3328,#3329,#3330,#3331),(#3332,#3333,#3334,#3335),
(#3336,#3337,#3338,#3339),(#3340,#3341,#3342,#3343),(#3344,#3345,#3346,
#3347),(#3348,#3349,#3350,#3351),(#3352,#3353,#3354,#3355),(#3356,#3357,
#3358,#3359),(#3360,#3361,#3362,#3363),(#3364,#3365,#3366,#3367),(#3368,
#3369,#3370,#3371),(#3372,#3373,#3374,#3375),(#3376,#3377,#3378,#3379),
(#3380,#3381,#3382,#3383),(#3384,#3385,#3386,#3387),(#3388,#3389,#3390,
#3391),(#3392,#3393,#3394,#3395),(#3396,#3397,#3398,#3399),(#3400,#3401,
#3402,#3403),(#3404,#3405,#3406,#3407),(#3408,#3409,#3410,#3411),(#3412,
#3413,#3414,#3415),(#3416,#3417,#3418,#3419),(#3420,#3421,#3422,#3423),
(#3424,#3425,#3426,#3427),(#3428,#3429,#3430,#3431),(#3432,#3433,#3434,
#3435),(#3436,#3437,#3438,#3439),(#3440,#3441,#3442,#3443),(#3444,#3445,
#3446,#3447),(#3448,#3449,#3450,#3451),(#3452,#3453,#3454,#3455),(#3456,
#3457,#3458,#3459),(#3460,#3461,#3462,#3463),(#3464,#3465,#3466,#3467),
(#3468,#3469,#3470,#3471),(#3472,#3473,#3474,#3475),(#3476,#3477,#3478,
#3479),(#3480,#3481,#3482,#3483),(#3484,#3485,#3486,#3487),(#3488,#3489,
#3490,#3491),(#3492,#3493,#3494,#3495),(#3496,#3497,#3498,#3499),(#3500,
#3501,#3502,#3503),(#3504,#3505,#3506,#3507),(#3508,#3509,#3510,#3511),
(#3512,#3513,#3514,#3515),(#3516,#3517,#3518,#3519),(#3520,#3521,#3522,
#3523),(#3524,#3525,#3526,#3527),(#3528,#3529,#3530,#3531),(#3532,#3533,
#3534,#3535),(#3536,#3537,#3538,#3539),(#3540,#3541,#3542,#3543),(#3544,
#3545,#3546,#3547),(#3548,#3549,#3550,#3551),(#3552,#3553,#3554,#3555),
(#3556,#3557,#3558,#3559),(#3560,#3561,#3562,#3563),(#3564,#3565,#3566,
#3567),(#3568,#3569,#3570,#3571),(#3572,#3573,#3574,#3575),(#3576,#3577,
#3578,#3579),(#3580,#3581,#3582,#3583),(#3584,#3585,#3586,#3587),(#3588,
#3589,#3590,#3591),(#3592,#3593,#3594,#3595),(#3596,#3597,#3598,#3599),
(#3600,#3601,#3602,#3603),(#3604,#3605,#3606,#3607),(#3608,#3609,#3610,
#3611),(#3612,#3613,#3614,#3615),(#3616,#3617,#3618,#3619),(#3620,#3621,
#3622,#3623),(#3624,#3625,#3626,#3627),(#3628,#3629,#3630,#3631),(#3632,
#3633,#3634,#3635),(#3636,#3637,#3638,#3639),(#3640,#3641,#3642,#3643),
(#3644,#3645,#3646,#3647),(#3648,#3649,#3650,#3651),(#3652,#3653,#3654,
#3655),(#3656,#3657,#3658,#3659),(#3660,#3661,#3662,#3663),(#3664,#3665,
#3666,#3667),(#3668,#3669,#3670,#3671),(#3672,#3673,#3674,#3675),(#3676,
#3677,#3678,#3679),(#3680,#3681,#3682,#3683),(#3684,#3685,#3686,#3687),
(#3688,#3689,#3690,#3691),(#3692,#3693,#3694,#3695),(#3696,#3697,#3698,
#3699),(#3700,#3701,#3702,#3703),(#3704,#3705,#3706,#3707),(#3708,#3709,
#3710,#3711),(#3712,#3713,#3714,#3715),(#3716,#3717,#3718,#3719),(#3720,
#3721,#3722,#3723),(#3724,#3725,#3726,#3727),(#3728,#3729,#3730,#3731),
(#3732,#3733,#3734,#3735),(#3736,#3737,#3738,#3739),(#3740,#3741,#3742,
#3743),(#3744,#3745,#3746,#3747),(#3748,#3749,#3750,#3751),(#3752,#3753,
#3754,#3755),(#3756,#3757,#3758,#3759),(#3760,#3761,#3762,#3763),(#3764,
#3765,#3766,#3767),(#3768,#3769,#3770,#3771),(#3772,#3773,#3774,#3775),
(#3776,#3777,#3778,#3779),(#3780,#3781,#3782,#3783),(#3784,#3785,#3786,
#3787),(#3788,#3789,#3790,#3791),(#3792,#3793,#3794,#3795),(#3796,#3797,
#3798,#3799),(#3800,#3801,#3802,#3803),(#3804,#3805,#3806,#3807),(#3808,
#3809,#3810,#3811),(#3812,#3813,#3814,#3815),(#3816,#3817,#3818,#3819),
(#3820,#3821,#3822,#3823),(#3824,#3825,#3826,#3827),(#3828,#3829,#3830,
#3831),(#3832,#3833,#3834,#3835),(#3836,#3837,#3838,#3839),(#3840,#3841,
#3842,#3843),(#3844,#3845,#3846,#3847),(#3848,#3849,#3850,#3851),(#3852,
#3853,#3854,#3855),(#3856,#3857,#3858,#3859),(#3860,#3861,#3862,#3863),
(#3864,#3865,#3866,#3867),(#3868,#3869,#3870,#3871),(#3872,#3873,#3874,
#3875),(#3876,#3877,#3878,#3879),(#3880,#3881,#3882,#3883),(#3884,#3885,
#3886,#3887)),.UNSPECIFIED.,.F.,.F.,.F.,(4,2,1,2,1,2,2,2,2,2,2,2,1,2,2,
2,2,2,1,2,2,2,2,2,2,2,2,1,2,2,2,1,2,2,2,2,2,1,2,2,2,1,2,2,2,2,1,2,1,2,2,
2,2,2,2,2,1,2,2,2,1,2,2,2,2,2,2,1,2,2,2,1,2,2,2,2,2,1,2,2,2,1,2,2,2,2,2,
1,2,2,2,1,2,2,2,2,2,1,2,2,2,1,2,2,2,2,2,1,2,2,2,1,2,2,2,2,2,1,2,2,2,1,2,
2,2,2,2,2,1,2,2,2,2,2,1,2,2,2,2,2,2,2,2,1,2,2,2,1,2,2,4),(4,4),(0.,0.0157886843139536,
0.0210515790852715,0.0315773686279073,0.0421031581705431,0.0473660529418609,
0.0631547372558146,0.0678761340530069,0.0725975308501993,0.0773189276473917,
0.082040324444584,0.0867617212417764,0.0883355201741738,0.0914831180389687,
0.0962045148361611,0.100925911633353,0.105647308430546,0.110368705227738,
0.113516303092533,0.11509010202493,0.119811498822123,0.124532895619315,
0.129254292416508,0.1339756892137,0.138697086010892,0.148752496182902,0.158807906354912,
0.165511513136253,0.168863316526922,0.178918726698932,0.188974136870942,
0.192325940261612,0.199029547042953,0.209084957214963,0.219140367386973,
0.229195777558982,0.239251187730992,0.245954794512333,0.249306597903002,
0.259362008075013,0.269417418247023,0.272769221637693,0.279472828419033,
0.289528238591043,0.299583648763053,0.31795343896272,0.324076702362609,
0.336323229162387,0.348569755962166,0.354693019362055,0.373062809561722,
0.376966515747631,0.38087022193354,0.384773928119448,0.388677634305358,
0.392581340491266,0.393882575886569,0.396485046677175,0.404292459048992,
0.41209987142081,0.414702342211415,0.419907283792628,0.427714696164445,
0.431618402350354,0.435522108536262,0.44332952090808,0.451136933279898,
0.456341874861109,0.458944345651715,0.466751758023533,0.47455917039535,
0.477161641185956,0.482366582767168,0.490173995138985,0.497981407510803,
0.50578881988262,0.513596232254438,0.518801173835649,0.521403644626255,
0.529211056998073,0.53701846936989,0.539620940160496,0.544825881741708,
0.552633294113525,0.560440706485343,0.56824811885716,0.576055531228978,
0.581260472810189,0.583862943600795,0.591670355972613,0.59947776834443,
0.602080239135036,0.607285180716248,0.615092593088065,0.622900005459883,
0.632586384625328,0.642272763790773,0.64873034990107,0.651959142956218,
0.661645522121663,0.671331901287109,0.674560694342257,0.681018280452554,
0.690704659617999,0.700391038783444,0.710077417948889,0.719763797114335,
0.726221383224631,0.72945017627978,0.739136555445225,0.74882293461067,0.752051727665819,
0.758509313776115,0.768195692941561,0.777882072107006,0.786760688008045,
0.795639303909085,0.801558381176445,0.804517919810125,0.813396535711164,
0.822275151612204,0.825234690245884,0.831153767513244,0.848910999315323,
0.861399699140674,0.86764404905335,0.873888398966025,0.880132748878701,
0.882214198849593,0.886377098791376,0.892621448704052,0.898865798616727,
0.905110148529403,0.911354498442078,0.915517398383862,0.917598848354754,
0.923843198267429,0.930087548180105,0.93633189809278,0.942576248005456,
0.948820597918131,0.955218023178365,0.961615448438599,0.965880398612088,
0.968012873698832,0.974410298959066,0.980807724219299,0.982940199306044,
0.987205149479533,0.993602574739766,1.),(0.,1.),.UNSPECIFIED.);
#304=B_SPLINE_SURFACE_WITH_KNOTS('',1,3,((#3948,#3949,#3950,#3951,#3952,
#3953,#3954,#3955,#3956,#3957,#3958,#3959,#3960,#3961,#3962,#3963,#3964,
#3965,#3966,#3967,#3968,#3969,#3970,#3971,#3972,#3973),(#3974,#3975,#3976,
#3977,#3978,#3979,#3980,#3981,#3982,#3983,#3984,#3985,#3986,#3987,#3988,
#3989,#3990,#3991,#3992,#3993,#3994,#3995,#3996,#3997,#3998,#3999)),
 .RULED_SURF.,.F.,.F.,.F.,(2,2),(4,2,2,2,2,2,2,2,2,2,2,2,4),(0.,1.),(0.,
0.25,0.375,0.5,0.625,0.6875,0.75,0.8125,0.875,0.90625,0.9375,0.96875,1.),
 .UNSPECIFIED.);
#305=B_SPLINE_SURFACE_WITH_KNOTS('',1,3,((#4038,#4039,#4040,#4041,#4042,
#4043),(#4044,#4045,#4046,#4047,#4048,#4049)),
 .SURF_OF_LINEAR_EXTRUSION.,.F.,.F.,.F.,(2,2),(4,2,4),(0.,1.),(0.,0.261799387799151,
0.523598775598302),.UNSPECIFIED.);
#306=B_SPLINE_SURFACE_WITH_KNOTS('',1,3,((#4059,#4060,#4061,#4062,#4063,
#4064,#4065,#4066,#4067,#4068,#4069,#4070,#4071,#4072,#4073,#4074,#4075,
#4076,#4077,#4078,#4079,#4080,#4081,#4082,#4083,#4084),(#4085,#4086,#4087,
#4088,#4089,#4090,#4091,#4092,#4093,#4094,#4095,#4096,#4097,#4098,#4099,
#4100,#4101,#4102,#4103,#4104,#4105,#4106,#4107,#4108,#4109,#4110)),
 .RULED_SURF.,.F.,.F.,.F.,(2,2),(4,2,2,2,2,2,2,2,2,2,2,2,4),(0.,1.),(0.,
0.25,0.375,0.5,0.625,0.6875,0.75,0.8125,0.875,0.90625,0.9375,0.96875,1.),
 .UNSPECIFIED.);
#307=B_SPLINE_SURFACE_WITH_KNOTS('',1,3,((#4188,#4189,#4190,#4191,#4192,
#4193,#4194,#4195,#4196,#4197,#4198,#4199,#4200,#4201,#4202,#4203,#4204,
#4205,#4206,#4207,#4208,#4209,#4210,#4211),(#4212,#4213,#4214,#4215,#4216,
#4217,#4218,#4219,#4220,#4221,#4222,#4223,#4224,#4225,#4226,#4227,#4228,
#4229,#4230,#4231,#4232,#4233,#4234,#4235)),.RULED_SURF.,.F.,.T.,.F.,(2,
2),(2,2,2,2,2,2,2,2,2,2,2,2,2,2),(0.,1.),(0.874999817097987,0.999999817097987,
1.12499981709799,1.24999981709799,1.31249981709799,1.37499981709799,1.49999981709799,
1.62499981709798,1.68749981709798,1.74999981709798,1.81249981709798,1.87499981709798,
1.99999981709798,2.12499981709799),.UNSPECIFIED.);
#308=B_SPLINE_SURFACE_WITH_KNOTS('',1,3,((#4236,#4237,#4238,#4239,#4240,
#4241,#4242,#4243,#4244,#4245,#4246,#4247,#4248,#4249,#4250,#4251,#4252,
#4253,#4254,#4255),(#4256,#4257,#4258,#4259,#4260,#4261,#4262,#4263,#4264,
#4265,#4266,#4267,#4268,#4269,#4270,#4271,#4272,#4273,#4274,#4275)),
 .RULED_SURF.,.F.,.T.,.F.,(2,2),(2,2,2,2,2,2,2,2,2,2,2,2),(0.,1.),(-0.124999795546255,
2.04453744823141E-7,0.125000204453745,0.250000204453745,0.312500204453745,
0.375000204453745,0.500000204453745,0.625000204453745,0.750000204453745,
0.875000204453745,1.00000020445374,1.12500020445374),.UNSPECIFIED.);
#309=ADVANCED_FACE('',(#277,#278,#279),#302,.T.);
#310=ADVANCED_FACE('',(#280,#281,#282),#303,.F.);
#311=ADVANCED_FACE('',(#283),#304,.T.);
#312=ADVANCED_FACE('',(#284),#16,.T.);
#313=ADVANCED_FACE('',(#285),#17,.F.);
#314=ADVANCED_FACE('',(#286),#12,.F.);
#315=ADVANCED_FACE('',(#287),#18,.F.);
#316=ADVANCED_FACE('',(#288),#13,.F.);
#317=ADVANCED_FACE('',(#289),#19,.F.);
#318=ADVANCED_FACE('',(#290),#305,.T.);
#319=ADVANCED_FACE('',(#291),#14,.F.);
#320=ADVANCED_FACE('',(#292),#306,.F.);
#321=ADVANCED_FACE('',(#293),#15,.F.);
#322=ADVANCED_FACE('',(#294,#295),#20,.F.);
#323=ADVANCED_FACE('',(#296,#297),#21,.F.);
#324=ADVANCED_FACE('',(#298,#299),#307,.T.);
#325=ADVANCED_FACE('',(#300,#301),#308,.T.);
#326=CLOSED_SHELL('',(#309,#310,#311,#312,#313,#314,#315,#316,#317,#318,
#319,#320,#321,#322,#323,#324,#325));
#327=STYLED_ITEM('',(#328),#335);
#328=PRESENTATION_STYLE_ASSIGNMENT((#329));
#329=SURFACE_STYLE_USAGE(.BOTH.,#330);
#330=SURFACE_SIDE_STYLE('',(#331));
#331=SURFACE_STYLE_FILL_AREA(#332);
#332=FILL_AREA_STYLE('',(#333));
#333=FILL_AREA_STYLE_COLOUR('',#334);
#334=COLOUR_RGB('',0.615686274509804,0.811764705882353,0.929411764705882);
#335=MANIFOLD_SOLID_BREP('Cover 2',#326);
#336=SHAPE_DEFINITION_REPRESENTATION(#4282,#337);
#337=SHAPE_REPRESENTATION('Cover 2',(#338),#4277);
#338=AXIS2_PLACEMENT_3D('',#398,#356,#357);
#339=AXIS2_PLACEMENT_3D('',#3898,#360,#361);
#340=AXIS2_PLACEMENT_3D('',#3900,#362,#363);
#341=AXIS2_PLACEMENT_3D('',#3904,#365,#366);
#342=AXIS2_PLACEMENT_3D('',#3908,#368,#369);
#343=AXIS2_PLACEMENT_3D('',#3910,#370,#371);
#344=AXIS2_PLACEMENT_3D('',#3919,#373,#374);
#345=AXIS2_PLACEMENT_3D('',#3923,#376,#377);
#346=AXIS2_PLACEMENT_3D('',#4008,#378,#379);
#347=AXIS2_PLACEMENT_3D('',#4013,#380,#381);
#348=AXIS2_PLACEMENT_3D('',#4018,#382,#383);
#349=AXIS2_PLACEMENT_3D('',#4023,#384,#385);
#350=AXIS2_PLACEMENT_3D('',#4028,#386,#387);
#351=AXIS2_PLACEMENT_3D('',#4033,#388,#389);
#352=AXIS2_PLACEMENT_3D('',#4054,#390,#391);
#353=AXIS2_PLACEMENT_3D('',#4115,#392,#393);
#354=AXIS2_PLACEMENT_3D('',#4116,#394,#395);
#355=AXIS2_PLACEMENT_3D('',#4146,#396,#397);
#356=DIRECTION('',(0.,0.,1.));
#357=DIRECTION('',(1.,0.,0.));
#358=DIRECTION('',(0.934868359155409,0.,-0.354994578902372));
#359=DIRECTION('',(-1.,0.,-5.55111512312578E-16));
#360=DIRECTION('',(0.,-1.,0.));
#361=DIRECTION('',(-0.5,0.,-0.866025403784438));
#362=DIRECTION('',(0.,-1.,0.));
#363=DIRECTION('',(0.5,0.,0.866025403784438));
#364=DIRECTION('',(-1.,0.,-3.88578058618805E-16));
#365=DIRECTION('',(0.,-1.,0.));
#366=DIRECTION('',(-3.88578058618805E-16,0.,1.));
#367=DIRECTION('',(0.5,0.,-0.866025403784439));
#368=DIRECTION('',(0.,-1.,0.));
#369=DIRECTION('',(-0.866025403784439,0.,-0.5));
#370=DIRECTION('',(0.,-1.,0.));
#371=DIRECTION('',(0.817621551776606,0.,0.575756023043107));
#372=DIRECTION('',(-0.5,0.,0.866025403784439));
#373=DIRECTION('',(0.,1.,0.));
#374=DIRECTION('',(-0.5,0.,0.866025403784439));
#375=DIRECTION('',(1.,0.,1.66533453693773E-16));
#376=DIRECTION('',(0.,1.,0.));
#377=DIRECTION('',(0.,0.,1.));
#378=DIRECTION('',(1.11024562644764E-6,-0.999999999999131,-7.10981285671292E-7));
#379=DIRECTION('',(0.999999999999384,1.11024562644792E-6,0.));
#380=DIRECTION('',(-7.806255641893E-14,-1.,4.50694379620994E-14));
#381=DIRECTION('',(-0.707106745904584,2.33824495972004E-14,-0.707106816468509));
#382=DIRECTION('',(-0.866025403784441,2.82492947277963E-14,-0.5));
#383=DIRECTION('',(0.5,0.,-0.866025403784439));
#384=DIRECTION('',(0.,-1.,0.));
#385=DIRECTION('',(-0.866025402564272,0.,0.50000000211339));
#386=DIRECTION('',(-3.88578058618805E-16,0.,1.));
#387=DIRECTION('',(-1.,0.,-3.88578058618805E-16));
#388=DIRECTION('',(2.42861286636754E-14,-1.,0.));
#389=DIRECTION('',(0.258819045120825,6.40614903813615E-15,0.965925826284164));
#390=DIRECTION('',(-7.16093850883226E-15,0.,1.));
#391=DIRECTION('',(-1.,0.,-5.55111512312578E-16));
#392=DIRECTION('',(0.,-1.,0.));
#393=DIRECTION('',(-3.88578058618805E-16,0.,1.));
#394=DIRECTION('',(3.88578058618805E-16,0.,-1.));
#395=DIRECTION('',(-1.,0.,-3.88578058618805E-16));
#396=DIRECTION('',(0.866025403784439,0.,0.5));
#397=DIRECTION('',(0.5,0.,-0.866025403784439));
#398=CARTESIAN_POINT('',(0.,0.,0.));
#399=CARTESIAN_POINT('',(-0.0020425243949392,0.,0.0474430765881696));
#400=CARTESIAN_POINT('',(-0.00204265907557377,-0.00489121548385763,0.0474430050592038));
#401=CARTESIAN_POINT('',(-0.00205287604009947,-0.0140784683594469,0.0474476442861598));
#402=CARTESIAN_POINT('',(-0.00251177326731025,-0.0272865200547462,0.0469159922163441));
#403=CARTESIAN_POINT('',(-0.00315070159096391,-0.0364639665700174,0.0461532798948816));
#404=CARTESIAN_POINT('',(-0.00405499708467056,-0.0439175654377025,0.0450541422842323));
#405=CARTESIAN_POINT('',(-0.00505147416821645,-0.049200500807374,0.043821638360604));
#406=CARTESIAN_POINT('',(-0.00603476668961671,-0.052847386459233,0.0425758704059268));
#407=CARTESIAN_POINT('',(-0.00694415741007878,-0.0553445013074334,0.041384776251027));
#408=CARTESIAN_POINT('',(-0.00776465873362451,-0.0570628843128227,0.040260098774392));
#409=CARTESIAN_POINT('',(-0.00850983864625708,-0.0582914137281241,0.0391840190106151));
#410=CARTESIAN_POINT('',(-0.0092265256739363,-0.0592186861059811,0.038090135673476));
#411=CARTESIAN_POINT('',(-0.00994286063415091,-0.059894556429509,0.0369252457540945));
#412=CARTESIAN_POINT('',(-0.0107327932938413,-0.0603753500951416,0.0355665916717576));
#413=CARTESIAN_POINT('',(-0.0112774892362107,-0.0605002598707675,0.0345855628366405));
#414=CARTESIAN_POINT('',(-0.0116,-0.0605,0.034));
#415=CARTESIAN_POINT('',(-0.00272099703905389,-2.46427364247575E-53,0.0477007111800841));
#416=CARTESIAN_POINT('',(-0.00272113706606926,-0.00489197000231279,0.0477006443617709));
#417=CARTESIAN_POINT('',(-0.0027174272530274,-0.0140799768748053,0.0476954326093663));
#418=CARTESIAN_POINT('',(-0.00313811839845961,-0.0272895364434402,0.0471333936273244));
#419=CARTESIAN_POINT('',(-0.00374281243077506,-0.0364685405637891,0.0463416076214437));
#420=CARTESIAN_POINT('',(-0.00461304193776223,-0.0439242279529718,0.0452110396724559));
#421=CARTESIAN_POINT('',(-0.00558102208301505,-0.0492094331123005,0.0439494959726083));
#422=CARTESIAN_POINT('',(-0.00654169495773023,-0.0528582687212095,0.0426779967434121));
#423=CARTESIAN_POINT('',(-0.00743347862460204,-0.0553564824329988,0.0414646555768603));
#424=CARTESIAN_POINT('',(-0.00824010444478708,-0.0570746975434239,0.040321026523612));
#425=CARTESIAN_POINT('',(-0.00897376329312266,-0.0583017832127047,0.0392289301488961));
#426=CARTESIAN_POINT('',(-0.00967998502538751,-0.0592264792057493,0.0381211860777295));
#427=CARTESIAN_POINT('',(-0.0103861963836878,-0.0598989604803466,0.03694471951826));
#428=CARTESIAN_POINT('',(-0.011165076775437,-0.0603763861297903,0.0355758727125254));
#429=CARTESIAN_POINT('',(-0.0117021476643912,-0.0605002429185612,0.0345891210442697));
#430=CARTESIAN_POINT('',(-0.0120200638340541,-0.0605,0.0339999997773147));
#431=CARTESIAN_POINT('',(-0.0037814445814376,4.9285472849515E-53,0.048103390522302));
#432=CARTESIAN_POINT('',(-0.00378154993243263,-0.00489303674189278,0.0481033179455485));
#433=CARTESIAN_POINT('',(-0.00374919110849906,-0.014082099159453,0.0480810538399712));
#434=CARTESIAN_POINT('',(-0.00409239883037391,-0.0272939181217274,0.0474677143896347));
#435=CARTESIAN_POINT('',(-0.00462790347973398,-0.036475501288545,0.0466274450109783));
#436=CARTESIAN_POINT('',(-0.00542987916775771,-0.0439351420590414,0.0454453871550351));
#437=CARTESIAN_POINT('',(-0.00634220207206866,-0.0492252552690471,0.0441372366447285));
#438=CARTESIAN_POINT('',(-0.0072611238053209,-0.0528788316264772,0.0428251138339903));
#439=CARTESIAN_POINT('',(-0.00812331623615072,-0.0553801259879736,0.0415770032410753));
#440=CARTESIAN_POINT('',(-0.00890953805178876,-0.0570984964912556,0.0404041082788238));
#441=CARTESIAN_POINT('',(-0.0096285286166619,-0.058322683980607,0.0392879234515578));
#442=CARTESIAN_POINT('',(-0.0103230809177303,-0.0592418586095537,0.038160360137497));
#443=CARTESIAN_POINT('',(-0.0110189605247343,-0.0599071814039475,0.0369688799549039));
#444=CARTESIAN_POINT('',(-0.0117862092409072,-0.0603779800394485,0.0355881369483126));
#445=CARTESIAN_POINT('',(-0.0123138521725086,-0.0605001981519956,0.0345943996392951));
#446=CARTESIAN_POINT('',(-0.0126252026967912,-0.0605,0.0340000004453706));
#447=CARTESIAN_POINT('',(-0.00521733675581439,-7.39282092742725E-53,0.0486486389745067));
#448=CARTESIAN_POINT('',(-0.00521737045293127,-0.0048933331030616,0.0486485447808953));
#449=CARTESIAN_POINT('',(-0.00516793710632392,-0.0140831453985426,0.0486193358793327));
#450=CARTESIAN_POINT('',(-0.00544650482345598,-0.0272974720867773,0.0479665844743897));
#451=CARTESIAN_POINT('',(-0.00591315645913507,-0.0364824292483938,0.047079836231582));
#452=CARTESIAN_POINT('',(-0.00663341749841413,-0.0439477173349493,0.0458380117527513));
#453=CARTESIAN_POINT('',(-0.00746689907127564,-0.049245460405523,0.0444672322307998));
#454=CARTESIAN_POINT('',(-0.00831749384389845,-0.0529072269728376,0.0430944604677175));
#455=CARTESIAN_POINT('',(-0.00912492592081981,-0.0554148623595022,0.0417904030228385));
#456=CARTESIAN_POINT('',(-0.00986912829846721,-0.0571352599005865,0.0405676351199152));
#457=CARTESIAN_POINT('',(-0.0105552180653427,-0.0583563788392218,0.0394084631529909));
#458=CARTESIAN_POINT('',(-0.0112216171364701,-0.0592677733496201,0.0382438119565662));
#459=CARTESIAN_POINT('',(-0.0118909844096812,-0.0599217981159711,0.0370222948688762));
#460=CARTESIAN_POINT('',(-0.0126270431921063,-0.0603811465306422,0.0356158500675054));
#461=CARTESIAN_POINT('',(-0.0131282064781931,-0.0605000986022996,0.0346064935215753));
#462=CARTESIAN_POINT('',(-0.0134191851798355,-0.0605,0.0339999993319441));
#463=CARTESIAN_POINT('',(-0.00628952941479353,2.77230784778522E-52,0.0490557744303166));
#464=CARTESIAN_POINT('',(-0.00628954163551674,-0.00489291859082765,0.0490556698139834));
#465=CARTESIAN_POINT('',(-0.00624825197049397,-0.0140830577793769,0.0490334348222588));
#466=CARTESIAN_POINT('',(-0.00652020279996172,-0.0272989982756279,0.0483744568586276));
#467=CARTESIAN_POINT('',(-0.00696497772117889,-0.0364860778779585,0.0474686009600961));
#468=CARTESIAN_POINT('',(-0.00764466000785277,-0.0439546820072337,0.0461917128684099));
#469=CARTESIAN_POINT('',(-0.00842807439577152,-0.0492567001517682,0.0447770194579735));
#470=CARTESIAN_POINT('',(-0.00922701336750174,-0.0529229561383297,0.0433572272903949));
#471=CARTESIAN_POINT('',(-0.00998613032117724,-0.0554340721015262,0.0420070519367769));
#472=CARTESIAN_POINT('',(-0.0106868392101173,-0.0571556876449724,0.0407411670808659));
#473=CARTESIAN_POINT('',(-0.0113334144014057,-0.0583753528680208,0.0395428597559031));
#474=CARTESIAN_POINT('',(-0.0119613976691864,-0.0592827846805146,0.0383419318350492));
#475=CARTESIAN_POINT('',(-0.0125912318590846,-0.0599307918887354,0.0370872154618071));
#476=CARTESIAN_POINT('',(-0.01328145898238,-0.0603835546821242,0.0356482154955194));
#477=CARTESIAN_POINT('',(-0.013748495979254,-0.0605000718692171,0.0346187608596998));
#478=CARTESIAN_POINT('',(-0.0140175051416481,-0.0605,0.0340000025052098));
#479=CARTESIAN_POINT('',(-0.00734060315961635,-1.03499492983982E-51,0.0494549134005717));
#480=CARTESIAN_POINT('',(-0.00734061122219271,-0.00489233322601262,0.0494548013933502));
#481=CARTESIAN_POINT('',(-0.00731847077503078,-0.0140827924913927,0.0494450251525328));
#482=CARTESIAN_POINT('',(-0.00760585769612955,-0.0273003063329232,0.0487904009192917));
#483=CARTESIAN_POINT('',(-0.008045174620937,-0.0364893602434578,0.047872834747713));
#484=CARTESIAN_POINT('',(-0.00869739452449295,-0.0439608908975774,0.0465660199528959));
#485=CARTESIAN_POINT('',(-0.00943895075253883,-0.0492664968020373,0.0451098201877394));
#486=CARTESIAN_POINT('',(-0.0101899926697459,-0.0529363184385799,0.0436434050286641));
#487=CARTESIAN_POINT('',(-0.0109008033810295,-0.055449994081141,0.0422462512891029));
#488=CARTESIAN_POINT('',(-0.0115549578714713,-0.0571722623336256,0.0409356016599662));
#489=CARTESIAN_POINT('',(-0.0121567969265638,-0.0583905092182302,0.0396959033203694));
#490=CARTESIAN_POINT('',(-0.0127393790550856,-0.0592946793863056,0.0384556642424991));
#491=CARTESIAN_POINT('',(-0.0133211101638297,-0.0599379860126949,0.0371635057438399));
#492=CARTESIAN_POINT('',(-0.0139555690902775,-0.060385639082823,0.0356861157085909));
#493=CARTESIAN_POINT('',(-0.0143825680926688,-0.0605000756021397,0.0346324323776986));
#494=CARTESIAN_POINT('',(-0.0146278993462435,-0.0605,0.0339999906472168));
#495=CARTESIAN_POINT('',(-0.00830028225499876,3.59065205322404E-51,0.0498192655094811));
#496=CARTESIAN_POINT('',(-0.00830030202793736,-0.0048920096254053,0.049819149709306));
#497=CARTESIAN_POINT('',(-0.00829873403837087,-0.0140829104526715,0.0498208318709319));
#498=CARTESIAN_POINT('',(-0.00860785469337995,-0.0273019256507864,0.049170335547256));
#499=CARTESIAN_POINT('',(-0.00904940764299384,-0.0364927395256504,0.0482423548976406));
#500=CARTESIAN_POINT('',(-0.00968459260765535,-0.0439667364131961,0.0469087073019928));
#501=CARTESIAN_POINT('',(-0.010395226680316,-0.0492751595877668,0.0454151201590875));
#502=CARTESIAN_POINT('',(-0.0111080744748936,-0.0529475199181161,0.0439065215678796));
#503=CARTESIAN_POINT('',(-0.0117780530952334,-0.0554627252988978,0.0424667492312443));
#504=CARTESIAN_POINT('',(-0.0123907455440483,-0.0571849910014565,0.0411154436816695));
#505=CARTESIAN_POINT('',(-0.012951173820059,-0.0584017885928576,0.0398380675727151));
#506=CARTESIAN_POINT('',(-0.0134906944225571,-0.0593033381259643,0.038561832677842));
#507=CARTESIAN_POINT('',(-0.0140263873763355,-0.0599432036427538,0.0372349503610853));
#508=CARTESIAN_POINT('',(-0.0146082420292445,-0.0603872194566479,0.0357214614024763));
#509=CARTESIAN_POINT('',(-0.0149991340024454,-0.0605000904033102,0.0346449545152067));
#510=CARTESIAN_POINT('',(-0.0152246082502771,-0.0605,0.0340000324471061));
#511=CARTESIAN_POINT('',(-0.00910248063795097,-1.00321606765872E-50,0.0501240695531848));
#512=CARTESIAN_POINT('',(-0.00910252852714928,-0.00489206609404106,0.0501239549676271));
#513=CARTESIAN_POINT('',(-0.00911307660852412,-0.0140835312777777,0.0501314155737485));
#514=CARTESIAN_POINT('',(-0.0094351233704891,-0.0273039753702064,0.0494778871669283));
#515=CARTESIAN_POINT('',(-0.00987859590956656,-0.0364963558476552,0.0485373935852294));
#516=CARTESIAN_POINT('',(-0.0105048533234621,-0.0439723882318542,0.0471795595051679));
#517=CARTESIAN_POINT('',(-0.0111979834399658,-0.0492828431284386,0.0456547043781194));
#518=CARTESIAN_POINT('',(-0.0118875894454369,-0.0529566550118539,0.044111849977046));
#519=CARTESIAN_POINT('',(-0.0125308130838784,-0.0554723142040781,0.0426380750487171));
#520=CARTESIAN_POINT('',(-0.0131144475603576,-0.0571939359653452,0.0412548084743877));
#521=CARTESIAN_POINT('',(-0.0136445220515755,-0.0584092956543485,0.0399481126441036));
#522=CARTESIAN_POINT('',(-0.0141517084116019,-0.0593088782580957,0.0386440033660721));
#523=CARTESIAN_POINT('',(-0.0146527090964434,-0.0599464942962823,0.0372902082813439));
#524=CARTESIAN_POINT('',(-0.0151958320452471,-0.0603882389269533,0.0357486495225976));
#525=CARTESIAN_POINT('',(-0.0155616480311561,-0.0605001033785845,0.0346544381833567));
#526=CARTESIAN_POINT('',(-0.0157743257081805,-0.0605,0.0339999093438808));
#527=CARTESIAN_POINT('',(-0.0097204887297011,1.42331227003034E-50,0.0503584092594086));
#528=CARTESIAN_POINT('',(-0.00972056679018129,-0.00489233659439301,0.0503582987230808));
#529=CARTESIAN_POINT('',(-0.00973303981481157,-0.0140843766706317,0.0503659673477367));
#530=CARTESIAN_POINT('',(-0.0100542395649599,-0.0273060325261426,0.0497025577662303));
#531=CARTESIAN_POINT('',(-0.0104944070219246,-0.0364996384643171,0.0487477402454928));
#532=CARTESIAN_POINT('',(-0.0111142467772518,-0.0439771211240991,0.0473688058678323));
#533=CARTESIAN_POINT('',(-0.0117980739190875,-0.049288808185832,0.0458194925401441));
#534=CARTESIAN_POINT('',(-0.0124752706488708,-0.0529632316042043,0.0442512278771223));
#535=CARTESIAN_POINT('',(-0.0131032643769778,-0.0554787497864424,0.0427530567305898));
#536=CARTESIAN_POINT('',(-0.0136694355021333,-0.057199621333331,0.0413474431736268));
#537=CARTESIAN_POINT('',(-0.0141808891153962,-0.0584139190944237,0.0400206214574222));
#538=CARTESIAN_POINT('',(-0.0146683761316975,-0.0593122712130411,0.0386976381758838));
#539=CARTESIAN_POINT('',(-0.0151490666574563,-0.0599485615667147,0.0373258727691447));
#540=CARTESIAN_POINT('',(-0.0156712911503946,-0.0603889185774331,0.0357659402350278));
#541=CARTESIAN_POINT('',(-0.0160256346397038,-0.0605001122260543,0.0346605565962739));
#542=CARTESIAN_POINT('',(-0.0162336183494022,-0.0605,0.0340001286183215));
#543=CARTESIAN_POINT('',(-0.0101925100805056,-3.66624375306066E-50,0.0505383500946865));
#544=CARTESIAN_POINT('',(-0.0101926619554802,-0.00489274278984402,0.0505382514568179));
#545=CARTESIAN_POINT('',(-0.0102025659589213,-0.0140853787378751,0.050543432520449));
#546=CARTESIAN_POINT('',(-0.0105219022323842,-0.0273081939963124,0.0498688409489581));
#547=CARTESIAN_POINT('',(-0.0109640225543197,-0.0365028547253276,0.0489014796104846));
#548=CARTESIAN_POINT('',(-0.0115889068404237,-0.0439811983070659,0.0475059728194608));
#549=CARTESIAN_POINT('',(-0.0122766759211141,-0.0492928810528889,0.0459379949728049));
#550=CARTESIAN_POINT('',(-0.0129530815113672,-0.0529663087334097,0.0443507101567531));
#551=CARTESIAN_POINT('',(-0.0135747156296207,-0.0554803928193228,0.0428348388948437));
#552=CARTESIAN_POINT('',(-0.0141299756743439,-0.0572001241999905,0.0414135053606243));
#553=CARTESIAN_POINT('',(-0.0146280933640415,-0.0584138978225728,0.0400726499865175));
#554=CARTESIAN_POINT('',(-0.0151008576369975,-0.0593122396529158,0.0387363240956779));
#555=CARTESIAN_POINT('',(-0.0155666584989923,-0.0599487554792821,0.0373514565534925));
#556=CARTESIAN_POINT('',(-0.0160749082226076,-0.0603891490487701,0.0357778478970884));
#557=CARTESIAN_POINT('',(-0.0164233691718861,-0.0605001218090637,0.0346642519589437));
#558=CARTESIAN_POINT('',(-0.0166300749081883,-0.0605,0.033999668698059));
#559=CARTESIAN_POINT('',(-0.0107040728030327,1.56858252442527E-49,0.0507299361932285));
#560=CARTESIAN_POINT('',(-0.0107042682166056,-0.0048932490469102,0.0507298490170865));
#561=CARTESIAN_POINT('',(-0.0106990220939683,-0.0140865456401387,0.0507268101914143));
#562=CARTESIAN_POINT('',(-0.0109904340783377,-0.027310494017131,0.0500288338782377));
#563=CARTESIAN_POINT('',(-0.0114149375298785,-0.0365060400738881,0.0490399125339509));
#564=CARTESIAN_POINT('',(-0.0120286899994104,-0.0439849235355775,0.0476211787607939));
#565=CARTESIAN_POINT('',(-0.0127086471846241,-0.0492964495647374,0.0460312565853939));
#566=CARTESIAN_POINT('',(-0.0133766332608493,-0.0529693493390258,0.0444244837604196));
#567=CARTESIAN_POINT('',(-0.0139887985320474,-0.0554830967894877,0.0428921728688468));
#568=CARTESIAN_POINT('',(-0.0145348447069316,-0.057202874233512,0.0414571621842294));
#569=CARTESIAN_POINT('',(-0.0150254949973128,-0.058416777721518,0.0401047245099751));
#570=CARTESIAN_POINT('',(-0.0154932565050331,-0.0593149863361879,0.0387581541312965));
#571=CARTESIAN_POINT('',(-0.015958082628738,-0.0599507709880692,0.0373645226117484));
#572=CARTESIAN_POINT('',(-0.0164712871209027,-0.0603898696298967,0.0357835987503062));
#573=CARTESIAN_POINT('',(-0.0168286017982737,-0.060500121421078,0.0346670791798434));
#574=CARTESIAN_POINT('',(-0.0170426263981619,-0.0605,0.0340014174574032));
#575=CARTESIAN_POINT('',(-0.011278230908785,-8.94307965078375E-49,0.0509254098797419));
#576=CARTESIAN_POINT('',(-0.0112784353339217,-0.00489383618241236,0.0509253199179938));
#577=CARTESIAN_POINT('',(-0.0112518126503467,-0.0140878338916468,0.0509124838664208));
#578=CARTESIAN_POINT('',(-0.0115034685335949,-0.0273129345511855,0.0501876556632422));
#579=CARTESIAN_POINT('',(-0.011901446589831,-0.036509318985154,0.0491743150026673));
#580=CARTESIAN_POINT('',(-0.0124964401957491,-0.0439887116857752,0.0477302711668347));
#581=CARTESIAN_POINT('',(-0.013164196274762,-0.0493004370910897,0.0461181976333529));
#582=CARTESIAN_POINT('',(-0.0138243038372327,-0.0529736755039466,0.0444933515476904));
#583=CARTESIAN_POINT('',(-0.0144326646567769,-0.0554879934495808,0.0429467323183953));
#584=CARTESIAN_POINT('',(-0.0149792765142552,-0.0572081676525537,0.0415004172228185));
#585=CARTESIAN_POINT('',(-0.0154746442511474,-0.05842187075412,0.0401390377714252));
#586=CARTESIAN_POINT('',(-0.015951372410474,-0.0593191423745066,0.0387853773380201));
#587=CARTESIAN_POINT('',(-0.0164305112260381,-0.059953299710418,0.0373868058756883));
#588=CARTESIAN_POINT('',(-0.0169654391080096,-0.060390550029491,0.0358030207105311));
#589=CARTESIAN_POINT('',(-0.0173420752317442,-0.0605001148589421,0.034686266356495));
#590=CARTESIAN_POINT('',(-0.0175688142305767,-0.0605,0.0340207738526792));
#591=CARTESIAN_POINT('',(-0.011953377999224,8.74651110525154E-48,0.0511344567352049));
#592=CARTESIAN_POINT('',(-0.0119534965322987,-0.00489464254939021,0.0511343458238654));
#593=CARTESIAN_POINT('',(-0.0118992763709906,-0.0140894253538153,0.0511098565461855));
#594=CARTESIAN_POINT('',(-0.0120966438477403,-0.0273155955470014,0.0503538620284295));
#595=CARTESIAN_POINT('',(-0.012454201857831,-0.0365127316692551,0.0493126221911681));
#596=CARTESIAN_POINT('',(-0.0130170743049383,-0.0439931263722284,0.0478414572394102));
#597=CARTESIAN_POINT('',(-0.01366702945931,-0.0493065412697004,0.0462079797870827));
#598=CARTESIAN_POINT('',(-0.0143236434382615,-0.0529818884792132,0.0445670850070923));
#599=CARTESIAN_POINT('',(-0.0149400107136968,-0.0554977789542871,0.0430084670611518));
#600=CARTESIAN_POINT('',(-0.0155030404928406,-0.0572181307195263,0.0415534438084731));
#601=CARTESIAN_POINT('',(-0.0160202427184179,-0.0584305665847411,0.040186268408297));
#602=CARTESIAN_POINT('',(-0.0165236752756186,-0.0593254693912342,0.0388294205186713));
#603=CARTESIAN_POINT('',(-0.0170349608468382,-0.059956714947451,0.0374305900502671));
#604=CARTESIAN_POINT('',(-0.0176101953575819,-0.0603913141707261,0.0358493222867122));
#605=CARTESIAN_POINT('',(-0.0180176103225503,-0.0605001060527072,0.0347357257622512));
#606=CARTESIAN_POINT('',(-0.0182632615677192,-0.0605,0.0340721659556501));
#607=CARTESIAN_POINT('',(-0.0126681167920895,-4.09435752392515E-47,0.0513285547257536));
#608=CARTESIAN_POINT('',(-0.0126681110759401,-0.00489537499627596,0.0513284303820521));
#609=CARTESIAN_POINT('',(-0.0125895965977269,-0.0140905682705022,0.0512956128735277));
#610=CARTESIAN_POINT('',(-0.0127326456137624,-0.0273171387430902,0.0505164742381795));
#611=CARTESIAN_POINT('',(-0.0130481765758193,-0.0365150603874913,0.049454799181885));
#612=CARTESIAN_POINT('',(-0.0135810790878465,-0.0439976552907295,0.0479646624199107));
#613=CARTESIAN_POINT('',(-0.0142215780398054,-0.0493146287531626,0.0463167625860723));
#614=CARTESIAN_POINT('',(-0.0148871385912814,-0.0529936063970114,0.0446652077239159));
#615=CARTESIAN_POINT('',(-0.0155253473828472,-0.0555116428447392,0.0430988760459845));
#616=CARTESIAN_POINT('',(-0.0161181913715898,-0.0572317567559138,0.0416390217600302));
#617=CARTESIAN_POINT('',(-0.0166691503643086,-0.0584419602738935,0.0402699360127099));
#618=CARTESIAN_POINT('',(-0.0172097331780349,-0.059333357433772,0.0389140067572522));
#619=CARTESIAN_POINT('',(-0.0177616131286286,-0.059960742389603,0.0375191488175095));
#620=CARTESIAN_POINT('',(-0.0183835187226698,-0.0603921241226537,0.0359446003723561));
#621=CARTESIAN_POINT('',(-0.0188234948765941,-0.0605000952540149,0.0348362780652908));
#622=CARTESIAN_POINT('',(-0.0190881213654338,-0.0605,0.0341754961533743));
#623=CARTESIAN_POINT('',(-0.0133903434580391,1.52104843596195E-46,0.0514986117644118));
#624=CARTESIAN_POINT('',(-0.0133903965649626,-0.00489492674748229,0.0514985034504532));
#625=CARTESIAN_POINT('',(-0.0133093163487753,-0.0140894734284903,0.0514709957642717));
#626=CARTESIAN_POINT('',(-0.0134638901728685,-0.027316124918279,0.0507020336573332));
#627=CARTESIAN_POINT('',(-0.0137941366179842,-0.036515049092714,0.0496464473400494));
#628=CARTESIAN_POINT('',(-0.0143423145169564,-0.0439997840272063,0.0481580097477483));
#629=CARTESIAN_POINT('',(-0.0149953203116103,-0.0493197378762261,0.0465073407664365));
#630=CARTESIAN_POINT('',(-0.015672205607467,-0.0530017761335356,0.044850207182433));
#631=CARTESIAN_POINT('',(-0.0163223628385771,-0.055521915211346,0.0432772411449311));
#632=CARTESIAN_POINT('',(-0.0169286668149809,-0.0572423799748384,0.0418112192118235));
#633=CARTESIAN_POINT('',(-0.0174943152791381,-0.0584512727951921,0.0404374504308007));
#634=CARTESIAN_POINT('',(-0.0180509030777828,-0.0593401449204932,0.0390785552791731));
#635=CARTESIAN_POINT('',(-0.0186199447775527,-0.0599644184242509,0.0376827441933053));
#636=CARTESIAN_POINT('',(-0.0192606108601973,-0.0603929555312443,0.0361087431160822));
#637=CARTESIAN_POINT('',(-0.0197123226452259,-0.0605000858043757,0.0350010643250494));
#638=CARTESIAN_POINT('',(-0.0199829127264499,-0.0605,0.0343401635760182));
#639=CARTESIAN_POINT('',(-0.0141006597203289,-5.6747579914553E-46,0.0516412388545063));
#640=CARTESIAN_POINT('',(-0.0141007346204709,-0.00489300757512539,0.051641140790873));
#641=CARTESIAN_POINT('',(-0.0140578181025333,-0.0140863857109915,0.0516342863345091));
#642=CARTESIAN_POINT('',(-0.0142979499804163,-0.0273128559399627,0.0509060628780089));
#643=CARTESIAN_POINT('',(-0.0146899109708524,-0.0365121710105642,0.0498789179382047));
#644=CARTESIAN_POINT('',(-0.0152799933510458,-0.0439978288853873,0.048409515845073));
#645=CARTESIAN_POINT('',(-0.0159512052120085,-0.0493192244970462,0.046766817600638));
#646=CARTESIAN_POINT('',(-0.0166304253818519,-0.0530029948543627,0.0451098482279178));
#647=CARTESIAN_POINT('',(-0.0172746818882814,-0.0555246917987362,0.04353254647551));
#648=CARTESIAN_POINT('',(-0.0178719732126306,-0.05724605336602,0.042060172590898));
#649=CARTESIAN_POINT('',(-0.0184282380753873,-0.0584550228975664,0.0406797557625224));
#650=CARTESIAN_POINT('',(-0.0189755699212544,-0.0593432452686985,0.0393144509036147));
#651=CARTESIAN_POINT('',(-0.0195355767414499,-0.0599663111624179,0.0379128898718873));
#652=CARTESIAN_POINT('',(-0.0201665112844746,-0.060393481545607,0.0363335298130848));
#653=CARTESIAN_POINT('',(-0.0206114590983944,-0.0605000831566108,0.0352227357362827));
#654=CARTESIAN_POINT('',(-0.0208778679736785,-0.0605,0.034559987867144));
#655=CARTESIAN_POINT('',(-0.0148225880970591,2.11779835298593E-45,0.0517618868122806));
#656=CARTESIAN_POINT('',(-0.0148228244290773,-0.00489057529218943,0.0517617500152593));
#657=CARTESIAN_POINT('',(-0.0148359542950805,-0.0140822070474171,0.0517784187442962));
#658=CARTESIAN_POINT('',(-0.0151667772703517,-0.0273076647720927,0.0510967898849406));
#659=CARTESIAN_POINT('',(-0.0156170211800656,-0.0365068194531754,0.0501030787635362));
#660=CARTESIAN_POINT('',(-0.0162428053755818,-0.043992701306925,0.0486589910703397));
#661=CARTESIAN_POINT('',(-0.0169257751037627,-0.0493147035663229,0.0470314183699318));
#662=CARTESIAN_POINT('',(-0.0176008512490306,-0.0529994667341031,0.0453820000027529));
#663=CARTESIAN_POINT('',(-0.0182328601386743,-0.0555223719759004,0.0438073787478554));
#664=CARTESIAN_POINT('',(-0.0188151318456623,-0.0572448703496893,0.0423349433943969));
#665=CARTESIAN_POINT('',(-0.0193565608621861,-0.0584546769987096,0.0409533365471213));
#666=CARTESIAN_POINT('',(-0.0198896662099473,-0.0593433879055378,0.039586496174028));
#667=CARTESIAN_POINT('',(-0.020436311619755,-0.0599665638052964,0.03818360583977));
#668=CARTESIAN_POINT('',(-0.0210537990298666,-0.0603935972195932,0.0366034727436108));
#669=CARTESIAN_POINT('',(-0.0214904324300833,-0.0605000822134019,0.0354927850098803));
#670=CARTESIAN_POINT('',(-0.021752194623861,-0.0605,0.03483029675624));
#671=CARTESIAN_POINT('',(-0.0155821481130084,-7.90371761279817E-45,0.0518624071266987));
#672=CARTESIAN_POINT('',(-0.0155821168010509,-0.00488943865902915,0.0518622701572303));
#673=CARTESIAN_POINT('',(-0.0156541717386086,-0.014079203539081,0.0518904588102969));
#674=CARTESIAN_POINT('',(-0.0160681696267283,-0.0272996564284569,0.0512409252286927));
#675=CARTESIAN_POINT('',(-0.0165556947590003,-0.0364949100591003,0.0502755324785029));
#676=CARTESIAN_POINT('',(-0.0171849625181708,-0.0439782872714991,0.0488580713896618));
#677=CARTESIAN_POINT('',(-0.0178487550568404,-0.04929994145967,0.04725109774261));
#678=CARTESIAN_POINT('',(-0.0184959055843029,-0.0529861595617989,0.0456168194518775));
#679=CARTESIAN_POINT('',(-0.0191003297406503,-0.0555116046521277,0.0440532727321824));
#680=CARTESIAN_POINT('',(-0.0196602798948733,-0.0572369564567106,0.0425894673029377));
#681=CARTESIAN_POINT('',(-0.020186069313127,-0.0584493563849212,0.041215622508642));
#682=CARTESIAN_POINT('',(-0.0207096407935726,-0.0593402630072585,0.0398569944365824));
#683=CARTESIAN_POINT('',(-0.0212535087692629,-0.0599650945121533,0.0384639627415544));
#684=CARTESIAN_POINT('',(-0.0218750071382744,-0.0603932937632117,0.0368971054020862));
#685=CARTESIAN_POINT('',(-0.0223190985522058,-0.0605000821101852,0.0357975542057404));
#686=CARTESIAN_POINT('',(-0.0225863565243991,-0.0605,0.0351422974979974));
#687=CARTESIAN_POINT('',(-0.0163517599195698,2.74192504475954E-44,0.0519372133480497));
#688=CARTESIAN_POINT('',(-0.0163516870096444,-0.00489025587496363,0.0519371201906635));
#689=CARTESIAN_POINT('',(-0.016421817251003,-0.0140794891304191,0.0519559229379776));
#690=CARTESIAN_POINT('',(-0.0168400084422992,-0.0272947369908266,0.0513024940811097));
#691=CARTESIAN_POINT('',(-0.0173264858346035,-0.0364835254051557,0.0503466435552156));
#692=CARTESIAN_POINT('',(-0.0179384967816351,-0.0439606722843624,0.0489532692292504));
#693=CARTESIAN_POINT('',(-0.0185718177677042,-0.0492798067826454,0.0473757081781064));
#694=CARTESIAN_POINT('',(-0.0191873083162247,-0.0529671906604269,0.0457690014649282));
#695=CARTESIAN_POINT('',(-0.0197676759249991,-0.0554957904781097,0.0442292001541385));
#696=CARTESIAN_POINT('',(-0.020314630274237,-0.0572248632232747,0.042786271702963));
#697=CARTESIAN_POINT('',(-0.0208375571894617,-0.0584407982680432,0.0414320608565383));
#698=CARTESIAN_POINT('',(-0.0213669337941744,-0.0593349275306339,0.0400936971029063));
#699=CARTESIAN_POINT('',(-0.0219256368995668,-0.0599624599934584,0.038723118293716));
#700=CARTESIAN_POINT('',(-0.0225719530838304,-0.0603927350646463,0.0371839236818599));
#701=CARTESIAN_POINT('',(-0.0230383571918428,-0.0605000853875472,0.0361058777633985));
#702=CARTESIAN_POINT('',(-0.0233199245334055,-0.0605,0.0354642291264973));
#703=CARTESIAN_POINT('',(-0.0170868553966501,-7.31407522758723E-44,0.0519802694867987));
#704=CARTESIAN_POINT('',(-0.0170867827372684,-0.00489147843531886,0.0519801829997321));
#705=CARTESIAN_POINT('',(-0.0171291690336939,-0.0140801805912851,0.0519876573489774));
#706=CARTESIAN_POINT('',(-0.0174890244333527,-0.027292415987221,0.0513263683455353));
#707=CARTESIAN_POINT('',(-0.0179329314328375,-0.0364775804527537,0.0503755395780826));
#708=CARTESIAN_POINT('',(-0.0185116152217118,-0.0439502487280072,0.049001189787716));
#709=CARTESIAN_POINT('',(-0.0191206043726522,-0.0492657847110619,0.0474512548556532));
#710=CARTESIAN_POINT('',(-0.0197170745398005,-0.0529517994903239,0.0458741411799961));
#711=CARTESIAN_POINT('',(-0.0202834653161106,-0.0554813023039872,0.0443616576633638));
#712=CARTESIAN_POINT('',(-0.0208224911207591,-0.0572127963483701,0.0429427344567335));
#713=CARTESIAN_POINT('',(-0.0213436120848191,-0.0584317322699361,0.0416101568039508));
#714=CARTESIAN_POINT('',(-0.0218770540024228,-0.0593290091142547,0.0402930626056561));
#715=CARTESIAN_POINT('',(-0.0224466886033713,-0.0599594306951281,0.0389451158265958));
#716=CARTESIAN_POINT('',(-0.0231123097789151,-0.0603920536330684,0.0374333556157275));
#717=CARTESIAN_POINT('',(-0.0235970364521934,-0.0605000886922637,0.0363766936665437));
#718=CARTESIAN_POINT('',(-0.0238907964002524,-0.0605,0.0357487589139408));
#719=CARTESIAN_POINT('',(-0.0176366458947041,7.60134619254268E-44,0.0519977699501177));
#720=CARTESIAN_POINT('',(-0.0176365833210888,-0.00489218088897383,0.0519976814344358));
#721=CARTESIAN_POINT('',(-0.0176566709597427,-0.0140804527554294,0.051999171629444));
#722=CARTESIAN_POINT('',(-0.0179674274408336,-0.0272913170652617,0.0513369655298032));
#723=CARTESIAN_POINT('',(-0.0183758943513792,-0.0364750190254284,0.0503927107674963));
#724=CARTESIAN_POINT('',(-0.0189309167500456,-0.0439452482804574,0.0490333460263657));
#725=CARTESIAN_POINT('',(-0.0195287051057496,-0.0492573746479476,0.0475044814239075));
#726=CARTESIAN_POINT('',(-0.0201193161366702,-0.0529403845989804,0.0459516484745052));
#727=CARTESIAN_POINT('',(-0.020680390568384,-0.0554687742048462,0.0444630893864456));
#728=CARTESIAN_POINT('',(-0.0212133169902785,-0.0572014361485044,0.0430651155998669));
#729=CARTESIAN_POINT('',(-0.0217283135231772,-0.0584229346911732,0.0417499076254251));
#730=CARTESIAN_POINT('',(-0.0222563124544879,-0.0593233439621746,0.0404478509606077));
#731=CARTESIAN_POINT('',(-0.0228222888564512,-0.0599566838337948,0.0391137935353889));
#732=CARTESIAN_POINT('',(-0.0234870725619716,-0.0603915105493228,0.0376176645149773));
#733=CARTESIAN_POINT('',(-0.0239742579726002,-0.0605000917938581,0.0365731685182395));
#734=CARTESIAN_POINT('',(-0.024270696075603,-0.0605,0.0359533629125604));
#735=CARTESIAN_POINT('',(-0.0180842770116646,-8.96813071151582E-44,0.0520004806586888));
#736=CARTESIAN_POINT('',(-0.0180842108188117,-0.00489231513715535,0.052000366805063));
#737=CARTESIAN_POINT('',(-0.0180827382367052,-0.014079681684953,0.0520007788600116));
#738=CARTESIAN_POINT('',(-0.0183456171216096,-0.0272895022872088,0.0513436277914066));
#739=CARTESIAN_POINT('',(-0.0187178760523888,-0.0364727269484849,0.0504072700849981));
#740=CARTESIAN_POINT('',(-0.0192450922038585,-0.0439422774715645,0.0490596258618585));
#741=CARTESIAN_POINT('',(-0.0198257609352556,-0.0492529758039452,0.0475448555289368));
#742=CARTESIAN_POINT('',(-0.0204054731757887,-0.0529342681362679,0.0460075082922696));
#743=CARTESIAN_POINT('',(-0.0209581822946195,-0.0554616080922469,0.0445343069435077));
#744=CARTESIAN_POINT('',(-0.0214835681749179,-0.0571944546304922,0.0431502136429658));
#745=CARTESIAN_POINT('',(-0.0219916590296329,-0.0584171245428434,0.0418469212067057));
#746=CARTESIAN_POINT('',(-0.0225134647738787,-0.0593192783280267,0.04055548894381));
#747=CARTESIAN_POINT('',(-0.0230746254533646,-0.0599544999340114,0.0392314551373508));
#748=CARTESIAN_POINT('',(-0.0237367134154315,-0.0603909705625149,0.0377467271276881));
#749=CARTESIAN_POINT('',(-0.0242247698601821,-0.0605000913224187,0.0367112224173537));
#750=CARTESIAN_POINT('',(-0.0245230086125652,-0.0605,0.0360975618607617));
#751=CARTESIAN_POINT('',(-0.0184188181037949,3.49645055964864E-43,0.0519997039728474));
#752=CARTESIAN_POINT('',(-0.0184188001361437,-0.0048921706175401,0.0519995841830676));
#753=CARTESIAN_POINT('',(-0.0184105342150133,-0.0140792861039865,0.0520007904550443));
#754=CARTESIAN_POINT('',(-0.0186600801875255,-0.0272887969625675,0.0513501993094886));
#755=CARTESIAN_POINT('',(-0.0190241885432911,-0.0364714380018427,0.0504221999324891));
#756=CARTESIAN_POINT('',(-0.0195479734413748,-0.0439392631010197,0.0490868605220381));
#757=CARTESIAN_POINT('',(-0.0201287488339153,-0.049247032975291,0.0475875489059423));
#758=CARTESIAN_POINT('',(-0.0207082652374497,-0.0529253342837245,0.0460676993500611));
#759=CARTESIAN_POINT('',(-0.0212576120259047,-0.0554511031275551,0.0446117980461777));
#760=CARTESIAN_POINT('',(-0.0217753360715651,-0.0571845471701918,0.0432424120370201));
#761=CARTESIAN_POINT('',(-0.0222722625632255,-0.0584093785017847,0.0419500146102522));
#762=CARTESIAN_POINT('',(-0.0227799456062191,-0.0593144144427601,0.0406660201421762));
#763=CARTESIAN_POINT('',(-0.0233243781866777,-0.0599523120208727,0.0393462401042392));
#764=CARTESIAN_POINT('',(-0.0239669543482791,-0.0603906251413577,0.0378642618323774));
#765=CARTESIAN_POINT('',(-0.0244421296449634,-0.060500092837367,0.0368306059467911));
#766=CARTESIAN_POINT('',(-0.0247337697135667,-0.0605,0.0362187096956699));
#767=CARTESIAN_POINT('',(-0.0189029039302096,-3.96888154025618E-42,0.052000151694774));
#768=CARTESIAN_POINT('',(-0.018902906012672,-0.00489176377177872,0.0520000253342106));
#769=CARTESIAN_POINT('',(-0.0188909513100093,-0.0140782024209175,0.0520034487873628));
#770=CARTESIAN_POINT('',(-0.019128700366382,-0.0272867808792659,0.0513637464746176));
#771=CARTESIAN_POINT('',(-0.0194811449825201,-0.0364684822379136,0.0504481688964459));
#772=CARTESIAN_POINT('',(-0.0199914338101857,-0.0439346127934209,0.0491289696976217));
#773=CARTESIAN_POINT('',(-0.0205583316286202,-0.0492398852127996,0.047647491524715));
#774=CARTESIAN_POINT('',(-0.0211233174923404,-0.0529156042244648,0.0461460798526327));
#775=CARTESIAN_POINT('',(-0.0216570158882304,-0.0554398275243317,0.0447078393385833));
#776=CARTESIAN_POINT('',(-0.0221575679152302,-0.0571735747799682,0.0433538671285416));
#777=CARTESIAN_POINT('',(-0.0226360513937488,-0.0584003195281446,0.0420737167251332));
#778=CARTESIAN_POINT('',(-0.0231236410397741,-0.0593082677309169,0.0407990544903123));
#779=CARTESIAN_POINT('',(-0.0236461427294624,-0.0599492494606053,0.0394857091127186));
#780=CARTESIAN_POINT('',(-0.024263855396665,-0.0603900148942607,0.0380087608907319));
#781=CARTESIAN_POINT('',(-0.0247225028996154,-0.0605000958404497,0.0369783178613858));
#782=CARTESIAN_POINT('',(-0.0250053898002498,-0.0605,0.0363689894759391));
#783=CARTESIAN_POINT('',(-0.0196873303646523,3.41955942066582E-41,0.0519998422848273));
#784=CARTESIAN_POINT('',(-0.0196873536199006,-0.00489069264129011,0.0519997173572768));
#785=CARTESIAN_POINT('',(-0.019686090946741,-0.0140761468782583,0.0520092704731556));
#786=CARTESIAN_POINT('',(-0.0199335024439698,-0.0272832574267399,0.0513910860390229));
#787=CARTESIAN_POINT('',(-0.0202838571368645,-0.0364632744546571,0.0504977802993285));
#788=CARTESIAN_POINT('',(-0.0207790215806769,-0.0439264430296663,0.0492053309160195));
#789=CARTESIAN_POINT('',(-0.0213210551441101,-0.0492276498129947,0.0477517349497302));
#790=CARTESIAN_POINT('',(-0.0218550443965136,-0.0528993291395418,0.0462780251266449));
#791=CARTESIAN_POINT('',(-0.0223540128451558,-0.0554211545943404,0.0448656755237385));
#792=CARTESIAN_POINT('',(-0.0228170407073904,-0.0571553583157646,0.0435339226600559));
#793=CARTESIAN_POINT('',(-0.0232560528483785,-0.0583851311334357,0.0422710327660046));
#794=CARTESIAN_POINT('',(-0.0237010768641563,-0.0592978138994355,0.0410088578187675));
#795=CARTESIAN_POINT('',(-0.0241769105959694,-0.0599439676347346,0.0397028111502182));
#796=CARTESIAN_POINT('',(-0.024740453565693,-0.0603889515446909,0.0382295590848079));
#797=CARTESIAN_POINT('',(-0.0251612749195799,-0.060500102735625,0.0372002547315473));
#798=CARTESIAN_POINT('',(-0.0254229521649036,-0.0605,0.0365923030657391));
#799=CARTESIAN_POINT('',(-0.0210087029111425,-5.00599440333974E-40,0.0520001517547824));
#800=CARTESIAN_POINT('',(-0.0210087100521522,-0.00488858712273351,0.052000032481762));
#801=CARTESIAN_POINT('',(-0.0210491925083584,-0.0140723294457494,0.0520219873410494));
#802=CARTESIAN_POINT('',(-0.0213440684971334,-0.027276616550657,0.0514420645858876));
#803=CARTESIAN_POINT('',(-0.021702250524264,-0.0364537053510674,0.0505856429180452));
#804=CARTESIAN_POINT('',(-0.0221656799193991,-0.0439126386065464,0.049333749911083));
#805=CARTESIAN_POINT('',(-0.0226469143868925,-0.0492087516888031,0.0479187410089163));
#806=CARTESIAN_POINT('',(-0.0231050526349893,-0.0528755882105121,0.0464805843310741));
#807=CARTESIAN_POINT('',(-0.023523074279052,-0.055394435930898,0.0451000337159979));
#808=CARTESIAN_POINT('',(-0.0239045173885544,-0.0571289870863204,0.0437953488185681));
#809=CARTESIAN_POINT('',(-0.0242628202194105,-0.0583624514403713,0.0425538435102909));
#810=CARTESIAN_POINT('',(-0.0246246943835283,-0.0592814386813747,0.0413074992825955));
#811=CARTESIAN_POINT('',(-0.0250122318276198,-0.0599351572222315,0.040010626018964));
#812=CARTESIAN_POINT('',(-0.025474281726543,-0.0603869473616182,0.0385408338644655));
#813=CARTESIAN_POINT('',(-0.025823285660112,-0.0605001143038959,0.0375106768813683));
#814=CARTESIAN_POINT('',(-0.0260433098592001,-0.0605,0.0369024372618866));
#815=CARTESIAN_POINT('',(-0.0229635553375004,6.33488442467835E-39,0.0519999431096584));
#816=CARTESIAN_POINT('',(-0.0229635610497358,-0.00488769343728404,0.0519998509576058));
#817=CARTESIAN_POINT('',(-0.0230732178715333,-0.0140701252620334,0.0520287574265489));
#818=CARTESIAN_POINT('',(-0.0234394761517858,-0.0272695732583606,0.0514806309337465));
#819=CARTESIAN_POINT('',(-0.0238032172190135,-0.0364410721047245,0.0506599370628381));
#820=CARTESIAN_POINT('',(-0.0242073750923792,-0.0438924457287086,0.0494529870573873));
#821=CARTESIAN_POINT('',(-0.0245829114116954,-0.0491804176723459,0.0480852239305638));
#822=CARTESIAN_POINT('',(-0.0249114389773665,-0.0528403380256518,0.0466933142911356));
#823=CARTESIAN_POINT('',(-0.0251922869173821,-0.0553554813662074,0.0453553120099398));
#824=CARTESIAN_POINT('',(-0.0254369394772065,-0.0570910485276661,0.0440872437066145));
#825=CARTESIAN_POINT('',(-0.0256620276516926,-0.0583299448789099,0.0428749914521769));
#826=CARTESIAN_POINT('',(-0.0258894106783011,-0.0592577893704661,0.0416508886731946));
#827=CARTESIAN_POINT('',(-0.0261382046765725,-0.0599221316434943,0.0403680572647846));
#828=CARTESIAN_POINT('',(-0.0264458854055281,-0.0603837774239385,0.038905501634415));
#829=CARTESIAN_POINT('',(-0.0266893358394194,-0.060500125655419,0.0378761089361251));
#830=CARTESIAN_POINT('',(-0.0268479607947285,-0.0605,0.0372679597753935));
#831=CARTESIAN_POINT('',(-0.0253930190668635,-2.95098686570535E-38,0.0520000163988871));
#832=CARTESIAN_POINT('',(-0.0253930410357406,-0.00489105409156348,0.051999938913364));
#833=CARTESIAN_POINT('',(-0.0255067784617829,-0.0140744173962158,0.0520137606777451));
#834=CARTESIAN_POINT('',(-0.0258150060904589,-0.027270926637419,0.0514544516422357));
#835=CARTESIAN_POINT('',(-0.0260896407922708,-0.0364377730212346,0.0506399451894786));
#836=CARTESIAN_POINT('',(-0.026360668915233,-0.0438820111944221,0.0494588044767636));
#837=CARTESIAN_POINT('',(-0.0265844710826101,-0.0491612274989426,0.0481311696077784));
#838=CARTESIAN_POINT('',(-0.0267592882966488,-0.0528121750917147,0.0467873699500147));
#839=CARTESIAN_POINT('',(-0.0268943616259291,-0.0553202201092367,0.0455001668588184));
#840=CARTESIAN_POINT('',(-0.0270038135955491,-0.0570528884653231,0.0442818575916546));
#841=CARTESIAN_POINT('',(-0.0271028791091967,-0.0582940994062384,0.0431151905916366));
#842=CARTESIAN_POINT('',(-0.0272063866594599,-0.0592293336097735,0.0419320130805123));
#843=CARTESIAN_POINT('',(-0.02732945223932,-0.0599052237103774,0.0406828812306452));
#844=CARTESIAN_POINT('',(-0.0274979877238553,-0.0603793398046915,0.0392475029650056));
#845=CARTESIAN_POINT('',(-0.0276457968124752,-0.060500165988719,0.0382304418738712));
#846=CARTESIAN_POINT('',(-0.027747303283994,-0.0605,0.0376287251984313));
#847=CARTESIAN_POINT('',(-0.0280045301235104,1.09596075316375E-37,0.0519999956059242));
#848=CARTESIAN_POINT('',(-0.0280045192588904,-0.00489440427390862,0.0519999254531376));
#849=CARTESIAN_POINT('',(-0.0280647878331055,-0.0140790937983116,0.0520008609542584));
#850=CARTESIAN_POINT('',(-0.0281971484140957,-0.0272740293482783,0.0514338628264782));
#851=CARTESIAN_POINT('',(-0.0282975971627994,-0.0364376839454248,0.0506266522003944));
#852=CARTESIAN_POINT('',(-0.0283745254279946,-0.0438765076532058,0.0494691811077692));
#853=CARTESIAN_POINT('',(-0.0284169512602582,-0.0491483336590586,0.0481763566753618));
#854=CARTESIAN_POINT('',(-0.0284332205267233,-0.0527907198209979,0.0468735111901834));
#855=CARTESIAN_POINT('',(-0.0284350822517374,-0.0552908285914943,0.0456298419718876));
#856=CARTESIAN_POINT('',(-0.028433629621104,-0.057018685927745,0.0444554673072817));
#857=CARTESIAN_POINT('',(-0.0284377443726123,-0.0582600173011862,0.0433307273234972));
#858=CARTESIAN_POINT('',(-0.028453620080928,-0.0592009089707664,0.0421867574592074));
#859=CARTESIAN_POINT('',(-0.0284910749416618,-0.0598878739911574,0.0409708414568565));
#860=CARTESIAN_POINT('',(-0.0285639191805299,-0.0603749825488971,0.0395617250942163));
#861=CARTESIAN_POINT('',(-0.0286411720758971,-0.0605002622661314,0.038555650663816));
#862=CARTESIAN_POINT('',(-0.0286961723116056,-0.0605,0.0379598640668167));
#863=CARTESIAN_POINT('',(-0.0305170685096726,-4.08874432608446E-37,0.052000001177416));
#864=CARTESIAN_POINT('',(-0.0305170204775043,-0.00489609198819202,0.0519999292547231));
#865=CARTESIAN_POINT('',(-0.0305109760377087,-0.0140812682203584,0.051998370224595));
#866=CARTESIAN_POINT('',(-0.0304479775260495,-0.0272739333590157,0.0514408642449227));
#867=CARTESIAN_POINT('',(-0.030365937193281,-0.0364341336961407,0.0506505886701512));
#868=CARTESIAN_POINT('',(-0.0302529734746127,-0.0438675255621775,0.0495200095322667));
#869=CARTESIAN_POINT('',(-0.030130093764048,-0.0491324113921264,0.0482594769125318));
#870=CARTESIAN_POINT('',(-0.030011232350296,-0.0527673844419955,0.0469916619997906));
#871=CARTESIAN_POINT('',(-0.0299060051751586,-0.0552613695623423,0.04578381966825));
#872=CARTESIAN_POINT('',(-0.0298194385523885,-0.0569864627048574,0.0446445887005662));
#873=CARTESIAN_POINT('',(-0.0297525508696023,-0.0582295080971887,0.0435523895282032));
#874=CARTESIAN_POINT('',(-0.0297033346972734,-0.0591767404651278,0.0424376866840893));
#875=CARTESIAN_POINT('',(-0.0296759846990128,-0.0598740224953264,0.0412449285103945));
#876=CARTESIAN_POINT('',(-0.0296731952322651,-0.0603719837724287,0.0398523063171677));
#877=CARTESIAN_POINT('',(-0.0296915787206513,-0.0605003468084463,0.0388525094364425));
#878=CARTESIAN_POINT('',(-0.0297076830129385,-0.0605,0.0382607457422465));
#879=CARTESIAN_POINT('',(-0.0329019403411846,1.52590165511741E-36,0.0519999996844117));
#880=CARTESIAN_POINT('',(-0.0329019021421222,-0.00489575296608121,0.0519999259681946));
#881=CARTESIAN_POINT('',(-0.0328570617877218,-0.0140803720123015,0.0520073827946647));
#882=CARTESIAN_POINT('',(-0.0326651850591906,-0.0272703845081737,0.0514789608456646));
#883=CARTESIAN_POINT('',(-0.0324557844170248,-0.0364275788704442,0.0507172960890058));
#884=CARTESIAN_POINT('',(-0.0322018870359147,-0.0438570076839743,0.0496188849791527));
#885=CARTESIAN_POINT('',(-0.0319480932513076,-0.049117663240833,0.0483895315160949));
#886=CARTESIAN_POINT('',(-0.0317144143185353,-0.052748918053948,0.047150780535716));
#887=CARTESIAN_POINT('',(-0.031511016349362,-0.0552405840098245,0.0459692514106151));
#888=CARTESIAN_POINT('',(-0.0313397978704105,-0.0569655938383467,0.0448531760192988));
#889=CARTESIAN_POINT('',(-0.0311969118574175,-0.0582110021935119,0.0437805452774169));
#890=CARTESIAN_POINT('',(-0.0310736119553398,-0.0591628963457815,0.0426819668775576));
#891=CARTESIAN_POINT('',(-0.0309690431689664,-0.0598665012154334,0.0415005398701531));
#892=CARTESIAN_POINT('',(-0.0308755521435584,-0.0603704952217977,0.0401145884455377));
#893=CARTESIAN_POINT('',(-0.0308261821377802,-0.0605003877419294,0.0391165120698995));
#894=CARTESIAN_POINT('',(-0.0308002832487017,-0.0605,0.0385260378227729));
#895=CARTESIAN_POINT('',(-0.0352903428812123,-5.69473218786119E-36,0.0520000000849373));
#896=CARTESIAN_POINT('',(-0.0352903600871508,-0.00489645626560552,0.0519999333807952));
#897=CARTESIAN_POINT('',(-0.0352550086283755,-0.0140812706152335,0.0520112029025637));
#898=CARTESIAN_POINT('',(-0.0350252344142681,-0.0272703379493639,0.0515000844126651));
#899=CARTESIAN_POINT('',(-0.0347497394783752,-0.0364264523415718,0.0507576935102038));
#900=CARTESIAN_POINT('',(-0.0343931832161602,-0.0438547207612025,0.0496830965626835));
#901=CARTESIAN_POINT('',(-0.0340206301024679,-0.0491143878743946,0.0484779946689479));
#902=CARTESIAN_POINT('',(-0.0336652674083691,-0.0527448759295413,0.0472620583236653));
#903=CARTESIAN_POINT('',(-0.0333447766300063,-0.0552360092730796,0.0461009296023124));
#904=CARTESIAN_POINT('',(-0.0330625171171148,-0.0569607600978301,0.0450026598176136));
#905=CARTESIAN_POINT('',(-0.0328129302099613,-0.0582062513992912,0.043945518172762));
#906=CARTESIAN_POINT('',(-0.0325806968689468,-0.0591586718727548,0.0428608896287717));
#907=CARTESIAN_POINT('',(-0.0323598421455691,-0.0598634696038948,0.0416917034706374));
#908=CARTESIAN_POINT('',(-0.0321317530883668,-0.0603693429638888,0.0403163759837844));
#909=CARTESIAN_POINT('',(-0.0319877906722292,-0.060500375377531,0.0393228228483526));
#910=CARTESIAN_POINT('',(-0.0319077793119981,-0.0605,0.0387340243771079));
#911=CARTESIAN_POINT('',(-0.0375463108725855,1.97559293583169E-35,0.0519999999819002));
#912=CARTESIAN_POINT('',(-0.0375463341650451,-0.00489950787026593,0.0519999379992797));
#913=CARTESIAN_POINT('',(-0.0375535068120037,-0.0140858242985672,0.0520020321423517));
#914=CARTESIAN_POINT('',(-0.0373463079803994,-0.0272745110926917,0.0514804524988054));
#915=CARTESIAN_POINT('',(-0.0370434731138816,-0.0364293847734846,0.0507363971056062));
#916=CARTESIAN_POINT('',(-0.036606283245485,-0.0438558024286322,0.0496691222233006));
#917=CARTESIAN_POINT('',(-0.0361206314725474,-0.0491132967785613,0.0484781597133213));
#918=CARTESIAN_POINT('',(-0.0356397407336207,-0.0527414872528658,0.0472800923672079));
#919=CARTESIAN_POINT('',(-0.0351943866976264,-0.0552304958378326,0.0461382177069055));
#920=CARTESIAN_POINT('',(-0.0347926714245114,-0.0569537116282874,0.0450593571740681));
#921=CARTESIAN_POINT('',(-0.0344286477522809,-0.0581986463262065,0.0440210512437614));
#922=CARTESIAN_POINT('',(-0.0340801404544215,-0.0591517334008017,0.0429549446243299));
#923=CARTESIAN_POINT('',(-0.0337349973071617,-0.0598587239388855,0.0418033786334811));
#924=CARTESIAN_POINT('',(-0.0333600505418404,-0.060367833066108,0.0404447355623118));
#925=CARTESIAN_POINT('',(-0.0331073915326622,-0.0605003829696069,0.0394599526978967));
#926=CARTESIAN_POINT('',(-0.0329610725756179,-0.0605,0.0388754966568668));
#927=CARTESIAN_POINT('',(-0.0395635001094245,-5.51973120963596E-35,0.0520000000017223));
#928=CARTESIAN_POINT('',(-0.0395635269384549,-0.00490287010105552,0.0519999414960871));
#929=CARTESIAN_POINT('',(-0.0395917493918307,-0.0140909955200317,0.0519912172703608));
#930=CARTESIAN_POINT('',(-0.0393748141115106,-0.0272795666384538,0.0514535294360869));
#931=CARTESIAN_POINT('',(-0.0390279480492404,-0.0364334299123989,0.0507019684141288));
#932=CARTESIAN_POINT('',(-0.0385060860670648,-0.0438584041072105,0.0496350758235763));
#933=CARTESIAN_POINT('',(-0.0379140477562729,-0.0491143344041864,0.0484512202418897));
#934=CARTESIAN_POINT('',(-0.0373207668770616,-0.0527409678116636,0.0472642279491423));
#935=CARTESIAN_POINT('',(-0.0367669301578071,-0.0552285806389057,0.0461352134280113));
#936=CARTESIAN_POINT('',(-0.0362638321012364,-0.0569507881645617,0.0450697919787271));
#937=CARTESIAN_POINT('',(-0.0358044900763247,-0.0581953075239742,0.0440448238696404));
#938=CARTESIAN_POINT('',(-0.035360620264075,-0.0591486860867786,0.0429921506912479));
#939=CARTESIAN_POINT('',(-0.034914806095976,-0.0598567804560271,0.0418539554455807));
#940=CARTESIAN_POINT('',(-0.0344211972519212,-0.0603673959881089,0.0405092752055315));
#941=CARTESIAN_POINT('',(-0.0340796576430392,-0.0605004072911746,0.0395336568719122));
#942=CARTESIAN_POINT('',(-0.0338775297995775,-0.0605,0.0389549698998285));
#943=CARTESIAN_POINT('',(-0.0411335866773388,7.27483007156007E-35,0.0519999999999411));
#944=CARTESIAN_POINT('',(-0.0411335877881879,-0.00490474170348607,0.0519999447022586));
#945=CARTESIAN_POINT('',(-0.0411503808076206,-0.0140941714675653,0.0519877504552335));
#946=CARTESIAN_POINT('',(-0.0408717694127993,-0.0272818256931787,0.0514454786635162));
#947=CARTESIAN_POINT('',(-0.0404531049425797,-0.0364334856663811,0.0506923630614745));
#948=CARTESIAN_POINT('',(-0.0398404361072036,-0.0438550068406912,0.0496269745202208));
#949=CARTESIAN_POINT('',(-0.0391559056396534,-0.0491071250652046,0.0484473277030197));
#950=CARTESIAN_POINT('',(-0.038477038174174,-0.0527305117346775,0.0472663392378594));
#951=CARTESIAN_POINT('',(-0.0378483767801051,-0.055216293071588,0.0461441108255229));
#952=CARTESIAN_POINT('',(-0.0372809832925995,-0.0569387297405035,0.0450852369454828));
#953=CARTESIAN_POINT('',(-0.0367649668555334,-0.0581854626365472,0.0440655791854474));
#954=CARTESIAN_POINT('',(-0.0362668871700313,-0.0591425968134105,0.043016478145072));
#955=CARTESIAN_POINT('',(-0.0357648054177252,-0.0598548489392949,0.041879510950366));
#956=CARTESIAN_POINT('',(-0.0352026440013749,-0.060367986800217,0.0405352881788851));
#957=CARTESIAN_POINT('',(-0.0348053344470824,-0.0605004576144887,0.0395625419550003));
#958=CARTESIAN_POINT('',(-0.0345654283958483,-0.0605,0.0389880183994308));
#959=CARTESIAN_POINT('',(-0.0423148564350336,-1.41519856276461E-34,0.0519999999996303));
#960=CARTESIAN_POINT('',(-0.0423148204160532,-0.00490494572384494,0.0519999436630787));
#961=CARTESIAN_POINT('',(-0.0423111786851491,-0.0140948490094217,0.0519926303368784));
#962=CARTESIAN_POINT('',(-0.0419616673708681,-0.0272811937005493,0.0514596729852328));
#963=CARTESIAN_POINT('',(-0.0414711452082058,-0.0364305313038448,0.0507130281370649));
#964=CARTESIAN_POINT('',(-0.0407773990672344,-0.0438484578116252,0.0496524048216429));
#965=CARTESIAN_POINT('',(-0.0400173036261586,-0.049096719018432,0.0484758848908417));
#966=CARTESIAN_POINT('',(-0.0392734352277618,-0.0527171357125042,0.047297143044443));
#967=CARTESIAN_POINT('',(-0.0385915594048248,-0.0552018198761324,0.046176481737294));
#968=CARTESIAN_POINT('',(-0.0379813289092006,-0.0569256485984346,0.0451180002827743));
#969=CARTESIAN_POINT('',(-0.0374296765117724,-0.0581758912848889,0.0440967913548796));
#970=CARTESIAN_POINT('',(-0.0368990291293406,-0.05913787283989,0.0430435265073453));
#971=CARTESIAN_POINT('',(-0.0363637938830993,-0.0598545505120424,0.0418992991166191));
#972=CARTESIAN_POINT('',(-0.0357599508689799,-0.0603693175088386,0.0405467790757577));
#973=CARTESIAN_POINT('',(-0.0353263092240948,-0.060500492467144,0.0395723134570113));
#974=CARTESIAN_POINT('',(-0.035060626974995,-0.0605,0.0389995845159278));
#975=CARTESIAN_POINT('',(-0.0432241982881307,2.29751142101166E-34,0.0520000000006316));
#976=CARTESIAN_POINT('',(-0.0432241051562041,-0.00490418412681078,0.0519999314497268));
#977=CARTESIAN_POINT('',(-0.0431956196617947,-0.014094083423181,0.0520019597635054));
#978=CARTESIAN_POINT('',(-0.0427718182125649,-0.027278447258374,0.0514848200477157));
#979=CARTESIAN_POINT('',(-0.0422110575383275,-0.0364245734474299,0.0507478050384939));
#980=CARTESIAN_POINT('',(-0.0414436692262857,-0.0438373320796686,0.049692748121414));
#981=CARTESIAN_POINT('',(-0.0406197731497765,-0.0490798037077709,0.0485187591610754));
#982=CARTESIAN_POINT('',(-0.0398251217436879,-0.0526955713226598,0.0473413686794511));
#983=CARTESIAN_POINT('',(-0.039105301377454,-0.0551783662482047,0.0462214781024102));
#984=CARTESIAN_POINT('',(-0.0384680169952334,-0.0569041725803906,0.0451624190194678));
#985=CARTESIAN_POINT('',(-0.0378968531867403,-0.0581598121518087,0.0441378569835921));
#986=CARTESIAN_POINT('',(-0.0373507230793475,-0.0591294226207341,0.0430771194361227));
#987=CARTESIAN_POINT('',(-0.0368005977282603,-0.0598531707424276,0.0419202357816074));
#988=CARTESIAN_POINT('',(-0.0361752077278159,-0.0603708110846224,0.0405526229325038));
#989=CARTESIAN_POINT('',(-0.0357183108336212,-0.0605005153984638,0.0395727557059382));
#990=CARTESIAN_POINT('',(-0.0354343916771223,-0.0605,0.0390001070054557));
#991=CARTESIAN_POINT('',(-0.0441612126247756,-8.9236028317879E-34,0.0519999999975274));
#992=CARTESIAN_POINT('',(-0.0441610669818196,-0.00490256076020784,0.0519999111132921));
#993=CARTESIAN_POINT('',(-0.0441080826033739,-0.0140919350568897,0.0520169788593355));
#994=CARTESIAN_POINT('',(-0.04360770602185,-0.0272745415249581,0.0515260738852121));
#995=CARTESIAN_POINT('',(-0.0429730726246614,-0.036418287959057,0.0508051268619657));
#996=CARTESIAN_POINT('',(-0.0421263847416293,-0.043827159882782,0.0497586130239522));
#997=CARTESIAN_POINT('',(-0.0412317010858153,-0.0490649927940875,0.048586704325476));
#998=CARTESIAN_POINT('',(-0.040378466271397,-0.0526766163490514,0.047408209711914));
#999=CARTESIAN_POINT('',(-0.039612722600985,-0.0551571504671801,0.0462859990661233));
#1000=CARTESIAN_POINT('',(-0.0389408626598789,-0.0568837975477116,0.0452236361651921));
#1001=CARTESIAN_POINT('',(-0.0383437858648207,-0.0581434580199741,0.0441937645421962));
#1002=CARTESIAN_POINT('',(-0.0377772700693848,-0.0591195879946178,0.0431241521839789));
#1003=CARTESIAN_POINT('',(-0.0372100087235778,-0.0598501897722392,0.0419530109077118));
#1004=CARTESIAN_POINT('',(-0.0365648529709363,-0.0603715253787931,0.040566723119637));
#1005=CARTESIAN_POINT('',(-0.0360898336179784,-0.0605005351868456,0.0395765008646139));
#1006=CARTESIAN_POINT('',(-0.0357922694390886,-0.0605,0.0389999339595215));
#1007=CARTESIAN_POINT('',(-0.0452749686109123,8.82659758141161E-33,0.0520000000244919));
#1008=CARTESIAN_POINT('',(-0.0452748309714733,-0.00490043690201319,0.051999904107427));
#1009=CARTESIAN_POINT('',(-0.0452014155437832,-0.0140889034070585,0.0520365780118024));
#1010=CARTESIAN_POINT('',(-0.0446307188979364,-0.0272708727759458,0.0515821194712747));
#1011=CARTESIAN_POINT('',(-0.0439252494586959,-0.0364148819379219,0.0508849143122936));
#1012=CARTESIAN_POINT('',(-0.0429981712205659,-0.0438249745050828,0.0498518170478887));
#1013=CARTESIAN_POINT('',(-0.0420267510726672,-0.049064953135672,0.0486821890737125));
#1014=CARTESIAN_POINT('',(-0.0411046606333816,-0.0526793221889985,0.0474982076435124));
#1015=CARTESIAN_POINT('',(-0.0402793134755954,-0.0551627127277293,0.0463658616057542));
#1016=CARTESIAN_POINT('',(-0.0395562792103627,-0.0568917090711632,0.0452907066500899));
#1017=CARTESIAN_POINT('',(-0.0389143395390352,-0.0581525506129419,0.0442468722750603));
#1018=CARTESIAN_POINT('',(-0.038305819053263,-0.0591281955392346,0.0431625731252493));
#1019=CARTESIAN_POINT('',(-0.0376974922073761,-0.059856046875761,0.0419771942237818));
#1020=CARTESIAN_POINT('',(-0.0370077391681607,-0.0603732030366232,0.0405778708677933));
#1021=CARTESIAN_POINT('',(-0.0365023299877185,-0.0605005072720614,0.039580720636859));
#1022=CARTESIAN_POINT('',(-0.0361866854321728,-0.0605,0.039000023641854));
#1023=CARTESIAN_POINT('',(-0.0465688522186337,-4.13350130925356E-32,0.0519999998852984));
#1024=CARTESIAN_POINT('',(-0.0465687968409751,-0.004898845685892,0.0519999133522348));
#1025=CARTESIAN_POINT('',(-0.0464879997600515,-0.0140866274165714,0.0520549955197848));
#1026=CARTESIAN_POINT('',(-0.0458700959257793,-0.027270217054978,0.0516369986460503));
#1027=CARTESIAN_POINT('',(-0.045108063471751,-0.0364183127878382,0.0509647679648049));
#1028=CARTESIAN_POINT('',(-0.0441063142639648,-0.0438363738415702,0.049946327408928));
#1029=CARTESIAN_POINT('',(-0.0430540365178748,-0.0490870581276541,0.0487781634674522));
#1030=CARTESIAN_POINT('',(-0.0420509149857487,-0.0527124373802324,0.0475846956760805));
#1031=CARTESIAN_POINT('',(-0.0411478245527583,-0.0552041242283575,0.0464354069517822));
#1032=CARTESIAN_POINT('',(-0.0403506928978794,-0.0569356542657216,0.0453396474505705));
#1033=CARTESIAN_POINT('',(-0.0396373293881453,-0.058192016229044,0.0442761609311755));
#1034=CARTESIAN_POINT('',(-0.0389564127430027,-0.0591565488147358,0.0431763406341026));
#1035=CARTESIAN_POINT('',(-0.0382737146993063,-0.0598694203380038,0.0419839318871847));
#1036=CARTESIAN_POINT('',(-0.0375057156747714,-0.0603746338815251,0.0405843894668967));
#1037=CARTESIAN_POINT('',(-0.0369543551957157,-0.0605004517179819,0.0395852950325533));
#1038=CARTESIAN_POINT('',(-0.0366154741340051,-0.0605,0.0389999931623523));
#1039=CARTESIAN_POINT('',(-0.047959407337006,1.5356277180791E-31,0.0520000004261268));
#1040=CARTESIAN_POINT('',(-0.0479594601485574,-0.00490028503638709,0.051999902690831));
#1041=CARTESIAN_POINT('',(-0.0479077056964174,-0.0140889989371293,0.0520575549413782));
#1042=CARTESIAN_POINT('',(-0.0473034338481176,-0.0272780999551498,0.0516444473486875));
#1043=CARTESIAN_POINT('',(-0.0465215446109015,-0.0364345561908923,0.0509747835554025));
#1044=CARTESIAN_POINT('',(-0.0454633617225936,-0.0438661974968185,0.0499553454225267));
#1045=CARTESIAN_POINT('',(-0.0443302432795257,-0.049133238329259,0.0487809547899404));
#1046=CARTESIAN_POINT('',(-0.043233234234977,-0.0527738188077266,0.047575795958935));
#1047=CARTESIAN_POINT('',(-0.0422312462129132,-0.0552750142855725,0.0464110539739699));
#1048=CARTESIAN_POINT('',(-0.0413334881600075,-0.0570063072390817,0.045299817537729));
#1049=CARTESIAN_POINT('',(-0.0405191252665099,-0.0582521718843387,0.0442260739731511));
#1050=CARTESIAN_POINT('',(-0.0397332268635141,-0.0591976492194462,0.0431252749123605));
#1051=CARTESIAN_POINT('',(-0.0389403394860203,-0.0598878053547207,0.0419462661999951));
#1052=CARTESIAN_POINT('',(-0.0380533909268724,-0.0603758037326599,0.0405719687600448));
#1053=CARTESIAN_POINT('',(-0.0374301464442417,-0.0605002781774147,0.0395859202578289));
#1054=CARTESIAN_POINT('',(-0.0370573908684141,-0.0605,0.0390000019158259));
#1055=CARTESIAN_POINT('',(-0.0493538987712286,-5.72916074139105E-31,0.0519999984101945));
#1056=CARTESIAN_POINT('',(-0.0493539726668615,-0.00490472594923596,0.0519999000324461));
#1057=CARTESIAN_POINT('',(-0.0493335188671013,-0.0140960435845019,0.0520433348092064));
#1058=CARTESIAN_POINT('',(-0.0487393852858402,-0.0272879527273807,0.0516022366229322));
#1059=CARTESIAN_POINT('',(-0.0479294794629204,-0.0364469573242037,0.0509133797221453));
#1060=CARTESIAN_POINT('',(-0.0468023494146037,-0.0438820730595892,0.0498814164896238));
#1061=CARTESIAN_POINT('',(-0.0455761949464419,-0.0491528320780171,0.0487016808084473));
#1062=CARTESIAN_POINT('',(-0.0443769345636031,-0.0527962598550275,0.0474958184856127));
#1063=CARTESIAN_POINT('',(-0.0432732574135403,-0.0552982610398433,0.0463332547936834));
#1064=CARTESIAN_POINT('',(-0.0422781932157727,-0.0570275091266626,0.0452267753170642));
#1065=CARTESIAN_POINT('',(-0.0413712247408209,-0.0582688497426372,0.044160760644909));
#1066=CARTESIAN_POINT('',(-0.0404927326518261,-0.0592081079043057,0.0430715027825237));
#1067=CARTESIAN_POINT('',(-0.0396039482880141,-0.0598919124699268,0.0419089203799982));
#1068=CARTESIAN_POINT('',(-0.0386089504182894,-0.0603755624398725,0.0405556188484913));
#1069=CARTESIAN_POINT('',(-0.0379110129170346,-0.0605001771500825,0.039582388391116));
#1070=CARTESIAN_POINT('',(-0.0374965180037646,-0.0605,0.0389999991743442));
#1071=CARTESIAN_POINT('',(-0.0507356103917071,2.13810152474851E-30,0.0520000059330952));
#1072=CARTESIAN_POINT('',(-0.0507356856225392,-0.00491009346122092,0.0519999182086316));
#1073=CARTESIAN_POINT('',(-0.0507402923249972,-0.0141044862146309,0.0520239402535879));
#1074=CARTESIAN_POINT('',(-0.0501482279805467,-0.0272973287516253,0.0515470093021899));
#1075=CARTESIAN_POINT('',(-0.0493058513140743,-0.0364559946668657,0.0508349327453757));
#1076=CARTESIAN_POINT('',(-0.0481071347342177,-0.0438903647191983,0.0497897340138407));
#1077=CARTESIAN_POINT('',(-0.0467870756647301,-0.0491601104026052,0.0486071781885598));
#1078=CARTESIAN_POINT('',(-0.0454866145421929,-0.0528021349978027,0.0474054979187594));
#1079=CARTESIAN_POINT('',(-0.0442843162934134,-0.0553022975192183,0.0462512285573478));
#1080=CARTESIAN_POINT('',(-0.0431969420502401,-0.0570294242389147,0.0451555051848674));
#1081=CARTESIAN_POINT('',(-0.0422037590162857,-0.0582687618008727,0.0441016921409176));
#1082=CARTESIAN_POINT('',(-0.0412401962061105,-0.0592064804759593,0.0430260914182022));
#1083=CARTESIAN_POINT('',(-0.0402638113434721,-0.0598898269856129,0.0418785006971835));
#1084=CARTESIAN_POINT('',(-0.039169061929949,-0.0603744095819272,0.0405414944451798));
#1085=CARTESIAN_POINT('',(-0.0383997611843595,-0.0605001576927656,0.0395778660320603));
#1086=CARTESIAN_POINT('',(-0.0379420630425909,-0.0605,0.0390000013867969));
#1087=CARTESIAN_POINT('',(-0.0520136668072558,-7.41740160543253E-30,0.0519999794171843));
#1088=CARTESIAN_POINT('',(-0.052013707295206,-0.00491414459333089,0.0519999077757406));
#1089=CARTESIAN_POINT('',(-0.0520182350427626,-0.0141112390703869,0.0520109528352125));
#1090=CARTESIAN_POINT('',(-0.0513880174607614,-0.0273017224182398,0.0515116163685619));
#1091=CARTESIAN_POINT('',(-0.050489716637014,-0.0364551114351089,0.0507861042819312));
#1092=CARTESIAN_POINT('',(-0.0492089885195425,-0.0438810317995939,0.0497353036921041));
#1093=CARTESIAN_POINT('',(-0.0477974317091995,-0.0491408651814962,0.0485555793658888));
#1094=CARTESIAN_POINT('',(-0.0464075191348064,-0.0527735506055019,0.0473631556650501));
#1095=CARTESIAN_POINT('',(-0.0451245577298506,-0.0552672307339449,0.0462219953770432));
#1096=CARTESIAN_POINT('',(-0.0439670250541899,-0.0569928106698453,0.045140411151686));
#1097=CARTESIAN_POINT('',(-0.0429123042211745,-0.0582359804996572,0.0440986661306496));
#1098=CARTESIAN_POINT('',(-0.0418909195899009,-0.0591823365274027,0.0430311242281971));
#1099=CARTESIAN_POINT('',(-0.0408566096376101,-0.059877417513327,0.0418846898556216));
#1100=CARTESIAN_POINT('',(-0.0396942816898905,-0.060372653447479,0.0405422905031379));
#1101=CARTESIAN_POINT('',(-0.0388721092431337,-0.0605003032600104,0.0395749902858471));
#1102=CARTESIAN_POINT('',(-0.0383776430374673,-0.0605,0.0389999956178198));
#1103=CARTESIAN_POINT('',(-0.053104573691669,2.07239347171498E-29,0.0520000575075951));
#1104=CARTESIAN_POINT('',(-0.0531045940516554,-0.0049162882976253,0.0519999916800425));
#1105=CARTESIAN_POINT('',(-0.0531065644137484,-0.0141149625665984,0.0520074431944443));
#1106=CARTESIAN_POINT('',(-0.0524389528884644,-0.0273041115489984,0.0515017214946072));
#1107=CARTESIAN_POINT('',(-0.0514907260479145,-0.0364544266336419,0.0507724047040399));
#1108=CARTESIAN_POINT('',(-0.0501410498461694,-0.0438753516995303,0.0497203321929849));
#1109=CARTESIAN_POINT('',(-0.0486551827171421,-0.0491293277527455,0.0485423227598814));
#1110=CARTESIAN_POINT('',(-0.047193831609879,-0.0527565398777306,0.0473541593081039));
#1111=CARTESIAN_POINT('',(-0.0458467862117298,-0.0552464805633666,0.046218906476959));
#1112=CARTESIAN_POINT('',(-0.0446333971160965,-0.0569712818998592,0.0451435897392681));
#1113=CARTESIAN_POINT('',(-0.0435294621355452,-0.0582169086303976,0.0441068110742555));
#1114=CARTESIAN_POINT('',(-0.0424617056783745,-0.0591686123840995,0.0430416940612029));
#1115=CARTESIAN_POINT('',(-0.0413810265723571,-0.0598707637874474,0.041893335509963));
#1116=CARTESIAN_POINT('',(-0.0401652578578117,-0.0603719781382507,0.0405449584172109));
#1117=CARTESIAN_POINT('',(-0.0393023061293844,-0.0605003741481385,0.0395742585907898));
#1118=CARTESIAN_POINT('',(-0.0387809738251281,-0.0605,0.0390000121679));
#1119=CARTESIAN_POINT('',(-0.0539513547880685,-2.94020698580327E-29,0.0519999184111343));
#1120=CARTESIAN_POINT('',(-0.0539513705591069,-0.00491766334943373,0.0519998537400973));
#1121=CARTESIAN_POINT('',(-0.0539528701758189,-0.0141173948067702,0.0520059420327644));
#1122=CARTESIAN_POINT('',(-0.0532605856504946,-0.0273064879245988,0.0514977566877392));
#1123=CARTESIAN_POINT('',(-0.0522779527354608,-0.0364560840215331,0.0507669013426802));
#1124=CARTESIAN_POINT('',(-0.0508797202354487,-0.0438758094215367,0.0497141054026478));
#1125=CARTESIAN_POINT('',(-0.0493407033168118,-0.0491284293803561,0.048536284304392));
#1126=CARTESIAN_POINT('',(-0.047827388001983,-0.0527543944316395,0.0473490154318623));
#1127=CARTESIAN_POINT('',(-0.0464327677946801,-0.0552434441498793,0.0462150942312494));
#1128=CARTESIAN_POINT('',(-0.0451768610454875,-0.0569679254212535,0.045141252600124));
#1129=CARTESIAN_POINT('',(-0.044034524675206,-0.0582138460174274,0.0441057594777555));
#1130=CARTESIAN_POINT('',(-0.0429298295749636,-0.0591663873386018,0.0430415203006212));
#1131=CARTESIAN_POINT('',(-0.0418118276648891,-0.0598697063102511,0.0418933245922249));
#1132=CARTESIAN_POINT('',(-0.040553764840289,-0.0603718970496078,0.0405445230285264));
#1133=CARTESIAN_POINT('',(-0.0396602011315162,-0.0605003864714526,0.039573752574735));
#1134=CARTESIAN_POINT('',(-0.0391199463325706,-0.0605,0.0389999827403767));
#1135=CARTESIAN_POINT('',(-0.0545927674483543,7.04785465770298E-29,0.0520001955734648));
#1136=CARTESIAN_POINT('',(-0.0545927889349711,-0.00491872901429064,0.0520001303658238));
#1137=CARTESIAN_POINT('',(-0.0545970474397665,-0.014119042635344,0.0520049512380923));
#1138=CARTESIAN_POINT('',(-0.0538929576987404,-0.0273084981969155,0.0514943468405708));
#1139=CARTESIAN_POINT('',(-0.0528898246213806,-0.0364585008911918,0.0507618336268486));
#1140=CARTESIAN_POINT('',(-0.0514597401601346,-0.0438790019141905,0.049707866362238));
#1141=CARTESIAN_POINT('',(-0.0498839562291035,-0.0491326109495792,0.0485293110718044));
#1142=CARTESIAN_POINT('',(-0.0483333078600417,-0.0527594317547567,0.0473415020406342));
#1143=CARTESIAN_POINT('',(-0.0469034036939963,-0.0552488477361867,0.0462071683783123));
#1144=CARTESIAN_POINT('',(-0.0456150239129984,-0.0569729487747744,0.0451332040696263));
#1145=CARTESIAN_POINT('',(-0.0444426692772978,-0.0582177970159335,0.0440981475764329));
#1146=CARTESIAN_POINT('',(-0.0433086433284619,-0.0591687713539529,0.0430351480193758));
#1147=CARTESIAN_POINT('',(-0.0421609072793197,-0.0598704949536782,0.0418892345395455));
#1148=CARTESIAN_POINT('',(-0.0408698508561555,-0.0603717498454116,0.040543366350388));
#1149=CARTESIAN_POINT('',(-0.0399536425041944,-0.0605003743643922,0.0395738231430914));
#1150=CARTESIAN_POINT('',(-0.0394001802650293,-0.0605,0.039000041371242));
#1151=CARTESIAN_POINT('',(-0.055102169308634,-1.97789015346713E-28,0.0519994511481164));
#1152=CARTESIAN_POINT('',(-0.0551021954272462,-0.0049196508539335,0.051999383922021));
#1153=CARTESIAN_POINT('',(-0.0551093630241918,-0.0141207931478032,0.0520023744924074));
#1154=CARTESIAN_POINT('',(-0.0543981450317896,-0.0273117104866101,0.0514882864561669));
#1155=CARTESIAN_POINT('',(-0.0533808829844435,-0.0364633465873769,0.0507533332942834));
#1156=CARTESIAN_POINT('',(-0.0519277245950852,-0.0438861639395824,0.0496974660624729));
#1157=CARTESIAN_POINT('',(-0.0503245163192266,-0.0491423238313703,0.0485174012699724));
#1158=CARTESIAN_POINT('',(-0.0487453575374989,-0.0527712861979772,0.0473281019815219));
#1159=CARTESIAN_POINT('',(-0.0472879147425965,-0.0552617760599998,0.0461922710656182));
#1160=CARTESIAN_POINT('',(-0.0459736426062356,-0.0569853710114497,0.0451171863419241));
#1161=CARTESIAN_POINT('',(-0.0447769225065399,-0.0582281796996055,0.0440820055315011));
#1162=CARTESIAN_POINT('',(-0.0436187677492282,-0.0591758802276351,0.0430204335148056));
#1163=CARTESIAN_POINT('',(-0.0424463882968004,-0.0598738274718487,0.0418782499447435));
#1164=CARTESIAN_POINT('',(-0.0411281212033265,-0.0603721197190089,0.0405382751555934));
#1165=CARTESIAN_POINT('',(-0.0401936334498054,-0.0605003507439241,0.0395724556285002));
#1166=CARTESIAN_POINT('',(-0.0396297977384233,-0.0604999999999999,0.0389998838971645));
#1167=CARTESIAN_POINT('',(-0.0554929949085055,3.20524637549954E-28,0.0520008894353953));
#1168=CARTESIAN_POINT('',(-0.0554930348791557,-0.00492057516896816,0.0520008199629332));
#1169=CARTESIAN_POINT('',(-0.055508303814771,-0.0141216116725557,0.0520015060157275));
#1170=CARTESIAN_POINT('',(-0.0548026861184032,-0.027312722207659,0.0514827321022661));
#1171=CARTESIAN_POINT('',(-0.0537822957651972,-0.0364652738852884,0.0507444336718379));
#1172=CARTESIAN_POINT('',(-0.0523168694520534,-0.043890003331362,0.0496861100903162));
#1173=CARTESIAN_POINT('',(-0.0506953332767991,-0.0491484603866877,0.0485044973394703));
#1174=CARTESIAN_POINT('',(-0.0490949933815111,-0.0527792577272629,0.0473141701266383));
#1175=CARTESIAN_POINT('',(-0.0476158420367851,-0.0552704082727557,0.0461777686424707));
#1176=CARTESIAN_POINT('',(-0.0462804455114954,-0.0569931072883342,0.0451029237480128));
#1177=CARTESIAN_POINT('',(-0.0450635645515126,-0.058233772406797,0.0440692269688914));
#1178=CARTESIAN_POINT('',(-0.0438854458861484,-0.0591786217802826,0.043010706248629));
#1179=CARTESIAN_POINT('',(-0.0426930202564617,-0.0598740515189185,0.0418732629996217));
#1180=CARTESIAN_POINT('',(-0.0413534661001229,-0.0603713927058059,0.0405384656695888));
#1181=CARTESIAN_POINT('',(-0.0404057152001745,-0.060500325958078,0.0395738115636037));
#1182=CARTESIAN_POINT('',(-0.0398349653587106,-0.0605,0.0390001881490567));
#1183=CARTESIAN_POINT('',(-0.0559812420220331,-1.24457185362807E-27,0.0519965463926047));
#1184=CARTESIAN_POINT('',(-0.0559812726087155,-0.00492161859362712,0.0519964711437804));
#1185=CARTESIAN_POINT('',(-0.0559973818225356,-0.0141249013999772,0.0519933609527212));
#1186=CARTESIAN_POINT('',(-0.0552825145617324,-0.0273206540101595,0.0514673508864539));
#1187=CARTESIAN_POINT('',(-0.0542476508768496,-0.0364777013807345,0.050723952346998));
#1188=CARTESIAN_POINT('',(-0.0527603379706673,-0.04390780115861,0.0496616034344296));
#1189=CARTESIAN_POINT('',(-0.0511134255690659,-0.0491715810600213,0.0484767550080123));
#1190=CARTESIAN_POINT('',(-0.0494867568903592,-0.0528066322736374,0.0472832162050929));
#1191=CARTESIAN_POINT('',(-0.0479819305737465,-0.0552999052375575,0.0461435136758093));
#1192=CARTESIAN_POINT('',(-0.0466219955121403,-0.0570217090904639,0.0450659249700765));
#1193=CARTESIAN_POINT('',(-0.0453816033723732,-0.0582584690101407,0.0440311993523371));
#1194=CARTESIAN_POINT('',(-0.0441797832923049,-0.0591967629061626,0.0429744894941924));
#1195=CARTESIAN_POINT('',(-0.0429626669122638,-0.0598839134778934,0.0418436082920379));
#1196=CARTESIAN_POINT('',(-0.0415953147752318,-0.0603734760943158,0.0405213278937595));
#1197=CARTESIAN_POINT('',(-0.0406284961037528,-0.060500283448704,0.0395673570105915));
#1198=CARTESIAN_POINT('',(-0.0400468041026845,-0.0605,0.0389992694320803));
#1199=CARTESIAN_POINT('',(-0.0565545388102271,1.41170332364456E-26,0.0519717457867901));
#1200=CARTESIAN_POINT('',(-0.0565545629506846,-0.00492282886145498,0.0519716678095184));
#1201=CARTESIAN_POINT('',(-0.0565728087620137,-0.0141278886291911,0.0519640904202272));
#1202=CARTESIAN_POINT('',(-0.0558498794686323,-0.0273267535868543,0.0514304520133073));
#1203=CARTESIAN_POINT('',(-0.0548004200294476,-0.0364866698989632,0.0506824234724292));
#1204=CARTESIAN_POINT('',(-0.0532898185707606,-0.0439201060028143,0.0496176170087038));
#1205=CARTESIAN_POINT('',(-0.0516154051561844,-0.0491870603748258,0.0484320665613811));
#1206=CARTESIAN_POINT('',(-0.0499601930169257,-0.0528244382195054,0.0472386063185991));
#1207=CARTESIAN_POINT('',(-0.048427806751324,-0.0553185549758861,0.0460993413261215));
#1208=CARTESIAN_POINT('',(-0.0470419714336178,-0.0570392874238574,0.0450227895472565));
#1209=CARTESIAN_POINT('',(-0.0457772139736478,-0.058273241399909,0.0439902823310749));
#1210=CARTESIAN_POINT('',(-0.0445512348483271,-0.0592073337016779,0.0429376543853075));
#1211=CARTESIAN_POINT('',(-0.0433092707551053,-0.0598895530342498,0.0418137548801431));
#1212=CARTESIAN_POINT('',(-0.0419139301105255,-0.0603746720952598,0.040502154083363));
#1213=CARTESIAN_POINT('',(-0.0409275109992178,-0.060500264631789,0.0395567316226856));
#1214=CARTESIAN_POINT('',(-0.0403341785579614,-0.0605,0.0389934046745383));
#1215=CARTESIAN_POINT('',(-0.0573313387016603,-1.0151731323006E-25,0.0519106278405591));
#1216=CARTESIAN_POINT('',(-0.057331344170489,-0.00492413732499328,0.0519105481647584));
#1217=CARTESIAN_POINT('',(-0.0573460579509572,-0.0141320295564002,0.0518981625727174));
#1218=CARTESIAN_POINT('',(-0.0566020710605271,-0.0273351242359978,0.0513576044840665));
#1219=CARTESIAN_POINT('',(-0.0555271720074547,-0.036498217471691,0.0506063599472039));
#1220=CARTESIAN_POINT('',(-0.0539830383761958,-0.0439346362726362,0.0495413550289458));
#1221=CARTESIAN_POINT('',(-0.0522729192016264,-0.0492040776622422,0.0483577424291294));
#1222=CARTESIAN_POINT('',(-0.0505829978016711,-0.0528432240344805,0.0471670109338669));
#1223=CARTESIAN_POINT('',(-0.0490185717453603,-0.0553380762681795,0.0460305016645979));
#1224=CARTESIAN_POINT('',(-0.0476035190313515,-0.0570581453810248,0.0449566866348493));
#1225=CARTESIAN_POINT('',(-0.0463116410381905,-0.058289935577509,0.0439274187331026));
#1226=CARTESIAN_POINT('',(-0.0450587585332378,-0.0592203418205257,0.0428794152795682));
#1227=CARTESIAN_POINT('',(-0.0437886272693314,-0.0598974545337568,0.0417631251718563));
#1228=CARTESIAN_POINT('',(-0.0423603408152399,-0.0603769251309466,0.0404645190060209));
#1229=CARTESIAN_POINT('',(-0.0413493865875552,-0.0605002564861081,0.0395318148101762));
#1230=CARTESIAN_POINT('',(-0.0407406498781831,-0.0605,0.0389770172596038));
#1231=CARTESIAN_POINT('',(-0.0582808324804271,9.82713627352145E-25,0.0517831507791668));
#1232=CARTESIAN_POINT('',(-0.0582808141678999,-0.00492476960693368,0.0517830753621641));
#1233=CARTESIAN_POINT('',(-0.0582811855243326,-0.0141354037759556,0.0517711277773438));
#1234=CARTESIAN_POINT('',(-0.0574960407634011,-0.0273409882772101,0.0512352508632435));
#1235=CARTESIAN_POINT('',(-0.0563820612560449,-0.0365044991787053,0.0504900999459798));
#1236=CARTESIAN_POINT('',(-0.0547954945345838,-0.0439397100331985,0.0494334016169566));
#1237=CARTESIAN_POINT('',(-0.0530464756878414,-0.0492072564898003,0.048258750071893));
#1238=CARTESIAN_POINT('',(-0.0513231249606314,-0.0528450087234929,0.0470765991240728));
#1239=CARTESIAN_POINT('',(-0.0497308580728095,-0.0553397119305459,0.0459474182411979));
#1240=CARTESIAN_POINT('',(-0.0482923605406247,-0.0570609161421136,0.0448790631960806));
#1241=CARTESIAN_POINT('',(-0.0469795880479317,-0.0582943351875138,0.0438534465820082));
#1242=CARTESIAN_POINT('',(-0.04570608086348,-0.0592259868466059,0.0428080012011182));
#1243=CARTESIAN_POINT('',(-0.0444135454737339,-0.0599026752741435,0.0416947185752192));
#1244=CARTESIAN_POINT('',(-0.0429569791740157,-0.0603793325615581,0.0404035851984575));
#1245=CARTESIAN_POINT('',(-0.04192256645481,-0.0605002753709518,0.0394823153618178));
#1246=CARTESIAN_POINT('',(-0.0412979169051038,-0.0605,0.0389373052609854));
#1247=CARTESIAN_POINT('',(-0.0593095882867623,-4.59851941021173E-24,0.0515820272386466));
#1248=CARTESIAN_POINT('',(-0.0593094795863828,-0.00492305274429935,0.0515819296108261));
#1249=CARTESIAN_POINT('',(-0.0592725527539861,-0.014135798841392,0.0515906011974209));
#1250=CARTESIAN_POINT('',(-0.0583962556035556,-0.0273407957503792,0.0510956009562226));
#1251=CARTESIAN_POINT('',(-0.0572075592859532,-0.0364991316349403,0.0503800687119673));
#1252=CARTESIAN_POINT('',(-0.0555577824781392,-0.0439237318353894,0.0493474466739684));
#1253=CARTESIAN_POINT('',(-0.0537681833055171,-0.0491797609132532,0.0481908351549553));
#1254=CARTESIAN_POINT('',(-0.0520238786785755,-0.0528104156058452,0.0470222553655552));
#1255=CARTESIAN_POINT('',(-0.0504242561839729,-0.0553055990869351,0.0459016904924292));
#1256=CARTESIAN_POINT('',(-0.0489860714914996,-0.0570349585978619,0.0448350431227962));
#1257=CARTESIAN_POINT('',(-0.0476760195025363,-0.0582804051722272,0.0438036187114124));
#1258=CARTESIAN_POINT('',(-0.0464044658849238,-0.0592239882145737,0.0427457840943301));
#1259=CARTESIAN_POINT('',(-0.0451096475277836,-0.0599072381976897,0.0416171529664767));
#1260=CARTESIAN_POINT('',(-0.043642612549011,-0.0603827712137915,0.0403165705135831));
#1261=CARTESIAN_POINT('',(-0.0425935648295191,-0.0605002598661771,0.0394011700670825));
#1262=CARTESIAN_POINT('',(-0.0419575011228012,-0.0605,0.0388642780816215));
#1263=CARTESIAN_POINT('',(-0.0602890686400478,1.58785242100909E-23,0.0513241674055036));
#1264=CARTESIAN_POINT('',(-0.0602889336500336,-0.004920270654273,0.0513240519831339));
#1265=CARTESIAN_POINT('',(-0.0602399319726031,-0.0141332893114667,0.0513578924035997));
#1266=CARTESIAN_POINT('',(-0.0593288548043778,-0.0273439539106032,0.0509161204150642));
#1267=CARTESIAN_POINT('',(-0.0581084375510998,-0.0365099089179915,0.0502394505233714));
#1268=CARTESIAN_POINT('',(-0.0564270525377592,-0.0439452981319316,0.0492344352436944));
#1269=CARTESIAN_POINT('',(-0.0546106935375836,-0.049213698853249,0.0480900215680401));
#1270=CARTESIAN_POINT('',(-0.0528436228350649,-0.0528560910927238,0.0469208737406133));
#1271=CARTESIAN_POINT('',(-0.0512234868500785,-0.0553593182874096,0.0457910248746749));
#1272=CARTESIAN_POINT('',(-0.0497654008743677,-0.0570897991361245,0.044711223652324));
#1273=CARTESIAN_POINT('',(-0.0484353648999812,-0.0583286261752048,0.043668440705827));
#1274=CARTESIAN_POINT('',(-0.0471430619395051,-0.0592588892794235,0.042604906219015));
#1275=CARTESIAN_POINT('',(-0.0458270887227786,-0.0599252301197853,0.0414806113737492));
#1276=CARTESIAN_POINT('',(-0.0443384899931636,-0.0603860938594878,0.0401943330931865));
#1277=CARTESIAN_POINT('',(-0.0432772715309436,-0.060500192738458,0.0392905312520206));
#1278=CARTESIAN_POINT('',(-0.0426353412147339,-0.0605,0.0387582226669697));
#1279=CARTESIAN_POINT('',(-0.0611257884796357,-4.43508369854834E-23,0.0510522659248219));
#1280=CARTESIAN_POINT('',(-0.061125715188468,-0.00491879163474132,0.051052145150634));
#1281=CARTESIAN_POINT('',(-0.0610848941535546,-0.0141320285670597,0.0510968158777159));
#1282=CARTESIAN_POINT('',(-0.0601898926691942,-0.0273514715833909,0.0506819379892407));
#1283=CARTESIAN_POINT('',(-0.0589782547228814,-0.0365310940655199,0.0500271620979709));
#1284=CARTESIAN_POINT('',(-0.0572940835840967,-0.0439872985760964,0.0490388826373904));
#1285=CARTESIAN_POINT('',(-0.0554607109638383,-0.0492776662791824,0.047900745552817));
#1286=CARTESIAN_POINT('',(-0.0536652433023051,-0.0529360536220527,0.0467284587933766));
#1287=CARTESIAN_POINT('',(-0.052010032396532,-0.0554440399469779,0.0455909934559397));
#1288=CARTESIAN_POINT('',(-0.0505144267254995,-0.0571662662797885,0.0445059497883652));
#1289=CARTESIAN_POINT('',(-0.0491480569476312,-0.0583877018331436,0.0434655516703525));
#1290=CARTESIAN_POINT('',(-0.0478213415220454,-0.0592959612794556,0.0424140436785635));
#1291=CARTESIAN_POINT('',(-0.0464746632371501,-0.0599416708039577,0.0413118688200815));
#1292=CARTESIAN_POINT('',(-0.0449589426704046,-0.0603883075073874,0.0400536060906237));
#1293=CARTESIAN_POINT('',(-0.0438851749839274,-0.0605001493571893,0.0391648770142917));
#1294=CARTESIAN_POINT('',(-0.0432381325835823,-0.0605,0.0386376628706406));
#1295=CARTESIAN_POINT('',(-0.0618374012324946,7.18615137546369E-23,0.0507839402000547));
#1296=CARTESIAN_POINT('',(-0.0618373545077554,-0.00491891376377186,0.0507837991918756));
#1297=CARTESIAN_POINT('',(-0.0618193432756515,-0.0141330844143321,0.0508219568799759));
#1298=CARTESIAN_POINT('',(-0.0609624910773579,-0.027361120335848,0.0504003028348448));
#1299=CARTESIAN_POINT('',(-0.0597721417471913,-0.0365527568688888,0.0497444113561999));
#1300=CARTESIAN_POINT('',(-0.0580921956339436,-0.044026076136961,0.0487591995574364));
#1301=CARTESIAN_POINT('',(-0.0562442759168169,-0.0493334577322653,0.0476253324250413));
#1302=CARTESIAN_POINT('',(-0.0544199756702864,-0.0530028910397619,0.0464570253502158));
#1303=CARTESIAN_POINT('',(-0.0527279800901112,-0.0555121559689676,0.0453247632765972));
#1304=CARTESIAN_POINT('',(-0.0511932080977881,-0.0572256268986879,0.0442495378906128));
#1305=CARTESIAN_POINT('',(-0.0497893274495134,-0.0584322775079199,0.0432255157058119));
#1306=CARTESIAN_POINT('',(-0.0484271265149943,-0.0593233160612759,0.0421976689156522));
#1307=CARTESIAN_POINT('',(-0.0470480017586878,-0.0599535850325798,0.0411261382664315));
#1308=CARTESIAN_POINT('',(-0.0455018245113718,-0.0603897591576793,0.0399031354802257));
#1309=CARTESIAN_POINT('',(-0.0444121915233521,-0.0605001031905903,0.0390341748325572));
#1310=CARTESIAN_POINT('',(-0.043758114150281,-0.0605,0.0385147309355902));
#1311=CARTESIAN_POINT('',(-0.062539941022038,-2.79025974910384E-22,0.0504853417574067));
#1312=CARTESIAN_POINT('',(-0.0625398932103311,-0.0049200438180514,0.0504851936534959));
#1313=CARTESIAN_POINT('',(-0.0625407246165825,-0.0141358305694505,0.0505097107142412));
#1314=CARTESIAN_POINT('',(-0.0617097569567352,-0.0273697106917521,0.0500693231375312));
#1315=CARTESIAN_POINT('',(-0.0605305422375644,-0.0365682057338923,0.0494056796418913));
#1316=CARTESIAN_POINT('',(-0.0588480625431967,-0.0440504696131992,0.0484221634771523));
#1317=CARTESIAN_POINT('',(-0.0569847720922489,-0.0493663339413409,0.0472969803541964));
#1318=CARTESIAN_POINT('',(-0.0551359496758981,-0.0530409351450494,0.0461411729644864));
#1319=CARTESIAN_POINT('',(-0.0534146309388458,-0.0555502272090143,0.0450239701056209));
#1320=CARTESIAN_POINT('',(-0.0518492750539941,-0.0572586141966502,0.0439668390454036));
#1321=CARTESIAN_POINT('',(-0.0504158874322179,-0.0584571999892866,0.0429642107784946));
#1322=CARTESIAN_POINT('',(-0.0490249646656338,-0.0593389521616872,0.041961777503013));
#1323=CARTESIAN_POINT('',(-0.0476179124578643,-0.0599607270725678,0.040920035950294));
#1324=CARTESIAN_POINT('',(-0.0460427846119622,-0.0603907982425305,0.0397316450861025));
#1325=CARTESIAN_POINT('',(-0.0449352175618058,-0.0605000715641504,0.0388849238605974));
#1326=CARTESIAN_POINT('',(-0.0442717166628875,-0.0605,0.0383764857974201));
#1327=CARTESIAN_POINT('',(-0.0633434667103457,2.75977244456277E-21,0.0500987963968742));
#1328=CARTESIAN_POINT('',(-0.0633434210304895,-0.00492205998985477,0.0500986482618068));
#1329=CARTESIAN_POINT('',(-0.063361978671782,-0.0141400579732975,0.0501020385648621));
#1330=CARTESIAN_POINT('',(-0.0625542851358399,-0.0273788251083451,0.0496314728893789));
#1331=CARTESIAN_POINT('',(-0.0613838469575256,-0.036582340238076,0.0489544852715885));
#1332=CARTESIAN_POINT('',(-0.0596961902779324,-0.0440707839681539,0.0479725483137954));
#1333=CARTESIAN_POINT('',(-0.0578151141396952,-0.0493922731655161,0.0468609974057682));
#1334=CARTESIAN_POINT('',(-0.0559398907161945,-0.0530699998751621,0.0457258422158712));
#1335=CARTESIAN_POINT('',(-0.0541878785174963,-0.0555787310450673,0.0446331021806445));
#1336=CARTESIAN_POINT('',(-0.0525907613625389,-0.0572830226249436,0.0436032077267244));
#1337=CARTESIAN_POINT('',(-0.0511264916969529,-0.0584755490214954,0.04263006534342));
#1338=CARTESIAN_POINT('',(-0.0497049316275045,-0.0593504909733801,0.0416602991854725));
#1339=CARTESIAN_POINT('',(-0.0482670338710838,-0.0599660723360803,0.0406551340084315));
#1340=CARTESIAN_POINT('',(-0.046658291714573,-0.0603916261032999,0.0395092047789546));
#1341=CARTESIAN_POINT('',(-0.0455282424565352,-0.0605000477389009,0.0386913093083339));
#1342=CARTESIAN_POINT('',(-0.0448520557721354,-0.0605,0.0381985268454757));
#1343=CARTESIAN_POINT('',(-0.0642584922297684,-1.29240064201865E-20,0.0495905793849787));
#1344=CARTESIAN_POINT('',(-0.0642584415444911,-0.00492462545656374,0.0495904332542521));
#1345=CARTESIAN_POINT('',(-0.0642865789787716,-0.0141452596484704,0.0495703246296993));
#1346=CARTESIAN_POINT('',(-0.0634877578490584,-0.0273877603443295,0.0490678315402613));
#1347=CARTESIAN_POINT('',(-0.0623156012648104,-0.0365943774087738,0.048378850318942));
#1348=CARTESIAN_POINT('',(-0.060613891206907,-0.0440861983067588,0.0474038775874987));
#1349=CARTESIAN_POINT('',(-0.0587087453506584,-0.0494104364941263,0.0463145712847207));
#1350=CARTESIAN_POINT('',(-0.0568032885767986,-0.0530892722127862,0.045210410163715));
#1351=CARTESIAN_POINT('',(-0.0550186332695192,-0.0555969554351907,0.044152607799391));
#1352=CARTESIAN_POINT('',(-0.0533888874374697,-0.0572982986167207,0.0431593510924597));
#1353=CARTESIAN_POINT('',(-0.0518931628616418,-0.0584869358666227,0.0422235441262715));
#1354=CARTESIAN_POINT('',(-0.050440197686642,-0.0593576941355191,0.0412931288891767));
#1355=CARTESIAN_POINT('',(-0.0489700177949845,-0.0599695106079577,0.0403305005870387));
#1356=CARTESIAN_POINT('',(-0.0473249046771762,-0.0603922379178809,0.0392338449967751));
#1357=CARTESIAN_POINT('',(-0.0461692583300598,-0.0605000356586394,0.038450719419169));
#1358=CARTESIAN_POINT('',(-0.0454778759766315,-0.0605,0.037978121425922));
#1359=CARTESIAN_POINT('',(-0.0651958547868254,4.8013678008845E-20,0.0489858452253337));
#1360=CARTESIAN_POINT('',(-0.0651957879852066,-0.00492653423456001,0.04898570715575));
#1361=CARTESIAN_POINT('',(-0.065223961997038,-0.0141495145389908,0.0489492257504259));
#1362=CARTESIAN_POINT('',(-0.0644172516359553,-0.0273942941354116,0.0484308980001524));
#1363=CARTESIAN_POINT('',(-0.0632322196406506,-0.0366019388673319,0.0477429440867432));
#1364=CARTESIAN_POINT('',(-0.0615095012092625,-0.0440939975171982,0.0467866792480519));
#1365=CARTESIAN_POINT('',(-0.0595787563276895,-0.0494177107920957,0.0457286062883983));
#1366=CARTESIAN_POINT('',(-0.0576461711550377,-0.0530955200209883,0.0446617543932486));
#1367=CARTESIAN_POINT('',(-0.0558349481153098,-0.0556020161160565,0.0436425897238597));
#1368=CARTESIAN_POINT('',(-0.0541798850615716,-0.0573022611227935,0.0426870519105874));
#1369=CARTESIAN_POINT('',(-0.0526599402905086,-0.0584899592117096,0.0417874894759928));
#1370=CARTESIAN_POINT('',(-0.0511824355677738,-0.0593598688720503,0.0408936457242004));
#1371=CARTESIAN_POINT('',(-0.0496861627174147,-0.05997085842579,0.0399695945581187));
#1372=CARTESIAN_POINT('',(-0.0480102277602773,-0.060392709696644,0.0389182428927077));
#1373=CARTESIAN_POINT('',(-0.0468314145278699,-0.0605000449886366,0.0381691125803389));
#1374=CARTESIAN_POINT('',(-0.0461253433468519,-0.0605,0.0377180690390762));
#1375=CARTESIAN_POINT('',(-0.0660900747487679,-1.79130705615194E-19,0.0483222317563835));
#1376=CARTESIAN_POINT('',(-0.0660899822619379,-0.00492689732883235,0.0483221046332169));
#1377=CARTESIAN_POINT('',(-0.0661083994589817,-0.0141513968006016,0.0482855263863067));
#1378=CARTESIAN_POINT('',(-0.0652777658589981,-0.0273974110416753,0.0477813512553775));
#1379=CARTESIAN_POINT('',(-0.0640706276432995,-0.0366049604865522,0.0471146577124897));
#1380=CARTESIAN_POINT('',(-0.0623233153285955,-0.0440956849283091,0.0461905587595929));
#1381=CARTESIAN_POINT('',(-0.0603690423936273,-0.0494173700747086,0.0451696326413685));
#1382=CARTESIAN_POINT('',(-0.058415437284473,-0.053093392313849,0.0441404867554517));
#1383=CARTESIAN_POINT('',(-0.0565859879445436,-0.0555990897110397,0.0431566182060898));
#1384=CARTESIAN_POINT('',(-0.0549147409185948,-0.0572996851780817,0.0422328614823944));
#1385=CARTESIAN_POINT('',(-0.0533795774449576,-0.0584883962068698,0.0413619759455545));
#1386=CARTESIAN_POINT('',(-0.051886434006286,-0.0593594969192736,0.0404957759580777));
#1387=CARTESIAN_POINT('',(-0.050372896523929,-0.0599713106130984,0.0396002470806039));
#1388=CARTESIAN_POINT('',(-0.0486755252656266,-0.0603932272479316,0.0385831628474435));
#1389=CARTESIAN_POINT('',(-0.0474795574695245,-0.0605000657443983,0.0378616266154994));
#1390=CARTESIAN_POINT('',(-0.0467620080470362,-0.0605,0.0374294632087314));
#1391=CARTESIAN_POINT('',(-0.0669393638559194,6.68509144451929E-19,0.0476012044953137));
#1392=CARTESIAN_POINT('',(-0.0669391608703709,-0.00492526866643007,0.0476011279950879));
#1393=CARTESIAN_POINT('',(-0.0669371455073471,-0.0141501498940705,0.047590685315264));
#1394=CARTESIAN_POINT('',(-0.0660543304134367,-0.027396444255331,0.047155397441061));
#1395=CARTESIAN_POINT('',(-0.0648021674479601,-0.0366025360255541,0.046549278515327));
#1396=CARTESIAN_POINT('',(-0.0630143539470594,-0.0440890138294838,0.045683795545123));
#1397=CARTESIAN_POINT('',(-0.0610330816859564,-0.0494053024149061,0.0447102619331088));
#1398=CARTESIAN_POINT('',(-0.0590656693561921,-0.053077758136329,0.0437169571453507));
#1399=CARTESIAN_POINT('',(-0.0572314954258459,-0.0555835489991054,0.0427585384705536));
#1400=CARTESIAN_POINT('',(-0.0555598489111109,-0.0572875844105667,0.0418515170052731));
#1401=CARTESIAN_POINT('',(-0.0540249953441651,-0.0584810497685275,0.0409914731796682));
#1402=CARTESIAN_POINT('',(-0.0525312438387732,-0.0593567082349232,0.0401331107963431));
#1403=CARTESIAN_POINT('',(-0.0510149352766703,-0.0599714112830553,0.0392452801163418));
#1404=CARTESIAN_POINT('',(-0.0493113693706155,-0.0603940081933957,0.0382407041471469));
#1405=CARTESIAN_POINT('',(-0.0481082802273651,-0.0605000822603712,0.0375337889817063));
#1406=CARTESIAN_POINT('',(-0.0473851568000427,-0.0605,0.0371134883150905));
#1407=CARTESIAN_POINT('',(-0.0677395323519583,-2.49490587219252E-18,0.0468262247585055));
#1408=CARTESIAN_POINT('',(-0.0677392842743485,-0.00492302293368033,0.0468261786756112));
#1409=CARTESIAN_POINT('',(-0.0677262268549679,-0.0141472105442575,0.0468436891013598));
#1410=CARTESIAN_POINT('',(-0.0668161630417312,-0.0273955853707393,0.0464801319813365));
#1411=CARTESIAN_POINT('',(-0.0655401372501333,-0.0366051538996625,0.045936082401289));
#1412=CARTESIAN_POINT('',(-0.0637282459456454,-0.0440965664926847,0.0451294747011847));
#1413=CARTESIAN_POINT('',(-0.0617257561175133,-0.0494177647930404,0.0442021159423087));
#1414=CARTESIAN_POINT('',(-0.0597400977030735,-0.0530936994527466,0.043242797667694));
#1415=CARTESIAN_POINT('',(-0.0578904258696009,-0.055600645943937,0.0423091568475744));
#1416=CARTESIAN_POINT('',(-0.0562058129368361,-0.0573033418291731,0.0414212325626295));
#1417=CARTESIAN_POINT('',(-0.0546602566592583,-0.0584937496084021,0.0405776392006479));
#1418=CARTESIAN_POINT('',(-0.0531574846777198,-0.0593653650607735,0.0397352752808569));
#1419=CARTESIAN_POINT('',(-0.0516338463691846,-0.0599758738783885,0.0388641460514768));
#1420=CARTESIAN_POINT('',(-0.0499241521209551,-0.06039496001883,0.0378784123363535));
#1421=CARTESIAN_POINT('',(-0.0487182905254071,-0.060500072336865,0.0371840702786512));
#1422=CARTESIAN_POINT('',(-0.0479940037254748,-0.0605,0.0367705766430439));
#1423=CARTESIAN_POINT('',(-0.0684872963309836,9.31111434431817E-18,0.0460005163614719));
#1424=CARTESIAN_POINT('',(-0.0684871124511318,-0.00492161511165172,0.0460004278620602));
#1425=CARTESIAN_POINT('',(-0.0684714139527522,-0.0141452508603669,0.0460332468698384));
#1426=CARTESIAN_POINT('',(-0.0675592220142758,-0.027396513209393,0.0457124892103304));
#1427=CARTESIAN_POINT('',(-0.0662831624958445,-0.0366114130997758,0.0452080673235444));
#1428=CARTESIAN_POINT('',(-0.0644690339601769,-0.0441119506132596,0.0444446838468532));
#1429=CARTESIAN_POINT('',(-0.0624567275971587,-0.0494433451452513,0.0435587867013971));
#1430=CARTESIAN_POINT('',(-0.0604524979371018,-0.0531262444146754,0.0426380648568755));
#1431=CARTESIAN_POINT('',(-0.0585790647073829,-0.0556341732102233,0.0417403876633092));
#1432=CARTESIAN_POINT('',(-0.056870167918858,-0.0573321178007009,0.040887086360183));
#1433=CARTESIAN_POINT('',(-0.0553030440487884,-0.0585148762555476,0.0400774489949957));
#1434=CARTESIAN_POINT('',(-0.053781773020634,-0.0593780644805795,0.0392695312552677));
#1435=CARTESIAN_POINT('',(-0.052243447530037,-0.0599813949115423,0.0384329106160455));
#1436=CARTESIAN_POINT('',(-0.0505223590602672,-0.0603957021375464,0.037481923188384));
#1437=CARTESIAN_POINT('',(-0.0493124848105276,-0.0605000562579177,0.0368064922174465));
#1438=CARTESIAN_POINT('',(-0.0485872806483108,-0.0605,0.0364014274100405));
#1439=CARTESIAN_POINT('',(-0.0691794097947473,-2.48262230703398E-18,0.0451276463455807));
#1440=CARTESIAN_POINT('',(-0.0691792580715486,-0.00492142008661792,0.0451275259516322));
#1441=CARTESIAN_POINT('',(-0.069169897920162,-0.0141451029768477,0.0451534054781625));
#1442=CARTESIAN_POINT('',(-0.0682688782453002,-0.0273982949996975,0.0448380924601522));
#1443=CARTESIAN_POINT('',(-0.0670001251960777,-0.0366160295799288,0.0443507498574205));
#1444=CARTESIAN_POINT('',(-0.0651889824724692,-0.0441210859517111,0.0436192431285496));
#1445=CARTESIAN_POINT('',(-0.0631724020156128,-0.0494576454066746,0.0427748339640102));
#1446=CARTESIAN_POINT('',(-0.0611560163994074,-0.0531443786344699,0.041900824116792));
#1447=CARTESIAN_POINT('',(-0.0592647388069713,-0.0556531753640402,0.0410515420171429));
#1448=CARTESIAN_POINT('',(-0.0575355565376686,-0.057348817524766,0.0402465879477437));
#1449=CARTESIAN_POINT('',(-0.0559484625994998,-0.0585274493457092,0.0394843414933212));
#1450=CARTESIAN_POINT('',(-0.0544079662662215,-0.0593858210344087,0.0387243744859889));
#1451=CARTESIAN_POINT('',(-0.052851650597737,-0.0599848139925265,0.0379367030694651));
#1452=CARTESIAN_POINT('',(-0.0511130717447574,-0.0603961130654472,0.0370380796619777));
#1453=CARTESIAN_POINT('',(-0.049893525856635,-0.0605000360218902,0.0363951774815714));
#1454=CARTESIAN_POINT('',(-0.0491638856535309,-0.0605,0.0360067317449771));
#1455=CARTESIAN_POINT('',(-0.0698833070019993,9.64041238356849E-19,0.0441095392327466));
#1456=CARTESIAN_POINT('',(-0.0698831619200132,-0.00492151812818143,0.0441094131228173));
#1457=CARTESIAN_POINT('',(-0.0698820504776584,-0.0141452104543595,0.044118158384335));
#1458=CARTESIAN_POINT('',(-0.0689958482662067,-0.027398944795448,0.0437945220861472));
#1459=CARTESIAN_POINT('',(-0.0677365886551791,-0.0366173978054768,0.0433193204966749));
#1460=CARTESIAN_POINT('',(-0.0659300387315511,-0.0441235931923777,0.0426228640837945));
#1461=CARTESIAN_POINT('',(-0.0639116818209931,-0.0494615191523449,0.0418290057088333));
#1462=CARTESIAN_POINT('',(-0.0618876845152632,-0.0531493757203627,0.041013283090772));
#1463=CARTESIAN_POINT('',(-0.0599845693909254,-0.055658565857634,0.0402239832644227));
#1464=CARTESIAN_POINT('',(-0.058241131817613,-0.0573537117606726,0.0394776415915512));
#1465=CARTESIAN_POINT('',(-0.0566389720877049,-0.0585312582082313,0.0387715945372796));
#1466=CARTESIAN_POINT('',(-0.055082734153708,-0.0593882584641427,0.0380677626250378));
#1467=CARTESIAN_POINT('',(-0.0535099925672923,-0.0599859291850286,0.0373377181825918));
#1468=CARTESIAN_POINT('',(-0.0517531807787559,-0.0603962512821195,0.0365032256853391));
#1469=CARTESIAN_POINT('',(-0.0505213426845061,-0.0605000264682559,0.0359040709094657));
#1470=CARTESIAN_POINT('',(-0.0497848036228794,-0.0605,0.0355406367756335));
#1471=CARTESIAN_POINT('',(-0.070632579795142,-6.8079475613999E-19,0.0428263747028365));
#1472=CARTESIAN_POINT('',(-0.0706324306017491,-0.00492133441006428,0.0428262592396814));
#1473=CARTESIAN_POINT('',(-0.0706424715132077,-0.0141445246404833,0.042806260292379));
#1474=CARTESIAN_POINT('',(-0.0697797258102987,-0.0273978761831707,0.0424581885927029));
#1475=CARTESIAN_POINT('',(-0.0685375491459514,-0.0366161700194754,0.0419895669250341));
#1476=CARTESIAN_POINT('',(-0.0667427872153629,-0.0441224280208888,0.0413333986115294));
#1477=CARTESIAN_POINT('',(-0.0647285035549485,-0.049460666534856,0.0406040629286115));
#1478=CARTESIAN_POINT('',(-0.0627016602308408,-0.0531489571547547,0.0398651256055386));
#1479=CARTESIAN_POINT('',(-0.0607906242614629,-0.0556584989504669,0.0391553649855436));
#1480=CARTESIAN_POINT('',(-0.0590360759147643,-0.0573537986928681,0.0384863266240594));
#1481=CARTESIAN_POINT('',(-0.0574212860867316,-0.058531340421464,0.0378536945530374));
#1482=CARTESIAN_POINT('',(-0.0558511743631445,-0.059388257437186,0.0372225327558105));
#1483=CARTESIAN_POINT('',(-0.054263274635124,-0.0599858521921895,0.0365666364805393));
#1484=CARTESIAN_POINT('',(-0.0524888920185933,-0.0603961789171611,0.0358149570102845));
#1485=CARTESIAN_POINT('',(-0.0512445525643647,-0.0605000233507303,0.0352733900137265));
#1486=CARTESIAN_POINT('',(-0.0505005964444418,-0.0605,0.0349439971832151));
#1487=CARTESIAN_POINT('',(-0.0713560642578979,1.95020968522407E-19,0.0412499312247778));
#1488=CARTESIAN_POINT('',(-0.0713558747933068,-0.00491991392210691,0.0412498754973094));
#1489=CARTESIAN_POINT('',(-0.0713682981053748,-0.0141414632436725,0.0412146729410197));
#1490=CARTESIAN_POINT('',(-0.0705172412549455,-0.0273928986337979,0.0408737198671392));
#1491=CARTESIAN_POINT('',(-0.0692871160792718,-0.0366096048120215,0.0404383087138272));
#1492=CARTESIAN_POINT('',(-0.0675055999418735,-0.0441139136532668,0.0398472338055361));
#1493=CARTESIAN_POINT('',(-0.0655032984856457,-0.0494502161389749,0.0392013677263277));
#1494=CARTESIAN_POINT('',(-0.0634863684844225,-0.0531373767747732,0.0385522465648439));
#1495=CARTESIAN_POINT('',(-0.0615826703394601,-0.0556471943259285,0.0379299434167771));
#1496=CARTESIAN_POINT('',(-0.0598326881910931,-0.0573441640548831,0.0373419864533957));
#1497=CARTESIAN_POINT('',(-0.0582200861135152,-0.0585241361612429,0.0367837005456563));
#1498=CARTESIAN_POINT('',(-0.0566502655452449,-0.059383762880141,0.0362242665113182));
#1499=CARTESIAN_POINT('',(-0.0550608252754725,-0.0599838139025892,0.0356404601682661));
#1500=CARTESIAN_POINT('',(-0.0532830333578474,-0.0603959180354457,0.0349699248273223));
#1501=CARTESIAN_POINT('',(-0.0520351450827877,-0.0605000394153394,0.0344870757452769));
#1502=CARTESIAN_POINT('',(-0.0512885145421295,-0.0605,0.0341946052441729));
#1503=CARTESIAN_POINT('',(-0.0719035200184806,-2.12807305406748E-20,0.039604272283524));
#1504=CARTESIAN_POINT('',(-0.0719033075416923,-0.00491759422450841,0.0396043489339649));
#1505=CARTESIAN_POINT('',(-0.0719065829695414,-0.0141364295470699,0.0395989461903874));
#1506=CARTESIAN_POINT('',(-0.0710518546969538,-0.027384507169099,0.0393501669918799));
#1507=CARTESIAN_POINT('',(-0.0698284435143335,-0.0365989448308173,0.0390077664915678));
#1508=CARTESIAN_POINT('',(-0.0680629567424424,-0.0441018436952169,0.0385256780171912));
#1509=CARTESIAN_POINT('',(-0.0660801040839943,-0.0494378815131989,0.0379857017289561));
#1510=CARTESIAN_POINT('',(-0.0640828714858899,-0.0531255690534745,0.0374288814133339));
#1511=CARTESIAN_POINT('',(-0.0621983288993298,-0.0556366108943236,0.0368807350664112));
#1512=CARTESIAN_POINT('',(-0.0604668523842005,-0.0573355986604237,0.0363496666318196));
#1513=CARTESIAN_POINT('',(-0.0588719516831243,-0.0585180819128419,0.0358354892500125));
#1514=CARTESIAN_POINT('',(-0.0573197369479354,-0.0593803486331536,0.0353127154726331));
#1515=CARTESIAN_POINT('',(-0.0557483687960811,-0.0599825879490424,0.0347611574532348));
#1516=CARTESIAN_POINT('',(-0.0539910596459141,-0.0603959681519661,0.0341244678404614));
#1517=CARTESIAN_POINT('',(-0.0527578039763418,-0.0605000547883815,0.0336660929097325));
#1518=CARTESIAN_POINT('',(-0.0520199239071701,-0.0605,0.0333897850594002));
#1519=CARTESIAN_POINT('',(-0.0722592951100746,5.48230239109096E-21,0.0380339884891531));
#1520=CARTESIAN_POINT('',(-0.0722591238280798,-0.00491689430817846,0.0380340208728612));
#1521=CARTESIAN_POINT('',(-0.0722505389811001,-0.0141336210042661,0.0380634805117238));
#1522=CARTESIAN_POINT('',(-0.0713922483943502,-0.0273773093304366,0.0379086039935176));
#1523=CARTESIAN_POINT('',(-0.0701818486967962,-0.036587454897018,0.0376481403978106));
#1524=CARTESIAN_POINT('',(-0.0684488307342456,-0.0440861939757573,0.0372463717655345));
#1525=CARTESIAN_POINT('',(-0.0665089153690872,-0.049420664282251,0.0367777806084255));
#1526=CARTESIAN_POINT('',(-0.0645539748934006,-0.0531105122931359,0.0362870816413697));
#1527=CARTESIAN_POINT('',(-0.0627037952174466,-0.0556261180164884,0.035800954677502));
#1528=CARTESIAN_POINT('',(-0.0609973442619488,-0.0573297318938951,0.0353273241993824));
#1529=CARTESIAN_POINT('',(-0.0594210722084144,-0.0585154932302197,0.0348655509553463));
#1530=CARTESIAN_POINT('',(-0.0578846903511641,-0.0593796150380052,0.0343921668982609));
#1531=CARTESIAN_POINT('',(-0.0563291043204933,-0.0599824738797139,0.0338871739948328));
#1532=CARTESIAN_POINT('',(-0.0545915171966632,-0.0603959274394168,0.0332965131963519));
#1533=CARTESIAN_POINT('',(-0.0533748939994571,-0.0605000445377365,0.0328640412265655));
#1534=CARTESIAN_POINT('',(-0.0526484270698987,-0.0605,0.0326000903105039));
#1535=CARTESIAN_POINT('',(-0.0724769153238194,-3.38963021923461E-21,0.0364401017100226));
#1536=CARTESIAN_POINT('',(-0.0724767464305284,-0.00491554291628707,0.0364400583769289));
#1537=CARTESIAN_POINT('',(-0.0724691772180924,-0.0141293039139408,0.0364750270079421));
#1538=CARTESIAN_POINT('',(-0.0716339345069241,-0.0273681337564805,0.0363571368152245));
#1539=CARTESIAN_POINT('',(-0.070454927070986,-0.0365739304025946,0.0361398134962052));
#1540=CARTESIAN_POINT('',(-0.0687666505890111,-0.0440676710082765,0.0357935401258168));
#1541=CARTESIAN_POINT('',(-0.0668770450087573,-0.0493979998983811,0.035386028208686));
#1542=CARTESIAN_POINT('',(-0.0649713358409652,-0.053086591929452,0.0349606338393557));
#1543=CARTESIAN_POINT('',(-0.0631634687791542,-0.0556045739622676,0.0345422413225127));
#1544=CARTESIAN_POINT('',(-0.061489539571238,-0.0573130821510476,0.0341369846582114));
#1545=CARTESIAN_POINT('',(-0.0599371349614058,-0.0585042343281577,0.0337425011487813));
#1546=CARTESIAN_POINT('',(-0.0584189932902198,-0.059373224847178,0.0333373767657558));
#1547=CARTESIAN_POINT('',(-0.0568780373165507,-0.0599796596595398,0.0329028677580589));
#1548=CARTESIAN_POINT('',(-0.0551551839516351,-0.0603953885985569,0.0323901226569421));
#1549=CARTESIAN_POINT('',(-0.0539493558900306,-0.0605000361305029,0.0320096009681084));
#1550=CARTESIAN_POINT('',(-0.0532303305664615,-0.0605000000000001,0.0317743510882141));
#1551=CARTESIAN_POINT('',(-0.0725410195621838,9.7134195909503E-22,0.0346980568788156));
#1552=CARTESIAN_POINT('',(-0.0725408497490303,-0.00491227323676358,0.0346980343374291));
#1553=CARTESIAN_POINT('',(-0.0725441185105379,-0.0141216226913186,0.0347026900977722));
#1554=CARTESIAN_POINT('',(-0.0717558432179498,-0.0273541072356877,0.0345593206470495));
#1555=CARTESIAN_POINT('',(-0.0706284599707851,-0.0365545275302261,0.0343507350842199));
#1556=CARTESIAN_POINT('',(-0.0690035711526014,-0.0440426057801958,0.0340519956552108));
#1557=CARTESIAN_POINT('',(-0.067177977248703,-0.0493686641593876,0.0337206969270567));
#1558=CARTESIAN_POINT('',(-0.0653309157049843,-0.053055945846385,0.0333866353903838));
#1559=CARTESIAN_POINT('',(-0.0635725410528341,-0.0555761482737098,0.0330634348170633));
#1560=CARTESIAN_POINT('',(-0.0619377162990105,-0.0572897246428593,0.0327508706643607));
#1561=CARTESIAN_POINT('',(-0.0604155832382776,-0.0584871247166424,0.0324440729824578));
#1562=CARTESIAN_POINT('',(-0.0589219541172099,-0.0593625260717082,0.0321250668467584));
#1563=CARTESIAN_POINT('',(-0.0574014429361321,-0.0599745103039914,0.0317774621451396));
#1564=CARTESIAN_POINT('',(-0.0556985466251565,-0.060394368063886,0.0313609073762845));
#1565=CARTESIAN_POINT('',(-0.0545057795983961,-0.0605000420908933,0.0310470173921416));
#1566=CARTESIAN_POINT('',(-0.0537947378654774,-0.0605,0.0308513614277041));
#1567=CARTESIAN_POINT('',(-0.0724190882971954,-1.07200833507485E-22,0.0330090593002325));
#1568=CARTESIAN_POINT('',(-0.0724189217082977,-0.00490851240573407,0.0330090778899246));
#1569=CARTESIAN_POINT('',(-0.072427925857326,-0.0141127325221908,0.0329832784365644));
#1570=CARTESIAN_POINT('',(-0.0716844339197475,-0.0273375889090694,0.0328162969900371));
#1571=CARTESIAN_POINT('',(-0.0706120994724909,-0.0365317160284953,0.0326168734172965));
#1572=CARTESIAN_POINT('',(-0.0690595366397914,-0.044013214744274,0.0323614509940283));
#1573=CARTESIAN_POINT('',(-0.0673106317798407,-0.049333929288259,0.0320968265874618));
#1574=CARTESIAN_POINT('',(-0.065537263959321,-0.0530189104616702,0.0318412604361339));
#1575=CARTESIAN_POINT('',(-0.0638442482946216,-0.0555409618006406,0.0315995205947689));
#1576=CARTESIAN_POINT('',(-0.0622638498638476,-0.057260166149601,0.0313663600276032));
#1577=CARTESIAN_POINT('',(-0.0607859821824507,-0.058465079837762,0.0311346843934351));
#1578=CARTESIAN_POINT('',(-0.0593299460123437,-0.0593485510725405,0.0308892642627407));
#1579=CARTESIAN_POINT('',(-0.0578423522084993,-0.0599677567706369,0.0306154953923675));
#1580=CARTESIAN_POINT('',(-0.0561727410264346,-0.060393069087295,0.0302803418256232));
#1581=CARTESIAN_POINT('',(-0.0550022231505561,-0.0605000571776846,0.0300230927167526));
#1582=CARTESIAN_POINT('',(-0.0543047136613075,-0.0605,0.0298618324362258));
#1583=CARTESIAN_POINT('',(-0.0721820147321936,1.8811187431193E-23,0.0315967770256831));
#1584=CARTESIAN_POINT('',(-0.072181927089326,-0.00490659853335534,0.0315968795402715));
#1585=CARTESIAN_POINT('',(-0.0721854327637377,-0.0141069339235014,0.0315580647133775));
#1586=CARTESIAN_POINT('',(-0.0714659263107525,-0.0273223842161552,0.031386453947487));
#1587=CARTESIAN_POINT('',(-0.0704376623820001,-0.0365069994118118,0.031202631523677));
#1588=CARTESIAN_POINT('',(-0.0689560415421837,-0.0439787125392968,0.0309899804508311));
#1589=CARTESIAN_POINT('',(-0.0672887239698723,-0.049293258841012,0.0307880296735112));
#1590=CARTESIAN_POINT('',(-0.0655943352057128,-0.0529773567611755,0.0306035875992474));
#1591=CARTESIAN_POINT('',(-0.0639699387722954,-0.0555032954766573,0.0304311224647087));
#1592=CARTESIAN_POINT('',(-0.0624457024581548,-0.0572295869073761,0.0302594906751003));
#1593=CARTESIAN_POINT('',(-0.0610135874076633,-0.0584427608966807,0.0300802200431527));
#1594=CARTESIAN_POINT('',(-0.059597104192274,-0.0593346194564725,0.0298807254243214));
#1595=CARTESIAN_POINT('',(-0.0581453355910496,-0.0599611369704923,0.0296474789364323));
#1596=CARTESIAN_POINT('',(-0.0565133541739584,-0.0603918733610831,0.0293522601902055));
#1597=CARTESIAN_POINT('',(-0.0553689731069239,-0.0605000762601693,0.0291206331515528));
#1598=CARTESIAN_POINT('',(-0.0546876236185624,-0.0605000000000001,0.0289751473163569));
#1599=CARTESIAN_POINT('',(-0.0718966949462777,-4.41962276527076E-24,0.0304300772004947));
#1600=CARTESIAN_POINT('',(-0.0718966430132008,-0.00490648166587487,0.0304301601517782));
#1601=CARTESIAN_POINT('',(-0.0718925803093636,-0.0141043353526678,0.0304064332957155));
#1602=CARTESIAN_POINT('',(-0.0711868101289387,-0.0273120120641171,0.0302727809070102));
#1603=CARTESIAN_POINT('',(-0.0701908416575683,-0.036487579947099,0.0301224007396372));
#1604=CARTESIAN_POINT('',(-0.0687674751865855,-0.0439481411163113,0.029945860566563));
#1605=CARTESIAN_POINT('',(-0.0671734640627501,-0.04925353005433,0.0297814390517051));
#1606=CARTESIAN_POINT('',(-0.0655553312998512,-0.052933940280041,0.0296368964583402));
#1607=CARTESIAN_POINT('',(-0.0640000903864787,-0.0554625971988154,0.0295051926006075));
#1608=CARTESIAN_POINT('',(-0.062532826834139,-0.0571964643511743,0.0293726435409765));
#1609=CARTESIAN_POINT('',(-0.0611460354675902,-0.058419018714989,0.029228593831293));
#1610=CARTESIAN_POINT('',(-0.0597673268773974,-0.0593202889986365,0.0290608065375679));
#1611=CARTESIAN_POINT('',(-0.0583485715751393,-0.0599545914743813,0.0288550231687144));
#1612=CARTESIAN_POINT('',(-0.0567510233648266,-0.0603907414669593,0.0285843637154174));
#1613=CARTESIAN_POINT('',(-0.0556311228030234,-0.0605000865561624,0.028365196801702));
#1614=CARTESIAN_POINT('',(-0.0549653634724974,-0.0605,0.0282257062769801));
#1615=CARTESIAN_POINT('',(-0.0715673646398423,1.19038464953642E-24,0.0293810647474404));
#1616=CARTESIAN_POINT('',(-0.0715673200935508,-0.00490678289031535,0.0293811364516443));
#1617=CARTESIAN_POINT('',(-0.0715599148178275,-0.0141023360799718,0.0293820209608479));
#1618=CARTESIAN_POINT('',(-0.0708753152014307,-0.0273040505296487,0.0293058681347952));
#1619=CARTESIAN_POINT('',(-0.0699137596800634,-0.0364731376880192,0.0292006375147006));
#1620=CARTESIAN_POINT('',(-0.0685433041889344,-0.043924970447964,0.0290609016068177));
#1621=CARTESIAN_POINT('',(-0.0670126137878604,-0.0492209601619117,0.0289215950209577));
#1622=CARTESIAN_POINT('',(-0.0654623061914482,-0.0528945231182358,0.0287966567644553));
#1623=CARTESIAN_POINT('',(-0.0639725969880083,-0.0554219591263795,0.028684870831499));
#1624=CARTESIAN_POINT('',(-0.062562606666649,-0.0571609387748155,0.0285752933524538));
#1625=CARTESIAN_POINT('',(-0.0612225067917948,-0.0583923300094852,0.0284563379593878));
#1626=CARTESIAN_POINT('',(-0.0598823248520654,-0.0593037287825139,0.0283149855648544));
#1627=CARTESIAN_POINT('',(-0.0584957952070617,-0.0599469721365055,0.0281354139022036));
#1628=CARTESIAN_POINT('',(-0.0569303945535503,-0.0603894243180686,0.0278902809101347));
#1629=CARTESIAN_POINT('',(-0.0558329259924261,-0.0605000965932754,0.0276844904839968));
#1630=CARTESIAN_POINT('',(-0.0551816544313408,-0.0605,0.0275508837000436));
#1631=CARTESIAN_POINT('',(-0.0711864418428448,-2.56788028296525E-25,0.0283930263340831));
#1632=CARTESIAN_POINT('',(-0.0711863775148326,-0.00490625901399536,0.0283930895034178));
#1633=CARTESIAN_POINT('',(-0.0711821579311553,-0.0140990142471926,0.0284125632116679));
#1634=CARTESIAN_POINT('',(-0.0705295336259453,-0.0272957590396127,0.0283809337424759));
#1635=CARTESIAN_POINT('',(-0.0696079219292481,-0.0364602122853033,0.0283116734464123));
#1636=CARTESIAN_POINT('',(-0.0682909368298586,-0.0439056859047449,0.0282026592036889));
#1637=CARTESIAN_POINT('',(-0.066819719113452,-0.0491937439977256,0.0280850919481378));
#1638=CARTESIAN_POINT('',(-0.0653317017458607,-0.0528598775622097,0.0279768056100498));
#1639=CARTESIAN_POINT('',(-0.0639033289530936,-0.0553836214273757,0.0278815636816278));
#1640=CARTESIAN_POINT('',(-0.0625493918702805,-0.0571248805016402,0.0277922006063728));
#1641=CARTESIAN_POINT('',(-0.0612568608030745,-0.0583634179064115,0.027697701471241));
#1642=CARTESIAN_POINT('',(-0.0599566615881065,-0.0592847146799377,0.0275850180302569));
#1643=CARTESIAN_POINT('',(-0.0586028918735003,-0.0599378404419913,0.0274375255004243));
#1644=CARTESIAN_POINT('',(-0.0570684309992147,-0.0603877655114844,0.0272277300775153));
#1645=CARTESIAN_POINT('',(-0.0559914691161477,-0.0605001119316071,0.0270437518288092));
#1646=CARTESIAN_POINT('',(-0.0553534461570964,-0.0605,0.0269210449916491));
#1647=CARTESIAN_POINT('',(-0.0707884762529006,2.37358981929944E-26,0.0275324757651676));
#1648=CARTESIAN_POINT('',(-0.0707883988761244,-0.00490481562232631,0.027532550518411));
#1649=CARTESIAN_POINT('',(-0.0707909041991779,-0.0140944361095949,0.0275582577333669));
#1650=CARTESIAN_POINT('',(-0.0701731183537787,-0.0272862912566467,0.0275463383859412));
#1651=CARTESIAN_POINT('',(-0.0692916798904592,-0.0364464048142464,0.0274967442202246));
#1652=CARTESIAN_POINT('',(-0.0680265977358554,-0.0438862434000048,0.0274101748225738));
#1653=CARTESIAN_POINT('',(-0.0666116864431729,-0.0491676646306074,0.0273146852655667));
#1654=CARTESIAN_POINT('',(-0.0651811032974269,-0.0528276771363934,0.0272282429207064));
#1655=CARTESIAN_POINT('',(-0.0638082502017436,-0.0553481827752602,0.0271558382583718));
#1656=CARTESIAN_POINT('',(-0.0625049723406927,-0.0570910388500323,0.0270919521689841));
#1657=CARTESIAN_POINT('',(-0.061255883467042,-0.0583355769180116,0.0270259162686508));
#1658=CARTESIAN_POINT('',(-0.0599925352347516,-0.0592658119872631,0.0269453375510574));
#1659=CARTESIAN_POINT('',(-0.0586687189159667,-0.0599284737823424,0.026833480960084));
#1660=CARTESIAN_POINT('',(-0.0571615589438766,-0.0603859861552161,0.0266636016526407));
#1661=CARTESIAN_POINT('',(-0.0561018760607879,-0.06050013047717,0.0265053010418466));
#1662=CARTESIAN_POINT('',(-0.0554749218283832,-0.0605,0.0263960943556587));
#1663=CARTESIAN_POINT('',(-0.0704779189089831,-5.06730569207683E-27,0.0269306600635267));
#1664=CARTESIAN_POINT('',(-0.0704778357911224,-0.00490319588503055,0.0269307401498229));
#1665=CARTESIAN_POINT('',(-0.0704852483224336,-0.0140905581694318,0.0269542961335516));
#1666=CARTESIAN_POINT('',(-0.0698928288597992,-0.0272792877977984,0.0269443528126462));
#1667=CARTESIAN_POINT('',(-0.0690407852461381,-0.0364366409299166,0.0269009871622942));
#1668=CARTESIAN_POINT('',(-0.0678138047431938,-0.0438727197117864,0.0268259771312727));
#1669=CARTESIAN_POINT('',(-0.0664401713473795,-0.0491494902805123,0.0267451105119779));
#1670=CARTESIAN_POINT('',(-0.0650515903893461,-0.0528049174654644,0.0266750367082859));
#1671=CARTESIAN_POINT('',(-0.0637194615272097,-0.0553225483543942,0.0266204770774364));
#1672=CARTESIAN_POINT('',(-0.062453836931174,-0.0570658296361075,0.0265765757344884));
#1673=CARTESIAN_POINT('',(-0.0612376553122646,-0.0583141745685544,0.0265329303264575));
#1674=CARTESIAN_POINT('',(-0.0600027054858782,-0.0592507879583084,0.0264779153765428));
#1675=CARTESIAN_POINT('',(-0.0587020776020083,-0.0599207992714564,0.0263951039002775));
#1676=CARTESIAN_POINT('',(-0.0572155827720996,-0.0603844674661397,0.0262586771367199));
#1677=CARTESIAN_POINT('',(-0.0561684603552693,-0.0605001477424428,0.026122622779281));
#1678=CARTESIAN_POINT('',(-0.0555494615029696,-0.0605,0.0260253680801691));
#1679=CARTESIAN_POINT('',(-0.0702163289608284,4.68259341700531E-27,0.0264702744178093));
#1680=CARTESIAN_POINT('',(-0.0702162431399817,-0.00490165847397196,0.0264703751167651));
#1681=CARTESIAN_POINT('',(-0.0702305930617189,-0.0140868054004317,0.0264929629330861));
#1682=CARTESIAN_POINT('',(-0.0696633018172205,-0.0272726492114126,0.0264863679002169));
#1683=CARTESIAN_POINT('',(-0.0688376904306755,-0.0364277133085074,0.0264497820432348));
#1684=CARTESIAN_POINT('',(-0.0676427368869267,-0.0438610202701179,0.0263863210985052));
#1685=CARTESIAN_POINT('',(-0.0663022641059793,-0.0491345962426408,0.0263196643640224));
#1686=CARTESIAN_POINT('',(-0.064946351109323,-0.0527869839789805,0.026265081045624));
#1687=CARTESIAN_POINT('',(-0.0636452059441799,-0.0553027872263131,0.0262267623569704));
#1688=CARTESIAN_POINT('',(-0.0624078943573061,-0.0570465417819549,0.0262002070562054));
#1689=CARTESIAN_POINT('',(-0.061216387601768,-0.0582977807333529,0.0261752927655863));
#1690=CARTESIAN_POINT('',(-0.0600027338488116,-0.0592392093817179,0.026141182737843));
#1691=CARTESIAN_POINT('',(-0.0587194227162235,-0.0599148373909137,0.0260818241820248));
#1692=CARTESIAN_POINT('',(-0.0572481199888569,-0.0603832723787388,0.0259722702517112));
#1693=CARTESIAN_POINT('',(-0.0562100076748164,-0.0605001610623067,0.0258540235516041));
#1694=CARTESIAN_POINT('',(-0.0555966777278659,-0.0605,0.0257662981946074));
#1695=CARTESIAN_POINT('',(-0.0700301536006126,-1.7304351232325E-26,0.0261499021153889));
#1696=CARTESIAN_POINT('',(-0.0700300691130565,-0.00490025397891005,0.0261499870676832));
#1697=CARTESIAN_POINT('',(-0.0700445611215887,-0.0140845211496156,0.0261632176653109));
#1698=CARTESIAN_POINT('',(-0.0694874346808518,-0.0272694303206758,0.0261425912570634));
#1699=CARTESIAN_POINT('',(-0.0686761225406759,-0.0364234409149717,0.0260990770348687));
#1700=CARTESIAN_POINT('',(-0.0675017726310706,-0.0438547887985887,0.0260348024876361));
#1701=CARTESIAN_POINT('',(-0.0661848694519566,-0.0491255165596221,0.0259724673355838));
#1702=CARTESIAN_POINT('',(-0.0648536914735409,-0.0527747380616502,0.0259254123561062));
#1703=CARTESIAN_POINT('',(-0.063577129278656,-0.0552880914011589,0.0258967011832208));
#1704=CARTESIAN_POINT('',(-0.0623632309466346,-0.057031251610982,0.0258817098350911));
#1705=CARTESIAN_POINT('',(-0.0611928592547516,-0.0582841246762666,0.0258703516277977));
#1706=CARTESIAN_POINT('',(-0.0599979977742442,-0.0592291415673506,0.0258523697523586));
#1707=CARTESIAN_POINT('',(-0.0587303026522612,-0.0599094704414921,0.0258122249671055));
#1708=CARTESIAN_POINT('',(-0.0572726827205602,-0.0603821512446617,0.025725813145794));
#1709=CARTESIAN_POINT('',(-0.0562424899028621,-0.0605001752056804,0.0256236652837031));
#1710=CARTESIAN_POINT('',(-0.0556340705914891,-0.0605,0.0255447931488975));
#1711=CARTESIAN_POINT('',(-0.0697627246163879,1.94489025414186E-25,0.0256854936902272));
#1712=CARTESIAN_POINT('',(-0.0697626421130485,-0.00489845247622367,0.0256855766485869));
#1713=CARTESIAN_POINT('',(-0.0697789027874245,-0.0140811121706999,0.0256884381512888));
#1714=CARTESIAN_POINT('',(-0.0692386965584599,-0.0272640667450568,0.0256546145423376));
#1715=CARTESIAN_POINT('',(-0.0684491249027769,-0.0364162688131606,0.025607087695799));
#1716=CARTESIAN_POINT('',(-0.0673046419695134,-0.0438449172679106,0.025547584769855));
#1717=CARTESIAN_POINT('',(-0.0660209160569955,-0.0491121011283182,0.0254966921457752));
#1718=CARTESIAN_POINT('',(-0.0647237690675104,-0.05275754696173,0.02546481240941));
#1719=CARTESIAN_POINT('',(-0.0634804263081337,-0.0552680505289642,0.0254532312726374));
#1720=CARTESIAN_POINT('',(-0.0622978207000518,-0.0570106310208177,0.0254570362421043));
#1721=CARTESIAN_POINT('',(-0.0611556364418737,-0.0582657038028521,0.0254662962336647));
#1722=CARTESIAN_POINT('',(-0.0599859185577543,-0.0592154558464878,0.0254717941362804));
#1723=CARTESIAN_POINT('',(-0.0587392077689267,-0.0599020822585744,0.0254588402704742));
#1724=CARTESIAN_POINT('',(-0.0572999032636592,-0.0603805721535029,0.025404763880384));
#1725=CARTESIAN_POINT('',(-0.0562801434199067,-0.0605001952298926,0.0253250087021087));
#1726=CARTESIAN_POINT('',(-0.055678136144142,-0.0605,0.0252585099973559));
#1727=CARTESIAN_POINT('',(-0.0694062016914547,-1.39804712930731E-24,0.0250686990486675));
#1728=CARTESIAN_POINT('',(-0.0694061243077807,-0.0048960675340369,0.0250687720546535));
#1729=CARTESIAN_POINT('',(-0.0694216558304624,-0.0140769103317633,0.0250533035805687));
#1730=CARTESIAN_POINT('',(-0.0688987477430038,-0.027257660483651,0.0249947355550481));
#1731=CARTESIAN_POINT('',(-0.068134836953442,-0.0364076659478359,0.0249377871663894));
#1732=CARTESIAN_POINT('',(-0.067028106142801,-0.0438328358634452,0.0248829545761651));
#1733=CARTESIAN_POINT('',(-0.0657876744358345,-0.0490953305149902,0.0248477091936562));
#1734=CARTESIAN_POINT('',(-0.0645356017683501,-0.0527356319469375,0.0248375636601799));
#1735=CARTESIAN_POINT('',(-0.0633366456946725,-0.0552419881119666,0.0248506329150309));
#1736=CARTESIAN_POINT('',(-0.0621962899219069,-0.0569832061935594,0.0248811610701526));
#1737=CARTESIAN_POINT('',(-0.0610927101085386,-0.0582405994004925,0.0249193540968272));
#1738=CARTESIAN_POINT('',(-0.0599580012361297,-0.0591962838097089,0.0249575957884975));
#1739=CARTESIAN_POINT('',(-0.0587409382770377,-0.0598914353050195,0.0249826655350505));
#1740=CARTESIAN_POINT('',(-0.0573274424882023,-0.0603782013793677,0.0249742471032105));
#1741=CARTESIAN_POINT('',(-0.0563220071976671,-0.060500226529195,0.0249265481951325));
#1742=CARTESIAN_POINT('',(-0.055728660156755,-0.0605000000000001,0.0248779837684103));
#1743=CARTESIAN_POINT('',(-0.068923306504508,1.35328529837143E-23,0.0242318780974271));
#1744=CARTESIAN_POINT('',(-0.0689232370209434,-0.00489325696392367,0.0242319454862255));
#1745=CARTESIAN_POINT('',(-0.0689359096495199,-0.0140717521463191,0.0241918647877718));
#1746=CARTESIAN_POINT('',(-0.0684327408250818,-0.0272493827441595,0.0241024011504153));
#1747=CARTESIAN_POINT('',(-0.0677008744766922,-0.0363963252435333,0.0240360757102102));
#1748=CARTESIAN_POINT('',(-0.0666430362636039,-0.0438169175354416,0.0239921312748209));
#1749=CARTESIAN_POINT('',(-0.0654594781304759,-0.0490734612442967,0.023982969040166));
#1750=CARTESIAN_POINT('',(-0.0642668207553991,-0.0527072695712727,0.0240068844445357));
#1751=CARTESIAN_POINT('',(-0.0631263526919949,-0.055208222499044,0.0240571961038044));
#1752=CARTESIAN_POINT('',(-0.0620418167551668,-0.0569472647022548,0.0241266659704423));
#1753=CARTESIAN_POINT('',(-0.0609897302488043,-0.0582070455799026,0.0242057129799511));
#1754=CARTESIAN_POINT('',(-0.0599024148493105,-0.0591699473160673,0.0242891821017356));
#1755=CARTESIAN_POINT('',(-0.0587261058957029,-0.0598763316662036,0.0243661779445324));
#1756=CARTESIAN_POINT('',(-0.0573479685318659,-0.0603746693342409,0.0244200744648884));
#1757=CARTESIAN_POINT('',(-0.05636151671871,-0.0605002745408802,0.0244162950508466));
#1758=CARTESIAN_POINT('',(-0.0557794103489136,-0.0605,0.0243924964376886));
#1759=CARTESIAN_POINT('',(-0.0683010718228497,-7.2367836153986E-23,0.0231542931148009));
#1760=CARTESIAN_POINT('',(-0.0683010149215273,-0.00489045990859087,0.0231543461570689));
#1761=CARTESIAN_POINT('',(-0.0683050654518135,-0.0140664813039947,0.0230826070297163));
#1762=CARTESIAN_POINT('',(-0.0678179813324145,-0.0272401942558462,0.0229557860041316));
#1763=CARTESIAN_POINT('',(-0.0671209460271517,-0.0363830339283608,0.0228803767383167));
#1764=CARTESIAN_POINT('',(-0.0661215612563838,-0.0437975439683859,0.0228541745899264));
#1765=CARTESIAN_POINT('',(-0.0650088227201446,-0.0490463554657319,0.0228823856550381));
#1766=CARTESIAN_POINT('',(-0.0638915586565463,-0.0526717815933567,0.022953727711448));
#1767=CARTESIAN_POINT('',(-0.0628260033971211,-0.0551655635474174,0.0230550654726774));
#1768=CARTESIAN_POINT('',(-0.0618135423535368,-0.056901154006617,0.0231769949649246));
#1769=CARTESIAN_POINT('',(-0.0608287228676819,-0.058163051735392,0.0233101610890876));
#1770=CARTESIAN_POINT('',(-0.0598042911720778,-0.059134385737625,0.0234527588017529));
#1771=CARTESIAN_POINT('',(-0.0586829102847791,-0.0598552093241889,0.0235971002624484));
#1772=CARTESIAN_POINT('',(-0.0573521750561962,-0.0603694593195479,0.023731530326855));
#1773=CARTESIAN_POINT('',(-0.0563901011580511,-0.0605003468230909,0.0237841620818626));
#1774=CARTESIAN_POINT('',(-0.0558220868920624,-0.0605,0.0237921493610105));
#1775=CARTESIAN_POINT('',(-0.0674961639595801,4.10165508131889E-22,0.0217600729580076));
#1776=CARTESIAN_POINT('',(-0.0674961206599035,-0.00488881842530888,0.0217601039089976));
#1777=CARTESIAN_POINT('',(-0.0674854119555531,-0.0140626659134864,0.0216617091645273));
#1778=CARTESIAN_POINT('',(-0.0670098448644116,-0.0272318496644037,0.0215145002089229));
#1779=CARTESIAN_POINT('',(-0.0663501873912045,-0.0363695640615554,0.0214469241114643));
#1780=CARTESIAN_POINT('',(-0.0654197321636913,-0.0437764102155887,0.0214574260644764));
#1781=CARTESIAN_POINT('',(-0.0643937584442212,-0.0490154316577996,0.0215408961533138));
#1782=CARTESIAN_POINT('',(-0.0633705388369934,-0.0526299881296961,0.0216754981244537));
#1783=CARTESIAN_POINT('',(-0.0623993829435993,-0.0551138424086045,0.0218413044485824));
#1784=CARTESIAN_POINT('',(-0.061478756949689,-0.0568433631213196,0.0220269653988437));
#1785=CARTESIAN_POINT('',(-0.0605810994405933,-0.0581057521559025,0.022224139749567));
#1786=CARTESIAN_POINT('',(-0.059639999246879,-0.0590858508182044,0.0224356687079932));
#1787=CARTESIAN_POINT('',(-0.0585931211262534,-0.0598248349813312,0.0226585213842953));
#1788=CARTESIAN_POINT('',(-0.0573262453014386,-0.0603614274484421,0.0228877037530447));
#1789=CARTESIAN_POINT('',(-0.0563948982051323,-0.0605004687932212,0.0230069503478133));
#1790=CARTESIAN_POINT('',(-0.0558441706854609,-0.0605,0.0230525015956947));
#1791=CARTESIAN_POINT('',(-0.0664741133501787,-4.00826993354827E-21,0.0199898736375851));
#1792=CARTESIAN_POINT('',(-0.0664740801889469,-0.00488897228306693,0.0199898896137685));
#1793=CARTESIAN_POINT('',(-0.066449870816327,-0.0140614164850139,0.0198892850576112));
#1794=CARTESIAN_POINT('',(-0.0659944839255103,-0.0272265705959028,0.0197751489896895));
#1795=CARTESIAN_POINT('',(-0.0653833241769217,-0.0363592486116365,0.0197575886208161));
#1796=CARTESIAN_POINT('',(-0.0645374057165943,-0.0437581792259642,0.019841455098544));
#1797=CARTESIAN_POINT('',(-0.0636154512683992,-0.0489865380009187,0.0200068034991576));
#1798=CARTESIAN_POINT('',(-0.0627032934179464,-0.0525883752551523,0.0202222904469927));
#1799=CARTESIAN_POINT('',(-0.0618424651550903,-0.0550592365387359,0.0204626945314781));
#1800=CARTESIAN_POINT('',(-0.0610290253210017,-0.056778455013198,0.0207159545743925));
#1801=CARTESIAN_POINT('',(-0.0602344602170741,-0.0580369652248587,0.0209763843621187));
#1802=CARTESIAN_POINT('',(-0.0593945434523411,-0.0590228986050275,0.0212529207681436));
#1803=CARTESIAN_POINT('',(-0.0584412411769891,-0.0597819163812863,0.0215493346100764));
#1804=CARTESIAN_POINT('',(-0.0572539794264098,-0.0603488462161097,0.021871196373926));
#1805=CARTESIAN_POINT('',(-0.0563566695214109,-0.0605007053798801,0.0220600626721176));
#1806=CARTESIAN_POINT('',(-0.0558246384712443,-0.0605,0.0221470459237395));
#1807=CARTESIAN_POINT('',(-0.0653101364803639,1.87627025285707E-20,0.0179737915304727));
#1808=CARTESIAN_POINT('',(-0.0653101067920392,-0.00489091719490073,0.017973790927324));
#1809=CARTESIAN_POINT('',(-0.0652879863150892,-0.0140630492457493,0.0179172625044425));
#1810=CARTESIAN_POINT('',(-0.0648845235623827,-0.027225327723973,0.0179265325853455));
#1811=CARTESIAN_POINT('',(-0.0643448235590576,-0.0363536136803438,0.0180221370630618));
#1812=CARTESIAN_POINT('',(-0.0636005733783985,-0.0437450559424481,0.0182235871881353));
#1813=CARTESIAN_POINT('',(-0.0627922614351135,-0.0489627731711953,0.0184929257382431));
#1814=CARTESIAN_POINT('',(-0.0619948182112222,-0.0525512508880919,0.0187952453534963));
#1815=CARTESIAN_POINT('',(-0.0612437655357638,-0.0550075145099091,0.019105301033342));
#1816=CARTESIAN_POINT('',(-0.0605345312170009,-0.0567135340100753,0.019413512933393));
#1817=CARTESIAN_POINT('',(-0.059839701101813,-0.0579642469799239,0.0197191090333931));
#1818=CARTESIAN_POINT('',(-0.05909870090958,-0.0589519238557327,0.0200375186731725));
#1819=CARTESIAN_POINT('',(-0.0582386933071332,-0.0597298031935991,0.0203800003229922));
#1820=CARTESIAN_POINT('',(-0.0571283655381343,-0.0603323939235404,0.0207652887484218));
#1821=CARTESIAN_POINT('',(-0.0562572073871866,-0.0605011203120761,0.0210084387631928));
#1822=CARTESIAN_POINT('',(-0.0557400078200535,-0.0605,0.0211299736225427));
#1823=CARTESIAN_POINT('',(-0.0641053961623788,-6.97030712123747E-20,0.0158871243542793));
#1824=CARTESIAN_POINT('',(-0.0641053968941997,-0.00489196485718186,0.015887182179146));
#1825=CARTESIAN_POINT('',(-0.0641074697651416,-0.0140634413435485,0.0158985522984548));
#1826=CARTESIAN_POINT('',(-0.0637995921998337,-0.0272234120898938,0.0160822898286876));
#1827=CARTESIAN_POINT('',(-0.0633602585314502,-0.0363485454097788,0.0163286259487438));
#1828=CARTESIAN_POINT('',(-0.0627317603169416,-0.0437344379999855,0.0166727622207244));
#1829=CARTESIAN_POINT('',(-0.0620336973708366,-0.0489435341315957,0.0170531327628508));
#1830=CARTESIAN_POINT('',(-0.0613352546832209,-0.0525202370408729,0.0174341662633733));
#1831=CARTESIAN_POINT('',(-0.0606719360306915,-0.054962752065361,0.0177956582623848));
#1832=CARTESIAN_POINT('',(-0.0600428068527923,-0.0566553487501924,0.018134825378853));
#1833=CARTESIAN_POINT('',(-0.0594244786169538,-0.057896657578573,0.0184591561048117));
#1834=CARTESIAN_POINT('',(-0.0587610455669344,-0.0588829397560664,0.0187912991121693));
#1835=CARTESIAN_POINT('',(-0.0579776032701397,-0.0596760493418637,0.0191518648622218));
#1836=CARTESIAN_POINT('',(-0.0569315283047527,-0.060314268629452,0.0195779121343117));
#1837=CARTESIAN_POINT('',(-0.0560786999080195,-0.0605016722142449,0.0198728291876055));
#1838=CARTESIAN_POINT('',(-0.0555727805954529,-0.0605,0.0200305267746857));
#1839=CARTESIAN_POINT('',(-0.0629275869826505,2.60049582320928E-19,0.0138470978692967));
#1840=CARTESIAN_POINT('',(-0.0629275772315594,-0.00488985656958594,0.0138471477195706));
#1841=CARTESIAN_POINT('',(-0.0629543369558198,-0.0140591852149943,0.013886610735881));
#1842=CARTESIAN_POINT('',(-0.0627330968052885,-0.027215836264619,0.0141621247906176));
#1843=CARTESIAN_POINT('',(-0.0623814353412588,-0.0363377381886335,0.0144981998003912));
#1844=CARTESIAN_POINT('',(-0.0618525437968934,-0.0437189788870656,0.0149398656607834));
#1845=CARTESIAN_POINT('',(-0.0612498444510775,-0.0489219796874118,0.0154084143279934));
#1846=CARTESIAN_POINT('',(-0.0606381207947024,-0.0524913806567344,0.0158640397343017));
#1847=CARTESIAN_POINT('',(-0.0600521342901917,-0.0549261235250979,0.0162866331061645));
#1848=CARTESIAN_POINT('',(-0.059492997234005,-0.0566116044569888,0.0166761626995057));
#1849=CARTESIAN_POINT('',(-0.0589403130805327,-0.0578482332766019,0.0170446036710375));
#1850=CARTESIAN_POINT('',(-0.058342589586712,-0.0588344471835656,0.0174205679991969));
#1851=CARTESIAN_POINT('',(-0.057625351377155,-0.0596376150760943,0.0178327062419999));
#1852=CARTESIAN_POINT('',(-0.0566408872102086,-0.0603005827752899,0.0183361375447818));
#1853=CARTESIAN_POINT('',(-0.0558122720098163,-0.0605020946127415,0.0187063389268774));
#1854=CARTESIAN_POINT('',(-0.0553204731217658,-0.0605,0.0189121346346745));
#1855=CARTESIAN_POINT('',(-0.0618190425387084,-9.02131655827324E-19,0.0119270428644235));
#1856=CARTESIAN_POINT('',(-0.0618190168432099,-0.00488875773959942,0.0119270471878729));
#1857=CARTESIAN_POINT('',(-0.0618381937088811,-0.0140568367964566,0.0119473290089211));
#1858=CARTESIAN_POINT('',(-0.0616381972586501,-0.027211777068317,0.0122242203731024));
#1859=CARTESIAN_POINT('',(-0.0613270303656511,-0.0363320611913534,0.0125883822720697));
#1860=CARTESIAN_POINT('',(-0.0608631629174401,-0.0437109704671024,0.013088069685827));
#1861=CARTESIAN_POINT('',(-0.0603368148087322,-0.048910814438302,0.0136308609064559));
#1862=CARTESIAN_POINT('',(-0.0598038139609922,-0.0524762009038172,0.0141656522034892));
#1863=CARTESIAN_POINT('',(-0.0592937784314342,-0.0549062935970123,0.0146654118241005));
#1864=CARTESIAN_POINT('',(-0.0588069298453227,-0.0565869100850502,0.0151282123024296));
#1865=CARTESIAN_POINT('',(-0.0583243418732373,-0.0578193861188033,0.0155674719778096));
#1866=CARTESIAN_POINT('',(-0.0577991887893532,-0.0588034323547436,0.0160175837700151));
#1867=CARTESIAN_POINT('',(-0.0571601415897067,-0.0596102465862334,0.0165153884521304));
#1868=CARTESIAN_POINT('',(-0.0562603077802825,-0.0602884714055015,0.0171349534726451));
#1869=CARTESIAN_POINT('',(-0.0554756389854408,-0.0605022844684476,0.0176052578826573));
#1870=CARTESIAN_POINT('',(-0.0550048096514092,-0.0605,0.0178702538581359));
#1871=CARTESIAN_POINT('',(-0.060836320610455,1.10401874655944E-19,0.0102249184978358));
#1872=CARTESIAN_POINT('',(-0.0608362953642198,-0.00488926917240565,0.0102249168495137));
#1873=CARTESIAN_POINT('',(-0.0608341890967971,-0.0140571195270189,0.0102180682823629));
#1874=CARTESIAN_POINT('',(-0.0606244018104543,-0.0272111578402936,0.0104814146446737));
#1875=CARTESIAN_POINT('',(-0.0603292873001422,-0.0363303427923653,0.0108641624077293));
#1876=CARTESIAN_POINT('',(-0.0599095376404114,-0.0437075898621163,0.0114166375746901));
#1877=CARTESIAN_POINT('',(-0.0594443633070995,-0.0489051493835092,0.012032494053847));
#1878=CARTESIAN_POINT('',(-0.0589791426448056,-0.0524675963719009,0.0126473701734404));
#1879=CARTESIAN_POINT('',(-0.0585367080333854,-0.0548942251550892,0.0132256384340646));
#1880=CARTESIAN_POINT('',(-0.0581150119596998,-0.056571106747126,0.0137622561385502));
#1881=CARTESIAN_POINT('',(-0.0576956430574028,-0.0578001864029163,0.0142712546108327));
#1882=CARTESIAN_POINT('',(-0.0572358118624704,-0.0587820298649662,0.0147920626226596));
#1883=CARTESIAN_POINT('',(-0.05666764982991,-0.0595905514534464,0.0153680524688052));
#1884=CARTESIAN_POINT('',(-0.0558483734292872,-0.0602792265816262,0.0160909593066663));
#1885=CARTESIAN_POINT('',(-0.0551125116013166,-0.0605024318450558,0.0166533933171065));
#1886=CARTESIAN_POINT('',(-0.0546686107504011,-0.0605,0.0169775430485717));
#1887=CARTESIAN_POINT('',(-0.0600410785344096,-4.28026946544895E-20,0.00884751882404857));
#1888=CARTESIAN_POINT('',(-0.0600410491833655,-0.00489058078034497,0.00884750887241004));
#1889=CARTESIAN_POINT('',(-0.0600229459289645,-0.0140587941364073,0.00883001714694405));
#1890=CARTESIAN_POINT('',(-0.0598052790679316,-0.0272126387891446,0.0091036569852776));
#1891=CARTESIAN_POINT('',(-0.059521702487246,-0.0363313937714937,0.00951600848121703));
#1892=CARTESIAN_POINT('',(-0.0591347700590075,-0.0437079921052408,0.0101212697958028));
#1893=CARTESIAN_POINT('',(-0.0587155597546491,-0.0489046363410895,0.0108014102163114));
#1894=CARTESIAN_POINT('',(-0.0583014559539483,-0.0524658302246083,0.0114829830788955));
#1895=CARTESIAN_POINT('',(-0.0579099840468627,-0.0548908704121807,0.0121247819847048));
#1896=CARTESIAN_POINT('',(-0.0575371979791327,-0.0565658929723491,0.012720083366573));
#1897=CARTESIAN_POINT('',(-0.0571649698950709,-0.0577930966812435,0.0132838305922399));
#1898=CARTESIAN_POINT('',(-0.0567535376085043,-0.0587734187180363,0.0138594478388136));
#1899=CARTESIAN_POINT('',(-0.0562379329781139,-0.0595820232067121,0.0144948726459977));
#1900=CARTESIAN_POINT('',(-0.0554804266261868,-0.0602749503973171,0.0152941081308521));
#1901=CARTESIAN_POINT('',(-0.0547863686439145,-0.0605025130689844,0.0159229087472492));
#1902=CARTESIAN_POINT('',(-0.0543670886299004,-0.0605,0.016289961934548));
#1903=CARTESIAN_POINT('',(-0.0594038810995735,6.68720952321802E-20,0.00774386049134936));
#1904=CARTESIAN_POINT('',(-0.0594038613045584,-0.00489130011484666,0.00774386359609326));
#1905=CARTESIAN_POINT('',(-0.0593853739110539,-0.0140598103653687,0.00773514499856418));
#1906=CARTESIAN_POINT('',(-0.0591842730393558,-0.0272130972702737,0.008050429451977));
#1907=CARTESIAN_POINT('',(-0.058924920443226,-0.0363307708197884,0.00850988248670155));
#1908=CARTESIAN_POINT('',(-0.0585729866858389,-0.0437056383129277,0.00917366762287387));
#1909=CARTESIAN_POINT('',(-0.0581924785140594,-0.0489001750560499,0.00991278511284555));
#1910=CARTESIAN_POINT('',(-0.057816368342239,-0.0524591845351346,0.0106484993123525));
#1911=CARTESIAN_POINT('',(-0.0574597726836343,-0.0548823077966342,0.0113372422298814));
#1912=CARTESIAN_POINT('',(-0.0571182652491697,-0.0565560745303227,0.0119724204556665));
#1913=CARTESIAN_POINT('',(-0.0567743717413646,-0.0577830917622133,0.0125708481596817));
#1914=CARTESIAN_POINT('',(-0.0563901610426652,-0.058764728038338,0.0131793433527337));
#1915=CARTESIAN_POINT('',(-0.0559016837490556,-0.0595769592786305,0.0138495695995497));
#1916=CARTESIAN_POINT('',(-0.0551746908687989,-0.0602751286498883,0.0146954956316178));
#1917=CARTESIAN_POINT('',(-0.0545075677224562,-0.060502748615149,0.0153680595275146));
#1918=CARTESIAN_POINT('',(-0.0541109895223688,-0.0605,0.0157654359986833));
#1919=CARTESIAN_POINT('',(-0.0588935528047824,-1.79496285389726E-19,0.00685994595642367));
#1920=CARTESIAN_POINT('',(-0.0588935514920328,-0.0048909172255944,0.00685998403847058));
#1921=CARTESIAN_POINT('',(-0.0588850222634521,-0.0140592844864082,0.00686469331588899));
#1922=CARTESIAN_POINT('',(-0.0587167446225005,-0.0272116274776941,0.00722837304751379));
#1923=CARTESIAN_POINT('',(-0.0584900531907186,-0.0363278213410225,0.00773777324764569));
#1924=CARTESIAN_POINT('',(-0.0581745625511978,-0.0437002509116268,0.00845882229706139));
#1925=CARTESIAN_POINT('',(-0.0578280177867283,-0.048891792275869,0.00925189772335704));
#1926=CARTESIAN_POINT('',(-0.057481482962982,-0.0524477835475112,0.0100342638423251));
#1927=CARTESIAN_POINT('',(-0.0571496335834196,-0.0548684646243125,0.0107611394726959));
#1928=CARTESIAN_POINT('',(-0.0568284984990844,-0.0565410133284881,0.0114266348984375));
#1929=CARTESIAN_POINT('',(-0.0565014196401376,-0.0577686315454374,0.0120496235563751));
#1930=CARTESIAN_POINT('',(-0.0561313913430919,-0.0587532792534962,0.0126797710440878));
#1931=CARTESIAN_POINT('',(-0.0556537456102296,-0.0595718614481884,0.0133715856729877));
#1932=CARTESIAN_POINT('',(-0.0549347813362084,-0.0602772917279595,0.014246961193125));
#1933=CARTESIAN_POINT('',(-0.0542801353673481,-0.0605030712739874,0.0149481362983921));
#1934=CARTESIAN_POINT('',(-0.0539007716146089,-0.0605,0.0153660202363246));
#1935=CARTESIAN_POINT('',(-0.058448369848318,-4.56586964815066E-19,0.00608886645714142));
#1936=CARTESIAN_POINT('',(-0.0584483850182686,-0.00488956999815776,0.00608894718567668));
#1937=CARTESIAN_POINT('',(-0.0584579966636393,-0.0140573708425511,0.00610974448287774));
#1938=CARTESIAN_POINT('',(-0.0583346665059107,-0.0272082433116923,0.00652498747958126));
#1939=CARTESIAN_POINT('',(-0.0581465204675639,-0.0363224505189244,0.00708483326429749));
#1940=CARTESIAN_POINT('',(-0.0578680752783106,-0.0436918256579972,0.00786054778974211));
#1941=CARTESIAN_POINT('',(-0.0575517140714054,-0.048879990847348,0.00870232926863964));
#1942=CARTESIAN_POINT('',(-0.0572283830936435,-0.0524331967707081,0.0095244709004515));
#1943=CARTESIAN_POINT('',(-0.0569135506549321,-0.0548525512396002,0.0102819680584888));
#1944=CARTESIAN_POINT('',(-0.0566041069607749,-0.0565260730514018,0.0109703122954817));
#1945=CARTESIAN_POINT('',(-0.0562840995287512,-0.0577574274202395,0.0116109634055226));
#1946=CARTESIAN_POINT('',(-0.0559166640523534,-0.0587488203110509,0.0122566205997864));
#1947=CARTESIAN_POINT('',(-0.0554355862355292,-0.0595764406409021,0.0129655148950688));
#1948=CARTESIAN_POINT('',(-0.0547106191433703,-0.0602854243672258,0.0138674791892574));
#1949=CARTESIAN_POINT('',(-0.0540699722078975,-0.0605032406168571,0.0145938139014776));
#1950=CARTESIAN_POINT('',(-0.0537115038071774,-0.0605,0.0150293523731104));
#1951=CARTESIAN_POINT('',(-0.0579918374758029,2.15909307500208E-19,0.00529812919265258));
#1952=CARTESIAN_POINT('',(-0.0579918720287685,-0.00488692634359426,0.00529830330204691));
#1953=CARTESIAN_POINT('',(-0.0580287623084827,-0.0140535262560084,0.00533557632628983));
#1954=CARTESIAN_POINT('',(-0.057969380493349,-0.027202276789201,0.0058107937626693));
#1955=CARTESIAN_POINT('',(-0.0578336373061026,-0.0363137380839356,0.00643222971268921));
#1956=CARTESIAN_POINT('',(-0.0576027193705226,-0.0436784090191238,0.0072769619597761));
#1957=CARTESIAN_POINT('',(-0.0573230857899147,-0.0488604919976341,0.00818146520065796));
#1958=CARTESIAN_POINT('',(-0.057027077262952,-0.0524072975263043,0.00905524404352077));
#1959=CARTESIAN_POINT('',(-0.0567321808277924,-0.0548212428334475,0.00985219248900031));
#1960=CARTESIAN_POINT('',(-0.0564368795126715,-0.0564918062700425,0.0105687199984088));
#1961=CARTESIAN_POINT('',(-0.0561260097190699,-0.057724084638427,0.011228690110448));
#1962=CARTESIAN_POINT('',(-0.0557622223122,-0.058721689014693,0.0118874568453796));
#1963=CARTESIAN_POINT('',(-0.0552745202820617,-0.0595631165633788,0.0126053154330014));
#1964=CARTESIAN_POINT('',(-0.0545266630605536,-0.0602877351277422,0.013519532719593));
#1965=CARTESIAN_POINT('',(-0.0538753079592409,-0.0605036279346193,0.014259889061863));
#1966=CARTESIAN_POINT('',(-0.0535235822039217,-0.0605,0.0147066114057215));
#1967=CARTESIAN_POINT('',(-0.0574332609967343,-1.20665541555638E-19,0.00433064635098923));
#1968=CARTESIAN_POINT('',(-0.0574332929263058,-0.00488289458555094,0.00433085042258253));
#1969=CARTESIAN_POINT('',(-0.0575025936275436,-0.0140473764057198,0.00437692319065731));
#1970=CARTESIAN_POINT('',(-0.0575198229639283,-0.0271947074593841,0.0048991240750685));
#1971=CARTESIAN_POINT('',(-0.0574467346839633,-0.0363057387452821,0.00557487381910296));
#1972=CARTESIAN_POINT('',(-0.0572720077423831,-0.0436702550187423,0.00648787199394915));
#1973=CARTESIAN_POINT('',(-0.0570348137824353,-0.0488524710509925,0.00746186084934603));
#1974=CARTESIAN_POINT('',(-0.0567693188229481,-0.0523998934666849,0.00840022729396585));
#1975=CARTESIAN_POINT('',(-0.0564957056407398,-0.0548152573723312,0.00925396936080842));
#1976=CARTESIAN_POINT('',(-0.0562146495443581,-0.0564884825729999,0.0100193588105326));
#1977=CARTESIAN_POINT('',(-0.0559125114535641,-0.0577249013078352,0.0107219363970559));
#1978=CARTESIAN_POINT('',(-0.0555524492315837,-0.05872811566844,0.0114203745175579));
#1979=CARTESIAN_POINT('',(-0.0550616871027484,-0.0595750893212419,0.0121771844017329));
#1980=CARTESIAN_POINT('',(-0.0543072963683767,-0.0602967188286248,0.0131336867648993));
#1981=CARTESIAN_POINT('',(-0.0536651346121057,-0.0605034967608427,0.0138992193281689));
#1982=CARTESIAN_POINT('',(-0.0533247340811788,-0.0605,0.0143607737485312));
#1983=CARTESIAN_POINT('',(-0.0567768685938757,2.32622555621393E-19,0.00319374135953707));
#1984=CARTESIAN_POINT('',(-0.0567768826228456,-0.00487855787547311,0.00319388373489218));
#1985=CARTESIAN_POINT('',(-0.0568758358332202,-0.014040680570199,0.00323973162171616));
#1986=CARTESIAN_POINT('',(-0.0569677921604887,-0.0271880161550618,0.00379100051659741));
#1987=CARTESIAN_POINT('',(-0.0569584652550388,-0.0363014800707308,0.00450873993661837));
#1988=CARTESIAN_POINT('',(-0.0568438249902216,-0.043671272907714,0.00548393028198715));
#1989=CARTESIAN_POINT('',(-0.0566540545990611,-0.0488611281792326,0.00652993723949136));
#1990=CARTESIAN_POINT('',(-0.0564236375455494,-0.0524177019503403,0.00754318777319954));
#1991=CARTESIAN_POINT('',(-0.0561747072474886,-0.0548426266192474,0.0084701031858463));
#1992=CARTESIAN_POINT('',(-0.0559100798103894,-0.0565245963755156,0.00930579701808864));
#1993=CARTESIAN_POINT('',(-0.0556185918450987,-0.0577671645328683,0.0100766008599023));
#1994=CARTESIAN_POINT('',(-0.0552659372274123,-0.0587717426487403,0.0108450505531751));
#1995=CARTESIAN_POINT('',(-0.0547837897577198,-0.0596090417064357,0.0116753297938123));
#1996=CARTESIAN_POINT('',(-0.054053875304079,-0.0603063405104955,0.0127066641540523));
#1997=CARTESIAN_POINT('',(-0.0534399532757518,-0.0605029909851734,0.0135095614713723));
#1998=CARTESIAN_POINT('',(-0.0531106863104667,-0.0605,0.0139905152937278));
#1999=CARTESIAN_POINT('',(-0.0560661076072688,9.33273968694015E-21,0.00196266721869587));
#2000=CARTESIAN_POINT('',(-0.0560660607958596,-0.00487665083890524,0.00196268892286187));
#2001=CARTESIAN_POINT('',(-0.0561654097128798,-0.0140377035342205,0.00198391911401552));
#2002=CARTESIAN_POINT('',(-0.0562792482426293,-0.0271889631056203,0.00252120458573999));
#2003=CARTESIAN_POINT('',(-0.0562989830199494,-0.0363097485597558,0.00325322030134326));
#2004=CARTESIAN_POINT('',(-0.0562232212994381,-0.0436922496898438,0.00427458595285772));
#2005=CARTESIAN_POINT('',(-0.0560739286117937,-0.0488988419283397,0.00538947357628235));
#2006=CARTESIAN_POINT('',(-0.0558811448235454,-0.0524741499303716,0.00648473137136764));
#2007=CARTESIAN_POINT('',(-0.0556648148642433,-0.0549170006606422,0.00749981168868538));
#2008=CARTESIAN_POINT('',(-0.0554277723028413,-0.0566125854646737,0.00842742706680575));
#2009=CARTESIAN_POINT('',(-0.0551615011975757,-0.0578601972342973,0.00929333570162456));
#2010=CARTESIAN_POINT('',(-0.0548373116027131,-0.0588567139275363,0.0101638561467873));
#2011=CARTESIAN_POINT('',(-0.0544000580699559,-0.0596638859008677,0.0111030897673713));
#2012=CARTESIAN_POINT('',(-0.0537551814021709,-0.0603148868532939,0.0122440903741329));
#2013=CARTESIAN_POINT('',(-0.0532064543766432,-0.0605019839472755,0.0131037803311468));
#2014=CARTESIAN_POINT('',(-0.0528927988688779,-0.0605,0.013612985680137));
#2015=CARTESIAN_POINT('',(-0.055355394690056,-2.69953514369154E-19,0.000731676336487797));
#2016=CARTESIAN_POINT('',(-0.0553553181289183,-0.00487824442779374,0.000731660643764135));
#2017=CARTESIAN_POINT('',(-0.0554333714096525,-0.014040123400179,0.000729163979469613));
#2018=CARTESIAN_POINT('',(-0.0555304582946509,-0.0271944341341645,0.00126433279921304));
#2019=CARTESIAN_POINT('',(-0.0555556169146024,-0.036319240166945,0.0020249835607178));
#2020=CARTESIAN_POINT('',(-0.0555077994518559,-0.0437079067379197,0.00310858173114654));
#2021=CARTESIAN_POINT('',(-0.0554008416317166,-0.0489220400796294,0.00430482881427676));
#2022=CARTESIAN_POINT('',(-0.0552561900277285,-0.0525052847954722,0.00548877727712534));
#2023=CARTESIAN_POINT('',(-0.0550880383211393,-0.0549551208759297,0.00659242708990894));
#2024=CARTESIAN_POINT('',(-0.0548971776890371,-0.0566550178939843,0.00760603756164565));
#2025=CARTESIAN_POINT('',(-0.0546759989845098,-0.0579024698841923,0.00855538589163713));
#2026=CARTESIAN_POINT('',(-0.054400219517864,-0.058892650860954,0.0095106737580011));
#2027=CARTESIAN_POINT('',(-0.0540221383158586,-0.0596849071718639,0.0105372677330896));
#2028=CARTESIAN_POINT('',(-0.0534588862476026,-0.0603166740690706,0.011771699373232));
#2029=CARTESIAN_POINT('',(-0.0529686696885158,-0.060501395111573,0.0126922809614005));
#2030=CARTESIAN_POINT('',(-0.0526755232863635,-0.0605,0.0132366917292354));
#2031=CARTESIAN_POINT('',(-0.0546593166548782,7.26573001125839E-20,-0.000473966186472812));
#2032=CARTESIAN_POINT('',(-0.0546592343652746,-0.00488167272970632,-0.000474002437952893));
#2033=CARTESIAN_POINT('',(-0.0547079242380894,-0.0140452638059739,-0.000494236508055348));
#2034=CARTESIAN_POINT('',(-0.0547726582788194,-0.0272016020295654,4.8076172648855E-5));
#2035=CARTESIAN_POINT('',(-0.0547932417364677,-0.0363283668389609,0.000842781011688521));
#2036=CARTESIAN_POINT('',(-0.0547682778829074,-0.0437198406578048,0.00199127766483435));
#2037=CARTESIAN_POINT('',(-0.0547037200543561,-0.0489371942936968,0.00326875450029464));
#2038=CARTESIAN_POINT('',(-0.0546107557748489,-0.0525234418759031,0.00453884554144331));
#2039=CARTESIAN_POINT('',(-0.054496343939316,-0.0549752950619775,0.00572631954173642));
#2040=CARTESIAN_POINT('',(-0.0543582807966898,-0.0566753520825743,0.00681890530163628));
#2041=CARTESIAN_POINT('',(-0.054188938567821,-0.0579204862769849,0.00784253392623797));
#2042=CARTESIAN_POINT('',(-0.0539676351455692,-0.0589054306331477,0.00887120393065144));
#2043=CARTESIAN_POINT('',(-0.0536512908383012,-0.0596895719585006,0.00997226795016237));
#2044=CARTESIAN_POINT('',(-0.0531639888730806,-0.0603142713335554,0.011288924601288));
#2045=CARTESIAN_POINT('',(-0.0527238742821504,-0.0605010609462936,0.0122681814612706));
#2046=CARTESIAN_POINT('',(-0.0524517474083207,-0.0605,0.0128490844443559));
#2047=CARTESIAN_POINT('',(-0.0539927302901782,-2.06756860811817E-20,-0.00162852763776595));
#2048=CARTESIAN_POINT('',(-0.0539926552380162,-0.00488557679124002,-0.00162856535857159));
#2049=CARTESIAN_POINT('',(-0.0540172674745177,-0.0140512009003086,-0.00165224899071007));
#2050=CARTESIAN_POINT('',(-0.0540571374914076,-0.0272080318498658,-0.00108259903605552));
#2051=CARTESIAN_POINT('',(-0.0540769740387365,-0.0363342763001337,-0.000243657057212182));
#2052=CARTESIAN_POINT('',(-0.0540761346936771,-0.043724637461701,0.000972236992852502));
#2053=CARTESIAN_POINT('',(-0.0540533962692407,-0.0489402619238733,0.00232679200283477));
#2054=CARTESIAN_POINT('',(-0.0540107442641837,-0.0525240046834771,0.00367431212824049));
#2055=CARTESIAN_POINT('',(-0.0539485677632017,-0.0549725620150271,0.00493383120187372));
#2056=CARTESIAN_POINT('',(-0.0538618534155399,-0.0566687137140304,0.00609118856440127));
#2057=CARTESIAN_POINT('',(-0.0537424601677558,-0.0579100002389315,0.00717300715204794));
#2058=CARTESIAN_POINT('',(-0.0535720948465295,-0.0588920277168911,0.00825690915642196));
#2059=CARTESIAN_POINT('',(-0.0533086741102558,-0.0596766092483359,0.00941301112282569));
#2060=CARTESIAN_POINT('',(-0.0528771330383567,-0.0603082203178062,0.010793680542208));
#2061=CARTESIAN_POINT('',(-0.0524679274365371,-0.0605011620648683,0.0118238039645742));
#2062=CARTESIAN_POINT('',(-0.0522140726018724,-0.0605,0.012437445585057));
#2063=CARTESIAN_POINT('',(-0.0534051920753399,8.33871475140239E-21,-0.00264617367725426));
#2064=CARTESIAN_POINT('',(-0.0534051293077911,-0.00488873560822843,-0.00264620448838197));
#2065=CARTESIAN_POINT('',(-0.0534145756183377,-0.0140560952935756,-0.00266570679900637));
#2066=CARTESIAN_POINT('',(-0.0534428507025893,-0.0272129518900167,-0.00206077898461058));
#2067=CARTESIAN_POINT('',(-0.0534680327510974,-0.0363380053662852,-0.00117725045005592));
#2068=CARTESIAN_POINT('',(-0.0534907302355438,-0.0437260305258336,9.85360101234418E-5));
#2069=CARTESIAN_POINT('',(-0.0535036228157112,-0.048938252829728,0.00151692142920198));
#2070=CARTESIAN_POINT('',(-0.0535019738376767,-0.0525176057805441,0.00292560135060361));
#2071=CARTESIAN_POINT('',(-0.0534815319226244,-0.0549611253194066,0.00423987130898823));
#2072=CARTESIAN_POINT('',(-0.0534354162843775,-0.0566522001788816,0.00544460499016402));
#2073=CARTESIAN_POINT('',(-0.0533551472792638,-0.0578894460937039,0.00656746509591993));
#2074=CARTESIAN_POINT('',(-0.0532240291741754,-0.0588697106290797,0.00768908326506908));
#2075=CARTESIAN_POINT('',(-0.0529995485520232,-0.0596578620761097,0.00888216824170439));
#2076=CARTESIAN_POINT('',(-0.0526045273620951,-0.0603012070362385,0.0103075217559984));
#2077=CARTESIAN_POINT('',(-0.0522113452946119,-0.0605014397513536,0.0113758655782554));
#2078=CARTESIAN_POINT('',(-0.0519695995539835,-0.0605,0.0120139228944772));
#2079=CARTESIAN_POINT('',(-0.0529315842227701,-1.21019626431478E-20,-0.00346648654076858));
#2080=CARTESIAN_POINT('',(-0.0529315362522364,-0.00489096033710989,-0.00346650440982008));
#2081=CARTESIAN_POINT('',(-0.0529313666878538,-0.0140595880378689,-0.00348135610253609));
#2082=CARTESIAN_POINT('',(-0.0529535463659618,-0.0272160837040107,-0.00284868063774055));
#2083=CARTESIAN_POINT('',(-0.0529839404543766,-0.0363396305588233,-0.00193198339013636));
#2084=CARTESIAN_POINT('',(-0.0530241363244656,-0.0437248931609092,-0.000613285859051003));
#2085=CARTESIAN_POINT('',(-0.0530623877535695,-0.0489333508804225,0.000849568792255247));
#2086=CARTESIAN_POINT('',(-0.0530893755364202,-0.0525082748750998,0.0022997954367046));
#2087=CARTESIAN_POINT('',(-0.0530977394035273,-0.0549472614013895,0.0036503362550928));
#2088=CARTESIAN_POINT('',(-0.0530793265966391,-0.0566344581155414,0.00488565313683847));
#2089=CARTESIAN_POINT('',(-0.0530253229714757,-0.0578694519525594,0.00603447743274106));
#2090=CARTESIAN_POINT('',(-0.0529198680739526,-0.05885010280191,0.00717976967697071));
#2091=CARTESIAN_POINT('',(-0.0527195131060439,-0.0596434477862753,0.00839663561827844));
#2092=CARTESIAN_POINT('',(-0.0523453695155832,-0.0602973852091699,0.00985256865580908));
#2093=CARTESIAN_POINT('',(-0.0519626660869347,-0.0605017462943414,0.0109478553700243));
#2094=CARTESIAN_POINT('',(-0.0517320050532284,-0.0605,0.0116026395709997));
#2095=CARTESIAN_POINT('',(-0.052560745836015,1.90360965497208E-20,-0.00410879746802536));
#2096=CARTESIAN_POINT('',(-0.0525607156053246,-0.0048923125668669,-0.00410879763884328));
#2097=CARTESIAN_POINT('',(-0.0525552319967692,-0.0140618016735041,-0.00411989056621228));
#2098=CARTESIAN_POINT('',(-0.0525759039408035,-0.0272172691199126,-0.00346713754755978));
#2099=CARTESIAN_POINT('',(-0.05261181407945,-0.036338406925148,-0.00252706368304108));
#2100=CARTESIAN_POINT('',(-0.0526653614057002,-0.0437193386085526,-0.0011789138192535));
#2101=CARTESIAN_POINT('',(-0.0527216789826101,-0.0489219758250781,0.000313569865430786));
#2102=CARTESIAN_POINT('',(-0.0527686601254679,-0.0524902045532156,0.00179044646381359));
#2103=CARTESIAN_POINT('',(-0.0527971646940922,-0.0549224939298423,0.00316309316143395));
#2104=CARTESIAN_POINT('',(-0.0527984120327027,-0.0566040544532854,0.00441569427978944));
#2105=CARTESIAN_POINT('',(-0.0527633283448483,-0.0578358007145845,0.00557779780585124));
#2106=CARTESIAN_POINT('',(-0.0526763001535911,-0.05881706167424,0.00673388202447369));
#2107=CARTESIAN_POINT('',(-0.0524917324376399,-0.0596183816971634,0.00796096091351793));
#2108=CARTESIAN_POINT('',(-0.0521246131663091,-0.0602897245896651,0.00943296723445707));
#2109=CARTESIAN_POINT('',(-0.0517367450636324,-0.0605021743009965,0.0105468889998879));
#2110=CARTESIAN_POINT('',(-0.0515074925042697,-0.0605,0.0112133048736287));
#2111=CARTESIAN_POINT('',(-0.0522267122714419,-7.35604718305954E-20,-0.0046873605732992));
#2112=CARTESIAN_POINT('',(-0.0522266888782575,-0.00489310537831774,-0.00468735342193525));
#2113=CARTESIAN_POINT('',(-0.0522172665372781,-0.0140631184305861,-0.00469779266298066));
#2114=CARTESIAN_POINT('',(-0.0522342783299689,-0.0272175998847716,-0.00403822265437025));
#2115=CARTESIAN_POINT('',(-0.0522708105577067,-0.0363369435145802,-0.00308889560183511));
#2116=CARTESIAN_POINT('',(-0.0523295588529343,-0.0437152898891549,-0.00172765413515076));
#2117=CARTESIAN_POINT('',(-0.052394183694028,-0.0489153436157615,-0.000220981718376073));
#2118=CARTESIAN_POINT('',(-0.0524507476909792,-0.0524817303695503,0.00126938199258035));
#2119=CARTESIAN_POINT('',(-0.0524887315778157,-0.0549135114384518,0.00265396914417058));
#2120=CARTESIAN_POINT('',(-0.0524985174943126,-0.0565963961123957,0.00391707959206297));
#2121=CARTESIAN_POINT('',(-0.0524705025224239,-0.0578313867933633,0.00508911239427986));
#2122=CARTESIAN_POINT('',(-0.052388927866574,-0.0588176958606922,0.00625603120201925));
#2123=CARTESIAN_POINT('',(-0.052207694821419,-0.059624662130675,0.00749711747438721));
#2124=CARTESIAN_POINT('',(-0.0518455131224949,-0.0602966020299064,0.00898947525568363));
#2125=CARTESIAN_POINT('',(-0.0514744222766177,-0.0605023273373034,0.010117926125675));
#2126=CARTESIAN_POINT('',(-0.0512634668664269,-0.0605,0.0107920517574549));
#2127=CARTESIAN_POINT('',(-0.0518521364389919,7.26930514481562E-19,-0.00533614494639011));
#2128=CARTESIAN_POINT('',(-0.0518521207869715,-0.00489342566034303,-0.00533613215744289));
#2129=CARTESIAN_POINT('',(-0.0518453412648382,-0.0140638570746057,-0.00533947117560048));
#2130=CARTESIAN_POINT('',(-0.0518689736710658,-0.0272166310661616,-0.00466270356399821));
#2131=CARTESIAN_POINT('',(-0.0519114364527471,-0.036333147650801,-0.00369864803126202));
#2132=CARTESIAN_POINT('',(-0.0519763420588506,-0.0437076227846339,-0.00232324563174735));
#2133=CARTESIAN_POINT('',(-0.052046432151748,-0.0489042383540443,-0.000805226488781368));
#2134=CARTESIAN_POINT('',(-0.0521074465328797,-0.052468890656535,0.000693564554215479));
#2135=CARTESIAN_POINT('',(-0.0521485873662479,-0.054901474069812,0.0020842799577312));
#2136=CARTESIAN_POINT('',(-0.0521598000767678,-0.0565882440691569,0.00335233465276081));
#2137=CARTESIAN_POINT('',(-0.0521309446261656,-0.0578298886753509,0.00452964975793856));
#2138=CARTESIAN_POINT('',(-0.0520456523031738,-0.0588248899067942,0.00570394002563916));
#2139=CARTESIAN_POINT('',(-0.0518573193698664,-0.0596393079981761,0.00695732989353397));
#2140=CARTESIAN_POINT('',(-0.051492169053087,-0.0603076728814265,0.00846861147514046));
#2141=CARTESIAN_POINT('',(-0.0511410460044659,-0.0605023015370974,0.00960764658823274));
#2142=CARTESIAN_POINT('',(-0.0509509425162514,-0.0605,0.0102865434885724));
#2143=CARTESIAN_POINT('',(-0.0514777711368459,-3.16110615249318E-18,-0.00598456467029795));
#2144=CARTESIAN_POINT('',(-0.0514777622102289,-0.00489261882203128,-0.00598455278529915));
#2145=CARTESIAN_POINT('',(-0.0514845035214741,-0.0140630771632557,-0.00597376300537351));
#2146=CARTESIAN_POINT('',(-0.0515314694174637,-0.027212958384253,-0.00526915828292822));
#2147=CARTESIAN_POINT('',(-0.051588156877385,-0.0363250270924189,-0.0042861941279));
#2148=CARTESIAN_POINT('',(-0.0516599987646093,-0.0436935806159797,-0.00289926266651944));
#2149=CARTESIAN_POINT('',(-0.0517299376589841,-0.048885343857362,-0.00137804676963855));
#2150=CARTESIAN_POINT('',(-0.0517861169186681,-0.0524482180648392,0.000118367846031406));
#2151=CARTESIAN_POINT('',(-0.0518194535213845,-0.054883154961994,0.00150402670768541));
#2152=CARTESIAN_POINT('',(-0.0518202745729929,-0.056576869168664,0.00276678552938221));
#2153=CARTESIAN_POINT('',(-0.051778041843261,-0.0578290811893968,0.00394073705137938));
#2154=CARTESIAN_POINT('',(-0.0516751987854794,-0.0588366942953923,0.00511530825103939));
#2155=CARTESIAN_POINT('',(-0.0514648680845409,-0.0596599705669406,0.00637563649910551));
#2156=CARTESIAN_POINT('',(-0.0510846711445565,-0.0603207052060583,0.00789938106040814));
#2157=CARTESIAN_POINT('',(-0.0507505972186969,-0.0605020734560636,0.0090417513610511));
#2158=CARTESIAN_POINT('',(-0.0505781788837617,-0.0605,0.00972108721834413));
#2159=CARTESIAN_POINT('',(-0.0511448234765959,8.79602317470553E-18,-0.00656124693411196));
#2160=CARTESIAN_POINT('',(-0.0511448054027075,-0.00489051073208246,-0.0065612326768359));
#2161=CARTESIAN_POINT('',(-0.0511775419687483,-0.0140604930651976,-0.00652889180028115));
#2162=CARTESIAN_POINT('',(-0.051267335866388,-0.0272061209908157,-0.00578110167995702));
#2163=CARTESIAN_POINT('',(-0.0513481535338053,-0.0363118194098004,-0.00477071162259613));
#2164=CARTESIAN_POINT('',(-0.0514288832307606,-0.0436720614955271,-0.00337230117708576));
#2165=CARTESIAN_POINT('',(-0.0514939685765433,-0.0488575915601987,-0.00185578359557027));
#2166=CARTESIAN_POINT('',(-0.0515366205481025,-0.0524191623518254,-0.000373433817182122));
#2167=CARTESIAN_POINT('',(-0.0515513836298612,-0.0548588147225482,0.00099492077087515));
#2168=CARTESIAN_POINT('',(-0.0515297669046439,-0.0565633129520442,0.00224138124487622));
#2169=CARTESIAN_POINT('',(-0.0514611202660697,-0.0578303101494137,0.00340297618498568));
#2170=CARTESIAN_POINT('',(-0.051326401738733,-0.058853831375052,0.00457072307025274));
#2171=CARTESIAN_POINT('',(-0.0510798658483128,-0.0596851905664661,0.00583237605855983));
#2172=CARTESIAN_POINT('',(-0.0506747550588959,-0.0603335064519969,0.00736051801779264));
#2173=CARTESIAN_POINT('',(-0.0503519765047745,-0.0605016936322413,0.00849875645071003));
#2174=CARTESIAN_POINT('',(-0.0501907167423102,-0.0605,0.0091746658417963));
#2175=CARTESIAN_POINT('',(-0.0508687182319661,6.4131437037668E-19,-0.00703947524604704));
#2176=CARTESIAN_POINT('',(-0.050868668572189,-0.00488756377377749,-0.00703944767610464));
#2177=CARTESIAN_POINT('',(-0.0509341377538194,-0.0140566447718996,-0.00698337560513088));
#2178=CARTESIAN_POINT('',(-0.0510769466722408,-0.0271974479580308,-0.00618558619327675));
#2179=CARTESIAN_POINT('',(-0.0511867186998611,-0.0362961085365447,-0.00514363665936893));
#2180=CARTESIAN_POINT('',(-0.0512771206740694,-0.0436474291753046,-0.0037344040375679));
#2181=CARTESIAN_POINT('',(-0.0513349537684222,-0.0488269641217839,-0.00222770911695382));
#2182=CARTESIAN_POINT('',(-0.0513595739303044,-0.0523885777377022,-0.000766331303306604));
#2183=CARTESIAN_POINT('',(-0.0513499472222794,-0.0548350821319416,0.000578050341143576));
#2184=CARTESIAN_POINT('',(-0.0512991799975103,-0.0565526527081195,0.00180278564427538));
#2185=CARTESIAN_POINT('',(-0.0511969658872151,-0.0578358835471794,0.00294802572561559));
#2186=CARTESIAN_POINT('',(-0.0510231413701523,-0.0588749140605709,0.00410598160637428));
#2187=CARTESIAN_POINT('',(-0.0507351347461061,-0.0597108465800218,0.00536576655938065));
#2188=CARTESIAN_POINT('',(-0.0503024272902012,-0.0603441539352894,0.00689228334050447));
#2189=CARTESIAN_POINT('',(-0.0499846442744573,-0.0605013155965044,0.0080222488010798));
#2190=CARTESIAN_POINT('',(-0.0498280593166562,-0.0605,0.00869291035127164));
#2191=CARTESIAN_POINT('',(-0.0506027631613852,-7.97776369809765E-18,-0.00750012294082385));
#2192=CARTESIAN_POINT('',(-0.0506026029820001,-0.0048834341712008,-0.00750002688819575));
#2193=CARTESIAN_POINT('',(-0.0507135858170455,-0.0140511672271255,-0.00741229283910321));
#2194=CARTESIAN_POINT('',(-0.0509284571804201,-0.0271847758612309,-0.00653966718863511));
#2195=CARTESIAN_POINT('',(-0.0510757181659179,-0.0362726427715725,-0.00544808208383295));
#2196=CARTESIAN_POINT('',(-0.051178420065753,-0.0436099615934089,-0.00402134682411987));
#2197=CARTESIAN_POINT('',(-0.051228204119539,-0.0487797381371161,-0.00253019762854966));
#2198=CARTESIAN_POINT('',(-0.051231221827032,-0.0523405763725719,-0.00110223122289263));
#2199=CARTESIAN_POINT('',(-0.0511910503454224,-0.054796312095213,0.00020395022110007));
#2200=CARTESIAN_POINT('',(-0.0511024031458169,-0.0565319618911464,0.00139392585321503));
#2201=CARTESIAN_POINT('',(-0.0509555846208391,-0.0578373390809023,0.00251245205202543));
#2202=CARTESIAN_POINT('',(-0.0507294673058378,-0.0588967032306222,0.00365313308105097));
#2203=CARTESIAN_POINT('',(-0.0503873129138195,-0.0597376318970914,0.0049060091164479));
#2204=CARTESIAN_POINT('',(-0.0499178542276149,-0.0603541416492769,0.00642512132144568));
#2205=CARTESIAN_POINT('',(-0.0495986379950773,-0.0605009278761098,0.00754301375523657));
#2206=CARTESIAN_POINT('',(-0.0494416654825102,-0.0605,0.00820659843453171));
#2207=CARTESIAN_POINT('',(-0.0503081193821452,2.62500977652592E-18,-0.00801046093660155));
#2208=CARTESIAN_POINT('',(-0.0503077963790005,-0.004877395673027,-0.00801030722602965));
#2209=CARTESIAN_POINT('',(-0.0504728562653933,-0.0140423092249581,-0.00789842346310861));
#2210=CARTESIAN_POINT('',(-0.0507708586790412,-0.0271708498906785,-0.00696912839509717));
#2211=CARTESIAN_POINT('',(-0.0509587633288417,-0.0362534005328863,-0.00584363718362874));
#2212=CARTESIAN_POINT('',(-0.0510712349032237,-0.0435867301497649,-0.00441309082773108));
#2213=CARTESIAN_POINT('',(-0.051105844567382,-0.0487594183453593,-0.00294479463419284));
#2214=CARTESIAN_POINT('',(-0.0510757288433952,-0.0523326824980228,-0.00155125850203954));
#2215=CARTESIAN_POINT('',(-0.0509897604165131,-0.0548090580999631,-0.000278939150887668));
#2216=CARTESIAN_POINT('',(-0.0508453379648407,-0.0565691620773851,0.000885541876565628));
#2217=CARTESIAN_POINT('',(-0.0506364015432398,-0.0578943362180041,0.001990092575694));
#2218=CARTESIAN_POINT('',(-0.0503449794147572,-0.0589599103603144,0.00312746430659996));
#2219=CARTESIAN_POINT('',(-0.0499493038708378,-0.0597814257185415,0.00438127108907471));
#2220=CARTESIAN_POINT('',(-0.0494532462514846,-0.060363833586302,0.00588914887679612));
#2221=CARTESIAN_POINT('',(-0.0491297326381048,-0.0605005783765575,0.0069890790628695));
#2222=CARTESIAN_POINT('',(-0.0489654380379598,-0.0605,0.00764291931875017));
#2223=CARTESIAN_POINT('',(-0.0499893985880786,-7.01072102578217E-19,-0.00856250154535368));
#2224=CARTESIAN_POINT('',(-0.0499891110226905,-0.00487044591594708,-0.00856247117869539));
#2225=CARTESIAN_POINT('',(-0.0502015160616421,-0.0140312372866236,-0.00844549717209561));
#2226=CARTESIAN_POINT('',(-0.0505729874520618,-0.0271618333892941,-0.00752744464466495));
#2227=CARTESIAN_POINT('',(-0.0507992034230649,-0.0362533566863474,-0.00642363513498723));
#2228=CARTESIAN_POINT('',(-0.0509154130287571,-0.0436054985098988,-0.00502256923658397));
#2229=CARTESIAN_POINT('',(-0.0509185560480975,-0.0488052004679147,-0.00358057311171298));
#2230=CARTESIAN_POINT('',(-0.0508326835143116,-0.0524094060081314,-0.00220315559719748));
#2231=CARTESIAN_POINT('',(-0.0506778721655053,-0.0549140955530543,-0.000933761090523334));
#2232=CARTESIAN_POINT('',(-0.0504597227390295,-0.0566911396241125,0.0002414390843311));
#2233=CARTESIAN_POINT('',(-0.0501815483024254,-0.0580138889698938,0.00136580596238054));
#2234=CARTESIAN_POINT('',(-0.0498328075125995,-0.0590536235008125,0.00252512653599239));
#2235=CARTESIAN_POINT('',(-0.049405264810424,-0.059829932944445,0.00378871559311399));
#2236=CARTESIAN_POINT('',(-0.0488971241654577,-0.0603714222339256,0.00528354638390095));
#2237=CARTESIAN_POINT('',(-0.0485629112912808,-0.060500401425998,0.0063634409801243));
#2238=CARTESIAN_POINT('',(-0.0483847760769942,-0.0605,0.00700628870827021));
#2239=CARTESIAN_POINT('',(-0.0496850359830905,-5.44120670724647E-20,-0.00908967304111707));
#2240=CARTESIAN_POINT('',(-0.0496849404394686,-0.0048651304760156,-0.00908982460653119));
#2241=CARTESIAN_POINT('',(-0.0499137507587777,-0.0140224474984785,-0.00900002741809935));
#2242=CARTESIAN_POINT('',(-0.0503046686200072,-0.0271653310860959,-0.00818098481931675));
#2243=CARTESIAN_POINT('',(-0.0505346712639238,-0.0362812817379661,-0.00716092589425843));
#2244=CARTESIAN_POINT('',(-0.0506255402738826,-0.0436725295085082,-0.00581423521100412));
#2245=CARTESIAN_POINT('',(-0.0505758241784147,-0.0489135199153161,-0.00438129582979319));
#2246=CARTESIAN_POINT('',(-0.0504249251814993,-0.0525496618445309,-0.00297930725581975));
#2247=CARTESIAN_POINT('',(-0.0502056473950562,-0.0550695312786257,-0.00166698103972667));
#2248=CARTESIAN_POINT('',(-0.0499321577968883,-0.0568401359361799,-0.000442520576395359));
#2249=CARTESIAN_POINT('',(-0.0496138708925395,-0.0581364607423362,0.0007265837285592));
#2250=CARTESIAN_POINT('',(-0.049242212177817,-0.0591348670017851,0.00191929782603235));
#2251=CARTESIAN_POINT('',(-0.0488096460254402,-0.0598668402157782,0.00319533429383921));
#2252=CARTESIAN_POINT('',(-0.0483003761065206,-0.0603763916180684,0.00468114964674362));
#2253=CARTESIAN_POINT('',(-0.0479542288951827,-0.0605003211756115,0.00574545514906225));
#2254=CARTESIAN_POINT('',(-0.0477617322421334,-0.0605,0.00637924749770182));
#2255=CARTESIAN_POINT('',(-0.0494262810613678,1.84818948127489E-19,-0.00953784971224924));
#2256=CARTESIAN_POINT('',(-0.049426134703679,-0.00486308388440877,-0.00953780863377465));
#2257=CARTESIAN_POINT('',(-0.0496361511498661,-0.0140192948271421,-0.00950242311418922));
#2258=CARTESIAN_POINT('',(-0.0499736606380959,-0.0271796851536496,-0.00881392261954566));
#2259=CARTESIAN_POINT('',(-0.0501516306695645,-0.0363222516478899,-0.00788039120567332));
#2260=CARTESIAN_POINT('',(-0.0501853812948771,-0.0437479599510594,-0.00656906653248826));
#2261=CARTESIAN_POINT('',(-0.0500854430833148,-0.0490178449036314,-0.0051210664865804));
#2262=CARTESIAN_POINT('',(-0.0498942938411131,-0.0526700781427226,-0.00367742450953157));
#2263=CARTESIAN_POINT('',(-0.0496450472646105,-0.0551908636726987,-0.00231490897756475));
#2264=CARTESIAN_POINT('',(-0.0493526224434245,-0.0569472250361965,-0.00104276477418196));
#2265=CARTESIAN_POINT('',(-0.0490264606585274,-0.0582186220168393,0.000164685597889662));
#2266=CARTESIAN_POINT('',(-0.0486568576262945,-0.0591862292909861,0.00138409249478036));
#2267=CARTESIAN_POINT('',(-0.048233822557512,-0.0598893092854789,0.00267131080094898));
#2268=CARTESIAN_POINT('',(-0.0477324280467368,-0.0603792738828465,0.00415455065535445));
#2269=CARTESIAN_POINT('',(-0.0473812350844006,-0.0605002777160326,0.00521059089152273));
#2270=CARTESIAN_POINT('',(-0.0471802338266543,-0.0605,0.00583917503516266));
#2271=CARTESIAN_POINT('',(-0.0492079066568889,-4.76127828123482E-20,-0.00991608527587925));
#2272=CARTESIAN_POINT('',(-0.0492078229856198,-0.00486416319528749,-0.00991550779551996));
#2273=CARTESIAN_POINT('',(-0.0493634194824182,-0.0140219613886496,-0.00996158654310046));
#2274=CARTESIAN_POINT('',(-0.0495856085007662,-0.02719985273658,-0.00938670397182718));
#2275=CARTESIAN_POINT('',(-0.0496800738880053,-0.0363615620841672,-0.00850341527453123));
#2276=CARTESIAN_POINT('',(-0.0496524910647107,-0.0438069145700888,-0.00719987557192357));
#2277=CARTESIAN_POINT('',(-0.0495164436759396,-0.0490911337978321,-0.00573267809339529));
#2278=CARTESIAN_POINT('',(-0.0493062910186039,-0.0527500048328373,-0.0042576162074795));
#2279=CARTESIAN_POINT('',(-0.0490496900347587,-0.0552686622097522,-0.0028601941594403));
#2280=CARTESIAN_POINT('',(-0.0487591441299779,-0.0570142372613634,-0.00155533699405309));
#2281=CARTESIAN_POINT('',(-0.0484422687734026,-0.0582690867143895,-0.000321169216723468));
#2282=CARTESIAN_POINT('',(-0.048088254235544,-0.059217314640052,0.000917950987671547));
#2283=CARTESIAN_POINT('',(-0.0476851872233534,-0.059902756930205,0.00221593501285207));
#2284=CARTESIAN_POINT('',(-0.0472031789737714,-0.060380910658469,0.00370234859943444));
#2285=CARTESIAN_POINT('',(-0.0468575678016673,-0.0605002453057191,0.00475646498861485));
#2286=CARTESIAN_POINT('',(-0.0466556094671914,-0.0605,0.00538343147657956));
#2287=CARTESIAN_POINT('',(-0.0489939959664421,2.94385745280764E-20,-0.0102865894600154));
#2288=CARTESIAN_POINT('',(-0.0489942293197676,-0.00486780011333823,-0.0102857943413796));
#2289=CARTESIAN_POINT('',(-0.0490884065760306,-0.0140285795304907,-0.0103929278499767));
#2290=CARTESIAN_POINT('',(-0.0491886731509596,-0.0272161725474322,-0.00987798864173238));
#2291=CARTESIAN_POINT('',(-0.0491998429804342,-0.0363857199937234,-0.00901641358932438));
#2292=CARTESIAN_POINT('',(-0.0491110532888575,-0.0438380889834895,-0.00771757773182947));
#2293=CARTESIAN_POINT('',(-0.0489371621220237,-0.049127397629696,-0.00624584858474223));
#2294=CARTESIAN_POINT('',(-0.048705843873583,-0.052788680350636,-0.00476099917004562));
#2295=CARTESIAN_POINT('',(-0.0484398725426635,-0.0553063028196122,-0.00335101358573829));
#2296=CARTESIAN_POINT('',(-0.0481488032181897,-0.0570470680153412,-0.00203297193873857));
#2297=CARTESIAN_POINT('',(-0.0478378788404482,-0.0582943570979261,-0.00078695605117724));
#2298=CARTESIAN_POINT('',(-0.0474951816746808,-0.0592334489966364,0.000461956155981862));
#2299=CARTESIAN_POINT('',(-0.047108193916169,-0.0599101414972589,0.00176671425387298));
#2300=CARTESIAN_POINT('',(-0.0466455099295249,-0.0603819765882728,0.00325739879849423));
#2301=CARTESIAN_POINT('',(-0.046311254384074,-0.0605002217071944,0.00431294370376397));
#2302=CARTESIAN_POINT('',(-0.0461141258283036,-0.0605,0.00494059871079505));
#2303=CARTESIAN_POINT('',(-0.0487681266134579,-8.43877440467044E-21,-0.0106778066552567));
#2304=CARTESIAN_POINT('',(-0.0487686951644257,-0.00487373169129905,-0.0106770035678275));
#2305=CARTESIAN_POINT('',(-0.0487971881107526,-0.0140380617905735,-0.0108257833532396));
#2306=CARTESIAN_POINT('',(-0.0487644992694683,-0.0272308814428961,-0.0103518936905471));
#2307=CARTESIAN_POINT('',(-0.0486811072147437,-0.0364039023827804,-0.00950900136188694));
#2308=CARTESIAN_POINT('',(-0.0485191129061887,-0.0438593193847744,-0.00821917559828426));
#2309=CARTESIAN_POINT('',(-0.0482984808885433,-0.0491507810945063,-0.00674961212273587));
#2310=CARTESIAN_POINT('',(-0.0480404913448821,-0.052812858627508,-0.00526232737198089));
#2311=CARTESIAN_POINT('',(-0.0477620762883511,-0.055329448777191,-0.00384701303422753));
#2312=CARTESIAN_POINT('',(-0.0474687645498153,-0.0570671394397877,-0.00252221829482708));
#2313=CARTESIAN_POINT('',(-0.0471626399008442,-0.0583098513801186,-0.00126935914765053));
#2314=CARTESIAN_POINT('',(-0.0468304359228696,-0.0592434796905007,-1.40010228311255E-5));
#2315=CARTESIAN_POINT('',(-0.0464595195616433,-0.0599148856850618,0.00129639900767005));
#2316=CARTESIAN_POINT('',(-0.0460185646656971,-0.0603827543381809,0.0027924699442414));
#2317=CARTESIAN_POINT('',(-0.0457005019465197,-0.0605002073890039,0.00385157393560289));
#2318=CARTESIAN_POINT('',(-0.0455125918445564,-0.0605,0.00448147646106244));
#2319=CARTESIAN_POINT('',(-0.0485459240304284,9.4101332873738E-22,-0.0110626728186367));
#2320=CARTESIAN_POINT('',(-0.0485465200143202,-0.00488048295560268,-0.0110617456807642));
#2321=CARTESIAN_POINT('',(-0.0485250804317636,-0.0140481605398496,-0.0112189647225695));
#2322=CARTESIAN_POINT('',(-0.048375467910726,-0.027242128676729,-0.0107669445200866));
#2323=CARTESIAN_POINT('',(-0.04819972851389,-0.0364154015353393,-0.00994028234975946));
#2324=CARTESIAN_POINT('',(-0.0479601919997228,-0.0438711547521784,-0.00866323012505149));
#2325=CARTESIAN_POINT('',(-0.0476862954005045,-0.0491629846706507,-0.00720162353018534));
#2326=CARTESIAN_POINT('',(-0.0473948107267995,-0.0528251746368756,-0.00571833340523733));
#2327=CARTESIAN_POINT('',(-0.0470973197417482,-0.0553412955761397,-0.00430405589923071));
#2328=CARTESIAN_POINT('',(-0.0467952793711454,-0.0570776921560941,-0.00297824207912352));
#2329=CARTESIAN_POINT('',(-0.0464875536936175,-0.0583183665952531,-0.00172319270860892));
#2330=CARTESIAN_POINT('',(-0.0461593842314962,-0.0592493817247413,-0.00046488838008237));
#2331=CARTESIAN_POINT('',(-0.0457984290853675,-0.05991797892853,0.000849069427908514));
#2332=CARTESIAN_POINT('',(-0.0453742937695867,-0.0603834197667515,0.00234965591500301));
#2333=CARTESIAN_POINT('',(-0.0450715926733879,-0.0605001999015676,0.00341251095529913));
#2334=CARTESIAN_POINT('',(-0.0448937164424202,-0.0605,0.00404498131151847));
#2335=CARTESIAN_POINT('',(-0.0483652737520174,-1.30919750433495E-22,-0.0113755682792461));
#2336=CARTESIAN_POINT('',(-0.0483656034876939,-0.00488545485677018,-0.0113745432909457));
#2337=CARTESIAN_POINT('',(-0.0483236861771735,-0.0140556430234772,-0.011511465947661));
#2338=CARTESIAN_POINT('',(-0.0481063326514332,-0.0272486076767342,-0.0110615084872718));
#2339=CARTESIAN_POINT('',(-0.0478655663152498,-0.0364207612413448,-0.0102465818991791));
#2340=CARTESIAN_POINT('',(-0.0475632625670458,-0.0438759277318021,-0.00898286286814763));
#2341=CARTESIAN_POINT('',(-0.0472407715373338,-0.0491677281454554,-0.00753172030825331));
#2342=CARTESIAN_POINT('',(-0.0469142145799817,-0.0528302152630264,-0.00605587608010857));
#2343=CARTESIAN_POINT('',(-0.0465924109598082,-0.0553466670727332,-0.00464643903563553));
#2344=CARTESIAN_POINT('',(-0.0462742575547437,-0.0570830958834354,-0.00332331837571239));
#2345=CARTESIAN_POINT('',(-0.0459563950974,-0.0583232943498024,-0.002069415350099));
#2346=CARTESIAN_POINT('',(-0.0456227054474206,-0.0592532635968645,-0.000811167407459368));
#2347=CARTESIAN_POINT('',(-0.0452612227708093,-0.0599202979254092,0.000503638059140425));
#2348=CARTESIAN_POINT('',(-0.0448421501178838,-0.0603840368774776,0.00200592762832715));
#2349=CARTESIAN_POINT('',(-0.0445471224049764,-0.0605001946129435,0.00307058025919077));
#2350=CARTESIAN_POINT('',(-0.0443750563220134,-0.0605,0.00370443695728405));
#2351=CARTESIAN_POINT('',(-0.0482321681770144,1.16709647878547E-23,-0.0116061138979221));
#2352=CARTESIAN_POINT('',(-0.0482322326181554,-0.00488832157650428,-0.0116052210506392));
#2353=CARTESIAN_POINT('',(-0.048189683902996,-0.0140602358783561,-0.0117102123571033));
#2354=CARTESIAN_POINT('',(-0.0479487347655664,-0.027251166795755,-0.0112437963593546));
#2355=CARTESIAN_POINT('',(-0.0476737731551885,-0.0364213265752387,-0.010433489011821));
#2356=CARTESIAN_POINT('',(-0.0473288410622278,-0.0438754102016749,-0.00918223456673201));
#2357=CARTESIAN_POINT('',(-0.0469669961792046,-0.0491672637563354,-0.00774352611374829));
#2358=CARTESIAN_POINT('',(-0.0466076519908283,-0.0528306011061995,-0.00627787904830508));
#2359=CARTESIAN_POINT('',(-0.0462598127784465,-0.0553482428352952,-0.00487599879176671));
#2360=CARTESIAN_POINT('',(-0.0459215817151634,-0.0570856909085895,-0.00355796002541115));
#2361=CARTESIAN_POINT('',(-0.0455884625456683,-0.0583263511385617,-0.00230725197506153));
#2362=CARTESIAN_POINT('',(-0.0452432105809393,-0.0592560887064519,-0.00105093345600927));
#2363=CARTESIAN_POINT('',(-0.0448741878696532,-0.0599221575704816,0.000262864881965285));
#2364=CARTESIAN_POINT('',(-0.0444515923783261,-0.060384574403558,0.00176468015194046));
#2365=CARTESIAN_POINT('',(-0.0441577152400641,-0.0605001889902447,0.00282944374928593));
#2366=CARTESIAN_POINT('',(-0.0439873610903383,-0.0605000000000001,0.00346360026602423));
#2367=CARTESIAN_POINT('',(-0.0481385719217443,-2.04704359824007E-24,-0.0117682273674481));
#2368=CARTESIAN_POINT('',(-0.0481384712263821,-0.00488979005599869,-0.0117675653469116));
#2369=CARTESIAN_POINT('',(-0.0481027650151303,-0.0140628309050364,-0.0118425991641002));
#2370=CARTESIAN_POINT('',(-0.0478604038169428,-0.0272516061903572,-0.0113527323809867));
#2371=CARTESIAN_POINT('',(-0.0475706302437229,-0.0364195718518143,-0.0105420308455741));
#2372=CARTESIAN_POINT('',(-0.0471988817621091,-0.0438724267131944,-0.00930100630248795));
#2373=CARTESIAN_POINT('',(-0.0468076787373573,-0.0491643950866977,-0.00787436112166635));
#2374=CARTESIAN_POINT('',(-0.0464212388485426,-0.0528288166489829,-0.00641924595947501));
#2375=CARTESIAN_POINT('',(-0.0460502291246968,-0.0553479772968044,-0.00502545857154521));
#2376=CARTESIAN_POINT('',(-0.0456929588109985,-0.0570868055429766,-0.00371306747352875));
#2377=CARTESIAN_POINT('',(-0.0453444730055801,-0.0583282825541231,-0.00246612664320684));
#2378=CARTESIAN_POINT('',(-0.044986662503004,-0.0592581389680757,-0.00121236171624249));
#2379=CARTESIAN_POINT('',(-0.0446081248791815,-0.0599235833478327,9.96921587108109E-5));
#2380=CARTESIAN_POINT('',(-0.0441787044420842,-0.0603849960974066,0.00160006268358104));
#2381=CARTESIAN_POINT('',(-0.0438827915487262,-0.0605001836370664,0.00266412218404904));
#2382=CARTESIAN_POINT('',(-0.0437119315961073,-0.0605,0.00329802301685978));
#2383=CARTESIAN_POINT('',(-0.0480601702247753,4.78455713078301E-25,-0.0119040230899978));
#2384=CARTESIAN_POINT('',(-0.0480599872750423,-0.00489058094351054,-0.0119036633227942));
#2385=CARTESIAN_POINT('',(-0.0480362206243899,-0.0140645303962007,-0.0119466432537547));
#2386=CARTESIAN_POINT('',(-0.0478075644433801,-0.0272505196384668,-0.0114219026479804));
#2387=CARTESIAN_POINT('',(-0.0475160186672956,-0.0364153780982249,-0.0106046549984705));
#2388=CARTESIAN_POINT('',(-0.0471261063893235,-0.0438664244068949,-0.00937394603852506));
#2389=CARTESIAN_POINT('',(-0.0467084524322697,-0.0491586942252134,-0.00796242297201919));
#2390=CARTESIAN_POINT('',(-0.0462945910510931,-0.0528248482614258,-0.0065209389070763));
#2391=CARTESIAN_POINT('',(-0.0458987302918823,-0.0553462741013706,-0.00513751842160681));
#2392=CARTESIAN_POINT('',(-0.0455203604767335,-0.0570870909765518,-0.00383221117967457));
#2393=CARTESIAN_POINT('',(-0.0451544907355267,-0.0583297828369061,-0.00258993526935071));
#2394=CARTESIAN_POINT('',(-0.0447821736443089,-0.0592599832062372,-0.00133934716141783));
#2395=CARTESIAN_POINT('',(-0.0443921922068408,-0.0599249065804658,-2.95495613695826E-5));
#2396=CARTESIAN_POINT('',(-0.0439537193337717,-0.0603853840794253,0.00146881466717443));
#2397=CARTESIAN_POINT('',(-0.0436540197254711,-0.0605001778015954,0.00253174933208226));
#2398=CARTESIAN_POINT('',(-0.0434814802588509,-0.0605,0.00316511902629143));
#2399=CARTESIAN_POINT('',(-0.0479835277611567,-1.85749729458653E-25,-0.0120367717310026));
#2400=CARTESIAN_POINT('',(-0.0479834121202006,-0.00489089275304437,-0.0120366108979344));
#2401=CARTESIAN_POINT('',(-0.0479744019951223,-0.0140657131922602,-0.0120471773953564));
#2402=CARTESIAN_POINT('',(-0.0477710602460558,-0.0272480357601129,-0.011473248265453));
#2403=CARTESIAN_POINT('',(-0.0474925778830692,-0.0364075595739303,-0.0106348957586298));
#2404=CARTESIAN_POINT('',(-0.0471012220005996,-0.043853125526754,-0.00940510182971448));
#2405=CARTESIAN_POINT('',(-0.0466691655782135,-0.0491421474825135,-0.00800726724824971));
#2406=CARTESIAN_POINT('',(-0.0462340566287965,-0.0528076369085506,-0.00658322997239384));
#2407=CARTESIAN_POINT('',(-0.0458144325348933,-0.0553305952386615,-0.00521674424429711));
#2408=CARTESIAN_POINT('',(-0.0454117303757129,-0.057074507543487,-0.00392612793659858));
#2409=CARTESIAN_POINT('',(-0.0450218115072891,-0.0583209184202124,-0.00269590431931718));
#2410=CARTESIAN_POINT('',(-0.0446251470895556,-0.0592548493317437,-0.00145526773066334));
#2411=CARTESIAN_POINT('',(-0.0442105950871282,-0.0599227705831708,-0.00015342405366539));
#2412=CARTESIAN_POINT('',(-0.0437464243438635,-0.060385123078289,0.00133802436513798));
#2413=CARTESIAN_POINT('',(-0.0434310854072867,-0.0605001810947658,0.00239723044548587));
#2414=CARTESIAN_POINT('',(-0.0432502795303097,-0.0605,0.0030286265671643));
#2415=CARTESIAN_POINT('',(-0.0478945893657669,1.30942801409961E-25,-0.0121908175505613));
#2416=CARTESIAN_POINT('',(-0.0478945208830384,-0.00489076113843215,-0.0121908422613526));
#2417=CARTESIAN_POINT('',(-0.0479016771797017,-0.014066292367085,-0.0121719937872679));
#2418=CARTESIAN_POINT('',(-0.0477211010848053,-0.0272453227262937,-0.0115506466421672));
#2419=CARTESIAN_POINT('',(-0.0474518950048526,-0.0363998693959316,-0.0106914148765155));
#2420=CARTESIAN_POINT('',(-0.047054824912545,-0.0438404572947577,-0.00946373670826011));
#2421=CARTESIAN_POINT('',(-0.0466039143239991,-0.0491271169401361,-0.00808184433538822));
#2422=CARTESIAN_POINT('',(-0.0461430764266667,-0.0527929999823027,-0.00667720182050255));
#2423=CARTESIAN_POINT('',(-0.0456956496592871,-0.0553182916566055,-0.00532868940206228));
#2424=CARTESIAN_POINT('',(-0.0452653351129305,-0.0570655125355534,-0.00405300334179883));
#2425=CARTESIAN_POINT('',(-0.0448488979956486,-0.0583152466039588,-0.00283473142121562));
#2426=CARTESIAN_POINT('',(-0.044426066037671,-0.0592520370113259,-0.00160396406389868));
#2427=CARTESIAN_POINT('',(-0.0439856549222184,-0.0599218491153218,-0.00031033086960166));
#2428=CARTESIAN_POINT('',(-0.0434945127476069,-0.0603851023086832,0.00117342525028376));
#2429=CARTESIAN_POINT('',(-0.043162309779621,-0.060500180223398,0.00222809880324092));
#2430=CARTESIAN_POINT('',(-0.0429721783995076,-0.0605,0.00285703246789638));
#2431=CARTESIAN_POINT('',(-0.0477875938078158,-4.70580158599393E-26,-0.0123761392931169));
#2432=CARTESIAN_POINT('',(-0.0477875667838198,-0.0048900475258147,-0.0123762949374853));
#2433=CARTESIAN_POINT('',(-0.0478120316882774,-0.0140660387535944,-0.0123330712182337));
#2434=CARTESIAN_POINT('',(-0.0476524884324186,-0.0272424916663693,-0.0116690902416533));
#2435=CARTESIAN_POINT('',(-0.0473902712829347,-0.0363928131929492,-0.0107891427996484));
#2436=CARTESIAN_POINT('',(-0.0469862314348613,-0.0438287697947813,-0.00956128683172868));
#2437=CARTESIAN_POINT('',(-0.0465158468393363,-0.049112912167631,-0.00819339808625498));
#2438=CARTESIAN_POINT('',(-0.0460279796671536,-0.0527787843314629,-0.00680755471871918));
#2439=CARTESIAN_POINT('',(-0.0455503573204539,-0.0553059653040407,-0.00547764721529225));
#2440=CARTESIAN_POINT('',(-0.0450888916189252,-0.0570561622594154,-0.00421847545505959));
#2441=CARTESIAN_POINT('',(-0.0446413668265451,-0.0583090666611217,-0.00301435460606372));
#2442=CARTESIAN_POINT('',(-0.0441866057317607,-0.0592487397113792,-0.00179614575706238));
#2443=CARTESIAN_POINT('',(-0.0437130138825571,-0.0599206174489661,-0.000513835722937944));
#2444=CARTESIAN_POINT('',(-0.0431852593574616,-0.0603849993113796,0.000958593624152746));
#2445=CARTESIAN_POINT('',(-0.0428285580179721,-0.0605001805794882,0.0020062073758816));
#2446=CARTESIAN_POINT('',(-0.0426243735126496,-0.0605,0.00263121179494463));
#2447=CARTESIAN_POINT('',(-0.0476784256144465,1.08211604674673E-26,-0.012565224150603));
#2448=CARTESIAN_POINT('',(-0.0476784053457201,-0.00488902276775284,-0.0125653958184159));
#2449=CARTESIAN_POINT('',(-0.0477116804893647,-0.0140649774431265,-0.0125173910786474));
#2450=CARTESIAN_POINT('',(-0.0475551608825298,-0.0272421266443479,-0.0118480149314135));
#2451=CARTESIAN_POINT('',(-0.0472862191721819,-0.0363931849148544,-0.0109665420712375));
#2452=CARTESIAN_POINT('',(-0.0468662401380418,-0.043829609426865,-0.00973955935259607));
#2453=CARTESIAN_POINT('',(-0.0463748252550752,-0.0491136335571458,-0.00837467575865964));
#2454=CARTESIAN_POINT('',(-0.0458634999322967,-0.0527790118808281,-0.00699401082811266));
#2455=CARTESIAN_POINT('',(-0.0453615835174563,-0.0553056728630618,-0.00567102937952148));
#2456=CARTESIAN_POINT('',(-0.0448754600799089,-0.0570555592563962,-0.0044200505536259));
#2457=CARTESIAN_POINT('',(-0.0444029230825825,-0.0583084083067681,-0.00322486269924427));
#2458=CARTESIAN_POINT('',(-0.0439215575493009,-0.059248223727362,-0.00201638649245115));
#2459=CARTESIAN_POINT('',(-0.0434186413754682,-0.0599203489060004,-0.000744667592112446));
#2460=CARTESIAN_POINT('',(-0.0428560739561275,-0.0603849515221824,0.000715684416541449));
#2461=CARTESIAN_POINT('',(-0.0424739838129642,-0.0605001816567527,0.00175500686055533));
#2462=CARTESIAN_POINT('',(-0.0422545407484495,-0.0605,0.00237524820598801));
#2463=CARTESIAN_POINT('',(-0.0475799944155865,-1.09406958693549E-27,-0.0127357119880785));
#2464=CARTESIAN_POINT('',(-0.0475799819159028,-0.00488826217678139,-0.012735736486358));
#2465=CARTESIAN_POINT('',(-0.0476095929064558,-0.0140639805457599,-0.0127026564788515));
#2466=CARTESIAN_POINT('',(-0.0474360492637394,-0.0272448909878768,-0.0120643179545136));
#2467=CARTESIAN_POINT('',(-0.0471482285890869,-0.0364009713259131,-0.011198651685517));
#2468=CARTESIAN_POINT('',(-0.046706803594645,-0.0438419141593968,-0.00997232728533257));
#2469=CARTESIAN_POINT('',(-0.0461962803878707,-0.0491274013050457,-0.00859959328252244));
#2470=CARTESIAN_POINT('',(-0.0456682346392272,-0.0527914061392003,-0.0072109791345238));
#2471=CARTESIAN_POINT('',(-0.0451510290206732,-0.0553150734356987,-0.0058834343542834));
#2472=CARTESIAN_POINT('',(-0.0446499757316778,-0.0570615561159303,-0.00463206674373366));
#2473=CARTESIAN_POINT('',(-0.0441619037880793,-0.0583115078932209,-0.00343995086622463));
#2474=CARTESIAN_POINT('',(-0.0436629643598044,-0.0592492538133551,-0.00223738650984586));
#2475=CARTESIAN_POINT('',(-0.0431387378731237,-0.0599203974839264,-0.000974157336851504));
#2476=CARTESIAN_POINT('',(-0.0425482423380677,-0.0603848251534993,0.000475143476096733));
#2477=CARTESIAN_POINT('',(-0.0421438262324145,-0.0605001854054735,0.00150622475867787));
#2478=CARTESIAN_POINT('',(-0.0419104561246856,-0.0605,0.00212158059227515));
#2479=CARTESIAN_POINT('',(-0.0474970590606988,2.81770349274154E-28,-0.0128793602364878));
#2480=CARTESIAN_POINT('',(-0.0474970736491022,-0.00488804087609825,-0.012879034748999));
#2481=CARTESIAN_POINT('',(-0.0475082161757781,-0.0140636513745038,-0.0128816142665258));
#2482=CARTESIAN_POINT('',(-0.0472942325274989,-0.0272504834664378,-0.012298848938954));
#2483=CARTESIAN_POINT('',(-0.0469759912782614,-0.0364136454611374,-0.0114557546908003));
#2484=CARTESIAN_POINT('',(-0.0465118067311758,-0.0438606260008565,-0.010226928548327));
#2485=CARTESIAN_POINT('',(-0.0459877814234262,-0.0491482615256777,-0.00883950452424409));
#2486=CARTESIAN_POINT('',(-0.0454516333231779,-0.0528107420902533,-0.0074352477239563));
#2487=CARTESIAN_POINT('',(-0.0449288993889514,-0.0553304544588243,-0.00609572527888291));
#2488=CARTESIAN_POINT('',(-0.044423092009108,-0.0570719853993008,-0.00483746147970427));
#2489=CARTESIAN_POINT('',(-0.0439296764194442,-0.0583173557579552,-0.00364306468516894));
#2490=CARTESIAN_POINT('',(-0.0434235036131057,-0.0592515257531427,-0.00244203445257497));
#2491=CARTESIAN_POINT('',(-0.0428882259068061,-0.0599207218786271,-0.00118389752143216));
#2492=CARTESIAN_POINT('',(-0.0422801114832915,-0.060384621821892,0.000257126532871851));
#2493=CARTESIAN_POINT('',(-0.0418592599440955,-0.0605001899040086,0.00128124698677557));
#2494=CARTESIAN_POINT('',(-0.0416149874440927,-0.0605,0.00189227157988344));
#2495=CARTESIAN_POINT('',(-0.0474159375854896,-1.73896984798218E-28,-0.0130198667531348));
#2496=CARTESIAN_POINT('',(-0.0474160128040753,-0.00488825841834302,-0.0130192788380834));
#2497=CARTESIAN_POINT('',(-0.0474090974500285,-0.0140641723553412,-0.0130509709754996));
#2498=CARTESIAN_POINT('',(-0.047156447012176,-0.0272551372961224,-0.0125067167403839));
#2499=CARTESIAN_POINT('',(-0.046810373752217,-0.0364224859324238,-0.011678111435267));
#2500=CARTESIAN_POINT('',(-0.0463253188065179,-0.0438726216233479,-0.0104493644996648));
#2501=CARTESIAN_POINT('',(-0.0457874451829353,-0.0491610963636625,-0.00905601879268448));
#2502=CARTESIAN_POINT('',(-0.0452414583633369,-0.0528222825882171,-0.0076455904294748));
#2503=CARTESIAN_POINT('',(-0.0447110633636963,-0.0553392617059718,-0.00630195547475433));
#2504=CARTESIAN_POINT('',(-0.0441985129711776,-0.0570775146651498,-0.00504249371971744));
#2505=CARTESIAN_POINT('',(-0.0436981735929044,-0.058319968421273,-0.00384965232222327));
#2506=CARTESIAN_POINT('',(-0.0431837034692027,-0.0592520194937024,-0.0026526400076533));
#2507=CARTESIAN_POINT('',(-0.0426371341741386,-0.0599203134593108,-0.00140095506017552));
#2508=CARTESIAN_POINT('',(-0.0420122978408231,-0.060384312610601,3.11059436923934E-5));
#2509=CARTESIAN_POINT('',(-0.0415765540521894,-0.0605001943971544,0.0010481342636479));
#2510=CARTESIAN_POINT('',(-0.0413225663530648,-0.0605,0.00165476927285046));
#2511=CARTESIAN_POINT('',(-0.0473243109815834,6.2219273246981E-29,-0.0131785686864254));
#2512=CARTESIAN_POINT('',(-0.0473244693642022,-0.0048889104975618,-0.0131778104432282));
#2513=CARTESIAN_POINT('',(-0.0472991625781328,-0.0140654494566051,-0.013233417675689));
#2514=CARTESIAN_POINT('',(-0.0470067761172844,-0.0272594378179288,-0.012719151329451));
#2515=CARTESIAN_POINT('',(-0.0466315783860247,-0.0364293874621322,-0.0119032630232093));
#2516=CARTESIAN_POINT('',(-0.046122853836917,-0.0438811578254053,-0.0106788244653943));
#2517=CARTESIAN_POINT('',(-0.0455674019218608,-0.0491696093882531,-0.00928639633906555));
#2518=CARTESIAN_POINT('',(-0.0450078244281445,-0.0528292930660373,-0.00787673248318564));
#2519=CARTESIAN_POINT('',(-0.0444664147275241,-0.0553438494465597,-0.00653505974215057));
#2520=CARTESIAN_POINT('',(-0.0439442153631893,-0.0570795105875907,-0.00527938402549923));
#2521=CARTESIAN_POINT('',(-0.0434343998620933,-0.0583199221721932,-0.00409210619740156));
#2522=CARTESIAN_POINT('',(-0.042909274375873,-0.0592508017999377,-0.00290243772551396));
#2523=CARTESIAN_POINT('',(-0.0423492415259651,-0.0599190653369678,-0.001659950171641));
#2524=CARTESIAN_POINT('',(-0.0417056450382238,-0.0603838371428729,-0.000239376599850841));
#2525=CARTESIAN_POINT('',(-0.0412539960255449,-0.060500200398595,0.000769061622047198));
#2526=CARTESIAN_POINT('',(-0.0409898749521759,-0.0605,0.00137043586010736));
#2527=CARTESIAN_POINT('',(-0.0472225454355684,-1.78391575106737E-29,-0.0133548317825835));
#2528=CARTESIAN_POINT('',(-0.0472227554751266,-0.00488996477372713,-0.0133540352182186));
#2529=CARTESIAN_POINT('',(-0.0471832874944496,-0.0140673907856761,-0.0134210267148998));
#2530=CARTESIAN_POINT('',(-0.0468565875980323,-0.027262761656106,-0.012923924982268));
#2531=CARTESIAN_POINT('',(-0.0464534088074514,-0.0364333790529496,-0.0121191910921131));
#2532=CARTESIAN_POINT('',(-0.0459184494162651,-0.0438849569398177,-0.010904834887112));
#2533=CARTESIAN_POINT('',(-0.0453409713545252,-0.0491722195492993,-0.00952202428816974));
#2534=CARTESIAN_POINT('',(-0.0447629911493714,-0.052829975109499,-0.00812211873618919));
#2535=CARTESIAN_POINT('',(-0.0442060280435067,-0.0553423844262782,-0.00679060334830057));
#2536=CARTESIAN_POINT('',(-0.0436700284367456,-0.0570763300959282,-0.00554573367326507));
#2537=CARTESIAN_POINT('',(-0.0431469032198812,-0.0583159331127535,-0.00436985987531534));
#2538=CARTESIAN_POINT('',(-0.0426074164296811,-0.0592470462110545,-0.00319249868979246));
#2539=CARTESIAN_POINT('',(-0.042030367479776,-0.0599165988838474,-0.00196334702402765));
#2540=CARTESIAN_POINT('',(-0.0413646333212287,-0.0603831421811742,-0.000558013606012094));
#2541=CARTESIAN_POINT('',(-0.0408954702406579,-0.0605002092694746,0.000439699684715199));
#2542=CARTESIAN_POINT('',(-0.0406206267950768,-0.0605,0.00103462120427413));
#2543=CARTESIAN_POINT('',(-0.047104475205979,6.90217010049873E-30,-0.0135593354190937));
#2544=CARTESIAN_POINT('',(-0.0471046377164392,-0.00489120858181751,-0.0135586436203415));
#2545=CARTESIAN_POINT('',(-0.0470605581780002,-0.014069696697931,-0.0136180549729625));
#2546=CARTESIAN_POINT('',(-0.0467119457899958,-0.0272647037948137,-0.0131227453305044));
#2547=CARTESIAN_POINT('',(-0.0462842441989978,-0.036434112887555,-0.0123282605073806));
#2548=CARTESIAN_POINT('',(-0.0457202065870502,-0.0438836406661593,-0.0111309864275766));
#2549=CARTESIAN_POINT('',(-0.0451146499825429,-0.049168306890234,-0.00976792343415915));
#2550=CARTESIAN_POINT('',(-0.0445112569643707,-0.0528233788705826,-0.00838862405454996));
#2551=CARTESIAN_POINT('',(-0.0439317685392212,-0.0553336693161106,-0.00707768151206744));
#2552=CARTESIAN_POINT('',(-0.0433752753862503,-0.0570667298765139,-0.00585307086197632));
#2553=CARTESIAN_POINT('',(-0.0428323714031257,-0.0583069212842353,-0.00469690862544486));
#2554=CARTESIAN_POINT('',(-0.0422719535682009,-0.0592399986954109,-0.00353930687728768));
#2555=CARTESIAN_POINT('',(-0.0416711401730336,-0.0599125538394732,-0.00233008834077975));
#2556=CARTESIAN_POINT('',(-0.040976207837419,-0.0603821807137045,-0.00094629398909055));
#2557=CARTESIAN_POINT('',(-0.0404854995716669,-0.0605002231045601,3.69630876913121E-5));
#2558=CARTESIAN_POINT('',(-0.0401980577670319,-0.0605,0.000623356595522967));
#2559=CARTESIAN_POINT('',(-0.0468932947163882,-1.05559629507312E-29,-0.0139251107566321));
#2560=CARTESIAN_POINT('',(-0.0468931967367931,-0.00489240103115883,-0.0139251447955539));
#2561=CARTESIAN_POINT('',(-0.0468776329859722,-0.014072753593355,-0.0139170777145184));
#2562=CARTESIAN_POINT('',(-0.0465537305231616,-0.0272620170253904,-0.0133567301476531));
#2563=CARTESIAN_POINT('',(-0.046116788704943,-0.0364232550778478,-0.0125591107945273));
#2564=CARTESIAN_POINT('',(-0.0455124610214238,-0.0438632688689072,-0.0114008806959458));
#2565=CARTESIAN_POINT('',(-0.0448518179214773,-0.0491396106759562,-0.010096371564801));
#2566=CARTESIAN_POINT('',(-0.0441903895610242,-0.0527889512716449,-0.00878134185848101));
#2567=CARTESIAN_POINT('',(-0.0435551660501971,-0.0552972175851174,-0.00753369460641365));
#2568=CARTESIAN_POINT('',(-0.0429457154445838,-0.0570326444674525,-0.00636863109717302));
#2569=CARTESIAN_POINT('',(-0.0423511009069913,-0.0582788833312967,-0.00526722569655351));
#2570=CARTESIAN_POINT('',(-0.0417366680105262,-0.0592206550484257,-0.00416140729635492));
#2571=CARTESIAN_POINT('',(-0.0410770917071803,-0.0599027718728603,-0.00300120777544089));
#2572=CARTESIAN_POINT('',(-0.040314634279807,-0.0603803359260474,-0.00166750928572408));
#2573=CARTESIAN_POINT('',(-0.0397784132230933,-0.0605002549990453,-0.00071611450232337));
#2574=CARTESIAN_POINT('',(-0.0394658761517512,-0.0605,-0.000148003848585344));
#2575=CARTESIAN_POINT('',(-0.0467146493979317,7.56229889649013E-30,-0.0142345335247332));
#2576=CARTESIAN_POINT('',(-0.0467145291459985,-0.00489076564337182,-0.0142348728605125));
#2577=CARTESIAN_POINT('',(-0.0467277794757374,-0.0140715103509143,-0.0141932447121255));
#2578=CARTESIAN_POINT('',(-0.0464487688093597,-0.0272569241292494,-0.0135561978630779));
#2579=CARTESIAN_POINT('',(-0.046031657631572,-0.036410515444081,-0.0127246116454723));
#2580=CARTESIAN_POINT('',(-0.0454196087266553,-0.043840739895315,-0.0115825778502));
#2581=CARTESIAN_POINT('',(-0.0447284036735079,-0.0491094808059385,-0.0103282888610516));
#2582=CARTESIAN_POINT('',(-0.0440250972668368,-0.0527548248436786,-0.00907595302833719));
#2583=CARTESIAN_POINT('',(-0.0433443201817964,-0.0552629536225038,-0.00789203157813368));
#2584=CARTESIAN_POINT('',(-0.0426882913923223,-0.0570020085265734,-0.00678727744501148));
#2585=CARTESIAN_POINT('',(-0.0420461742887066,-0.0582546420159376,-0.00574162051255576));
#2586=CARTESIAN_POINT('',(-0.0413806745322243,-0.0592045946943639,-0.00468915436842159));
#2587=CARTESIAN_POINT('',(-0.0406642783434478,-0.0598950288975787,-0.0035806614328113));
#2588=CARTESIAN_POINT('',(-0.0398352686178994,-0.0603790284637087,-0.00230142775549024));
#2589=CARTESIAN_POINT('',(-0.0392529437928372,-0.060500278307571,-0.00138579586548915));
#2590=CARTESIAN_POINT('',(-0.0389141670898746,-0.0605,-0.000838419882798186));
#2591=CARTESIAN_POINT('',(-0.0465747208701689,0.,-0.0144768968442465));
#2592=CARTESIAN_POINT('',(-0.0465744857027135,-0.00488913527116612,-0.0144771953740693));
#2593=CARTESIAN_POINT('',(-0.0466096887482754,-0.0140693504309039,-0.0144174885826965));
#2594=CARTESIAN_POINT('',(-0.0463607700075227,-0.0272527326533166,-0.0137475809585294));
#2595=CARTESIAN_POINT('',(-0.0459549004929246,-0.0364027928766607,-0.0128992294327014));
#2596=CARTESIAN_POINT('',(-0.0453396282562433,-0.0438275782275532,-0.0117626069346887));
#2597=CARTESIAN_POINT('',(-0.0446338701488933,-0.0490913641085827,-0.0105341462160705));
#2598=CARTESIAN_POINT('',(-0.0439088776176369,-0.0527336983730239,-0.00931825336003212));
#2599=CARTESIAN_POINT('',(-0.0432027557316929,-0.0552412865421635,-0.00817411586419635));
#2600=CARTESIAN_POINT('',(-0.0425191778540333,-0.0569823760746517,-0.00710898873068391));
#2601=CARTESIAN_POINT('',(-0.0418475962837375,-0.0582390067361002,-0.00610138294024746));
#2602=CARTESIAN_POINT('',(-0.0411492087714304,-0.0591942447159264,-0.00508652364723475));
#2603=CARTESIAN_POINT('',(-0.0403950218399841,-0.0598901001321161,-0.00401563988441459));
#2604=CARTESIAN_POINT('',(-0.03952079329548,-0.0603782372961928,-0.00277695966591848));
#2605=CARTESIAN_POINT('',(-0.0389066605341138,-0.0605002932679337,-0.00188833733236251));
#2606=CARTESIAN_POINT('',(-0.0385496678648413,-0.0605,-0.00135658137427234));
#2607=CARTESIAN_POINT('',(-0.048297463370435,-0.00353733223114342,-0.0114953855772292));
#2608=CARTESIAN_POINT('',(-0.0481466717135582,-0.00501849046072669,-0.0117469143753226));
#2609=CARTESIAN_POINT('',(-0.0482998562716682,-0.00648362652881529,-0.0114818029212255));
#2610=CARTESIAN_POINT('',(-0.0487181869494986,-0.00769155926725606,-0.0107963506312256));
#2611=CARTESIAN_POINT('',(-0.0493783873860398,-0.00854474427264779,-0.0097634514309556));
#2612=CARTESIAN_POINT('',(-0.0501327586762088,-0.00885120190942465,-0.00840411178169187));
#2613=CARTESIAN_POINT('',(-0.0508031725798219,-0.00855161990368653,-0.00714369662197734));
#2614=CARTESIAN_POINT('',(-0.0514213192942369,-0.00773014411589949,-0.00606084630112092));
#2615=CARTESIAN_POINT('',(-0.0518402134522941,-0.00648936672201271,-0.00533994449823117));
#2616=CARTESIAN_POINT('',(-0.0519978211547941,-0.00500174948499797,-0.00507685443451728));
#2617=CARTESIAN_POINT('',(-0.0518462435966602,-0.00351489522681057,-0.00534348922457144));
#2618=CARTESIAN_POINT('',(-0.0512995838084483,-0.00186628544903986,-0.00629398178152026));
#2619=CARTESIAN_POINT('',(-0.0500711762455876,-0.000840587481975977,-0.00842176295479279));
#2620=CARTESIAN_POINT('',(-0.0488549802692538,-0.0018619863960152,-0.0105386797495028));
#2621=CARTESIAN_POINT('',(-0.048297463370435,-0.00353733223114342,-0.0114953855772292));
#2622=CARTESIAN_POINT('',(-0.0481466717135582,-0.00501849046072669,-0.0117469143753226));
#2623=CARTESIAN_POINT('',(-0.0482998562716682,-0.00648362652881529,-0.0114818029212255));
#2624=CARTESIAN_POINT('',(-0.048197334416056,-0.00501582010047758,-0.0116608076666241));
#2625=CARTESIAN_POINT('',(-0.0349503067658034,-0.0017096799286072,0.0520003742857965));
#2626=CARTESIAN_POINT('',(-0.036170160571422,-0.00465225530674807,0.0519980250451497));
#2627=CARTESIAN_POINT('',(-0.0349531917832466,-0.00758749990752561,0.0519875715846449));
#2628=CARTESIAN_POINT('',(-0.0320111740111966,-0.0088075277784358,0.0519733864830737));
#2629=CARTESIAN_POINT('',(-0.0295689412548612,-0.00778634148953789,0.0519796855106215));
#2630=CARTESIAN_POINT('',(-0.0284668334674368,-0.00613403615615151,0.0519899835616182));
#2631=CARTESIAN_POINT('',(-0.0281620875967776,-0.00464990568120321,0.0519958605642108));
#2632=CARTESIAN_POINT('',(-0.0284689313455306,-0.00316413514493815,0.0519986918903257));
#2633=CARTESIAN_POINT('',(-0.0295640921800486,-0.00151795204606344,0.0520000093656748));
#2634=CARTESIAN_POINT('',(-0.0320153040456629,-0.000491783599236727,0.0519998755305882));
#2635=CARTESIAN_POINT('',(-0.0349503067658034,-0.0017096799286072,0.0520003742857965));
#2636=CARTESIAN_POINT('',(-0.036170160571422,-0.00465225530674807,0.0519980250451497));
#2637=CARTESIAN_POINT('',(-0.0349531917832466,-0.00758749990752561,0.0519875715846449));
#2638=CARTESIAN_POINT('',(-0.0357640234724563,-0.00465103351052085,0.05199667434184));
#2639=CARTESIAN_POINT('',(-0.0020425243949392,0.,0.0474430765881696));
#2640=CARTESIAN_POINT('',(-0.00272811098833762,0.,0.0477034121976072));
#2641=CARTESIAN_POINT('',(-0.00415768623953381,0.,0.0482462602460383));
#2642=CARTESIAN_POINT('',(-0.00634412284759476,0.,0.049076508842404));
#2643=CARTESIAN_POINT('',(-0.00809795026557413,0.,0.0497424841314547));
#2644=CARTESIAN_POINT('',(-0.00922149845177388,0.,0.0501691254990125));
#2645=CARTESIAN_POINT('',(-0.00984172376884115,0.,0.0504046416795535));
#2646=CARTESIAN_POINT('',(-0.0101130654141139,0.,0.0505076773766748));
#2647=CARTESIAN_POINT('',(-0.0102695635157179,0.,0.0505671039014191));
#2648=CARTESIAN_POINT('',(-0.00204252439493934,0.,0.0474430765881696));
#2649=CARTESIAN_POINT('',(-0.0102695635157178,0.,0.050567103901419));
#2650=CARTESIAN_POINT('',(-0.0102695635157179,0.,0.0505671039014191));
#2651=CARTESIAN_POINT('',(-0.0110183424472488,0.,0.0508514353357719));
#2652=CARTESIAN_POINT('',(-0.012334194035634,0.,0.0512629361801289));
#2653=CARTESIAN_POINT('',(-0.0137510308401882,0.,0.0515835653530517));
#2654=CARTESIAN_POINT('',(-0.0149141639931504,0.,0.051777327190916));
#2655=CARTESIAN_POINT('',(-0.0158413729582313,0.,0.0518932779155897));
#2656=CARTESIAN_POINT('',(-0.0167067978600513,0.,0.051962278315377));
#2657=CARTESIAN_POINT('',(-0.0174522578603778,0.,0.0519939396007347));
#2658=CARTESIAN_POINT('',(-0.0178873223563663,0.,0.052));
#2659=CARTESIAN_POINT('',(-0.0180794442515699,0.,0.052));
#2660=CARTESIAN_POINT('',(-0.0180794442515699,-1.41874067065339E-18,0.052));
#2661=CARTESIAN_POINT('',(-0.0180794442515699,0.,0.052));
#2662=CARTESIAN_POINT('',(-0.0192715381623729,0.,0.052));
#2663=CARTESIAN_POINT('',(-0.0221262482449977,9.89919501345546E-42,0.052));
#2664=CARTESIAN_POINT('',(-0.0262240450171937,-2.72227862870025E-41,0.052));
#2665=CARTESIAN_POINT('',(-0.0294444621376436,4.70211763139134E-41,0.052));
#2666=CARTESIAN_POINT('',(-0.0324663288753153,-2.54904271596478E-40,0.052));
#2667=CARTESIAN_POINT('',(-0.0361778063777029,2.05903256279874E-39,0.052));
#2668=CARTESIAN_POINT('',(-0.0399468243734858,-5.92219341679973E-39,0.052));
#2669=CARTESIAN_POINT('',(-0.0430468369506454,1.02481416376797E-38,0.052));
#2670=CARTESIAN_POINT('',(-0.0455247080159757,-3.91129568975391E-38,0.052));
#2671=CARTESIAN_POINT('',(-0.0481371506961288,1.46203685952477E-37,0.052));
#2672=CARTESIAN_POINT('',(-0.0503149435886295,-4.30384208101564E-37,0.052));
#2673=CARTESIAN_POINT('',(-0.0520072396819447,7.4545083739232E-37,0.052));
#2674=CARTESIAN_POINT('',(-0.0532359063493314,-2.84537790284116E-36,0.052));
#2675=CARTESIAN_POINT('',(-0.0542194834473982,8.38915432783675E-36,0.052));
#2676=CARTESIAN_POINT('',(-0.0548715748653772,-1.16663326423661E-35,0.052));
#2677=CARTESIAN_POINT('',(-0.0552464553599288,2.04675957175603E-35,0.052));
#2678=CARTESIAN_POINT('',(-0.0554092523790914,-4.53358229727178E-35,0.052));
#2679=CARTESIAN_POINT('',(-0.0555103114294148,0.,0.052));
#2680=CARTESIAN_POINT('',(-0.0555103114294147,0.,0.052));
#2681=CARTESIAN_POINT('',(-0.0555103114294148,0.,0.052));
#2682=CARTESIAN_POINT('',(-0.0572339975978799,0.,0.052));
#2683=CARTESIAN_POINT('',(-0.0594540998220194,0.,0.0516367528808464));
#2684=CARTESIAN_POINT('',(-0.0620842789341335,0.,0.050724859718563));
#2685=CARTESIAN_POINT('',(-0.0640213191268591,0.,0.0497714972806291));
#2686=CARTESIAN_POINT('',(-0.0658923131349183,0.,0.0485237423449335));
#2687=CARTESIAN_POINT('',(-0.0681225125134866,0.,0.0465661846174805));
#2688=CARTESIAN_POINT('',(-0.0704027223478213,0.,0.0435978559205759));
#2689=CARTESIAN_POINT('',(-0.0718330369118012,0.,0.0401402476207906));
#2690=CARTESIAN_POINT('',(-0.0724131405181804,0.,0.0372277543986898));
#2691=CARTESIAN_POINT('',(-0.0725586195504992,0.,0.0349905296964216));
#2692=CARTESIAN_POINT('',(-0.0724142498563112,0.,0.0328101268156254));
#2693=CARTESIAN_POINT('',(-0.072074520027396,0.,0.0310583544880475));
#2694=CARTESIAN_POINT('',(-0.0716630172209309,0.,0.029661674248646));
#2695=CARTESIAN_POINT('',(-0.0712780758549176,0.,0.0286124186552518));
#2696=CARTESIAN_POINT('',(-0.0708898360763089,0.,0.0277373833015741));
#2697=CARTESIAN_POINT('',(-0.070573748234491,0.,0.0271159057135572));
#2698=CARTESIAN_POINT('',(-0.0703864789143836,0.,0.0267699491680136));
#2699=CARTESIAN_POINT('',(-0.0702778136237709,0.,0.0265780641015099));
#2700=CARTESIAN_POINT('',(-0.0702327432937501,0.,0.0264999999999999));
#2701=CARTESIAN_POINT('',(-0.0702327432937502,0.,0.0265));
#2702=CARTESIAN_POINT('',(-0.0702327432937501,0.,0.0265));
#2703=CARTESIAN_POINT('',(-0.0691442891174266,0.,0.0246147420648969));
#2704=CARTESIAN_POINT('',(-0.0673099818754406,2.69099489196386E-19,0.0214376287250858));
#2705=CARTESIAN_POINT('',(-0.0648265241167634,-4.48499148660642E-19,0.0171361537086057));
#2706=CARTESIAN_POINT('',(-0.0630442430347708,1.70429676491044E-18,0.0140491523212257));
#2707=CARTESIAN_POINT('',(-0.0612777498960545,-6.36868791098116E-18,0.0109894964537473));
#2708=CARTESIAN_POINT('',(-0.0594798826551145,1.6842437032909E-18,0.00787549904717553));
#2709=CARTESIAN_POINT('',(-0.0576274649307831,-3.68286902182469E-19,0.00466701743179245));
#2710=CARTESIAN_POINT('',(-0.0557962132289674,-2.37294562497943E-19,0.00149519644280065));
#2711=CARTESIAN_POINT('',(-0.0543988203739982,3.51305087387077E-20,-0.000925158980139865));
#2712=CARTESIAN_POINT('',(-0.05342752971878,2.86662597339475E-20,-0.00260748374389455));
#2713=CARTESIAN_POINT('',(-0.0525940861261696,-1.49795547674498E-19,-0.0040510503915384));
#2714=CARTESIAN_POINT('',(-0.0516908370628079,8.10619757176903E-19,-0.00561552366116997));
#2715=CARTESIAN_POINT('',(-0.0506828765309826,-6.54660007621961E-18,-0.00736136251431564));
#2716=CARTESIAN_POINT('',(-0.0496718416009932,1.79288060020234E-18,-0.00911252638128401));
#2717=CARTESIAN_POINT('',(-0.0489227285381045,-2.21955170457742E-19,-0.0104100282668208));
#2718=CARTESIAN_POINT('',(-0.0483546366471546,4.09431867834672E-20,-0.011393992285314));
#2719=CARTESIAN_POINT('',(-0.0477789154723669,-2.37039502430598E-20,-0.0123911706110394));
#2720=CARTESIAN_POINT('',(-0.0472170226396947,8.61961827020356E-21,-0.0133643975456367));
#2721=CARTESIAN_POINT('',(-0.0468049770738368,0.,-0.0140780814007357));
#2722=CARTESIAN_POINT('',(-0.0465747208701689,0.,-0.0144768968442466));
#2723=CARTESIAN_POINT('',(-0.0465747208701688,0.,-0.0144768968442467));
#2724=CARTESIAN_POINT('',(-0.0465747208701689,0.,-0.0144768968442465));
#2725=CARTESIAN_POINT('',(-0.0465747208701689,-0.00488810754226411,-0.0144768968442465));
#2726=CARTESIAN_POINT('',(-0.0466097861781866,-0.0140693005699289,-0.0144173450563449));
#2727=CARTESIAN_POINT('',(-0.0463606960113474,-0.027252733210681,-0.0137475878366782));
#2728=CARTESIAN_POINT('',(-0.0459312672269078,-0.0369410667402502,-0.0128494048144001));
#2729=CARTESIAN_POINT('',(-0.0451637291839907,-0.045779827421353,-0.0114427269374206));
#2730=CARTESIAN_POINT('',(-0.0441572051932513,-0.0519362557310367,-0.00971798067083621));
#2731=CARTESIAN_POINT('',(-0.0430088942271467,-0.0558941255235744,-0.00786128405159582));
#2732=CARTESIAN_POINT('',(-0.0418969985795394,-0.0583238227876387,-0.00615671858733947));
#2733=CARTESIAN_POINT('',(-0.04039472505809,-0.0600688941269791,-0.00401212515892487));
#2734=CARTESIAN_POINT('',(-0.0391618667407804,-0.0605,-0.00226823728037577));
#2735=CARTESIAN_POINT('',(-0.0385496678648413,-0.0605,-0.00135658137427234));
#2736=CARTESIAN_POINT('',(-0.0385496678648413,-0.0605,-0.00135658137427234));
#2737=CARTESIAN_POINT('',(-0.0435235090522615,-0.0605000000000201,0.00318944286826615));
#2738=CARTESIAN_POINT('',(-0.041563244952569,-0.0604999999366951,0.00205713598331827));
#2739=CARTESIAN_POINT('',(-0.0398532372019291,-0.0604999998450602,0.000494218779555735));
#2740=CARTESIAN_POINT('',(-0.0385496553159285,-0.0604999999999848,-0.00135657253464876));
#2741=CARTESIAN_POINT('',(-0.0435236071071066,-0.060499999750009,0.00318927311446954));
#2742=CARTESIAN_POINT('',(-0.0514518457775236,-0.0604999999999992,0.0111173472466517));
#2743=CARTESIAN_POINT('',(-0.0495615275527931,-0.0604999999999993,0.00784348908200639));
#2744=CARTESIAN_POINT('',(-0.0467975261557645,-0.0604999999999994,0.00507948808511766));
#2745=CARTESIAN_POINT('',(-0.043523667717461,-0.0604999999999995,0.00318917033433824));
#2746=CARTESIAN_POINT('',(-0.0514518762966866,-0.0604999997499993,0.0111173296249062));
#2747=CARTESIAN_POINT('',(-0.0536935750346353,-0.0605,0.015));
#2748=CARTESIAN_POINT('',(-0.0528951112676419,-0.0605,0.0136170201875649));
#2749=CARTESIAN_POINT('',(-0.0524539673336479,-0.0605000000000001,0.0128529362860731));
#2750=CARTESIAN_POINT('',(-0.0514519047604709,-0.0605,0.0111173131913307));
#2751=CARTESIAN_POINT('',(-0.0536935420077909,-0.0604999997500002,0.0150000187792089));
#2752=CARTESIAN_POINT('',(-0.0398371685737836,-0.0605,0.0389999239490414));
#2753=CARTESIAN_POINT('',(-0.0426296779375952,-0.0605,0.0389999129033836));
#2754=CARTESIAN_POINT('',(-0.048210495831389,-0.0605,0.0375040038224292));
#2755=CARTESIAN_POINT('',(-0.0543414253773296,-0.0605,0.0313740365482604));
#2756=CARTESIAN_POINT('',(-0.0565846680085935,-0.0605,0.0229995121810532));
#2757=CARTESIAN_POINT('',(-0.0550897543411747,-0.0605,0.0174184275670077));
#2758=CARTESIAN_POINT('',(-0.053693509230991,-0.0605,0.0150000379914046));
#2759=CARTESIAN_POINT('',(-0.039837168323934,-0.0604999997500002,0.0389999619744991));
#2760=CARTESIAN_POINT('',(-0.0353538290724796,-0.0605,0.039));
#2761=CARTESIAN_POINT('',(-0.0369601518958167,-0.0605,0.039));
#2762=CARTESIAN_POINT('',(-0.0380280093263437,-0.0605,0.0389999999999999));
#2763=CARTESIAN_POINT('',(-0.0398371683239339,-0.0605,0.039));
#2764=CARTESIAN_POINT('',(-0.0353538293236943,-0.0604999997500002,0.0389999658215809));
#2765=CARTESIAN_POINT('',(-0.0245237362299465,-0.0605,0.0360980170112504));
#2766=CARTESIAN_POINT('',(-0.027797729143618,-0.0605,0.0379881025106918));
#2767=CARTESIAN_POINT('',(-0.0315734252901393,-0.0605,0.0389997972440915));
#2768=CARTESIAN_POINT('',(-0.0353538290749097,-0.0605,0.0389999316432249));
#2769=CARTESIAN_POINT('',(-0.0245237020535573,-0.0605,0.0360980762113533));
#2770=CARTESIAN_POINT('',(-0.0166935750346353,-0.0605,0.034));
#2771=CARTESIAN_POINT('',(-0.0194269021221681,-0.0605,0.034));
#2772=CARTESIAN_POINT('',(-0.022156570177551,-0.0605,0.0347314119855335));
#2773=CARTESIAN_POINT('',(-0.0245237020535574,-0.0605,0.0360980762113532));
#2774=CARTESIAN_POINT('',(-0.0166935750346356,-0.0605,0.034));
#2775=CARTESIAN_POINT('',(-0.0116,-0.0605,0.034));
#2776=CARTESIAN_POINT('',(-0.0132978583448788,-0.0605,0.034));
#2777=CARTESIAN_POINT('',(-0.0147238911283439,-0.0604999999999999,0.0339999999999994));
#2778=CARTESIAN_POINT('',(-0.0166935750346364,-0.0605,0.034));
#2779=CARTESIAN_POINT('',(-0.0116000000403262,-0.0605,0.034));
#2780=CARTESIAN_POINT('',(-0.0020425243949392,0.,0.0474430765881696));
#2781=CARTESIAN_POINT('',(-0.0020425243949392,-0.00488988806189495,0.0474430765881696));
#2782=CARTESIAN_POINT('',(-0.00205286053570706,-0.014078406864097,0.0474476871640543));
#2783=CARTESIAN_POINT('',(-0.00251177141259793,-0.0272865188992313,0.0469159368002519));
#2784=CARTESIAN_POINT('',(-0.00318830512082335,-0.0370038673974736,0.0461086178241788));
#2785=CARTESIAN_POINT('',(-0.00431050654311439,-0.0458776357550329,0.0447421877607547));
#2786=CARTESIAN_POINT('',(-0.00571791008015375,-0.0520545494820641,0.0429933363022777));
#2787=CARTESIAN_POINT('',(-0.00719234003012053,-0.0559942168520881,0.0410585913977194));
#2788=CARTESIAN_POINT('',(-0.0084862111049582,-0.0583781385292727,0.0392478693619436));
#2789=CARTESIAN_POINT('',(-0.00996787253388876,-0.0600633073036367,0.0369286336684718));
#2790=CARTESIAN_POINT('',(-0.0110470320970465,-0.0605,0.0350037227522289));
#2791=CARTESIAN_POINT('',(-0.0116,-0.0605,0.034));
#2792=CARTESIAN_POINT('',(-0.00275251355274408,0.,0.0455733398698588));
#2793=CARTESIAN_POINT('',(-0.00275251355274408,-0.0195595522475798,0.0455733398698588));
#2794=CARTESIAN_POINT('',(-0.00275251355274408,-0.0585,0.0455733398698588));
#2795=CARTESIAN_POINT('',(-0.0116,-0.0585,0.034));
#2796=CARTESIAN_POINT('',(-0.00343810014614228,0.,0.0458336754792963));
#2797=CARTESIAN_POINT('',(-0.00343810014614228,-0.0195595509277708,0.0458336754792963));
#2798=CARTESIAN_POINT('',(-0.00330232157681953,-0.0585,0.0457327013641829));
#2799=CARTESIAN_POINT('',(-0.0120244645862196,-0.0585,0.034));
#2800=CARTESIAN_POINT('',(-0.00415275978529356,0.,0.0461050509036268));
#2801=CARTESIAN_POINT('',(-0.00415275978529356,-0.0195596724773307,0.0461050509036268));
#2802=CARTESIAN_POINT('',(-0.00383514050330671,-0.0585,0.045892062858507));
#2803=CARTESIAN_POINT('',(-0.0124319400748509,-0.0585,0.034));
#2804=CARTESIAN_POINT('',(-0.00511533031941296,0.,0.046470564741032));
#2805=CARTESIAN_POINT('',(-0.00511533031941296,-0.01956005231698,0.046470564741032));
#2806=CARTESIAN_POINT('',(-0.0046784103772564,-0.0585,0.0461908024497573));
#2807=CARTESIAN_POINT('',(-0.0129695776938299,-0.0585,0.034));
#2808=CARTESIAN_POINT('',(-0.00583968097381526,0.,0.0467456201036603));
#2809=CARTESIAN_POINT('',(-0.00583968097381526,-0.0195603923710858,0.0467456201036603));
#2810=CARTESIAN_POINT('',(-0.00534407394237704,-0.0585,0.0464364215428996));
#2811=CARTESIAN_POINT('',(-0.0133713901499318,-0.0585,0.034));
#2812=CARTESIAN_POINT('',(-0.00656403162821757,0.,0.0470206754662886));
#2813=CARTESIAN_POINT('',(-0.00656403162821757,-0.0195608844941946,0.0470206754662886));
#2814=CARTESIAN_POINT('',(-0.00614824517866058,-0.0585,0.0467682982348601));
#2815=CARTESIAN_POINT('',(-0.0137732026060337,-0.0585,0.034));
#2816=CARTESIAN_POINT('',(-0.00751691114708594,0.,0.047382509365396));
#2817=CARTESIAN_POINT('',(-0.00751691114708594,-0.0195616519123792,0.047382509365396));
#2818=CARTESIAN_POINT('',(-0.00725439633012859,-0.0585,0.0472315985465514));
#2819=CARTESIAN_POINT('',(-0.0143165032575421,-0.0585,0.034));
#2820=CARTESIAN_POINT('',(-0.0082218797709862,0.,0.0476502048514289));
#2821=CARTESIAN_POINT('',(-0.0082218797709862,-0.0195623085542884,0.0476502048514289));
#2822=CARTESIAN_POINT('',(-0.0081094518210471,-0.0585,0.0475946723221278));
#2823=CARTESIAN_POINT('',(-0.0147296417787028,-0.0585,0.034));
#2824=CARTESIAN_POINT('',(-0.00889777534913338,0.,0.0479068605225686));
#2825=CARTESIAN_POINT('',(-0.00889777534913338,-0.01956301097066,0.0479068605225686));
#2826=CARTESIAN_POINT('',(-0.00890232602275514,-0.0585,0.0479182841243097));
#2827=CARTESIAN_POINT('',(-0.0151597693974518,-0.0585,0.034));
#2828=CARTESIAN_POINT('',(-0.00978281776124458,0.,0.0482429348535921));
#2829=CARTESIAN_POINT('',(-0.00978281776124458,-0.0195639510160407,0.0482429348535921));
#2830=CARTESIAN_POINT('',(-0.0099124771736227,-0.0585,0.0483236409729278));
#2831=CARTESIAN_POINT('',(-0.0157427112766663,-0.0585,0.034));
#2832=CARTESIAN_POINT('',(-0.0104102582631366,0.,0.0484811908332433));
#2833=CARTESIAN_POINT('',(-0.0104102582631366,-0.0195646545605075,0.0484811908332433));
#2834=CARTESIAN_POINT('',(-0.0105643080211012,-0.0585,0.0485688761122363));
#2835=CARTESIAN_POINT('',(-0.0162011540580624,-0.0585,0.034));
#2836=CARTESIAN_POINT('',(-0.011149792622109,0.,0.0487620118555575));
#2837=CARTESIAN_POINT('',(-0.011149792622109,-0.019565396307312,0.0487620118555575));
#2838=CARTESIAN_POINT('',(-0.0111037260836059,-0.0585,0.0487357907349646));
#2839=CARTESIAN_POINT('',(-0.0168408270016408,-0.0585,0.034));
#2840=CARTESIAN_POINT('',(-0.0113149100060836,0.,0.0488220618546969));
#2841=CARTESIAN_POINT('',(-0.0113149100060836,-0.019565541197291,0.0488220618546969));
#2842=CARTESIAN_POINT('',(-0.01120872623266,-0.0585,0.0487658560064354));
#2843=CARTESIAN_POINT('',(-0.0169931003806123,-0.0585,0.0340020813216532));
#2844=CARTESIAN_POINT('',(-0.0116360398637988,0.,0.0489343992752885));
#2845=CARTESIAN_POINT('',(-0.0116360398637988,-0.019565783391198,0.0489343992752885));
#2846=CARTESIAN_POINT('',(-0.0113975908607793,-0.0585,0.0488163571832341));
#2847=CARTESIAN_POINT('',(-0.0173062195626839,-0.0585,0.0340112043885778));
#2848=CARTESIAN_POINT('',(-0.0117920531957008,0.,0.0489866860689786));
#2849=CARTESIAN_POINT('',(-0.0117920531957008,-0.0195658806951259,0.0489866860689786));
#2850=CARTESIAN_POINT('',(-0.0114814551313314,-0.0585,0.0488367939002273));
#2851=CARTESIAN_POINT('',(-0.017467065157271,-0.0585,0.0340182469455144));
#2852=CARTESIAN_POINT('',(-0.0120962326369636,0.,0.0490847245970752));
#2853=CARTESIAN_POINT('',(-0.0120962326369636,-0.0195660318494239,0.0490847245970752));
#2854=CARTESIAN_POINT('',(-0.0116452151572864,-0.0585,0.0488750054733807));
#2855=CARTESIAN_POINT('',(-0.0177958146735412,-0.0585,0.0340379705739988));
#2856=CARTESIAN_POINT('',(-0.0122443994373311,0.,0.049130475763236));
#2857=CARTESIAN_POINT('',(-0.0122443994373311,-0.0195660856997938,0.049130475763236));
#2858=CARTESIAN_POINT('',(-0.0117251105898518,-0.0585,0.0488927810147126));
#2859=CARTESIAN_POINT('',(-0.0179637182723867,-0.0585,0.0340506523307182));
#2860=CARTESIAN_POINT('',(-0.0125342357433255,0.,0.0492164906658846));
#2861=CARTESIAN_POINT('',(-0.0125342357433255,-0.0195661540794687,0.0492164906658846));
#2862=CARTESIAN_POINT('',(-0.0118980645828526,-0.0585,0.0489324937024097));
#2863=CARTESIAN_POINT('',(-0.0183050341883202,-0.0585,0.0340821884103177));
#2864=CARTESIAN_POINT('',(-0.0126759058020853,0.,0.0492567539149997));
#2865=CARTESIAN_POINT('',(-0.0126759058020853,-0.0195661686087736,0.0492567539149997));
#2866=CARTESIAN_POINT('',(-0.0119911227227094,-0.0585,0.048954431396952));
#2867=CARTESIAN_POINT('',(-0.0184784460848298,-0.0585,0.0341010432813749));
#2868=CARTESIAN_POINT('',(-0.0129541722426518,0.,0.0493326766370442));
#2869=CARTESIAN_POINT('',(-0.0129541722426518,-0.0195661624788115,0.0493326766370442));
#2870=CARTESIAN_POINT('',(-0.0122075094828805,-0.0585,0.0490091292772919));
#2871=CARTESIAN_POINT('',(-0.0188292046968063,-0.0585,0.0341452970615549));
#2872=CARTESIAN_POINT('',(-0.0130907690659202,0.,0.0493683357196167));
#2873=CARTESIAN_POINT('',(-0.0130907690659202,-0.0195661434753402,0.0493683357196167));
#2874=CARTESIAN_POINT('',(-0.0123308376062961,-0.0585,0.0490418898654876));
#2875=CARTESIAN_POINT('',(-0.0190065509153746,-0.0585,0.0341706963730758));
#2876=CARTESIAN_POINT('',(-0.0132705040383133,0.,0.0494133005805688));
#2877=CARTESIAN_POINT('',(-0.0132705040383133,-0.0195661007245965,0.0494133005805688));
#2878=CARTESIAN_POINT('',(-0.0125268533661899,-0.0585,0.0490971083210589));
#2879=CARTESIAN_POINT('',(-0.019244579526557,-0.0585,0.0342090545480765));
#2880=CARTESIAN_POINT('',(-0.0134047068540448,0.,0.0494463789869244));
#2881=CARTESIAN_POINT('',(-0.0134047068540448,-0.0195660643083433,0.0494463789869244));
#2882=CARTESIAN_POINT('',(-0.0126817595689588,-0.0585,0.0491414066640677));
#2883=CARTESIAN_POINT('',(-0.0194234925488969,-0.0585,0.0342389463694062));
#2884=CARTESIAN_POINT('',(-0.0135373692328302,0.,0.0494776204805135));
#2885=CARTESIAN_POINT('',(-0.0135373692328302,-0.0195660157921382,0.0494776204805135));
#2886=CARTESIAN_POINT('',(-0.0128631994775372,-0.0585,0.049195407982677));
#2887=CARTESIAN_POINT('',(-0.0196033172783814,-0.0585,0.0342722089968638));
#2888=CARTESIAN_POINT('',(-0.0137573278314078,0.,0.049527868189662));
#2889=CARTESIAN_POINT('',(-0.0137573278314078,-0.0195659236199268,0.049527868189662));
#2890=CARTESIAN_POINT('',(-0.0131878907793344,-0.0585,0.049293128508913));
#2891=CARTESIAN_POINT('',(-0.019903453758317,-0.0585,0.0343313947958583));
#2892=CARTESIAN_POINT('',(-0.0138882724475431,0.,0.0495563773499654));
#2893=CARTESIAN_POINT('',(-0.0138882724475431,-0.0195658581359173,0.0495563773499654));
#2894=CARTESIAN_POINT('',(-0.0134027672981218,-0.0585,0.049358707416277));
#2895=CARTESIAN_POINT('',(-0.0200839208129529,-0.0585,0.0343702796490877));
#2896=CARTESIAN_POINT('',(-0.0141496670761615,0.,0.0496105753994305));
#2897=CARTESIAN_POINT('',(-0.0141496670761615,-0.0195657125643407,0.0496105753994305));
#2898=CARTESIAN_POINT('',(-0.0138532518980404,-0.0585,0.0494952973952537));
#2899=CARTESIAN_POINT('',(-0.0204440696253913,-0.0585,0.0344546119392646));
#2900=CARTESIAN_POINT('',(-0.0142801173281415,0.,0.0496362642503939));
#2901=CARTESIAN_POINT('',(-0.0142801173281415,-0.0195656324767736,0.0496362642503939));
#2902=CARTESIAN_POINT('',(-0.0140888594145445,-0.0585,0.0495663084094106));
#2903=CARTESIAN_POINT('',(-0.0206237508185665,-0.0585,0.0345000593187563));
#2904=CARTESIAN_POINT('',(-0.0145421199979724,0.,0.0496851491207788));
#2905=CARTESIAN_POINT('',(-0.0145421199979724,-0.0195654634558893,0.0496851491207788));
#2906=CARTESIAN_POINT('',(-0.0145614523382926,-0.0585,0.0497051093180017));
#2907=CARTESIAN_POINT('',(-0.0209808105193709,-0.0585,0.0345971402325355));
#2908=CARTESIAN_POINT('',(-0.0146736726275932,0.,0.049708345231604));
#2909=CARTESIAN_POINT('',(-0.0146736726275932,-0.0195653744620522,0.049708345231604));
#2910=CARTESIAN_POINT('',(-0.014798437217095,-0.0585,0.0497728990068852));
#2911=CARTESIAN_POINT('',(-0.0211581884985584,-0.0585,0.0346487735612721));
#2912=CARTESIAN_POINT('',(-0.014939499842873,0.,0.0497524403867741));
#2913=CARTESIAN_POINT('',(-0.014939499842873,-0.0195651909713809,0.0497524403867741));
#2914=CARTESIAN_POINT('',(-0.0152544870898984,-0.0585,0.049896415493907));
#2915=CARTESIAN_POINT('',(-0.0215091802787378,-0.0585,0.0347576614575675));
#2916=CARTESIAN_POINT('',(-0.0150737746319909,0.,0.04977333965529));
#2917=CARTESIAN_POINT('',(-0.0150737746319909,-0.0195650964745466,0.04977333965529));
#2918=CARTESIAN_POINT('',(-0.0154735516204712,-0.0585,0.0499521419476348));
#2919=CARTESIAN_POINT('',(-0.0216827936163014,-0.0585,0.0348149156807156));
#2920=CARTESIAN_POINT('',(-0.0153011981267044,0.,0.0498063070206581));
#2921=CARTESIAN_POINT('',(-0.0153011981267044,-0.0195649372804857,0.0498063070206581));
#2922=CARTESIAN_POINT('',(-0.0158077035259266,-0.0585,0.0500274486542451));
#2923=CARTESIAN_POINT('',(-0.0219678535246556,-0.0585,0.03491440282354));
#2924=CARTESIAN_POINT('',(-0.0154391052391091,0.,0.0498253417794176));
#2925=CARTESIAN_POINT('',(-0.0154391052391091,-0.0195648410843144,0.0498253417794176));
#2926=CARTESIAN_POINT('',(-0.015995812163216,-0.0585,0.0500656040780204));
#2927=CARTESIAN_POINT('',(-0.0221371709601836,-0.0585,0.0349757201705824));
#2928=CARTESIAN_POINT('',(-0.0155797408391291,0.,0.0498432292198091));
#2929=CARTESIAN_POINT('',(-0.0155797408391291,-0.0195647450231384,0.0498432292198091));
#2930=CARTESIAN_POINT('',(-0.0161589661642801,-0.0585,0.0500901536187132));
#2931=CARTESIAN_POINT('',(-0.0223034751818652,-0.0585,0.0350391710785333));
#2932=CARTESIAN_POINT('',(-0.0157685896257071,0.,0.049866562814906));
#2933=CARTESIAN_POINT('',(-0.0157685896257071,-0.0195646172581455,0.049866562814906));
#2934=CARTESIAN_POINT('',(-0.0163667881186201,-0.0585,0.0501174634496856));
#2935=CARTESIAN_POINT('',(-0.0225237781713713,-0.0585,0.0351246529759575));
#2936=CARTESIAN_POINT('',(-0.0159132294357456,0.,0.0498829017721193));
#2937=CARTESIAN_POINT('',(-0.0159132294357456,-0.0195645221466951,0.0498829017721193));
#2938=CARTESIAN_POINT('',(-0.0165007917221585,-0.0585,0.0501257437394141));
#2939=CARTESIAN_POINT('',(-0.0226857742185558,-0.0585,0.0351907453632671));
#2940=CARTESIAN_POINT('',(-0.0162101660846876,0.,0.049913012545641));
#2941=CARTESIAN_POINT('',(-0.0162101660846876,-0.0195643368121752,0.049913012545641));
#2942=CARTESIAN_POINT('',(-0.0167437181792983,-0.0585,0.0501261745742021));
#2943=CARTESIAN_POINT('',(-0.0230020903668848,-0.0585,0.0353258281112082));
#2944=CARTESIAN_POINT('',(-0.0163624632340997,0.,0.0499267849876702));
#2945=CARTESIAN_POINT('',(-0.0163624632340997,-0.019564244930654,0.0499267849876702));
#2946=CARTESIAN_POINT('',(-0.0168526409116814,-0.0585,0.0501183244449016));
#2947=CARTESIAN_POINT('',(-0.0231564103468109,-0.0585,0.0353948177974798));
#2948=CARTESIAN_POINT('',(-0.016676361106675,0.,0.0499513443518903));
#2949=CARTESIAN_POINT('',(-0.016676361106675,-0.0195640682007176,0.0499513443518903));
#2950=CARTESIAN_POINT('',(-0.0170641488476178,-0.0585,0.0500946345199769));
#2951=CARTESIAN_POINT('',(-0.0234562590510846,-0.0585,0.0355344968441973));
#2952=CARTESIAN_POINT('',(-0.0168379622297258,0.,0.0499621320280407));
#2953=CARTESIAN_POINT('',(-0.0168379622297258,-0.0195639833523023,0.0499621320280407));
#2954=CARTESIAN_POINT('',(-0.0171667340801101,-0.0585,0.0500787939747138));
#2955=CARTESIAN_POINT('',(-0.0236017878043711,-0.0585,0.0356051854550043));
#2956=CARTESIAN_POINT('',(-0.0171720995130549,0.,0.0499801080637964));
#2957=CARTESIAN_POINT('',(-0.0171720995130549,-0.0195638261502057,0.0499801080637964));
#2958=CARTESIAN_POINT('',(-0.0173844104352874,-0.0585,0.0500471515448656));
#2959=CARTESIAN_POINT('',(-0.0238830389437422,-0.0585,0.035746952300301));
#2960=CARTESIAN_POINT('',(-0.01734463619645,0.,0.0499872972978138));
#2961=CARTESIAN_POINT('',(-0.01734463619645,-0.0195637537965244,0.0499872972978138));
#2962=CARTESIAN_POINT('',(-0.017499501747119,-0.0585,0.0500313488526596));
#2963=CARTESIAN_POINT('',(-0.0240187615189733,-0.0585,0.0358180297271698));
#2964=CARTESIAN_POINT('',(-0.0177022472753527,0.,0.0499972427746977));
#2965=CARTESIAN_POINT('',(-0.0177022472753527,-0.0195636270455239,0.0499972427746977));
#2966=CARTESIAN_POINT('',(-0.0177611306410762,-0.0585,0.0500077221299556));
#2967=CARTESIAN_POINT('',(-0.0242794821516891,-0.0585,0.035959175828127));
#2968=CARTESIAN_POINT('',(-0.0178873223563663,0.,0.05));
#2969=CARTESIAN_POINT('',(-0.0178873223563663,-0.0195635726482048,0.05));
#2970=CARTESIAN_POINT('',(-0.0179076685773261,-0.0585,0.049999897249101));
#2971=CARTESIAN_POINT('',(-0.0244044805632979,-0.0585,0.0360292436518588));
#2972=CARTESIAN_POINT('',(-0.018488616482221,0.,0.05));
#2973=CARTESIAN_POINT('',(-0.018488616482221,-0.0195634390442841,0.05));
#2974=CARTESIAN_POINT('',(-0.0184452840520121,-0.0585,0.0500002188340608));
#2975=CARTESIAN_POINT('',(-0.0247776144098731,-0.0585,0.0362446725786227));
#2976=CARTESIAN_POINT('',(-0.0189254639440212,0.,0.05));
#2977=CARTESIAN_POINT('',(-0.0189254639440212,-0.0195634272415882,0.05));
#2978=CARTESIAN_POINT('',(-0.0189424242449307,-0.0585,0.0500297646093635));
#2979=CARTESIAN_POINT('',(-0.0250221493500547,-0.0585,0.0363790343753907));
#2980=CARTESIAN_POINT('',(-0.0198441311182391,0.,0.05));
#2981=CARTESIAN_POINT('',(-0.0198441311182391,-0.0195635805247553,0.05));
#2982=CARTESIAN_POINT('',(-0.0200777813122287,-0.0585,0.0501086152207425));
#2983=CARTESIAN_POINT('',(-0.025495318508303,-0.0585,0.0366282886397435));
#2984=CARTESIAN_POINT('',(-0.0203259508306568,0.,0.05));
#2985=CARTESIAN_POINT('',(-0.0203259508306568,-0.0195637456106184,0.05));
#2986=CARTESIAN_POINT('',(-0.0207160040327532,-0.0585,0.050157917151471));
#2987=CARTESIAN_POINT('',(-0.0257239585725148,-0.0585,0.0367431782019809));
#2988=CARTESIAN_POINT('',(-0.0211578120504667,0.,0.05));
#2989=CARTESIAN_POINT('',(-0.0211578120504667,-0.019564183713154,0.05));
#2990=CARTESIAN_POINT('',(-0.0217965432153275,-0.0585,0.0502234726693167));
#2991=CARTESIAN_POINT('',(-0.0260946940029598,-0.0585,0.0369219349753198));
#2992=CARTESIAN_POINT('',(-0.0216684601286648,0.,0.05));
#2993=CARTESIAN_POINT('',(-0.0216684601286648,-0.0195645155346807,0.05));
#2994=CARTESIAN_POINT('',(-0.0224516034870373,-0.0585,0.0502561585699653));
#2995=CARTESIAN_POINT('',(-0.0263130056267487,-0.0585,0.0370240970437892));
#2996=CARTESIAN_POINT('',(-0.0221929458224375,0.,0.05));
#2997=CARTESIAN_POINT('',(-0.0221929458224375,-0.019564951947535,0.05));
#2998=CARTESIAN_POINT('',(-0.0230766349558463,-0.0585,0.0502654051935476));
#2999=CARTESIAN_POINT('',(-0.0265264482572204,-0.0585,0.0371197845014897));
#3000=CARTESIAN_POINT('',(-0.0228976413757469,0.,0.05));
#3001=CARTESIAN_POINT('',(-0.0228976413757468,-0.0195655805722243,0.05));
#3002=CARTESIAN_POINT('',(-0.0238966494862408,-0.0585,0.0502689813087381));
#3003=CARTESIAN_POINT('',(-0.0268091689804636,-0.0585,0.0372447487030892));
#3004=CARTESIAN_POINT('',(-0.0234382709543566,0.,0.05));
#3005=CARTESIAN_POINT('',(-0.0234382709543566,-0.019566157207729,0.05));
#3006=CARTESIAN_POINT('',(-0.0244816018539103,-0.0585,0.0502519679909901));
#3007=CARTESIAN_POINT('',(-0.0270170064416917,-0.0585,0.0373325771422139));
#3008=CARTESIAN_POINT('',(-0.0245333677271507,0.,0.05));
#3009=CARTESIAN_POINT('',(-0.0245333677271507,-0.0195675242666739,0.05));
#3010=CARTESIAN_POINT('',(-0.0255915645504424,-0.0585,0.0502003753283158));
#3011=CARTESIAN_POINT('',(-0.0274286240592145,-0.0585,0.0374992855320279));
#3012=CARTESIAN_POINT('',(-0.025087834921335,0.,0.05));
#3013=CARTESIAN_POINT('',(-0.025087834921335,-0.0195683135420558,0.05));
#3014=CARTESIAN_POINT('',(-0.0261165771767293,-0.0585,0.0501657950992174));
#3015=CARTESIAN_POINT('',(-0.0276324065129337,-0.0585,0.0375781645985451));
#3016=CARTESIAN_POINT('',(-0.0258294307828432,0.,0.05));
#3017=CARTESIAN_POINT('',(-0.0258294307828432,-0.0195694840558669,0.05));
#3018=CARTESIAN_POINT('',(-0.0267769462637117,-0.0585,0.0501221202978451));
#3019=CARTESIAN_POINT('',(-0.0279045077497615,-0.0585,0.0376788579868963));
#3020=CARTESIAN_POINT('',(-0.0263862042462901,0.,0.05));
#3021=CARTESIAN_POINT('',(-0.0263862042462901,-0.0195703915074937,0.05));
#3022=CARTESIAN_POINT('',(-0.0272623117000118,-0.0585,0.0500899722962074));
#3023=CARTESIAN_POINT('',(-0.0281086820600963,-0.0585,0.037753258409777));
#3024=CARTESIAN_POINT('',(-0.0269429777097368,0.,0.05));
#3025=CARTESIAN_POINT('',(-0.0269429777097368,-0.019571377472146,0.05));
#3026=CARTESIAN_POINT('',(-0.0277180592562001,-0.0585,0.0500630849709197));
#3027=CARTESIAN_POINT('',(-0.0283139634146093,-0.0585,0.0378245723814529));
#3028=CARTESIAN_POINT('',(-0.0278670897000441,0.,0.05));
#3029=CARTESIAN_POINT('',(-0.0278670897000441,-0.0195730853481955,0.05));
#3030=CARTESIAN_POINT('',(-0.0284559105743624,-0.0585,0.0500253855699523));
#3031=CARTESIAN_POINT('',(-0.028659133267966,-0.0585,0.0379406049527823));
#3032=CARTESIAN_POINT('',(-0.0284180974903348,0.,0.05));
#3033=CARTESIAN_POINT('',(-0.0284180974903348,-0.019574169790554,0.05));
#3034=CARTESIAN_POINT('',(-0.0288790675246157,-0.0585,0.0500091687848694));
#3035=CARTESIAN_POINT('',(-0.0288689673235235,-0.0585,0.0380076841806991));
#3036=CARTESIAN_POINT('',(-0.0295028160514479,0.,0.05));
#3037=CARTESIAN_POINT('',(-0.029502816051448,-0.0195763571946157,0.05));
#3038=CARTESIAN_POINT('',(-0.0297166494364813,-0.0585,0.0499923433852046));
#3039=CARTESIAN_POINT('',(-0.0292991585940654,-0.0585,0.0381377763378048));
#3040=CARTESIAN_POINT('',(-0.0300365268222703,0.,0.05));
#3041=CARTESIAN_POINT('',(-0.0300365268222703,-0.0195774601563189,0.05));
#3042=CARTESIAN_POINT('',(-0.0301310756101126,-0.0585,0.0499917373302295));
#3043=CARTESIAN_POINT('',(-0.0295195170210687,-0.0585,0.0382007918266006));
#3044=CARTESIAN_POINT('',(-0.031076273132766,0.,0.05));
#3045=CARTESIAN_POINT('',(-0.031076273132766,-0.0195795836849562,0.05));
#3046=CARTESIAN_POINT('',(-0.0309817243449239,-0.0585,0.0500082626697704));
#3047=CARTESIAN_POINT('',(-0.0299759685903845,-0.0585,0.0383230976559827));
#3048=CARTESIAN_POINT('',(-0.0315931364935698,0.,0.05));
#3049=CARTESIAN_POINT('',(-0.0315931364935698,-0.0195806685082531,0.05));
#3050=CARTESIAN_POINT('',(-0.0314130701168039,-0.0585,0.0500240465867855));
#3051=CARTESIAN_POINT('',(-0.0302071849433969,-0.0585,0.0383810405190681));
#3052=CARTESIAN_POINT('',(-0.0326231009721222,0.,0.05));
#3053=CARTESIAN_POINT('',(-0.0326231009721222,-0.0195828958779127,0.05));
#3054=CARTESIAN_POINT('',(-0.032308953328328,-0.0585,0.0500569117181374));
#3055=CARTESIAN_POINT('',(-0.0306739316165442,-0.0585,0.0384897479059878));
#3056=CARTESIAN_POINT('',(-0.0331362020898708,0.,0.05));
#3057=CARTESIAN_POINT('',(-0.0331362020898708,-0.0195840384242754,0.05));
#3058=CARTESIAN_POINT('',(-0.0327734902715322,-0.0585,0.0500739925968502));
#3059=CARTESIAN_POINT('',(-0.0309094614402391,-0.0585,0.0385405120941981));
#3060=CARTESIAN_POINT('',(-0.0339901165384335,0.,0.05));
#3061=CARTESIAN_POINT('',(-0.0339901165384335,-0.0195860004416923,0.05));
#3062=CARTESIAN_POINT('',(-0.033592947930304,-0.0585,0.0500922545840209));
#3063=CARTESIAN_POINT('',(-0.0313041624589589,-0.0585,0.0386186723676606));
#3064=CARTESIAN_POINT('',(-0.0345019635751638,0.,0.05));
#3065=CARTESIAN_POINT('',(-0.0345019635751638,-0.0195872005457402,0.05));
#3066=CARTESIAN_POINT('',(-0.0341027139246285,-0.0585,0.0500991291872107));
#3067=CARTESIAN_POINT('',(-0.0315418432262375,-0.0585,0.0386629897174771));
#3068=CARTESIAN_POINT('',(-0.035013810611894,0.,0.05));
#3069=CARTESIAN_POINT('',(-0.035013810611894,-0.0195884427309032,0.05));
#3070=CARTESIAN_POINT('',(-0.0346466290837847,-0.0585,0.0500954349765434));
#3071=CARTESIAN_POINT('',(-0.0317802209510251,-0.0585,0.0387033229027566));
#3072=CARTESIAN_POINT('',(-0.0356964405383369,0.,0.05));
#3073=CARTESIAN_POINT('',(-0.0356964405383369,-0.0195901194006645,0.05));
#3074=CARTESIAN_POINT('',(-0.0353840204068971,-0.0585,0.0500864298298385));
#3075=CARTESIAN_POINT('',(-0.0320982358370658,-0.0585,0.0387553039781917));
#3076=CARTESIAN_POINT('',(-0.0362087892074745,0.,0.05));
#3077=CARTESIAN_POINT('',(-0.0362087892074745,-0.0195914228544597,0.05));
#3078=CARTESIAN_POINT('',(-0.035964448315129,-0.0585,0.0500704969699136));
#3079=CARTESIAN_POINT('',(-0.0323371467371878,-0.0585,0.0387902475968457));
#3080=CARTESIAN_POINT('',(-0.0372364963401937,0.,0.05));
#3081=CARTESIAN_POINT('',(-0.0372364963401937,-0.0195941448871532,0.05));
#3082=CARTESIAN_POINT('',(-0.0371394566505411,-0.0585,0.0500288253997209));
#3083=CARTESIAN_POINT('',(-0.0328139568578677,-0.0585,0.0388519155836825));
#3084=CARTESIAN_POINT('',(-0.0377518548037755,0.,0.05));
#3085=CARTESIAN_POINT('',(-0.0377518548037755,-0.0195955635244958,0.05));
#3086=CARTESIAN_POINT('',(-0.0377340364915429,-0.0585,0.0500030867867239));
#3087=CARTESIAN_POINT('',(-0.0330518554922472,-0.0585,0.0388786400491362));
#3088=CARTESIAN_POINT('',(-0.0384425108487359,0.,0.05));
#3089=CARTESIAN_POINT('',(-0.0384425108487359,-0.0195975553583976,0.05));
#3090=CARTESIAN_POINT('',(-0.0385091571551067,-0.0585,0.0499680744828464));
#3091=CARTESIAN_POINT('',(-0.0333671618560393,-0.0585,0.0389088449003898));
#3092=CARTESIAN_POINT('',(-0.038961380739169,0.,0.05));
#3093=CARTESIAN_POINT('',(-0.038961380739169,-0.0195990743131852,0.05));
#3094=CARTESIAN_POINT('',(-0.0390860843512309,-0.0585,0.0499416417987869));
#3095=CARTESIAN_POINT('',(-0.0336031684879326,-0.0585,0.0389301416786444));
#3096=CARTESIAN_POINT('',(-0.0394832604240462,0.,0.05));
#3097=CARTESIAN_POINT('',(-0.0394832604240462,-0.0196006743784193,0.05));
#3098=CARTESIAN_POINT('',(-0.0396430005611756,-0.0585,0.0499161840035113));
#3099=CARTESIAN_POINT('',(-0.0338374521424566,-0.0585,0.0389474152962347));
#3100=CARTESIAN_POINT('',(-0.0403572401689029,0.,0.05));
#3101=CARTESIAN_POINT('',(-0.0403572401689029,-0.0196034443262229,0.05));
#3102=CARTESIAN_POINT('',(-0.0405492161346709,-0.0585,0.0498840803238926));
#3103=CARTESIAN_POINT('',(-0.0342253359151047,-0.0585,0.0389718398579074));
#3104=CARTESIAN_POINT('',(-0.040885390258872,0.,0.05));
#3105=CARTESIAN_POINT('',(-0.040885390258872,-0.019605199540708,0.05));
#3106=CARTESIAN_POINT('',(-0.0410731646697124,-0.0585,0.0498741118897412));
#3107=CARTESIAN_POINT('',(-0.0344557355820064,-0.0585,0.0389825666663946));
#3108=CARTESIAN_POINT('',(-0.0419514722707535,0.,0.05));
#3109=CARTESIAN_POINT('',(-0.0419514722707535,-0.0196089424301261,0.05));
#3110=CARTESIAN_POINT('',(-0.042082211850664,-0.0585,0.0498979155718489));
#3111=CARTESIAN_POINT('',(-0.03491007206209,-0.0585,0.0389966464714436));
#3112=CARTESIAN_POINT('',(-0.0424894041926659,0.,0.05));
#3113=CARTESIAN_POINT('',(-0.0424894041926659,-0.0196109301050591,0.05));
#3114=CARTESIAN_POINT('',(-0.0425673100612893,-0.0585,0.0499316882201027));
#3115=CARTESIAN_POINT('',(-0.0351340084399872,-0.0585,0.039));
#3116=CARTESIAN_POINT('',(-0.044027076989945,0.,0.05));
#3117=CARTESIAN_POINT('',(-0.044027076989945,-0.0196169425164269,0.05));
#3118=CARTESIAN_POINT('',(-0.0438847541570168,-0.0585,0.0501247958107538));
#3119=CARTESIAN_POINT('',(-0.0357554097968225,-0.0585,0.039));
#3120=CARTESIAN_POINT('',(-0.0450800599455706,0.,0.05));
#3121=CARTESIAN_POINT('',(-0.0450800599455706,-0.0196217207453656,0.05));
#3122=CARTESIAN_POINT('',(-0.0446526483041042,-0.0585,0.0503760547456976));
#3123=CARTESIAN_POINT('',(-0.0361233364310127,-0.0585,0.039));
#3124=CARTESIAN_POINT('',(-0.0465152973654581,0.,0.05));
#3125=CARTESIAN_POINT('',(-0.0465152973654581,-0.0196289081464075,0.05));
#3126=CARTESIAN_POINT('',(-0.0458940032414603,-0.0585,0.0505514514411733));
#3127=CARTESIAN_POINT('',(-0.0365956949717463,-0.0585,0.039));
#3128=CARTESIAN_POINT('',(-0.0475995404668038,0.,0.05));
#3129=CARTESIAN_POINT('',(-0.0475995404668038,-0.0196345048941476,0.05));
#3130=CARTESIAN_POINT('',(-0.0468793934631205,-0.0585,0.0506430951583344));
#3131=CARTESIAN_POINT('',(-0.0369454113010832,-0.0585,0.039));
#3132=CARTESIAN_POINT('',(-0.0486952898241537,0.,0.05));
#3133=CARTESIAN_POINT('',(-0.0486952898241537,-0.0196405645913783,0.05));
#3134=CARTESIAN_POINT('',(-0.0481101145281746,-0.0585,0.0505329692829827));
#3135=CARTESIAN_POINT('',(-0.0372881353556178,-0.0585,0.039));
#3136=CARTESIAN_POINT('',(-0.0501452921223384,0.,0.05));
#3137=CARTESIAN_POINT('',(-0.0501452921223384,-0.0196487790025468,0.05));
#3138=CARTESIAN_POINT('',(-0.0497882009240977,-0.0585,0.0503448160754066));
#3139=CARTESIAN_POINT('',(-0.0377507351019954,-0.0585,0.039));
#3140=CARTESIAN_POINT('',(-0.0512245462122655,0.,0.05));
#3141=CARTESIAN_POINT('',(-0.0512245462122655,-0.0196550374577982,0.05));
#3142=CARTESIAN_POINT('',(-0.0510746094529284,-0.0585,0.0501727121393942));
#3143=CARTESIAN_POINT('',(-0.0381019106670272,-0.0585,0.039));
#3144=CARTESIAN_POINT('',(-0.052267551145054,0.,0.05));
#3145=CARTESIAN_POINT('',(-0.052267551145054,-0.0196610049106309,0.05));
#3146=CARTESIAN_POINT('',(-0.0521992183340303,-0.0585,0.0501094107049032));
#3147=CARTESIAN_POINT('',(-0.0384727557726072,-0.0585,0.039));
#3148=CARTESIAN_POINT('',(-0.0536368074952503,0.,0.05));
#3149=CARTESIAN_POINT('',(-0.0536368074952502,-0.0196687349638369,0.05));
#3150=CARTESIAN_POINT('',(-0.0536410092097823,-0.0585,0.0500517588910798));
#3151=CARTESIAN_POINT('',(-0.0389789203553299,-0.0585,0.039));
#3152=CARTESIAN_POINT('',(-0.0546155617474732,0.,0.05));
#3153=CARTESIAN_POINT('',(-0.0546155617474732,-0.0196740084613265,0.05));
#3154=CARTESIAN_POINT('',(-0.0545925551937326,-0.0585,0.0500687077530822));
#3155=CARTESIAN_POINT('',(-0.0393848787867577,-0.0585,0.039));
#3156=CARTESIAN_POINT('',(-0.0557004518627169,0.,0.05));
#3157=CARTESIAN_POINT('',(-0.0557004518627169,-0.0196788494030375,0.05));
#3158=CARTESIAN_POINT('',(-0.0557053409129008,-0.0585,0.0499853991320634));
#3159=CARTESIAN_POINT('',(-0.0399332832504862,-0.0585,0.039));
#3160=CARTESIAN_POINT('',(-0.0558872756416336,0.,0.0499963891850058));
#3161=CARTESIAN_POINT('',(-0.0558872756416336,-0.0196796293645423,0.0499963891850058));
#3162=CARTESIAN_POINT('',(-0.055899282675389,-0.0585,0.0499660630915278));
#3163=CARTESIAN_POINT('',(-0.0400319284076368,-0.0585,0.0389991330081697));
#3164=CARTESIAN_POINT('',(-0.0562546631652223,0.,0.0499826476665125));
#3165=CARTESIAN_POINT('',(-0.0562546631652223,-0.0196810630515743,0.0499826476665125));
#3166=CARTESIAN_POINT('',(-0.0562825760554715,-0.0585,0.0499217519385564));
#3167=CARTESIAN_POINT('',(-0.0402337692004957,-0.0585,0.0389954023503319));
#3168=CARTESIAN_POINT('',(-0.0564352273058706,0.,0.0499725167990861));
#3169=CARTESIAN_POINT('',(-0.0564352273058706,-0.0196817167771015,0.0499725167990861));
#3170=CARTESIAN_POINT('',(-0.0564719276506353,-0.0585,0.0498967766802216));
#3171=CARTESIAN_POINT('',(-0.0403369648137736,-0.0585,0.0389925385384252));
#3172=CARTESIAN_POINT('',(-0.0567905145287879,0.,0.0499463309444757));
#3173=CARTESIAN_POINT('',(-0.0567905145287879,-0.0196829087032091,0.0499463309444757));
#3174=CARTESIAN_POINT('',(-0.0568436165798995,-0.0585,0.0498450429904477));
#3175=CARTESIAN_POINT('',(-0.0405473866226764,-0.0585,0.038984576175416));
#3176=CARTESIAN_POINT('',(-0.0569652379566974,0.,0.0499302757897683));
#3177=CARTESIAN_POINT('',(-0.0569652379566974,-0.0196834469037894,0.0499302757897683));
#3178=CARTESIAN_POINT('',(-0.0570259538781862,-0.0585,0.0498182844278658));
#3179=CARTESIAN_POINT('',(-0.0406546127824874,-0.0585,0.0389794774931707));
#3180=CARTESIAN_POINT('',(-0.0573092964287751,0.,0.0498927364621284));
#3181=CARTESIAN_POINT('',(-0.0573092964287751,-0.0196844184910338,0.0498927364621284));
#3182=CARTESIAN_POINT('',(-0.0573811815775709,-0.0585,0.0497668691323707));
#3183=CARTESIAN_POINT('',(-0.0408725672682897,-0.0585,0.0389668364284426));
#3184=CARTESIAN_POINT('',(-0.0574786317755647,0.,0.0498712521240945));
#3185=CARTESIAN_POINT('',(-0.0574786317755647,-0.0196848518776979,0.0498712521240945));
#3186=CARTESIAN_POINT('',(-0.0575540719304545,-0.0585,0.049742212283866));
#3187=CARTESIAN_POINT('',(-0.0409832955460665,-0.0585,0.0389592939303682));
#3188=CARTESIAN_POINT('',(-0.0578123907634101,0.,0.0498232538756996));
#3189=CARTESIAN_POINT('',(-0.0578123907634101,-0.0196856245481405,0.0498232538756996));
#3190=CARTESIAN_POINT('',(-0.0578879658475586,-0.0585,0.0496989182273888));
#3191=CARTESIAN_POINT('',(-0.0412077185962842,-0.0585,0.0389415890810308));
#3192=CARTESIAN_POINT('',(-0.0579768146711228,0.,0.0497967398072707));
#3193=CARTESIAN_POINT('',(-0.0579768146711228,-0.0196859646125268,0.0497967398072707));
#3194=CARTESIAN_POINT('',(-0.0580489693524714,-0.0585,0.0496802809201324));
#3195=CARTESIAN_POINT('',(-0.0413214133094175,-0.0585,0.0389314266304839));
#3196=CARTESIAN_POINT('',(-0.0581931001906635,0.,0.0497582404376074));
#3197=CARTESIAN_POINT('',(-0.0581931001906635,-0.019686364168565,0.0497582404376074));
#3198=CARTESIAN_POINT('',(-0.0582540858142023,-0.0585,0.0496620801674735));
#3199=CARTESIAN_POINT('',(-0.0414746230509662,-0.0585,0.0389160367150806));
#3200=CARTESIAN_POINT('',(-0.0583545778201067,0.,0.0497285790415444));
#3201=CARTESIAN_POINT('',(-0.0583545778201067,-0.0196866503698076,0.0497285790415443));
#3202=CARTESIAN_POINT('',(-0.0584055344180272,-0.0585,0.049650091823133));
#3203=CARTESIAN_POINT('',(-0.0415899345318686,-0.0585,0.0389040342557593));
#3204=CARTESIAN_POINT('',(-0.058513929194134,0.,0.049696594165119));
#3205=CARTESIAN_POINT('',(-0.058513929194134,-0.0196868981315183,0.049696594165119));
#3206=CARTESIAN_POINT('',(-0.0585494086111264,-0.0585,0.0496437556009284));
#3207=CARTESIAN_POINT('',(-0.0417063677236814,-0.0585,0.0388906348625038));
#3208=CARTESIAN_POINT('',(-0.0589353822715886,0.,0.0496073025334191));
#3209=CARTESIAN_POINT('',(-0.0589353822715886,-0.0196874974536261,0.0496073025334191));
#3210=CARTESIAN_POINT('',(-0.05892263846974,-0.0585,0.0496328926049106));
#3211=CARTESIAN_POINT('',(-0.0420185274961324,-0.0585,0.0388523597423745));
#3212=CARTESIAN_POINT('',(-0.0592436363828622,0.,0.049531375548972));
#3213=CARTESIAN_POINT('',(-0.0592436363828622,-0.019687808849685,0.049531375548972));
#3214=CARTESIAN_POINT('',(-0.0591790822258017,-0.0585,0.0496382994339754));
#3215=CARTESIAN_POINT('',(-0.0422564070014247,-0.0585,0.0388179092254108));
#3216=CARTESIAN_POINT('',(-0.0598484630731527,0.,0.0493624173059144));
#3217=CARTESIAN_POINT('',(-0.0598484630731527,-0.0196882494263957,0.0493624173059144));
#3218=CARTESIAN_POINT('',(-0.0596859209165399,-0.0585,0.0496225212023282));
#3219=CARTESIAN_POINT('',(-0.0427353167821821,-0.0585,0.0387372076238306));
#3220=CARTESIAN_POINT('',(-0.0601450416442893,0.,0.0492693826692433));
#3221=CARTESIAN_POINT('',(-0.0601450416442893,-0.0196883809038537,0.0492693826692433));
#3222=CARTESIAN_POINT('',(-0.0599363131268834,-0.0585,0.0496013352245954));
#3223=CARTESIAN_POINT('',(-0.0429763443333144,-0.0585,0.0386909556221935));
#3224=CARTESIAN_POINT('',(-0.0605352466013781,0.,0.0491336723409973));
#3225=CARTESIAN_POINT('',(-0.0605352466013781,-0.0196884896328367,0.0491336723409973));
#3226=CARTESIAN_POINT('',(-0.0602934418574814,-0.0585,0.0495200234754607));
#3227=CARTESIAN_POINT('',(-0.0432969352219043,-0.0585,0.0386216752746116));
#3228=CARTESIAN_POINT('',(-0.0608265939597763,0.,0.0490289727420722));
#3229=CARTESIAN_POINT('',(-0.0608265939597763,-0.0196885545360003,0.0490289727420722));
#3230=CARTESIAN_POINT('',(-0.0605671056120923,-0.0585,0.0494457737984445));
#3231=CARTESIAN_POINT('',(-0.0435371826875778,-0.0585,0.0385678123404497));
#3232=CARTESIAN_POINT('',(-0.0611146013329389,0.,0.0489152733534667));
#3233=CARTESIAN_POINT('',(-0.0611146013329389,-0.0196885824685023,0.0489152733534667));
#3234=CARTESIAN_POINT('',(-0.0608650709282653,-0.0585,0.0493230109062192));
#3235=CARTESIAN_POINT('',(-0.0437761468198272,-0.0585,0.0385084237374835));
#3236=CARTESIAN_POINT('',(-0.0615921894002139,0.,0.0487152207584605));
#3237=CARTESIAN_POINT('',(-0.0615921894002139,-0.01968861674429,0.0487152207584605));
#3238=CARTESIAN_POINT('',(-0.0613792369153671,-0.0585,0.0490754590492094));
#3239=CARTESIAN_POINT('',(-0.0441714472672902,-0.0585,0.0384037083263614));
#3240=CARTESIAN_POINT('',(-0.0618765666118193,0.,0.0485856892633695));
#3241=CARTESIAN_POINT('',(-0.0618765666118193,-0.0196886268776465,0.0485856892633695));
#3242=CARTESIAN_POINT('',(-0.0617035355133325,-0.0585,0.0488882769444737));
#3243=CARTESIAN_POINT('',(-0.0444059493316824,-0.0585,0.0383357194565688));
#3244=CARTESIAN_POINT('',(-0.062302082396268,0.,0.0483752340759289));
#3245=CARTESIAN_POINT('',(-0.062302082396268,-0.0196886623760752,0.0483752340759289));
#3246=CARTESIAN_POINT('',(-0.0621947172155956,-0.0585,0.0485722275553366));
#3247=CARTESIAN_POINT('',(-0.044750712710592,-0.0585,0.0382273305682246));
#3248=CARTESIAN_POINT('',(-0.0624437413318715,0.,0.0483023813226216));
#3249=CARTESIAN_POINT('',(-0.0624437413318715,-0.0196886775919503,0.0483023813226216));
#3250=CARTESIAN_POINT('',(-0.0623592353241841,-0.0585,0.0484610036165055));
#3251=CARTESIAN_POINT('',(-0.044864470790897,-0.0585,0.0381901385710542));
#3252=CARTESIAN_POINT('',(-0.0627270041893879,0.,0.0481508609859912));
#3253=CARTESIAN_POINT('',(-0.0627270041893879,-0.0196887207809266,0.0481508609859912));
#3254=CARTESIAN_POINT('',(-0.0626867178398195,-0.0585,0.0482306508146743));
#3255=CARTESIAN_POINT('',(-0.0450891907909161,-0.0585,0.0381139121348811));
#3256=CARTESIAN_POINT('',(-0.0628686083540839,0.,0.0480721933654538));
#3257=CARTESIAN_POINT('',(-0.0628686083540839,-0.0196887487540277,0.0480721933654538));
#3258=CARTESIAN_POINT('',(-0.0628496822022686,-0.0585,0.0481115220390985));
#3259=CARTESIAN_POINT('',(-0.0452001526660323,-0.0585,0.0380748777833025));
#3260=CARTESIAN_POINT('',(-0.0632937175800763,0.,0.0478267564393921));
#3261=CARTESIAN_POINT('',(-0.0632937175800763,-0.0196888607958117,0.0478267564393921));
#3262=CARTESIAN_POINT('',(-0.0633315698837069,-0.0585,0.0477480990921026));
#3263=CARTESIAN_POINT('',(-0.0455281672698205,-0.0585,0.0379554902311189));
#3264=CARTESIAN_POINT('',(-0.0635717671303658,0.,0.0476538541181431));
#3265=CARTESIAN_POINT('',(-0.0635717671303658,-0.0196888756707804,0.0476538541181431));
#3266=CARTESIAN_POINT('',(-0.0636482457819927,-0.0585,0.0474960427660301));
#3267=CARTESIAN_POINT('',(-0.0457451069621377,-0.0585,0.0378711269986821));
#3268=CARTESIAN_POINT('',(-0.0641159627190518,0.,0.0472902342509332));
#3269=CARTESIAN_POINT('',(-0.0641159627190518,-0.0196887814309478,0.0472902342509332));
#3270=CARTESIAN_POINT('',(-0.0642550301076346,-0.0585,0.0470053881591086));
#3271=CARTESIAN_POINT('',(-0.0461751000217139,-0.0585,0.0376930180416793));
#3272=CARTESIAN_POINT('',(-0.0643821085910497,0.,0.0470995168161563));
#3273=CARTESIAN_POINT('',(-0.0643821085910497,-0.0196886723161466,0.0470995168161563));
#3274=CARTESIAN_POINT('',(-0.0645451385090166,-0.0585,0.0467667898890185));
#3275=CARTESIAN_POINT('',(-0.0463881533629988,-0.0585,0.0375992723278723));
#3276=CARTESIAN_POINT('',(-0.0648148157135428,0.,0.0467674889631767));
#3277=CARTESIAN_POINT('',(-0.0648148157135428,-0.0196883835077851,0.0467674889631767));
#3278=CARTESIAN_POINT('',(-0.064992017107284,-0.0585,0.0464078616827039));
#3279=CARTESIAN_POINT('',(-0.04673966569456,-0.0585,0.0374353594357293));
#3280=CARTESIAN_POINT('',(-0.0650700921488568,0.,0.0465626061479343));
#3281=CARTESIAN_POINT('',(-0.0650700921488568,-0.0196881672026074,0.0465626061479343));
#3282=CARTESIAN_POINT('',(-0.0652454900876433,-0.0585,0.0462079989977037));
#3283=CARTESIAN_POINT('',(-0.0469491424482778,-0.0585,0.0373339436940456));
#3284=CARTESIAN_POINT('',(-0.0653184856553653,0.,0.0463495205833268));
#3285=CARTESIAN_POINT('',(-0.0653184856553653,-0.0196878854450002,0.0463495205833268));
#3286=CARTESIAN_POINT('',(-0.0654711862023987,-0.0585,0.046042391718898));
#3287=CARTESIAN_POINT('',(-0.0471563407878901,-0.0585,0.0372279912580404));
#3288=CARTESIAN_POINT('',(-0.065646537657567,0.,0.0460618266987582));
#3289=CARTESIAN_POINT('',(-0.065646537657567,-0.019687480473291,0.0460618266987582));
#3290=CARTESIAN_POINT('',(-0.0657619616471008,-0.0585,0.0458322945233728));
#3291=CARTESIAN_POINT('',(-0.0474315631797091,-0.0585,0.0370847195492854));
#3292=CARTESIAN_POINT('',(-0.0658855129941839,0.,0.0458380018708273));
#3293=CARTESIAN_POINT('',(-0.0658855129941839,-0.0196871108309853,0.0458380018708273));
#3294=CARTESIAN_POINT('',(-0.0659571996120037,-0.0585,0.045698824786196));
#3295=CARTESIAN_POINT('',(-0.0476356353113916,-0.0585,0.0369727617440174));
#3296=CARTESIAN_POINT('',(-0.066348313300242,0.,0.0453752015647691));
#3297=CARTESIAN_POINT('',(-0.066348313300242,-0.019686236952761,0.0453752015647691));
#3298=CARTESIAN_POINT('',(-0.0663315968612839,-0.0585,0.0454191952177013));
#3299=CARTESIAN_POINT('',(-0.048038701836777,-0.0585,0.0367400511770848));
#3300=CARTESIAN_POINT('',(-0.066572138128173,0.,0.0451362262281523));
#3301=CARTESIAN_POINT('',(-0.066572138128173,-0.0196857320179166,0.0451362262281523));
#3302=CARTESIAN_POINT('',(-0.0665107561213137,-0.0585,0.0452730354004406));
#3303=CARTESIAN_POINT('',(-0.0482376962061323,-0.0585,0.0366192984294773));
#3304=CARTESIAN_POINT('',(-0.0668598320127415,0.,0.0448081742259505));
#3305=CARTESIAN_POINT('',(-0.0668598320127416,-0.0196849690902298,0.0448081742259505));
#3306=CARTESIAN_POINT('',(-0.0667586614627429,-0.0585,0.0450291091510572));
#3307=CARTESIAN_POINT('',(-0.0484993843414673,-0.0585,0.0364525847008492));
#3308=CARTESIAN_POINT('',(-0.0670729175773491,0.,0.044559780719442));
#3309=CARTESIAN_POINT('',(-0.0670729175773491,-0.0196843744741578,0.044559780719442));
#3310=CARTESIAN_POINT('',(-0.0669468470429251,-0.0585,0.0448339028457961));
#3311=CARTESIAN_POINT('',(-0.0486947410124467,-0.0585,0.0363261218931256));
#3312=CARTESIAN_POINT('',(-0.0672778003925914,0.,0.044304504284128));
#3313=CARTESIAN_POINT('',(-0.0672778003925914,-0.0196837128421022,0.044304504284128));
#3314=CARTESIAN_POINT('',(-0.0671467404465811,-0.0585,0.0445917677906184));
#3315=CARTESIAN_POINT('',(-0.0488873079979474,-0.0585,0.0361954175737456));
#3316=CARTESIAN_POINT('',(-0.067609828245571,0.,0.0438717971616349));
#3317=CARTESIAN_POINT('',(-0.067609828245571,-0.0196825362041103,0.0438717971616349));
#3318=CARTESIAN_POINT('',(-0.0674862153905551,-0.0585,0.0441475550553683));
#3319=CARTESIAN_POINT('',(-0.0492050168923316,-0.0585,0.0359729554109416));
#3320=CARTESIAN_POINT('',(-0.067800545680348,0.,0.043605651289637));
#3321=CARTESIAN_POINT('',(-0.067800545680348,-0.0196817636952058,0.043605651289637));
#3322=CARTESIAN_POINT('',(-0.0676955876780022,-0.0585,0.0438444385513855));
#3323=CARTESIAN_POINT('',(-0.0493927297326269,-0.0585,0.0358353186619311));
#3324=CARTESIAN_POINT('',(-0.0681641655475579,0.,0.043061455700951));
#3325=CARTESIAN_POINT('',(-0.0681641655475579,-0.019680087094801,0.043061455700951));
#3326=CARTESIAN_POINT('',(-0.0681076565436318,-0.0585,0.0431960632641548));
#3327=CARTESIAN_POINT('',(-0.0497619731438209,-0.0585,0.0355519882273886));
#3328=CARTESIAN_POINT('',(-0.0683370678688069,0.,0.0427834061506615));
#3329=CARTESIAN_POINT('',(-0.0683370678688069,-0.0196791830033008,0.0427834061506615));
#3330=CARTESIAN_POINT('',(-0.0683103530995099,-0.0585,0.0428508044980217));
#3331=CARTESIAN_POINT('',(-0.0499435036924152,-0.0585,0.0354062945589711));
#3332=CARTESIAN_POINT('',(-0.0686643171035558,0.,0.0422165938493384));
#3333=CARTESIAN_POINT('',(-0.0686643171035558,-0.0196772447073273,0.0422165938493384));
#3334=CARTESIAN_POINT('',(-0.0686910318728528,-0.0585,0.0421491955019783));
#3335=CARTESIAN_POINT('',(-0.0503000369657227,-0.0585,0.0351071276208363));
#3336=CARTESIAN_POINT('',(-0.0688186639169928,0.,0.0419278312716188));
#3337=CARTESIAN_POINT('',(-0.0688186639169928,-0.0196762105148937,0.0419278312716188));
#3338=CARTESIAN_POINT('',(-0.068869014068781,-0.0585,0.0417928452901395));
#3339=CARTESIAN_POINT('',(-0.0504750396688993,-0.0585,0.0349536543691904));
#3340=CARTESIAN_POINT('',(-0.0691081411878173,0.,0.0413408294349513));
#3341=CARTESIAN_POINT('',(-0.0691081411878173,-0.0196740192591706,0.0413408294349513));
#3342=CARTESIAN_POINT('',(-0.0691931600363597,-0.0585,0.0410999619198458));
#3343=CARTESIAN_POINT('',(-0.0508181841229705,-0.0585,0.0346392204087337));
#3344=CARTESIAN_POINT('',(-0.0692432715566915,0.,0.0410425903554908));
#3345=CARTESIAN_POINT('',(-0.0692432715566915,-0.0196728621958811,0.0410425903554908));
#3346=CARTESIAN_POINT('',(-0.0693393237872824,-0.0585,0.0407634287803845));
#3347=CARTESIAN_POINT('',(-0.0509863258531373,-0.0585,0.0344782597189167));
#3348=CARTESIAN_POINT('',(-0.0694519929906791,0.,0.0405386922387999));
#3349=CARTESIAN_POINT('',(-0.0694519929906791,-0.0196708373797172,0.0405386922387999));
#3350=CARTESIAN_POINT('',(-0.0695505054972122,-0.0585,0.0402448234007365));
#3351=CARTESIAN_POINT('',(-0.051260577886357,-0.0585,0.034204007685697));
#3352=CARTESIAN_POINT('',(-0.0695706274610274,0.,0.0402336202983442));
#3353=CARTESIAN_POINT('',(-0.0695706274610274,-0.0196695839390796,0.0402336202983442));
#3354=CARTESIAN_POINT('',(-0.0696642446932737,-0.0585,0.0399505734606492));
#3355=CARTESIAN_POINT('',(-0.0514227354195456,-0.0585,0.0340370627922752));
#3356=CARTESIAN_POINT('',(-0.0696791997654951,0.,0.0399248860329601));
#3357=CARTESIAN_POINT('',(-0.0696791997654951,-0.0196682750780458,0.0399248860329601));
#3358=CARTESIAN_POINT('',(-0.0697561700390201,-0.0585,0.0396920055853668));
#3359=CARTESIAN_POINT('',(-0.0515812003029702,-0.0585,0.0338666340641959));
#3360=CARTESIAN_POINT('',(-0.0698194541908799,0.,0.0395117098193094));
#3361=CARTESIAN_POINT('',(-0.0698194541908799,-0.019666505833383,0.0395117098193094));
#3362=CARTESIAN_POINT('',(-0.0698703941371103,-0.0585,0.0393587167710572));
#3363=CARTESIAN_POINT('',(-0.0517908229432747,-0.0585,0.0336378710948151));
#3364=CARTESIAN_POINT('',(-0.0699145004893025,0.,0.0391983841640151));
#3365=CARTESIAN_POINT('',(-0.0699145004893025,-0.019665124682496,0.0391983841640151));
#3366=CARTESIAN_POINT('',(-0.0699372903751484,-0.0585,0.0391345539747037));
#3367=CARTESIAN_POINT('',(-0.0519442961949206,-0.0585,0.0334628683916385));
#3368=CARTESIAN_POINT('',(-0.070083897158199,0.,0.0385661871890605));
#3369=CARTESIAN_POINT('',(-0.070083897158199,-0.0196622611639802,0.0385661871890605));
#3370=CARTESIAN_POINT('',(-0.0700518056337953,-0.0585,0.0386785794424243));
#3371=CARTESIAN_POINT('',(-0.0522434631330554,-0.0585,0.0331063351183309));
#3372=CARTESIAN_POINT('',(-0.0701582474768765,0.,0.0382473160627069));
#3373=CARTESIAN_POINT('',(-0.0701582474768765,-0.019660779505461,0.0382473160627069));
#3374=CARTESIAN_POINT('',(-0.0700994246363327,-0.0585,0.0384467677280351));
#3375=CARTESIAN_POINT('',(-0.0523891568014728,-0.0585,0.0329248045697366));
#3376=CARTESIAN_POINT('',(-0.0702433716883254,0.,0.0378193677527536));
#3377=CARTESIAN_POINT('',(-0.0702433716883254,-0.0196587450078036,0.0378193677527536));
#3378=CARTESIAN_POINT('',(-0.0701622526444213,-0.0585,0.0380930900819958));
#3379=CARTESIAN_POINT('',(-0.0525780437578345,-0.0585,0.0326786422956073));
#3380=CARTESIAN_POINT('',(-0.070303712447201,0.,0.0374977098836783));
#3381=CARTESIAN_POINT('',(-0.070303712447201,-0.0196572043963193,0.0374977098836783));
#3382=CARTESIAN_POINT('',(-0.0702092076459593,-0.0585,0.0378166830148543));
#3383=CARTESIAN_POINT('',(-0.0527183661523522,-0.0585,0.0324929902117775));
#3384=CARTESIAN_POINT('',(-0.0703535079523427,0.,0.0371741925980877));
#3385=CARTESIAN_POINT('',(-0.0703535079523427,-0.0196556214649568,0.0371741925980877));
#3386=CARTESIAN_POINT('',(-0.0702587140664929,-0.0585,0.0374969573870553));
#3387=CARTESIAN_POINT('',(-0.0528546164175866,-0.0585,0.0323043065393705));
#3388=CARTESIAN_POINT('',(-0.0704246989465406,0.,0.0366334433111205));
#3389=CARTESIAN_POINT('',(-0.0704246989465406,-0.0196529404347009,0.0366334433111205));
#3390=CARTESIAN_POINT('',(-0.0703393536869529,-0.0585,0.0369294983010008));
#3391=CARTESIAN_POINT('',(-0.0530770785803906,-0.0585,0.0319865976449864));
#3392=CARTESIAN_POINT('',(-0.070456792154003,0.,0.0363075955074694));
#3393=CARTESIAN_POINT('',(-0.070456792154003,-0.0196512935184292,0.0363075955074694));
#3394=CARTESIAN_POINT('',(-0.0703860534707169,-0.0585,0.0365578981366474));
#3395=CARTESIAN_POINT('',(-0.0532063964106195,-0.0585,0.0317930598350505));
#3396=CARTESIAN_POINT('',(-0.0704995984019845,0.,0.0356544983694349));
#3397=CARTESIAN_POINT('',(-0.0704995984019845,-0.0196479363537378,0.0356544983694349));
#3398=CARTESIAN_POINT('',(-0.0704633947205999,-0.0585,0.0357890409439743));
#3399=CARTESIAN_POINT('',(-0.0534564670035615,-0.0585,0.0314005276320481));
#3400=CARTESIAN_POINT('',(-0.0705103114294147,0.,0.0353272492347489));
#3401=CARTESIAN_POINT('',(-0.0705103114294147,-0.0196462261053182,0.0353272492347489));
#3402=CARTESIAN_POINT('',(-0.0704940361716133,-0.0585,0.0353917839393659));
#3403=CARTESIAN_POINT('',(-0.0535772197511691,-0.0585,0.0312015332626928));
#3404=CARTESIAN_POINT('',(-0.0705103114294148,0.,0.034672750765251));
#3405=CARTESIAN_POINT('',(-0.0705103114294148,-0.0196427555404199,0.034672750765251));
#3406=CARTESIAN_POINT('',(-0.0705265866872161,-0.0585,0.0346082160606341));
#3407=CARTESIAN_POINT('',(-0.0538099303181017,-0.0585,0.0307984667373074));
#3408=CARTESIAN_POINT('',(-0.0704996337267855,0.,0.0343496723396347));
#3409=CARTESIAN_POINT('',(-0.0704996337267855,-0.019641008117922,0.0343496723396347));
#3410=CARTESIAN_POINT('',(-0.070529969753896,-0.0585,0.0342193204759085));
#3411=CARTESIAN_POINT('',(-0.0539233621395172,-0.0585,0.0305918098706753));
#3412=CARTESIAN_POINT('',(-0.0704581787185334,0.,0.0337100494167651));
#3413=CARTESIAN_POINT('',(-0.0704581787185334,-0.0196375073378253,0.0337100494167651));
#3414=CARTESIAN_POINT('',(-0.0705092335719596,-0.0585,0.0334709470284385));
#3415=CARTESIAN_POINT('',(-0.0541425260713411,-0.0585,0.030170297982023));
#3416=CARTESIAN_POINT('',(-0.0704274005147543,0.,0.0333935006870794));
#3417=CARTESIAN_POINT('',(-0.0704274005147543,-0.0196357539802266,0.0333935006870794));
#3418=CARTESIAN_POINT('',(-0.0704851131018115,-0.0585,0.0331114701571356));
#3419=CARTESIAN_POINT('',(-0.0542482569602178,-0.0585,0.0299554439514444));
#3420=CARTESIAN_POINT('',(-0.0703597825443033,0.,0.0328697831158338));
#3421=CARTESIAN_POINT('',(-0.0703597825443033,-0.0196328420591416,0.0328697831158338));
#3422=CARTESIAN_POINT('',(-0.0704208460460091,-0.0585,0.0325567492699924));
#3423=CARTESIAN_POINT('',(-0.0544167986281538,-0.0585,0.0295924212675266));
#3424=CARTESIAN_POINT('',(-0.0703126828620139,0.,0.0325570953760621));
#3425=CARTESIAN_POINT('',(-0.0703126828620139,-0.0196310988184527,0.0325570953760621));
#3426=CARTESIAN_POINT('',(-0.0703726587230042,-0.0585,0.03224168048205));
#3427=CARTESIAN_POINT('',(-0.0545148524562041,-0.0585,0.0293726354556599));
#3428=CARTESIAN_POINT('',(-0.0702557237645952,0.,0.0322461059320024));
#3429=CARTESIAN_POINT('',(-0.0702557237645952,-0.0196293609578859,0.0322461059320024));
#3430=CARTESIAN_POINT('',(-0.070309697399089,-0.0585,0.0319612782206782));
#3431=CARTESIAN_POINT('',(-0.0546079212072782,-0.0585,0.0291507149315046));
#3432=CARTESIAN_POINT('',(-0.0701753816579573,0.,0.0318320712694057));
#3433=CARTESIAN_POINT('',(-0.0701753816579573,-0.0196270460932239,0.0318320712694057));
#3434=CARTESIAN_POINT('',(-0.0702195457556406,-0.0585,0.0315994583519634));
#3435=CARTESIAN_POINT('',(-0.0547297132149635,-0.0585,0.0288540551582774));
#3436=CARTESIAN_POINT('',(-0.0701052319910845,0.,0.031522931647434));
#3437=CARTESIAN_POINT('',(-0.0701052319910845,-0.0196253150809389,0.031522931647434));
#3438=CARTESIAN_POINT('',(-0.0701379743298399,-0.0585,0.0313552069999907));
#3439=CARTESIAN_POINT('',(-0.0548158825175956,-0.0585,0.0286298388811172));
#3440=CARTESIAN_POINT('',(-0.0699442549578991,0.,0.0309057375821291));
#3441=CARTESIAN_POINT('',(-0.0699442549578991,-0.0196218618653278,0.0309057375821291));
#3442=CARTESIAN_POINT('',(-0.0699522115697188,-0.0585,0.0308757570664316));
#3443=CARTESIAN_POINT('',(-0.0549771315913966,-0.0585,0.0281805865559119));
#3444=CARTESIAN_POINT('',(-0.0698534270234352,0.,0.0305976789658569));
#3445=CARTESIAN_POINT('',(-0.0698534270234352,-0.0196201384921807,0.0305976789658569));
#3446=CARTESIAN_POINT('',(-0.0698480202088354,-0.0585,0.0306405600458972));
#3447=CARTESIAN_POINT('',(-0.0550522113360024,-0.0585,0.027955552068919));
#3448=CARTESIAN_POINT('',(-0.0697174926015908,0.,0.030186714869819));
#3449=CARTESIAN_POINT('',(-0.0697174926015908,-0.0196178354269595,0.030186714869819));
#3450=CARTESIAN_POINT('',(-0.0696978169311883,-0.0585,0.0303029561855092));
#3451=CARTESIAN_POINT('',(-0.055144699381639,-0.0585,0.0276567815272956));
#3452=CARTESIAN_POINT('',(-0.069611833949057,0.,0.0298784354497608));
#3453=CARTESIAN_POINT('',(-0.069611833949057,-0.019616106819454,0.0298784354497608));
#3454=CARTESIAN_POINT('',(-0.06958234425147,-0.0585,0.0300437518480198));
#3455=CARTESIAN_POINT('',(-0.0552121609900414,-0.0585,0.0274330229973902));
#3456=CARTESIAN_POINT('',(-0.0694946810000029,0.,0.0295698215047926));
#3457=CARTESIAN_POINT('',(-0.0694946810000029,-0.0196143718993709,0.0295698215047926));
#3458=CARTESIAN_POINT('',(-0.0694594265705468,-0.0585,0.029759041885206));
#3459=CARTESIAN_POINT('',(-0.055273919050361,-0.0585,0.0272106875397485));
#3460=CARTESIAN_POINT('',(-0.0692858306708487,0.,0.0290547255003451));
#3461=CARTESIAN_POINT('',(-0.0692858306708487,-0.0196114680479039,0.0290547255003451));
#3462=CARTESIAN_POINT('',(-0.0692455671187073,-0.0585,0.0292584662603802));
#3463=CARTESIAN_POINT('',(-0.0553705334961189,-0.0585,0.0268427428424764));
#3464=CARTESIAN_POINT('',(-0.069148283712406,0.,0.0287449972178884));
#3465=CARTESIAN_POINT('',(-0.069148283712406,-0.0196097130008747,0.0287449972178884));
#3466=CARTESIAN_POINT('',(-0.0691091553555039,-0.0585,0.02893466920256));
#3467=CARTESIAN_POINT('',(-0.0554228189674473,-0.0585,0.0266243304182288));
#3468=CARTESIAN_POINT('',(-0.0688458559985485,0.,0.0281237656496808));
#3469=CARTESIAN_POINT('',(-0.0688458559985485,-0.0196061630203069,0.0281237656496808));
#3470=CARTESIAN_POINT('',(-0.0688185599990658,-0.0585,0.0282463441563532));
#3471=CARTESIAN_POINT('',(-0.0555164582005731,-0.0585,0.0261950189316052));
#3472=CARTESIAN_POINT('',(-0.0686809738062645,0.,0.0278122564060397));
#3473=CARTESIAN_POINT('',(-0.0686809738062645,-0.0196043680867684,0.0278122564060397));
#3474=CARTESIAN_POINT('',(-0.0686643777438508,-0.0585,0.0278818174000686));
#3475=CARTESIAN_POINT('',(-0.0555578133003901,-0.0585,0.0259841211013313));
#3476=CARTESIAN_POINT('',(-0.0682770238569852,0.,0.0271125945701731));
#3477=CARTESIAN_POINT('',(-0.0682770238569852,-0.0196002854081075,0.0271125945701731));
#3478=CARTESIAN_POINT('',(-0.0682976140020342,-0.0585,0.0270262927160886));
#3479=CARTESIAN_POINT('',(-0.0556391030880975,-0.0585,0.0255231038061857));
#3480=CARTESIAN_POINT('',(-0.0680476629580048,0.,0.0267153298398693));
#3481=CARTESIAN_POINT('',(-0.0680476629580048,-0.0195980734526106,0.0267153298398693));
#3482=CARTESIAN_POINT('',(-0.0680803883947185,-0.0585,0.0265234869395807));
#3483=CARTESIAN_POINT('',(-0.0556767810287402,-0.0585,0.0252732762628545));
#3484=CARTESIAN_POINT('',(-0.0675796912216444,0.,0.025904779015987));
#3485=CARTESIAN_POINT('',(-0.0675796912216444,-0.0195937682262196,0.025904779015987));
#3486=CARTESIAN_POINT('',(-0.0676214947356342,-0.0585,0.0254958436789534));
#3487=CARTESIAN_POINT('',(-0.0557394483245424,-0.0585,0.0247828646665177));
#3488=CARTESIAN_POINT('',(-0.0673410803842645,0.,0.0254914929224084));
#3489=CARTESIAN_POINT('',(-0.0673410803842645,-0.0195916749553256,0.0254914929224084));
#3490=CARTESIAN_POINT('',(-0.0673798256699238,-0.0585,0.0249710037962475));
#3491=CARTESIAN_POINT('',(-0.0557644366657601,-0.0585,0.0245422782149258));
#3492=CARTESIAN_POINT('',(-0.066937466207606,0.,0.0247924126617808));
#3493=CARTESIAN_POINT('',(-0.066937466207606,-0.0195883029127318,0.0247924126617808));
#3494=CARTESIAN_POINT('',(-0.0669594836586241,-0.0585,0.0241078762312377));
#3495=CARTESIAN_POINT('',(-0.0557967557676344,-0.0585,0.024147468388751));
#3496=CARTESIAN_POINT('',(-0.0666929259225341,0.,0.0243688564635389));
#3497=CARTESIAN_POINT('',(-0.0666929259225341,-0.019586327351901,0.0243688564635389));
#3498=CARTESIAN_POINT('',(-0.0667002537714848,-0.0585,0.0235946405988138));
#3499=CARTESIAN_POINT('',(-0.0558124153890504,-0.0585,0.0239130482077528));
#3500=CARTESIAN_POINT('',(-0.0664455395025701,0.,0.0239403706150586));
#3501=CARTESIAN_POINT('',(-0.0664455395025701,-0.0195844307974853,0.0239403706150586));
#3502=CARTESIAN_POINT('',(-0.0664314605760555,-0.0585,0.0231003085271307));
#3503=CARTESIAN_POINT('',(-0.0558228258508136,-0.0585,0.023681668541828));
#3504=CARTESIAN_POINT('',(-0.0661145841123822,0.,0.0233671390642143));
#3505=CARTESIAN_POINT('',(-0.0661145841123822,-0.0195819388409659,0.0233671390642143));
#3506=CARTESIAN_POINT('',(-0.0660700623727144,-0.0585,0.0224502393506656));
#3507=CARTESIAN_POINT('',(-0.0558344509732988,-0.0585,0.0233743674257414));
#3508=CARTESIAN_POINT('',(-0.0658638772017106,0.,0.0229329019571226));
#3509=CARTESIAN_POINT('',(-0.0658638772017106,-0.019580152634655,0.0229329019571226));
#3510=CARTESIAN_POINT('',(-0.0657922466706095,-0.0585,0.0219830263463098));
#3511=CARTESIAN_POINT('',(-0.0558380942770954,-0.0585,0.0231466013852472));
#3512=CARTESIAN_POINT('',(-0.0653596172454753,0.,0.0220594980927006));
#3513=CARTESIAN_POINT('',(-0.0653596172454753,-0.0195767682721701,0.0220594980927006));
#3514=CARTESIAN_POINT('',(-0.0652394352052165,-0.0585,0.0210978184289843));
#3515=CARTESIAN_POINT('',(-0.0558358480239362,-0.0585,0.02269443301827));
#3516=CARTESIAN_POINT('',(-0.0651060641999116,0.,0.0216203313353704));
#3517=CARTESIAN_POINT('',(-0.0651060641999116,-0.0195751710651249,0.0216203313353704));
#3518=CARTESIAN_POINT('',(-0.0649644390053121,-0.0585,0.0206798220059282));
#3519=CARTESIAN_POINT('',(-0.0558299580303642,-0.0585,0.0224700291817006));
#3520=CARTESIAN_POINT('',(-0.064767519116678,0.,0.0210339540505571));
#3521=CARTESIAN_POINT('',(-0.064767519116678,-0.0195731765207643,0.0210339540505571));
#3522=CARTESIAN_POINT('',(-0.0646102856057082,-0.0585,0.0201609744327369));
#3523=CARTESIAN_POINT('',(-0.0558158871577354,-0.0585,0.022171671329222));
#3524=CARTESIAN_POINT('',(-0.0645134917152989,0.,0.0205939656848539));
#3525=CARTESIAN_POINT('',(-0.0645134917152989,-0.0195717143787521,0.0205939656848539));
#3526=CARTESIAN_POINT('',(-0.0643477975474671,-0.0585,0.0197814585210716));
#3527=CARTESIAN_POINT('',(-0.0558037795576921,-0.0585,0.021948114276107));
#3528=CARTESIAN_POINT('',(-0.0642594643139198,0.,0.0201539773191507));
#3529=CARTESIAN_POINT('',(-0.0642594643139198,-0.0195703556437072,0.0201539773191507));
#3530=CARTESIAN_POINT('',(-0.0640972807362428,-0.0585,0.0194322213338398));
#3531=CARTESIAN_POINT('',(-0.055786976256459,-0.0585,0.0217248446157181));
#3532=CARTESIAN_POINT('',(-0.063836875904647,0.,0.0194220327236003));
#3533=CARTESIAN_POINT('',(-0.063836875904647,-0.0195682106668016,0.0194220327236003));
#3534=CARTESIAN_POINT('',(-0.0636916463127931,-0.0585,0.0188702728935072));
#3535=CARTESIAN_POINT('',(-0.0557536813875833,-0.0585,0.0213522775825313));
#3536=CARTESIAN_POINT('',(-0.0635840343928063,0.,0.0189840983788298));
#3537=CARTESIAN_POINT('',(-0.0635840343928063,-0.0195670313270032,0.0189840983788298));
#3538=CARTESIAN_POINT('',(-0.0634589699792582,-0.0585,0.018551204541963));
#3539=CARTESIAN_POINT('',(-0.0557289441209222,-0.0585,0.0211283300514413));
#3540=CARTESIAN_POINT('',(-0.0630819090377401,0.,0.0181143917520865));
#3541=CARTESIAN_POINT('',(-0.0630819090377401,-0.0195648860612362,0.0181143917520865));
#3542=CARTESIAN_POINT('',(-0.063010824667288,-0.0585,0.0179127932025667));
#3543=CARTESIAN_POINT('',(-0.055669354457967,-0.0585,0.0206775942289087));
#3544=CARTESIAN_POINT('',(-0.0628326251945146,0.,0.017682619470114));
#3545=CARTESIAN_POINT('',(-0.0628326251945146,-0.0195639201352674,0.017682619470114));
#3546=CARTESIAN_POINT('',(-0.0627953560153315,-0.0585,0.0175934486051009));
#3547=CARTESIAN_POINT('',(-0.0556345023881514,-0.0585,0.0204508043278523));
#3548=CARTESIAN_POINT('',(-0.062339749777848,0.,0.0168289342066456));
#3549=CARTESIAN_POINT('',(-0.062339749777848,-0.0195621998182991,0.0168289342066456));
#3550=CARTESIAN_POINT('',(-0.0623770189570311,-0.0585,0.0169181050716588));
#3551=CARTESIAN_POINT('',(-0.055553682856408,-0.0585,0.0199924539868062));
#3552=CARTESIAN_POINT('',(-0.0620946828536403,0.,0.0164044658426633));
#3553=CARTESIAN_POINT('',(-0.0620946828536403,-0.0195614294867966,0.0164044658426633));
#3554=CARTESIAN_POINT('',(-0.0621743733464656,-0.0585,0.0165635351994805));
#3555=CARTESIAN_POINT('',(-0.0555079381902586,-0.0585,0.0197623226106145));
#3556=CARTESIAN_POINT('',(-0.0616062624853819,0.,0.0155584969493883));
#3557=CARTESIAN_POINT('',(-0.0616062624853819,-0.019560041712688,0.0155584969493883));
#3558=CARTESIAN_POINT('',(-0.0617615611718726,-0.0585,0.0158171047512809));
#3559=CARTESIAN_POINT('',(-0.0554057485316659,-0.0585,0.0193020420033026));
#3560=CARTESIAN_POINT('',(-0.0613629090413312,0.,0.0151369964200956));
#3561=CARTESIAN_POINT('',(-0.0613629090413312,-0.0195594242700819,0.0151369964200956));
#3562=CARTESIAN_POINT('',(-0.0615513945421321,-0.0585,0.0154252451293889));
#3563=CARTESIAN_POINT('',(-0.0553493034735096,-0.0585,0.0190718937263117));
#3564=CARTESIAN_POINT('',(-0.0609578911279657,0.,0.0144354848161711));
#3565=CARTESIAN_POINT('',(-0.0609578911279657,-0.0195585003022632,0.0144354848161711));
#3566=CARTESIAN_POINT('',(-0.0611779303068224,-0.0585,0.0147381340834402));
#3567=CARTESIAN_POINT('',(-0.055246505934225,-0.0585,0.018689853170408));
#3568=CARTESIAN_POINT('',(-0.0607151088439674,0.,0.0140149735651083));
#3569=CARTESIAN_POINT('',(-0.0607151088439674,-0.0195579876705604,0.0140149735651083));
#3570=CARTESIAN_POINT('',(-0.0609445772524014,-0.0585,0.0143122634157398));
#3571=CARTESIAN_POINT('',(-0.0551813385281062,-0.0585,0.0184612454294853));
#3572=CARTESIAN_POINT('',(-0.060472326559969,0.,0.0135944623140456));
#3573=CARTESIAN_POINT('',(-0.060472326559969,-0.0195575319665737,0.0135944623140456));
#3574=CARTESIAN_POINT('',(-0.0606906324840189,-0.0585,0.0138647918486937));
#3575=CARTESIAN_POINT('',(-0.0551111032756878,-0.0585,0.0182341640881218));
#3576=CARTESIAN_POINT('',(-0.0601485406932976,0.,0.0130336487421979));
#3577=CARTESIAN_POINT('',(-0.0601485406932976,-0.0195569483967393,0.0130336487421979));
#3578=CARTESIAN_POINT('',(-0.0603442674084418,-0.0585,0.0132607110872188));
#3579=CARTESIAN_POINT('',(-0.0550152406691127,-0.0585,0.0179322010351367));
#3580=CARTESIAN_POINT('',(-0.0599055299452783,0.,0.0126127417798432));
#3581=CARTESIAN_POINT('',(-0.0599055299452783,-0.0195565647991963,0.0126127417798432));
#3582=CARTESIAN_POINT('',(-0.0600670068276224,-0.0585,0.0127908843971794));
#3583=CARTESIAN_POINT('',(-0.0549383589474073,-0.0585,0.0177075567935191));
#3584=CARTESIAN_POINT('',(-0.0594181376651142,0.,0.0117685535873821));
#3585=CARTESIAN_POINT('',(-0.0594181376651141,-0.019555888676476,0.011768553587382));
#3586=CARTESIAN_POINT('',(-0.0594963953598333,-0.0585,0.0118466151366618));
#3587=CARTESIAN_POINT('',(-0.0547753780507763,-0.0585,0.0172636419728508));
#3588=CARTESIAN_POINT('',(-0.0591737561329692,0.,0.0113452723572755));
#3589=CARTESIAN_POINT('',(-0.0591737561329692,-0.0195555958263185,0.0113452723572755));
#3590=CARTESIAN_POINT('',(-0.0592030449977025,-0.0585,0.0113721733653922));
#3591=CARTESIAN_POINT('',(-0.0546892794006893,-0.0585,0.0170443721930085));
#3592=CARTESIAN_POINT('',(-0.0588463148419628,0.,0.0107781274047564));
#3593=CARTESIAN_POINT('',(-0.0588463148419628,-0.0195552627663508,0.0107781274047564));
#3594=CARTESIAN_POINT('',(-0.0588139355907684,-0.0585,0.0107557107671374));
#3595=CARTESIAN_POINT('',(-0.0545690000705698,-0.0585,0.0167566660845917));
#3596=CARTESIAN_POINT('',(-0.0586003340616713,0.,0.0103520761956062));
#3597=CARTESIAN_POINT('',(-0.0586003340616713,-0.0195550273231023,0.0103520761956062));
#3598=CARTESIAN_POINT('',(-0.0585226098670554,-0.0585,0.0102973956482505));
#3599=CARTESIAN_POINT('',(-0.0544774205196569,-0.0585,0.016542050125067));
#3600=CARTESIAN_POINT('',(-0.0583529824972543,0.,0.00992365071870418));
#3601=CARTESIAN_POINT('',(-0.0583529824972543,-0.0195548342163617,0.00992365071870418));
#3602=CARTESIAN_POINT('',(-0.0582360281821863,-0.0585,0.00985595425821549));
#3603=CARTESIAN_POINT('',(-0.0543819339928557,-0.0585,0.0163311701384947));
#3604=CARTESIAN_POINT('',(-0.0579388260230513,0.,0.00920631066310108));
#3605=CARTESIAN_POINT('',(-0.0579388260230513,-0.019554557815306,0.00920631066310108));
#3606=CARTESIAN_POINT('',(-0.0577741037718896,-0.0585,0.00913200416379722));
#3607=CARTESIAN_POINT('',(-0.0542189002173811,-0.0585,0.0159843992587962));
#3608=CARTESIAN_POINT('',(-0.0576886186583725,0.,0.00877293879504949));
#3609=CARTESIAN_POINT('',(-0.0576886186583725,-0.019554433013392,0.00877293879504949));
#3610=CARTESIAN_POINT('',(-0.0575110905074345,-0.0585,0.00870824160827937));
#3611=CARTESIAN_POINT('',(-0.0541175801680573,-0.0585,0.0157805634201639));
#3612=CARTESIAN_POINT('',(-0.0571837488806067,0.,0.00789847868875301));
#3613=CARTESIAN_POINT('',(-0.0571837488806067,-0.0195542755968853,0.00789847868875301));
#3614=CARTESIAN_POINT('',(-0.0570417379718983,-0.0585,0.00786297924537034));
#3615=CARTESIAN_POINT('',(-0.0539093612781696,-0.0585,0.0153826636989928));
#3616=CARTESIAN_POINT('',(-0.0569290864675196,0.,0.00745739045050809));
#3617=CARTESIAN_POINT('',(-0.0569290864675196,-0.0195542429822926,0.0074573904505081));
#3618=CARTESIAN_POINT('',(-0.0568353996304523,-0.0585,0.00744147974594954));
#3619=CARTESIAN_POINT('',(-0.0538024633672409,-0.0585,0.0151886001244244));
#3620=CARTESIAN_POINT('',(-0.0564357438508392,0.,0.00660289597287865));
#3621=CARTESIAN_POINT('',(-0.0564357438508392,-0.0195542785047293,0.00660289597287865));
#3622=CARTESIAN_POINT('',(-0.0565216179867878,-0.0585,0.00661747985732893));
#3623=CARTESIAN_POINT('',(-0.0535937670811372,-0.0585,0.0148271275535419));
#3624=CARTESIAN_POINT('',(-0.056188815230792,0.,0.00617520305711412));
#3625=CARTESIAN_POINT('',(-0.056188815230792,-0.0195543430507347,0.00617520305711412));
#3626=CARTESIAN_POINT('',(-0.0564146179888145,-0.0585,0.00622140629557876));
#3627=CARTESIAN_POINT('',(-0.053499542247598,-0.0585,0.0146639253545174));
#3628=CARTESIAN_POINT('',(-0.0556802362217235,0.,0.00529431837374441));
#3629=CARTESIAN_POINT('',(-0.0556802362217235,-0.0195546348854262,0.00529431837374441));
#3630=CARTESIAN_POINT('',(-0.0562025157748807,-0.0585,0.00540854960255844));
#3631=CARTESIAN_POINT('',(-0.0533186719536447,-0.0585,0.0143506488158102));
#3632=CARTESIAN_POINT('',(-0.0554185858327021,0.,0.00484112660613922));
#3633=CARTESIAN_POINT('',(-0.0554185858327021,-0.0195548639795382,0.00484112660613922));
#3634=CARTESIAN_POINT('',(-0.0560974135589204,-0.0585,0.00499176647128828));
#3635=CARTESIAN_POINT('',(-0.0532320264932305,-0.0585,0.0142005744761277));
#3636=CARTESIAN_POINT('',(-0.0549762822105512,0.,0.00407503426020203));
#3637=CARTESIAN_POINT('',(-0.0549762822105512,-0.019555419029228,0.00407503426020203));
#3638=CARTESIAN_POINT('',(-0.0558536319999747,-0.0585,0.0042659448738372));
#3639=CARTESIAN_POINT('',(-0.0530909444811504,-0.0585,0.0139562132631708));
#3640=CARTESIAN_POINT('',(-0.0547084121810812,0.,0.00361106975933498));
#3641=CARTESIAN_POINT('',(-0.0547084121810812,-0.0195558216787162,0.00361106975933498));
#3642=CARTESIAN_POINT('',(-0.0556799185850025,-0.0585,0.00381797869723289));
#3643=CARTESIAN_POINT('',(-0.0530076261093464,-0.0585,0.0138119016100024));
#3644=CARTESIAN_POINT('',(-0.0544392297674872,0.,0.00314483214248627));
#3645=CARTESIAN_POINT('',(-0.0544392297674872,-0.0195563278776638,0.00314483214248627));
#3646=CARTESIAN_POINT('',(-0.0554369613770142,-0.0585,0.00334573266513441));
#3647=CARTESIAN_POINT('',(-0.0529251083684442,-0.0585,0.013668976690234));
#3648=CARTESIAN_POINT('',(-0.0540802742453392,0.,0.00252310294046847));
#3649=CARTESIAN_POINT('',(-0.0540802742453392,-0.0195570486360087,0.00252310294046847));
#3650=CARTESIAN_POINT('',(-0.0550873774461573,-0.0585,0.00270835594200406));
#3651=CARTESIAN_POINT('',(-0.0528151748560278,-0.0585,0.0134785662612744));
#3652=CARTESIAN_POINT('',(-0.0538109549196769,0.,0.0020566281849612));
#3653=CARTESIAN_POINT('',(-0.0538109549196769,-0.0195576923490184,0.00205662818496121));
#3654=CARTESIAN_POINT('',(-0.0547674972775513,-0.0585,0.00221296386890849));
#3655=CARTESIAN_POINT('',(-0.0527329275414853,-0.0585,0.0133361097337005));
#3656=CARTESIAN_POINT('',(-0.0532793691006857,0.,0.00113589453788527));
#3657=CARTESIAN_POINT('',(-0.0532793691006857,-0.0195591345415406,0.00113589453788527));
#3658=CARTESIAN_POINT('',(-0.05408166193473,-0.0585,0.00122898260969999));
#3659=CARTESIAN_POINT('',(-0.0525652516851467,-0.0585,0.0130456866313195));
#3660=CARTESIAN_POINT('',(-0.0530171026073567,0.,0.000681635646316601));
#3661=CARTESIAN_POINT('',(-0.0530171026073567,-0.0195599326031543,0.000681635646316601));
#3662=CARTESIAN_POINT('',(-0.0537157067605146,-0.0585,0.000740393423587071));
#3663=CARTESIAN_POINT('',(-0.0524798231433507,-0.0585,0.0128977200565124));
#3664=CARTESIAN_POINT('',(-0.0526769546380976,0.,9.24820814683994E-5));
#3665=CARTESIAN_POINT('',(-0.0526769546380976,-0.0195610346643507,9.24820814683994E-5));
#3666=CARTESIAN_POINT('',(-0.0532432561480325,-0.0585,0.000121157732410438));
#3667=CARTESIAN_POINT('',(-0.0523614063582586,-0.0585,0.0126926161682638));
#3668=CARTESIAN_POINT('',(-0.0524242288332814,0.,-0.000345251852856925));
#3669=CARTESIAN_POINT('',(-0.0524242288332814,-0.019561870117733,-0.000345251852856925));
#3670=CARTESIAN_POINT('',(-0.0528927905936222,-0.0585,-0.00033521489672856));
#3671=CARTESIAN_POINT('',(-0.0522714657537651,-0.0585,0.0125368344716177));
#3672=CARTESIAN_POINT('',(-0.0521798682449225,0.,-0.00076849680726199));
#3673=CARTESIAN_POINT('',(-0.0521798682449225,-0.0195627113679517,-0.00076849680726199));
#3674=CARTESIAN_POINT('',(-0.0525654938266187,-0.0585,-0.000760504783390729));
#3675=CARTESIAN_POINT('',(-0.0521775432911164,-0.0585,0.0123741559943381));
#3676=CARTESIAN_POINT('',(-0.0515474126610366,0.,-0.00186394201208313));
#3677=CARTESIAN_POINT('',(-0.0515474126610366,-0.0195648906051551,-0.00186394201208313));
#3678=CARTESIAN_POINT('',(-0.0517334329201383,-0.0585,-0.00184860526536487));
#3679=CARTESIAN_POINT('',(-0.0519178789810852,-0.0585,0.0119244042164517));
#3680=CARTESIAN_POINT('',(-0.0511162094395321,0.,-0.00261080790011612));
#3681=CARTESIAN_POINT('',(-0.0511162094395321,-0.0195663596548573,-0.00261080790011612));
#3682=CARTESIAN_POINT('',(-0.0512010308027187,-0.0585,-0.00256116739131425));
#3683=CARTESIAN_POINT('',(-0.0517024208268837,-0.0585,0.0115512197464697));
#3684=CARTESIAN_POINT('',(-0.0505046695309388,0.,-0.00367002609265575));
#3685=CARTESIAN_POINT('',(-0.0505046695309388,-0.0195676230788863,-0.00367002609265575));
#3686=CARTESIAN_POINT('',(-0.0504450144813556,-0.0585,-0.00370493837067938));
#3687=CARTESIAN_POINT('',(-0.0512757171564481,-0.0585,0.0108121473094992));
#3688=CARTESIAN_POINT('',(-0.0502650377355612,0.,-0.00408508053735874));
#3689=CARTESIAN_POINT('',(-0.0502650377355612,-0.0195679612914877,-0.00408508053735874));
#3690=CARTESIAN_POINT('',(-0.0501738793210177,-0.0585,-0.00414444085811439));
#3691=CARTESIAN_POINT('',(-0.0510794170550053,-0.0585,0.010489402476539));
#3692=CARTESIAN_POINT('',(-0.0499224827807535,0.,-0.00467840312347024));
#3693=CARTESIAN_POINT('',(-0.0499224827807535,-0.0195681992794528,-0.00467840312347024));
#3694=CARTESIAN_POINT('',(-0.0498562178173682,-0.0585,-0.00475532450071105));
#3695=CARTESIAN_POINT('',(-0.050753537542451,-0.0585,0.00998733380017299));
#3696=CARTESIAN_POINT('',(-0.049811113252194,0.,-0.00487130080535025));
#3697=CARTESIAN_POINT('',(-0.049811113252194,-0.0195682338574402,-0.00487130080535025));
#3698=CARTESIAN_POINT('',(-0.0497651786219949,-0.0585,-0.00495088843356025));
#3699=CARTESIAN_POINT('',(-0.0506396805779015,-0.0585,0.00981698793682038));
#3700=CARTESIAN_POINT('',(-0.0495936015242382,0.,-0.00524804216941179));
#3701=CARTESIAN_POINT('',(-0.0495936015242382,-0.0195682187701232,-0.00524804216941179));
#3702=CARTESIAN_POINT('',(-0.0496174915572166,-0.0585,-0.00532600367019039));
#3703=CARTESIAN_POINT('',(-0.0504014076307837,-0.0585,0.00947173419219835));
#3704=CARTESIAN_POINT('',(-0.0494874593248419,0.,-0.00543188585159329));
#3705=CARTESIAN_POINT('',(-0.0494874593248419,-0.0195681691048187,-0.00543188585159329));
#3706=CARTESIAN_POINT('',(-0.0495608433147533,-0.0585,-0.00550555461517883));
#3707=CARTESIAN_POINT('',(-0.0502769912751571,-0.0585,0.00929682666972141));
#3708=CARTESIAN_POINT('',(-0.0492799986716226,0.,-0.00579121824354045));
#3709=CARTESIAN_POINT('',(-0.0492799986716227,-0.0195679907902948,-0.00579121824354044));
#3710=CARTESIAN_POINT('',(-0.0494867241027028,-0.0585,-0.00584876163953651));
#3711=CARTESIAN_POINT('',(-0.0500175920145545,-0.0585,0.00894386436824385));
#3712=CARTESIAN_POINT('',(-0.0491786802177997,0.,-0.00596670695330608));
#3713=CARTESIAN_POINT('',(-0.0491786802177997,-0.0195678624152518,-0.00596670695330608));
#3714=CARTESIAN_POINT('',(-0.0494692528355721,-0.0585,-0.00601241732927014));
#3715=CARTESIAN_POINT('',(-0.0498826088120352,-0.0585,0.00876580997887881));
#3716=CARTESIAN_POINT('',(-0.0490465357206916,0.,-0.00619558793623798));
#3717=CARTESIAN_POINT('',(-0.0490465357206916,-0.0195676456465043,-0.00619558793623798));
#3718=CARTESIAN_POINT('',(-0.0494753343114804,-0.0585,-0.00622011644113555));
#3719=CARTESIAN_POINT('',(-0.0496956495071162,-0.0585,0.00852723953597101));
#3720=CARTESIAN_POINT('',(-0.0489481640415245,0.,-0.00636597268258134));
#3721=CARTESIAN_POINT('',(-0.0489481640415244,-0.0195674716694379,-0.00636597268258134));
#3722=CARTESIAN_POINT('',(-0.0494872394699912,-0.0585,-0.0063732635185525));
#3723=CARTESIAN_POINT('',(-0.0495536845299294,-0.0585,0.00834802069405548));
#3724=CARTESIAN_POINT('',(-0.0488519351794175,0.,-0.0065326459609051));
#3725=CARTESIAN_POINT('',(-0.0488519351794175,-0.0195672651629416,-0.0065326459609051));
#3726=CARTESIAN_POINT('',(-0.0495220096507093,-0.0585,-0.00651855540132945));
#3727=CARTESIAN_POINT('',(-0.0494065170116786,-0.0585,0.00816815766893661));
#3728=CARTESIAN_POINT('',(-0.0486937851750137,0.,-0.0068065698037498));
#3729=CARTESIAN_POINT('',(-0.0486937851750137,-0.0195668885573874,-0.00680656980374979));
#3730=CARTESIAN_POINT('',(-0.0495952135884951,-0.0585,-0.00675407570896539));
#3731=CARTESIAN_POINT('',(-0.0491555326676973,-0.0585,0.00786817874795855));
#3732=CARTESIAN_POINT('',(-0.0486009034615683,0.,-0.00696744565053121));
#3733=CARTESIAN_POINT('',(-0.0486009034615683,-0.0195666334088005,-0.00696744565053121));
#3734=CARTESIAN_POINT('',(-0.0496528640845393,-0.0585,-0.00688941791694789));
#3735=CARTESIAN_POINT('',(-0.0489998072895444,-0.0585,0.00768800533347576));
#3736=CARTESIAN_POINT('',(-0.0484187530294818,0.,-0.00728293945352572));
#3737=CARTESIAN_POINT('',(-0.0484187530294818,-0.0195660747736449,-0.00728293945352572));
#3738=CARTESIAN_POINT('',(-0.049768325614961,-0.0585,-0.00715385849828764));
#3739=CARTESIAN_POINT('',(-0.0486784052357021,-0.0585,0.00732862028019045));
#3740=CARTESIAN_POINT('',(-0.0483294843108406,0.,-0.00743755740973883));
#3741=CARTESIAN_POINT('',(-0.0483294843108406,-0.0195657712870762,-0.00743755740973883));
#3742=CARTESIAN_POINT('',(-0.0498261365897471,-0.0585,-0.00728295643602236));
#3743=CARTESIAN_POINT('',(-0.0485127285004211,-0.0585,0.00714940907701045));
#3744=CARTESIAN_POINT('',(-0.0481541562847726,0.,-0.0077412344588793));
#3745=CARTESIAN_POINT('',(-0.0481541562847726,-0.0195651260084834,-0.0077412344588793));
#3746=CARTESIAN_POINT('',(-0.0499147407357057,-0.0585,-0.00754065589359384));
#3747=CARTESIAN_POINT('',(-0.0481718593647795,-0.0585,0.00679323104764842));
#3748=CARTESIAN_POINT('',(-0.0480680969773459,0.,-0.00789029355180664));
#3749=CARTESIAN_POINT('',(-0.0480680969773459,-0.0195647853292498,-0.00789029355180664));
#3750=CARTESIAN_POINT('',(-0.0499455339259661,-0.0585,-0.00766925698162379));
#3751=CARTESIAN_POINT('',(-0.0479966669835066,-0.0585,0.0066162646532732));
#3752=CARTESIAN_POINT('',(-0.047898784190117,0.,-0.00818355190165814));
#3753=CARTESIAN_POINT('',(-0.047898784190117,-0.0195640788088821,-0.00818355190165814));
#3754=CARTESIAN_POINT('',(-0.0499530424275127,-0.0585,-0.00793177536504026));
#3755=CARTESIAN_POINT('',(-0.0476373204549241,-0.0585,0.00626579363431127));
#3756=CARTESIAN_POINT('',(-0.0478155307103149,0.,-0.00832775115858229));
#3757=CARTESIAN_POINT('',(-0.0478155307103149,-0.019563712967748,-0.00832775115858228));
#3758=CARTESIAN_POINT('',(-0.0499297578337033,-0.0585,-0.00806569224296868));
#3759=CARTESIAN_POINT('',(-0.047453166402519,-0.0585,0.00609228942718263));
#3760=CARTESIAN_POINT('',(-0.0476787767806738,0.,-0.00856461591285531));
#3761=CARTESIAN_POINT('',(-0.0476787767806738,-0.019563091362586,-0.00856461591285531));
#3762=CARTESIAN_POINT('',(-0.0498234323353311,-0.0585,-0.00829822605756652));
#3763=CARTESIAN_POINT('',(-0.0471393335459381,-0.0585,0.00580695005990949));
#3764=CARTESIAN_POINT('',(-0.0475975251709008,0.,-0.0087053478291789));
#3765=CARTESIAN_POINT('',(-0.0475975251709008,-0.0195627136515133,-0.00870534782917891));
#3766=CARTESIAN_POINT('',(-0.0497326300103325,-0.0585,-0.00844148169185718));
#3767=CARTESIAN_POINT('',(-0.0469482701684613,-0.0585,0.00563728042574367));
#3768=CARTESIAN_POINT('',(-0.047517340155282,0.,-0.00884423235023635));
#3769=CARTESIAN_POINT('',(-0.047517340155282,-0.0195623324578022,-0.00884423235023635));
#3770=CARTESIAN_POINT('',(-0.049592373394209,-0.0585,-0.00859233420433113));
#3771=CARTESIAN_POINT('',(-0.0467533222016649,-0.0585,0.00547026125033795));
#3772=CARTESIAN_POINT('',(-0.0474108709478893,0.,-0.00902864242688223));
#3773=CARTESIAN_POINT('',(-0.0474108709478893,-0.0195618234604202,-0.00902864242688223));
#3774=CARTESIAN_POINT('',(-0.0493861693859644,-0.0585,-0.00879621522064394));
#3775=CARTESIAN_POINT('',(-0.0464917230742326,-0.0585,0.00524882466023767));
#3776=CARTESIAN_POINT('',(-0.0473320183725673,0.,-0.00916521909364758));
#3777=CARTESIAN_POINT('',(-0.0473320183725673,-0.0195614400494076,-0.00916521909364758));
#3778=CARTESIAN_POINT('',(-0.0491883274411517,-0.0585,-0.00895530037482671));
#3779=CARTESIAN_POINT('',(-0.0462917698238761,-0.0585,0.00508557277348784));
#3780=CARTESIAN_POINT('',(-0.0471759082987787,0.,-0.00943560967302272));
#3781=CARTESIAN_POINT('',(-0.0471759082987787,-0.0195606808194042,-0.00943560967302272));
#3782=CARTESIAN_POINT('',(-0.0487439628845485,-0.0585,-0.00927738809142442));
#3783=CARTESIAN_POINT('',(-0.0458852447161292,-0.0585,0.00476566715228402));
#3784=CARTESIAN_POINT('',(-0.0470986508003121,0.,-0.00956942358563251));
#3785=CARTESIAN_POINT('',(-0.0470986508003121,-0.0195603054541597,-0.00956942358563251));
#3786=CARTESIAN_POINT('',(-0.0484974405620789,-0.0585,-0.0094403903413452));
#3787=CARTESIAN_POINT('',(-0.0456786731480598,-0.0585,0.00460901373032421));
#3788=CARTESIAN_POINT('',(-0.0469453272966447,0.,-0.00983498768397903));
#3789=CARTESIAN_POINT('',(-0.0469453272966447,-0.019559571414966,-0.00983498768397903));
#3790=CARTESIAN_POINT('',(-0.0479935116947532,-0.0585,-0.00976199171172788));
#3791=CARTESIAN_POINT('',(-0.0452598998417289,-0.0585,0.00430314124137243));
#3792=CARTESIAN_POINT('',(-0.0468692612914438,0.,-0.00996673786971575));
#3793=CARTESIAN_POINT('',(-0.0468692612914438,-0.0195592127410168,-0.00996673786971575));
#3794=CARTESIAN_POINT('',(-0.0477361054881297,-0.0585,-0.0099205905732489));
#3795=CARTESIAN_POINT('',(-0.0450476984416998,-0.0585,0.00415392243332134));
#3796=CARTESIAN_POINT('',(-0.0467179171907179,0.,-0.0102288735415987));
#3797=CARTESIAN_POINT('',(-0.0467179171907179,-0.0195585202761943,-0.0102288735415987));
#3798=CARTESIAN_POINT('',(-0.047248294619031,-0.0585,-0.010225184786484));
#3799=CARTESIAN_POINT('',(-0.044618743230235,-0.0585,0.00386363521751607));
#3800=CARTESIAN_POINT('',(-0.046642639095193,0.,-0.010359259027745));
#3801=CARTESIAN_POINT('',(-0.046642639095193,-0.0195581864853211,-0.010359259027745));
#3802=CARTESIAN_POINT('',(-0.0470178903337222,-0.0585,-0.010371179940344));
#3803=CARTESIAN_POINT('',(-0.0444019897959653,-0.0585,0.00372256700761594));
#3804=CARTESIAN_POINT('',(-0.0464924672302293,0.,-0.0106193643277295));
#3805=CARTESIAN_POINT('',(-0.0464924672302293,-0.0195575519784316,-0.0106193643277295));
#3806=CARTESIAN_POINT('',(-0.0466220476246223,-0.0585,-0.0106424933955024));
#3807=CARTESIAN_POINT('',(-0.0439650868256387,-0.0585,0.00344916999584814));
#3808=CARTESIAN_POINT('',(-0.0464175734607905,0.,-0.0107490841415678));
#3809=CARTESIAN_POINT('',(-0.0464175734607905,-0.0195572512624153,-0.0107490841415678));
#3810=CARTESIAN_POINT('',(-0.0464566096060913,-0.0585,-0.0107678115661867));
#3811=CARTESIAN_POINT('',(-0.0437449376948419,-0.0585,0.0033168413245946));
#3812=CARTESIAN_POINT('',(-0.0462659304662668,0.,-0.0110117375126947));
#3813=CARTESIAN_POINT('',(-0.0462659304662668,-0.0195566842310123,-0.0110117375126947));
#3814=CARTESIAN_POINT('',(-0.0462259373804369,-0.0585,-0.0109925509999285));
#3815=CARTESIAN_POINT('',(-0.0432970429937976,-0.0585,0.00305824919837802));
#3816=CARTESIAN_POINT('',(-0.046192750769017,0.,-0.0111384884664139));
#3817=CARTESIAN_POINT('',(-0.046192750769017,-0.019556387466564,-0.0111384884664139));
#3818=CARTESIAN_POINT('',(-0.0461630820336737,-0.0585,-0.0111044439323094));
#3819=CARTESIAN_POINT('',(-0.0430690665236586,-0.0585,0.00291903212864864));
#3820=CARTESIAN_POINT('',(-0.0460521762105276,0.,-0.0113819707439691));
#3821=CARTESIAN_POINT('',(-0.0460521762105276,-0.0195557947234182,-0.0113819707439691));
#3822=CARTESIAN_POINT('',(-0.0460795282452148,-0.0585,-0.0113288491007674));
#3823=CARTESIAN_POINT('',(-0.0426135415818312,-0.0585,0.00262403130280452));
#3824=CARTESIAN_POINT('',(-0.0459847813492881,0.,-0.0114987020678049));
#3825=CARTESIAN_POINT('',(-0.0459847813492881,-0.0195554987447208,-0.0114987020678049));
#3826=CARTESIAN_POINT('',(-0.0460588318654707,-0.0585,-0.0114413617880849));
#3827=CARTESIAN_POINT('',(-0.0423859951720947,-0.0585,0.00246824709544938));
#3828=CARTESIAN_POINT('',(-0.0458761648087674,0.,-0.0116868314345293));
#3829=CARTESIAN_POINT('',(-0.0458761648087674,-0.0195550231160478,-0.0116868314345293));
#3830=CARTESIAN_POINT('',(-0.0460047195235067,-0.0585,-0.0116326292655724));
#3831=CARTESIAN_POINT('',(-0.0420095758454143,-0.0585,0.00219526950544563));
#3832=CARTESIAN_POINT('',(-0.0458124781757396,0.,-0.0117971399186964));
#3833=CARTESIAN_POINT('',(-0.0458124781757396,-0.0195547450647691,-0.0117971399186964));
#3834=CARTESIAN_POINT('',(-0.0459644061702998,-0.0585,-0.0117488882399462));
#3835=CARTESIAN_POINT('',(-0.041784855527486,-0.0585,0.00202614809858061));
#3836=CARTESIAN_POINT('',(-0.0457505714922535,0.,-0.0119043654398224));
#3837=CARTESIAN_POINT('',(-0.0457505714922535,-0.0195544826722281,-0.0119043654398224));
#3838=CARTESIAN_POINT('',(-0.0458903668686515,-0.0585,-0.0118685452340288));
#3839=CARTESIAN_POINT('',(-0.0415627619619262,-0.0585,0.00184935355378305));
#3840=CARTESIAN_POINT('',(-0.0456687214502048,0.,-0.0120461338712523));
#3841=CARTESIAN_POINT('',(-0.0456687214502048,-0.0195541408126899,-0.0120461338712523));
#3842=CARTESIAN_POINT('',(-0.0457799236859217,-0.0585,-0.0120289919206159));
#3843=CARTESIAN_POINT('',(-0.0412680112833988,-0.0585,0.00161029035305218));
#3844=CARTESIAN_POINT('',(-0.0456088913745173,0.,-0.0121497626021638));
#3845=CARTESIAN_POINT('',(-0.0456088913745173,-0.0195539024116988,-0.0121497626021638));
#3846=CARTESIAN_POINT('',(-0.0456707140791532,-0.0585,-0.0121513604289454));
#3847=CARTESIAN_POINT('',(-0.0410500419809723,-0.0585,0.00142348495443632));
#3848=CARTESIAN_POINT('',(-0.0454910111726839,0.,-0.0123539371009458));
#3849=CARTESIAN_POINT('',(-0.0454910111726839,-0.0195534756065911,-0.0123539371009458));
#3850=CARTESIAN_POINT('',(-0.0454433902711025,-0.0585,-0.0123915657634141));
#3851=CARTESIAN_POINT('',(-0.0406228499862682,-0.0585,0.00103626051130968));
#3852=CARTESIAN_POINT('',(-0.045432961046538,0.,-0.0124544828688163));
#3853=CARTESIAN_POINT('',(-0.045432961046538,-0.019553287497436,-0.0124544828688163));
#3854=CARTESIAN_POINT('',(-0.045325277931296,-0.0585,-0.0125094015581675));
#3855=CARTESIAN_POINT('',(-0.0404136291554661,-0.0585,0.000835842498184792));
#3856=CARTESIAN_POINT('',(-0.0453558575366004,0.,-0.0125880300654701));
#3857=CARTESIAN_POINT('',(-0.0453558575366004,-0.0195530731635476,-0.0125880300654701));
#3858=CARTESIAN_POINT('',(-0.0451909014725274,-0.0585,-0.0126575004623975));
#3859=CARTESIAN_POINT('',(-0.0401420150799999,-0.0585,0.000560739538250466));
#3860=CARTESIAN_POINT('',(-0.0452981040687114,0.,-0.012688062006167));
#3861=CARTESIAN_POINT('',(-0.0452981040687114,-0.019552921532711,-0.012688062006167));
#3862=CARTESIAN_POINT('',(-0.0450958963221264,-0.0585,-0.0127663202911053));
#3863=CARTESIAN_POINT('',(-0.0399401418098997,-0.0585,0.000352443059962238));
#3864=CARTESIAN_POINT('',(-0.0452403506008225,0.,-0.012788093946864));
#3865=CARTESIAN_POINT('',(-0.0452403506008225,-0.0195527979490601,-0.012788093946864));
#3866=CARTESIAN_POINT('',(-0.0450254260852276,-0.0585,-0.0128668198680571));
#3867=CARTESIAN_POINT('',(-0.0397441019571545,-0.0585,0.000138596623568649));
#3868=CARTESIAN_POINT('',(-0.0451436003905793,0.,-0.0129556702266481));
#3869=CARTESIAN_POINT('',(-0.0451436003905793,-0.0195526246697297,-0.0129556702266481));
#3870=CARTESIAN_POINT('',(-0.0449307564183716,-0.0585,-0.0130281321261936));
#3871=CARTESIAN_POINT('',(-0.0394245650170982,-0.0585,-0.00022318557518864));
#3872=CARTESIAN_POINT('',(-0.045085105277048,0.,-0.0130569867352789));
#3873=CARTESIAN_POINT('',(-0.045085105277048,-0.019552549875527,-0.0130569867352789));
#3874=CARTESIAN_POINT('',(-0.0448944584942722,-0.0585,-0.01311934939711));
#3875=CARTESIAN_POINT('',(-0.0392393206069681,-0.0585,-0.000445087467873584));
#3876=CARTESIAN_POINT('',(-0.0449658901130583,0.,-0.0132634734563416));
#3877=CARTESIAN_POINT('',(-0.0449658901130583,-0.0195524524480556,-0.0132634734563416));
#3878=CARTESIAN_POINT('',(-0.0448503905083437,-0.0585,-0.0132985937086999));
#3879=CARTESIAN_POINT('',(-0.0388833335268675,-0.0585,-0.00089610368039646));
#3880=CARTESIAN_POINT('',(-0.0449051700626,0.,-0.0133686436687736));
#3881=CARTESIAN_POINT('',(-0.0449051700626,-0.0195524298147869,-0.0133686436687736));
#3882=CARTESIAN_POINT('',(-0.0448426206458324,-0.0585,-0.0133866196092419));
#3883=CARTESIAN_POINT('',(-0.0387125910562151,-0.0585,-0.00112521686010307));
#3884=CARTESIAN_POINT('',(-0.0448426700626,0.,-0.0134768968442467));
#3885=CARTESIAN_POINT('',(-0.0448426700626,-0.0195524301690564,-0.0134768968442467));
#3886=CARTESIAN_POINT('',(-0.0448426700626,-0.0585,-0.0134768968442467));
#3887=CARTESIAN_POINT('',(-0.0385496678648413,-0.0585,-0.00135658137427234));
#3888=CARTESIAN_POINT('',(-0.00686603311313331,0.,0.0471353535264835));
#3889=CARTESIAN_POINT('',(-0.00275251355274408,0.,0.0455733398698588));
#3890=CARTESIAN_POINT('',(-0.0109795526735225,0.,0.0486973671831082));
#3891=CARTESIAN_POINT('',(-0.00275251355274408,0.,0.0455733398698588));
#3892=CARTESIAN_POINT('',(-0.00275251355274408,-0.0195595522475798,0.0455733398698588));
#3893=CARTESIAN_POINT('',(-0.00275251355274408,-0.0585,0.0455733398698588));
#3894=CARTESIAN_POINT('',(-0.0116,-0.0585,0.034));
#3895=CARTESIAN_POINT('',(-0.0116,-0.0585,0.034));
#3896=CARTESIAN_POINT('',(-1.04083408558608E-16,-0.0585,0.034));
#3897=CARTESIAN_POINT('',(-0.0166935750346352,-0.0585,0.034));
#3898=CARTESIAN_POINT('',(-0.0166935750346352,-0.0585,0.0496602540378443));
#3899=CARTESIAN_POINT('',(-0.0245237020535574,-0.0585,0.0360980762113533));
#3900=CARTESIAN_POINT('',(-0.0353538290724795,-0.0585,0.0173397459621558));
#3901=CARTESIAN_POINT('',(-0.0353538293236942,-0.0585000002499997,0.0389999658215845));
#3902=CARTESIAN_POINT('',(-0.037595498823282,-0.0585,0.039));
#3903=CARTESIAN_POINT('',(-0.0398371683239342,-0.0585000002499998,0.0389999619744991));
#3904=CARTESIAN_POINT('',(-0.0398371685740843,-0.0585,0.023));
#3905=CARTESIAN_POINT('',(-0.0536935420077944,-0.0585000002499998,0.0150000187792069));
#3906=CARTESIAN_POINT('',(-0.0525727401592341,-0.0585,0.0130586570489101));
#3907=CARTESIAN_POINT('',(-0.0514518757356662,-0.0585000002499998,0.0111173299488114));
#3908=CARTESIAN_POINT('',(-0.0326935750346352,-0.0585,0.0219474411167422));
#3909=CARTESIAN_POINT('',(-0.0435236066350946,-0.0585000002500102,0.00318927393192845));
#3910=CARTESIAN_POINT('',(-0.0513538290724795,-0.0585,-0.0103730669589464));
#3911=CARTESIAN_POINT('',(-0.0385496678648413,-0.0585,-0.00135658137427234));
#3912=CARTESIAN_POINT('',(-0.0448426700626,0.,-0.0134768968442467));
#3913=CARTESIAN_POINT('',(-0.0448426700626,-0.0195524301690564,-0.0134768968442467));
#3914=CARTESIAN_POINT('',(-0.0448426700626,-0.0585,-0.0134768968442467));
#3915=CARTESIAN_POINT('',(-0.0385496678648413,-0.0585,-0.00135658137427234));
#3916=CARTESIAN_POINT('',(-0.0448426700626,0.,-0.0134768968442467));
#3917=CARTESIAN_POINT('',(-0.0483426700625999,0.,-0.00741471901775563));
#3918=CARTESIAN_POINT('',(-0.0685006924861813,0.,0.0275));
#3919=CARTESIAN_POINT('',(-0.0555103114294147,0.,0.035));
#3920=CARTESIAN_POINT('',(-0.0555103114294147,0.,0.05));
#3921=CARTESIAN_POINT('',(-0.0505831638840031,0.,0.05));
#3922=CARTESIAN_POINT('',(-0.0180794442515699,0.,0.05));
#3923=CARTESIAN_POINT('',(-0.0180794442515699,0.,0.03));
#3924=CARTESIAN_POINT('',(-0.0336974754214446,-0.00633667539560139,0.049991797049242));
#3925=CARTESIAN_POINT('',(-0.0343971595692364,-0.00464956834702396,0.0499973961213752));
#3926=CARTESIAN_POINT('',(-0.0336980177772814,-0.00296505121630279,0.0499994327283911));
#3927=CARTESIAN_POINT('',(-0.0320157505254631,-0.00226772163641315,0.0499995073412697));
#3928=CARTESIAN_POINT('',(-0.0303299249442735,-0.00296406403733572,0.0499988511557371));
#3929=CARTESIAN_POINT('',(-0.0296316452671594,-0.00464970552625148,0.0499957816111746));
#3930=CARTESIAN_POINT('',(-0.0303276262474803,-0.00633261432708183,0.0499885914563539));
#3931=CARTESIAN_POINT('',(-0.0320114735522505,-0.00703267589739148,0.0499860053206881));
#3932=CARTESIAN_POINT('',(-0.0336974754214446,-0.00633667539560139,0.049991797049242));
#3933=CARTESIAN_POINT('',(-0.0343971595692364,-0.00464956834702396,0.0499973961213752));
#3934=CARTESIAN_POINT('',(-0.0336980177772814,-0.00296505121630279,0.0499994327283911));
#3935=CARTESIAN_POINT('',(-0.0341640219126119,-0.00465,0.049996802377189));
#3936=CARTESIAN_POINT('',(-0.0475408091653823,-0.00668665203530801,-0.00889566899859781));
#3937=CARTESIAN_POINT('',(-0.0471640129453778,-0.00499958738611328,-0.00948603397439134));
#3938=CARTESIAN_POINT('',(-0.0475142180876645,-0.00331499842023886,-0.00888089256422028));
#3939=CARTESIAN_POINT('',(-0.0483469174055947,-0.00261770930680878,-0.00741905012931362));
#3940=CARTESIAN_POINT('',(-0.0491860017942417,-0.00331416587251023,-0.00595685168146744));
#3941=CARTESIAN_POINT('',(-0.0495334520431305,-0.0049999263756088,-0.00535124088284839));
#3942=CARTESIAN_POINT('',(-0.0491813258534848,-0.00668285139661341,-0.00595195156619444));
#3943=CARTESIAN_POINT('',(-0.0483747277600554,-0.00738262259930716,-0.00743035035730509));
#3944=CARTESIAN_POINT('',(-0.0475408091653823,-0.00668665203530801,-0.00889566899859781));
#3945=CARTESIAN_POINT('',(-0.0471640129453778,-0.00499958738611328,-0.00948603397439134));
#3946=CARTESIAN_POINT('',(-0.0475142180876645,-0.00331499842023886,-0.00888089256422028));
#3947=CARTESIAN_POINT('',(-0.047285179839093,-0.005,-0.00928678291006392));
#3948=CARTESIAN_POINT('',(-0.0465747208701688,0.,-0.0144768968442467));
#3949=CARTESIAN_POINT('',(-0.0465747208701688,-0.00488924617052914,-0.0144768968442467));
#3950=CARTESIAN_POINT('',(-0.0465979364188621,-0.0110092671231095,-0.0144373664923097));
#3951=CARTESIAN_POINT('',(-0.0464853217564263,-0.0206608347757706,-0.0140823810265128));
#3952=CARTESIAN_POINT('',(-0.0464230277710399,-0.0239567876420223,-0.0139151088287752));
#3953=CARTESIAN_POINT('',(-0.0462174938652179,-0.0304822651290081,-0.0134481118087394));
#3954=CARTESIAN_POINT('',(-0.0460743039913336,-0.0337115915956184,-0.0131487688526544));
#3955=CARTESIAN_POINT('',(-0.0456755273763227,-0.0398873509353932,-0.0123805424912456));
#3956=CARTESIAN_POINT('',(-0.0454203969121047,-0.0428333171091879,-0.0119121506488341));
#3957=CARTESIAN_POINT('',(-0.044925322633441,-0.046890320900065,-0.0110422606709836));
#3958=CARTESIAN_POINT('',(-0.0447415104155545,-0.0481825059498223,-0.0107242608741179));
#3959=CARTESIAN_POINT('',(-0.0443286081555987,-0.050624945397097,-0.0100221942332829));
#3960=CARTESIAN_POINT('',(-0.044099685551255,-0.0517752182431339,-0.00963824263648111));
#3961=CARTESIAN_POINT('',(-0.0435833873899431,-0.0539150159726735,-0.00878988712790898));
#3962=CARTESIAN_POINT('',(-0.043296294434689,-0.0549049336722002,-0.0083257249100553));
#3963=CARTESIAN_POINT('',(-0.0426379398785946,-0.0567037490148357,-0.00729282885986123));
#3964=CARTESIAN_POINT('',(-0.0422661603660422,-0.0575143608217038,-0.00672392189185891));
#3965=CARTESIAN_POINT('',(-0.0416148232178275,-0.0585573972894252,-0.00576310994404019));
#3966=CARTESIAN_POINT('',(-0.0413819714157935,-0.0588757836132715,-0.00542478049770132));
#3967=CARTESIAN_POINT('',(-0.0408830583416435,-0.0594398891878783,-0.00470859425266489));
#3968=CARTESIAN_POINT('',(-0.0406168688206837,-0.0596854210823981,-0.00433062331711169));
#3969=CARTESIAN_POINT('',(-0.0400569099773246,-0.0600862296616237,-0.00353654753760167));
#3970=CARTESIAN_POINT('',(-0.0397632726692514,-0.0602411832743032,-0.00312049321893239));
#3971=CARTESIAN_POINT('',(-0.0391625334618362,-0.0604480904799571,-0.00225831089310521));
#3972=CARTESIAN_POINT('',(-0.0388557317807134,-0.0605,-0.0018123564295956));
#3973=CARTESIAN_POINT('',(-0.0385496678648413,-0.0605,-0.00135658137427234));
#3974=CARTESIAN_POINT('',(-0.0448426700626,0.,-0.0134768968442467));
#3975=CARTESIAN_POINT('',(-0.0448426700626,-0.00488810754226411,-0.0134768968442467));
#3976=CARTESIAN_POINT('',(-0.0448426700626,-0.0109884113133962,-0.0134768968442467));
#3977=CARTESIAN_POINT('',(-0.04469517782359,-0.020589754059658,-0.0131928269504192));
#3978=CARTESIAN_POINT('',(-0.044621431704085,-0.0238653494900058,-0.0130507920035054));
#3979=CARTESIAN_POINT('',(-0.04440019334557,-0.0303389348382665,-0.0126246871627641));
#3980=CARTESIAN_POINT('',(-0.0442527011065601,-0.0335369247561792,-0.0123406172689366));
#3981=CARTESIAN_POINT('',(-0.0438593884692002,-0.0396273978706131,-0.0115830975520632));
#3982=CARTESIAN_POINT('',(-0.0436135680708502,-0.0425198810671344,-0.0111096477290173));
#3983=CARTESIAN_POINT('',(-0.0431526548239441,-0.0464585499141553,-0.0102219293108063));
#3984=CARTESIAN_POINT('',(-0.0429836533000785,-0.0477047635385355,-0.00989643255746229));
#3985=CARTESIAN_POINT('',(-0.0426118499475742,-0.0500353511535893,-0.0091803397001054));
#3986=CARTESIAN_POINT('',(-0.0424090481189354,-0.051119725144263,-0.00878974359609256));
#3987=CARTESIAN_POINT('',(-0.0419665714019056,-0.0530981458407842,-0.00793753391460999));
#3988=CARTESIAN_POINT('',(-0.0417268965135143,-0.0539921925466318,-0.00747592033714026));
#3989=CARTESIAN_POINT('',(-0.0412076009220001,-0.0555614710223813,-0.00647575758595585));
#3990=CARTESIAN_POINT('',(-0.0409279802188771,-0.0562367027922833,-0.00593720841224117));
#3991=CARTESIAN_POINT('',(-0.040476285236909,-0.0570640735068374,-0.00506724436239438));
#3992=CARTESIAN_POINT('',(-0.0403203429217057,-0.057308950921639,-0.00476689963089966));
#3993=CARTESIAN_POINT('',(-0.0399973195544991,-0.0577333191480859,-0.00414475697280343));
#3994=CARTESIAN_POINT('',(-0.0398302385024955,-0.0579128099597312,-0.00382295904620195));
#3995=CARTESIAN_POINT('',(-0.0394845535673159,-0.0582028440234757,-0.00315717023254368));
#3996=CARTESIAN_POINT('',(-0.0393059496841398,-0.0583133872755748,-0.00281317934548691));
#3997=CARTESIAN_POINT('',(-0.0389368349922425,-0.058461965263837,-0.0021022648455696));
#3998=CARTESIAN_POINT('',(-0.0387463241835213,-0.0585,-0.00173534123270905));
#3999=CARTESIAN_POINT('',(-0.0385496678648413,-0.0585,-0.00135658137427234));
#4000=CARTESIAN_POINT('',(-0.0448426700626,0.,-0.0134768968442468));
#4001=CARTESIAN_POINT('',(-0.0454200203317896,0.,-0.0138102301775801));
#4002=CARTESIAN_POINT('',(-0.0459973706009792,0.,-0.0141435635109134));
#4003=CARTESIAN_POINT('',(-0.0465747208701688,0.,-0.0144768968442468));
#4004=CARTESIAN_POINT('',(-0.03854965531548,-0.0604999999999924,-0.00135657253528553));
#4005=CARTESIAN_POINT('',(-0.038549655587065,-0.0598333333333259,-0.00135657272657391));
#4006=CARTESIAN_POINT('',(-0.03854965585865,-0.0591666666666594,-0.00135657291786233));
#4007=CARTESIAN_POINT('',(-0.038549656130235,-0.0584999999999928,-0.00135657310915079));
#4008=CARTESIAN_POINT('',(-0.0513621328555125,-0.0601000061237394,-0.0103808814353492));
#4009=CARTESIAN_POINT('',(-0.043523509912503,-0.058500000250022,0.00318944350450788));
#4010=CARTESIAN_POINT('',(-0.0435235099326386,-0.0591666667500216,0.00318944346969197));
#4011=CARTESIAN_POINT('',(-0.0435235099527742,-0.0598333332500212,0.003189443434876));
#4012=CARTESIAN_POINT('',(-0.0435235099729098,-0.0604999997500209,0.00318944340005997));
#4013=CARTESIAN_POINT('',(-0.0326914754894074,-0.0595000000000001,0.0219495421906129));
#4014=CARTESIAN_POINT('',(-0.0514519052838329,-0.0604999997499993,0.0111173140978199));
#4015=CARTESIAN_POINT('',(-0.0514519052838329,-0.0598333332499995,0.0111173140978199));
#4016=CARTESIAN_POINT('',(-0.0514519052838329,-0.0591666667499997,0.0111173140978199));
#4017=CARTESIAN_POINT('',(-0.0514519052838329,-0.0585000002499998,0.0111173140978199));
#4018=CARTESIAN_POINT('',(-0.0536935750346354,-0.0605,0.015));
#4019=CARTESIAN_POINT('',(-0.0536935750346353,-0.0585000002499998,0.015));
#4020=CARTESIAN_POINT('',(-0.0536935750346353,-0.0591666667499999,0.015));
#4021=CARTESIAN_POINT('',(-0.0536935750346354,-0.0598333332500001,0.0149999999999999));
#4022=CARTESIAN_POINT('',(-0.0536935750346354,-0.0604999997500002,0.0149999999999999));
#4023=CARTESIAN_POINT('',(-0.0398371052865866,-0.0595,0.0229999634158603));
#4024=CARTESIAN_POINT('',(-0.0398371685740842,-0.0604999997500002,0.039));
#4025=CARTESIAN_POINT('',(-0.0398371685740842,-0.0598333332500001,0.039));
#4026=CARTESIAN_POINT('',(-0.0398371685740843,-0.0591666667499999,0.039));
#4027=CARTESIAN_POINT('',(-0.0398371685740843,-0.0585000002499998,0.039));
#4028=CARTESIAN_POINT('',(-0.0353538290724795,-0.0605,0.039));
#4029=CARTESIAN_POINT('',(-0.0353538290724795,-0.0585000002499997,0.039));
#4030=CARTESIAN_POINT('',(-0.0353538290724795,-0.0591666667499999,0.039));
#4031=CARTESIAN_POINT('',(-0.0353538290724796,-0.0598333332500001,0.039));
#4032=CARTESIAN_POINT('',(-0.0353538290724796,-0.0604999997500002,0.039));
#4033=CARTESIAN_POINT('',(-0.0353545992298054,-0.0595,0.0173368716974719));
#4034=CARTESIAN_POINT('',(-0.0245237362299465,-0.0585,0.0360980170112504));
#4035=CARTESIAN_POINT('',(-0.0245237362299465,-0.0591666666666667,0.0360980170112504));
#4036=CARTESIAN_POINT('',(-0.0245237362299465,-0.0598333333333333,0.0360980170112504));
#4037=CARTESIAN_POINT('',(-0.0245237362299465,-0.0605,0.0360980170112504));
#4038=CARTESIAN_POINT('',(-0.0245237020535574,-0.0605,0.0360980762113532));
#4039=CARTESIAN_POINT('',(-0.0233401361155542,-0.0605,0.0354147440984433));
#4040=CARTESIAN_POINT('',(-0.0220667952740186,-0.0605,0.0348873178934504));
#4041=CARTESIAN_POINT('',(-0.0194266987875273,-0.0605,0.034179902539435));
#4042=CARTESIAN_POINT('',(-0.0180602385784017,-0.0605,0.034));
#4043=CARTESIAN_POINT('',(-0.0166935750346353,-0.0605,0.034));
#4044=CARTESIAN_POINT('',(-0.0245237020535574,-0.0585,0.0360980762113532));
#4045=CARTESIAN_POINT('',(-0.023340136410899,-0.0585,0.0354147442689608));
#4046=CARTESIAN_POINT('',(-0.0220667957280726,-0.0585,0.0348873161988539));
#4047=CARTESIAN_POINT('',(-0.0194266983334734,-0.0585,0.0341799042340315));
#4048=CARTESIAN_POINT('',(-0.0180602389194201,-0.0585,0.034));
#4049=CARTESIAN_POINT('',(-0.0166935750346352,-0.0585,0.034));
#4050=CARTESIAN_POINT('',(-0.0166935750346352,-0.0605,0.034));
#4051=CARTESIAN_POINT('',(-0.0166935750346352,-0.0598333333333333,0.034));
#4052=CARTESIAN_POINT('',(-0.0166935750346352,-0.0591666666666667,0.034));
#4053=CARTESIAN_POINT('',(-0.0166935750346352,-0.0585,0.034));
#4054=CARTESIAN_POINT('',(-0.0116,-0.0605,0.034));
#4055=CARTESIAN_POINT('',(-0.0116,-0.0585,0.034));
#4056=CARTESIAN_POINT('',(-0.0116,-0.0591666666666667,0.034));
#4057=CARTESIAN_POINT('',(-0.0116,-0.0598333333333333,0.034));
#4058=CARTESIAN_POINT('',(-0.0116,-0.0605,0.034));
#4059=CARTESIAN_POINT('',(-0.00204252439493934,0.,0.0474430765881696));
#4060=CARTESIAN_POINT('',(-0.00204252439493934,-0.00489134022952637,0.0474430765881696));
#4061=CARTESIAN_POINT('',(-0.00204946630251375,-0.0110160552171087,0.0474461050400514));
#4062=CARTESIAN_POINT('',(-0.00228229040062138,-0.0206822189047913,0.0471818346148405));
#4063=CARTESIAN_POINT('',(-0.00239703381535265,-0.0239844066163786,0.0470489345271551));
#4064=CARTESIAN_POINT('',(-0.00273729252669592,-0.0305257193393813,0.0466467703389417));
#4065=CARTESIAN_POINT('',(-0.00296278256474234,-0.0337647158588057,0.0463776365283981));
#4066=CARTESIAN_POINT('',(-0.00356238358159319,-0.0399618255559138,0.0456532287575092));
#4067=CARTESIAN_POINT('',(-0.00393645073806159,-0.0429196026576203,0.0451984838006645));
#4068=CARTESIAN_POINT('',(-0.00463920515117999,-0.0469912843324587,0.0443309918191127));
#4069=CARTESIAN_POINT('',(-0.00489709095767794,-0.0482878134866541,0.0440108247897958));
#4070=CARTESIAN_POINT('',(-0.00546548703858818,-0.0507360047692821,0.0432971112135753));
#4071=CARTESIAN_POINT('',(-0.00577601021711137,-0.0518877002046642,0.042903720855216));
#4072=CARTESIAN_POINT('',(-0.00645510943823556,-0.0540242551758759,0.0420263020074309));
#4073=CARTESIAN_POINT('',(-0.00682375393283403,-0.0550093985924977,0.0415425301552777));
#4074=CARTESIAN_POINT('',(-0.00762360899819464,-0.056788758828234,0.0404547648543754));
#4075=CARTESIAN_POINT('',(-0.00805506808267379,-0.0575840636895612,0.039850545709362));
#4076=CARTESIAN_POINT('',(-0.00874873020462373,-0.0586004877234233,0.0388194027738104));
#4077=CARTESIAN_POINT('',(-0.00898762750626517,-0.05890957710031,0.0384547245671251));
#4078=CARTESIAN_POINT('',(-0.0094793522693158,-0.0594572467861565,0.0376790369402739));
#4079=CARTESIAN_POINT('',(-0.00973217089987993,-0.0596957596669782,0.0372678761070424));
#4080=CARTESIAN_POINT('',(-0.0102492668064996,-0.0600874783636888,0.0364000143362703));
#4081=CARTESIAN_POINT('',(-0.0105134991496507,-0.0602404641797058,0.0359432724667881));
#4082=CARTESIAN_POINT('',(-0.0110506495371653,-0.0604468182980669,0.0349940819956119));
#4083=CARTESIAN_POINT('',(-0.0113235101480364,-0.0605,0.0345018720864159));
#4084=CARTESIAN_POINT('',(-0.0116,-0.0605,0.034));
#4085=CARTESIAN_POINT('',(-0.00275251355274408,0.,0.0455733398698588));
#4086=CARTESIAN_POINT('',(-0.00275251355274408,-0.00488988806189494,0.0455733398698588));
#4087=CARTESIAN_POINT('',(-0.00275251355274408,-0.0109910820928424,0.0455733398698588));
#4088=CARTESIAN_POINT('',(-0.00295987651635164,-0.0205929256102503,0.045302089716659));
#4089=CARTESIAN_POINT('',(-0.00306355799815542,-0.0238685488612175,0.0451664646400591));
#4090=CARTESIAN_POINT('',(-0.00337460244356676,-0.030341995106382,0.0447595894102594));
#4091=CARTESIAN_POINT('',(-0.00358196540717432,-0.0335398181005793,0.0444883392570595));
#4092=CARTESIAN_POINT('',(-0.00413493331012782,-0.0396298460851056,0.0437650055151934));
#4093=CARTESIAN_POINT('',(-0.00448053824947376,-0.0425220510754344,0.043312921926527));
#4094=CARTESIAN_POINT('',(-0.00512854751074738,-0.0464602817477025,0.0424652651977776));
#4095=CARTESIAN_POINT('',(-0.00536615090654771,-0.0477063458362543,0.0421544577305695));
#4096=CARTESIAN_POINT('',(-0.00588887837730844,-0.0500366378572288,0.0414706813027116));
#4097=CARTESIAN_POINT('',(-0.00617400245226884,-0.0511208657896515,0.0410977123420618));
#4098=CARTESIAN_POINT('',(-0.00679609134309152,-0.0530990082799804,0.0402839618824624));
#4099=CARTESIAN_POINT('',(-0.0071330561589538,-0.0539929228378866,0.0398431803835127));
#4100=CARTESIAN_POINT('',(-0.00786314659332209,-0.0555619613607953,0.038888153802455));
#4101=CARTESIAN_POINT('',(-0.0082562722118281,-0.0562370853257978,0.038373908720347));
#4102=CARTESIAN_POINT('',(-0.00889132128787625,-0.0570643204148331,0.0375432051261726));
#4103=CARTESIAN_POINT('',(-0.00911056442127382,-0.0573091569681002,0.0372564145996124));
#4104=CARTESIAN_POINT('',(-0.00956471091188309,-0.0577334534695131,0.0366623485088804));
#4105=CARTESIAN_POINT('',(-0.00979961426909478,-0.0579129134176589,0.0363550729447088));
#4106=CARTESIAN_POINT('',(-0.01028562121505,-0.0582028970565311,0.0357193303981467));
#4107=CARTESIAN_POINT('',(-0.0105367248037935,-0.0583134207472573,0.0353908634157563));
#4108=CARTESIAN_POINT('',(-0.0110556722205302,-0.0584619722189918,0.0347120316521495));
#4109=CARTESIAN_POINT('',(-0.0113235160485233,-0.0585,0.0343616668709331));
#4110=CARTESIAN_POINT('',(-0.0116,-0.0585,0.034));
#4111=CARTESIAN_POINT('',(-0.00204252439493936,0.,0.0474430765881696));
#4112=CARTESIAN_POINT('',(-0.00227918744754094,0.,0.0468198310153993));
#4113=CARTESIAN_POINT('',(-0.00251585050014252,0.,0.046196585442629));
#4114=CARTESIAN_POINT('',(-0.00275251355274411,0.,0.0455733398698588));
#4115=CARTESIAN_POINT('',(-0.0180794442515699,0.,0.03));
#4116=CARTESIAN_POINT('',(-0.0320140219126119,-0.00465,0.053));
#4117=CARTESIAN_POINT('',(-0.0341543885511643,-0.00439556973746169,0.0503977281158037));
#4118=CARTESIAN_POINT('',(-0.0341639904680408,-0.00458138004945275,0.0503973812884433));
#4119=CARTESIAN_POINT('',(-0.0341640362468132,-0.00468001298479747,0.0503971911889229));
#4120=CARTESIAN_POINT('',(-0.0341609859210861,-0.00479678723812042,0.0503969676438519));
#4121=CARTESIAN_POINT('',(-0.0341430274355547,-0.00496945426893318,0.0503966426375038));
#4122=CARTESIAN_POINT('',(-0.0340814740675284,-0.00528994579272582,0.0503960471805917));
#4123=CARTESIAN_POINT('',(-0.0339137358393805,-0.00570052263332461,0.0503952924945445));
#4124=CARTESIAN_POINT('',(-0.0336099854014846,-0.00612020530072466,0.0503944863886132));
#4125=CARTESIAN_POINT('',(-0.0331058618784821,-0.0065520108005505,0.050393563449923));
#4126=CARTESIAN_POINT('',(-0.0323625381492005,-0.0068353758475296,0.0503926857588843));
#4127=CARTESIAN_POINT('',(-0.0314902441446628,-0.00678929560867826,0.0503920765643849));
#4128=CARTESIAN_POINT('',(-0.0307700379327772,-0.00645600491642756,0.0503919117308179));
#4129=CARTESIAN_POINT('',(-0.0302615403055458,-0.00595512713359916,0.0503921874904134));
#4130=CARTESIAN_POINT('',(-0.0299669378600417,-0.00538876266282829,0.050392918588066));
#4131=CARTESIAN_POINT('',(-0.0298797162828509,-0.00498317588236065,0.0503937769277969));
#4132=CARTESIAN_POINT('',(-0.0298651451135371,-0.00473478492335671,0.0503944926926494));
#4133=CARTESIAN_POINT('',(-0.0298634899926651,-0.00465733176416199,0.0503947379671006));
#4134=CARTESIAN_POINT('',(-0.0298673910865693,-0.00444700888318543,0.0503954182536918));
#4135=CARTESIAN_POINT('',(-0.0299264815808784,-0.00403313006775147,0.0503966344266178));
#4136=CARTESIAN_POINT('',(-0.0303112552982335,-0.00313542175202267,0.050398888169755));
#4137=CARTESIAN_POINT('',(-0.0313330769316053,-0.00246014275958038,0.050400230894097));
#4138=CARTESIAN_POINT('',(-0.0325531853419006,-0.00250164763091259,0.0504004269397592));
#4139=CARTESIAN_POINT('',(-0.0333987314102479,-0.00291729351908238,0.0503999834171733));
#4140=CARTESIAN_POINT('',(-0.03390759776312,-0.00354272892575362,0.0503991359122591));
#4141=CARTESIAN_POINT('',(-0.0340983936205391,-0.0040843240187942,0.0503982694138609));
#4142=CARTESIAN_POINT('',(-0.0341543885511643,-0.00439556973746169,0.0503977281158037));
#4143=CARTESIAN_POINT('',(-0.0341639904680408,-0.00458138004945275,0.0503973812884433));
#4144=CARTESIAN_POINT('',(-0.0341640362468132,-0.00468001298479747,0.0503971911889229));
#4145=CARTESIAN_POINT('',(-0.0341640213774701,-0.00464848305912491,0.0503972519576325));
#4146=CARTESIAN_POINT('',(-0.0647971527345043,-0.005,-0.0169147190177556));
#4147=CARTESIAN_POINT('',(-0.0476337087492649,-0.00451044360444825,-0.00946780290398614));
#4148=CARTESIAN_POINT('',(-0.0476238350970598,-0.00501564672396192,-0.00948523965573844));
#4149=CARTESIAN_POINT('',(-0.0476290171481909,-0.00515960560718286,-0.00948071379438394));
#4150=CARTESIAN_POINT('',(-0.0476480571053444,-0.00541486219666777,-0.00945778529392418));
#4151=CARTESIAN_POINT('',(-0.0476893263683752,-0.00569741373609483,-0.00940265182712761));
#4152=CARTESIAN_POINT('',(-0.0477826486599977,-0.00604928886514606,-0.0092662570092231));
#4153=CARTESIAN_POINT('',(-0.0478532809163404,-0.00624908282324122,-0.00915808525475311));
#4154=CARTESIAN_POINT('',(-0.0479216929565555,-0.00640813242043542,-0.00905052906660119));
#4155=CARTESIAN_POINT('',(-0.0479661299003641,-0.00649940836963458,-0.0089795903757222));
#4156=CARTESIAN_POINT('',(-0.0480421765024701,-0.00663938222389332,-0.00885372867976823));
#4157=CARTESIAN_POINT('',(-0.0481527082861652,-0.00680973838185718,-0.00866298469658365));
#4158=CARTESIAN_POINT('',(-0.048303365167135,-0.00698222871071254,-0.00838627619502597));
#4159=CARTESIAN_POINT('',(-0.0484622136150562,-0.00709938238362458,-0.0080856653637169));
#4160=CARTESIAN_POINT('',(-0.0487567608700091,-0.00718566341146299,-0.00755544857673418));
#4161=CARTESIAN_POINT('',(-0.049022003121737,-0.00708706267713593,-0.00708146209328638));
#4162=CARTESIAN_POINT('',(-0.0492331487047636,-0.00687620405985642,-0.00669773967663642));
#4163=CARTESIAN_POINT('',(-0.0493425623351166,-0.00672060953975355,-0.00649730788907125));
#4164=CARTESIAN_POINT('',(-0.0494058884724461,-0.00661097969954997,-0.00638051669399365));
#4165=CARTESIAN_POINT('',(-0.0494540992515695,-0.00651201966343608,-0.00629078705626819));
#4166=CARTESIAN_POINT('',(-0.0494683017546499,-0.00648101690026304,-0.00626473847191806));
#4167=CARTESIAN_POINT('',(-0.0495189224327995,-0.00636797814530438,-0.00617291990887673));
#4168=CARTESIAN_POINT('',(-0.0496004877198733,-0.00615043865597668,-0.00602845507613155));
#4169=CARTESIAN_POINT('',(-0.0497059619805805,-0.00574156721111733,-0.00584398590572461));
#4170=CARTESIAN_POINT('',(-0.0497603776839602,-0.00526789167234663,-0.00575049884697226));
#4171=CARTESIAN_POINT('',(-0.0497615743900775,-0.00489143320694724,-0.0057499394174347));
#4172=CARTESIAN_POINT('',(-0.0497482447161698,-0.00462022676395317,-0.00577412820356831));
#4173=CARTESIAN_POINT('',(-0.0496916064696455,-0.0041546589326557,-0.00587422092081486));
#4174=CARTESIAN_POINT('',(-0.0495374970069102,-0.00362359219565256,-0.0061438330589303));
#4175=CARTESIAN_POINT('',(-0.0493396952833797,-0.00326976759809373,-0.00648902077936317));
#4176=CARTESIAN_POINT('',(-0.0491836335362894,-0.00308305136665751,-0.00676127511669205));
#4177=CARTESIAN_POINT('',(-0.0490881776213998,-0.0030004894964793,-0.00692780868543145));
#4178=CARTESIAN_POINT('',(-0.0490321775353824,-0.00296009622500544,-0.0070255267992907));
#4179=CARTESIAN_POINT('',(-0.0489502754858466,-0.00290982011912791,-0.00716844569520313));
#4180=CARTESIAN_POINT('',(-0.0488104539461438,-0.00285218325716017,-0.00741235330084511));
#4181=CARTESIAN_POINT('',(-0.048518503111241,-0.00283275670071016,-0.00792143414438574));
#4182=CARTESIAN_POINT('',(-0.048116284990592,-0.00309519701810756,-0.00862276666889009));
#4183=CARTESIAN_POINT('',(-0.0477544203069566,-0.00382372775569734,-0.00925402238923742));
#4184=CARTESIAN_POINT('',(-0.0476337087492649,-0.00451044360444825,-0.00946780290398614));
#4185=CARTESIAN_POINT('',(-0.0476238350970598,-0.00501564672396192,-0.00948523965573844));
#4186=CARTESIAN_POINT('',(-0.0476290171481909,-0.00515960560718286,-0.00948071379438394));
#4187=CARTESIAN_POINT('',(-0.0476254523915826,-0.00500731678520883,-0.00948322498368545));
#4188=CARTESIAN_POINT('',(-0.0481978117817142,-0.00600988692951358,-0.0116561596056369));
#4189=CARTESIAN_POINT('',(-0.0481968570503978,-0.00402175327144158,-0.0116654557276115));
#4190=CARTESIAN_POINT('',(-0.0483993472392702,-0.00305492266395753,-0.0113227072552252));
#4191=CARTESIAN_POINT('',(-0.0491010948302027,-0.00164976082961981,-0.0101102005563034));
#4192=CARTESIAN_POINT('',(-0.0495792236858531,-0.00125126965006095,-0.00927748923519535));
#4193=CARTESIAN_POINT('',(-0.0503208160014129,-0.00124937546226442,-0.00799064050102278));
#4194=CARTESIAN_POINT('',(-0.0505630278114868,-0.00134584062606548,-0.00757062801065921));
#4195=CARTESIAN_POINT('',(-0.0510167755504629,-0.00172031794250883,-0.00678375623437543));
#4196=CARTESIAN_POINT('',(-0.051227518319923,-0.00200231737258668,-0.00641826152662916));
#4197=CARTESIAN_POINT('',(-0.0517446930611386,-0.00303769178630416,-0.00552048596900814));
#4198=CARTESIAN_POINT('',(-0.051948371011383,-0.00399687673225207,-0.00516576349184097));
#4199=CARTESIAN_POINT('',(-0.0519442095446605,-0.00600687656401964,-0.0051645203284496));
#4200=CARTESIAN_POINT('',(-0.0517354320769209,-0.00696768237672891,-0.00551669922949145));
#4201=CARTESIAN_POINT('',(-0.0512144497638055,-0.00800654958395983,-0.0064234069664273));
#4202=CARTESIAN_POINT('',(-0.0510088250306817,-0.00828085716709997,-0.00678503838484245));
#4203=CARTESIAN_POINT('',(-0.0505800977325628,-0.00864841804625677,-0.00756154313873157));
#4204=CARTESIAN_POINT('',(-0.05035576147056,-0.00874811130627115,-0.00798219456747022));
#4205=CARTESIAN_POINT('',(-0.049881770086339,-0.00875227929840649,-0.00885900382576323));
#4206=CARTESIAN_POINT('',(-0.0496335594192889,-0.0086514947038926,-0.00930664176211201));
#4207=CARTESIAN_POINT('',(-0.0491546056373333,-0.00825575138519803,-0.0101114476168013));
#4208=CARTESIAN_POINT('',(-0.0489372295312883,-0.00797395881369534,-0.0104532909483456));
#4209=CARTESIAN_POINT('',(-0.0484010366652745,-0.00694938630785299,-0.0113087465418505));
#4210=CARTESIAN_POINT('',(-0.0481978117817142,-0.00600988692951358,-0.0116561596056369));
#4211=CARTESIAN_POINT('',(-0.0481968570503978,-0.00402175327144158,-0.0116654557276115));
#4212=CARTESIAN_POINT('',(-0.0476306628764584,-0.00557893835629218,-0.00948398698655692));
#4213=CARTESIAN_POINT('',(-0.0476202419067068,-0.00443569521412548,-0.00948246298081398));
#4214=CARTESIAN_POINT('',(-0.047738458505045,-0.00388298727353142,-0.00928589977901849));
#4215=CARTESIAN_POINT('',(-0.0481375494838476,-0.00308005154396718,-0.0085913551028119));
#4216=CARTESIAN_POINT('',(-0.0484097856591743,-0.00285091874693068,-0.00811344836111091));
#4217=CARTESIAN_POINT('',(-0.0488327241060343,-0.00284954481838416,-0.00737366593925747));
#4218=CARTESIAN_POINT('',(-0.0489709045852894,-0.00290482315091528,-0.00713237531511063));
#4219=CARTESIAN_POINT('',(-0.0492299689729173,-0.00311943323464085,-0.00668050929518597));
#4220=CARTESIAN_POINT('',(-0.0493503794100991,-0.00328102356864505,-0.00647077833384019));
#4221=CARTESIAN_POINT('',(-0.0496457927060904,-0.00387422409005582,-0.00595549741346546));
#4222=CARTESIAN_POINT('',(-0.0497616707305792,-0.00442356610178339,-0.00575163697394572));
#4223=CARTESIAN_POINT('',(-0.0497599119047859,-0.00557472909436002,-0.00575009451349498));
#4224=CARTESIAN_POINT('',(-0.0496433279941829,-0.00612562627153671,-0.00595089718188614));
#4225=CARTESIAN_POINT('',(-0.0493490622289924,-0.00672645267313717,-0.00648019162405132));
#4226=CARTESIAN_POINT('',(-0.0492322508530914,-0.00688624754279278,-0.00669299375290646));
#4227=CARTESIAN_POINT('',(-0.0489816517597197,-0.00709871738324399,-0.00715346494540148));
#4228=CARTESIAN_POINT('',(-0.0488449831694134,-0.00715204178540049,-0.00739893992359024));
#4229=CARTESIAN_POINT('',(-0.0485706543340229,-0.00714783783769794,-0.00788928792214859));
#4230=CARTESIAN_POINT('',(-0.0484375026282688,-0.00709059604832897,-0.00813083130784688));
#4231=CARTESIAN_POINT('',(-0.0481993834826494,-0.00687820614689495,-0.00858151609966137));
#4232=CARTESIAN_POINT('',(-0.0480840569663921,-0.00672232264743804,-0.00878593558168431));
#4233=CARTESIAN_POINT('',(-0.0477743880410792,-0.00613236930442883,-0.00929322562017691));
#4234=CARTESIAN_POINT('',(-0.0476306628764584,-0.00557893835629218,-0.00948398698655692));
#4235=CARTESIAN_POINT('',(-0.0476202419067068,-0.00443569521412548,-0.00948246298081398));
#4236=CARTESIAN_POINT('',(-0.0357637514122577,-0.00564172650477388,0.0519943956838153));
#4237=CARTESIAN_POINT('',(-0.035764295532655,-0.00366034051626781,0.0519989529998647));
#4238=CARTESIAN_POINT('',(-0.0353651636714758,-0.00269719519258223,0.0519996916393196));
#4239=CARTESIAN_POINT('',(-0.0339637335552904,-0.00129705768088896,0.0520001076003217));
#4240=CARTESIAN_POINT('',(-0.0330036497004247,-0.000900054596636041,0.0520000069058112));
#4241=CARTESIAN_POINT('',(-0.0315195183386328,-0.000899972716927701,0.0519999746823048));
#4242=CARTESIAN_POINT('',(-0.0310353735670178,-0.000996847113312689,0.0519999608021449));
#4243=CARTESIAN_POINT('',(-0.0301283772009866,-0.00137164335202451,0.0519998585232141));
#4244=CARTESIAN_POINT('',(-0.0297072368169933,-0.00165350545964259,0.0519997720252299));
#4245=CARTESIAN_POINT('',(-0.0286728844447643,-0.00268779462841452,0.0519991398041981));
#4246=CARTESIAN_POINT('',(-0.0282641204577343,-0.00364554690117448,0.0519982479491744));
#4247=CARTESIAN_POINT('',(-0.0282639179422915,-0.00565371777412638,0.0519924579537546));
#4248=CARTESIAN_POINT('',(-0.0286700957210034,-0.0066104387194341,0.05198732712452));
#4249=CARTESIAN_POINT('',(-0.0300586792979475,-0.00799686554257051,0.0519780693937144));
#4250=CARTESIAN_POINT('',(-0.031025204050236,-0.00839968809165608,0.0519754200849321));
#4251=CARTESIAN_POINT('',(-0.0330009234603064,-0.00840021699268629,0.0519786008594248));
#4252=CARTESIAN_POINT('',(-0.0339690323629699,-0.00799827980387063,0.05198309179969));
#4253=CARTESIAN_POINT('',(-0.0353623348755651,-0.00660498110122478,0.0519908074892443));
#4254=CARTESIAN_POINT('',(-0.0357637514122577,-0.00564172650477388,0.0519943956838153));
#4255=CARTESIAN_POINT('',(-0.035764295532655,-0.00366034051626781,0.0519989529998647));
#4256=CARTESIAN_POINT('',(-0.0341644215523252,-0.00521566121261367,0.0503961592449967));
#4257=CARTESIAN_POINT('',(-0.0341636212026149,-0.00408130490563615,0.0503983446702684));
#4258=CARTESIAN_POINT('',(-0.0339350425931993,-0.00353001969874675,0.0503991631662252));
#4259=CARTESIAN_POINT('',(-0.033131884627466,-0.00272774630155665,0.0503999522268235));
#4260=CARTESIAN_POINT('',(-0.0325814117432096,-0.00250003655370694,0.0503999515536801));
#4261=CARTESIAN_POINT('',(-0.0317305347911279,-0.00249998172984083,0.0503998200110426));
#4262=CARTESIAN_POINT('',(-0.0314529765599722,-0.00255552005114606,0.0503997443135036));
#4263=CARTESIAN_POINT('',(-0.0309330493025604,-0.0027703414245698,0.0503994335338991));
#4264=CARTESIAN_POINT('',(-0.0306916643981654,-0.0029318833958203,0.0503991945252626));
#4265=CARTESIAN_POINT('',(-0.0300988791488886,-0.003524413734606,0.0503980714112275));
#4266=CARTESIAN_POINT('',(-0.0298647870739152,-0.00407260091500989,0.0503966428577861));
#4267=CARTESIAN_POINT('',(-0.0298632605457048,-0.0052216866605358,0.0503929003668058));
#4268=CARTESIAN_POINT('',(-0.0300941052588281,-0.00576964442384962,0.0503909428477807));
#4269=CARTESIAN_POINT('',(-0.0308895806421149,-0.00656711121809273,0.0503890707962457));
#4270=CARTESIAN_POINT('',(-0.0314466084341995,-0.00680024325208805,0.050389087608115));
#4271=CARTESIAN_POINT('',(-0.0325832773206685,-0.00679975635341137,0.0503897791395936));
#4272=CARTESIAN_POINT('',(-0.0331382215852831,-0.00656769124784603,0.0503911671356536));
#4273=CARTESIAN_POINT('',(-0.033935463972707,-0.00576777682736609,0.0503948165403177));
#4274=CARTESIAN_POINT('',(-0.0341644215523252,-0.00521566121261367,0.0503961592449967));
#4275=CARTESIAN_POINT('',(-0.0341636212026149,-0.00408130490563615,0.0503983446702684));
#4276=MECHANICAL_DESIGN_GEOMETRIC_PRESENTATION_REPRESENTATION('',(#327),
#4277);
#4277=(
GEOMETRIC_REPRESENTATION_CONTEXT(3)
GLOBAL_UNCERTAINTY_ASSIGNED_CONTEXT((#4278))
GLOBAL_UNIT_ASSIGNED_CONTEXT((#4281,#4280,#4279))
REPRESENTATION_CONTEXT('Cover 2','TOP_LEVEL_ASSEMBLY_PART')
);
#4278=UNCERTAINTY_MEASURE_WITH_UNIT(LENGTH_MEASURE(2.E-5),#4281,
'DISTANCE_ACCURACY_VALUE','Maximum Tolerance applied to model');
#4279=(
NAMED_UNIT(*)
SI_UNIT($,.STERADIAN.)
SOLID_ANGLE_UNIT()
);
#4280=(
NAMED_UNIT(*)
PLANE_ANGLE_UNIT()
SI_UNIT($,.RADIAN.)
);
#4281=(
LENGTH_UNIT()
NAMED_UNIT(*)
SI_UNIT($,.METRE.)
);
#4282=PRODUCT_DEFINITION_SHAPE('','',#4283);
#4283=PRODUCT_DEFINITION('','',#4285,#4284);
#4284=PRODUCT_DEFINITION_CONTEXT('',#4291,'design');
#4285=PRODUCT_DEFINITION_FORMATION_WITH_SPECIFIED_SOURCE('','',#4287,
 .NOT_KNOWN.);
#4286=PRODUCT_RELATED_PRODUCT_CATEGORY('','',(#4287));
#4287=PRODUCT('Cover 2','Cover 2','Cover 2',(#4289));
#4288=PRODUCT_CATEGORY('','');
#4289=PRODUCT_CONTEXT('',#4291,'mechanical');
#4290=APPLICATION_PROTOCOL_DEFINITION('international standard',
'ap242_managed_model_based_3d_engineering',2020,#4291);
#4291=APPLICATION_CONTEXT('managed model based 3d engineering');
ENDSEC;
END-ISO-10303-21;
