ISO-10303-21;
HEADER;
/* Generated by software containing ST-Developer
 * from STEP Tools, Inc. (www.steptools.com) 
 */
/* OPTION: using custom renumber hook */

FILE_DESCRIPTION(
/* description */ ('STEP AP242 Edition 2',
'CAx-IF Rec.Pracs.---Representation and Presentation of Product Manufa
cturing Information (PMI)---4.0---2014-10-13',
'CAx-IF Rec.Pracs.---3D Tessellated Geometry---0.4---2014-09-14','2;1',
'CAx-IF Rec.Pracs.---User Defined Attributes---1.5---2016-08-15'),
/* implementation_level */ '2;1');

FILE_NAME(
/* name */ 'Candy launcher - Platform',
/* time_stamp */ '2026-08-31T07:11:54Z',
/* author */ (''),
/* organization */ (''),
/* preprocessor_version */ 'ST-DEVELOPER v20',
/* originating_system */ 'ONSHAPE BY PTC INC, 1.220',
/* authorisation */ '  ');

FILE_SCHEMA (('AP242_MANAGED_MODEL_BASED_3D_ENGINEERING_MIM_LF { 1 0 10303 442 3 1 4 }'));
ENDSEC;

DATA;
#10=SHAPE_REPRESENTATION_RELATIONSHIP('','',#2087,#11);
#11=ADVANCED_BREP_SHAPE_REPRESENTATION('',(#2085),#3565);
#12=CONICAL_SURFACE('',#2175,0.0025,0.785398163397448);
#13=CONICAL_SURFACE('',#2176,0.015,0.785398163397448);
#14=CONICAL_SURFACE('',#2177,0.004,0.785398163397449);
#15=CONICAL_SURFACE('',#2182,0.000500000000000012,0.785398163397448);
#16=CONICAL_SURFACE('',#2183,0.013,0.78539816339745);
#17=CONICAL_SURFACE('',#2184,0.002,0.785398163397449);
#18=CONICAL_SURFACE('',#2221,0.0025,0.785398163397448);
#19=CONICAL_SURFACE('',#2222,0.015,0.785398163397448);
#20=CONICAL_SURFACE('',#2223,0.004,0.785398163397449);
#21=CONICAL_SURFACE('',#2228,0.000500000000000012,0.785398163397448);
#22=CONICAL_SURFACE('',#2229,0.013,0.78539816339745);
#23=CONICAL_SURFACE('',#2230,0.002,0.785398163397449);
#24=CONICAL_SURFACE('',#2282,0.002,0.785398163397449);
#25=CONICAL_SURFACE('',#2283,0.013,0.78539816339745);
#26=CONICAL_SURFACE('',#2284,0.000500000000000012,0.785398163397448);
#27=CONICAL_SURFACE('',#2304,0.004,0.785398163397449);
#28=CONICAL_SURFACE('',#2305,0.015,0.785398163397448);
#29=CONICAL_SURFACE('',#2306,0.0025,0.785398163397448);
#30=CONICAL_SURFACE('',#2313,0.00355,0.785398163397449);
#31=CONICAL_SURFACE('',#2314,0.00355,0.785398163397448);
#32=CONICAL_SURFACE('',#2315,0.00355,0.785398163397448);
#33=CONICAL_SURFACE('',#2322,0.00165,0.785398163397434);
#34=CONICAL_SURFACE('',#2323,0.00365000000000016,0.785398163397434);
#35=CONICAL_SURFACE('',#2324,0.00365000000000016,0.785398163397434);
#36=CYLINDRICAL_SURFACE('',#2142,0.0025);
#37=CYLINDRICAL_SURFACE('',#2145,0.015);
#38=CYLINDRICAL_SURFACE('',#2153,0.004);
#39=CYLINDRICAL_SURFACE('',#2156,0.0015);
#40=CYLINDRICAL_SURFACE('',#2160,0.0025);
#41=CYLINDRICAL_SURFACE('',#2163,0.015);
#42=CYLINDRICAL_SURFACE('',#2171,0.004);
#43=CYLINDRICAL_SURFACE('',#2178,0.0015);
#44=CYLINDRICAL_SURFACE('',#2188,0.0025);
#45=CYLINDRICAL_SURFACE('',#2191,0.015);
#46=CYLINDRICAL_SURFACE('',#2199,0.004);
#47=CYLINDRICAL_SURFACE('',#2202,0.0015);
#48=CYLINDRICAL_SURFACE('',#2206,0.0025);
#49=CYLINDRICAL_SURFACE('',#2209,0.015);
#50=CYLINDRICAL_SURFACE('',#2217,0.004);
#51=CYLINDRICAL_SURFACE('',#2224,0.0015);
#52=CYLINDRICAL_SURFACE('',#2233,0.0186602540378444);
#53=CYLINDRICAL_SURFACE('',#2235,0.013);
#54=CYLINDRICAL_SURFACE('',#2237,0.0186602540378442);
#55=CYLINDRICAL_SURFACE('',#2238,0.0186602540378444);
#56=CYLINDRICAL_SURFACE('',#2240,0.0186602540378444);
#57=CYLINDRICAL_SURFACE('',#2241,0.0186602540378443);
#58=CYLINDRICAL_SURFACE('',#2243,0.013);
#59=CYLINDRICAL_SURFACE('',#2245,0.0186602540378445);
#60=CYLINDRICAL_SURFACE('',#2246,0.0186602540378444);
#61=CYLINDRICAL_SURFACE('',#2248,0.0186602540378445);
#62=CYLINDRICAL_SURFACE('',#2249,0.0186602540378444);
#63=CYLINDRICAL_SURFACE('',#2251,0.013);
#64=CYLINDRICAL_SURFACE('',#2253,0.0186602540378445);
#65=CYLINDRICAL_SURFACE('',#2254,0.0186602540378445);
#66=CYLINDRICAL_SURFACE('',#2257,0.003);
#67=CYLINDRICAL_SURFACE('',#2259,0.003);
#68=CYLINDRICAL_SURFACE('',#2261,0.003);
#69=CYLINDRICAL_SURFACE('',#2262,0.0186602540378444);
#70=CYLINDRICAL_SURFACE('',#2263,0.004);
#71=CYLINDRICAL_SURFACE('',#2266,0.015);
#72=CYLINDRICAL_SURFACE('',#2269,0.0025);
#73=CYLINDRICAL_SURFACE('',#2272,0.0015);
#74=CYLINDRICAL_SURFACE('',#2285,0.004);
#75=CYLINDRICAL_SURFACE('',#2289,0.0025);
#76=CYLINDRICAL_SURFACE('',#2292,0.0015);
#77=CYLINDRICAL_SURFACE('',#2295,0.015);
#78=CYLINDRICAL_SURFACE('',#2307,0.00155);
#79=CYLINDRICAL_SURFACE('',#2309,0.00155);
#80=CYLINDRICAL_SURFACE('',#2311,0.00155);
#81=CYLINDRICAL_SURFACE('',#2316,0.00165);
#82=CYLINDRICAL_SURFACE('',#2318,0.00165);
#83=CYLINDRICAL_SURFACE('',#2320,0.00165);
#84=LINE('',#2977,#252);
#85=LINE('',#2982,#253);
#86=LINE('',#2986,#254);
#87=LINE('',#2989,#255);
#88=LINE('',#2992,#256);
#89=LINE('',#2994,#257);
#90=LINE('',#2996,#258);
#91=LINE('',#2998,#259);
#92=LINE('',#3004,#260);
#93=LINE('',#3008,#261);
#94=LINE('',#3014,#262);
#95=LINE('',#3016,#263);
#96=LINE('',#3018,#264);
#97=LINE('',#3020,#265);
#98=LINE('',#3022,#266);
#99=LINE('',#3028,#267);
#100=LINE('',#3032,#268);
#101=LINE('',#3038,#269);
#102=LINE('',#3040,#270);
#103=LINE('',#3042,#271);
#104=LINE('',#3044,#272);
#105=LINE('',#3046,#273);
#106=LINE('',#3052,#274);
#107=LINE('',#3056,#275);
#108=LINE('',#3078,#276);
#109=LINE('',#3083,#277);
#110=LINE('',#3087,#278);
#111=LINE('',#3090,#279);
#112=LINE('',#3097,#280);
#113=LINE('',#3101,#281);
#114=LINE('',#3107,#282);
#115=LINE('',#3109,#283);
#116=LINE('',#3111,#284);
#117=LINE('',#3113,#285);
#118=LINE('',#3115,#286);
#119=LINE('',#3117,#287);
#120=LINE('',#3119,#288);
#121=LINE('',#3121,#289);
#122=LINE('',#3123,#290);
#123=LINE('',#3125,#291);
#124=LINE('',#3127,#292);
#125=LINE('',#3133,#293);
#126=LINE('',#3137,#294);
#127=LINE('',#3143,#295);
#128=LINE('',#3145,#296);
#129=LINE('',#3147,#297);
#130=LINE('',#3149,#298);
#131=LINE('',#3151,#299);
#132=LINE('',#3153,#300);
#133=LINE('',#3155,#301);
#134=LINE('',#3157,#302);
#135=LINE('',#3159,#303);
#136=LINE('',#3161,#304);
#137=LINE('',#3163,#305);
#138=LINE('',#3169,#306);
#139=LINE('',#3173,#307);
#140=LINE('',#3179,#308);
#141=LINE('',#3181,#309);
#142=LINE('',#3183,#310);
#143=LINE('',#3185,#311);
#144=LINE('',#3187,#312);
#145=LINE('',#3189,#313);
#146=LINE('',#3191,#314);
#147=LINE('',#3193,#315);
#148=LINE('',#3195,#316);
#149=LINE('',#3197,#317);
#150=LINE('',#3199,#318);
#151=LINE('',#3201,#319);
#152=LINE('',#3202,#320);
#153=LINE('',#3204,#321);
#154=LINE('',#3205,#322);
#155=LINE('',#3207,#323);
#156=LINE('',#3210,#324);
#157=LINE('',#3211,#325);
#158=LINE('',#3215,#326);
#159=LINE('',#3221,#327);
#160=LINE('',#3232,#328);
#161=LINE('',#3233,#329);
#162=LINE('',#3244,#330);
#163=LINE('',#3246,#331);
#164=LINE('',#3248,#332);
#165=LINE('',#3250,#333);
#166=LINE('',#3256,#334);
#167=LINE('',#3270,#335);
#168=LINE('',#3275,#336);
#169=LINE('',#3277,#337);
#170=LINE('',#3279,#338);
#171=LINE('',#3286,#339);
#172=LINE('',#3288,#340);
#173=LINE('',#3289,#341);
#174=LINE('',#3291,#342);
#175=LINE('',#3294,#343);
#176=LINE('',#3296,#344);
#177=LINE('',#3297,#345);
#178=LINE('',#3299,#346);
#179=LINE('',#3300,#347);
#180=LINE('',#3302,#348);
#181=LINE('',#3305,#349);
#182=LINE('',#3306,#350);
#183=LINE('',#3310,#351);
#184=LINE('',#3316,#352);
#185=LINE('',#3327,#353);
#186=LINE('',#3328,#354);
#187=LINE('',#3339,#355);
#188=LINE('',#3341,#356);
#189=LINE('',#3343,#357);
#190=LINE('',#3345,#358);
#191=LINE('',#3351,#359);
#192=LINE('',#3365,#360);
#193=LINE('',#3370,#361);
#194=LINE('',#3372,#362);
#195=LINE('',#3374,#363);
#196=LINE('',#3381,#364);
#197=LINE('',#3383,#365);
#198=LINE('',#3384,#366);
#199=LINE('',#3386,#367);
#200=LINE('',#3389,#368);
#201=LINE('',#3390,#369);
#202=LINE('',#3392,#370);
#203=LINE('',#3394,#371);
#204=LINE('',#3395,#372);
#205=LINE('',#3397,#373);
#206=LINE('',#3398,#374);
#207=LINE('',#3400,#375);
#208=LINE('',#3402,#376);
#209=LINE('',#3404,#377);
#210=LINE('',#3406,#378);
#211=LINE('',#3408,#379);
#212=LINE('',#3410,#380);
#213=LINE('',#3412,#381);
#214=LINE('',#3414,#382);
#215=LINE('',#3416,#383);
#216=LINE('',#3418,#384);
#217=LINE('',#3420,#385);
#218=LINE('',#3422,#386);
#219=LINE('',#3424,#387);
#220=LINE('',#3426,#388);
#221=LINE('',#3429,#389);
#222=LINE('',#3431,#390);
#223=LINE('',#3433,#391);
#224=LINE('',#3435,#392);
#225=LINE('',#3437,#393);
#226=LINE('',#3439,#394);
#227=LINE('',#3441,#395);
#228=LINE('',#3444,#396);
#229=LINE('',#3445,#397);
#230=LINE('',#3447,#398);
#231=LINE('',#3449,#399);
#232=LINE('',#3451,#400);
#233=LINE('',#3453,#401);
#234=LINE('',#3457,#402);
#235=LINE('',#3462,#403);
#236=LINE('',#3466,#404);
#237=LINE('',#3480,#405);
#238=LINE('',#3481,#406);
#239=LINE('',#3487,#407);
#240=LINE('',#3492,#408);
#241=LINE('',#3494,#409);
#242=LINE('',#3496,#410);
#243=LINE('',#3499,#411);
#244=LINE('',#3504,#412);
#245=LINE('',#3508,#413);
#246=LINE('',#3509,#414);
#247=LINE('',#3511,#415);
#248=LINE('',#3531,#416);
#249=LINE('',#3534,#417);
#250=LINE('',#3536,#418);
#251=LINE('',#3538,#419);
#252=VECTOR('',#2337,1.);
#253=VECTOR('',#2340,1.);
#254=VECTOR('',#2343,1.);
#255=VECTOR('',#2346,1.);
#256=VECTOR('',#2347,1.);
#257=VECTOR('',#2348,1.);
#258=VECTOR('',#2349,1.);
#259=VECTOR('',#2350,1.);
#260=VECTOR('',#2355,1.);
#261=VECTOR('',#2358,1.);
#262=VECTOR('',#2363,1.);
#263=VECTOR('',#2364,1.);
#264=VECTOR('',#2365,1.);
#265=VECTOR('',#2366,1.);
#266=VECTOR('',#2367,1.);
#267=VECTOR('',#2372,1.);
#268=VECTOR('',#2375,1.);
#269=VECTOR('',#2380,1.);
#270=VECTOR('',#2381,1.);
#271=VECTOR('',#2382,1.);
#272=VECTOR('',#2383,1.);
#273=VECTOR('',#2384,1.);
#274=VECTOR('',#2389,1.);
#275=VECTOR('',#2392,1.);
#276=VECTOR('',#2415,1.);
#277=VECTOR('',#2418,1.);
#278=VECTOR('',#2421,1.);
#279=VECTOR('',#2424,1.);
#280=VECTOR('',#2429,1.);
#281=VECTOR('',#2432,1.);
#282=VECTOR('',#2437,1.);
#283=VECTOR('',#2438,1.);
#284=VECTOR('',#2439,1.);
#285=VECTOR('',#2440,1.);
#286=VECTOR('',#2441,1.);
#287=VECTOR('',#2442,1.);
#288=VECTOR('',#2443,1.);
#289=VECTOR('',#2444,1.);
#290=VECTOR('',#2445,1.);
#291=VECTOR('',#2446,1.);
#292=VECTOR('',#2447,1.);
#293=VECTOR('',#2452,1.);
#294=VECTOR('',#2455,1.);
#295=VECTOR('',#2460,1.);
#296=VECTOR('',#2461,1.);
#297=VECTOR('',#2462,1.);
#298=VECTOR('',#2463,1.);
#299=VECTOR('',#2464,1.);
#300=VECTOR('',#2465,1.);
#301=VECTOR('',#2466,1.);
#302=VECTOR('',#2467,1.);
#303=VECTOR('',#2468,1.);
#304=VECTOR('',#2469,1.);
#305=VECTOR('',#2470,1.);
#306=VECTOR('',#2475,1.);
#307=VECTOR('',#2478,1.);
#308=VECTOR('',#2483,1.);
#309=VECTOR('',#2484,1.);
#310=VECTOR('',#2485,1.);
#311=VECTOR('',#2486,1.);
#312=VECTOR('',#2487,1.);
#313=VECTOR('',#2488,1.);
#314=VECTOR('',#2489,1.);
#315=VECTOR('',#2490,1.);
#316=VECTOR('',#2491,1.);
#317=VECTOR('',#2492,1.);
#318=VECTOR('',#2495,1.);
#319=VECTOR('',#2496,1.);
#320=VECTOR('',#2497,1.);
#321=VECTOR('',#2500,1.);
#322=VECTOR('',#2501,1.);
#323=VECTOR('',#2504,1.);
#324=VECTOR('',#2505,1.);
#325=VECTOR('',#2506,1.);
#326=VECTOR('',#2511,1.);
#327=VECTOR('',#2518,1.);
#328=VECTOR('',#2529,1.);
#329=VECTOR('',#2530,1.);
#330=VECTOR('',#2547,1.);
#331=VECTOR('',#2548,1.);
#332=VECTOR('',#2549,1.);
#333=VECTOR('',#2552,1.);
#334=VECTOR('',#2559,1.);
#335=VECTOR('',#2574,1.);
#336=VECTOR('',#2583,1.);
#337=VECTOR('',#2586,1.);
#338=VECTOR('',#2589,1.);
#339=VECTOR('',#2600,1.);
#340=VECTOR('',#2603,1.);
#341=VECTOR('',#2604,1.);
#342=VECTOR('',#2607,1.);
#343=VECTOR('',#2612,1.);
#344=VECTOR('',#2613,1.);
#345=VECTOR('',#2614,1.);
#346=VECTOR('',#2617,1.);
#347=VECTOR('',#2618,1.);
#348=VECTOR('',#2621,1.);
#349=VECTOR('',#2622,1.);
#350=VECTOR('',#2623,1.);
#351=VECTOR('',#2628,1.);
#352=VECTOR('',#2635,1.);
#353=VECTOR('',#2646,1.);
#354=VECTOR('',#2647,1.);
#355=VECTOR('',#2664,1.);
#356=VECTOR('',#2665,1.);
#357=VECTOR('',#2666,1.);
#358=VECTOR('',#2669,1.);
#359=VECTOR('',#2676,1.);
#360=VECTOR('',#2691,1.);
#361=VECTOR('',#2700,1.);
#362=VECTOR('',#2703,1.);
#363=VECTOR('',#2706,1.);
#364=VECTOR('',#2717,1.);
#365=VECTOR('',#2720,1.);
#366=VECTOR('',#2721,1.);
#367=VECTOR('',#2724,1.);
#368=VECTOR('',#2729,1.);
#369=VECTOR('',#2730,1.);
#370=VECTOR('',#2733,1.);
#371=VECTOR('',#2734,1.);
#372=VECTOR('',#2735,1.);
#373=VECTOR('',#2738,1.);
#374=VECTOR('',#2739,1.);
#375=VECTOR('',#2742,1.);
#376=VECTOR('',#2745,1.);
#377=VECTOR('',#2748,1.);
#378=VECTOR('',#2751,1.);
#379=VECTOR('',#2754,1.);
#380=VECTOR('',#2757,1.);
#381=VECTOR('',#2758,1.);
#382=VECTOR('',#2761,1.);
#383=VECTOR('',#2764,1.);
#384=VECTOR('',#2767,1.);
#385=VECTOR('',#2770,1.);
#386=VECTOR('',#2773,1.);
#387=VECTOR('',#2776,1.);
#388=VECTOR('',#2779,1.);
#389=VECTOR('',#2784,1.);
#390=VECTOR('',#2787,1.);
#391=VECTOR('',#2790,1.);
#392=VECTOR('',#2793,1.);
#393=VECTOR('',#2796,1.);
#394=VECTOR('',#2799,1.);
#395=VECTOR('',#2802,1.);
#396=VECTOR('',#2807,1.);
#397=VECTOR('',#2808,1.);
#398=VECTOR('',#2811,1.);
#399=VECTOR('',#2814,1.);
#400=VECTOR('',#2817,1.);
#401=VECTOR('',#2820,1.);
#402=VECTOR('',#2827,1.);
#403=VECTOR('',#2830,1.);
#404=VECTOR('',#2835,1.);
#405=VECTOR('',#2854,1.);
#406=VECTOR('',#2855,1.);
#407=VECTOR('',#2862,1.);
#408=VECTOR('',#2869,1.);
#409=VECTOR('',#2872,1.);
#410=VECTOR('',#2875,1.);
#411=VECTOR('',#2880,1.);
#412=VECTOR('',#2883,1.);
#413=VECTOR('',#2888,1.);
#414=VECTOR('',#2889,1.);
#415=VECTOR('',#2892,1.);
#416=VECTOR('',#2917,1.);
#417=VECTOR('',#2922,1.);
#418=VECTOR('',#2925,1.);
#419=VECTOR('',#2928,1.);
#420=ORIENTED_EDGE('',*,*,#996,.T.);
#421=ORIENTED_EDGE('',*,*,#997,.F.);
#422=ORIENTED_EDGE('',*,*,#998,.F.);
#423=ORIENTED_EDGE('',*,*,#999,.F.);
#424=ORIENTED_EDGE('',*,*,#1000,.F.);
#425=ORIENTED_EDGE('',*,*,#1001,.F.);
#426=ORIENTED_EDGE('',*,*,#1002,.F.);
#427=ORIENTED_EDGE('',*,*,#1003,.F.);
#428=ORIENTED_EDGE('',*,*,#1004,.F.);
#429=ORIENTED_EDGE('',*,*,#1005,.F.);
#430=ORIENTED_EDGE('',*,*,#1006,.T.);
#431=ORIENTED_EDGE('',*,*,#1007,.T.);
#432=ORIENTED_EDGE('',*,*,#1008,.T.);
#433=ORIENTED_EDGE('',*,*,#1009,.F.);
#434=ORIENTED_EDGE('',*,*,#1010,.T.);
#435=ORIENTED_EDGE('',*,*,#1011,.F.);
#436=ORIENTED_EDGE('',*,*,#1012,.T.);
#437=ORIENTED_EDGE('',*,*,#1013,.T.);
#438=ORIENTED_EDGE('',*,*,#1014,.T.);
#439=ORIENTED_EDGE('',*,*,#1015,.T.);
#440=ORIENTED_EDGE('',*,*,#1016,.T.);
#441=ORIENTED_EDGE('',*,*,#1017,.F.);
#442=ORIENTED_EDGE('',*,*,#1018,.T.);
#443=ORIENTED_EDGE('',*,*,#1019,.T.);
#444=ORIENTED_EDGE('',*,*,#1020,.T.);
#445=ORIENTED_EDGE('',*,*,#1021,.F.);
#446=ORIENTED_EDGE('',*,*,#1022,.T.);
#447=ORIENTED_EDGE('',*,*,#1023,.F.);
#448=ORIENTED_EDGE('',*,*,#1024,.T.);
#449=ORIENTED_EDGE('',*,*,#1025,.T.);
#450=ORIENTED_EDGE('',*,*,#1026,.T.);
#451=ORIENTED_EDGE('',*,*,#1027,.T.);
#452=ORIENTED_EDGE('',*,*,#1028,.T.);
#453=ORIENTED_EDGE('',*,*,#1029,.F.);
#454=ORIENTED_EDGE('',*,*,#1030,.T.);
#455=ORIENTED_EDGE('',*,*,#1031,.T.);
#456=ORIENTED_EDGE('',*,*,#1032,.T.);
#457=ORIENTED_EDGE('',*,*,#1033,.F.);
#458=ORIENTED_EDGE('',*,*,#1034,.T.);
#459=ORIENTED_EDGE('',*,*,#1035,.F.);
#460=ORIENTED_EDGE('',*,*,#1036,.T.);
#461=ORIENTED_EDGE('',*,*,#1037,.T.);
#462=ORIENTED_EDGE('',*,*,#1038,.T.);
#463=ORIENTED_EDGE('',*,*,#1039,.T.);
#464=ORIENTED_EDGE('',*,*,#1040,.T.);
#465=ORIENTED_EDGE('',*,*,#1041,.F.);
#466=ORIENTED_EDGE('',*,*,#1042,.F.);
#467=ORIENTED_EDGE('',*,*,#1043,.F.);
#468=ORIENTED_EDGE('',*,*,#1044,.T.);
#469=ORIENTED_EDGE('',*,*,#1045,.T.);
#470=ORIENTED_EDGE('',*,*,#1046,.T.);
#471=ORIENTED_EDGE('',*,*,#1047,.T.);
#472=ORIENTED_EDGE('',*,*,#1048,.T.);
#473=ORIENTED_EDGE('',*,*,#1049,.T.);
#474=ORIENTED_EDGE('',*,*,#1050,.T.);
#475=ORIENTED_EDGE('',*,*,#1051,.T.);
#476=ORIENTED_EDGE('',*,*,#1052,.T.);
#477=ORIENTED_EDGE('',*,*,#1053,.T.);
#478=ORIENTED_EDGE('',*,*,#1054,.T.);
#479=ORIENTED_EDGE('',*,*,#1055,.T.);
#480=ORIENTED_EDGE('',*,*,#1056,.F.);
#481=ORIENTED_EDGE('',*,*,#1057,.T.);
#482=ORIENTED_EDGE('',*,*,#1058,.F.);
#483=ORIENTED_EDGE('',*,*,#1059,.F.);
#484=ORIENTED_EDGE('',*,*,#1060,.F.);
#485=ORIENTED_EDGE('',*,*,#1061,.F.);
#486=ORIENTED_EDGE('',*,*,#1062,.F.);
#487=ORIENTED_EDGE('',*,*,#1063,.T.);
#488=ORIENTED_EDGE('',*,*,#1064,.F.);
#489=ORIENTED_EDGE('',*,*,#1065,.F.);
#490=ORIENTED_EDGE('',*,*,#1066,.T.);
#491=ORIENTED_EDGE('',*,*,#1067,.T.);
#492=ORIENTED_EDGE('',*,*,#1068,.T.);
#493=ORIENTED_EDGE('',*,*,#1069,.F.);
#494=ORIENTED_EDGE('',*,*,#1070,.F.);
#495=ORIENTED_EDGE('',*,*,#1071,.F.);
#496=ORIENTED_EDGE('',*,*,#1072,.T.);
#497=ORIENTED_EDGE('',*,*,#1073,.T.);
#498=ORIENTED_EDGE('',*,*,#1074,.F.);
#499=ORIENTED_EDGE('',*,*,#1075,.T.);
#500=ORIENTED_EDGE('',*,*,#1076,.F.);
#501=ORIENTED_EDGE('',*,*,#1077,.F.);
#502=ORIENTED_EDGE('',*,*,#1078,.F.);
#503=ORIENTED_EDGE('',*,*,#1079,.F.);
#504=ORIENTED_EDGE('',*,*,#1080,.F.);
#505=ORIENTED_EDGE('',*,*,#1081,.T.);
#506=ORIENTED_EDGE('',*,*,#1082,.F.);
#507=ORIENTED_EDGE('',*,*,#1083,.F.);
#508=ORIENTED_EDGE('',*,*,#1084,.T.);
#509=ORIENTED_EDGE('',*,*,#1085,.T.);
#510=ORIENTED_EDGE('',*,*,#1086,.T.);
#511=ORIENTED_EDGE('',*,*,#1087,.F.);
#512=ORIENTED_EDGE('',*,*,#1088,.F.);
#513=ORIENTED_EDGE('',*,*,#1089,.F.);
#514=ORIENTED_EDGE('',*,*,#1090,.T.);
#515=ORIENTED_EDGE('',*,*,#1091,.T.);
#516=ORIENTED_EDGE('',*,*,#1092,.F.);
#517=ORIENTED_EDGE('',*,*,#1093,.T.);
#518=ORIENTED_EDGE('',*,*,#1094,.F.);
#519=ORIENTED_EDGE('',*,*,#1095,.F.);
#520=ORIENTED_EDGE('',*,*,#1096,.F.);
#521=ORIENTED_EDGE('',*,*,#1097,.F.);
#522=ORIENTED_EDGE('',*,*,#1098,.F.);
#523=ORIENTED_EDGE('',*,*,#1099,.T.);
#524=ORIENTED_EDGE('',*,*,#1100,.F.);
#525=ORIENTED_EDGE('',*,*,#1101,.F.);
#526=ORIENTED_EDGE('',*,*,#1102,.T.);
#527=ORIENTED_EDGE('',*,*,#1103,.T.);
#528=ORIENTED_EDGE('',*,*,#1104,.T.);
#529=ORIENTED_EDGE('',*,*,#1105,.F.);
#530=ORIENTED_EDGE('',*,*,#1106,.F.);
#531=ORIENTED_EDGE('',*,*,#1107,.F.);
#532=ORIENTED_EDGE('',*,*,#1108,.T.);
#533=ORIENTED_EDGE('',*,*,#1109,.T.);
#534=ORIENTED_EDGE('',*,*,#1010,.F.);
#535=ORIENTED_EDGE('',*,*,#1110,.T.);
#536=ORIENTED_EDGE('',*,*,#1111,.F.);
#537=ORIENTED_EDGE('',*,*,#1100,.T.);
#538=ORIENTED_EDGE('',*,*,#1112,.F.);
#539=ORIENTED_EDGE('',*,*,#1008,.F.);
#540=ORIENTED_EDGE('',*,*,#1113,.F.);
#541=ORIENTED_EDGE('',*,*,#1105,.T.);
#542=ORIENTED_EDGE('',*,*,#1114,.T.);
#543=ORIENTED_EDGE('',*,*,#1115,.F.);
#544=ORIENTED_EDGE('',*,*,#1116,.T.);
#545=ORIENTED_EDGE('',*,*,#1107,.T.);
#546=ORIENTED_EDGE('',*,*,#1117,.F.);
#547=ORIENTED_EDGE('',*,*,#1007,.F.);
#548=ORIENTED_EDGE('',*,*,#1118,.T.);
#549=ORIENTED_EDGE('',*,*,#1119,.T.);
#550=ORIENTED_EDGE('',*,*,#1120,.T.);
#551=ORIENTED_EDGE('',*,*,#1119,.F.);
#552=ORIENTED_EDGE('',*,*,#1121,.T.);
#553=ORIENTED_EDGE('',*,*,#1122,.T.);
#554=ORIENTED_EDGE('',*,*,#1123,.T.);
#555=ORIENTED_EDGE('',*,*,#1124,.F.);
#556=ORIENTED_EDGE('',*,*,#1125,.T.);
#557=ORIENTED_EDGE('',*,*,#1126,.T.);
#558=ORIENTED_EDGE('',*,*,#1127,.F.);
#559=ORIENTED_EDGE('',*,*,#1109,.F.);
#560=ORIENTED_EDGE('',*,*,#1128,.T.);
#561=ORIENTED_EDGE('',*,*,#1129,.T.);
#562=ORIENTED_EDGE('',*,*,#1122,.F.);
#563=ORIENTED_EDGE('',*,*,#1130,.T.);
#564=ORIENTED_EDGE('',*,*,#1115,.T.);
#565=ORIENTED_EDGE('',*,*,#1131,.T.);
#566=ORIENTED_EDGE('',*,*,#1124,.T.);
#567=ORIENTED_EDGE('',*,*,#1132,.F.);
#568=ORIENTED_EDGE('',*,*,#1132,.T.);
#569=ORIENTED_EDGE('',*,*,#1131,.F.);
#570=ORIENTED_EDGE('',*,*,#1117,.T.);
#571=ORIENTED_EDGE('',*,*,#1106,.T.);
#572=ORIENTED_EDGE('',*,*,#1113,.T.);
#573=ORIENTED_EDGE('',*,*,#1120,.F.);
#574=ORIENTED_EDGE('',*,*,#1123,.F.);
#575=ORIENTED_EDGE('',*,*,#1103,.F.);
#576=ORIENTED_EDGE('',*,*,#1133,.T.);
#577=ORIENTED_EDGE('',*,*,#1134,.T.);
#578=ORIENTED_EDGE('',*,*,#1135,.T.);
#579=ORIENTED_EDGE('',*,*,#1136,.F.);
#580=ORIENTED_EDGE('',*,*,#1137,.T.);
#581=ORIENTED_EDGE('',*,*,#1009,.T.);
#582=ORIENTED_EDGE('',*,*,#1138,.F.);
#583=ORIENTED_EDGE('',*,*,#1139,.F.);
#584=ORIENTED_EDGE('',*,*,#1140,.T.);
#585=ORIENTED_EDGE('',*,*,#1136,.T.);
#586=ORIENTED_EDGE('',*,*,#1141,.F.);
#587=ORIENTED_EDGE('',*,*,#1142,.T.);
#588=ORIENTED_EDGE('',*,*,#1111,.T.);
#589=ORIENTED_EDGE('',*,*,#1143,.T.);
#590=ORIENTED_EDGE('',*,*,#1144,.T.);
#591=ORIENTED_EDGE('',*,*,#1145,.T.);
#592=ORIENTED_EDGE('',*,*,#1146,.T.);
#593=ORIENTED_EDGE('',*,*,#1101,.T.);
#594=ORIENTED_EDGE('',*,*,#1134,.F.);
#595=ORIENTED_EDGE('',*,*,#1147,.T.);
#596=ORIENTED_EDGE('',*,*,#1139,.T.);
#597=ORIENTED_EDGE('',*,*,#1148,.F.);
#598=ORIENTED_EDGE('',*,*,#1102,.F.);
#599=ORIENTED_EDGE('',*,*,#1146,.F.);
#600=ORIENTED_EDGE('',*,*,#1149,.F.);
#601=ORIENTED_EDGE('',*,*,#1133,.F.);
#602=ORIENTED_EDGE('',*,*,#1150,.T.);
#603=ORIENTED_EDGE('',*,*,#1143,.F.);
#604=ORIENTED_EDGE('',*,*,#1110,.F.);
#605=ORIENTED_EDGE('',*,*,#1137,.F.);
#606=ORIENTED_EDGE('',*,*,#1151,.T.);
#607=ORIENTED_EDGE('',*,*,#1144,.F.);
#608=ORIENTED_EDGE('',*,*,#1150,.F.);
#609=ORIENTED_EDGE('',*,*,#1140,.F.);
#610=ORIENTED_EDGE('',*,*,#1149,.T.);
#611=ORIENTED_EDGE('',*,*,#1145,.F.);
#612=ORIENTED_EDGE('',*,*,#1151,.F.);
#613=ORIENTED_EDGE('',*,*,#1147,.F.);
#614=ORIENTED_EDGE('',*,*,#1142,.F.);
#615=ORIENTED_EDGE('',*,*,#1152,.T.);
#616=ORIENTED_EDGE('',*,*,#1152,.F.);
#617=ORIENTED_EDGE('',*,*,#1148,.T.);
#618=ORIENTED_EDGE('',*,*,#1141,.T.);
#619=ORIENTED_EDGE('',*,*,#1138,.T.);
#620=ORIENTED_EDGE('',*,*,#1114,.F.);
#621=ORIENTED_EDGE('',*,*,#1104,.F.);
#622=ORIENTED_EDGE('',*,*,#1135,.F.);
#623=ORIENTED_EDGE('',*,*,#1108,.F.);
#624=ORIENTED_EDGE('',*,*,#1116,.F.);
#625=ORIENTED_EDGE('',*,*,#1153,.F.);
#626=ORIENTED_EDGE('',*,*,#1128,.F.);
#627=ORIENTED_EDGE('',*,*,#1154,.T.);
#628=ORIENTED_EDGE('',*,*,#1118,.F.);
#629=ORIENTED_EDGE('',*,*,#1155,.F.);
#630=ORIENTED_EDGE('',*,*,#1126,.F.);
#631=ORIENTED_EDGE('',*,*,#1156,.T.);
#632=ORIENTED_EDGE('',*,*,#1121,.F.);
#633=ORIENTED_EDGE('',*,*,#1154,.F.);
#634=ORIENTED_EDGE('',*,*,#1125,.F.);
#635=ORIENTED_EDGE('',*,*,#1153,.T.);
#636=ORIENTED_EDGE('',*,*,#1130,.F.);
#637=ORIENTED_EDGE('',*,*,#1156,.F.);
#638=ORIENTED_EDGE('',*,*,#1129,.F.);
#639=ORIENTED_EDGE('',*,*,#1034,.F.);
#640=ORIENTED_EDGE('',*,*,#1157,.T.);
#641=ORIENTED_EDGE('',*,*,#1158,.F.);
#642=ORIENTED_EDGE('',*,*,#1064,.T.);
#643=ORIENTED_EDGE('',*,*,#1159,.F.);
#644=ORIENTED_EDGE('',*,*,#1032,.F.);
#645=ORIENTED_EDGE('',*,*,#1160,.F.);
#646=ORIENTED_EDGE('',*,*,#1069,.T.);
#647=ORIENTED_EDGE('',*,*,#1161,.T.);
#648=ORIENTED_EDGE('',*,*,#1162,.F.);
#649=ORIENTED_EDGE('',*,*,#1163,.T.);
#650=ORIENTED_EDGE('',*,*,#1071,.T.);
#651=ORIENTED_EDGE('',*,*,#1164,.F.);
#652=ORIENTED_EDGE('',*,*,#1031,.F.);
#653=ORIENTED_EDGE('',*,*,#1165,.T.);
#654=ORIENTED_EDGE('',*,*,#1166,.T.);
#655=ORIENTED_EDGE('',*,*,#1167,.T.);
#656=ORIENTED_EDGE('',*,*,#1166,.F.);
#657=ORIENTED_EDGE('',*,*,#1168,.T.);
#658=ORIENTED_EDGE('',*,*,#1169,.T.);
#659=ORIENTED_EDGE('',*,*,#1170,.T.);
#660=ORIENTED_EDGE('',*,*,#1171,.F.);
#661=ORIENTED_EDGE('',*,*,#1172,.T.);
#662=ORIENTED_EDGE('',*,*,#1173,.T.);
#663=ORIENTED_EDGE('',*,*,#1174,.F.);
#664=ORIENTED_EDGE('',*,*,#1073,.F.);
#665=ORIENTED_EDGE('',*,*,#1175,.T.);
#666=ORIENTED_EDGE('',*,*,#1176,.T.);
#667=ORIENTED_EDGE('',*,*,#1169,.F.);
#668=ORIENTED_EDGE('',*,*,#1177,.T.);
#669=ORIENTED_EDGE('',*,*,#1162,.T.);
#670=ORIENTED_EDGE('',*,*,#1178,.T.);
#671=ORIENTED_EDGE('',*,*,#1171,.T.);
#672=ORIENTED_EDGE('',*,*,#1179,.F.);
#673=ORIENTED_EDGE('',*,*,#1179,.T.);
#674=ORIENTED_EDGE('',*,*,#1178,.F.);
#675=ORIENTED_EDGE('',*,*,#1164,.T.);
#676=ORIENTED_EDGE('',*,*,#1070,.T.);
#677=ORIENTED_EDGE('',*,*,#1160,.T.);
#678=ORIENTED_EDGE('',*,*,#1167,.F.);
#679=ORIENTED_EDGE('',*,*,#1170,.F.);
#680=ORIENTED_EDGE('',*,*,#1067,.F.);
#681=ORIENTED_EDGE('',*,*,#1180,.T.);
#682=ORIENTED_EDGE('',*,*,#1181,.T.);
#683=ORIENTED_EDGE('',*,*,#1182,.T.);
#684=ORIENTED_EDGE('',*,*,#1183,.F.);
#685=ORIENTED_EDGE('',*,*,#1184,.T.);
#686=ORIENTED_EDGE('',*,*,#1033,.T.);
#687=ORIENTED_EDGE('',*,*,#1185,.F.);
#688=ORIENTED_EDGE('',*,*,#1186,.F.);
#689=ORIENTED_EDGE('',*,*,#1187,.T.);
#690=ORIENTED_EDGE('',*,*,#1183,.T.);
#691=ORIENTED_EDGE('',*,*,#1188,.F.);
#692=ORIENTED_EDGE('',*,*,#1189,.T.);
#693=ORIENTED_EDGE('',*,*,#1158,.T.);
#694=ORIENTED_EDGE('',*,*,#1190,.T.);
#695=ORIENTED_EDGE('',*,*,#1191,.T.);
#696=ORIENTED_EDGE('',*,*,#1192,.T.);
#697=ORIENTED_EDGE('',*,*,#1193,.T.);
#698=ORIENTED_EDGE('',*,*,#1065,.T.);
#699=ORIENTED_EDGE('',*,*,#1181,.F.);
#700=ORIENTED_EDGE('',*,*,#1194,.T.);
#701=ORIENTED_EDGE('',*,*,#1186,.T.);
#702=ORIENTED_EDGE('',*,*,#1195,.F.);
#703=ORIENTED_EDGE('',*,*,#1066,.F.);
#704=ORIENTED_EDGE('',*,*,#1193,.F.);
#705=ORIENTED_EDGE('',*,*,#1196,.F.);
#706=ORIENTED_EDGE('',*,*,#1180,.F.);
#707=ORIENTED_EDGE('',*,*,#1197,.T.);
#708=ORIENTED_EDGE('',*,*,#1190,.F.);
#709=ORIENTED_EDGE('',*,*,#1157,.F.);
#710=ORIENTED_EDGE('',*,*,#1184,.F.);
#711=ORIENTED_EDGE('',*,*,#1198,.T.);
#712=ORIENTED_EDGE('',*,*,#1191,.F.);
#713=ORIENTED_EDGE('',*,*,#1197,.F.);
#714=ORIENTED_EDGE('',*,*,#1187,.F.);
#715=ORIENTED_EDGE('',*,*,#1196,.T.);
#716=ORIENTED_EDGE('',*,*,#1192,.F.);
#717=ORIENTED_EDGE('',*,*,#1198,.F.);
#718=ORIENTED_EDGE('',*,*,#1194,.F.);
#719=ORIENTED_EDGE('',*,*,#1189,.F.);
#720=ORIENTED_EDGE('',*,*,#1199,.T.);
#721=ORIENTED_EDGE('',*,*,#1199,.F.);
#722=ORIENTED_EDGE('',*,*,#1195,.T.);
#723=ORIENTED_EDGE('',*,*,#1188,.T.);
#724=ORIENTED_EDGE('',*,*,#1185,.T.);
#725=ORIENTED_EDGE('',*,*,#1161,.F.);
#726=ORIENTED_EDGE('',*,*,#1068,.F.);
#727=ORIENTED_EDGE('',*,*,#1182,.F.);
#728=ORIENTED_EDGE('',*,*,#1072,.F.);
#729=ORIENTED_EDGE('',*,*,#1163,.F.);
#730=ORIENTED_EDGE('',*,*,#1200,.F.);
#731=ORIENTED_EDGE('',*,*,#1175,.F.);
#732=ORIENTED_EDGE('',*,*,#1201,.T.);
#733=ORIENTED_EDGE('',*,*,#1165,.F.);
#734=ORIENTED_EDGE('',*,*,#1202,.F.);
#735=ORIENTED_EDGE('',*,*,#1173,.F.);
#736=ORIENTED_EDGE('',*,*,#1203,.T.);
#737=ORIENTED_EDGE('',*,*,#1168,.F.);
#738=ORIENTED_EDGE('',*,*,#1201,.F.);
#739=ORIENTED_EDGE('',*,*,#1172,.F.);
#740=ORIENTED_EDGE('',*,*,#1200,.T.);
#741=ORIENTED_EDGE('',*,*,#1177,.F.);
#742=ORIENTED_EDGE('',*,*,#1203,.F.);
#743=ORIENTED_EDGE('',*,*,#1176,.F.);
#744=ORIENTED_EDGE('',*,*,#1204,.T.);
#745=ORIENTED_EDGE('',*,*,#1020,.F.);
#746=ORIENTED_EDGE('',*,*,#1205,.F.);
#747=ORIENTED_EDGE('',*,*,#1087,.T.);
#748=ORIENTED_EDGE('',*,*,#1022,.F.);
#749=ORIENTED_EDGE('',*,*,#1206,.T.);
#750=ORIENTED_EDGE('',*,*,#1207,.F.);
#751=ORIENTED_EDGE('',*,*,#1082,.T.);
#752=ORIENTED_EDGE('',*,*,#1208,.F.);
#753=ORIENTED_EDGE('',*,*,#1098,.T.);
#754=ORIENTED_EDGE('',*,*,#1209,.F.);
#755=ORIENTED_EDGE('',*,*,#1012,.F.);
#756=ORIENTED_EDGE('',*,*,#1210,.T.);
#757=ORIENTED_EDGE('',*,*,#1097,.T.);
#758=ORIENTED_EDGE('',*,*,#1211,.F.);
#759=ORIENTED_EDGE('',*,*,#1013,.F.);
#760=ORIENTED_EDGE('',*,*,#1209,.T.);
#761=ORIENTED_EDGE('',*,*,#1096,.T.);
#762=ORIENTED_EDGE('',*,*,#1212,.F.);
#763=ORIENTED_EDGE('',*,*,#1014,.F.);
#764=ORIENTED_EDGE('',*,*,#1211,.T.);
#765=ORIENTED_EDGE('',*,*,#1095,.T.);
#766=ORIENTED_EDGE('',*,*,#1213,.F.);
#767=ORIENTED_EDGE('',*,*,#1015,.F.);
#768=ORIENTED_EDGE('',*,*,#1212,.T.);
#769=ORIENTED_EDGE('',*,*,#1094,.T.);
#770=ORIENTED_EDGE('',*,*,#1214,.F.);
#771=ORIENTED_EDGE('',*,*,#1016,.F.);
#772=ORIENTED_EDGE('',*,*,#1213,.T.);
#773=ORIENTED_EDGE('',*,*,#1093,.F.);
#774=ORIENTED_EDGE('',*,*,#1215,.F.);
#775=ORIENTED_EDGE('',*,*,#1017,.T.);
#776=ORIENTED_EDGE('',*,*,#1214,.T.);
#777=ORIENTED_EDGE('',*,*,#1092,.T.);
#778=ORIENTED_EDGE('',*,*,#1216,.T.);
#779=ORIENTED_EDGE('',*,*,#1217,.T.);
#780=ORIENTED_EDGE('',*,*,#1018,.F.);
#781=ORIENTED_EDGE('',*,*,#1215,.T.);
#782=ORIENTED_EDGE('',*,*,#1081,.F.);
#783=ORIENTED_EDGE('',*,*,#1218,.F.);
#784=ORIENTED_EDGE('',*,*,#1023,.T.);
#785=ORIENTED_EDGE('',*,*,#1208,.T.);
#786=ORIENTED_EDGE('',*,*,#1080,.T.);
#787=ORIENTED_EDGE('',*,*,#1219,.F.);
#788=ORIENTED_EDGE('',*,*,#1024,.F.);
#789=ORIENTED_EDGE('',*,*,#1218,.T.);
#790=ORIENTED_EDGE('',*,*,#1079,.T.);
#791=ORIENTED_EDGE('',*,*,#1220,.F.);
#792=ORIENTED_EDGE('',*,*,#1025,.F.);
#793=ORIENTED_EDGE('',*,*,#1219,.T.);
#794=ORIENTED_EDGE('',*,*,#1078,.T.);
#795=ORIENTED_EDGE('',*,*,#1221,.F.);
#796=ORIENTED_EDGE('',*,*,#1026,.F.);
#797=ORIENTED_EDGE('',*,*,#1220,.T.);
#798=ORIENTED_EDGE('',*,*,#1077,.T.);
#799=ORIENTED_EDGE('',*,*,#1222,.F.);
#800=ORIENTED_EDGE('',*,*,#1027,.F.);
#801=ORIENTED_EDGE('',*,*,#1221,.T.);
#802=ORIENTED_EDGE('',*,*,#1076,.T.);
#803=ORIENTED_EDGE('',*,*,#1223,.F.);
#804=ORIENTED_EDGE('',*,*,#1028,.F.);
#805=ORIENTED_EDGE('',*,*,#1222,.T.);
#806=ORIENTED_EDGE('',*,*,#1075,.F.);
#807=ORIENTED_EDGE('',*,*,#1224,.F.);
#808=ORIENTED_EDGE('',*,*,#1029,.T.);
#809=ORIENTED_EDGE('',*,*,#1223,.T.);
#810=ORIENTED_EDGE('',*,*,#1030,.F.);
#811=ORIENTED_EDGE('',*,*,#1224,.T.);
#812=ORIENTED_EDGE('',*,*,#1074,.T.);
#813=ORIENTED_EDGE('',*,*,#1174,.T.);
#814=ORIENTED_EDGE('',*,*,#1202,.T.);
#815=ORIENTED_EDGE('',*,*,#1063,.F.);
#816=ORIENTED_EDGE('',*,*,#1225,.F.);
#817=ORIENTED_EDGE('',*,*,#1035,.T.);
#818=ORIENTED_EDGE('',*,*,#1159,.T.);
#819=ORIENTED_EDGE('',*,*,#1062,.T.);
#820=ORIENTED_EDGE('',*,*,#1226,.F.);
#821=ORIENTED_EDGE('',*,*,#1036,.F.);
#822=ORIENTED_EDGE('',*,*,#1225,.T.);
#823=ORIENTED_EDGE('',*,*,#1061,.T.);
#824=ORIENTED_EDGE('',*,*,#1227,.F.);
#825=ORIENTED_EDGE('',*,*,#1037,.F.);
#826=ORIENTED_EDGE('',*,*,#1226,.T.);
#827=ORIENTED_EDGE('',*,*,#1060,.T.);
#828=ORIENTED_EDGE('',*,*,#1228,.F.);
#829=ORIENTED_EDGE('',*,*,#1038,.F.);
#830=ORIENTED_EDGE('',*,*,#1227,.T.);
#831=ORIENTED_EDGE('',*,*,#1059,.T.);
#832=ORIENTED_EDGE('',*,*,#1229,.F.);
#833=ORIENTED_EDGE('',*,*,#1039,.F.);
#834=ORIENTED_EDGE('',*,*,#1228,.T.);
#835=ORIENTED_EDGE('',*,*,#1058,.T.);
#836=ORIENTED_EDGE('',*,*,#1230,.F.);
#837=ORIENTED_EDGE('',*,*,#1040,.F.);
#838=ORIENTED_EDGE('',*,*,#1229,.T.);
#839=ORIENTED_EDGE('',*,*,#1057,.F.);
#840=ORIENTED_EDGE('',*,*,#1231,.F.);
#841=ORIENTED_EDGE('',*,*,#1041,.T.);
#842=ORIENTED_EDGE('',*,*,#1230,.T.);
#843=ORIENTED_EDGE('',*,*,#1006,.F.);
#844=ORIENTED_EDGE('',*,*,#1231,.T.);
#845=ORIENTED_EDGE('',*,*,#1056,.T.);
#846=ORIENTED_EDGE('',*,*,#1127,.T.);
#847=ORIENTED_EDGE('',*,*,#1155,.T.);
#848=ORIENTED_EDGE('',*,*,#1050,.F.);
#849=ORIENTED_EDGE('',*,*,#1232,.F.);
#850=ORIENTED_EDGE('',*,*,#1000,.T.);
#851=ORIENTED_EDGE('',*,*,#1233,.T.);
#852=ORIENTED_EDGE('',*,*,#1055,.F.);
#853=ORIENTED_EDGE('',*,*,#1234,.F.);
#854=ORIENTED_EDGE('',*,*,#1001,.T.);
#855=ORIENTED_EDGE('',*,*,#1232,.T.);
#856=ORIENTED_EDGE('',*,*,#1054,.F.);
#857=ORIENTED_EDGE('',*,*,#1235,.F.);
#858=ORIENTED_EDGE('',*,*,#1002,.T.);
#859=ORIENTED_EDGE('',*,*,#1234,.T.);
#860=ORIENTED_EDGE('',*,*,#1053,.F.);
#861=ORIENTED_EDGE('',*,*,#1236,.F.);
#862=ORIENTED_EDGE('',*,*,#1003,.T.);
#863=ORIENTED_EDGE('',*,*,#1235,.T.);
#864=ORIENTED_EDGE('',*,*,#1052,.F.);
#865=ORIENTED_EDGE('',*,*,#1237,.F.);
#866=ORIENTED_EDGE('',*,*,#1004,.T.);
#867=ORIENTED_EDGE('',*,*,#1236,.T.);
#868=ORIENTED_EDGE('',*,*,#1051,.F.);
#869=ORIENTED_EDGE('',*,*,#1233,.F.);
#870=ORIENTED_EDGE('',*,*,#1005,.T.);
#871=ORIENTED_EDGE('',*,*,#1237,.T.);
#872=ORIENTED_EDGE('',*,*,#1099,.F.);
#873=ORIENTED_EDGE('',*,*,#1210,.F.);
#874=ORIENTED_EDGE('',*,*,#1011,.T.);
#875=ORIENTED_EDGE('',*,*,#1112,.T.);
#876=ORIENTED_EDGE('',*,*,#1238,.F.);
#877=ORIENTED_EDGE('',*,*,#1239,.T.);
#878=ORIENTED_EDGE('',*,*,#1240,.T.);
#879=ORIENTED_EDGE('',*,*,#1241,.T.);
#880=ORIENTED_EDGE('',*,*,#1242,.F.);
#881=ORIENTED_EDGE('',*,*,#1243,.T.);
#882=ORIENTED_EDGE('',*,*,#1238,.T.);
#883=ORIENTED_EDGE('',*,*,#1244,.T.);
#884=ORIENTED_EDGE('',*,*,#1019,.F.);
#885=ORIENTED_EDGE('',*,*,#1245,.T.);
#886=ORIENTED_EDGE('',*,*,#1242,.T.);
#887=ORIENTED_EDGE('',*,*,#1246,.T.);
#888=ORIENTED_EDGE('',*,*,#1247,.T.);
#889=ORIENTED_EDGE('',*,*,#1248,.F.);
#890=ORIENTED_EDGE('',*,*,#1240,.F.);
#891=ORIENTED_EDGE('',*,*,#1249,.T.);
#892=ORIENTED_EDGE('',*,*,#1089,.T.);
#893=ORIENTED_EDGE('',*,*,#1250,.F.);
#894=ORIENTED_EDGE('',*,*,#1247,.F.);
#895=ORIENTED_EDGE('',*,*,#1251,.T.);
#896=ORIENTED_EDGE('',*,*,#1252,.T.);
#897=ORIENTED_EDGE('',*,*,#1216,.F.);
#898=ORIENTED_EDGE('',*,*,#1091,.F.);
#899=ORIENTED_EDGE('',*,*,#1253,.T.);
#900=ORIENTED_EDGE('',*,*,#1254,.T.);
#901=ORIENTED_EDGE('',*,*,#1248,.T.);
#902=ORIENTED_EDGE('',*,*,#1241,.F.);
#903=ORIENTED_EDGE('',*,*,#1250,.T.);
#904=ORIENTED_EDGE('',*,*,#1088,.T.);
#905=ORIENTED_EDGE('',*,*,#1205,.T.);
#906=ORIENTED_EDGE('',*,*,#1246,.F.);
#907=ORIENTED_EDGE('',*,*,#1244,.F.);
#908=ORIENTED_EDGE('',*,*,#1090,.F.);
#909=ORIENTED_EDGE('',*,*,#1249,.F.);
#910=ORIENTED_EDGE('',*,*,#1255,.F.);
#911=ORIENTED_EDGE('',*,*,#1253,.F.);
#912=ORIENTED_EDGE('',*,*,#1255,.T.);
#913=ORIENTED_EDGE('',*,*,#1239,.F.);
#914=ORIENTED_EDGE('',*,*,#1256,.F.);
#915=ORIENTED_EDGE('',*,*,#1254,.F.);
#916=ORIENTED_EDGE('',*,*,#1256,.T.);
#917=ORIENTED_EDGE('',*,*,#1243,.F.);
#918=ORIENTED_EDGE('',*,*,#1257,.F.);
#919=ORIENTED_EDGE('',*,*,#1251,.F.);
#920=ORIENTED_EDGE('',*,*,#1257,.T.);
#921=ORIENTED_EDGE('',*,*,#1245,.F.);
#922=ORIENTED_EDGE('',*,*,#1217,.F.);
#923=ORIENTED_EDGE('',*,*,#1252,.F.);
#924=ORIENTED_EDGE('',*,*,#1258,.F.);
#925=ORIENTED_EDGE('',*,*,#1259,.T.);
#926=ORIENTED_EDGE('',*,*,#1260,.T.);
#927=ORIENTED_EDGE('',*,*,#1261,.F.);
#928=ORIENTED_EDGE('',*,*,#1085,.F.);
#929=ORIENTED_EDGE('',*,*,#1262,.T.);
#930=ORIENTED_EDGE('',*,*,#1258,.T.);
#931=ORIENTED_EDGE('',*,*,#1263,.T.);
#932=ORIENTED_EDGE('',*,*,#1264,.F.);
#933=ORIENTED_EDGE('',*,*,#1265,.T.);
#934=ORIENTED_EDGE('',*,*,#1021,.T.);
#935=ORIENTED_EDGE('',*,*,#1266,.F.);
#936=ORIENTED_EDGE('',*,*,#1267,.F.);
#937=ORIENTED_EDGE('',*,*,#1268,.T.);
#938=ORIENTED_EDGE('',*,*,#1260,.F.);
#939=ORIENTED_EDGE('',*,*,#1269,.T.);
#940=ORIENTED_EDGE('',*,*,#1264,.T.);
#941=ORIENTED_EDGE('',*,*,#1270,.F.);
#942=ORIENTED_EDGE('',*,*,#1267,.T.);
#943=ORIENTED_EDGE('',*,*,#1207,.T.);
#944=ORIENTED_EDGE('',*,*,#1271,.T.);
#945=ORIENTED_EDGE('',*,*,#1272,.T.);
#946=ORIENTED_EDGE('',*,*,#1273,.T.);
#947=ORIENTED_EDGE('',*,*,#1274,.T.);
#948=ORIENTED_EDGE('',*,*,#1083,.T.);
#949=ORIENTED_EDGE('',*,*,#1268,.F.);
#950=ORIENTED_EDGE('',*,*,#1261,.T.);
#951=ORIENTED_EDGE('',*,*,#1270,.T.);
#952=ORIENTED_EDGE('',*,*,#1266,.T.);
#953=ORIENTED_EDGE('',*,*,#1204,.F.);
#954=ORIENTED_EDGE('',*,*,#1086,.F.);
#955=ORIENTED_EDGE('',*,*,#1263,.F.);
#956=ORIENTED_EDGE('',*,*,#1084,.F.);
#957=ORIENTED_EDGE('',*,*,#1274,.F.);
#958=ORIENTED_EDGE('',*,*,#1275,.F.);
#959=ORIENTED_EDGE('',*,*,#1262,.F.);
#960=ORIENTED_EDGE('',*,*,#1275,.T.);
#961=ORIENTED_EDGE('',*,*,#1273,.F.);
#962=ORIENTED_EDGE('',*,*,#1276,.F.);
#963=ORIENTED_EDGE('',*,*,#1259,.F.);
#964=ORIENTED_EDGE('',*,*,#1276,.T.);
#965=ORIENTED_EDGE('',*,*,#1272,.F.);
#966=ORIENTED_EDGE('',*,*,#1277,.F.);
#967=ORIENTED_EDGE('',*,*,#1269,.F.);
#968=ORIENTED_EDGE('',*,*,#1277,.T.);
#969=ORIENTED_EDGE('',*,*,#1271,.F.);
#970=ORIENTED_EDGE('',*,*,#1206,.F.);
#971=ORIENTED_EDGE('',*,*,#1265,.F.);
#972=ORIENTED_EDGE('',*,*,#1278,.T.);
#973=ORIENTED_EDGE('',*,*,#999,.T.);
#974=ORIENTED_EDGE('',*,*,#1279,.T.);
#975=ORIENTED_EDGE('',*,*,#998,.T.);
#976=ORIENTED_EDGE('',*,*,#1280,.T.);
#977=ORIENTED_EDGE('',*,*,#997,.T.);
#978=ORIENTED_EDGE('',*,*,#1280,.F.);
#979=ORIENTED_EDGE('',*,*,#1047,.F.);
#980=ORIENTED_EDGE('',*,*,#1278,.F.);
#981=ORIENTED_EDGE('',*,*,#1048,.F.);
#982=ORIENTED_EDGE('',*,*,#1279,.F.);
#983=ORIENTED_EDGE('',*,*,#1049,.F.);
#984=ORIENTED_EDGE('',*,*,#1281,.T.);
#985=ORIENTED_EDGE('',*,*,#996,.F.);
#986=ORIENTED_EDGE('',*,*,#1282,.T.);
#987=ORIENTED_EDGE('',*,*,#1042,.T.);
#988=ORIENTED_EDGE('',*,*,#1283,.T.);
#989=ORIENTED_EDGE('',*,*,#1043,.T.);
#990=ORIENTED_EDGE('',*,*,#1044,.F.);
#991=ORIENTED_EDGE('',*,*,#1281,.F.);
#992=ORIENTED_EDGE('',*,*,#1283,.F.);
#993=ORIENTED_EDGE('',*,*,#1045,.F.);
#994=ORIENTED_EDGE('',*,*,#1282,.F.);
#995=ORIENTED_EDGE('',*,*,#1046,.F.);
#996=EDGE_CURVE('',#1284,#1284,#1476,.T.);
#997=EDGE_CURVE('',#1285,#1285,#1477,.T.);
#998=EDGE_CURVE('',#1286,#1286,#1478,.T.);
#999=EDGE_CURVE('',#1287,#1287,#1479,.T.);
#1000=EDGE_CURVE('',#1288,#1289,#84,.T.);
#1001=EDGE_CURVE('',#1290,#1288,#1480,.T.);
#1002=EDGE_CURVE('',#1291,#1290,#85,.T.);
#1003=EDGE_CURVE('',#1292,#1291,#1481,.T.);
#1004=EDGE_CURVE('',#1293,#1292,#86,.T.);
#1005=EDGE_CURVE('',#1289,#1293,#1482,.T.);
#1006=EDGE_CURVE('',#1294,#1295,#87,.T.);
#1007=EDGE_CURVE('',#1295,#1296,#88,.T.);
#1008=EDGE_CURVE('',#1296,#1297,#89,.T.);
#1009=EDGE_CURVE('',#1298,#1297,#90,.T.);
#1010=EDGE_CURVE('',#1298,#1299,#91,.T.);
#1011=EDGE_CURVE('',#1300,#1299,#1483,.T.);
#1012=EDGE_CURVE('',#1300,#1301,#1484,.T.);
#1013=EDGE_CURVE('',#1301,#1302,#92,.T.);
#1014=EDGE_CURVE('',#1302,#1303,#1485,.T.);
#1015=EDGE_CURVE('',#1303,#1304,#93,.T.);
#1016=EDGE_CURVE('',#1304,#1305,#1486,.T.);
#1017=EDGE_CURVE('',#1306,#1305,#1487,.T.);
#1018=EDGE_CURVE('',#1306,#1307,#94,.T.);
#1019=EDGE_CURVE('',#1307,#1308,#95,.T.);
#1020=EDGE_CURVE('',#1308,#1309,#96,.T.);
#1021=EDGE_CURVE('',#1310,#1309,#97,.T.);
#1022=EDGE_CURVE('',#1310,#1311,#98,.T.);
#1023=EDGE_CURVE('',#1312,#1311,#1488,.T.);
#1024=EDGE_CURVE('',#1312,#1313,#1489,.T.);
#1025=EDGE_CURVE('',#1313,#1314,#99,.T.);
#1026=EDGE_CURVE('',#1314,#1315,#1490,.T.);
#1027=EDGE_CURVE('',#1315,#1316,#100,.T.);
#1028=EDGE_CURVE('',#1316,#1317,#1491,.T.);
#1029=EDGE_CURVE('',#1318,#1317,#1492,.T.);
#1030=EDGE_CURVE('',#1318,#1319,#101,.T.);
#1031=EDGE_CURVE('',#1319,#1320,#102,.T.);
#1032=EDGE_CURVE('',#1320,#1321,#103,.T.);
#1033=EDGE_CURVE('',#1322,#1321,#104,.T.);
#1034=EDGE_CURVE('',#1322,#1323,#105,.T.);
#1035=EDGE_CURVE('',#1324,#1323,#1493,.T.);
#1036=EDGE_CURVE('',#1324,#1325,#1494,.T.);
#1037=EDGE_CURVE('',#1325,#1326,#106,.T.);
#1038=EDGE_CURVE('',#1326,#1327,#1495,.T.);
#1039=EDGE_CURVE('',#1327,#1328,#107,.T.);
#1040=EDGE_CURVE('',#1328,#1329,#1496,.T.);
#1041=EDGE_CURVE('',#1294,#1329,#1497,.T.);
#1042=EDGE_CURVE('',#1330,#1330,#1498,.T.);
#1043=EDGE_CURVE('',#1331,#1331,#1499,.T.);
#1044=EDGE_CURVE('',#1332,#1332,#1500,.T.);
#1045=EDGE_CURVE('',#1333,#1333,#1501,.T.);
#1046=EDGE_CURVE('',#1334,#1334,#1502,.T.);
#1047=EDGE_CURVE('',#1335,#1335,#1503,.T.);
#1048=EDGE_CURVE('',#1336,#1336,#1504,.T.);
#1049=EDGE_CURVE('',#1337,#1337,#1505,.T.);
#1050=EDGE_CURVE('',#1338,#1339,#108,.T.);
#1051=EDGE_CURVE('',#1339,#1340,#1506,.T.);
#1052=EDGE_CURVE('',#1340,#1341,#109,.T.);
#1053=EDGE_CURVE('',#1341,#1342,#1507,.T.);
#1054=EDGE_CURVE('',#1342,#1343,#110,.T.);
#1055=EDGE_CURVE('',#1343,#1338,#1508,.T.);
#1056=EDGE_CURVE('',#1344,#1345,#111,.T.);
#1057=EDGE_CURVE('',#1344,#1346,#1509,.T.);
#1058=EDGE_CURVE('',#1347,#1346,#1510,.T.);
#1059=EDGE_CURVE('',#1348,#1347,#112,.T.);
#1060=EDGE_CURVE('',#1349,#1348,#1511,.T.);
#1061=EDGE_CURVE('',#1350,#1349,#113,.T.);
#1062=EDGE_CURVE('',#1351,#1350,#1512,.T.);
#1063=EDGE_CURVE('',#1351,#1352,#1513,.T.);
#1064=EDGE_CURVE('',#1353,#1352,#114,.T.);
#1065=EDGE_CURVE('',#1354,#1353,#115,.T.);
#1066=EDGE_CURVE('',#1354,#1355,#116,.T.);
#1067=EDGE_CURVE('',#1355,#1356,#117,.T.);
#1068=EDGE_CURVE('',#1356,#1357,#118,.T.);
#1069=EDGE_CURVE('',#1358,#1357,#119,.T.);
#1070=EDGE_CURVE('',#1359,#1358,#120,.T.);
#1071=EDGE_CURVE('',#1360,#1359,#121,.T.);
#1072=EDGE_CURVE('',#1360,#1361,#122,.F.);
#1073=EDGE_CURVE('',#1361,#1362,#123,.T.);
#1074=EDGE_CURVE('',#1363,#1362,#124,.T.);
#1075=EDGE_CURVE('',#1363,#1364,#1514,.T.);
#1076=EDGE_CURVE('',#1365,#1364,#1515,.T.);
#1077=EDGE_CURVE('',#1366,#1365,#125,.T.);
#1078=EDGE_CURVE('',#1367,#1366,#1516,.T.);
#1079=EDGE_CURVE('',#1368,#1367,#126,.T.);
#1080=EDGE_CURVE('',#1369,#1368,#1517,.T.);
#1081=EDGE_CURVE('',#1369,#1370,#1518,.T.);
#1082=EDGE_CURVE('',#1371,#1370,#127,.T.);
#1083=EDGE_CURVE('',#1372,#1371,#128,.T.);
#1084=EDGE_CURVE('',#1372,#1373,#129,.T.);
#1085=EDGE_CURVE('',#1373,#1374,#130,.T.);
#1086=EDGE_CURVE('',#1374,#1375,#131,.T.);
#1087=EDGE_CURVE('',#1376,#1375,#132,.T.);
#1088=EDGE_CURVE('',#1377,#1376,#133,.T.);
#1089=EDGE_CURVE('',#1378,#1377,#134,.T.);
#1090=EDGE_CURVE('',#1378,#1379,#135,.F.);
#1091=EDGE_CURVE('',#1379,#1380,#136,.T.);
#1092=EDGE_CURVE('',#1381,#1380,#137,.T.);
#1093=EDGE_CURVE('',#1381,#1382,#1519,.T.);
#1094=EDGE_CURVE('',#1383,#1382,#1520,.T.);
#1095=EDGE_CURVE('',#1384,#1383,#138,.T.);
#1096=EDGE_CURVE('',#1385,#1384,#1521,.T.);
#1097=EDGE_CURVE('',#1386,#1385,#139,.T.);
#1098=EDGE_CURVE('',#1387,#1386,#1522,.T.);
#1099=EDGE_CURVE('',#1387,#1388,#1523,.T.);
#1100=EDGE_CURVE('',#1389,#1388,#140,.T.);
#1101=EDGE_CURVE('',#1390,#1389,#141,.T.);
#1102=EDGE_CURVE('',#1390,#1391,#142,.T.);
#1103=EDGE_CURVE('',#1391,#1392,#143,.T.);
#1104=EDGE_CURVE('',#1392,#1393,#144,.T.);
#1105=EDGE_CURVE('',#1394,#1393,#145,.T.);
#1106=EDGE_CURVE('',#1395,#1394,#146,.T.);
#1107=EDGE_CURVE('',#1396,#1395,#147,.T.);
#1108=EDGE_CURVE('',#1396,#1397,#148,.F.);
#1109=EDGE_CURVE('',#1397,#1345,#149,.T.);
#1110=EDGE_CURVE('',#1298,#1398,#150,.T.);
#1111=EDGE_CURVE('',#1389,#1398,#151,.T.);
#1112=EDGE_CURVE('',#1299,#1388,#152,.T.);
#1113=EDGE_CURVE('',#1394,#1296,#153,.T.);
#1114=EDGE_CURVE('',#1393,#1297,#154,.T.);
#1115=EDGE_CURVE('',#1399,#1400,#155,.T.);
#1116=EDGE_CURVE('',#1399,#1396,#156,.T.);
#1117=EDGE_CURVE('',#1400,#1395,#157,.T.);
#1118=EDGE_CURVE('',#1295,#1401,#1524,.F.);
#1119=EDGE_CURVE('',#1401,#1402,#158,.T.);
#1120=EDGE_CURVE('',#1402,#1296,#1525,.T.);
#1121=EDGE_CURVE('',#1401,#1403,#1526,.F.);
#1122=EDGE_CURVE('',#1403,#1404,#159,.T.);
#1123=EDGE_CURVE('',#1404,#1402,#1527,.T.);
#1124=EDGE_CURVE('',#1405,#1405,#1528,.T.);
#1125=EDGE_CURVE('',#1406,#1407,#1529,.T.);
#1126=EDGE_CURVE('',#1407,#1408,#1530,.T.);
#1127=EDGE_CURVE('',#1345,#1408,#160,.T.);
#1128=EDGE_CURVE('',#1397,#1409,#161,.T.);
#1129=EDGE_CURVE('',#1409,#1406,#1531,.T.);
#1130=EDGE_CURVE('',#1403,#1399,#1532,.F.);
#1131=EDGE_CURVE('',#1400,#1404,#1533,.T.);
#1132=EDGE_CURVE('',#1410,#1410,#1534,.T.);
#1133=EDGE_CURVE('',#1391,#1411,#162,.T.);
#1134=EDGE_CURVE('',#1411,#1412,#163,.T.);
#1135=EDGE_CURVE('',#1412,#1392,#164,.T.);
#1136=EDGE_CURVE('',#1413,#1414,#165,.T.);
#1137=EDGE_CURVE('',#1413,#1298,#1535,.F.);
#1138=EDGE_CURVE('',#1414,#1297,#1536,.T.);
#1139=EDGE_CURVE('',#1415,#1416,#166,.T.);
#1140=EDGE_CURVE('',#1415,#1413,#1537,.F.);
#1141=EDGE_CURVE('',#1416,#1414,#1538,.T.);
#1142=EDGE_CURVE('',#1417,#1417,#1539,.T.);
#1143=EDGE_CURVE('',#1398,#1418,#1540,.T.);
#1144=EDGE_CURVE('',#1418,#1419,#1541,.T.);
#1145=EDGE_CURVE('',#1419,#1420,#1542,.T.);
#1146=EDGE_CURVE('',#1420,#1390,#167,.T.);
#1147=EDGE_CURVE('',#1411,#1415,#1543,.F.);
#1148=EDGE_CURVE('',#1412,#1416,#1544,.T.);
#1149=EDGE_CURVE('',#1411,#1420,#168,.T.);
#1150=EDGE_CURVE('',#1413,#1418,#169,.T.);
#1151=EDGE_CURVE('',#1415,#1419,#170,.T.);
#1152=EDGE_CURVE('',#1421,#1421,#1545,.T.);
#1153=EDGE_CURVE('',#1409,#1399,#171,.T.);
#1154=EDGE_CURVE('',#1407,#1401,#172,.T.);
#1155=EDGE_CURVE('',#1408,#1295,#173,.T.);
#1156=EDGE_CURVE('',#1406,#1403,#174,.T.);
#1157=EDGE_CURVE('',#1322,#1422,#175,.T.);
#1158=EDGE_CURVE('',#1353,#1422,#176,.T.);
#1159=EDGE_CURVE('',#1323,#1352,#177,.T.);
#1160=EDGE_CURVE('',#1358,#1320,#178,.T.);
#1161=EDGE_CURVE('',#1357,#1321,#179,.T.);
#1162=EDGE_CURVE('',#1423,#1424,#180,.T.);
#1163=EDGE_CURVE('',#1423,#1360,#181,.T.);
#1164=EDGE_CURVE('',#1424,#1359,#182,.T.);
#1165=EDGE_CURVE('',#1319,#1425,#1546,.F.);
#1166=EDGE_CURVE('',#1425,#1426,#183,.T.);
#1167=EDGE_CURVE('',#1426,#1320,#1547,.T.);
#1168=EDGE_CURVE('',#1425,#1427,#1548,.F.);
#1169=EDGE_CURVE('',#1427,#1428,#184,.T.);
#1170=EDGE_CURVE('',#1428,#1426,#1549,.T.);
#1171=EDGE_CURVE('',#1429,#1429,#1550,.T.);
#1172=EDGE_CURVE('',#1430,#1431,#1551,.T.);
#1173=EDGE_CURVE('',#1431,#1432,#1552,.T.);
#1174=EDGE_CURVE('',#1362,#1432,#185,.T.);
#1175=EDGE_CURVE('',#1361,#1433,#186,.T.);
#1176=EDGE_CURVE('',#1433,#1430,#1553,.T.);
#1177=EDGE_CURVE('',#1427,#1423,#1554,.F.);
#1178=EDGE_CURVE('',#1424,#1428,#1555,.T.);
#1179=EDGE_CURVE('',#1434,#1434,#1556,.T.);
#1180=EDGE_CURVE('',#1355,#1435,#187,.T.);
#1181=EDGE_CURVE('',#1435,#1436,#188,.T.);
#1182=EDGE_CURVE('',#1436,#1356,#189,.T.);
#1183=EDGE_CURVE('',#1437,#1438,#190,.T.);
#1184=EDGE_CURVE('',#1437,#1322,#1557,.F.);
#1185=EDGE_CURVE('',#1438,#1321,#1558,.T.);
#1186=EDGE_CURVE('',#1439,#1440,#191,.T.);
#1187=EDGE_CURVE('',#1439,#1437,#1559,.F.);
#1188=EDGE_CURVE('',#1440,#1438,#1560,.T.);
#1189=EDGE_CURVE('',#1441,#1441,#1561,.T.);
#1190=EDGE_CURVE('',#1422,#1442,#1562,.T.);
#1191=EDGE_CURVE('',#1442,#1443,#1563,.T.);
#1192=EDGE_CURVE('',#1443,#1444,#1564,.T.);
#1193=EDGE_CURVE('',#1444,#1354,#192,.T.);
#1194=EDGE_CURVE('',#1435,#1439,#1565,.F.);
#1195=EDGE_CURVE('',#1436,#1440,#1566,.T.);
#1196=EDGE_CURVE('',#1435,#1444,#193,.T.);
#1197=EDGE_CURVE('',#1437,#1442,#194,.T.);
#1198=EDGE_CURVE('',#1439,#1443,#195,.T.);
#1199=EDGE_CURVE('',#1445,#1445,#1567,.T.);
#1200=EDGE_CURVE('',#1433,#1423,#196,.T.);
#1201=EDGE_CURVE('',#1431,#1425,#197,.T.);
#1202=EDGE_CURVE('',#1432,#1319,#198,.T.);
#1203=EDGE_CURVE('',#1430,#1427,#199,.T.);
#1204=EDGE_CURVE('',#1375,#1309,#200,.T.);
#1205=EDGE_CURVE('',#1376,#1308,#201,.T.);
#1206=EDGE_CURVE('',#1310,#1446,#202,.T.);
#1207=EDGE_CURVE('',#1371,#1446,#203,.T.);
#1208=EDGE_CURVE('',#1311,#1370,#204,.T.);
#1209=EDGE_CURVE('',#1301,#1386,#205,.T.);
#1210=EDGE_CURVE('',#1300,#1387,#206,.T.);
#1211=EDGE_CURVE('',#1302,#1385,#207,.T.);
#1212=EDGE_CURVE('',#1303,#1384,#208,.T.);
#1213=EDGE_CURVE('',#1304,#1383,#209,.T.);
#1214=EDGE_CURVE('',#1305,#1382,#210,.T.);
#1215=EDGE_CURVE('',#1306,#1381,#211,.T.);
#1216=EDGE_CURVE('',#1380,#1447,#212,.T.);
#1217=EDGE_CURVE('',#1447,#1307,#213,.T.);
#1218=EDGE_CURVE('',#1312,#1369,#214,.T.);
#1219=EDGE_CURVE('',#1313,#1368,#215,.T.);
#1220=EDGE_CURVE('',#1314,#1367,#216,.T.);
#1221=EDGE_CURVE('',#1315,#1366,#217,.T.);
#1222=EDGE_CURVE('',#1316,#1365,#218,.T.);
#1223=EDGE_CURVE('',#1317,#1364,#219,.T.);
#1224=EDGE_CURVE('',#1318,#1363,#220,.T.);
#1225=EDGE_CURVE('',#1324,#1351,#221,.T.);
#1226=EDGE_CURVE('',#1325,#1350,#222,.T.);
#1227=EDGE_CURVE('',#1326,#1349,#223,.T.);
#1228=EDGE_CURVE('',#1327,#1348,#224,.T.);
#1229=EDGE_CURVE('',#1328,#1347,#225,.T.);
#1230=EDGE_CURVE('',#1329,#1346,#226,.T.);
#1231=EDGE_CURVE('',#1294,#1344,#227,.T.);
#1232=EDGE_CURVE('',#1288,#1338,#228,.T.);
#1233=EDGE_CURVE('',#1289,#1339,#229,.T.);
#1234=EDGE_CURVE('',#1290,#1343,#230,.T.);
#1235=EDGE_CURVE('',#1291,#1342,#231,.T.);
#1236=EDGE_CURVE('',#1292,#1341,#232,.T.);
#1237=EDGE_CURVE('',#1293,#1340,#233,.T.);
#1238=EDGE_CURVE('',#1448,#1449,#234,.T.);
#1239=EDGE_CURVE('',#1448,#1450,#1568,.F.);
#1240=EDGE_CURVE('',#1450,#1451,#235,.T.);
#1241=EDGE_CURVE('',#1451,#1449,#1569,.T.);
#1242=EDGE_CURVE('',#1452,#1453,#236,.T.);
#1243=EDGE_CURVE('',#1452,#1448,#1570,.F.);
#1244=EDGE_CURVE('',#1449,#1453,#1571,.T.);
#1245=EDGE_CURVE('',#1307,#1452,#1572,.F.);
#1246=EDGE_CURVE('',#1453,#1308,#1573,.T.);
#1247=EDGE_CURVE('',#1454,#1454,#1574,.T.);
#1248=EDGE_CURVE('',#1455,#1455,#1575,.T.);
#1249=EDGE_CURVE('',#1450,#1378,#237,.T.);
#1250=EDGE_CURVE('',#1451,#1377,#238,.T.);
#1251=EDGE_CURVE('',#1456,#1457,#1576,.T.);
#1252=EDGE_CURVE('',#1457,#1447,#1577,.T.);
#1253=EDGE_CURVE('',#1379,#1458,#239,.T.);
#1254=EDGE_CURVE('',#1458,#1456,#1578,.T.);
#1255=EDGE_CURVE('',#1458,#1450,#240,.T.);
#1256=EDGE_CURVE('',#1456,#1448,#241,.T.);
#1257=EDGE_CURVE('',#1457,#1452,#242,.T.);
#1258=EDGE_CURVE('',#1459,#1460,#243,.T.);
#1259=EDGE_CURVE('',#1459,#1461,#1579,.F.);
#1260=EDGE_CURVE('',#1461,#1462,#244,.T.);
#1261=EDGE_CURVE('',#1460,#1462,#1580,.T.);
#1262=EDGE_CURVE('',#1373,#1459,#245,.T.);
#1263=EDGE_CURVE('',#1460,#1374,#246,.T.);
#1264=EDGE_CURVE('',#1463,#1464,#247,.T.);
#1265=EDGE_CURVE('',#1463,#1310,#1581,.F.);
#1266=EDGE_CURVE('',#1464,#1309,#1582,.T.);
#1267=EDGE_CURVE('',#1465,#1465,#1583,.T.);
#1268=EDGE_CURVE('',#1466,#1466,#1584,.T.);
#1269=EDGE_CURVE('',#1461,#1463,#1585,.F.);
#1270=EDGE_CURVE('',#1462,#1464,#1586,.T.);
#1271=EDGE_CURVE('',#1446,#1467,#1587,.T.);
#1272=EDGE_CURVE('',#1467,#1468,#1588,.T.);
#1273=EDGE_CURVE('',#1468,#1469,#1589,.T.);
#1274=EDGE_CURVE('',#1469,#1372,#248,.T.);
#1275=EDGE_CURVE('',#1459,#1469,#249,.T.);
#1276=EDGE_CURVE('',#1461,#1468,#250,.T.);
#1277=EDGE_CURVE('',#1463,#1467,#251,.T.);
#1278=EDGE_CURVE('',#1470,#1470,#1590,.F.);
#1279=EDGE_CURVE('',#1471,#1471,#1591,.F.);
#1280=EDGE_CURVE('',#1472,#1472,#1592,.F.);
#1281=EDGE_CURVE('',#1473,#1473,#1593,.F.);
#1282=EDGE_CURVE('',#1474,#1474,#1594,.F.);
#1283=EDGE_CURVE('',#1475,#1475,#1595,.F.);
#1284=VERTEX_POINT('',#2970);
#1285=VERTEX_POINT('',#2972);
#1286=VERTEX_POINT('',#2974);
#1287=VERTEX_POINT('',#2976);
#1288=VERTEX_POINT('',#2978);
#1289=VERTEX_POINT('',#2979);
#1290=VERTEX_POINT('',#2981);
#1291=VERTEX_POINT('',#2983);
#1292=VERTEX_POINT('',#2985);
#1293=VERTEX_POINT('',#2987);
#1294=VERTEX_POINT('',#2990);
#1295=VERTEX_POINT('',#2991);
#1296=VERTEX_POINT('',#2993);
#1297=VERTEX_POINT('',#2995);
#1298=VERTEX_POINT('',#2997);
#1299=VERTEX_POINT('',#2999);
#1300=VERTEX_POINT('',#3001);
#1301=VERTEX_POINT('',#3003);
#1302=VERTEX_POINT('',#3005);
#1303=VERTEX_POINT('',#3007);
#1304=VERTEX_POINT('',#3009);
#1305=VERTEX_POINT('',#3011);
#1306=VERTEX_POINT('',#3013);
#1307=VERTEX_POINT('',#3015);
#1308=VERTEX_POINT('',#3017);
#1309=VERTEX_POINT('',#3019);
#1310=VERTEX_POINT('',#3021);
#1311=VERTEX_POINT('',#3023);
#1312=VERTEX_POINT('',#3025);
#1313=VERTEX_POINT('',#3027);
#1314=VERTEX_POINT('',#3029);
#1315=VERTEX_POINT('',#3031);
#1316=VERTEX_POINT('',#3033);
#1317=VERTEX_POINT('',#3035);
#1318=VERTEX_POINT('',#3037);
#1319=VERTEX_POINT('',#3039);
#1320=VERTEX_POINT('',#3041);
#1321=VERTEX_POINT('',#3043);
#1322=VERTEX_POINT('',#3045);
#1323=VERTEX_POINT('',#3047);
#1324=VERTEX_POINT('',#3049);
#1325=VERTEX_POINT('',#3051);
#1326=VERTEX_POINT('',#3053);
#1327=VERTEX_POINT('',#3055);
#1328=VERTEX_POINT('',#3057);
#1329=VERTEX_POINT('',#3059);
#1330=VERTEX_POINT('',#3062);
#1331=VERTEX_POINT('',#3064);
#1332=VERTEX_POINT('',#3067);
#1333=VERTEX_POINT('',#3069);
#1334=VERTEX_POINT('',#3071);
#1335=VERTEX_POINT('',#3073);
#1336=VERTEX_POINT('',#3075);
#1337=VERTEX_POINT('',#3077);
#1338=VERTEX_POINT('',#3079);
#1339=VERTEX_POINT('',#3080);
#1340=VERTEX_POINT('',#3082);
#1341=VERTEX_POINT('',#3084);
#1342=VERTEX_POINT('',#3086);
#1343=VERTEX_POINT('',#3088);
#1344=VERTEX_POINT('',#3091);
#1345=VERTEX_POINT('',#3092);
#1346=VERTEX_POINT('',#3094);
#1347=VERTEX_POINT('',#3096);
#1348=VERTEX_POINT('',#3098);
#1349=VERTEX_POINT('',#3100);
#1350=VERTEX_POINT('',#3102);
#1351=VERTEX_POINT('',#3104);
#1352=VERTEX_POINT('',#3106);
#1353=VERTEX_POINT('',#3108);
#1354=VERTEX_POINT('',#3110);
#1355=VERTEX_POINT('',#3112);
#1356=VERTEX_POINT('',#3114);
#1357=VERTEX_POINT('',#3116);
#1358=VERTEX_POINT('',#3118);
#1359=VERTEX_POINT('',#3120);
#1360=VERTEX_POINT('',#3122);
#1361=VERTEX_POINT('',#3124);
#1362=VERTEX_POINT('',#3126);
#1363=VERTEX_POINT('',#3128);
#1364=VERTEX_POINT('',#3130);
#1365=VERTEX_POINT('',#3132);
#1366=VERTEX_POINT('',#3134);
#1367=VERTEX_POINT('',#3136);
#1368=VERTEX_POINT('',#3138);
#1369=VERTEX_POINT('',#3140);
#1370=VERTEX_POINT('',#3142);
#1371=VERTEX_POINT('',#3144);
#1372=VERTEX_POINT('',#3146);
#1373=VERTEX_POINT('',#3148);
#1374=VERTEX_POINT('',#3150);
#1375=VERTEX_POINT('',#3152);
#1376=VERTEX_POINT('',#3154);
#1377=VERTEX_POINT('',#3156);
#1378=VERTEX_POINT('',#3158);
#1379=VERTEX_POINT('',#3160);
#1380=VERTEX_POINT('',#3162);
#1381=VERTEX_POINT('',#3164);
#1382=VERTEX_POINT('',#3166);
#1383=VERTEX_POINT('',#3168);
#1384=VERTEX_POINT('',#3170);
#1385=VERTEX_POINT('',#3172);
#1386=VERTEX_POINT('',#3174);
#1387=VERTEX_POINT('',#3176);
#1388=VERTEX_POINT('',#3178);
#1389=VERTEX_POINT('',#3180);
#1390=VERTEX_POINT('',#3182);
#1391=VERTEX_POINT('',#3184);
#1392=VERTEX_POINT('',#3186);
#1393=VERTEX_POINT('',#3188);
#1394=VERTEX_POINT('',#3190);
#1395=VERTEX_POINT('',#3192);
#1396=VERTEX_POINT('',#3194);
#1397=VERTEX_POINT('',#3196);
#1398=VERTEX_POINT('',#3200);
#1399=VERTEX_POINT('',#3208);
#1400=VERTEX_POINT('',#3209);
#1401=VERTEX_POINT('',#3214);
#1402=VERTEX_POINT('',#3216);
#1403=VERTEX_POINT('',#3220);
#1404=VERTEX_POINT('',#3222);
#1405=VERTEX_POINT('',#3226);
#1406=VERTEX_POINT('',#3228);
#1407=VERTEX_POINT('',#3229);
#1408=VERTEX_POINT('',#3231);
#1409=VERTEX_POINT('',#3234);
#1410=VERTEX_POINT('',#3241);
#1411=VERTEX_POINT('',#3245);
#1412=VERTEX_POINT('',#3247);
#1413=VERTEX_POINT('',#3251);
#1414=VERTEX_POINT('',#3252);
#1415=VERTEX_POINT('',#3257);
#1416=VERTEX_POINT('',#3258);
#1417=VERTEX_POINT('',#3263);
#1418=VERTEX_POINT('',#3265);
#1419=VERTEX_POINT('',#3267);
#1420=VERTEX_POINT('',#3269);
#1421=VERTEX_POINT('',#3283);
#1422=VERTEX_POINT('',#3295);
#1423=VERTEX_POINT('',#3303);
#1424=VERTEX_POINT('',#3304);
#1425=VERTEX_POINT('',#3309);
#1426=VERTEX_POINT('',#3311);
#1427=VERTEX_POINT('',#3315);
#1428=VERTEX_POINT('',#3317);
#1429=VERTEX_POINT('',#3321);
#1430=VERTEX_POINT('',#3323);
#1431=VERTEX_POINT('',#3324);
#1432=VERTEX_POINT('',#3326);
#1433=VERTEX_POINT('',#3329);
#1434=VERTEX_POINT('',#3336);
#1435=VERTEX_POINT('',#3340);
#1436=VERTEX_POINT('',#3342);
#1437=VERTEX_POINT('',#3346);
#1438=VERTEX_POINT('',#3347);
#1439=VERTEX_POINT('',#3352);
#1440=VERTEX_POINT('',#3353);
#1441=VERTEX_POINT('',#3358);
#1442=VERTEX_POINT('',#3360);
#1443=VERTEX_POINT('',#3362);
#1444=VERTEX_POINT('',#3364);
#1445=VERTEX_POINT('',#3378);
#1446=VERTEX_POINT('',#3393);
#1447=VERTEX_POINT('',#3411);
#1448=VERTEX_POINT('',#3458);
#1449=VERTEX_POINT('',#3459);
#1450=VERTEX_POINT('',#3461);
#1451=VERTEX_POINT('',#3463);
#1452=VERTEX_POINT('',#3467);
#1453=VERTEX_POINT('',#3468);
#1454=VERTEX_POINT('',#3476);
#1455=VERTEX_POINT('',#3478);
#1456=VERTEX_POINT('',#3484);
#1457=VERTEX_POINT('',#3485);
#1458=VERTEX_POINT('',#3488);
#1459=VERTEX_POINT('',#3500);
#1460=VERTEX_POINT('',#3501);
#1461=VERTEX_POINT('',#3503);
#1462=VERTEX_POINT('',#3505);
#1463=VERTEX_POINT('',#3512);
#1464=VERTEX_POINT('',#3513);
#1465=VERTEX_POINT('',#3518);
#1466=VERTEX_POINT('',#3520);
#1467=VERTEX_POINT('',#3526);
#1468=VERTEX_POINT('',#3528);
#1469=VERTEX_POINT('',#3530);
#1470=VERTEX_POINT('',#3542);
#1471=VERTEX_POINT('',#3545);
#1472=VERTEX_POINT('',#3548);
#1473=VERTEX_POINT('',#3554);
#1474=VERTEX_POINT('',#3557);
#1475=VERTEX_POINT('',#3560);
#1476=CIRCLE('',#2090,0.00165);
#1477=CIRCLE('',#2091,0.00155);
#1478=CIRCLE('',#2092,0.00155);
#1479=CIRCLE('',#2093,0.00155);
#1480=CIRCLE('',#2094,0.003);
#1481=CIRCLE('',#2095,0.003);
#1482=CIRCLE('',#2096,0.003);
#1483=CIRCLE('',#2097,0.0186602540378444);
#1484=CIRCLE('',#2098,0.0186602540378444);
#1485=CIRCLE('',#2099,0.013);
#1486=CIRCLE('',#2100,0.0186602540378442);
#1487=CIRCLE('',#2101,0.0186602540378444);
#1488=CIRCLE('',#2102,0.0186602540378444);
#1489=CIRCLE('',#2103,0.0186602540378443);
#1490=CIRCLE('',#2104,0.013);
#1491=CIRCLE('',#2105,0.0186602540378445);
#1492=CIRCLE('',#2106,0.0186602540378444);
#1493=CIRCLE('',#2107,0.0186602540378445);
#1494=CIRCLE('',#2108,0.0186602540378444);
#1495=CIRCLE('',#2109,0.013);
#1496=CIRCLE('',#2110,0.0186602540378445);
#1497=CIRCLE('',#2111,0.0186602540378445);
#1498=CIRCLE('',#2112,0.00165);
#1499=CIRCLE('',#2113,0.00165);
#1500=CIRCLE('',#2115,0.00365000000000027);
#1501=CIRCLE('',#2116,0.00365000000000016);
#1502=CIRCLE('',#2117,0.00365000000000016);
#1503=CIRCLE('',#2118,0.00355);
#1504=CIRCLE('',#2119,0.00355);
#1505=CIRCLE('',#2120,0.00355);
#1506=CIRCLE('',#2121,0.003);
#1507=CIRCLE('',#2122,0.003);
#1508=CIRCLE('',#2123,0.003);
#1509=CIRCLE('',#2124,0.0186602540378445);
#1510=CIRCLE('',#2125,0.0186602540378445);
#1511=CIRCLE('',#2126,0.013);
#1512=CIRCLE('',#2127,0.0186602540378444);
#1513=CIRCLE('',#2128,0.0186602540378445);
#1514=CIRCLE('',#2129,0.0186602540378444);
#1515=CIRCLE('',#2130,0.0186602540378445);
#1516=CIRCLE('',#2131,0.013);
#1517=CIRCLE('',#2132,0.0186602540378443);
#1518=CIRCLE('',#2133,0.0186602540378444);
#1519=CIRCLE('',#2134,0.0186602540378444);
#1520=CIRCLE('',#2135,0.0186602540378442);
#1521=CIRCLE('',#2136,0.013);
#1522=CIRCLE('',#2137,0.0186602540378444);
#1523=CIRCLE('',#2138,0.0186602540378444);
#1524=CIRCLE('',#2143,0.0025);
#1525=CIRCLE('',#2144,0.0025);
#1526=CIRCLE('',#2146,0.015);
#1527=CIRCLE('',#2147,0.015);
#1528=CIRCLE('',#2149,0.0015);
#1529=CIRCLE('',#2150,0.013);
#1530=CIRCLE('',#2151,0.000500000000000014);
#1531=CIRCLE('',#2152,0.002);
#1532=CIRCLE('',#2154,0.004);
#1533=CIRCLE('',#2155,0.004);
#1534=CIRCLE('',#2157,0.0015);
#1535=CIRCLE('',#2161,0.0025);
#1536=CIRCLE('',#2162,0.0025);
#1537=CIRCLE('',#2164,0.015);
#1538=CIRCLE('',#2165,0.015);
#1539=CIRCLE('',#2167,0.0015);
#1540=CIRCLE('',#2168,0.000500000000000012);
#1541=CIRCLE('',#2169,0.013);
#1542=CIRCLE('',#2170,0.002);
#1543=CIRCLE('',#2172,0.004);
#1544=CIRCLE('',#2173,0.004);
#1545=CIRCLE('',#2179,0.0015);
#1546=CIRCLE('',#2189,0.0025);
#1547=CIRCLE('',#2190,0.0025);
#1548=CIRCLE('',#2192,0.015);
#1549=CIRCLE('',#2193,0.015);
#1550=CIRCLE('',#2195,0.0015);
#1551=CIRCLE('',#2196,0.013);
#1552=CIRCLE('',#2197,0.000500000000000014);
#1553=CIRCLE('',#2198,0.002);
#1554=CIRCLE('',#2200,0.004);
#1555=CIRCLE('',#2201,0.004);
#1556=CIRCLE('',#2203,0.0015);
#1557=CIRCLE('',#2207,0.0025);
#1558=CIRCLE('',#2208,0.0025);
#1559=CIRCLE('',#2210,0.015);
#1560=CIRCLE('',#2211,0.015);
#1561=CIRCLE('',#2213,0.0015);
#1562=CIRCLE('',#2214,0.000500000000000012);
#1563=CIRCLE('',#2215,0.013);
#1564=CIRCLE('',#2216,0.002);
#1565=CIRCLE('',#2218,0.004);
#1566=CIRCLE('',#2219,0.004);
#1567=CIRCLE('',#2225,0.0015);
#1568=CIRCLE('',#2264,0.004);
#1569=CIRCLE('',#2265,0.004);
#1570=CIRCLE('',#2267,0.015);
#1571=CIRCLE('',#2268,0.015);
#1572=CIRCLE('',#2270,0.0025);
#1573=CIRCLE('',#2271,0.0025);
#1574=CIRCLE('',#2273,0.0015);
#1575=CIRCLE('',#2274,0.0015);
#1576=CIRCLE('',#2277,0.013);
#1577=CIRCLE('',#2278,0.000500000000000014);
#1578=CIRCLE('',#2279,0.002);
#1579=CIRCLE('',#2286,0.004);
#1580=CIRCLE('',#2287,0.004);
#1581=CIRCLE('',#2290,0.0025);
#1582=CIRCLE('',#2291,0.0025);
#1583=CIRCLE('',#2293,0.0015);
#1584=CIRCLE('',#2294,0.0015);
#1585=CIRCLE('',#2296,0.015);
#1586=CIRCLE('',#2297,0.015);
#1587=CIRCLE('',#2299,0.000500000000000012);
#1588=CIRCLE('',#2300,0.013);
#1589=CIRCLE('',#2301,0.002);
#1590=CIRCLE('',#2308,0.00155);
#1591=CIRCLE('',#2310,0.00155);
#1592=CIRCLE('',#2312,0.00155);
#1593=CIRCLE('',#2317,0.00165);
#1594=CIRCLE('',#2319,0.00165);
#1595=CIRCLE('',#2321,0.00165);
#1596=EDGE_LOOP('',(#420));
#1597=EDGE_LOOP('',(#421));
#1598=EDGE_LOOP('',(#422));
#1599=EDGE_LOOP('',(#423));
#1600=EDGE_LOOP('',(#424,#425,#426,#427,#428,#429));
#1601=EDGE_LOOP('',(#430,#431,#432,#433,#434,#435,#436,#437,#438,#439,#440,
#441,#442,#443,#444,#445,#446,#447,#448,#449,#450,#451,#452,#453,#454,#455,
#456,#457,#458,#459,#460,#461,#462,#463,#464,#465));
#1602=EDGE_LOOP('',(#466));
#1603=EDGE_LOOP('',(#467));
#1604=EDGE_LOOP('',(#468));
#1605=EDGE_LOOP('',(#469));
#1606=EDGE_LOOP('',(#470));
#1607=EDGE_LOOP('',(#471));
#1608=EDGE_LOOP('',(#472));
#1609=EDGE_LOOP('',(#473));
#1610=EDGE_LOOP('',(#474,#475,#476,#477,#478,#479));
#1611=EDGE_LOOP('',(#480,#481,#482,#483,#484,#485,#486,#487,#488,#489,#490,
#491,#492,#493,#494,#495,#496,#497,#498,#499,#500,#501,#502,#503,#504,#505,
#506,#507,#508,#509,#510,#511,#512,#513,#514,#515,#516,#517,#518,#519,#520,
#521,#522,#523,#524,#525,#526,#527,#528,#529,#530,#531,#532,#533));
#1612=EDGE_LOOP('',(#534,#535,#536,#537,#538));
#1613=EDGE_LOOP('',(#539,#540,#541,#542));
#1614=EDGE_LOOP('',(#543,#544,#545,#546));
#1615=EDGE_LOOP('',(#547,#548,#549,#550));
#1616=EDGE_LOOP('',(#551,#552,#553,#554));
#1617=EDGE_LOOP('',(#555));
#1618=EDGE_LOOP('',(#556,#557,#558,#559,#560,#561));
#1619=EDGE_LOOP('',(#562,#563,#564,#565));
#1620=EDGE_LOOP('',(#566));
#1621=EDGE_LOOP('',(#567));
#1622=EDGE_LOOP('',(#568));
#1623=EDGE_LOOP('',(#569,#570,#571,#572,#573,#574));
#1624=EDGE_LOOP('',(#575,#576,#577,#578));
#1625=EDGE_LOOP('',(#579,#580,#581,#582));
#1626=EDGE_LOOP('',(#583,#584,#585,#586));
#1627=EDGE_LOOP('',(#587));
#1628=EDGE_LOOP('',(#588,#589,#590,#591,#592,#593));
#1629=EDGE_LOOP('',(#594,#595,#596,#597));
#1630=EDGE_LOOP('',(#598,#599,#600,#601));
#1631=EDGE_LOOP('',(#602,#603,#604,#605));
#1632=EDGE_LOOP('',(#606,#607,#608,#609));
#1633=EDGE_LOOP('',(#610,#611,#612,#613));
#1634=EDGE_LOOP('',(#614));
#1635=EDGE_LOOP('',(#615));
#1636=EDGE_LOOP('',(#616));
#1637=EDGE_LOOP('',(#617,#618,#619,#620,#621,#622));
#1638=EDGE_LOOP('',(#623,#624,#625,#626));
#1639=EDGE_LOOP('',(#627,#628,#629,#630));
#1640=EDGE_LOOP('',(#631,#632,#633,#634));
#1641=EDGE_LOOP('',(#635,#636,#637,#638));
#1642=EDGE_LOOP('',(#639,#640,#641,#642,#643));
#1643=EDGE_LOOP('',(#644,#645,#646,#647));
#1644=EDGE_LOOP('',(#648,#649,#650,#651));
#1645=EDGE_LOOP('',(#652,#653,#654,#655));
#1646=EDGE_LOOP('',(#656,#657,#658,#659));
#1647=EDGE_LOOP('',(#660));
#1648=EDGE_LOOP('',(#661,#662,#663,#664,#665,#666));
#1649=EDGE_LOOP('',(#667,#668,#669,#670));
#1650=EDGE_LOOP('',(#671));
#1651=EDGE_LOOP('',(#672));
#1652=EDGE_LOOP('',(#673));
#1653=EDGE_LOOP('',(#674,#675,#676,#677,#678,#679));
#1654=EDGE_LOOP('',(#680,#681,#682,#683));
#1655=EDGE_LOOP('',(#684,#685,#686,#687));
#1656=EDGE_LOOP('',(#688,#689,#690,#691));
#1657=EDGE_LOOP('',(#692));
#1658=EDGE_LOOP('',(#693,#694,#695,#696,#697,#698));
#1659=EDGE_LOOP('',(#699,#700,#701,#702));
#1660=EDGE_LOOP('',(#703,#704,#705,#706));
#1661=EDGE_LOOP('',(#707,#708,#709,#710));
#1662=EDGE_LOOP('',(#711,#712,#713,#714));
#1663=EDGE_LOOP('',(#715,#716,#717,#718));
#1664=EDGE_LOOP('',(#719));
#1665=EDGE_LOOP('',(#720));
#1666=EDGE_LOOP('',(#721));
#1667=EDGE_LOOP('',(#722,#723,#724,#725,#726,#727));
#1668=EDGE_LOOP('',(#728,#729,#730,#731));
#1669=EDGE_LOOP('',(#732,#733,#734,#735));
#1670=EDGE_LOOP('',(#736,#737,#738,#739));
#1671=EDGE_LOOP('',(#740,#741,#742,#743));
#1672=EDGE_LOOP('',(#744,#745,#746,#747));
#1673=EDGE_LOOP('',(#748,#749,#750,#751,#752));
#1674=EDGE_LOOP('',(#753,#754,#755,#756));
#1675=EDGE_LOOP('',(#757,#758,#759,#760));
#1676=EDGE_LOOP('',(#761,#762,#763,#764));
#1677=EDGE_LOOP('',(#765,#766,#767,#768));
#1678=EDGE_LOOP('',(#769,#770,#771,#772));
#1679=EDGE_LOOP('',(#773,#774,#775,#776));
#1680=EDGE_LOOP('',(#777,#778,#779,#780,#781));
#1681=EDGE_LOOP('',(#782,#783,#784,#785));
#1682=EDGE_LOOP('',(#786,#787,#788,#789));
#1683=EDGE_LOOP('',(#790,#791,#792,#793));
#1684=EDGE_LOOP('',(#794,#795,#796,#797));
#1685=EDGE_LOOP('',(#798,#799,#800,#801));
#1686=EDGE_LOOP('',(#802,#803,#804,#805));
#1687=EDGE_LOOP('',(#806,#807,#808,#809));
#1688=EDGE_LOOP('',(#810,#811,#812,#813,#814));
#1689=EDGE_LOOP('',(#815,#816,#817,#818));
#1690=EDGE_LOOP('',(#819,#820,#821,#822));
#1691=EDGE_LOOP('',(#823,#824,#825,#826));
#1692=EDGE_LOOP('',(#827,#828,#829,#830));
#1693=EDGE_LOOP('',(#831,#832,#833,#834));
#1694=EDGE_LOOP('',(#835,#836,#837,#838));
#1695=EDGE_LOOP('',(#839,#840,#841,#842));
#1696=EDGE_LOOP('',(#843,#844,#845,#846,#847));
#1697=EDGE_LOOP('',(#848,#849,#850,#851));
#1698=EDGE_LOOP('',(#852,#853,#854,#855));
#1699=EDGE_LOOP('',(#856,#857,#858,#859));
#1700=EDGE_LOOP('',(#860,#861,#862,#863));
#1701=EDGE_LOOP('',(#864,#865,#866,#867));
#1702=EDGE_LOOP('',(#868,#869,#870,#871));
#1703=EDGE_LOOP('',(#872,#873,#874,#875));
#1704=EDGE_LOOP('',(#876,#877,#878,#879));
#1705=EDGE_LOOP('',(#880,#881,#882,#883));
#1706=EDGE_LOOP('',(#884,#885,#886,#887));
#1707=EDGE_LOOP('',(#888));
#1708=EDGE_LOOP('',(#889));
#1709=EDGE_LOOP('',(#890,#891,#892,#893));
#1710=EDGE_LOOP('',(#894));
#1711=EDGE_LOOP('',(#895,#896,#897,#898,#899,#900));
#1712=EDGE_LOOP('',(#901));
#1713=EDGE_LOOP('',(#902,#903,#904,#905,#906,#907));
#1714=EDGE_LOOP('',(#908,#909,#910,#911));
#1715=EDGE_LOOP('',(#912,#913,#914,#915));
#1716=EDGE_LOOP('',(#916,#917,#918,#919));
#1717=EDGE_LOOP('',(#920,#921,#922,#923));
#1718=EDGE_LOOP('',(#924,#925,#926,#927));
#1719=EDGE_LOOP('',(#928,#929,#930,#931));
#1720=EDGE_LOOP('',(#932,#933,#934,#935));
#1721=EDGE_LOOP('',(#936));
#1722=EDGE_LOOP('',(#937));
#1723=EDGE_LOOP('',(#938,#939,#940,#941));
#1724=EDGE_LOOP('',(#942));
#1725=EDGE_LOOP('',(#943,#944,#945,#946,#947,#948));
#1726=EDGE_LOOP('',(#949));
#1727=EDGE_LOOP('',(#950,#951,#952,#953,#954,#955));
#1728=EDGE_LOOP('',(#956,#957,#958,#959));
#1729=EDGE_LOOP('',(#960,#961,#962,#963));
#1730=EDGE_LOOP('',(#964,#965,#966,#967));
#1731=EDGE_LOOP('',(#968,#969,#970,#971));
#1732=EDGE_LOOP('',(#972));
#1733=EDGE_LOOP('',(#973));
#1734=EDGE_LOOP('',(#974));
#1735=EDGE_LOOP('',(#975));
#1736=EDGE_LOOP('',(#976));
#1737=EDGE_LOOP('',(#977));
#1738=EDGE_LOOP('',(#978));
#1739=EDGE_LOOP('',(#979));
#1740=EDGE_LOOP('',(#980));
#1741=EDGE_LOOP('',(#981));
#1742=EDGE_LOOP('',(#982));
#1743=EDGE_LOOP('',(#983));
#1744=EDGE_LOOP('',(#984));
#1745=EDGE_LOOP('',(#985));
#1746=EDGE_LOOP('',(#986));
#1747=EDGE_LOOP('',(#987));
#1748=EDGE_LOOP('',(#988));
#1749=EDGE_LOOP('',(#989));
#1750=EDGE_LOOP('',(#990));
#1751=EDGE_LOOP('',(#991));
#1752=EDGE_LOOP('',(#992));
#1753=EDGE_LOOP('',(#993));
#1754=EDGE_LOOP('',(#994));
#1755=EDGE_LOOP('',(#995));
#1756=FACE_BOUND('',#1596,.T.);
#1757=FACE_BOUND('',#1597,.T.);
#1758=FACE_BOUND('',#1598,.T.);
#1759=FACE_BOUND('',#1599,.T.);
#1760=FACE_BOUND('',#1600,.T.);
#1761=FACE_BOUND('',#1601,.T.);
#1762=FACE_BOUND('',#1602,.T.);
#1763=FACE_BOUND('',#1603,.T.);
#1764=FACE_BOUND('',#1604,.T.);
#1765=FACE_BOUND('',#1605,.T.);
#1766=FACE_BOUND('',#1606,.T.);
#1767=FACE_BOUND('',#1607,.T.);
#1768=FACE_BOUND('',#1608,.T.);
#1769=FACE_BOUND('',#1609,.T.);
#1770=FACE_BOUND('',#1610,.T.);
#1771=FACE_BOUND('',#1611,.T.);
#1772=FACE_BOUND('',#1612,.T.);
#1773=FACE_BOUND('',#1613,.T.);
#1774=FACE_BOUND('',#1614,.T.);
#1775=FACE_BOUND('',#1615,.T.);
#1776=FACE_BOUND('',#1616,.T.);
#1777=FACE_BOUND('',#1617,.T.);
#1778=FACE_BOUND('',#1618,.T.);
#1779=FACE_BOUND('',#1619,.T.);
#1780=FACE_BOUND('',#1620,.T.);
#1781=FACE_BOUND('',#1621,.T.);
#1782=FACE_BOUND('',#1622,.T.);
#1783=FACE_BOUND('',#1623,.T.);
#1784=FACE_BOUND('',#1624,.T.);
#1785=FACE_BOUND('',#1625,.T.);
#1786=FACE_BOUND('',#1626,.T.);
#1787=FACE_BOUND('',#1627,.T.);
#1788=FACE_BOUND('',#1628,.T.);
#1789=FACE_BOUND('',#1629,.T.);
#1790=FACE_BOUND('',#1630,.T.);
#1791=FACE_BOUND('',#1631,.T.);
#1792=FACE_BOUND('',#1632,.T.);
#1793=FACE_BOUND('',#1633,.T.);
#1794=FACE_BOUND('',#1634,.T.);
#1795=FACE_BOUND('',#1635,.T.);
#1796=FACE_BOUND('',#1636,.T.);
#1797=FACE_BOUND('',#1637,.T.);
#1798=FACE_BOUND('',#1638,.T.);
#1799=FACE_BOUND('',#1639,.T.);
#1800=FACE_BOUND('',#1640,.T.);
#1801=FACE_BOUND('',#1641,.T.);
#1802=FACE_BOUND('',#1642,.T.);
#1803=FACE_BOUND('',#1643,.T.);
#1804=FACE_BOUND('',#1644,.T.);
#1805=FACE_BOUND('',#1645,.T.);
#1806=FACE_BOUND('',#1646,.T.);
#1807=FACE_BOUND('',#1647,.T.);
#1808=FACE_BOUND('',#1648,.T.);
#1809=FACE_BOUND('',#1649,.T.);
#1810=FACE_BOUND('',#1650,.T.);
#1811=FACE_BOUND('',#1651,.T.);
#1812=FACE_BOUND('',#1652,.T.);
#1813=FACE_BOUND('',#1653,.T.);
#1814=FACE_BOUND('',#1654,.T.);
#1815=FACE_BOUND('',#1655,.T.);
#1816=FACE_BOUND('',#1656,.T.);
#1817=FACE_BOUND('',#1657,.T.);
#1818=FACE_BOUND('',#1658,.T.);
#1819=FACE_BOUND('',#1659,.T.);
#1820=FACE_BOUND('',#1660,.T.);
#1821=FACE_BOUND('',#1661,.T.);
#1822=FACE_BOUND('',#1662,.T.);
#1823=FACE_BOUND('',#1663,.T.);
#1824=FACE_BOUND('',#1664,.T.);
#1825=FACE_BOUND('',#1665,.T.);
#1826=FACE_BOUND('',#1666,.T.);
#1827=FACE_BOUND('',#1667,.T.);
#1828=FACE_BOUND('',#1668,.T.);
#1829=FACE_BOUND('',#1669,.T.);
#1830=FACE_BOUND('',#1670,.T.);
#1831=FACE_BOUND('',#1671,.T.);
#1832=FACE_BOUND('',#1672,.T.);
#1833=FACE_BOUND('',#1673,.T.);
#1834=FACE_BOUND('',#1674,.T.);
#1835=FACE_BOUND('',#1675,.T.);
#1836=FACE_BOUND('',#1676,.T.);
#1837=FACE_BOUND('',#1677,.T.);
#1838=FACE_BOUND('',#1678,.T.);
#1839=FACE_BOUND('',#1679,.T.);
#1840=FACE_BOUND('',#1680,.T.);
#1841=FACE_BOUND('',#1681,.T.);
#1842=FACE_BOUND('',#1682,.T.);
#1843=FACE_BOUND('',#1683,.T.);
#1844=FACE_BOUND('',#1684,.T.);
#1845=FACE_BOUND('',#1685,.T.);
#1846=FACE_BOUND('',#1686,.T.);
#1847=FACE_BOUND('',#1687,.T.);
#1848=FACE_BOUND('',#1688,.T.);
#1849=FACE_BOUND('',#1689,.T.);
#1850=FACE_BOUND('',#1690,.T.);
#1851=FACE_BOUND('',#1691,.T.);
#1852=FACE_BOUND('',#1692,.T.);
#1853=FACE_BOUND('',#1693,.T.);
#1854=FACE_BOUND('',#1694,.T.);
#1855=FACE_BOUND('',#1695,.T.);
#1856=FACE_BOUND('',#1696,.T.);
#1857=FACE_BOUND('',#1697,.T.);
#1858=FACE_BOUND('',#1698,.T.);
#1859=FACE_BOUND('',#1699,.T.);
#1860=FACE_BOUND('',#1700,.T.);
#1861=FACE_BOUND('',#1701,.T.);
#1862=FACE_BOUND('',#1702,.T.);
#1863=FACE_BOUND('',#1703,.T.);
#1864=FACE_BOUND('',#1704,.T.);
#1865=FACE_BOUND('',#1705,.T.);
#1866=FACE_BOUND('',#1706,.T.);
#1867=FACE_BOUND('',#1707,.T.);
#1868=FACE_BOUND('',#1708,.T.);
#1869=FACE_BOUND('',#1709,.T.);
#1870=FACE_BOUND('',#1710,.T.);
#1871=FACE_BOUND('',#1711,.T.);
#1872=FACE_BOUND('',#1712,.T.);
#1873=FACE_BOUND('',#1713,.T.);
#1874=FACE_BOUND('',#1714,.T.);
#1875=FACE_BOUND('',#1715,.T.);
#1876=FACE_BOUND('',#1716,.T.);
#1877=FACE_BOUND('',#1717,.T.);
#1878=FACE_BOUND('',#1718,.T.);
#1879=FACE_BOUND('',#1719,.T.);
#1880=FACE_BOUND('',#1720,.T.);
#1881=FACE_BOUND('',#1721,.T.);
#1882=FACE_BOUND('',#1722,.T.);
#1883=FACE_BOUND('',#1723,.T.);
#1884=FACE_BOUND('',#1724,.T.);
#1885=FACE_BOUND('',#1725,.T.);
#1886=FACE_BOUND('',#1726,.T.);
#1887=FACE_BOUND('',#1727,.T.);
#1888=FACE_BOUND('',#1728,.T.);
#1889=FACE_BOUND('',#1729,.T.);
#1890=FACE_BOUND('',#1730,.T.);
#1891=FACE_BOUND('',#1731,.T.);
#1892=FACE_BOUND('',#1732,.T.);
#1893=FACE_BOUND('',#1733,.T.);
#1894=FACE_BOUND('',#1734,.T.);
#1895=FACE_BOUND('',#1735,.T.);
#1896=FACE_BOUND('',#1736,.T.);
#1897=FACE_BOUND('',#1737,.T.);
#1898=FACE_BOUND('',#1738,.T.);
#1899=FACE_BOUND('',#1739,.T.);
#1900=FACE_BOUND('',#1740,.T.);
#1901=FACE_BOUND('',#1741,.T.);
#1902=FACE_BOUND('',#1742,.T.);
#1903=FACE_BOUND('',#1743,.T.);
#1904=FACE_BOUND('',#1744,.T.);
#1905=FACE_BOUND('',#1745,.T.);
#1906=FACE_BOUND('',#1746,.T.);
#1907=FACE_BOUND('',#1747,.T.);
#1908=FACE_BOUND('',#1748,.T.);
#1909=FACE_BOUND('',#1749,.T.);
#1910=FACE_BOUND('',#1750,.T.);
#1911=FACE_BOUND('',#1751,.T.);
#1912=FACE_BOUND('',#1752,.T.);
#1913=FACE_BOUND('',#1753,.T.);
#1914=FACE_BOUND('',#1754,.T.);
#1915=FACE_BOUND('',#1755,.T.);
#1916=PLANE('',#2089);
#1917=PLANE('',#2114);
#1918=PLANE('',#2139);
#1919=PLANE('',#2140);
#1920=PLANE('',#2141);
#1921=PLANE('',#2148);
#1922=PLANE('',#2158);
#1923=PLANE('',#2159);
#1924=PLANE('',#2166);
#1925=PLANE('',#2174);
#1926=PLANE('',#2180);
#1927=PLANE('',#2181);
#1928=PLANE('',#2185);
#1929=PLANE('',#2186);
#1930=PLANE('',#2187);
#1931=PLANE('',#2194);
#1932=PLANE('',#2204);
#1933=PLANE('',#2205);
#1934=PLANE('',#2212);
#1935=PLANE('',#2220);
#1936=PLANE('',#2226);
#1937=PLANE('',#2227);
#1938=PLANE('',#2231);
#1939=PLANE('',#2232);
#1940=PLANE('',#2234);
#1941=PLANE('',#2236);
#1942=PLANE('',#2239);
#1943=PLANE('',#2242);
#1944=PLANE('',#2244);
#1945=PLANE('',#2247);
#1946=PLANE('',#2250);
#1947=PLANE('',#2252);
#1948=PLANE('',#2255);
#1949=PLANE('',#2256);
#1950=PLANE('',#2258);
#1951=PLANE('',#2260);
#1952=PLANE('',#2275);
#1953=PLANE('',#2276);
#1954=PLANE('',#2280);
#1955=PLANE('',#2281);
#1956=PLANE('',#2288);
#1957=PLANE('',#2298);
#1958=PLANE('',#2302);
#1959=PLANE('',#2303);
#1960=ADVANCED_FACE('',(#1756,#1757,#1758,#1759,#1760,#1761,#1762,#1763),
#1916,.T.);
#1961=ADVANCED_FACE('',(#1764,#1765,#1766,#1767,#1768,#1769,#1770,#1771),
#1917,.F.);
#1962=ADVANCED_FACE('',(#1772),#1918,.F.);
#1963=ADVANCED_FACE('',(#1773),#1919,.F.);
#1964=ADVANCED_FACE('',(#1774),#1920,.T.);
#1965=ADVANCED_FACE('',(#1775),#36,.T.);
#1966=ADVANCED_FACE('',(#1776),#37,.T.);
#1967=ADVANCED_FACE('',(#1777,#1778),#1921,.T.);
#1968=ADVANCED_FACE('',(#1779),#38,.T.);
#1969=ADVANCED_FACE('',(#1780,#1781),#39,.F.);
#1970=ADVANCED_FACE('',(#1782,#1783),#1922,.F.);
#1971=ADVANCED_FACE('',(#1784),#1923,.F.);
#1972=ADVANCED_FACE('',(#1785),#40,.T.);
#1973=ADVANCED_FACE('',(#1786),#41,.T.);
#1974=ADVANCED_FACE('',(#1787,#1788),#1924,.T.);
#1975=ADVANCED_FACE('',(#1789),#42,.T.);
#1976=ADVANCED_FACE('',(#1790),#1925,.T.);
#1977=ADVANCED_FACE('',(#1791),#12,.T.);
#1978=ADVANCED_FACE('',(#1792),#13,.T.);
#1979=ADVANCED_FACE('',(#1793),#14,.T.);
#1980=ADVANCED_FACE('',(#1794,#1795),#43,.F.);
#1981=ADVANCED_FACE('',(#1796,#1797),#1926,.F.);
#1982=ADVANCED_FACE('',(#1798),#1927,.F.);
#1983=ADVANCED_FACE('',(#1799),#15,.T.);
#1984=ADVANCED_FACE('',(#1800),#16,.T.);
#1985=ADVANCED_FACE('',(#1801),#17,.T.);
#1986=ADVANCED_FACE('',(#1802),#1928,.F.);
#1987=ADVANCED_FACE('',(#1803),#1929,.F.);
#1988=ADVANCED_FACE('',(#1804),#1930,.T.);
#1989=ADVANCED_FACE('',(#1805),#44,.T.);
#1990=ADVANCED_FACE('',(#1806),#45,.T.);
#1991=ADVANCED_FACE('',(#1807,#1808),#1931,.T.);
#1992=ADVANCED_FACE('',(#1809),#46,.T.);
#1993=ADVANCED_FACE('',(#1810,#1811),#47,.F.);
#1994=ADVANCED_FACE('',(#1812,#1813),#1932,.F.);
#1995=ADVANCED_FACE('',(#1814),#1933,.F.);
#1996=ADVANCED_FACE('',(#1815),#48,.T.);
#1997=ADVANCED_FACE('',(#1816),#49,.T.);
#1998=ADVANCED_FACE('',(#1817,#1818),#1934,.T.);
#1999=ADVANCED_FACE('',(#1819),#50,.T.);
#2000=ADVANCED_FACE('',(#1820),#1935,.T.);
#2001=ADVANCED_FACE('',(#1821),#18,.T.);
#2002=ADVANCED_FACE('',(#1822),#19,.T.);
#2003=ADVANCED_FACE('',(#1823),#20,.T.);
#2004=ADVANCED_FACE('',(#1824,#1825),#51,.F.);
#2005=ADVANCED_FACE('',(#1826,#1827),#1936,.F.);
#2006=ADVANCED_FACE('',(#1828),#1937,.F.);
#2007=ADVANCED_FACE('',(#1829),#21,.T.);
#2008=ADVANCED_FACE('',(#1830),#22,.T.);
#2009=ADVANCED_FACE('',(#1831),#23,.T.);
#2010=ADVANCED_FACE('',(#1832),#1938,.F.);
#2011=ADVANCED_FACE('',(#1833),#1939,.F.);
#2012=ADVANCED_FACE('',(#1834),#52,.T.);
#2013=ADVANCED_FACE('',(#1835),#1940,.F.);
#2014=ADVANCED_FACE('',(#1836),#53,.T.);
#2015=ADVANCED_FACE('',(#1837),#1941,.F.);
#2016=ADVANCED_FACE('',(#1838),#54,.T.);
#2017=ADVANCED_FACE('',(#1839),#55,.F.);
#2018=ADVANCED_FACE('',(#1840),#1942,.F.);
#2019=ADVANCED_FACE('',(#1841),#56,.F.);
#2020=ADVANCED_FACE('',(#1842),#57,.T.);
#2021=ADVANCED_FACE('',(#1843),#1943,.F.);
#2022=ADVANCED_FACE('',(#1844),#58,.T.);
#2023=ADVANCED_FACE('',(#1845),#1944,.F.);
#2024=ADVANCED_FACE('',(#1846),#59,.T.);
#2025=ADVANCED_FACE('',(#1847),#60,.F.);
#2026=ADVANCED_FACE('',(#1848),#1945,.F.);
#2027=ADVANCED_FACE('',(#1849),#61,.F.);
#2028=ADVANCED_FACE('',(#1850),#62,.T.);
#2029=ADVANCED_FACE('',(#1851),#1946,.F.);
#2030=ADVANCED_FACE('',(#1852),#63,.T.);
#2031=ADVANCED_FACE('',(#1853),#1947,.F.);
#2032=ADVANCED_FACE('',(#1854),#64,.T.);
#2033=ADVANCED_FACE('',(#1855),#65,.F.);
#2034=ADVANCED_FACE('',(#1856),#1948,.F.);
#2035=ADVANCED_FACE('',(#1857),#1949,.T.);
#2036=ADVANCED_FACE('',(#1858),#66,.F.);
#2037=ADVANCED_FACE('',(#1859),#1950,.T.);
#2038=ADVANCED_FACE('',(#1860),#67,.F.);
#2039=ADVANCED_FACE('',(#1861),#1951,.T.);
#2040=ADVANCED_FACE('',(#1862),#68,.F.);
#2041=ADVANCED_FACE('',(#1863),#69,.F.);
#2042=ADVANCED_FACE('',(#1864),#70,.T.);
#2043=ADVANCED_FACE('',(#1865),#71,.T.);
#2044=ADVANCED_FACE('',(#1866),#72,.T.);
#2045=ADVANCED_FACE('',(#1867,#1868),#73,.F.);
#2046=ADVANCED_FACE('',(#1869),#1952,.T.);
#2047=ADVANCED_FACE('',(#1870,#1871),#1953,.T.);
#2048=ADVANCED_FACE('',(#1872,#1873),#1954,.F.);
#2049=ADVANCED_FACE('',(#1874),#1955,.F.);
#2050=ADVANCED_FACE('',(#1875),#24,.T.);
#2051=ADVANCED_FACE('',(#1876),#25,.T.);
#2052=ADVANCED_FACE('',(#1877),#26,.T.);
#2053=ADVANCED_FACE('',(#1878),#74,.T.);
#2054=ADVANCED_FACE('',(#1879),#1956,.F.);
#2055=ADVANCED_FACE('',(#1880),#75,.T.);
#2056=ADVANCED_FACE('',(#1881,#1882),#76,.F.);
#2057=ADVANCED_FACE('',(#1883),#77,.T.);
#2058=ADVANCED_FACE('',(#1884,#1885),#1957,.T.);
#2059=ADVANCED_FACE('',(#1886,#1887),#1958,.F.);
#2060=ADVANCED_FACE('',(#1888),#1959,.T.);
#2061=ADVANCED_FACE('',(#1889),#27,.T.);
#2062=ADVANCED_FACE('',(#1890),#28,.T.);
#2063=ADVANCED_FACE('',(#1891),#29,.T.);
#2064=ADVANCED_FACE('',(#1892,#1893),#78,.F.);
#2065=ADVANCED_FACE('',(#1894,#1895),#79,.F.);
#2066=ADVANCED_FACE('',(#1896,#1897),#80,.F.);
#2067=ADVANCED_FACE('',(#1898,#1899),#30,.F.);
#2068=ADVANCED_FACE('',(#1900,#1901),#31,.F.);
#2069=ADVANCED_FACE('',(#1902,#1903),#32,.F.);
#2070=ADVANCED_FACE('',(#1904,#1905),#81,.F.);
#2071=ADVANCED_FACE('',(#1906,#1907),#82,.F.);
#2072=ADVANCED_FACE('',(#1908,#1909),#83,.F.);
#2073=ADVANCED_FACE('',(#1910,#1911),#33,.F.);
#2074=ADVANCED_FACE('',(#1912,#1913),#34,.F.);
#2075=ADVANCED_FACE('',(#1914,#1915),#35,.F.);
#2076=CLOSED_SHELL('',(#1960,#1961,#1962,#1963,#1964,#1965,#1966,#1967,
#1968,#1969,#1970,#1971,#1972,#1973,#1974,#1975,#1976,#1977,#1978,#1979,
#1980,#1981,#1982,#1983,#1984,#1985,#1986,#1987,#1988,#1989,#1990,#1991,
#1992,#1993,#1994,#1995,#1996,#1997,#1998,#1999,#2000,#2001,#2002,#2003,
#2004,#2005,#2006,#2007,#2008,#2009,#2010,#2011,#2012,#2013,#2014,#2015,
#2016,#2017,#2018,#2019,#2020,#2021,#2022,#2023,#2024,#2025,#2026,#2027,
#2028,#2029,#2030,#2031,#2032,#2033,#2034,#2035,#2036,#2037,#2038,#2039,
#2040,#2041,#2042,#2043,#2044,#2045,#2046,#2047,#2048,#2049,#2050,#2051,
#2052,#2053,#2054,#2055,#2056,#2057,#2058,#2059,#2060,#2061,#2062,#2063,
#2064,#2065,#2066,#2067,#2068,#2069,#2070,#2071,#2072,#2073,#2074,#2075));
#2077=STYLED_ITEM('',(#2078),#2085);
#2078=PRESENTATION_STYLE_ASSIGNMENT((#2079));
#2079=SURFACE_STYLE_USAGE(.BOTH.,#2080);
#2080=SURFACE_SIDE_STYLE('',(#2081));
#2081=SURFACE_STYLE_FILL_AREA(#2082);
#2082=FILL_AREA_STYLE('',(#2083));
#2083=FILL_AREA_STYLE_COLOUR('',#2084);
#2084=COLOUR_RGB('',0.498039215686275,0.498039215686275,0.498039215686275);
#2085=MANIFOLD_SOLID_BREP('Platform',#2076);
#2086=SHAPE_DEFINITION_REPRESENTATION(#3570,#2087);
#2087=SHAPE_REPRESENTATION('Platform',(#2088),#3565);
#2088=AXIS2_PLACEMENT_3D('',#2967,#2325,#2326);
#2089=AXIS2_PLACEMENT_3D('',#2968,#2327,#2328);
#2090=AXIS2_PLACEMENT_3D('',#2969,#2329,#2330);
#2091=AXIS2_PLACEMENT_3D('',#2971,#2331,#2332);
#2092=AXIS2_PLACEMENT_3D('',#2973,#2333,#2334);
#2093=AXIS2_PLACEMENT_3D('',#2975,#2335,#2336);
#2094=AXIS2_PLACEMENT_3D('',#2980,#2338,#2339);
#2095=AXIS2_PLACEMENT_3D('',#2984,#2341,#2342);
#2096=AXIS2_PLACEMENT_3D('',#2988,#2344,#2345);
#2097=AXIS2_PLACEMENT_3D('',#3000,#2351,#2352);
#2098=AXIS2_PLACEMENT_3D('',#3002,#2353,#2354);
#2099=AXIS2_PLACEMENT_3D('',#3006,#2356,#2357);
#2100=AXIS2_PLACEMENT_3D('',#3010,#2359,#2360);
#2101=AXIS2_PLACEMENT_3D('',#3012,#2361,#2362);
#2102=AXIS2_PLACEMENT_3D('',#3024,#2368,#2369);
#2103=AXIS2_PLACEMENT_3D('',#3026,#2370,#2371);
#2104=AXIS2_PLACEMENT_3D('',#3030,#2373,#2374);
#2105=AXIS2_PLACEMENT_3D('',#3034,#2376,#2377);
#2106=AXIS2_PLACEMENT_3D('',#3036,#2378,#2379);
#2107=AXIS2_PLACEMENT_3D('',#3048,#2385,#2386);
#2108=AXIS2_PLACEMENT_3D('',#3050,#2387,#2388);
#2109=AXIS2_PLACEMENT_3D('',#3054,#2390,#2391);
#2110=AXIS2_PLACEMENT_3D('',#3058,#2393,#2394);
#2111=AXIS2_PLACEMENT_3D('',#3060,#2395,#2396);
#2112=AXIS2_PLACEMENT_3D('',#3061,#2397,#2398);
#2113=AXIS2_PLACEMENT_3D('',#3063,#2399,#2400);
#2114=AXIS2_PLACEMENT_3D('',#3065,#2401,#2402);
#2115=AXIS2_PLACEMENT_3D('',#3066,#2403,#2404);
#2116=AXIS2_PLACEMENT_3D('',#3068,#2405,#2406);
#2117=AXIS2_PLACEMENT_3D('',#3070,#2407,#2408);
#2118=AXIS2_PLACEMENT_3D('',#3072,#2409,#2410);
#2119=AXIS2_PLACEMENT_3D('',#3074,#2411,#2412);
#2120=AXIS2_PLACEMENT_3D('',#3076,#2413,#2414);
#2121=AXIS2_PLACEMENT_3D('',#3081,#2416,#2417);
#2122=AXIS2_PLACEMENT_3D('',#3085,#2419,#2420);
#2123=AXIS2_PLACEMENT_3D('',#3089,#2422,#2423);
#2124=AXIS2_PLACEMENT_3D('',#3093,#2425,#2426);
#2125=AXIS2_PLACEMENT_3D('',#3095,#2427,#2428);
#2126=AXIS2_PLACEMENT_3D('',#3099,#2430,#2431);
#2127=AXIS2_PLACEMENT_3D('',#3103,#2433,#2434);
#2128=AXIS2_PLACEMENT_3D('',#3105,#2435,#2436);
#2129=AXIS2_PLACEMENT_3D('',#3129,#2448,#2449);
#2130=AXIS2_PLACEMENT_3D('',#3131,#2450,#2451);
#2131=AXIS2_PLACEMENT_3D('',#3135,#2453,#2454);
#2132=AXIS2_PLACEMENT_3D('',#3139,#2456,#2457);
#2133=AXIS2_PLACEMENT_3D('',#3141,#2458,#2459);
#2134=AXIS2_PLACEMENT_3D('',#3165,#2471,#2472);
#2135=AXIS2_PLACEMENT_3D('',#3167,#2473,#2474);
#2136=AXIS2_PLACEMENT_3D('',#3171,#2476,#2477);
#2137=AXIS2_PLACEMENT_3D('',#3175,#2479,#2480);
#2138=AXIS2_PLACEMENT_3D('',#3177,#2481,#2482);
#2139=AXIS2_PLACEMENT_3D('',#3198,#2493,#2494);
#2140=AXIS2_PLACEMENT_3D('',#3203,#2498,#2499);
#2141=AXIS2_PLACEMENT_3D('',#3206,#2502,#2503);
#2142=AXIS2_PLACEMENT_3D('',#3212,#2507,#2508);
#2143=AXIS2_PLACEMENT_3D('',#3213,#2509,#2510);
#2144=AXIS2_PLACEMENT_3D('',#3217,#2512,#2513);
#2145=AXIS2_PLACEMENT_3D('',#3218,#2514,#2515);
#2146=AXIS2_PLACEMENT_3D('',#3219,#2516,#2517);
#2147=AXIS2_PLACEMENT_3D('',#3223,#2519,#2520);
#2148=AXIS2_PLACEMENT_3D('',#3224,#2521,#2522);
#2149=AXIS2_PLACEMENT_3D('',#3225,#2523,#2524);
#2150=AXIS2_PLACEMENT_3D('',#3227,#2525,#2526);
#2151=AXIS2_PLACEMENT_3D('',#3230,#2527,#2528);
#2152=AXIS2_PLACEMENT_3D('',#3235,#2531,#2532);
#2153=AXIS2_PLACEMENT_3D('',#3236,#2533,#2534);
#2154=AXIS2_PLACEMENT_3D('',#3237,#2535,#2536);
#2155=AXIS2_PLACEMENT_3D('',#3238,#2537,#2538);
#2156=AXIS2_PLACEMENT_3D('',#3239,#2539,#2540);
#2157=AXIS2_PLACEMENT_3D('',#3240,#2541,#2542);
#2158=AXIS2_PLACEMENT_3D('',#3242,#2543,#2544);
#2159=AXIS2_PLACEMENT_3D('',#3243,#2545,#2546);
#2160=AXIS2_PLACEMENT_3D('',#3249,#2550,#2551);
#2161=AXIS2_PLACEMENT_3D('',#3253,#2553,#2554);
#2162=AXIS2_PLACEMENT_3D('',#3254,#2555,#2556);
#2163=AXIS2_PLACEMENT_3D('',#3255,#2557,#2558);
#2164=AXIS2_PLACEMENT_3D('',#3259,#2560,#2561);
#2165=AXIS2_PLACEMENT_3D('',#3260,#2562,#2563);
#2166=AXIS2_PLACEMENT_3D('',#3261,#2564,#2565);
#2167=AXIS2_PLACEMENT_3D('',#3262,#2566,#2567);
#2168=AXIS2_PLACEMENT_3D('',#3264,#2568,#2569);
#2169=AXIS2_PLACEMENT_3D('',#3266,#2570,#2571);
#2170=AXIS2_PLACEMENT_3D('',#3268,#2572,#2573);
#2171=AXIS2_PLACEMENT_3D('',#3271,#2575,#2576);
#2172=AXIS2_PLACEMENT_3D('',#3272,#2577,#2578);
#2173=AXIS2_PLACEMENT_3D('',#3273,#2579,#2580);
#2174=AXIS2_PLACEMENT_3D('',#3274,#2581,#2582);
#2175=AXIS2_PLACEMENT_3D('',#3276,#2584,#2585);
#2176=AXIS2_PLACEMENT_3D('',#3278,#2587,#2588);
#2177=AXIS2_PLACEMENT_3D('',#3280,#2590,#2591);
#2178=AXIS2_PLACEMENT_3D('',#3281,#2592,#2593);
#2179=AXIS2_PLACEMENT_3D('',#3282,#2594,#2595);
#2180=AXIS2_PLACEMENT_3D('',#3284,#2596,#2597);
#2181=AXIS2_PLACEMENT_3D('',#3285,#2598,#2599);
#2182=AXIS2_PLACEMENT_3D('',#3287,#2601,#2602);
#2183=AXIS2_PLACEMENT_3D('',#3290,#2605,#2606);
#2184=AXIS2_PLACEMENT_3D('',#3292,#2608,#2609);
#2185=AXIS2_PLACEMENT_3D('',#3293,#2610,#2611);
#2186=AXIS2_PLACEMENT_3D('',#3298,#2615,#2616);
#2187=AXIS2_PLACEMENT_3D('',#3301,#2619,#2620);
#2188=AXIS2_PLACEMENT_3D('',#3307,#2624,#2625);
#2189=AXIS2_PLACEMENT_3D('',#3308,#2626,#2627);
#2190=AXIS2_PLACEMENT_3D('',#3312,#2629,#2630);
#2191=AXIS2_PLACEMENT_3D('',#3313,#2631,#2632);
#2192=AXIS2_PLACEMENT_3D('',#3314,#2633,#2634);
#2193=AXIS2_PLACEMENT_3D('',#3318,#2636,#2637);
#2194=AXIS2_PLACEMENT_3D('',#3319,#2638,#2639);
#2195=AXIS2_PLACEMENT_3D('',#3320,#2640,#2641);
#2196=AXIS2_PLACEMENT_3D('',#3322,#2642,#2643);
#2197=AXIS2_PLACEMENT_3D('',#3325,#2644,#2645);
#2198=AXIS2_PLACEMENT_3D('',#3330,#2648,#2649);
#2199=AXIS2_PLACEMENT_3D('',#3331,#2650,#2651);
#2200=AXIS2_PLACEMENT_3D('',#3332,#2652,#2653);
#2201=AXIS2_PLACEMENT_3D('',#3333,#2654,#2655);
#2202=AXIS2_PLACEMENT_3D('',#3334,#2656,#2657);
#2203=AXIS2_PLACEMENT_3D('',#3335,#2658,#2659);
#2204=AXIS2_PLACEMENT_3D('',#3337,#2660,#2661);
#2205=AXIS2_PLACEMENT_3D('',#3338,#2662,#2663);
#2206=AXIS2_PLACEMENT_3D('',#3344,#2667,#2668);
#2207=AXIS2_PLACEMENT_3D('',#3348,#2670,#2671);
#2208=AXIS2_PLACEMENT_3D('',#3349,#2672,#2673);
#2209=AXIS2_PLACEMENT_3D('',#3350,#2674,#2675);
#2210=AXIS2_PLACEMENT_3D('',#3354,#2677,#2678);
#2211=AXIS2_PLACEMENT_3D('',#3355,#2679,#2680);
#2212=AXIS2_PLACEMENT_3D('',#3356,#2681,#2682);
#2213=AXIS2_PLACEMENT_3D('',#3357,#2683,#2684);
#2214=AXIS2_PLACEMENT_3D('',#3359,#2685,#2686);
#2215=AXIS2_PLACEMENT_3D('',#3361,#2687,#2688);
#2216=AXIS2_PLACEMENT_3D('',#3363,#2689,#2690);
#2217=AXIS2_PLACEMENT_3D('',#3366,#2692,#2693);
#2218=AXIS2_PLACEMENT_3D('',#3367,#2694,#2695);
#2219=AXIS2_PLACEMENT_3D('',#3368,#2696,#2697);
#2220=AXIS2_PLACEMENT_3D('',#3369,#2698,#2699);
#2221=AXIS2_PLACEMENT_3D('',#3371,#2701,#2702);
#2222=AXIS2_PLACEMENT_3D('',#3373,#2704,#2705);
#2223=AXIS2_PLACEMENT_3D('',#3375,#2707,#2708);
#2224=AXIS2_PLACEMENT_3D('',#3376,#2709,#2710);
#2225=AXIS2_PLACEMENT_3D('',#3377,#2711,#2712);
#2226=AXIS2_PLACEMENT_3D('',#3379,#2713,#2714);
#2227=AXIS2_PLACEMENT_3D('',#3380,#2715,#2716);
#2228=AXIS2_PLACEMENT_3D('',#3382,#2718,#2719);
#2229=AXIS2_PLACEMENT_3D('',#3385,#2722,#2723);
#2230=AXIS2_PLACEMENT_3D('',#3387,#2725,#2726);
#2231=AXIS2_PLACEMENT_3D('',#3388,#2727,#2728);
#2232=AXIS2_PLACEMENT_3D('',#3391,#2731,#2732);
#2233=AXIS2_PLACEMENT_3D('',#3396,#2736,#2737);
#2234=AXIS2_PLACEMENT_3D('',#3399,#2740,#2741);
#2235=AXIS2_PLACEMENT_3D('',#3401,#2743,#2744);
#2236=AXIS2_PLACEMENT_3D('',#3403,#2746,#2747);
#2237=AXIS2_PLACEMENT_3D('',#3405,#2749,#2750);
#2238=AXIS2_PLACEMENT_3D('',#3407,#2752,#2753);
#2239=AXIS2_PLACEMENT_3D('',#3409,#2755,#2756);
#2240=AXIS2_PLACEMENT_3D('',#3413,#2759,#2760);
#2241=AXIS2_PLACEMENT_3D('',#3415,#2762,#2763);
#2242=AXIS2_PLACEMENT_3D('',#3417,#2765,#2766);
#2243=AXIS2_PLACEMENT_3D('',#3419,#2768,#2769);
#2244=AXIS2_PLACEMENT_3D('',#3421,#2771,#2772);
#2245=AXIS2_PLACEMENT_3D('',#3423,#2774,#2775);
#2246=AXIS2_PLACEMENT_3D('',#3425,#2777,#2778);
#2247=AXIS2_PLACEMENT_3D('',#3427,#2780,#2781);
#2248=AXIS2_PLACEMENT_3D('',#3428,#2782,#2783);
#2249=AXIS2_PLACEMENT_3D('',#3430,#2785,#2786);
#2250=AXIS2_PLACEMENT_3D('',#3432,#2788,#2789);
#2251=AXIS2_PLACEMENT_3D('',#3434,#2791,#2792);
#2252=AXIS2_PLACEMENT_3D('',#3436,#2794,#2795);
#2253=AXIS2_PLACEMENT_3D('',#3438,#2797,#2798);
#2254=AXIS2_PLACEMENT_3D('',#3440,#2800,#2801);
#2255=AXIS2_PLACEMENT_3D('',#3442,#2803,#2804);
#2256=AXIS2_PLACEMENT_3D('',#3443,#2805,#2806);
#2257=AXIS2_PLACEMENT_3D('',#3446,#2809,#2810);
#2258=AXIS2_PLACEMENT_3D('',#3448,#2812,#2813);
#2259=AXIS2_PLACEMENT_3D('',#3450,#2815,#2816);
#2260=AXIS2_PLACEMENT_3D('',#3452,#2818,#2819);
#2261=AXIS2_PLACEMENT_3D('',#3454,#2821,#2822);
#2262=AXIS2_PLACEMENT_3D('',#3455,#2823,#2824);
#2263=AXIS2_PLACEMENT_3D('',#3456,#2825,#2826);
#2264=AXIS2_PLACEMENT_3D('',#3460,#2828,#2829);
#2265=AXIS2_PLACEMENT_3D('',#3464,#2831,#2832);
#2266=AXIS2_PLACEMENT_3D('',#3465,#2833,#2834);
#2267=AXIS2_PLACEMENT_3D('',#3469,#2836,#2837);
#2268=AXIS2_PLACEMENT_3D('',#3470,#2838,#2839);
#2269=AXIS2_PLACEMENT_3D('',#3471,#2840,#2841);
#2270=AXIS2_PLACEMENT_3D('',#3472,#2842,#2843);
#2271=AXIS2_PLACEMENT_3D('',#3473,#2844,#2845);
#2272=AXIS2_PLACEMENT_3D('',#3474,#2846,#2847);
#2273=AXIS2_PLACEMENT_3D('',#3475,#2848,#2849);
#2274=AXIS2_PLACEMENT_3D('',#3477,#2850,#2851);
#2275=AXIS2_PLACEMENT_3D('',#3479,#2852,#2853);
#2276=AXIS2_PLACEMENT_3D('',#3482,#2856,#2857);
#2277=AXIS2_PLACEMENT_3D('',#3483,#2858,#2859);
#2278=AXIS2_PLACEMENT_3D('',#3486,#2860,#2861);
#2279=AXIS2_PLACEMENT_3D('',#3489,#2863,#2864);
#2280=AXIS2_PLACEMENT_3D('',#3490,#2865,#2866);
#2281=AXIS2_PLACEMENT_3D('',#3491,#2867,#2868);
#2282=AXIS2_PLACEMENT_3D('',#3493,#2870,#2871);
#2283=AXIS2_PLACEMENT_3D('',#3495,#2873,#2874);
#2284=AXIS2_PLACEMENT_3D('',#3497,#2876,#2877);
#2285=AXIS2_PLACEMENT_3D('',#3498,#2878,#2879);
#2286=AXIS2_PLACEMENT_3D('',#3502,#2881,#2882);
#2287=AXIS2_PLACEMENT_3D('',#3506,#2884,#2885);
#2288=AXIS2_PLACEMENT_3D('',#3507,#2886,#2887);
#2289=AXIS2_PLACEMENT_3D('',#3510,#2890,#2891);
#2290=AXIS2_PLACEMENT_3D('',#3514,#2893,#2894);
#2291=AXIS2_PLACEMENT_3D('',#3515,#2895,#2896);
#2292=AXIS2_PLACEMENT_3D('',#3516,#2897,#2898);
#2293=AXIS2_PLACEMENT_3D('',#3517,#2899,#2900);
#2294=AXIS2_PLACEMENT_3D('',#3519,#2901,#2902);
#2295=AXIS2_PLACEMENT_3D('',#3521,#2903,#2904);
#2296=AXIS2_PLACEMENT_3D('',#3522,#2905,#2906);
#2297=AXIS2_PLACEMENT_3D('',#3523,#2907,#2908);
#2298=AXIS2_PLACEMENT_3D('',#3524,#2909,#2910);
#2299=AXIS2_PLACEMENT_3D('',#3525,#2911,#2912);
#2300=AXIS2_PLACEMENT_3D('',#3527,#2913,#2914);
#2301=AXIS2_PLACEMENT_3D('',#3529,#2915,#2916);
#2302=AXIS2_PLACEMENT_3D('',#3532,#2918,#2919);
#2303=AXIS2_PLACEMENT_3D('',#3533,#2920,#2921);
#2304=AXIS2_PLACEMENT_3D('',#3535,#2923,#2924);
#2305=AXIS2_PLACEMENT_3D('',#3537,#2926,#2927);
#2306=AXIS2_PLACEMENT_3D('',#3539,#2929,#2930);
#2307=AXIS2_PLACEMENT_3D('',#3540,#2931,#2932);
#2308=AXIS2_PLACEMENT_3D('',#3541,#2933,#2934);
#2309=AXIS2_PLACEMENT_3D('',#3543,#2935,#2936);
#2310=AXIS2_PLACEMENT_3D('',#3544,#2937,#2938);
#2311=AXIS2_PLACEMENT_3D('',#3546,#2939,#2940);
#2312=AXIS2_PLACEMENT_3D('',#3547,#2941,#2942);
#2313=AXIS2_PLACEMENT_3D('',#3549,#2943,#2944);
#2314=AXIS2_PLACEMENT_3D('',#3550,#2945,#2946);
#2315=AXIS2_PLACEMENT_3D('',#3551,#2947,#2948);
#2316=AXIS2_PLACEMENT_3D('',#3552,#2949,#2950);
#2317=AXIS2_PLACEMENT_3D('',#3553,#2951,#2952);
#2318=AXIS2_PLACEMENT_3D('',#3555,#2953,#2954);
#2319=AXIS2_PLACEMENT_3D('',#3556,#2955,#2956);
#2320=AXIS2_PLACEMENT_3D('',#3558,#2957,#2958);
#2321=AXIS2_PLACEMENT_3D('',#3559,#2959,#2960);
#2322=AXIS2_PLACEMENT_3D('',#3561,#2961,#2962);
#2323=AXIS2_PLACEMENT_3D('',#3562,#2963,#2964);
#2324=AXIS2_PLACEMENT_3D('',#3563,#2965,#2966);
#2325=DIRECTION('',(0.,0.,1.));
#2326=DIRECTION('',(1.,0.,0.));
#2327=DIRECTION('',(0.,-1.,0.));
#2328=DIRECTION('',(0.5,0.,0.866025403784439));
#2329=DIRECTION('',(0.,1.,0.));
#2330=DIRECTION('',(0.,0.,-1.));
#2331=DIRECTION('',(0.,-1.,0.));
#2332=DIRECTION('',(0.,0.,-1.));
#2333=DIRECTION('',(0.,-1.,0.));
#2334=DIRECTION('',(0.,0.,-1.));
#2335=DIRECTION('',(0.,-1.,0.));
#2336=DIRECTION('',(0.,0.,-1.));
#2337=DIRECTION('',(-1.,0.,-1.0547118733939E-15));
#2338=DIRECTION('',(0.,-1.,0.));
#2339=DIRECTION('',(0.866025403784439,0.,-0.5));
#2340=DIRECTION('',(0.5,0.,0.866025403784439));
#2341=DIRECTION('',(0.,-1.,0.));
#2342=DIRECTION('',(0.866025403784439,0.,-0.5));
#2343=DIRECTION('',(0.5,0.,-0.866025403784438));
#2344=DIRECTION('',(0.,-1.,0.));
#2345=DIRECTION('',(0.866025403784439,0.,-0.5));
#2346=DIRECTION('',(0.5,0.,-0.866025403784438));
#2347=DIRECTION('',(0.5,0.,-0.866025403784439));
#2348=DIRECTION('',(0.5,0.,-0.866025403784438));
#2349=DIRECTION('',(-0.5,0.,0.866025403784439));
#2350=DIRECTION('',(0.5,0.,-0.866025403784438));
#2351=DIRECTION('',(0.,-1.,0.));
#2352=DIRECTION('',(0.866025403784439,0.,-0.5));
#2353=DIRECTION('',(0.,-1.,0.));
#2354=DIRECTION('',(0.866025403784439,0.,-0.5));
#2355=DIRECTION('',(0.5,0.,-0.866025403784438));
#2356=DIRECTION('',(0.,-1.,0.));
#2357=DIRECTION('',(0.866025403784439,0.,-0.5));
#2358=DIRECTION('',(0.5,0.,0.866025403784439));
#2359=DIRECTION('',(0.,-1.,0.));
#2360=DIRECTION('',(0.866025403784439,0.,-0.5));
#2361=DIRECTION('',(0.,-1.,0.));
#2362=DIRECTION('',(0.866025403784439,0.,-0.5));
#2363=DIRECTION('',(0.5,0.,0.866025403784439));
#2364=DIRECTION('',(0.5,0.,0.866025403784439));
#2365=DIRECTION('',(0.5,0.,0.866025403784439));
#2366=DIRECTION('',(-0.5,0.,-0.866025403784439));
#2367=DIRECTION('',(0.5,0.,0.866025403784439));
#2368=DIRECTION('',(0.,-1.,0.));
#2369=DIRECTION('',(0.866025403784439,0.,-0.5));
#2370=DIRECTION('',(0.,-1.,0.));
#2371=DIRECTION('',(0.866025403784439,0.,-0.5));
#2372=DIRECTION('',(0.5,0.,0.866025403784439));
#2373=DIRECTION('',(0.,-1.,0.));
#2374=DIRECTION('',(0.866025403784439,0.,-0.5));
#2375=DIRECTION('',(-1.,0.,1.66533453693773E-16));
#2376=DIRECTION('',(0.,-1.,0.));
#2377=DIRECTION('',(0.866025403784439,0.,-0.5));
#2378=DIRECTION('',(0.,-1.,0.));
#2379=DIRECTION('',(0.866025403784439,0.,-0.5));
#2380=DIRECTION('',(-1.,0.,-3.33066907387547E-16));
#2381=DIRECTION('',(-1.,0.,-3.88578058618805E-16));
#2382=DIRECTION('',(-1.,0.,-3.33066907387547E-16));
#2383=DIRECTION('',(1.,0.,3.33066907387547E-16));
#2384=DIRECTION('',(-1.,0.,-3.33066907387547E-16));
#2385=DIRECTION('',(0.,-1.,0.));
#2386=DIRECTION('',(0.866025403784439,0.,-0.5));
#2387=DIRECTION('',(0.,-1.,0.));
#2388=DIRECTION('',(0.866025403784439,0.,-0.5));
#2389=DIRECTION('',(-1.,0.,-1.0547118733939E-15));
#2390=DIRECTION('',(0.,-1.,0.));
#2391=DIRECTION('',(0.866025403784439,0.,-0.5));
#2392=DIRECTION('',(0.5,0.,-0.866025403784438));
#2393=DIRECTION('',(0.,-1.,0.));
#2394=DIRECTION('',(0.866025403784439,0.,-0.5));
#2395=DIRECTION('',(0.,-1.,0.));
#2396=DIRECTION('',(0.866025403784439,0.,-0.5));
#2397=DIRECTION('',(0.,-1.,0.));
#2398=DIRECTION('',(0.,0.,-1.));
#2399=DIRECTION('',(0.,-1.,0.));
#2400=DIRECTION('',(0.,0.,-1.));
#2401=DIRECTION('',(0.,-1.,0.));
#2402=DIRECTION('',(0.5,0.,0.866025403784439));
#2403=DIRECTION('',(0.,-1.,0.));
#2404=DIRECTION('',(0.,0.,-1.));
#2405=DIRECTION('',(0.,-1.,0.));
#2406=DIRECTION('',(0.,0.,-1.));
#2407=DIRECTION('',(0.,-1.,0.));
#2408=DIRECTION('',(0.,0.,-1.));
#2409=DIRECTION('',(0.,-1.,0.));
#2410=DIRECTION('',(0.,0.,-1.));
#2411=DIRECTION('',(0.,-1.,0.));
#2412=DIRECTION('',(0.,0.,-1.));
#2413=DIRECTION('',(0.,-1.,0.));
#2414=DIRECTION('',(0.,0.,-1.));
#2415=DIRECTION('',(-1.,0.,-1.0547118733939E-15));
#2416=DIRECTION('',(0.,-1.,0.));
#2417=DIRECTION('',(0.866025403784439,0.,-0.5));
#2418=DIRECTION('',(0.5,0.,-0.866025403784438));
#2419=DIRECTION('',(0.,-1.,0.));
#2420=DIRECTION('',(0.866025403784439,0.,-0.5));
#2421=DIRECTION('',(0.5,0.,0.866025403784439));
#2422=DIRECTION('',(0.,-1.,0.));
#2423=DIRECTION('',(0.866025403784439,0.,-0.5));
#2424=DIRECTION('',(0.5,0.,-0.866025403784438));
#2425=DIRECTION('',(0.,-1.,0.));
#2426=DIRECTION('',(0.866025403784439,0.,-0.5));
#2427=DIRECTION('',(0.,-1.,0.));
#2428=DIRECTION('',(0.866025403784439,0.,-0.5));
#2429=DIRECTION('',(0.5,0.,-0.866025403784438));
#2430=DIRECTION('',(0.,-1.,0.));
#2431=DIRECTION('',(0.866025403784439,0.,-0.5));
#2432=DIRECTION('',(-1.,0.,-1.0547118733939E-15));
#2433=DIRECTION('',(0.,-1.,0.));
#2434=DIRECTION('',(0.866025403784439,0.,-0.5));
#2435=DIRECTION('',(0.,-1.,0.));
#2436=DIRECTION('',(0.866025403784439,0.,-0.5));
#2437=DIRECTION('',(-1.,0.,-3.33066907387547E-16));
#2438=DIRECTION('',(-3.33066907387547E-16,0.,1.));
#2439=DIRECTION('',(0.707106781186548,0.,-0.707106781186548));
#2440=DIRECTION('',(1.,0.,3.33066907387547E-16));
#2441=DIRECTION('',(-3.33066907387547E-16,0.,1.));
#2442=DIRECTION('',(-1.,0.,-3.33066907387547E-16));
#2443=DIRECTION('',(-3.88578058618805E-16,0.,1.));
#2444=DIRECTION('',(-1.,0.,-3.88578058618805E-16));
#2445=DIRECTION('',(-0.707106781186547,0.,-0.707106781186548));
#2446=DIRECTION('',(-3.88578058618805E-16,0.,1.));
#2447=DIRECTION('',(-1.,0.,-3.33066907387547E-16));
#2448=DIRECTION('',(0.,-1.,0.));
#2449=DIRECTION('',(0.866025403784439,0.,-0.5));
#2450=DIRECTION('',(0.,-1.,0.));
#2451=DIRECTION('',(0.866025403784439,0.,-0.5));
#2452=DIRECTION('',(-1.,0.,1.66533453693773E-16));
#2453=DIRECTION('',(0.,-1.,0.));
#2454=DIRECTION('',(0.866025403784439,0.,-0.5));
#2455=DIRECTION('',(0.5,0.,0.866025403784439));
#2456=DIRECTION('',(0.,-1.,0.));
#2457=DIRECTION('',(0.866025403784439,0.,-0.5));
#2458=DIRECTION('',(0.,-1.,0.));
#2459=DIRECTION('',(0.866025403784439,0.,-0.5));
#2460=DIRECTION('',(0.5,0.,0.866025403784439));
#2461=DIRECTION('',(0.866025403784439,0.,-0.5));
#2462=DIRECTION('',(-0.965925826289068,0.,-0.258819045102521));
#2463=DIRECTION('',(-0.5,0.,-0.866025403784439));
#2464=DIRECTION('',(0.866025403784439,0.,-0.5));
#2465=DIRECTION('',(0.5,0.,0.866025403784439));
#2466=DIRECTION('',(0.866025403784439,0.,-0.5));
#2467=DIRECTION('',(0.5,0.,0.866025403784439));
#2468=DIRECTION('',(-0.258819045102522,0.,0.965925826289068));
#2469=DIRECTION('',(0.866025403784439,0.,-0.5));
#2470=DIRECTION('',(0.5,0.,0.866025403784439));
#2471=DIRECTION('',(0.,-1.,0.));
#2472=DIRECTION('',(0.866025403784439,0.,-0.5));
#2473=DIRECTION('',(0.,-1.,0.));
#2474=DIRECTION('',(0.866025403784439,0.,-0.5));
#2475=DIRECTION('',(0.5,0.,0.866025403784439));
#2476=DIRECTION('',(0.,-1.,0.));
#2477=DIRECTION('',(0.866025403784439,0.,-0.5));
#2478=DIRECTION('',(0.5,0.,-0.866025403784438));
#2479=DIRECTION('',(0.,-1.,0.));
#2480=DIRECTION('',(0.866025403784439,0.,-0.5));
#2481=DIRECTION('',(0.,-1.,0.));
#2482=DIRECTION('',(0.866025403784439,0.,-0.5));
#2483=DIRECTION('',(0.5,0.,-0.866025403784438));
#2484=DIRECTION('',(-0.866025403784439,0.,-0.5));
#2485=DIRECTION('',(0.258819045102521,0.,0.965925826289068));
#2486=DIRECTION('',(-0.5,0.,0.866025403784439));
#2487=DIRECTION('',(-0.866025403784439,0.,-0.5));
#2488=DIRECTION('',(0.5,0.,-0.866025403784438));
#2489=DIRECTION('',(-0.866025403784439,0.,-0.5));
#2490=DIRECTION('',(0.5,0.,-0.866025403784439));
#2491=DIRECTION('',(0.965925826289068,0.,-0.258819045102521));
#2492=DIRECTION('',(-0.866025403784439,0.,-0.5));
#2493=DIRECTION('',(0.866025403784438,0.,0.5));
#2494=DIRECTION('',(0.5,0.,-0.866025403784438));
#2495=DIRECTION('',(0.353553390593274,0.707106781186548,-0.612372435695795));
#2496=DIRECTION('',(0.,-1.,0.));
#2497=DIRECTION('',(0.,1.,0.));
#2498=DIRECTION('',(0.866025403784438,0.,0.5));
#2499=DIRECTION('',(0.5,0.,-0.866025403784438));
#2500=DIRECTION('',(0.,-1.,0.));
#2501=DIRECTION('',(0.,-1.,0.));
#2502=DIRECTION('',(0.866025403784439,0.,0.5));
#2503=DIRECTION('',(0.5,0.,-0.866025403784439));
#2504=DIRECTION('',(0.5,0.,-0.866025403784439));
#2505=DIRECTION('',(0.,-1.,0.));
#2506=DIRECTION('',(0.,-1.,0.));
#2507=DIRECTION('',(0.5,0.,-0.866025403784439));
#2508=DIRECTION('',(-0.866025403784439,0.,-0.5));
#2509=DIRECTION('',(-0.5,0.,0.866025403784439));
#2510=DIRECTION('',(0.866025403784439,0.,0.5));
#2511=DIRECTION('',(0.5,0.,-0.866025403784439));
#2512=DIRECTION('',(-0.5,0.,0.866025403784439));
#2513=DIRECTION('',(0.866025403784439,0.,0.5));
#2514=DIRECTION('',(0.5,0.,-0.866025403784439));
#2515=DIRECTION('',(-0.866025403784439,0.,-0.5));
#2516=DIRECTION('',(-0.5,0.,0.866025403784439));
#2517=DIRECTION('',(0.866025403784439,0.,0.5));
#2518=DIRECTION('',(0.5,0.,-0.866025403784439));
#2519=DIRECTION('',(-0.5,0.,0.866025403784439));
#2520=DIRECTION('',(0.866025403784439,0.,0.5));
#2521=DIRECTION('',(-0.5,0.,0.866025403784439));
#2522=DIRECTION('',(0.,-1.,0.));
#2523=DIRECTION('',(-0.5,0.,0.866025403784439));
#2524=DIRECTION('',(0.866025403784439,0.,0.5));
#2525=DIRECTION('',(-0.5,0.,0.866025403784439));
#2526=DIRECTION('',(0.866025403784439,0.,0.5));
#2527=DIRECTION('',(-0.5,0.,0.866025403784439));
#2528=DIRECTION('',(0.866025403784439,0.,0.5));
#2529=DIRECTION('',(0.,-1.,0.));
#2530=DIRECTION('',(0.,1.,0.));
#2531=DIRECTION('',(-0.5,0.,0.866025403784439));
#2532=DIRECTION('',(0.866025403784439,0.,0.5));
#2533=DIRECTION('',(0.5,0.,-0.866025403784439));
#2534=DIRECTION('',(-0.866025403784439,0.,-0.5));
#2535=DIRECTION('',(-0.5,0.,0.866025403784439));
#2536=DIRECTION('',(0.866025403784439,0.,0.5));
#2537=DIRECTION('',(-0.5,0.,0.866025403784439));
#2538=DIRECTION('',(0.866025403784439,0.,0.5));
#2539=DIRECTION('',(0.5,0.,-0.866025403784439));
#2540=DIRECTION('',(-0.866025403784439,0.,-0.5));
#2541=DIRECTION('',(-0.5,0.,0.866025403784439));
#2542=DIRECTION('',(0.866025403784439,0.,0.5));
#2543=DIRECTION('',(-0.5,0.,0.866025403784439));
#2544=DIRECTION('',(0.,-1.,0.));
#2545=DIRECTION('',(-0.866025403784439,0.,-0.5));
#2546=DIRECTION('',(-0.5,0.,0.866025403784439));
#2547=DIRECTION('',(0.,1.,0.));
#2548=DIRECTION('',(-0.5,0.,0.866025403784439));
#2549=DIRECTION('',(0.,-1.,0.));
#2550=DIRECTION('',(-0.5,0.,0.866025403784439));
#2551=DIRECTION('',(0.866025403784439,0.,0.5));
#2552=DIRECTION('',(-0.5,0.,0.866025403784439));
#2553=DIRECTION('',(0.5,0.,-0.866025403784439));
#2554=DIRECTION('',(-0.866025403784439,0.,-0.5));
#2555=DIRECTION('',(-0.5,0.,0.866025403784439));
#2556=DIRECTION('',(0.866025403784439,0.,0.5));
#2557=DIRECTION('',(-0.5,0.,0.866025403784439));
#2558=DIRECTION('',(0.866025403784439,0.,0.5));
#2559=DIRECTION('',(-0.5,0.,0.866025403784439));
#2560=DIRECTION('',(0.5,0.,-0.866025403784439));
#2561=DIRECTION('',(-0.866025403784439,0.,-0.5));
#2562=DIRECTION('',(-0.5,0.,0.866025403784439));
#2563=DIRECTION('',(0.866025403784439,0.,0.5));
#2564=DIRECTION('',(0.5,0.,-0.866025403784439));
#2565=DIRECTION('',(0.,-1.,0.));
#2566=DIRECTION('',(-0.5,0.,0.866025403784439));
#2567=DIRECTION('',(0.866025403784439,0.,0.5));
#2568=DIRECTION('',(0.5,0.,-0.866025403784439));
#2569=DIRECTION('',(-0.866025403784439,0.,-0.5));
#2570=DIRECTION('',(0.5,0.,-0.866025403784439));
#2571=DIRECTION('',(-0.866025403784439,0.,-0.5));
#2572=DIRECTION('',(0.5,0.,-0.866025403784439));
#2573=DIRECTION('',(-0.866025403784439,0.,-0.5));
#2574=DIRECTION('',(0.,-1.,0.));
#2575=DIRECTION('',(-0.5,0.,0.866025403784439));
#2576=DIRECTION('',(0.866025403784439,0.,0.5));
#2577=DIRECTION('',(0.5,0.,-0.866025403784439));
#2578=DIRECTION('',(-0.866025403784439,0.,-0.5));
#2579=DIRECTION('',(-0.5,0.,0.866025403784439));
#2580=DIRECTION('',(0.866025403784439,0.,0.5));
#2581=DIRECTION('',(0.965925826289068,0.,-0.258819045102521));
#2582=DIRECTION('',(0.,1.,0.));
#2583=DIRECTION('',(-0.258819045102521,-4.9065389333868E-15,-0.965925826289068));
#2584=DIRECTION('',(-0.5,0.,0.866025403784439));
#2585=DIRECTION('',(0.866025403784439,0.,0.5));
#2586=DIRECTION('',(0.891795103963609,0.337235541796661,-0.301618437592347));
#2587=DIRECTION('',(-0.5,0.,0.866025403784439));
#2588=DIRECTION('',(0.866025403784439,0.,0.5));
#2589=DIRECTION('',(0.965191701241382,-0.0346136186594821,-0.25924289239642));
#2590=DIRECTION('',(-0.5,0.,0.866025403784439));
#2591=DIRECTION('',(0.866025403784439,0.,0.5));
#2592=DIRECTION('',(-0.5,0.,0.866025403784439));
#2593=DIRECTION('',(0.866025403784439,0.,0.5));
#2594=DIRECTION('',(-0.5,0.,0.866025403784439));
#2595=DIRECTION('',(0.866025403784439,0.,0.5));
#2596=DIRECTION('',(0.5,0.,-0.866025403784439));
#2597=DIRECTION('',(0.,-1.,0.));
#2598=DIRECTION('',(-0.258819045102521,0.,-0.965925826289068));
#2599=DIRECTION('',(0.,-1.,0.));
#2600=DIRECTION('',(0.965925826289068,4.9065389333868E-15,-0.258819045102521));
#2601=DIRECTION('',(0.5,0.,-0.866025403784439));
#2602=DIRECTION('',(-0.866025403784439,0.,-0.5));
#2603=DIRECTION('',(-0.184688322777063,-0.337235541796661,-0.923126433799243));
#2604=DIRECTION('',(0.353553390593274,-0.707106781186548,-0.612372435695795));
#2605=DIRECTION('',(0.5,0.,-0.866025403784439));
#2606=DIRECTION('',(-0.866025403784439,0.,-0.5));
#2607=DIRECTION('',(-0.258084920054836,0.0346136186594821,-0.965501978995168));
#2608=DIRECTION('',(0.5,0.,-0.866025403784439));
#2609=DIRECTION('',(-0.866025403784439,0.,-0.5));
#2610=DIRECTION('',(2.77555756156289E-16,0.,-1.));
#2611=DIRECTION('',(-1.,0.,-2.77555756156289E-16));
#2612=DIRECTION('',(-0.707106781186548,0.707106781186548,-4.44089209850063E-16));
#2613=DIRECTION('',(0.,-1.,0.));
#2614=DIRECTION('',(0.,1.,0.));
#2615=DIRECTION('',(2.77555756156289E-16,0.,-1.));
#2616=DIRECTION('',(-1.,0.,-2.77555756156289E-16));
#2617=DIRECTION('',(0.,-1.,0.));
#2618=DIRECTION('',(0.,-1.,0.));
#2619=DIRECTION('',(3.88578058618805E-16,0.,-1.));
#2620=DIRECTION('',(-1.,0.,-3.88578058618805E-16));
#2621=DIRECTION('',(-1.,0.,-3.88578058618805E-16));
#2622=DIRECTION('',(0.,-1.,0.));
#2623=DIRECTION('',(0.,-1.,0.));
#2624=DIRECTION('',(-1.,0.,-3.88578058618805E-16));
#2625=DIRECTION('',(-3.88578058618805E-16,0.,1.));
#2626=DIRECTION('',(1.,0.,3.88578058618805E-16));
#2627=DIRECTION('',(3.88578058618805E-16,0.,-1.));
#2628=DIRECTION('',(-1.,0.,-3.88578058618805E-16));
#2629=DIRECTION('',(1.,0.,3.88578058618805E-16));
#2630=DIRECTION('',(3.88578058618805E-16,0.,-1.));
#2631=DIRECTION('',(-1.,0.,-3.88578058618805E-16));
#2632=DIRECTION('',(-3.88578058618805E-16,0.,1.));
#2633=DIRECTION('',(1.,0.,3.88578058618805E-16));
#2634=DIRECTION('',(3.88578058618805E-16,0.,-1.));
#2635=DIRECTION('',(-1.,0.,-3.88578058618805E-16));
#2636=DIRECTION('',(1.,0.,3.88578058618805E-16));
#2637=DIRECTION('',(3.88578058618805E-16,0.,-1.));
#2638=DIRECTION('',(1.,0.,3.88578058618805E-16));
#2639=DIRECTION('',(0.,-1.,0.));
#2640=DIRECTION('',(1.,0.,3.88578058618805E-16));
#2641=DIRECTION('',(3.88578058618805E-16,0.,-1.));
#2642=DIRECTION('',(1.,0.,3.88578058618805E-16));
#2643=DIRECTION('',(3.88578058618805E-16,0.,-1.));
#2644=DIRECTION('',(1.,0.,3.88578058618805E-16));
#2645=DIRECTION('',(3.88578058618805E-16,0.,-1.));
#2646=DIRECTION('',(0.,-1.,0.));
#2647=DIRECTION('',(0.,1.,0.));
#2648=DIRECTION('',(1.,0.,3.88578058618805E-16));
#2649=DIRECTION('',(3.88578058618805E-16,0.,-1.));
#2650=DIRECTION('',(-1.,0.,-3.88578058618805E-16));
#2651=DIRECTION('',(-3.88578058618805E-16,0.,1.));
#2652=DIRECTION('',(1.,0.,3.88578058618805E-16));
#2653=DIRECTION('',(3.88578058618805E-16,0.,-1.));
#2654=DIRECTION('',(1.,0.,3.88578058618805E-16));
#2655=DIRECTION('',(3.88578058618805E-16,0.,-1.));
#2656=DIRECTION('',(-1.,0.,-3.88578058618805E-16));
#2657=DIRECTION('',(-3.88578058618805E-16,0.,1.));
#2658=DIRECTION('',(1.,0.,3.88578058618805E-16));
#2659=DIRECTION('',(3.88578058618805E-16,0.,-1.));
#2660=DIRECTION('',(1.,0.,3.88578058618805E-16));
#2661=DIRECTION('',(0.,-1.,0.));
#2662=DIRECTION('',(-3.33066907387547E-16,0.,1.));
#2663=DIRECTION('',(1.,0.,3.33066907387547E-16));
#2664=DIRECTION('',(0.,1.,0.));
#2665=DIRECTION('',(1.,0.,3.33066907387547E-16));
#2666=DIRECTION('',(0.,-1.,0.));
#2667=DIRECTION('',(1.,0.,3.33066907387547E-16));
#2668=DIRECTION('',(3.33066907387547E-16,0.,-1.));
#2669=DIRECTION('',(1.,0.,3.33066907387547E-16));
#2670=DIRECTION('',(-1.,0.,-3.88578058618805E-16));
#2671=DIRECTION('',(-3.88578058618805E-16,0.,1.));
#2672=DIRECTION('',(1.,0.,3.33066907387547E-16));
#2673=DIRECTION('',(3.33066907387547E-16,0.,-1.));
#2674=DIRECTION('',(1.,0.,3.33066907387547E-16));
#2675=DIRECTION('',(3.33066907387547E-16,0.,-1.));
#2676=DIRECTION('',(1.,0.,3.33066907387547E-16));
#2677=DIRECTION('',(-1.,0.,-3.88578058618805E-16));
#2678=DIRECTION('',(-3.88578058618805E-16,0.,1.));
#2679=DIRECTION('',(1.,0.,3.33066907387547E-16));
#2680=DIRECTION('',(3.33066907387547E-16,0.,-1.));
#2681=DIRECTION('',(-1.,0.,-3.33066907387547E-16));
#2682=DIRECTION('',(0.,-1.,0.));
#2683=DIRECTION('',(1.,0.,3.33066907387547E-16));
#2684=DIRECTION('',(3.33066907387547E-16,0.,-1.));
#2685=DIRECTION('',(-1.,0.,-3.33066907387547E-16));
#2686=DIRECTION('',(-3.33066907387547E-16,0.,1.));
#2687=DIRECTION('',(-1.,0.,-3.33066907387547E-16));
#2688=DIRECTION('',(-3.33066907387547E-16,0.,1.));
#2689=DIRECTION('',(-1.,0.,-3.33066907387547E-16));
#2690=DIRECTION('',(-3.33066907387547E-16,0.,1.));
#2691=DIRECTION('',(0.,-1.,0.));
#2692=DIRECTION('',(1.,0.,3.33066907387547E-16));
#2693=DIRECTION('',(3.33066907387547E-16,0.,-1.));
#2694=DIRECTION('',(-1.,0.,-3.88578058618805E-16));
#2695=DIRECTION('',(-3.88578058618805E-16,0.,1.));
#2696=DIRECTION('',(1.,0.,3.33066907387547E-16));
#2697=DIRECTION('',(3.33066907387547E-16,0.,-1.));
#2698=DIRECTION('',(-0.707106781186548,0.,-0.707106781186548));
#2699=DIRECTION('',(0.,1.,0.));
#2700=DIRECTION('',(-0.707106781186548,-4.9065389333868E-15,0.707106781186548));
#2701=DIRECTION('',(1.,0.,3.88578058618805E-16));
#2702=DIRECTION('',(3.88578058618805E-16,0.,-1.));
#2703=DIRECTION('',(-0.707106781186548,0.337235541796661,-0.621507996206897));
#2704=DIRECTION('',(1.,0.,3.88578058618805E-16));
#2705=DIRECTION('',(3.88578058618805E-16,0.,-1.));
#2706=DIRECTION('',(-0.707106781186547,-0.0346136186594821,-0.706259086598748));
#2707=DIRECTION('',(1.,0.,3.88578058618805E-16));
#2708=DIRECTION('',(3.88578058618805E-16,0.,-1.));
#2709=DIRECTION('',(1.,0.,3.33066907387547E-16));
#2710=DIRECTION('',(3.33066907387547E-16,0.,-1.));
#2711=DIRECTION('',(1.,0.,3.33066907387547E-16));
#2712=DIRECTION('',(3.33066907387547E-16,0.,-1.));
#2713=DIRECTION('',(-1.,0.,-3.33066907387547E-16));
#2714=DIRECTION('',(0.,-1.,0.));
#2715=DIRECTION('',(-0.707106781186548,0.,0.707106781186547));
#2716=DIRECTION('',(0.,-1.,0.));
#2717=DIRECTION('',(-0.707106781186547,4.9065389333868E-15,-0.707106781186548));
#2718=DIRECTION('',(-1.,0.,-3.88578058618805E-16));
#2719=DIRECTION('',(-3.88578058618805E-16,0.,1.));
#2720=DIRECTION('',(-0.707106781186547,-0.337235541796661,0.621507996206898));
#2721=DIRECTION('',(-0.707106781186548,-0.707106781186548,-4.44089209850063E-16));
#2722=DIRECTION('',(-1.,0.,-3.88578058618805E-16));
#2723=DIRECTION('',(-3.88578058618805E-16,0.,1.));
#2724=DIRECTION('',(-0.707106781186547,0.0346136186594821,0.706259086598747));
#2725=DIRECTION('',(-1.,0.,-3.88578058618805E-16));
#2726=DIRECTION('',(-3.88578058618805E-16,0.,1.));
#2727=DIRECTION('',(-0.866025403784439,0.,0.5));
#2728=DIRECTION('',(0.5,0.,0.866025403784439));
#2729=DIRECTION('',(0.,-1.,0.));
#2730=DIRECTION('',(0.,-1.,0.));
#2731=DIRECTION('',(-0.866025403784439,0.,0.5));
#2732=DIRECTION('',(0.5,0.,0.866025403784439));
#2733=DIRECTION('',(0.353553390593274,0.707106781186548,0.612372435695795));
#2734=DIRECTION('',(0.,-1.,0.));
#2735=DIRECTION('',(0.,1.,0.));
#2736=DIRECTION('',(0.,1.,0.));
#2737=DIRECTION('',(-0.866025403784439,0.,0.5));
#2738=DIRECTION('',(0.,1.,0.));
#2739=DIRECTION('',(0.,1.,0.));
#2740=DIRECTION('',(0.866025403784438,0.,0.5));
#2741=DIRECTION('',(0.5,0.,-0.866025403784438));
#2742=DIRECTION('',(0.,1.,0.));
#2743=DIRECTION('',(0.,1.,0.));
#2744=DIRECTION('',(-0.866025403784439,0.,0.5));
#2745=DIRECTION('',(0.,1.,0.));
#2746=DIRECTION('',(-0.866025403784439,0.,0.5));
#2747=DIRECTION('',(0.5,0.,0.866025403784439));
#2748=DIRECTION('',(0.,1.,0.));
#2749=DIRECTION('',(0.,1.,0.));
#2750=DIRECTION('',(-0.866025403784439,0.,0.5));
#2751=DIRECTION('',(0.,1.,0.));
#2752=DIRECTION('',(0.,1.,0.));
#2753=DIRECTION('',(-0.866025403784439,0.,0.5));
#2754=DIRECTION('',(0.,1.,0.));
#2755=DIRECTION('',(-0.866025403784439,0.,0.5));
#2756=DIRECTION('',(0.5,0.,0.866025403784439));
#2757=DIRECTION('',(0.,-1.,0.));
#2758=DIRECTION('',(0.353553390593274,-0.707106781186548,0.612372435695795));
#2759=DIRECTION('',(0.,1.,0.));
#2760=DIRECTION('',(-0.866025403784439,0.,0.5));
#2761=DIRECTION('',(0.,1.,0.));
#2762=DIRECTION('',(0.,1.,0.));
#2763=DIRECTION('',(-0.866025403784439,0.,0.5));
#2764=DIRECTION('',(0.,1.,0.));
#2765=DIRECTION('',(-0.866025403784439,0.,0.5));
#2766=DIRECTION('',(0.5,0.,0.866025403784439));
#2767=DIRECTION('',(0.,1.,0.));
#2768=DIRECTION('',(0.,1.,0.));
#2769=DIRECTION('',(-0.866025403784439,0.,0.5));
#2770=DIRECTION('',(0.,1.,0.));
#2771=DIRECTION('',(-1.11022302462516E-16,0.,-1.));
#2772=DIRECTION('',(-1.,0.,1.11022302462516E-16));
#2773=DIRECTION('',(0.,1.,0.));
#2774=DIRECTION('',(0.,1.,0.));
#2775=DIRECTION('',(-0.866025403784439,0.,0.5));
#2776=DIRECTION('',(0.,1.,0.));
#2777=DIRECTION('',(0.,1.,0.));
#2778=DIRECTION('',(-0.866025403784439,0.,0.5));
#2779=DIRECTION('',(0.,1.,0.));
#2780=DIRECTION('',(2.77555756156289E-16,0.,-1.));
#2781=DIRECTION('',(-1.,0.,-2.77555756156289E-16));
#2782=DIRECTION('',(0.,1.,0.));
#2783=DIRECTION('',(-0.866025403784439,0.,0.5));
#2784=DIRECTION('',(0.,1.,0.));
#2785=DIRECTION('',(0.,1.,0.));
#2786=DIRECTION('',(-0.866025403784439,0.,0.5));
#2787=DIRECTION('',(0.,1.,0.));
#2788=DIRECTION('',(1.0547118733939E-15,0.,-1.));
#2789=DIRECTION('',(-1.,0.,-1.0547118733939E-15));
#2790=DIRECTION('',(0.,1.,0.));
#2791=DIRECTION('',(0.,1.,0.));
#2792=DIRECTION('',(-0.866025403784439,0.,0.5));
#2793=DIRECTION('',(0.,1.,0.));
#2794=DIRECTION('',(0.866025403784438,0.,0.5));
#2795=DIRECTION('',(0.5,0.,-0.866025403784438));
#2796=DIRECTION('',(0.,1.,0.));
#2797=DIRECTION('',(0.,1.,0.));
#2798=DIRECTION('',(-0.866025403784439,0.,0.5));
#2799=DIRECTION('',(0.,1.,0.));
#2800=DIRECTION('',(0.,1.,0.));
#2801=DIRECTION('',(-0.866025403784439,0.,0.5));
#2802=DIRECTION('',(0.,1.,0.));
#2803=DIRECTION('',(0.866025403784438,0.,0.5));
#2804=DIRECTION('',(0.5,0.,-0.866025403784438));
#2805=DIRECTION('',(1.0547118733939E-15,0.,-1.));
#2806=DIRECTION('',(-1.,0.,-1.0547118733939E-15));
#2807=DIRECTION('',(0.,1.,0.));
#2808=DIRECTION('',(0.,1.,0.));
#2809=DIRECTION('',(0.,1.,0.));
#2810=DIRECTION('',(-0.866025403784439,0.,0.5));
#2811=DIRECTION('',(0.,1.,0.));
#2812=DIRECTION('',(-0.866025403784439,0.,0.5));
#2813=DIRECTION('',(0.5,0.,0.866025403784439));
#2814=DIRECTION('',(0.,1.,0.));
#2815=DIRECTION('',(0.,1.,0.));
#2816=DIRECTION('',(-0.866025403784439,0.,0.5));
#2817=DIRECTION('',(0.,1.,0.));
#2818=DIRECTION('',(0.866025403784438,0.,0.5));
#2819=DIRECTION('',(0.5,0.,-0.866025403784438));
#2820=DIRECTION('',(0.,1.,0.));
#2821=DIRECTION('',(0.,1.,0.));
#2822=DIRECTION('',(-0.866025403784439,0.,0.5));
#2823=DIRECTION('',(0.,1.,0.));
#2824=DIRECTION('',(-0.866025403784439,0.,0.5));
#2825=DIRECTION('',(0.5,0.,0.866025403784439));
#2826=DIRECTION('',(0.866025403784439,0.,-0.5));
#2827=DIRECTION('',(0.5,0.,0.866025403784439));
#2828=DIRECTION('',(-0.5,0.,-0.866025403784439));
#2829=DIRECTION('',(-0.866025403784439,0.,0.5));
#2830=DIRECTION('',(0.5,0.,0.866025403784439));
#2831=DIRECTION('',(-0.5,0.,-0.866025403784439));
#2832=DIRECTION('',(-0.866025403784439,0.,0.5));
#2833=DIRECTION('',(0.5,0.,0.866025403784439));
#2834=DIRECTION('',(0.866025403784439,0.,-0.5));
#2835=DIRECTION('',(0.5,0.,0.866025403784439));
#2836=DIRECTION('',(-0.5,0.,-0.866025403784439));
#2837=DIRECTION('',(-0.866025403784439,0.,0.5));
#2838=DIRECTION('',(-0.5,0.,-0.866025403784439));
#2839=DIRECTION('',(-0.866025403784439,0.,0.5));
#2840=DIRECTION('',(0.5,0.,0.866025403784439));
#2841=DIRECTION('',(0.866025403784439,0.,-0.5));
#2842=DIRECTION('',(-0.5,0.,-0.866025403784439));
#2843=DIRECTION('',(-0.866025403784439,0.,0.5));
#2844=DIRECTION('',(-0.5,0.,-0.866025403784439));
#2845=DIRECTION('',(-0.866025403784439,0.,0.5));
#2846=DIRECTION('',(0.5,0.,0.866025403784439));
#2847=DIRECTION('',(0.866025403784439,0.,-0.5));
#2848=DIRECTION('',(-0.5,0.,-0.866025403784439));
#2849=DIRECTION('',(-0.866025403784439,0.,0.5));
#2850=DIRECTION('',(-0.5,0.,-0.866025403784439));
#2851=DIRECTION('',(-0.866025403784439,0.,0.5));
#2852=DIRECTION('',(-0.866025403784439,0.,0.5));
#2853=DIRECTION('',(0.5,0.,0.866025403784439));
#2854=DIRECTION('',(0.,-1.,0.));
#2855=DIRECTION('',(0.,-1.,0.));
#2856=DIRECTION('',(-0.5,0.,-0.866025403784439));
#2857=DIRECTION('',(0.,-1.,0.));
#2858=DIRECTION('',(-0.5,0.,-0.866025403784439));
#2859=DIRECTION('',(-0.866025403784439,0.,0.5));
#2860=DIRECTION('',(-0.5,0.,-0.866025403784439));
#2861=DIRECTION('',(-0.866025403784439,0.,0.5));
#2862=DIRECTION('',(0.,1.,0.));
#2863=DIRECTION('',(-0.5,0.,-0.866025403784439));
#2864=DIRECTION('',(-0.866025403784439,0.,0.5));
#2865=DIRECTION('',(-0.5,0.,-0.866025403784439));
#2866=DIRECTION('',(0.,-1.,0.));
#2867=DIRECTION('',(0.965925826289068,0.,0.258819045102522));
#2868=DIRECTION('',(0.,-1.,0.));
#2869=DIRECTION('',(-0.258819045102522,4.9065389333868E-15,0.965925826289068));
#2870=DIRECTION('',(0.5,0.,0.866025403784439));
#2871=DIRECTION('',(0.866025403784439,0.,-0.5));
#2872=DIRECTION('',(0.965191701241382,0.0346136186594821,0.259242892396421));
#2873=DIRECTION('',(0.5,0.,0.866025403784439));
#2874=DIRECTION('',(0.866025403784439,0.,-0.5));
#2875=DIRECTION('',(0.89179510396361,-0.337235541796661,0.301618437592346));
#2876=DIRECTION('',(0.5,0.,0.866025403784439));
#2877=DIRECTION('',(0.866025403784439,0.,-0.5));
#2878=DIRECTION('',(-0.5,0.,-0.866025403784439));
#2879=DIRECTION('',(-0.866025403784439,0.,0.5));
#2880=DIRECTION('',(-0.5,0.,-0.866025403784439));
#2881=DIRECTION('',(0.5,0.,0.866025403784439));
#2882=DIRECTION('',(0.866025403784439,0.,-0.5));
#2883=DIRECTION('',(-0.5,0.,-0.866025403784439));
#2884=DIRECTION('',(-0.5,0.,-0.866025403784439));
#2885=DIRECTION('',(-0.866025403784439,0.,0.5));
#2886=DIRECTION('',(0.866025403784439,0.,-0.5));
#2887=DIRECTION('',(-0.5,0.,-0.866025403784439));
#2888=DIRECTION('',(0.,1.,0.));
#2889=DIRECTION('',(0.,-1.,0.));
#2890=DIRECTION('',(-0.5,0.,-0.866025403784439));
#2891=DIRECTION('',(-0.866025403784439,0.,0.5));
#2892=DIRECTION('',(-0.5,0.,-0.866025403784439));
#2893=DIRECTION('',(0.5,0.,0.866025403784439));
#2894=DIRECTION('',(0.866025403784439,0.,-0.5));
#2895=DIRECTION('',(-0.5,0.,-0.866025403784439));
#2896=DIRECTION('',(-0.866025403784439,0.,0.5));
#2897=DIRECTION('',(-0.5,0.,-0.866025403784439));
#2898=DIRECTION('',(-0.866025403784439,0.,0.5));
#2899=DIRECTION('',(-0.5,0.,-0.866025403784439));
#2900=DIRECTION('',(-0.866025403784439,0.,0.5));
#2901=DIRECTION('',(-0.5,0.,-0.866025403784439));
#2902=DIRECTION('',(-0.866025403784439,0.,0.5));
#2903=DIRECTION('',(-0.5,0.,-0.866025403784439));
#2904=DIRECTION('',(-0.866025403784439,0.,0.5));
#2905=DIRECTION('',(0.5,0.,0.866025403784439));
#2906=DIRECTION('',(0.866025403784439,0.,-0.5));
#2907=DIRECTION('',(-0.5,0.,-0.866025403784439));
#2908=DIRECTION('',(-0.866025403784439,0.,0.5));
#2909=DIRECTION('',(0.5,0.,0.866025403784439));
#2910=DIRECTION('',(0.,-1.,0.));
#2911=DIRECTION('',(0.5,0.,0.866025403784439));
#2912=DIRECTION('',(0.866025403784439,0.,-0.5));
#2913=DIRECTION('',(0.5,0.,0.866025403784439));
#2914=DIRECTION('',(0.866025403784439,0.,-0.5));
#2915=DIRECTION('',(0.5,0.,0.866025403784439));
#2916=DIRECTION('',(0.866025403784439,0.,-0.5));
#2917=DIRECTION('',(0.,-1.,0.));
#2918=DIRECTION('',(0.5,0.,0.866025403784439));
#2919=DIRECTION('',(0.,-1.,0.));
#2920=DIRECTION('',(-0.258819045102521,0.,0.965925826289068));
#2921=DIRECTION('',(0.,1.,0.));
#2922=DIRECTION('',(0.965925826289068,-4.9065389333868E-15,0.258819045102521));
#2923=DIRECTION('',(-0.5,0.,-0.866025403784439));
#2924=DIRECTION('',(-0.866025403784439,0.,0.5));
#2925=DIRECTION('',(-0.258084920054836,-0.0346136186594821,0.965501978995168));
#2926=DIRECTION('',(-0.5,0.,-0.866025403784439));
#2927=DIRECTION('',(-0.866025403784439,0.,0.5));
#2928=DIRECTION('',(-0.184688322777061,0.337235541796661,0.923126433799243));
#2929=DIRECTION('',(-0.5,0.,-0.866025403784439));
#2930=DIRECTION('',(-0.866025403784439,0.,0.5));
#2931=DIRECTION('',(0.,-1.,0.));
#2932=DIRECTION('',(0.,0.,-1.));
#2933=DIRECTION('',(0.,-1.,0.));
#2934=DIRECTION('',(0.,0.,-1.));
#2935=DIRECTION('',(0.,-1.,0.));
#2936=DIRECTION('',(0.,0.,-1.));
#2937=DIRECTION('',(0.,-1.,0.));
#2938=DIRECTION('',(0.,0.,-1.));
#2939=DIRECTION('',(0.,-1.,0.));
#2940=DIRECTION('',(0.,0.,-1.));
#2941=DIRECTION('',(0.,-1.,0.));
#2942=DIRECTION('',(0.,0.,-1.));
#2943=DIRECTION('',(0.,1.,0.));
#2944=DIRECTION('',(0.,0.,1.));
#2945=DIRECTION('',(0.,1.,0.));
#2946=DIRECTION('',(0.,0.,1.));
#2947=DIRECTION('',(0.,1.,0.));
#2948=DIRECTION('',(0.,0.,1.));
#2949=DIRECTION('',(0.,-1.,0.));
#2950=DIRECTION('',(0.,0.,-1.));
#2951=DIRECTION('',(0.,-1.,0.));
#2952=DIRECTION('',(0.,0.,-1.));
#2953=DIRECTION('',(0.,-1.,0.));
#2954=DIRECTION('',(0.,0.,-1.));
#2955=DIRECTION('',(0.,-1.,0.));
#2956=DIRECTION('',(0.,0.,-1.));
#2957=DIRECTION('',(0.,-1.,0.));
#2958=DIRECTION('',(0.,0.,-1.));
#2959=DIRECTION('',(0.,-1.,0.));
#2960=DIRECTION('',(0.,0.,-1.));
#2961=DIRECTION('',(0.,1.,0.));
#2962=DIRECTION('',(0.,0.,1.));
#2963=DIRECTION('',(0.,1.,0.));
#2964=DIRECTION('',(0.,0.,1.));
#2965=DIRECTION('',(0.,1.,0.));
#2966=DIRECTION('',(0.,0.,1.));
#2967=CARTESIAN_POINT('',(0.,0.,0.));
#2968=CARTESIAN_POINT('',(-0.009959292143521,-0.073,0.00575));
#2969=CARTESIAN_POINT('',(-0.01962,-0.073,-0.00705268317950225));
#2970=CARTESIAN_POINT('',(-0.01962,-0.073,-0.00870268317950225));
#2971=CARTESIAN_POINT('',(-2.16840434497101E-19,-0.073,0.022));
#2972=CARTESIAN_POINT('',(-2.16840434497101E-19,-0.073,0.02045));
#2973=CARTESIAN_POINT('',(-0.00505,-0.073,0.012));
#2974=CARTESIAN_POINT('',(-0.00505,-0.073,0.01045));
#2975=CARTESIAN_POINT('',(0.00505,-0.073,0.012));
#2976=CARTESIAN_POINT('',(0.00505,-0.073,0.01045));
#2977=CARTESIAN_POINT('',(-6.93889390390723E-18,-0.073,0.0075));
#2978=CARTESIAN_POINT('',(0.00779422863405995,-0.073,0.0075));
#2979=CARTESIAN_POINT('',(-0.00779422863405996,-0.073,0.0075));
#2980=CARTESIAN_POINT('',(0.00779422863405995,-0.073,0.0045));
#2981=CARTESIAN_POINT('',(0.0103923048454133,-0.073,0.003));
#2982=CARTESIAN_POINT('',(0.00649519052838329,-0.073,-0.00375));
#2983=CARTESIAN_POINT('',(0.00259807621135332,-0.073,-0.0105));
#2984=CARTESIAN_POINT('',(9.97465998686664E-18,-0.073,-0.009));
#2985=CARTESIAN_POINT('',(-0.00259807621135331,-0.073,-0.0105));
#2986=CARTESIAN_POINT('',(-0.00649519052838329,-0.073,-0.00375));
#2987=CARTESIAN_POINT('',(-0.0103923048454133,-0.073,0.003));
#2988=CARTESIAN_POINT('',(-0.00779422863405996,-0.073,0.0045));
#2989=CARTESIAN_POINT('',(-0.0325201812759764,-0.073,-0.00567339375865882));
#2990=CARTESIAN_POINT('',(-0.0351935750346348,-0.073,-0.0010429399400241));
#2991=CARTESIAN_POINT('',(-0.0341467875173176,-0.073,-0.00285602910474719));
#2992=CARTESIAN_POINT('',(-0.0351467875173176,-0.073,-0.00112397829717831));
#2993=CARTESIAN_POINT('',(-0.0311467875173176,-0.073,-0.00805218152745382));
#2994=CARTESIAN_POINT('',(-0.0325201812759764,-0.073,-0.00567339375865882));
#2995=CARTESIAN_POINT('',(-0.0255467875173176,-0.073,-0.0177516660498395));
#2996=CARTESIAN_POINT('',(-0.0215467875173176,-0.073,-0.024679869280115));
#2997=CARTESIAN_POINT('',(-0.0225467875173176,-0.073,-0.0229478184725461));
#2998=CARTESIAN_POINT('',(-0.0325201812759764,-0.073,-0.00567339375865882));
#2999=CARTESIAN_POINT('',(-0.0185,-0.073,-0.0299570600599757));
#3000=CARTESIAN_POINT('',(-0.0346602540378445,-0.073,-0.039287187078898));
#3001=CARTESIAN_POINT('',(-0.016,-0.073,-0.039287187078898));
#3002=CARTESIAN_POINT('',(0.00266025403784466,-0.073,-0.0392871870788979));
#3003=CARTESIAN_POINT('',(-0.0134999999999998,-0.073,-0.0486173140978201));
#3004=CARTESIAN_POINT('',(-0.0123791651245987,-0.073,-0.0505586570489102));
#3005=CARTESIAN_POINT('',(-0.0112583302491977,-0.073,-0.0525));
#3006=CARTESIAN_POINT('',(1.7347234759768E-17,-0.073,-0.046));
#3007=CARTESIAN_POINT('',(0.0112583302491976,-0.073,-0.0525));
#3008=CARTESIAN_POINT('',(0.0123791651245988,-0.073,-0.0505586570489102));
#3009=CARTESIAN_POINT('',(0.0134999999999998,-0.073,-0.0486173140978201));
#3010=CARTESIAN_POINT('',(-0.00266025403784445,-0.073,-0.039287187078898));
#3011=CARTESIAN_POINT('',(0.0160000000000003,-0.073,-0.0392871870788978));
#3012=CARTESIAN_POINT('',(0.0346602540378446,-0.073,-0.0392871870788978));
#3013=CARTESIAN_POINT('',(0.0185,-0.073,-0.0299570600599756));
#3014=CARTESIAN_POINT('',(0.0268467875173177,-0.073,-0.0155));
#3015=CARTESIAN_POINT('',(0.0195467875173176,-0.073,-0.0281439708952528));
#3016=CARTESIAN_POINT('',(0.0185467875173176,-0.073,-0.0298760217028217));
#3017=CARTESIAN_POINT('',(0.0225467875173176,-0.073,-0.0229478184725461));
#3018=CARTESIAN_POINT('',(0.0268467875173177,-0.073,-0.0155));
#3019=CARTESIAN_POINT('',(0.0281467875173176,-0.073,-0.0132483339501604));
#3020=CARTESIAN_POINT('',(0.0321467875173176,-0.073,-0.00632013071988492));
#3021=CARTESIAN_POINT('',(0.0311467875173176,-0.073,-0.0080521815274538));
#3022=CARTESIAN_POINT('',(0.0268467875173177,-0.073,-0.0155));
#3023=CARTESIAN_POINT('',(0.0351935750346351,-0.073,-0.00104293994002416));
#3024=CARTESIAN_POINT('',(0.0513538290724795,-0.073,-0.0103730669589464));
#3025=CARTESIAN_POINT('',(0.0420237020535574,-0.073,0.00578718707889788));
#3026=CARTESIAN_POINT('',(0.0326935750346353,-0.073,0.0219474411167422));
#3027=CARTESIAN_POINT('',(0.0488538290724795,-0.073,0.0126173140978202));
#3028=CARTESIAN_POINT('',(0.0499746639478807,-0.073,0.0145586570489102));
#3029=CARTESIAN_POINT('',(0.051095498823282,-0.073,0.0165));
#3030=CARTESIAN_POINT('',(0.0398371685740843,-0.073,0.023));
#3031=CARTESIAN_POINT('',(0.0398371685740843,-0.073,0.036));
#3032=CARTESIAN_POINT('',(0.0375954988232819,-0.073,0.036));
#3033=CARTESIAN_POINT('',(0.0353538290724795,-0.073,0.036));
#3034=CARTESIAN_POINT('',(0.0353538290724795,-0.073,0.0173397459621557));
#3035=CARTESIAN_POINT('',(0.0260237020535574,-0.073,0.0335));
#3036=CARTESIAN_POINT('',(0.0166935750346352,-0.073,0.0496602540378443));
#3037=CARTESIAN_POINT('',(0.0166935750346352,-0.073,0.031));
#3038=CARTESIAN_POINT('',(-1.56125112837912E-17,-0.073,0.031));
#3039=CARTESIAN_POINT('',(0.0146,-0.073,0.031));
#3040=CARTESIAN_POINT('',(0.0166,-0.073,0.031));
#3041=CARTESIAN_POINT('',(0.0086,-0.073,0.031));
#3042=CARTESIAN_POINT('',(-1.56125112837912E-17,-0.073,0.031));
#3043=CARTESIAN_POINT('',(-0.0026,-0.073,0.031));
#3044=CARTESIAN_POINT('',(-0.0106,-0.073,0.031));
#3045=CARTESIAN_POINT('',(-0.0086,-0.073,0.031));
#3046=CARTESIAN_POINT('',(-1.56125112837912E-17,-0.073,0.031));
#3047=CARTESIAN_POINT('',(-0.0166935750346352,-0.073,0.031));
#3048=CARTESIAN_POINT('',(-0.0166935750346352,-0.073,0.0496602540378445));
#3049=CARTESIAN_POINT('',(-0.0260237020535573,-0.073,0.0335));
#3050=CARTESIAN_POINT('',(-0.0353538290724796,-0.073,0.0173397459621555));
#3051=CARTESIAN_POINT('',(-0.0353538290724796,-0.073,0.036));
#3052=CARTESIAN_POINT('',(-0.0375954988232819,-0.073,0.036));
#3053=CARTESIAN_POINT('',(-0.0398371685740842,-0.073,0.036));
#3054=CARTESIAN_POINT('',(-0.0398371685740841,-0.073,0.023));
#3055=CARTESIAN_POINT('',(-0.0510954988232819,-0.073,0.0165));
#3056=CARTESIAN_POINT('',(-0.0499746639478808,-0.073,0.0145586570489101));
#3057=CARTESIAN_POINT('',(-0.0488538290724797,-0.073,0.0126173140978203));
#3058=CARTESIAN_POINT('',(-0.0326935750346353,-0.073,0.0219474411167425));
#3059=CARTESIAN_POINT('',(-0.0420237020535573,-0.073,0.00578718707889804));
#3060=CARTESIAN_POINT('',(-0.0513538290724794,-0.073,-0.0103730669589461));
#3061=CARTESIAN_POINT('',(0.,-0.073,-0.0494085175183939));
#3062=CARTESIAN_POINT('',(0.,-0.073,-0.0510585175183939));
#3063=CARTESIAN_POINT('',(0.01962,-0.073,-0.00705268317950225));
#3064=CARTESIAN_POINT('',(0.01962,-0.073,-0.00870268317950225));
#3065=CARTESIAN_POINT('',(-0.009959292143521,-0.0685,0.00575));
#3066=CARTESIAN_POINT('',(-0.01962,-0.0685,-0.00705268317950225));
#3067=CARTESIAN_POINT('',(-0.01962,-0.0685,-0.0107026831795025));
#3068=CARTESIAN_POINT('',(0.01962,-0.0685,-0.00705268317950225));
#3069=CARTESIAN_POINT('',(0.01962,-0.0685,-0.0107026831795024));
#3070=CARTESIAN_POINT('',(0.,-0.0685,-0.0494085175183939));
#3071=CARTESIAN_POINT('',(0.,-0.0685,-0.0530585175183941));
#3072=CARTESIAN_POINT('',(-2.16840434497101E-19,-0.0685,0.022));
#3073=CARTESIAN_POINT('',(-2.16840434497101E-19,-0.0685,0.01845));
#3074=CARTESIAN_POINT('',(0.00505,-0.0685,0.012));
#3075=CARTESIAN_POINT('',(0.00505,-0.0685,0.00845));
#3076=CARTESIAN_POINT('',(-0.00505,-0.0685,0.012));
#3077=CARTESIAN_POINT('',(-0.00505,-0.0685,0.00845));
#3078=CARTESIAN_POINT('',(-6.93889390390723E-18,-0.0685,0.0075));
#3079=CARTESIAN_POINT('',(0.00779422863405995,-0.0685,0.0075));
#3080=CARTESIAN_POINT('',(-0.00779422863405996,-0.0685,0.0075));
#3081=CARTESIAN_POINT('',(-0.00779422863405996,-0.0685,0.0045));
#3082=CARTESIAN_POINT('',(-0.0103923048454133,-0.0685,0.003));
#3083=CARTESIAN_POINT('',(-0.00649519052838329,-0.0685,-0.00375));
#3084=CARTESIAN_POINT('',(-0.00259807621135331,-0.0685,-0.0105));
#3085=CARTESIAN_POINT('',(9.97465998686664E-18,-0.0685,-0.009));
#3086=CARTESIAN_POINT('',(0.00259807621135332,-0.0685,-0.0105));
#3087=CARTESIAN_POINT('',(0.00649519052838329,-0.0685,-0.00375));
#3088=CARTESIAN_POINT('',(0.0103923048454133,-0.0685,0.003));
#3089=CARTESIAN_POINT('',(0.00779422863405995,-0.0685,0.0045));
#3090=CARTESIAN_POINT('',(-0.0325201812759764,-0.0685,-0.00567339375865882));
#3091=CARTESIAN_POINT('',(-0.0351935750346348,-0.0685,-0.0010429399400241));
#3092=CARTESIAN_POINT('',(-0.0351467875173176,-0.0685,-0.00112397829717831));
#3093=CARTESIAN_POINT('',(-0.0513538290724794,-0.0685,-0.0103730669589461));
#3094=CARTESIAN_POINT('',(-0.0420237020535573,-0.0685,0.00578718707889804));
#3095=CARTESIAN_POINT('',(-0.0326935750346353,-0.0685,0.0219474411167425));
#3096=CARTESIAN_POINT('',(-0.0488538290724797,-0.0685,0.0126173140978203));
#3097=CARTESIAN_POINT('',(-0.0499746639478808,-0.0685,0.0145586570489101));
#3098=CARTESIAN_POINT('',(-0.0510954988232819,-0.0685,0.0165));
#3099=CARTESIAN_POINT('',(-0.0398371685740841,-0.0685,0.023));
#3100=CARTESIAN_POINT('',(-0.0398371685740842,-0.0685,0.036));
#3101=CARTESIAN_POINT('',(-0.0375954988232819,-0.0685,0.036));
#3102=CARTESIAN_POINT('',(-0.0353538290724796,-0.0685,0.036));
#3103=CARTESIAN_POINT('',(-0.0353538290724796,-0.0685,0.0173397459621555));
#3104=CARTESIAN_POINT('',(-0.0260237020535573,-0.0685,0.0335));
#3105=CARTESIAN_POINT('',(-0.0166935750346352,-0.0685,0.0496602540378445));
#3106=CARTESIAN_POINT('',(-0.0166935750346352,-0.0685,0.031));
#3107=CARTESIAN_POINT('',(-1.56125112837912E-17,-0.0685,0.031));
#3108=CARTESIAN_POINT('',(-0.0106,-0.0685,0.031));
#3109=CARTESIAN_POINT('',(-0.0106,-0.0685,0.029));
#3110=CARTESIAN_POINT('',(-0.0106,-0.0685,0.029));
#3111=CARTESIAN_POINT('',(0.01495,-0.0685,0.00345));
#3112=CARTESIAN_POINT('',(-0.0086,-0.0685,0.027));
#3113=CARTESIAN_POINT('',(-0.0106,-0.0685,0.027));
#3114=CARTESIAN_POINT('',(-0.0026,-0.0685,0.027));
#3115=CARTESIAN_POINT('',(-0.0026,-0.0685,0.029));
#3116=CARTESIAN_POINT('',(-0.0026,-0.0685,0.031));
#3117=CARTESIAN_POINT('',(-1.56125112837912E-17,-0.0685,0.031));
#3118=CARTESIAN_POINT('',(0.0086,-0.0685,0.031));
#3119=CARTESIAN_POINT('',(0.0086,-0.0685,0.029));
#3120=CARTESIAN_POINT('',(0.0086,-0.0685,0.0269999999999988));
#3121=CARTESIAN_POINT('',(0.0166,-0.0685,0.027));
#3122=CARTESIAN_POINT('',(0.0146,-0.0685,0.027));
#3123=CARTESIAN_POINT('',(-0.01195,-0.0685,0.000450000000000024));
#3124=CARTESIAN_POINT('',(0.0166,-0.0685,0.029));
#3125=CARTESIAN_POINT('',(0.0166,-0.0685,0.029));
#3126=CARTESIAN_POINT('',(0.0166,-0.0685,0.031));
#3127=CARTESIAN_POINT('',(-1.56125112837912E-17,-0.0685,0.031));
#3128=CARTESIAN_POINT('',(0.0166935750346352,-0.0685,0.031));
#3129=CARTESIAN_POINT('',(0.0166935750346352,-0.0685,0.0496602540378443));
#3130=CARTESIAN_POINT('',(0.0260237020535574,-0.0685,0.0335));
#3131=CARTESIAN_POINT('',(0.0353538290724795,-0.0685,0.0173397459621557));
#3132=CARTESIAN_POINT('',(0.0353538290724795,-0.0685,0.036));
#3133=CARTESIAN_POINT('',(0.0375954988232819,-0.0685,0.036));
#3134=CARTESIAN_POINT('',(0.0398371685740843,-0.0685,0.036));
#3135=CARTESIAN_POINT('',(0.0398371685740843,-0.0685,0.023));
#3136=CARTESIAN_POINT('',(0.051095498823282,-0.0685,0.0165));
#3137=CARTESIAN_POINT('',(0.0499746639478807,-0.0685,0.0145586570489102));
#3138=CARTESIAN_POINT('',(0.0488538290724795,-0.0685,0.0126173140978202));
#3139=CARTESIAN_POINT('',(0.0326935750346353,-0.0685,0.0219474411167422));
#3140=CARTESIAN_POINT('',(0.0420237020535574,-0.0685,0.00578718707889788));
#3141=CARTESIAN_POINT('',(0.0513538290724795,-0.0685,-0.0103730669589464));
#3142=CARTESIAN_POINT('',(0.0351935750346351,-0.0685,-0.00104293994002416));
#3143=CARTESIAN_POINT('',(0.0268467875173177,-0.0685,-0.0155));
#3144=CARTESIAN_POINT('',(0.0321467875173176,-0.0685,-0.00632013071988492));
#3145=CARTESIAN_POINT('',(0.0304147367097487,-0.0685,-0.00532013071988493));
#3146=CARTESIAN_POINT('',(0.0304147367097487,-0.0685,-0.00532013071988493));
#3147=CARTESIAN_POINT('',(-0.00448721235694367,-0.0685,-0.0146720797865773));
#3148=CARTESIAN_POINT('',(0.0276826859021799,-0.0685,-0.0060521815274538));
#3149=CARTESIAN_POINT('',(0.0286826859021799,-0.0685,-0.00432013071988493));
#3150=CARTESIAN_POINT('',(0.0246826859021799,-0.0685,-0.0112483339501604));
#3151=CARTESIAN_POINT('',(0.0264147367097487,-0.0685,-0.0122483339501604));
#3152=CARTESIAN_POINT('',(0.0281467875173176,-0.0685,-0.0132483339501604));
#3153=CARTESIAN_POINT('',(0.0268467875173177,-0.0685,-0.0155));
#3154=CARTESIAN_POINT('',(0.0225467875173176,-0.0685,-0.0229478184725461));
#3155=CARTESIAN_POINT('',(0.0208147367097487,-0.0685,-0.0219478184725461));
#3156=CARTESIAN_POINT('',(0.0190826859021788,-0.0685,-0.0209478184725456));
#3157=CARTESIAN_POINT('',(0.0150826859021799,-0.0685,-0.0278760217028216));
#3158=CARTESIAN_POINT('',(0.0160826859021799,-0.0685,-0.0261439708952528));
#3159=CARTESIAN_POINT('',(0.00636471143170299,-0.0685,0.010124003575224));
#3160=CARTESIAN_POINT('',(0.0168147367097487,-0.0685,-0.0288760217028216));
#3161=CARTESIAN_POINT('',(0.0168147367097487,-0.0685,-0.0288760217028216));
#3162=CARTESIAN_POINT('',(0.0185467875173176,-0.0685,-0.0298760217028217));
#3163=CARTESIAN_POINT('',(0.0268467875173177,-0.0685,-0.0155));
#3164=CARTESIAN_POINT('',(0.0185,-0.0685,-0.0299570600599756));
#3165=CARTESIAN_POINT('',(0.0346602540378446,-0.0685,-0.0392871870788978));
#3166=CARTESIAN_POINT('',(0.0160000000000003,-0.0685,-0.0392871870788978));
#3167=CARTESIAN_POINT('',(-0.00266025403784445,-0.0685,-0.039287187078898));
#3168=CARTESIAN_POINT('',(0.0134999999999998,-0.0685,-0.0486173140978201));
#3169=CARTESIAN_POINT('',(0.0123791651245988,-0.0685,-0.0505586570489102));
#3170=CARTESIAN_POINT('',(0.0112583302491976,-0.0685,-0.0525));
#3171=CARTESIAN_POINT('',(1.7347234759768E-17,-0.0685,-0.046));
#3172=CARTESIAN_POINT('',(-0.0112583302491977,-0.0685,-0.0525));
#3173=CARTESIAN_POINT('',(-0.0123791651245987,-0.0685,-0.0505586570489102));
#3174=CARTESIAN_POINT('',(-0.0134999999999998,-0.0685,-0.0486173140978201));
#3175=CARTESIAN_POINT('',(0.00266025403784466,-0.0685,-0.0392871870788979));
#3176=CARTESIAN_POINT('',(-0.016,-0.0685,-0.039287187078898));
#3177=CARTESIAN_POINT('',(-0.0346602540378445,-0.0685,-0.039287187078898));
#3178=CARTESIAN_POINT('',(-0.0185,-0.0685,-0.0299570600599757));
#3179=CARTESIAN_POINT('',(-0.0325201812759764,-0.0685,-0.00567339375865882));
#3180=CARTESIAN_POINT('',(-0.0215467875173176,-0.0685,-0.024679869280115));
#3181=CARTESIAN_POINT('',(-0.0198147367097487,-0.0685,-0.023679869280115));
#3182=CARTESIAN_POINT('',(-0.0198147367097487,-0.0685,-0.023679869280115));
#3183=CARTESIAN_POINT('',(-0.0104627876430563,-0.0685,0.0112220797865773));
#3184=CARTESIAN_POINT('',(-0.0190826859021799,-0.0685,-0.0209478184725462));
#3185=CARTESIAN_POINT('',(-0.0180826859021798,-0.0685,-0.0226798692801151));
#3186=CARTESIAN_POINT('',(-0.0220826859021798,-0.0685,-0.0157516660498396));
#3187=CARTESIAN_POINT('',(-0.0238147367097487,-0.0685,-0.0167516660498396));
#3188=CARTESIAN_POINT('',(-0.0255467875173176,-0.0685,-0.0177516660498395));
#3189=CARTESIAN_POINT('',(-0.0325201812759764,-0.0685,-0.00567339375865882));
#3190=CARTESIAN_POINT('',(-0.0311467875173176,-0.0685,-0.00805218152745382));
#3191=CARTESIAN_POINT('',(-0.0294147367097487,-0.0685,-0.00705218152745382));
#3192=CARTESIAN_POINT('',(-0.0276826859021788,-0.0685,-0.00605218152745322));
#3193=CARTESIAN_POINT('',(-0.0316826859021798,-0.0685,0.000876021702821687));
#3194=CARTESIAN_POINT('',(-0.0306826859021798,-0.0685,-0.00085602910474719));
#3195=CARTESIAN_POINT('',(0.00558528856829695,-0.0685,-0.010574003575224));
#3196=CARTESIAN_POINT('',(-0.0334147367097487,-0.0685,-0.000123978297178312));
#3197=CARTESIAN_POINT('',(-0.0334147367097487,-0.0685,-0.000123978297178313));
#3198=CARTESIAN_POINT('',(-0.0325201812759764,-0.073,-0.00567339375865882));
#3199=CARTESIAN_POINT('',(-0.0212967875173176,-0.0705,-0.0251128819820073));
#3200=CARTESIAN_POINT('',(-0.0215467875173176,-0.071,-0.024679869280115));
#3201=CARTESIAN_POINT('',(-0.0215467875173176,-0.07075,-0.024679869280115));
#3202=CARTESIAN_POINT('',(-0.0185,-0.073,-0.0299570600599757));
#3203=CARTESIAN_POINT('',(-0.0325201812759764,-0.073,-0.00567339375865882));
#3204=CARTESIAN_POINT('',(-0.0311467875173176,-0.07075,-0.00805218152745382));
#3205=CARTESIAN_POINT('',(-0.0255467875173176,-0.07075,-0.0177516660498395));
#3206=CARTESIAN_POINT('',(-0.0316826859021798,-0.06625,0.000876021702821687));
#3207=CARTESIAN_POINT('',(-0.0316826859021798,-0.064,0.000876021702821687));
#3208=CARTESIAN_POINT('',(-0.0306826859021798,-0.064,-0.00085602910474719));
#3209=CARTESIAN_POINT('',(-0.0276826859021799,-0.064,-0.00605218152745382));
#3210=CARTESIAN_POINT('',(-0.0306826859021798,-0.06625,-0.00085602910474719));
#3211=CARTESIAN_POINT('',(-0.0276826859021799,-0.06625,-0.00605218152745382));
#3212=CARTESIAN_POINT('',(-0.0351467875173176,-0.0705,-0.00112397829717831));
#3213=CARTESIAN_POINT('',(-0.0341467875173176,-0.0705,-0.00285602910474719));
#3214=CARTESIAN_POINT('',(-0.0360497593445257,-0.0716923076923077,-0.00395471040144609));
#3215=CARTESIAN_POINT('',(-0.0370497593445257,-0.0716923076923077,-0.00222265959387721));
#3216=CARTESIAN_POINT('',(-0.0330497593445258,-0.0716923076923077,-0.00915086282415272));
#3217=CARTESIAN_POINT('',(-0.0311467875173176,-0.0705,-0.00805218152745382));
#3218=CARTESIAN_POINT('',(-0.0256319283812768,-0.0645384615384615,0.0043694281863162));
#3219=CARTESIAN_POINT('',(-0.0246319283812768,-0.0645384615384615,0.00263737737874732));
#3220=CARTESIAN_POINT('',(-0.0376067362940597,-0.0638041958041958,-0.00485363146238156));
#3221=CARTESIAN_POINT('',(-0.0386067362940597,-0.0638041958041958,-0.00312158065481268));
#3222=CARTESIAN_POINT('',(-0.0346067362940597,-0.0638041958041958,-0.0100497838850882));
#3223=CARTESIAN_POINT('',(-0.0216319283812768,-0.0645384615384615,-0.00255877504395931));
#3224=CARTESIAN_POINT('',(-0.0351467875173176,-0.051925,-0.00112397829717832));
#3225=CARTESIAN_POINT('',(-0.0351467875173176,-0.064,-0.00112397829717832));
#3226=CARTESIAN_POINT('',(-0.0338477494116409,-0.064,-0.000373978297178316));
#3227=CARTESIAN_POINT('',(-0.0256319283812768,-0.0645384615384615,0.0043694281863162));
#3228=CARTESIAN_POINT('',(-0.0368767619056876,-0.063902097902098,-0.00212277947599489));
#3229=CARTESIAN_POINT('',(-0.0355273818827592,-0.0707384615384615,-0.00134371455651809));
#3230=CARTESIAN_POINT('',(-0.0351467875173176,-0.0705,-0.00112397829717831));
#3231=CARTESIAN_POINT('',(-0.0351467875173176,-0.071,-0.00112397829717831));
#3232=CARTESIAN_POINT('',(-0.0351467875173176,-0.07075,-0.00112397829717831));
#3233=CARTESIAN_POINT('',(-0.0334147367097487,-0.051925,-0.000123978297178312));
#3234=CARTESIAN_POINT('',(-0.0334147367097487,-0.064,-0.000123978297178312));
#3235=CARTESIAN_POINT('',(-0.0351467875173165,-0.064,-0.00112397829717772));
#3236=CARTESIAN_POINT('',(-0.0351467875173165,-0.064,-0.00112397829717772));
#3237=CARTESIAN_POINT('',(-0.0341467875173165,-0.064,-0.0028560291047466));
#3238=CARTESIAN_POINT('',(-0.0311467875173165,-0.064,-0.00805218152745323));
#3239=CARTESIAN_POINT('',(-0.0351467875173176,-0.064,-0.00112397829717832));
#3240=CARTESIAN_POINT('',(-0.0311467875173176,-0.064,-0.00805218152745382));
#3241=CARTESIAN_POINT('',(-0.0298477494116409,-0.064,-0.00730218152745382));
#3242=CARTESIAN_POINT('',(-0.0311467875173176,-0.051925,-0.00805218152745382));
#3243=CARTESIAN_POINT('',(-0.0180826859021798,-0.06625,-0.0226798692801151));
#3244=CARTESIAN_POINT('',(-0.0190826859021799,-0.064,-0.0209478184725462));
#3245=CARTESIAN_POINT('',(-0.0190826859021799,-0.064,-0.0209478184725462));
#3246=CARTESIAN_POINT('',(-0.0180826859021798,-0.064,-0.0226798692801151));
#3247=CARTESIAN_POINT('',(-0.0220826859021798,-0.064,-0.0157516660498396));
#3248=CARTESIAN_POINT('',(-0.0220826859021798,-0.06625,-0.0157516660498396));
#3249=CARTESIAN_POINT('',(-0.0215467875173176,-0.0705,-0.024679869280115));
#3250=CARTESIAN_POINT('',(-0.0234497593445258,-0.0716923076923077,-0.025778550576814));
#3251=CARTESIAN_POINT('',(-0.0244497593445257,-0.0716923076923077,-0.0240464997692451));
#3252=CARTESIAN_POINT('',(-0.0274497593445258,-0.0716923076923077,-0.0188503473465385));
#3253=CARTESIAN_POINT('',(-0.0225467875173176,-0.0705,-0.0229478184725461));
#3254=CARTESIAN_POINT('',(-0.0255467875173176,-0.0705,-0.0177516660498395));
#3255=CARTESIAN_POINT('',(-0.0120319283812768,-0.0645384615384615,-0.0191864627966206));
#3256=CARTESIAN_POINT('',(-0.0250067362940597,-0.0638041958041958,-0.0266774716377494));
#3257=CARTESIAN_POINT('',(-0.0260067362940597,-0.0638041958041958,-0.0249454208301805));
#3258=CARTESIAN_POINT('',(-0.0290067362940597,-0.0638041958041958,-0.0197492684074739));
#3259=CARTESIAN_POINT('',(-0.0130319283812768,-0.0645384615384615,-0.0174544119890516));
#3260=CARTESIAN_POINT('',(-0.0160319283812768,-0.0645384615384615,-0.012258259566345));
#3261=CARTESIAN_POINT('',(-0.0215467875173176,-0.051925,-0.024679869280115));
#3262=CARTESIAN_POINT('',(-0.0215467875173176,-0.064,-0.024679869280115));
#3263=CARTESIAN_POINT('',(-0.0202477494116409,-0.064,-0.023929869280115));
#3264=CARTESIAN_POINT('',(-0.0215467875173176,-0.0705,-0.024679869280115));
#3265=CARTESIAN_POINT('',(-0.0219273818827592,-0.0707384615384615,-0.0248996055394549));
#3266=CARTESIAN_POINT('',(-0.0120319283812768,-0.0645384615384615,-0.0191864627966206));
#3267=CARTESIAN_POINT('',(-0.0232767619056876,-0.063902097902098,-0.0256786704589317));
#3268=CARTESIAN_POINT('',(-0.0215467875173166,-0.064,-0.0246798692801144));
#3269=CARTESIAN_POINT('',(-0.0198147367097487,-0.064,-0.023679869280115));
#3270=CARTESIAN_POINT('',(-0.0198147367097487,-0.0685,-0.023679869280115));
#3271=CARTESIAN_POINT('',(-0.0215467875173166,-0.064,-0.0246798692801144));
#3272=CARTESIAN_POINT('',(-0.0225467875173165,-0.064,-0.0229478184725455));
#3273=CARTESIAN_POINT('',(-0.0255467875173166,-0.064,-0.0177516660498389));
#3274=CARTESIAN_POINT('',(-0.0198147367097487,-0.051925,-0.023679869280115));
#3275=CARTESIAN_POINT('',(-0.0190826859021799,-0.064,-0.0209478184725462));
#3276=CARTESIAN_POINT('',(-0.0225467875173176,-0.0705,-0.0229478184725461));
#3277=CARTESIAN_POINT('',(-0.0244497593445257,-0.0716923076923077,-0.0240464997692451));
#3278=CARTESIAN_POINT('',(-0.0130319283812768,-0.0645384615384615,-0.0174544119890516));
#3279=CARTESIAN_POINT('',(-0.0260067362940587,-0.0638041958041959,-0.0249454208301799));
#3280=CARTESIAN_POINT('',(-0.0225467875173165,-0.064,-0.0229478184725455));
#3281=CARTESIAN_POINT('',(-0.0215467875173176,-0.064,-0.024679869280115));
#3282=CARTESIAN_POINT('',(-0.0255467875173176,-0.064,-0.0177516660498395));
#3283=CARTESIAN_POINT('',(-0.0242477494116409,-0.064,-0.0170016660498395));
#3284=CARTESIAN_POINT('',(-0.0255467875173176,-0.051925,-0.0177516660498395));
#3285=CARTESIAN_POINT('',(-0.0306826859021798,-0.06625,-0.00085602910474719));
#3286=CARTESIAN_POINT('',(-0.0334147367097487,-0.064,-0.000123978297178312));
#3287=CARTESIAN_POINT('',(-0.0351467875173176,-0.0705,-0.00112397829717831));
#3288=CARTESIAN_POINT('',(-0.0355273818827592,-0.0707384615384615,-0.00134371455651809));
#3289=CARTESIAN_POINT('',(-0.0353967875173176,-0.0705,-0.000690965595286083));
#3290=CARTESIAN_POINT('',(-0.0256319283812768,-0.0645384615384615,0.0043694281863162));
#3291=CARTESIAN_POINT('',(-0.0368767619056876,-0.063902097902098,-0.00212277947599489));
#3292=CARTESIAN_POINT('',(-0.0351467875173165,-0.064,-0.00112397829717772));
#3293=CARTESIAN_POINT('',(-1.56125112837912E-17,-0.073,0.031));
#3294=CARTESIAN_POINT('',(-0.0111,-0.0705,0.031));
#3295=CARTESIAN_POINT('',(-0.0106,-0.071,0.031));
#3296=CARTESIAN_POINT('',(-0.0106,-0.07075,0.031));
#3297=CARTESIAN_POINT('',(-0.0166935750346352,-0.073,0.031));
#3298=CARTESIAN_POINT('',(-1.56125112837912E-17,-0.073,0.031));
#3299=CARTESIAN_POINT('',(0.0086,-0.07075,0.031));
#3300=CARTESIAN_POINT('',(-0.0026,-0.07075,0.031));
#3301=CARTESIAN_POINT('',(0.0166,-0.06625,0.027));
#3302=CARTESIAN_POINT('',(0.0166,-0.064,0.027));
#3303=CARTESIAN_POINT('',(0.0146,-0.064,0.027));
#3304=CARTESIAN_POINT('',(0.0086,-0.064,0.027));
#3305=CARTESIAN_POINT('',(0.0146,-0.06625,0.027));
#3306=CARTESIAN_POINT('',(0.0086,-0.06625,0.027));
#3307=CARTESIAN_POINT('',(0.0166,-0.0705,0.031));
#3308=CARTESIAN_POINT('',(0.0146,-0.0705,0.031));
#3309=CARTESIAN_POINT('',(0.0146,-0.0716923076923077,0.0331973625933978));
#3310=CARTESIAN_POINT('',(0.0166,-0.0716923076923077,0.0331973625933978));
#3311=CARTESIAN_POINT('',(0.0086,-0.0716923076923077,0.0331973625933978));
#3312=CARTESIAN_POINT('',(0.0086,-0.0705,0.031));
#3313=CARTESIAN_POINT('',(0.0166,-0.0645384615384615,0.0200131870330109));
#3314=CARTESIAN_POINT('',(0.0146,-0.0645384615384615,0.0200131870330109));
#3315=CARTESIAN_POINT('',(0.0146,-0.0638041958041958,0.0349952047152687));
#3316=CARTESIAN_POINT('',(0.0166,-0.0638041958041958,0.0349952047152687));
#3317=CARTESIAN_POINT('',(0.0086,-0.0638041958041958,0.0349952047152687));
#3318=CARTESIAN_POINT('',(0.0086,-0.0645384615384615,0.0200131870330109));
#3319=CARTESIAN_POINT('',(0.0166,-0.051925,0.031));
#3320=CARTESIAN_POINT('',(0.0166,-0.064,0.031));
#3321=CARTESIAN_POINT('',(0.0166,-0.064,0.0295));
#3322=CARTESIAN_POINT('',(0.0166,-0.0645384615384615,0.0200131870330109));
#3323=CARTESIAN_POINT('',(0.0166,-0.063902097902098,0.0329976023576331));
#3324=CARTESIAN_POINT('',(0.0166,-0.0707384615384615,0.0314394725186796));
#3325=CARTESIAN_POINT('',(0.0166,-0.0705,0.031));
#3326=CARTESIAN_POINT('',(0.0166,-0.071,0.031));
#3327=CARTESIAN_POINT('',(0.0166,-0.07075,0.031));
#3328=CARTESIAN_POINT('',(0.0166,-0.051925,0.029));
#3329=CARTESIAN_POINT('',(0.0166,-0.064,0.029));
#3330=CARTESIAN_POINT('',(0.0166,-0.064,0.0309999999999988));
#3331=CARTESIAN_POINT('',(0.0166,-0.064,0.0309999999999988));
#3332=CARTESIAN_POINT('',(0.0146,-0.064,0.0309999999999988));
#3333=CARTESIAN_POINT('',(0.0086,-0.064,0.0309999999999988));
#3334=CARTESIAN_POINT('',(0.0166,-0.064,0.031));
#3335=CARTESIAN_POINT('',(0.0086,-0.064,0.031));
#3336=CARTESIAN_POINT('',(0.0086,-0.064,0.0295));
#3337=CARTESIAN_POINT('',(0.0086,-0.051925,0.031));
#3338=CARTESIAN_POINT('',(-0.0106,-0.06625,0.027));
#3339=CARTESIAN_POINT('',(-0.0086,-0.064,0.027));
#3340=CARTESIAN_POINT('',(-0.0086,-0.064,0.027));
#3341=CARTESIAN_POINT('',(-0.0106,-0.064,0.027));
#3342=CARTESIAN_POINT('',(-0.0026,-0.064,0.027));
#3343=CARTESIAN_POINT('',(-0.0026,-0.06625,0.027));
#3344=CARTESIAN_POINT('',(-0.0106,-0.0705,0.031));
#3345=CARTESIAN_POINT('',(-0.0106,-0.0716923076923077,0.0331973625933978));
#3346=CARTESIAN_POINT('',(-0.0086,-0.0716923076923077,0.0331973625933978));
#3347=CARTESIAN_POINT('',(-0.0026,-0.0716923076923077,0.0331973625933978));
#3348=CARTESIAN_POINT('',(-0.0086,-0.0705,0.031));
#3349=CARTESIAN_POINT('',(-0.0026,-0.0705,0.031));
#3350=CARTESIAN_POINT('',(-0.0106,-0.0645384615384615,0.0200131870330109));
#3351=CARTESIAN_POINT('',(-0.0106,-0.0638041958041958,0.0349952047152687));
#3352=CARTESIAN_POINT('',(-0.0086,-0.0638041958041958,0.0349952047152687));
#3353=CARTESIAN_POINT('',(-0.0026,-0.0638041958041958,0.0349952047152687));
#3354=CARTESIAN_POINT('',(-0.0086,-0.0645384615384615,0.0200131870330109));
#3355=CARTESIAN_POINT('',(-0.0026,-0.0645384615384615,0.0200131870330109));
#3356=CARTESIAN_POINT('',(-0.0106,-0.051925,0.031));
#3357=CARTESIAN_POINT('',(-0.0106,-0.064,0.031));
#3358=CARTESIAN_POINT('',(-0.0106,-0.064,0.0295));
#3359=CARTESIAN_POINT('',(-0.0106,-0.0705,0.031));
#3360=CARTESIAN_POINT('',(-0.0106,-0.0707384615384615,0.0314394725186796));
#3361=CARTESIAN_POINT('',(-0.0106,-0.0645384615384615,0.0200131870330109));
#3362=CARTESIAN_POINT('',(-0.0106,-0.063902097902098,0.0329976023576331));
#3363=CARTESIAN_POINT('',(-0.0106,-0.064,0.0309999999999988));
#3364=CARTESIAN_POINT('',(-0.0106,-0.064,0.029));
#3365=CARTESIAN_POINT('',(-0.0106,-0.0685,0.029));
#3366=CARTESIAN_POINT('',(-0.0106,-0.064,0.0309999999999988));
#3367=CARTESIAN_POINT('',(-0.0086,-0.064,0.0309999999999988));
#3368=CARTESIAN_POINT('',(-0.0026,-0.064,0.0309999999999988));
#3369=CARTESIAN_POINT('',(-0.0106,-0.051925,0.029));
#3370=CARTESIAN_POINT('',(-0.0086,-0.064,0.027));
#3371=CARTESIAN_POINT('',(-0.0086,-0.0705,0.031));
#3372=CARTESIAN_POINT('',(-0.0086,-0.0716923076923077,0.0331973625933978));
#3373=CARTESIAN_POINT('',(-0.0086,-0.0645384615384615,0.0200131870330109));
#3374=CARTESIAN_POINT('',(-0.0086,-0.0638041958041959,0.0349952047152675));
#3375=CARTESIAN_POINT('',(-0.0086,-0.064,0.0309999999999988));
#3376=CARTESIAN_POINT('',(-0.0106,-0.064,0.031));
#3377=CARTESIAN_POINT('',(-0.0026,-0.064,0.031));
#3378=CARTESIAN_POINT('',(-0.0026,-0.064,0.0295));
#3379=CARTESIAN_POINT('',(-0.0026,-0.051925,0.031));
#3380=CARTESIAN_POINT('',(0.0146,-0.06625,0.027));
#3381=CARTESIAN_POINT('',(0.0166,-0.064,0.029));
#3382=CARTESIAN_POINT('',(0.0166,-0.0705,0.031));
#3383=CARTESIAN_POINT('',(0.0166,-0.0707384615384615,0.0314394725186796));
#3384=CARTESIAN_POINT('',(0.0171,-0.0705,0.031));
#3385=CARTESIAN_POINT('',(0.0166,-0.0645384615384615,0.0200131870330109));
#3386=CARTESIAN_POINT('',(0.0166,-0.063902097902098,0.0329976023576331));
#3387=CARTESIAN_POINT('',(0.0166,-0.064,0.0309999999999988));
#3388=CARTESIAN_POINT('',(0.0268467875173177,-0.073,-0.0155));
#3389=CARTESIAN_POINT('',(0.0281467875173176,-0.07075,-0.0132483339501604));
#3390=CARTESIAN_POINT('',(0.0225467875173176,-0.07075,-0.0229478184725461));
#3391=CARTESIAN_POINT('',(0.0268467875173177,-0.073,-0.0155));
#3392=CARTESIAN_POINT('',(0.0323967875173176,-0.0705,-0.00588711801799269));
#3393=CARTESIAN_POINT('',(0.0321467875173176,-0.071,-0.00632013071988492));
#3394=CARTESIAN_POINT('',(0.0321467875173176,-0.07075,-0.00632013071988492));
#3395=CARTESIAN_POINT('',(0.0351935750346351,-0.073,-0.00104293994002416));
#3396=CARTESIAN_POINT('',(0.00266025403784466,-0.073,-0.0392871870788979));
#3397=CARTESIAN_POINT('',(-0.0134999999999998,-0.073,-0.0486173140978201));
#3398=CARTESIAN_POINT('',(-0.016,-0.073,-0.039287187078898));
#3399=CARTESIAN_POINT('',(-0.0123791651245987,-0.073,-0.0505586570489102));
#3400=CARTESIAN_POINT('',(-0.0112583302491977,-0.073,-0.0525));
#3401=CARTESIAN_POINT('',(1.7347234759768E-17,-0.073,-0.046));
#3402=CARTESIAN_POINT('',(0.0112583302491976,-0.073,-0.0525));
#3403=CARTESIAN_POINT('',(0.0123791651245988,-0.073,-0.0505586570489102));
#3404=CARTESIAN_POINT('',(0.0134999999999998,-0.073,-0.0486173140978201));
#3405=CARTESIAN_POINT('',(-0.00266025403784445,-0.073,-0.039287187078898));
#3406=CARTESIAN_POINT('',(0.0160000000000003,-0.073,-0.0392871870788978));
#3407=CARTESIAN_POINT('',(0.0346602540378446,-0.073,-0.0392871870788978));
#3408=CARTESIAN_POINT('',(0.0185,-0.073,-0.0299570600599756));
#3409=CARTESIAN_POINT('',(0.0268467875173177,-0.073,-0.0155));
#3410=CARTESIAN_POINT('',(0.0185467875173176,-0.07075,-0.0298760217028217));
#3411=CARTESIAN_POINT('',(0.0185467875173176,-0.071,-0.0298760217028217));
#3412=CARTESIAN_POINT('',(0.0182967875173176,-0.0705,-0.0303090344047139));
#3413=CARTESIAN_POINT('',(0.0513538290724795,-0.073,-0.0103730669589464));
#3414=CARTESIAN_POINT('',(0.0420237020535574,-0.073,0.00578718707889788));
#3415=CARTESIAN_POINT('',(0.0326935750346353,-0.073,0.0219474411167422));
#3416=CARTESIAN_POINT('',(0.0488538290724795,-0.073,0.0126173140978202));
#3417=CARTESIAN_POINT('',(0.0499746639478807,-0.073,0.0145586570489102));
#3418=CARTESIAN_POINT('',(0.051095498823282,-0.073,0.0165));
#3419=CARTESIAN_POINT('',(0.0398371685740843,-0.073,0.023));
#3420=CARTESIAN_POINT('',(0.0398371685740843,-0.073,0.036));
#3421=CARTESIAN_POINT('',(0.0375954988232819,-0.073,0.036));
#3422=CARTESIAN_POINT('',(0.0353538290724795,-0.073,0.036));
#3423=CARTESIAN_POINT('',(0.0353538290724795,-0.073,0.0173397459621557));
#3424=CARTESIAN_POINT('',(0.0260237020535574,-0.073,0.0335));
#3425=CARTESIAN_POINT('',(0.0166935750346352,-0.073,0.0496602540378443));
#3426=CARTESIAN_POINT('',(0.0166935750346352,-0.073,0.031));
#3427=CARTESIAN_POINT('',(-1.56125112837912E-17,-0.073,0.031));
#3428=CARTESIAN_POINT('',(-0.0166935750346352,-0.073,0.0496602540378445));
#3429=CARTESIAN_POINT('',(-0.0260237020535573,-0.073,0.0335));
#3430=CARTESIAN_POINT('',(-0.0353538290724796,-0.073,0.0173397459621555));
#3431=CARTESIAN_POINT('',(-0.0353538290724796,-0.073,0.036));
#3432=CARTESIAN_POINT('',(-0.0375954988232819,-0.073,0.036));
#3433=CARTESIAN_POINT('',(-0.0398371685740842,-0.073,0.036));
#3434=CARTESIAN_POINT('',(-0.0398371685740841,-0.073,0.023));
#3435=CARTESIAN_POINT('',(-0.0510954988232819,-0.073,0.0165));
#3436=CARTESIAN_POINT('',(-0.0499746639478808,-0.073,0.0145586570489101));
#3437=CARTESIAN_POINT('',(-0.0488538290724797,-0.073,0.0126173140978203));
#3438=CARTESIAN_POINT('',(-0.0326935750346353,-0.073,0.0219474411167425));
#3439=CARTESIAN_POINT('',(-0.0420237020535573,-0.073,0.00578718707889804));
#3440=CARTESIAN_POINT('',(-0.0513538290724794,-0.073,-0.0103730669589461));
#3441=CARTESIAN_POINT('',(-0.0351935750346348,-0.073,-0.0010429399400241));
#3442=CARTESIAN_POINT('',(-0.0325201812759764,-0.073,-0.00567339375865882));
#3443=CARTESIAN_POINT('',(-6.93889390390723E-18,-0.073,0.0075));
#3444=CARTESIAN_POINT('',(0.00779422863405995,-0.073,0.0075));
#3445=CARTESIAN_POINT('',(-0.00779422863405996,-0.073,0.0075));
#3446=CARTESIAN_POINT('',(0.00779422863405995,-0.073,0.0045));
#3447=CARTESIAN_POINT('',(0.0103923048454133,-0.073,0.003));
#3448=CARTESIAN_POINT('',(0.00649519052838329,-0.073,-0.00375));
#3449=CARTESIAN_POINT('',(0.00259807621135332,-0.073,-0.0105));
#3450=CARTESIAN_POINT('',(9.97465998686664E-18,-0.073,-0.009));
#3451=CARTESIAN_POINT('',(-0.00259807621135331,-0.073,-0.0105));
#3452=CARTESIAN_POINT('',(-0.00649519052838329,-0.073,-0.00375));
#3453=CARTESIAN_POINT('',(-0.0103923048454133,-0.073,0.003));
#3454=CARTESIAN_POINT('',(-0.00779422863405996,-0.073,0.0045));
#3455=CARTESIAN_POINT('',(-0.0346602540378445,-0.073,-0.039287187078898));
#3456=CARTESIAN_POINT('',(0.0185467875173165,-0.064,-0.0298760217028211));
#3457=CARTESIAN_POINT('',(0.0220067362940597,-0.0638041958041958,-0.0318736240604561));
#3458=CARTESIAN_POINT('',(0.0230067362940597,-0.0638041958041958,-0.0301415732528872));
#3459=CARTESIAN_POINT('',(0.0260067362940597,-0.0638041958041958,-0.0249454208301805));
#3460=CARTESIAN_POINT('',(0.0195467875173166,-0.064,-0.0281439708952522));
#3461=CARTESIAN_POINT('',(0.0160826859021799,-0.064,-0.0261439708952528));
#3462=CARTESIAN_POINT('',(0.0150826859021799,-0.064,-0.0278760217028216));
#3463=CARTESIAN_POINT('',(0.0190826859021799,-0.064,-0.0209478184725462));
#3464=CARTESIAN_POINT('',(0.0225467875173165,-0.064,-0.0229478184725455));
#3465=CARTESIAN_POINT('',(0.00903192838127682,-0.0645384615384615,-0.0243826152193272));
#3466=CARTESIAN_POINT('',(0.0204497593445257,-0.0716923076923077,-0.0309747029995206));
#3467=CARTESIAN_POINT('',(0.0214497593445258,-0.0716923076923077,-0.0292426521919517));
#3468=CARTESIAN_POINT('',(0.0244497593445257,-0.0716923076923077,-0.0240464997692451));
#3469=CARTESIAN_POINT('',(0.0100319283812768,-0.0645384615384615,-0.0226505644117583));
#3470=CARTESIAN_POINT('',(0.0130319283812768,-0.0645384615384615,-0.0174544119890516));
#3471=CARTESIAN_POINT('',(0.0185467875173176,-0.0705,-0.0298760217028217));
#3472=CARTESIAN_POINT('',(0.0195467875173176,-0.0705,-0.0281439708952528));
#3473=CARTESIAN_POINT('',(0.0225467875173176,-0.0705,-0.0229478184725461));
#3474=CARTESIAN_POINT('',(0.0185467875173176,-0.064,-0.0298760217028217));
#3475=CARTESIAN_POINT('',(0.0185467875173176,-0.064,-0.0298760217028217));
#3476=CARTESIAN_POINT('',(0.0172477494116409,-0.064,-0.0291260217028217));
#3477=CARTESIAN_POINT('',(0.0225467875173176,-0.064,-0.0229478184725461));
#3478=CARTESIAN_POINT('',(0.0212477494116409,-0.064,-0.0221978184725461));
#3479=CARTESIAN_POINT('',(0.0150826859021799,-0.06625,-0.0278760217028216));
#3480=CARTESIAN_POINT('',(0.0160826859021799,-0.06625,-0.0261439708952528));
#3481=CARTESIAN_POINT('',(0.0190826859021799,-0.06625,-0.0209478184725462));
#3482=CARTESIAN_POINT('',(0.0185467875173176,-0.051925,-0.0298760217028217));
#3483=CARTESIAN_POINT('',(0.00903192838127682,-0.0645384615384615,-0.0243826152193272));
#3484=CARTESIAN_POINT('',(0.0202767619056876,-0.063902097902098,-0.0308748228816383));
#3485=CARTESIAN_POINT('',(0.0189273818827593,-0.0707384615384615,-0.0300957579621614));
#3486=CARTESIAN_POINT('',(0.0185467875173176,-0.0705,-0.0298760217028217));
#3487=CARTESIAN_POINT('',(0.0168147367097487,-0.051925,-0.0288760217028216));
#3488=CARTESIAN_POINT('',(0.0168147367097487,-0.064,-0.0288760217028216));
#3489=CARTESIAN_POINT('',(0.0185467875173165,-0.064,-0.0298760217028211));
#3490=CARTESIAN_POINT('',(0.0225467875173176,-0.051925,-0.0229478184725461));
#3491=CARTESIAN_POINT('',(0.0160826859021799,-0.06625,-0.0261439708952528));
#3492=CARTESIAN_POINT('',(0.0168147367097487,-0.064,-0.0288760217028216));
#3493=CARTESIAN_POINT('',(0.0185467875173165,-0.064,-0.0298760217028211));
#3494=CARTESIAN_POINT('',(0.0202767619056876,-0.063902097902098,-0.0308748228816383));
#3495=CARTESIAN_POINT('',(0.00903192838127682,-0.0645384615384615,-0.0243826152193272));
#3496=CARTESIAN_POINT('',(0.0189273818827593,-0.0707384615384615,-0.0300957579621614));
#3497=CARTESIAN_POINT('',(0.0185467875173176,-0.0705,-0.0298760217028217));
#3498=CARTESIAN_POINT('',(0.0321467875173166,-0.064,-0.00632013071988433));
#3499=CARTESIAN_POINT('',(0.0286826859021799,-0.064,-0.00432013071988493));
#3500=CARTESIAN_POINT('',(0.0276826859021799,-0.064,-0.0060521815274538));
#3501=CARTESIAN_POINT('',(0.0246826859021799,-0.064,-0.0112483339501604));
#3502=CARTESIAN_POINT('',(0.0311467875173165,-0.064,-0.00805218152745321));
#3503=CARTESIAN_POINT('',(0.0346067362940597,-0.0638041958041958,-0.0100497838850882));
#3504=CARTESIAN_POINT('',(0.0356067362940597,-0.0638041958041958,-0.00831773307751929));
#3505=CARTESIAN_POINT('',(0.0316067362940597,-0.0638041958041958,-0.0152459363077948));
#3506=CARTESIAN_POINT('',(0.0281467875173166,-0.064,-0.0132483339501598));
#3507=CARTESIAN_POINT('',(0.0286826859021799,-0.06625,-0.00432013071988493));
#3508=CARTESIAN_POINT('',(0.0276826859021799,-0.064,-0.0060521815274538));
#3509=CARTESIAN_POINT('',(0.0246826859021799,-0.06625,-0.0112483339501604));
#3510=CARTESIAN_POINT('',(0.0321467875173176,-0.0705,-0.00632013071988492));
#3511=CARTESIAN_POINT('',(0.0340497593445258,-0.0716923076923077,-0.00741881201658382));
#3512=CARTESIAN_POINT('',(0.0330497593445258,-0.0716923076923077,-0.0091508628241527));
#3513=CARTESIAN_POINT('',(0.0300497593445258,-0.0716923076923077,-0.0143470152468593));
#3514=CARTESIAN_POINT('',(0.0311467875173176,-0.0705,-0.0080521815274538));
#3515=CARTESIAN_POINT('',(0.0281467875173176,-0.0705,-0.0132483339501604));
#3516=CARTESIAN_POINT('',(0.0321467875173176,-0.064,-0.00632013071988492));
#3517=CARTESIAN_POINT('',(0.0321467875173176,-0.064,-0.00632013071988492));
#3518=CARTESIAN_POINT('',(0.0308477494116409,-0.064,-0.00557013071988492));
#3519=CARTESIAN_POINT('',(0.0281467875173176,-0.064,-0.0132483339501604));
#3520=CARTESIAN_POINT('',(0.0268477494116409,-0.064,-0.0124983339501604));
#3521=CARTESIAN_POINT('',(0.0226319283812768,-0.0645384615384615,-0.000826724236390417));
#3522=CARTESIAN_POINT('',(0.0216319283812768,-0.0645384615384615,-0.0025587750439593));
#3523=CARTESIAN_POINT('',(0.0186319283812768,-0.0645384615384615,-0.00775492746666593));
#3524=CARTESIAN_POINT('',(0.0321467875173176,-0.051925,-0.00632013071988492));
#3525=CARTESIAN_POINT('',(0.0321467875173176,-0.0705,-0.00632013071988492));
#3526=CARTESIAN_POINT('',(0.0325273818827592,-0.0707384615384615,-0.00653986697922471));
#3527=CARTESIAN_POINT('',(0.0226319283812768,-0.0645384615384615,-0.000826724236390419));
#3528=CARTESIAN_POINT('',(0.0338767619056876,-0.063902097902098,-0.00731893189870151));
#3529=CARTESIAN_POINT('',(0.0321467875173166,-0.064,-0.00632013071988433));
#3530=CARTESIAN_POINT('',(0.0304147367097487,-0.064,-0.00532013071988493));
#3531=CARTESIAN_POINT('',(0.0304147367097487,-0.0685,-0.00532013071988493));
#3532=CARTESIAN_POINT('',(0.0281467875173176,-0.051925,-0.0132483339501604));
#3533=CARTESIAN_POINT('',(0.0304147367097487,-0.051925,-0.00532013071988493));
#3534=CARTESIAN_POINT('',(0.0276826859021799,-0.064,-0.0060521815274538));
#3535=CARTESIAN_POINT('',(0.0311467875173165,-0.064,-0.00805218152745321));
#3536=CARTESIAN_POINT('',(0.0346067362940587,-0.0638041958041959,-0.0100497838850876));
#3537=CARTESIAN_POINT('',(0.0216319283812768,-0.0645384615384615,-0.0025587750439593));
#3538=CARTESIAN_POINT('',(0.0330497593445258,-0.0716923076923077,-0.0091508628241527));
#3539=CARTESIAN_POINT('',(0.0311467875173176,-0.0705,-0.0080521815274538));
#3540=CARTESIAN_POINT('',(0.00505,-0.048,0.012));
#3541=CARTESIAN_POINT('',(0.00505,-0.0705,0.012));
#3542=CARTESIAN_POINT('',(0.00505,-0.0705,0.01045));
#3543=CARTESIAN_POINT('',(-0.00505,-0.048,0.012));
#3544=CARTESIAN_POINT('',(-0.00505,-0.0705,0.012));
#3545=CARTESIAN_POINT('',(-0.00505,-0.0705,0.01045));
#3546=CARTESIAN_POINT('',(-2.16840434497101E-19,-0.048,0.022));
#3547=CARTESIAN_POINT('',(-2.16840434497101E-19,-0.0705,0.022));
#3548=CARTESIAN_POINT('',(-2.16840434497101E-19,-0.0705,0.02045));
#3549=CARTESIAN_POINT('',(-2.16840434497101E-19,-0.0685,0.022));
#3550=CARTESIAN_POINT('',(0.00505,-0.0685,0.012));
#3551=CARTESIAN_POINT('',(-0.00505,-0.0685,0.012));
#3552=CARTESIAN_POINT('',(-0.01962,0.325375356587202,-0.00705268317950225));
#3553=CARTESIAN_POINT('',(-0.01962,-0.0705,-0.00705268317950225));
#3554=CARTESIAN_POINT('',(-0.01962,-0.0705,-0.00870268317950225));
#3555=CARTESIAN_POINT('',(0.,0.325375356587202,-0.0494085175183939));
#3556=CARTESIAN_POINT('',(0.,-0.0705,-0.0494085175183939));
#3557=CARTESIAN_POINT('',(0.,-0.0705,-0.0510585175183939));
#3558=CARTESIAN_POINT('',(0.01962,0.325375356587202,-0.00705268317950225));
#3559=CARTESIAN_POINT('',(0.01962,-0.0705,-0.00705268317950225));
#3560=CARTESIAN_POINT('',(0.01962,-0.0705,-0.00870268317950225));
#3561=CARTESIAN_POINT('',(-0.01962,-0.0705,-0.00705268317950225));
#3562=CARTESIAN_POINT('',(0.01962,-0.0685,-0.00705268317950225));
#3563=CARTESIAN_POINT('',(0.,-0.0685,-0.0494085175183939));
#3564=MECHANICAL_DESIGN_GEOMETRIC_PRESENTATION_REPRESENTATION('',(#2077),
#3565);
#3565=(
GEOMETRIC_REPRESENTATION_CONTEXT(3)
GLOBAL_UNCERTAINTY_ASSIGNED_CONTEXT((#3566))
GLOBAL_UNIT_ASSIGNED_CONTEXT((#3569,#3568,#3567))
REPRESENTATION_CONTEXT('Platform','TOP_LEVEL_ASSEMBLY_PART')
);
#3566=UNCERTAINTY_MEASURE_WITH_UNIT(LENGTH_MEASURE(1.E-8),#3569,
'DISTANCE_ACCURACY_VALUE','Maximum Tolerance applied to model');
#3567=(
NAMED_UNIT(*)
SI_UNIT($,.STERADIAN.)
SOLID_ANGLE_UNIT()
);
#3568=(
NAMED_UNIT(*)
PLANE_ANGLE_UNIT()
SI_UNIT($,.RADIAN.)
);
#3569=(
LENGTH_UNIT()
NAMED_UNIT(*)
SI_UNIT($,.METRE.)
);
#3570=PRODUCT_DEFINITION_SHAPE('','',#3571);
#3571=PRODUCT_DEFINITION('','',#3573,#3572);
#3572=PRODUCT_DEFINITION_CONTEXT('',#3579,'design');
#3573=PRODUCT_DEFINITION_FORMATION_WITH_SPECIFIED_SOURCE('','',#3575,
 .NOT_KNOWN.);
#3574=PRODUCT_RELATED_PRODUCT_CATEGORY('','',(#3575));
#3575=PRODUCT('Platform','Platform','Platform',(#3577));
#3576=PRODUCT_CATEGORY('','');
#3577=PRODUCT_CONTEXT('',#3579,'mechanical');
#3578=APPLICATION_PROTOCOL_DEFINITION('international standard',
'ap242_managed_model_based_3d_engineering',2020,#3579);
#3579=APPLICATION_CONTEXT('managed model based 3d engineering');
ENDSEC;
END-ISO-10303-21;
